match_id,innings,over,ball_in_over,bowler,optimization_score
335982,1,5,6,Z Khan,0.691666666666667
335982,1,8,6,JH Kallis,0.30000000000000004
335982,1,12,6,JH Kallis,0.6882352941176467
335982,1,15,6,AA Noffke,4.45
335982,2,5,6,AB Dinda,-5.483333333333333
335982,2,8,6,AB Agarkar,-3.5875
335982,2,12,6,LR Shukla,4.6000000000000005
335983,1,5,6,JR Hopes,4.116666666666667
335983,1,8,6,IK Pathan,2.45
335983,1,12,6,WA Mota,-1.2999999999999998
335983,1,15,6,IK Pathan,-0.8888888888888891
335983,2,5,6,MS Gony,0.9235294117647055
335983,2,8,6,Joginder Sharma,7.28
335983,2,12,6,P Amarnath,2.355555555555555
335983,2,15,6,P Amarnath,2.2250000000000005
335984,1,5,6,MF Maharoof,-1.1
335984,1,8,6,R Bhatia,-2.9
335984,1,12,6,R Bhatia,-7.230434782608695
335984,1,15,6,B Geeves,1.7791666666666663
335984,2,5,6,SK Trivedi,2.98
335984,2,8,6,SK Warne,2.4833333333333334
335984,2,12,6,D Salunkhe,5.4
335985,1,5,6,Z Khan,-7.888888888888889
335985,1,8,6,JH Kallis,7.0
335985,1,12,6,SB Joshi,1.1666666666666667
335985,1,15,6,JH Kallis,6.488235294117647
335985,2,5,6,SM Pollock,-0.1499999999999999
335985,2,8,6,Harbhajan Singh,4.66
335985,2,12,6,AM Nayar,4.166666666666667
335985,2,15,6,SM Pollock,0.7458333333333335
335986,1,5,6,AB Agarkar,6.7
335986,1,8,6,M Kartik,-5.258333333333333
335986,1,12,6,DJ Hussey,-0.1499999999999999
335986,1,15,6,I Sharma,-3.523529411764706
335986,2,5,6,SB Styris,-0.1499999999999999
335986,2,8,6,SB Bangar,-0.49090909090909096
335986,2,12,6,PP Ojha,-0.2250000000000001
335986,2,15,6,RP Singh,-1.6944444444444446
335987,1,5,6,SK Trivedi,7.7
335987,1,8,6,SK Warne,-4.45
335987,1,12,6,SK Trivedi,4.0
335987,1,15,6,YK Pathan,5.0166666666666675
335987,2,5,6,B Lee,-0.13888888888888862
335987,2,8,6,JR Hopes,-0.4388888888888889
335987,2,12,6,WA Mota,5.233333333333333
335987,2,15,6,B Lee,0.3125
335988,1,5,6,Mohammad Asif,-5.572222222222223
335988,1,8,6,VY Mahesh,2.4833333333333334
335988,1,12,6,R Bhatia,-3.6
335988,1,15,6,Mohammad Asif,-4.820833333333333
335988,2,5,6,RP Singh,0.3882352941176469
335988,2,8,6,SB Bangar,6.290909090909091
335988,2,12,6,A Symonds,8.041666666666666
335989,1,5,6,A Nehra,0.2124999999999999
335989,1,8,6,DJ Bravo,1.9833333333333332
335989,1,12,6,SM Pollock,4.133333333333334
335989,1,15,6,DJ Bravo,5.558823529411765
335989,2,5,6,MS Gony,-3.672222222222222
335989,2,8,6,P Amarnath,2.4833333333333334
335989,2,12,6,M Muralitharan,3.536363636363636
335989,2,15,6,M Muralitharan,1.816666666666667
335990,1,5,6,SR Watson,1.8823529411764706
335990,1,8,6,SK Warne,-0.2999999999999998
335990,1,12,6,YK Pathan,-1.5
335990,1,15,6,SK Warne,2.411111111111111
335990,2,5,6,PP Ojha,7.7
335990,2,8,6,Shahid Afridi,5.066666666666667
335990,2,12,6,A Symonds,3.4333333333333336
335990,2,15,6,D Kalyankrishna,1.777777777777778
335991,1,5,6,DS Kulkarni,6.619999999999999
335991,1,8,6,Harbhajan Singh,0.06666666666666657
335991,1,12,6,MA Khote,2.2
335991,1,15,6,DJ Bravo,3.3833333333333333
335991,2,5,6,S Sreesanth,1.25
335991,2,8,6,PP Chawla,-1.6916666666666667
335991,2,12,6,PP Chawla,-4.908333333333333
335991,2,15,6,S Sreesanth,0.10000000000000014
335992,1,5,6,MM Patel,6.75
335992,1,8,6,SK Trivedi,-0.20833333333333334
335992,1,12,6,YK Pathan,4.333333333333333
335992,1,15,6,SK Warne,-4.694444444444444
335992,2,5,6,Z Khan,-0.7222222222222223
335992,2,8,6,JH Kallis,2.4833333333333334
335992,2,12,6,SB Joshi,1.9833333333333332
335992,2,15,6,SB Joshi,-0.1055555555555554
335993,1,5,6,MS Gony,1.7833333333333337
335993,1,8,6,M Muralitharan,-0.9545454545454544
335993,1,12,6,JDP Oram,-2.4
335993,1,15,6,M Muralitharan,-0.4173913043478261
335993,2,5,6,AB Agarkar,3.2166666666666663
335993,2,8,6,AB Agarkar,-0.125
335993,2,12,6,LR Shukla,0.30000000000000004
335993,2,15,6,I Sharma,2.441176470588236
335994,1,5,6,Shahid Afridi,-1.8000000000000003
335994,1,8,6,SB Bangar,-2.2
335994,1,12,6,D Kalyankrishna,3.4333333333333336
335994,1,15,6,Shahid Afridi,-3.2944444444444443
335994,2,5,6,SD Chitnis,6.08
335994,2,8,6,ST Jayasuriya,3.1583333333333337
335995,1,5,6,VRV Singh,-1.9166666666666667
335995,1,8,6,PP Chawla,0.8916666666666667
335995,1,12,6,PP Chawla,2.0958333333333337
335995,1,15,6,S Sreesanth,5.791666666666667
335995,2,5,6,MF Maharoof,5.566666666666667
335995,2,8,6,Mohammad Asif,0.6055555555555554
335995,2,12,6,MF Maharoof,4.038888888888889
335995,2,15,6,GD McGrath,-0.32083333333333314
335996,1,5,6,Z Khan,0.15555555555555567
335996,1,8,6,B Akhil,4.333333333333333
335996,1,12,6,B Akhil,2.0555555555555554
335996,1,15,6,B Akhil,3.0333333333333337
335996,2,5,6,MS Gony,0.5111111111111111
335996,2,8,6,JA Morkel,4.236363636363636
335996,2,12,6,P Amarnath,1.9444444444444444
335996,2,15,6,P Amarnath,-0.9333333333333329
335997,1,5,6,DJ Bravo,-3.6
335997,1,8,6,CRD Fernando,3.075
335997,1,12,6,SM Pollock,-3.0041666666666664
335997,1,15,6,ST Jayasuriya,-10.21304347826087
335997,2,5,6,I Sharma,0.38333333333333297
335997,2,8,6,Mohammad Hafeez,9.440000000000001
335997,2,12,6,SC Ganguly,3.0666666666666664
335997,2,15,6,LR Shukla,5.116666666666667
335998,1,5,6,P Kumar,0.5833333333333333
335998,1,8,6,JH Kallis,0.30000000000000004
335998,1,12,6,Z Khan,5.177777777777778
335998,1,15,6,P Kumar,1.6055555555555556
335998,2,5,6,VY Mahesh,2.4833333333333334
335998,2,8,6,DL Vettori,1.1666666666666667
335998,2,12,6,Mohammad Asif,3.8888888888888884
335998,2,15,6,GD McGrath,-7.654166666666667
335999,1,5,6,VRV Singh,5.066666666666667
335999,1,8,6,PP Chawla,-3.1333333333333333
335999,1,12,6,PP Chawla,-6.305555555555556
335999,1,15,6,Gagandeep Singh,-0.8333333333333335
335999,2,5,6,SB Bangar,-2.2
335999,2,8,6,SB Bangar,0.4333333333333334
335999,2,12,6,Shahid Afridi,4.144444444444445
335999,2,15,6,RP Singh,3.541176470588235
336000,1,5,6,Umar Gul,-0.1499999999999999
336000,1,8,6,AB Agarkar,2.4166666666666665
336000,1,12,6,AB Dinda,2.4043478260869566
336000,1,15,6,Umar Gul,-2.5058823529411764
336000,2,5,6,SK Trivedi,2.98
336000,2,8,6,MM Patel,0.07499999999999996
336000,2,12,6,YK Pathan,2.65
336000,2,15,6,MM Patel,2.5541666666666667
336001,1,5,6,VY Mahesh,2.7083333333333335
336001,1,8,6,V Sehwag,-1.9166666666666667
336001,1,12,6,GD McGrath,0.7111111111111112
336001,1,15,6,VY Mahesh,-0.22083333333333305
336001,2,5,6,JA Morkel,3.6666666666666665
336001,2,8,6,JA Morkel,3.55
336001,2,12,6,M Muralitharan,2.111111111111111
336001,2,15,6,M Ntini,2.3458333333333337
336002,1,5,6,DW Steyn,1.588888888888889
336002,1,8,6,B Akhil,4.616666666666667
336002,1,12,6,R Vinay Kumar,-0.625
336002,1,15,6,B Akhil,5.794444444444445
336002,2,5,6,DP Vijaykumar,1.5333333333333334
336002,2,8,6,SB Bangar,-1.9388888888888887
336002,2,12,6,WPUJC Vaas,0.06111111111111134
336002,2,15,6,SB Bangar,-2.4583333333333335
336003,1,5,6,AB Dinda,-0.9454545454545453
336003,1,8,6,Mohammad Hafeez,2.1166666666666667
336003,1,12,6,Umar Gul,-4.55
336003,1,15,6,DJ Hussey,-2.5499999999999994
336003,2,5,6,IK Pathan,-5.588235294117648
336003,2,8,6,Gagandeep Singh,-0.1499999999999999
336003,2,12,6,Gagandeep Singh,3.2500000000000004
336003,2,15,6,JR Hopes,2.9916666666666667
336004,1,5,6,VY Mahesh,1.75
336004,1,8,6,PJ Sangwan,0.6000000000000001
336004,1,12,6,PJ Sangwan,-1.3041666666666665
336004,1,15,6,Shoaib Malik,-0.9666666666666666
336004,2,5,6,DJ Bravo,2.9333333333333336
336004,2,8,6,DS Kulkarni,0.6583333333333334
336004,2,12,6,DJ Thornely,0.4583333333333333
336004,2,15,6,RR Raje,2.341666666666667
336005,1,5,6,SR Watson,-1.3249999999999997
336005,1,8,6,MM Patel,0.41111111111111115
336005,1,12,6,YK Pathan,0.6916666666666665
336005,1,15,6,SR Watson,-1.4666666666666666
336005,2,5,6,MS Gony,2.9722222222222223
336005,2,8,6,SK Raina,3.4333333333333336
336005,2,12,6,S Vidyut,1.7000000000000002
336006,1,5,6,Gagandeep Singh,1.9833333333333332
336006,1,8,6,VRV Singh,1.1416666666666668
336006,1,12,6,IK Pathan,-4.8277777777777775
336006,1,15,6,PP Chawla,-2.6611111111111105
336006,2,5,6,JH Kallis,3.4333333333333336
336006,2,8,6,P Kumar,0.4333333333333334
336006,2,12,6,P Kumar,-3.9000000000000004
336006,2,15,6,DW Steyn,0.008333333333333373
336007,1,5,6,SB Styris,-2.6799999999999997
336007,1,8,6,Shahid Afridi,1.1916666666666669
336007,1,12,6,PP Ojha,0.30000000000000004
336007,1,15,6,Shahid Afridi,1.1055555555555554
336007,2,5,6,M Ntini,4.488888888888889
336007,2,8,6,M Muralitharan,1.5333333333333334
336007,2,12,6,M Muralitharan,2.4666666666666663
336007,2,15,6,JA Morkel,-0.8666666666666665
336008,1,5,6,DS Kulkarni,7.65
336008,1,8,6,DJ Bravo,-0.9181818181818178
336008,1,12,6,RR Raje,-0.7090909090909088
336008,1,15,6,A Nehra,-7.3277777777777775
336008,2,5,6,MM Patel,1.8722222222222222
336008,2,8,6,SK Trivedi,1.366666666666667
336008,2,12,6,SK Trivedi,2.2833333333333337
336009,1,5,6,JA Morkel,0.8444444444444443
336009,1,8,6,M Muralitharan,2.7083333333333335
336009,1,12,6,M Muralitharan,2.3312500000000003
336009,1,15,6,M Muralitharan,1.8541666666666667
336009,2,5,6,VY Mahesh,4.854545454545455
336009,2,8,6,PJ Sangwan,1.477777777777778
336009,2,12,6,VY Mahesh,4.5055555555555555
336009,2,15,6,Mohammad Asif,0.2833333333333335
336010,1,5,6,R Vinay Kumar,1.25
336010,1,8,6,A Kumble,0.2999999999999998
336010,1,12,6,R Vinay Kumar,-1.472222222222222
336010,1,15,6,P Kumar,2.4000000000000004
336010,2,5,6,SC Ganguly,-0.1499999999999999
336010,2,8,6,M Kartik,3.8833333333333333
336010,2,12,6,Umar Gul,1.4588235294117644
336010,2,15,6,I Sharma,-0.6875
336011,1,5,6,MM Patel,1.7583333333333335
336011,1,8,6,SK Warne,1.025
336011,1,12,6,YK Pathan,1.6083333333333336
336011,1,15,6,SK Trivedi,-5.633333333333333
336011,2,5,6,PP Ojha,8.65
336011,2,8,6,Shahid Afridi,0.9166666666666666
336011,2,12,6,PP Ojha,2.3647058823529417
336011,2,15,6,RP Singh,-1.1749999999999998
336012,1,5,6,CRD Fernando,-6.1
336012,1,8,6,DS Kulkarni,2.1
336012,1,12,6,A Nehra,-0.35000000000000003
336012,1,15,6,DR Smith,-5.826086956521739
336012,2,5,6,R Vinay Kumar,-0.1499999999999999
336012,2,8,6,A Kumble,4.5
336012,2,12,6,R Vinay Kumar,2.6944444444444446
336012,2,15,6,A Kumble,5.020833333333333
336013,1,5,6,VRV Singh,8.275
336013,1,8,6,PP Chawla,1.9750000000000005
336013,1,12,6,IK Pathan,3.2294117647058824
336013,1,15,6,S Sreesanth,-2.7791666666666663
336013,2,5,6,JA Morkel,-1.3222222222222222
336013,2,8,6,P Amarnath,5.625
336013,2,12,6,L Balaji,-3.3833333333333333
336013,2,15,6,L Balaji,-3.752941176470588
336014,1,5,6,RP Singh,4.166666666666667
336014,1,8,6,Y Venugopal Rao,-0.17999999999999972
336014,1,12,6,Y Venugopal Rao,-1.9555555555555553
336014,1,15,6,SB Styris,3.2555555555555555
336014,2,5,6,Umar Gul,4.425
336014,2,8,6,SC Ganguly,-1.8333333333333333
336014,2,12,6,AB Dinda,-4.7875
336014,2,15,6,I Sharma,3.272222222222222
336015,1,5,6,SR Watson,-1.6944444444444446
336015,1,8,6,SK Warne,1.25
336015,1,12,6,SK Warne,2.111111111111111
336015,1,15,6,SK Trivedi,-3.916666666666667
336015,2,5,6,PJ Sangwan,-1.1
336015,2,8,6,VY Mahesh,6.89
336015,2,12,6,A Mishra,-3.7545454545454544
336015,2,15,6,V Sehwag,1.7250000000000005
336016,1,5,6,PP Chawla,4.66
336016,1,8,6,VRV Singh,0.55
336016,1,12,6,PP Chawla,-1.7875
336016,1,15,6,JR Hopes,4.616666666666667
336016,2,5,6,Z Khan,1.2555555555555555
336016,2,8,6,R Vinay Kumar,-1.3583333333333332
336016,2,12,6,V Kohli,4.383333333333333
336017,1,5,6,PJ Sangwan,2.25
336017,1,8,6,VY Mahesh,1.294444444444444
336017,1,12,6,A Mishra,0.6916666666666665
336017,1,15,6,PJ Sangwan,-2.7791666666666663
336017,2,5,6,AB Dinda,1.9
336017,2,8,6,SC Ganguly,2.4833333333333334
336017,2,12,6,SC Ganguly,1.6055555555555556
336017,2,15,6,AB Dinda,-2.6958333333333333
336018,1,5,6,DJ Bravo,-1.9166666666666667
336018,1,8,6,DS Kulkarni,-3.7166666666666663
336018,1,12,6,A Nehra,2.2176470588235295
336018,1,15,6,DJ Bravo,0.06111111111111134
336018,2,5,6,JA Morkel,6.341176470588236
336018,2,8,6,L Balaji,0.20909090909090916
336018,2,12,6,M Muralitharan,4.25
336019,1,5,6,SR Watson,3.2166666666666663
336019,1,8,6,SK Trivedi,0.30000000000000004
336019,1,12,6,MM Patel,2.5444444444444443
336019,1,15,6,D Salunkhe,2.6166666666666667
336019,2,5,6,JR Hopes,3.2166666666666663
336019,2,8,6,PP Chawla,1.25
336019,2,12,6,PP Chawla,-1.3944444444444444
336019,2,15,6,VRV Singh,2.8555555555555556
336020,1,5,6,PM Sarvesh Kumar,4.12
336020,1,8,6,SB Styris,2.9583333333333335
336020,1,12,6,PM Sarvesh Kumar,3.1
336020,1,15,6,PP Ojha,0.4800000000000001
336020,2,5,6,MF Maharoof,4.333333333333333
336020,2,8,6,A Mishra,-5.4
336020,2,12,6,MF Maharoof,-0.8833333333333332
336020,2,15,6,MF Maharoof,0.03888888888888875
336021,1,5,6,DJ Bravo,0.6999999999999998
336021,1,8,6,A Nehra,0.7722222222222225
336021,1,12,6,DJ Thornely,-3.1818181818181817
336022,1,5,6,VRV Singh,11.233333333333334
336022,1,8,6,RR Powar,2.354545454545455
336022,2,5,6,A Mishra,2.058333333333334
336023,1,5,6,P Kumar,1.238888888888889
336023,1,8,6,A Kumble,0.8
336023,1,12,6,A Kumble,-1.5277777777777777
336023,1,15,6,JH Kallis,3.7944444444444443
336023,2,5,6,MM Patel,-1.2833333333333332
336023,2,8,6,SR Watson,-0.3999999999999999
336023,2,12,6,SK Trivedi,2.6272727272727274
336023,2,15,6,SK Warne,-5.870833333333333
336024,1,5,6,RP Singh,1.9
336024,1,8,6,Shahid Afridi,-6.1
336024,1,12,6,Y Venugopal Rao,-2.563636363636363
336024,1,15,6,Shahid Afridi,-3.6208333333333336
336024,2,5,6,RR Raje,0.6999999999999998
336024,2,8,6,DJ Thornely,3.4333333333333336
336024,2,12,6,ST Jayasuriya,2.0083333333333337
336024,2,15,6,DJ Bravo,-1.061111111111111
336025,1,5,6,MS Gony,0.8055555555555555
336025,1,8,6,M Muralitharan,1.366666666666667
336025,1,12,6,JA Morkel,0.44166666666666654
336025,1,15,6,M Muralitharan,3.9875
336025,2,5,6,AB Agarkar,1.5333333333333334
336026,1,5,6,VY Mahesh,1.5083333333333335
336026,1,8,6,MF Maharoof,-3.125
336026,1,12,6,VY Mahesh,1.8411764705882354
336026,1,15,6,MF Maharoof,-7.966666666666667
336026,2,5,6,JH Kallis,5.116666666666667
336026,2,8,6,B Akhil,-1.25
336026,2,12,6,B Akhil,-1.25
336026,2,15,6,A Kumble,-4.308333333333333
336027,1,5,6,SR Watson,1.7583333333333335
336027,1,8,6,SK Warne,-2.05
336027,1,12,6,SK Warne,1.8722222222222222
336027,1,15,6,MM Patel,-3.941666666666667
336027,2,5,6,Umar Gul,-8.0
336027,2,8,6,AB Agarkar,3.8888888888888884
336027,2,12,6,AB Dinda,1.438888888888889
336027,2,15,6,I Sharma,0.2833333333333335
336028,1,5,6,VS Yeligati,5.066666666666667
336028,1,8,6,DR Smith,4.333333333333333
336028,1,12,6,SD Chitnis,4.7
336028,1,15,6,CRD Fernando,3.177777777777778
336028,2,5,6,VRV Singh,4.9
336028,2,8,6,PP Chawla,-2.2833333333333337
336028,2,12,6,VRV Singh,6.277777777777778
336028,2,15,6,PP Chawla,-3.9000000000000004
336029,1,5,6,MS Gony,-6.266666666666666
336029,1,8,6,M Muralitharan,-1.725
336029,1,12,6,JA Morkel,1.5333333333333334
336029,1,15,6,L Balaji,-0.016666666666666774
336029,2,5,6,JH Kallis,-1.1
336029,2,8,6,R Vinay Kumar,0.8
336029,2,12,6,R Vinay Kumar,0.011764705882353066
336029,2,15,6,DW Steyn,-2.822222222222222
336031,1,5,6,RR Powar,-0.17999999999999972
336031,1,8,6,PP Chawla,1.366666666666667
336031,1,12,6,RR Powar,1.477777777777778
336031,1,15,6,PP Chawla,2.1958333333333337
336031,2,5,6,RP Singh,5.791666666666667
336031,2,8,6,Y Venugopal Rao,4.841666666666667
336031,2,12,6,PP Ojha,-2.2
336031,2,15,6,SB Styris,-0.2777777777777778
336032,1,5,6,VY Mahesh,7.65
336032,1,8,6,MF Maharoof,1.11875
336032,1,12,6,VY Mahesh,-2.8666666666666667
336032,1,15,6,A Mishra,-0.8291666666666667
336032,2,5,6,DS Kulkarni,1.5333333333333334
336032,2,8,6,DR Smith,1.8400000000000003
336032,2,12,6,DR Smith,-2.5333333333333337
336032,2,15,6,A Nehra,-0.3333333333333334
336033,1,5,6,MS Gony,4.522222222222222
336033,1,8,6,JA Morkel,3.55
336033,1,12,6,M Muralitharan,2.988888888888889
336033,1,15,6,M Muralitharan,2.7375000000000003
336033,2,5,6,Pankaj Singh,3.1666666666666665
336033,2,8,6,SK Warne,-1.725
336033,2,12,6,MM Patel,7.558333333333334
336033,2,15,6,Pankaj Singh,2.5833333333333335
336034,1,5,6,Shahid Afridi,2.4833333333333334
336034,1,8,6,SB Bangar,6.966666666666667
336034,1,12,6,PP Ojha,-2.238888888888889
336034,1,15,6,PP Ojha,-2.3083333333333336
336034,2,5,6,P Kumar,-3.6
336034,2,8,6,JH Kallis,-1.1
336034,2,12,6,P Kumar,-0.6666666666666667
336034,2,15,6,DW Steyn,0.75
336035,1,5,6,I Sharma,6.290909090909091
336035,1,8,6,LR Shukla,5.260000000000001
336035,1,12,6,BAW Mendis,-0.8944444444444443
336035,1,15,6,I Sharma,4.227777777777778
336035,2,5,6,S Sreesanth,-2.905555555555556
336035,2,8,6,PP Chawla,-0.5166666666666668
336035,2,12,6,IK Pathan,1.9277777777777776
336035,2,15,6,JR Hopes,2.175
336036,1,5,6,YK Pathan,-2.05
336036,1,8,6,SK Trivedi,0.8
336036,1,12,6,SK Trivedi,-2.3117647058823527
336036,1,15,6,SK Warne,0.3695652173913044
336036,2,5,6,CRD Fernando,-3.8200000000000003
336036,2,8,6,AM Nayar,0.8
336036,2,12,6,ST Jayasuriya,0.55
336036,2,15,6,CRD Fernando,-4.9222222222222225
336037,1,5,6,MS Gony,-1.8611111111111112
336037,1,8,6,M Muralitharan,3.3
336037,1,12,6,M Muralitharan,-1.4166666666666667
336037,1,15,6,JA Morkel,3.3588235294117648
336037,2,5,6,Shahid Afridi,-0.1499999999999999
336037,2,8,6,PM Sarvesh Kumar,0.7166666666666665
336037,2,12,6,SB Styris,2.341666666666667
336037,2,15,6,PP Ojha,-1.3388888888888886
336038,1,5,6,VY Mahesh,6.75
336038,1,8,6,MF Maharoof,-5.741666666666666
336038,1,12,6,Mohammad Asif,3.5888888888888886
336038,1,15,6,A Mishra,-1.6291666666666662
336038,2,5,6,SR Watson,-7.888888888888889
336038,2,8,6,SK Warne,2.9333333333333336
336038,2,12,6,SK Warne,-3.4111111111111105
336038,2,15,6,MM Patel,-7.3375
336039,1,5,6,M Ntini,-3.183333333333333
336039,1,8,6,MS Gony,-7.841666666666667
336039,1,12,6,L Balaji,1.25
336039,1,15,6,M Muralitharan,-1.6173913043478265
336039,2,5,6,VRV Singh,0.5833333333333333
336039,2,8,6,JR Hopes,2.4833333333333334
336039,2,12,6,RR Powar,3.7555555555555555
336040,1,5,6,YK Pathan,-2.65
336040,1,8,6,YK Pathan,-3.8333333333333335
336040,1,12,6,YK Pathan,-6.108333333333333
336040,1,15,6,Sohail Tanvir,2.6833333333333336
336040,2,5,6,MS Gony,0.7500000000000004
336040,2,8,6,JA Morkel,-3.5999999999999996
336040,2,12,6,M Muralitharan,3.8333333333333335
336040,2,15,6,L Balaji,4.7666666666666675
392181,1,5,6,T Thushara,-0.9666666666666666
392181,1,8,6,JDP Oram,2.1166666666666667
392181,1,12,6,Joginder Sharma,2.7055555555555557
392181,1,15,6,A Flintoff,2.2333333333333334
392181,2,5,6,SL Malinga,-3.9727272727272727
392181,2,8,6,ST Jayasuriya,4.383333333333333
392181,2,12,6,ST Jayasuriya,0.05555555555555558
392181,2,15,6,SL Malinga,-5.555555555555555
392182,1,5,6,Kamran Khan,2.9333333333333336
392182,1,8,6,T Henderson,-0.9666666666666666
392182,1,12,6,YK Pathan,2.15
392182,1,15,6,SK Warne,-5.388888888888889
392182,2,5,6,R Vinay Kumar,-2.05
392182,2,8,6,JD Ryder,-8.625
392182,2,12,6,JD Ryder,-7.833333333333334
392183,1,5,6,VY Mahesh,6.136363636363637
392183,1,8,6,DL Vettori,-4.783333333333333
392184,1,5,6,Harmeet Singh,-3.8200000000000003
392184,1,8,6,PP Ojha,-1.1
392184,1,12,6,PP Ojha,-5.05
392184,1,15,6,SB Styris,-2.4
392184,2,5,6,I Sharma,0.005555555555555647
392184,2,8,6,M Kartik,0.07499999999999996
392184,2,12,6,M Kartik,1.3791666666666667
392185,1,5,6,R Vinay Kumar,5.566666666666667
392185,1,8,6,JH Kallis,6.883333333333333
392185,1,12,6,KP Pietersen,-4.675
392185,1,15,6,P Kumar,1.4444444444444444
392185,2,5,6,JA Morkel,-1.383333333333333
392185,2,8,6,A Flintoff,-3.6
392185,2,12,6,L Balaji,0.3500000000000001
392186,1,5,6,MC Henriques,4.166666666666667
392186,1,8,6,SC Ganguly,-6.1
392186,1,12,6,SC Ganguly,-3.2583333333333333
392186,1,15,6,MC Henriques,0.37777777777777777
392186,2,5,6,VS Malik,3.016666666666667
392186,2,8,6,PP Chawla,0.30000000000000004
392188,1,5,6,JH Kallis,3.7750000000000004
392188,1,8,6,A Kumble,1.025
392188,1,12,6,A Kumble,3.9708333333333337
392188,1,15,6,KP Pietersen,-3.2055555555555553
392188,2,5,6,RP Singh,-2.1611111111111114
392188,2,8,6,PP Ojha,1.7583333333333335
392188,2,12,6,PP Ojha,-0.4624999999999999
392188,2,15,6,SB Styris,-2.0666666666666664
392189,1,5,6,A Flintoff,6.0166666666666675
392189,1,8,6,JA Morkel,2.5083333333333333
392189,1,12,6,JA Morkel,1.1055555555555554
392189,1,15,6,MS Gony,1.9111111111111108
392189,2,5,6,PJ Sangwan,-2.1399999999999997
392189,2,8,6,DL Vettori,2.4833333333333334
392189,2,12,6,DL Vettori,-0.18333333333333351
392189,2,15,6,A Nehra,1.3111111111111113
392190,1,5,6,AB Agarkar,5.0
392190,1,8,6,BAW Mendis,-4.308333333333333
392190,1,12,6,BAW Mendis,-4.104347826086956
392190,1,15,6,CH Gayle,1.1166666666666667
392190,2,5,6,AD Mascarenhas,-0.30555555555555514
392190,2,8,6,SK Warne,-2.2
392190,2,12,6,MM Patel,-0.2666666666666668
392190,2,15,6,MM Patel,1.8529411764705883
392191,1,5,6,YA Abdulla,-4.558333333333333
392191,1,8,6,PP Chawla,0.32499999999999996
392191,1,12,6,RS Bopara,0.8
392191,1,15,6,IK Pathan,1.1277777777777773
392191,2,5,6,R Vinay Kumar,0.8
392191,2,8,6,A Kumble,2.2
392191,2,12,6,A Kumble,-1.55
392191,2,15,6,P Kumar,3.6333333333333333
392192,1,5,6,Harbhajan Singh,6.14
392192,1,8,6,Harbhajan Singh,2.7083333333333335
392192,1,12,6,ST Jayasuriya,1.4176470588235297
392192,1,15,6,Z Khan,0.5583333333333333
392192,2,5,6,RP Singh,-1.0875
392192,2,8,6,DR Smith,2.7083333333333335
392192,2,12,6,PP Ojha,-3.672222222222222
392192,2,15,6,Y Venugopal Rao,2.5944444444444446
392194,1,5,6,A Nehra,0.09411764705882358
392194,1,8,6,A Mishra,0.96
392194,1,12,6,A Mishra,-1.4874999999999998
392194,1,15,6,DP Nannes,-0.2944444444444446
392194,2,5,6,Pankaj Singh,-3.2055555555555553
392194,2,8,6,A Kumble,1.1666666666666667
392194,2,12,6,A Kumble,1.6833333333333333
392194,2,15,6,B Akhil,0.4333333333333334
392195,1,5,6,YK Pathan,1.6
392195,1,8,6,MM Patel,-4.305555555555556
392195,1,12,6,YK Pathan,1.6444444444444446
392195,1,15,6,SK Warne,3.2500000000000004
392195,2,5,6,VRV Singh,0.5833333333333333
392195,2,8,6,PP Chawla,-4.45
392195,2,12,6,PP Chawla,-3.6083333333333334
392195,2,15,6,Yuvraj Singh,0.5249999999999999
392196,1,5,6,Y Venugopal Rao,2.4833333333333334
392196,1,8,6,RG Sharma,-0.8583333333333333
392196,1,12,6,PP Ojha,-3.3583333333333334
392196,1,15,6,Shoaib Ahmed,1.3916666666666668
392196,2,5,6,SK Raina,-2.65
392196,2,8,6,M Muralitharan,1.4411764705882353
392196,2,12,6,JDP Oram,2.2
392196,2,15,6,M Muralitharan,-1.8791666666666667
392197,1,5,6,SC Ganguly,4.6000000000000005
392197,1,8,6,BAW Mendis,6.55
392197,1,12,6,LR Shukla,-0.125
392197,1,15,6,BAW Mendis,2.1333333333333333
392197,2,5,6,Harbhajan Singh,2.2666666666666666
392197,2,8,6,AM Nayar,3.4333333333333336
392197,2,12,6,AM Nayar,-6.772222222222222
392198,1,5,6,MM Patel,-0.9666666666666666
392198,1,8,6,MM Patel,-0.7090909090909088
392198,1,12,6,YK Pathan,4.783333333333333
392198,1,15,6,SK Warne,-2.7777777777777777
392198,2,5,6,A Nehra,-3.2055555555555553
392198,2,8,6,A Mishra,-0.6333333333333332
392198,2,12,6,DL Vettori,9.05
392198,2,15,6,DL Vettori,7.616666666666667
392199,1,5,6,A Kumble,-4.55
392199,1,8,6,P Kumar,-1.9388888888888887
392199,1,12,6,KP Pietersen,-0.9666666666666665
392199,1,15,6,KP Appanna,1.9444444444444444
392199,2,5,6,CH Gayle,1.5333333333333334
392199,2,8,6,CH Gayle,1.1666666666666667
392199,2,12,6,I Sharma,-2.588888888888889
392199,2,15,6,BJ Hodge,-5.688888888888889
392200,1,5,6,Harbhajan Singh,-1.8333333333333333
392200,1,8,6,JP Duminy,-1.7
392200,1,12,6,JP Duminy,0.05294117647058824
392200,1,15,6,DJ Bravo,-1.2545454545454542
392200,2,5,6,VS Malik,-1.2166666666666666
392200,2,8,6,PP Chawla,6.0166666666666675
392200,2,12,6,RR Powar,-1.704347826086957
392200,2,15,6,IK Pathan,-2.0058823529411764
392201,1,5,6,PJ Sangwan,1.0583333333333333
392201,1,8,6,A Mishra,-1.7
392201,1,12,6,A Mishra,0.4750000000000001
392201,1,15,6,A Nehra,3.3833333333333333
392201,2,5,6,RP Singh,-1.4249999999999998
392201,2,8,6,Shoaib Ahmed,-4.1000000000000005
392201,2,12,6,DR Smith,1.9333333333333333
392201,2,15,6,FH Edwards,3.78125
392202,1,5,6,YK Pathan,-3.7277777777777774
392202,1,8,6,SK Trivedi,6.8
392202,1,12,6,MM Patel,-1.7888888888888888
392202,1,15,6,SK Warne,-0.9249999999999998
392202,2,5,6,JA Morkel,-3.7111111111111112
392202,2,8,6,M Muralitharan,0.08181818181818201
392202,2,12,6,L Balaji,-0.8833333333333332
392202,2,15,6,M Muralitharan,2.9208333333333334
392203,1,5,6,M Kartik,0.38333333333333314
392203,1,8,6,CH Gayle,-1.1
392203,1,12,6,M Kartik,-1.383333333333333
392203,1,15,6,CH Gayle,-1.3695652173913042
392203,2,5,6,Harbhajan Singh,-0.2583333333333334
392203,2,8,6,GR Napier,1.841666666666667
392203,2,12,6,SL Malinga,1.5181818181818185
392203,2,15,6,Z Khan,-2.9
392204,1,5,6,VS Malik,3.8499999999999996
392204,1,8,6,PP Chawla,-1.3200000000000003
392204,1,12,6,PP Chawla,1.6611111111111114
392204,1,15,6,Yuvraj Singh,-6.4
392204,2,5,6,JH Kallis,1.738888888888889
392204,2,8,6,JD Ryder,3.1583333333333337
392204,2,12,6,JD Ryder,-0.5166666666666668
392204,2,15,6,A Kumble,-0.6277777777777779
392205,1,5,6,SM Harwood,-2.8666666666666667
392205,1,8,6,SK Warne,4.0600000000000005
392205,1,12,6,SK Warne,3.8499999999999996
392205,1,15,6,AS Raut,2.4833333333333334
392205,2,5,6,RP Singh,-2.988235294117647
392205,2,8,6,RG Sharma,2.5545454545454547
392205,2,12,6,PP Ojha,2.6888888888888887
392205,2,15,6,Shoaib Ahmed,3.858333333333334
392206,1,5,6,PJ Sangwan,2.1363636363636367
392206,1,8,6,TM Dilshan,1.025
392206,1,12,6,R Bhatia,-0.5166666666666668
392206,1,15,6,A Nehra,-2.9
392206,2,5,6,S Tyagi,-3.9111111111111105
392206,2,8,6,SB Jakati,-0.8833333333333332
392206,2,12,6,JDP Oram,5.966666666666667
392206,2,15,6,SB Jakati,-3.261111111111111
392207,1,5,6,VS Malik,0.75
392207,1,8,6,PP Chawla,0.6916666666666665
392207,1,12,6,VS Malik,1.027777777777778
392207,1,15,6,PP Chawla,-0.5043478260869565
392207,2,5,6,AB Agarkar,-0.9666666666666666
392207,2,8,6,SC Ganguly,3.8833333333333333
392207,2,12,6,M Kartik,1.090909090909091
392207,2,15,6,CH Gayle,2.0555555555555554
392208,1,5,6,D du Preez,-9.55
392208,1,8,6,JH Kallis,1.3791666666666667
392208,1,12,6,A Kumble,3.6333333333333333
392208,1,15,6,R Vinay Kumar,2.0722222222222224
392208,2,5,6,SL Malinga,2.325
392208,2,8,6,AM Nayar,2.1437500000000003
392208,2,12,6,DJ Bravo,3.1583333333333337
392208,2,15,6,ST Jayasuriya,1.25
392209,1,5,6,RG Sharma,2.4333333333333336
392209,1,8,6,DR Smith,4.058333333333334
392209,1,12,6,TL Suman,-1.0
392209,1,15,6,PP Ojha,2.1333333333333337
392209,2,5,6,L Balaji,8.6
392209,2,8,6,SB Jakati,-2.0666666666666664
392209,2,12,6,SB Jakati,-8.608333333333334
392210,1,5,6,YA Abdulla,6.5166666666666675
392210,1,8,6,PP Chawla,1.7583333333333335
392210,1,12,6,PP Chawla,1.6833333333333333
392210,1,15,6,YA Abdulla,6.655555555555555
392210,2,5,6,YK Pathan,-2.2833333333333337
392210,2,8,6,SK Trivedi,-1.5277777777777777
392210,2,12,6,YK Pathan,-0.2666666666666668
392210,2,15,6,SK Warne,-0.38823529411764646
392211,1,5,6,A Mishra,2.4583333333333335
392211,1,8,6,PJ Sangwan,-1.7888888888888888
392211,1,12,6,PJ Sangwan,-0.05217391304347818
392211,1,15,6,R Bhatia,3.4333333333333336
392211,2,5,6,BJ Hodge,3.52
392211,2,8,6,AB Agarkar,-0.4916666666666664
392211,2,12,6,MC Henriques,3.075
392211,2,15,6,I Sharma,3.7222222222222223
392212,1,5,6,DJ Bravo,-4.55
392212,1,8,6,DJ Bravo,-3.6
392212,1,12,6,ST Jayasuriya,-1.3333333333333333
392212,1,15,6,DS Kulkarni,-1.6739130434782608
392212,2,5,6,DR Smith,5.0166666666666675
392212,2,8,6,TL Suman,-3.6
392212,2,12,6,RJ Harris,1.1222222222222222
392212,2,15,6,RG Sharma,-6.1
392213,1,5,6,LA Carseldine,-0.6599999999999996
392213,1,8,6,RA Jadeja,-1.7
392213,1,12,6,RA Jadeja,-4.516666666666667
392213,1,15,6,AS Raut,2.2
392213,2,5,6,JH Kallis,-2.5722222222222224
392213,2,8,6,A Kumble,-1.133333333333333
392213,2,12,6,R Vinay Kumar,4.0600000000000005
392214,1,5,6,VRV Singh,4.566666666666667
392214,1,8,6,K Goel,1.3916666666666668
392214,1,12,6,S Sreesanth,1.9055555555555554
392214,1,15,6,IK Pathan,1.2388888888888885
392214,2,5,6,M Muralitharan,2.1
392214,2,8,6,SB Jakati,1.5
392214,2,12,6,M Muralitharan,3.870833333333334
392214,2,15,6,L Balaji,2.0555555555555554
392215,1,5,6,PJ Sangwan,-1.5
392215,1,8,6,A Mishra,-0.6818181818181819
392215,1,12,6,R Bhatia,-1.622222222222222
392215,1,15,6,DP Nannes,-3.570588235294118
392215,2,5,6,DS Kulkarni,-0.1499999999999999
392215,2,8,6,JP Duminy,-1.7
392215,2,12,6,JP Duminy,-2.666666666666667
392215,2,15,6,SR Tendulkar,9.383333333333335
392216,1,5,6,S Sreesanth,-0.7666666666666668
392216,1,8,6,PP Chawla,-0.041666666666666685
392216,1,12,6,Yuvraj Singh,4.283333333333333
392216,1,15,6,IK Pathan,4.338888888888889
392216,2,5,6,Y Venugopal Rao,-0.1499999999999999
392216,2,8,6,A Symonds,9.440000000000001
392216,2,12,6,Shoaib Ahmed,-1.8611111111111107
392216,2,15,6,PP Ojha,1.2666666666666666
392217,1,5,6,JDP Oram,1.9333333333333333
392217,1,8,6,M Muralitharan,-0.2666666666666668
392217,1,12,6,M Muralitharan,-3.9000000000000004
392217,1,15,6,SB Jakati,0.2500000000000005
392217,2,5,6,A Singh,-1.2416666666666665
392217,2,8,6,SK Warne,1.8636363636363638
392217,2,12,6,RA Jadeja,-1.1
392217,2,15,6,SM Harwood,4.116666666666667
392218,1,5,6,JH Kallis,2.1166666666666667
392218,1,8,6,A Kumble,2.5666666666666664
392218,1,12,6,A Mithun,2.4333333333333336
392218,1,15,6,RE van der Merwe,-1.0055555555555553
392218,2,5,6,DJ Bravo,-1.0749999999999997
392218,2,8,6,C Nanda,-1.025
392218,2,12,6,C Nanda,0.5166666666666667
392218,2,15,6,SL Malinga,-0.4411764705882355
392219,1,5,6,PJ Sangwan,4.12
392219,1,8,6,TM Dilshan,1.6416666666666668
392219,1,12,6,TM Dilshan,0.7333333333333333
392219,1,15,6,PJ Sangwan,5.091666666666667
392219,2,5,6,BJ Hodge,-1.6
392219,2,8,6,I Sharma,-1.1529411764705881
392219,2,12,6,M Kartik,0.0
392219,2,15,6,M Kartik,1.2083333333333333
392220,1,5,6,SK Trivedi,1.1666666666666665
392220,1,8,6,SK Warne,5.033333333333333
392220,1,12,6,YK Pathan,-1.133333333333333
392220,1,15,6,RA Jadeja,-3.033333333333333
392220,2,5,6,WPUJC Vaas,-4.844444444444444
392220,2,8,6,A Symonds,1.7555555555555555
392220,2,12,6,DR Smith,0.8
392220,2,15,6,RG Sharma,-9.675
392221,1,5,6,JH Kallis,1.7611111111111108
392221,1,8,6,KP Appanna,4.333333333333333
392221,1,12,6,JD Ryder,2.555555555555556
392221,1,15,6,A Kumble,2.766666666666667
392221,2,5,6,DJ Hussey,4.166666666666667
392221,2,8,6,M Kartik,-1.1363636363636362
392221,2,12,6,M Kartik,-2.8083333333333336
392221,2,15,6,BAW Mendis,-1.1791666666666665
392222,1,5,6,DJ Bravo,-2.5916666666666663
392222,1,8,6,JP Duminy,0.30000000000000004
392222,1,12,6,Harbhajan Singh,-2.966666666666667
392222,1,15,6,JP Duminy,-4.854166666666667
392222,2,5,6,PP Chawla,-0.5166666666666668
392222,2,8,6,Yuvraj Singh,2.0666666666666664
392222,2,12,6,PP Chawla,0.14166666666666677
392222,2,15,6,B Lee,-1.4956521739130433
392223,1,5,6,Shoaib Ahmed,12.466666666666667
392223,1,8,6,A Symonds,-1.0944444444444446
392223,1,12,6,DR Smith,1.275
392223,1,15,6,RP Singh,1.1777777777777778
392223,2,5,6,A Nehra,7.50909090909091
392223,2,8,6,A Mishra,5.966666666666667
392223,2,12,6,PJ Sangwan,-7.843478260869564
392223,2,15,6,A Nehra,5.961111111111111
392224,1,5,6,JH Kallis,-4.891666666666667
392224,1,8,6,RE van der Merwe,1.7000000000000002
392224,1,12,6,RE van der Merwe,0.7888888888888888
392224,1,15,6,B Akhil,-1.1
392224,2,5,6,L Balaji,-0.1499999999999999
392224,2,8,6,M Muralitharan,1.5333333333333334
392224,2,12,6,M Muralitharan,2.0777777777777775
392224,2,15,6,M Muralitharan,-1.2166666666666666
392225,1,5,6,JP Duminy,-2.05
392225,1,8,6,Harbhajan Singh,-1.8083333333333333
392225,1,12,6,JP Duminy,1.2722222222222226
392225,1,15,6,SL Malinga,-0.6666666666666667
392225,2,5,6,SK Trivedi,-2.425
392225,2,8,6,J Botha,2.5200000000000005
392225,2,12,6,YK Pathan,2.429411764705882
392225,2,15,6,SK Warne,-6.004347826086956
392226,1,5,6,S Sreesanth,5.0
392226,1,8,6,RR Powar,1.25
392226,1,12,6,PP Chawla,-1.35
392226,1,15,6,WA Mota,-0.7999999999999998
392226,2,5,6,MF Maharoof,-2.8636363636363638
392226,2,8,6,PJ Sangwan,5.208333333333333
392226,2,12,6,TM Dilshan,2.4833333333333334
392226,2,15,6,PJ Sangwan,0.43888888888888866
392227,1,5,6,S Tyagi,1.0166666666666662
392227,1,8,6,M Muralitharan,1.616666666666667
392227,1,12,6,SK Raina,-1.55
392227,1,15,6,SB Jakati,2.5666666666666664
392227,2,5,6,DJ Bravo,-3.2583333333333333
392227,2,8,6,Harbhajan Singh,0.32499999999999996
392227,2,12,6,DS Kulkarni,2.1434782608695646
392227,2,15,6,C Nanda,2.570588235294118
392228,1,5,6,A Symonds,-1.6
392228,1,8,6,Harmeet Singh,1.1666666666666667
392228,1,12,6,RG Sharma,0.30000000000000004
392228,1,15,6,PP Ojha,2.9333333333333336
392228,2,5,6,BJ Hodge,3.2166666666666663
392228,2,8,6,DJ Hussey,2.2
392228,2,12,6,M Kartik,-3.7666666666666666
392228,2,15,6,I Sharma,1.2958333333333332
392229,1,5,6,RJ Harris,1.9583333333333333
392229,1,8,6,Y Venugopal Rao,-2.65
392229,1,12,6,TL Suman,0.33529411764705896
392229,1,15,6,RJ Harris,2.9
392229,2,5,6,S Sreesanth,0.5833333333333333
392229,2,8,6,PP Chawla,1.0
392229,2,12,6,B Lee,1.3470588235294119
392229,2,15,6,Yuvraj Singh,-7.9125
392230,1,5,6,SK Trivedi,3.2166666666666663
392230,1,8,6,J Botha,1.866666666666667
392230,1,12,6,RA Jadeja,2.4833333333333334
392230,1,15,6,YK Pathan,0.8
392230,2,5,6,MF Maharoof,0.5833333333333333
392230,2,8,6,AM Salvi,-1.3944444444444444
392230,2,12,6,AM Salvi,-4.445833333333333
392230,2,15,6,MF Maharoof,-2.8375
392231,1,5,6,BJ Hodge,2.9333333333333336
392231,1,8,6,BJ Hodge,1.866666666666667
392231,1,12,6,DJ Hussey,1.2818181818181817
392231,1,15,6,BAW Mendis,4.65
392231,2,5,6,S Tyagi,3.516666666666666
392231,2,8,6,SB Jakati,2.3166666666666664
392231,2,12,6,SK Raina,3.858333333333334
392231,2,15,6,M Muralitharan,-4.908333333333333
392232,1,5,6,JH Kallis,-2.2555555555555555
392232,1,8,6,RE van der Merwe,3.4333333333333336
392232,1,12,6,V Kohli,0.30000000000000004
392232,1,15,6,RE van der Merwe,0.988888888888889
392232,2,5,6,AM Salvi,1.2
392232,2,8,6,DL Vettori,1.75
392232,2,12,6,Y Nagar,-0.3999999999999999
392232,2,15,6,DL Vettori,2.144444444444445
392233,1,5,6,AB Agarkar,-0.23333333333333328
392233,1,8,6,SS Sarkar,2.7
392233,1,12,6,LR Shukla,-2.7583333333333333
392233,1,15,6,SS Sarkar,1.975
392233,2,5,6,A Singh,-1.6000000000000003
392233,2,8,6,SK Warne,-1.1
392233,2,12,6,SK Warne,1.4222222222222225
392233,2,15,6,RA Jadeja,1.841666666666667
392234,1,5,6,S Sreesanth,1.5333333333333334
392234,1,8,6,RR Powar,-3.7111111111111112
392234,1,12,6,PP Chawla,2.2
392234,1,15,6,WA Mota,-1.7
392234,2,5,6,R Ashwin,-0.6499999999999999
392234,2,8,6,M Muralitharan,-3.6
392234,2,12,6,SK Raina,-3.6
392234,2,15,6,R Ashwin,-5.0375
392235,1,5,6,DP Nannes,-4.377777777777777
392235,1,8,6,R Bhatia,4.66
392235,1,12,6,PJ Sangwan,-1.0000000000000002
392235,1,15,6,R Bhatia,-0.11249999999999982
392235,2,5,6,DS Kulkarni,2.8444444444444446
392235,2,8,6,Harbhajan Singh,0.55
392235,2,12,6,ST Jayasuriya,5.458333333333333
392235,2,15,6,JP Duminy,-1.1
392236,1,5,6,A Symonds,-1.1
392236,1,8,6,Jaskaran Singh,2.9272727272727272
392236,1,12,6,A Symonds,-2.333333333333333
392236,1,15,6,Jaskaran Singh,4.022222222222222
392236,2,5,6,RE van der Merwe,8.3
392236,2,8,6,B Akhil,-1.9
392236,2,12,6,RE van der Merwe,3.0882352941176476
392236,2,15,6,RE van der Merwe,0.3500000000000001
392237,1,5,6,PP Ojha,2.2666666666666666
392237,1,8,6,A Symonds,3.3
392237,1,12,6,RG Sharma,3.6
392237,1,15,6,PP Ojha,3.6611111111111105
392237,2,5,6,V Sehwag,13.96
392237,2,8,6,TM Dilshan,0.7277777777777779
392237,2,12,6,A Nehra,1.1277777777777773
392237,2,15,6,PJ Sangwan,3.5250000000000004
392238,1,5,6,A Kumble,1.5333333333333334
392238,1,8,6,JH Kallis,0.06111111111111134
392238,1,12,6,R Vinay Kumar,1.8555555555555554
392238,1,15,6,RE van der Merwe,2.2
392238,2,5,6,JA Morkel,0.6777777777777776
392238,2,8,6,SB Jakati,3.0277777777777786
392238,2,12,6,SB Jakati,-0.1541666666666665
392238,2,15,6,M Muralitharan,-3.45
392239,1,5,6,R Vinay Kumar,-1.3583333333333332
392239,1,8,6,A Kumble,-6.125
392239,1,12,6,A Kumble,-5.333333333333334
392239,1,15,6,RE van der Merwe,2.4
392239,2,5,6,A Symonds,-0.1499999999999999
392239,2,8,6,PP Ojha,-3.3833333333333333
392239,2,12,6,PP Ojha,-2.5499999999999994
392239,2,15,6,Harmeet Singh,-3.704166666666666
419106,1,5,6,Jaskaran Singh,-0.2916666666666667
419106,1,8,6,A Symonds,1.7000000000000002
419106,1,12,6,A Symonds,0.9882352941176471
419106,1,15,6,PP Ojha,0.8041666666666668
419106,2,5,6,M Kartik,-0.9666666666666666
419106,2,8,6,AD Mathews,1.6363636363636365
419106,2,12,6,CK Langeveldt,-0.3111111111111112
419106,2,15,6,LR Shukla,4.783333333333333
419107,1,5,6,A Uniyal,1.9500000000000002
419107,1,8,6,AD Mascarenhas,-2.122222222222222
419107,1,12,6,AA Jhunjhunwala,2.9333333333333336
419107,1,15,6,YK Pathan,4.783333333333333
419107,2,5,6,AG Murtaza,-4.55
419107,2,8,6,R McLaren,3.177777777777778
419107,2,12,6,R McLaren,4.713636363636365
419107,2,15,6,AG Murtaza,2.3
419108,1,5,6,MF Maharoof,-0.7411764705882345
419108,1,8,6,VY Mahesh,5.260000000000001
419108,1,12,6,PJ Sangwan,-0.1055555555555554
419108,1,15,6,VY Mahesh,0.338888888888889
419108,2,5,6,S Sreesanth,-4.027777777777778
419108,2,8,6,YA Abdulla,1.3916666666666668
419108,2,12,6,YA Abdulla,-1.061111111111111
419108,2,15,6,PP Chawla,0.6708333333333332
419109,1,5,6,M Kartik,-0.9666666666666666
419109,1,8,6,SC Ganguly,3.8833333333333333
419109,1,12,6,AD Mathews,-4.272222222222222
419109,1,15,6,RS Gavaskar,2.9333333333333336
419109,2,5,6,A Kumble,3.2166666666666663
419109,2,8,6,RE van der Merwe,3.5636363636363635
419109,2,12,6,DW Steyn,4.39375
419109,2,15,6,A Kumble,0.6375000000000002
419110,1,5,6,M Muralitharan,0.23636363636363628
419110,1,8,6,R Ashwin,-4.108333333333333
419110,1,12,6,R Ashwin,-3.8222222222222224
419110,1,15,6,L Balaji,3.523529411764706
419110,2,5,6,PP Ojha,-2.65
419110,2,8,6,RG Sharma,1.591666666666667
419110,2,12,6,WPUJC Vaas,-6.595833333333332
419110,2,15,6,RG Sharma,-0.5458333333333333
419111,1,5,6,MF Maharoof,0.6222222222222222
419111,1,8,6,PJ Sangwan,-3.1818181818181817
419111,1,12,6,MF Maharoof,0.2666666666666668
419111,1,15,6,S Ladda,1.8722222222222222
419111,2,5,6,AD Mascarenhas,-1.6722222222222227
419111,2,8,6,SK Warne,3.4333333333333336
419111,2,12,6,SK Warne,-0.672222222222222
419111,2,15,6,SW Tait,1.5500000000000003
419112,1,5,6,JH Kallis,4.341666666666667
419112,1,8,6,A Kumble,3.1333333333333333
419112,1,12,6,V Kohli,5.4
419112,1,15,6,DW Steyn,0.8833333333333331
419112,2,5,6,IK Pathan,4.45
419112,2,8,6,PP Chawla,-1.725
419112,2,12,6,S Sreesanth,5.855555555555555
419112,2,15,6,Bipul Sharma,-0.18333333333333343
419113,1,5,6,LR Shukla,3.2166666666666663
419113,1,8,6,LR Shukla,0.3500000000000001
419113,1,12,6,SE Bond,1.1222222222222222
419113,1,15,6,M Kartik,1.1125000000000003
419113,2,5,6,MS Gony,2.0611111111111113
419113,2,8,6,JM Kemp,0.4800000000000001
419113,2,12,6,JM Kemp,-7.255555555555556
419113,2,15,6,M Muralitharan,-2.1055555555555556
419114,1,5,6,S Ladda,4.166666666666667
419114,1,8,6,A Mishra,3.8333333333333335
419114,1,12,6,A Mishra,1.9277777777777783
419114,1,15,6,DP Nannes,3.2166666666666663
419114,2,5,6,KA Pollard,2.4833333333333334
419114,2,8,6,Harbhajan Singh,-1.54
419114,2,12,6,KA Pollard,0.13333333333333314
419114,2,15,6,ST Jayasuriya,-7.504166666666667
419115,1,5,6,JH Kallis,-1.54
419115,1,8,6,A Kumble,-2.65
419115,1,12,6,JH Kallis,-3.8565217391304354
419115,1,15,6,R Vinay Kumar,2.1333333333333333
419115,2,5,6,SK Warne,2.4833333333333334
419115,2,8,6,S Narwal,2.9545454545454546
419116,1,5,6,L Balaji,-1.8333333333333333
419116,1,8,6,JA Morkel,2.436363636363637
419116,1,12,6,R Ashwin,2.188888888888889
419116,1,15,6,M Muralitharan,-3.0208333333333335
419116,2,5,6,PJ Sangwan,2.375
419116,2,8,6,UT Yadav,1.2555555555555558
419116,2,12,6,DP Nannes,-1.6999999999999997
419116,2,15,6,TM Dilshan,2.6500000000000004
419117,1,5,6,PP Chawla,-0.1499999999999999
419117,1,8,6,IK Pathan,1.3916666666666668
419117,1,12,6,Yuvraj Singh,-5.625
419117,1,15,6,PP Chawla,3.155555555555556
419117,2,5,6,A Symonds,0.5833333333333333
419117,2,8,6,PP Ojha,2.4583333333333335
419117,2,12,6,A Symonds,-1.3777777777777778
419117,2,15,6,A Symonds,-1.1083333333333332
419118,1,5,6,AD Mathews,6.8
419118,1,8,6,M Kartik,-0.2916666666666667
419118,1,12,6,AB Dinda,-2.905555555555556
419118,1,15,6,AD Mathews,5.116666666666667
419118,2,5,6,SK Trivedi,-2.05
419118,2,8,6,SK Trivedi,1.1666666666666667
419118,2,12,6,YK Pathan,-0.49999999999999994
419118,2,15,6,SW Tait,2.7111111111111112
419119,1,5,6,R Vinay Kumar,2.9333333333333336
419119,1,8,6,R Vinay Kumar,2.7083333333333335
419119,1,12,6,R Vinay Kumar,-5.6875
419119,1,15,6,A Kumble,-2.0166666666666666
419119,2,5,6,KA Pollard,7.25
419119,2,8,6,ST Jayasuriya,4.383333333333333
419119,2,12,6,DJ Bravo,4.261111111111111
419119,2,15,6,Harbhajan Singh,0.6458333333333333
419120,1,5,6,A Mishra,-2.422222222222222
419120,1,8,6,DP Nannes,5.066666666666667
419120,1,12,6,UT Yadav,1.6416666666666668
419120,1,15,6,MC Henriques,-0.35000000000000003
419120,2,5,6,RG Sharma,1.9833333333333332
419120,2,8,6,PP Ojha,0.5166666666666667
419120,2,12,6,R Sharma,0.29166666666666663
419120,2,15,6,PP Ojha,-1.3250000000000002
419121,1,5,6,L Balaji,2.9333333333333336
419121,1,8,6,M Muralitharan,-3.6
419121,1,12,6,R Ashwin,2.6
419121,1,15,6,SK Raina,3.0999999999999996
419121,2,5,6,J Theron,1.8400000000000003
419121,2,8,6,RR Powar,-1.1500000000000001
419121,2,12,6,J Theron,-2.0181818181818185
419121,2,15,6,RR Powar,-1.65
419122,1,5,6,DJ Bravo,-0.2250000000000001
419122,1,8,6,Harbhajan Singh,0.8
419122,1,12,6,Harbhajan Singh,-1.5875
419122,1,15,6,Z Khan,1.4444444444444444
419122,2,5,6,SE Bond,3.2166666666666663
419122,2,8,6,M Kartik,-2.65
419122,2,12,6,CH Gayle,2.8208333333333337
419122,2,15,6,I Sharma,-0.5499999999999998
419123,1,5,6,S Tyagi,1.438888888888889
419123,1,8,6,S Tyagi,0.8391304347826086
419123,1,12,6,R Ashwin,3.4333333333333336
419123,1,15,6,M Muralitharan,-6.354166666666667
419123,2,5,6,JH Kallis,2.4833333333333334
419123,2,8,6,A Kumble,-0.4666666666666668
419123,2,12,6,A Kumble,-2.2291666666666665
419123,2,15,6,R Vinay Kumar,-6.372222222222223
419124,1,5,6,S Sreesanth,-0.5588235294117649
419124,1,8,6,SJ Srivastava,6.80625
419124,1,12,6,SJ Srivastava,5.839130434782609
419124,1,15,6,IK Pathan,3.5250000000000004
419124,2,5,6,SK Warne,9.24
419124,2,8,6,SK Trivedi,0.6000000000000001
419124,2,12,6,MM Patel,-0.5791666666666663
419124,2,15,6,SK Warne,1.429166666666667
419125,1,5,6,DJ Bravo,6.0166666666666675
419125,1,8,6,Harbhajan Singh,-0.5388888888888888
419125,1,12,6,SL Malinga,4.636363636363637
419125,1,15,6,Z Khan,4.838888888888889
419125,2,5,6,L Balaji,4.544444444444445
419125,2,8,6,SB Jakati,2.2
419125,2,12,6,M Muralitharan,0.5277777777777781
419125,2,15,6,NLTC Perera,9.883333333333335
419126,1,5,6,S Narwal,-0.8166666666666667
419126,1,8,6,SK Warne,-4.925
419126,1,12,6,SW Tait,-4.5181818181818185
419126,1,15,6,YK Pathan,2.1545454545454548
419126,2,5,6,R Sharma,-0.1499999999999999
419126,2,8,6,PP Ojha,3.016666666666667
419126,2,12,6,WPUJC Vaas,3.9611111111111104
419127,1,5,6,VS Malik,1.5
419127,1,8,6,SJ Srivastava,-2.76875
419127,1,12,6,B Lee,3.8888888888888884
419127,1,15,6,PP Chawla,0.6722222222222224
419127,2,5,6,AB Agarkar,1.6166666666666667
419127,2,8,6,Iqbal Abdulla,1.9833333333333332
419127,2,12,6,DJ Hussey,2.65
419127,2,15,6,AD Mathews,-0.2777777777777778
419128,1,5,6,R Vinay Kumar,-0.9666666666666666
419128,1,8,6,A Kumble,4.833333333333333
419128,1,12,6,JH Kallis,3.3588235294117648
419128,1,15,6,A Kumble,3.1666666666666665
419128,2,5,6,UT Yadav,2.4529411764705884
419128,2,8,6,AB McDonald,5.066666666666667
419128,2,12,6,PJ Sangwan,3.952941176470588
419128,2,15,6,PJ Sangwan,0.7478260869565219
419129,1,5,6,M Muralitharan,2.6833333333333336
419129,1,8,6,Joginder Sharma,5.425
419129,1,12,6,SB Jakati,-3.6083333333333334
419129,1,15,6,JA Morkel,2.566666666666667
419129,2,5,6,SW Tait,1.1416666666666668
419129,2,8,6,SK Trivedi,-3.15
419129,2,12,6,SK Trivedi,-1.472222222222222
419129,2,15,6,YK Pathan,-2.6869565217391305
419130,1,5,6,RP Singh,4.166666666666667
419130,1,8,6,PP Ojha,2.6833333333333336
419130,1,12,6,PP Ojha,-3.55
419130,1,15,6,A Symonds,3.4944444444444445
419130,2,5,6,SL Malinga,-4.96
419130,2,8,6,Harbhajan Singh,0.20909090909090933
419130,2,12,6,R McLaren,2.5444444444444443
419130,2,15,6,SL Malinga,-4.866666666666667
419131,1,5,6,DJ Hussey,1.5333333333333334
419131,1,8,6,AD Mathews,1.6416666666666668
419131,1,12,6,DJ Hussey,1.827777777777778
419131,1,15,6,M Kartik,2.6888888888888887
419131,2,5,6,A Mishra,-3.6
419131,2,8,6,R Bhatia,-1.5833333333333333
419131,2,12,6,A Mishra,-1.7666666666666668
419131,2,15,6,UT Yadav,-2.991304347826087
419132,1,5,6,Harbhajan Singh,1.9800000000000004
419132,1,8,6,KA Pollard,5.0600000000000005
419132,1,12,6,Harbhajan Singh,-0.8166666666666667
419132,1,15,6,SL Malinga,-5.9111111111111105
419132,2,5,6,PP Chawla,-0.5199999999999996
419132,2,8,6,PP Chawla,0.6083333333333336
419132,2,12,6,B Lee,3.690909090909091
419132,2,15,6,SJ Srivastava,-1.9823529411764707
419133,1,5,6,MS Gony,6.445454545454545
419133,1,8,6,SB Jakati,-1.1083333333333332
419133,1,12,6,JA Morkel,4.9750000000000005
419133,1,15,6,SB Jakati,-7.170833333333333
419133,2,5,6,JH Kallis,3.3833333333333333
419133,2,8,6,KP Pietersen,4.333333333333333
419133,2,12,6,DW Steyn,1.027777777777778
419133,2,15,6,P Kumar,6.3352941176470585
419134,1,5,6,S Narwal,-5.927777777777778
419134,1,8,6,SK Warne,-1.25
419134,1,12,6,SK Warne,-0.4083333333333331
419134,1,15,6,SK Trivedi,3.7333333333333334
419134,2,5,6,UT Yadav,1.5333333333333334
419134,2,8,6,A Mishra,-3.2416666666666663
419134,2,12,6,AB McDonald,3.4083333333333337
419134,2,15,6,UT Yadav,2.3166666666666664
419135,1,5,6,A Symonds,-2.625
419135,1,8,6,PP Ojha,-3.6
419135,1,12,6,PP Ojha,-0.9111111111111109
419135,1,15,6,A Symonds,-3.2416666666666663
419135,2,5,6,M Kartik,4.9
419135,2,8,6,AD Mathews,-0.7416666666666665
419135,2,12,6,AB Agarkar,0.22777777777777786
419135,2,15,6,M Kartik,-0.1541666666666665
419136,1,5,6,JH Kallis,0.5833333333333333
419136,1,8,6,A Kumble,-1.1083333333333332
419136,1,12,6,A Kumble,-0.2777777777777778
419136,1,15,6,A Kumble,0.6043478260869566
419136,2,5,6,PP Chawla,5.116666666666667
419136,2,8,6,Bipul Sharma,-2.65
419136,2,12,6,IK Pathan,2.9333333333333336
419136,2,15,6,Bipul Sharma,-2.8666666666666663
419137,1,5,6,SB Wagh,5.033333333333333
419137,1,8,6,SK Warne,-2.2
419137,1,12,6,SK Warne,1.3333333333333333
419137,1,15,6,S Narwal,9.891666666666666
419137,2,5,6,JA Morkel,7.025
419137,2,8,6,SB Jakati,4.333333333333333
419137,2,12,6,SB Jakati,5.438888888888889
419137,2,15,6,DE Bollinger,-3.5687499999999996
419138,1,5,6,A Symonds,3.0166666666666666
419138,1,8,6,PP Ojha,-5.258333333333333
419138,1,12,6,RG Sharma,3.4555555555555557
419138,1,15,6,A Symonds,3.1416666666666666
419138,2,5,6,DJ Bravo,-2.2
419138,2,8,6,KA Pollard,4.05
419138,2,12,6,KA Pollard,-3.466666666666667
419138,2,15,6,R McLaren,-2.6
419139,1,5,6,J Theron,1.7583333333333335
419139,1,8,6,RR Powar,0.877777777777778
419139,1,12,6,RS Bopara,3.617647058823529
419139,1,15,6,J Theron,0.11666666666666675
419139,2,5,6,CH Gayle,7.7
419139,2,8,6,AB Agarkar,1.9833333333333332
419139,2,12,6,M Kartik,0.522222222222222
419139,2,15,6,AB Agarkar,5.083333333333334
419140,1,5,6,JH Kallis,-1.4666666666666666
419140,1,8,6,KP Appanna,5.966666666666667
419140,1,12,6,KP Appanna,-0.2944444444444446
419140,1,15,6,JH Kallis,0.5111111111111111
419140,2,5,6,MF Maharoof,1.85
419140,2,8,6,R Bhatia,1.75
419140,2,12,6,R Bhatia,2.144444444444445
419140,2,15,6,PJ Sangwan,-5.816666666666667
419141,1,5,6,A Symonds,4.283333333333333
419141,1,8,6,RJ Harris,2.6833333333333336
419141,1,12,6,RJ Harris,-0.20000000000000012
419141,1,15,6,Harmeet Singh,-2.664705882352941
419141,2,5,6,M Morkel,-0.36666666666666664
419141,2,8,6,AP Dole,-0.8583333333333327
419141,2,12,6,SK Trivedi,-0.4916666666666664
419141,2,15,6,SK Warne,-3.894444444444444
419142,1,5,6,Harbhajan Singh,-1.5444444444444447
419142,1,8,6,DJ Bravo,1.56
419142,1,12,6,SL Malinga,2.811764705882353
419142,1,15,6,KA Pollard,-2.2944444444444443
419142,2,5,6,R Ashwin,2.6833333333333336
419142,2,8,6,T Thushara,-1.6545454545454545
419142,2,12,6,R Ashwin,-0.44444444444444453
419142,2,15,6,SB Jakati,-2.9625
419143,1,5,6,YK Pathan,2.436363636363637
419143,1,8,6,SK Warne,8.9
419143,1,12,6,SK Trivedi,-2.2636363636363637
419143,1,15,6,FY Fazal,0.20000000000000018
419143,2,5,6,PP Chawla,0.5833333333333333
419143,2,8,6,IK Pathan,8.483333333333334
419143,2,12,6,PP Chawla,1.7875
419144,1,5,6,PJ Sangwan,2.125
419144,1,8,6,R Bhatia,0.8
419144,1,12,6,R Bhatia,0.18888888888888866
419144,1,15,6,DL Vettori,-2.25
419144,2,5,6,BAW Mendis,1.75
419144,2,8,6,SC Ganguly,6.34
419144,2,12,6,AD Mathews,6.727777777777778
419144,2,15,6,Iqbal Abdulla,3.1
419145,1,5,6,RP Singh,1.8166666666666667
419145,1,8,6,PP Ojha,-0.8583333333333333
419145,1,12,6,PP Ojha,-3.2583333333333333
419145,1,15,6,RP Singh,2.355555555555555
419145,2,5,6,JH Kallis,-1.1
419145,2,8,6,A Kumble,2.681818181818182
419145,2,12,6,JH Kallis,2.4666666666666663
419145,2,15,6,R Vinay Kumar,1.683333333333333
419146,1,5,6,PP Chawla,-0.2999999999999998
419146,1,8,6,RR Powar,1.5333333333333334
419146,1,12,6,RR Powar,1.994444444444445
419146,1,15,6,Yuvraj Singh,3.2916666666666665
419146,2,5,6,Harbhajan Singh,4.25
419146,2,8,6,Z Khan,4.533333333333333
419146,2,12,6,JP Duminy,-1.3583333333333332
419146,2,15,6,SL Malinga,-0.011111111111111072
419147,1,5,6,DR Smith,6.8
419147,1,8,6,A Symonds,0.9166666666666666
419147,1,12,6,RG Sharma,3.4454545454545458
419147,1,15,6,Harmeet Singh,-4.28888888888889
419147,2,5,6,SB Jakati,-1.1
419147,2,8,6,SK Raina,2.4833333333333334
419147,2,12,6,SK Raina,0.1722222222222224
419147,2,15,6,T Thushara,1.0882352941176472
419148,1,5,6,JH Kallis,1.56
419148,1,8,6,S Sriram,2.7
419148,1,12,6,JH Kallis,-3.8222222222222224
419148,1,15,6,DW Steyn,2.227777777777778
419148,2,5,6,I Sharma,3.9611111111111104
419148,2,8,6,BAW Mendis,1.9800000000000004
419148,2,12,6,AB Agarkar,3.9611111111111104
419148,2,15,6,I Sharma,5.22608695652174
419149,1,5,6,PP Chawla,-2.05
419149,1,8,6,Yuvraj Singh,-1.1
419149,1,12,6,Yuvraj Singh,0.6333333333333333
419149,1,15,6,L Ablish,-0.91
419149,2,5,6,R Bhatia,2.4833333333333334
419149,2,8,6,A Mishra,-1.7722222222222221
419149,2,12,6,PD Collingwood,-1.8083333333333333
419149,2,15,6,PD Collingwood,-1.2111111111111112
419150,1,5,6,AA Jhunjhunwala,1.5333333333333334
419150,1,8,6,SK Trivedi,1.75
419150,1,12,6,SK Trivedi,-1.3818181818181818
419150,1,15,6,AP Dole,4.4750000000000005
419150,2,5,6,DS Kulkarni,0.6705882352941174
419150,2,8,6,Harbhajan Singh,-1.25
419150,2,12,6,SL Malinga,0.55
419150,2,15,6,SL Malinga,0.0
419151,1,5,6,JH Kallis,1.9833333333333332
419151,1,8,6,A Kumble,3.9636363636363634
419151,1,12,6,KP Appanna,-0.18333333333333343
419151,1,15,6,KP Appanna,0.5058823529411764
419151,2,5,6,RP Singh,1.7363636363636366
419151,2,8,6,A Symonds,3.325
419151,2,12,6,A Symonds,0.9208333333333332
419151,2,15,6,PP Ojha,-3.858333333333334
419152,1,5,6,AB McDonald,-1.7
419152,1,8,6,PD Collingwood,2.65
419152,1,12,6,PD Collingwood,3.0611111111111113
419152,1,15,6,A Mishra,4.222222222222222
419152,2,5,6,DJ Bravo,7.819999999999999
419152,2,8,6,KA Pollard,0.8
419152,2,12,6,KA Pollard,-2.333333333333333
419152,2,15,6,Harbhajan Singh,-0.26111111111111107
419153,1,5,6,DE Bollinger,-3.4277777777777776
419153,1,8,6,SB Jakati,2.4833333333333334
419153,1,12,6,M Muralitharan,5.991666666666667
419153,1,15,6,SB Jakati,-0.9958333333333335
419153,2,5,6,AB Agarkar,2.4833333333333334
419153,2,8,6,DJ Hussey,1.75
419153,2,12,6,LR Shukla,3.3833333333333333
419154,1,5,6,Pankaj Singh,-3.2333333333333334
419154,1,8,6,JH Kallis,-0.19999999999999996
419154,1,12,6,JH Kallis,-3.0
419154,1,15,6,A Kumble,2.4
419154,2,5,6,AC Voges,8.483333333333334
419154,2,8,6,SK Warne,5.5166666666666675
419154,2,12,6,SK Warne,0.661111111111111
419155,1,5,6,A Nehra,-4.677777777777778
419155,1,8,6,TM Dilshan,-2.9
419155,1,12,6,A Mishra,0.55
419155,1,15,6,TM Dilshan,-2.8166666666666664
419155,2,5,6,DE Bollinger,-4.305555555555556
419155,2,8,6,SB Jakati,-1.525
419155,2,12,6,L Balaji,3.018181818181818
419155,2,15,6,R Ashwin,-0.7999999999999998
419156,1,5,6,MR Marsh,2.7416666666666667
419156,1,8,6,PP Ojha,0.5833333333333333
419156,1,12,6,RJ Harris,-3.3722222222222222
419156,1,15,6,R Sharma,-1.1529411764705881
419156,2,5,6,J Theron,3.6
419156,2,8,6,IK Pathan,0.3250000000000002
419156,2,12,6,SJ Srivastava,3.3416666666666663
419156,2,15,6,PP Chawla,-0.6333333333333332
419157,1,5,6,JH Kallis,-1.25
419157,1,8,6,Pankaj Singh,3.4529411764705884
419157,1,12,6,JH Kallis,-2.5333333333333337
419157,1,15,6,A Kumble,1.4833333333333336
419157,2,5,6,R McLaren,-1.025
419157,2,8,6,Harbhajan Singh,-0.4916666666666664
419157,2,12,6,Harbhajan Singh,-2.475
419157,2,15,6,Z Khan,0.25
419158,1,5,6,JD Unadkat,6.466666666666667
419158,1,8,6,JD Unadkat,1.0250000000000004
419158,1,12,6,LR Shukla,0.022222222222222032
419158,1,15,6,JD Unadkat,-5.574999999999999
419158,2,5,6,SR Watson,0.8277777777777782
419158,2,8,6,YK Pathan,4.118181818181819
419158,2,12,6,AC Voges,8.3
419158,2,15,6,FY Fazal,6.466666666666667
419159,1,5,6,R Ashwin,0.2166666666666667
419159,1,8,6,JM Kemp,6.066666666666667
419159,1,12,6,SB Jakati,6.966666666666667
419159,1,15,6,R Ashwin,-1.4583333333333333
419159,2,5,6,VRV Singh,4.9399999999999995
419159,2,8,6,PP Chawla,5.066666666666667
419159,2,12,6,PP Chawla,1.8333333333333333
419159,2,15,6,J Theron,1.777777777777778
419160,1,5,6,A Mishra,0.8
419160,1,8,6,UT Yadav,-5.2555555555555555
419160,1,12,6,PD Collingwood,4.108333333333333
419160,1,15,6,A Nehra,-2.3055555555555554
419160,2,5,6,A Symonds,-1.1
419160,2,8,6,PP Ojha,-1.3333333333333333
419160,2,12,6,PP Ojha,-4.272222222222222
419160,2,15,6,Harmeet Singh,-0.9611111111111108
419161,1,5,6,SC Ganguly,6.0166666666666675
419161,1,8,6,DJ Hussey,5.566666666666667
419161,1,12,6,JD Unadkat,-1.3055555555555556
419161,1,15,6,M Kartik,-3.9583333333333335
419161,2,5,6,DJ Bravo,-0.17999999999999972
419161,2,8,6,AG Murtaza,0.19166666666666657
419161,2,12,6,CRD Fernando,3.664705882352941
419161,2,15,6,R McLaren,3.011111111111111
419162,1,5,6,P Kumar,3.4611111111111112
419162,1,8,6,KP Pietersen,0.4333333333333334
419162,1,12,6,KP Pietersen,-0.9888888888888889
419162,1,15,6,JH Kallis,6.041666666666667
419162,2,5,6,CRD Fernando,1.7583333333333335
419162,2,8,6,Harbhajan Singh,4.416666666666667
419162,2,12,6,Harbhajan Singh,2.6647058823529415
419162,2,15,6,SL Malinga,-0.6588235294117646
419163,1,5,6,RP Singh,4.609090909090909
419163,1,8,6,PP Ojha,1.025
419163,1,12,6,A Symonds,-2.422222222222222
419163,1,15,6,A Symonds,-2.0583333333333336
419163,2,5,6,DE Bollinger,-5.461111111111111
419163,2,8,6,M Muralitharan,0.5249999999999999
419163,2,12,6,SB Jakati,-3.909090909090909
419163,2,15,6,R Ashwin,-2.7166666666666663
419164,1,5,6,P Kumar,-5.072222222222223
419164,1,8,6,A Kumble,-4.441666666666667
419164,1,12,6,KP Pietersen,4.166666666666667
419164,1,15,6,JH Kallis,-2.65
419164,2,5,6,RJ Harris,0.18235294117647033
419164,2,8,6,A Symonds,1.438888888888889
419164,2,12,6,Harmeet Singh,2.4833333333333334
419165,1,5,6,CRD Fernando,5.200000000000001
419165,1,8,6,KA Pollard,-0.75
419165,1,12,6,KA Pollard,1.2333333333333332
419165,1,15,6,KA Pollard,2.6041666666666665
419165,2,5,6,JA Morkel,6.14
419165,2,8,6,M Muralitharan,-1.1
419165,2,12,6,SB Jakati,4.558333333333334
419165,2,15,6,R Ashwin,1.1478260869565216
501198,1,5,6,JH Kallis,5.8500000000000005
501198,1,8,6,L Balaji,2.2333333333333334
501198,1,12,6,Iqbal Abdulla,-0.8944444444444443
501198,1,15,6,S Ladda,3.6277777777777773
501198,2,5,6,S Randiv,2.98
501198,2,8,6,SB Jakati,-1.95
501198,2,12,6,S Randiv,-1.1555555555555557
501198,2,15,6,R Ashwin,-0.7833333333333331
501199,1,5,6,SK Trivedi,-2.8666666666666667
501199,1,8,6,SK Warne,2.7416666666666667
501199,1,12,6,SK Warne,-4.179166666666666
501199,1,15,6,J Botha,2.9875000000000003
501199,2,5,6,DW Steyn,-1.8636363636363633
501199,2,8,6,DT Christian,2.9333333333333336
501199,2,12,6,DW Steyn,-4.266666666666667
501199,2,15,6,A Mishra,2.275
501200,1,5,6,A Mithun,9.719999999999999
501200,1,8,6,TM Dilshan,-0.12777777777777788
501200,1,12,6,AUK Pathan,3.12
501200,1,15,6,DL Vettori,-1.8791666666666667
501200,2,5,6,R Vinay Kumar,-2.8666666666666667
501200,2,8,6,S Sreesanth,0.16875000000000018
501200,2,12,6,M Muralitharan,1.8722222222222222
501200,2,15,6,RA Jadeja,-0.10000000000000009
501201,1,5,6,MM Patel,4.116666666666667
501201,1,8,6,KA Pollard,0.8
501201,1,12,6,AG Murtaza,-1.8058823529411763
501201,1,15,6,SL Malinga,-11.022222222222224
501201,2,5,6,UT Yadav,2.9333333333333336
501201,2,8,6,RE van der Merwe,-1.1
501201,2,12,6,RE van der Merwe,-0.4666666666666668
501201,2,15,6,AJ Finch,1.841666666666667
501202,1,5,6,M Kartik,1.9000000000000006
501202,1,8,6,JD Ryder,-3.375
501202,1,12,6,R Sharma,1.25
501202,1,15,6,M Manhas,0.877777777777778
501202,2,5,6,PP Chawla,4.566666666666667
501202,2,8,6,R McLaren,0.6222222222222222
501202,2,12,6,P Kumar,0.8111111111111113
501203,1,5,6,I Sharma,3.605555555555555
501203,1,8,6,A Mishra,-2.425
501203,1,12,6,JP Duminy,-0.0666666666666666
501203,1,15,6,PP Ojha,1.8913043478260867
501203,2,5,6,JD Unadkat,2.4833333333333334
501203,2,8,6,R Bhatia,0.4583333333333333
501203,2,12,6,Iqbal Abdulla,-5.388888888888889
501203,2,15,6,JD Unadkat,3.3833333333333333
501204,1,5,6,A Singh,-2.3
501204,1,8,6,J Botha,1.116666666666667
501204,1,12,6,SK Trivedi,2.2222222222222223
501204,1,15,6,SW Tait,-1.5777777777777773
501204,2,5,6,RE van der Merwe,6.8
501204,2,8,6,S Nadeem,0.6666666666666666
501204,2,12,6,IK Pathan,1.5222222222222221
501204,2,15,6,M Morkel,-3.6
501205,1,5,6,AG Murtaza,0.8
501205,1,8,6,Harbhajan Singh,1.5333333333333334
501205,1,12,6,MM Patel,0.0
501205,1,15,6,AG Murtaza,2.0500000000000003
501205,2,5,6,A Mithun,2.4833333333333334
501205,2,8,6,DL Vettori,1.027777777777778
501205,2,12,6,V Kohli,3.2916666666666665
501205,2,15,6,Z Khan,2.8833333333333333
501206,1,5,6,R McLaren,0.30000000000000004
501206,1,8,6,AM Nayar,3.4333333333333336
501206,1,12,6,BA Bhatt,4.558333333333334
501206,1,15,6,BA Bhatt,5.361111111111112
501206,2,5,6,JA Morkel,5.2
501206,2,8,6,S Randiv,3.1833333333333336
501206,2,12,6,SK Raina,5.066666666666667
501206,2,15,6,SB Jakati,5.45
501207,1,5,6,AC Thomas,2.0333333333333337
501207,1,8,6,M Kartik,0.5249999999999999
501207,1,12,6,JD Ryder,0.8
501207,1,15,6,R Sharma,-1.7111111111111112
501207,2,5,6,R Vinay Kumar,-1.8333333333333333
501207,2,8,6,S Sreesanth,2.335294117647059
501207,2,12,6,RA Jadeja,-0.4083333333333331
501207,2,15,6,RA Jadeja,-3.241176470588235
501208,1,5,6,DL Vettori,2.4833333333333334
501208,1,8,6,R Ninan,1.3333333333333333
501208,1,12,6,S Aravind,3.344444444444444
501208,1,15,6,R Ninan,2.544444444444445
501208,2,5,6,I Sharma,-2.3277777777777775
501208,2,8,6,DT Christian,1.25
501208,2,12,6,DT Christian,1.4944444444444447
501208,2,15,6,A Mishra,1.6541666666666666
501209,1,5,6,B Lee,-0.5083333333333334
501209,1,8,6,R Bhatia,6.066666666666667
501209,1,12,6,Iqbal Abdulla,2.5666666666666664
501209,1,15,6,L Balaji,2.1166666666666667
501209,2,5,6,A Singh,2.0083333333333333
501209,2,8,6,J Botha,2.591666666666667
501209,2,12,6,SK Trivedi,1.866666666666667
501209,2,15,6,ND Doshi,5.175
501210,1,5,6,NLTC Perera,2.2666666666666666
501210,1,8,6,RV Gomez,-1.3583333333333332
501210,1,12,6,NLTC Perera,2.6
501210,1,15,6,R Vinay Kumar,3.7437500000000004
501210,2,5,6,KA Pollard,7.819999999999999
501210,2,8,6,KA Pollard,7.7272727272727275
501210,2,12,6,AG Murtaza,1.1882352941176473
501210,2,15,6,MM Patel,0.8055555555555555
501211,1,5,6,TM Dilshan,6.066666666666667
501211,1,8,6,R Ninan,-0.18333333333333343
501211,1,12,6,DL Vettori,-0.07222222222222247
501211,1,15,6,V Kohli,3.1722222222222225
501211,2,5,6,JA Morkel,0.21111111111111125
501211,2,8,6,R Ashwin,-3.2333333333333334
501211,2,12,6,SK Raina,4.86
501211,2,15,6,R Ashwin,-1.3521739130434784
501212,1,5,6,R McLaren,3.2166666666666663
501212,1,8,6,VS Malik,2.091666666666667
501212,1,12,6,P Kumar,2.4708333333333337
501212,1,15,6,RJ Harris,0.13333333333333314
501212,2,5,6,I Sharma,0.9222222222222224
501212,2,8,6,DT Christian,7.7
501212,2,12,6,JP Duminy,4.308333333333334
501212,2,15,6,A Mishra,-3.1416666666666666
501213,1,5,6,UT Yadav,12.4
501213,1,8,6,JR Hopes,-1.6083333333333332
501213,1,12,6,UT Yadav,3.4944444444444445
501213,1,15,6,IK Pathan,3.2000000000000006
501213,2,5,6,WD Parnell,6.35
501213,2,8,6,R Sharma,-0.15833333333333308
501213,2,12,6,Yuvraj Singh,-7.05
501213,2,15,6,R Sharma,-2.3208333333333333
501214,1,5,6,L Balaji,-0.2666666666666668
501214,1,8,6,Iqbal Abdulla,-4.741176470588235
501214,1,12,6,YK Pathan,-1.25
501214,2,5,6,SR Watson,1.011111111111111
501214,2,8,6,SW Tait,-3.84
501214,2,12,6,A Singh,1.9833333333333332
501215,1,5,6,NLTC Perera,5.0
501215,1,8,6,RR Powar,2.9333333333333336
501215,1,12,6,NLTC Perera,0.6000000000000001
501215,1,15,6,NLTC Perera,-1.8166666666666667
501215,2,5,6,TG Southee,3.2166666666666663
501215,2,8,6,TG Southee,5.281818181818182
501215,2,12,6,DE Bollinger,-0.9666666666666666
501216,1,5,6,AB Dinda,4.166666666666667
501216,1,8,6,JR Hopes,3.8
501216,1,12,6,S Nadeem,4.95
501216,1,15,6,IK Pathan,-0.4333333333333334
501216,2,5,6,Harmeet Singh,-5.733333333333333
501216,2,8,6,PP Ojha,1.841666666666667
501216,2,12,6,A Mishra,-0.6333333333333332
501216,2,15,6,A Mishra,-0.672222222222222
501218,1,5,6,AN Ahmed,-6.208333333333333
501218,1,8,6,AG Murtaza,-1.6944444444444446
501218,1,12,6,SL Malinga,2.2764705882352945
501218,1,15,6,JEC Franklin,1.7444444444444442
501218,2,5,6,WD Parnell,1.25
501218,2,8,6,R Sharma,1.5333333333333334
501218,2,12,6,M Kartik,2.1277777777777778
501218,2,15,6,WD Parnell,2.0722222222222224
501219,1,5,6,Iqbal Abdulla,2.4833333333333334
501219,1,8,6,Iqbal Abdulla,1.9222222222222225
501219,1,12,6,L Balaji,1.6499999999999997
501219,1,15,6,B Lee,0.6294117647058818
501219,2,5,6,RA Jadeja,0.6583333333333334
501219,2,8,6,RR Powar,0.55
501219,2,12,6,R Vinay Kumar,-4.28888888888889
501219,2,15,6,RR Powar,-0.07083333333333316
501220,1,5,6,SW Tait,1.7333333333333332
501220,1,8,6,STR Binny,3.15
501220,1,12,6,AS Raut,2.9333333333333336
501220,1,15,6,SW Tait,1.5058823529411764
501220,2,5,6,BA Bhatt,2.65
501220,2,8,6,PC Valthaty,2.2
501220,2,12,6,R McLaren,3.516666666666667
501220,2,15,6,PP Chawla,-1.008333333333333
501221,1,5,6,Joginder Sharma,-0.17999999999999972
501221,1,8,6,R Ashwin,-0.1499999999999999
501221,1,12,6,R Ashwin,1.1058823529411765
501221,1,15,6,Joginder Sharma,4.822222222222223
501221,2,5,6,MM Patel,-0.011111111111111072
501221,2,8,6,RG Sharma,7.416666666666667
501221,2,12,6,KA Pollard,-1.8083333333333333
501221,2,15,6,Harbhajan Singh,-0.7235294117647055
501222,1,5,6,TM Dilshan,2.5545454545454547
501222,1,8,6,CH Gayle,2.64
501222,1,12,6,J Syed Mohammad,-2.7222222222222223
501222,1,15,6,DL Vettori,-0.3500000000000001
501222,2,5,6,Shakib Al Hasan,5.116666666666667
501222,2,8,6,YK Pathan,2.6388888888888893
501222,2,12,6,L Balaji,1.1411764705882352
501222,2,15,6,Iqbal Abdulla,2.4833333333333334
501223,1,5,6,SJ Srivastava,8.24
501223,1,8,6,PC Valthaty,6.0166666666666675
501223,1,12,6,SJ Srivastava,4.870588235294117
501223,1,15,6,P Kumar,2.2708333333333335
501223,2,5,6,IK Pathan,-0.04444444444444451
501223,2,8,6,AB Agarkar,7.533333333333333
501223,2,12,6,AB Agarkar,3.433333333333334
501223,2,15,6,JR Hopes,2.129166666666667
501224,1,5,6,I Sharma,2.045454545454546
501224,1,8,6,A Mishra,-5.258333333333333
501224,1,12,6,PP Ojha,-0.07083333333333316
501224,1,15,6,I Sharma,1.8166666666666669
501224,2,5,6,SL Malinga,-3.6
501224,2,8,6,R Sathish,2.9333333333333336
501224,2,12,6,AN Ahmed,2.2055555555555553
501224,2,15,6,SL Malinga,-8.283333333333333
501225,1,5,6,A Singh,1.738888888888889
501225,1,8,6,J Botha,-1.7888888888888888
501225,1,12,6,SK Trivedi,2.7083333333333335
501225,1,15,6,SK Warne,-7.075
501225,2,5,6,M Muralitharan,-0.0333333333333333
501225,2,8,6,RV Gomez,3.8833333333333333
501225,2,12,6,M Muralitharan,2.2666666666666666
501226,1,5,6,M Kartik,4.166666666666667
501226,1,8,6,R Sharma,0.30000000000000004
501226,1,12,6,Yuvraj Singh,2.5666666666666664
501226,1,15,6,AC Thomas,-2.488235294117647
501226,2,5,6,R Ashwin,-5.283333333333333
501226,2,8,6,S Randiv,0.07499999999999996
501226,2,12,6,DE Bollinger,-0.2181818181818181
501226,2,15,6,SB Jakati,1.7000000000000002
501227,1,5,6,S Aravind,2.355555555555555
501227,1,8,6,DL Vettori,-0.8583333333333333
501227,1,12,6,J Syed Mohammad,3.6583333333333337
501227,1,15,6,DL Vettori,-3.1458333333333335
501227,2,5,6,M Morkel,1.9833333333333332
501227,2,8,6,UT Yadav,1.75
501227,2,12,6,Y Nagar,-2.65
501227,2,15,6,IK Pathan,2.9555555555555557
501228,1,5,6,KMDN Kulasekara,0.6777777777777776
501228,1,8,6,SB Jakati,1.5333333333333334
501228,1,12,6,SK Raina,0.6916666666666665
501228,1,15,6,R Ashwin,-0.3624999999999998
501228,2,5,6,MR Marsh,2.4833333333333334
501228,2,8,6,M Kartik,-0.5166666666666668
501228,2,12,6,R Sharma,2.5944444444444446
501228,2,15,6,R Sharma,2.6208333333333336
501229,1,5,6,R Vinay Kumar,-4.55
501229,1,8,6,NLTC Perera,0.30000000000000004
501229,1,12,6,RA Jadeja,6.183333333333334
501229,1,15,6,S Sreesanth,0.6833333333333333
501229,2,5,6,I Sharma,-12.644444444444444
501229,2,8,6,DT Christian,-0.9545454545454544
501229,2,12,6,MS Gony,-0.6499999999999999
501229,2,15,6,A Mishra,-2.65
501230,1,5,6,UT Yadav,2.9333333333333336
501230,1,8,6,AB Agarkar,-1.1083333333333332
501230,1,12,6,M Morkel,3.6666666666666665
501230,1,15,6,IK Pathan,-1.991666666666667
501230,2,5,6,Iqbal Abdulla,1.8400000000000003
501230,2,8,6,JD Unadkat,-1.844444444444444
501230,2,12,6,Iqbal Abdulla,-1.3222222222222222
501230,2,15,6,B Lee,2.1437500000000003
501231,1,5,6,A Singh,-2.422222222222222
501231,1,8,6,AL Menaria,-3.8333333333333335
501231,1,12,6,SR Watson,0.96875
501231,1,15,6,J Botha,-2.2
501231,2,5,6,AG Murtaza,-0.3999999999999999
501231,2,8,6,Harbhajan Singh,2.2916666666666665
501231,2,12,6,AG Murtaza,0.02083333333333333
501231,2,15,6,KA Pollard,2.7727272727272725
501232,1,5,6,Kamran Khan,8.491666666666667
501232,1,8,6,R Sharma,-5.258333333333333
501232,1,12,6,Yuvraj Singh,1.5
501232,1,15,6,JD Ryder,4.25
501232,2,5,6,S Aravind,-1.0777777777777775
501232,2,8,6,CH Gayle,3.15
501232,2,12,6,Z Khan,3.7
501232,2,15,6,J Syed Mohammad,3.266666666666667
501233,1,5,6,S Sreesanth,-6.082352941176471
501233,1,8,6,RA Jadeja,-3.125
501233,1,12,6,RA Jadeja,-0.6708333333333333
501233,1,15,6,B Akhil,3.690909090909091
501233,2,5,6,UT Yadav,2.2666666666666666
501233,2,8,6,RE van der Merwe,-0.1499999999999999
501233,2,12,6,IK Pathan,-3.0875
501233,2,15,6,M Morkel,-6.808333333333333
501234,1,5,6,Iqbal Abdulla,-1.9166666666666667
501234,1,8,6,YK Pathan,-1.3
501234,1,12,6,YK Pathan,-1.0499999999999998
501234,1,15,6,R Bhatia,-2.0583333333333336
501234,2,5,6,RJ Harris,-0.36666666666666664
501234,2,8,6,PP Chawla,1.841666666666667
501234,2,12,6,PC Valthaty,1.5333333333333334
501234,2,15,6,PP Chawla,2.652941176470588
501235,1,5,6,SK Warne,4.9
501235,1,8,6,SK Warne,0.7166666666666665
501235,1,12,6,SK Trivedi,-3.725
501235,1,15,6,SR Watson,0.6333333333333333
501235,2,5,6,M Kartik,1.725
501235,2,8,6,NL McCullum,0.8
501235,2,12,6,M Kartik,3.155555555555556
501235,2,15,6,M Kartik,4.404166666666667
501236,1,5,6,JP Duminy,1.866666666666667
501236,1,8,6,DT Christian,0.4666666666666668
501236,1,12,6,Harmeet Singh,-0.8583333333333333
501236,1,15,6,A Mishra,4.7666666666666675
501236,2,5,6,R Ashwin,1.366666666666667
501236,2,8,6,SB Jakati,0.31666666666666654
501236,2,12,6,SB Jakati,-3.4958333333333336
501236,2,15,6,DE Bollinger,0.4333333333333334
501237,1,5,6,BA Bhatt,1.9833333333333332
501237,1,8,6,RJ Harris,3.1833333333333336
501237,1,12,6,PP Chawla,3.0416666666666665
501237,1,15,6,PC Valthaty,3.8333333333333335
501237,2,5,6,MM Patel,0.5833333333333333
501237,2,8,6,TL Suman,5.733333333333333
501237,2,12,6,MM Patel,-1.844444444444444
501237,2,15,6,Harbhajan Singh,-3.8777777777777773
501238,1,5,6,S Sreesanth,-1.3117647058823527
501238,1,8,6,R Vinay Kumar,-0.6499999999999999
501238,1,12,6,RV Gomez,3.1833333333333336
501238,1,15,6,RA Jadeja,3.2666666666666666
501238,2,5,6,M Morkel,1.4899999999999998
501238,2,8,6,AB Agarkar,0.55
501238,2,12,6,Y Nagar,8.360000000000001
501239,1,5,6,DT Christian,-0.11818181818181828
501239,1,8,6,DT Christian,0.5499999999999998
501239,1,12,6,A Mishra,-1.475
501239,1,15,6,DW Steyn,2.3166666666666664
501239,2,5,6,Iqbal Abdulla,-3.158333333333333
501239,2,8,6,R Bhatia,2.341666666666667
501239,2,12,6,R Bhatia,-2.783333333333333
501239,2,15,6,L Balaji,2.9470588235294115
501240,1,5,6,R Ashwin,5.116666666666667
501240,1,8,6,SB Jakati,2.341666666666667
501240,1,12,6,R Ashwin,1.4222222222222225
501240,1,15,6,S Randiv,0.3916666666666668
501240,2,5,6,J Botha,-1.0055555555555553
501240,2,8,6,SR Watson,3.6333333333333333
501240,2,12,6,STR Binny,6.066666666666667
501240,2,15,6,SK Trivedi,4.388888888888889
501241,1,5,6,SB Wagh,1.6823529411764708
501241,1,8,6,Yuvraj Singh,-0.8583333333333333
501241,1,12,6,Yuvraj Singh,-3.3583333333333334
501241,1,15,6,AC Thomas,0.4555555555555555
501241,2,5,6,SL Malinga,-0.9750000000000001
501241,2,8,6,KA Pollard,-3.6
501241,2,12,6,SL Malinga,-2.5583333333333336
501241,2,15,6,DS Kulkarni,0.8391304347826086
501242,1,5,6,JD Unadkat,-3.5777777777777775
501242,1,8,6,JH Kallis,1.866666666666667
501242,1,12,6,JD Unadkat,-3.4375
501242,1,15,6,YK Pathan,-0.9888888888888889
501242,2,5,6,P Parameswaran,-0.1499999999999999
501242,2,8,6,RV Gomez,2.4833333333333334
501242,2,12,6,RV Gomez,-5.072222222222223
501242,2,15,6,P Parameswaran,0.9333333333333333
501243,1,5,6,M Morkel,4.058333333333334
501243,1,8,6,AB Agarkar,-1.725
501243,1,12,6,AM Salvi,-1.3117647058823527
501243,1,15,6,IK Pathan,1.9222222222222225
501243,2,5,6,I Sharma,-5.747058823529412
501243,2,8,6,DT Christian,2.8222222222222224
501243,2,12,6,DW Steyn,-0.9833333333333334
501243,2,15,6,I Sharma,-5.033333333333333
501244,1,5,6,P Kumar,0.5833333333333333
501244,1,8,6,L Ablish,5.066666666666667
501244,1,12,6,AM Nayar,3.3833333333333333
501244,1,15,6,L Ablish,6.127777777777778
501244,2,5,6,S Aravind,-4.438888888888889
501244,2,8,6,CH Gayle,-3.1333333333333333
501244,2,12,6,CH Gayle,-5.929166666666666
501244,2,15,6,V Kohli,3.18
501245,1,5,6,YK Pathan,-2.6799999999999997
501245,1,8,6,R Bhatia,1.5
501245,1,12,6,L Balaji,-0.15833333333333308
501245,1,15,6,Iqbal Abdulla,-2.4791666666666665
501245,2,5,6,R Ashwin,-5.0888888888888895
501245,2,8,6,SB Jakati,2.4833333333333334
501246,1,5,6,IK Pathan,-2.9611111111111112
501246,1,8,6,S Nadeem,-1.95
501246,1,12,6,M Morkel,6.411764705882353
501246,1,15,6,IK Pathan,-1.4541666666666668
501246,2,5,6,DS Kulkarni,2.4583333333333335
501246,2,8,6,Harbhajan Singh,-0.9818181818181815
501246,2,12,6,A Symonds,5.091666666666667
501246,2,15,6,MM Patel,-2.6958333333333333
501247,1,5,6,DL Vettori,0.4333333333333334
501247,1,8,6,CH Gayle,-0.4199999999999994
501247,1,12,6,CH Gayle,-3.6304347826086962
501247,1,15,6,DL Vettori,-3.3
501247,2,5,6,R Vinay Kumar,-2.5333333333333337
501247,2,8,6,RA Jadeja,1.2833333333333334
501247,2,12,6,RA Jadeja,1.4500000000000002
501248,1,5,6,SB Wagh,3.2166666666666663
501248,1,8,6,MR Marsh,3.8833333333333333
501248,1,12,6,B Kumar,-2.2833333333333337
501248,1,15,6,MR Marsh,-0.2777777777777778
501248,2,5,6,SJ Srivastava,2.7416666666666667
501248,2,8,6,BA Bhatt,-1.55
501248,2,12,6,P Kumar,-2.3375
501248,2,15,6,SJ Srivastava,-0.5
501249,1,5,6,J Botha,0.3600000000000003
501249,1,8,6,SK Warne,3.6333333333333333
501249,1,12,6,SK Trivedi,6.916666666666667
501249,1,15,6,J Botha,-1.2458333333333333
501249,2,5,6,R Ashwin,1.6666666666666665
501249,2,8,6,JA Morkel,0.18823529411764722
501249,2,12,6,DJ Bravo,3.5999999999999996
501249,2,15,6,SB Jakati,2.7916666666666665
501250,1,5,6,WD Parnell,4.0
501250,1,8,6,Yuvraj Singh,-1.25
501250,1,12,6,R Sharma,-0.20555555555555544
501250,1,15,6,MR Marsh,-0.26111111111111107
501250,2,5,6,A Mishra,3.2166666666666663
501250,2,8,6,PP Ojha,-1.9388888888888887
501250,2,12,6,DT Christian,-2.2833333333333337
501250,2,15,6,I Sharma,3.0277777777777786
501251,1,5,6,MM Patel,-2.0583333333333336
501251,1,8,6,TL Suman,2.9333333333333336
501251,1,12,6,KA Pollard,3.4333333333333336
501251,1,15,6,MM Patel,-7.011111111111112
501251,2,5,6,RJ Harris,0.5833333333333333
501251,2,8,6,SJ Srivastava,1.02
501251,2,12,6,BA Bhatt,-7.741176470588235
501252,1,5,6,CK Langeveldt,1.2583333333333335
501252,1,8,6,CH Gayle,1.616666666666667
501252,1,12,6,V Kohli,1.6416666666666668
501252,1,15,6,CK Langeveldt,1.8888888888888888
501252,2,5,6,J Botha,5.027777777777778
501252,2,8,6,SK Warne,-1.1083333333333332
501252,2,12,6,LRPL Taylor,5.283333333333333
501252,2,15,6,AL Menaria,2.6833333333333336
501253,1,5,6,VR Aaron,-3.375
501253,1,8,6,S Nadeem,0.44166666666666654
501253,1,12,6,S Nadeem,1.9055555555555554
501253,1,15,6,AB Agarkar,1.072222222222222
501253,2,5,6,R Ashwin,-0.2583333333333334
501253,2,8,6,SK Raina,-0.3999999999999999
501253,2,12,6,SB Jakati,3.3833333333333333
501253,2,15,6,R Ashwin,-4.445833333333333
501254,1,5,6,SJ Srivastava,4.454545454545454
501254,1,8,6,Bipul Sharma,0.5750000000000002
501254,1,12,6,BA Bhatt,2.0388888888888888
501254,1,15,6,RJ Harris,4.805555555555555
501254,2,5,6,S Sreesanth,3.344444444444444
501254,2,8,6,R Vinay Kumar,2.35
501254,2,12,6,RA Jadeja,6.866666666666667
501254,2,15,6,RA Jadeja,3.8333333333333335
501255,1,5,6,S Aravind,-0.5166666666666668
501255,1,8,6,A Mithun,-0.03636363636363621
501255,1,12,6,CK Langeveldt,-5.222222222222223
501255,2,5,6,JH Kallis,-1.3583333333333332
501255,2,8,6,Iqbal Abdulla,2.4583333333333335
501256,1,5,6,DS Kulkarni,3.8833333333333333
501256,1,8,6,TL Suman,3.0416666666666665
501256,1,12,6,SL Malinga,-3.6
501256,1,15,6,SL Malinga,-2.7222222222222223
501256,2,5,6,I Sharma,-4.455555555555556
501256,2,8,6,DT Christian,2.4833333333333334
501256,2,12,6,DT Christian,2.176470588235294
501256,2,15,6,Anand Rajan,-3.3833333333333333
501257,1,5,6,AM Salvi,3.2166666666666663
501257,1,8,6,JR Hopes,0.6916666666666665
501257,1,12,6,S Sriram,12.583333333333334
501257,1,15,6,VR Aaron,1.2
501257,2,5,6,SJ Srivastava,9.18
501257,2,8,6,PC Valthaty,3.2166666666666663
501257,2,12,6,PC Valthaty,3.644444444444445
501257,2,15,6,PP Chawla,-7.283333333333333
501258,1,5,6,S Sreesanth,-4.527777777777778
501258,1,8,6,P Parameswaran,-0.2666666666666668
501258,1,12,6,P Parameswaran,-1.6944444444444446
501258,1,15,6,BJ Hodge,-12.954166666666666
501258,2,5,6,AA Chavan,3.1666666666666665
501259,1,5,6,DT Christian,-2.8666666666666667
501259,1,8,6,I Sharma,1.5166666666666666
501259,1,12,6,DT Christian,-3.4833333333333334
501259,1,15,6,A Mishra,-3.558823529411765
501259,2,5,6,MR Marsh,9.24
501259,2,8,6,Yuvraj Singh,-1.95
501259,2,12,6,M Manhas,0.32499999999999996
501259,2,15,6,R Sharma,-3.0652173913043486
501260,1,5,6,S Aravind,-2.05
501260,1,8,6,CH Gayle,2.6583333333333337
501260,1,12,6,S Aravind,3.572222222222222
501260,1,15,6,CH Gayle,3.2708333333333335
501260,2,5,6,SJ Srivastava,-0.5166666666666668
501260,2,8,6,PP Chawla,1.4833333333333332
501260,2,12,6,PP Chawla,-7.027777777777778
501260,2,15,6,RJ Harris,-4.688888888888888
501261,1,5,6,S Sreesanth,-0.04999999999999977
501261,1,8,6,BJ Hodge,0.7666666666666667
501261,1,12,6,RA Jadeja,1.025
501261,1,15,6,M Muralitharan,2.0500000000000003
501261,2,5,6,SB Jakati,4.616666666666667
501261,2,8,6,SK Raina,3.52
501261,2,12,6,SK Raina,2.2055555555555553
501261,2,15,6,SB Jakati,-0.8708333333333335
501262,1,5,6,Iqbal Abdulla,-3.6999999999999997
501262,1,8,6,Shakib Al Hasan,-2.175
501262,1,12,6,Shakib Al Hasan,-4.6
501262,1,15,6,YK Pathan,-3.3708333333333336
501262,2,5,6,B Kumar,-2.05
501262,2,8,6,R Sharma,0.5833333333333333
501262,2,12,6,Yuvraj Singh,1.2833333333333334
501262,2,15,6,WD Parnell,-0.4173913043478261
501263,1,5,6,SR Watson,-4.977777777777778
501263,1,8,6,SK Warne,5.283333333333333
501263,1,12,6,J Botha,0.3545454545454547
501263,1,15,6,SK Warne,2.911111111111111
501263,2,5,6,SL Malinga,4.508333333333333
501263,2,8,6,KA Pollard,1.9833333333333332
501263,2,12,6,SL Malinga,4.058333333333334
501264,1,5,6,RJ Harris,2.6
501264,1,8,6,PP Chawla,3.0416666666666665
501264,1,12,6,PP Chawla,5.361111111111112
501264,1,15,6,BA Bhatt,4.6416666666666675
501264,2,5,6,PP Ojha,3.2166666666666663
501264,2,8,6,JP Duminy,-0.8166666666666667
501264,2,12,6,JP Duminy,-1.0375
501264,2,15,6,A Mishra,-7.983333333333334
501265,1,5,6,SS Mundhe,-1.8000000000000003
501265,1,8,6,MR Marsh,-1.0
501266,1,5,6,DL Vettori,-0.9666666666666666
501266,1,8,6,A Mithun,-0.1499999999999999
501266,1,12,6,CH Gayle,2.4333333333333336
501266,1,15,6,DL Vettori,-5.020833333333333
501266,2,5,6,DE Bollinger,3.7222222222222223
501266,2,8,6,SK Raina,9.24
501266,2,12,6,DJ Bravo,0.5611111111111111
501266,2,15,6,SK Raina,2.8625
501267,1,5,6,SL Malinga,-2.0583333333333336
501267,1,8,6,KA Pollard,0.9333333333333333
501267,1,12,6,SL Malinga,-1.9388888888888887
501267,1,15,6,JEC Franklin,-0.9888888888888889
501267,2,5,6,L Balaji,6.680000000000001
501267,2,8,6,R Bhatia,-0.75
501267,2,12,6,R Bhatia,-6.455555555555557
501267,2,15,6,Iqbal Abdulla,-0.7416666666666665
501268,1,5,6,R Ashwin,-1.7727272727272727
501268,1,8,6,DJ Bravo,2.127272727272728
501268,1,12,6,SK Raina,2.9333333333333336
501268,1,15,6,R Ashwin,-0.7777777777777778
501268,2,5,6,A Mithun,-2.05
501268,2,8,6,V Kohli,3.227272727272727
501268,2,12,6,A Mithun,1.3062500000000004
501268,2,15,6,CH Gayle,0.877777777777778
501269,1,5,6,DS Kulkarni,-2.5333333333333337
501269,1,8,6,KA Pollard,-0.1499999999999999
501269,1,12,6,MM Patel,-6.544444444444444
501269,1,15,6,SL Malinga,1.0882352941176472
501269,2,5,6,Shakib Al Hasan,5.116666666666667
501269,2,8,6,JH Kallis,-4.55
501269,2,12,6,JH Kallis,-7.477777777777778
501269,2,15,6,Shakib Al Hasan,-0.2666666666666668
501270,1,5,6,SL Malinga,1.0583333333333333
501270,1,8,6,KA Pollard,5.260000000000001
501270,1,12,6,KA Pollard,-0.40588235294117636
501270,1,15,6,AN Ahmed,4.052941176470588
501270,2,5,6,S Aravind,-2.288235294117647
501270,2,8,6,DL Vettori,2.1166666666666667
501270,2,12,6,DL Vettori,-6.404166666666667
501270,2,15,6,J Syed Mohammad,-3.261111111111111
501271,1,5,6,CH Gayle,1.616666666666667
501271,1,8,6,DL Vettori,3.0166666666666666
501271,1,12,6,Z Khan,3.3055555555555562
501271,1,15,6,DL Vettori,3.45
501271,2,5,6,JA Morkel,2.988888888888889
501271,2,8,6,SB Jakati,-3.881818181818182
501271,2,12,6,DJ Bravo,-3.15
501271,2,15,6,DE Bollinger,4.866666666666667
548306,1,5,6,JEC Franklin,-1.7
548306,1,8,6,Harbhajan Singh,2.1277777777777778
548306,1,12,6,KA Pollard,-2.425
548306,1,15,6,PP Ojha,-6.754166666666667
548306,2,5,6,RA Jadeja,7.7
548306,2,8,6,DE Bollinger,-2.438888888888888
548306,2,12,6,R Ashwin,1.1777777777777778
548306,2,15,6,DJ Bravo,-2.0823529411764707
548307,1,5,6,GJ Maxwell,2.64
548307,1,8,6,RE van der Merwe,0.7750000000000004
548307,2,5,6,M de Lange,4.025
548307,2,8,6,JH Kallis,0.1722222222222224
548308,1,5,6,PP Ojha,-0.1499999999999999
548308,1,8,6,KA Pollard,0.6000000000000001
548308,1,12,6,KA Pollard,0.48235294117647076
548308,1,15,6,KA Pollard,-1.8041666666666665
548308,2,5,6,WD Parnell,1.5333333333333334
548308,2,8,6,R Sharma,1.272727272727273
548308,2,12,6,MN Samuels,-2.1222222222222222
548308,2,15,6,R Sharma,-2.1166666666666667
548309,1,5,6,P Kumar,3.905555555555555
548309,1,8,6,Bipul Sharma,1.616666666666667
548309,1,12,6,PP Chawla,-0.6499999999999999
548309,1,15,6,Harmeet Singh,0.11666666666666675
548309,2,5,6,KK Cooper,-2.8666666666666667
548309,2,8,6,AA Chavan,3.15
548309,2,12,6,J Botha,4.688888888888888
548309,2,15,6,AA Chavan,-0.8555555555555554
548310,1,5,6,M Morkel,-3.9666666666666663
548310,1,8,6,GJ Maxwell,-1.7
548310,1,12,6,S Nadeem,-0.2944444444444446
548310,1,15,6,S Nadeem,-0.4083333333333331
548310,2,5,6,AB McDonald,1.5333333333333334
548310,2,8,6,DL Vettori,2.5666666666666664
548310,2,12,6,HV Patel,0.30000000000000004
548310,2,15,6,M Muralitharan,-5.645833333333333
548311,1,5,6,DT Christian,-0.9666666666666666
548311,1,8,6,TP Sudhindra,-1.54
548311,1,12,6,DT Christian,-4.28888888888889
548311,1,15,6,DT Christian,-2.9499999999999997
548311,2,5,6,DE Bollinger,1.1666666666666665
548311,2,8,6,SK Raina,-0.75
548311,2,12,6,RA Jadeja,-3.9666666666666663
548311,2,15,6,F du Plessis,7.866666666666667
548312,1,5,6,Iqbal Abdulla,3.4333333333333336
548312,1,8,6,R Bhatia,-2.1833333333333336
548312,1,12,6,R Bhatia,-2.5458333333333334
548312,1,15,6,SP Narine,2.4291666666666667
548312,2,5,6,KK Cooper,-1.54
548312,2,8,6,SK Trivedi,3.6583333333333337
548312,2,12,6,SK Trivedi,-3.1875
548312,2,15,6,A Singh,-4.683333333333334
548313,1,5,6,AD Mascarenhas,-1.725
548313,1,8,6,PP Chawla,1.75
548313,1,12,6,Harmeet Singh,-0.1499999999999999
548313,1,15,6,AD Mascarenhas,-0.9541666666666667
548313,2,5,6,R Sharma,1.5333333333333334
548313,2,8,6,M Kartik,3.7181818181818183
548313,2,12,6,A Nehra,-3.125
548313,2,15,6,R Sharma,-3.1111111111111107
548314,1,5,6,PP Ojha,8.6
548314,1,8,6,PP Ojha,5.175
548314,1,12,6,MM Patel,-6.711111111111111
548314,1,15,6,PP Ojha,4.273913043478261
548314,2,5,6,DT Christian,6.466666666666667
548314,2,8,6,DT Christian,4.4750000000000005
548314,2,12,6,Ankit Sharma,0.44166666666666654
548314,2,15,6,A Mishra,-1.0055555555555553
548315,1,5,6,M Muralitharan,6.0166666666666675
548315,1,8,6,DL Vettori,-1.1083333333333332
548315,1,12,6,R Vinay Kumar,2.0083333333333337
548315,1,15,6,HV Patel,4.877777777777778
548315,2,5,6,L Balaji,-5.5
548315,2,8,6,R Bhatia,0.8
548315,2,12,6,RN ten Doeschate,3.24
548315,2,15,6,Shakib Al Hasan,6.575
548316,1,5,6,M Morkel,-3.0333333333333337
548316,1,8,6,KP Pietersen,0.5166666666666667
548316,1,12,6,S Nadeem,-2.05
548316,1,15,6,RE van der Merwe,-2.1875
548316,2,5,6,R Ashwin,-4.45
548316,2,8,6,DJ Bravo,0.75
548316,2,12,6,SB Jakati,2.7833333333333337
548317,1,5,6,A Singh,-0.44444444444444453
548317,1,8,6,GB Hogg,-2.2916666666666665
548317,1,12,6,SK Trivedi,3.0666666666666664
548317,1,15,6,SK Trivedi,3.8055555555555562
548317,2,5,6,PP Ojha,2.4333333333333336
548317,2,8,6,Harbhajan Singh,2.65
548317,2,12,6,Harbhajan Singh,4.838888888888889
548317,2,15,6,Harbhajan Singh,4.7125
548318,1,5,6,JA Morkel,-1.54
548318,1,8,6,SK Raina,12.54
548318,1,12,6,DJ Bravo,1.2888888888888888
548318,1,15,6,R Ashwin,5.008333333333333
548318,2,5,6,RR Bhatkal,10.0
548318,2,8,6,M Muralitharan,-1.1083333333333332
548318,2,12,6,RR Bhatkal,8.708333333333334
548318,2,15,6,Z Khan,3.1944444444444446
548319,1,5,6,AD Mascarenhas,-7.05
548319,1,8,6,Harmeet Singh,1.6166666666666667
548319,1,12,6,AD Mascarenhas,-6.527777777777778
548319,1,15,6,PP Chawla,-0.8291666666666667
548319,2,5,6,AD Mathews,3.6666666666666665
548319,2,8,6,JD Ryder,1.616666666666667
548319,2,12,6,MN Samuels,1.7777777777777777
548319,2,15,6,R Sharma,-0.8388888888888886
548320,1,5,6,JH Kallis,3.511111111111111
548320,1,8,6,Shakib Al Hasan,-5.625
548320,1,12,6,SP Narine,2.2333333333333334
548320,1,15,6,R Bhatia,3.9636363636363634
548320,2,5,6,A Singh,-0.8944444444444443
548320,2,8,6,SK Trivedi,4.383333333333333
548320,2,12,6,J Botha,-1.65
548320,2,15,6,SK Trivedi,3.7666666666666666
548321,1,5,6,AB Agarkar,7.416666666666667
548321,1,8,6,UT Yadav,5.800000000000001
548321,1,12,6,IK Pathan,2.0
548321,1,15,6,S Nadeem,-6.825
548321,2,5,6,V Pratap Singh,-1.3777777777777778
548321,2,8,6,Ankit Sharma,-0.19999999999999996
548321,2,12,6,JP Duminy,4.561111111111112
548321,2,15,6,DT Christian,-2.85
548322,1,5,6,MN Samuels,0.8
548322,1,8,6,AD Mathews,1.2999999999999998
548322,1,12,6,M Kartik,1.2555555555555555
548322,1,15,6,A Nehra,5.305555555555555
548322,2,5,6,DJ Bravo,2.9333333333333336
548322,2,8,6,R Ashwin,-1.3833333333333333
548322,2,12,6,VY Mahesh,-1.2166666666666666
548322,2,15,6,DJ Bravo,4.209090909090909
548323,1,5,6,JH Kallis,0.09444444444444428
548323,1,8,6,Shakib Al Hasan,2.341666666666667
548323,1,12,6,R Bhatia,0.5249999999999999
548323,1,15,6,JD Unadkat,4.8
548323,2,5,6,AD Mascarenhas,0.8833333333333331
548323,2,8,6,PP Chawla,1.75
548323,2,12,6,PP Chawla,-5.15
548323,2,15,6,BA Bhatt,-3.1333333333333333
548324,1,5,6,R Vinay Kumar,4.383333333333333
548324,1,8,6,DL Vettori,1.275
548324,1,12,6,R Vinay Kumar,2.9333333333333336
548324,1,15,6,CH Gayle,9.98
548324,2,5,6,A Singh,4.45
548324,2,8,6,SK Trivedi,-0.45999999999999996
548324,2,12,6,SK Trivedi,-2.738888888888889
548324,2,15,6,J Botha,-0.2916666666666667
548325,1,5,6,S Nadeem,-6.164705882352941
548325,1,8,6,UT Yadav,-2.65
548325,1,12,6,IK Pathan,-0.8555555555555554
548325,1,15,6,M Morkel,-1.6000000000000003
548325,2,5,6,RP Singh,-1.561111111111111
548325,2,8,6,PP Ojha,-1.35
548325,2,12,6,PP Ojha,-1.7374999999999998
548326,1,5,6,J Botha,3.8
548326,1,8,6,SK Trivedi,2.0083333333333337
548326,1,12,6,J Botha,2.1666666666666665
548326,1,15,6,SK Trivedi,-0.37391304347826076
548326,2,5,6,DT Christian,7.119999999999999
548326,2,8,6,DW Steyn,2.85
548326,2,12,6,Ankit Sharma,3.023529411764706
548326,2,15,6,A Mishra,-4.4
548327,1,5,6,DL Vettori,4.166666666666667
548327,1,8,6,HV Patel,0.5277777777777781
548327,1,12,6,DL Vettori,-0.11111111111111116
548327,1,15,6,Z Khan,3.3222222222222224
548327,2,5,6,MN Samuels,-3.6
548327,2,8,6,B Kumar,1.1222222222222222
548327,2,12,6,R Sharma,8.208333333333334
548327,2,15,6,A Nehra,1.164705882352941
548328,1,5,6,JH Kallis,3.1722222222222225
548328,1,8,6,YK Pathan,2.4833333333333334
548328,1,12,6,R Bhatia,2.6750000000000003
548328,1,15,6,B Lee,-3.0749999999999997
548328,2,5,6,PP Chawla,-0.9666666666666666
548328,2,8,6,Harmeet Singh,4.854545454545455
548328,2,12,6,BA Bhatt,2.1166666666666667
548328,2,15,6,AD Mascarenhas,1.5041666666666667
548329,1,5,6,VR Aaron,-1.9166666666666667
548329,1,8,6,AD Russell,3.3
548329,1,12,6,IK Pathan,4.394444444444445
548329,1,15,6,S Nadeem,3.9708333333333337
548329,2,5,6,A Ashish Reddy,9.333333333333334
548329,2,8,6,S Dhawan,2.018181818181819
548329,2,12,6,A Ashish Reddy,6.608333333333333
548329,2,15,6,Ankit Sharma,7.366666666666667
548330,1,5,6,B Kumar,4.336363636363638
548330,1,8,6,R Sharma,0.9166666666666666
548330,1,12,6,R Sharma,1.3444444444444443
548330,1,15,6,MN Samuels,-2.683333333333333
548330,2,5,6,DE Bollinger,5.6000000000000005
548330,2,8,6,RA Jadeja,-1.1
548330,2,12,6,DJ Bravo,-1.133333333333333
548330,2,15,6,R Ashwin,0.5954545454545452
548331,1,5,6,HV Patel,6.8
548331,1,8,6,AB McDonald,0.5454545454545454
548331,1,12,6,HV Patel,4.3916666666666675
548331,1,15,6,DL Vettori,1.9083333333333334
548331,2,5,6,P Awana,-6.616666666666666
548331,2,8,6,PP Chawla,2.7916666666666665
548331,2,12,6,Azhar Mahmood,3.1833333333333336
548331,2,15,6,P Kumar,3.047826086956521
548332,1,5,6,DE Bollinger,1.7583333333333335
548332,1,8,6,R Ashwin,-2.888888888888889
548332,1,12,6,RA Jadeja,1.25
548332,1,15,6,DE Bollinger,2.2444444444444445
548332,2,5,6,GB Hogg,0.5833333333333333
548332,2,8,6,SK Trivedi,3.4333333333333336
548332,2,12,6,SK Trivedi,2.6277777777777778
548332,2,15,6,A Singh,5.041176470588236
548333,1,5,6,M Morkel,5.2272727272727275
548333,1,8,6,KP Pietersen,4.236363636363636
548333,1,12,6,Y Nagar,4.66
548333,1,15,6,IK Pathan,1.6875
548333,2,5,6,AD Mathews,9.5
548333,2,8,6,R Sharma,4.25
548333,2,12,6,M Kartik,1.2750000000000004
548333,2,15,6,SC Ganguly,-5.045833333333333
548334,1,5,6,Azhar Mahmood,6.14
548334,1,8,6,PP Chawla,-1.475
548334,1,12,6,DJ Hussey,6.066666666666667
548334,1,15,6,PP Chawla,-3.8625
548334,2,5,6,KA Pollard,1.5333333333333334
548334,2,8,6,KA Pollard,-2.2833333333333337
548334,2,12,6,NLTC Perera,4.833333333333333
548334,2,15,6,KA Pollard,-5.091666666666667
548335,1,5,6,L Balaji,-2.2
548335,1,8,6,JH Kallis,3.1833333333333336
548335,1,12,6,SP Narine,-0.2583333333333334
548335,1,15,6,R Bhatia,-2.6166666666666663
548335,2,5,6,V Pratap Singh,3.441666666666667
548335,2,8,6,A Mishra,-2.2833333333333337
548335,2,12,6,Ankit Sharma,-1.6388888888888888
548335,2,15,6,Ankit Sharma,-1.6541666666666666
548336,1,5,6,Pankaj Singh,-0.25555555555555576
548336,1,8,6,SK Trivedi,0.44166666666666654
548336,1,12,6,A Chandila,2.3875
548336,1,15,6,SK Trivedi,2.6
548336,2,5,6,R Vinay Kumar,3.5888888888888886
548336,2,8,6,HV Patel,-1.1
548336,2,12,6,DL Vettori,0.9333333333333333
548336,2,15,6,DL Vettori,0.9583333333333334
548337,1,5,6,M Morkel,-1.3583333333333332
548337,1,8,6,P Negi,2.9583333333333335
548337,1,12,6,UT Yadav,4.25
548337,1,15,6,P Negi,1.6416666666666668
548337,2,5,6,A Nehra,4.9333333333333345
548337,2,8,6,R Sharma,3.3833333333333333
548337,2,12,6,M Kartik,2.8647058823529417
548337,2,15,6,R Sharma,0.6708333333333332
548339,1,5,6,RP Singh,-0.9666666666666666
548339,1,8,6,Harbhajan Singh,3.24
548339,1,12,6,JEC Franklin,-2.1399999999999997
548339,1,15,6,KA Pollard,3.55
548339,2,5,6,P Awana,2.9545454545454546
548339,2,8,6,BA Bhatt,2.9583333333333335
548339,2,12,6,PP Chawla,-0.42352941176470593
548339,2,15,6,P Kumar,1.830434782608696
548341,1,5,6,B Kumar,-3.3833333333333333
548341,1,8,6,R Sharma,0.19166666666666657
548341,1,12,6,A Nehra,3.116666666666667
548341,1,15,6,R Sharma,1.2625000000000002
548341,2,5,6,J Theron,-1.9166666666666667
548341,2,8,6,A Mishra,4.636363636363637
548341,2,12,6,J Theron,-2.2833333333333337
548341,2,15,6,A Ashish Reddy,-2.7777777777777777
548342,1,5,6,RP Singh,4.629411764705882
548342,1,8,6,RJ Peterson,5.066666666666667
548342,1,12,6,SL Malinga,3.3
548342,1,15,6,RJ Peterson,-6.227777777777777
548342,2,5,6,UT Yadav,5.8500000000000005
548342,2,8,6,IK Pathan,-0.15833333333333355
548342,2,12,6,AB Agarkar,-0.8388888888888886
548342,2,15,6,S Nadeem,-1.7291666666666667
548343,1,5,6,SB Jakati,0.5833333333333333
548343,1,8,6,R Ashwin,-1.1722222222222218
548343,1,12,6,JA Morkel,3.7750000000000004
548343,1,15,6,JA Morkel,0.8277777777777775
548343,2,5,6,Azhar Mahmood,-3.15
548343,2,8,6,PP Chawla,1.866666666666667
548343,2,12,6,DJ Hussey,-2.65
548343,2,15,6,Azhar Mahmood,-3.505555555555555
548344,1,5,6,KP Appanna,2.6833333333333336
548344,1,8,6,DL Vettori,0.5833333333333333
548344,1,12,6,TM Dilshan,4.275
548344,1,15,6,DL Vettori,-0.32083333333333314
548344,2,5,6,JH Kallis,-5.65
548344,2,8,6,YK Pathan,-1.945833333333333
548344,2,12,6,R Bhatia,0.8833333333333331
548344,2,15,6,B Lee,3.2416666666666667
548345,1,5,6,KK Cooper,1.4833333333333332
548345,1,8,6,A Singh,2.5666666666666664
548345,1,12,6,KK Cooper,0.6416666666666667
548345,1,15,6,GB Hogg,0.23750000000000027
548345,2,5,6,M Morkel,1.5333333333333334
548345,2,8,6,AB Agarkar,2.341666666666667
548345,2,12,6,UT Yadav,2.7083333333333335
548345,2,15,6,AB Agarkar,3.5875
548346,1,5,6,RP Singh,-0.7777777777777778
548346,1,8,6,SL Malinga,-1.6699999999999997
548346,1,12,6,JEC Franklin,-3.8333333333333335
548346,1,15,6,MM Patel,-2.011111111111111
548346,2,5,6,V Pratap Singh,-1.0944444444444446
548346,2,8,6,DW Steyn,-6.425
548346,2,12,6,DW Steyn,-6.0
548346,2,15,6,A Mishra,1.25
548347,1,5,6,Iqbal Abdulla,2.2083333333333335
548347,1,8,6,JH Kallis,2.7090909090909094
548347,1,12,6,JH Kallis,-3.720833333333333
548347,1,15,6,SP Narine,-1.5833333333333333
548347,2,5,6,JA Morkel,1.0750000000000002
548347,2,8,6,RA Jadeja,2.1
548347,2,12,6,DJ Bravo,-2.65
548347,2,15,6,SK Raina,2.8555555555555556
548348,1,5,6,WD Parnell,-0.5083333333333334
548348,1,8,6,A Nehra,1.1666666666666667
548348,1,12,6,SC Ganguly,3.2916666666666665
548348,1,15,6,WD Parnell,1.5166666666666666
548348,2,5,6,DW Steyn,5.375
548348,2,8,6,JP Duminy,2.2529411764705882
548348,2,12,6,S Dhawan,0.7166666666666665
548348,2,15,6,DW Steyn,4.877777777777778
548349,1,5,6,M Morkel,0.9166666666666666
548349,1,8,6,P Negi,-2.2
548349,1,12,6,P Negi,-9.516666666666666
548349,1,15,6,V Sehwag,2.9583333333333335
548349,2,5,6,SR Watson,3.325
548349,2,8,6,AA Chavan,-0.9666666666666666
548349,2,12,6,AA Chavan,-0.07083333333333314
548350,1,5,6,P Awana,3.4333333333333336
548350,1,8,6,Azhar Mahmood,0.8
548350,1,12,6,P Awana,4.3882352941176475
548350,1,15,6,Azhar Mahmood,-1.1555555555555557
548350,2,5,6,R Vinay Kumar,2.7833333333333337
548350,2,8,6,KP Appanna,-3.15
548350,2,12,6,KP Appanna,1.4444444444444444
548350,2,15,6,AUK Pathan,5.966666666666667
548351,1,5,6,A Nehra,5.8
548351,1,8,6,MJ Clarke,-2.65
548351,1,12,6,WD Parnell,2.341666666666667
548351,1,15,6,A Nehra,-7.1125
548351,2,5,6,MM Patel,-2.1777777777777776
548351,2,8,6,Harbhajan Singh,-4.027777777777778
548351,2,12,6,JEC Franklin,1.3916666666666668
548351,2,15,6,JEC Franklin,2.388888888888889
548352,1,5,6,DT Christian,3.52
548352,1,8,6,AA Jhunjhunwala,0.07499999999999996
548352,1,12,6,A Ashish Reddy,3.18
548352,1,15,6,DW Steyn,1.5722222222222224
548352,2,5,6,R Ashwin,2.4833333333333334
548352,2,8,6,SB Jakati,3.9916666666666667
548352,2,12,6,JA Morkel,-1.1555555555555557
548352,2,15,6,RA Jadeja,0.8
548353,1,5,6,AB Dinda,5.618181818181819
548353,1,8,6,MJ Clarke,2.4833333333333334
548353,1,12,6,M Kartik,-1.3777777777777778
548353,1,15,6,AD Mathews,-4.379166666666667
548353,2,5,6,M de Lange,-2.0529411764705885
548353,2,8,6,SP Narine,-5.5
548353,2,12,6,YK Pathan,0.96
548353,2,15,6,R Bhatia,2.3111111111111113
548354,1,5,6,P Awana,8.9
548354,1,8,6,Azhar Mahmood,1.4250000000000003
548354,1,12,6,P Awana,3.4235294117647057
548354,1,15,6,PP Chawla,-1.3916666666666664
548354,2,5,6,SW Tait,-1.2545454545454542
548354,2,8,6,J Botha,-2.663636363636363
548354,2,12,6,SW Tait,-2.258823529411765
548354,2,15,6,SK Trivedi,-0.10000000000000009
548355,1,5,6,SL Malinga,-1.5833333333333333
548355,1,8,6,RP Singh,-0.7352941176470589
548355,1,12,6,DR Smith,5.7666666666666675
548355,1,15,6,RJ Peterson,4.45
548355,2,5,6,R Ashwin,2.9333333333333336
548355,2,8,6,DJ Bravo,4.663636363636364
548355,2,12,6,SB Jakati,1.616666666666667
548355,2,15,6,R Ashwin,0.19166666666666657
548356,1,5,6,P Parameswaran,2.4833333333333334
548356,1,8,6,M Muralitharan,-0.1499999999999999
548356,1,12,6,CH Gayle,1.5333333333333334
548356,1,15,6,M Muralitharan,0.8583333333333333
548356,2,5,6,Anand Rajan,4.166666666666667
548356,2,8,6,A Ashish Reddy,2.409090909090909
548356,2,12,6,A Ashish Reddy,2.1166666666666667
548356,2,15,6,V Pratap Singh,2.0294117647058822
548357,1,5,6,JH Kallis,-2.7666666666666666
548357,1,8,6,R Bhatia,4.116666666666667
548357,1,12,6,SP Narine,-2.2833333333333337
548357,1,15,6,R Bhatia,2.091666666666667
548357,2,5,6,UT Yadav,3.6666666666666665
548357,2,8,6,VR Aaron,-0.6333333333333332
548357,2,12,6,IK Pathan,3.1058823529411765
548357,2,15,6,UT Yadav,-2.7565217391304353
548358,1,5,6,SW Tait,-3.0083333333333333
548358,1,8,6,STR Binny,-1.95
548358,1,12,6,SW Tait,-5.555555555555555
548358,1,15,6,J Botha,-0.6875
548358,2,5,6,WD Parnell,-0.9666666666666666
548358,2,8,6,A Nehra,4.616666666666667
548358,2,12,6,B Kumar,-1.061111111111111
548358,2,15,6,MJ Clarke,-0.6333333333333332
548359,1,5,6,J Theron,3.075
548359,1,8,6,A Mishra,2.8833333333333333
548359,1,12,6,A Mishra,3.75
548359,1,15,6,A Ashish Reddy,-1.616666666666667
548359,2,5,6,Azhar Mahmood,3.9000000000000004
548359,2,8,6,P Awana,-0.7666666666666668
548359,2,12,6,PP Chawla,2.6722222222222225
548359,2,15,6,Azhar Mahmood,2.1888888888888887
548360,1,5,6,R Vinay Kumar,-4.266666666666667
548360,1,8,6,HV Patel,-2.2555555555555555
548360,1,12,6,J Syed Mohammad,3.9222222222222225
548360,1,15,6,M Muralitharan,-3.7666666666666666
548360,2,5,6,RP Singh,2.394444444444445
548360,2,8,6,PP Ojha,-2.65
548360,2,12,6,KA Pollard,3.9636363636363634
548360,2,15,6,SL Malinga,0.6652173913043475
548361,1,5,6,BW Hilfenhaus,-6.733333333333334
548361,1,8,6,VY Mahesh,-1.1363636363636362
548361,1,12,6,VY Mahesh,-3.8041666666666663
548361,1,15,6,RA Jadeja,0.48333333333333317
548361,2,5,6,Pankaj Singh,-0.375
548361,2,8,6,J Botha,1.6416666666666668
548361,2,12,6,SW Tait,-3.6333333333333337
548361,2,15,6,SK Trivedi,-4.516666666666667
548362,1,5,6,B Kumar,5.241666666666667
548362,1,8,6,AD Mathews,-1.3583333333333332
548362,1,12,6,K Upadhyay,1.5722222222222224
548362,1,15,6,AD Mathews,-1.7888888888888888
548362,2,5,6,KP Appanna,4.616666666666667
548362,2,8,6,M Muralitharan,-2.2833333333333337
548362,2,12,6,HV Patel,4.838888888888889
548362,2,15,6,M Muralitharan,-4.491666666666667
548363,1,5,6,SP Narine,1.5333333333333334
548363,1,8,6,JH Kallis,2.5666666666666664
548363,1,12,6,Shakib Al Hasan,-0.7124999999999999
548363,1,15,6,SP Narine,0.8055555555555555
548363,2,5,6,PP Ojha,-1.1083333333333332
548363,2,8,6,DR Smith,-0.1499999999999999
548363,2,12,6,DR Smith,2.8647058823529417
548363,2,15,6,SL Malinga,2.5388888888888888
548364,1,5,6,JA Morkel,-2.422222222222222
548364,1,8,6,RA Jadeja,5.283333333333333
548364,1,12,6,SB Jakati,2.4444444444444446
548364,1,15,6,R Ashwin,-1.7125
548364,2,5,6,VR Aaron,2.6583333333333337
548364,2,8,6,IK Pathan,2.4833333333333334
548364,2,12,6,UT Yadav,2.7111111111111112
548365,1,5,6,B Kumar,2.825
548365,1,8,6,AD Mathews,1.1416666666666668
548365,1,12,6,JD Ryder,6.75
548365,1,15,6,M Kartik,3.573913043478261
548365,2,5,6,SW Tait,1.9833333333333332
548365,2,8,6,J Botha,0.8
548365,2,12,6,J Botha,-0.672222222222222
548365,2,15,6,STR Binny,3.1
548366,1,5,6,Azhar Mahmood,-0.2999999999999998
548366,1,8,6,PP Chawla,1.9833333333333332
548366,1,12,6,P Awana,-0.2944444444444446
548366,1,15,6,Azhar Mahmood,1.4941176470588236
548366,2,5,6,TP Sudhindra,4.0
548366,2,8,6,A Mishra,2.4833333333333334
548366,2,12,6,A Mishra,-1.3333333333333333
548366,2,15,6,TP Sudhindra,5.1625000000000005
548367,1,5,6,SL Malinga,2.64
548367,1,8,6,Harbhajan Singh,0.6583333333333334
548367,1,12,6,DR Smith,-1.1
548367,1,15,6,RP Singh,1.0117647058823533
548367,2,5,6,R Vinay Kumar,-3.652941176470588
548367,2,8,6,HV Patel,-1.2444444444444445
548367,2,12,6,CH Gayle,7.22
548367,2,15,6,HV Patel,-1.0625
548368,1,5,6,SB Jakati,2.825
548368,1,8,6,R Ashwin,2.7055555555555557
548368,1,12,6,SB Jakati,-0.9833333333333334
548368,1,15,6,RA Jadeja,3.644444444444445
548368,2,5,6,SP Narine,0.5249999999999999
548368,2,8,6,L Balaji,4.038888888888889
548368,2,12,6,JH Kallis,2.9333333333333336
548368,2,15,6,JH Kallis,3.4166666666666674
548369,1,5,6,VR Aaron,-3.858333333333334
548369,1,8,6,IK Pathan,0.5833333333333333
548369,1,12,6,P Negi,0.5444444444444445
548369,1,15,6,IK Pathan,1.5333333333333334
548369,2,5,6,P Awana,-8.708333333333334
548369,2,8,6,PP Chawla,5.116666666666667
548369,2,12,6,Azhar Mahmood,2.0
548369,2,15,6,PP Chawla,0.3791666666666666
548370,1,5,6,MM Patel,0.6555555555555556
548370,1,8,6,KA Pollard,-1.3818181818181818
548370,1,12,6,SL Malinga,1.616666666666667
548370,1,15,6,DR Smith,-4.783333333333333
548370,2,5,6,Iqbal Abdulla,-0.9666666666666666
548370,2,8,6,JH Kallis,4.366666666666667
548370,2,12,6,L Balaji,-3.7411764705882353
548370,2,15,6,Shakib Al Hasan,-0.9375
548371,1,5,6,Azhar Mahmood,-2.05
548371,1,8,6,P Awana,-1.1
548371,1,12,6,DJ Hussey,-1.1
548371,1,15,6,P Awana,-6.733333333333334
548371,2,5,6,R Ashwin,2.375
548371,2,8,6,DJ Bravo,-4.55
548371,2,12,6,VY Mahesh,1.25
548371,2,15,6,BW Hilfenhaus,-1.9166666666666667
548372,1,5,6,AD Russell,-0.17999999999999972
548372,1,8,6,P Negi,-1.1
548372,1,12,6,AD Russell,3.644444444444445
548372,1,15,6,P Negi,5.272222222222223
548372,2,5,6,HV Patel,0.8
548372,2,8,6,P Parameswaran,2.8500000000000005
548372,2,12,6,HV Patel,3.566666666666667
548372,2,15,6,Z Khan,-0.9611111111111108
548373,1,5,6,V Pratap Singh,4.166666666666667
548373,1,8,6,A Mishra,-5.625
548373,1,12,6,JP Duminy,2.0363636363636366
548373,1,15,6,DW Steyn,-2.5722222222222224
548373,2,5,6,J Botha,6.619999999999999
548373,2,8,6,J Botha,0.4083333333333335
548373,2,12,6,A Chandila,-1.8611111111111112
548373,2,15,6,SK Trivedi,-4.166666666666667
548374,1,5,6,UT Yadav,-9.233333333333334
548374,1,8,6,IK Pathan,-2.05
548374,1,12,6,IK Pathan,1.2722222222222226
548374,1,15,6,IK Pathan,1.5625
548374,2,5,6,P Kumar,2.876470588235294
548374,2,8,6,Azhar Mahmood,0.3600000000000003
548374,2,12,6,RJ Harris,-1.1333333333333333
548374,2,15,6,P Awana,5.277777777777778
548375,1,5,6,B Kumar,0.5833333333333333
548375,1,8,6,MJ Clarke,-2.175
548375,1,12,6,MJ Clarke,-0.2958333333333333
548375,1,15,6,A Nehra,3.1944444444444446
548375,2,5,6,SP Narine,0.75
548375,2,8,6,L Balaji,1.011111111111111
548375,2,12,6,R Bhatia,-0.1499999999999999
548375,2,15,6,Shakib Al Hasan,-4.266666666666667
548376,1,5,6,M Muralitharan,-1.1
548376,1,8,6,P Parameswaran,-2.422222222222222
548376,1,12,6,HV Patel,1.9222222222222225
548376,1,15,6,R Vinay Kumar,-1.6555555555555557
548376,2,5,6,MS Gony,4.116666666666667
548376,2,8,6,V Pratap Singh,-0.1499999999999999
548376,2,12,6,A Ashish Reddy,0.07499999999999996
548376,2,15,6,A Ashish Reddy,-0.2944444444444446
548377,1,5,6,DS Kulkarni,-5.555555555555555
548377,1,8,6,DR Smith,0.30000000000000004
548377,1,12,6,JEC Franklin,2.2
548377,1,15,6,KA Pollard,-2.4058823529411764
548377,2,5,6,GB Hogg,0.5833333333333333
548377,2,8,6,SK Trivedi,3.191666666666667
548377,2,12,6,STR Binny,6.5166666666666675
548377,2,15,6,SK Trivedi,3.4125000000000005
548378,1,5,6,VR Aaron,1.75
548378,1,8,6,P Negi,1.025
548378,1,12,6,P Negi,-1.8916666666666668
548378,1,15,6,UT Yadav,1.0666666666666667
548378,2,5,6,SP Narine,-1.1
548378,2,8,6,R Bhatia,5.116666666666667
548378,2,12,6,SP Narine,-0.17500000000000004
548378,2,15,6,Shakib Al Hasan,0.9666666666666666
548379,1,5,6,SL Malinga,3.4333333333333336
548379,1,8,6,DR Smith,1.0333333333333334
548379,1,12,6,RP Singh,2.9722222222222223
548379,1,15,6,DS Kulkarni,-4.227777777777778
548379,2,5,6,R Ashwin,2.4833333333333334
548379,2,8,6,JA Morkel,-2.65
548379,2,12,6,JA Morkel,-3.5777777777777775
548379,2,15,6,DJ Bravo,-3.2333333333333334
548380,1,5,6,VR Aaron,3.8600000000000003
548380,1,8,6,VR Aaron,1.7833333333333337
548380,1,12,6,AD Russell,3.344444444444444
548380,1,15,6,AD Russell,2.5833333333333335
548380,2,5,6,JA Morkel,1.477777777777778
548380,2,8,6,DJ Bravo,2.7
548380,2,12,6,DJ Bravo,0.3222222222222223
548380,2,15,6,SB Jakati,-1.0416666666666667
548381,1,5,6,B Lee,4.276470588235294
548381,1,8,6,R Bhatia,6.5166666666666675
548381,1,12,6,R Bhatia,0.338888888888889
548381,1,15,6,B Lee,4.1000000000000005
548381,2,5,6,R Ashwin,6.416666666666667
548381,2,8,6,DJ Bravo,6.325
548381,2,12,6,JA Morkel,5.155555555555556
548381,2,15,6,SB Jakati,4.15
597998,1,5,6,SP Narine,-2.2
597998,1,8,6,L Balaji,-1.2111111111111112
597998,1,12,6,LR Shukla,2.9333333333333336
597998,1,15,6,SP Narine,-5.4
597998,2,5,6,A Nehra,-0.7222222222222223
597998,2,8,6,J Botha,3.8833333333333333
597998,2,12,6,AD Russell,1.5333333333333334
597998,2,15,6,AD Russell,1.5181818181818185
597999,1,5,6,JDP Oram,-0.17999999999999972
597999,1,8,6,JJ Bumrah,-2.3611111111111107
597999,1,12,6,JJ Bumrah,-4.9
597999,1,15,6,Harbhajan Singh,-1.7624999999999997
597999,2,5,6,M Muralitharan,3.6666666666666665
597999,2,8,6,M Muralitharan,1.7583333333333335
597999,2,12,6,JD Unadkat,1.85
597999,2,15,6,M Kartik,-3.3416666666666663
598000,1,5,6,AB Dinda,-1.7727272727272727
598000,1,8,6,AD Mathews,3.4333333333333336
598000,1,12,6,Yuvraj Singh,-2.2
598000,1,15,6,B Kumar,0.5611111111111111
598000,2,5,6,I Sharma,1.388235294117647
598000,2,8,6,NLTC Perera,-3.3333333333333335
598000,2,12,6,A Ashish Reddy,5.283333333333333
598000,2,15,6,A Mishra,-6.529166666666667
598001,1,5,6,AD Russell,4.12
598001,1,8,6,AD Russell,4.025
598001,1,12,6,AD Russell,4.427777777777778
598001,1,15,6,A Nehra,3.927777777777778
598001,2,5,6,S Sreesanth,-2.7944444444444443
598001,2,8,6,KK Cooper,5.566666666666667
598001,2,12,6,R Shukla,1.2750000000000004
598001,2,15,6,STR Binny,4.783333333333333
598002,1,5,6,AS Rajpoot,0.3611111111111116
598002,1,8,6,DJ Bravo,-1.3333333333333335
598002,1,12,6,RA Jadeja,1.366666666666667
598002,1,15,6,R Ashwin,-2.2722222222222226
598002,2,5,6,Harbhajan Singh,-0.36666666666666664
598002,2,8,6,PP Ojha,0.8
598002,2,12,6,PP Ojha,-4.45
598002,2,15,6,MM Patel,-1.7833333333333339
598003,1,5,6,P Awana,-0.1499999999999999
598003,1,8,6,PP Chawla,-3.15
598003,1,12,6,PP Chawla,-2.35
598003,1,15,6,P Kumar,-2.304347826086957
598003,2,5,6,B Kumar,2.35
598003,2,8,6,MR Marsh,2.7916666666666665
598004,1,5,6,I Sharma,-1.5833333333333333
598004,1,8,6,NLTC Perera,-0.3999999999999999
598004,1,12,6,I Sharma,0.022222222222222032
598004,1,15,6,A Mishra,-2.3541666666666665
598004,2,5,6,MC Henriques,-4.455555555555556
598004,2,8,6,M Muralitharan,-3.6
598004,2,12,6,M Muralitharan,-1.7722222222222221
598004,2,15,6,JD Unadkat,-3.2583333333333333
598005,1,5,6,SP Narine,2.9333333333333336
598005,1,8,6,JH Kallis,2.0083333333333337
598005,1,12,6,LR Shukla,-0.2666666666666668
598005,1,15,6,SP Narine,-5.072222222222223
598005,2,5,6,KK Cooper,0.8
598005,2,8,6,SK Trivedi,-5.175
598005,2,12,6,SK Trivedi,-6.245833333333333
598005,2,15,6,S Sreesanth,-1.2291666666666667
598006,1,5,6,A Nehra,2.1166666666666667
598006,1,8,6,UT Yadav,3.6
598006,1,12,6,BMAJ Mendis,4.25
598006,1,15,6,UT Yadav,3.347058823529412
598006,2,5,6,SL Malinga,1.0583333333333333
598006,2,8,6,Harbhajan Singh,-0.2777777777777778
598006,2,12,6,PP Ojha,4.2727272727272725
598006,2,15,6,SL Malinga,-1.2833333333333332
598007,1,5,6,CH Morris,2.6
598007,1,8,6,RA Jadeja,-1.3333333333333333
598007,1,12,6,R Ashwin,2.341666666666667
598007,1,15,6,DJ Bravo,0.5833333333333337
598007,2,5,6,P Awana,1.9833333333333332
598007,2,8,6,P Awana,4.25
598007,2,12,6,RJ Harris,2.5416666666666665
598007,2,15,6,R Sathish,6.916666666666667
598008,1,5,6,M Muralitharan,6.14
598008,1,8,6,R Vinay Kumar,0.8250000000000002
598008,1,12,6,MC Henriques,-3.425
598008,1,15,6,JD Unadkat,3.1583333333333337
598008,2,5,6,R McLaren,0.7705882352941179
598008,2,8,6,PJ Sangwan,10.86
598008,2,12,6,SP Narine,0.9722222222222222
598008,2,15,6,JH Kallis,1.9260869565217391
598009,1,5,6,R Sharma,0.8
598009,1,8,6,Yuvraj Singh,2.1166666666666667
598009,1,12,6,Yuvraj Singh,-0.7235294117647055
598009,1,15,6,R Sharma,-4.45
598009,2,5,6,KK Cooper,0.5833333333333333
598009,2,8,6,Harmeet Singh,3.011111111111111
598009,2,12,6,JP Faulkner,-1.844444444444444
598009,2,15,6,SK Trivedi,2.8625000000000003
598010,1,5,6,Anand Rajan,-2.05
598010,1,8,6,Anand Rajan,-1.8333333333333333
598010,1,12,6,Anand Rajan,-1.7470588235294118
598010,1,15,6,Anand Rajan,-1.5416666666666667
598010,2,5,6,UT Yadav,5.8500000000000005
598010,2,8,6,J Botha,0.2166666666666667
598010,2,12,6,M Morkel,1.616666666666667
598010,2,15,6,UT Yadav,6.183333333333334
598011,1,5,6,R Sharma,3.3
598011,1,8,6,AJ Finch,-1.1083333333333332
598011,1,12,6,R Sharma,1.9958333333333333
598011,1,15,6,MR Marsh,-3.8200000000000003
598011,2,5,6,Harbhajan Singh,-1.9166666666666667
598011,2,8,6,R Dhawan,2.9083333333333337
598011,2,12,6,PP Ojha,-1.063636363636363
598011,2,15,6,SL Malinga,-0.9888888888888889
598012,1,5,6,MM Sharma,2.0083333333333337
598012,1,8,6,R Ashwin,-2.1454545454545455
598012,1,12,6,R Ashwin,-0.05833333333333343
598012,1,15,6,DJ Bravo,3.7375
598012,2,5,6,R Vinay Kumar,0.7999999999999998
598012,2,8,6,J Syed Mohammad,2.4833333333333334
598012,2,12,6,J Syed Mohammad,-3.8941176470588235
598012,2,15,6,RP Singh,2.9722222222222228
598013,1,5,6,I Sharma,1.2833333333333334
598013,1,8,6,A Mishra,2.375
598013,1,12,6,NLTC Perera,2.95
598013,1,15,6,A Mishra,3.5888888888888886
598013,2,5,6,SMSM Senanayake,1.1823529411764704
598013,2,8,6,JH Kallis,-3.2333333333333334
598013,2,12,6,L Balaji,3.083333333333334
598013,2,15,6,SP Narine,0.6555555555555557
598014,1,5,6,KK Cooper,6.0166666666666675
598014,1,8,6,SK Trivedi,-2.65
598014,1,12,6,SK Trivedi,-4.533333333333333
598014,1,15,6,KK Cooper,0.6583333333333334
598014,2,5,6,P Kumar,-0.3888888888888889
598014,2,8,6,Azhar Mahmood,0.30000000000000004
598014,2,12,6,PP Chawla,-2.65
598014,2,15,6,Azhar Mahmood,1.6291666666666667
598015,1,5,6,R Ashwin,1.5333333333333334
598015,1,8,6,CH Morris,2.4833333333333334
598015,1,12,6,RA Jadeja,-0.5041666666666667
598015,1,15,6,DJ Bravo,4.5
598015,2,5,6,MR Marsh,6.0166666666666675
598015,2,8,6,AM Nayar,-1.5833333333333333
598015,2,12,6,MR Marsh,1.9750000000000005
598015,2,15,6,R Sharma,-0.8416666666666665
598016,1,5,6,SMSM Senanayake,-1.3333333333333333
598016,1,8,6,L Balaji,0.21111111111111125
598016,1,12,6,SMSM Senanayake,-0.6888888888888887
598016,1,15,6,SMSM Senanayake,-2.6
598016,2,5,6,MS Gony,5.116666666666667
598016,2,8,6,PP Chawla,3.8833333333333333
598016,2,12,6,PP Chawla,4.366666666666666
598016,2,15,6,MS Gony,-2.0391304347826087
598017,1,5,6,R Vinay Kumar,-4.55
598017,1,8,6,AB McDonald,0.8250000000000002
598017,1,12,6,J Syed Mohammad,2.341666666666667
598017,1,15,6,R Vinay Kumar,-1.6388888888888888
598017,2,5,6,IK Pathan,0.5833333333333333
598017,2,8,6,S Nadeem,4.333333333333333
598017,2,12,6,S Nadeem,3.083333333333334
598017,2,15,6,UT Yadav,-1.0055555555555553
598018,1,5,6,AD Mathews,2.9333333333333336
598018,1,8,6,MR Marsh,3.4333333333333336
598018,1,12,6,AD Mathews,1.866666666666667
598018,1,15,6,MR Marsh,-0.1739130434782611
598018,2,5,6,I Sharma,1.3666666666666667
598018,2,8,6,KV Sharma,-1.7
598018,2,12,6,I Sharma,-1.4
598018,2,15,6,A Mishra,1.6611111111111114
598019,1,5,6,SL Malinga,3.5833333333333335
598019,1,8,6,Harbhajan Singh,-0.1499999999999999
598019,1,12,6,SL Malinga,2.655555555555556
598019,1,15,6,PP Ojha,0.18888888888888866
598019,2,5,6,AA Chavan,-0.3888888888888889
598019,2,8,6,SK Trivedi,-4.325
598019,2,12,6,JP Faulkner,-0.8833333333333332
598019,2,15,6,KK Cooper,4.833333333333333
598020,1,5,6,IK Pathan,1.0583333333333333
598020,1,8,6,S Nadeem,1.881818181818182
598020,1,12,6,IK Pathan,-0.25555555555555576
598020,1,15,6,UT Yadav,3.0277777777777786
598020,2,5,6,MM Sharma,-7.833333333333334
598020,2,8,6,RA Jadeja,2.2
598020,2,12,6,RA Jadeja,-3.9
598020,2,15,6,R Ashwin,-4.266666666666667
598021,1,5,6,I Sharma,0.6583333333333334
598021,1,8,6,KV Sharma,-5.875
598021,1,12,6,NLTC Perera,2.125
598021,1,15,6,A Mishra,2.2222222222222223
598021,2,5,6,Azhar Mahmood,2.9333333333333336
598021,2,8,6,AD Mascarenhas,1.1944444444444444
598021,2,12,6,Azhar Mahmood,2.341666666666667
598021,2,15,6,MS Gony,-3.7833333333333328
598022,1,5,6,CH Morris,-2.2833333333333337
598022,1,8,6,MM Sharma,-2.3277777777777775
598022,1,12,6,R Ashwin,-1.133333333333333
598022,1,15,6,RA Jadeja,-4.216666666666667
598022,2,5,6,SMSM Senanayake,-0.2944444444444444
598022,2,8,6,YK Pathan,-2.65
598022,2,12,6,R Bhatia,2.2
598022,2,15,6,JH Kallis,-3.672222222222222
598023,1,5,6,JD Unadkat,-0.9666666666666666
598023,1,8,6,M Kartik,5.5166666666666675
598023,1,12,6,M Kartik,2.9333333333333336
598023,1,15,6,R Vinay Kumar,-3.8777777777777773
598023,2,5,6,JP Faulkner,1.5333333333333334
598023,2,8,6,SR Watson,-4.191666666666667
598023,2,12,6,A Chandila,0.07499999999999996
598023,2,15,6,JP Faulkner,-1.220833333333333
598024,1,5,6,UT Yadav,-3.6
598024,1,8,6,RE van der Merwe,-0.041666666666666685
598024,1,12,6,UT Yadav,-0.06363636363636338
598024,1,15,6,AB Agarkar,4.783333333333333
598024,2,5,6,SL Malinga,1.0583333333333333
598024,2,8,6,Harbhajan Singh,4.133333333333333
598024,2,12,6,Harbhajan Singh,4.777777777777778
598024,2,15,6,SL Malinga,-0.4916666666666664
598025,1,5,6,P Kumar,0.19166666666666657
598025,1,8,6,MS Gony,2.85
598025,1,12,6,MS Gony,3.5888888888888886
598025,1,15,6,MS Gony,0.3916666666666668
598025,2,5,6,R Sharma,5.116666666666667
598025,2,8,6,R Sharma,3.8833333333333333
598025,2,12,6,AB Dinda,2.9272727272727272
598025,2,15,6,LJ Wright,4.108333333333333
598026,1,5,6,R Ashwin,2.4833333333333334
598026,1,8,6,JO Holder,2.1941176470588233
598026,1,12,6,CH Morris,5.125
598026,1,15,6,DJ Bravo,0.3000000000000002
598026,2,5,6,KK Cooper,5.066666666666667
598026,2,8,6,SR Watson,4.333333333333333
598026,2,12,6,JP Faulkner,-0.3833333333333332
598026,2,15,6,KK Cooper,5.661111111111111
598027,1,5,6,B Kumar,-1.0823529411764705
598027,1,8,6,AB Dinda,3.845454545454546
598027,1,12,6,MR Marsh,9.05
598027,1,15,6,LJ Wright,-0.4083333333333331
598027,2,5,6,JD Unadkat,-3.4666666666666663
598027,2,8,6,M Kartik,0.3500000000000001
598027,2,12,6,JD Unadkat,-1.1888888888888889
598027,2,15,6,RP Singh,1.3666666666666667
598028,1,5,6,A Nehra,5.658333333333333
598028,1,8,6,UT Yadav,-1.2083333333333333
598028,1,12,6,M Morkel,0.09444444444444428
598028,1,15,6,UT Yadav,1.7611111111111108
598028,2,5,6,Sandeep Sharma,-5.508333333333333
598028,2,8,6,P Awana,0.30000000000000004
598028,2,12,6,P Awana,-2.011111111111111
598028,2,15,6,Azhar Mahmood,2.3166666666666664
598029,1,5,6,PP Ojha,2.4833333333333334
598029,1,8,6,YS Chahal,1.5333333333333334
598029,1,12,6,Harbhajan Singh,8.375
598029,1,15,6,YS Chahal,3.0333333333333337
598029,2,5,6,SMSM Senanayake,5.066666666666667
598029,2,8,6,Iqbal Abdulla,3.1458333333333335
598029,2,12,6,SMSM Senanayake,3.333333333333333
598029,2,15,6,L Balaji,1.1777777777777778
598030,1,5,6,R Ashwin,-0.1499999999999999
598030,1,8,6,CH Morris,0.30000000000000004
598030,1,12,6,JO Holder,0.19583333333333358
598030,1,15,6,DJ Bravo,-1.5833333333333333
598030,2,5,6,A Mishra,5.066666666666667
598030,2,8,6,I Sharma,3.608333333333334
598030,2,12,6,DJG Sammy,4.427777777777778
598030,2,15,6,KV Sharma,-1.1
598031,1,5,6,SMSM Senanayake,2.0
598031,1,8,6,JH Kallis,-2.7583333333333333
598031,1,12,6,L Balaji,0.6055555555555554
598031,1,15,6,SMSM Senanayake,2.4708333333333337
598031,2,5,6,BA Bhatt,3.2166666666666663
598031,2,8,6,PP Chawla,2.4833333333333334
598031,2,12,6,Harmeet Singh,-0.2916666666666667
598031,2,15,6,P Kumar,1.1478260869565216
598032,1,5,6,SR Watson,1.8400000000000003
598032,1,8,6,SK Trivedi,2.3
598032,1,12,6,SK Trivedi,3.066666666666667
598032,1,15,6,STR Binny,1.0882352941176472
598032,2,5,6,I Sharma,2.375
598032,2,8,6,A Mishra,-0.1499999999999999
598032,2,12,6,NLTC Perera,-0.6499999999999999
598032,2,15,6,NLTC Perera,0.5750000000000002
598033,1,5,6,R Vinay Kumar,3.6666666666666665
598033,1,8,6,R Vinay Kumar,5.883333333333333
598033,1,12,6,J Syed Mohammad,-1.1944444444444442
598033,1,15,6,R Vinay Kumar,4.85294117647059
598033,2,5,6,DS Kulkarni,-4.96
598033,2,8,6,Harbhajan Singh,0.04166666666666666
598033,2,12,6,Harbhajan Singh,-3.8041666666666663
598033,2,15,6,SL Malinga,1.6875
598034,1,5,6,JH Kallis,8.6
598034,1,8,6,R Bhatia,3.2916666666666665
598034,1,12,6,R Bhatia,0.7375000000000003
598034,1,15,6,SP Narine,0.8541666666666667
598034,2,5,6,MM Sharma,-1.1333333333333333
598034,2,8,6,RA Jadeja,0.8
598034,2,12,6,DJ Bravo,0.4333333333333334
598034,2,15,6,DP Nannes,3.5000000000000004
598035,1,5,6,B Kumar,2.55
598035,1,8,6,Yuvraj Singh,1.75
598035,1,12,6,R Sharma,0.11666666666666675
598035,1,15,6,KW Richardson,1.1055555555555556
598035,2,5,6,A Nehra,1.3916666666666668
598035,2,8,6,UT Yadav,2.5
598035,2,12,6,IK Pathan,-2.8208333333333333
598035,2,15,6,A Nehra,2.5294117647058822
598036,1,5,6,SR Watson,-1.1083333333333332
598036,1,8,6,A Chandila,2.95
598036,1,12,6,S Sreesanth,-0.17499999999999982
598036,1,15,6,SR Watson,-3.894444444444444
598036,2,5,6,R Vinay Kumar,3.6666666666666665
598036,2,8,6,JD Unadkat,3.8333333333333335
598036,2,12,6,RP Singh,3.4588235294117653
598036,2,15,6,JD Unadkat,4.277777777777778
598037,1,5,6,Azhar Mahmood,1.6833333333333333
598037,1,8,6,P Awana,0.07499999999999996
598037,1,12,6,PP Chawla,2.566666666666667
598037,1,15,6,MS Gony,1.9666666666666663
598037,2,5,6,DS Kulkarni,4.591666666666667
598037,2,8,6,PP Ojha,-2.7916666666666665
598037,2,12,6,KA Pollard,6.916666666666667
598037,2,15,6,SL Malinga,1.9705882352941178
598038,1,5,6,R Sharma,-2.2833333333333337
598038,1,8,6,AB Dinda,1.5
598038,1,12,6,R Sharma,-0.3374999999999999
598038,1,15,6,LJ Wright,2.566666666666667
598038,2,5,6,CH Morris,-0.5166666666666668
598038,2,8,6,MM Sharma,-6.345833333333332
598038,2,12,6,DJ Bravo,1.25
598038,2,15,6,DJ Bravo,0.6000000000000001
598039,1,5,6,NLTC Perera,3.2166666666666663
598039,1,8,6,A Mishra,0.8
598039,1,12,6,A Mishra,-3.094444444444444
598039,1,15,6,DW Steyn,2.1333333333333333
598039,2,5,6,Harbhajan Singh,1.2833333333333334
598039,2,8,6,PP Ojha,1.1666666666666667
598039,2,12,6,PP Ojha,0.8583333333333333
598039,2,15,6,Harbhajan Singh,0.6652173913043478
598040,1,5,6,M Morkel,-0.5666666666666667
598040,1,8,6,IK Pathan,-5.294444444444444
598040,1,12,6,IK Pathan,-4.773913043478261
598040,1,15,6,A Nehra,-0.3823529411764706
598040,2,5,6,SP Narine,-1.1
598040,2,8,6,SP Narine,-1.575
598040,2,12,6,SP Narine,-0.3888888888888889
598040,2,15,6,L Balaji,1.1458333333333333
598041,1,5,6,P Awana,-2.5333333333333337
598041,1,8,6,PP Chawla,2.5666666666666664
598041,1,12,6,R Sathish,0.9333333333333333
598041,1,15,6,MS Gony,7.191666666666667
598041,2,5,6,MM Sharma,-2.905555555555556
598041,2,8,6,R Ashwin,0.8
598041,2,12,6,R Ashwin,0.1722222222222224
598041,2,15,6,DJ Bravo,4.5
598042,1,5,6,AD Mathews,2.4833333333333334
598042,1,8,6,BAW Mendis,1.2722222222222226
598042,1,12,6,AB Dinda,-3.15
598042,1,15,6,AB Dinda,-2.7666666666666666
598042,2,5,6,R Vinay Kumar,0.8
598042,2,8,6,MC Henriques,-0.34166666666666645
598042,2,12,6,R Vinay Kumar,-2.477777777777778
598042,2,15,6,M Muralitharan,3.9111111111111114
598043,1,5,6,SMSM Senanayake,-1.7294117647058824
598043,1,8,6,Iqbal Abdulla,0.18888888888888866
598043,1,12,6,SMSM Senanayake,-3.1999999999999997
598043,1,15,6,R Bhatia,1.994444444444445
598043,2,5,6,SR Watson,-0.609090909090909
598043,2,8,6,GB Hogg,3.2416666666666667
598043,2,12,6,JP Faulkner,0.3388888888888887
598043,2,15,6,SR Watson,-0.6833333333333336
598044,1,5,6,I Sharma,-2.9055555555555554
598044,1,8,6,KV Sharma,0.30000000000000004
598044,1,12,6,KV Sharma,-1.725
598044,1,15,6,A Mishra,-2.075
598044,2,5,6,A Nehra,2.7090909090909094
598044,2,8,6,BMAJ Mendis,-1.95
598044,2,12,6,BMAJ Mendis,-1.3222222222222222
598045,1,5,6,Sandeep Sharma,1.2166666666666668
598045,1,8,6,MS Gony,4.383333333333333
598045,1,12,6,MS Gony,3.4875
598045,1,15,6,P Awana,0.3611111111111116
598045,2,5,6,MC Henriques,5.458333333333333
598045,2,8,6,JD Unadkat,3.075
598045,2,12,6,R Vinay Kumar,3.4166666666666674
598045,2,15,6,JD Unadkat,0.6166666666666669
598046,1,5,6,MM Sharma,0.39999999999999974
598046,1,8,6,CH Morris,0.3777777777777777
598046,1,12,6,B Laughlin,2.5666666666666664
598046,1,15,6,R Ashwin,-1.3583333333333332
598046,2,5,6,P Suyal,-0.8941176470588235
598046,2,8,6,Harbhajan Singh,-2.65
598046,2,12,6,SL Malinga,-6.575
598047,1,5,6,KK Cooper,1.9800000000000004
598047,1,8,6,SR Watson,3.441666666666667
598047,1,12,6,STR Binny,3.0250000000000004
598047,1,15,6,JP Faulkner,-0.4222222222222225
598047,2,5,6,K Upadhyay,3.738888888888888
598047,2,8,6,R Sharma,2.8
598047,2,12,6,Yuvraj Singh,3.5166666666666666
598047,2,15,6,B Kumar,0.13888888888888928
598048,1,5,6,M Muralitharan,2.9333333333333336
598048,1,8,6,M Kartik,2.2
598048,1,12,6,M Kartik,-1.1764705882352942
598048,1,15,6,MC Henriques,8.6
598048,2,5,6,NLTC Perera,1.02
598048,2,8,6,NLTC Perera,1.1083333333333336
598048,2,12,6,DW Steyn,-0.07222222222222247
598048,2,15,6,A Mishra,4.304347826086957
598049,1,5,6,STR Binny,-2.05
598049,1,8,6,PV Tambe,1.025
598049,1,12,6,PV Tambe,2.7083333333333335
598049,1,15,6,SK Trivedi,-1.595833333333333
598049,2,5,6,AB Agarkar,5.8500000000000005
598049,2,8,6,P Negi,2.672727272727273
598049,2,12,6,M Morkel,2.6722222222222225
598049,2,15,6,P Negi,2.8583333333333334
598050,1,5,6,SP Narine,-0.6499999999999999
598050,1,8,6,JH Kallis,2.091666666666667
598050,1,12,6,R Bhatia,1.383333333333333
598050,1,15,6,R Bhatia,2.45
598050,2,5,6,SL Malinga,2.9333333333333336
598050,2,8,6,PP Ojha,-3.4111111111111105
598050,2,12,6,AN Ahmed,-1.3
598050,2,15,6,Harbhajan Singh,-5.5875
598051,1,5,6,NLTC Perera,1.2750000000000004
598051,1,8,6,KV Sharma,2.2818181818181817
598051,1,12,6,DW Steyn,-0.7833333333333334
598051,1,15,6,A Mishra,4.570833333333333
598051,2,5,6,R Ashwin,-1.95
598051,2,8,6,MM Sharma,-3.0166666666666666
598051,2,12,6,DJ Bravo,0.8833333333333331
598051,2,15,6,RA Jadeja,-3.6
598052,1,5,6,JP Faulkner,3.2166666666666663
598052,1,8,6,SK Trivedi,2.4833333333333334
598052,1,12,6,JP Faulkner,2.6
598052,1,15,6,JP Faulkner,3.738888888888888
598052,2,5,6,P Kumar,1.0583333333333333
598052,2,8,6,MS Gony,3.8333333333333335
598052,2,12,6,Bipul Sharma,-1.7888888888888888
598052,2,15,6,P Kumar,2.7705882352941176
598053,1,5,6,B Kumar,-0.4916666666666664
598053,1,8,6,Parvez Rasool,-1.6000000000000003
598053,1,12,6,AD Mathews,0.7666666666666668
598053,1,15,6,B Kumar,-4.027777777777778
598053,2,5,6,SP Narine,0.5833333333333333
598053,2,8,6,RN ten Doeschate,-0.1499999999999999
598053,2,12,6,Iqbal Abdulla,-3.033333333333333
598053,2,15,6,JH Kallis,-0.1444444444444447
598054,1,5,6,UT Yadav,2.9333333333333336
598054,1,8,6,UT Yadav,3.990909090909091
598054,1,12,6,M Morkel,1.1055555555555556
598054,1,15,6,S Kaul,0.7666666666666668
598054,2,5,6,JD Unadkat,-5.508333333333333
598054,2,8,6,J Syed Mohammad,11.32
598054,2,12,6,R Vinay Kumar,5.063636363636364
598054,2,15,6,M Kartik,1.4458333333333335
598055,1,5,6,AN Ahmed,2.3
598055,1,8,6,PP Ojha,2.3166666666666664
598055,1,12,6,SL Malinga,-1.5916666666666666
598055,1,15,6,GJ Maxwell,1.25
598055,2,5,6,KW Richardson,3.05
598055,2,8,6,BAW Mendis,-2.966666666666667
598055,2,12,6,Yuvraj Singh,-2.4055555555555554
598055,2,15,6,AB Dinda,-2.438888888888888
598056,1,5,6,Sandeep Sharma,-0.23333333333333328
598056,1,8,6,PP Chawla,-4.55
598056,1,12,6,PP Chawla,-1.7333333333333332
598056,1,15,6,PP Chawla,-1.5
598056,2,5,6,I Sharma,2.0777777777777775
598056,2,8,6,GH Vihari,-0.875
598056,2,12,6,NLTC Perera,1.5333333333333334
598056,2,15,6,NLTC Perera,0.9722222222222222
598057,1,5,6,SP Narine,1.5333333333333334
598057,1,8,6,JH Kallis,-0.7749999999999999
598057,1,12,6,SMSM Senanayake,-1.6416666666666668
598057,1,15,6,L Balaji,-1.3388888888888886
598057,2,5,6,R Vinay Kumar,-2.74
598057,2,8,6,R Vinay Kumar,-2.475
598057,2,12,6,M Kartik,-1.8611111111111112
598057,2,15,6,M Kartik,-2.2958333333333334
598058,1,5,6,SR Watson,2.409090909090909
598058,1,8,6,KK Cooper,3.15
598058,1,12,6,KK Cooper,-3.75
598058,1,15,6,JP Faulkner,0.2444444444444444
598058,2,5,6,JO Holder,-5.555555555555555
598058,2,8,6,DJ Bravo,2.4333333333333336
598058,2,12,6,JO Holder,-4.333333333333333
598058,2,15,6,RA Jadeja,-0.1499999999999999
598059,1,5,6,P Awana,-2.2555555555555555
598059,1,8,6,PP Chawla,-2.05
598059,1,12,6,BA Bhatt,2.4833333333333334
598059,1,15,6,DJ Hussey,0.32499999999999996
598059,2,5,6,UT Yadav,0.5833333333333333
598059,2,8,6,AB Agarkar,0.8
598059,2,12,6,UT Yadav,0.44166666666666654
598059,2,15,6,A Nehra,1.3111111111111113
598060,1,5,6,Harbhajan Singh,1.4909090909090914
598060,1,8,6,PP Ojha,3.8833333333333333
598060,1,12,6,MG Johnson,1.6500000000000004
598060,1,15,6,PP Ojha,3.995833333333334
598060,2,5,6,I Sharma,-0.761111111111111
598060,2,8,6,KV Sharma,2.98
598060,2,12,6,DJG Sammy,2.7916666666666665
598060,2,15,6,DW Steyn,1.3666666666666667
598061,1,5,6,SMSM Senanayake,-0.8388888888888886
598061,1,8,6,RN ten Doeschate,3.15
598061,1,12,6,L Balaji,-0.2166666666666665
598061,1,15,6,R Bhatia,3.2888888888888888
598061,2,5,6,AD Mathews,-0.1499999999999999
598061,2,8,6,AD Mathews,2.9583333333333335
598061,2,12,6,AG Murtaza,3.7333333333333334
598061,2,15,6,RV Gomez,-1.9166666666666667
598062,1,5,6,J Botha,8.65
598062,1,8,6,J Botha,6.190909090909091
598062,1,12,6,RE van der Merwe,-1.25
598062,1,15,6,A Nehra,-1.0944444444444446
598062,2,5,6,JO Holder,4.3
598062,2,8,6,R Ashwin,-2.9
598062,2,12,6,R Ashwin,-1.7166666666666668
598062,2,15,6,DJ Bravo,1.725
598063,1,5,6,SR Watson,-2.536363636363636
598063,1,8,6,KK Cooper,2.4833333333333334
598063,1,12,6,KK Cooper,-0.8833333333333332
598063,1,15,6,JP Faulkner,1.1999999999999997
598063,2,5,6,DS Kulkarni,-5.238888888888889
598063,2,8,6,Harbhajan Singh,1.8272727272727274
598063,2,12,6,Harbhajan Singh,-0.4458333333333332
598063,2,15,6,PP Ojha,0.7583333333333332
598064,1,5,6,MS Gony,4.533333333333333
598064,1,8,6,PP Chawla,1.1416666666666668
598064,1,12,6,PP Chawla,1.8000000000000003
598064,1,15,6,MS Gony,-0.8458333333333335
598064,2,5,6,MC Henriques,3.3
598064,2,8,6,RP Singh,1.616666666666667
598064,2,12,6,R Rampaul,-2.2555555555555555
598064,2,15,6,R Rampaul,-0.5874999999999999
598065,1,5,6,SR Watson,-3.125
598065,1,8,6,SK Trivedi,1.7000000000000002
598065,1,12,6,SK Trivedi,-1.4166666666666667
598065,1,15,6,SR Watson,-0.5944444444444444
598065,2,5,6,I Sharma,0.15555555555555578
598065,2,8,6,KV Sharma,0.4333333333333334
598065,2,12,6,I Sharma,0.9434782608695654
598065,2,15,6,A Mishra,-8.85
598066,1,5,6,RG Sharma,-0.1499999999999999
598066,1,8,6,Harbhajan Singh,2.591666666666667
598066,1,12,6,GJ Maxwell,8.6
598066,1,15,6,R Dhawan,-1.1173913043478259
598066,2,5,6,Sandeep Sharma,2.5916666666666663
598066,2,8,6,P Awana,-1.7
598066,2,12,6,P Awana,-1.7722222222222221
598066,2,15,6,Sandeep Sharma,1.8705882352941172
598067,1,5,6,UT Yadav,-3.8200000000000003
598067,1,8,6,UT Yadav,0.5250000000000004
598067,1,12,6,S Nadeem,-2.1833333333333336
598067,1,15,6,M Morkel,3.4
598067,2,5,6,B Kumar,1.5333333333333334
598067,2,8,6,AD Mathews,0.5833333333333333
598067,2,12,6,Yuvraj Singh,3.7416666666666667
598067,2,15,6,WD Parnell,2.747058823529412
598068,1,5,6,DJ Bravo,1.6666666666666665
598068,2,5,6,RP Singh,9.55
598069,1,5,6,Anand Rajan,0.4437500000000001
598069,1,8,6,KV Sharma,0.5833333333333333
598069,1,12,6,NLTC Perera,0.20833333333333331
598069,1,15,6,DW Steyn,-2.2888888888888888
598069,2,5,6,YK Pathan,2.3
598069,2,8,6,Mohammed Shami,3.1833333333333336
598069,2,12,6,Mohammed Shami,3.3625
598069,2,15,6,Iqbal Abdulla,-6.772222222222222
598070,1,5,6,Harbhajan Singh,1.1666666666666667
598070,1,8,6,MM Patel,4.25
598070,1,12,6,MG Johnson,3.7
598070,1,15,6,MM Patel,4.855555555555555
598070,2,5,6,JA Morkel,0.5111111111111111
598070,2,8,6,RA Jadeja,-2.65
598070,2,12,6,RA Jadeja,-3.172222222222222
598070,2,15,6,DJ Bravo,-2.65
598071,1,5,6,SR Watson,1.5333333333333334
598071,1,8,6,SK Trivedi,0.8
598071,1,12,6,SK Trivedi,-1.6416666666666668
598071,1,15,6,JP Faulkner,-1.8058823529411763
598071,2,5,6,I Sharma,1.6500000000000004
598071,2,8,6,A Mishra,-5.5
598071,2,12,6,A Mishra,-3.3
598071,2,15,6,DW Steyn,-2.3277777777777775
598072,1,5,6,PP Ojha,1.5333333333333334
598072,1,8,6,Harbhajan Singh,-4.308333333333333
598072,1,12,6,Harbhajan Singh,-6.165217391304348
598072,1,15,6,KA Pollard,-3.4666666666666663
598072,2,5,6,JP Faulkner,3.891666666666667
598072,2,8,6,SK Trivedi,1.366666666666667
598072,2,12,6,JP Faulkner,4.594117647058823
598072,2,15,6,SK Trivedi,-1.2458333333333333
598073,1,5,6,JA Morkel,-4.977777777777778
598073,1,8,6,R Ashwin,1.75
598073,1,12,6,R Ashwin,1.7764705882352945
598073,1,15,6,DJ Bravo,-0.6333333333333332
598073,2,5,6,R Dhawan,-0.9666666666666666
598073,2,8,6,Harbhajan Singh,-1.383333333333333
598073,2,12,6,PP Ojha,-1.0777777777777775
598073,2,15,6,KA Pollard,2.3166666666666664
729279,1,5,6,PP Ojha,-0.1499999999999999
729279,1,8,6,Harbhajan Singh,2.9333333333333336
729279,1,12,6,SL Malinga,-0.6333333333333332
729279,1,15,6,KA Pollard,3.7750000000000004
729279,2,5,6,Shakib Al Hasan,2.4833333333333334
729279,2,8,6,JH Kallis,1.9500000000000002
729279,2,12,6,Shakib Al Hasan,0.054166666666666835
729279,2,15,6,M Morkel,-2.5333333333333337
729281,1,5,6,JA Morkel,-0.7444444444444444
729281,1,8,6,VR Aaron,-3.15
729281,1,12,6,AB Dinda,4.845454545454546
729281,1,15,6,Yuvraj Singh,3.5166666666666666
729281,2,5,6,S Nadeem,6.0166666666666675
729281,2,8,6,R Sharma,-2.65
729281,2,12,6,WD Parnell,1.6833333333333333
729281,2,15,6,Mohammed Shami,-0.4583333333333333
729283,1,5,6,MG Johnson,4.816666666666667
729283,1,8,6,AR Patel,2.244444444444444
729283,1,12,6,AR Patel,0.4500000000000002
729283,1,15,6,MG Johnson,6.01764705882353
729283,2,5,6,R Ashwin,0.10000000000000042
729283,2,8,6,P Negi,2.2916666666666665
729283,2,12,6,P Negi,5.264705882352942
729283,2,15,6,DR Smith,3.2916666666666665
729285,1,5,6,JP Faulkner,4.6416666666666675
729285,1,8,6,PV Tambe,2.7916666666666665
729285,1,12,6,PV Tambe,1.8111111111111113
729285,1,15,6,R Bhatia,-3.3166666666666664
729285,2,5,6,B Kumar,-2.2555555555555555
729285,2,8,6,A Mishra,1.25
729285,2,12,6,KV Sharma,2.2
729285,2,15,6,A Mishra,-0.5388888888888888
729287,1,5,6,JA Morkel,-0.0823529411764708
729287,1,8,6,AB Dinda,-1.1
729287,1,12,6,Yuvraj Singh,2.1
729287,1,15,6,YS Chahal,-4.2125
729287,2,5,6,Z Khan,-4.511111111111111
729287,2,8,6,PP Ojha,1.7000000000000002
729287,2,12,6,SL Malinga,-0.25555555555555576
729287,2,15,6,Harbhajan Singh,-0.050000000000000044
729289,1,5,6,JD Unadkat,0.8
729289,1,8,6,S Nadeem,2.2
729289,1,12,6,S Nadeem,1.4611111111111106
729289,1,15,6,JP Duminy,3.583333333333334
729289,2,5,6,Shakib Al Hasan,1.5333333333333334
729289,2,8,6,JH Kallis,-0.041666666666666685
729289,2,12,6,SP Narine,1.725
729289,2,15,6,M Morkel,-3.2777777777777777
729291,1,5,6,MG Johnson,3.572727272727273
729291,1,8,6,M Kartik,0.6333333333333331
729291,1,12,6,P Awana,0.7166666666666663
729291,1,15,6,MG Johnson,-0.2166666666666665
729291,2,5,6,PV Tambe,1.4833333333333332
729291,2,8,6,R Bhatia,0.8
729291,2,12,6,R Bhatia,5.7555555555555555
729291,2,15,6,PV Tambe,2.091666666666667
729293,1,5,6,JD Unadkat,-3.125
729293,1,8,6,JDS Neesham,3.990909090909091
729293,1,12,6,JDS Neesham,2.3722222222222222
729293,1,15,6,S Nadeem,1.7388888888888885
729293,2,5,6,MM Sharma,-0.8833333333333332
729293,2,8,6,DR Smith,-2.6799999999999997
729293,2,12,6,R Ashwin,-3.6
729295,1,5,6,KV Sharma,-0.36666666666666664
729295,1,8,6,A Mishra,-0.18333333333333343
729295,1,12,6,A Mishra,3.072222222222223
729295,1,15,6,B Kumar,-2.738888888888889
729295,2,5,6,R Dhawan,5.566666666666667
729295,2,8,6,R Dhawan,5.427272727272728
729295,2,12,6,AR Patel,-1.488888888888889
729295,2,15,6,MG Johnson,-0.2166666666666665
729297,1,5,6,JP Faulkner,3.8181818181818183
729297,1,8,6,R Bhatia,-2.65
729297,1,12,6,R Bhatia,-4.833333333333333
729297,1,15,6,SR Watson,1.75
729297,2,5,6,R Ashwin,-4.55
729297,2,8,6,MM Sharma,1.7000000000000002
729297,2,12,6,RA Jadeja,-5.291666666666667
729297,2,15,6,R Ashwin,-3.1818181818181817
729299,1,5,6,VR Aaron,0.9166666666666666
729299,1,8,6,M Muralitharan,5.625
729299,1,12,6,AB Dinda,2.2
729299,1,15,6,YS Chahal,-0.3666666666666664
729299,2,5,6,M Morkel,3.683333333333333
729299,2,8,6,R Vinay Kumar,0.05454545454545462
729299,2,12,6,JH Kallis,0.3500000000000001
729299,2,15,6,SP Narine,-2.2541666666666664
729301,1,5,6,JD Unadkat,3.4333333333333336
729301,1,8,6,S Nadeem,-2.2722222222222226
729301,1,12,6,LR Shukla,-1.6
729301,1,15,6,WD Parnell,3.7750000000000004
729301,2,5,6,KV Sharma,2.98
729301,2,8,6,A Mishra,-0.1499999999999999
729301,2,12,6,DJG Sammy,2.733333333333334
729301,2,15,6,DJG Sammy,2.4333333333333336
729303,1,5,6,R Ashwin,0.9166666666666666
729303,1,8,6,IC Pandey,0.6555555555555556
729303,1,12,6,SK Raina,4.7444444444444445
729303,1,15,6,MM Sharma,-4.755555555555556
729303,2,5,6,CJ Anderson,6.3
729303,2,8,6,PP Ojha,-1.1875
729303,2,12,6,KA Pollard,4.833333333333333
729303,2,15,6,Harbhajan Singh,-3.0458333333333334
729305,1,5,6,SR Watson,-1.8000000000000003
729305,1,8,6,PV Tambe,-0.9666666666666666
729305,1,12,6,PV Tambe,-4.755555555555556
729305,2,5,6,R Rampaul,-2.5
729305,2,8,6,YS Chahal,-3.0
729305,2,12,6,YS Chahal,-1.894444444444444
729307,1,5,6,SP Narine,6.466666666666667
729307,1,8,6,JH Kallis,0.4333333333333334
729307,1,12,6,SP Narine,3.608333333333334
729307,1,15,6,PP Chawla,-6.529166666666667
729307,2,5,6,L Balaji,-1.9166666666666667
729307,2,8,6,R Dhawan,1.5181818181818185
729307,2,12,6,R Dhawan,-3.8222222222222224
729307,2,15,6,MG Johnson,-0.8333333333333335
729309,1,5,6,Mohammed Shami,-0.9666666666666666
729309,1,8,6,S Nadeem,-0.7749999999999999
729309,1,12,6,LR Shukla,0.5833333333333333
729309,1,15,6,Mohammed Shami,0.11666666666666675
729309,2,5,6,Harbhajan Singh,-0.2833333333333333
729309,2,8,6,PP Ojha,0.9166666666666666
729309,2,12,6,RG Sharma,-3.15
729309,2,15,6,SL Malinga,-5.405555555555556
729311,1,5,6,R Ashwin,0.8
729311,1,8,6,RA Jadeja,3.4083333333333337
729311,1,12,6,IC Pandey,2.8
729311,1,15,6,R Ashwin,0.8217391304347825
729311,2,5,6,KV Sharma,2.7083333333333335
729311,2,8,6,A Mishra,2.591666666666667
729311,2,12,6,A Mishra,2.5388888888888888
729311,2,15,6,B Kumar,-3.7999999999999994
729313,1,5,6,Sandeep Sharma,-6.916666666666667
729313,1,8,6,AR Patel,4.333333333333333
729313,1,12,6,GJ Maxwell,5.6833333333333345
729313,1,15,6,L Balaji,-2.2555555555555555
729313,2,5,6,VR Aaron,-1.5833333333333333
729313,2,8,6,YS Chahal,1.9500000000000002
729313,2,12,6,YS Chahal,-3.3291666666666666
729313,2,15,6,MA Starc,-0.3125
729315,1,5,6,M Morkel,3.764705882352941
729315,1,8,6,Shakib Al Hasan,-1.95
729315,1,12,6,Shakib Al Hasan,-0.7458333333333335
729315,1,15,6,R Vinay Kumar,-2.9611111111111112
729315,2,5,6,SR Watson,-0.17999999999999972
729315,2,8,6,PV Tambe,-1.7
729315,2,12,6,PV Tambe,-2.7944444444444443
729315,2,15,6,PV Tambe,-2.2624999999999997
729317,1,5,6,SL Malinga,1.0
729317,1,8,6,Harbhajan Singh,-0.1499999999999999
729317,1,12,6,Harbhajan Singh,0.55
729317,1,15,6,KA Pollard,3.9782608695652173
729317,2,5,6,DJG Sammy,0.9333333333333333
729317,2,8,6,A Mishra,1.75
729317,2,12,6,A Mishra,3.55
729317,2,15,6,IK Pathan,-1.0
733971,1,5,6,PP Chawla,3.6666666666666665
733971,1,8,6,R Vinay Kumar,3.75
733971,1,12,6,R Vinay Kumar,3.2333333333333334
733971,1,15,6,SP Narine,2.3130434782608695
733971,2,5,6,RA Jadeja,-7.05
733971,2,8,6,R Ashwin,-1.7
733971,2,12,6,R Ashwin,-1.345833333333333
733971,2,15,6,BW Hilfenhaus,0.06666666666666649
733973,1,5,6,SL Malinga,0.5833333333333333
733973,1,8,6,SL Malinga,2.825
733973,1,12,6,CJ Anderson,0.5750000000000002
733973,1,15,6,Harbhajan Singh,-1.7166666666666666
733973,2,5,6,MG Johnson,2.163636363636364
733973,2,8,6,AR Patel,2.7083333333333335
733973,2,12,6,AR Patel,4.25
733973,2,15,6,L Balaji,-0.25555555555555576
733975,1,5,6,PV Tambe,4.616666666666667
733975,1,8,6,R Bhatia,2.9583333333333335
733975,1,12,6,R Bhatia,2.7055555555555557
733975,1,15,6,JP Faulkner,-3.972222222222222
733975,2,5,6,WD Parnell,-1.2416666666666665
733975,2,8,6,R Sharma,3.4083333333333337
733975,2,12,6,R Sharma,4.5777777777777775
733975,2,15,6,S Nadeem,0.0
733977,1,5,6,HV Patel,2.1
733977,1,8,6,YS Chahal,0.8
733977,1,12,6,VR Aaron,0.26666666666666666
733977,1,15,6,HV Patel,-0.1541666666666665
733977,2,5,6,B Kumar,-6.3388888888888895
733977,2,8,6,KV Sharma,-2.425
733977,2,12,6,DJG Sammy,1.5333333333333334
733977,2,15,6,DJG Sammy,5.541666666666667
733979,1,5,6,SP Narine,1.5333333333333334
733979,1,8,6,AD Russell,0.6833333333333333
733979,1,12,6,RN ten Doeschate,2.5666666666666664
733979,1,15,6,R Vinay Kumar,4.094444444444445
733979,2,5,6,TG Southee,3.5250000000000004
733979,2,8,6,PV Tambe,3.4083333333333337
733979,2,12,6,R Bhatia,4.333333333333333
733979,2,15,6,PV Tambe,-5.304347826086956
733981,1,5,6,IC Pandey,2.677777777777778
733981,1,8,6,RA Jadeja,2.6833333333333336
733981,1,12,6,BW Hilfenhaus,-0.027777777777777457
733981,1,15,6,R Ashwin,0.08636363636363628
733981,2,5,6,WD Parnell,-0.7333333333333333
733981,2,8,6,S Nadeem,1.588888888888889
733981,2,12,6,Mohammed Shami,2.6941176470588237
733981,2,15,6,WD Parnell,1.8333333333333333
733983,1,5,6,HV Patel,-1.4666666666666666
733983,1,8,6,VR Aaron,2.1800000000000006
733983,1,12,6,HV Patel,-1.0777777777777775
733983,1,15,6,HV Patel,-0.3916666666666668
733983,2,5,6,Harbhajan Singh,0.07500000000000018
733983,2,8,6,KA Pollard,4.333333333333333
733983,2,12,6,JJ Bumrah,-2.1611111111111114
733983,2,15,6,KA Pollard,1.611111111111111
733985,1,5,6,Shakib Al Hasan,-3.125
733985,1,8,6,JH Kallis,-0.2666666666666668
733985,1,12,6,UT Yadav,-0.8176470588235292
733985,1,15,6,SP Narine,-1.8083333333333333
733985,2,5,6,S Kaul,1.7000000000000002
733985,2,8,6,Mohammed Shami,2.238888888888889
733985,2,12,6,S Nadeem,4.35
733985,2,15,6,S Kaul,4.183333333333333
733987,1,5,6,BW Hilfenhaus,-1.0944444444444446
733987,1,8,6,RA Jadeja,3.8833333333333333
733987,1,12,6,R Ashwin,9.05
733987,1,15,6,DR Smith,5.776470588235294
733987,2,5,6,Sandeep Sharma,-0.3111111111111112
733987,2,8,6,AR Patel,4.133333333333333
733987,2,12,6,AR Patel,3.338888888888889
733987,2,15,6,M Kartik,1.7916666666666667
733989,1,5,6,JP Faulkner,-0.1499999999999999
733989,1,8,6,R Bhatia,-2.658333333333333
733989,1,12,6,R Bhatia,-5.579166666666667
733989,1,15,6,KW Richardson,2.3166666666666664
733989,2,5,6,KV Sharma,-1.25
733989,2,8,6,A Mishra,-0.17999999999999972
733989,2,12,6,A Mishra,0.1499999999999999
733989,2,15,6,DW Steyn,-2.9222222222222225
733991,1,5,6,HV Patel,13.933333333333334
733991,1,8,6,YS Chahal,-3.5
733991,1,12,6,MA Starc,3.9411764705882355
733991,1,15,6,HV Patel,7.890909090909092
733991,2,5,6,Sandeep Sharma,-6.783333333333332
733991,2,8,6,AR Patel,-0.15833333333333308
733991,2,12,6,AR Patel,-0.9888888888888889
733991,2,15,6,L Balaji,2.4818181818181824
733993,1,5,6,MC Henriques,6.75
733993,1,8,6,A Mishra,-2.5166666666666666
733993,1,12,6,DW Steyn,-1.7111111111111112
733993,1,15,6,B Kumar,2.2055555555555553
733995,1,5,6,IC Pandey,0.39999999999999974
733995,1,8,6,RA Jadeja,0.44166666666666654
733995,1,12,6,S Badree,0.49166666666666686
733995,1,15,6,RA Jadeja,2.9625
733995,2,5,6,JJ Bumrah,2.2083333333333335
733995,2,8,6,Harbhajan Singh,0.8
733995,2,12,6,Harbhajan Singh,1.3916666666666668
733995,2,15,6,P Kumar,-2.595833333333333
733997,1,5,6,M Morkel,-5.611111111111112
733997,1,8,6,SP Narine,3.0416666666666665
733997,1,12,6,PP Chawla,-0.5249999999999999
733997,1,15,6,UT Yadav,1.477777777777778
733997,2,5,6,AR Patel,1.9833333333333332
733997,2,8,6,P Awana,1.75
733997,2,12,6,MG Johnson,4.616666666666667
733997,2,15,6,AR Patel,0.9166666666666666
733999,1,5,6,PV Tambe,3.2166666666666663
733999,1,8,6,R Tewatia,-2.2833333333333337
733999,1,12,6,R Bhatia,6.0166666666666675
733999,1,15,6,KW Richardson,-0.5333333333333337
733999,2,5,6,AB Dinda,2.2333333333333334
733999,2,8,6,Yuvraj Singh,-2.8833333333333333
733999,2,12,6,MA Starc,1.616666666666667
733999,2,15,6,YS Chahal,-0.6333333333333332
734001,1,5,6,PP Ojha,5.066666666666667
734001,1,8,6,JJ Bumrah,0.44166666666666654
734001,1,12,6,Harbhajan Singh,0.8055555555555555
734001,1,15,6,JJ Bumrah,1.4222222222222225
734001,2,5,6,B Kumar,-1.9555555555555553
734001,2,8,6,A Mishra,4.308333333333334
734001,2,12,6,DW Steyn,2.0555555555555554
734001,2,15,6,B Kumar,-3.9708333333333328
734003,1,5,6,R Ashwin,7.2
734003,1,8,6,RA Jadeja,0.8
734003,1,12,6,MM Sharma,-0.17499999999999982
734003,1,15,6,R Ashwin,1.429166666666667
734003,2,5,6,KK Cooper,1.5333333333333334
734003,2,8,6,PV Tambe,4.95
734003,2,12,6,R Bhatia,3.1
734003,2,15,6,PV Tambe,3.4083333333333337
734005,1,5,6,R Shukla,-4.55
734005,1,8,6,Imran Tahir,-1.25
734005,1,12,6,Mohammed Shami,-1.2277777777777774
734005,1,15,6,R Shukla,-1.6882352941176468
734005,2,5,6,YS Chahal,4.166666666666667
734005,2,8,6,Yuvraj Singh,2.9333333333333336
734005,2,12,6,M Muralitharan,-3.1458333333333335
734005,2,15,6,Yuvraj Singh,2.525
734007,1,5,6,MG Johnson,0.6944444444444444
734007,1,8,6,Shivam Sharma,-3.85
734007,1,12,6,Shivam Sharma,-0.13749999999999973
734007,1,15,6,AR Patel,2.4666666666666663
734007,2,5,6,MC Henriques,9.016666666666666
734007,2,8,6,DW Steyn,5.3500000000000005
734007,2,12,6,DW Steyn,3.35
734007,2,15,6,A Mishra,0.6000000000000001
734009,1,5,6,Shakib Al Hasan,-1.4416666666666667
734009,1,8,6,YK Pathan,4.333333333333333
734009,1,12,6,M Morkel,-1.594444444444444
734009,1,15,6,M Morkel,0.13043478260869557
734009,2,5,6,SL Malinga,1.4000000000000004
734009,2,8,6,PP Ojha,2.522222222222222
734009,2,12,6,PP Ojha,1.7291666666666667
734009,2,15,6,LMP Simmons,3.6000000000000005
734011,1,5,6,S Nadeem,0.8833333333333331
734011,1,8,6,Imran Tahir,2.4833333333333334
734011,1,12,6,JP Duminy,1.0176470588235296
734011,1,15,6,R Shukla,3.9999999999999996
734011,2,5,6,KK Cooper,-1.3200000000000003
734011,2,8,6,PV Tambe,1.581818181818182
734011,2,12,6,R Bhatia,-3.3555555555555556
734011,2,15,6,DS Kulkarni,-2.7352941176470593
734013,1,5,6,MA Starc,1.0583333333333333
734013,1,8,6,AN Ahmed,0.32499999999999996
734013,1,12,6,YS Chahal,2.2055555555555553
734013,1,15,6,YS Chahal,2.0375
734013,2,5,6,R Ashwin,-4.55
734013,2,8,6,RA Jadeja,-0.6499999999999999
734013,2,12,6,MM Sharma,1.7583333333333335
734013,2,15,6,DJ Hussey,3.8333333333333335
734015,1,5,6,SP Narine,-4.55
734015,1,8,6,Shakib Al Hasan,-0.5416666666666667
734015,1,12,6,PP Chawla,-0.8583333333333333
734015,1,15,6,SP Narine,-1.0777777777777775
734015,2,5,6,DW Steyn,-1.6083333333333332
734015,2,8,6,IK Pathan,3.4333333333333336
734015,2,12,6,DW Steyn,-1.0777777777777775
734015,2,15,6,KV Sharma,-1.4041666666666666
734017,1,5,6,KK Cooper,2.98
734017,1,8,6,DS Kulkarni,1.438888888888889
734017,1,12,6,R Bhatia,3.9388888888888887
734017,1,15,6,R Bhatia,4.220833333333333
734017,2,5,6,K Santokie,0.672727272727273
734017,2,8,6,S Gopal,-0.45999999999999996
734017,2,12,6,S Gopal,-4.55
734017,2,15,6,PP Ojha,-2.5
734019,1,5,6,AR Patel,4.12
734019,1,8,6,R Dhawan,3.55
734019,1,12,6,R Dhawan,3.1944444444444446
734019,1,15,6,Shivam Sharma,3.225
734019,2,5,6,Mohammed Shami,4.2
734019,2,8,6,Imran Tahir,-5.551115123125783e-17
734019,2,12,6,JD Unadkat,1.8722222222222222
734019,2,15,6,WD Parnell,4.116666666666667
734021,1,5,6,KV Sharma,-4.55
734021,1,8,6,Y Venugopal Rao,2.4833333333333334
734021,1,12,6,Parvez Rasool,-0.34090909090909066
734021,1,15,6,DJG Sammy,9.98
734021,2,5,6,AN Ahmed,1.5333333333333334
734021,2,8,6,AN Ahmed,2.7083333333333335
734021,2,12,6,M Muralitharan,-0.8666666666666665
734021,2,15,6,Yuvraj Singh,1.7000000000000002
734023,1,5,6,Shakib Al Hasan,-0.2583333333333334
734023,1,8,6,UT Yadav,1.6611111111111114
734023,1,12,6,PJ Cummins,0.027777777777778123
734023,1,15,6,Shakib Al Hasan,1.9043478260869566
734023,2,5,6,R Ashwin,2.4833333333333334
734023,2,8,6,RA Jadeja,3.8833333333333333
734023,2,12,6,R Ashwin,1.2722222222222226
734023,2,15,6,SK Raina,4.383333333333333
734025,1,5,6,PP Ojha,2.9200000000000004
734025,1,8,6,S Gopal,5.625
734025,1,12,6,S Gopal,-2.275
734025,1,15,6,K Santokie,0.5111111111111111
734025,2,5,6,R Dhawan,3.8833333333333333
734025,2,8,6,AR Patel,0.6944444444444449
734025,2,12,6,AR Patel,-0.28695652173913033
734025,2,15,6,R Dhawan,0.3826086956521741
734027,1,5,6,M Muralitharan,5.200000000000001
734027,1,8,6,Yuvraj Singh,1.8083333333333338
734027,1,12,6,YS Chahal,3.344444444444444
734027,1,15,6,AN Ahmed,3.0277777777777786
734027,2,5,6,SP Narine,1.5333333333333334
734027,2,8,6,R Vinay Kumar,6.2666666666666675
734027,2,12,6,SP Narine,-3.972222222222222
734027,2,15,6,UT Yadav,1.6888888888888887
734029,1,5,6,Parvez Rasool,10.450000000000001
734029,1,8,6,KV Sharma,-7.738888888888889
734029,1,12,6,IK Pathan,-0.1499999999999999
734029,1,15,6,DJG Sammy,2.98
734029,2,5,6,JW Hastings,4.945454545454546
734029,2,8,6,RA Jadeja,6.04
734029,2,12,6,P Negi,4.583333333333333
734029,2,15,6,SK Raina,3.3833333333333333
734031,1,5,6,S Nadeem,4.333333333333333
734031,1,8,6,JP Duminy,1.025
734031,1,12,6,JP Duminy,2.8625000000000003
734031,1,15,6,S Nadeem,-2.3083333333333336
734031,2,5,6,S Gopal,-2.8666666666666667
734031,2,8,6,Harbhajan Singh,-2.0583333333333336
734031,2,12,6,M de Lange,1.0588235294117654
734031,2,15,6,PP Ojha,3.2125
734033,1,5,6,KK Cooper,1.9833333333333332
734033,1,8,6,R Tewatia,-0.8583333333333333
734033,1,12,6,JP Faulkner,0.3500000000000001
734033,1,15,6,PV Tambe,2.95
734033,2,5,6,R Dhawan,3.075
734033,2,8,6,R Dhawan,-3.3166666666666664
734033,2,12,6,AR Patel,0.32499999999999996
734033,2,15,6,AR Patel,-0.6888888888888887
734035,1,5,6,MM Sharma,-3.15
734035,1,8,6,SK Raina,1.0
734035,1,12,6,SK Raina,2.2041666666666666
734035,1,15,6,RA Jadeja,-0.09999999999999964
734035,2,5,6,MA Starc,4.591666666666667
734035,2,8,6,YS Chahal,2.341666666666667
734035,2,12,6,SB Jakati,3.155555555555556
734035,2,15,6,Yuvraj Singh,0.25
734037,1,5,6,SP Narine,2.2666666666666666
734037,1,8,6,UT Yadav,2.318181818181818
734037,1,12,6,Shakib Al Hasan,-3.85
734037,1,15,6,SP Narine,1.1222222222222222
734037,2,5,6,DW Steyn,1.2882352941176474
734037,2,8,6,JO Holder,2.1944444444444446
734037,2,12,6,DW Steyn,4.129166666666667
734039,1,5,6,P Awana,-4.416666666666667
734039,1,8,6,Karanveer Singh,2.6750000000000003
734039,1,12,6,Karanveer Singh,-0.20555555555555544
734039,1,15,6,AR Patel,2.561111111111112
734039,2,5,6,JDS Neesham,5.8
734039,2,8,6,JP Duminy,2.2916666666666665
734039,2,12,6,S Nadeem,5.233333333333333
734041,1,5,6,Harbhajan Singh,-1.9166666666666667
734041,1,8,6,S Gopal,4.333333333333333
734041,1,12,6,PP Ojha,3.7944444444444443
734041,1,15,6,S Gopal,2.9555555555555557
734041,2,5,6,JP Faulkner,4.1416666666666675
734041,2,8,6,KK Cooper,-2.2499999999999996
734041,2,12,6,KK Cooper,-1.433333333333333
734043,1,5,6,R Dhawan,6.0166666666666675
734043,1,8,6,AR Patel,-5.222222222222223
734043,1,12,6,P Awana,1.5333333333333334
734043,1,15,6,AR Patel,-5.679166666666667
734043,2,5,6,M Morkel,-1.0294117647058827
734043,2,8,6,PP Chawla,0.8
734043,2,12,6,PP Chawla,-0.5388888888888888
734043,2,15,6,Shakib Al Hasan,0.022222222222222032
734045,1,5,6,MM Sharma,5.458333333333333
734045,1,8,6,R Ashwin,1.591666666666667
734045,1,12,6,R Ashwin,-0.9083333333333331
734045,1,15,6,A Nehra,2.7833333333333337
734045,2,5,6,JJ Bumrah,8.483333333333334
734045,2,8,6,Harbhajan Singh,-3.8833333333333333
734045,2,12,6,Harbhajan Singh,-3.0458333333333334
734045,2,15,6,PP Ojha,2.044444444444445
734047,1,5,6,MM Sharma,4.308333333333334
734047,1,8,6,R Ashwin,3.045454545454545
734047,1,12,6,R Ashwin,4.4125000000000005
734047,1,15,6,IC Pandey,0.05217391304347818
734047,2,5,6,P Awana,9.445454545454545
734047,2,8,6,Karanveer Singh,-0.15833333333333308
734047,2,12,6,P Awana,1.433333333333333
734047,2,15,6,MG Johnson,3.0888888888888895
734049,1,5,6,SP Narine,-4.1
734049,1,8,6,Shakib Al Hasan,0.8
734049,1,12,6,Shakib Al Hasan,2.091666666666667
734049,1,15,6,SP Narine,1.4588235294117644
734049,2,5,6,P Awana,4.583333333333333
734049,2,8,6,Karanveer Singh,1.7000000000000002
734049,2,12,6,L Balaji,4.279166666666667
734049,2,15,6,AR Patel,-1.5277777777777777
829705,1,5,6,M Morkel,-4.977777777777778
829705,1,8,6,SP Narine,1.0583333333333333
829705,1,12,6,PP Chawla,3.1833333333333336
829705,1,15,6,Shakib Al Hasan,0.4083333333333335
829705,2,5,6,JJ Bumrah,1.5333333333333334
829705,2,8,6,PP Ojha,5.258333333333333
829705,2,12,6,R Vinay Kumar,0.9555555555555554
829705,2,15,6,SL Malinga,0.22777777777777758
829707,1,5,6,JA Morkel,4.545454545454546
829707,1,8,6,Imran Tahir,-0.7416666666666665
829707,1,12,6,JP Duminy,0.04166666666666666
829707,1,15,6,A Mishra,-1.3041666666666665
829707,2,5,6,MM Sharma,2.6166666666666667
829707,2,8,6,IC Pandey,2.2333333333333334
829707,2,12,6,DJ Bravo,2.1
829707,2,15,6,IC Pandey,0.08333333333333331
829709,1,5,6,AR Patel,4.25
829709,1,8,6,MG Johnson,-0.2999999999999998
829709,1,12,6,AR Patel,1.8636363636363638
829709,1,15,6,AR Patel,0.7647058823529418
829709,2,5,6,DS Kulkarni,1.6727272727272733
829709,2,8,6,STR Binny,-2.6799999999999997
829709,2,12,6,TG Southee,-0.8277777777777775
829709,2,15,6,JP Faulkner,-0.9111111111111109
829711,1,5,6,KV Sharma,2.4333333333333336
829711,1,8,6,RS Bopara,-2.65
829711,1,12,6,KV Sharma,3.927777777777778
829711,1,15,6,RS Bopara,-2.761111111111111
829711,2,5,6,MM Sharma,-2.6999999999999997
829711,2,8,6,DJ Bravo,2.65
829711,2,12,6,IC Pandey,1.591666666666667
829711,2,15,6,RA Jadeja,8.316666666666666
829713,1,5,6,AN Ahmed,2.4833333333333334
829713,1,8,6,DJG Sammy,2.4833333333333334
829713,1,12,6,VR Aaron,3.047058823529412
829713,1,15,6,YS Chahal,-0.10000000000000009
829713,2,5,6,KC Cariappa,5.066666666666667
829713,2,8,6,AD Russell,2.85
829713,2,12,6,PP Chawla,4.333333333333333
829713,2,15,6,YK Pathan,-0.9583333333333333
829715,1,5,6,DJ Hooda,1.75
829715,1,8,6,JP Faulkner,6.08
829715,1,12,6,JP Faulkner,3.7250000000000005
829715,1,15,6,JP Faulkner,5.2555555555555555
829715,2,5,6,NM Coulter-Nile,2.6944444444444446
829715,2,8,6,Imran Tahir,0.75
829715,2,12,6,AD Mathews,0.941176470588236
829715,2,15,6,Imran Tahir,-2.738888888888889
829717,1,5,6,SL Malinga,5.0
829717,1,8,6,Harbhajan Singh,-1.3333333333333333
829717,1,12,6,Harbhajan Singh,-3.7916666666666665
829717,1,15,6,SL Malinga,1.8722222222222225
829717,2,5,6,MG Johnson,-5.5
829717,2,8,6,MG Johnson,-5.025
829717,2,12,6,R Dhawan,2.9333333333333336
829717,2,15,6,MG Johnson,-4.204166666666667
829719,1,5,6,P Kumar,-0.23333333333333328
829719,1,8,6,KV Sharma,2.2
829719,1,12,6,KV Sharma,-0.672222222222222
829719,1,15,6,A Ashish Reddy,1.7833333333333334
829719,2,5,6,AN Ahmed,0.19166666666666657
829719,2,8,6,HV Patel,4.841666666666667
829719,2,12,6,VR Aaron,3.205882352941177
829719,2,15,6,YS Chahal,-2.1833333333333336
829721,1,5,6,TG Southee,0.5833333333333333
829721,1,8,6,JP Faulkner,-3.0
829721,1,12,6,CH Morris,1.7611111111111108
829721,1,15,6,TG Southee,2.9555555555555557
829721,2,5,6,SL Malinga,3.8833333333333333
829721,2,8,6,J Suchith,3.0416666666666665
829721,2,12,6,J Suchith,3.154166666666667
829721,2,15,6,P Suyal,4.511764705882353
829723,1,5,6,GB Hogg,-4.416666666666667
829723,1,8,6,PP Chawla,-1.6000000000000003
829723,1,12,6,AD Russell,-0.1499999999999999
829723,1,15,6,PJ Cummins,3.205555555555555
829723,2,5,6,A Nehra,2.158823529411765
829723,2,8,6,P Negi,-1.725
829723,2,12,6,P Negi,-0.8291666666666667
829723,2,15,6,RA Jadeja,6.041666666666667
829725,1,5,6,DJ Muthuswami,2.6
829725,1,8,6,Imran Tahir,9.1
829725,1,12,6,NM Coulter-Nile,0.15555555555555578
829725,1,15,6,Imran Tahir,5.733333333333333
829725,2,5,6,MG Johnson,2.4833333333333334
829725,2,8,6,MG Johnson,2.4833333333333334
829725,2,12,6,R Dhawan,2.091666666666667
829725,2,15,6,AR Patel,-0.1444444444444447
829727,1,5,6,DS Kulkarni,-5.733333333333333
829727,1,8,6,JP Faulkner,4.12
829727,1,12,6,PV Tambe,-0.19999999999999996
829727,1,15,6,DJ Hooda,1.1416666666666668
829727,2,5,6,B Kumar,1.2722222222222226
829727,2,8,6,P Kumar,2.5055555555555555
829727,2,12,6,RS Bopara,-3.125
829727,2,15,6,A Ashish Reddy,1.25
829729,1,5,6,MM Sharma,4.783333333333333
829729,1,8,6,RA Jadeja,1.9833333333333332
829729,1,12,6,DJ Bravo,6.966666666666667
829729,1,15,6,DJ Bravo,4.583333333333333
829729,2,5,6,Harbhajan Singh,9.433333333333334
829729,2,8,6,R Vinay Kumar,1.5333333333333334
829729,2,12,6,SL Malinga,1.375
829729,2,15,6,P Suyal,3.5333333333333337
829731,1,5,6,P Kumar,3.327272727272727
829731,1,8,6,RS Bopara,3.0727272727272728
829731,1,12,6,RS Bopara,2.429411764705882
829731,1,15,6,DW Steyn,-0.5874999999999999
829731,2,5,6,DJ Muthuswami,3.6666666666666665
829731,2,8,6,A Mishra,0.8
829731,2,12,6,AD Mathews,0.10000000000000009
829731,2,15,6,Imran Tahir,-0.5388888888888888
829733,1,5,6,M Morkel,-0.9833333333333334
829733,1,8,6,SP Narine,0.2166666666666667
829733,1,12,6,PP Chawla,1.5
829733,1,15,6,SP Narine,0.09444444444444428
829733,2,5,6,MG Johnson,6.416666666666667
829733,2,8,6,AR Patel,-0.6499999999999999
829733,2,12,6,AR Patel,4.45
829733,2,15,6,NLTC Perera,0.5041666666666667
829735,1,5,6,CH Morris,-3.625
829735,1,8,6,Ankit Sharma,0.5111111111111111
829735,1,12,6,PV Tambe,-0.4277777777777777
829735,1,15,6,CH Morris,-2.422222222222222
829735,2,5,6,MM Sharma,3.05
829735,2,8,6,RA Jadeja,3.8333333333333335
829735,2,12,6,A Nehra,2.6333333333333333
829735,2,15,6,MM Sharma,2.766666666666667
829737,1,5,6,D Wiese,-3.6
829737,1,8,6,Iqbal Abdulla,2.3
829737,1,12,6,Iqbal Abdulla,2.6045454545454545
829737,1,15,6,D Wiese,-0.20588235294117668
829737,2,5,6,JJ Bumrah,6.6
829737,2,8,6,Harbhajan Singh,-2.8666666666666667
829737,2,12,6,SL Malinga,0.07647058823529423
829737,2,15,6,HH Pandya,5.0058823529411764
829739,1,5,6,AD Russell,3.4333333333333336
829739,1,8,6,PP Chawla,-0.3500000000000001
829739,1,12,6,PP Chawla,-0.5555555555555556
829739,1,15,6,AD Russell,2.15
829739,2,5,6,AD Mathews,5.827272727272727
829739,2,8,6,Imran Tahir,2.591666666666667
829739,2,12,6,A Mishra,2.7083333333333335
829739,2,15,6,NM Coulter-Nile,0.041666666666666685
829741,1,5,6,MG Johnson,3.2166666666666663
829741,1,8,6,Shivam Sharma,9.383333333333335
829741,1,12,6,GJ Maxwell,6.916666666666667
829741,1,15,6,AR Patel,-2.3333333333333335
829741,2,5,6,CH Morris,-0.05833333333333343
829741,2,8,6,R Tewatia,-2.7666666666666666
829741,2,12,6,SR Watson,6.183333333333334
829741,2,15,6,JP Faulkner,3.311111111111112
829743,1,5,6,J Botha,2.0722222222222224
829743,1,8,6,YK Pathan,3.8833333333333333
829743,1,12,6,J Botha,2.0500000000000003
829743,1,15,6,SP Narine,3.483333333333334
829743,2,5,6,MC Henriques,1.56
829743,2,8,6,RS Bopara,-0.016666666666666774
829745,1,5,6,D Wiese,0.5333333333333334
829745,1,8,6,HV Patel,-0.7222222222222223
829745,1,12,6,YS Chahal,0.20000000000000007
829745,1,15,6,Iqbal Abdulla,0.8111111111111113
829745,2,5,6,A Nehra,-5.316666666666666
829745,2,8,6,IC Pandey,-2.3916666666666666
829745,2,12,6,IC Pandey,-1.6374999999999997
829745,2,15,6,RA Jadeja,-1.3791666666666662
829747,1,5,6,SL Malinga,0.19166666666666657
829747,1,8,6,Harbhajan Singh,1.6777777777777776
829747,1,12,6,MJ McClenaghan,-0.13888888888888862
829747,1,15,6,JJ Bumrah,6.861111111111111
829747,2,5,6,AD Mathews,0.6666666666666666
829747,2,8,6,A Mishra,1.6083333333333336
829747,2,12,6,A Mishra,-2.15
829747,2,15,6,NM Coulter-Nile,0.7555555555555558
829749,1,5,6,YS Chahal,2.566666666666667
829749,1,8,6,D Wiese,1.75
829749,1,12,6,YS Chahal,-3.1923076923076925
829749,1,15,6,D Wiese,2.5791666666666666
829749,2,5,6,JP Faulkner,5.566666666666667
829749,2,8,6,PV Tambe,4.4750000000000005
829749,2,12,6,JP Faulkner,3.4083333333333337
829749,2,15,6,DS Kulkarni,2.216666666666667
829751,1,5,6,DW Steyn,0.8250000000000002
829751,1,8,6,P Kumar,-1.8083333333333333
829751,1,12,6,DW Steyn,-1.1500000000000004
829751,1,15,6,DW Steyn,-1.1416666666666662
829751,2,5,6,MJ McClenaghan,1.4000000000000004
829751,2,8,6,J Suchith,-1.725
829751,2,12,6,J Suchith,-0.6458333333333334
829751,2,15,6,R Vinay Kumar,3.005555555555556
829753,1,5,6,MG Johnson,-1.3200000000000003
829753,1,8,6,AR Patel,-0.17999999999999972
829753,1,12,6,AR Patel,0.6944444444444449
829753,1,15,6,Karanveer Singh,1.4
829753,2,5,6,A Nehra,-1.6944444444444446
829753,2,8,6,RA Jadeja,-4.308333333333333
829753,2,12,6,RA Jadeja,-6.108333333333333
829753,2,15,6,R Ashwin,-5.175
829757,1,5,6,D Wiese,-3.8200000000000003
829757,1,8,6,VR Aaron,-3.8
829757,1,12,6,Iqbal Abdulla,-2.2555555555555555
829757,1,15,6,Iqbal Abdulla,-2.1
829757,2,5,6,JP Duminy,2.4833333333333334
829757,2,8,6,A Mishra,6.590909090909092
829759,1,5,6,Anureet Singh,0.7166666666666665
829759,1,8,6,M Vijay,1.5
829759,1,12,6,R Dhawan,2.4833333333333334
829759,1,15,6,Anureet Singh,-0.08888888888888902
829759,2,5,6,P Kumar,6.25
829759,2,8,6,KV Sharma,0.31666666666666654
829759,2,12,6,KV Sharma,-3.1916666666666664
829759,2,15,6,B Kumar,-0.46111111111111114
829761,1,5,6,JA Morkel,3.3
829761,1,8,6,A Mishra,-4.55
829761,1,12,6,AD Mathews,1.5083333333333335
829761,1,15,6,A Mishra,-2.588888888888889
829761,2,5,6,AD Russell,1.2555555555555555
829761,2,8,6,GB Hogg,-0.1499999999999999
829761,2,12,6,SP Narine,2.4666666666666663
829761,2,15,6,PP Chawla,-7.066666666666667
829763,1,5,6,SR Watson,-0.2250000000000001
829763,1,8,6,SR Watson,1.366666666666667
829763,1,12,6,TG Southee,-3.235294117647059
829763,1,15,6,JP Faulkner,5.581818181818183
829765,1,5,6,UT Yadav,2.7888888888888888
829765,1,8,6,GB Hogg,-2.65
829765,1,12,6,PP Chawla,-3.261111111111111
829765,1,15,6,AD Russell,-3.456521739130435
829765,2,5,6,R Ashwin,-3.6
829765,2,8,6,RA Jadeja,1.1666666666666667
829765,2,12,6,MM Sharma,1.6454545454545453
829765,2,15,6,DJ Bravo,-0.75
829767,1,5,6,NM Coulter-Nile,-2.7818181818181817
829767,1,8,6,JP Duminy,-1.55
829767,1,12,6,AD Mathews,-0.17999999999999972
829767,1,15,6,Imran Tahir,5.590909090909092
829767,2,5,6,Anureet Singh,1.3916666666666668
829767,2,8,6,SN Thakur,6.536363636363636
829767,2,12,6,SN Thakur,2.8666666666666667
829769,1,5,6,SR Watson,-0.1499999999999999
829769,1,8,6,SR Watson,2.6833333333333336
829769,1,12,6,J Theron,3.1833333333333336
829769,1,15,6,Ankit Sharma,0.3041666666666668
829769,2,5,6,R Vinay Kumar,-0.125
829769,2,8,6,J Suchith,0.13529411764705918
829769,2,12,6,SL Malinga,3.0416666666666665
829769,2,15,6,R Vinay Kumar,1.2555555555555558
829771,1,5,6,VR Aaron,6.608333333333333
829771,1,8,6,HV Patel,1.3666666666666667
829771,2,5,6,GB Hogg,2.175
829771,2,8,6,UT Yadav,7.308333333333334
829773,1,5,6,A Nehra,3.644444444444445
829773,1,8,6,SK Raina,0.1583333333333335
829773,1,12,6,SK Raina,-2.7375
829773,1,15,6,RG More,7.50909090909091
829773,2,5,6,MC Henriques,-0.9666666666666666
829773,2,8,6,KV Sharma,4.108333333333333
829773,2,12,6,A Ashish Reddy,-3.75
829773,2,15,6,P Kumar,4.033333333333333
829775,1,5,6,AR Patel,1.25
829775,1,8,6,Karanveer Singh,4.808333333333334
829775,1,12,6,Karanveer Singh,0.8999999999999999
829775,1,15,6,AR Patel,3.2111111111111112
829775,2,5,6,R Vinay Kumar,0.2166666666666667
829775,2,8,6,J Suchith,0.6823529411764706
829775,2,12,6,KA Pollard,2.65
829775,2,15,6,MJ McClenaghan,1.8888888888888888
829777,1,5,6,NM Coulter-Nile,2.4833333333333334
829777,1,8,6,AD Mathews,-0.9666666666666666
829777,1,12,6,AD Mathews,-0.3374999999999999
829777,1,15,6,A Mishra,4.230434782608697
829777,2,5,6,DS Kulkarni,4.533333333333333
829777,2,8,6,JP Faulkner,-1.3333333333333333
829777,2,12,6,R Bhatia,6.466666666666667
829777,2,15,6,DS Kulkarni,1.2555555555555558
829779,1,5,6,D Wiese,-0.7416666666666665
829779,1,8,6,Iqbal Abdulla,4.95
829779,1,12,6,YS Chahal,2.3722222222222222
829779,1,15,6,Iqbal Abdulla,4.988888888888889
829779,2,5,6,MM Sharma,-0.0666666666666666
829779,2,8,6,RA Jadeja,3.8833333333333333
829779,2,12,6,MM Sharma,0.022222222222222032
829779,2,15,6,DJ Bravo,-0.8833333333333332
829781,1,5,6,MC Henriques,1.5333333333333334
829781,1,8,6,KV Sharma,-1.5
829781,1,12,6,KV Sharma,-2.4458333333333333
829781,1,15,6,DW Steyn,2.870588235294118
829781,2,5,6,J Botha,0.32499999999999996
829781,2,8,6,RN ten Doeschate,-2.6799999999999997
829781,2,12,6,UT Yadav,-3.1666666666666665
829781,2,15,6,J Botha,0.48333333333333317
829783,1,5,6,Harbhajan Singh,-5.5
829783,1,8,6,SL Malinga,-1.0749999999999997
829783,1,12,6,J Suchith,0.4333333333333334
829783,1,15,6,HH Pandya,-0.9916666666666665
829783,2,5,6,NM Coulter-Nile,-4.211111111111111
829783,2,8,6,Imran Tahir,1.4833333333333332
829783,2,12,6,Z Khan,-0.6277777777777779
829783,2,15,6,A Mishra,-0.5409090909090909
829785,1,5,6,MG Johnson,4.517647058823529
829785,1,8,6,AR Patel,3.3833333333333333
829785,1,12,6,Karanveer Singh,4.05
829785,1,15,6,Anureet Singh,1.6055555555555556
829785,2,5,6,S Aravind,-6.3
829785,2,8,6,MA Starc,-7.2
829785,2,12,6,D Wiese,0.8
829787,1,5,6,JP Faulkner,1.9833333333333332
829787,1,8,6,PV Tambe,1.1416666666666668
829787,1,12,6,SR Watson,2.1166666666666667
829787,1,15,6,PV Tambe,0.058333333333333404
829787,2,5,6,I Sharma,-1.9166666666666667
829787,2,8,6,RS Bopara,2.2
829787,2,12,6,KV Sharma,1.0333333333333334
829787,2,15,6,MC Henriques,1.4055555555555552
829789,1,5,6,M de Lange,-1.875
829789,1,8,6,J Suchith,-0.4916666666666664
829789,1,12,6,HH Pandya,0.8
829789,1,15,6,MJ McClenaghan,-0.04999999999999977
829789,2,5,6,R Ashwin,1.8166666666666667
829789,2,8,6,R Ashwin,0.8444444444444443
829789,2,12,6,RA Jadeja,2.388888888888889
829789,2,15,6,DJ Bravo,3.15
829791,1,5,6,SP Narine,-2.2833333333333337
829791,1,8,6,GB Hogg,-0.4363636363636363
829791,1,12,6,AD Russell,2.829411764705882
829791,1,15,6,UT Yadav,3.272222222222222
829791,2,5,6,AR Patel,-1.1
829791,2,8,6,Gurkeerat Singh,-2.425
829791,2,12,6,Anureet Singh,4.9750000000000005
829791,2,15,6,Anureet Singh,5.35
829793,1,5,6,Z Khan,-0.9941176470588236
829793,1,8,6,J Yadav,1.6611111111111114
829793,1,12,6,NM Coulter-Nile,-1.2444444444444445
829793,1,15,6,A Mishra,4.933333333333334
829793,2,5,6,I Sharma,4.508333333333333
829793,2,8,6,KV Sharma,-3.6
829793,2,12,6,KV Sharma,-4.9222222222222225
829793,2,15,6,P Kumar,8.127272727272727
829795,1,5,6,J Suchith,4.166666666666667
829795,1,8,6,J Suchith,4.866666666666667
829795,1,12,6,SL Malinga,-2.1611111111111114
829795,1,15,6,MJ McClenaghan,4.125
829795,2,5,6,HV Patel,3.8333333333333335
829795,2,8,6,HV Patel,-0.6583333333333331
829795,2,12,6,MA Starc,5.25
829795,2,15,6,YS Chahal,2.9944444444444454
829797,1,5,6,PV Tambe,5.0166666666666675
829797,1,8,6,PV Tambe,1.9583333333333333
829797,1,12,6,PV Tambe,2.6
829797,1,15,6,JP Faulkner,2.7833333333333337
829797,2,5,6,MM Sharma,-0.872222222222222
829797,2,8,6,P Negi,3.6583333333333337
829797,2,12,6,P Negi,3.6869565217391305
829797,2,15,6,DJ Bravo,4.358333333333333
829799,1,5,6,Anureet Singh,2.35
829799,1,8,6,AR Patel,0.8
829799,1,12,6,AR Patel,3.858333333333334
829799,1,15,6,BE Hendricks,3.4352941176470595
829799,2,5,6,I Sharma,2.9333333333333336
829799,2,8,6,MC Henriques,-2.65
829799,2,12,6,MC Henriques,-4.516666666666667
829799,2,15,6,I Sharma,3.541176470588235
829801,1,5,6,Z Khan,-3.9888888888888885
829801,1,8,6,JA Morkel,2.1166666666666667
829801,1,12,6,Yuvraj Singh,1.75
829801,1,15,6,JA Morkel,-2.683333333333333
829801,2,5,6,R Ashwin,-0.36666666666666664
829801,2,8,6,R Ashwin,1.2833333333333334
829801,2,12,6,R Ashwin,2.1333333333333333
829801,2,15,6,P Negi,-1.1888888888888889
829803,1,5,6,YS Chahal,5.8
829803,1,8,6,YS Chahal,0.375
829803,2,5,6,R Dhawan,4.216666666666667
829803,2,8,6,AR Patel,-3.3583333333333334
829805,1,5,6,M Morkel,0.3374999999999999
829805,1,8,6,PP Chawla,3.2166666666666663
829805,1,12,6,AD Russell,1.866666666666667
829805,1,15,6,SP Narine,1.15625
829805,2,5,6,Harbhajan Singh,-2.0799999999999996
829805,2,8,6,J Suchith,3.8833333333333333
829805,2,12,6,HH Pandya,4.333333333333333
829805,2,15,6,SL Malinga,0.11666666666666675
829807,1,5,6,AB Dinda,3.9200000000000004
829807,1,8,6,YS Chahal,8.233333333333334
829809,1,5,6,IC Pandey,-0.20000000000000012
829809,1,8,6,R Ashwin,-2.7818181818181817
829809,1,12,6,R Ashwin,-2.5916666666666663
829809,1,15,6,P Negi,-3.2391304347826093
829809,2,5,6,R Dhawan,1.8400000000000003
829809,2,8,6,Anureet Singh,0.8
829809,2,12,6,Gurkeerat Singh,2.6888888888888887
829809,2,15,6,BE Hendricks,0.416666666666667
829811,1,5,6,Shakib Al Hasan,5.966666666666667
829811,1,8,6,AD Russell,5.116666666666667
829811,1,12,6,AD Russell,-2.3666666666666667
829811,1,15,6,M Morkel,3.5823529411764707
829811,2,5,6,DS Kulkarni,-0.7636363636363634
829811,2,8,6,DS Kulkarni,-2.416666666666666
829811,2,12,6,BB Sran,4.929411764705883
829811,2,15,6,SR Watson,1.8933333333333335
829813,1,5,6,MA Starc,2.2083333333333335
829813,1,8,6,D Wiese,6.2666666666666675
829813,1,12,6,D Wiese,4.911111111111111
829813,1,15,6,YS Chahal,-4.433333333333334
829815,1,5,6,MJ McClenaghan,-5.238888888888889
829815,1,8,6,HH Pandya,4.4
829815,1,12,6,Harbhajan Singh,-1.95
829815,1,15,6,KA Pollard,-1.25
829815,2,5,6,MC Henriques,-2.05
829815,2,8,6,DW Steyn,4.052941176470588
829815,2,12,6,B Kumar,0.9555555555555554
829817,1,5,6,A Nehra,2.511111111111111
829817,1,8,6,P Negi,4.7250000000000005
829817,1,12,6,P Negi,4.444444444444445
829817,1,15,6,DJ Bravo,-3.975
829817,2,5,6,R Vinay Kumar,0.6333333333333331
829817,2,8,6,Harbhajan Singh,4.333333333333333
829817,2,12,6,Harbhajan Singh,-2.908333333333333
829817,2,15,6,R Vinay Kumar,-1.8529411764705879
829819,1,5,6,DS Kulkarni,-0.9916666666666665
829819,1,8,6,STR Binny,-2.05
829819,1,12,6,Ankit Sharma,0.6916666666666665
829819,1,15,6,JP Faulkner,3.6611111111111105
829819,2,5,6,MA Starc,3.325
829819,2,8,6,D Wiese,0.9727272727272728
829819,2,12,6,HV Patel,-3.972222222222222
829819,2,15,6,MA Starc,-0.49999999999999994
829821,1,5,6,R Ashwin,-0.07222222222222247
829821,1,8,6,MM Sharma,0.9166666666666666
829821,1,12,6,DJ Bravo,-1.3200000000000003
829821,1,15,6,RA Jadeja,6.0166666666666675
829821,2,5,6,S Aravind,-1.472222222222222
829821,2,8,6,D Wiese,3.8833333333333333
829821,2,12,6,S Aravind,-0.6458333333333334
829821,2,15,6,YS Chahal,-2.8083333333333336
829823,1,5,6,RA Jadeja,5.8
829823,1,8,6,P Negi,3.8833333333333333
829823,1,12,6,DR Smith,-1.25
829823,1,15,6,MM Sharma,3.9444444444444446
829823,2,5,6,R Vinay Kumar,0.8083333333333333
829823,2,8,6,HH Pandya,1.6727272727272733
829823,2,12,6,HH Pandya,3.425
829823,2,15,6,SL Malinga,-0.835294117647059
980901,1,5,6,I Sharma,-3.9812499999999993
980901,1,8,6,MR Marsh,-5.072222222222223
980901,1,12,6,M Ashwin,-1.95
980901,1,15,6,R Ashwin,-0.016666666666666774
980901,2,5,6,JJ Bumrah,2.51764705882353
980901,2,8,6,R Vinay Kumar,0.8181818181818183
980901,2,12,6,S Gopal,1.9777777777777779
980903,1,5,6,JW Hastings,-5.025
980903,1,8,6,UT Yadav,1.9833333333333332
980903,1,12,6,PP Chawla,-2.8416666666666663
980903,1,15,6,GB Hogg,-7.195833333333333
980903,2,5,6,CH Morris,1.2833333333333334
980903,2,8,6,CR Brathwaite,-0.6818181818181819
980903,2,12,6,CH Morris,0.9875000000000003
980905,1,5,6,S Ladda,2.4833333333333334
980905,1,8,6,RA Jadeja,-0.609090909090909
980905,1,12,6,RA Jadeja,-2.625
980905,1,15,6,P Kumar,1.1944444444444444
980905,2,5,6,MP Stoinis,2.566666666666667
980905,2,8,6,AR Patel,3.7454545454545456
980905,2,12,6,MM Sharma,3.075
980905,2,15,6,P Sahu,1.1041666666666667
980907,1,5,6,Mustafizur Rahman,0.9166666666666666
980907,1,8,6,MC Henriques,2.2916666666666665
980907,1,12,6,KV Sharma,5.9222222222222225
980907,1,15,6,B Kumar,-1.6352941176470592
980907,2,5,6,Parvez Rasool,-1.8333333333333333
980907,2,8,6,SR Watson,-0.6583333333333331
980907,2,12,6,Parvez Rasool,-1.2277777777777774
980907,2,15,6,SR Watson,-2.7944444444444443
980909,1,5,6,MJ McClenaghan,-1.8083333333333333
980909,1,8,6,J Suchith,7.925
980909,1,12,6,JJ Bumrah,2.091666666666667
980909,1,15,6,Harbhajan Singh,0.23750000000000027
980909,2,5,6,GB Hogg,-1.3454545454545452
980909,2,8,6,PP Chawla,2.5666666666666664
980909,2,12,6,JW Hastings,3.4944444444444445
980909,2,15,6,AD Russell,4.75
980911,1,5,6,DJ Bravo,7.866666666666667
980911,1,8,6,RA Jadeja,2.5416666666666665
980911,1,12,6,SB Jakati,4.375
980911,1,15,6,PV Tambe,-1.8291666666666668
980911,2,5,6,M Ashwin,8.1
980911,2,8,6,M Ashwin,1.391666666666667
980911,2,12,6,R Bhatia,3.858333333333334
980911,2,15,6,I Sharma,1.5958333333333337
980913,1,5,6,CR Brathwaite,6.8
980913,1,8,6,A Mishra,-6.7727272727272725
980913,1,12,6,CR Brathwaite,0.3500000000000001
980913,1,15,6,J Yadav,-1.3086956521739133
980913,2,5,6,MG Johnson,1.6416666666666668
980913,2,8,6,P Sahu,2.7666666666666666
980913,2,12,6,AR Patel,0.5277777777777781
980915,1,5,6,UT Yadav,-3.4111111111111105
980915,1,8,6,SP Narine,1.25
980915,1,12,6,SP Narine,1.7555555555555555
980915,1,15,6,M Morkel,-0.08333333333333298
980915,2,5,6,BB Sran,1.8333333333333333
980915,2,8,6,B Kumar,2.176470588235294
980915,2,12,6,A Ashish Reddy,-3.6
980915,2,15,6,BB Sran,2.5217391304347827
980917,1,5,6,DS Kulkarni,-5.294444444444444
980917,1,8,6,SB Jakati,-1.0090909090909086
980917,1,12,6,PV Tambe,-3.6333333333333333
980917,1,15,6,DJ Bravo,-0.8833333333333332
980917,2,5,6,KH Pandya,2.4833333333333334
980917,2,8,6,MJ McClenaghan,-1.4416666666666667
980917,2,12,6,JJ Bumrah,-4.95
980917,2,15,6,Harbhajan Singh,4.0
980919,1,5,6,P Sahu,1.8400000000000003
980919,1,8,6,MM Sharma,2.1166666666666667
980919,1,12,6,AR Patel,3.55
980919,1,15,6,P Sahu,2.9875000000000003
980919,2,5,6,R Ashwin,1.6416666666666668
980919,2,8,6,Ankit Sharma,2.6722222222222225
980919,2,12,6,Ankit Sharma,-0.2958333333333333
980919,2,15,6,NLTC Perera,4.7250000000000005
980921,1,5,6,CH Morris,3.075
980921,1,8,6,P Negi,3.9083333333333337
980921,1,12,6,Mohammed Shami,4.25
980921,1,15,6,Z Khan,3.125
980921,2,5,6,SR Watson,-1.8333333333333333
980921,2,8,6,HV Patel,6.466666666666667
980921,2,12,6,YS Chahal,5.154545454545454
980921,2,15,6,S Aravind,1.9111111111111108
980923,1,5,6,Mustafizur Rahman,3.8833333333333333
980923,1,8,6,MC Henriques,1.588888888888889
980923,1,12,6,MC Henriques,1.4521739130434779
980923,1,15,6,B Kumar,-2.738888888888889
980923,2,5,6,Harbhajan Singh,-0.17999999999999972
980923,2,8,6,HH Pandya,2.4833333333333334
980923,2,12,6,HH Pandya,2.7916666666666665
980923,2,15,6,HH Pandya,4.183333333333333
980925,1,5,6,M Morkel,-0.6666666666666667
980925,1,8,6,SP Narine,-0.4363636363636363
980925,1,12,6,YK Pathan,-1.2999999999999998
980925,1,15,6,Shakib Al Hasan,2.275
980925,2,5,6,AR Patel,4.833333333333333
980925,2,8,6,P Sahu,-1.3333333333333333
980925,2,12,6,P Sahu,-4.141666666666667
980925,2,15,6,AR Patel,-2.9277777777777776
980927,1,5,6,JJ Bumrah,3.4333333333333336
980927,1,8,6,Harbhajan Singh,4.390909090909091
980927,1,12,6,KH Pandya,-3.7666666666666666
980927,1,15,6,KH Pandya,-2.9913043478260866
980927,2,5,6,SR Watson,0.96
980927,2,8,6,Iqbal Abdulla,1.75
980927,2,12,6,Iqbal Abdulla,-1.5833333333333328
980927,2,15,6,Iqbal Abdulla,-3.2695652173913032
980929,1,5,6,DJ Hooda,3.8833333333333333
980929,1,8,6,MC Henriques,1.3909090909090909
980929,1,12,6,MC Henriques,1.8833333333333337
980929,1,15,6,B Kumar,-0.2235294117647056
980929,2,5,6,SK Raina,4.166666666666667
980929,2,8,6,DJ Bravo,2.2333333333333334
980929,2,12,6,RA Jadeja,0.55
980931,1,5,6,I Sharma,3.7
980931,1,8,6,Ankit Sharma,3.0727272727272728
980931,1,12,6,Ankit Sharma,3.4722222222222228
980931,1,15,6,R Ashwin,2.5625
980931,2,5,6,SR Watson,0.8
980931,2,8,6,T Shamsi,3.1833333333333336
980931,2,12,6,SR Watson,1.866666666666667
980931,2,15,6,HV Patel,-2.647058823529412
980933,1,5,6,KH Pandya,2.1
980933,1,8,6,KH Pandya,2.45
980933,1,12,6,KH Pandya,2.5208333333333335
980933,1,15,6,JJ Bumrah,2.7083333333333335
980933,2,5,6,Z Khan,2.0083333333333337
980933,2,8,6,A Mishra,0.29166666666666663
980933,2,12,6,Z Khan,-0.6499999999999999
980933,2,15,6,Imran Tahir,2.6375
980935,1,5,6,Mustafizur Rahman,-5.5
980935,1,8,6,DJ Hooda,1.4222222222222225
980935,1,12,6,DJ Hooda,2.2304347826086954
980935,1,15,6,Mustafizur Rahman,-7.05
980935,2,5,6,MM Sharma,2.4833333333333334
980935,2,8,6,R Dhawan,4.236363636363636
980935,2,12,6,KJ Abbott,5.1000000000000005
980935,2,15,6,R Dhawan,0.8958333333333333
980937,1,5,6,SB Jakati,6.066666666666667
980937,1,8,6,RA Jadeja,2.591666666666667
980937,1,12,6,DJ Bravo,2.4833333333333334
980937,1,15,6,DS Kulkarni,1.1444444444444446
980937,2,5,6,KW Richardson,5.418181818181818
980937,2,8,6,T Shamsi,-1.8083333333333333
980937,2,12,6,YS Chahal,3.4388888888888887
980937,2,15,6,YS Chahal,0.6291666666666665
980939,1,5,6,Shakib Al Hasan,-1.3333333333333333
980939,1,8,6,PP Chawla,3.4333333333333336
980939,1,12,6,R Sathish,-1.0
980939,1,15,6,PP Chawla,3.4555555555555557
980939,2,5,6,R Ashwin,4.7
980939,2,8,6,R Bhatia,-2.175
980939,2,12,6,R Bhatia,-1.1388888888888888
980939,2,15,6,M Ashwin,0.1833333333333334
980941,1,5,6,MG Johnson,5.463636363636364
980941,1,8,6,P Sahu,4.383333333333333
980941,1,12,6,MM Sharma,4.754545454545455
980941,1,15,6,P Sahu,5.527777777777778
980941,2,5,6,TG Southee,-0.9277777777777777
980941,2,8,6,KH Pandya,4.333333333333333
980941,2,12,6,JJ Bumrah,-0.5249999999999999
980941,2,15,6,KA Pollard,6.125
980943,1,5,6,MR Marsh,-3.0555555555555554
980943,1,8,6,MR Marsh,-5.216666666666667
980943,1,12,6,R Bhatia,1.6416666666666668
980943,1,15,6,M Ashwin,2.2
980943,2,5,6,Mustafizur Rahman,4.518181818181819
980943,2,8,6,B Kumar,-1.2705882352941176
980945,1,5,6,Z Khan,5.944444444444445
980945,1,8,6,Imran Tahir,3.4333333333333336
980945,1,12,6,Imran Tahir,-0.9888888888888889
980945,1,15,6,S Nadeem,2.9333333333333336
980945,2,5,6,DS Kulkarni,-7.477777777777778
980945,2,8,6,DR Smith,1.75
980945,2,12,6,JP Faulkner,2.425
980945,2,15,6,DS Kulkarni,-6.8625
980947,1,5,6,Harbhajan Singh,4.783333333333333
980947,1,8,6,HH Pandya,0.4583333333333333
980947,1,12,6,KH Pandya,4.808333333333334
980947,1,15,6,TG Southee,0.5833333333333337
980947,2,5,6,JD Unadkat,5.908333333333333
980947,2,8,6,SP Narine,-0.8583333333333333
980947,2,12,6,SP Narine,-4.027777777777778
980947,2,15,6,R Sathish,5.372727272727273
980949,1,5,6,DS Kulkarni,3.4166666666666674
980949,1,8,6,RA Jadeja,2.2
980949,1,12,6,JP Faulkner,5.283333333333333
980949,1,15,6,S Kaushik,4.4111111111111105
980949,2,5,6,R Ashwin,5.0
980949,2,8,6,R Bhatia,1.3583333333333336
980949,2,12,6,R Bhatia,1.1222222222222222
980949,2,15,6,NLTC Perera,2.355555555555555
980951,1,5,6,AD Russell,-3.7277777777777774
980951,1,8,6,GB Hogg,3.15
980951,1,12,6,GB Hogg,2.9833333333333334
980951,1,15,6,JO Holder,3.2291666666666665
980951,2,5,6,Mohammed Shami,3.266666666666667
980951,2,8,6,CH Morris,2.5666666666666664
980951,2,12,6,A Mishra,0.07499999999999996
980951,2,15,6,Mohammed Shami,3.1913043478260867
980953,1,5,6,HV Patel,10.8
980953,1,8,6,VR Aaron,3.2
980953,1,12,6,VR Aaron,3.4944444444444445
980953,1,15,6,T Shamsi,0.7500000000000004
980953,2,5,6,Mustafizur Rahman,-3.15
980953,2,8,6,BB Sran,4.083333333333333
980953,2,12,6,Mustafizur Rahman,-0.43333333333333346
980953,2,15,6,B Kumar,4.444444444444445
980955,1,5,6,DS Kulkarni,2.0555555555555554
980955,1,8,6,RA Jadeja,-1.4666666666666666
980955,1,12,6,JP Faulkner,2.2
980955,1,15,6,JP Faulkner,4.358333333333333
980955,2,5,6,KC Cariappa,-1.1
980955,2,8,6,Sandeep Sharma,3.05
980955,2,12,6,KC Cariappa,1.1944444444444444
980955,2,15,6,MM Sharma,-1.6944444444444438
980957,1,5,6,JJ Bumrah,3.6666666666666665
980957,1,8,6,Harbhajan Singh,3.24
980957,1,12,6,Harbhajan Singh,-0.35555555555555535
980957,1,15,6,HH Pandya,2.0090909090909093
980957,2,5,6,NLTC Perera,2.766666666666667
980957,2,8,6,R Bhatia,2.7916666666666665
980957,2,12,6,M Ashwin,0.75
980957,2,15,6,M Ashwin,3.2416666666666667
980959,1,5,6,SP Narine,4.166666666666667
980959,1,8,6,UT Yadav,2.9583333333333335
980959,1,12,6,SP Narine,4.466666666666667
980959,1,15,6,SP Narine,4.854166666666667
980959,2,5,6,VR Aaron,-1.1
980959,2,8,6,S Aravind,1.7636363636363641
980959,2,12,6,VR Aaron,1.477777777777778
980959,2,15,6,VR Aaron,2.5272727272727273
980961,1,5,6,Mohammed Shami,1.4833333333333332
980961,1,8,6,A Mishra,1.275
980961,1,12,6,JP Duminy,2.3166666666666664
980961,1,15,6,S Nadeem,-2.3833333333333333
980961,2,5,6,DS Kulkarni,5.233333333333333
980961,2,8,6,SK Raina,3.2833333333333337
980961,2,12,6,DR Smith,1.866666666666667
980961,2,15,6,RA Jadeja,0.3272727272727273
980963,1,5,6,MP Stoinis,3.325
980963,1,8,6,AR Patel,1.591666666666667
980963,1,12,6,GJ Maxwell,5.116666666666667
980963,1,15,6,AR Patel,1.6583333333333334
980963,2,5,6,M Morkel,-1.6166666666666665
980963,2,8,6,PP Chawla,-1.9166666666666667
980963,2,12,6,PP Chawla,-0.36666666666666686
980963,2,15,6,PP Chawla,-3.121739130434783
980965,1,5,6,SM Boland,1.0499999999999998
980965,1,8,6,R Ashwin,1.75
980965,1,12,6,R Ashwin,4.011764705882352
980965,1,15,6,M Ashwin,4.094444444444445
980965,2,5,6,Mohammed Shami,5.566666666666667
980965,2,8,6,A Mishra,-1.8083333333333333
980965,2,12,6,CR Brathwaite,3.6583333333333337
980965,2,15,6,Imran Tahir,-2.033333333333333
980967,1,5,6,Mustafizur Rahman,-3.6
980967,1,8,6,Yuvraj Singh,2.64
980967,1,12,6,A Nehra,0.7888888888888886
980967,1,15,6,MC Henriques,0.6000000000000001
980967,2,5,6,DS Kulkarni,-1.9166666666666667
980967,2,8,6,S Kaushik,1.2454545454545458
980967,2,12,6,PJ Sangwan,6.216666666666667
980967,2,15,6,DS Kulkarni,-4.8375
980969,1,5,6,VR Aaron,5.066666666666667
980969,1,8,6,YS Chahal,1.9833333333333332
980969,1,12,6,VR Aaron,4.372222222222223
980969,1,15,6,SR Watson,-0.6833333333333336
980969,2,5,6,NLTC Perera,3.3833333333333333
980969,2,8,6,A Zampa,2.4833333333333334
980969,2,12,6,R Bhatia,3.566666666666667
980969,2,15,6,RP Singh,-0.9277777777777777
980971,1,5,6,CH Morris,-0.7416666666666665
980971,1,8,6,S Nadeem,0.125
980971,1,12,6,A Mishra,1.866666666666667
980971,1,15,6,Z Khan,0.7500000000000004
980971,2,5,6,AR Patel,7.866666666666667
980971,2,8,6,AR Patel,4.808333333333334
980971,2,12,6,AR Patel,3.1416666666666666
980971,2,15,6,KC Cariappa,1.1208333333333338
980973,1,5,6,MJ McClenaghan,3.8
980973,1,8,6,KA Pollard,4.12
980973,1,12,6,JJ Bumrah,0.6916666666666665
980973,1,15,6,MJ McClenaghan,4.488235294117646
980973,2,5,6,A Nehra,-7.027777777777778
980973,2,8,6,MC Henriques,-2.65
980973,2,12,6,MC Henriques,-1.6416666666666668
980973,2,15,6,B Kumar,-0.7176470588235295
980975,1,5,6,DR Smith,-1.4666666666666666
980975,1,8,6,DJ Bravo,-1.1
980975,1,12,6,RA Jadeja,3.4333333333333336
980975,1,15,6,DJ Bravo,1.616666666666667
980975,2,5,6,Shakib Al Hasan,2.0083333333333333
980975,2,8,6,GB Hogg,6.8
980975,2,12,6,M Morkel,3.7750000000000004
980975,2,15,6,PP Chawla,-0.033333333333333603
980977,1,5,6,AR Patel,1.9833333333333332
980977,1,8,6,AR Patel,-1.5833333333333333
980977,1,12,6,MP Stoinis,5.472222222222222
980977,1,15,6,Sandeep Sharma,5.541666666666667
980977,2,5,6,SR Watson,-0.5166666666666668
980977,2,8,6,VR Aaron,2.9333333333333336
980977,2,12,6,CJ Jordan,5.816666666666667
980977,2,15,6,YS Chahal,-2.2916666666666665
980979,1,5,6,RP Singh,-0.38333333333333325
980979,1,8,6,R Ashwin,1.366666666666667
980979,1,12,6,R Ashwin,-2.3666666666666667
980979,1,15,6,A Zampa,-1.95
980979,2,5,6,BB Sran,0.5833333333333333
980979,2,8,6,MC Henriques,2.1166666666666667
980979,2,12,6,Mustafizur Rahman,2.091666666666667
980979,2,15,6,BB Sran,-0.5749999999999997
980981,1,5,6,MJ McClenaghan,-1.8083333333333333
980981,1,8,6,JJ Bumrah,1.5083333333333335
980981,1,12,6,KH Pandya,-2.1875
980981,1,15,6,JJ Bumrah,-0.2166666666666665
980981,2,5,6,S Aravind,-1.0777777777777775
980981,2,8,6,YS Chahal,1.75
980981,2,12,6,YS Chahal,-1.825
980981,2,15,6,VR Aaron,-2.875
980983,1,5,6,NM Coulter-Nile,0.07499999999999996
980983,1,8,6,J Yadav,0.4333333333333334
980983,1,12,6,A Mishra,-0.3833333333333332
980983,1,15,6,Mohammed Shami,1.1777777777777776
980983,2,5,6,Mustafizur Rahman,4.12
980983,2,8,6,DJ Hooda,1.75
980983,2,12,6,A Nehra,-0.1055555555555554
980983,2,15,6,Mustafizur Rahman,3.566666666666667
980985,1,5,6,MM Sharma,-2.5583333333333336
980985,1,8,6,AR Patel,-2.175
980985,1,12,6,KC Cariappa,1.4055555555555554
980985,1,15,6,AR Patel,0.0
980985,2,5,6,JJ Bumrah,0.96
980985,2,8,6,Harbhajan Singh,1.225
980985,2,12,6,Harbhajan Singh,2.4291666666666667
980985,2,15,6,MJ McClenaghan,-2.4647058823529413
980987,1,5,6,PV Tambe,4.116666666666667
980987,1,8,6,RA Jadeja,0.30000000000000004
980987,1,12,6,RA Jadeja,2.2055555555555553
980987,1,15,6,P Kumar,3.5555555555555554
980987,2,5,6,SR Watson,-1.3200000000000003
980987,2,8,6,CJ Jordan,-5.163636363636364
980987,2,12,6,CJ Jordan,-9.841176470588236
980987,2,15,6,CH Gayle,-2.05
980989,1,5,6,M Morkel,2.2444444444444445
980989,1,8,6,Shakib Al Hasan,0.03888888888888875
980989,1,12,6,PP Chawla,-1.5
980989,1,15,6,SP Narine,-2.9833333333333334
980991,1,5,6,BCJ Cutting,4.166666666666667
980991,1,8,6,KV Sharma,0.7749999999999999
980991,1,12,6,KV Sharma,2.216666666666667
980991,1,15,6,MC Henriques,1.6277777777777775
980991,2,5,6,GJ Maxwell,4.616666666666667
980991,2,8,6,AR Patel,1.9500000000000002
980991,2,12,6,AR Patel,0.6388888888888893
980991,2,15,6,Sandeep Sharma,0.6000000000000001
980993,1,5,6,S Nadeem,4.675
980993,1,8,6,A Mishra,1.2750000000000004
980993,1,12,6,Imran Tahir,6.783333333333334
980993,1,15,6,A Mishra,1.683333333333334
980993,2,5,6,JJ Bumrah,-1.1
980993,2,8,6,Harbhajan Singh,0.9083333333333334
980993,2,12,6,JJ Bumrah,-4.7
980993,2,15,6,JJ Bumrah,-7.666666666666667
980995,1,5,6,SR Watson,3.2166666666666663
980995,1,8,6,YS Chahal,5.9399999999999995
980995,1,12,6,Iqbal Abdulla,-3.6083333333333334
980995,1,15,6,S Aravind,-0.5541666666666668
980995,2,5,6,PP Chawla,3.8333333333333335
980995,2,8,6,AS Rajpoot,1.5333333333333334
980995,2,12,6,Shakib Al Hasan,3.045454545454545
980995,2,15,6,SP Narine,0.36666666666666686
980997,1,5,6,NLTC Perera,-0.1499999999999999
980997,1,8,6,IK Pathan,1.616666666666667
980997,1,12,6,A Zampa,-3.05
980997,1,15,6,R Ashwin,0.7277777777777779
980997,2,5,6,CH Morris,-2.536363636363636
980997,2,8,6,NM Coulter-Nile,2.15
980999,1,5,6,AR Patel,4.166666666666667
980999,1,8,6,AR Patel,3.55
980999,1,12,6,MM Sharma,4.6416666666666675
980999,2,5,6,SR Watson,-2.6799999999999997
980999,2,8,6,YS Chahal,-3.808333333333333
980999,2,12,6,Sachin Baby,-1.7
981001,1,5,6,DS Kulkarni,0.8647058823529407
981001,1,8,6,SB Jakati,0.8
981001,1,12,6,RA Jadeja,-0.1499999999999999
981001,1,15,6,DJ Bravo,1.5333333333333334
981001,2,5,6,M Morkel,1.8636363636363638
981001,2,8,6,JO Holder,-0.17999999999999972
981001,2,12,6,YK Pathan,1.5333333333333334
981003,1,5,6,CR Brathwaite,-2.2
981003,1,8,6,J Yadav,3.905555555555555
981003,1,12,6,J Yadav,3.6625000000000005
981003,1,15,6,CR Brathwaite,-5.420833333333333
981003,2,5,6,Mustafizur Rahman,0.44166666666666654
981003,2,8,6,MC Henriques,3.6333333333333333
981003,2,12,6,DJ Hooda,3.7666666666666666
981003,2,15,6,Mustafizur Rahman,1.6823529411764708
981005,1,5,6,NLTC Perera,5.066666666666667
981005,1,8,6,A Zampa,-1.7
981005,1,12,6,A Zampa,0.6722222222222224
981005,1,15,6,R Ashwin,-2.611111111111111
981005,2,5,6,MM Sharma,4.591666666666667
981005,2,8,6,R Dhawan,2.4833333333333334
981005,2,12,6,AR Patel,-2.425
981005,2,15,6,KJ Abbott,2.6944444444444446
981007,1,5,6,P Kumar,1.1444444444444446
981007,1,8,6,DR Smith,-2.85
981007,1,12,6,SB Jakati,3.2666666666666666
981007,1,15,6,DS Kulkarni,2.155555555555556
981007,2,5,6,JJ Bumrah,5.908333333333333
981007,2,8,6,MJ McClenaghan,5.091666666666667
981007,2,12,6,JJ Bumrah,1.6333333333333333
981007,2,15,6,HH Pandya,5.0
981009,1,5,6,DJ Hooda,-0.016666666666666774
981009,1,8,6,KV Sharma,4.083333333333333
981009,1,12,6,Mustafizur Rahman,4.754545454545455
981009,1,15,6,B Kumar,0.9333333333333333
981009,2,5,6,SP Narine,-0.3166666666666666
981009,2,8,6,JO Holder,2.0090909090909093
981009,2,12,6,SP Narine,-3.9111111111111105
981009,2,15,6,Kuldeep Yadav,-5.386956521739131
981011,1,5,6,YS Chahal,-3.6
981011,1,8,6,SR Watson,1.841666666666667
981011,1,12,6,CH Gayle,2.64
981011,1,15,6,S Aravind,0.02499999999999991
981011,2,5,6,CH Morris,1.0944444444444448
981011,2,8,6,P Negi,2.1166666666666667
981011,2,12,6,CR Brathwaite,-1.3333333333333333
981011,2,15,6,A Mishra,3.0458333333333334
981013,1,5,6,SR Watson,-3.6
981013,1,8,6,STR Binny,0.8
981013,1,12,6,Iqbal Abdulla,-1.3521739130434782
981013,1,15,6,SR Watson,-5.829411764705883
981013,2,5,6,DS Kulkarni,-10.855555555555556
981013,2,8,6,SB Jakati,10.32
981013,2,12,6,RA Jadeja,-3.595833333333333
981013,2,15,6,SB Jakati,6.75
981015,1,5,6,SP Narine,6.14
981015,1,8,6,JO Holder,2.591666666666667
981015,1,12,6,Kuldeep Yadav,-1.9333333333333333
981015,1,15,6,JO Holder,1.477777777777778
981015,2,5,6,Mustafizur Rahman,-0.1499999999999999
981015,2,8,6,Bipul Sharma,1.75
981015,2,12,6,Mustafizur Rahman,2.4833333333333334
981015,2,15,6,MC Henriques,-5.672222222222222
981017,1,5,6,Bipul Sharma,1.5333333333333334
981017,1,8,6,Bipul Sharma,0.3250000000000002
981017,1,12,6,BCJ Cutting,-1.3333333333333333
981017,1,15,6,TA Boult,-0.011111111111111072
981017,2,5,6,SK Raina,-0.1499999999999999
981017,2,8,6,S Kaushik,-3.6
981017,2,12,6,S Kaushik,-3.7333333333333334
981017,2,15,6,DJ Bravo,-4.438888888888889
981019,1,5,6,CH Gayle,1.6823529411764708
981019,1,8,6,YS Chahal,1.383333333333333
981019,1,12,6,YS Chahal,0.3555555555555554
981019,1,15,6,S Aravind,-2.3333333333333335
981019,2,5,6,Mustafizur Rahman,0.30000000000000004
981019,2,8,6,MC Henriques,7.058333333333334
981019,2,12,6,BB Sran,3.205555555555555
981019,2,15,6,BCJ Cutting,-1.6041666666666667
1082591,1,5,6,SR Watson,8.483333333333334
1082591,1,8,6,YS Chahal,2.2
1082591,1,12,6,A Choudhary,3.2000000000000006
1082591,1,15,6,YS Chahal,-0.6499999999999999
1082591,2,5,6,Rashid Khan,-1.4666666666666666
1082591,2,8,6,BCJ Cutting,2.409090909090909
1082591,2,12,6,Rashid Khan,-1.5055555555555558
1082591,2,15,6,BCJ Cutting,3.311111111111112
1082592,1,5,6,DL Chahar,3.891666666666667
1082592,1,8,6,A Zampa,4.333333333333333
1082592,1,12,6,BA Stokes,3.4058823529411764
1082592,1,15,6,A Zampa,0.8999999999999999
1082592,2,5,6,MJ McClenaghan,1.5
1082592,2,8,6,HH Pandya,3.8277777777777775
1082592,2,12,6,MJ McClenaghan,1.2388888888888885
1082592,2,15,6,HH Pandya,1.3416666666666666
1082593,1,5,6,CR Woakes,5.066666666666667
1082593,1,8,6,Kuldeep Yadav,0.4333333333333334
1082593,1,12,6,SP Narine,2.877777777777778
1082593,1,15,6,Kuldeep Yadav,-3.0208333333333335
1082593,2,5,6,S Kaushik,5.375
1082593,2,8,6,S Kaushik,4.094444444444445
1082593,2,12,6,P Kumar,2.591666666666667
1082594,1,5,6,AR Patel,-0.1499999999999999
1082594,1,8,6,MP Stoinis,-1.2999999999999998
1082594,1,12,6,T Natarajan,0.6833333333333333
1082594,1,15,6,MP Stoinis,1.2000000000000002
1082594,2,5,6,Imran Tahir,0.9333333333333333
1082594,2,8,6,RD Chahar,0.8
1082594,2,12,6,RD Chahar,1.911764705882353
1082594,2,15,6,Imran Tahir,-2.4875
1082595,1,5,6,PJ Cummins,0.10000000000000009
1082595,1,8,6,S Nadeem,-3.1333333333333337
1082595,1,12,6,A Mishra,7.283333333333333
1082595,1,15,6,CR Brathwaite,6.941666666666667
1082595,2,5,6,B Stanlake,-0.2166666666666665
1082595,2,8,6,YS Chahal,1.8111111111111113
1082595,2,12,6,Iqbal Abdulla,3.335294117647059
1082595,2,15,6,TS Mills,0.13333333333333314
1082596,1,5,6,B Kumar,-0.2666666666666668
1082596,1,8,6,Rashid Khan,-7.033333333333333
1082596,1,12,6,MC Henriques,6.066666666666667
1082596,1,15,6,BCJ Cutting,3.4333333333333336
1082596,2,5,6,DS Kulkarni,5.116666666666667
1082596,2,8,6,S Kaushik,1.616666666666667
1082596,2,12,6,Tejas Baroka,2.9333333333333336
1082597,1,5,6,MJ McClenaghan,3.109090909090909
1082597,1,8,6,Harbhajan Singh,1.25
1082597,1,12,6,Harbhajan Singh,1.827777777777778
1082597,1,15,6,JJ Bumrah,1.427777777777778
1082597,2,5,6,Kuldeep Yadav,0.96
1082597,2,8,6,AS Rajpoot,-4.55
1082597,2,12,6,AS Rajpoot,-3.9666666666666663
1082597,2,15,6,SP Narine,-1.3583333333333332
1082598,1,5,6,Sandeep Sharma,-3.672222222222222
1082598,1,8,6,T Natarajan,4.0600000000000005
1082598,1,12,6,AR Patel,-2.1833333333333336
1082598,1,15,6,VR Aaron,-3.9708333333333328
1082598,2,5,6,TS Mills,1.6166666666666667
1082598,2,8,6,YS Chahal,-1.133333333333333
1082598,2,12,6,P Negi,2.4833333333333334
1082599,1,5,6,DL Chahar,2.9000000000000004
1082599,1,8,6,Imran Tahir,-1.7
1082599,1,12,6,Imran Tahir,-1.8666666666666667
1082599,1,15,6,BA Stokes,-0.7444444444444444
1082599,2,5,6,CH Morris,1.0999999999999999
1082599,2,8,6,S Nadeem,-1.3055555555555556
1082599,2,12,6,PJ Cummins,0.3222222222222223
1082599,2,15,6,A Mishra,-7.405555555555556
1082600,1,5,6,JJ Bumrah,1.616666666666667
1082600,1,8,6,MJ McClenaghan,5.458333333333333
1082600,1,12,6,KH Pandya,7.25
1082600,1,15,6,HH Pandya,-0.2687499999999998
1082600,2,5,6,Mustafizur Rahman,9.383333333333335
1082600,2,8,6,BCJ Cutting,-0.1499999999999999
1082600,2,12,6,Mustafizur Rahman,7.4818181818181815
1082600,2,15,6,A Nehra,2.4666666666666663
1082601,1,5,6,PP Chawla,-2.8666666666666667
1082601,1,8,6,CR Woakes,6.183333333333334
1082601,1,12,6,UT Yadav,-0.3111111111111112
1082601,1,15,6,SP Narine,-2.2130434782608694
1082601,2,5,6,VR Aaron,4.2
1082601,2,8,6,MP Stoinis,2.4833333333333334
1082601,2,12,6,MM Sharma,4.4750000000000005
1082601,2,15,6,Sandeep Sharma,3.4222222222222225
1082602,1,5,6,MJ McClenaghan,1.3916666666666668
1082602,1,8,6,Harbhajan Singh,1.3375
1082602,1,12,6,KH Pandya,1.25
1082602,1,15,6,MJ McClenaghan,-1.5705882352941174
1082602,2,5,6,S Badree,-8.616666666666667
1082602,2,8,6,S Aravind,-0.6818181818181819
1082602,2,12,6,S Aravind,0.1499999999999999
1082602,2,15,6,P Negi,3.9200000000000004
1082603,1,5,6,AJ Tye,-2.2
1082603,1,8,6,RA Jadeja,4.833333333333333
1082603,1,12,6,AJ Tye,-4.925
1082603,1,15,6,Basil Thampi,2.3166666666666664
1082603,2,5,6,Imran Tahir,6.75
1082603,2,8,6,SN Thakur,-1.7454545454545454
1082603,2,12,6,Imran Tahir,3.611111111111111
1082603,2,15,6,Imran Tahir,3.545833333333334
1082604,1,5,6,Rashid Khan,-1.0166666666666668
1082604,1,8,6,MC Henriques,6.22
1082604,1,12,6,A Nehra,3.122222222222222
1082604,1,15,6,Bipul Sharma,2.6545454545454548
1082604,2,5,6,Kuldeep Yadav,1.5333333333333334
1082604,2,8,6,SP Narine,1.866666666666667
1082604,2,12,6,UT Yadav,2.938888888888888
1082604,2,15,6,SP Narine,-1.6416666666666668
1082605,1,5,6,MM Sharma,2.825
1082605,1,8,6,KC Cariappa,-0.4083333333333331
1082605,1,12,6,AR Patel,-0.672222222222222
1082605,1,15,6,VR Aaron,-0.9999999999999996
1082605,2,5,6,PJ Cummins,2.4833333333333334
1082605,2,8,6,A Mishra,0.30000000000000004
1082605,2,12,6,A Mishra,-1.488888888888889
1082605,2,15,6,CJ Anderson,0.6722222222222224
1082606,1,5,6,SL Malinga,5.741666666666667
1082606,1,8,6,KH Pandya,1.866666666666667
1082606,1,12,6,JJ Bumrah,2.6833333333333336
1082606,1,15,6,MJ McClenaghan,-1.9235294117647057
1082606,2,5,6,AJ Tye,3.3833333333333333
1082606,2,8,6,RA Jadeja,5.033333333333333
1082606,2,12,6,Basil Thampi,3.866666666666667
1082606,2,15,6,RA Jadeja,3.325
1082607,1,5,6,S Aravind,3.4454545454545458
1082607,1,8,6,P Negi,-2.425
1082607,1,12,6,SR Watson,2.9545454545454546
1082607,1,15,6,SR Watson,0.5277777777777781
1082607,2,5,6,BA Stokes,-2.65
1082607,2,8,6,Imran Tahir,3.4916666666666667
1082607,2,12,6,Imran Tahir,-0.1291666666666666
1082607,2,15,6,BA Stokes,-3.8777777777777773
1082608,1,5,6,SP Narine,0.8
1082608,1,8,6,CR Woakes,3.9083333333333337
1082608,1,12,6,UT Yadav,1.1055555555555554
1082608,1,15,6,Kuldeep Yadav,4.016666666666667
1082608,2,5,6,PJ Cummins,4.3
1082608,2,8,6,A Mishra,2.2818181818181817
1082608,2,12,6,AD Mathews,2.7916666666666665
1082608,2,15,6,PJ Cummins,2.45
1082609,1,5,6,I Sharma,0.1333333333333333
1082609,1,8,6,KC Cariappa,3.858333333333334
1082609,1,12,6,Sandeep Sharma,2.2055555555555553
1082609,1,15,6,KC Cariappa,1.5391304347826087
1082609,2,5,6,Rashid Khan,6.08
1082609,2,8,6,Mohammad Nabi,-0.6833333333333335
1082609,2,12,6,Mohammad Nabi,-0.4750000000000001
1082609,2,15,6,Rashid Khan,-0.9416666666666661
1082610,1,5,6,RA Jadeja,3.8833333333333333
1082610,1,8,6,AJ Tye,1.1666666666666667
1082610,1,12,6,Basil Thampi,-0.9277777777777777
1082610,1,15,6,DS Kulkarni,1.1625000000000005
1082610,2,5,6,YS Chahal,-1.7666666666666668
1082610,2,8,6,AF Milne,4.609090909090909
1082610,2,12,6,AF Milne,5.8500000000000005
1082610,2,15,6,TM Head,3.15
1082611,1,5,6,PJ Cummins,2.9333333333333336
1082611,1,8,6,Z Khan,2.1166666666666667
1082611,1,12,6,PJ Cummins,4.039130434782608
1082611,1,15,6,AD Mathews,6.941666666666667
1082611,2,5,6,Rashid Khan,2.2666666666666666
1082611,2,8,6,Rashid Khan,2.0083333333333337
1082611,2,12,6,MC Henriques,5.65
1082611,2,15,6,MC Henriques,4.7444444444444445
1082612,1,5,6,MJ McClenaghan,-0.2666666666666668
1082612,1,8,6,KH Pandya,1.5
1082612,1,12,6,KH Pandya,0.17826086956521714
1082612,1,15,6,SL Malinga,5.364705882352942
1082612,2,5,6,MP Stoinis,4.72
1082612,2,8,6,AR Patel,3.936363636363637
1082612,2,12,6,Sandeep Sharma,6.252941176470588
1082613,1,5,6,SK Raina,-0.8583333333333333
1082613,1,8,6,RA Jadeja,3.5166666666666666
1082613,1,12,6,RA Jadeja,3.0777777777777775
1082613,1,15,6,Basil Thampi,4.841666666666667
1082613,2,5,6,Shakib Al Hasan,4.15
1082613,2,8,6,CR Woakes,1.75
1082613,2,12,6,UT Yadav,-0.75
1082613,2,15,6,SP Narine,4.3500000000000005
1082614,1,5,6,CH Morris,-1.2416666666666665
1082614,1,8,6,A Mishra,-2.5333333333333337
1082614,1,12,6,A Mishra,-5.411764705882353
1082614,1,15,6,PJ Cummins,-1.1722222222222218
1082614,2,5,6,JJ Bumrah,-4.96
1082614,2,8,6,HH Pandya,-0.2181818181818181
1082614,2,12,6,MG Johnson,-1.234782608695652
1082614,2,15,6,MJ McClenaghan,-7.255555555555556
1082615,1,5,6,SN Thakur,4.616666666666667
1082615,1,8,6,Imran Tahir,-3.6
1082615,1,12,6,DT Christian,-2.2
1082615,1,15,6,DT Christian,-1.5416666666666667
1082615,2,5,6,S Kaul,8.6
1082615,2,8,6,Rashid Khan,1.1666666666666667
1082615,2,12,6,Mohammed Siraj,3.5250000000000004
1082615,2,15,6,Mohammed Siraj,3.083333333333334
1082616,1,5,6,AJ Tye,5.8
1082616,1,8,6,RA Jadeja,2.4583333333333335
1082616,1,12,6,RA Jadeja,3.2500000000000004
1082616,1,15,6,AJ Tye,1.4055555555555552
1082616,2,5,6,MM Sharma,-0.041666666666666685
1082616,2,8,6,AR Patel,-0.016666666666666774
1082616,2,12,6,AR Patel,-2.683333333333333
1082616,2,15,6,MM Sharma,-0.12777777777777788
1082617,1,5,6,STR Binny,0.7166666666666665
1082617,1,8,6,S Badree,0.8277777777777775
1082617,1,12,6,P Negi,-0.36666666666666664
1082617,1,15,6,S Aravind,3.8277777777777775
1082617,2,5,6,UT Yadav,-1.9166666666666667
1082617,2,8,6,CR Woakes,-8.483333333333334
1082618,1,5,6,KV Sharma,2.9083333333333337
1082618,1,8,6,Harbhajan Singh,1.9500000000000002
1082618,1,12,6,Harbhajan Singh,-1.125
1082618,1,15,6,MJ McClenaghan,3.849999999999999
1082618,2,5,6,SN Thakur,4.636363636363637
1082618,2,8,6,Washington Sundar,-0.32499999999999973
1082618,2,12,6,BA Stokes,-4.783333333333333
1082618,2,15,6,SN Thakur,3.7944444444444443
1082620,1,5,6,SP Narine,4.5
1082620,1,8,6,C de Grandhomme,2.8166666666666664
1082620,1,12,6,Kuldeep Yadav,2.7083333333333335
1082620,1,15,6,Kuldeep Yadav,3.2333333333333334
1082620,2,5,6,DT Christian,2.4833333333333334
1082620,2,8,6,Imran Tahir,4.95
1082620,2,12,6,SN Thakur,3.2470588235294113
1082620,2,15,6,Imran Tahir,5.4
1082621,1,5,6,Basil Thampi,-0.12222222222222223
1082621,1,8,6,RA Jadeja,-1.1083333333333332
1082621,1,12,6,JP Faulkner,2.4833333333333334
1082621,1,15,6,AJ Tye,-7.65
1082621,2,5,6,S Aravind,1.5166666666666666
1082621,2,8,6,A Choudhary,3.6
1082621,2,12,6,P Negi,3.1181818181818186
1082622,1,5,6,Kuldeep Yadav,1.75
1082622,1,8,6,CR Woakes,2.9583333333333335
1082622,1,12,6,C de Grandhomme,7.416666666666667
1082622,1,15,6,NM Coulter-Nile,-1.4666666666666663
1082622,2,5,6,K Rabada,-0.4916666666666664
1082622,2,8,6,PJ Cummins,3.7750000000000004
1082622,2,12,6,CJ Anderson,1.7294117647058824
1082622,2,15,6,CH Morris,6.0166666666666675
1082623,1,5,6,I Sharma,2.0388888888888888
1082623,1,8,6,Anureet Singh,6.183333333333334
1082623,1,12,6,AR Patel,5.044444444444445
1082623,1,15,6,GJ Maxwell,0.6555555555555557
1082623,2,5,6,DJ Hooda,8.15
1082623,2,8,6,S Kaul,-1.3333333333333333
1082623,2,12,6,MC Henriques,6.294444444444445
1082623,2,15,6,B Kumar,-3.15
1082624,1,5,6,YS Chahal,6.066666666666667
1082624,1,8,6,P Negi,0.06666666666666657
1082624,1,12,6,YS Chahal,5.875
1082624,1,15,6,S Badree,0.3208333333333336
1082624,2,5,6,DT Christian,1.5333333333333334
1082624,2,8,6,Washington Sundar,-2.65
1082624,2,12,6,Imran Tahir,-3.125
1082624,2,15,6,JD Unadkat,-1.7347826086956522
1082625,1,5,6,SL Malinga,-3.0416666666666665
1082625,1,8,6,KH Pandya,-2.290909090909091
1082625,1,12,6,JJ Bumrah,-2.0583333333333336
1082625,1,15,6,KH Pandya,-7.841666666666667
1082625,2,5,6,AJ Tye,3.3833333333333333
1082625,2,8,6,SK Raina,2.4444444444444446
1082625,2,12,6,RA Jadeja,5.116666666666667
1082625,2,15,6,JP Faulkner,-1.8055555555555551
1082626,1,5,6,MM Sharma,-0.6499999999999999
1082626,1,8,6,AR Patel,-5.4
1082626,1,12,6,AR Patel,-4.365217391304347
1082626,1,15,6,Sandeep Sharma,-9.291304347826086
1082626,2,5,6,Mohammed Shami,3.509090909090909
1082627,1,5,6,Kuldeep Yadav,5.539999999999999
1082627,1,8,6,NM Coulter-Nile,2.409090909090909
1082627,1,12,6,CR Woakes,2.316666666666667
1082627,1,15,6,SP Narine,5.772222222222223
1082627,2,5,6,MC Henriques,3.4333333333333336
1082627,2,8,6,Rashid Khan,4.45
1082627,2,12,6,Mohammed Siraj,-4.194444444444445
1082627,2,15,6,Rashid Khan,4.0260869565217385
1082628,1,5,6,MJ McClenaghan,1.8666666666666667
1082628,1,8,6,KH Pandya,3.2
1082628,1,12,6,KH Pandya,-1.7166666666666666
1082628,1,15,6,MJ McClenaghan,1.4611111111111106
1082628,2,5,6,YS Chahal,2.825
1082628,2,8,6,SR Watson,1.3916666666666668
1082628,2,12,6,YS Chahal,0.3611111111111116
1082628,2,15,6,YS Chahal,1.0
1082629,1,5,6,Imran Tahir,0.7166666666666665
1082629,1,8,6,DT Christian,5.260000000000001
1082629,1,12,6,BA Stokes,3.738888888888888
1082629,1,15,6,Imran Tahir,-7.8375
1082629,2,5,6,JP Faulkner,-0.9666666666666666
1082629,2,8,6,Ankit Soni,-0.875
1082629,2,12,6,Ankit Soni,0.31304347826086976
1082629,2,15,6,DR Smith,3.441176470588236
1082630,1,5,6,Mohammed Shami,2.8500000000000005
1082630,1,8,6,A Mishra,-2.65
1082630,1,12,6,A Mishra,-1.3055555555555556
1082630,1,15,6,Mohammed Shami,-1.852173913043478
1082630,2,5,6,MC Henriques,7.7
1082630,2,8,6,Rashid Khan,2.4833333333333334
1082630,2,12,6,Yuvraj Singh,7.866666666666667
1082630,2,15,6,B Kumar,-0.2944444444444446
1082631,1,5,6,Washington Sundar,-1.9500000000000002
1082631,1,8,6,SN Thakur,-0.1499999999999999
1082631,1,12,6,DT Christian,1.5333333333333334
1082631,1,15,6,Imran Tahir,1.133333333333333
1082631,2,5,6,NM Coulter-Nile,5.288235294117647
1082631,2,8,6,CR Woakes,-4.044444444444444
1082631,2,12,6,Kuldeep Yadav,5.375
1082631,2,15,6,UT Yadav,-0.35000000000000003
1082632,1,5,6,PJ Cummins,4.025
1082632,1,8,6,MN Samuels,1.7000000000000002
1082632,1,12,6,CJ Anderson,5.200000000000001
1082632,1,15,6,CJ Anderson,4.054545454545455
1082632,2,5,6,JP Faulkner,1.25
1082632,2,8,6,SK Raina,5.15
1082632,2,12,6,DR Smith,5.116666666666667
1082632,2,15,6,PJ Sangwan,1.5458333333333338
1082633,1,5,6,S Badree,1.0333333333333334
1082633,1,8,6,P Negi,0.04166666666666666
1082633,1,12,6,P Negi,-0.2944444444444446
1082633,1,15,6,YS Chahal,-4.9772727272727275
1082633,2,5,6,VR Aaron,1.4250000000000003
1082633,2,8,6,AR Patel,-0.1499999999999999
1082633,2,12,6,VR Aaron,1.6437500000000003
1082633,2,15,6,GJ Maxwell,-3.6588235294117646
1082634,1,5,6,MC Henriques,5.15
1082634,1,8,6,Bipul Sharma,-1.725
1082634,1,12,6,Bipul Sharma,1.5125000000000002
1082634,1,15,6,S Kaul,-2.011111111111111
1082634,2,5,6,Washington Sundar,1.6833333333333333
1082634,2,8,6,SN Thakur,4.166666666666667
1082634,2,12,6,BA Stokes,-5.683333333333334
1082634,2,15,6,Imran Tahir,-1.008333333333333
1082635,1,5,6,PJ Cummins,8.16
1082635,1,8,6,A Mishra,-2.425
1082635,1,12,6,CJ Anderson,3.516666666666667
1082635,1,15,6,K Rabada,1.0999999999999996
1082635,2,5,6,SL Malinga,-6.208333333333333
1082635,2,8,6,Harbhajan Singh,-4.677777777777778
1082635,2,12,6,HH Pandya,-1.1
1082636,1,5,6,UT Yadav,-4.147058823529412
1082636,1,8,6,PP Chawla,1.75
1082636,1,12,6,C de Grandhomme,2.2
1082636,1,15,6,SP Narine,-2.4875
1082636,2,5,6,YS Chahal,7.65
1082636,2,8,6,TM Head,-3.0
1082636,2,12,6,TM Head,4.1000000000000005
1082637,1,5,6,JP Faulkner,7.416666666666667
1082637,1,8,6,RA Jadeja,4.509090909090909
1082637,1,12,6,Ankit Soni,3.772222222222222
1082637,1,15,6,DS Kulkarni,-0.8416666666666665
1082637,2,5,6,MM Sharma,4.025
1082637,2,8,6,AR Patel,4.808333333333334
1082637,2,12,6,AR Patel,4.405555555555555
1082637,2,15,6,MM Sharma,3.7708333333333335
1082638,1,5,6,Mohammad Nabi,-2.888888888888889
1082638,1,8,6,Rashid Khan,2.9333333333333336
1082638,1,12,6,B Kumar,1.3916666666666668
1082638,1,15,6,Mohammed Siraj,3.7411764705882358
1082638,2,5,6,MJ McClenaghan,-1.8083333333333333
1082638,2,8,6,KV Sharma,3.2750000000000004
1082638,2,12,6,JJ Bumrah,-1.6916666666666667
1082638,2,15,6,JJ Bumrah,-0.761111111111111
1082639,1,5,6,SP Narine,-1.4416666666666667
1082639,1,8,6,CR Woakes,-2.663636363636363
1082639,1,12,6,AS Rajpoot,4.166666666666667
1082639,1,15,6,Kuldeep Yadav,1.3333333333333333
1082639,2,5,6,MJ Henry,4.841666666666667
1082639,2,8,6,Swapnil Singh,3.7800000000000002
1082639,2,12,6,Swapnil Singh,3.941666666666667
1082639,2,15,6,Sandeep Sharma,3.677777777777778
1082640,1,5,6,PJ Cummins,2.6166666666666667
1082640,1,8,6,A Mishra,3.7416666666666667
1082640,1,12,6,CJ Anderson,4.663636363636364
1082640,1,15,6,Z Khan,2.5833333333333335
1082640,2,5,6,DR Smith,8.483333333333334
1082640,2,8,6,RA Jadeja,2.9333333333333336
1082640,2,12,6,RA Jadeja,2.654166666666667
1082640,2,15,6,DS Kulkarni,0.041666666666666685
1082641,1,5,6,KV Sharma,2.6166666666666667
1082641,1,8,6,Harbhajan Singh,10.450000000000001
1082641,1,12,6,KV Sharma,2.0777777777777775
1082641,1,15,6,MJ McClenaghan,4.9
1082641,2,5,6,MM Sharma,7.366666666666667
1082641,2,8,6,MM Sharma,5.425
1082641,2,12,6,AR Patel,0.4083333333333335
1082641,2,15,6,MJ Henry,10.300000000000002
1082642,1,5,6,SN Thakur,3.5250000000000004
1082642,1,8,6,A Zampa,1.0250000000000004
1082642,1,12,6,A Zampa,0.11666666666666675
1082642,1,15,6,Washington Sundar,0.11666666666666675
1082642,2,5,6,Mohammed Shami,4.390909090909091
1082642,2,8,6,A Mishra,3.6333333333333333
1082642,2,12,6,PJ Cummins,1.7583333333333335
1082642,2,15,6,Mohammed Shami,1.3588235294117648
1082643,1,5,6,Mohammad Nabi,1.9833333333333332
1082643,1,8,6,Rashid Khan,7.65
1082643,1,12,6,Mohammed Siraj,-2.2888888888888888
1082643,1,15,6,Rashid Khan,-4.508333333333333
1082643,2,5,6,JP Faulkner,6.966666666666667
1082643,2,8,6,MM Patel,4.133333333333333
1082643,2,12,6,JP Faulkner,5.9
1082643,2,15,6,RA Jadeja,2.2944444444444447
1082644,1,5,6,UT Yadav,4.616666666666667
1082644,1,8,6,AS Rajpoot,-3.6
1082644,1,12,6,AS Rajpoot,-1.7888888888888888
1082644,1,15,6,UT Yadav,1.4583333333333335
1082644,2,5,6,KV Sharma,-1.8083333333333333
1082644,2,8,6,R Vinay Kumar,0.8200000000000001
1082644,2,12,6,HH Pandya,4.783333333333333
1082644,2,15,6,MG Johnson,-0.20833333333333331
1082645,1,5,6,SN Thakur,-4.262499999999999
1082645,1,8,6,A Zampa,4.783333333333333
1082645,1,12,6,A Zampa,2.4444444444444446
1082645,2,5,6,AR Patel,-0.016666666666666774
1082645,2,8,6,R Tewatia,0.19166666666666657
1082646,1,5,6,Mohammed Shami,2.1333333333333333
1082646,1,8,6,CJ Anderson,4.783333333333333
1082646,1,12,6,CJ Anderson,3.0777777777777775
1082646,1,15,6,PJ Cummins,-1.8666666666666667
1082646,2,5,6,SR Watson,-3.6
1082646,2,8,6,TM Head,4.308333333333334
1082646,2,12,6,SR Watson,-1.7722222222222221
1082646,2,15,6,TM Head,-1.0000000000000002
1082647,1,5,6,SL Malinga,-3.125
1082647,1,8,6,HH Pandya,7.416666666666667
1082647,1,12,6,KV Sharma,-0.1444444444444447
1082647,1,15,6,KH Pandya,1.5166666666666668
1082647,2,5,6,Washington Sundar,-4.808333333333333
1082647,2,8,6,SN Thakur,2.8416666666666663
1082647,2,12,6,Washington Sundar,-7.241666666666667
1082647,2,15,6,DT Christian,2.1941176470588233
1082648,1,5,6,SP Narine,-0.1499999999999999
1082648,1,8,6,PP Chawla,3.3833333333333333
1082648,1,12,6,PP Chawla,-0.5166666666666668
1082648,1,15,6,UT Yadav,-3.7956521739130435
1082649,1,5,6,JJ Bumrah,-7.05
1082649,1,8,6,KV Sharma,-7.405555555555556
1082649,1,12,6,KH Pandya,3.2500000000000004
1082649,1,15,6,HH Pandya,0.30000000000000004
1082649,2,5,6,PP Chawla,-5.175
1082649,2,8,6,PP Chawla,-3.4111111111111105
1082649,2,12,6,NM Coulter-Nile,-1.25
1082650,1,5,6,LH Ferguson,7.533333333333333
1082650,1,8,6,A Zampa,2.0363636363636366
1082650,1,12,6,A Zampa,-2.025
1082650,1,15,6,DT Christian,-2.2
1082650,2,5,6,SL Malinga,0.2166666666666667
1082650,2,8,6,KV Sharma,1.1777777777777778
1082650,2,12,6,KV Sharma,0.6083333333333333
1082650,2,15,6,KH Pandya,2.8208333333333337
1136561,1,5,6,SR Watson,-0.08333333333333298
1136561,1,8,6,Harbhajan Singh,2.5666666666666664
1136561,1,12,6,SR Watson,-2.9875
1136561,1,15,6,DJ Bravo,3.8
1136561,2,5,6,HH Pandya,-2.5416666666666665
1136561,2,8,6,M Markande,-6.1
1136561,2,12,6,M Markande,-6.120833333333333
1136561,2,15,6,JJ Bumrah,1.3277777777777782
1136562,1,5,6,AJ Tye,1.8400000000000003
1136562,1,8,6,AR Patel,2.8055555555555554
1136562,1,12,6,AJ Tye,4.841666666666667
1136562,1,15,6,R Ashwin,-0.4125000000000001
1136562,2,5,6,CH Morris,1.1666666666666665
1136562,2,8,6,Mohammed Shami,5.933333333333334
1136562,2,12,6,A Mishra,6.333333333333334
1136562,2,15,6,DT Christian,-1.133333333333333
1136563,1,5,6,PP Chawla,-0.5166666666666668
1136563,1,8,6,SP Narine,-3.125
1136563,1,12,6,PP Chawla,0.07083333333333358
1136563,1,15,6,AD Russell,1.75
1136563,2,5,6,UT Yadav,-4.96
1136563,2,8,6,K Khejroliya,3.7181818181818183
1136563,2,12,6,K Khejroliya,3.19375
1136563,2,15,6,CR Woakes,-1.6294117647058828
1136564,1,5,6,Shakib Al Hasan,1.5333333333333334
1136564,1,8,6,B Stanlake,0.6388888888888893
1136564,1,12,6,S Kaul,-0.6333333333333332
1136564,1,15,6,Rashid Khan,2.6333333333333333
1136564,2,5,6,B Laughlin,3.52
1136564,2,8,6,S Gopal,1.6416666666666668
1136564,2,12,6,DJM Short,1.0333333333333334
1136565,1,5,6,RA Jadeja,0.7750000000000004
1136565,1,8,6,SR Watson,-0.9727272727272722
1136565,1,12,6,Imran Tahir,1.8166666666666664
1136565,1,15,6,SN Thakur,0.10000000000000014
1136565,2,5,6,TK Curran,2.566666666666667
1136565,2,8,6,Kuldeep Yadav,-2.65
1136565,2,12,6,PP Chawla,6.0
1136565,2,15,6,SP Narine,-1.7125
1136566,1,5,6,CH Morris,3.2416666666666667
1136566,1,8,6,S Nadeem,2.925
1136566,1,12,6,Mohammed Shami,2.85
1136566,1,15,6,R Tewatia,2.5608695652173914
1136566,2,5,6,B Laughlin,-1.1666666666666667
1136567,1,5,6,S Kaul,-3.9666666666666663
1136567,1,8,6,Shakib Al Hasan,-0.3363636363636361
1136567,1,12,6,Rashid Khan,-0.8555555555555554
1136567,1,15,6,Shakib Al Hasan,0.5333333333333334
1136567,2,5,6,JJ Bumrah,5.116666666666667
1136567,2,8,6,M Markande,-2.9916666666666663
1136567,2,12,6,M Markande,-8.5375
1136567,2,15,6,Mustafizur Rahman,0.4500000000000001
1136568,1,5,6,UT Yadav,-6.916666666666667
1136568,1,8,6,YS Chahal,4.108333333333333
1136568,1,12,6,K Khejroliya,-0.033333333333333603
1136568,1,15,6,Washington Sundar,-3.4416666666666664
1136568,2,5,6,R Ashwin,3.325
1136568,2,8,6,AR Patel,-1.2166666666666666
1136568,2,12,6,AR Patel,-0.6875
1136568,2,15,6,AJ Tye,2.6888888888888887
1136569,1,5,6,DT Christian,8.433333333333334
1136569,1,8,6,R Tewatia,-0.4083333333333331
1136569,1,12,6,R Tewatia,-2.260869565217391
1136569,1,15,6,DT Christian,0.08333333333333326
1136569,2,5,6,Mustafizur Rahman,-2.175
1136569,2,8,6,M Markande,6.408333333333333
1136569,2,12,6,M Markande,6.7444444444444445
1136569,2,15,6,KH Pandya,-2.85
1136570,1,5,6,Rashid Khan,5.066666666666667
1136570,1,8,6,Shakib Al Hasan,0.32499999999999996
1136570,1,12,6,Shakib Al Hasan,-3.929166666666666
1136570,1,15,6,Rashid Khan,2.8555555555555556
1136570,2,5,6,SP Narine,-6.2
1136570,2,8,6,Kuldeep Yadav,-1.95
1136570,2,12,6,SP Narine,-4.55
1136570,2,15,6,PP Chawla,-1.3333333333333333
1136571,1,5,6,CR Woakes,-0.06363636363636338
1136571,1,8,6,Washington Sundar,2.2222222222222223
1136571,1,12,6,YS Chahal,-3.4666666666666663
1136571,1,15,6,UT Yadav,4.625
1136571,2,5,6,BA Stokes,7.819999999999999
1136571,2,8,6,S Gopal,2.2083333333333335
1136571,2,12,6,S Gopal,-3.7333333333333334
1136571,2,15,6,BA Stokes,3.4454545454545458
1136572,1,5,6,DL Chahar,5.464705882352941
1136572,1,8,6,SR Watson,2.2
1136572,1,12,6,Imran Tahir,4.816666666666667
1136572,1,15,6,SN Thakur,1.75
1136572,2,5,6,Mujeeb Ur Rahman,2.4833333333333334
1136572,2,8,6,R Ashwin,0.3099999999999999
1136572,2,12,6,R Ashwin,0.5055555555555558
1136572,2,15,6,BB Sran,0.8409090909090904
1136573,1,5,6,S Nadeem,5.291666666666667
1136573,1,8,6,R Tewatia,2.9083333333333337
1136573,1,12,6,Mohammed Shami,-1.025
1136573,1,15,6,CH Morris,1.933333333333334
1136573,2,5,6,SP Narine,5.116666666666667
1136573,2,8,6,Kuldeep Yadav,1.383333333333333
1136573,2,12,6,Kuldeep Yadav,-0.7388888888888887
1136574,1,5,6,CR Woakes,2.35
1136574,1,8,6,YS Chahal,2.8833333333333333
1136574,1,12,6,Mohammed Siraj,1.9647058823529413
1136574,1,15,6,CJ Anderson,-1.877777777777778
1136574,2,5,6,Mustafizur Rahman,5.566666666666667
1136574,2,8,6,M Markande,0.3545454545454547
1136574,2,12,6,JJ Bumrah,1.7583333333333335
1136574,2,15,6,Mustafizur Rahman,5.716666666666668
1136575,1,5,6,PP Chawla,0.7277777777777779
1136575,1,8,6,Shivam Mavi,0.3250000000000002
1136575,1,12,6,N Rana,-3.3583333333333334
1136575,1,15,6,Kuldeep Yadav,-0.8708333333333335
1136575,2,5,6,B Laughlin,6.0166666666666675
1136575,2,8,6,S Gopal,0.1583333333333335
1136575,2,12,6,K Gowtham,-3.6625
1136575,2,15,6,B Laughlin,3.2500000000000004
1136576,1,5,6,S Kaul,5.116666666666667
1136576,1,8,6,DJ Hooda,2.681818181818182
1136576,1,12,6,CJ Jordan,1.4222222222222225
1136576,1,15,6,B Kumar,1.027777777777778
1136576,2,5,6,BB Sran,-2.8166666666666664
1136576,2,8,6,R Ashwin,5.508333333333333
1136576,2,12,6,MM Sharma,0.5500000000000007
1136576,2,15,6,Mujeeb Ur Rahman,2.4869565217391307
1136577,1,5,6,BA Stokes,6.325
1136577,1,8,6,K Gowtham,5.194444444444445
1136577,1,12,6,STR Binny,7.663636363636363
1136577,1,15,6,S Gopal,-6.583333333333333
1136577,2,5,6,SR Watson,-2.05
1136577,2,8,6,SR Watson,1.272727272727273
1136577,2,12,6,DJ Bravo,-2.5999999999999996
1136577,2,15,6,SN Thakur,-3.5777777777777775
1136578,1,5,6,AJ Tye,2.3800000000000003
1136578,1,8,6,R Ashwin,-1.0
1136578,1,12,6,AJ Tye,4.925
1136578,1,15,6,AJ Tye,0.416666666666667
1136578,2,5,6,PP Chawla,5.116666666666667
1136578,2,8,6,PP Chawla,5.066666666666667
1136579,1,5,6,YS Chahal,-2.5333333333333337
1136579,1,8,6,UT Yadav,-0.5041666666666667
1136579,1,12,6,Mohammed Siraj,2.9333333333333336
1136579,1,15,6,YS Chahal,-3.0333333333333337
1136579,2,5,6,CH Morris,0.5333333333333334
1136579,2,8,6,HV Patel,1.75
1136579,2,12,6,HV Patel,2.394444444444445
1136579,2,15,6,TA Boult,-0.2777777777777778
1136580,1,5,6,S Kaul,1.5333333333333334
1136580,1,8,6,S Kaul,0.7545454545454546
1136580,1,12,6,Shakib Al Hasan,1.9777777777777779
1136580,1,15,6,Rashid Khan,3.2
1136580,2,5,6,SR Watson,5.066666666666667
1136580,2,8,6,RA Jadeja,1.866666666666667
1136580,2,12,6,KV Sharma,-1.95
1136580,2,15,6,DJ Bravo,5.966666666666667
1136581,1,5,6,JD Unadkat,3.4333333333333336
1136581,1,8,6,BA Stokes,4.783333333333333
1136581,1,12,6,JC Archer,2.2333333333333334
1136581,1,15,6,JD Unadkat,-3.4111111111111105
1136581,2,5,6,MJ McClenaghan,0.1833333333333334
1136581,2,8,6,M Markande,2.7916666666666665
1136581,2,12,6,JJ Bumrah,1.025
1136581,2,15,6,KH Pandya,0.7541666666666665
1136582,1,5,6,Avesh Khan,0.6777777777777776
1136582,1,8,6,DT Christian,1.1666666666666667
1136582,1,12,6,Avesh Khan,-1.5750000000000002
1136582,1,15,6,A Mishra,2.5727272727272728
1136582,2,5,6,AJ Tye,-1.0166666666666668
1136582,2,8,6,Mujeeb Ur Rahman,-3.6
1136582,2,12,6,BB Sran,7.05
1136582,2,15,6,AJ Tye,-1.2444444444444445
1136583,1,5,6,MJ McClenaghan,-5.7
1136583,1,8,6,HH Pandya,-2.8823529411764706
1136583,1,12,6,KH Pandya,2.5545454545454547
1136583,1,15,6,M Markande,-4.194444444444445
1136583,2,5,6,Shakib Al Hasan,-3.6
1136583,2,8,6,S Kaul,2.85
1136583,2,12,6,Shakib Al Hasan,-1.3222222222222222
1136583,2,15,6,S Kaul,-3.4666666666666663
1136584,1,5,6,Harbhajan Singh,4.566666666666667
1136584,1,8,6,Imran Tahir,1.25
1136584,1,12,6,SN Thakur,0.6444444444444446
1136584,1,15,6,RA Jadeja,4.45
1136584,2,5,6,UT Yadav,-1.3
1136584,2,8,6,YS Chahal,-0.3363636363636361
1136584,2,12,6,YS Chahal,-3.3260869565217397
1136584,2,15,6,CJ Anderson,4.727272727272727
1136585,1,5,6,BB Sran,3.4647058823529413
1136585,1,8,6,R Ashwin,0.07499999999999996
1136585,1,12,6,AJ Tye,2.5666666666666664
1136585,1,15,6,Mujeeb Ur Rahman,-1.9625
1136585,2,5,6,S Kaul,3.2166666666666663
1136585,2,8,6,Basil Thampi,-0.18333333333333343
1136585,2,12,6,Shakib Al Hasan,-1.725
1136585,2,15,6,Sandeep Sharma,-4.545833333333333
1136586,1,5,6,MG Johnson,1.5333333333333334
1136586,1,8,6,MG Johnson,3.7750000000000004
1136586,1,12,6,MG Johnson,4.205555555555556
1136586,1,15,6,PP Chawla,0.3791666666666666
1136586,2,5,6,Avesh Khan,-0.9666666666666666
1136586,2,8,6,V Shankar,4.333333333333333
1136586,2,12,6,TA Boult,-0.5647058823529406
1136586,2,15,6,A Mishra,-5.995833333333333
1136587,1,5,6,HH Pandya,2.825
1136587,1,8,6,BCJ Cutting,7.22
1136587,1,12,6,JJ Bumrah,-1.575
1136587,1,15,6,M Markande,4.194117647058823
1136587,2,5,6,SN Thakur,2.4333333333333336
1136587,2,8,6,Imran Tahir,0.5833333333333333
1136587,2,12,6,DJ Bravo,2.4833333333333334
1136587,2,15,6,SN Thakur,2.0388888888888888
1136588,1,5,6,JD Unadkat,1.7000000000000002
1136588,1,8,6,IS Sodhi,4.133333333333333
1136588,1,12,6,JC Archer,2.4583333333333335
1136588,1,15,6,K Gowtham,-4.225
1136588,2,5,6,S Kaul,2.9333333333333336
1136588,2,8,6,Shakib Al Hasan,3.6388888888888893
1136588,2,12,6,YK Pathan,0.31666666666666654
1136588,2,15,6,Rashid Khan,0.5777777777777776
1136589,1,5,6,Shivam Mavi,-0.1499999999999999
1136589,1,8,6,Kuldeep Yadav,-0.18333333333333343
1136589,1,12,6,Kuldeep Yadav,-1.5416666666666667
1136589,1,15,6,Shivam Mavi,1.5333333333333334
1136589,2,5,6,YS Chahal,1.0583333333333333
1136589,2,8,6,Mohammed Siraj,2.9545454545454546
1136589,2,12,6,M Ashwin,-1.3000000000000003
1136589,2,15,6,M Ashwin,-1.5333333333333334
1136590,1,5,6,Avesh Khan,1.0333333333333334
1136590,1,8,6,R Tewatia,5.175
1136590,1,12,6,V Shankar,0.9454545454545457
1136590,1,15,6,A Mishra,0.5416666666666666
1136590,2,5,6,SR Watson,6.241666666666667
1136590,2,8,6,RA Jadeja,-3.3583333333333334
1136590,2,12,6,RA Jadeja,-1.9999999999999998
1136590,2,15,6,KM Asif,1.5055555555555555
1136591,1,5,6,KH Pandya,0.75
1136591,1,8,6,M Markande,-0.041666666666666685
1136591,1,12,6,KH Pandya,1.491666666666667
1136591,1,15,6,HH Pandya,5.5166666666666675
1136591,2,5,6,UT Yadav,-2.772222222222222
1136591,2,8,6,YS Chahal,1.091666666666667
1136591,2,12,6,YS Chahal,0.4913043478260866
1136591,2,15,6,C de Grandhomme,0.8666666666666667
1136592,1,5,6,S Gopal,5.966666666666667
1136592,1,8,6,BA Stokes,1.1181818181818182
1136592,1,12,6,DS Kulkarni,1.0375000000000005
1136592,1,15,6,JC Archer,4.276470588235294
1136592,2,5,6,Avesh Khan,8.6
1136592,2,8,6,TA Boult,0.9727272727272728
1136593,1,5,6,PP Chawla,0.2416666666666668
1136593,1,8,6,Shivam Mavi,1.6416666666666668
1136593,1,12,6,MG Johnson,5.4
1136593,1,15,6,Shivam Mavi,2.352941176470588
1136593,2,5,6,SR Watson,3.441666666666667
1136593,2,8,6,RA Jadeja,1.254545454545455
1136593,2,12,6,DJ Bravo,1.8400000000000003
1136593,2,15,6,RA Jadeja,1.2625000000000002
1136594,1,5,6,MJ McClenaghan,2.2588235294117647
1136594,1,8,6,M Markande,1.0999999999999999
1136594,1,12,6,KH Pandya,1.8333333333333333
1136594,1,15,6,MJ McClenaghan,-0.17916666666666642
1136594,2,5,6,Mujeeb Ur Rahman,-3.8200000000000003
1136594,2,8,6,MP Stoinis,1.5333333333333334
1136594,2,12,6,Mujeeb Ur Rahman,-2.7916666666666665
1136594,2,15,6,AJ Tye,0.2882352941176471
1136595,1,5,6,L Ngidi,-0.5888888888888892
1136595,1,8,6,RA Jadeja,-1.95
1136595,1,12,6,RA Jadeja,-6.475
1136595,1,15,6,L Ngidi,-3.8416666666666663
1136595,2,5,6,TG Southee,4.055555555555555
1136595,2,8,6,UT Yadav,-4.694444444444444
1136595,2,12,6,C de Grandhomme,-2.2833333333333337
1136595,2,15,6,M Ashwin,-1.7277777777777774
1136596,1,5,6,S Kaul,10.333333333333334
1136596,1,8,6,Shakib Al Hasan,4.333333333333333
1136596,1,12,6,Rashid Khan,0.03888888888888875
1136596,1,15,6,S Kaul,1.0411764705882347
1136596,2,5,6,Avesh Khan,7.7
1136596,2,8,6,A Mishra,-0.8583333333333333
1136596,2,12,6,A Mishra,-3.9041666666666663
1136596,2,15,6,Avesh Khan,6.9944444444444445
1136597,1,5,6,PP Chawla,5.8
1136597,1,8,6,Kuldeep Yadav,3.1583333333333337
1136597,1,12,6,PP Chawla,4.916666666666667
1136597,1,15,6,M Prasidh Krishna,3.811111111111111
1136597,2,5,6,HH Pandya,-2.536363636363636
1136597,2,8,6,KH Pandya,4.0
1136597,2,12,6,M Markande,0.7750000000000004
1136597,2,15,6,M Markande,0.19444444444444486
1136598,1,5,6,AR Patel,-2.65
1136598,1,8,6,AJ Tye,3.8833333333333333
1136598,1,12,6,Mujeeb Ur Rahman,0.6166666666666669
1136598,1,15,6,AS Rajpoot,3.433333333333334
1136598,2,5,6,JD Unadkat,-2.05
1136598,2,8,6,Anureet Singh,2.9333333333333336
1136598,2,12,6,K Gowtham,-1.3
1136598,2,15,6,BA Stokes,0.3555555555555554
1136599,1,5,6,Mohammed Siraj,-3.6
1136599,1,8,6,YS Chahal,-2.425
1136599,1,12,6,Mohammed Siraj,-3.1818181818181817
1136599,1,15,6,UT Yadav,0.9666666666666666
1136599,2,5,6,S Kaul,3.4333333333333336
1136599,2,8,6,Rashid Khan,2.0363636363636366
1136599,2,12,6,Sandeep Sharma,-2.35
1136599,2,15,6,S Kaul,-0.5777777777777776
1136600,1,5,6,AJ Tye,-0.016666666666666774
1136600,1,8,6,AR Patel,2.4583333333333335
1136600,1,12,6,Mujeeb Ur Rahman,2.5666666666666664
1136600,1,15,6,R Ashwin,3.575
1136600,2,5,6,BA Stokes,2.2666666666666666
1136600,2,8,6,IS Sodhi,-4.075
1136600,2,12,6,K Gowtham,-4.755555555555556
1136600,2,15,6,JD Unadkat,1.725
1136601,1,5,6,PP Chawla,1.6666666666666665
1136601,1,8,6,PP Chawla,-3.4666666666666663
1136601,1,12,6,M Prasidh Krishna,4.055555555555555
1136601,1,15,6,TK Curran,3.7181818181818183
1136601,2,5,6,HH Pandya,2.2666666666666666
1136601,2,8,6,M Markande,0.9083333333333334
1136601,2,12,6,JJ Bumrah,-1.3944444444444444
1136601,2,15,6,M Markande,0.4333333333333334
1136602,1,5,6,S Kaul,7.25
1136602,1,8,6,Shakib Al Hasan,-3.9555555555555553
1136602,1,12,6,Sandeep Sharma,-0.9249999999999998
1136602,1,15,6,S Kaul,5.866666666666667
1136602,2,5,6,TA Boult,3.5250000000000004
1136602,2,8,6,A Mishra,2.9583333333333335
1136602,2,12,6,S Nadeem,4.783333333333333
1136602,2,15,6,LE Plunkett,4.594444444444445
1136603,1,5,6,JD Unadkat,2.04
1136603,1,8,6,IS Sodhi,4.333333333333333
1136603,1,12,6,IS Sodhi,1.4222222222222225
1136603,1,15,6,JD Unadkat,2.3944444444444444
1136603,2,5,6,SN Thakur,-1.3200000000000003
1136603,2,8,6,SN Thakur,0.19166666666666657
1136603,2,12,6,SN Thakur,-2.1777777777777776
1136603,2,15,6,SR Watson,4.383333333333333
1136604,1,5,6,AJ Tye,2.566666666666667
1136604,1,8,6,AR Patel,5.425
1136604,1,12,6,AR Patel,5.0055555555555555
1136604,1,15,6,Mujeeb Ur Rahman,5.114285714285715
1136604,2,5,6,AD Russell,-3.0166666666666666
1136604,2,8,6,SP Narine,3.941666666666667
1136604,2,12,6,PP Chawla,3.15
1136604,2,15,6,JPR Scantlebury-Searles,2.9000000000000004
1136605,1,5,6,TG Southee,1.366666666666667
1136605,1,8,6,MM Ali,0.55
1136605,1,12,6,MM Ali,2.0652173913043477
1136605,1,15,6,Mohammed Siraj,0.7750000000000004
1136605,2,5,6,TA Boult,1.75
1136605,2,8,6,CJ Dala,5.7666666666666675
1136605,2,12,6,HV Patel,5.383333333333335
1136605,2,15,6,A Mishra,0.5874999999999999
1136606,1,5,6,DL Chahar,-4.0
1136606,1,8,6,SR Watson,-1.1
1136606,1,12,6,RA Jadeja,5.4
1136606,1,15,6,DJ Bravo,2.3666666666666667
1136606,2,5,6,Shakib Al Hasan,4.166666666666667
1136606,2,8,6,Rashid Khan,2.0083333333333337
1136606,2,12,6,B Kumar,3.7777777777777777
1136606,2,15,6,Shakib Al Hasan,1.9874999999999998
1136607,1,5,6,DS Kulkarni,3.2888888888888888
1136607,1,8,6,S Gopal,4.558333333333334
1136607,1,12,6,BA Stokes,1.1666666666666667
1136607,1,15,6,JC Archer,-5.033333333333333
1136607,2,5,6,HH Pandya,1.9833333333333332
1136607,2,8,6,KH Pandya,2.5388888888888888
1136607,2,12,6,MJ McClenaghan,1.5166666666666666
1136607,2,15,6,M Markande,4.911111111111111
1136608,1,5,6,Mohammed Siraj,-0.9666666666666666
1136608,1,8,6,C de Grandhomme,-2.6799999999999997
1136608,1,12,6,UT Yadav,-6.5375
1136608,2,5,6,AJ Tye,2.8611111111111116
1136609,1,5,6,SP Narine,2.125
1136609,1,8,6,M Prasidh Krishna,5.458333333333333
1136609,1,12,6,Shivam Mavi,1.9500000000000002
1136609,1,15,6,SP Narine,-0.32083333333333314
1136609,2,5,6,BA Stokes,-4.741176470588235
1136609,2,8,6,IS Sodhi,-1.1083333333333332
1136609,2,12,6,Anureet Singh,4.833333333333333
1136609,2,15,6,BA Stokes,-7.479166666666667
1136610,1,5,6,AJ Tye,-8.375
1136610,1,8,6,AS Rajpoot,0.9055555555555552
1136610,1,12,6,AR Patel,3.3777777777777778
1136610,1,15,6,R Ashwin,-1.7
1136610,2,5,6,KH Pandya,5.116666666666667
1136610,2,8,6,M Markande,3.8636363636363633
1136610,2,12,6,MJ McClenaghan,0.8444444444444443
1136610,2,15,6,M Markande,5.433333333333334
1136611,1,5,6,S Kaul,0.5833333333333333
1136611,1,8,6,Shakib Al Hasan,2.8
1136611,1,12,6,Basil Thampi,9.927272727272726
1136611,1,15,6,Basil Thampi,8.205555555555556
1136611,2,5,6,YS Chahal,-0.4916666666666664
1136611,2,8,6,TG Southee,5.066666666666667
1136611,2,12,6,C de Grandhomme,5.733333333333333
1136611,2,15,6,YS Chahal,-0.3608695652173913
1136612,1,5,6,SN Thakur,1.0333333333333334
1136612,1,8,6,DJ Bravo,0.3600000000000003
1136612,1,12,6,DJ Bravo,2.2818181818181817
1136612,1,15,6,L Ngidi,-5.0
1136612,2,5,6,Avesh Khan,5.883333333333333
1136612,2,8,6,A Mishra,-0.5166666666666668
1136612,2,12,6,A Mishra,-0.9111111111111109
1136612,2,15,6,S Lamichhane,-1.3041666666666665
1136613,1,5,6,YS Chahal,1.2833333333333334
1136613,1,8,6,UT Yadav,-0.08888888888888902
1136613,1,12,6,YS Chahal,1.9833333333333332
1136613,1,15,6,Mohammed Siraj,2.388888888888889
1136613,2,5,6,JD Unadkat,4.166666666666667
1136613,2,8,6,S Gopal,-3.275
1136613,2,12,6,S Gopal,-9.45
1136613,2,15,6,B Laughlin,-2.625
1136614,1,5,6,SP Narine,1.7636363636363641
1136614,1,8,6,Kuldeep Yadav,1.2999999999999998
1136614,1,12,6,JPR Scantlebury-Searles,2.733333333333334
1136614,1,15,6,M Prasidh Krishna,0.4545454545454545
1136614,2,5,6,S Kaul,2.35
1136614,2,8,6,Rashid Khan,1.5
1136614,2,12,6,Rashid Khan,1.7333333333333334
1136614,2,15,6,Rashid Khan,3.154166666666667
1136615,1,5,6,Mustafizur Rahman,-1.5833333333333333
1136615,1,8,6,M Markande,2.2250000000000005
1136615,1,12,6,BCJ Cutting,2.8555555555555556
1136615,1,15,6,HH Pandya,3.4666666666666663
1136615,2,5,6,LE Plunkett,2.625
1136615,2,8,6,A Mishra,-3.8833333333333333
1136615,2,12,6,TA Boult,2.436363636363637
1136615,2,15,6,S Lamichhane,-4.378260869565217
1136616,1,5,6,L Ngidi,-5.95
1136616,1,8,6,SN Thakur,2.9200000000000004
1136616,1,12,6,DJ Bravo,-1.1083333333333332
1136616,1,15,6,RA Jadeja,0.338888888888889
1136616,2,5,6,MM Sharma,-1.4416666666666667
1136616,2,8,6,AJ Tye,3.52
1136616,2,12,6,R Ashwin,-1.475
1136616,2,15,6,AR Patel,2.4416666666666664
1136617,1,5,6,DL Chahar,1.088888888888889
1136617,1,8,6,DJ Bravo,-1.409090909090909
1136617,1,12,6,SN Thakur,-0.7416666666666665
1136617,1,15,6,L Ngidi,-1.2111111111111112
1136617,2,5,6,S Kaul,-3.7166666666666663
1136617,2,8,6,CR Brathwaite,0.8916666666666667
1136617,2,12,6,Sandeep Sharma,1.0499999999999998
1136617,2,15,6,Rashid Khan,-5.5125
1136618,1,5,6,JD Unadkat,6.8
1136618,1,8,6,IS Sodhi,0.07499999999999996
1136618,1,12,6,IS Sodhi,0.7833333333333332
1136618,1,15,6,IS Sodhi,0.3125
1136618,2,5,6,PP Chawla,-1.3333333333333333
1136618,2,8,6,Kuldeep Yadav,1.7583333333333335
1136618,2,12,6,AD Russell,2.7666666666666666
1136618,2,15,6,SP Narine,3.6791666666666667
1136619,1,5,6,SP Narine,1.75
1136619,1,8,6,M Prasidh Krishna,3.3833333333333333
1136619,1,12,6,PP Chawla,-0.08888888888888902
1136619,1,15,6,Kuldeep Yadav,-4.8625
1136619,2,5,6,S Kaul,0.6583333333333334
1136619,2,8,6,Shakib Al Hasan,-0.016666666666666774
1136619,2,12,6,Rashid Khan,-3.2444444444444445
1136619,2,15,6,KK Ahmed,4.435294117647059
1136620,1,5,6,SN Thakur,5.74
1136620,1,8,6,RA Jadeja,0.9333333333333333
1136620,1,12,6,KV Sharma,0.4333333333333334
1136620,1,15,6,DJ Bravo,1.722222222222222
1136620,2,5,6,Sandeep Sharma,0.370588235294118
1136620,2,8,6,S Kaul,7.783333333333333
1136620,2,12,6,Sandeep Sharma,2.6565217391304348
1136620,2,15,6,B Kumar,0.07916666666666675
1175356,1,5,6,Harbhajan Singh,-3.5222222222222217
1175356,1,8,6,SK Raina,2.2
1175356,1,12,6,RA Jadeja,-2.2
1175356,1,15,6,Imran Tahir,-8.654166666666667
1175356,2,5,6,MM Ali,-1.575
1175356,2,8,6,UT Yadav,-0.1499999999999999
1175356,2,12,6,YS Chahal,-4.075
1175356,2,15,6,UT Yadav,0.7705882352941176
1175357,1,5,6,SP Narine,5.116666666666667
1175357,1,8,6,AD Russell,6.0166666666666675
1175357,1,12,6,PP Chawla,-0.27222222222222214
1175357,1,15,6,AD Russell,2.675
1175357,2,5,6,Shakib Al Hasan,-0.9916666666666665
1175357,2,8,6,Sandeep Sharma,4.616666666666667
1175357,2,12,6,Sandeep Sharma,2.129411764705883
1175357,2,15,6,Rashid Khan,-0.4916666666666664
1175358,1,5,6,HH Pandya,4.383333333333333
1175358,1,8,6,KH Pandya,3.4333333333333336
1175358,1,12,6,BCJ Cutting,1.6666666666666665
1175358,1,15,6,HH Pandya,1.0
1175358,2,5,6,I Sharma,-6.03888888888889
1175358,2,8,6,KMA Paul,2.98
1175358,2,12,6,KMA Paul,-0.3823529411764706
1175358,2,15,6,AR Patel,4.133333333333333
1175359,1,5,6,JC Archer,-2.05
1175359,1,8,6,K Gowtham,-0.6764705882352944
1175359,1,12,6,K Gowtham,0.1833333333333334
1175359,1,15,6,BA Stokes,1.9529411764705884
1175359,2,5,6,SM Curran,7.1416666666666675
1175359,2,8,6,R Ashwin,-0.04999999999999982
1175359,2,12,6,R Ashwin,-3.5
1175359,2,15,6,Mohammed Shami,3.4944444444444445
1175360,1,5,6,Harbhajan Singh,2.6
1175360,1,8,6,RA Jadeja,-0.1499999999999999
1175360,1,12,6,RA Jadeja,1.8111111111111113
1175360,1,15,6,DJ Bravo,-0.1181818181818175
1175360,2,5,6,K Rabada,2.825
1175360,2,8,6,A Mishra,0.8583333333333336
1175360,2,12,6,AR Patel,1.7583333333333335
1175360,2,15,6,K Rabada,2.4666666666666663
1175361,1,5,6,R Ashwin,3.3833333333333333
1175361,1,8,6,AJ Tye,0.07499999999999996
1175361,1,12,6,Mandeep Singh,8.6
1175361,1,15,6,GC Viljoen,0.5916666666666666
1175361,2,5,6,M Prasidh Krishna,4.133333333333334
1175361,2,8,6,Kuldeep Yadav,2.3090909090909095
1175361,2,12,6,PP Chawla,2.8833333333333333
1175361,2,15,6,PP Chawla,-0.6583333333333331
1175362,1,5,6,Navdeep Saini,2.6388888888888893
1175362,1,8,6,YS Chahal,-0.6333333333333332
1175362,1,12,6,MM Ali,6.0166666666666675
1175362,1,15,6,YS Chahal,-3.4739130434782615
1175362,2,5,6,KH Pandya,5.066666666666667
1175362,2,8,6,M Markande,-1.3333333333333333
1175362,2,12,6,KH Pandya,2.6916666666666664
1175362,2,15,6,SL Malinga,4.570588235294117
1175363,1,5,6,S Kaul,0.8
1175363,1,8,6,Rashid Khan,-0.2666666666666668
1175363,1,12,6,Rashid Khan,-0.7444444444444444
1175363,1,15,6,S Nadeem,3.011111111111111
1175363,2,5,6,JC Archer,3.3
1175363,2,8,6,S Gopal,4.558333333333334
1175363,2,12,6,JD Unadkat,2.2
1175363,2,15,6,S Gopal,-5.295833333333333
1175364,1,5,6,GC Viljoen,1.3583333333333336
1175364,1,8,6,M Ashwin,-1.4416666666666667
1175364,1,12,6,Mohammed Shami,5.51764705882353
1175364,1,15,6,AJ Tye,4.855555555555555
1175364,2,5,6,JJ Bumrah,-0.7333333333333333
1175364,2,8,6,M Markande,4.12
1175364,2,12,6,HH Pandya,3.8333333333333335
1175364,2,15,6,SL Malinga,2.9470588235294115
1175365,1,5,6,HV Patel,-0.9666666666666666
1175365,1,8,6,A Mishra,1.5333333333333334
1175365,1,12,6,A Mishra,2.15
1175365,1,15,6,HV Patel,-1.5739130434782609
1175365,2,5,6,AD Russell,1.9833333333333332
1175365,2,8,6,PP Chawla,1.5333333333333334
1175365,2,12,6,N Rana,2.9333333333333336
1175365,2,15,6,LH Ferguson,3.905555555555555
1175366,1,5,6,Mohammed Siraj,3.691666666666667
1175366,1,8,6,P Ray Barman,5.65
1175366,1,12,6,P Ray Barman,5.511111111111112
1175366,1,15,6,P Ray Barman,6.633333333333333
1175366,2,5,6,Mohammad Nabi,-7.722222222222223
1175366,2,8,6,S Kaul,0.96
1175366,2,12,6,B Kumar,3.0277777777777786
1175366,2,15,6,Sandeep Sharma,-6.711111111111111
1175367,1,5,6,JC Archer,-4.55
1175367,1,8,6,S Gopal,1.616666666666667
1175367,1,12,6,BA Stokes,1.0250000000000004
1175367,1,15,6,JD Unadkat,0.941176470588236
1175367,2,5,6,MJ Santner,8.64
1175367,2,8,6,MJ Santner,5.7666666666666675
1175367,2,12,6,DJ Bravo,1.8000000000000003
1175367,2,15,6,Imran Tahir,-3.3291666666666666
1175368,1,5,6,CH Morris,1.1666666666666665
1175368,1,8,6,Avesh Khan,4.533333333333333
1175368,1,12,6,HV Patel,1.3333333333333333
1175368,1,15,6,HV Patel,0.9958333333333338
1175368,2,5,6,Mohammed Shami,3.1833333333333336
1175368,2,8,6,Mujeeb Ur Rahman,3.8833333333333333
1175368,2,12,6,GC Viljoen,-0.4222222222222225
1175368,2,15,6,R Ashwin,-2.2624999999999997
1175369,1,5,6,K Gowtham,1.6611111111111114
1175369,1,8,6,S Gopal,-5.508333333333333
1175369,1,12,6,BA Stokes,5.066666666666667
1175369,1,15,6,DS Kulkarni,3.177777777777778
1175369,2,5,6,Navdeep Saini,2.9
1175369,2,8,6,MP Stoinis,5.116666666666667
1175369,2,12,6,YS Chahal,-4.347058823529412
1175369,2,15,6,YS Chahal,-4.4625
1175370,1,5,6,MM Sharma,-2.05
1175370,1,8,6,Imran Tahir,-2.425
1175370,1,12,6,DJ Bravo,0.8
1175370,1,15,6,DJ Bravo,2.8166666666666664
1175370,2,5,6,HH Pandya,-2.05
1175370,2,8,6,JP Behrendorff,-4.15
1175370,2,12,6,JJ Bumrah,3.05
1175370,2,15,6,SL Malinga,0.6055555555555554
1175371,1,5,6,Mohammad Nabi,-0.35555555555555535
1175371,1,8,6,Sandeep Sharma,1.75
1175371,1,12,6,Sandeep Sharma,-0.8944444444444443
1175371,1,15,6,B Kumar,-1.3944444444444444
1175371,2,5,6,K Rabada,6.8
1175371,2,8,6,S Lamichhane,2.6
1175371,2,12,6,I Sharma,2.1
1175371,2,15,6,S Lamichhane,0.1833333333333334
1175372,1,5,6,SP Narine,2.1166666666666667
1175372,1,8,6,PP Chawla,2.4444444444444446
1175372,1,12,6,SP Narine,3.266666666666667
1175372,1,15,6,M Prasidh Krishna,5.233333333333333
1175372,2,5,6,YS Chahal,2.4333333333333336
1175372,2,8,6,Mohammed Siraj,5.800000000000001
1175372,2,12,6,Navdeep Saini,-0.6833333333333336
1175372,2,15,6,YS Chahal,-0.7166666666666665
1178393,1,5,6,SM Curran,1.1666666666666667
1178393,1,8,6,M Ashwin,-0.625
1178393,1,12,6,M Ashwin,1.6260869565217388
1178393,1,15,6,AJ Tye,3.3277777777777775
1178393,2,5,6,SC Kuggeleijn,4.783333333333333
1178393,2,8,6,RA Jadeja,2.9583333333333335
1178393,2,12,6,RA Jadeja,1.991666666666667
1178393,2,15,6,Harbhajan Singh,-4.3375
1178394,1,5,6,Mohammad Nabi,-3.125
1178394,1,8,6,S Kaul,-0.9666666666666666
1178394,1,12,6,Rashid Khan,-1.383333333333333
1178394,1,15,6,Sandeep Sharma,-0.3235294117647061
1178394,2,5,6,RD Chahar,-1.6916666666666667
1178394,2,8,6,HH Pandya,3.15
1178394,2,12,6,JP Behrendorff,-0.3916666666666668
1178394,2,15,6,AS Joseph,-8.56875
1178395,1,5,6,K Rabada,0.96
1178395,1,8,6,AR Patel,0.8
1178395,1,12,6,AR Patel,-0.9416666666666665
1178395,1,15,6,CH Morris,0.26666666666666666
1178395,2,5,6,YS Chahal,0.8916666666666667
1178395,2,8,6,P Negi,-0.4916666666666664
1178395,2,12,6,YS Chahal,1.664705882352941
1178395,2,15,6,MM Ali,-1.1083333333333332
1178396,1,5,6,SP Narine,-0.6499999999999999
1178396,1,8,6,Kuldeep Yadav,3.4083333333333337
1178396,1,12,6,PP Chawla,0.6791666666666668
1178396,1,15,6,HF Gurney,-3.505555555555555
1178396,2,5,6,DS Kulkarni,4.570588235294118
1178396,2,8,6,S Gopal,-1.8333333333333333
1178396,2,12,6,S Gopal,-1.8541666666666667
1178397,1,5,6,Mohammed Shami,-1.575
1178397,1,8,6,R Ashwin,1.0
1178397,1,12,6,Mujeeb Ur Rahman,-0.3111111111111112
1178397,1,15,6,Mujeeb Ur Rahman,0.5750000000000002
1178397,2,5,6,Mohammad Nabi,2.4333333333333336
1178397,2,8,6,S Kaul,2.4833333333333334
1178397,2,12,6,Mohammad Nabi,4.205555555555556
1178397,2,15,6,B Kumar,1.6041666666666667
1178398,1,5,6,RA Jadeja,1.5333333333333334
1178398,1,8,6,Imran Tahir,-0.5166666666666668
1178398,1,12,6,Imran Tahir,-4.211111111111111
1178398,1,15,6,Harbhajan Singh,-7.604166666666667
1178398,2,5,6,M Prasidh Krishna,0.8529411764705883
1178398,2,8,6,Kuldeep Yadav,-0.1499999999999999
1178398,2,12,6,PP Chawla,1.8888888888888888
1178398,2,15,6,M Prasidh Krishna,1.2541666666666667
1178399,1,5,6,JJ Bumrah,1.1666666666666667
1178399,1,8,6,HH Pandya,12.975
1178399,1,12,6,JP Behrendorff,0.6041666666666667
1178399,1,15,6,KH Pandya,3.4916666666666667
1178399,2,5,6,GC Viljoen,4.383333333333333
1178399,2,8,6,R Ashwin,-2.425
1178399,2,12,6,GC Viljoen,3.3235294117647065
1178399,2,15,6,Mohammed Shami,-7.85625
1178400,1,5,6,MJ Santner,-0.7916666666666667
1178400,1,8,6,RA Jadeja,-1.1083333333333332
1178400,1,12,6,MJ Santner,-0.8958333333333334
1178400,1,15,6,Imran Tahir,2.65
1178400,2,5,6,JC Archer,-5.5
1178400,2,8,6,R Parag,1.0
1178400,2,12,6,S Gopal,3.7888888888888888
1178400,2,15,6,S Gopal,3.279166666666667
1178401,1,5,6,AR Patel,-2.05
1178401,1,8,6,K Rabada,-0.6000000000000001
1178401,1,12,6,CH Morris,1.6181818181818186
1178401,1,15,6,K Rabada,-2.0444444444444443
1178401,2,5,6,AD Russell,-0.125
1178401,2,8,6,Kuldeep Yadav,0.8
1178401,2,12,6,LH Ferguson,5.541176470588236
1178401,2,15,6,Kuldeep Yadav,2.5666666666666664
1178402,1,5,6,JD Unadkat,0.8
1178402,1,8,6,S Gopal,-0.1499999999999999
1178402,1,12,6,S Gopal,1.9611111111111112
1178402,1,15,6,JD Unadkat,2.611111111111111
1178402,2,5,6,JJ Bumrah,4.166666666666667
1178402,2,8,6,KH Pandya,1.8083333333333338
1178402,2,12,6,AS Joseph,8.33888888888889
1178402,2,15,6,KH Pandya,1.7611111111111113
1178403,1,5,6,Mohammed Siraj,11.966666666666667
1178403,1,8,6,YS Chahal,-2.5666666666666664
1178403,1,12,6,Mohammed Siraj,4.7
1178403,1,15,6,Navdeep Saini,0.8055555555555555
1178403,2,5,6,M Ashwin,3.2166666666666663
1178403,2,8,6,R Ashwin,0.5666666666666665
1178403,2,12,6,SM Curran,4.53888888888889
1178403,2,15,6,Mohammed Shami,1.7388888888888887
1178404,1,5,6,RA Jadeja,5.116666666666667
1178404,1,8,6,Imran Tahir,0.8
1178404,1,12,6,MJ Santner,-0.2823529411764705
1178404,1,15,6,MJ Santner,0.04166666666666666
1178404,2,5,6,SP Narine,-5.5
1178404,2,8,6,Kuldeep Yadav,0.8
1178404,2,12,6,Kuldeep Yadav,3.7
1178404,2,15,6,SP Narine,-5.072222222222223
1178405,1,5,6,KK Ahmed,-2.322222222222222
1178405,1,8,6,V Shankar,3.4333333333333336
1178405,1,12,6,Sandeep Sharma,2.375
1178405,1,15,6,B Kumar,-0.7777777777777778
1178405,2,5,6,K Rabada,2.2333333333333334
1178405,2,8,6,AR Patel,5.175
1178405,2,12,6,A Mishra,0.30000000000000004
1178405,2,15,6,KMA Paul,-6.8375
1178406,1,5,6,JJ Bumrah,-1.6833333333333333
1178406,1,8,6,HH Pandya,-0.8583333333333333
1178406,1,12,6,SL Malinga,3.5166666666666666
1178406,1,15,6,JP Behrendorff,2.5125
1178406,2,5,6,Navdeep Saini,5.15
1178406,2,8,6,P Negi,2.9083333333333337
1178406,2,12,6,YS Chahal,-0.27222222222222214
1178406,2,15,6,YS Chahal,-3.2541666666666664
1178407,1,5,6,JC Archer,-4.075
1178407,1,8,6,IS Sodhi,0.5166666666666667
1178407,1,12,6,S Gopal,4.2
1178407,1,15,6,S Gopal,3.1125000000000003
1178407,2,5,6,Mujeeb Ur Rahman,2.5444444444444447
1178407,2,8,6,Mohammed Shami,5.566666666666667
1178407,2,12,6,Mohammed Shami,5.341666666666667
1178407,2,15,6,R Ashwin,-0.334782608695652
1178408,1,5,6,KK Ahmed,1.5166666666666666
1178408,1,8,6,Sandeep Sharma,4.358333333333333
1178408,1,12,6,V Shankar,-1.1083333333333332
1178408,1,15,6,Sandeep Sharma,2.6882352941176473
1178408,2,5,6,DL Chahar,1.8722222222222225
1178408,2,8,6,Imran Tahir,-0.6499999999999999
1178408,2,12,6,Imran Tahir,-4.125
1178408,2,15,6,SN Thakur,4.64375
1178409,1,5,6,KMA Paul,7.699999999999999
1178409,1,8,6,A Mishra,-1.8083333333333333
1178409,1,12,6,KMA Paul,3.8333333333333335
1178409,1,15,6,K Rabada,-0.016666666666666774
1178409,2,5,6,J Yadav,2.6833333333333336
1178409,2,8,6,RD Chahar,-3.894444444444444
1178409,2,12,6,KH Pandya,-2.425
1178409,2,15,6,JJ Bumrah,-1.1722222222222218
1178410,1,5,6,M Prasidh Krishna,4.616666666666667
1178410,1,8,6,AD Russell,-1.95
1178410,1,12,6,SP Narine,0.3555555555555554
1178410,1,15,6,Kuldeep Yadav,7.143478260869566
1178410,2,5,6,Mohammed Siraj,-0.36666666666666664
1178410,2,8,6,MP Stoinis,-1.1
1178410,2,12,6,YS Chahal,6.045454545454546
1178410,2,15,6,Navdeep Saini,-0.09583333333333305
1178411,1,5,6,JD Unadkat,-1.3200000000000003
1178411,1,8,6,R Parag,3.4916666666666667
1178411,1,12,6,S Gopal,-0.35555555555555535
1178411,1,15,6,JC Archer,-0.0333333333333333
1178411,2,5,6,SL Malinga,2.2333333333333334
1178411,2,8,6,M Markande,5.066666666666667
1178411,2,12,6,JJ Bumrah,0.55
1178411,2,15,6,SL Malinga,2.7833333333333337
1178412,1,5,6,I Sharma,1.5166666666666666
1178412,1,8,6,A Mishra,6.575
1178412,1,12,6,S Lamichhane,-3.438888888888889
1178412,1,15,6,A Mishra,4.695833333333333
1178412,2,5,6,R Ashwin,2.9333333333333336
1178412,2,8,6,R Ashwin,2.9545454545454546
1178412,2,12,6,R Ashwin,3.5999999999999996
1178412,2,15,6,GC Viljoen,-4.53529411764706
1178413,1,5,6,Sandeep Sharma,2.341666666666667
1178413,1,8,6,S Nadeem,0.5833333333333337
1178413,1,12,6,Rashid Khan,0.7749999999999999
1178413,1,15,6,Sandeep Sharma,1.2458333333333338
1178413,2,5,6,KC Cariappa,12.0
1178413,2,8,6,KC Cariappa,8.233333333333334
1178413,2,12,6,Y Prithvi Raj,1.4176470588235297
1178414,1,5,6,SN Thakur,4.355555555555555
1178414,1,8,6,RA Jadeja,-1.133333333333333
1178414,1,12,6,RA Jadeja,-2.5708333333333333
1178414,1,15,6,DJ Bravo,0.4500000000000001
1178414,2,5,6,UT Yadav,-4.666666666666667
1178414,2,8,6,MP Stoinis,1.5333333333333334
1178414,2,12,6,UT Yadav,-2.772222222222222
1178414,2,15,6,YS Chahal,-0.5916666666666665
1178415,1,5,6,K Rabada,1.0250000000000004
1178415,1,8,6,A Mishra,3.4916666666666667
1178415,1,12,6,CH Morris,5.791666666666667
1178415,1,15,6,CH Morris,2.3388888888888895
1178415,2,5,6,DS Kulkarni,5.933333333333334
1178415,2,8,6,R Parag,-0.15833333333333308
1178415,2,12,6,JD Unadkat,3.7750000000000004
1178415,2,15,6,JC Archer,2.2222222222222223
1178416,1,5,6,Harbhajan Singh,1.3722222222222227
1178416,1,8,6,RA Jadeja,4.808333333333334
1178416,1,12,6,RA Jadeja,4.35
1178416,1,15,6,RA Jadeja,3.3375
1178416,2,5,6,Sandeep Sharma,11.066666666666666
1178416,2,8,6,Sandeep Sharma,5.933333333333334
1178416,2,12,6,Shakib Al Hasan,2.3291666666666666
1178416,2,15,6,Rashid Khan,2.1583333333333337
1178417,1,5,6,Mohammed Shami,2.361111111111111
1178417,1,8,6,GC Viljoen,-1.7
1178417,1,12,6,GC Viljoen,-1.95
1178417,1,15,6,M Ashwin,0.36250000000000027
1178417,2,5,6,YS Chahal,5.066666666666667
1178417,2,8,6,YS Chahal,6.241666666666667
1178417,2,12,6,MM Ali,-1.225
1178417,2,15,6,MM Ali,0.022222222222222032
1178418,1,5,6,JC Archer,-2.05
1178418,1,8,6,S Gopal,-3.2333333333333334
1178418,1,12,6,O Thomas,2.1666666666666665
1178418,1,15,6,JD Unadkat,3.3833333333333333
1178418,2,5,6,SP Narine,-1.95
1178418,2,8,6,PP Chawla,-1.5833333333333333
1178418,2,12,6,PP Chawla,-6.833333333333333
1178418,2,15,6,M Prasidh Krishna,1.6181818181818186
1178419,1,5,6,Harbhajan Singh,-0.4833333333333334
1178419,1,8,6,Imran Tahir,4.358333333333333
1178419,1,12,6,MJ Santner,-1.5833333333333333
1178419,1,15,6,Imran Tahir,1.3291666666666673
1178419,2,5,6,JJ Bumrah,0.5833333333333333
1178419,2,8,6,RD Chahar,1.025
1178419,2,12,6,AS Roy,-1.025
1178419,2,15,6,SL Malinga,-0.7388888888888887
1178420,1,5,6,O Thomas,3.3833333333333333
1178420,1,8,6,R Parag,4.133333333333333
1178420,1,12,6,O Thomas,0.022222222222222032
1178420,1,15,6,VR Aaron,-0.1444444444444447
1178420,2,5,6,S Kaul,9.333333333333334
1178420,2,8,6,KK Ahmed,0.9166666666666666
1178420,2,12,6,S Kaul,6.544444444444444
1178420,2,15,6,B Kumar,1.6058823529411765
1178421,1,5,6,UT Yadav,0.22777777777777786
1178421,1,8,6,Navdeep Saini,3.3
1178421,1,12,6,YS Chahal,0.9777777777777779
1178421,1,15,6,Washington Sundar,0.13750000000000018
1178421,2,5,6,K Rabada,0.10000000000000009
1178421,2,8,6,A Mishra,2.3166666666666664
1178421,2,12,6,A Mishra,-3.3555555555555556
1178421,2,15,6,S Lamichhane,5.788888888888889
1178422,1,5,6,SL Malinga,2.4833333333333334
1178422,1,8,6,BB Sran,5.908333333333333
1178422,1,12,6,HH Pandya,-0.2250000000000001
1178422,1,15,6,HH Pandya,-1.6083333333333332
1178422,2,5,6,HF Gurney,-0.4916666666666664
1178422,2,8,6,AD Russell,-3.4916666666666663
1178422,2,12,6,HF Gurney,0.8444444444444443
1178422,2,15,6,PP Chawla,7.738888888888889
1178423,1,5,6,R Ashwin,5.283333333333333
1178423,1,8,6,M Ashwin,-1.025
1178423,1,12,6,M Ashwin,0.6416666666666667
1178423,1,15,6,R Ashwin,-2.0833333333333335
1178423,2,5,6,Rashid Khan,0.8
1178423,2,8,6,Rashid Khan,-0.8833333333333332
1178423,2,12,6,Rashid Khan,-6.0777777777777775
1178423,2,15,6,B Kumar,1.9666666666666663
1178425,1,5,6,AR Patel,4.166666666666667
1178425,1,8,6,CH Morris,3.441666666666667
1178425,1,12,6,SE Rutherford,4.327272727272727
1178425,1,15,6,AR Patel,1.705555555555556
1178425,2,5,6,Harbhajan Singh,1.0499999999999998
1178425,2,8,6,DJ Bravo,3.4333333333333336
1178425,2,12,6,Harbhajan Singh,-0.3500000000000001
1178425,2,15,6,DJ Bravo,-0.5777777777777776
1178426,1,5,6,KK Ahmed,1.558333333333334
1178426,1,8,6,Mohammad Nabi,2.8555555555555556
1178426,1,12,6,Mohammad Nabi,-0.7583333333333332
1178426,1,15,6,B Kumar,0.3611111111111116
1178426,2,5,6,JJ Bumrah,-3.7166666666666663
1178426,2,8,6,RD Chahar,1.3916666666666668
1178426,2,12,6,RD Chahar,1.279166666666667
1178426,2,15,6,SL Malinga,4.205555555555556
1178427,1,5,6,HF Gurney,2.5166666666666666
1178427,1,8,6,SP Narine,0.55
1178427,1,12,6,S Sandeep Warrier,-2.220833333333333
1178427,1,15,6,AD Russell,3.75
1178427,2,5,6,AJ Tye,4.25
1178427,2,8,6,M Ashwin,5.9
1178427,2,12,6,R Ashwin,1.1043478260869564
1178427,2,15,6,SM Curran,2.522222222222222
1178428,1,5,6,I Sharma,-6.055555555555555
1178428,1,8,6,KMA Paul,2.4833333333333334
1178428,1,12,6,AR Patel,-1.9388888888888887
1178428,1,15,6,KMA Paul,0.7705882352941176
1178428,2,5,6,IS Sodhi,-2.675
1178428,2,8,6,K Gowtham,0.32499999999999996
1178428,2,12,6,K Gowtham,0.675
1178428,2,15,6,S Gopal,-4.095833333333332
1178429,1,5,6,YS Chahal,2.85
1178429,1,8,6,K Khejroliya,0.6916666666666665
1178429,1,12,6,C de Grandhomme,5.733333333333333
1178429,1,15,6,YS Chahal,-0.843478260869565
1178429,2,5,6,KK Ahmed,2.022222222222222
1178429,2,8,6,Mohammad Nabi,3.8833333333333333
1178429,2,12,6,B Kumar,-3.3333333333333335
1178429,2,15,6,V Shankar,9.299999999999999
1178430,1,5,6,R Ashwin,1.5333333333333334
1178430,1,8,6,Harpreet Brar,2.766666666666667
1178430,1,12,6,M Ashwin,2.9583333333333335
1178430,1,15,6,AJ Tye,5.883333333333335
1178430,2,5,6,DJ Bravo,-0.17999999999999972
1178430,2,8,6,DL Chahar,1.8166666666666667
1178430,2,12,6,Harbhajan Singh,-1.7739130434782604
1178430,2,15,6,Imran Tahir,3.6277777777777773
1178431,1,5,6,RD Chahar,4.066666666666667
1178431,1,8,6,HH Pandya,-6.1
1178431,1,12,6,SL Malinga,-0.6636363636363629
1178431,1,15,6,SL Malinga,-1.9333333333333333
1178431,2,5,6,SP Narine,-2.05
1178431,2,8,6,M Prasidh Krishna,-0.125
1178431,2,12,6,S Sandeep Warrier,1.7291666666666667
1178431,2,15,6,M Prasidh Krishna,-0.08888888888888902
1181764,1,5,6,KH Pandya,-0.6000000000000001
1181764,1,8,6,KH Pandya,-1.6000000000000003
1181764,1,12,6,RD Chahar,-4.905555555555556
1181764,1,15,6,KH Pandya,-1.5124999999999997
1181764,2,5,6,Harbhajan Singh,-1.1666666666666667
1181764,2,8,6,Imran Tahir,1.75
1181764,2,12,6,RA Jadeja,0.9166666666666666
1181764,2,15,6,Imran Tahir,-1.9541666666666668
1181766,1,5,6,I Sharma,0.21111111111111125
1181766,1,8,6,A Mishra,-2.9
1181766,1,12,6,A Mishra,-1.95
1181766,1,15,6,I Sharma,-1.9249999999999998
1181766,2,5,6,Rashid Khan,1.5333333333333334
1181766,2,8,6,Rashid Khan,1.6727272727272733
1181766,2,12,6,Rashid Khan,0.8055555555555555
1181766,2,15,6,Mohammad Nabi,2.2625
1181767,1,5,6,Harbhajan Singh,-0.6333333333333332
1181767,1,8,6,RA Jadeja,-2.425
1181767,1,12,6,DJ Bravo,-2.2833333333333337
1181767,1,15,6,Harbhajan Singh,-2.1791666666666663
1181767,2,5,6,I Sharma,2.4833333333333334
1181767,2,8,6,A Mishra,2.4833333333333334
1181767,2,12,6,A Mishra,-0.8944444444444443
1181767,2,15,6,AR Patel,0.1833333333333334
1181768,1,5,6,DL Chahar,-0.8666666666666669
1181768,1,8,6,Harbhajan Singh,1.7764705882352945
1181768,1,12,6,SN Thakur,-3.2944444444444443
1181768,1,15,6,RA Jadeja,2.1166666666666667
1181768,2,5,6,SL Malinga,4.763636363636365
1181768,2,8,6,MJ McClenaghan,2.335294117647059
1181768,2,12,6,HH Pandya,-2.6799999999999997
1181768,2,15,6,SL Malinga,6.188888888888888
1216492,1,5,6,SM Curran,-1.5833333333333333
1216492,1,8,6,RA Jadeja,5.9
1216492,1,12,6,L Ngidi,6.858333333333333
1216492,1,15,6,PP Chawla,-1.4291666666666665
1216492,2,5,6,JJ Bumrah,2.32
1216492,2,8,6,KH Pandya,2.672727272727273
1216492,2,12,6,RD Chahar,4.927777777777778
1216492,2,15,6,RD Chahar,1.633333333333333
1216493,1,5,6,Mohammed Shami,-8.355555555555556
1216493,1,8,6,K Gowtham,3.4083333333333337
1216493,1,12,6,K Gowtham,4.095833333333333
1216493,1,15,6,Ravi Bishnoi,-0.9833333333333333
1216493,2,5,6,R Ashwin,-6.1
1216493,2,8,6,MP Stoinis,4.383333333333333
1216493,2,12,6,A Nortje,2.0777777777777775
1216493,2,15,6,K Rabada,-3.9888888888888885
1216494,1,5,6,Mohammed Siraj,-9.866666666666667
1216494,1,8,6,YS Chahal,-2.65
1216494,1,12,6,YS Chahal,-5.466666666666667
1216494,1,15,6,Washington Sundar,-2.5916666666666663
1216494,2,5,6,CV Varun,2.4833333333333334
1216494,2,8,6,LH Ferguson,-5.033333333333333
1216494,2,12,6,LH Ferguson,-4.670833333333333
1216495,1,5,6,S Nadeem,3.2166666666666663
1216495,1,8,6,S Nadeem,2.9583333333333335
1216495,1,12,6,Rashid Khan,0.6555555555555557
1216495,1,15,6,T Natarajan,1.9222222222222225
1216495,2,5,6,NM Coulter-Nile,3.081818181818182
1216495,2,8,6,KH Pandya,6.5166666666666675
1216495,2,12,6,KH Pandya,5.082352941176471
1216495,2,15,6,JL Pattinson,4.294444444444444
1216496,1,5,6,DL Chahar,1.3111111111111113
1216496,1,8,6,RA Jadeja,3.3833333333333333
1216496,1,12,6,PP Chawla,7.777777777777779
1216496,1,15,6,L Ngidi,-1.7666666666666668
1216496,2,5,6,TK Curran,6.7
1216496,2,8,6,R Tewatia,-4.591666666666667
1216496,2,12,6,JD Unadkat,3.2
1216496,2,15,6,JC Archer,0.6764705882352939
1216497,1,5,6,A Nortje,-3.8333333333333335
1216497,1,8,6,R Ashwin,6.0166666666666675
1216497,1,12,6,A Nortje,-3.0777777777777775
1216497,1,15,6,TU Deshpande,3.4434782608695658
1216497,2,5,6,KL Nagarkoti,1.0583333333333333
1216497,2,8,6,LH Ferguson,2.7083333333333335
1216497,2,12,6,SP Narine,3.511111111111111
1216497,2,15,6,CV Varun,-12.033333333333333
1216498,1,5,6,JO Holder,3.2166666666666663
1216498,1,8,6,Rashid Khan,0.6666666666666666
1216498,1,12,6,T Natarajan,0.55
1216498,1,15,6,T Natarajan,0.8294117647058821
1216498,2,5,6,M Ashwin,1.4250000000000003
1216498,2,8,6,Mohammed Shami,0.36666666666666686
1216498,2,12,6,CJ Jordan,-0.3999999999999999
1216498,2,15,6,Ravi Bishnoi,-2.704166666666666
1216499,1,5,6,JL Pattinson,4.866666666666667
1216499,1,8,6,KH Pandya,2.8555555555555556
1216499,1,12,6,RD Chahar,1.0411764705882347
1216499,1,15,6,KA Pollard,-1.25
1216499,2,5,6,Mohammed Siraj,-1.5999999999999996
1216499,2,8,6,Washington Sundar,1.0833333333333333
1216499,2,12,6,DW Steyn,4.188888888888888
1216499,2,15,6,Mohammed Siraj,-2.622222222222222
1216500,1,5,6,AJ Tye,0.4800000000000001
1216500,1,8,6,S Gopal,4.675
1216500,1,12,6,AJ Tye,1.3583333333333336
1216500,1,15,6,AJ Tye,2.0777777777777775
1216500,2,5,6,HV Patel,2.4333333333333336
1216500,2,8,6,A Nortje,-3.375
1216500,2,12,6,MP Stoinis,-1.8272727272727267
1216500,2,15,6,HV Patel,2.076470588235294
1216501,1,5,6,DL Chahar,4.964705882352941
1216501,1,8,6,KV Sharma,0.7666666666666667
1216501,1,12,6,KV Sharma,-2.7291666666666665
1216501,1,15,6,SN Thakur,-4.677777777777778
1216501,2,5,6,Shivam Mavi,2.355555555555555
1216501,2,8,6,CV Varun,3.9083333333333337
1216501,2,12,6,KL Nagarkoti,-0.016666666666666774
1216501,2,15,6,SP Narine,-0.2944444444444446
1216502,1,5,6,T Natarajan,-2.05
1216502,1,8,6,S Nadeem,4.133333333333333
1216502,1,12,6,S Nadeem,1.3125
1216502,1,15,6,Rashid Khan,-1.258333333333333
1216502,2,5,6,Mohammed Siraj,4.566666666666667
1216502,2,8,6,YS Chahal,-3.125
1216502,2,12,6,I Udana,-0.611111111111111
1216503,1,5,6,K Gowtham,5.566666666666667
1216503,1,8,6,Ravi Bishnoi,-1.1083333333333332
1216503,1,12,6,SS Cottrell,-1.75
1216503,1,15,6,JDS Neesham,4.988888888888889
1216503,2,5,6,KH Pandya,-2.175
1216503,2,8,6,RD Chahar,-2.1454545454545455
1216503,2,12,6,KH Pandya,-0.4208333333333333
1216503,2,15,6,JJ Bumrah,-5.222222222222223
1216504,1,5,6,TK Curran,1.8400000000000003
1216504,1,8,6,S Gopal,4.0
1216504,1,12,6,S Gopal,4.4625
1216504,1,15,6,TK Curran,1.841666666666667
1216504,2,5,6,PJ Cummins,-2.4388888888888887
1216504,2,8,6,Shivam Mavi,-4.208333333333333
1216504,2,12,6,CV Varun,-1.25
1216504,2,15,6,Kuldeep Yadav,1.7000000000000002
1216505,1,5,6,A Nortje,3.3
1216505,1,8,6,R Ashwin,1.511111111111111
1216505,1,12,6,R Ashwin,-1.6416666666666668
1216505,1,15,6,A Nortje,-1.8388888888888888
1216505,2,5,6,I Udana,5.116666666666667
1216505,2,8,6,YS Chahal,3.1833333333333336
1216505,2,12,6,Shahbaz Ahmed,-0.18333333333333343
1216505,2,15,6,YS Chahal,2.9291666666666667
1216506,1,5,6,L Ngidi,0.7166666666666665
1216506,1,8,6,L Ngidi,-4.416666666666667
1216506,1,12,6,RA Jadeja,0.30000000000000004
1216506,1,15,6,Imran Tahir,-0.4666666666666665
1216506,2,5,6,Ravi Bishnoi,3.1666666666666665
1216506,2,8,6,M Ashwin,0.8
1216506,2,12,6,M Ashwin,0.8
1216506,2,15,6,Ravi Bishnoi,4.1375
1216507,1,5,6,JD Unadkat,-0.1499999999999999
1216507,1,8,6,BA Stokes,2.4833333333333334
1216507,1,12,6,JD Unadkat,1.275
1216507,1,15,6,R Tewatia,3.2708333333333335
1216507,2,5,6,T Natarajan,-1.4666666666666666
1216507,2,8,6,V Shankar,5.283333333333333
1216507,2,12,6,V Shankar,2.9375
1216507,2,15,6,KK Ahmed,-2.416666666666666
1216508,1,5,6,SP Narine,5.116666666666667
1216508,1,8,6,SP Narine,3.4333333333333336
1216508,1,12,6,S Sandeep Warrier,4.48125
1216508,1,15,6,SP Narine,-3.3583333333333334
1216508,2,5,6,RD Chahar,2.4333333333333336
1216508,2,8,6,KH Pandya,4.166666666666667
1216508,2,12,6,JJ Bumrah,-1.575
1216508,2,15,6,JJ Bumrah,-6.416666666666666
1216509,1,5,6,K Rabada,0.5833333333333333
1216509,1,8,6,AR Patel,1.6777777777777776
1216509,1,12,6,AR Patel,2.0458333333333334
1216509,1,15,6,MP Stoinis,4.333333333333333
1216509,2,5,6,SN Thakur,4.25
1216509,2,8,6,KV Sharma,4.166666666666667
1216509,2,12,6,KV Sharma,5.091666666666667
1216509,2,15,6,SN Thakur,1.777777777777778
1216510,1,5,6,Navdeep Saini,2.68
1216510,1,8,6,YS Chahal,-0.6333333333333332
1216510,1,12,6,Navdeep Saini,3.177777777777778
1216510,1,15,6,S Dube,-3.5
1216510,2,5,6,Ravi Bishnoi,6.925
1216510,2,8,6,M Ashwin,-0.5166666666666668
1216510,2,12,6,GJ Maxwell,-2.65
1216510,2,15,6,Ravi Bishnoi,-5.066666666666667
1216511,1,5,6,TK Curran,1.8400000000000003
1216511,1,8,6,Kartik Tyagi,0.9777777777777779
1216511,1,12,6,R Tewatia,2.091666666666667
1216511,1,15,6,TK Curran,2.2333333333333334
1216511,2,5,6,JL Pattinson,2.9333333333333336
1216511,2,8,6,RD Chahar,-0.6583333333333331
1216511,2,12,6,KA Pollard,6.0166666666666675
1216511,2,15,6,JJ Bumrah,-8.355555555555556
1216512,1,5,6,T Natarajan,1.2750000000000004
1216512,1,8,6,V Shankar,1.5333333333333334
1216512,1,12,6,V Shankar,-1.625
1216512,1,15,6,Sandeep Sharma,1.3611111111111112
1216512,2,5,6,Shivam Mavi,3.6
1216512,2,8,6,LH Ferguson,-6.1
1216512,2,12,6,Kuldeep Yadav,0.7749999999999999
1216512,2,15,6,PJ Cummins,-0.6416666666666668
1216513,1,5,6,SN Thakur,3.4333333333333336
1216513,1,8,6,PP Chawla,-1.25
1216513,1,12,6,DJ Bravo,2.9333333333333336
1216513,1,15,6,SM Curran,4.594444444444445
1216513,2,5,6,CJ Jordan,9.883333333333335
1216513,2,8,6,Ravi Bishnoi,4.636363636363637
1216513,2,12,6,Harpreet Brar,3.511111111111111
1216513,2,15,6,Ravi Bishnoi,2.8791666666666664
1216514,1,5,6,Washington Sundar,1.866666666666667
1216514,1,8,6,A Zampa,4.108333333333333
1216514,1,12,6,A Zampa,3.8833333333333333
1216514,1,15,6,I Udana,-0.7058823529411765
1216514,2,5,6,TK Curran,4.616666666666667
1216514,2,8,6,R Tewatia,1.866666666666667
1216514,2,12,6,R Parag,6.619999999999999
1216514,2,15,6,JC Archer,-2.1
1216515,1,5,6,CV Varun,-0.4916666666666664
1216515,1,8,6,AD Russell,0.32499999999999996
1216515,1,12,6,KL Nagarkoti,3.6000000000000005
1216515,1,15,6,Shivam Mavi,6.444444444444445
1216515,2,5,6,HV Patel,6.14
1216515,2,8,6,A Mishra,-0.4909090909090908
1216515,2,12,6,HV Patel,-1.3
1216515,2,15,6,K Rabada,0.9777777777777779
1216516,1,5,6,SN Thakur,3.3833333333333333
1216516,1,8,6,PP Chawla,3.4333333333333336
1216516,1,12,6,PP Chawla,-2.8333333333333335
1216516,1,15,6,SN Thakur,-0.1647058823529411
1216516,2,5,6,T Natarajan,-3.1
1216516,2,8,6,Abdul Samad,-3.6
1216516,2,12,6,KK Ahmed,1.5722222222222224
1216516,2,15,6,Rashid Khan,-0.5666666666666665
1216517,1,5,6,Arshdeep Singh,-3.741666666666666
1216517,1,8,6,GJ Maxwell,1.8250000000000002
1216517,1,12,6,M Ashwin,2.85
1216517,1,15,6,Mohammed Shami,-3.6333333333333333
1216517,2,5,6,TA Boult,5.944444444444445
1216517,2,8,6,NM Coulter-Nile,0.6666666666666666
1216517,2,12,6,JJ Bumrah,-6.35
1216517,2,15,6,JJ Bumrah,-4.582352941176471
1216518,1,5,6,V Shankar,0.8
1216518,1,8,6,T Natarajan,3.4916666666666667
1216518,1,12,6,Rashid Khan,-1.5666666666666667
1216518,1,15,6,V Shankar,-1.472222222222222
1216518,2,5,6,Kartik Tyagi,5.00909090909091
1216518,2,8,6,S Gopal,1.616666666666667
1216518,2,12,6,R Tewatia,2.2777777777777777
1216518,2,15,6,JC Archer,-4.304166666666666
1216519,1,5,6,Washington Sundar,1.6611111111111114
1216519,1,8,6,Mohammed Siraj,-0.9666666666666666
1216519,1,12,6,YS Chahal,4.127777777777777
1216519,1,15,6,Mohammed Siraj,-0.18333333333333351
1216519,2,5,6,A Nortje,-0.5166666666666668
1216519,2,8,6,R Ashwin,-0.8999999999999997
1216519,2,12,6,HV Patel,5.023529411764707
1216519,2,15,6,K Rabada,-2.4611111111111112
1216520,1,5,6,Mohammed Shami,-2.061111111111112
1216520,1,8,6,CJ Jordan,-1.1
1216520,1,12,6,M Ashwin,2.4333333333333336
1216520,1,15,6,Ravi Bishnoi,-4.041666666666667
1216520,2,5,6,CV Varun,-1.1
1216520,2,8,6,SP Narine,0.55
1216520,2,12,6,SP Narine,2.0791666666666666
1216520,2,15,6,M Prasidh Krishna,2.877777777777778
1216521,1,5,6,TA Boult,-9.176470588235293
1216521,1,8,6,RD Chahar,-3.0416666666666665
1216521,1,12,6,RD Chahar,-3.983333333333334
1216521,1,15,6,JJ Bumrah,-3.9499999999999997
1216521,2,5,6,Imran Tahir,1.75
1216521,2,8,6,RA Jadeja,6.916666666666667
1216522,1,5,6,CH Morris,-2.690909090909091
1216522,1,8,6,Shahbaz Ahmed,1.9833333333333332
1216522,1,12,6,Washington Sundar,3.0277777777777786
1216522,1,15,6,CH Morris,-2.841176470588235
1216522,2,5,6,JD Unadkat,2.4333333333333336
1216522,2,8,6,R Tewatia,1.5
1216522,2,12,6,R Tewatia,2.6956521739130435
1216522,2,15,6,JC Archer,3.0500000000000003
1216523,1,5,6,Mohammed Shami,-1.1333333333333333
1216523,1,8,6,Ravi Bishnoi,0.30000000000000004
1216523,1,12,6,Ravi Bishnoi,-1.25
1216523,1,15,6,Arshdeep Singh,-1.7666666666666668
1216523,2,5,6,KL Nagarkoti,5.283333333333333
1216523,2,8,6,CV Varun,2.2
1216523,2,12,6,PJ Cummins,2.7625
1216523,2,15,6,KL Nagarkoti,6.333333333333334
1216524,1,5,6,K Rabada,9.241666666666667
1216524,1,8,6,TU Deshpande,3.15
1216524,1,12,6,K Rabada,7.438888888888888
1216524,1,15,6,AR Patel,3.426086956521739
1216524,2,5,6,JO Holder,4.616666666666667
1216524,2,8,6,Rashid Khan,-6.575
1216524,2,12,6,Rashid Khan,-8.8375
1216524,2,15,6,T Natarajan,-0.611111111111111
1216525,1,5,6,SN Thakur,5.0
1216525,1,8,6,DJ Bravo,3.0416666666666665
1216525,1,12,6,KV Sharma,3.6222222222222222
1216525,1,15,6,KV Sharma,3.0434782608695654
1216525,2,5,6,Washington Sundar,-3.858333333333334
1216525,2,8,6,I Udana,3.4333333333333336
1216525,2,12,6,YS Chahal,3.4588235294117653
1216525,2,15,6,YS Chahal,1.0208333333333333
1216526,1,5,6,NM Coulter-Nile,-0.7666666666666668
1216526,1,8,6,KH Pandya,1.2722222222222226
1216526,1,12,6,NM Coulter-Nile,1.2222222222222223
1216526,1,15,6,JJ Bumrah,-1.3944444444444444
1216526,2,5,6,AD Russell,-0.1499999999999999
1216526,2,8,6,AD Russell,2.4583333333333335
1216526,2,12,6,Shivam Mavi,-1.4416666666666667
1216526,2,15,6,PJ Cummins,3.1999999999999997
1216527,1,5,6,JC Archer,2.375
1216527,1,8,6,S Gopal,5.258333333333333
1216527,1,12,6,S Gopal,4.905882352941177
1216527,1,15,6,AS Rajpoot,4.370588235294117
1216527,2,5,6,JDS Neesham,6.3
1216527,2,8,6,JDS Neesham,2.3666666666666667
1216527,2,12,6,Ravi Bishnoi,3.0705882352941174
1216527,2,15,6,GJ Maxwell,3.683333333333333
1216528,1,5,6,S Nadeem,0.5833333333333333
1216528,1,8,6,Rashid Khan,-0.1499999999999999
1216528,1,12,6,Rashid Khan,1.1777777777777778
1216528,1,15,6,KK Ahmed,1.3722222222222227
1216528,2,5,6,SM Curran,-3.7999999999999994
1216528,2,8,6,SN Thakur,1.75
1216528,2,12,6,KV Sharma,1.3909090909090909
1216528,2,15,6,PP Chawla,3.6
1216529,1,5,6,JL Pattinson,4.983333333333333
1216529,1,8,6,RD Chahar,2.2
1216529,1,12,6,KH Pandya,-0.6888888888888887
1216529,1,15,6,TA Boult,0.8058823529411762
1216529,2,5,6,A Nortje,2.6583333333333337
1216529,2,8,6,HV Patel,4.75
1216529,2,12,6,AR Patel,0.4333333333333334
1216529,2,15,6,MP Stoinis,2.2250000000000005
1216530,1,5,6,VR Aaron,4.533333333333333
1216530,1,8,6,R Tewatia,-2.7916666666666665
1216530,1,12,6,R Tewatia,-5.8125
1216530,1,15,6,Kartik Tyagi,0.7166666666666663
1216530,2,5,6,CV Varun,0.8
1216530,2,8,6,SP Narine,2.3166666666666664
1216530,2,12,6,CV Varun,-1.622222222222222
1216530,2,15,6,Shivam Mavi,-2.1055555555555556
1216531,1,5,6,Ravi Bishnoi,2.98
1216531,1,8,6,M Ashwin,-0.6333333333333332
1216531,1,12,6,Ravi Bishnoi,0.9166666666666666
1216531,1,15,6,CJ Jordan,1.6363636363636365
1216531,2,5,6,I Udana,4.333333333333333
1216531,2,8,6,Washington Sundar,0.8
1216531,2,12,6,Washington Sundar,3.155555555555556
1216531,2,15,6,Mohammed Siraj,7.182352941176471
1216532,1,5,6,A Nortje,2.9333333333333336
1216532,1,8,6,I Sharma,3.425
1216532,1,12,6,AR Patel,2.8166666666666664
1216532,1,15,6,A Nortje,3.6611111111111105
1216532,2,5,6,T Natarajan,1.5333333333333334
1216532,2,8,6,Abhishek Sharma,2.4250000000000003
1216532,2,12,6,Abhishek Sharma,3.4916666666666667
1216532,2,15,6,B Kumar,-4.266666666666667
1216533,1,5,6,Kartik Tyagi,-0.125
1216533,1,8,6,S Gopal,-2.9
1216533,1,12,6,S Gopal,-2.425
1216533,1,15,6,BA Stokes,4.4750000000000005
1216533,2,5,6,JR Hazlewood,-2.738888888888889
1216533,2,8,6,JR Hazlewood,-1.945833333333333
1216533,2,12,6,PP Chawla,0.30000000000000004
1216533,2,15,6,SN Thakur,3.1583333333333337
1216534,1,5,6,Sandeep Sharma,2.9333333333333336
1216534,1,8,6,Rashid Khan,2.9333333333333336
1216534,1,12,6,Rashid Khan,3.005555555555556
1216534,1,15,6,T Natarajan,0.8611111111111115
1216534,2,5,6,Navdeep Saini,2.341666666666667
1216534,2,8,6,UT Yadav,2.25
1216534,2,12,6,S Dube,-0.6499999999999999
1216534,2,15,6,YS Chahal,-6.766666666666667
1216535,1,5,6,J Yadav,-0.1499999999999999
1216535,1,8,6,JJ Bumrah,0.8
1216535,1,12,6,RD Chahar,0.06666666666666657
1216535,1,15,6,NM Coulter-Nile,-0.6833333333333335
1216535,2,5,6,K Rabada,2.6833333333333336
1216535,2,8,6,HV Patel,2.98
1216535,2,12,6,R Ashwin,0.7333333333333333
1216536,1,5,6,MJ Santner,6.75
1216536,1,8,6,MJ Santner,0.7999999999999998
1216536,1,12,6,RA Jadeja,-0.8583333333333333
1216536,1,15,6,KV Sharma,0.6458333333333333
1216536,2,5,6,CV Varun,1.4833333333333332
1216536,2,8,6,SP Narine,1.9
1216536,2,12,6,CV Varun,-0.761111111111111
1216536,2,15,6,SP Narine,2.0458333333333334
1216537,1,5,6,VR Aaron,3.894444444444445
1216537,1,8,6,R Tewatia,-1.1
1216537,1,12,6,R Tewatia,2.522222222222222
1216537,1,15,6,VR Aaron,3.682608695652174
1216537,2,5,6,CJ Jordan,2.566666666666667
1216537,2,8,6,Arshdeep Singh,5.155555555555556
1216537,2,12,6,M Ashwin,1.9625000000000004
1216537,2,15,6,CJ Jordan,2.0055555555555555
1216538,1,5,6,S Kaul,4.05
1216538,1,8,6,Abdul Samad,6.325
1216538,1,12,6,S Kaul,4.564705882352941
1216538,1,15,6,Rashid Khan,-1.0478260869565221
1216538,2,5,6,JJ Bumrah,6.8
1216538,2,8,6,RD Chahar,7.366666666666667
1216538,2,12,6,TA Boult,-2.2888888888888888
1216538,2,15,6,JL Pattinson,-2.4875
1216539,1,5,6,DL Chahar,2.7083333333333335
1216539,1,8,6,PP Chawla,5.566666666666667
1216539,1,12,6,PP Chawla,-1.8708333333333333
1216539,1,15,6,SM Curran,2.6166666666666667
1216539,2,5,6,A Nortje,0.48181818181818165
1216539,2,8,6,A Mishra,-0.1499999999999999
1216539,2,12,6,A Mishra,1.9208333333333332
1216539,2,15,6,A Nortje,-4.305555555555556
1216540,1,5,6,AD Russell,1.5333333333333334
1216540,1,8,6,CV Varun,2.091666666666667
1216540,1,12,6,M Prasidh Krishna,1.722222222222222
1216540,1,15,6,KL Nagarkoti,3.8
1216540,2,5,6,Washington Sundar,-0.1499999999999999
1216540,2,8,6,YS Chahal,-0.1499999999999999
1216540,2,12,6,CH Morris,0.6916666666666665
1216540,2,15,6,YS Chahal,-2.775
1216541,1,5,6,AS Rajpoot,4.338888888888889
1216541,1,8,6,S Gopal,2.9583333333333335
1216541,1,12,6,S Gopal,-2.5333333333333337
1216541,1,15,6,Kartik Tyagi,-0.5777777777777776
1216541,2,5,6,KH Pandya,3.6666666666666665
1216541,2,8,6,KA Pollard,3.290909090909091
1216541,2,12,6,JL Pattinson,-1.9882352941176475
1216541,2,15,6,TA Boult,5.233333333333334
1216542,1,5,6,Mujeeb Ur Rahman,1.616666666666667
1216542,1,8,6,Mujeeb Ur Rahman,2.838888888888889
1216542,1,12,6,Mohammed Shami,3.177777777777778
1216542,1,15,6,Ravi Bishnoi,-1.7249999999999996
1216542,2,5,6,T Natarajan,1.9833333333333332
1216542,2,8,6,Abdul Samad,13.766666666666666
1216542,2,12,6,Rashid Khan,-1.8666666666666667
1216542,2,15,6,Sandeep Sharma,2.0791666666666666
1216543,1,5,6,Kartik Tyagi,5.127272727272727
1216543,1,8,6,S Gopal,2.45
1216543,1,12,6,R Tewatia,2.95
1216543,1,15,6,Kartik Tyagi,0.416666666666667
1216543,2,5,6,K Rabada,3.325
1216543,2,8,6,AR Patel,5.175
1216543,2,12,6,A Nortje,1.3888888888888888
1216543,2,15,6,R Ashwin,-1.7541666666666667
1216544,1,5,6,SM Curran,-0.15833333333333308
1216544,1,8,6,MJ Santner,0.05555555555555558
1216544,1,12,6,RA Jadeja,1.25
1216544,1,15,6,Monu Kumar,3.05
1216544,2,5,6,CH Morris,-0.2916666666666667
1216544,2,8,6,MM Ali,3.4083333333333337
1216544,2,12,6,Washington Sundar,2.2041666666666666
1216544,2,15,6,Navdeep Saini,2.4583333333333335
1216545,1,5,6,PJ Cummins,-2.4055555555555554
1216545,1,8,6,Kuldeep Yadav,2.7916666666666665
1216545,1,12,6,SP Narine,3.4555555555555557
1216545,1,15,6,CV Varun,-0.6458333333333334
1216545,2,5,6,KK Ahmed,0.7000000000000001
1216545,2,8,6,Rashid Khan,-1.3333333333333333
1216545,2,12,6,T Natarajan,-0.4916666666666664
1216545,2,15,6,Rashid Khan,-0.4375
1216546,1,5,6,Arshdeep Singh,3.8
1216546,1,8,6,M Ashwin,-0.8583333333333333
1216546,1,12,6,Ravi Bishnoi,2.4583333333333335
1216546,1,15,6,Ravi Bishnoi,3.1
1216546,2,5,6,R Ashwin,-3.0166666666666666
1216546,2,8,6,TU Deshpande,10.058333333333334
1216546,2,12,6,K Rabada,-0.44444444444444453
1216546,2,15,6,K Rabada,-2.8375
1216547,1,5,6,JJ Bumrah,1.8400000000000003
1216547,1,8,6,TA Boult,0.5833333333333337
1216547,1,12,6,RD Chahar,0.4458333333333336
1216547,1,15,6,KA Pollard,6.5166666666666675
1216547,2,5,6,Washington Sundar,-3.45
1216547,2,8,6,YS Chahal,-0.04999999999999982
1216547,2,12,6,I Udana,0.96875
1216547,2,15,6,Navdeep Saini,3.761111111111112
1237177,1,5,6,R Ashwin,0.7999999999999998
1237177,1,8,6,DR Sams,4.866666666666667
1237177,1,12,6,R Ashwin,-5.279166666666667
1237177,1,15,6,A Nortje,1.4833333333333338
1237177,2,5,6,NM Coulter-Nile,1.9833333333333332
1237177,2,8,6,RD Chahar,9.55
1237177,2,12,6,RD Chahar,8.625
1237177,2,15,6,JJ Bumrah,-10.461111111111112
1237178,1,5,6,T Natarajan,4.383333333333333
1237178,1,8,6,S Nadeem,2.225
1237178,1,12,6,S Nadeem,-1.9583333333333333
1237178,1,15,6,JO Holder,-6.429411764705883
1237178,2,5,6,Mohammed Siraj,-3.983333333333333
1237178,2,8,6,A Zampa,-4.55
1237178,2,12,6,MM Ali,0.30000000000000004
1237178,2,15,6,YS Chahal,-0.5916666666666665
1237180,1,5,6,S Nadeem,6.619999999999999
1237180,1,8,6,Rashid Khan,0.29166666666666663
1237180,1,12,6,S Nadeem,5.194444444444445
1237180,1,15,6,Rashid Khan,0.008333333333333595
1237180,2,5,6,A Nortje,2.35
1237180,2,8,6,AR Patel,1.866666666666667
1237180,2,12,6,MP Stoinis,-1.8416666666666666
1237180,2,15,6,R Ashwin,5.033333333333333
1237181,1,5,6,NM Coulter-Nile,1.5333333333333334
1237181,1,8,6,J Yadav,-0.6333333333333332
1237181,1,12,6,NM Coulter-Nile,1.6416666666666668
1237181,1,15,6,J Yadav,-0.4791666666666667
1237181,2,5,6,AR Patel,-0.1499999999999999
1237181,2,8,6,P Dubey,3.3833333333333333
1237181,2,12,6,R Ashwin,-0.10000000000000009
1237181,2,15,6,P Dubey,3.9611111111111104
1254058,1,5,6,YS Chahal,2.0916666666666663
1254058,1,8,6,DT Christian,7.819999999999999
1254058,1,12,6,Washington Sundar,-0.016666666666666774
1254058,1,15,6,HV Patel,1.9500000000000002
1254058,2,5,6,TA Boult,-0.7529411764705882
1254058,2,8,6,KH Pandya,-1.1555555555555557
1254058,2,12,6,JJ Bumrah,-1.975
1254058,2,15,6,RD Chahar,4.754166666666667
1254059,1,5,6,TK Curran,-0.1499999999999999
1254059,1,8,6,R Ashwin,2.4944444444444454
1254059,1,12,6,MP Stoinis,3.4600000000000004
1254059,1,15,6,Avesh Khan,-6.133333333333334
1254059,2,5,6,DL Chahar,2.7111111111111112
1254059,2,8,6,RA Jadeja,3.2666666666666666
1254059,2,12,6,MM Ali,5.200000000000001
1254059,2,15,6,DJ Bravo,-0.46470588235294114
1254060,1,5,6,Mohammad Nabi,0.5833333333333333
1254060,1,8,6,Rashid Khan,-1.95
1254060,1,12,6,Rashid Khan,-0.8388888888888886
1254060,1,15,6,T Natarajan,1.1444444444444446
1254060,2,5,6,PJ Cummins,-0.1499999999999999
1254060,2,8,6,PJ Cummins,1.866666666666667
1254060,2,12,6,PJ Cummins,-1.622222222222222
1254060,2,15,6,M Prasidh Krishna,0.6217391304347826
1254061,1,5,6,CH Morris,2.6833333333333336
1254061,1,8,6,R Tewatia,5.066666666666667
1254061,1,12,6,S Dube,9.5
1254061,1,15,6,CH Morris,3.3833333333333333
1254061,2,5,6,Arshdeep Singh,0.3500000000000001
1254061,2,8,6,RP Meredith,6.408333333333333
1254061,2,12,6,Arshdeep Singh,-1.3944444444444446
1254061,2,15,6,M Ashwin,4.379166666666667
1254062,1,5,6,PJ Cummins,0.5833333333333333
1254062,1,8,6,Shakib Al Hasan,2.0666666666666664
1254062,1,12,6,CV Varun,-0.5944444444444444
1254062,1,15,6,PJ Cummins,-3.55
1254062,2,5,6,M Jansen,3.075
1254062,2,8,6,RD Chahar,1.6166666666666667
1254062,2,12,6,RD Chahar,-5.366666666666667
1254062,2,15,6,KH Pandya,-2.666666666666667
1254063,1,5,6,T Natarajan,4.166666666666667
1254063,1,8,6,S Nadeem,-1.7888888888888888
1254063,1,12,6,JO Holder,-1.3944444444444444
1254063,1,15,6,Rashid Khan,-4.141666666666667
1254063,2,5,6,Mohammed Siraj,-2.1777777777777776
1254063,2,8,6,YS Chahal,1.616666666666667
1254063,2,12,6,DT Christian,2.65
1254063,2,15,6,YS Chahal,2.3875
1254064,1,5,6,JD Unadkat,-7.477777777777778
1254064,1,8,6,R Parag,2.98
1254064,1,12,6,R Parag,0.6833333333333333
1254064,1,15,6,R Tewatia,3.4944444444444445
1254064,2,5,6,K Rabada,-1.9166666666666667
1254064,2,8,6,R Ashwin,1.5
1254064,2,12,6,MP Stoinis,7.75
1254064,2,15,6,Avesh Khan,-4.858333333333333
1254065,1,5,6,SN Thakur,1.9833333333333332
1254065,1,8,6,SN Thakur,3.55
1254065,1,12,6,MM Ali,-1.7
1254065,1,15,6,SN Thakur,3.344444444444444
1254065,2,5,6,RP Meredith,2.2666666666666666
1254065,2,8,6,RP Meredith,1.9
1254065,2,12,6,M Ashwin,1.9111111111111108
1254066,1,5,6,Abhishek Sharma,1.25
1254066,1,8,6,V Shankar,-3.0166666666666666
1254066,1,12,6,V Shankar,-3.261111111111111
1254066,1,15,6,Rashid Khan,1.4521739130434779
1254066,2,5,6,JJ Bumrah,-0.625
1254066,2,8,6,RD Chahar,-0.17999999999999972
1254066,2,12,6,RD Chahar,-1.1722222222222218
1254066,2,15,6,KH Pandya,1.1111111111111112
1254067,1,5,6,Shakib Al Hasan,5.566666666666667
1254067,1,8,6,PJ Cummins,4.333333333333333
1254067,1,12,6,CV Varun,-2.3111111111111113
1254067,1,15,6,M Prasidh Krishna,0.07083333333333358
1254067,2,5,6,Washington Sundar,1.2750000000000004
1254067,2,8,6,YS Chahal,-4.344444444444444
1254067,2,12,6,GJ Maxwell,5.15
1254067,2,15,6,HV Patel,-1.3833333333333333
1254068,1,5,6,K Rabada,0.5833333333333333
1254068,1,8,6,R Ashwin,3.1
1254068,1,12,6,LI Meriwala,1.8555555555555554
1254068,1,15,6,K Rabada,2.138888888888889
1254068,2,5,6,Arshdeep Singh,0.06666666666666657
1254068,2,8,6,DJ Hooda,4.133333333333333
1254068,2,12,6,Mohammed Shami,4.283333333333334
1254068,2,15,6,Arshdeep Singh,0.4111111111111109
1254069,1,5,6,CH Morris,-3.6
1254069,1,8,6,C Sakariya,2.7727272727272725
1254069,1,12,6,JD Unadkat,4.208333333333333
1254069,1,15,6,Mustafizur Rahman,-0.3111111111111112
1254069,2,5,6,SM Curran,-5.0888888888888895
1254069,2,8,6,SN Thakur,2.4833333333333334
1254069,2,12,6,MM Ali,-4.55
1254069,2,15,6,DJ Bravo,1.8272727272727274
1254070,1,5,6,A Mishra,4.166666666666667
1254070,1,8,6,A Mishra,-1.9249999999999998
1254070,1,12,6,Lalit Yadav,-1.7
1254070,1,15,6,R Ashwin,2.3208333333333337
1254070,2,5,6,KH Pandya,1.75
1254070,2,8,6,KH Pandya,3.6583333333333337
1254070,2,12,6,RD Chahar,1.9777777777777779
1254070,2,15,6,TA Boult,0.8999999999999997
1254071,1,5,6,B Kumar,-1.1555555555555557
1254071,1,8,6,Rashid Khan,-3.6
1254071,1,12,6,Rashid Khan,-1.9388888888888887
1254071,1,15,6,Rashid Khan,-1.8791666666666667
1254071,2,5,6,Arshdeep Singh,3.045454545454545
1254071,2,8,6,M Ashwin,1.475
1254071,2,12,6,FA Allen,-1.411111111111111
1254071,2,15,6,Arshdeep Singh,2.5944444444444446
1254072,1,5,6,PJ Cummins,6.072727272727273
1254072,1,8,6,CV Varun,2.5388888888888888
1254072,1,12,6,CV Varun,-0.2124999999999999
1254072,1,15,6,M Prasidh Krishna,4.472222222222222
1254072,2,5,6,L Ngidi,0.5250000000000004
1254072,2,8,6,RA Jadeja,2.9583333333333335
1254072,2,12,6,RA Jadeja,3.1708333333333334
1254072,2,15,6,SM Curran,5.15
1254073,1,5,6,KW Richardson,5.0
1254073,1,8,6,YS Chahal,3.690909090909091
1254073,1,12,6,KA Jamieson,-1.3777777777777778
1254073,1,15,6,KW Richardson,1.5722222222222217
1254073,2,5,6,C Sakariya,1.272727272727273
1254073,2,8,6,R Tewatia,5.175
1254073,2,12,6,CH Morris,6.033333333333334
1254073,2,15,6,C Sakariya,3.4791666666666665
1254074,1,5,6,Mohammed Shami,0.8
1254074,1,8,6,Ravi Bishnoi,-2.425
1254074,1,12,6,Arshdeep Singh,2.9272727272727272
1254074,1,15,6,Mohammed Shami,2.1166666666666667
1254074,2,5,6,JJ Bumrah,1.7333333333333332
1254074,2,8,6,J Yadav,-2.05
1254074,2,12,6,J Yadav,0.4888888888888888
1254074,2,15,6,KH Pandya,3.8000000000000003
1254075,1,5,6,Mustafizur Rahman,-2.0583333333333336
1254075,1,8,6,C Sakariya,-1.3583333333333332
1254075,1,12,6,S Dube,1.25
1254075,1,15,6,Mustafizur Rahman,-4.511111111111111
1254075,2,5,6,SP Narine,3.3833333333333333
1254075,2,8,6,PJ Cummins,5.4
1254075,2,12,6,CV Varun,-1.9833333333333332
1254075,2,15,6,M Prasidh Krishna,-1.0999999999999999
1254076,1,5,6,Navdeep Saini,5.800000000000001
1254076,1,8,6,DT Christian,2.64
1254076,1,12,6,Navdeep Saini,6.491666666666667
1254076,1,15,6,KA Jamieson,4.372222222222223
1254076,2,5,6,SM Curran,1.2777777777777777
1254076,2,8,6,RA Jadeja,-4.558333333333333
1254076,2,12,6,RA Jadeja,-7.829166666666667
1254076,2,15,6,DJ Bravo,-0.0666666666666666
1254077,1,5,6,J Suchith,-0.1499999999999999
1254077,1,8,6,Rashid Khan,3.8833333333333333
1254077,1,12,6,V Shankar,2.254545454545455
1254077,1,15,6,Rashid Khan,0.4458333333333336
1254077,2,5,6,Avesh Khan,1.6166666666666667
1254077,2,8,6,A Mishra,1.9833333333333332
1254077,2,12,6,AR Patel,2.3
1254077,2,15,6,Avesh Khan,-2.823529411764706
1254078,1,5,6,PJ Cummins,1.0
1254078,1,8,6,AD Russell,-1.1
1254078,1,12,6,CV Varun,2.9333333333333336
1254078,1,15,6,SP Narine,-3.6083333333333334
1254078,2,5,6,Mohammed Shami,-1.222222222222222
1254078,2,8,6,Ravi Bishnoi,2.1166666666666667
1254078,2,12,6,Ravi Bishnoi,1.3611111111111112
1254078,2,15,6,DJ Hooda,1.75
1254079,1,5,6,Avesh Khan,-1.6916666666666667
1254079,1,8,6,A Mishra,0.7666666666666667
1254079,1,12,6,AR Patel,2.894444444444445
1254079,1,15,6,K Rabada,3.6611111111111105
1254079,2,5,6,DR Sams,2.7083333333333335
1254079,2,8,6,YS Chahal,-0.1499999999999999
1254079,2,12,6,HV Patel,-1.4500000000000002
1254079,2,15,6,KA Jamieson,-2.4055555555555554
1254080,1,5,6,SM Curran,-1.1722222222222218
1254080,1,8,6,L Ngidi,1.25
1254080,1,12,6,SN Thakur,3.7181818181818183
1254080,1,15,6,RA Jadeja,2.6722222222222225
1254080,2,5,6,Sandeep Sharma,1.588888888888889
1254080,2,8,6,J Suchith,7.083333333333333
1254080,2,12,6,Rashid Khan,0.8611111111111115
1254080,2,15,6,S Kaul,2.838888888888889
1254081,1,5,6,NM Coulter-Nile,6.0166666666666675
1254081,1,8,6,KH Pandya,6.066666666666667
1254081,1,12,6,NM Coulter-Nile,2.7833333333333337
1254081,1,15,6,TA Boult,3.4944444444444445
1254081,2,5,6,CH Morris,-0.5666666666666667
1254081,2,8,6,JD Unadkat,2.9333333333333336
1254081,2,12,6,R Tewatia,3.8
1254081,2,15,6,CH Morris,-2.7944444444444443
1254082,1,5,6,I Sharma,3.266666666666667
1254082,1,8,6,Lalit Yadav,1.975
1254082,1,12,6,Avesh Khan,-0.8583333333333333
1254082,1,15,6,I Sharma,3.4083333333333337
1254082,2,5,6,PJ Cummins,-2.05
1254082,2,8,6,SP Narine,3.1583333333333337
1254082,2,12,6,SP Narine,3.6739130434782608
1254082,2,15,6,PJ Cummins,-6.341666666666667
1254083,1,5,6,KA Jamieson,2.2583333333333333
1254083,1,8,6,YS Chahal,6.216666666666667
1254083,1,12,6,YS Chahal,4.4111111111111105
1254083,1,15,6,Shahbaz Ahmed,-0.5249999999999999
1254083,2,5,6,Ravi Bishnoi,-0.1499999999999999
1254083,2,8,6,Harpreet Brar,2.9083333333333337
1254083,2,12,6,Harpreet Brar,-7.070833333333333
1254083,2,15,6,Ravi Bishnoi,-4.3375
1254084,1,5,6,TA Boult,-0.4222222222222225
1254084,1,8,6,RD Chahar,4.333333333333333
1254084,1,12,6,RD Chahar,2.522222222222222
1254084,1,15,6,DS Kulkarni,3.858823529411765
1254084,2,5,6,L Ngidi,6.966666666666667
1254084,2,8,6,RA Jadeja,-0.2999999999999998
1254084,2,12,6,RA Jadeja,1.3499999999999994
1254084,2,15,6,L Ngidi,7.511111111111111
1254085,1,5,6,B Kumar,1.0583333333333333
1254085,1,8,6,Rashid Khan,-1.6944444444444446
1254085,1,12,6,Sandeep Sharma,3.3235294117647065
1254085,1,15,6,B Kumar,2.877777777777778
1254085,2,5,6,CH Morris,5.116666666666667
1254085,2,8,6,C Sakariya,4.25
1254085,2,12,6,Kartik Tyagi,-0.10833333333333323
1254085,2,15,6,C Sakariya,4.352941176470588
1254086,1,5,6,K Rabada,-3.158333333333333
1254086,1,8,6,Lalit Yadav,3.2666666666666666
1254086,1,12,6,Lalit Yadav,3.6388888888888893
1254086,1,15,6,I Sharma,3.454166666666667
1254086,2,5,6,CJ Jordan,8.15
1254086,2,8,6,Harpreet Brar,-1.25
1254086,2,12,6,RP Meredith,-1.1555555555555557
1254086,2,15,6,DJ Hooda,1.725
1254087,1,5,6,LH Ferguson,-0.016666666666666774
1254087,1,8,6,AD Russell,-4.925
1254087,1,12,6,SP Narine,0.7111111111111112
1254087,1,15,6,CV Varun,-10.4125
1254087,2,5,6,YS Chahal,4.616666666666667
1254087,2,8,6,HV Patel,2.341666666666667
1254088,1,5,6,Rashid Khan,-0.75
1254088,1,8,6,JO Holder,6.24
1254088,1,12,6,Abhishek Sharma,-2.1399999999999997
1254088,1,15,6,Rashid Khan,-0.7083333333333333
1254088,2,5,6,TA Boult,-0.041666666666666685
1254088,2,8,6,PP Chawla,2.2250000000000005
1254088,2,12,6,PP Chawla,1.7333333333333336
1254088,2,15,6,JJ Bumrah,2.0
1254089,1,5,6,Mustafizur Rahman,3.0416666666666665
1254089,1,8,6,R Tewatia,-3.3583333333333334
1254089,1,12,6,M Markande,3.566666666666667
1254089,1,15,6,Akash Singh,4.0125
1254089,2,5,6,SN Thakur,0.5499999999999998
1254089,2,8,6,RA Jadeja,2.8833333333333333
1254089,2,12,6,JR Hazlewood,8.0
1254089,2,15,6,SN Thakur,-2.6666666666666665
1254090,1,5,6,Arshdeep Singh,6.0181818181818185
1254090,1,8,6,Harpreet Brar,-0.2833333333333333
1254090,1,12,6,Harpreet Brar,1.4250000000000003
1254090,1,15,6,MC Henriques,-7.775
1254090,2,5,6,HV Patel,-0.1499999999999999
1254090,2,8,6,Shahbaz Ahmed,3.6333333333333333
1254090,2,12,6,YS Chahal,2.6875
1254090,2,15,6,YS Chahal,-5.1125
1254091,1,5,6,DL Chahar,2.6
1254091,1,8,6,SN Thakur,2.2818181818181817
1254091,1,12,6,RA Jadeja,-1.2333333333333334
1254091,1,15,6,DJ Bravo,-4.383333333333333
1254091,2,5,6,Rashid Khan,4.116666666666667
1254091,2,8,6,Rashid Khan,3.7750000000000004
1254091,2,12,6,Rashid Khan,3.0277777777777786
1254091,2,15,6,JO Holder,-5.3375
1254092,1,5,6,CV Varun,0.96
1254092,1,8,6,SP Narine,-1.95
1254092,1,12,6,LH Ferguson,-4.083333333333333
1254092,1,15,6,VR Iyer,-3.8249999999999997
1254092,2,5,6,Avesh Khan,-0.016666666666666774
1254092,2,8,6,R Ashwin,2.522222222222222
1254092,2,12,6,K Rabada,-3.0083333333333333
1254092,2,15,6,K Rabada,0.49411764705882344
1254093,1,5,6,JJ Bumrah,-2.3916666666666666
1254093,1,8,6,JDS Neesham,-6.1
1254093,1,12,6,TA Boult,1.6611111111111114
1254093,1,15,6,JJ Bumrah,-5.144444444444445
1254093,2,5,6,Mustafizur Rahman,2.081818181818182
1254094,1,5,6,Arshdeep Singh,-1.8166666666666667
1254094,1,8,6,CJ Jordan,-4.3999999999999995
1254094,1,12,6,Harpreet Brar,0.6944444444444444
1254094,1,15,6,Ravi Bishnoi,-0.6875
1254094,2,5,6,JR Hazlewood,2.0777777777777775
1254094,2,8,6,DL Chahar,2.322222222222223
1254094,2,12,6,SN Thakur,-4.411111111111111
1254095,1,5,6,Shahbaz Ahmed,1.1666666666666667
1254095,1,8,6,Shahbaz Ahmed,1.511111111111111
1254095,1,12,6,DT Christian,1.25
1254095,1,15,6,YS Chahal,-0.4208333333333333
1254095,2,5,6,S Kaul,-1.4666666666666666
1254095,2,8,6,Umran Malik,-3.15
1254095,2,12,6,JO Holder,2.611764705882353
1254095,2,15,6,S Kaul,-1.0499999999999998
1254096,1,5,6,M Prasidh Krishna,7.16
1254096,1,8,6,AD Russell,7.28
1254096,1,12,6,M Prasidh Krishna,1.0833333333333333
1254096,1,15,6,AD Russell,6.241666666666667
1254096,2,5,6,AF Milne,6.5636363636363635
1254096,2,8,6,KH Pandya,2.9166666666666674
1254096,2,12,6,RD Chahar,4.655555555555556
1254097,1,5,6,Kartik Tyagi,-0.8545454545454546
1254097,1,8,6,T Shamsi,3.2916666666666665
1254097,1,12,6,T Shamsi,3.7416666666666667
1254097,1,15,6,Kartik Tyagi,0.529411764705883
1254097,2,5,6,K Rabada,-1.1
1254097,2,8,6,R Ashwin,-1.0777777777777775
1254097,2,12,6,R Ashwin,-1.6739130434782608
1254097,2,15,6,AR Patel,0.07916666666666675
1254098,1,5,6,SN Thakur,-5.5
1254098,1,8,6,RA Jadeja,1.725
1254098,1,12,6,RA Jadeja,-0.7624999999999997
1254098,1,15,6,DL Chahar,-0.20588235294117668
1254098,2,5,6,LH Ferguson,2.2333333333333334
1254098,2,8,6,AD Russell,1.3333333333333333
1254098,2,12,6,AD Russell,1.611764705882353
1254098,2,15,6,VR Iyer,1.25
1254099,1,5,6,KH Pandya,-0.9888888888888889
1254099,1,8,6,RD Chahar,1.9833333333333332
1254099,1,12,6,KH Pandya,-0.4666666666666665
1254099,1,15,6,RD Chahar,-0.045833333333333254
1254099,2,5,6,NT Ellis,0.5833333333333333
1254099,2,8,6,Harpreet Brar,4.783333333333333
1254099,2,12,6,NT Ellis,0.2166666666666667
1254099,2,15,6,NT Ellis,-2.2555555555555555
1254100,1,5,6,S Kaul,5.566666666666667
1254100,1,8,6,Sandeep Sharma,1.722222222222222
1254100,1,12,6,Rashid Khan,-0.30588235294117655
1254100,1,15,6,S Kaul,4.655555555555556
1254100,2,5,6,MK Lomror,-0.9666666666666666
1254100,2,8,6,R Tewatia,1.975
1254100,2,12,6,Mustafizur Rahman,-0.6000000000000001
1254100,2,15,6,C Sakariya,-1.511764705882353
1254101,1,5,6,GHS Garton,2.7083333333333335
1254101,1,8,6,HV Patel,3.3833333333333333
1254101,1,12,6,DT Christian,-3.15
1254101,1,15,6,GHS Garton,2.2222222222222223
1254101,2,5,6,Avesh Khan,-1.35
1254101,2,8,6,RV Patel,1.5333333333333334
1254101,2,12,6,K Rabada,2.8555555555555556
1254101,2,15,6,RV Patel,2.6882352941176473
1254102,1,5,6,NT Ellis,4.616666666666667
1254102,1,8,6,FA Allen,3.6611111111111105
1254102,1,12,6,FA Allen,4.066666666666667
1254102,1,15,6,Mohammed Shami,-0.7444444444444444
1254102,2,5,6,SP Narine,6.183333333333334
1254102,2,8,6,CV Varun,-1.1388888888888888
1254102,2,12,6,VR Iyer,5.258333333333333
1254102,2,15,6,SP Narine,1.1863636363636363
1254103,1,5,6,Mohammed Siraj,0.6916666666666665
1254103,1,8,6,DT Christian,1.9750000000000005
1254103,1,12,6,YS Chahal,-0.4083333333333331
1254103,1,15,6,Shahbaz Ahmed,-3.25
1254103,2,5,6,Mustafizur Rahman,-0.0666666666666666
1254103,2,8,6,Kartik Tyagi,5.645454545454545
1254103,2,12,6,CH Morris,1.3111111111111113
1254103,2,15,6,Mustafizur Rahman,-3.1111111111111107
1254104,1,5,6,AF Milne,-7.794444444444443
1254104,1,8,6,RD Chahar,0.30000000000000004
1254104,1,12,6,RD Chahar,1.1777777777777778
1254104,1,15,6,KA Pollard,2.7083333333333335
1254104,2,5,6,SN Thakur,-0.9666666666666666
1254104,2,8,6,MM Ali,1.75
1254104,2,12,6,SN Thakur,-1.4555555555555555
1254104,2,15,6,DJ Bravo,0.11176470588235293
1254105,1,5,6,Avesh Khan,0.44166666666666654
1254105,1,8,6,R Ashwin,12.133333333333335
1254105,1,12,6,A Nortje,-5.633333333333333
1254105,1,15,6,AR Patel,-3.595833333333333
1254105,2,5,6,Rashid Khan,4.333333333333333
1254105,2,8,6,Rashid Khan,3.858333333333334
1254105,2,12,6,KK Ahmed,-1.061111111111111
1254105,2,15,6,B Kumar,2.15
1254106,1,5,6,CH Morris,0.6666666666666666
1254106,1,8,6,S Dube,1.75
1254106,1,12,6,Mustafizur Rahman,2.3166666666666664
1254106,1,15,6,CH Morris,-1.1529411764705881
1254106,2,5,6,LH Ferguson,-7.05
1254106,2,8,6,CV Varun,-3.85
1254106,2,12,6,SP Narine,3.6277777777777773
1254106,2,15,6,SP Narine,-0.2916666666666667
1254107,1,5,6,Sandeep Sharma,-0.22222222222222238
1254107,1,8,6,Rashid Khan,1.5333333333333334
1254107,1,12,6,Rashid Khan,-1.4555555555555555
1254107,1,15,6,JO Holder,-7.033333333333333
1254107,2,5,6,Arshdeep Singh,2.091666666666667
1254107,2,8,6,Harpreet Brar,1.7000000000000002
1254107,2,12,6,Ravi Bishnoi,-6.938888888888889
1254107,2,15,6,NT Ellis,2.355555555555555
1254108,1,5,6,KH Pandya,-0.1499999999999999
1254108,1,8,6,RD Chahar,1.7000000000000002
1254108,1,12,6,AF Milne,5.800000000000001
1254108,1,15,6,AF Milne,1.705555555555556
1254108,2,5,6,HV Patel,1.5
1254108,2,8,6,YS Chahal,-2.2833333333333337
1254108,2,12,6,HV Patel,1.090909090909091
1254108,2,15,6,DT Christian,4.7250000000000005
1254109,1,5,6,Shivam Mavi,-0.4222222222222225
1254109,1,8,6,Shakib Al Hasan,-1.95
1254109,1,12,6,Shakib Al Hasan,-3.9166666666666665
1254109,1,15,6,SP Narine,-0.1499999999999999
1254109,2,5,6,B Kumar,0.17222222222222217
1254109,2,8,6,Umran Malik,1.2454545454545458
1254109,2,12,6,Umran Malik,1.8166666666666664
1254109,2,15,6,Rashid Khan,-1.2875
1254110,1,5,6,K Rabada,2.0083333333333337
1254110,1,8,6,R Ashwin,-0.7999999999999998
1254110,1,12,6,AR Patel,-3.725
1254110,1,15,6,A Nortje,-0.10555555555555546
1254110,2,5,6,JR Hazlewood,-1.061111111111111
1254110,2,8,6,RA Jadeja,-0.7363636363636359
1254110,2,12,6,RA Jadeja,-2.85
1254110,2,15,6,MM Ali,1.1777777777777778
1254111,1,5,6,Arshdeep Singh,-2.2
1254111,1,8,6,AU Rashid,4.2250000000000005
1254111,1,12,6,Harpreet Brar,2.591666666666667
1254111,1,15,6,DJ Hooda,8.991666666666667
1254111,2,5,6,Mustafizur Rahman,2.1166666666666667
1254111,2,8,6,R Tewatia,3.6583333333333337
1254111,2,12,6,R Tewatia,0.6722222222222224
1254111,2,15,6,CH Morris,5.482352941176471
1254112,1,5,6,A Nortje,0.9166666666666666
1254112,1,8,6,AR Patel,-1.0
1254112,1,12,6,AR Patel,-5.86086956521739
1254112,1,15,6,Avesh Khan,-3.5222222222222226
1254112,2,5,6,JJ Bumrah,4.0
1254112,2,8,6,J Yadav,-3.7705882352941176
1254112,2,12,6,J Yadav,-2.3874999999999997
1254112,2,15,6,TA Boult,-0.8999999999999997
1254113,1,5,6,JR Hazlewood,2.511764705882353
1254113,1,8,6,RA Jadeja,3.6333333333333333
1254113,1,12,6,RA Jadeja,2.8625000000000003
1254113,1,15,6,JR Hazlewood,3.2
1254113,2,5,6,Navdeep Saini,5.291666666666667
1254113,2,8,6,YS Chahal,-2.7583333333333333
1254113,2,12,6,PWH de Silva,4.016666666666667
1254113,2,15,6,HV Patel,-2.3833333333333333
1254114,1,5,6,JR Hazlewood,-4.116666666666666
1254114,1,8,6,RA Jadeja,4.275
1254114,1,12,6,DL Chahar,3.5588235294117654
1254114,1,15,6,SN Thakur,6.381818181818181
1254114,2,5,6,Avesh Khan,5.658333333333333
1254114,2,8,6,R Ashwin,3.15
1254114,2,12,6,R Ashwin,4.608333333333333
1254114,2,15,6,A Nortje,-0.2777777777777778
1254115,1,5,6,LH Ferguson,0.6833333333333333
1254115,1,8,6,Shakib Al Hasan,1.3611111111111112
1254115,1,12,6,SP Narine,-3.3583333333333334
1254115,1,15,6,CV Varun,1.375
1254115,2,5,6,HV Patel,0.4333333333333334
1254115,2,8,6,YS Chahal,-1.225
1254115,2,12,6,YS Chahal,-1.0666666666666664
1254115,2,15,6,GJ Maxwell,3.4166666666666674
1254116,1,5,6,LH Ferguson,0.6916666666666665
1254116,1,8,6,SP Narine,2.9083333333333337
1254116,1,12,6,Shakib Al Hasan,2.275
1254116,1,15,6,LH Ferguson,-2.4055555555555554
1254116,2,5,6,Avesh Khan,2.7916666666666665
1254116,2,8,6,R Ashwin,2.270588235294118
1254116,2,12,6,K Rabada,-0.3111111111111112
1254116,2,15,6,A Nortje,1.0333333333333334
1254117,1,5,6,CV Varun,2.98
1254117,1,8,6,SP Narine,-0.75
1254117,1,12,6,CV Varun,3.3055555555555562
1254117,1,15,6,LH Ferguson,5.550000000000001
1254117,2,5,6,DL Chahar,2.561111111111112
1254117,2,8,6,DJ Bravo,0.55
1254117,2,12,6,RA Jadeja,4.822222222222223
1254117,2,15,6,SN Thakur,-5.46111111111111
1304047,1,5,6,CV Varun,1.5333333333333334
1304047,1,8,6,SP Narine,-1.95
1304047,1,12,6,AD Russell,-2.65
1304047,1,15,6,UT Yadav,-4.458333333333333
1304047,2,5,6,MJ Santner,2.9333333333333336
1304047,2,8,6,MJ Santner,4.108333333333333
1304047,2,12,6,RA Jadeja,1.1666666666666667
1304047,2,15,6,DJ Bravo,-3.8777777777777773
1304048,1,5,6,KK Ahmed,1.0583333333333333
1304048,1,8,6,Kuldeep Yadav,-2.425
1304048,1,12,6,KL Nagarkoti,6.525
1304048,1,15,6,Kuldeep Yadav,-6.475
1304048,2,5,6,M Ashwin,-5.258333333333333
1304048,2,8,6,TS Mills,-0.4909090909090908
1304048,2,12,6,DR Sams,4.838888888888889
1304048,2,15,6,JJ Bumrah,5.811111111111111
1304049,1,5,6,OF Smith,1.2833333333333334
1304049,1,8,6,RD Chahar,-2.45
1304049,1,12,6,OF Smith,4.870588235294118
1304049,1,15,6,Arshdeep Singh,3.0888888888888895
1304049,2,5,6,Shahbaz Ahmed,1.5333333333333334
1304049,2,8,6,HV Patel,3.3833333333333333
1304049,2,12,6,PWH de Silva,2.3294117647058825
1304049,2,15,6,PWH de Silva,1.1666666666666667
1304050,1,5,6,LH Ferguson,-0.17999999999999972
1304050,1,8,6,HH Pandya,-0.2583333333333334
1304050,1,12,6,VR Aaron,2.9000000000000004
1304050,1,15,6,Rashid Khan,-0.2958333333333333
1304050,2,5,6,Ravi Bishnoi,0.6999999999999998
1304050,2,8,6,KH Pandya,0.9166666666666666
1304050,2,12,6,KH Pandya,-2.0041666666666664
1304050,2,15,6,DJ Hooda,2.094444444444445
1304051,1,5,6,T Natarajan,1.8400000000000003
1304051,1,8,6,Umran Malik,2.066666666666667
1304051,1,12,6,Umran Malik,0.8294117647058824
1304051,1,15,6,Washington Sundar,7.216666666666667
1304051,2,5,6,M Prasidh Krishna,-7.366666666666667
1304051,2,8,6,YS Chahal,-1.7
1304051,2,12,6,YS Chahal,-3.022222222222222
1304051,2,15,6,YS Chahal,-5.941666666666667
1304052,1,5,6,Akash Deep,0.28181818181818197
1304052,1,8,6,PWH de Silva,-6.608333333333333
1304052,1,12,6,Shahbaz Ahmed,8.840000000000002
1304052,1,15,6,HV Patel,-7.05
1304052,2,5,6,AD Russell,5.14
1304052,2,8,6,SP Narine,-0.875
1304052,2,12,6,AD Russell,5.563636363636364
1304052,2,15,6,CV Varun,0.2541666666666666
1304053,1,5,6,KH Pandya,7.7
1304053,1,8,6,PVD Chameera,4.616666666666667
1304053,1,12,6,DJ Hooda,5.066666666666667
1304053,1,15,6,KH Pandya,5.455555555555556
1304053,2,5,6,DJ Bravo,0.30000000000000004
1304053,2,8,6,RA Jadeja,4.4750000000000005
1304053,2,12,6,D Pretorius,0.3500000000000001
1304053,2,15,6,DJ Bravo,3.005555555555556
1304054,1,5,6,TG Southee,-0.625
1304054,1,8,6,UT Yadav,0.4470588235294117
1304054,1,12,6,TG Southee,-3.5555555555555554
1304054,1,15,6,CV Varun,-0.17500000000000004
1304054,2,5,6,K Rabada,-0.04999999999999977
1304054,2,8,6,RD Chahar,-7.05
1304054,2,12,6,RD Chahar,-5.039130434782608
1304055,1,5,6,TS Mills,-4.55
1304055,1,8,6,M Ashwin,0.08181818181818201
1304055,1,12,6,KA Pollard,2.9583333333333335
1304055,1,15,6,DR Sams,2.940909090909091
1304055,2,5,6,M Prasidh Krishna,1.0
1304055,2,8,6,Navdeep Saini,4.558333333333334
1304055,2,12,6,TA Boult,1.8588235294117648
1304055,2,15,6,YS Chahal,-3.1999999999999997
1304056,1,5,6,Mustafizur Rahman,-0.8583333333333333
1304056,1,8,6,Kuldeep Yadav,-0.8833333333333332
1304056,1,12,6,Kuldeep Yadav,-0.2944444444444446
1304056,1,15,6,AR Patel,3.620833333333334
1304056,2,5,6,Mohammed Shami,3.438888888888888
1304056,2,8,6,VR Aaron,2.4833333333333334
1304056,2,12,6,Rashid Khan,2.6888888888888887
1304056,2,15,6,Rashid Khan,2.6521739130434785
1304057,1,5,6,DJ Bravo,4.9399999999999995
1304057,1,8,6,RA Jadeja,2.9272727272727272
1304057,1,12,6,Mukesh Choudhary,2.7250000000000005
1304057,1,15,6,CJ Jordan,-3.9470588235294115
1304057,2,5,6,Arshdeep Singh,-1.9166666666666667
1304057,2,8,6,RD Chahar,-0.1499999999999999
1304057,2,12,6,LS Livingstone,-0.1499999999999999
1304057,2,15,6,RD Chahar,-0.44444444444444453
1304058,1,5,6,Washington Sundar,-4.905555555555556
1304058,1,8,6,T Natarajan,1.25
1304058,1,12,6,B Kumar,1.8111111111111113
1304058,1,15,6,R Shepherd,-2.3055555555555554
1304058,2,5,6,Avesh Khan,-4.808333333333333
1304058,2,8,6,KH Pandya,3.2666666666666666
1304058,2,12,6,Ravi Bishnoi,2.764705882352941
1304058,2,15,6,Ravi Bishnoi,2.8041666666666667
1304059,1,5,6,DJ Willey,-1.1555555555555557
1304059,1,8,6,PWH de Silva,5.233333333333333
1304059,1,12,6,HV Patel,-3.454545454545454
1304059,1,15,6,PWH de Silva,0.1833333333333334
1304059,2,5,6,R Ashwin,2.0083333333333337
1304059,2,8,6,YS Chahal,-7.283333333333333
1304059,2,12,6,TA Boult,-0.18333333333333351
1304059,2,15,6,M Prasidh Krishna,3.4222222222222225
1304060,1,5,6,PJ Cummins,5.066666666666667
1304060,1,8,6,SP Narine,0.07499999999999996
1304060,1,12,6,UT Yadav,-0.9375
1304060,1,15,6,PJ Cummins,0.5111111111111111
1304060,2,5,6,DR Sams,0.20833333333333331
1304060,2,8,6,Basil Thampi,0.6388888888888887
1304060,2,12,6,JJ Bumrah,2.2333333333333334
1304060,2,15,6,DR Sams,4.605882352941176
1304061,1,5,6,AJ Tye,1.9833333333333332
1304061,1,8,6,Ravi Bishnoi,-2.7583333333333333
1304061,1,12,6,KH Pandya,2.2
1304061,1,15,6,AJ Tye,2.435294117647059
1304061,2,5,6,Mustafizur Rahman,0.6000000000000001
1304061,2,8,6,AR Patel,1.3916666666666668
1304061,2,12,6,Lalit Yadav,-1.3041666666666665
1304061,2,15,6,Kuldeep Yadav,1.152380952380953
1304062,1,5,6,Rashid Khan,1.25
1304062,1,8,6,Rashid Khan,2.5416666666666665
1304062,1,12,6,R Tewatia,12.133333333333335
1304062,1,15,6,Rashid Khan,-6.191666666666667
1304062,2,5,6,K Rabada,-0.4916666666666664
1304062,2,8,6,LS Livingstone,5.566666666666667
1304062,2,12,6,VG Arora,3.6166666666666667
1304062,2,15,6,Arshdeep Singh,3.122222222222222
1304063,1,5,6,T Natarajan,-1.9166666666666667
1304063,1,8,6,Umran Malik,2.6
1304063,1,12,6,Umran Malik,3.572222222222222
1304063,1,15,6,T Natarajan,-3.3222222222222224
1304063,2,5,6,M Theekshana,3.4944444444444445
1304063,2,8,6,RA Jadeja,2.7916666666666665
1304063,2,12,6,Mukesh Choudhary,-1.3944444444444444
1304063,2,15,6,M Theekshana,2.8208333333333337
1304064,1,5,6,Akash Deep,1.9833333333333332
1304064,1,8,6,PWH de Silva,0.8250000000000002
1304064,1,12,6,Shahbaz Ahmed,2.4833333333333334
1304064,1,15,6,Mohammed Siraj,3.144444444444445
1304064,2,5,6,JJ Bumrah,0.30000000000000004
1304064,2,8,6,JD Unadkat,-0.0666666666666666
1304064,2,12,6,JD Unadkat,-0.1444444444444447
1304064,2,15,6,KA Pollard,3.3588235294117648
1304065,1,5,6,SP Narine,4.166666666666667
1304065,1,8,6,CV Varun,-0.5166666666666668
1304065,1,12,6,AD Russell,0.5166666666666667
1304065,1,15,6,SP Narine,-3.8874999999999993
1304065,2,5,6,Mustafizur Rahman,-0.875
1304065,2,8,6,AR Patel,4.108333333333333
1304065,2,12,6,Kuldeep Yadav,1.5166666666666664
1304065,2,15,6,Kuldeep Yadav,-3.9565217391304355
1304066,1,5,6,Avesh Khan,-4.1
1304066,1,8,6,JO Holder,-0.1499999999999999
1304066,1,12,6,Ravi Bishnoi,3.1
1304066,1,15,6,K Gowtham,-2.75
1304066,2,5,6,R Ashwin,1.75
1304066,2,8,6,R Ashwin,1.75
1304066,2,12,6,R Ashwin,1.625
1304066,2,15,6,YS Chahal,-3.933333333333333
1304067,1,5,6,T Natarajan,0.7166666666666665
1304067,1,8,6,AK Markram,3.3833333333333333
1304067,1,12,6,Umran Malik,1.2411764705882355
1304067,1,15,6,M Jansen,-0.6695652173913041
1304067,2,5,6,LH Ferguson,8.483333333333334
1304067,2,8,6,Rashid Khan,0.9083333333333334
1304067,2,12,6,HH Pandya,2.0388888888888888
1304067,2,15,6,LH Ferguson,4.0588235294117645
1304068,1,5,6,Akash Deep,3.3833333333333333
1304068,1,8,6,GJ Maxwell,-1.8333333333333333
1304068,1,12,6,GJ Maxwell,0.7944444444444441
1304068,1,15,6,JR Hazlewood,-1.4882352941176467
1304068,2,5,6,M Theekshana,-1.866666666666667
1304068,2,8,6,RA Jadeja,1.2750000000000004
1304068,2,12,6,M Theekshana,-4.9
1304068,2,15,6,RA Jadeja,-3.8625
1304069,1,5,6,TS Mills,5.15
1304069,1,8,6,TS Mills,4.7
1304069,1,12,6,TS Mills,4.277777777777778
1304069,1,15,6,TS Mills,3.829166666666667
1304069,2,5,6,Arshdeep Singh,1.7583333333333335
1304069,2,8,6,RD Chahar,14.716666666666667
1304069,2,12,6,Arshdeep Singh,0.2529411764705886
1304069,2,15,6,RD Chahar,4.7
1304070,1,5,6,M Prasidh Krishna,-3.1818181818181817
1304070,1,8,6,R Ashwin,1.25
1304070,1,12,6,YS Chahal,3.1722222222222225
1304070,1,15,6,YS Chahal,0.8652173913043479
1304070,2,5,6,LH Ferguson,-2.1166666666666667
1304070,2,8,6,Rashid Khan,0.8666666666666668
1304070,2,12,6,Mohammed Shami,1.705555555555556
1304070,2,15,6,LH Ferguson,-8.594444444444445
1304071,1,5,6,M Jansen,-1.8611111111111112
1304071,1,8,6,J Suchith,4.166666666666667
1304071,1,12,6,Umran Malik,-2.5833333333333326
1304071,1,15,6,Umran Malik,-3.5875
1304071,2,5,6,AD Russell,1.6166666666666667
1304071,2,8,6,SP Narine,0.8
1304071,2,12,6,SP Narine,1.6444444444444446
1304071,2,15,6,CV Varun,7.194444444444445
1304072,1,5,6,FA Allen,1.6166666666666667
1304072,1,8,6,M Ashwin,3.2500000000000004
1304072,1,12,6,TS Mills,8.091666666666667
1304072,1,15,6,JJ Bumrah,0.8611111111111112
1304072,2,5,6,Avesh Khan,-2.0333333333333337
1304072,2,8,6,MP Stoinis,-0.4083333333333331
1304072,2,12,6,Ravi Bishnoi,4.05
1304072,2,15,6,Ravi Bishnoi,1.1583333333333334
1304073,1,5,6,Mustafizur Rahman,2.125
1304073,1,8,6,Kuldeep Yadav,11.683333333333334
1304073,1,12,6,AR Patel,0.13750000000000018
1304073,1,15,6,Mustafizur Rahman,2.0
1304073,2,5,6,JR Hazlewood,3.3
1304073,2,8,6,GJ Maxwell,2.3166666666666664
1304073,2,12,6,Mohammed Siraj,-0.611111111111111
1304073,2,15,6,PWH de Silva,-1.125
1304074,1,5,6,M Jansen,3.105555555555555
1304074,1,8,6,J Suchith,-3.6
1304074,1,12,6,J Suchith,-1.0478260869565221
1304074,1,15,6,T Natarajan,2.14
1304074,2,5,6,Arshdeep Singh,1.5333333333333334
1304074,2,8,6,RD Chahar,0.4916666666666668
1304074,2,12,6,LS Livingstone,3.858333333333334
1304074,2,15,6,Arshdeep Singh,2.411764705882353
1304075,1,5,6,AS Joseph,-3.8200000000000003
1304075,1,8,6,LH Ferguson,2.9583333333333335
1304075,1,12,6,LH Ferguson,3.977777777777778
1304075,1,15,6,Mohammed Shami,-1.7083333333333333
1304075,2,5,6,M Theekshana,-3.9555555555555553
1304075,2,8,6,MM Ali,2.4833333333333334
1304075,2,12,6,DJ Bravo,-5.5
1304075,2,15,6,M Theekshana,-3.1333333333333333
1304076,1,5,6,Shivam Mavi,2.35
1304076,1,8,6,UT Yadav,3.072222222222222
1304076,1,12,6,PJ Cummins,5.416666666666667
1304076,1,15,6,AD Russell,2.6166666666666667
1304076,2,5,6,R Ashwin,6.466666666666667
1304076,2,8,6,M Prasidh Krishna,5.576470588235295
1304076,2,12,6,YS Chahal,3.4222222222222225
1304076,2,15,6,TA Boult,1.088888888888889
1304077,1,5,6,KH Pandya,-0.8583333333333333
1304077,1,8,6,MP Stoinis,7.819999999999999
1304077,1,12,6,PVD Chameera,-0.9611111111111108
1304077,1,15,6,JO Holder,-2.8058823529411763
1304077,2,5,6,Mohammed Siraj,4.166666666666667
1304077,2,8,6,Shahbaz Ahmed,1.8888888888888888
1304077,2,12,6,Mohammed Siraj,0.15555555555555567
1304077,2,15,6,PWH de Silva,3.75
1304078,1,5,6,AR Patel,-2.65
1304078,1,8,6,Mustafizur Rahman,0.5750000000000002
1304078,1,12,6,AR Patel,-5.15
1304078,1,15,6,AR Patel,-5.625
1304078,2,5,6,NT Ellis,1.8400000000000003
1304078,2,8,6,RD Chahar,0.20833333333333331
1304079,1,5,6,M Theekshana,2.7916666666666665
1304079,1,8,6,RA Jadeja,0.32499999999999996
1304079,1,12,6,RA Jadeja,2.625
1304079,1,15,6,DJ Bravo,-0.8272727272727268
1304079,2,5,6,JD Unadkat,2.4333333333333336
1304079,2,8,6,JD Unadkat,3.7181818181818183
1304079,2,12,6,DR Sams,-5.138888888888888
1304079,2,15,6,RP Meredith,-1.1772727272727275
1304080,1,5,6,KK Ahmed,4.341666666666667
1304080,1,8,6,Kuldeep Yadav,5.154545454545454
1304080,1,12,6,Lalit Yadav,4.2375
1304080,1,15,6,KK Ahmed,0.1777777777777776
1304080,2,5,6,R Ashwin,-0.016666666666666774
1304080,2,8,6,OC McCoy,7.4222222222222225
1304080,2,12,6,YS Chahal,-1.7
1304080,2,15,6,TA Boult,1.6333333333333333
1304081,1,5,6,SP Narine,0.8
1304081,1,8,6,UT Yadav,2.4500000000000006
1304081,1,12,6,TG Southee,-0.1444444444444447
1304081,1,15,6,SP Narine,2.8625000000000003
1304081,2,5,6,AS Joseph,2.409090909090909
1304081,2,8,6,Rashid Khan,2.65
1304081,2,12,6,Yash Dayal,-3.1062499999999997
1304081,2,15,6,Rashid Khan,-3.7333333333333334
1304082,1,5,6,M Jansen,-6.229411764705882
1304082,1,8,6,J Suchith,-5.2
1304082,1,12,6,T Natarajan,-5.925
1304082,1,15,6,T Natarajan,-8.166666666666666
1304082,2,5,6,JR Hazlewood,4.15
1304083,1,5,6,JD Unadkat,-0.1499999999999999
1304083,1,8,6,JD Unadkat,2.091666666666667
1304083,1,12,6,DR Sams,4.138095238095238
1304083,1,15,6,RP Meredith,0.705882352941177
1304083,2,5,6,JO Holder,3.3
1304083,2,8,6,Mohsin Khan,-1.408333333333333
1304083,2,12,6,PVD Chameera,-0.5705882352941176
1304083,2,15,6,JO Holder,4.135294117647058
1304084,1,5,6,M Theekshana,0.6583333333333334
1304084,1,8,6,RA Jadeja,4.081818181818182
1304084,1,12,6,M Theekshana,0.941176470588236
1304084,1,15,6,DJ Bravo,5.4
1304084,2,5,6,Arshdeep Singh,0.4800000000000001
1304084,2,8,6,R Dhawan,0.10000000000000014
1304084,2,12,6,K Rabada,-1.2833333333333332
1304084,2,15,6,Sandeep Sharma,1.125
1304085,1,5,6,PWH de Silva,3.1666666666666665
1304085,1,8,6,Mohammed Siraj,-2.677777777777778
1304085,1,12,6,HV Patel,1.975
1304085,1,15,6,PWH de Silva,-3.6208333333333336
1304085,2,5,6,R Ashwin,1.4833333333333332
1304085,2,8,6,KR Sen,-3.858333333333334
1304085,2,12,6,YS Chahal,-2.3083333333333336
1304085,2,15,6,R Ashwin,-7.360869565217391
1304086,1,5,6,AS Joseph,3.2166666666666663
1304086,1,8,6,Rashid Khan,3.2666666666666666
1304086,1,12,6,Yash Dayal,1.7555555555555555
1304086,1,15,6,AS Joseph,0.7333333333333332
1304086,2,5,6,T Natarajan,4.3916666666666675
1304086,2,8,6,Washington Sundar,3.4083333333333337
1304086,2,12,6,Washington Sundar,3.613043478260869
1304086,2,15,6,Umran Malik,-8.152173913043478
1304087,1,5,6,Mustafizur Rahman,-0.17500000000000004
1304087,1,8,6,AR Patel,-0.5055555555555553
1304087,1,12,6,Lalit Yadav,5.283333333333333
1304087,1,15,6,C Sakariya,-1.061111111111111
1304087,2,5,6,TG Southee,2.4833333333333334
1304087,2,8,6,N Rana,6.8
1304087,2,12,6,Harshit Rana,0.10000000000000014
1304087,2,15,6,SP Narine,-1.820833333333333
1304088,1,5,6,R Dhawan,-0.6499999999999999
1304088,1,8,6,LS Livingstone,3.4333333333333336
1304088,1,12,6,Sandeep Sharma,-2.1565217391304348
1304088,1,15,6,RD Chahar,-1.2111111111111112
1304088,2,5,6,Avesh Khan,3.2166666666666663
1304088,2,8,6,Ravi Bishnoi,-1.2777777777777777
1304088,2,12,6,Mohsin Khan,-0.9941176470588236
1304088,2,15,6,PVD Chameera,-5.405555555555556
1304089,1,5,6,PJ Sangwan,-2.088888888888889
1304089,1,8,6,Rashid Khan,2.5666666666666664
1304089,1,12,6,Mohammed Shami,2.6
1304089,1,15,6,AS Joseph,3.5888888888888886
1304089,2,5,6,Mohammed Siraj,3.2499999999999996
1304089,2,8,6,Shahbaz Ahmed,2.1363636363636367
1304089,2,12,6,PWH de Silva,-3.972222222222222
1304089,2,15,6,Mohammed Siraj,3.0625
1304090,1,5,6,RP Meredith,-1.3200000000000003
1304090,1,8,6,KA Pollard,3.4333333333333336
1304090,1,12,6,DR Sams,2.2941176470588234
1304090,1,15,6,HR Shokeen,1.4388888888888887
1304090,2,5,6,TA Boult,0.07500000000000018
1304090,2,8,6,KR Sen,0.8
1304090,2,12,6,KR Sen,1.3916666666666668
1304090,2,15,6,M Prasidh Krishna,-0.2823529411764706
1304091,1,5,6,Mustafizur Rahman,2.2333333333333334
1304091,1,8,6,AR Patel,0.877777777777778
1304091,1,12,6,SN Thakur,0.5800000000000003
1304091,1,15,6,Kuldeep Yadav,4.294444444444444
1304091,2,5,6,PVD Chameera,2.9583333333333335
1304091,2,8,6,Ravi Bishnoi,0.6833333333333333
1304091,2,12,6,Mohsin Khan,-2.4176470588235293
1304091,2,15,6,JO Holder,4.947058823529412
1304092,1,5,6,M Jansen,1.238888888888889
1304092,1,8,6,AK Markram,4.7250000000000005
1304092,1,12,6,B Kumar,1.3444444444444443
1304092,1,15,6,T Natarajan,4.236363636363636
1304092,2,5,6,Mukesh Choudhary,-2.0666666666666664
1304092,2,8,6,RA Jadeja,0.32499999999999996
1304092,2,12,6,D Pretorius,5.283333333333333
1304092,2,15,6,M Theekshana,2.2583333333333337
1304093,1,5,6,AS Roy,2.3166666666666664
1304093,1,8,6,TG Southee,1.62
1304093,1,12,6,TG Southee,2.0
1304093,1,15,6,SP Narine,0.8041666666666668
1304093,2,5,6,M Prasidh Krishna,-1.2166666666666666
1304093,2,8,6,R Ashwin,2.1166666666666667
1304093,2,12,6,TA Boult,-0.6458333333333334
1304093,2,15,6,KR Sen,-0.8666666666666669
1304094,1,5,6,Arshdeep Singh,-0.17999999999999972
1304094,1,8,6,R Dhawan,-1.25
1304094,1,12,6,R Dhawan,-0.2470588235294118
1304094,1,15,6,Arshdeep Singh,2.5666666666666664
1304094,2,5,6,LH Ferguson,1.8400000000000003
1304094,2,8,6,AS Joseph,3.3833333333333333
1304094,2,12,6,Rashid Khan,1.9222222222222225
1304094,2,15,6,Mohammed Shami,1.5041666666666669
1304095,1,5,6,M Theekshana,2.7
1304095,1,8,6,RA Jadeja,-0.8583333333333333
1304095,1,12,6,RA Jadeja,-1.0416666666666667
1304095,1,15,6,D Pretorius,-1.54
1304095,2,5,6,PWH de Silva,5.966666666666667
1304095,2,8,6,Shahbaz Ahmed,0.9944444444444442
1304095,2,12,6,HV Patel,4.166666666666667
1304095,2,15,6,HV Patel,-0.2666666666666668
1304096,1,5,6,Kartik Tyagi,5.539999999999999
1304096,1,8,6,S Gopal,2.066666666666667
1304096,1,12,6,Kartik Tyagi,3.477777777777778
1304096,1,15,6,B Kumar,-2.9055555555555554
1304096,2,5,6,SN Thakur,2.4583333333333335
1304096,2,8,6,MR Marsh,-2.9
1304096,2,12,6,KK Ahmed,-2.772222222222222
1304096,2,15,6,A Nortje,0.6521739130434783
1304097,1,5,6,LH Ferguson,3.2166666666666663
1304097,1,8,6,R Tewatia,5.283333333333333
1304097,1,12,6,PJ Sangwan,0.5058823529411764
1304097,1,15,6,Mohammed Shami,4.016666666666667
1304097,2,5,6,M Ashwin,3.1583333333333337
1304097,2,8,6,K Kartikeya,4.25
1304097,2,12,6,M Ashwin,-2.4875
1304097,2,15,6,KA Pollard,-0.4083333333333331
1304098,1,5,6,R Ashwin,-3.8200000000000003
1304098,1,8,6,KR Sen,3.845454545454546
1304098,1,12,6,KR Sen,3.011111111111111
1304098,1,15,6,R Ashwin,0.4333333333333334
1304098,2,5,6,Arshdeep Singh,5.116666666666667
1304098,2,8,6,R Dhawan,-0.8583333333333333
1304098,2,12,6,R Dhawan,0.8611111111111115
1304098,2,15,6,K Rabada,2.388235294117647
1304099,1,5,6,Harshit Rana,7.65
1304099,1,8,6,Shivam Mavi,1.7583333333333335
1304099,1,12,6,AD Russell,-0.2999999999999998
1304099,1,15,6,SP Narine,-1.6666666666666667
1304099,2,5,6,JO Holder,-1.7
1304099,2,8,6,JO Holder,4.191666666666667
1304099,2,12,6,Avesh Khan,-6.347058823529411
1304100,1,5,6,Kartik Tyagi,7.22
1304100,1,8,6,Abhishek Sharma,3.4333333333333336
1304100,1,12,6,J Suchith,-2.875
1304100,1,15,6,B Kumar,2.6722222222222225
1304100,2,5,6,Mohammed Siraj,4.283333333333333
1304100,2,8,6,PWH de Silva,-0.016666666666666774
1304100,2,12,6,PWH de Silva,-3.3583333333333334
1304100,2,15,6,JR Hazlewood,-5.222222222222223
1304101,1,5,6,SN Thakur,3.8727272727272726
1304101,1,8,6,AR Patel,2.838888888888889
1304101,1,12,6,Kuldeep Yadav,7.123529411764705
1304101,1,15,6,SN Thakur,5.105882352941176
1304101,2,5,6,Simarjeet Singh,0.04444444444444451
1304101,2,8,6,M Theekshana,0.7166666666666665
1304101,2,12,6,DJ Bravo,2.9545454545454546
1304101,2,15,6,Simarjeet Singh,-3.0478260869565217
1304102,1,5,6,K Kartikeya,4.7
1304102,1,8,6,K Kartikeya,1.0250000000000004
1304102,1,12,6,KA Pollard,6.5636363636363635
1304102,1,15,6,M Ashwin,0.6041666666666667
1304102,2,5,6,SP Narine,0.96
1304102,2,8,6,CV Varun,3.0416666666666665
1304102,2,12,6,CV Varun,0.022222222222222032
1304102,2,15,6,TG Southee,-3.0555555555555554
1304103,1,5,6,PVD Chameera,1.7777777777777777
1304103,1,8,6,KH Pandya,0.8
1304103,1,12,6,KH Pandya,2.1583333333333337
1304103,1,15,6,JO Holder,4.011764705882352
1304103,2,5,6,Yash Dayal,-0.016666666666666274
1304103,2,8,6,AS Joseph,2.4833333333333334
1304103,2,12,6,R Sai Kishore,-4.675
1304104,1,5,6,AR Patel,4.116666666666667
1304104,1,8,6,MR Marsh,0.9333333333333333
1304104,1,12,6,AR Patel,5.041666666666667
1304104,1,15,6,SN Thakur,2.2444444444444445
1304104,2,5,6,M Prasidh Krishna,0.16666666666666666
1304104,2,8,6,YS Chahal,4.783333333333333
1304104,2,12,6,M Prasidh Krishna,1.4999999999999998
1304104,2,15,6,R Ashwin,2.9869565217391303
1304105,1,5,6,RP Meredith,-0.5166666666666668
1304105,1,8,6,K Kartikeya,3.2166666666666663
1304105,1,12,6,K Kartikeya,-2.8666666666666667
1304105,1,15,6,RP Meredith,-4.838888888888889
1304105,2,5,6,Simarjeet Singh,-1.411111111111111
1304105,2,8,6,DJ Bravo,3.8833333333333333
1304105,2,12,6,MM Ali,-2.65
1304106,1,5,6,Mohammed Siraj,7.454545454545454
1304106,1,8,6,PWH de Silva,-1.8083333333333333
1304106,1,12,6,HV Patel,2.4833333333333334
1304106,1,15,6,JR Hazlewood,5.944444444444445
1304106,2,5,6,K Rabada,-3.15
1304106,2,8,6,Harpreet Brar,4.276470588235294
1304106,2,12,6,RD Chahar,1.2777777777777777
1304106,2,15,6,K Rabada,-5.035294117647059
1304107,1,5,6,M Jansen,0.39999999999999997
1304107,1,8,6,Washington Sundar,2.3166666666666664
1304107,1,12,6,M Jansen,-0.25
1304107,1,15,6,Umran Malik,-4.620833333333333
1304107,2,5,6,AD Russell,-4.96
1304107,2,8,6,TG Southee,-0.4916666666666664
1304107,2,12,6,SP Narine,0.8250000000000002
1304107,2,15,6,CV Varun,-1.0625
1304108,1,5,6,Rashid Khan,7.816666666666667
1304108,1,8,6,R Sai Kishore,0.4800000000000001
1304108,1,12,6,R Sai Kishore,-0.7444444444444444
1304108,1,15,6,Rashid Khan,1.4222222222222225
1304108,2,5,6,MJ Santner,1.9
1304108,2,8,6,MJ Santner,1.6833333333333333
1304108,2,12,6,PH Solanki,1.75
1304108,2,15,6,Simarjeet Singh,3.011111111111111
1304109,1,5,6,PVD Chameera,5.527272727272728
1304109,1,8,6,JO Holder,-0.3833333333333332
1304109,1,12,6,KH Pandya,3.3833333333333333
1304109,1,15,6,Ravi Bishnoi,0.6777777777777776
1304109,2,5,6,M Prasidh Krishna,-0.55
1304109,2,8,6,OC McCoy,3.3333333333333335
1304109,2,12,6,OC McCoy,3.0166666666666666
1304109,2,15,6,YS Chahal,5.023529411764707
1304110,1,5,6,K Rabada,3.9750000000000005
1304110,1,8,6,RD Chahar,2.6833333333333336
1304110,1,12,6,RD Chahar,1.4222222222222225
1304110,1,15,6,LS Livingstone,-5.069565217391305
1304110,2,5,6,SN Thakur,-0.8333333333333334
1304110,2,8,6,AR Patel,-1.5833333333333333
1304110,2,12,6,AR Patel,-5.091666666666667
1304110,2,15,6,SN Thakur,-1.7000000000000002
1304111,1,5,6,DR Sams,0.11666666666666675
1304111,1,8,6,M Markande,3.6583333333333337
1304111,1,12,6,RP Meredith,5.15
1304111,1,15,6,DR Sams,1.3875000000000002
1304111,2,5,6,Fazalhaq Farooqi,-0.19090909090909092
1304111,2,8,6,Umran Malik,11.033333333333335
1304111,2,12,6,Washington Sundar,1.383333333333333
1304111,2,15,6,T Natarajan,5.322222222222223
1304112,1,5,6,CV Varun,1.5333333333333334
1304112,1,8,6,AD Russell,4.783333333333333
1304112,1,12,6,SP Narine,1.1777777777777778
1304112,1,15,6,CV Varun,3.566666666666667
1304112,2,5,6,K Gowtham,5.8500000000000005
1304112,2,8,6,Ravi Bishnoi,0.8
1304112,2,12,6,Mohsin Khan,-6.022222222222222
1304112,2,15,6,Ravi Bishnoi,0.9083333333333334
1304113,1,5,6,GJ Maxwell,-4.55
1304113,1,8,6,HV Patel,-1.2999999999999998
1304113,1,12,6,PWH de Silva,2.2222222222222223
1304113,1,15,6,S Kaul,3.344444444444444
1304113,2,5,6,Yash Dayal,1.5333333333333334
1304113,2,8,6,R Sai Kishore,1.725
1304113,2,12,6,R Sai Kishore,1.375
1304113,2,15,6,HH Pandya,4.916666666666667
1304114,1,5,6,TA Boult,3.055555555555556
1304114,1,8,6,OC McCoy,-3.6
1304114,1,12,6,OC McCoy,-1.54
1304114,1,15,6,M Prasidh Krishna,2.0777777777777775
1304114,2,5,6,Simarjeet Singh,-1.1333333333333333
1304114,2,8,6,MJ Santner,-1.1083333333333332
1304114,2,12,6,MJ Santner,-1.3055555555555556
1304114,2,15,6,MM Ali,-1.0541666666666665
1304115,1,5,6,JJ Bumrah,-4.108333333333333
1304115,1,8,6,M Markande,-2.2
1304115,1,12,6,M Markande,-0.5333333333333331
1304115,1,15,6,Ramandeep Singh,9.1
1304115,2,5,6,A Nortje,-0.1499999999999999
1304115,2,8,6,AR Patel,0.8
1304115,2,12,6,AR Patel,3.6222222222222222
1304115,2,15,6,A Nortje,0.7555555555555558
1304116,1,5,6,NT Ellis,4.116666666666667
1304116,1,8,6,Harpreet Brar,-1.133333333333333
1304116,1,12,6,NT Ellis,2.681818181818182
1304116,1,15,6,Arshdeep Singh,0.3944444444444443
1304116,2,5,6,J Suchith,6.916666666666667
1304116,2,8,6,Umran Malik,1.25
1304116,2,12,6,Fazalhaq Farooqi,-2.3652173913043484
1312197,1,5,6,AS Joseph,5.0166666666666675
1312197,1,8,6,Rashid Khan,0.55
1312197,1,12,6,HH Pandya,1.5
1312197,1,15,6,Rashid Khan,0.4375
1312197,2,5,6,R Ashwin,9.24
1312197,2,8,6,YS Chahal,1.6416666666666668
1312197,2,12,6,OC McCoy,2.9000000000000004
1312197,2,15,6,TA Boult,1.2750000000000004
1312198,1,5,6,KH Pandya,5.566666666666667
1312198,1,8,6,Avesh Khan,-0.1499999999999999
1312198,1,12,6,KH Pandya,2.1217391304347837
1312198,1,15,6,Ravi Bishnoi,2.0625
1312198,2,5,6,Mohammed Siraj,1.2611111111111115
1312198,2,8,6,PWH de Silva,1.75
1312198,2,12,6,Shahbaz Ahmed,3.4375
1312198,2,15,6,Mohammed Siraj,1.5739130434782607
1312199,1,5,6,M Prasidh Krishna,-2.233333333333333
1312199,1,8,6,YS Chahal,5.200000000000001
1312199,1,12,6,YS Chahal,6.40909090909091
1312199,1,15,6,R Ashwin,0.5291666666666669
1312199,2,5,6,JR Hazlewood,-1.2166666666666666
1312199,2,8,6,Shahbaz Ahmed,8.375
1312199,2,12,6,JR Hazlewood,-1.6944444444444446
1312199,2,15,6,PWH de Silva,-0.6999999999999997
1312200,1,5,6,Rashid Khan,2.4833333333333334
1312200,1,8,6,HH Pandya,-4.55
1312200,1,12,6,HH Pandya,-5.95
1312200,1,15,6,R Sai Kishore,-1.7
1312200,2,5,6,YS Chahal,1.5333333333333334
1312200,2,8,6,M Prasidh Krishna,0.16111111111111076
1312200,2,12,6,TA Boult,-2.9666666666666663
1312200,2,15,6,R Ashwin,6.575
1359475,1,5,6,Rashid Khan,-1.9166666666666667
1359475,1,8,6,AS Joseph,7.6
1359475,1,12,6,J Little,1.072222222222222
1359475,1,15,6,AS Joseph,3.683333333333333
1359475,2,5,6,MJ Santner,3.2166666666666663
1359475,2,8,6,RA Jadeja,1.7000000000000002
1359475,2,12,6,RA Jadeja,-0.30833333333333346
1359475,2,15,6,MJ Santner,3.1416666666666666
1359476,1,5,6,CV Varun,1.5333333333333334
1359476,1,8,6,SN Thakur,6.045454545454546
1359476,1,12,6,UT Yadav,-0.5874999999999999
1359476,1,15,6,SN Thakur,4.805555555555555
1359476,2,5,6,Sikandar Raza,2.98
1359476,2,8,6,R Dhawan,6.75
1359476,2,12,6,RD Chahar,-0.8833333333333332
1359476,2,15,6,Arshdeep Singh,-5.983333333333334
1359477,1,5,6,C Sakariya,-1.133333333333333
1359477,1,8,6,Kuldeep Yadav,6.183333333333334
1359477,1,12,6,Kuldeep Yadav,2.1333333333333333
1359477,1,15,6,Kuldeep Yadav,0.8125
1359477,2,5,6,Avesh Khan,1.2833333333333334
1359477,2,8,6,K Gowtham,2.7090909090909094
1359477,2,12,6,MA Wood,-8.0
1359477,2,15,6,Avesh Khan,-4.361111111111112
1359478,1,5,6,Fazalhaq Farooqi,2.933333333333334
1359478,1,8,6,AU Rashid,2.091666666666667
1359478,1,12,6,Fazalhaq Farooqi,-1.1833333333333331
1359478,1,15,6,AU Rashid,3.2125
1359478,2,5,6,R Ashwin,4.333333333333333
1359478,2,8,6,JO Holder,-0.9916666666666665
1359478,2,12,6,NA Saini,5.075
1359478,2,15,6,R Ashwin,-0.5458333333333333
1359479,1,5,6,Akash Deep,1.3333333333333333
1359479,1,8,6,MG Bracewell,0.7166666666666665
1359479,1,12,6,Akash Deep,0.6583333333333334
1359479,1,15,6,KV Sharma,-2.4521739130434788
1359479,2,5,6,JC Archer,3.3
1359479,2,8,6,PP Chawla,0.9722222222222222
1359479,2,12,6,JP Behrendorff,5.216666666666668
1359479,2,15,6,C Green,4.083333333333333
1359480,1,5,6,MA Wood,6.75
1359480,1,8,6,Yash Thakur,3.0416666666666665
1359480,1,12,6,Yash Thakur,3.716666666666667
1359480,1,15,6,Ravi Bishnoi,-5.517391304347826
1359480,2,5,6,MM Ali,-0.5166666666666668
1359480,2,8,6,MJ Santner,-0.6583333333333331
1359480,2,12,6,MJ Santner,-1.1791666666666665
1359480,2,15,6,TU Deshpande,2.233333333333334
1359481,1,5,6,HH Pandya,1.5333333333333334
1359481,1,8,6,AS Joseph,-3.2666666666666666
1359481,1,12,6,Rashid Khan,-0.016666666666666774
1359481,1,15,6,J Little,1.4222222222222225
1359481,2,5,6,KK Ahmed,0.691666666666667
1359481,2,8,6,Mukesh Kumar,2.411111111111111
1359481,2,12,6,A Nortje,-2.416666666666666
1359481,2,15,6,Mukesh Kumar,3.939130434782608
1359482,1,5,6,JO Holder,2.4833333333333334
1359482,1,8,6,TA Boult,3.011111111111111
1359482,1,12,6,KM Asif,5.523529411764707
1359482,1,15,6,YS Chahal,3.5434782608695645
1359482,2,5,6,NT Ellis,0.7166666666666665
1359482,2,8,6,Sikandar Raza,5.325
1359482,2,12,6,Sikandar Raza,5.233333333333333
1359482,2,15,6,RD Chahar,3.029166666666667
1359483,1,5,6,DJ Willey,-5.53888888888889
1359483,1,8,6,MG Bracewell,1.133333333333333
1359483,1,12,6,Akash Deep,5.345454545454546
1359483,1,15,6,DJ Willey,-5.021739130434782
1359483,2,5,6,CV Varun,-1.9166666666666667
1359483,2,8,6,SP Narine,-5.15
1359483,2,12,6,Suyash Sharma,-3.7545454545454544
1359483,2,15,6,SP Narine,-4.616666666666667
1359484,1,5,6,Yash Thakur,3.2166666666666663
1359484,1,8,6,Ravi Bishnoi,-1.0
1359484,1,12,6,A Mishra,-0.1499999999999999
1359484,1,15,6,KH Pandya,-7.1
1359484,2,5,6,B Kumar,0.35833333333333367
1359484,2,8,6,AU Rashid,3.858333333333334
1359484,2,12,6,Umran Malik,1.8090909090909095
1359484,2,15,6,T Natarajan,2.5055555555555555
1359485,1,5,6,A Nortje,2.7416666666666667
1359485,1,8,6,Mukesh Kumar,-1.8083333333333333
1359485,1,12,6,AR Patel,4.025
1359485,1,15,6,Mukesh Kumar,-0.18333333333333351
1359485,2,5,6,R Ashwin,-0.9818181818181815
1359485,2,8,6,TA Boult,-2.7555555555555555
1359485,2,12,6,TA Boult,-5.195833333333333
1359485,2,15,6,R Ashwin,-3.2708333333333335
1359486,1,5,6,SSB Magala,6.883333333333333
1359486,1,8,6,RA Jadeja,-4.2
1359486,1,12,6,RA Jadeja,-6.291666666666667
1359486,1,15,6,SSB Magala,2.355555555555555
1359486,2,5,6,PP Chawla,6.5166666666666675
1359486,2,8,6,C Green,2.5416666666666665
1359486,2,12,6,K Kartikeya,1.75
1359486,2,15,6,PP Chawla,0.6291666666666667
1359487,1,5,6,CV Varun,8.3
1359487,1,8,6,CV Varun,6.325
1359487,1,12,6,UT Yadav,2.877777777777778
1359487,1,15,6,Suyash Sharma,0.9375
1359487,2,5,6,AS Joseph,0.5833333333333333
1359487,2,8,6,Rashid Khan,4.833333333333333
1359487,2,12,6,Rashid Khan,5.472222222222222
1359487,2,15,6,AS Joseph,-3.3791666666666664
1359488,1,5,6,M Jansen,-4.6000000000000005
1359488,1,8,6,M Markande,-0.9666666666666666
1359488,1,12,6,M Markande,-7.722222222222223
1359488,1,15,6,T Natarajan,4.355555555555555
1359488,2,5,6,SM Curran,0.2166666666666667
1359488,2,8,6,RD Chahar,0.3250000000000002
1359488,2,12,6,Mohit Rathee,2.4333333333333336
1359488,2,15,6,SM Curran,0.877777777777778
1359489,1,5,6,MA Wood,6.966666666666667
1359489,1,8,6,Ravi Bishnoi,2.2
1359489,1,12,6,MA Wood,1.9833333333333332
1359489,1,15,6,MA Wood,2.5941176470588236
1359489,2,5,6,WD Parnell,-2.7666666666666666
1359489,2,8,6,KV Sharma,7.7
1359489,2,12,6,KV Sharma,4.7555555555555555
1359489,2,15,6,DJ Willey,2.4434782608695653
1359490,1,5,6,HR Shokeen,-0.6000000000000001
1359490,1,8,6,PP Chawla,-0.8583333333333333
1359490,1,12,6,PP Chawla,-5.983333333333333
1359490,1,15,6,C Green,4.488235294117646
1359490,2,5,6,Lalit Yadav,2.6833333333333336
1359490,2,8,6,A Nortje,5.066666666666667
1359490,2,12,6,AR Patel,0.9166666666666666
1359490,2,15,6,Mukesh Kumar,1.25
1359491,1,5,6,TU Deshpande,0.6833333333333333
1359491,1,8,6,RA Jadeja,-3.5749999999999997
1359491,1,12,6,RA Jadeja,-4.086956521739131
1359491,1,15,6,M Theekshana,4.7250000000000005
1359491,2,5,6,R Ashwin,3.8333333333333335
1359491,2,8,6,A Zampa,5.127272727272727
1359491,2,12,6,YS Chahal,1.616666666666667
1359491,2,15,6,R Ashwin,-3.2708333333333335
1359492,1,5,6,J Little,-0.8941176470588235
1359492,1,8,6,Rashid Khan,-0.125
1359492,1,12,6,MM Sharma,-1.8083333333333333
1359492,1,15,6,Rashid Khan,-0.8666666666666665
1359492,2,5,6,SM Curran,0.30000000000000004
1359492,2,8,6,RD Chahar,3.4333333333333336
1359492,2,12,6,Harpreet Brar,1.0444444444444445
1359492,2,15,6,RD Chahar,3.266666666666667
1359493,1,5,6,CV Varun,4.12
1359493,1,8,6,SP Narine,0.3545454545454547
1359493,1,12,6,CV Varun,1.2166666666666666
1359493,1,15,6,Suyash Sharma,4.533333333333333
1359493,2,5,6,Umran Malik,14.6
1359493,2,8,6,M Markande,-0.2666666666666668
1359493,2,12,6,M Markande,-2.9625
1359493,2,15,6,M Jansen,-3.3727272727272726
1359494,1,5,6,Lalit Yadav,0.8
1359494,1,8,6,Kuldeep Yadav,3.4333333333333336
1359494,1,12,6,MR Marsh,-1.7000000000000002
1359494,1,15,6,Lalit Yadav,0.04782608695652135
1359494,2,5,6,Vijaykumar Vyshak,-0.016666666666666774
1359494,2,8,6,HV Patel,-3.6
1359494,2,12,6,Vijaykumar Vyshak,-3.394444444444444
1359494,2,15,6,Vijaykumar Vyshak,-6.458333333333333
1359495,1,5,6,Harpreet Brar,2.4833333333333334
1359495,1,8,6,Sikandar Raza,1.383333333333333
1359495,1,12,6,Arshdeep Singh,2.2333333333333334
1359495,1,15,6,RD Chahar,3.7
1359495,2,5,6,K Gowtham,-0.0666666666666666
1359495,2,8,6,KH Pandya,2.9333333333333336
1359495,2,12,6,KH Pandya,1.8555555555555554
1359495,2,15,6,MA Wood,-1.2529411764705878
1359496,1,5,6,PP Chawla,-3.6
1359496,1,8,6,HR Shokeen,1.8666666666666667
1359496,1,12,6,HR Shokeen,-1.205555555555556
1359496,1,15,6,PP Chawla,-1.5291666666666666
1359496,2,5,6,CV Varun,2.4833333333333334
1359496,2,8,6,Suyash Sharma,0.8444444444444443
1359496,2,12,6,AD Russell,8.15
1359496,2,15,6,SP Narine,6.1499999999999995
1359497,1,5,6,R Ashwin,4.166666666666667
1359497,1,8,6,YS Chahal,1.7000000000000002
1359497,1,12,6,A Zampa,-0.44444444444444453
1359497,1,15,6,Sandeep Sharma,-1.622222222222222
1359497,2,5,6,HH Pandya,-1.9333333333333333
1359497,2,8,6,Rashid Khan,-1.7
1359497,2,12,6,Rashid Khan,-0.4388888888888888
1359497,2,15,6,AS Joseph,7.4944444444444445
1359498,1,5,6,WD Parnell,4.822222222222223
1359498,1,8,6,HV Patel,4.6000000000000005
1359498,1,12,6,HV Patel,4.425
1359498,1,15,6,HV Patel,1.2777777777777777
1359498,2,5,6,M Theekshana,5.966666666666667
1359498,2,8,6,RA Jadeja,4.216666666666667
1359498,2,12,6,M Theekshana,1.5166666666666664
1359498,2,15,6,M Theekshana,2.021739130434783
1359499,1,5,6,B Kumar,3.1583333333333337
1359499,1,8,6,Washington Sundar,2.8611111111111116
1359499,1,12,6,Washington Sundar,2.8791666666666664
1359499,1,15,6,M Markande,3.1347826086956516
1359499,2,5,6,JP Behrendorff,-3.0777777777777775
1359499,2,8,6,C Green,1.62
1359499,2,12,6,C Green,0.9083333333333334
1359499,2,15,6,C Green,1.161111111111111
1359500,1,5,6,R Ashwin,1.5333333333333334
1359500,1,8,6,YS Chahal,5.15
1359500,1,12,6,YS Chahal,5.288888888888889
1359500,1,15,6,JO Holder,-0.12777777777777788
1359500,2,5,6,Avesh Khan,2.375
1359500,2,8,6,A Mishra,3.4333333333333336
1359500,2,12,6,Ravi Bishnoi,-0.3722222222222222
1359500,2,15,6,Avesh Khan,-0.9666666666666666
1359501,1,5,6,SM Curran,2.9333333333333336
1359501,1,8,6,RD Chahar,1.866666666666667
1359501,1,12,6,RD Chahar,1.991666666666667
1359501,1,15,6,SM Curran,2.0941176470588236
1359501,2,5,6,Vijaykumar Vyshak,-2.6799999999999997
1359501,2,8,6,PWH de Silva,1.7250000000000005
1359501,2,12,6,PWH de Silva,-1.3555555555555554
1359501,2,15,6,Vijaykumar Vyshak,-1.205555555555556
1359502,1,5,6,I Sharma,-1.844444444444444
1359502,1,8,6,AR Patel,-2.0583333333333336
1359502,1,12,6,A Nortje,-0.9666666666666666
1359502,1,15,6,A Nortje,-4.147058823529412
1359502,2,5,6,SP Narine,4.545454545454546
1359502,2,8,6,AS Roy,-4.075
1359502,2,12,6,SP Narine,3.1944444444444446
1359502,2,15,6,AS Roy,-1.486363636363636
1359503,1,5,6,M Theekshana,3.8833333333333333
1359503,1,8,6,MM Ali,3.8833333333333333
1359503,1,12,6,M Theekshana,0.31666666666666654
1359503,1,15,6,M Pathirana,1.1666666666666667
1359503,2,5,6,M Jansen,5.494444444444445
1359503,2,8,6,Umran Malik,2.65
1359503,2,12,6,Washington Sundar,1.5
1359503,2,15,6,Mayank Dagar,2.5388888888888888
1359504,1,5,6,Ravi Bishnoi,4.616666666666667
1359504,1,8,6,Ravi Bishnoi,5.791666666666667
1359504,1,12,6,Avesh Khan,2.9333333333333336
1359504,1,15,6,Ravi Bishnoi,4.277777777777778
1359504,2,5,6,MM Sharma,2.4833333333333334
1359504,2,8,6,Rashid Khan,0.6777777777777776
1359504,2,12,6,R Tewatia,2.9200000000000004
1359504,2,15,6,J Yadav,2.091666666666667
1359505,1,5,6,PP Chawla,5.066666666666667
1359505,1,8,6,JC Archer,3.936363636363637
1359505,1,12,6,HR Shokeen,2.091666666666667
1359505,1,15,6,Arjun Tendulkar,3.6941176470588237
1359505,2,5,6,NT Ellis,3.4333333333333336
1359505,2,8,6,RD Chahar,3.8833333333333333
1359505,2,12,6,NT Ellis,3.4083333333333337
1359505,2,15,6,NT Ellis,1.4611111111111106
1359506,1,5,6,R Ashwin,5.066666666666667
1359506,1,8,6,YS Chahal,3.290909090909091
1359506,1,12,6,R Ashwin,3.7588235294117647
1359506,1,15,6,JO Holder,3.7333333333333334
1359506,2,5,6,GJ Maxwell,4.116666666666667
1359506,2,8,6,PWH de Silva,4.833333333333333
1359506,2,12,6,PWH de Silva,2.611111111111111
1359506,2,15,6,HV Patel,-2.9823529411764707
1359507,1,5,6,K Khejroliya,6.466666666666667
1359507,1,8,6,SP Narine,4.925
1359507,1,12,6,CV Varun,1.2777777777777777
1359507,1,15,6,Suyash Sharma,0.012500000000000178
1359507,2,5,6,M Theekshana,0.96
1359507,2,8,6,RA Jadeja,-1.9166666666666667
1359507,2,12,6,RA Jadeja,2.322222222222223
1359507,2,15,6,TU Deshpande,-0.1625000000000001
1359508,1,5,6,M Jansen,5.908333333333333
1359508,1,8,6,M Markande,2.5545454545454547
1359508,1,12,6,AK Markram,3.15
1359508,1,15,6,Washington Sundar,-5.35
1359508,2,5,6,A Nortje,-1.9166666666666667
1359508,2,8,6,MR Marsh,2.64
1359508,2,12,6,I Sharma,-0.9111111111111109
1359508,2,15,6,Kuldeep Yadav,-0.6916666666666665
1359509,1,5,6,C Green,8.65
1359509,1,8,6,PP Chawla,-0.4083333333333331
1359509,1,12,6,PP Chawla,-3.505555555555555
1359509,1,15,6,JP Behrendorff,2.6882352941176473
1359509,2,5,6,Rashid Khan,-0.1499999999999999
1359509,2,8,6,Noor Ahmad,4.308333333333334
1359509,2,12,6,Noor Ahmad,-4.1708333333333325
1359509,2,15,6,MM Sharma,6.1000000000000005
1359510,1,5,6,Shahbaz Ahmed,12.083333333333334
1359510,1,8,6,HV Patel,2.4833333333333334
1359510,1,12,6,Vijaykumar Vyshak,-2.6705882352941175
1359510,1,15,6,HV Patel,4.111111111111111
1359510,2,5,6,CV Varun,-0.2666666666666668
1359510,2,8,6,N Rana,3.4333333333333336
1359510,2,12,6,AD Russell,-1.133333333333333
1359510,2,15,6,SP Narine,4.6125
1359511,1,5,6,M Theekshana,1.5333333333333334
1359511,1,8,6,RA Jadeja,0.5454545454545454
1359511,1,12,6,RA Jadeja,0.6000000000000001
1359511,1,15,6,M Pathirana,2.2916666666666665
1359511,2,5,6,A Zampa,-0.016666666666666774
1359511,2,8,6,R Ashwin,4.191666666666667
1359511,2,12,6,YS Chahal,4.4750000000000005
1359511,2,15,6,Sandeep Sharma,0.2444444444444444
1359512,1,5,6,K Rabada,2.1399999999999997
1359512,1,8,6,RD Chahar,1.866666666666667
1359512,1,12,6,RD Chahar,2.5125
1359512,1,15,6,K Rabada,-0.8499999999999996
1359512,2,5,6,Naveen-ul-Haq,-0.6583333333333331
1359512,2,8,6,A Mishra,5.425
1359512,2,12,6,Ravi Bishnoi,1.1444444444444446
1359512,2,15,6,Ravi Bishnoi,-1.3956521739130436
1359513,1,5,6,Rashid Khan,6.966666666666667
1359513,1,8,6,J Little,0.9166666666666666
1359513,1,12,6,HH Pandya,4.2666666666666675
1359513,1,15,6,Noor Ahmad,-1.3222222222222222
1359513,2,5,6,CV Varun,2.0083333333333337
1359513,2,8,6,Suyash Sharma,2.9583333333333335
1359513,2,12,6,Suyash Sharma,2.0722222222222224
1359513,2,15,6,AD Russell,1.3588235294117648
1359514,1,5,6,I Sharma,1.427777777777778
1359514,1,8,6,Kuldeep Yadav,2.9333333333333336
1359514,1,12,6,Kuldeep Yadav,3.716666666666667
1359514,1,15,6,AR Patel,-1.3681818181818182
1359514,2,5,6,AJ Hosein,4.222222222222222
1359514,2,8,6,Abhishek Sharma,5.066666666666667
1359514,2,12,6,Abhishek Sharma,0.6583333333333334
1359514,2,15,6,M Markande,-3.5416666666666665
1359515,1,5,6,SM Curran,4.145454545454545
1359515,1,8,6,RD Chahar,2.988888888888889
1359515,1,12,6,K Rabada,2.611764705882353
1359515,1,15,6,SM Curran,4.311764705882353
1359515,2,5,6,M Theekshana,4.5
1359515,2,8,6,RA Jadeja,-0.6333333333333332
1359515,2,12,6,M Theekshana,4.05
1359515,2,15,6,TU Deshpande,-0.3777777777777773
1359516,1,5,6,PP Chawla,1.4833333333333332
1359516,1,8,6,K Kartikeya,1.9833333333333332
1359516,1,12,6,PP Chawla,-2.1333333333333333
1359516,1,15,6,RP Meredith,5.344444444444445
1359516,2,5,6,Sandeep Sharma,-0.11111111111111116
1359516,2,8,6,R Ashwin,0.48888888888888893
1359516,2,12,6,KR Sen,11.8
1359516,2,15,6,TA Boult,1.7941176470588234
1359517,1,5,6,Ravi Bishnoi,1.25
1359517,1,8,6,Ravi Bishnoi,-0.7749999999999999
1359517,1,12,6,Ravi Bishnoi,-3.5124999999999997
1359517,1,15,6,Naveen-ul-Haq,3.7750000000000004
1359517,2,5,6,PWH de Silva,-1.0166666666666668
1359517,2,8,6,KV Sharma,0.9083333333333334
1359517,2,12,6,KV Sharma,-4.083333333333333
1359517,2,15,6,PWH de Silva,-1.8333333333333333
1359518,1,5,6,J Little,1.1416666666666668
1359518,1,8,6,Noor Ahmad,-0.17999999999999972
1359518,1,12,6,Noor Ahmad,1.027777777777778
1359518,1,15,6,MM Sharma,1.133333333333333
1359518,2,5,6,A Nortje,-2.7833333333333337
1359518,2,8,6,Kuldeep Yadav,-2.65
1359518,2,12,6,AR Patel,1.011111111111111
1359518,2,15,6,A Nortje,-1.4882352941176467
1359519,1,5,6,M Theekshana,-3.4666666666666663
1359519,1,8,6,RA Jadeja,-2.425
1359519,1,12,6,M Theekshana,-3.6083333333333334
1359519,1,15,6,M Pathirana,1.3909090909090909
1359520,1,5,6,PP Chawla,4.166666666666667
1359520,1,8,6,K Kartikeya,2.6454545454545455
1359520,1,12,6,JC Archer,5.97
1359520,1,15,6,JC Archer,4.127777777777777
1359520,2,5,6,NT Ellis,-1.25
1359520,2,8,6,RD Chahar,2.9333333333333336
1359520,2,12,6,SM Curran,7.881818181818182
1359520,2,15,6,NT Ellis,-1.4249999999999998
1359521,1,5,6,M Jansen,-2.233333333333333
1359521,1,8,6,AK Markram,3.4333333333333336
1359521,1,12,6,M Markande,2.9333333333333336
1359521,1,15,6,B Kumar,-0.7941176470588239
1359521,2,5,6,AD Russell,5.0
1359521,2,8,6,AS Roy,-1.1083333333333332
1359521,2,12,6,Harshit Rana,-1.5565217391304347
1359521,2,15,6,CV Varun,3.1833333333333336
1359522,1,5,6,Rashid Khan,-2.65
1359522,1,8,6,J Little,0.4583333333333333
1359522,1,12,6,J Little,-0.5083333333333332
1359522,1,15,6,Noor Ahmad,-1.7000000000000002
1359522,2,5,6,Sandeep Sharma,1.9588235294117649
1359522,2,8,6,A Zampa,3.1833333333333336
1359522,2,12,6,R Ashwin,3.4333333333333336
1359523,1,5,6,TU Deshpande,-1.3222222222222222
1359523,1,8,6,RA Jadeja,2.5666666666666664
1359523,1,12,6,M Pathirana,1.25
1359523,1,15,6,M Theekshana,2.1083333333333334
1359523,2,5,6,JC Archer,2.1176470588235294
1359523,2,8,6,PP Chawla,-2.6277777777777778
1359523,2,12,6,T Stubbs,0.8833333333333331
1359523,2,15,6,T Stubbs,0.06666666666666657
1359524,1,5,6,KK Ahmed,4.7
1359524,1,8,6,AR Patel,1.6055555555555556
1359524,1,12,6,I Sharma,2.4583333333333335
1359524,1,15,6,Mukesh Kumar,6.072727272727273
1359524,2,5,6,JR Hazlewood,1.6166666666666667
1359524,2,8,6,KV Sharma,4.25
1359524,2,12,6,HV Patel,4.00909090909091
1359524,2,15,6,KV Sharma,2.3388888888888895
1359525,1,5,6,Yash Thakur,6.916666666666667
1359525,1,8,6,Ravi Bishnoi,4.727272727272727
1359525,1,12,6,Avesh Khan,-0.5166666666666668
1359525,1,15,6,Mohsin Khan,3.911111111111111
1359525,2,5,6,Noor Ahmad,2.2666666666666666
1359525,2,8,6,MM Sharma,-1.7
1359525,2,12,6,Mohammed Shami,0.5111111111111111
1359525,2,15,6,Rashid Khan,0.8250000000000002
1359526,1,5,6,T Natarajan,2.4583333333333335
1359526,1,8,6,M Markande,7.166666666666667
1359526,1,12,6,Vivrant Sharma,3.9636363636363634
1359526,1,15,6,M Markande,5.445833333333333
1359526,2,5,6,YS Chahal,-0.5166666666666668
1359526,2,8,6,K Yadav,2.7666666666666666
1359526,2,12,6,R Ashwin,1.1
1359526,2,15,6,YS Chahal,-1.8222222222222222
1359527,1,5,6,CV Varun,-0.016666666666666774
1359527,1,8,6,Suyash Sharma,1.1416666666666668
1359527,1,12,6,CV Varun,-3.3
1359527,1,15,6,SP Narine,2.3875
1359527,2,5,6,SM Curran,5.8500000000000005
1359527,2,8,6,NT Ellis,-1.7
1359527,2,12,6,SM Curran,4.545454545454546
1359527,2,15,6,RD Chahar,-3.3739130434782614
1359528,1,5,6,PP Chawla,4.166666666666667
1359528,1,8,6,K Kartikeya,1.75
1359528,1,12,6,JP Behrendorff,-4.075
1359528,1,15,6,K Kartikeya,-0.055555555555555525
1359528,2,5,6,Vijaykumar Vyshak,2.9200000000000004
1359528,2,8,6,PWH de Silva,-1.5545454545454542
1359528,2,12,6,HV Patel,5.476470588235294
1359528,2,15,6,Vijaykumar Vyshak,0.07058823529411773
1359529,1,5,6,I Sharma,4.841666666666667
1359529,1,8,6,AR Patel,-3.7111111111111112
1359529,1,12,6,MR Marsh,2.2
1359529,1,15,6,Kuldeep Yadav,-0.6470588235294118
1359529,2,5,6,M Theekshana,1.75
1359529,2,8,6,RA Jadeja,0.44166666666666654
1359529,2,12,6,M Pathirana,-0.0666666666666666
1359529,2,15,6,M Pathirana,-0.5166666666666668
1359530,1,5,6,R Ashwin,-1.1
1359530,1,8,6,JE Root,2.8166666666666664
1359530,1,12,6,YS Chahal,0.7999999999999998
1359530,1,15,6,KM Asif,1.1055555555555554
1359530,2,5,6,CV Varun,1.625
1359530,2,8,6,SP Narine,1.841666666666667
1359530,2,12,6,Suyash Sharma,2.4666666666666663
1359531,1,5,6,Noor Ahmad,4.166666666666667
1359531,1,8,6,Rashid Khan,-5.816666666666667
1359531,1,12,6,Mohammed Shami,4.883333333333335
1359531,1,15,6,MM Sharma,-0.1055555555555554
1359531,2,5,6,CJ Jordan,2.4833333333333334
1359531,2,8,6,PP Chawla,3.2916666666666665
1359531,2,12,6,PP Chawla,-1.4083333333333334
1359531,2,15,6,Akash Madhwal,-4.970833333333332
1359532,1,5,6,Yash Thakur,-4.55
1359532,1,8,6,A Mishra,1.2750000000000004
1359532,1,12,6,KH Pandya,-2.9916666666666663
1359532,1,15,6,A Mishra,1.4695652173913052
1359532,2,5,6,Fazalhaq Farooqi,1.2833333333333334
1359532,2,8,6,M Markande,3.2916666666666665
1359532,2,12,6,Fazalhaq Farooqi,2.25
1359532,2,15,6,Abhishek Sharma,2.747058823529412
1359533,1,5,6,AR Patel,-0.3416666666666665
1359533,1,8,6,P Dubey,1.7909090909090912
1359533,1,12,6,AR Patel,-0.7958333333333333
1359533,1,15,6,I Sharma,-1.7277777777777776
1359533,2,5,6,Arshdeep Singh,5.066666666666667
1359533,2,8,6,Harpreet Brar,-1.3588235294117648
1359533,2,12,6,Sikandar Raza,-0.1499999999999999
1359533,2,15,6,NT Ellis,0.6833333333333333
1359534,1,5,6,R Ashwin,0.96
1359534,1,8,6,YS Chahal,2.1545454545454548
1359534,1,12,6,Sandeep Sharma,3.9
1359534,1,15,6,A Zampa,-3.1875
1359534,2,5,6,WD Parnell,-7.888888888888889
1359534,2,8,6,MG Bracewell,-4.044444444444444
1359535,1,5,6,VG Arora,2.5388888888888888
1359535,1,8,6,SP Narine,1.275
1359535,1,12,6,SP Narine,-4.5625
1359535,1,15,6,SN Thakur,-1.3333333333333333
1359535,2,5,6,TU Deshpande,1.4055555555555554
1359535,2,8,6,MM Ali,1.5333333333333334
1359535,2,12,6,MM Ali,2.904166666666667
1359535,2,15,6,M Pathirana,1.090909090909091
1359536,1,5,6,T Natarajan,4.166666666666667
1359536,1,8,6,Fazalhaq Farooqi,5.566666666666667
1359536,1,12,6,T Natarajan,3.8833333333333333
1359536,1,15,6,B Kumar,-1.205555555555556
1359536,2,5,6,Rashid Khan,3.8333333333333335
1359536,2,8,6,MM Sharma,-6.833333333333333
1359536,2,12,6,Noor Ahmad,6.241666666666667
1359536,2,15,6,Noor Ahmad,5.61764705882353
1359537,1,5,6,HR Shokeen,0.19166666666666657
1359537,1,8,6,PP Chawla,0.5166666666666667
1359537,1,12,6,JP Behrendorff,-4.011764705882353
1359537,1,15,6,C Green,0.1833333333333334
1359537,2,5,6,Yash Thakur,4.7
1359537,2,8,6,KH Pandya,2.7083333333333335
1359537,2,12,6,KH Pandya,2.1208333333333336
1359537,2,15,6,Naveen-ul-Haq,2.6888888888888887
1359538,1,5,6,NT Ellis,4.166666666666667
1359538,1,8,6,RD Chahar,3.325
1359538,1,12,6,K Rabada,4.733333333333334
1359538,1,15,6,Harpreet Brar,2.2
1359538,2,5,6,Mukesh Kumar,4.116666666666667
1359538,2,8,6,AR Patel,-0.3833333333333332
1359538,2,12,6,A Nortje,5.15
1359538,2,15,6,A Nortje,1.427777777777778
1359539,1,5,6,Shahbaz Ahmed,8.2
1359539,1,8,6,KV Sharma,5.283333333333333
1359539,1,12,6,Shahbaz Ahmed,1.2750000000000004
1359539,1,15,6,HV Patel,3.022222222222222
1359539,2,5,6,T Natarajan,1.866666666666667
1359539,2,8,6,Nithish Kumar Reddy,4.481818181818182
1359539,2,12,6,Mayank Dagar,2.3722222222222222
1359539,2,15,6,Mayank Dagar,1.9791666666666667
1359540,1,5,6,A Zampa,-2.65
1359540,1,8,6,YS Chahal,-0.1499999999999999
1359540,1,12,6,Sandeep Sharma,5.7625
1359540,1,15,6,Sandeep Sharma,4.925
1359540,2,5,6,K Rabada,0.5111111111111111
1359540,2,8,6,RD Chahar,2.341666666666667
1359540,2,12,6,NT Ellis,3.3277777777777775
1359540,2,15,6,Arshdeep Singh,1.41304347826087
1359541,1,5,6,C Sakariya,-1.1
1359541,1,8,6,Kuldeep Yadav,3.0666666666666664
1359541,1,12,6,A Nortje,3.7750000000000004
1359541,1,15,6,Lalit Yadav,7.79
1359541,2,5,6,M Theekshana,2.4333333333333336
1359541,2,8,6,RA Jadeja,5.672727272727274
1359541,2,12,6,RA Jadeja,3.2083333333333335
1359541,2,15,6,TU Deshpande,-0.8764705882352941
1359542,1,5,6,CV Varun,4.616666666666667
1359542,1,8,6,SN Thakur,6.34
1359542,1,12,6,CV Varun,2.25
1359542,1,15,6,CV Varun,1.0250000000000004
1359542,2,5,6,K Gowtham,-1.3583333333333332
1359542,2,8,6,Ravi Bishnoi,-4.55
1359542,2,12,6,Ravi Bishnoi,-0.9888888888888889
1359542,2,15,6,Ravi Bishnoi,-3.4958333333333336
1359543,1,5,6,PP Chawla,4.166666666666667
1359543,1,8,6,K Kartikeya,3.2666666666666666
1359543,1,12,6,JP Behrendorff,5.029411764705883
1359543,1,15,6,PP Chawla,4.304166666666667
1359543,2,5,6,Kartik Tyagi,7.760000000000001
1359543,2,8,6,Vivrant Sharma,7.85
1359543,2,12,6,Nithish Kumar Reddy,4.638888888888888
1359543,2,15,6,Umran Malik,6.538888888888888
1359544,1,5,6,Noor Ahmad,3.8833333333333333
1359544,1,8,6,Rashid Khan,-0.35555555555555535
1359544,1,12,6,MM Sharma,6.183333333333334
1359544,1,15,6,MM Sharma,6.5058823529411764
1359544,2,5,6,WD Parnell,4.711111111111111
1359544,2,8,6,H Sharma,2.9333333333333336
1359544,2,12,6,MG Bracewell,6.866666666666667
1359544,2,15,6,HV Patel,-0.8176470588235292
1370350,1,5,6,Noor Ahmad,3.2166666666666663
1370350,1,8,6,MM Sharma,6.066666666666667
1370350,1,12,6,DG Nalkande,2.9
1370350,1,15,6,Mohammed Shami,-1.7888888888888888
1370350,2,5,6,M Theekshana,-3.6
1370350,2,8,6,RA Jadeja,1.5333333333333334
1370350,2,12,6,RA Jadeja,-4.308333333333333
1370350,2,15,6,M Pathirana,4.508333333333333
1370351,1,5,6,KH Pandya,4.616666666666667
1370351,1,8,6,Mohsin Khan,4.45
1370351,1,12,6,KH Pandya,3.9000000000000004
1370351,1,15,6,Naveen-ul-Haq,-4.805555555555555
1370351,2,5,6,HR Shokeen,10.92
1370351,2,8,6,PP Chawla,-0.7416666666666665
1370351,2,12,6,PP Chawla,-2.725
1370351,2,15,6,CJ Jordan,-3.0083333333333333
1370352,1,5,6,CJ Jordan,6.08
1370352,1,8,6,PP Chawla,3.4583333333333335
1370352,1,12,6,PP Chawla,4.805555555555555
1370352,1,15,6,CJ Jordan,4.26875
1370352,2,5,6,Rashid Khan,-0.016666666666666774
1370352,2,8,6,Noor Ahmad,3.0166666666666666
1370352,2,12,6,Noor Ahmad,3.1875
1370352,2,15,6,Rashid Khan,-1.852173913043478
1370353,1,5,6,M Theekshana,5.8500000000000005
1370353,1,8,6,RA Jadeja,-0.15833333333333308
1370353,1,12,6,RA Jadeja,1.7333333333333336
1370353,1,15,6,M Pathirana,5.091666666666667
1370353,2,5,6,J Little,6.633333333333333
1370353,2,8,6,Noor Ahmad,-3.1823529411764704
1370353,2,12,6,MM Sharma,-2.575
1422119,1,5,6,DL Chahar,0.13888888888888928
1422119,1,8,6,RA Jadeja,2.8166666666666664
1422119,1,12,6,TU Deshpande,2.0083333333333337
1422119,1,15,6,M Theekshana,3.8
1422119,2,5,6,Yash Dayal,0.8111111111111113
1422119,2,8,6,KV Sharma,2.4000000000000004
1422119,2,12,6,C Green,-2.745454545454545
1422119,2,15,6,C Green,-1.5176470588235298
1422120,1,5,6,Harpreet Brar,-0.1499999999999999
1422120,1,8,6,Harpreet Brar,0.8
1422120,1,12,6,HV Patel,-3.0166666666666666
1422120,1,15,6,RD Chahar,0.7958333333333332
1422120,2,5,6,MR Marsh,3.1833333333333336
1422120,2,8,6,AR Patel,2.8166666666666664
1422120,2,12,6,AR Patel,2.2944444444444447
1422120,2,15,6,AR Patel,2.2708333333333335
1422121,1,5,6,T Natarajan,-4.245454545454546
1422121,1,8,6,PJ Cummins,4.0
1422121,1,12,6,PJ Cummins,1.1444444444444446
1422121,1,15,6,M Markande,-1.445833333333333
1422121,2,5,6,Harshit Rana,0.19444444444444486
1422121,2,8,6,SP Narine,1.25
1422121,2,12,6,SP Narine,-1.3624999999999998
1422121,2,15,6,MA Starc,3.2166666666666663
1422122,1,5,6,KH Pandya,1.75
1422122,1,8,6,Yash Thakur,9.950000000000001
1422122,1,12,6,Ravi Bishnoi,4.35
1422122,1,15,6,A Badoni,2.2
1422122,2,5,6,R Ashwin,7.360000000000001
1422122,2,8,6,Avesh Khan,3.0416666666666665
1422122,2,12,6,TA Boult,-2.0625
1422122,2,15,6,YS Chahal,0.47222222222222265
1422123,1,5,6,PP Chawla,0.30000000000000004
1422123,1,8,6,SZ Mulani,2.8222222222222224
1422123,1,12,6,JJ Bumrah,-3.2333333333333334
1422123,1,15,6,G Coetzee,-0.2777777777777778
1422123,2,5,6,Rashid Khan,1.5333333333333334
1422123,2,8,6,R Sai Kishore,1.1666666666666667
1422123,2,12,6,R Sai Kishore,-0.7583333333333332
1422123,2,15,6,MM Sharma,0.5055555555555558
1422124,1,5,6,Yash Dayal,-0.22222222222222238
1422124,1,8,6,GJ Maxwell,1.6166666666666667
1422124,1,12,6,GJ Maxwell,-1.205555555555556
1422124,1,15,6,Mohammed Siraj,-0.25555555555555576
1422124,2,5,6,SM Curran,3.691666666666667
1422124,2,8,6,RD Chahar,7.366666666666667
1422124,2,12,6,Harpreet Brar,-5.15
1422124,2,15,6,HV Patel,5.023529411764707
1422125,1,5,6,Rashid Khan,2.6166666666666667
1422125,1,8,6,R Sai Kishore,2.091666666666667
1422125,1,12,6,SH Johnson,-0.5166666666666668
1422125,1,15,6,MM Sharma,3.7416666666666667
1422125,2,5,6,TU Deshpande,1.616666666666667
1422125,2,8,6,M Pathirana,2.9200000000000004
1422125,2,12,6,RA Jadeja,3.0416666666666665
1422125,2,15,6,TU Deshpande,-3.9708333333333328
1422126,1,5,6,G Coetzee,13.479999999999999
1422126,1,8,6,HH Pandya,2.75
1422126,1,12,6,JJ Bumrah,1.881818181818182
1422126,1,15,6,G Coetzee,5.000000000000001
1422126,2,5,6,Shahbaz Ahmed,0.4083333333333335
1422126,2,8,6,PJ Cummins,3.1181818181818186
1422126,2,12,6,B Kumar,4.338888888888889
1422126,2,15,6,JD Unadkat,2.288235294117648
1422127,1,5,6,KK Ahmed,-3.011764705882353
1422127,1,8,6,AR Patel,2.1166666666666667
1422127,1,12,6,Kuldeep Yadav,1.1588235294117644
1422127,1,15,6,Mukesh Kumar,2.2111111111111117
1422127,2,5,6,N Burger,-1.4833333333333338
1422127,2,8,6,R Ashwin,1.6416666666666668
1422127,2,12,6,Sandeep Sharma,1.9090909090909092
1422127,2,15,6,YS Chahal,-3.2055555555555553
1422128,1,5,6,SP Narine,6.75
1422128,1,8,6,AD Russell,-0.0666666666666666
1422128,1,12,6,SP Narine,4.111111111111111
1422128,1,15,6,MA Starc,3.7
1422128,2,5,6,Yash Dayal,4.938888888888889
1422128,2,8,6,Mayank Dagar,-0.6583333333333331
1422128,2,12,6,C Green,2.4833333333333334
1422128,2,15,6,Yash Dayal,2.260869565217392
1422129,1,5,6,SM Curran,-0.7666666666666668
1422129,1,8,6,RD Chahar,2.5333333333333337
1422129,1,12,6,HV Patel,3.7454545454545456
1422129,1,15,6,K Rabada,1.0250000000000004
1422129,2,5,6,Mohsin Khan,4.591666666666667
1422129,2,8,6,KH Pandya,3.858333333333334
1422129,2,12,6,Ravi Bishnoi,2.9166666666666674
1422129,2,15,6,MP Yadav,-5.629166666666667
1422130,1,5,6,Rashid Khan,6.916666666666667
1422130,1,8,6,Noor Ahmad,-2.0583333333333336
1422130,1,12,6,Noor Ahmad,0.1833333333333334
1422130,1,15,6,DG Nalkande,2.1
1422130,2,5,6,B Kumar,2.15
1422130,2,8,6,Washington Sundar,3.7416666666666667
1422130,2,12,6,PJ Cummins,2.3090909090909095
1422130,2,15,6,M Markande,1.5125000000000002
1422131,1,5,6,Mustafizur Rahman,10.18
1422131,1,8,6,RA Jadeja,5.65
1422131,1,12,6,RA Jadeja,2.129166666666667
1422131,1,15,6,TU Deshpande,0.9565217391304351
1422131,2,5,6,A Nortje,2.4333333333333336
1422131,2,8,6,AR Patel,3.4916666666666667
1422131,2,12,6,A Nortje,2.6833333333333336
1422131,2,15,6,A Nortje,2.847058823529412
1422132,1,5,6,N Burger,1.1500000000000004
1422132,1,8,6,R Ashwin,4.333333333333333
1422132,1,12,6,R Ashwin,2.5777777777777775
1422132,1,15,6,TA Boult,-6.4391304347826095
1422132,2,5,6,JJ Bumrah,0.9055555555555558
1422132,2,8,6,Akash Madhwal,-4.216666666666667
1422132,2,12,6,Akash Madhwal,-6.291666666666667
1422133,1,5,6,GJ Maxwell,-1.133333333333333
1422133,1,8,6,Mohammed Siraj,5.61
1422133,1,12,6,C Green,5.541666666666667
1422133,1,15,6,Mohammed Siraj,1.8222222222222229
1422133,2,5,6,MP Yadav,-3.4666666666666663
1422133,2,8,6,Naveen-ul-Haq,1.0333333333333334
1422133,2,12,6,MP Stoinis,1.1600000000000001
1422133,2,15,6,Yash Thakur,5.455555555555556
1422134,1,5,6,Rasikh Salam,8.433333333333334
1422134,1,8,6,Sumit Kumar,4.108333333333333
1422134,1,12,6,MR Marsh,0.05454545454545462
1422134,1,15,6,KK Ahmed,3.3687500000000004
1422134,2,5,6,VG Arora,-2.9588235294117644
1422134,2,8,6,CV Varun,5.0166666666666675
1422134,2,12,6,CV Varun,-1.5764705882352945
1422134,2,15,6,SP Narine,-0.4874999999999998
1422135,1,5,6,SM Curran,3.6666666666666665
1422135,1,8,6,Harpreet Brar,-0.36666666666666686
1422135,1,12,6,K Rabada,1.8722222222222225
1422135,1,15,6,Arshdeep Singh,2.2222222222222223
1422135,2,5,6,Noor Ahmad,-0.9666666666666666
1422135,2,8,6,Azmatullah Omarzai,0.7235294117647061
1422135,2,12,6,MM Sharma,1.383333333333333
1422135,2,15,6,Rashid Khan,1.4166666666666667
1422136,1,5,6,B Kumar,-0.4222222222222225
1422136,1,8,6,M Markande,5.058333333333334
1422136,1,12,6,JD Unadkat,2.5416666666666665
1422136,1,15,6,T Natarajan,4.5777777777777775
1422136,2,5,6,TU Deshpande,5.8500000000000005
1422136,2,8,6,RA Jadeja,3.4916666666666667
1422136,2,12,6,M Theekshana,-0.3374999999999999
1422136,2,15,6,MM Ali,-2.272222222222222
1422137,1,5,6,Avesh Khan,3.4333333333333336
1422137,1,8,6,TA Boult,4.111111111111111
1422137,1,12,6,R Ashwin,2.2
1422137,1,15,6,Avesh Khan,5.022222222222222
1422137,2,5,6,Mayank Dagar,9.833333333333334
1422137,2,8,6,C Green,3.0166666666666666
1422137,2,12,6,Yash Dayal,3.572222222222222
1422137,2,15,6,Yash Dayal,0.9125000000000005
1422138,1,5,6,Lalit Yadav,7.25
1422138,1,8,6,AR Patel,1.161111111111111
1422138,1,12,6,KK Ahmed,-0.033333333333333603
1422138,1,15,6,JA Richardson,3.969565217391305
1422138,2,5,6,R Shepherd,1.6181818181818186
1422138,2,8,6,G Coetzee,4.616666666666667
1422138,2,12,6,PP Chawla,7.533333333333333
1422138,2,15,6,G Coetzee,1.3888888888888888
1422139,1,5,6,Rashid Khan,0.8
1422139,1,8,6,Rashid Khan,1.975
1422139,1,12,6,DG Nalkande,-0.75
1422139,1,15,6,SH Johnson,2.870588235294118
1422139,2,5,6,Yash Thakur,-0.016666666666666774
1422139,2,8,6,KH Pandya,-5.625
1422139,2,12,6,KH Pandya,-7.8875
1422139,2,15,6,Naveen-ul-Haq,5.23125
1426260,1,5,6,Mustafizur Rahman,1.6727272727272733
1426260,1,8,6,RA Jadeja,-7.2
1426260,1,12,6,RA Jadeja,-6.766666666666667
1426260,1,15,6,SN Thakur,3.952941176470588
1426260,2,5,6,VG Arora,-0.18333333333333351
1426260,2,8,6,SP Narine,4.808333333333334
1426260,2,12,6,SP Narine,0.6555555555555557
1426260,2,15,6,CV Varun,1.716666666666667
1426261,1,5,6,HV Patel,-2.05
1426261,1,8,6,Harpreet Brar,1.6416666666666668
1426261,1,12,6,SM Curran,1.1111111111111112
1426261,1,15,6,HV Patel,-2.2916666666666665
1426261,2,5,6,T Natarajan,1.9833333333333332
1426261,2,8,6,Nithish Kumar Reddy,4.616666666666667
1426261,2,12,6,PJ Cummins,-2.4055555555555554
1426261,2,15,6,Nithish Kumar Reddy,2.447058823529412
1426262,1,5,6,Rashid Khan,-3.6
1426262,1,8,6,Noor Ahmad,3.608333333333334
1426262,1,12,6,Noor Ahmad,4.504166666666667
1426262,1,15,6,Rashid Khan,-1.6416666666666668
1426262,2,5,6,Avesh Khan,5.4
1426262,2,8,6,KR Sen,-1.7
1426262,2,12,6,KR Sen,-4.652941176470589
1426262,2,15,6,YS Chahal,0.17826086956521736
1426263,1,5,6,Akash Madhwal,1.1916666666666669
1426263,1,8,6,S Gopal,3.941666666666667
1426263,1,12,6,S Gopal,0.2277777777777779
1426263,1,15,6,Akash Madhwal,2.5058823529411764
1426263,2,5,6,GJ Maxwell,8.65
1426263,2,8,6,Akash Deep,0.9181818181818181
1426263,2,12,6,RJW Topley,4.544444444444445
1426264,1,5,6,Mukesh Kumar,4.166666666666667
1426264,1,8,6,AR Patel,2.7083333333333335
1426264,1,12,6,Mukesh Kumar,-0.016666666666666774
1426264,1,15,6,Kuldeep Yadav,-6.573913043478262
1426264,2,5,6,KH Pandya,7.16
1426264,2,8,6,Ravi Bishnoi,-3.375
1426264,2,12,6,KH Pandya,9.82
1426264,2,15,6,Ravi Bishnoi,-3.4375
1426265,1,5,6,Avesh Khan,-1.8083333333333333
1426265,1,8,6,KR Sen,3.1833333333333336
1426265,1,12,6,KR Sen,-0.7444444444444444
1426265,1,15,6,KR Sen,0.7291666666666667
1426265,2,5,6,K Rabada,1.2833333333333334
1426265,2,8,6,LS Livingstone,-2.5333333333333337
1426265,2,12,6,Harpreet Brar,2.6750000000000003
1426265,2,15,6,SM Curran,1.1944444444444444
1426266,1,5,6,Harshit Rana,4.166666666666667
1426266,1,8,6,SP Narine,1.275
1426266,1,12,6,SP Narine,1.1166666666666667
1426266,1,15,6,CV Varun,0.0
1426266,2,5,6,Yash Thakur,3.2166666666666663
1426266,2,8,6,Ravi Bishnoi,2.98
1426266,2,12,6,S Joseph,4.2318181818181815
1426267,1,5,6,Akash Madhwal,4.166666666666667
1426267,1,8,6,JJ Bumrah,-0.03636363636363621
1426267,1,12,6,G Coetzee,-0.288888888888889
1426267,1,15,6,HH Pandya,0.5750000000000002
1426267,2,5,6,SN Thakur,4.841666666666667
1426267,2,8,6,RA Jadeja,2.0083333333333337
1426267,2,12,6,RA Jadeja,3.6625000000000005
1426267,2,15,6,TU Deshpande,-0.029166666666666508
1426268,1,5,6,Yash Dayal,5.991666666666667
1426268,1,8,6,RJW Topley,4.989999999999999
1426268,1,12,6,LH Ferguson,2.8666666666666667
1426268,1,15,6,RJW Topley,4.116666666666667
1426268,2,5,6,PJ Cummins,3.2166666666666663
1426268,2,8,6,M Markande,1.0636363636363637
1426268,2,12,6,M Markande,0.06521739130434862
1426268,2,15,6,T Natarajan,4.729411764705882
1426269,1,5,6,KR Sen,5.066666666666667
1426269,1,8,6,YS Chahal,5.425
1426269,1,12,6,YS Chahal,1.9277777777777783
1426269,1,15,6,YS Chahal,3.456521739130434
1426269,2,5,6,VG Arora,4.129411764705882
1426269,2,8,6,SP Narine,-1.1636363636363634
1426269,2,12,6,CV Varun,-4.083333333333333
1426269,2,15,6,AD Russell,8.316666666666666
1426270,1,5,6,KK Ahmed,0.4166666666666668
1426270,1,8,6,T Stubbs,-1.1399999999999995
1426270,1,12,6,Kuldeep Yadav,-0.1499999999999999
1426270,1,15,6,AR Patel,-2.1291666666666664
1426270,2,5,6,Rashid Khan,-3.6
1426271,1,5,6,SM Curran,4.116666666666667
1426271,1,8,6,Harpreet Brar,2.341666666666667
1426271,1,12,6,Harpreet Brar,2.761111111111111
1426271,1,15,6,K Rabada,1.8500000000000005
1426271,2,5,6,HH Pandya,-2.05
1426271,2,8,6,S Gopal,3.6000000000000005
1426271,2,12,6,JJ Bumrah,-6.329411764705882
1426271,2,15,6,Akash Madhwal,2.413333333333333
1426272,1,5,6,MJ Henry,3.2333333333333334
1426272,1,8,6,KH Pandya,-0.6333333333333332
1426272,1,12,6,KH Pandya,-3.488888888888889
1426272,1,15,6,Yash Thakur,0.8444444444444443
1426272,2,5,6,DL Chahar,3.011111111111111
1426272,2,8,6,RA Jadeja,4.216666666666667
1426272,2,12,6,M Pathirana,3.045454545454545
1426272,2,15,6,M Pathirana,3.6055555555555556
1426273,1,5,6,Mukesh Kumar,11.066666666666666
1426273,1,8,6,Kuldeep Yadav,1.6529411764705881
1426273,1,12,6,AR Patel,-0.35555555555555535
1426273,1,15,6,A Nortje,4.205555555555556
1426273,2,5,6,T Natarajan,0.6999999999999998
1426273,2,8,6,M Markande,0.863636363636364
1426273,2,12,6,Nithish Kumar Reddy,-1.7
1426273,2,15,6,Nithish Kumar Reddy,1.0636363636363637
1426274,1,5,6,Yash Dayal,-0.6333333333333332
1426274,1,8,6,C Green,0.7166666666666665
1426274,1,12,6,C Green,0.9388888888888887
1426274,1,15,6,LH Ferguson,2.995833333333334
1426274,2,5,6,MA Starc,8.1
1426274,2,8,6,CV Varun,1.641666666666667
1426274,2,12,6,SP Narine,-2.1333333333333333
1426274,2,15,6,Harshit Rana,0.661111111111111
1426275,1,5,6,MM Sharma,1.0250000000000004
1426275,1,8,6,Noor Ahmad,-1.3333333333333333
1426275,1,12,6,Noor Ahmad,-3.8333333333333335
1426275,1,15,6,R Sai Kishore,-5.927777777777778
1426275,2,5,6,SM Curran,2.9333333333333336
1426275,2,8,6,Harpreet Brar,2.5666666666666664
1426275,2,12,6,Harpreet Brar,2.522222222222222
1426275,2,15,6,HV Patel,-1.1083333333333332
1426276,1,5,6,Avesh Khan,9.1
1426276,1,8,6,R Ashwin,2.7916666666666665
1426276,1,12,6,R Ashwin,3.154166666666667
1426276,1,15,6,YS Chahal,3.1833333333333336
1426276,2,5,6,N Thushara,5.591666666666667
1426276,2,8,6,Mohammad Nabi,2.9333333333333336
1426276,2,12,6,HH Pandya,4.4750000000000005
1426276,2,15,6,G Coetzee,3.3000000000000003
1426277,1,5,6,Yash Thakur,-4.55
1426277,1,8,6,KH Pandya,3.4333333333333336
1426277,1,12,6,MP Stoinis,3.3833333333333333
1426277,1,15,6,Yash Thakur,1.427777777777778
1426277,2,5,6,SN Thakur,6.066666666666667
1426277,2,8,6,MM Ali,4.808333333333334
1426277,2,12,6,TU Deshpande,4.988235294117647
1426277,2,15,6,SN Thakur,6.966666666666667
1426278,1,5,6,S Sandeep Warrier,-7.027777777777778
1426278,1,8,6,Noor Ahmad,4.12
1426278,1,12,6,Rashid Khan,3.644444444444445
1426278,1,15,6,MM Sharma,6.716666666666667
1426278,2,5,6,Mukesh Kumar,2.4833333333333334
1426278,2,8,6,AR Patel,3.4083333333333337
1426278,2,12,6,Rasikh Salam,0.7999999999999998
1426278,2,15,6,Kuldeep Yadav,-2.1958333333333333
1426279,1,5,6,T Natarajan,0.4333333333333334
1426279,1,8,6,M Markande,0.5416666666666666
1426279,1,12,6,JD Unadkat,0.7916666666666666
1426279,1,15,6,PJ Cummins,6.666666666666667
1426279,2,5,6,Mohammed Siraj,2.3166666666666664
1426279,2,8,6,LH Ferguson,6.0166666666666675
1426279,2,12,6,Yash Dayal,-1.5833333333333333
1426279,2,15,6,C Green,-3.7166666666666663
1426280,1,5,6,Arshdeep Singh,3.2750000000000004
1426280,1,8,6,RD Chahar,4.0
1426280,1,12,6,SM Curran,2.566666666666667
1426280,1,15,6,Arshdeep Singh,2.5266666666666673
1426280,2,5,6,AS Roy,6.266666666666667
1426280,2,8,6,CV Varun,5.733333333333333
1426280,2,12,6,SP Narine,-0.9833333333333334
1426280,2,15,6,Harshit Rana,5.122222222222223
1426281,1,5,6,JJ Bumrah,3.7250000000000005
1426281,1,8,6,L Wood,6.158333333333333
1426281,1,12,6,N Thushara,7.0
1426281,1,15,6,JJ Bumrah,3.6111111111111116
1426281,2,5,6,KK Ahmed,-0.3999999999999996
1426281,2,8,6,Kuldeep Yadav,6.2666666666666675
1426281,2,12,6,Rasikh Salam,-3.1333333333333333
1426281,2,15,6,LB Williams,4.652941176470589
1426282,1,5,6,Sandeep Sharma,-0.7416666666666665
1426282,1,8,6,R Ashwin,3.227272727272727
1426282,1,12,6,R Ashwin,0.6000000000000001
1426282,1,15,6,Sandeep Sharma,-3.1411764705882352
1426282,2,5,6,Yash Thakur,1.6666666666666665
1426282,2,8,6,A Mishra,-0.0666666666666666
1426282,2,12,6,KH Pandya,1.5833333333333335
1426282,2,15,6,Ravi Bishnoi,7.7
1426283,1,5,6,Yash Dayal,0.7545454545454546
1426283,1,8,6,GJ Maxwell,0.8833333333333331
1426283,1,12,6,C Green,7.081818181818182
1426283,1,15,6,GJ Maxwell,1.2000000000000002
1426283,2,5,6,R Sai Kishore,1.1083333333333336
1426283,2,8,6,Noor Ahmad,4.5
1426283,2,12,6,R Sai Kishore,1.6666666666666667
1426283,2,15,6,Rashid Khan,5.820833333333333
1426284,1,5,6,T Natarajan,0.5833333333333333
1426284,1,8,6,PJ Cummins,6.916666666666667
1426284,1,12,6,PJ Cummins,5.175
1426284,1,15,6,PJ Cummins,5.155555555555556
1426284,2,5,6,Mustafizur Rahman,2.9333333333333336
1426284,2,8,6,RA Jadeja,-1.475
1426284,2,12,6,SN Thakur,3.8833333333333333
1426284,2,15,6,M Pathirana,-1.758333333333333
1426285,1,5,6,SP Narine,3.3833333333333333
1426285,1,8,6,CV Varun,2.65
1426285,1,12,6,CV Varun,-5.166666666666667
1426285,1,15,6,MA Starc,3.341176470588236
1426285,2,5,6,KK Ahmed,3.2555555555555555
1426285,2,8,6,AR Patel,-4.225
1426285,2,12,6,Rasikh Salam,5.816666666666667
1426285,2,15,6,Kuldeep Yadav,3.1583333333333337
1426286,1,5,6,Naveen-ul-Haq,-7.05
1426286,1,8,6,MP Yadav,1.890909090909091
1426286,1,12,6,DJ Hooda,2.341666666666667
1426286,1,15,6,Ravi Bishnoi,-0.10000000000000009
1426286,2,5,6,JJ Bumrah,1.2583333333333335
1426286,2,8,6,PP Chawla,2.7083333333333335
1426286,2,12,6,PP Chawla,2.95
1426286,2,15,6,N Thushara,-0.18260869565217397
1426287,1,5,6,SM Curran,3.075
1426287,1,8,6,Harpreet Brar,-4.127272727272727
1426287,1,12,6,Harpreet Brar,-4.3375
1426287,1,15,6,K Rabada,-0.9173913043478265
1426287,2,5,6,SN Thakur,5.97
1426287,2,8,6,RA Jadeja,4.025
1426287,2,12,6,RJ Gleeson,0.11176470588235293
1426287,2,15,6,MM Ali,4.45
1426288,1,5,6,Sandeep Sharma,-3.6
1426288,1,8,6,YS Chahal,5.541666666666667
1426288,1,12,6,YS Chahal,6.611764705882353
1426288,1,15,6,R Ashwin,3.4000000000000004
1426288,2,5,6,T Natarajan,3.8600000000000003
1426288,2,8,6,PJ Cummins,4.816666666666667
1426288,2,12,6,B Kumar,-1.1111111111111112
1426288,2,15,6,PJ Cummins,0.661111111111111
1426289,1,5,6,Naman Dhir,1.5333333333333334
1426289,1,8,6,PP Chawla,-2.425
1426289,1,12,6,HH Pandya,0.3250000000000002
1426289,1,15,6,N Thushara,-3.5
1426289,2,5,6,SP Narine,-1.9166666666666667
1426289,2,8,6,CV Varun,-4.438888888888889
1426289,2,12,6,SP Narine,-3.7333333333333334
1426289,2,15,6,AD Russell,-2.9611111111111112
1426290,1,5,6,C Green,-1.9166666666666667
1426290,1,8,6,Yash Dayal,1.027777777777778
1426290,1,12,6,Vijaykumar Vyshak,-0.2666666666666668
1426290,1,15,6,KV Sharma,3.6888888888888887
1426290,2,5,6,J Little,5.316666666666667
1426290,2,8,6,Noor Ahmad,-1.8083333333333333
1426290,2,12,6,Noor Ahmad,-3.704166666666666
1426291,1,5,6,Harpreet Brar,9.383333333333335
1426291,1,8,6,HV Patel,-0.3999999999999999
1426291,1,12,6,SM Curran,0.1111111111111111
1426291,1,15,6,RD Chahar,-7.333333333333333
1426291,2,5,6,TU Deshpande,-1.7444444444444442
1426291,2,8,6,RA Jadeja,0.5416666666666666
1426291,2,12,6,RA Jadeja,-6.291666666666667
1426291,2,15,6,RJ Gleeson,3.5555555555555554
1426292,1,5,6,Yash Thakur,-1.1
1426292,1,8,6,Yash Thakur,2.4333333333333336
1426292,1,12,6,KH Pandya,6.280000000000001
1426292,1,15,6,Yudhvir Singh,-0.016666666666666774
1426292,2,5,6,Harshit Rana,2.9200000000000004
1426292,2,8,6,CV Varun,0.8833333333333331
1426292,2,12,6,SP Narine,-0.9416666666666665
1426292,2,15,6,CV Varun,-3.8888888888888884
1426293,1,5,6,JJ Bumrah,-1.8083333333333333
1426293,1,8,6,HH Pandya,5.116666666666667
1426293,1,12,6,PP Chawla,-3.975
1426293,1,15,6,HH Pandya,-4.543478260869565
1426293,2,5,6,PJ Cummins,-0.1499999999999999
1426293,2,8,6,Nithish Kumar Reddy,-0.36666666666666664
1426293,2,12,6,M Jansen,4.429411764705883
1426293,2,15,6,T Natarajan,2.7111111111111112
1426294,1,5,6,Sandeep Sharma,1.6666666666666665
1426294,1,8,6,R Parag,1.7909090909090912
1426294,1,12,6,R Ashwin,-5.372222222222223
1426294,1,15,6,YS Chahal,1.0499999999999998
1426294,2,5,6,AR Patel,0.6666666666666666
1426294,2,8,6,Kuldeep Yadav,1.1416666666666668
1426294,2,12,6,Rasikh Salam,3.7166666666666663
1426294,2,15,6,Mukesh Kumar,2.536363636363637
1426295,1,5,6,Shahbaz Ahmed,1.025
1426295,1,8,6,V Viyaskanth,0.32499999999999996
1426295,1,12,6,JD Unadkat,3.608333333333334
1426295,1,15,6,PJ Cummins,1.2000000000000002
1426295,2,5,6,Yash Thakur,8.658333333333335
1426295,2,8,6,Naveen-ul-Haq,9.241666666666667
1426296,1,5,6,HV Patel,4.9
1426296,1,8,6,Arshdeep Singh,5.4
1426296,1,12,6,LS Livingstone,3.4083333333333337
1426296,1,15,6,SM Curran,5.2562500000000005
1426296,2,5,6,LH Ferguson,4.3
1426296,2,8,6,KV Sharma,1.6166666666666667
1426296,2,12,6,KV Sharma,-0.09999999999999976
1426296,2,15,6,LH Ferguson,-3.594444444444445
1426297,1,5,6,Simarjeet Singh,5.233333333333333
1426297,1,8,6,RA Jadeja,7.191666666666667
1426297,1,12,6,MJ Santner,7.308333333333334
1426297,1,15,6,SN Thakur,1.738888888888889
1426297,2,5,6,Kartik Tyagi,5.825
1426297,2,8,6,Noor Ahmad,1.25
1426297,2,12,6,MM Sharma,-0.9666666666666666
1426297,2,15,6,Kartik Tyagi,5.779166666666667
1426298,1,5,6,HH Pandya,0.5833333333333333
1426298,1,8,6,PP Chawla,0.6666666666666666
1426298,1,12,6,PP Chawla,-1.5222222222222221
1426298,1,15,6,JJ Bumrah,-3.7791666666666663
1426298,2,5,6,CV Varun,-0.1499999999999999
1426298,2,8,6,SP Narine,-0.6833333333333336
1426298,2,12,6,AD Russell,-2.2909090909090906
1426298,2,15,6,Harshit Rana,-2.9
1426299,1,5,6,M Theekshana,2.6166666666666667
1426299,1,8,6,Simarjeet Singh,-4.358333333333333
1426299,1,12,6,M Theekshana,2.275
1426299,1,15,6,SN Thakur,3.083333333333334
1426299,2,5,6,R Ashwin,1.1583333333333334
1426299,2,8,6,Avesh Khan,2.64
1426299,2,12,6,YS Chahal,-1.55
1426299,2,15,6,Avesh Khan,-0.5499999999999998
1426300,1,5,6,AR Patel,3.8333333333333335
1426300,1,8,6,Kuldeep Yadav,6.9
1426300,1,12,6,Rasikh Salam,0.9727272727272728
1426300,1,15,6,I Sharma,1.8312499999999998
1426300,2,5,6,Mohammed Siraj,0.7555555555555558
1426300,2,8,6,C Green,5.200000000000001
1426300,2,12,6,WG Jacks,7.866666666666667
1426300,2,15,6,Yash Dayal,-5.952941176470588
1426302,1,5,6,Naveen-ul-Haq,6.02
1426302,1,8,6,Ravi Bishnoi,0.04166666666666666
1426302,1,12,6,Ravi Bishnoi,-0.5333333333333331
1426302,1,15,6,Arshad Khan,3.835294117647059
1426302,2,5,6,Mukesh Kumar,4.116666666666667
1426302,2,8,6,Gulbadin Naib,5.566666666666667
1426302,2,12,6,Kuldeep Yadav,3.066666666666667
1426302,2,15,6,Rasikh Salam,6.466666666666667
1426303,1,5,6,HV Patel,-0.36666666666666664
1426303,1,8,6,Harpreet Brar,4.333333333333333
1426303,1,12,6,Arshdeep Singh,-0.25555555555555576
1426303,1,15,6,NT Ellis,-0.9888888888888889
1426303,2,5,6,Sandeep Sharma,1.3666666666666667
1426303,2,8,6,R Ashwin,1.616666666666667
1426303,2,12,6,R Ashwin,1.2722222222222226
1426303,2,15,6,YS Chahal,-1.869565217391304
1426305,1,5,6,PP Chawla,3.4666666666666663
1426305,1,8,6,N Wadhera,2.591666666666667
1426305,1,12,6,A Kamboj,7.700000000000001
1426305,1,15,6,R Shepherd,3.7250000000000005
1426305,2,5,6,Naveen-ul-Haq,5.116666666666667
1426305,2,8,6,Naveen-ul-Haq,1.641666666666667
1426305,2,12,6,Ravi Bishnoi,1.705555555555556
1426305,2,15,6,MJ Henry,5.1
1426306,1,5,6,M Theekshana,0.44166666666666654
1426306,1,8,6,RA Jadeja,4.333333333333333
1426306,1,12,6,MJ Santner,-3.4958333333333336
1426306,1,15,6,SN Thakur,7.7
1426306,2,5,6,Yash Dayal,2.1166666666666667
1426306,2,8,6,Swapnil Singh,2.672727272727273
1426306,2,12,6,GJ Maxwell,-2.9791666666666665
1426306,2,15,6,C Green,1.133333333333333
1426307,1,5,6,B Kumar,3.8888888888888884
1426307,1,8,6,V Viyaskanth,4.0
1426307,1,12,6,PJ Cummins,4.055555555555555
1426307,1,15,6,Nithish Kumar Reddy,8.98181818181818
1426307,2,5,6,R Dhawan,5.105882352941176
1426307,2,8,6,RD Chahar,2.7916666666666665
1426307,2,12,6,Harpreet Brar,6.616666666666667
1426307,2,15,6,HV Patel,0.708695652173913
1426309,1,5,6,Harshit Rana,1.5333333333333334
1426309,1,8,6,SP Narine,5.425
1426309,1,12,6,CV Varun,-0.2181818181818181
1426309,1,15,6,CV Varun,-4.138888888888889
1426309,2,5,6,T Natarajan,-2.381818181818182
1426309,2,8,6,PJ Cummins,2.977777777777778
1426309,2,12,6,Nithish Kumar Reddy,6.0166666666666675
1426310,1,5,6,Sandeep Sharma,5.791666666666667
1426310,1,8,6,R Ashwin,1.725
1426310,1,12,6,R Ashwin,-3.9875
1426310,1,15,6,YS Chahal,1.9625000000000004
1426310,2,5,6,LH Ferguson,-3.6
1426310,2,8,6,KV Sharma,2.7
1426310,2,12,6,LH Ferguson,0.1722222222222224
1426310,2,15,6,C Green,-2.725
1426311,1,5,6,Sandeep Sharma,4.166666666666667
1426311,1,8,6,R Ashwin,4.127777777777777
1426311,1,12,6,YS Chahal,2.355555555555555
1426311,1,15,6,Avesh Khan,-2.823529411764706
1426311,2,5,6,B Kumar,4.45
1426311,2,8,6,Abhishek Sharma,-1.7
1426311,2,12,6,AK Markram,0.96
1426311,2,15,6,Abhishek Sharma,-3.1333333333333333
1426312,1,5,6,VG Arora,-0.0823529411764708
1426312,1,8,6,Harshit Rana,-0.2666666666666668
1426312,1,12,6,AD Russell,-1.309090909090909
1426312,1,15,6,SP Narine,0.48333333333333317
1426312,2,5,6,T Natarajan,6.858333333333333
1426312,2,8,6,Shahbaz Ahmed,0.5250000000000004
1473438,1,5,6,Yash Dayal,4.1416666666666675
1473438,1,8,6,Suyash Sharma,5.1
1473438,1,12,6,KH Pandya,-1.8941176470588235
1473438,1,15,6,Suyash Sharma,2.454166666666667
1473438,2,5,6,Harshit Rana,1.25
1473438,2,8,6,CV Varun,1.7999999999999998
1473438,2,12,6,Harshit Rana,2.091666666666667
1473438,2,15,6,VG Arora,4.022222222222222
1473439,1,5,6,M Theekshana,2.8647058823529417
1473439,1,8,6,Sandeep Sharma,4.25
1473439,1,12,6,JC Archer,9.894117647058824
1473439,1,15,6,TU Deshpande,2.3470588235294123
1473439,2,5,6,PJ Cummins,10.333333333333334
1473439,2,8,6,Abhishek Sharma,2.825
1473439,2,12,6,Simarjeet Singh,1.2937500000000002
1473439,2,15,6,HV Patel,0.48888888888888893
1473440,1,5,6,KK Ahmed,-4.3999999999999995
1473440,1,8,6,RA Jadeja,2.6583333333333337
1473440,1,12,6,Noor Ahmad,-3.6941176470588233
1473440,1,15,6,NT Ellis,3.5636363636363635
1473440,2,5,6,MJ Santner,5.8
1473440,2,8,6,WG Jacks,4.572727272727273
1473440,2,12,6,WG Jacks,3.9055555555555554
1473440,2,15,6,Naman Dhir,1.75
1473441,1,5,6,Mukesh Kumar,8.360000000000001
1473441,1,8,6,MM Sharma,4.05
1473441,1,12,6,T Stubbs,13.766666666666666
1473441,1,15,6,AR Patel,1.7555555555555555
1473441,2,5,6,DS Rathi,2.10909090909091
1473441,2,8,6,Ravi Bishnoi,0.7750000000000004
1473441,2,12,6,M Siddharth,-1.2374999999999998
1473441,2,15,6,Prince Yadav,4.594444444444445
1473442,1,5,6,K Rabada,1.5388888888888892
1473442,1,8,6,R Sai Kishore,-1.1
1473442,1,12,6,R Sai Kishore,-3.5
1473442,1,15,6,R Sai Kishore,-5.291666666666667
1473442,2,5,6,GJ Maxwell,1.56
1473442,2,8,6,M Jansen,5.527272727272728
1473442,2,12,6,Arshdeep Singh,-0.5166666666666668
1473442,2,15,6,M Jansen,4.727777777777778
1473443,1,5,6,VG Arora,0.5666666666666664
1473443,1,8,6,MM Ali,-1.225
1473443,1,12,6,MM Ali,-2.9541666666666666
1473443,1,15,6,CV Varun,-4.629166666666667
1473443,2,5,6,Sandeep Sharma,0.5833333333333333
1473443,2,8,6,R Parag,-0.8222222222222224
1473443,2,12,6,PWH de Silva,2.822222222222223
1473443,2,15,6,TU Deshpande,2.4833333333333334
1473444,1,5,6,Ravi Bishnoi,2.4333333333333336
1473444,1,8,6,DS Rathi,3.4388888888888887
1473444,1,12,6,Ravi Bishnoi,3.3833333333333333
1473444,1,15,6,DS Rathi,1.3333333333333333
1473444,2,5,6,PJ Cummins,5.0
1473444,2,8,6,PJ Cummins,1.8636363636363638
1473444,2,12,6,A Zampa,2.561111111111111
1473444,2,15,6,A Zampa,2.8
1473445,1,5,6,SM Curran,2.254545454545455
1473445,1,8,6,M Pathirana,0.96
1473445,1,12,6,Noor Ahmad,-2.6277777777777778
1473445,1,15,6,Noor Ahmad,-3.9916666666666667
1473445,2,5,6,Yash Dayal,0.8
1473445,2,8,6,LS Livingstone,1.633333333333333
1473445,2,12,6,Yash Dayal,-3.0777777777777775
1473445,2,15,6,LS Livingstone,-2.3083333333333336
1473446,1,5,6,DL Chahar,3.9176470588235297
1473446,1,8,6,HH Pandya,-1.725
1473446,1,12,6,PVSN Raju,6.066666666666667
1473446,1,15,6,HH Pandya,-2.7
1473446,2,5,6,Rashid Khan,0.96
1473446,2,8,6,R Sai Kishore,5.283333333333333
1473446,2,12,6,R Sai Kishore,1.9833333333333336
1473446,2,15,6,M Prasidh Krishna,-5.8
1473447,1,5,6,AR Patel,3.4333333333333336
1473447,1,8,6,MM Sharma,3.4333333333333336
1473447,1,12,6,AR Patel,3.4
1473447,1,15,6,Kuldeep Yadav,-6.483333333333333
1473447,2,5,6,HV Patel,0.3600000000000003
1473447,2,8,6,HV Patel,0.5249999999999999
1473447,2,12,6,Abhishek Sharma,3.716666666666667
1473447,2,15,6,PWA Mulder,7.7
1473448,1,5,6,KK Ahmed,1.0166666666666662
1473448,1,8,6,R Ashwin,3.9611111111111104
1473448,1,12,6,RA Jadeja,1.25
1473448,1,15,6,M Pathirana,4.308333333333334
1473448,2,5,6,Sandeep Sharma,6.8
1473448,2,8,6,M Theekshana,2.1166666666666667
1473448,2,12,6,Sandeep Sharma,4.75
1473448,2,15,6,PWH de Silva,-7.145833333333333
1473449,1,5,6,DL Chahar,-1.5583333333333331
1473449,1,8,6,HH Pandya,-1.5833333333333333
1473449,1,12,6,Ashwani Kumar,-7.641176470588237
1473449,1,15,6,TA Boult,-1.4958333333333333
1473449,2,5,6,AD Russell,2.7
1473449,2,8,6,CV Varun,0.41111111111111115
1473450,1,5,6,M Jansen,-0.6499999999999999
1473450,1,8,6,MP Stoinis,-0.1499999999999999
1473450,1,12,6,LH Ferguson,0.5666666666666664
1473450,1,15,6,M Jansen,-0.7777777777777778
1473450,2,5,6,Ravi Bishnoi,6.75
1473450,2,8,6,M Siddharth,5.65
1473450,2,12,6,DS Rathi,-2.4583333333333335
1473450,2,15,6,SN Thakur,5.5166666666666675
1473451,1,5,6,M Prasidh Krishna,-1.1
1473451,1,8,6,I Sharma,3.4083333333333337
1473451,1,12,6,R Sai Kishore,-1.3333333333333333
1473451,1,15,6,Rashid Khan,4.822222222222223
1473451,2,5,6,Yash Dayal,4.383333333333333
1473451,2,8,6,Rasikh Salam,6.383333333333333
1473451,2,12,6,JR Hazlewood,-0.27222222222222214
1473451,2,15,6,Rasikh Salam,5.083333333333334
1473452,1,5,6,Simarjeet Singh,5.966666666666667
1473452,1,8,6,Zeeshan Ansari,1.866666666666667
1473452,1,12,6,PHKD Mendis,-1.7
1473452,1,15,6,Mohammed Shami,-0.2791666666666665
1473452,2,5,6,CV Varun,0.30000000000000004
1473452,2,8,6,CV Varun,1.3916666666666668
1473452,2,12,6,Harshit Rana,-1.6388888888888888
1473452,2,15,6,CV Varun,-6.2956521739130435
1473453,1,5,6,Ashwani Kumar,5.127272727272727
1473453,1,8,6,HH Pandya,-2.6799999999999997
1473453,1,12,6,V Puthur,-0.1444444444444447
1473453,1,15,6,Ashwani Kumar,3.3588235294117648
1473453,2,5,6,DS Rathi,1.75
1473453,2,8,6,DS Rathi,-1.7
1473453,2,12,6,SN Thakur,1.8687500000000004
1473453,2,15,6,Ravi Bishnoi,4.5
1473454,1,5,6,R Ashwin,3.4333333333333336
1473454,1,8,6,Noor Ahmad,3.8833333333333333
1473454,1,12,6,RA Jadeja,1.7090909090909094
1473454,1,15,6,Mukesh Choudhary,5.25
1473454,2,5,6,V Nigam,1.6666666666666665
1473454,2,8,6,Kuldeep Yadav,3.15
1473454,2,12,6,Kuldeep Yadav,0.33333333333333337
1473454,2,15,6,MM Sharma,3.90625
1473455,1,5,6,GJ Maxwell,1.5333333333333334
1473455,1,8,6,YS Chahal,4.327272727272727
1473455,1,12,6,MP Stoinis,4.127777777777777
1473455,1,15,6,Arshdeep Singh,2.844444444444444
1473455,2,5,6,Sandeep Sharma,-1.3333333333333333
1473455,2,8,6,PWH de Silva,4.383333333333333
1473455,2,12,6,Yudhvir Singh,2.977777777777778
1473455,2,15,6,PWH de Silva,1.2999999999999998
1473456,1,5,6,Harshit Rana,7.866666666666667
1473456,1,8,6,SP Narine,4.45
1473456,1,12,6,VG Arora,2.29375
1473456,1,15,6,AD Russell,-0.0666666666666666
1473456,2,5,6,Avesh Khan,7.65
1473456,2,8,6,DS Rathi,0.06666666666666657
1473456,2,12,6,SN Thakur,7.323076923076924
1473456,2,15,6,Akash Deep,0.8125
1473457,1,5,6,M Prasidh Krishna,2.1
1473457,1,8,6,Rashid Khan,1.25
1473457,1,12,6,Rashid Khan,2.6958333333333337
1473457,1,15,6,R Sai Kishore,-3.0083333333333333
1473457,2,5,6,Simarjeet Singh,9.333333333333334
1473457,2,8,6,PHKD Mendis,5.566666666666667
1473457,2,12,6,Zeeshan Ansari,3.022222222222222
1473457,2,15,6,Zeeshan Ansari,3.5458333333333334
1473458,1,5,6,DL Chahar,7.054545454545456
1473458,1,8,6,V Puthur,1.8333333333333333
1473458,1,12,6,HH Pandya,2.2333333333333334
1473458,1,15,6,TA Boult,3.855555555555555
1473458,2,5,6,JR Hazlewood,-3.2333333333333334
1473458,2,8,6,Suyash Sharma,1.1666666666666667
1473458,2,12,6,Suyash Sharma,2.6416666666666666
1473458,2,15,6,B Kumar,4.276470588235294
1473459,1,5,6,R Ashwin,8.9
1473459,1,8,6,RA Jadeja,1.7000000000000002
1473459,1,12,6,M Pathirana,11.183333333333334
1473459,1,15,6,M Pathirana,6.691666666666667
1473459,2,5,6,M Jansen,6.34
1473459,2,8,6,M Jansen,4.083333333333333
1473459,2,12,6,MP Stoinis,4.0600000000000005
1473459,2,15,6,LH Ferguson,0.65625
1473460,1,5,6,Sandeep Sharma,2.64
1473460,1,8,6,TU Deshpande,6.40909090909091
1473460,1,12,6,TU Deshpande,5.758823529411765
1473460,1,15,6,M Theekshana,0.7227272727272731
1473460,2,5,6,M Prasidh Krishna,5.066666666666667
1473460,2,8,6,K Khejroliya,-0.15833333333333308
1473460,2,12,6,M Prasidh Krishna,0.1833333333333334
1473460,2,15,6,M Prasidh Krishna,-5.2
1473461,1,5,6,Mukesh Kumar,-5.5
1473461,1,8,6,Kuldeep Yadav,1.25
1473461,1,12,6,Kuldeep Yadav,-1.95
1473461,1,15,6,V Nigam,-1.3222222222222222
1473461,2,5,6,JR Hazlewood,3.4333333333333336
1473461,2,8,6,Suyash Sharma,-1.3583333333333332
1473461,2,12,6,LS Livingstone,6.966666666666667
1473461,2,15,6,Suyash Sharma,-0.9375
1473462,1,5,6,CV Varun,6.0166666666666675
1473462,1,8,6,SP Narine,2.2
1473462,1,12,6,Harshit Rana,-5.555555555555555
1473462,1,15,6,SP Narine,-7.5375
1473462,2,5,6,KK Ahmed,4.894117647058824
1473462,2,8,6,R Ashwin,3.7777777777777777
1473463,1,5,6,Avesh Khan,4.333333333333333
1473463,1,8,6,DS Rathi,3.5166666666666666
1473463,1,12,6,Avesh Khan,-0.8833333333333332
1473463,1,15,6,Ravi Bishnoi,-1.4500000000000002
1473463,2,5,6,Rashid Khan,6.14
1473463,2,8,6,Washington Sundar,5.066666666666667
1473463,2,12,6,Mohammed Siraj,5.583333333333333
1473463,2,15,6,Rashid Khan,0.7333333333333332
1473464,1,5,6,HV Patel,3.9666666666666663
1473464,1,8,6,E Malinga,-0.2181818181818181
1473464,1,12,6,Mohammed Shami,7.7
1473464,1,15,6,Zeeshan Ansari,4.769565217391304
1473464,2,5,6,MP Stoinis,-0.19999999999999996
1473464,2,8,6,GJ Maxwell,6.055555555555555
1473464,2,12,6,YS Chahal,3.272222222222223
1473464,2,15,6,Yash Thakur,7.508333333333333
1473465,1,5,6,JR Hazlewood,2.2333333333333334
1473465,1,8,6,KH Pandya,-0.3833333333333332
1473465,1,12,6,KH Pandya,0.2625000000000002
1473465,1,15,6,JR Hazlewood,0.6777777777777776
1473465,2,5,6,Sandeep Sharma,4.881818181818183
1473465,2,8,6,K Kartikeya,0.790909090909091
1473465,2,12,6,K Kartikeya,0.47222222222222265
1473465,2,15,6,TU Deshpande,4.4750000000000005
1473466,1,5,6,Mukesh Kumar,3.523529411764706
1473466,1,8,6,AR Patel,3.3833333333333333
1473466,1,12,6,V Nigam,1.838888888888889
1473466,1,15,6,Kuldeep Yadav,-3.5375
1473466,2,5,6,JJ Bumrah,6.358333333333333
1473466,2,8,6,KV Sharma,3.3833333333333333
1473466,2,12,6,JJ Bumrah,1.933333333333334
1473466,2,15,6,KV Sharma,-4.0
1473467,1,5,6,A Kamboj,-0.6666666666666667
1473467,1,8,6,Noor Ahmad,0.96
1473467,1,12,6,M Pathirana,3.7250000000000005
1473467,1,15,6,M Pathirana,2.9083333333333337
1473467,2,5,6,DS Rathi,2.4583333333333335
1473467,2,8,6,Ravi Bishnoi,-1.5833333333333333
1473467,2,12,6,Ravi Bishnoi,-3.4764705882352938
1473467,2,15,6,Avesh Khan,0.4545454545454545
1473468,1,5,6,Harshit Rana,-5.2
1473468,1,8,6,A Nortje,0.7166666666666665
1473468,1,12,6,SP Narine,-4.405882352941177
1473468,2,5,6,XC Bartlett,1.2222222222222223
1473468,2,8,6,GJ Maxwell,-0.1499999999999999
1473468,2,12,6,M Jansen,-3.9499999999999997
1473469,1,5,6,Sandeep Sharma,-2.175
1473469,1,8,6,M Theekshana,2.2333333333333334
1473469,1,12,6,JC Archer,-3.4764705882352938
1473469,1,15,6,PWH de Silva,1.316666666666667
1473469,2,5,6,V Nigam,2.4399999999999995
1473469,2,8,6,AR Patel,-2.2833333333333337
1473469,2,12,6,Mukesh Kumar,4.261111111111111
1473469,2,15,6,Kuldeep Yadav,0.6708333333333332
1473470,1,5,6,JJ Bumrah,1.1666666666666667
1473470,1,8,6,WG Jacks,-0.3833333333333332
1473470,1,12,6,MJ Santner,3.4333333333333336
1473470,1,15,6,JJ Bumrah,1.6000000000000003
1473470,2,5,6,E Malinga,7.75
1473470,2,8,6,Zeeshan Ansari,2.4333333333333336
1473470,2,12,6,PJ Cummins,-4.044444444444444
1473470,2,15,6,E Malinga,5.583333333333334
1473471,1,5,6,YS Chahal,-1.7
1473471,1,8,6,M Jansen,-5.222222222222223
1473471,1,12,6,XC Bartlett,0.34444444444444433
1473471,2,5,6,KH Pandya,4.166666666666667
1473471,2,8,6,Suyash Sharma,1.9833333333333332
1473472,1,5,6,Arshad Khan,2.1722222222222225
1473472,1,8,6,M Prasidh Krishna,-1.282352941176471
1473472,1,12,6,I Sharma,2.5666666666666664
1473472,1,15,6,Arshad Khan,2.5083333333333333
1473472,2,5,6,Mukesh Kumar,2.5636363636363644
1473472,2,8,6,V Nigam,5.15
1473472,2,12,6,MM Sharma,8.6
1473472,2,15,6,Kuldeep Yadav,0.25
1473473,1,5,6,Sandeep Sharma,-2.8666666666666667
1473473,1,8,6,TU Deshpande,2.3090909090909095
1473473,1,12,6,TU Deshpande,2.05625
1473473,1,15,6,PWH de Silva,-2.2624999999999997
1473473,2,5,6,Prince Yadav,0.5333333333333334
1473473,2,8,6,AK Markram,0.8833333333333331
1473473,2,12,6,DS Rathi,2.522222222222222
1473473,2,15,6,Avesh Khan,6.0166666666666675
1473474,1,5,6,JR Hazlewood,4.841666666666667
1473474,1,8,6,Suyash Sharma,-0.2999999999999998
1473474,1,12,6,KH Pandya,-3.2708333333333335
1473474,1,15,6,Suyash Sharma,-5.283333333333332
1473474,2,5,6,M Jansen,5.066666666666667
1473474,2,8,6,Harpreet Brar,3.325
1473474,2,12,6,Harpreet Brar,-0.016666666666666774
1473474,2,15,6,Arshdeep Singh,0.8444444444444443
1473475,1,5,6,MJ Santner,0.30000000000000004
1473475,1,8,6,JJ Bumrah,-0.1499999999999999
1473475,1,12,6,JJ Bumrah,2.3090909090909095
1473475,1,15,6,Ashwani Kumar,7.866666666666668
1473475,2,5,6,R Ashwin,0.2166666666666667
1473475,2,8,6,RA Jadeja,-0.041666666666666685
1473475,2,12,6,Noor Ahmad,4.5
1473476,1,5,6,CV Varun,2.4833333333333334
1473476,1,8,6,CV Varun,3.8
1473476,1,12,6,AD Russell,3.3500000000000005
1473476,1,15,6,CV Varun,3.2541666666666664
1473476,2,5,6,Rashid Khan,-2.65
1473476,2,8,6,Washington Sundar,3.6
1473476,2,12,6,Washington Sundar,2.264705882352941
1473476,2,15,6,Rashid Khan,-5.222222222222223
1473477,1,5,6,PVD Chameera,4.783333333333333
1473477,1,8,6,MA Starc,3.0166666666666666
1473477,1,12,6,Kuldeep Yadav,4.358333333333333
1473477,1,15,6,Mukesh Kumar,-2.85
1473477,2,5,6,Avesh Khan,4.166666666666667
1473477,2,8,6,DS Rathi,1.0444444444444445
1473477,2,12,6,Avesh Khan,2.0083333333333337
1473477,2,15,6,SN Thakur,6.383333333333333
1473478,1,5,6,JJ Bumrah,3.3833333333333333
1473478,1,8,6,HH Pandya,-3.6
1473478,1,12,6,JJ Bumrah,2.9083333333333337
1473478,1,15,6,MJ Santner,1.0958333333333334
1473478,2,5,6,E Malinga,5.116666666666667
1473478,2,8,6,JD Unadkat,0.5277777777777781
1473478,2,12,6,E Malinga,3.075
1473479,1,5,6,Sandeep Sharma,3.4333333333333336
1473479,1,8,6,PWH de Silva,-1.475
1473479,1,12,6,PWH de Silva,0.5416666666666666
1473479,1,15,6,JC Archer,-0.13888888888888862
1473479,2,5,6,JR Hazlewood,2.8500000000000005
1473479,2,8,6,Yash Dayal,6.608333333333333
1473479,2,12,6,Suyash Sharma,2.838888888888889
1473479,2,15,6,KH Pandya,-2.2624999999999997
1473480,1,5,6,PJ Cummins,0.4583333333333333
1473480,1,8,6,Zeeshan Ansari,4.333333333333333
1473480,1,12,6,HV Patel,-2.3166666666666664
1473480,1,15,6,PJ Cummins,-0.5777777777777776
1473480,2,5,6,A Kamboj,-1.7666666666666668
1473480,2,8,6,RA Jadeja,-2.65
1473480,2,12,6,M Pathirana,0.4500000000000002
1473480,2,15,6,Noor Ahmad,-0.8045454545454539
1473481,1,5,6,CV Varun,-1.1
1473481,1,8,6,SP Narine,0.32499999999999996
1473481,1,12,6,C Sakariya,6.0166666666666675
1473481,1,15,6,SP Narine,3.4375
1473482,1,5,6,DS Rathi,5.541666666666667
1473482,1,8,6,DS Rathi,1.4611111111111106
1473482,1,12,6,Ravi Bishnoi,1.7374999999999998
1473482,1,15,6,MP Yadav,-1.1681818181818175
1473482,2,5,6,DL Chahar,5.170588235294118
1473482,2,8,6,HH Pandya,4.166666666666667
1473482,2,12,6,WG Jacks,-1.4500000000000002
1473482,2,15,6,JJ Bumrah,-9.305555555555555
1473483,1,5,6,JR Hazlewood,-1.2166666666666666
1473483,1,8,6,Suyash Sharma,1.6416666666666668
1473483,1,12,6,KH Pandya,-0.3722222222222222
1473483,1,15,6,KH Pandya,0.10833333333333324
1473483,2,5,6,MA Starc,3.6666666666666665
1473483,2,8,6,PVD Chameera,2.7
1473483,2,12,6,Mukesh Kumar,1.0
1473483,2,15,6,MA Starc,4.205555555555556
1473484,1,5,6,Sandeep Sharma,1.5
1473484,1,8,6,Yudhvir Singh,4.841666666666667
1473484,1,12,6,PWH de Silva,1.5833333333333335
1473484,1,15,6,Sandeep Sharma,3.341176470588236
1473484,2,5,6,M Prasidh Krishna,1.5333333333333334
1473484,2,8,6,Rashid Khan,0.6916666666666665
1473484,2,12,6,Rashid Khan,-0.8833333333333332
1473485,1,5,6,Mukesh Kumar,3.354545454545455
1473485,1,8,6,V Nigam,3.016666666666667
1473485,1,12,6,Kuldeep Yadav,0.9166666666666666
1473485,1,15,6,V Nigam,2.3470588235294123
1473485,2,5,6,CV Varun,1.5333333333333334
1473485,2,8,6,CV Varun,4.616666666666667
1473485,2,12,6,CV Varun,4.470588235294118
1473485,2,15,6,SP Narine,-5.2375
1473486,1,5,6,Harpreet Brar,2.4000000000000004
1473486,1,8,6,YS Chahal,5.425
1473486,1,12,6,Suryansh Shedge,3.0666666666666664
1473486,1,15,6,Suryansh Shedge,6.605882352941176
1473486,2,5,6,RA Jadeja,1.5333333333333334
1473486,2,8,6,Noor Ahmad,4.108333333333333
1473486,2,12,6,Noor Ahmad,1.366666666666667
1473486,2,15,6,Noor Ahmad,1.5958333333333334
1473487,1,5,6,M Theekshana,4.166666666666667
1473487,1,8,6,K Kartikeya,4.616666666666667
1473487,1,12,6,R Parag,-0.46363636363636324
1473487,1,15,6,M Theekshana,2.2272727272727275
1473487,2,5,6,C Bosch,3.1666666666666665
1473487,2,8,6,KV Sharma,1.8333333333333333
1473487,2,12,6,C Bosch,3.238888888888888
1473487,2,15,6,KV Sharma,-5.995833333333333
1473488,1,5,6,JD Unadkat,3.1833333333333336
1473488,1,8,6,Zeeshan Ansari,0.9916666666666668
1473488,1,12,6,Zeeshan Ansari,-1.3777777777777778
1473488,1,15,6,PJ Cummins,4.427777777777778
1473488,2,5,6,Mohammed Siraj,3.9611111111111104
1473488,2,8,6,Washington Sundar,2.1
1473488,2,12,6,Rashid Khan,6.941666666666667
1473488,2,15,6,M Prasidh Krishna,-4.029166666666667
1473489,1,5,6,A Kamboj,3.0277777777777786
1473489,1,8,6,RA Jadeja,0.6916666666666665
1473489,1,12,6,Noor Ahmad,3.6666666666666665
1473489,1,15,6,M Pathirana,-5.163636363636364
1473489,2,5,6,L Ngidi,-4.55
1473489,2,8,6,Suyash Sharma,4.383333333333333
1473489,2,12,6,Suyash Sharma,5.938888888888889
1473489,2,15,6,Yash Dayal,4.183333333333333
1473490,1,5,6,Akash Madhwal,6.0166666666666675
1473490,1,8,6,R Parag,2.7
1473490,1,12,6,R Parag,0.6000000000000002
1473490,1,15,6,Akash Madhwal,6.383333333333333
1473490,2,5,6,Harshit Rana,6.05
1473490,2,8,6,SP Narine,-0.1499999999999999
1473490,2,12,6,MM Ali,0.6411764705882358
1473490,2,15,6,Harshit Rana,2.9823529411764707
1473491,1,5,6,Avesh Khan,4.333333333333333
1473491,1,8,6,Prince Yadav,4.166666666666667
1473491,1,12,6,DS Rathi,2.2250000000000005
1473491,1,15,6,Prince Yadav,1.9625000000000004
1473491,2,5,6,Azmatullah Omarzai,3.4600000000000004
1473491,2,8,6,YS Chahal,5.4
1473491,2,12,6,YS Chahal,6.252941176470588
1473491,2,15,6,Arshdeep Singh,-7.366666666666667
1473492,1,5,6,HV Patel,-0.5166666666666668
1473492,1,8,6,E Malinga,1.025
1473492,1,12,6,Zeeshan Ansari,0.4333333333333334
1473492,1,15,6,PJ Cummins,-6.945833333333333
1473493,1,5,6,Arshad Khan,-1.1333333333333333
1473493,1,8,6,R Sai Kishore,3.8833333333333333
1473493,1,12,6,R Sai Kishore,-1.5173913043478264
1473493,1,15,6,G Coetzee,-1.5833333333333333
1473493,2,5,6,TA Boult,-1.3944444444444444
1473493,2,8,6,KV Sharma,1.75
1473493,2,12,6,WG Jacks,3.8600000000000003
1473493,2,15,6,TA Boult,-3.7333333333333334
1473494,1,5,6,A Kamboj,3.2
1473494,1,8,6,RA Jadeja,3.15
1473494,1,12,6,RA Jadeja,-0.5388888888888888
1473494,1,15,6,M Pathirana,4.108333333333333
1473494,2,5,6,CV Varun,-0.9666666666666666
1473494,2,8,6,SP Narine,4.2250000000000005
1473494,2,12,6,CV Varun,-4.391666666666667
1473494,2,15,6,AD Russell,2.4833333333333334
1473495,1,5,6,T Natarajan,0.30000000000000004
1473495,1,8,6,M Tiwari,6.966666666666667
1473497,1,5,6,Fazalhaq Farooqi,4.4750000000000005
1473497,1,8,6,Akash Madhwal,4.166666666666667
1473497,1,12,6,Akash Madhwal,6.408333333333333
1473497,1,15,6,Akash Madhwal,3.4611111111111117
1473497,2,5,6,M Jansen,6.5
1473497,2,8,6,Harpreet Brar,-2.9277777777777776
1473497,2,12,6,Azmatullah Omarzai,2.0333333333333337
1473497,2,15,6,Azmatullah Omarzai,2.227777777777778
1473498,1,5,6,K Rabada,7.65
1473498,1,8,6,M Prasidh Krishna,4.333333333333333
1473498,1,12,6,Rashid Khan,2.8555555555555556
1473498,1,15,6,R Sai Kishore,2.566666666666667
1473498,2,5,6,Mustafizur Rahman,2.091666666666667
1473498,2,8,6,AR Patel,5.083333333333334
1473498,2,12,6,PVD Chameera,3.9636363636363634
1473498,2,15,6,Mustafizur Rahman,3.1
1473499,1,5,6,E Malinga,5.066666666666667
1473499,1,8,6,Zeeshan Ansari,5.5181818181818185
1473499,1,12,6,Nithish Kumar Reddy,2.9333333333333336
1473499,1,15,6,HV Patel,2.194117647058824
1473499,2,5,6,Avesh Khan,8.35
1473499,2,8,6,AK Markram,6.466666666666667
1473499,2,12,6,SN Thakur,4.358333333333333
1473499,2,15,6,Avesh Khan,3.3055555555555562
1473500,1,5,6,TU Deshpande,0.5499999999999997
1473500,1,8,6,KT Maphaka,4.363636363636363
1473500,1,12,6,PWH de Silva,-1.95
1473500,1,15,6,R Parag,4.36
1473500,2,5,6,A Kamboj,-0.35000000000000003
1473500,2,8,6,M Pathirana,-0.1499999999999999
1473500,2,12,6,M Pathirana,2.3090909090909095
1473500,2,15,6,Noor Ahmad,4.48125
1473501,1,5,6,Mukesh Kumar,0.20833333333333331
1473501,1,8,6,Kuldeep Yadav,-0.2181818181818181
1473501,1,12,6,Kuldeep Yadav,-0.8555555555555554
1473501,1,15,6,Kuldeep Yadav,-1.0666666666666667
1473501,2,5,6,MJ Santner,1.5333333333333334
1473501,2,8,6,KV Sharma,4.333333333333333
1473501,2,12,6,DL Chahar,-0.20000000000000012
1473501,2,15,6,JJ Bumrah,-5.072222222222223
1473502,1,5,6,K Rabada,4.45
1473502,1,8,6,M Prasidh Krishna,4.616666666666667
1473502,1,12,6,M Prasidh Krishna,3.344444444444444
1473502,1,15,6,Mohammed Siraj,3.0043478260869563
1473502,2,5,6,Avesh Khan,11.8
1473502,2,8,6,W O'Rourke,-0.4916666666666664
1473502,2,12,6,Shahbaz Ahmed,3.045454545454545
1473502,2,15,6,Akash Deep,5.28695652173913
1473503,1,5,6,L Ngidi,4.108333333333333
1473503,1,8,6,Suyash Sharma,3.433333333333334
1473503,1,12,6,L Ngidi,3.3666666666666667
1473503,1,15,6,B Kumar,0.8111111111111113
1473503,2,5,6,E Malinga,7.65
1473503,2,8,6,Harsh Dubey,1.5833333333333333
1473503,2,12,6,HV Patel,5.383333333333335
1473503,2,15,6,E Malinga,-1.0555555555555556
1473504,1,5,6,M Prasidh Krishna,-2.536363636363636
1473504,1,8,6,Rashid Khan,4.833333333333333
1473504,1,12,6,M Shahrukh Khan,3.516666666666667
1473504,1,15,6,Rashid Khan,2.016666666666667
1473504,2,5,6,KK Ahmed,-1.6166666666666665
1473504,2,8,6,Noor Ahmad,3.4333333333333336
1473504,2,12,6,Noor Ahmad,0.9083333333333334
1473504,2,15,6,Noor Ahmad,-3.094444444444444
1473505,1,5,6,Harshit Rana,4.616666666666667
1473505,1,8,6,SP Narine,2.6500000000000004
1473505,1,12,6,SP Narine,-2.2499999999999996
1473505,1,15,6,A Nortje,5.347058823529412
1473505,2,5,6,JD Unadkat,-2.272222222222222
1473505,2,8,6,Nithish Kumar Reddy,2.1
1473505,2,12,6,E Malinga,-5.625
1473505,2,15,6,E Malinga,-1.9333333333333333
1473506,1,5,6,M Jansen,-0.8545454545454546
1473506,1,8,6,KA Jamieson,4.983333333333333
1473506,1,12,6,Vijaykumar Vyshak,-3.1875
1473506,1,15,6,KA Jamieson,5.327777777777778
1473506,2,5,6,DL Chahar,3.0888888888888886
1473506,2,8,6,MJ Santner,5.645454545454545
1473506,2,12,6,JJ Bumrah,-1.9333333333333333
1473506,2,15,6,WG Jacks,4.6000000000000005
1473507,1,5,6,N Thushara,-0.8764705882352941
1473507,1,8,6,R Shepherd,4.0600000000000005
1473507,1,12,6,KH Pandya,2.5272727272727273
1473507,1,15,6,B Kumar,1.994117647058824
1473507,2,5,6,Akash Singh,-0.125
1473507,2,8,6,Shahbaz Ahmed,3.8
1473507,2,12,6,Akash Singh,1.8333333333333335
1473507,2,15,6,Avesh Khan,2.129411764705883
1473508,1,5,6,JR Hazlewood,-3.2666666666666666
1473508,1,8,6,Suyash Sharma,-6.1
1473508,1,12,6,Suyash Sharma,-6.6722222222222225
1473508,2,5,6,KA Jamieson,0.6055555555555554
1473508,2,8,6,Harpreet Brar,3.8833333333333333
1473509,1,5,6,R Sai Kishore,5.8
1473509,1,8,6,Rashid Khan,1.9833333333333332
1473509,1,12,6,R Sai Kishore,-0.5249999999999995
1473509,1,15,6,G Coetzee,6.441666666666667
1473509,2,5,6,JJ Bumrah,2.2083333333333335
1473509,2,8,6,HH Pandya,5.816666666666667
1473509,2,12,6,TA Boult,3.5588235294117645
1473509,2,15,6,RJ Gleeson,3.0111111111111115
1473510,1,5,6,Azmatullah Omarzai,7.22
1473510,1,8,6,Vijaykumar Vyshak,1.9545454545454546
1473510,1,12,6,KA Jamieson,3.2333333333333334
1473510,1,15,6,Vijaykumar Vyshak,1.3333333333333333
1473510,2,5,6,Ashwani Kumar,0.7166666666666665
1473510,2,8,6,MJ Santner,3.2916666666666665
1473510,2,12,6,RJW Topley,5.666666666666667
1473510,2,15,6,Ashwani Kumar,-2.2294117647058824
1473511,1,5,6,Vijaykumar Vyshak,3.3833333333333333
1473511,1,8,6,YS Chahal,0.9916666666666668
1473511,1,12,6,Vijaykumar Vyshak,3.56875
1473511,1,15,6,Arshdeep Singh,5.272222222222223
1473511,2,5,6,Yash Dayal,2.2083333333333335
1473511,2,8,6,KH Pandya,-2.175
1473511,2,12,6,KH Pandya,-4.504166666666667
1473511,2,15,6,JR Hazlewood,1.0999999999999996
1485779,1,5,6,V Nigam,5.6
1485779,1,8,6,Kuldeep Yadav,5.375
1485779,1,12,6,Mukesh Kumar,0.04444444444444451
1485779,1,15,6,Mustafizur Rahman,-2.3277777777777775
1485779,2,5,6,M Jansen,1.6166666666666667
1485779,2,8,6,P Dubey,0.8
1485779,2,12,6,Azmatullah Omarzai,4.7666666666666675
1485779,2,15,6,Arshdeep Singh,2.4833333333333334
1527674,1,5,6,Abhinandan Singh,6.7
1527674,1,8,6,Abhinandan Singh,5.291666666666667
1527674,1,12,6,KH Pandya,6.1000000000000005
1527674,1,15,6,Abhinandan Singh,2.6999999999999997
1527674,2,5,6,Harsh Dubey,4.383333333333333
1527674,2,8,6,Harsh Dubey,2.2250000000000005
1527674,2,12,6,DA Payne,-1.25
1527675,1,5,6,SN Thakur,1.6666666666666665
1527675,1,8,6,SN Thakur,-0.9749999999999996
1527675,1,12,6,TA Boult,3.5333333333333337
1527675,1,15,6,TA Boult,3.7782608695652176
1527675,2,5,6,Kartik Tyagi,6.866666666666667
1527675,2,8,6,SP Narine,4.2
1527675,2,12,6,AS Roy,2.1
1527675,2,15,6,B Muzarabani,2.266666666666667
1527676,1,5,6,Sandeep Sharma,-1.25
1527676,1,8,6,Ravi Bishnoi,2.7916666666666665
1527676,1,12,6,JC Archer,-4.844444444444444
1527676,1,15,6,Ravi Bishnoi,-1.3222222222222222
1527676,2,5,6,Noor Ahmad,6.416666666666667
1527676,2,8,6,A Kamboj,-1.7277777777777776
1527677,1,5,6,M Jansen,-1.8083333333333333
1527677,1,8,6,XC Bartlett,4.166666666666667
1527677,1,12,6,XC Bartlett,3.905555555555555
1527677,1,15,6,YS Chahal,-2.725
1527677,2,5,6,Rashid Khan,0.5833333333333333
1527677,2,8,6,Washington Sundar,3.3833333333333333
1527677,2,12,6,M Prasidh Krishna,-3.15
1527677,2,15,6,K Rabada,1.9888888888888894
1527678,1,5,6,AR Patel,-0.9916666666666665
1527678,1,8,6,L Ngidi,0.7999999999999998
1527678,1,12,6,T Natarajan,-1.1083333333333332
1527678,1,15,6,Kuldeep Yadav,-2.1791666666666663
1527678,2,5,6,Mohsin Khan,-4.8
1527678,2,8,6,Mohammed Shami,-0.6000000000000001
1527678,2,12,6,Prince Yadav,-3.4444444444444446
1527678,2,15,6,Mohsin Khan,-2.0708333333333333
1527679,1,5,6,Kartik Tyagi,3.58
1527679,1,8,6,B Muzarabani,-0.8818181818181814
1527679,1,12,6,SP Narine,3.2333333333333334
1527679,1,15,6,Kartik Tyagi,2.129411764705883
1527679,2,5,6,E Malinga,3.5
1527679,2,8,6,Shivang Kumar,2.825
1527679,2,12,6,Shivang Kumar,1.6958333333333333
1527679,2,15,6,JD Unadkat,-5.183333333333334
1527680,1,5,6,Arshdeep Singh,1.4909090909090914
1527680,1,8,6,MP Stoinis,9.98
1527680,1,12,6,Vijaykumar Vyshak,0.8999999999999999
1527680,1,15,6,XC Bartlett,2.547058823529412
1527680,2,5,6,KK Ahmed,3.144444444444445
1527680,2,8,6,Noor Ahmad,1.3583333333333336
1527680,2,12,6,RD Chahar,4.7444444444444445
1527680,2,15,6,RD Chahar,5.530434782608696
1527681,1,5,6,L Ngidi,3.691666666666667
1527681,1,8,6,Kuldeep Yadav,3.4333333333333336
1527681,1,12,6,AR Patel,-0.9913043478260868
1527681,1,15,6,L Ngidi,0.705882352941177
1527681,2,5,6,JJ Bumrah,-1.8083333333333333
1527681,2,8,6,C Bosch,6.34
1527681,2,12,6,JJ Bumrah,-2.7222222222222223
1527681,2,15,6,JJ Bumrah,-1.3391304347826083
1527682,1,5,6,M Prasidh Krishna,5.066666666666667
1527682,1,8,6,Rashid Khan,0.909090909090909
1527682,1,12,6,K Rabada,1.205555555555556
1527682,1,15,6,Ashok Sharma,0.04444444444444451
1527682,2,5,6,Sandeep Sharma,3.7750000000000004
1527682,2,8,6,RA Jadeja,5.875
1527682,2,12,6,Ravi Bishnoi,-5.041666666666667
1527682,2,15,6,JC Archer,4.638888888888888
1527683,1,5,6,M Siddharth,1.4833333333333332
1527683,1,8,6,Mohammed Shami,-6.2375
1527683,1,12,6,M Siddharth,1.5722222222222224
1527683,1,15,6,Prince Yadav,0.5666666666666664
1527683,2,5,6,JD Unadkat,5.066666666666667
1527683,2,8,6,E Malinga,-0.5166666666666668
1527683,2,12,6,Harsh Dubey,-2.088888888888889
1527683,2,15,6,JD Unadkat,5.7
1527684,1,5,6,KK Ahmed,1.477777777777778
1527684,1,8,6,J Overton,5.283333333333333
1527684,1,12,6,S Dube,4.0636363636363635
1527684,1,15,6,KK Ahmed,2.726086956521739
1527684,2,5,6,Abhinandan Singh,6.0166666666666675
1527684,2,8,6,KH Pandya,-1.7000000000000002
1527684,2,12,6,Suyash Sharma,1.6416666666666668
1527684,2,15,6,B Kumar,-1.1176470588235294
1527686,1,5,6,AM Ghazanfar,-1.0
1527686,1,8,6,AM Ghazanfar,-0.7749999999999995
1527686,2,5,6,Sandeep Sharma,0.1583333333333335
1527686,2,8,6,N Burger,-1.2749999999999995
1527687,1,5,6,L Ngidi,1.5333333333333334
1527687,1,8,6,T Natarajan,1.75
1527687,1,12,6,Kuldeep Yadav,1.5333333333333334
1527687,1,15,6,T Natarajan,2.8722222222222222
1527687,2,5,6,Ashok Sharma,12.016666666666666
1527687,2,8,6,M Prasidh Krishna,4.108333333333333
1527687,2,12,6,M Prasidh Krishna,3.7611111111111106
1527687,2,15,6,Ashok Sharma,7.911764705882353
1527688,1,5,6,Avesh Khan,6.75
1527688,1,8,6,Avesh Khan,6.583333333333333
1527688,1,12,6,Mohammed Shami,1.2888888888888888
1527688,1,15,6,M Siddharth,0.5333333333333334
1527688,2,5,6,SP Narine,2.4833333333333334
1527688,2,8,6,C Green,2.7
1527688,2,12,6,AS Roy,3.55
1527688,2,15,6,SP Narine,-2.704166666666666
1527689,1,5,6,N Burger,3.1333333333333333
1527689,1,8,6,Brijesh Sharma,1.383333333333333
1527689,1,12,6,Brijesh Sharma,-0.8555555555555554
1527689,1,15,6,Sandeep Sharma,4.3916666666666675
1527689,2,5,6,Abhinandan Singh,9.833333333333334
1527689,2,8,6,KH Pandya,-1.5916666666666666
1527689,2,12,6,KH Pandya,-2.25
1527689,2,15,6,R Shepherd,3.15
1527690,1,5,6,XC Bartlett,7.909090909090909
1527690,1,8,6,Shashank Singh,-4.154545454545454
1527690,1,12,6,Vijaykumar Vyshak,7.508333333333333
1527690,1,15,6,XC Bartlett,5.883333333333335
1527690,2,5,6,HV Patel,10.283333333333335
1527690,2,8,6,Shivang Kumar,-1.7999999999999998
1527690,2,12,6,Shivang Kumar,-4.454166666666667
1527690,2,15,6,E Malinga,6.117647058823529
1527691,1,5,6,L Ngidi,6.066666666666667
1527691,1,8,6,Mukesh Kumar,2.2333333333333334
1527691,1,12,6,L Ngidi,5.091666666666667
1527691,1,15,6,Mukesh Kumar,1.8588235294117648
1527691,2,5,6,A Kamboj,1.641666666666667
1527691,2,8,6,Noor Ahmad,2.7
1527691,2,12,6,J Overton,-3.6333333333333333
1527691,2,15,6,J Overton,-6.638888888888889
1527692,1,5,6,Ashok Sharma,4.116666666666667
1527692,1,8,6,M Prasidh Krishna,-3.7166666666666663
1527692,1,12,6,K Rabada,3.95
1527692,1,15,6,Mohammed Siraj,-1.820833333333333
1527692,2,5,6,DS Rathi,-0.016666666666666774
1527692,2,8,6,GF Linde,4.6416666666666675
1527692,2,12,6,DS Rathi,0.3826086956521741
1527692,2,15,6,Mohammed Shami,0.6333333333333332
1527693,1,5,6,JJ Bumrah,3.045454545454545
1527693,1,8,6,MJ Santner,5.066666666666667
1527693,1,12,6,SN Thakur,4.8875
1527693,1,15,6,MJ Santner,4.613043478260869
1527693,2,5,6,Rasikh Salam,-0.125
1527693,2,8,6,KH Pandya,2.5388888888888888
1527693,2,12,6,KH Pandya,-0.3043478260869569
1529264,1,5,6,TU Deshpande,5.116666666666667
1529264,1,8,6,Sandeep Sharma,5.218181818181819
1529264,1,12,6,JC Archer,0.8499999999999995
1529264,1,15,6,TU Deshpande,3.7611111111111106
1529264,2,5,6,E Malinga,3.4333333333333336
1529264,2,8,6,Shivang Kumar,2.7083333333333335
1529264,2,12,6,Nithish Kumar Reddy,3.858333333333334
1529264,2,15,6,E Malinga,1.366666666666667
1529265,1,5,6,VG Arora,3.3500000000000005
1529265,1,8,6,SP Narine,2.5666666666666664
1529265,1,12,6,SP Narine,1.3444444444444443
1529265,1,15,6,VG Arora,4.405882352941177
1529265,2,5,6,AJ Hosein,0.5833333333333333
1529265,2,8,6,Gurjapneet Singh,10.32
1529265,2,12,6,Noor Ahmad,-6.305555555555556
1529265,2,15,6,J Overton,4.609090909090909
1529266,1,5,6,Rasikh Salam,-0.8833333333333332
1529266,1,8,6,Suyash Sharma,3.4333333333333336
1529266,1,12,6,Suyash Sharma,2.877777777777778
1529266,1,15,6,Rasikh Salam,-3.4111111111111105
1529266,2,5,6,Avesh Khan,1.25
1529266,2,8,6,Mohammed Shami,3.8888888888888884
1529266,2,12,6,Prince Yadav,-3.3666666666666667
1529267,1,5,6,Vijaykumar Vyshak,6.75
1529267,1,8,6,Vijaykumar Vyshak,6.472727272727273
1529267,1,12,6,M Jansen,2.6882352941176473
1529267,1,15,6,Shashank Singh,1.3583333333333336
1529267,2,5,6,JJ Bumrah,1.9
1529267,2,8,6,AM Ghazanfar,-3.261111111111111
1529267,2,12,6,JJ Bumrah,3.8500000000000005
1529267,2,15,6,SN Thakur,4.247058823529412
1529268,1,5,6,K Rabada,-3.3333333333333335
1529268,1,8,6,M Prasidh Krishna,4.308333333333334
1529268,1,12,6,Ashok Sharma,2.570588235294118
1529268,1,15,6,K Rabada,-5.529166666666667
1529268,2,5,6,SP Narine,0.691666666666667
1529268,2,8,6,Kartik Tyagi,1.5083333333333335
1529268,2,12,6,SP Narine,-0.3916666666666668
1529268,2,15,6,AS Roy,5.776470588235294
1529269,1,5,6,L Ngidi,-0.3500000000000001
1529269,1,8,6,Kuldeep Yadav,3.2666666666666666
1529269,1,12,6,Mukesh Kumar,0.42941176470588255
1529269,1,15,6,AR Patel,-3.2444444444444445
1529269,2,5,6,Rasikh Salam,2.3166666666666664
1529269,2,8,6,KH Pandya,2.45
1529269,2,12,6,Rasikh Salam,4.094117647058823
1529269,2,15,6,B Kumar,-9.122222222222224
1529270,1,5,6,Mukesh Choudhary,-1.108333333333333
1529270,1,8,6,Gurjapneet Singh,1.4833333333333332
1529270,1,12,6,Noor Ahmad,3.1
1529270,1,15,6,Noor Ahmad,3.1708333333333334
1529270,2,5,6,E Malinga,2.16
1529270,2,8,6,Shivang Kumar,2.7083333333333335
1529270,2,12,6,Nithish Kumar Reddy,-3.3722222222222222
1529270,2,15,6,E Malinga,-5.761111111111111
1529271,1,5,6,C Green,5.633333333333334
1529271,1,8,6,CV Varun,-4.55
1529271,1,12,6,CV Varun,-5.15
1529271,1,15,6,SP Narine,-3.4499999999999997
1529271,2,5,6,Yash Raj Punja,5.066666666666667
1529271,2,8,6,RA Jadeja,-3.125
1529271,2,12,6,Ravi Bishnoi,0.5055555555555558
1529271,2,15,6,Ravi Bishnoi,1.2636363636363637
1529272,1,5,6,Mohsin Khan,5.666666666666667
1529272,1,8,6,M Siddharth,4.833333333333333
1529272,1,12,6,AK Markram,15.639999999999999
1529272,1,15,6,Mohsin Khan,1.7125000000000004
1529272,2,5,6,Vijaykumar Vyshak,-0.9666666666666666
1529272,2,8,6,Vijaykumar Vyshak,0.04000000000000031
1529272,2,12,6,Arshdeep Singh,0.7647058823529418
1529272,2,15,6,XC Bartlett,5.983333333333333
1529273,1,5,6,K Rabada,-3.8722222222222227
1529273,1,8,6,M Prasidh Krishna,4.333333333333333
1529273,1,12,6,M Prasidh Krishna,-0.4083333333333331
1529273,1,15,6,K Rabada,-4.704166666666667
1529273,2,5,6,Krish Bhagat,0.9166666666666666
1529273,2,8,6,AM Ghazanfar,2.6833333333333336
1529273,2,12,6,Ashwani Kumar,-9.361111111111112
1529273,2,15,6,AM Ghazanfar,-3.829411764705882
1529274,1,5,6,L Ngidi,3.227272727272727
1529274,1,8,6,AR Patel,2.7583333333333333
1529274,1,12,6,Mukesh Kumar,3.7
1529274,1,15,6,L Ngidi,3.5999999999999996
1529274,2,5,6,Sakib Hussain,0.5833333333333333
1529274,2,8,6,Nithish Kumar Reddy,6.1499999999999995
1529274,2,12,6,D Madushanka,0.8833333333333331
1529274,2,15,6,E Malinga,-4.883333333333334
1529275,1,5,6,Mohsin Khan,-2.7583333333333333
1529275,1,8,6,Prince Yadav,-0.375
1529275,1,12,6,Mohammed Shami,-3.0
1529275,1,15,6,Prince Yadav,-3.7999999999999994
1529275,2,5,6,N Burger,-1.8611111111111112
1529275,2,8,6,Ravi Bishnoi,1.5
1529275,2,12,6,Brijesh Sharma,2.9583333333333335
1529275,2,15,6,N Burger,-3.5041666666666664
1529276,1,5,6,MJ Santner,0.7166666666666665
1529276,1,8,6,AM Ghazanfar,-2.4611111111111112
1529276,1,12,6,Ashwani Kumar,0.29999999999999977
1529276,1,15,6,Krish Bhagat,6.75
1529276,2,5,6,Mukesh Choudhary,-2.1411764705882357
1529276,2,8,6,Noor Ahmad,2.64
1529276,2,12,6,Noor Ahmad,-2.9444444444444446
1529276,2,15,6,Gurjapneet Singh,1.25
1529277,1,5,6,Rasikh Salam,5.341666666666667
1529277,1,8,6,KH Pandya,2.8
1529277,1,12,6,Suyash Sharma,1.133333333333333
1529277,1,15,6,JR Hazlewood,1.2999999999999998
1529277,2,5,6,JO Holder,3.4333333333333336
1529277,2,8,6,M Prasidh Krishna,7.558333333333334
1529277,2,12,6,Rashid Khan,2.7888888888888896
1529277,2,15,6,MJ Suthar,-1.7
1529278,1,5,6,M Jansen,3.075
1529278,1,8,6,YS Chahal,3.7416666666666667
1529278,1,12,6,MP Stoinis,6.5
1529278,1,15,6,Vijaykumar Vyshak,7.700000000000001
1529278,2,5,6,Mukesh Kumar,11.625
1529278,2,8,6,AR Patel,3.6666666666666665
1529278,2,12,6,AR Patel,2.325
1529278,2,15,6,Kuldeep Yadav,0.008695652173913326
1529279,1,5,6,Sakib Hussain,7.22
1529279,1,8,6,Sakib Hussain,4.45
1529279,1,12,6,Nithish Kumar Reddy,3.75
1529279,1,15,6,PP Hinge,5.666666666666667
1529279,2,5,6,Brijesh Sharma,11.625
1529279,2,8,6,Brijesh Sharma,7.909090909090909
1529279,2,12,6,JC Archer,-2.5444444444444443
1529279,2,15,6,Brijesh Sharma,5.550000000000001
1529280,1,5,6,K Rabada,-4.266666666666667
1529280,1,8,6,MJ Suthar,-2.675
1529280,1,12,6,Arshad Khan,1.9333333333333333
1529280,1,15,6,Arshad Khan,-0.8666666666666669
1529280,2,5,6,A Kamboj,0.9555555555555554
1529280,2,8,6,Noor Ahmad,-0.7749999999999999
1529280,2,12,6,AJ Hosein,5.4222222222222225
1529280,2,15,6,Gurjapneet Singh,5.788888888888889
1529281,1,5,6,DS Rathi,0.30000000000000004
1529281,1,8,6,GF Linde,7.866666666666667
1529281,1,12,6,Prince Yadav,-1.0
1529281,1,15,6,Prince Yadav,-1.1722222222222218
1529281,2,5,6,VG Arora,-1.9388888888888887
1529281,2,8,6,CV Varun,2.5416666666666665
1529281,2,12,6,SP Narine,0.05555555555555558
1529281,2,15,6,AS Roy,1.3583333333333336
1529282,1,5,6,JR Hazlewood,-8.355555555555556
1529282,1,8,6,Rasikh Salam,2.141666666666667
1529282,1,12,6,KH Pandya,-1.25
1529282,1,15,6,Suyash Sharma,-4.2125
1529282,2,5,6,AR Patel,1.75
1529283,1,5,6,N Burger,7.138888888888889
1529283,1,8,6,Yash Raj Punja,1.7250000000000005
1529283,1,12,6,Brijesh Sharma,1.475
1529283,1,15,6,Yash Raj Punja,-0.7208333333333334
1529283,2,5,6,LH Ferguson,7.675
1529283,2,8,6,Harpreet Brar,1.511111111111111
1529283,2,12,6,M Jansen,3.7750000000000004
1529283,2,15,6,M Jansen,5.123529411764705
1529284,1,5,6,Sakib Hussain,8.6
1529284,1,8,6,E Malinga,-1.725
1529284,1,12,6,E Malinga,-1.0
1529284,1,15,6,PP Hinge,3.611111111111111
1529284,2,5,6,JJ Bumrah,5.966666666666667
1529284,2,8,6,AM Ghazanfar,-2.0666666666666664
1529284,2,12,6,HH Pandya,-0.2749999999999999
1529284,2,15,6,AM Ghazanfar,0.7791666666666665
1529285,1,5,6,K Rabada,1.7444444444444445
1529285,1,8,6,JO Holder,2.2250000000000005
1529285,1,12,6,K Rabada,1.9500000000000002
1529285,1,15,6,Rashid Khan,-4.570833333333333
1529285,2,5,6,JR Hazlewood,7.516666666666667
1529285,2,8,6,R Shepherd,2.4333333333333336
1529285,2,12,6,R Shepherd,-1.9333333333333333
1529286,1,5,6,KA Jamieson,2.1722222222222225
1529286,1,8,6,AR Patel,3.9611111111111104
1529286,1,12,6,T Natarajan,3.608333333333334
1529286,1,15,6,KA Jamieson,2.941666666666667
1529286,2,5,6,Brijesh Sharma,4.616666666666667
1529286,2,8,6,Ravi Bishnoi,6.466666666666667
1529286,2,12,6,TU Deshpande,3.858333333333334
1529286,2,15,6,JC Archer,2.035294117647059
