match_id,innings,over,ball_in_over,b8_actual,b8_predicted_prob
335983,1,0,1,0,0.34292879586449154
335983,1,0,2,0,0.3758145906828431
335983,1,0,3,0,0.3938488080906707
335983,1,0,4,0,0.4602282905161428
335983,1,0,5,1,0.43792108377104433
335983,1,0,6,0,0.45949297480388923
335983,1,1,1,1,0.4525308533705715
335983,1,1,2,1,0.4881511531128101
335983,1,1,3,1,0.48756148271071864
335983,1,1,4,0,0.48647024865685395
335983,1,1,5,0,0.4975858702072483
335983,1,1,6,0,0.48628602533951665
335983,1,1,7,0,0.5312862305625888
335983,1,2,1,0,0.5190878099045545
335983,1,2,2,1,0.5457346582819104
335983,1,2,3,0,0.5423809985898028
335983,1,2,4,0,0.5448509898803643
335983,1,2,5,0,7.095521043020302e-05
335983,1,2,6,0,0.5115990693400252
335983,1,2,7,0,0.5434680194742225
335983,1,3,1,0,0.5337666435806119
335983,1,3,2,0,0.5638169988704329
335983,1,3,3,0,0.5585545807436305
335983,1,3,4,0,0.5565925666499939
335983,1,3,5,0,0.5246458156249383
335983,1,3,6,1,0.5246355576704819
335983,1,4,1,0,0.5206506544590599
335983,1,4,2,0,0.551039817989514
335983,1,4,3,1,0.5606554352374578
335983,1,4,4,1,0.5762705207465938
335983,1,4,5,0,0.5393899851249258
335983,1,4,6,0,0.5176374469950858
335983,1,5,1,1,0.5250350315577206
335983,1,5,2,1,0.5543179916196347
335983,1,5,3,0,0.536775701611716
335983,1,5,4,0,0.5816632492887467
335983,1,5,5,0,0.5157067894326071
335983,1,5,6,0,0.5158472392310883
335983,2,0,1,1,0.34292879586449154
335983,2,0,2,0,0.3758145906828431
335983,2,0,3,0,0.3938488080906707
335983,2,0,4,0,0.4602282905161428
335983,2,0,5,0,0.43792108377104433
335983,2,0,6,1,0.45949297480388923
335983,2,1,1,0,0.4525308533705715
335983,2,1,2,0,0.4881511531128101
335983,2,1,3,0,0.48756148271071864
335983,2,1,4,0,0.48647024865685395
335983,2,1,5,1,0.4975858702072483
335983,2,1,6,0,0.48628602533951665
335983,2,2,1,0,0.5190878099045545
335983,2,2,2,1,0.5457346582819104
335983,2,2,3,0,0.5423809985898028
335983,2,2,4,1,0.5448509898803643
335983,2,2,5,0,0.5350637168710821
335983,2,2,6,0,0.5115990693400252
335983,2,3,1,0,0.5337666435806119
335983,2,3,2,0,0.5638169988704329
335983,2,3,3,0,0.5585545807436305
335983,2,3,4,0,0.5565925666499939
335983,2,3,5,0,0.5246458156249383
335983,2,3,6,1,0.5246355576704819
335983,2,4,1,0,0.5206506544590599
335983,2,4,2,0,0.551039817989514
335983,2,4,3,0,0.5606554352374578
335983,2,4,4,0,0.5762705207465938
335983,2,4,5,1,0.5393899851249258
335983,2,4,6,1,0.5176374469950858
335983,2,5,1,0,0.5250350315577206
335983,2,5,2,1,0.5543179916196347
335983,2,5,3,0,0.536775701611716
335983,2,5,4,0,0.5816632492887467
335983,2,5,5,0,0.5157067894326071
335983,2,5,6,0,0.00010310924426488355
335983,2,5,7,0,0.5010579670010621
335983,2,5,8,1,0.26535124916327246
335990,1,0,1,0,0.34292879586449154
335990,1,0,2,1,0.3758145906828431
335990,1,0,3,0,0.3938488080906707
335990,1,0,4,0,0.4602282905161428
335990,1,0,5,1,0.43792108377104433
335990,1,0,6,1,0.45949297480388923
335990,1,1,1,0,0.4525308533705715
335990,1,1,2,0,0.4881511531128101
335990,1,1,3,1,0.48756148271071864
335990,1,1,4,0,0.48647024865685395
335990,1,1,5,0,0.4975858702072483
335990,1,1,6,1,0.48628602533951665
335990,1,2,1,0,0.5190878099045545
335990,1,2,2,0,6.71210527059499e-05
335990,1,2,3,0,0.5423809985898028
335990,1,2,4,1,0.5448509898803643
335990,1,2,5,1,0.5350637168710821
335990,1,2,6,0,8.629539099572611e-05
335990,1,3,1,0,0.5337666435806119
335990,1,3,2,0,0.5638169988704329
335990,1,3,3,0,0.5585545807436305
335990,1,3,4,0,0.5565925666499939
335990,1,3,5,0,0.5246458156249383
335990,1,3,6,0,0.5246355576704819
335990,1,4,1,0,0.5206506544590599
335990,1,4,2,1,0.551039817989514
335990,1,4,3,1,0.5606554352374578
335990,1,4,4,0,0.5762705207465938
335990,1,4,5,0,0.5393899851249258
335990,1,4,6,1,0.5176374469950858
335990,1,5,1,0,0.5250350315577206
335990,1,5,2,1,0.5543179916196347
335990,1,5,3,0,0.536775701611716
335990,1,5,4,0,0.5816632492887467
335990,1,5,5,0,0.5157067894326071
335990,1,5,6,1,0.5158472392310883
335990,1,5,7,0,0.5010579670010621
335990,2,0,1,0,0.34292879586449154
335990,2,0,2,0,0.3758145906828431
335990,2,0,3,1,0.3938488080906707
335990,2,0,4,0,0.4602282905161428
335990,2,0,5,0,0.43792108377104433
335990,2,0,6,0,0.45949297480388923
335990,2,1,1,1,0.4525308533705715
335990,2,1,2,0,0.4881511531128101
335990,2,1,3,0,0.48756148271071864
335990,2,1,4,0,0.48647024865685395
335990,2,1,5,0,0.4975858702072483
335990,2,1,6,0,0.48628602533951665
335990,2,2,1,0,0.0001421325131760957
335990,2,2,2,0,0.5457346582819104
335990,2,2,3,0,0.5423809985898028
335990,2,2,4,0,0.5448509898803643
335990,2,2,5,0,0.5350637168710821
335990,2,2,6,1,0.5115990693400252
335990,2,3,1,0,0.5337666435806119
335990,2,3,2,1,0.5638169988704329
335990,2,3,3,1,0.5585545807436305
335990,2,3,4,0,0.5565925666499939
335990,2,3,5,0,0.5246458156249383
335990,2,3,6,0,0.5246355576704819
335990,2,3,7,1,0.5656720274535049
335990,2,4,1,1,0.5206506544590599
335990,2,4,2,1,0.551039817989514
335990,2,4,3,1,0.5606554352374578
335990,2,4,4,0,0.5762705207465938
335990,2,4,5,1,0.5393899851249258
335990,2,4,6,0,0.5176374469950858
335990,2,5,1,1,0.5250350315577206
335990,2,5,2,1,0.5543179916196347
335990,2,5,3,0,0.536775701611716
335990,2,5,4,1,0.5816632492887467
335990,2,5,5,0,0.5157067894326071
335990,2,5,6,0,0.5158472392310883
335995,1,0,1,0,0.34292879586449154
335995,1,0,2,0,0.3758145906828431
335995,1,0,3,0,0.3938488080906707
335995,1,0,4,0,0.4602282905161428
335995,1,0,5,1,0.43792108377104433
335995,1,0,6,0,0.45949297480388923
335995,1,1,1,0,0.4525308533705715
335995,1,1,2,0,0.4881511531128101
335995,1,1,3,0,0.48756148271071864
335995,1,1,4,0,0.48647024865685395
335995,1,1,5,0,8.911846280782056e-05
335995,1,1,6,0,0.48628602533951665
335995,1,1,7,0,0.5312862305625888
335995,1,2,1,0,0.5190878099045545
335995,1,2,2,0,0.5457346582819104
335995,1,2,3,0,6.163767430463305e-05
335995,1,2,4,1,0.5448509898803643
335995,1,2,5,0,0.5350637168710821
335995,1,2,6,0,0.5115990693400252
335995,1,3,1,0,0.5337666435806119
335995,1,3,2,0,0.5638169988704329
335995,1,3,3,1,0.5585545807436305
335995,1,3,4,1,0.5565925666499939
335995,1,3,5,0,0.5246458156249383
335995,1,3,6,0,0.5246355576704819
335995,1,3,7,0,0.5656720274535049
335995,1,4,1,1,0.5206506544590599
335995,1,4,2,0,0.551039817989514
335995,1,4,3,0,0.5606554352374578
335995,1,4,4,0,0.5762705207465938
335995,1,4,5,1,0.5393899851249258
335995,1,4,6,0,0.5176374469950858
335995,1,5,1,0,0.5250350315577206
335995,1,5,2,0,0.5543179916196347
335995,1,5,3,1,0.536775701611716
335995,1,5,4,0,0.5816632492887467
335995,1,5,5,0,0.5157067894326071
335995,1,5,6,0,0.00010310924426488355
335995,2,0,1,0,0.34292879586449154
335995,2,0,2,0,0.3758145906828431
335995,2,0,3,0,0.3938488080906707
335995,2,0,4,0,0.4602282905161428
335995,2,0,5,0,0.43792108377104433
335995,2,0,6,0,0.00022371304020557016
335995,2,1,1,0,0.4525308533705715
335995,2,1,2,0,0.4881511531128101
335995,2,1,3,0,0.48756148271071864
335995,2,1,4,0,0.48647024865685395
335995,2,1,5,1,0.4975858702072483
335995,2,1,6,0,0.00010856370594880755
335995,2,2,1,0,0.5190878099045545
335995,2,2,2,0,0.5457346582819104
335995,2,2,3,1,0.5423809985898028
335995,2,2,4,1,0.5448509898803643
335995,2,2,5,0,0.5350637168710821
335995,2,2,6,0,0.5115990693400252
335995,2,3,1,0,0.5337666435806119
335995,2,3,2,0,0.5638169988704329
335995,2,3,3,0,0.5585545807436305
335995,2,3,4,1,0.5565925666499939
335995,2,3,5,1,0.5246458156249383
335995,2,3,6,1,0.5246355576704819
335995,2,4,1,0,0.5206506544590599
335995,2,4,2,0,0.551039817989514
335995,2,4,3,0,0.5606554352374578
335995,2,4,4,0,0.5762705207465938
335995,2,4,5,1,0.5393899851249258
335995,2,4,6,1,0.5176374469950858
335995,2,5,1,0,0.5250350315577206
335995,2,5,2,1,0.5543179916196347
335995,2,5,3,0,0.536775701611716
335995,2,5,4,0,0.5816632492887467
335995,2,5,5,0,0.5157067894326071
335995,2,5,6,1,0.5158472392310883
335996,1,0,1,0,0.34292879586449154
335996,1,0,2,0,0.3758145906828431
335996,1,0,3,0,0.3938488080906707
335996,1,0,4,0,0.4602282905161428
335996,1,0,5,0,0.43792108377104433
335996,1,0,6,0,0.45949297480388923
335996,1,1,1,0,0.4525308533705715
335996,1,1,2,0,0.4881511531128101
335996,1,1,3,0,0.48756148271071864
335996,1,1,4,1,0.48647024865685395
335996,1,1,5,0,0.4975858702072483
335996,1,1,6,1,0.48628602533951665
335996,1,2,1,0,0.5190878099045545
335996,1,2,2,0,0.5457346582819104
335996,1,2,3,0,0.5423809985898028
335996,1,2,4,0,0.5448509898803643
335996,1,2,5,0,0.5350637168710821
335996,1,2,6,0,0.5115990693400252
335996,1,2,7,0,0.5434680194742225
335996,1,2,8,0,0.6242857061636626
335996,1,3,1,0,0.5337666435806119
335996,1,3,2,0,0.5638169988704329
335996,1,3,3,0,0.5585545807436305
335996,1,3,4,0,0.5565925666499939
335996,1,3,5,1,0.5246458156249383
335996,1,3,6,0,8.912938714004702e-05
335996,1,4,1,0,0.5206506544590599
335996,1,4,2,0,0.551039817989514
335996,1,4,3,0,0.5606554352374578
335996,1,4,4,0,0.5762705207465938
335996,1,4,5,0,0.5393899851249258
335996,1,4,6,0,0.5176374469950858
335996,1,5,1,0,0.5250350315577206
335996,1,5,2,1,0.5543179916196347
335996,1,5,3,0,0.536775701611716
335996,1,5,4,1,0.5816632492887467
335996,1,5,5,0,0.5157067894326071
335996,1,5,6,0,0.5158472392310883
335996,2,0,1,0,0.34292879586449154
335996,2,0,2,0,0.3758145906828431
335996,2,0,3,0,0.3938488080906707
335996,2,0,4,0,0.4602282905161428
335996,2,0,5,0,0.43792108377104433
335996,2,0,6,0,0.45949297480388923
335996,2,0,7,0,0.4455858771989033
335996,2,0,8,0,0.3455787779741998
335996,2,1,1,0,0.4525308533705715
335996,2,1,2,0,0.4881511531128101
335996,2,1,3,0,0.48756148271071864
335996,2,1,4,1,0.48647024865685395
335996,2,1,5,0,0.4975858702072483
335996,2,1,6,0,0.48628602533951665
335996,2,2,1,0,0.5190878099045545
335996,2,2,2,0,0.5457346582819104
335996,2,2,3,0,0.5423809985898028
335996,2,2,4,0,0.5448509898803643
335996,2,2,5,0,0.5350637168710821
335996,2,2,6,0,0.5115990693400252
335996,2,3,1,0,0.00015952827975369624
335996,2,3,2,0,0.5638169988704329
335996,2,3,3,0,0.5585545807436305
335996,2,3,4,1,0.5565925666499939
335996,2,3,5,0,0.5246458156249383
335996,2,3,6,0,0.5246355576704819
335996,2,4,1,0,0.5206506544590599
335996,2,4,2,1,0.551039817989514
335996,2,4,3,0,0.5606554352374578
335996,2,4,4,0,0.5762705207465938
335996,2,4,5,0,0.5393899851249258
335996,2,4,6,1,0.5176374469950858
335996,2,5,1,0,0.5250350315577206
335996,2,5,2,0,0.5543179916196347
335996,2,5,3,1,0.536775701611716
335996,2,5,4,0,0.5816632492887467
335996,2,5,5,0,0.5157067894326071
335996,2,5,6,1,0.5158472392310883
336002,1,0,1,0,0.34292879586449154
336002,1,0,2,0,0.3758145906828431
336002,1,0,3,0,0.3938488080906707
336002,1,0,4,0,0.4602282905161428
336002,1,0,5,0,0.43792108377104433
336002,1,0,6,0,0.45949297480388923
336002,1,0,7,0,0.4455858771989033
336002,1,1,1,0,0.4525308533705715
336002,1,1,2,0,0.4881511531128101
336002,1,1,3,0,0.48756148271071864
336002,1,1,4,0,0.48647024865685395
336002,1,1,5,1,0.4975858702072483
336002,1,1,6,0,0.48628602533951665
336002,1,1,7,0,0.5312862305625888
336002,1,2,1,0,0.5190878099045545
336002,1,2,2,0,0.5457346582819104
336002,1,2,3,0,0.5423809985898028
336002,1,2,4,0,0.5448509898803643
336002,1,2,5,0,0.5350637168710821
336002,1,2,6,0,0.5115990693400252
336002,1,3,1,0,0.5337666435806119
336002,1,3,2,0,0.5638169988704329
336002,1,3,3,0,0.5585545807436305
336002,1,3,4,0,0.5565925666499939
336002,1,3,5,0,0.5246458156249383
336002,1,3,6,0,0.5246355576704819
336002,1,4,1,0,0.5206506544590599
336002,1,4,2,0,0.551039817989514
336002,1,4,3,0,0.5606554352374578
336002,1,4,4,1,0.5762705207465938
336002,1,4,5,1,0.5393899851249258
336002,1,4,6,0,0.5176374469950858
336002,1,4,7,0,0.5314435327996707
336002,1,5,1,0,0.5250350315577206
336002,1,5,2,0,0.5543179916196347
336002,1,5,3,0,0.536775701611716
336002,1,5,4,0,0.5816632492887467
336002,1,5,5,0,0.5157067894326071
336002,1,5,6,1,0.5158472392310883
336002,2,0,1,0,0.34292879586449154
336002,2,0,2,0,0.3758145906828431
336002,2,0,3,0,0.3938488080906707
336002,2,0,4,1,0.4602282905161428
336002,2,0,5,1,0.43792108377104433
336002,2,0,6,0,0.45949297480388923
336002,2,1,1,0,0.4525308533705715
336002,2,1,2,0,0.4881511531128101
336002,2,1,3,0,0.48756148271071864
336002,2,1,4,0,0.48647024865685395
336002,2,1,5,0,0.4975858702072483
336002,2,1,6,1,0.48628602533951665
336002,2,2,1,0,0.5190878099045545
336002,2,2,2,1,0.5457346582819104
336002,2,2,3,0,0.5423809985898028
336002,2,2,4,0,6.313139414108697e-05
336002,2,2,5,1,0.5350637168710821
336002,2,2,6,0,0.5115990693400252
336002,2,3,1,0,0.5337666435806119
336002,2,3,2,1,0.5638169988704329
336002,2,3,3,0,0.5585545807436305
336002,2,3,4,0,0.5565925666499939
336002,2,3,5,0,0.5246458156249383
336002,2,3,6,0,0.5246355576704819
336002,2,4,1,0,0.5206506544590599
336002,2,4,2,0,0.551039817989514
336002,2,4,3,0,0.5606554352374578
336002,2,4,4,0,0.5762705207465938
336002,2,4,5,0,0.5393899851249258
336002,2,4,6,1,0.5176374469950858
336002,2,5,1,0,0.5250350315577206
336002,2,5,2,0,0.5543179916196347
336002,2,5,3,0,0.536775701611716
336002,2,5,4,0,0.5816632492887467
336002,2,5,5,1,0.5157067894326071
336002,2,5,6,0,0.5158472392310883
336003,1,0,1,0,0.34292879586449154
336003,1,0,2,0,0.3758145906828431
336003,1,0,3,1,0.3938488080906707
336003,1,0,4,0,0.4602282905161428
336003,1,0,5,0,0.43792108377104433
336003,1,0,6,0,0.45949297480388923
336003,1,1,1,0,0.4525308533705715
336003,1,1,2,1,0.4881511531128101
336003,1,1,3,1,0.48756148271071864
336003,1,1,4,0,0.48647024865685395
336003,1,1,5,0,0.4975858702072483
336003,1,1,6,0,0.48628602533951665
336003,1,2,1,0,0.5190878099045545
336003,1,2,2,0,0.5457346582819104
336003,1,2,3,1,0.5423809985898028
336003,1,2,4,0,0.5448509898803643
336003,1,2,5,0,0.5350637168710821
336003,1,2,6,0,0.5115990693400252
336003,1,3,1,0,0.5337666435806119
336003,1,3,2,0,0.5638169988704329
336003,1,3,3,1,0.5585545807436305
336003,1,3,4,0,0.5565925666499939
336003,1,3,5,0,6.745302613039633e-05
336003,1,3,6,1,0.5246355576704819
336003,1,4,1,0,0.5206506544590599
336003,1,4,2,0,0.551039817989514
336003,1,4,3,0,0.5606554352374578
336003,1,4,4,0,0.5762705207465938
336003,1,4,5,1,0.5393899851249258
336003,1,4,6,0,0.5176374469950858
336003,1,4,7,1,0.5314435327996707
336003,1,5,1,1,0.5250350315577206
336003,1,5,2,0,0.5543179916196347
336003,1,5,3,0,0.536775701611716
336003,1,5,4,0,0.5816632492887467
336003,1,5,5,0,0.5157067894326071
336003,1,5,6,0,0.5158472392310883
336003,1,5,7,0,0.5010579670010621
336003,2,0,1,0,0.34292879586449154
336003,2,0,2,0,0.3758145906828431
336003,2,0,3,0,0.3938488080906707
336003,2,0,4,1,0.4602282905161428
336003,2,0,5,0,0.43792108377104433
336003,2,0,6,0,0.45949297480388923
336003,2,0,7,0,0.4455858771989033
336003,2,1,1,0,0.4525308533705715
336003,2,1,2,0,0.4881511531128101
336003,2,1,3,0,0.48756148271071864
336003,2,1,4,1,0.48647024865685395
336003,2,1,5,0,0.4975858702072483
336003,2,1,6,0,0.48628602533951665
336003,2,2,1,0,0.5190878099045545
336003,2,2,2,0,0.5457346582819104
336003,2,2,3,1,0.5423809985898028
336003,2,2,4,0,0.5448509898803643
336003,2,2,5,0,7.095521043020302e-05
336003,2,2,6,0,0.5115990693400252
336003,2,3,1,0,0.00015952827975369624
336003,2,3,2,0,0.5638169988704329
336003,2,3,3,0,0.5585545807436305
336003,2,3,4,0,0.5565925666499939
336003,2,3,5,0,0.5246458156249383
336003,2,3,6,0,8.912938714004702e-05
336003,2,4,1,0,0.5206506544590599
336003,2,4,2,0,0.551039817989514
336003,2,4,3,0,0.5606554352374578
336003,2,4,4,1,0.5762705207465938
336003,2,4,5,0,0.5393899851249258
336003,2,4,6,0,9.72386209166237e-05
336003,2,5,1,0,0.5250350315577206
336003,2,5,2,0,0.5543179916196347
336003,2,5,3,0,0.536775701611716
336003,2,5,4,0,0.5816632492887467
336003,2,5,5,0,0.5157067894326071
336003,2,5,6,0,0.5158472392310883
336003,2,5,7,0,0.5010579670010621
336016,1,0,1,0,0.34292879586449154
336016,1,0,2,0,0.3758145906828431
336016,1,0,3,0,0.3938488080906707
336016,1,0,4,0,0.4602282905161428
336016,1,0,5,0,0.43792108377104433
336016,1,0,6,0,0.45949297480388923
336016,1,1,1,0,0.4525308533705715
336016,1,1,2,0,0.4881511531128101
336016,1,1,3,0,0.48756148271071864
336016,1,1,4,0,0.48647024865685395
336016,1,1,5,0,0.4975858702072483
336016,1,1,6,0,0.48628602533951665
336016,1,2,1,0,0.0001421325131760957
336016,1,2,2,0,0.5457346582819104
336016,1,2,3,0,0.5423809985898028
336016,1,2,4,0,0.5448509898803643
336016,1,2,5,1,0.5350637168710821
336016,1,2,6,1,0.5115990693400252
336016,1,3,1,1,0.5337666435806119
336016,1,3,2,1,0.5638169988704329
336016,1,3,3,0,0.5585545807436305
336016,1,3,4,0,0.5565925666499939
336016,1,3,5,0,0.5246458156249383
336016,1,3,6,0,0.5246355576704819
336016,1,4,1,1,0.5206506544590599
336016,1,4,2,0,0.551039817989514
336016,1,4,3,0,0.5606554352374578
336016,1,4,4,0,0.5762705207465938
336016,1,4,5,1,0.5393899851249258
336016,1,4,6,0,9.72386209166237e-05
336016,1,5,1,0,0.5250350315577206
336016,1,5,2,1,0.5543179916196347
336016,1,5,3,1,0.536775701611716
336016,1,5,4,0,8.289229948853374e-05
336016,1,5,5,0,0.5157067894326071
336016,1,5,6,0,0.5158472392310883
336016,1,5,7,0,0.5010579670010621
336016,2,0,1,0,0.34292879586449154
336016,2,0,2,0,0.3758145906828431
336016,2,0,3,0,0.3938488080906707
336016,2,0,4,1,0.4602282905161428
336016,2,0,5,0,0.43792108377104433
336016,2,0,6,0,0.45949297480388923
336016,2,0,7,0,0.4455858771989033
336016,2,1,1,0,0.4525308533705715
336016,2,1,2,0,0.4881511531128101
336016,2,1,3,0,0.48756148271071864
336016,2,1,4,0,0.48647024865685395
336016,2,1,5,0,0.4975858702072483
336016,2,1,6,0,0.48628602533951665
336016,2,2,1,0,0.5190878099045545
336016,2,2,2,0,0.5457346582819104
336016,2,2,3,0,0.5423809985898028
336016,2,2,4,0,0.5448509898803643
336016,2,2,5,0,0.5350637168710821
336016,2,2,6,0,0.5115990693400252
336016,2,3,1,0,0.5337666435806119
336016,2,3,2,0,0.5638169988704329
336016,2,3,3,0,0.5585545807436305
336016,2,3,4,1,0.5565925666499939
336016,2,3,5,0,0.5246458156249383
336016,2,3,6,0,0.5246355576704819
336016,2,4,1,0,0.5206506544590599
336016,2,4,2,0,0.551039817989514
336016,2,4,3,1,0.5606554352374578
336016,2,4,4,0,0.5762705207465938
336016,2,4,5,0,0.5393899851249258
336016,2,4,6,0,0.5176374469950858
336016,2,5,1,0,0.5250350315577206
336016,2,5,2,0,0.5543179916196347
336016,2,5,3,0,0.536775701611716
336016,2,5,4,0,0.5816632492887467
336016,2,5,5,1,0.5157067894326071
336016,2,5,6,0,0.5158472392310883
336018,1,0,1,0,0.34292879586449154
336018,1,0,2,0,0.3758145906828431
336018,1,0,3,0,0.3938488080906707
336018,1,0,4,0,0.4602282905161428
336018,1,0,5,0,0.43792108377104433
336018,1,0,6,0,0.45949297480388923
336018,1,1,1,1,0.4525308533705715
336018,1,1,2,0,0.4881511531128101
336018,1,1,3,0,0.48756148271071864
336018,1,1,4,1,0.48647024865685395
336018,1,1,5,0,0.4975858702072483
336018,1,1,6,1,0.48628602533951665
336018,1,2,1,0,0.5190878099045545
336018,1,2,2,0,0.5457346582819104
336018,1,2,3,0,0.5423809985898028
336018,1,2,4,0,0.5448509898803643
336018,1,2,5,0,7.095521043020302e-05
336018,1,2,6,0,0.5115990693400252
336018,1,3,1,0,0.5337666435806119
336018,1,3,2,0,0.5638169988704329
336018,1,3,3,0,0.5585545807436305
336018,1,3,4,0,0.5565925666499939
336018,1,3,5,0,0.5246458156249383
336018,1,3,6,0,0.5246355576704819
336018,1,4,1,0,0.5206506544590599
336018,1,4,2,0,0.551039817989514
336018,1,4,3,0,0.5606554352374578
336018,1,4,4,0,0.5762705207465938
336018,1,4,5,0,0.5393899851249258
336018,1,4,6,0,0.5176374469950858
336018,1,5,1,1,0.5250350315577206
336018,1,5,2,0,0.5543179916196347
336018,1,5,3,0,0.536775701611716
336018,1,5,4,0,0.5816632492887467
336018,1,5,5,0,7.613948438054935e-05
336018,1,5,6,0,0.5158472392310883
336018,2,0,1,0,0.34292879586449154
336018,2,0,2,0,0.3758145906828431
336018,2,0,3,0,0.3938488080906707
336018,2,0,4,0,0.4602282905161428
336018,2,0,5,0,0.43792108377104433
336018,2,0,6,1,0.45949297480388923
336018,2,1,1,0,0.4525308533705715
336018,2,1,2,1,0.4881511531128101
336018,2,1,3,0,0.48756148271071864
336018,2,1,4,0,0.48647024865685395
336018,2,1,5,1,0.4975858702072483
336018,2,1,6,0,0.48628602533951665
336018,2,1,7,0,0.5312862305625888
336018,2,2,1,0,0.5190878099045545
336018,2,2,2,0,0.5457346582819104
336018,2,2,3,0,0.5423809985898028
336018,2,2,4,0,0.5448509898803643
336018,2,2,5,0,0.5350637168710821
336018,2,2,6,0,0.5115990693400252
336018,2,2,7,0,0.5434680194742225
336018,2,2,8,0,0.6242857061636626
336018,2,3,1,1,0.5337666435806119
336018,2,3,2,0,0.5638169988704329
336018,2,3,3,0,0.5585545807436305
336018,2,3,4,1,0.5565925666499939
336018,2,3,5,0,0.5246458156249383
336018,2,3,6,0,0.5246355576704819
336018,2,4,1,0,0.5206506544590599
336018,2,4,2,1,0.551039817989514
336018,2,4,3,0,0.5606554352374578
336018,2,4,4,1,0.5762705207465938
336018,2,4,5,0,0.5393899851249258
336018,2,4,6,1,0.5176374469950858
336018,2,4,7,0,0.5314435327996707
336018,2,5,1,1,0.5250350315577206
336018,2,5,2,1,0.5543179916196347
336018,2,5,3,1,0.536775701611716
336018,2,5,4,0,0.5816632492887467
336018,2,5,5,0,0.5157067894326071
336018,2,5,6,1,0.5158472392310883
336018,2,5,7,0,0.5010579670010621
336022,1,0,1,0,0.34292879586449154
336022,1,0,2,0,0.3758145906828431
336022,1,0,3,0,0.3938488080906707
336022,1,0,4,0,0.4602282905161428
336022,1,0,5,0,0.43792108377104433
336022,1,0,6,0,0.45949297480388923
336022,1,0,7,0,0.4455858771989033
336022,1,0,8,1,0.3455787779741998
336022,1,0,9,0,0.3895811776970382
336022,1,1,1,0,0.4525308533705715
336022,1,1,2,0,0.4881511531128101
336022,1,1,3,1,0.48756148271071864
336022,1,1,4,0,0.48647024865685395
336022,1,1,5,0,0.4975858702072483
336022,1,1,6,0,0.48628602533951665
336022,1,2,1,0,0.5190878099045545
336022,1,2,2,0,0.5457346582819104
336022,1,2,3,1,0.5423809985898028
336022,1,2,4,0,0.5448509898803643
336022,1,2,5,0,0.5350637168710821
336022,1,2,6,0,0.5115990693400252
336022,1,3,1,0,0.5337666435806119
336022,1,3,2,1,0.5638169988704329
336022,1,3,3,0,0.5585545807436305
336022,1,3,4,1,0.5565925666499939
336022,1,3,5,0,0.5246458156249383
336022,1,3,6,0,0.5246355576704819
336022,1,4,1,0,0.5206506544590599
336022,1,4,2,0,0.551039817989514
336022,1,4,3,0,0.5606554352374578
336022,1,4,4,0,0.5762705207465938
336022,1,4,5,0,0.5393899851249258
336022,1,4,6,0,0.5176374469950858
336022,1,4,7,1,0.5314435327996707
336022,1,5,1,0,0.5250350315577206
336022,1,5,2,1,0.5543179916196347
336022,1,5,3,0,0.536775701611716
336022,1,5,4,1,0.5816632492887467
336022,1,5,5,1,0.5157067894326071
336022,1,5,6,1,0.5158472392310883
336022,2,0,1,0,0.34292879586449154
336022,2,0,2,0,0.3758145906828431
336022,2,0,3,0,0.3938488080906707
336022,2,0,4,0,0.4602282905161428
336022,2,0,5,0,0.43792108377104433
336022,2,0,6,0,0.45949297480388923
336022,2,1,1,0,0.00020676315770243133
336022,2,1,2,0,0.4881511531128101
336022,2,1,3,0,0.48756148271071864
336022,2,1,4,1,0.48647024865685395
336022,2,1,5,1,0.4975858702072483
336022,2,1,6,0,0.48628602533951665
336022,2,1,7,0,0.5312862305625888
336022,2,2,1,0,0.5190878099045545
336022,2,2,2,0,0.5457346582819104
336022,2,2,3,0,0.5423809985898028
336022,2,2,4,1,0.5448509898803643
336022,2,2,5,1,0.5350637168710821
336022,2,2,6,0,8.629539099572611e-05
336022,2,3,1,0,0.5337666435806119
336022,2,3,2,0,0.5638169988704329
336022,2,3,3,0,6.085998866754581e-05
336022,2,3,4,0,0.5565925666499939
336022,2,3,5,0,0.5246458156249383
336022,2,3,6,0,0.5246355576704819
336022,2,4,1,1,0.5206506544590599
336022,2,4,2,0,0.551039817989514
336022,2,4,3,1,0.5606554352374578
336022,2,4,4,1,0.5762705207465938
336022,2,4,5,0,0.5393899851249258
336022,2,4,6,1,0.5176374469950858
336022,2,4,7,0,0.5314435327996707
336022,2,5,1,0,0.5250350315577206
336022,2,5,2,1,0.5543179916196347
336022,2,5,3,0,0.536775701611716
336022,2,5,4,1,0.5816632492887467
336022,2,5,5,0,0.5157067894326071
336022,2,5,6,0,0.5158472392310883
336036,1,0,1,0,0.34292879586449154
336036,1,0,2,0,0.3758145906828431
336036,1,0,3,0,0.3938488080906707
336036,1,0,4,0,0.4602282905161428
336036,1,0,5,0,0.43792108377104433
336036,1,0,6,0,0.45949297480388923
336036,1,0,7,0,0.4455858771989033
336036,1,1,1,0,0.4525308533705715
336036,1,1,2,0,0.4881511531128101
336036,1,1,3,0,0.48756148271071864
336036,1,1,4,0,0.48647024865685395
336036,1,1,5,0,0.4975858702072483
336036,1,1,6,0,0.48628602533951665
336036,1,1,7,0,0.5312862305625888
336036,1,2,1,0,0.5190878099045545
336036,1,2,2,0,0.5457346582819104
336036,1,2,3,0,0.5423809985898028
336036,1,2,4,0,0.5448509898803643
336036,1,2,5,1,0.5350637168710821
336036,1,2,6,0,0.5115990693400252
336036,1,3,1,0,0.5337666435806119
336036,1,3,2,0,0.5638169988704329
336036,1,3,3,0,0.5585545807436305
336036,1,3,4,0,0.5565925666499939
336036,1,3,5,0,0.5246458156249383
336036,1,3,6,0,0.5246355576704819
336036,1,4,1,0,0.5206506544590599
336036,1,4,2,1,0.551039817989514
336036,1,4,3,0,0.5606554352374578
336036,1,4,4,0,0.5762705207465938
336036,1,4,5,0,0.5393899851249258
336036,1,4,6,0,0.5176374469950858
336036,1,4,7,0,0.5314435327996707
336036,1,5,1,0,0.5250350315577206
336036,1,5,2,0,0.5543179916196347
336036,1,5,3,0,0.536775701611716
336036,1,5,4,0,0.5816632492887467
336036,1,5,5,0,0.5157067894326071
336036,1,5,6,0,0.5158472392310883
336036,2,0,1,0,0.34292879586449154
336036,2,0,2,0,0.3758145906828431
336036,2,0,3,0,0.3938488080906707
336036,2,0,4,0,0.4602282905161428
336036,2,0,5,0,0.43792108377104433
336036,2,0,6,0,0.45949297480388923
336036,2,1,1,1,0.4525308533705715
336036,2,1,2,0,0.4881511531128101
336036,2,1,3,1,0.48756148271071864
336036,2,1,4,0,0.48647024865685395
336036,2,1,5,0,0.4975858702072483
336036,2,1,6,0,0.48628602533951665
336036,2,2,1,0,0.5190878099045545
336036,2,2,2,0,0.5457346582819104
336036,2,2,3,0,0.5423809985898028
336036,2,2,4,0,0.5448509898803643
336036,2,2,5,1,0.5350637168710821
336036,2,2,6,1,0.5115990693400252
336036,2,3,1,0,0.00015952827975369624
336036,2,3,2,0,0.5638169988704329
336036,2,3,3,0,0.5585545807436305
336036,2,3,4,0,0.5565925666499939
336036,2,3,5,0,0.5246458156249383
336036,2,3,6,0,0.5246355576704819
336036,2,3,7,0,0.5656720274535049
336036,2,4,1,0,0.5206506544590599
336036,2,4,2,0,0.551039817989514
336036,2,4,3,0,0.5606554352374578
336036,2,4,4,0,0.5762705207465938
336036,2,4,5,1,0.5393899851249258
336036,2,4,6,0,0.5176374469950858
336036,2,4,7,0,0.5314435327996707
336036,2,5,1,0,0.00016316266614252873
336036,2,5,2,0,0.5543179916196347
336036,2,5,3,0,0.536775701611716
336036,2,5,4,0,0.5816632492887467
336036,2,5,5,0,0.5157067894326071
336036,2,5,6,0,0.5158472392310883
336036,2,5,7,0,0.5010579670010621
392188,1,0,1,0,0.34292879586449154
392188,1,0,2,1,0.3758145906828431
392188,1,0,3,1,0.3938488080906707
392188,1,0,4,1,0.4602282905161428
392188,1,0,5,0,0.43792108377104433
392188,1,0,6,0,0.45949297480388923
392188,1,1,1,0,0.4525308533705715
392188,1,1,2,1,0.4881511531128101
392188,1,1,3,0,0.48756148271071864
392188,1,1,4,1,0.48647024865685395
392188,1,1,5,0,0.4975858702072483
392188,1,1,6,1,0.48628602533951665
392188,1,2,1,1,0.5190878099045545
392188,1,2,2,0,0.5457346582819104
392188,1,2,3,0,0.5423809985898028
392188,1,2,4,0,0.5448509898803643
392188,1,2,5,0,0.5350637168710821
392188,1,2,6,0,0.5115990693400252
392188,1,3,1,0,0.5337666435806119
392188,1,3,2,0,0.5638169988704329
392188,1,3,3,0,0.5585545807436305
392188,1,3,4,1,0.5565925666499939
392188,1,3,5,0,6.745302613039633e-05
392188,1,3,6,0,0.5246355576704819
392188,1,4,1,0,0.5206506544590599
392188,1,4,2,0,0.551039817989514
392188,1,4,3,0,0.5606554352374578
392188,1,4,4,0,0.5762705207465938
392188,1,4,5,0,0.5393899851249258
392188,1,4,6,0,0.5176374469950858
392188,1,5,1,0,0.5250350315577206
392188,1,5,2,1,0.5543179916196347
392188,1,5,3,1,0.536775701611716
392188,1,5,4,0,0.5816632492887467
392188,1,5,5,0,0.5157067894326071
392188,1,5,6,0,0.5158472392310883
392188,2,0,1,0,0.00038148845835141084
392188,2,0,2,0,0.3758145906828431
392188,2,0,3,0,0.3938488080906707
392188,2,0,4,0,0.4602282905161428
392188,2,0,5,1,0.43792108377104433
392188,2,0,6,1,0.45949297480388923
392188,2,1,1,0,0.4525308533705715
392188,2,1,2,0,0.4881511531128101
392188,2,1,3,0,0.48756148271071864
392188,2,1,4,0,0.48647024865685395
392188,2,1,5,0,0.4975858702072483
392188,2,1,6,0,0.48628602533951665
392188,2,2,1,0,0.5190878099045545
392188,2,2,2,0,0.5457346582819104
392188,2,2,3,0,0.5423809985898028
392188,2,2,4,0,0.5448509898803643
392188,2,2,5,0,0.5350637168710821
392188,2,2,6,0,0.5115990693400252
392188,2,3,1,0,0.5337666435806119
392188,2,3,2,1,0.5638169988704329
392188,2,3,3,0,0.5585545807436305
392188,2,3,4,0,0.5565925666499939
392188,2,3,5,0,6.745302613039633e-05
392188,2,3,6,0,0.5246355576704819
392188,2,4,1,0,0.5206506544590599
392188,2,4,2,0,0.551039817989514
392188,2,4,3,0,0.5606554352374578
392188,2,4,4,0,0.5762705207465938
392188,2,4,5,0,0.5393899851249258
392188,2,4,6,0,0.5176374469950858
392188,2,4,7,0,0.5314435327996707
392188,2,4,8,0,0.5480485293374653
392188,2,5,1,0,0.5250350315577206
392188,2,5,2,0,0.5543179916196347
392188,2,5,3,0,0.536775701611716
392188,2,5,4,1,0.5816632492887467
392188,2,5,5,0,0.5157067894326071
392188,2,5,6,0,0.5158472392310883
392212,1,0,1,0,0.34292879586449154
392212,1,0,2,0,0.3758145906828431
392212,1,0,3,1,0.3938488080906707
392212,1,0,4,0,0.4602282905161428
392212,1,0,5,0,0.43792108377104433
392212,1,0,6,0,0.45949297480388923
392212,1,0,7,0,0.4455858771989033
392212,1,1,1,0,0.4525308533705715
392212,1,1,2,0,0.4881511531128101
392212,1,1,3,0,0.48756148271071864
392212,1,1,4,0,0.48647024865685395
392212,1,1,5,0,8.911846280782056e-05
392212,1,1,6,0,0.48628602533951665
392212,1,1,7,0,0.5312862305625888
392212,1,2,1,0,0.5190878099045545
392212,1,2,2,0,0.5457346582819104
392212,1,2,3,0,0.5423809985898028
392212,1,2,4,0,0.5448509898803643
392212,1,2,5,0,0.5350637168710821
392212,1,2,6,1,0.5115990693400252
392212,1,2,7,0,0.5434680194742225
392212,1,3,1,0,0.5337666435806119
392212,1,3,2,1,0.5638169988704329
392212,1,3,3,0,0.5585545807436305
392212,1,3,4,0,0.5565925666499939
392212,1,3,5,0,0.5246458156249383
392212,1,3,6,0,0.5246355576704819
392212,1,4,1,0,0.5206506544590599
392212,1,4,2,1,0.551039817989514
392212,1,4,3,0,0.5606554352374578
392212,1,4,4,0,0.5762705207465938
392212,1,4,5,1,0.5393899851249258
392212,1,4,6,0,0.5176374469950858
392212,1,5,1,0,0.5250350315577206
392212,1,5,2,0,0.5543179916196347
392212,1,5,3,0,6.970130872207562e-05
392212,1,5,4,0,0.5816632492887467
392212,1,5,5,0,0.5157067894326071
392212,1,5,6,0,0.5158472392310883
392212,2,0,1,0,0.34292879586449154
392212,2,0,2,0,0.3758145906828431
392212,2,0,3,0,0.3938488080906707
392212,2,0,4,0,0.4602282905161428
392212,2,0,5,1,0.43792108377104433
392212,2,0,6,0,0.45949297480388923
392212,2,1,1,0,0.4525308533705715
392212,2,1,2,0,0.4881511531128101
392212,2,1,3,0,0.48756148271071864
392212,2,1,4,0,8.076183922023021e-05
392212,2,1,5,0,8.911846280782056e-05
392212,2,1,6,0,0.48628602533951665
392212,2,2,1,0,0.5190878099045545
392212,2,2,2,0,0.5457346582819104
392212,2,2,3,0,0.5423809985898028
392212,2,2,4,0,0.5448509898803643
392212,2,2,5,0,0.5350637168710821
392212,2,2,6,0,0.5115990693400252
392212,2,3,1,0,0.5337666435806119
392212,2,3,2,0,0.5638169988704329
392212,2,3,3,0,0.5585545807436305
392212,2,3,4,1,0.5565925666499939
392212,2,3,5,0,0.5246458156249383
392212,2,3,6,0,0.5246355576704819
392212,2,3,7,1,0.5656720274535049
392212,2,4,1,0,0.5206506544590599
392212,2,4,2,0,0.551039817989514
392212,2,4,3,0,0.5606554352374578
392212,2,4,4,1,0.5762705207465938
392212,2,4,5,0,0.5393899851249258
392212,2,4,6,0,0.5176374469950858
392212,2,5,1,1,0.5250350315577206
392212,2,5,2,0,0.5543179916196347
392212,2,5,3,0,0.536775701611716
392212,2,5,4,0,0.5816632492887467
392212,2,5,5,1,0.5157067894326071
392212,2,5,6,0,0.5158472392310883
392216,1,0,1,0,0.34292879586449154
392216,1,0,2,0,0.3758145906828431
392216,1,0,3,0,0.3938488080906707
392216,1,0,4,0,0.4602282905161428
392216,1,0,5,1,0.43792108377104433
392216,1,0,6,0,0.45949297480388923
392216,1,0,7,0,0.4455858771989033
392216,1,1,1,0,0.4525308533705715
392216,1,1,2,0,0.4881511531128101
392216,1,1,3,1,0.48756148271071864
392216,1,1,4,0,0.48647024865685395
392216,1,1,5,1,0.4975858702072483
392216,1,1,6,0,0.48628602533951665
392216,1,2,1,0,0.5190878099045545
392216,1,2,2,0,0.5457346582819104
392216,1,2,3,0,0.5423809985898028
392216,1,2,4,0,0.5448509898803643
392216,1,2,5,0,0.5350637168710821
392216,1,2,6,1,0.5115990693400252
392216,1,2,7,0,0.5434680194742225
392216,1,3,1,1,0.5337666435806119
392216,1,3,2,0,0.5638169988704329
392216,1,3,3,0,0.5585545807436305
392216,1,3,4,0,6.256559681168003e-05
392216,1,3,5,0,0.5246458156249383
392216,1,3,6,0,0.5246355576704819
392216,1,4,1,0,0.5206506544590599
392216,1,4,2,0,0.551039817989514
392216,1,4,3,1,0.5606554352374578
392216,1,4,4,0,0.5762705207465938
392216,1,4,5,0,0.5393899851249258
392216,1,4,6,0,0.5176374469950858
392216,1,5,1,0,0.5250350315577206
392216,1,5,2,1,0.5543179916196347
392216,1,5,3,0,0.536775701611716
392216,1,5,4,0,0.5816632492887467
392216,1,5,5,0,0.5157067894326071
392216,1,5,6,0,0.5158472392310883
392216,2,0,1,0,0.34292879586449154
392216,2,0,2,0,0.3758145906828431
392216,2,0,3,0,0.3938488080906707
392216,2,0,4,1,0.4602282905161428
392216,2,0,5,0,0.43792108377104433
392216,2,0,6,0,0.45949297480388923
392216,2,0,7,0,0.4455858771989033
392216,2,1,1,1,0.4525308533705715
392216,2,1,2,1,0.4881511531128101
392216,2,1,3,0,0.48756148271071864
392216,2,1,4,0,0.48647024865685395
392216,2,1,5,0,0.4975858702072483
392216,2,1,6,0,0.48628602533951665
392216,2,2,1,0,0.5190878099045545
392216,2,2,2,0,0.5457346582819104
392216,2,2,3,0,0.5423809985898028
392216,2,2,4,0,0.5448509898803643
392216,2,2,5,0,0.5350637168710821
392216,2,2,6,1,0.5115990693400252
392216,2,3,1,0,0.5337666435806119
392216,2,3,2,0,0.5638169988704329
392216,2,3,3,0,0.5585545807436305
392216,2,3,4,0,0.5565925666499939
392216,2,3,5,1,0.5246458156249383
392216,2,3,6,1,0.5246355576704819
392216,2,4,1,0,0.5206506544590599
392216,2,4,2,0,0.551039817989514
392216,2,4,3,0,7.01966065263333e-05
392216,2,4,4,0,0.5762705207465938
392216,2,4,5,0,7.839876431801788e-05
392216,2,4,6,0,0.5176374469950858
392216,2,5,1,0,0.5250350315577206
392216,2,5,2,0,0.5543179916196347
392216,2,5,3,0,0.536775701611716
392216,2,5,4,0,0.5816632492887467
392216,2,5,5,0,0.5157067894326071
392216,2,5,6,0,0.5158472392310883
392220,1,0,1,0,0.34292879586449154
392220,1,0,2,0,0.3758145906828431
392220,1,0,3,0,0.3938488080906707
392220,1,0,4,0,0.4602282905161428
392220,1,0,5,0,0.43792108377104433
392220,1,0,6,0,0.45949297480388923
392220,1,0,7,1,0.4455858771989033
392220,1,1,1,0,0.4525308533705715
392220,1,1,2,0,0.4881511531128101
392220,1,1,3,0,0.48756148271071864
392220,1,1,4,0,0.48647024865685395
392220,1,1,5,0,0.4975858702072483
392220,1,1,6,0,0.48628602533951665
392220,1,2,1,0,0.5190878099045545
392220,1,2,2,1,0.5457346582819104
392220,1,2,3,0,0.5423809985898028
392220,1,2,4,0,0.5448509898803643
392220,1,2,5,0,0.5350637168710821
392220,1,2,6,0,0.5115990693400252
392220,1,3,1,0,0.5337666435806119
392220,1,3,2,0,0.5638169988704329
392220,1,3,3,0,6.085998866754581e-05
392220,1,3,4,0,0.5565925666499939
392220,1,3,5,0,0.5246458156249383
392220,1,3,6,1,0.5246355576704819
392220,1,4,1,0,0.5206506544590599
392220,1,4,2,0,0.551039817989514
392220,1,4,3,0,0.5606554352374578
392220,1,4,4,0,0.5762705207465938
392220,1,4,5,0,0.5393899851249258
392220,1,4,6,0,0.5176374469950858
392220,1,5,1,0,0.5250350315577206
392220,1,5,2,1,0.5543179916196347
392220,1,5,3,0,0.536775701611716
392220,1,5,4,1,0.5816632492887467
392220,1,5,5,0,7.613948438054935e-05
392220,1,5,6,0,0.5158472392310883
392220,2,0,1,0,0.34292879586449154
392220,2,0,2,0,0.3758145906828431
392220,2,0,3,0,0.3938488080906707
392220,2,0,4,0,0.4602282905161428
392220,2,0,5,0,0.43792108377104433
392220,2,0,6,1,0.45949297480388923
392220,2,1,1,0,0.00020676315770243133
392220,2,1,2,0,0.4881511531128101
392220,2,1,3,0,0.48756148271071864
392220,2,1,4,0,0.48647024865685395
392220,2,1,5,0,0.4975858702072483
392220,2,1,6,0,0.48628602533951665
392220,2,2,1,0,0.5190878099045545
392220,2,2,2,0,0.5457346582819104
392220,2,2,3,0,0.5423809985898028
392220,2,2,4,0,0.5448509898803643
392220,2,2,5,1,0.5350637168710821
392220,2,2,6,0,0.5115990693400252
392220,2,2,7,0,0.5434680194742225
392220,2,3,1,0,0.5337666435806119
392220,2,3,2,0,0.5638169988704329
392220,2,3,3,1,0.5585545807436305
392220,2,3,4,0,0.5565925666499939
392220,2,3,5,0,0.5246458156249383
392220,2,3,6,0,8.912938714004702e-05
392220,2,3,7,0,0.5656720274535049
392220,2,4,1,0,0.5206506544590599
392220,2,4,2,0,0.551039817989514
392220,2,4,3,0,0.5606554352374578
392220,2,4,4,1,0.5762705207465938
392220,2,4,5,0,0.5393899851249258
392220,2,4,6,0,0.5176374469950858
392220,2,5,1,0,0.5250350315577206
392220,2,5,2,1,0.5543179916196347
392220,2,5,3,0,0.536775701611716
392220,2,5,4,0,0.5816632492887467
392220,2,5,5,0,0.5157067894326071
392220,2,5,6,0,0.5158472392310883
392223,1,0,1,0,0.34292879586449154
392223,1,0,2,0,0.3758145906828431
392223,1,0,3,0,0.3938488080906707
392223,1,0,4,0,0.4602282905161428
392223,1,0,5,0,0.43792108377104433
392223,1,0,6,0,0.45949297480388923
392223,1,0,7,0,0.4455858771989033
392223,1,1,1,0,0.4525308533705715
392223,1,1,2,0,0.4881511531128101
392223,1,1,3,0,9.24106665955198e-05
392223,1,1,4,0,0.48647024865685395
392223,1,1,5,0,0.4975858702072483
392223,1,1,6,1,0.48628602533951665
392223,1,1,7,1,0.5312862305625888
392223,1,2,1,0,0.5190878099045545
392223,1,2,2,0,0.5457346582819104
392223,1,2,3,0,0.5423809985898028
392223,1,2,4,0,0.5448509898803643
392223,1,2,5,0,0.5350637168710821
392223,1,2,6,0,0.5115990693400252
392223,1,3,1,1,0.5337666435806119
392223,1,3,2,0,0.5638169988704329
392223,1,3,3,0,0.5585545807436305
392223,1,3,4,0,0.5565925666499939
392223,1,3,5,0,0.5246458156249383
392223,1,3,6,0,0.5246355576704819
392223,1,4,1,0,0.5206506544590599
392223,1,4,2,0,0.551039817989514
392223,1,4,3,1,0.5606554352374578
392223,1,4,4,0,0.5762705207465938
392223,1,4,5,0,0.5393899851249258
392223,1,4,6,0,0.5176374469950858
392223,1,4,7,0,0.5314435327996707
392223,1,5,1,1,0.5250350315577206
392223,1,5,2,1,0.5543179916196347
392223,1,5,3,0,0.536775701611716
392223,1,5,4,1,0.5816632492887467
392223,1,5,5,1,0.5157067894326071
392223,1,5,6,1,0.5158472392310883
392223,2,0,1,0,0.34292879586449154
392223,2,0,2,1,0.3758145906828431
392223,2,0,3,1,0.3938488080906707
392223,2,0,4,0,0.4602282905161428
392223,2,0,5,1,0.43792108377104433
392223,2,0,6,1,0.45949297480388923
392223,2,1,1,0,0.4525308533705715
392223,2,1,2,0,0.4881511531128101
392223,2,1,3,1,0.48756148271071864
392223,2,1,4,0,0.48647024865685395
392223,2,1,5,1,0.4975858702072483
392223,2,1,6,0,0.48628602533951665
392223,2,1,7,0,0.5312862305625888
392223,2,2,1,0,0.5190878099045545
392223,2,2,2,0,0.5457346582819104
392223,2,2,3,0,0.5423809985898028
392223,2,2,4,0,0.5448509898803643
392223,2,2,5,0,0.5350637168710821
392223,2,2,6,0,8.629539099572611e-05
392223,2,2,7,0,0.5434680194742225
392223,2,3,1,0,0.5337666435806119
392223,2,3,2,0,0.5638169988704329
392223,2,3,3,0,0.5585545807436305
392223,2,3,4,0,0.5565925666499939
392223,2,3,5,1,0.5246458156249383
392223,2,3,6,0,0.5246355576704819
392223,2,4,1,0,0.5206506544590599
392223,2,4,2,0,7.766533673193968e-05
392223,2,4,3,0,0.5606554352374578
392223,2,4,4,0,0.5762705207465938
392223,2,4,5,0,0.5393899851249258
392223,2,4,6,0,0.5176374469950858
392223,2,5,1,1,0.5250350315577206
392223,2,5,2,0,0.5543179916196347
392223,2,5,3,0,0.536775701611716
392223,2,5,4,0,0.5816632492887467
392223,2,5,5,0,0.5157067894326071
392223,2,5,6,0,0.5158472392310883
392223,2,5,7,0,0.5010579670010621
392228,1,0,1,0,0.34292879586449154
392228,1,0,2,0,0.3758145906828431
392228,1,0,3,1,0.3938488080906707
392228,1,0,4,0,0.4602282905161428
392228,1,0,5,0,0.43792108377104433
392228,1,0,6,0,0.45949297480388923
392228,1,1,1,1,0.4525308533705715
392228,1,1,2,0,0.4881511531128101
392228,1,1,3,0,0.48756148271071864
392228,1,1,4,0,0.48647024865685395
392228,1,1,5,0,0.4975858702072483
392228,1,1,6,0,0.48628602533951665
392228,1,2,1,0,0.5190878099045545
392228,1,2,2,0,0.5457346582819104
392228,1,2,3,0,0.5423809985898028
392228,1,2,4,0,0.5448509898803643
392228,1,2,5,0,0.5350637168710821
392228,1,2,6,0,0.5115990693400252
392228,1,3,1,0,0.5337666435806119
392228,1,3,2,0,0.5638169988704329
392228,1,3,3,0,0.5585545807436305
392228,1,3,4,1,0.5565925666499939
392228,1,3,5,0,0.5246458156249383
392228,1,3,6,0,0.5246355576704819
392228,1,3,7,0,0.5656720274535049
392228,1,4,1,0,0.5206506544590599
392228,1,4,2,0,0.551039817989514
392228,1,4,3,0,7.01966065263333e-05
392228,1,4,4,0,0.5762705207465938
392228,1,4,5,0,0.5393899851249258
392228,1,4,6,0,0.5176374469950858
392228,1,5,1,0,0.5250350315577206
392228,1,5,2,0,0.5543179916196347
392228,1,5,3,0,0.536775701611716
392228,1,5,4,0,0.5816632492887467
392228,1,5,5,0,0.5157067894326071
392228,1,5,6,0,0.5158472392310883
392228,2,0,1,0,0.34292879586449154
392228,2,0,2,0,0.3758145906828431
392228,2,0,3,1,0.3938488080906707
392228,2,0,4,0,0.4602282905161428
392228,2,0,5,0,0.43792108377104433
392228,2,0,6,0,0.45949297480388923
392228,2,1,1,0,0.4525308533705715
392228,2,1,2,0,0.4881511531128101
392228,2,1,3,1,0.48756148271071864
392228,2,1,4,1,0.48647024865685395
392228,2,1,5,0,0.4975858702072483
392228,2,1,6,0,0.48628602533951665
392228,2,2,1,0,0.5190878099045545
392228,2,2,2,0,0.5457346582819104
392228,2,2,3,1,0.5423809985898028
392228,2,2,4,1,0.5448509898803643
392228,2,2,5,0,0.5350637168710821
392228,2,2,6,0,0.5115990693400252
392228,2,3,1,0,0.5337666435806119
392228,2,3,2,0,0.5638169988704329
392228,2,3,3,0,0.5585545807436305
392228,2,3,4,0,0.5565925666499939
392228,2,3,5,1,0.5246458156249383
392228,2,3,6,0,0.5246355576704819
392228,2,3,7,1,0.5656720274535049
392228,2,4,1,0,0.5206506544590599
392228,2,4,2,0,0.551039817989514
392228,2,4,3,0,0.5606554352374578
392228,2,4,4,0,0.5762705207465938
392228,2,4,5,0,0.5393899851249258
392228,2,4,6,0,0.5176374469950858
392228,2,5,1,0,0.5250350315577206
392228,2,5,2,1,0.5543179916196347
392228,2,5,3,0,0.536775701611716
392228,2,5,4,1,0.5816632492887467
392228,2,5,5,0,0.5157067894326071
392228,2,5,6,0,0.5158472392310883
392236,1,0,1,0,0.34292879586449154
392236,1,0,2,0,0.3758145906828431
392236,1,0,3,0,0.3938488080906707
392236,1,0,4,0,0.4602282905161428
392236,1,0,5,0,0.43792108377104433
392236,1,0,6,0,0.45949297480388923
392236,1,1,1,0,0.4525308533705715
392236,1,1,2,0,0.4881511531128101
392236,1,1,3,0,0.48756148271071864
392236,1,1,4,0,0.48647024865685395
392236,1,1,5,0,0.4975858702072483
392236,1,1,6,0,0.00010856370594880755
392236,1,2,1,0,0.5190878099045545
392236,1,2,2,0,0.5457346582819104
392236,1,2,3,1,0.5423809985898028
392236,1,2,4,1,0.5448509898803643
392236,1,2,5,0,0.5350637168710821
392236,1,2,6,0,0.5115990693400252
392236,1,3,1,0,0.5337666435806119
392236,1,3,2,0,0.5638169988704329
392236,1,3,3,0,0.5585545807436305
392236,1,3,4,0,0.5565925666499939
392236,1,3,5,1,0.5246458156249383
392236,1,3,6,1,0.5246355576704819
392236,1,4,1,0,0.5206506544590599
392236,1,4,2,0,0.551039817989514
392236,1,4,3,0,0.5606554352374578
392236,1,4,4,0,0.5762705207465938
392236,1,4,5,0,0.5393899851249258
392236,1,4,6,0,0.5176374469950858
392236,1,5,1,0,0.5250350315577206
392236,1,5,2,0,0.5543179916196347
392236,1,5,3,0,0.536775701611716
392236,1,5,4,0,0.5816632492887467
392236,1,5,5,0,0.5157067894326071
392236,1,5,6,0,0.5158472392310883
392236,2,0,1,0,0.34292879586449154
392236,2,0,2,0,0.3758145906828431
392236,2,0,3,1,0.3938488080906707
392236,2,0,4,0,0.4602282905161428
392236,2,0,5,0,0.43792108377104433
392236,2,0,6,0,0.45949297480388923
392236,2,1,1,0,0.4525308533705715
392236,2,1,2,1,0.4881511531128101
392236,2,1,3,0,0.48756148271071864
392236,2,1,4,0,0.48647024865685395
392236,2,1,5,0,0.4975858702072483
392236,2,1,6,0,0.48628602533951665
392236,2,2,1,0,0.5190878099045545
392236,2,2,2,0,0.5457346582819104
392236,2,2,3,0,0.5423809985898028
392236,2,2,4,0,0.5448509898803643
392236,2,2,5,0,0.5350637168710821
392236,2,2,6,0,0.5115990693400252
392236,2,3,1,0,0.5337666435806119
392236,2,3,2,1,0.5638169988704329
392236,2,3,3,0,0.5585545807436305
392236,2,3,4,0,0.5565925666499939
392236,2,3,5,0,0.5246458156249383
392236,2,3,6,0,0.5246355576704819
392236,2,4,1,1,0.5206506544590599
392236,2,4,2,1,0.551039817989514
392236,2,4,3,1,0.5606554352374578
392236,2,4,4,0,0.5762705207465938
392236,2,4,5,0,0.5393899851249258
392236,2,4,6,1,0.5176374469950858
392236,2,4,7,0,0.5314435327996707
392236,2,5,1,0,0.5250350315577206
392236,2,5,2,0,0.5543179916196347
392236,2,5,3,0,0.536775701611716
392236,2,5,4,1,0.5816632492887467
392236,2,5,5,1,0.5157067894326071
392236,2,5,6,0,0.5158472392310883
392236,2,5,7,0,0.5010579670010621
392237,1,0,1,0,0.34292879586449154
392237,1,0,2,0,0.3758145906828431
392237,1,0,3,0,0.3938488080906707
392237,1,0,4,0,0.4602282905161428
392237,1,0,5,0,0.0001647836315587949
392237,1,0,6,0,0.00022371304020557016
392237,1,1,1,0,0.4525308533705715
392237,1,1,2,0,0.4881511531128101
392237,1,1,3,0,0.48756148271071864
392237,1,1,4,0,0.48647024865685395
392237,1,1,5,1,0.4975858702072483
392237,1,1,6,1,0.48628602533951665
392237,1,2,1,0,0.5190878099045545
392237,1,2,2,1,0.5457346582819104
392237,1,2,3,0,0.5423809985898028
392237,1,2,4,0,0.5448509898803643
392237,1,2,5,0,0.5350637168710821
392237,1,2,6,1,0.5115990693400252
392237,1,3,1,1,0.5337666435806119
392237,1,3,2,0,0.5638169988704329
392237,1,3,3,0,0.5585545807436305
392237,1,3,4,0,0.5565925666499939
392237,1,3,5,0,0.5246458156249383
392237,1,3,6,0,0.5246355576704819
392237,1,3,7,1,0.5656720274535049
392237,1,4,1,0,0.5206506544590599
392237,1,4,2,0,0.551039817989514
392237,1,4,3,0,0.5606554352374578
392237,1,4,4,0,0.5762705207465938
392237,1,4,5,0,0.5393899851249258
392237,1,4,6,0,0.5176374469950858
392237,1,4,7,0,0.5314435327996707
392237,1,5,1,0,0.5250350315577206
392237,1,5,2,1,0.5543179916196347
392237,1,5,3,0,0.536775701611716
392237,1,5,4,0,0.5816632492887467
392237,1,5,5,1,0.5157067894326071
392237,1,5,6,0,0.5158472392310883
392237,2,0,1,0,0.34292879586449154
392237,2,0,2,0,0.3758145906828431
392237,2,0,3,1,0.3938488080906707
392237,2,0,4,1,0.4602282905161428
392237,2,0,5,1,0.43792108377104433
392237,2,0,6,1,0.45949297480388923
392237,2,0,7,1,0.4455858771989033
392237,2,1,1,0,0.4525308533705715
392237,2,1,2,0,0.4881511531128101
392237,2,1,3,0,9.24106665955198e-05
392237,2,1,4,0,0.48647024865685395
392237,2,1,5,0,0.4975858702072483
392237,2,1,6,0,0.48628602533951665
392237,2,1,7,0,0.5312862305625888
392237,2,2,1,1,0.5190878099045545
392237,2,2,2,1,0.5457346582819104
392237,2,2,3,1,0.5423809985898028
392237,2,2,4,0,0.5448509898803643
392237,2,2,5,0,0.5350637168710821
392237,2,2,6,0,0.5115990693400252
392237,2,2,7,0,0.5434680194742225
392237,2,3,1,0,0.5337666435806119
392237,2,3,2,0,0.5638169988704329
392237,2,3,3,0,0.5585545807436305
392237,2,3,4,0,0.5565925666499939
392237,2,3,5,1,0.5246458156249383
392237,2,3,6,1,0.5246355576704819
392237,2,3,7,0,0.5656720274535049
392237,2,4,1,0,0.5206506544590599
392237,2,4,2,0,0.551039817989514
392237,2,4,3,0,0.5606554352374578
392237,2,4,4,0,0.5762705207465938
392237,2,4,5,0,0.5393899851249258
392237,2,4,6,0,0.5176374469950858
392237,2,5,1,0,0.5250350315577206
392237,2,5,2,1,0.5543179916196347
392237,2,5,3,1,0.536775701611716
392237,2,5,4,1,0.5816632492887467
392237,2,5,5,1,0.5157067894326071
392237,2,5,6,0,0.5158472392310883
392237,2,5,7,0,0.5010579670010621
419110,1,0,1,0,0.34292879586449154
419110,1,0,2,0,0.3758145906828431
419110,1,0,3,0,0.3938488080906707
419110,1,0,4,0,0.4602282905161428
419110,1,0,5,0,0.43792108377104433
419110,1,0,6,1,0.45949297480388923
419110,1,0,7,0,0.4455858771989033
419110,1,1,1,0,0.4525308533705715
419110,1,1,2,0,0.4881511531128101
419110,1,1,3,1,0.48756148271071864
419110,1,1,4,1,0.48647024865685395
419110,1,1,5,1,0.4975858702072483
419110,1,1,6,0,0.48628602533951665
419110,1,2,1,0,0.5190878099045545
419110,1,2,2,0,0.5457346582819104
419110,1,2,3,1,0.5423809985898028
419110,1,2,4,1,0.5448509898803643
419110,1,2,5,1,0.5350637168710821
419110,1,2,6,0,0.5115990693400252
419110,1,3,1,0,0.5337666435806119
419110,1,3,2,0,0.5638169988704329
419110,1,3,3,0,0.5585545807436305
419110,1,3,4,0,0.5565925666499939
419110,1,3,5,1,0.5246458156249383
419110,1,3,6,0,0.5246355576704819
419110,1,4,1,0,0.5206506544590599
419110,1,4,2,0,0.551039817989514
419110,1,4,3,0,0.5606554352374578
419110,1,4,4,1,0.5762705207465938
419110,1,4,5,0,0.5393899851249258
419110,1,4,6,0,9.72386209166237e-05
419110,1,4,7,0,0.0002460094382492787
419110,1,4,8,0,0.5480485293374653
419110,1,5,1,0,0.5250350315577206
419110,1,5,2,0,0.5543179916196347
419110,1,5,3,0,0.536775701611716
419110,1,5,4,0,0.5816632492887467
419110,1,5,5,0,0.5157067894326071
419110,1,5,6,0,0.5158472392310883
419110,1,5,7,0,0.5010579670010621
419110,2,0,1,0,0.34292879586449154
419110,2,0,2,0,0.3758145906828431
419110,2,0,3,0,0.3938488080906707
419110,2,0,4,0,0.4602282905161428
419110,2,0,5,0,0.43792108377104433
419110,2,0,6,0,0.45949297480388923
419110,2,1,1,0,0.4525308533705715
419110,2,1,2,0,0.4881511531128101
419110,2,1,3,0,0.48756148271071864
419110,2,1,4,0,0.48647024865685395
419110,2,1,5,1,0.4975858702072483
419110,2,1,6,0,0.48628602533951665
419110,2,2,1,0,0.0001421325131760957
419110,2,2,2,0,0.5457346582819104
419110,2,2,3,1,0.5423809985898028
419110,2,2,4,0,6.313139414108697e-05
419110,2,2,5,0,0.5350637168710821
419110,2,2,6,1,0.5115990693400252
419110,2,3,1,0,0.5337666435806119
419110,2,3,2,0,0.5638169988704329
419110,2,3,3,1,0.5585545807436305
419110,2,3,4,0,0.5565925666499939
419110,2,3,5,0,0.5246458156249383
419110,2,3,6,0,0.5246355576704819
419110,2,4,1,0,0.00015180114801475284
419110,2,4,2,0,0.551039817989514
419110,2,4,3,0,0.5606554352374578
419110,2,4,4,0,0.5762705207465938
419110,2,4,5,0,0.5393899851249258
419110,2,4,6,0,0.5176374469950858
419110,2,5,1,0,0.5250350315577206
419110,2,5,2,0,0.5543179916196347
419110,2,5,3,0,6.970130872207562e-05
419110,2,5,4,0,0.5816632492887467
419110,2,5,5,0,0.5157067894326071
419110,2,5,6,0,0.5158472392310883
419112,1,0,1,0,0.34292879586449154
419112,1,0,2,0,0.3758145906828431
419112,1,0,3,0,0.3938488080906707
419112,1,0,4,0,0.4602282905161428
419112,1,0,5,0,0.43792108377104433
419112,1,0,6,0,0.45949297480388923
419112,1,1,1,0,0.4525308533705715
419112,1,1,2,0,0.4881511531128101
419112,1,1,3,0,0.48756148271071864
419112,1,1,4,0,0.48647024865685395
419112,1,1,5,0,0.4975858702072483
419112,1,1,6,1,0.48628602533951665
419112,1,1,7,0,0.5312862305625888
419112,1,2,1,0,0.5190878099045545
419112,1,2,2,0,0.5457346582819104
419112,1,2,3,0,0.5423809985898028
419112,1,2,4,1,0.5448509898803643
419112,1,2,5,0,0.5350637168710821
419112,1,2,6,0,0.5115990693400252
419112,1,2,7,0,0.5434680194742225
419112,1,2,8,0,0.6242857061636626
419112,1,3,1,0,0.5337666435806119
419112,1,3,2,0,0.5638169988704329
419112,1,3,3,1,0.5585545807436305
419112,1,3,4,0,0.5565925666499939
419112,1,3,5,0,0.5246458156249383
419112,1,3,6,0,0.5246355576704819
419112,1,3,7,0,0.5656720274535049
419112,1,4,1,0,0.5206506544590599
419112,1,4,2,0,0.551039817989514
419112,1,4,3,0,0.5606554352374578
419112,1,4,4,0,0.5762705207465938
419112,1,4,5,1,0.5393899851249258
419112,1,4,6,0,0.5176374469950858
419112,1,4,7,0,0.5314435327996707
419112,1,5,1,1,0.5250350315577206
419112,1,5,2,0,0.5543179916196347
419112,1,5,3,1,0.536775701611716
419112,1,5,4,0,0.5816632492887467
419112,1,5,5,1,0.5157067894326071
419112,1,5,6,0,0.5158472392310883
419112,2,0,1,0,0.34292879586449154
419112,2,0,2,0,0.3758145906828431
419112,2,0,3,0,0.3938488080906707
419112,2,0,4,0,0.4602282905161428
419112,2,0,5,0,0.43792108377104433
419112,2,0,6,1,0.45949297480388923
419112,2,1,1,0,0.4525308533705715
419112,2,1,2,0,0.4881511531128101
419112,2,1,3,0,0.48756148271071864
419112,2,1,4,0,0.48647024865685395
419112,2,1,5,0,0.4975858702072483
419112,2,1,6,0,0.48628602533951665
419112,2,1,7,0,0.5312862305625888
419112,2,2,1,1,0.5190878099045545
419112,2,2,2,0,0.5457346582819104
419112,2,2,3,1,0.5423809985898028
419112,2,2,4,0,0.5448509898803643
419112,2,2,5,0,0.5350637168710821
419112,2,2,6,0,0.5115990693400252
419112,2,3,1,0,0.5337666435806119
419112,2,3,2,0,0.5638169988704329
419112,2,3,3,1,0.5585545807436305
419112,2,3,4,0,0.5565925666499939
419112,2,3,5,0,0.5246458156249383
419112,2,3,6,0,0.5246355576704819
419112,2,3,7,0,0.5656720274535049
419112,2,3,8,0,0.6571105056916209
419112,2,3,9,0,0.6211103090646545
419112,2,4,1,0,0.5206506544590599
419112,2,4,2,0,0.551039817989514
419112,2,4,3,1,0.5606554352374578
419112,2,4,4,0,0.5762705207465938
419112,2,4,5,1,0.5393899851249258
419112,2,4,6,0,0.5176374469950858
419112,2,5,1,1,0.5250350315577206
419112,2,5,2,1,0.5543179916196347
419112,2,5,3,0,0.536775701611716
419112,2,5,4,0,0.5816632492887467
419112,2,5,5,0,0.5157067894326071
419112,2,5,6,1,0.5158472392310883
419113,1,0,1,0,0.34292879586449154
419113,1,0,2,0,0.3758145906828431
419113,1,0,3,0,0.3938488080906707
419113,1,0,4,0,0.4602282905161428
419113,1,0,5,0,0.43792108377104433
419113,1,0,6,0,0.45949297480388923
419113,1,1,1,1,0.4525308533705715
419113,1,1,2,0,0.4881511531128101
419113,1,1,3,0,0.48756148271071864
419113,1,1,4,1,0.48647024865685395
419113,1,1,5,0,0.4975858702072483
419113,1,1,6,0,0.48628602533951665
419113,1,2,1,1,0.5190878099045545
419113,1,2,2,0,0.5457346582819104
419113,1,2,3,0,0.5423809985898028
419113,1,2,4,0,0.5448509898803643
419113,1,2,5,0,0.5350637168710821
419113,1,2,6,0,0.5115990693400252
419113,1,3,1,0,0.00015952827975369624
419113,1,3,2,0,0.5638169988704329
419113,1,3,3,0,0.5585545807436305
419113,1,3,4,0,0.5565925666499939
419113,1,3,5,0,0.5246458156249383
419113,1,3,6,0,0.5246355576704819
419113,1,4,1,0,0.5206506544590599
419113,1,4,2,0,0.551039817989514
419113,1,4,3,0,0.5606554352374578
419113,1,4,4,0,0.5762705207465938
419113,1,4,5,0,0.5393899851249258
419113,1,4,6,0,0.5176374469950858
419113,1,5,1,0,0.5250350315577206
419113,1,5,2,1,0.5543179916196347
419113,1,5,3,0,0.536775701611716
419113,1,5,4,0,0.5816632492887467
419113,1,5,5,0,0.5157067894326071
419113,1,5,6,1,0.5158472392310883
419113,2,0,1,0,0.34292879586449154
419113,2,0,2,0,0.00018585311536224735
419113,2,0,3,0,0.3938488080906707
419113,2,0,4,0,0.4602282905161428
419113,2,0,5,0,0.43792108377104433
419113,2,0,6,0,0.45949297480388923
419113,2,1,1,1,0.4525308533705715
419113,2,1,2,1,0.4881511531128101
419113,2,1,3,0,9.24106665955198e-05
419113,2,1,4,0,0.48647024865685395
419113,2,1,5,0,0.4975858702072483
419113,2,1,6,0,0.48628602533951665
419113,2,2,1,0,0.5190878099045545
419113,2,2,2,0,0.5457346582819104
419113,2,2,3,0,0.5423809985898028
419113,2,2,4,0,0.5448509898803643
419113,2,2,5,1,0.5350637168710821
419113,2,2,6,0,0.5115990693400252
419113,2,2,7,0,0.5434680194742225
419113,2,3,1,1,0.5337666435806119
419113,2,3,2,1,0.5638169988704329
419113,2,3,3,0,0.5585545807436305
419113,2,3,4,0,0.5565925666499939
419113,2,3,5,0,0.5246458156249383
419113,2,3,6,1,0.5246355576704819
419113,2,4,1,0,0.5206506544590599
419113,2,4,2,0,0.551039817989514
419113,2,4,3,0,0.5606554352374578
419113,2,4,4,0,0.5762705207465938
419113,2,4,5,1,0.5393899851249258
419113,2,4,6,0,9.72386209166237e-05
419113,2,5,1,0,0.5250350315577206
419113,2,5,2,0,0.5543179916196347
419113,2,5,3,0,0.536775701611716
419113,2,5,4,1,0.5816632492887467
419113,2,5,5,0,0.5157067894326071
419113,2,5,6,1,0.5158472392310883
419121,1,0,1,0,0.34292879586449154
419121,1,0,2,0,0.3758145906828431
419121,1,0,3,0,0.3938488080906707
419121,1,0,4,0,0.4602282905161428
419121,1,0,5,0,0.43792108377104433
419121,1,0,6,0,0.45949297480388923
419121,1,1,1,1,0.4525308533705715
419121,1,1,2,1,0.4881511531128101
419121,1,1,3,0,0.48756148271071864
419121,1,1,4,0,0.48647024865685395
419121,1,1,5,0,0.4975858702072483
419121,1,1,6,0,0.48628602533951665
419121,1,2,1,0,0.5190878099045545
419121,1,2,2,1,0.5457346582819104
419121,1,2,3,0,0.5423809985898028
419121,1,2,4,0,0.5448509898803643
419121,1,2,5,0,7.095521043020302e-05
419121,1,2,6,0,0.5115990693400252
419121,1,3,1,0,0.5337666435806119
419121,1,3,2,0,0.5638169988704329
419121,1,3,3,0,0.5585545807436305
419121,1,3,4,0,0.5565925666499939
419121,1,3,5,0,0.5246458156249383
419121,1,3,6,0,0.5246355576704819
419121,1,4,1,1,0.5206506544590599
419121,1,4,2,0,0.551039817989514
419121,1,4,3,1,0.5606554352374578
419121,1,4,4,0,0.5762705207465938
419121,1,4,5,0,0.5393899851249258
419121,1,4,6,0,0.5176374469950858
419121,1,5,1,0,0.5250350315577206
419121,1,5,2,0,0.5543179916196347
419121,1,5,3,0,0.536775701611716
419121,1,5,4,1,0.5816632492887467
419121,1,5,5,0,0.5157067894326071
419121,1,5,6,0,0.5158472392310883
419121,2,0,1,0,0.34292879586449154
419121,2,0,2,0,0.3758145906828431
419121,2,0,3,0,0.3938488080906707
419121,2,0,4,0,0.4602282905161428
419121,2,0,5,0,0.43792108377104433
419121,2,0,6,0,0.45949297480388923
419121,2,0,7,1,0.4455858771989033
419121,2,1,1,0,0.4525308533705715
419121,2,1,2,0,0.4881511531128101
419121,2,1,3,0,0.48756148271071864
419121,2,1,4,0,0.48647024865685395
419121,2,1,5,0,0.4975858702072483
419121,2,1,6,0,0.48628602533951665
419121,2,1,7,0,0.5312862305625888
419121,2,2,1,1,0.5190878099045545
419121,2,2,2,0,0.5457346582819104
419121,2,2,3,0,0.5423809985898028
419121,2,2,4,0,0.5448509898803643
419121,2,2,5,0,0.5350637168710821
419121,2,2,6,0,0.5115990693400252
419121,2,3,1,0,0.5337666435806119
419121,2,3,2,1,0.5638169988704329
419121,2,3,3,1,0.5585545807436305
419121,2,3,4,0,0.5565925666499939
419121,2,3,5,0,0.5246458156249383
419121,2,3,6,0,0.5246355576704819
419121,2,4,1,0,0.5206506544590599
419121,2,4,2,0,0.551039817989514
419121,2,4,3,1,0.5606554352374578
419121,2,4,4,0,0.5762705207465938
419121,2,4,5,0,0.5393899851249258
419121,2,4,6,0,0.5176374469950858
419121,2,4,7,0,0.5314435327996707
419121,2,5,1,1,0.5250350315577206
419121,2,5,2,0,0.5543179916196347
419121,2,5,3,0,0.536775701611716
419121,2,5,4,0,0.5816632492887467
419121,2,5,5,0,0.5157067894326071
419121,2,5,6,0,0.5158472392310883
419121,2,5,7,0,0.5010579670010621
419121,3,0,1,0,0.34292879586449154
419121,3,0,2,0,0.00018585311536224735
419121,3,0,3,0,0.3938488080906707
419121,3,0,4,1,0.4602282905161428
419121,3,0,5,0,0.0001647836315587949
419121,4,0,1,1,0.34292879586449154
419121,4,0,2,0,0.00018585311536224735
419121,4,0,3,0,0.3938488080906707
419121,4,0,4,1,0.4602282905161428
419125,1,0,1,0,0.34292879586449154
419125,1,0,2,0,0.3758145906828431
419125,1,0,3,0,0.3938488080906707
419125,1,0,4,0,0.4602282905161428
419125,1,0,5,0,0.43792108377104433
419125,1,0,6,0,0.45949297480388923
419125,1,0,7,0,0.4455858771989033
419125,1,1,1,0,0.4525308533705715
419125,1,1,2,0,0.4881511531128101
419125,1,1,3,1,0.48756148271071864
419125,1,1,4,1,0.48647024865685395
419125,1,1,5,1,0.4975858702072483
419125,1,1,6,1,0.48628602533951665
419125,1,1,7,0,0.5312862305625888
419125,1,2,1,0,0.5190878099045545
419125,1,2,2,0,0.5457346582819104
419125,1,2,3,0,0.5423809985898028
419125,1,2,4,0,0.5448509898803643
419125,1,2,5,0,0.5350637168710821
419125,1,2,6,0,0.5115990693400252
419125,1,2,7,1,0.5434680194742225
419125,1,3,1,0,0.5337666435806119
419125,1,3,2,0,0.5638169988704329
419125,1,3,3,0,6.085998866754581e-05
419125,1,3,4,0,0.5565925666499939
419125,1,3,5,0,0.5246458156249383
419125,1,3,6,0,0.5246355576704819
419125,1,3,7,0,0.5656720274535049
419125,1,4,1,0,0.5206506544590599
419125,1,4,2,0,0.551039817989514
419125,1,4,3,0,0.5606554352374578
419125,1,4,4,0,0.5762705207465938
419125,1,4,5,0,0.5393899851249258
419125,1,4,6,0,9.72386209166237e-05
419125,1,5,1,1,0.5250350315577206
419125,1,5,2,1,0.5543179916196347
419125,1,5,3,0,0.536775701611716
419125,1,5,4,0,0.5816632492887467
419125,1,5,5,0,0.5157067894326071
419125,1,5,6,0,0.5158472392310883
419125,2,0,1,0,0.34292879586449154
419125,2,0,2,0,0.3758145906828431
419125,2,0,3,0,0.3938488080906707
419125,2,0,4,0,0.4602282905161428
419125,2,0,5,1,0.43792108377104433
419125,2,0,6,0,0.45949297480388923
419125,2,1,1,0,0.4525308533705715
419125,2,1,2,0,0.4881511531128101
419125,2,1,3,1,0.48756148271071864
419125,2,1,4,0,0.48647024865685395
419125,2,1,5,0,0.4975858702072483
419125,2,1,6,0,0.48628602533951665
419125,2,1,7,0,0.5312862305625888
419125,2,2,1,0,0.5190878099045545
419125,2,2,2,0,0.5457346582819104
419125,2,2,3,0,0.5423809985898028
419125,2,2,4,0,0.5448509898803643
419125,2,2,5,0,0.5350637168710821
419125,2,2,6,0,0.5115990693400252
419125,2,2,7,0,0.5434680194742225
419125,2,2,8,0,0.6242857061636626
419125,2,3,1,0,0.5337666435806119
419125,2,3,2,0,0.5638169988704329
419125,2,3,3,0,0.5585545807436305
419125,2,3,4,0,0.5565925666499939
419125,2,3,5,1,0.5246458156249383
419125,2,3,6,0,0.5246355576704819
419125,2,4,1,0,0.5206506544590599
419125,2,4,2,1,0.551039817989514
419125,2,4,3,0,0.5606554352374578
419125,2,4,4,1,0.5762705207465938
419125,2,4,5,1,0.5393899851249258
419125,2,4,6,0,0.5176374469950858
419125,2,4,7,0,0.5314435327996707
419125,2,4,8,0,0.5480485293374653
419125,2,5,1,0,0.5250350315577206
419125,2,5,2,0,0.5543179916196347
419125,2,5,3,0,0.536775701611716
419125,2,5,4,1,0.5816632492887467
419125,2,5,5,1,0.5157067894326071
419125,2,5,6,0,0.5158472392310883
419134,1,0,1,0,0.34292879586449154
419134,1,0,2,0,0.3758145906828431
419134,1,0,3,0,0.3938488080906707
419134,1,0,4,1,0.4602282905161428
419134,1,0,5,1,0.43792108377104433
419134,1,0,6,0,0.45949297480388923
419134,1,1,1,0,0.4525308533705715
419134,1,1,2,0,0.4881511531128101
419134,1,1,3,0,0.48756148271071864
419134,1,1,4,0,0.48647024865685395
419134,1,1,5,0,0.4975858702072483
419134,1,1,6,0,0.48628602533951665
419134,1,2,1,0,0.5190878099045545
419134,1,2,2,1,0.5457346582819104
419134,1,2,3,0,0.5423809985898028
419134,1,2,4,0,0.5448509898803643
419134,1,2,5,1,0.5350637168710821
419134,1,2,6,0,0.5115990693400252
419134,1,2,7,0,0.5434680194742225
419134,1,3,1,0,0.00015952827975369624
419134,1,3,2,0,0.5638169988704329
419134,1,3,3,0,6.085998866754581e-05
419134,1,3,4,1,0.5565925666499939
419134,1,3,5,0,0.5246458156249383
419134,1,3,6,0,0.5246355576704819
419134,1,3,7,0,0.5656720274535049
419134,1,4,1,1,0.5206506544590599
419134,1,4,2,0,0.551039817989514
419134,1,4,3,0,0.5606554352374578
419134,1,4,4,0,0.5762705207465938
419134,1,4,5,1,0.5393899851249258
419134,1,4,6,0,0.5176374469950858
419134,1,5,1,1,0.5250350315577206
419134,1,5,2,0,0.5543179916196347
419134,1,5,3,0,0.536775701611716
419134,1,5,4,0,8.289229948853374e-05
419134,1,5,5,0,0.5157067894326071
419134,1,5,6,0,0.5158472392310883
419134,2,0,1,0,0.34292879586449154
419134,2,0,2,0,0.00018585311536224735
419134,2,0,3,0,0.3938488080906707
419134,2,0,4,0,0.4602282905161428
419134,2,0,5,0,0.0001647836315587949
419134,2,0,6,0,0.45949297480388923
419134,2,1,1,0,0.4525308533705715
419134,2,1,2,0,0.4881511531128101
419134,2,1,3,0,0.48756148271071864
419134,2,1,4,1,0.48647024865685395
419134,2,1,5,0,0.4975858702072483
419134,2,1,6,0,0.48628602533951665
419134,2,2,1,0,0.5190878099045545
419134,2,2,2,0,0.5457346582819104
419134,2,2,3,0,0.5423809985898028
419134,2,2,4,1,0.5448509898803643
419134,2,2,5,1,0.5350637168710821
419134,2,2,6,0,0.5115990693400252
419134,2,3,1,0,0.5337666435806119
419134,2,3,2,1,0.5638169988704329
419134,2,3,3,1,0.5585545807436305
419134,2,3,4,0,6.256559681168003e-05
419134,2,3,5,0,0.5246458156249383
419134,2,3,6,0,0.5246355576704819
419134,2,3,7,0,0.5656720274535049
419134,2,4,1,0,0.00015180114801475284
419134,2,4,2,0,0.551039817989514
419134,2,4,3,0,0.5606554352374578
419134,2,4,4,0,0.5762705207465938
419134,2,4,5,0,0.5393899851249258
419134,2,4,6,0,0.5176374469950858
419134,2,5,1,0,0.5250350315577206
419134,2,5,2,1,0.5543179916196347
419134,2,5,3,0,0.536775701611716
419134,2,5,4,0,0.5816632492887467
419134,2,5,5,0,0.5157067894326071
419134,2,5,6,0,0.5158472392310883
419137,1,0,1,0,0.34292879586449154
419137,1,0,2,0,0.3758145906828431
419137,1,0,3,1,0.3938488080906707
419137,1,0,4,0,0.4602282905161428
419137,1,0,5,0,0.43792108377104433
419137,1,0,6,0,0.45949297480388923
419137,1,1,1,0,0.4525308533705715
419137,1,1,2,0,0.4881511531128101
419137,1,1,3,0,0.48756148271071864
419137,1,1,4,1,0.48647024865685395
419137,1,1,5,1,0.4975858702072483
419137,1,1,6,1,0.48628602533951665
419137,1,2,1,0,0.5190878099045545
419137,1,2,2,0,0.5457346582819104
419137,1,2,3,0,0.5423809985898028
419137,1,2,4,1,0.5448509898803643
419137,1,2,5,0,0.5350637168710821
419137,1,2,6,0,0.5115990693400252
419137,1,3,1,0,0.5337666435806119
419137,1,3,2,0,0.5638169988704329
419137,1,3,3,0,0.5585545807436305
419137,1,3,4,0,0.5565925666499939
419137,1,3,5,1,0.5246458156249383
419137,1,3,6,0,0.5246355576704819
419137,1,4,1,0,0.5206506544590599
419137,1,4,2,1,0.551039817989514
419137,1,4,3,0,0.5606554352374578
419137,1,4,4,1,0.5762705207465938
419137,1,4,5,0,0.5393899851249258
419137,1,4,6,0,0.5176374469950858
419137,1,5,1,0,0.5250350315577206
419137,1,5,2,1,0.5543179916196347
419137,1,5,3,1,0.536775701611716
419137,1,5,4,1,0.5816632492887467
419137,1,5,5,0,7.613948438054935e-05
419137,1,5,6,1,0.5158472392310883
419137,2,0,1,0,0.34292879586449154
419137,2,0,2,1,0.3758145906828431
419137,2,0,3,0,0.3938488080906707
419137,2,0,4,1,0.4602282905161428
419137,2,0,5,0,0.43792108377104433
419137,2,0,6,1,0.45949297480388923
419137,2,1,1,0,0.4525308533705715
419137,2,1,2,0,0.4881511531128101
419137,2,1,3,0,0.48756148271071864
419137,2,1,4,0,0.48647024865685395
419137,2,1,5,0,0.4975858702072483
419137,2,1,6,0,0.48628602533951665
419137,2,2,1,0,0.5190878099045545
419137,2,2,2,0,0.5457346582819104
419137,2,2,3,0,0.5423809985898028
419137,2,2,4,0,0.5448509898803643
419137,2,2,5,0,0.5350637168710821
419137,2,2,6,1,0.5115990693400252
419137,2,2,7,0,0.5434680194742225
419137,2,3,1,0,0.5337666435806119
419137,2,3,2,0,0.5638169988704329
419137,2,3,3,0,0.5585545807436305
419137,2,3,4,0,0.5565925666499939
419137,2,3,5,0,0.5246458156249383
419137,2,3,6,0,0.5246355576704819
419137,2,4,1,1,0.5206506544590599
419137,2,4,2,0,0.551039817989514
419137,2,4,3,1,0.5606554352374578
419137,2,4,4,0,0.5762705207465938
419137,2,4,5,0,0.5393899851249258
419137,2,4,6,1,0.5176374469950858
419137,2,5,1,1,0.5250350315577206
419137,2,5,2,0,0.5543179916196347
419137,2,5,3,0,0.536775701611716
419137,2,5,4,1,0.5816632492887467
419137,2,5,5,1,0.5157067894326071
419137,2,5,6,0,0.5158472392310883
419141,1,0,1,0,0.34292879586449154
419141,1,0,2,0,0.3758145906828431
419141,1,0,3,0,0.3938488080906707
419141,1,0,4,0,0.4602282905161428
419141,1,0,5,0,0.43792108377104433
419141,1,0,6,1,0.45949297480388923
419141,1,1,1,0,0.4525308533705715
419141,1,1,2,1,0.4881511531128101
419141,1,1,3,1,0.48756148271071864
419141,1,1,4,0,0.48647024865685395
419141,1,1,5,0,0.4975858702072483
419141,1,1,6,0,0.48628602533951665
419141,1,2,1,0,0.0001421325131760957
419141,1,2,2,0,0.5457346582819104
419141,1,2,3,0,0.5423809985898028
419141,1,2,4,0,6.313139414108697e-05
419141,1,2,5,0,0.5350637168710821
419141,1,2,6,0,0.5115990693400252
419141,1,2,7,0,0.5434680194742225
419141,1,3,1,0,0.5337666435806119
419141,1,3,2,0,0.5638169988704329
419141,1,3,3,1,0.5585545807436305
419141,1,3,4,0,0.5565925666499939
419141,1,3,5,0,0.5246458156249383
419141,1,3,6,1,0.5246355576704819
419141,1,4,1,0,0.5206506544590599
419141,1,4,2,0,0.551039817989514
419141,1,4,3,0,0.5606554352374578
419141,1,4,4,0,0.5762705207465938
419141,1,4,5,0,0.5393899851249258
419141,1,4,6,0,0.5176374469950858
419141,1,5,1,0,0.5250350315577206
419141,1,5,2,0,0.5543179916196347
419141,1,5,3,0,0.536775701611716
419141,1,5,4,0,0.5816632492887467
419141,1,5,5,1,0.5157067894326071
419141,1,5,6,0,0.5158472392310883
419141,2,0,1,0,0.34292879586449154
419141,2,0,2,0,0.3758145906828431
419141,2,0,3,0,0.3938488080906707
419141,2,0,4,0,0.4602282905161428
419141,2,0,5,0,0.43792108377104433
419141,2,0,6,0,0.45949297480388923
419141,2,1,1,0,0.4525308533705715
419141,2,1,2,0,0.4881511531128101
419141,2,1,3,0,0.48756148271071864
419141,2,1,4,0,0.48647024865685395
419141,2,1,5,0,0.4975858702072483
419141,2,1,6,0,0.48628602533951665
419141,2,1,7,1,0.5312862305625888
419141,2,1,8,0,0.546464200793984
419141,2,1,9,1,0.2794281748316789
419141,2,1,10,1,0.05869596192898031
419141,2,2,1,0,0.5190878099045545
419141,2,2,2,1,0.5457346582819104
419141,2,2,3,0,6.163767430463305e-05
419141,2,2,4,0,0.5448509898803643
419141,2,2,5,0,0.5350637168710821
419141,2,2,6,0,0.5115990693400252
419141,2,3,1,0,0.5337666435806119
419141,2,3,2,0,0.5638169988704329
419141,2,3,3,0,0.5585545807436305
419141,2,3,4,0,0.5565925666499939
419141,2,3,5,0,0.5246458156249383
419141,2,3,6,0,0.5246355576704819
419141,2,4,1,0,0.5206506544590599
419141,2,4,2,1,0.551039817989514
419141,2,4,3,1,0.5606554352374578
419141,2,4,4,1,0.5762705207465938
419141,2,4,5,0,0.5393899851249258
419141,2,4,6,0,9.72386209166237e-05
419141,2,4,7,0,0.5314435327996707
419141,2,5,1,1,0.5250350315577206
419141,2,5,2,0,0.5543179916196347
419141,2,5,3,0,0.536775701611716
419141,2,5,4,0,0.5816632492887467
419141,2,5,5,0,0.5157067894326071
419141,2,5,6,0,0.5158472392310883
419142,1,0,1,0,0.34292879586449154
419142,1,0,2,0,0.3758145906828431
419142,1,0,3,0,0.3938488080906707
419142,1,0,4,0,0.4602282905161428
419142,1,0,5,1,0.43792108377104433
419142,1,0,6,0,0.45949297480388923
419142,1,1,1,0,0.4525308533705715
419142,1,1,2,0,0.4881511531128101
419142,1,1,3,0,0.48756148271071864
419142,1,1,4,0,0.48647024865685395
419142,1,1,5,0,0.4975858702072483
419142,1,1,6,1,0.48628602533951665
419142,1,2,1,1,0.5190878099045545
419142,1,2,2,0,0.5457346582819104
419142,1,2,3,0,0.5423809985898028
419142,1,2,4,0,0.5448509898803643
419142,1,2,5,0,0.5350637168710821
419142,1,2,6,0,0.5115990693400252
419142,1,2,7,0,0.5434680194742225
419142,1,3,1,0,0.5337666435806119
419142,1,3,2,0,0.5638169988704329
419142,1,3,3,0,0.5585545807436305
419142,1,3,4,0,0.5565925666499939
419142,1,3,5,0,0.5246458156249383
419142,1,3,6,0,0.5246355576704819
419142,1,3,7,0,0.00027205487068489125
419142,1,4,1,0,0.5206506544590599
419142,1,4,2,0,0.551039817989514
419142,1,4,3,0,0.5606554352374578
419142,1,4,4,1,0.5762705207465938
419142,1,4,5,0,0.5393899851249258
419142,1,4,6,0,0.5176374469950858
419142,1,5,1,0,0.5250350315577206
419142,1,5,2,1,0.5543179916196347
419142,1,5,3,0,0.536775701611716
419142,1,5,4,0,0.5816632492887467
419142,1,5,5,0,0.5157067894326071
419142,1,5,6,0,0.5158472392310883
419142,2,0,1,0,0.34292879586449154
419142,2,0,2,0,0.3758145906828431
419142,2,0,3,0,0.3938488080906707
419142,2,0,4,0,0.4602282905161428
419142,2,0,5,0,0.43792108377104433
419142,2,0,6,1,0.45949297480388923
419142,2,1,1,0,0.4525308533705715
419142,2,1,2,0,0.4881511531128101
419142,2,1,3,1,0.48756148271071864
419142,2,1,4,1,0.48647024865685395
419142,2,1,5,0,0.4975858702072483
419142,2,1,6,0,0.48628602533951665
419142,2,2,1,0,0.5190878099045545
419142,2,2,2,1,0.5457346582819104
419142,2,2,3,0,0.5423809985898028
419142,2,2,4,0,0.5448509898803643
419142,2,2,5,0,0.5350637168710821
419142,2,2,6,0,0.5115990693400252
419142,2,3,1,0,0.5337666435806119
419142,2,3,2,0,0.5638169988704329
419142,2,3,3,0,0.5585545807436305
419142,2,3,4,0,0.5565925666499939
419142,2,3,5,0,0.5246458156249383
419142,2,3,6,1,0.5246355576704819
419142,2,3,7,0,0.5656720274535049
419142,2,3,8,0,0.6571105056916209
419142,2,4,1,0,0.5206506544590599
419142,2,4,2,0,0.551039817989514
419142,2,4,3,0,0.5606554352374578
419142,2,4,4,1,0.5762705207465938
419142,2,4,5,0,0.5393899851249258
419142,2,4,6,0,0.5176374469950858
419142,2,5,1,0,0.5250350315577206
419142,2,5,2,0,0.5543179916196347
419142,2,5,3,0,0.536775701611716
419142,2,5,4,1,0.5816632492887467
419142,2,5,5,0,0.5157067894326071
419142,2,5,6,0,0.5158472392310883
419143,1,0,1,0,0.34292879586449154
419143,1,0,2,1,0.3758145906828431
419143,1,0,3,0,0.3938488080906707
419143,1,0,4,0,0.4602282905161428
419143,1,0,5,0,0.43792108377104433
419143,1,0,6,0,0.45949297480388923
419143,1,0,7,1,0.4455858771989033
419143,1,0,8,0,0.3455787779741998
419143,1,1,1,1,0.4525308533705715
419143,1,1,2,0,0.4881511531128101
419143,1,1,3,0,0.48756148271071864
419143,1,1,4,1,0.48647024865685395
419143,1,1,5,0,0.4975858702072483
419143,1,1,6,0,0.48628602533951665
419143,1,2,1,0,0.5190878099045545
419143,1,2,2,1,0.5457346582819104
419143,1,2,3,0,0.5423809985898028
419143,1,2,4,0,0.5448509898803643
419143,1,2,5,0,0.5350637168710821
419143,1,2,6,0,0.5115990693400252
419143,1,3,1,0,0.5337666435806119
419143,1,3,2,0,0.5638169988704329
419143,1,3,3,0,6.085998866754581e-05
419143,1,3,4,0,0.5565925666499939
419143,1,3,5,0,0.5246458156249383
419143,1,3,6,0,0.5246355576704819
419143,1,4,1,1,0.5206506544590599
419143,1,4,2,1,0.551039817989514
419143,1,4,3,0,0.5606554352374578
419143,1,4,4,0,0.5762705207465938
419143,1,4,5,0,0.5393899851249258
419143,1,4,6,0,0.5176374469950858
419143,1,5,1,0,0.5250350315577206
419143,1,5,2,0,0.5543179916196347
419143,1,5,3,0,0.536775701611716
419143,1,5,4,0,0.5816632492887467
419143,1,5,5,1,0.5157067894326071
419143,1,5,6,0,0.5158472392310883
419143,1,5,7,0,0.5010579670010621
419143,2,0,1,0,0.34292879586449154
419143,2,0,2,0,0.3758145906828431
419143,2,0,3,1,0.3938488080906707
419143,2,0,4,0,0.4602282905161428
419143,2,0,5,0,0.43792108377104433
419143,2,0,6,1,0.45949297480388923
419143,2,0,7,0,0.4455858771989033
419143,2,1,1,0,0.4525308533705715
419143,2,1,2,0,0.4881511531128101
419143,2,1,3,1,0.48756148271071864
419143,2,1,4,0,0.48647024865685395
419143,2,1,5,0,0.4975858702072483
419143,2,1,6,1,0.48628602533951665
419143,2,2,1,0,0.5190878099045545
419143,2,2,2,0,0.5457346582819104
419143,2,2,3,0,0.5423809985898028
419143,2,2,4,0,0.5448509898803643
419143,2,2,5,1,0.5350637168710821
419143,2,2,6,0,0.5115990693400252
419143,2,2,7,0,0.5434680194742225
419143,2,2,8,1,0.6242857061636626
419143,2,2,9,0,0.523924467560885
419143,2,3,1,1,0.5337666435806119
419143,2,3,2,0,0.5638169988704329
419143,2,3,3,0,0.5585545807436305
419143,2,3,4,1,0.5565925666499939
419143,2,3,5,1,0.5246458156249383
419143,2,3,6,1,0.5246355576704819
419143,2,4,1,0,0.5206506544590599
419143,2,4,2,1,0.551039817989514
419143,2,4,3,1,0.5606554352374578
419143,2,4,4,0,0.5762705207465938
419143,2,4,5,0,0.5393899851249258
419143,2,4,6,0,0.5176374469950858
419143,2,5,1,0,0.5250350315577206
419143,2,5,2,1,0.5543179916196347
419143,2,5,3,0,0.536775701611716
419143,2,5,4,0,0.5816632492887467
419143,2,5,5,0,0.5157067894326071
419143,2,5,6,0,0.5158472392310883
419150,1,0,1,0,0.34292879586449154
419150,1,0,2,0,0.3758145906828431
419150,1,0,3,1,0.3938488080906707
419150,1,0,4,0,0.4602282905161428
419150,1,0,5,1,0.43792108377104433
419150,1,0,6,0,0.45949297480388923
419150,1,0,7,0,0.4455858771989033
419150,1,1,1,0,0.4525308533705715
419150,1,1,2,0,0.4881511531128101
419150,1,1,3,0,9.24106665955198e-05
419150,1,1,4,0,0.48647024865685395
419150,1,1,5,0,0.4975858702072483
419150,1,1,6,0,0.00010856370594880755
419150,1,2,1,0,0.5190878099045545
419150,1,2,2,0,0.5457346582819104
419150,1,2,3,0,0.5423809985898028
419150,1,2,4,1,0.5448509898803643
419150,1,2,5,0,0.5350637168710821
419150,1,2,6,1,0.5115990693400252
419150,1,2,7,0,0.5434680194742225
419150,1,2,8,0,0.6242857061636626
419150,1,3,1,0,0.5337666435806119
419150,1,3,2,0,0.5638169988704329
419150,1,3,3,1,0.5585545807436305
419150,1,3,4,0,0.5565925666499939
419150,1,3,5,0,6.745302613039633e-05
419150,1,3,6,1,0.5246355576704819
419150,1,4,1,0,0.5206506544590599
419150,1,4,2,0,0.551039817989514
419150,1,4,3,0,0.5606554352374578
419150,1,4,4,1,0.5762705207465938
419150,1,4,5,0,0.5393899851249258
419150,1,4,6,0,0.5176374469950858
419150,1,5,1,0,0.5250350315577206
419150,1,5,2,0,0.5543179916196347
419150,1,5,3,0,0.536775701611716
419150,1,5,4,1,0.5816632492887467
419150,1,5,5,0,0.5157067894326071
419150,1,5,6,0,0.5158472392310883
419150,2,0,1,0,0.34292879586449154
419150,2,0,2,0,0.3758145906828431
419150,2,0,3,0,0.3938488080906707
419150,2,0,4,0,0.4602282905161428
419150,2,0,5,0,0.43792108377104433
419150,2,0,6,0,0.45949297480388923
419150,2,1,1,1,0.4525308533705715
419150,2,1,2,0,0.4881511531128101
419150,2,1,3,1,0.48756148271071864
419150,2,1,4,0,8.076183922023021e-05
419150,2,1,5,0,0.4975858702072483
419150,2,1,6,0,0.48628602533951665
419150,2,2,1,0,0.0001421325131760957
419150,2,2,2,0,0.5457346582819104
419150,2,2,3,0,0.5423809985898028
419150,2,2,4,0,6.313139414108697e-05
419150,2,2,5,0,0.5350637168710821
419150,2,2,6,0,0.5115990693400252
419150,2,3,1,0,0.5337666435806119
419150,2,3,2,0,0.5638169988704329
419150,2,3,3,1,0.5585545807436305
419150,2,3,4,0,0.5565925666499939
419150,2,3,5,0,0.5246458156249383
419150,2,3,6,0,0.5246355576704819
419150,2,4,1,0,0.5206506544590599
419150,2,4,2,0,0.551039817989514
419150,2,4,3,0,0.5606554352374578
419150,2,4,4,0,0.5762705207465938
419150,2,4,5,0,0.5393899851249258
419150,2,4,6,0,0.5176374469950858
419150,2,5,1,0,0.5250350315577206
419150,2,5,2,0,0.5543179916196347
419150,2,5,3,1,0.536775701611716
419150,2,5,4,0,0.5816632492887467
419150,2,5,5,0,0.5157067894326071
419150,2,5,6,0,0.5158472392310883
419150,2,5,7,0,0.5010579670010621
419152,1,0,1,1,0.34292879586449154
419152,1,0,2,0,0.3758145906828431
419152,1,0,3,0,0.3938488080906707
419152,1,0,4,1,0.4602282905161428
419152,1,0,5,0,0.43792108377104433
419152,1,0,6,0,0.45949297480388923
419152,1,1,1,0,0.4525308533705715
419152,1,1,2,1,0.4881511531128101
419152,1,1,3,0,0.48756148271071864
419152,1,1,4,0,0.48647024865685395
419152,1,1,5,0,0.4975858702072483
419152,1,1,6,0,0.48628602533951665
419152,1,2,1,0,0.5190878099045545
419152,1,2,2,0,0.5457346582819104
419152,1,2,3,0,0.5423809985898028
419152,1,2,4,0,0.5448509898803643
419152,1,2,5,0,0.5350637168710821
419152,1,2,6,0,0.5115990693400252
419152,1,3,1,0,0.5337666435806119
419152,1,3,2,0,0.5638169988704329
419152,1,3,3,1,0.5585545807436305
419152,1,3,4,0,0.5565925666499939
419152,1,3,5,0,0.5246458156249383
419152,1,3,6,0,0.5246355576704819
419152,1,3,7,0,0.5656720274535049
419152,1,3,8,0,0.6571105056916209
419152,1,3,9,0,0.6211103090646545
419152,1,3,10,0,0.5687960327972393
419152,1,4,1,1,0.5206506544590599
419152,1,4,2,0,0.551039817989514
419152,1,4,3,0,0.5606554352374578
419152,1,4,4,0,0.5762705207465938
419152,1,4,5,0,0.5393899851249258
419152,1,4,6,0,0.5176374469950858
419152,1,5,1,0,0.5250350315577206
419152,1,5,2,0,0.5543179916196347
419152,1,5,3,0,6.970130872207562e-05
419152,1,5,4,0,0.5816632492887467
419152,1,5,5,0,0.5157067894326071
419152,1,5,6,0,0.5158472392310883
419152,2,0,1,0,0.34292879586449154
419152,2,0,2,0,0.3758145906828431
419152,2,0,3,0,0.3938488080906707
419152,2,0,4,1,0.4602282905161428
419152,2,0,5,0,0.43792108377104433
419152,2,0,6,0,0.45949297480388923
419152,2,1,1,0,0.4525308533705715
419152,2,1,2,0,0.4881511531128101
419152,2,1,3,0,0.48756148271071864
419152,2,1,4,0,0.48647024865685395
419152,2,1,5,1,0.4975858702072483
419152,2,1,6,0,0.48628602533951665
419152,2,2,1,1,0.5190878099045545
419152,2,2,2,1,0.5457346582819104
419152,2,2,3,1,0.5423809985898028
419152,2,2,4,0,0.5448509898803643
419152,2,2,5,0,0.5350637168710821
419152,2,2,6,0,0.5115990693400252
419152,2,3,1,1,0.5337666435806119
419152,2,3,2,0,0.5638169988704329
419152,2,3,3,1,0.5585545807436305
419152,2,3,4,0,6.256559681168003e-05
419152,2,3,5,1,0.5246458156249383
419152,2,3,6,0,0.5246355576704819
419152,2,4,1,0,0.5206506544590599
419152,2,4,2,0,0.551039817989514
419152,2,4,3,0,0.5606554352374578
419152,2,4,4,1,0.5762705207465938
419152,2,4,5,0,0.5393899851249258
419152,2,4,6,1,0.5176374469950858
419152,2,5,1,0,0.5250350315577206
419152,2,5,2,1,0.5543179916196347
419152,2,5,3,0,0.536775701611716
419152,2,5,4,1,0.5816632492887467
419152,2,5,5,0,0.5157067894326071
419152,2,5,6,0,0.5158472392310883
419152,2,5,7,0,0.5010579670010621
419157,1,0,1,0,0.34292879586449154
419157,1,0,2,0,0.3758145906828431
419157,1,0,3,0,0.3938488080906707
419157,1,0,4,0,0.4602282905161428
419157,1,0,5,0,0.43792108377104433
419157,1,0,6,0,0.45949297480388923
419157,1,1,1,0,0.4525308533705715
419157,1,1,2,1,0.4881511531128101
419157,1,1,3,1,0.48756148271071864
419157,1,1,4,0,0.48647024865685395
419157,1,1,5,0,0.4975858702072483
419157,1,1,6,0,0.48628602533951665
419157,1,2,1,0,0.5190878099045545
419157,1,2,2,0,0.5457346582819104
419157,1,2,3,0,0.5423809985898028
419157,1,2,4,0,0.5448509898803643
419157,1,2,5,0,0.5350637168710821
419157,1,2,6,0,0.5115990693400252
419157,1,2,7,0,0.5434680194742225
419157,1,3,1,0,0.5337666435806119
419157,1,3,2,1,0.5638169988704329
419157,1,3,3,0,0.5585545807436305
419157,1,3,4,0,0.5565925666499939
419157,1,3,5,0,0.5246458156249383
419157,1,3,6,0,0.5246355576704819
419157,1,4,1,0,0.5206506544590599
419157,1,4,2,0,0.551039817989514
419157,1,4,3,0,0.5606554352374578
419157,1,4,4,0,0.5762705207465938
419157,1,4,5,0,0.5393899851249258
419157,1,4,6,1,0.5176374469950858
419157,1,4,7,0,0.5314435327996707
419157,1,5,1,0,0.5250350315577206
419157,1,5,2,0,0.5543179916196347
419157,1,5,3,0,0.536775701611716
419157,1,5,4,0,0.5816632492887467
419157,1,5,5,0,0.5157067894326071
419157,1,5,6,0,0.00010310924426488355
419157,2,0,1,0,0.34292879586449154
419157,2,0,2,0,0.3758145906828431
419157,2,0,3,0,0.3938488080906707
419157,2,0,4,0,0.4602282905161428
419157,2,0,5,0,0.43792108377104433
419157,2,0,6,0,0.45949297480388923
419157,2,1,1,0,0.4525308533705715
419157,2,1,2,0,0.4881511531128101
419157,2,1,3,0,0.48756148271071864
419157,2,1,4,0,0.48647024865685395
419157,2,1,5,0,0.4975858702072483
419157,2,1,6,0,0.48628602533951665
419157,2,2,1,0,0.5190878099045545
419157,2,2,2,0,0.5457346582819104
419157,2,2,3,0,0.5423809985898028
419157,2,2,4,0,0.5448509898803643
419157,2,2,5,0,0.5350637168710821
419157,2,2,6,0,0.5115990693400252
419157,2,3,1,0,0.5337666435806119
419157,2,3,2,0,0.5638169988704329
419157,2,3,3,0,0.5585545807436305
419157,2,3,4,1,0.5565925666499939
419157,2,3,5,0,0.5246458156249383
419157,2,3,6,0,0.5246355576704819
419157,2,4,1,1,0.5206506544590599
419157,2,4,2,0,0.551039817989514
419157,2,4,3,0,0.5606554352374578
419157,2,4,4,1,0.5762705207465938
419157,2,4,5,0,7.839876431801788e-05
419157,2,4,6,0,0.5176374469950858
419157,2,5,1,0,0.5250350315577206
419157,2,5,2,0,0.5543179916196347
419157,2,5,3,0,0.536775701611716
419157,2,5,4,0,8.289229948853374e-05
419157,2,5,5,0,0.5157067894326071
419157,2,5,6,0,0.5158472392310883
501209,1,0,1,0,0.34292879586449154
501209,1,0,2,0,0.3758145906828431
501209,1,0,3,0,0.3938488080906707
501209,1,0,4,0,0.4602282905161428
501209,1,0,5,0,0.43792108377104433
501209,1,0,6,1,0.45949297480388923
501209,1,0,7,0,0.4455858771989033
501209,1,1,1,0,0.4525308533705715
501209,1,1,2,0,0.4881511531128101
501209,1,1,3,0,0.48756148271071864
501209,1,1,4,1,0.48647024865685395
501209,1,1,5,0,0.4975858702072483
501209,1,1,6,0,0.48628602533951665
501209,1,1,7,0,0.5312862305625888
501209,1,1,8,0,0.546464200793984
501209,1,2,1,0,0.5190878099045545
501209,1,2,2,1,0.5457346582819104
501209,1,2,3,0,0.5423809985898028
501209,1,2,4,0,0.5448509898803643
501209,1,2,5,1,0.5350637168710821
501209,1,2,6,0,0.5115990693400252
501209,1,2,7,0,0.5434680194742225
501209,1,3,1,0,0.5337666435806119
501209,1,3,2,0,0.5638169988704329
501209,1,3,3,0,0.5585545807436305
501209,1,3,4,0,0.5565925666499939
501209,1,3,5,0,0.5246458156249383
501209,1,3,6,0,0.5246355576704819
501209,1,4,1,0,0.5206506544590599
501209,1,4,2,0,0.551039817989514
501209,1,4,3,0,7.01966065263333e-05
501209,1,4,4,0,0.5762705207465938
501209,1,4,5,0,0.5393899851249258
501209,1,4,6,0,0.5176374469950858
501209,1,4,7,0,0.5314435327996707
501209,1,5,1,0,0.5250350315577206
501209,1,5,2,0,0.5543179916196347
501209,1,5,3,0,0.536775701611716
501209,1,5,4,0,0.5816632492887467
501209,1,5,5,0,0.5157067894326071
501209,1,5,6,0,0.5158472392310883
501209,2,0,1,0,0.34292879586449154
501209,2,0,2,0,0.3758145906828431
501209,2,0,3,0,0.3938488080906707
501209,2,0,4,0,0.4602282905161428
501209,2,0,5,0,0.43792108377104433
501209,2,0,6,0,0.45949297480388923
501209,2,0,7,0,0.4455858771989033
501209,2,1,1,0,0.4525308533705715
501209,2,1,2,0,0.4881511531128101
501209,2,1,3,0,9.24106665955198e-05
501209,2,1,4,0,0.48647024865685395
501209,2,1,5,0,0.4975858702072483
501209,2,1,6,0,0.48628602533951665
501209,2,1,7,1,0.5312862305625888
501209,2,2,1,1,0.5190878099045545
501209,2,2,2,0,0.5457346582819104
501209,2,2,3,1,0.5423809985898028
501209,2,2,4,0,0.5448509898803643
501209,2,2,5,0,0.5350637168710821
501209,2,2,6,0,0.5115990693400252
501209,2,3,1,1,0.5337666435806119
501209,2,3,2,0,0.5638169988704329
501209,2,3,3,0,0.5585545807436305
501209,2,3,4,0,0.5565925666499939
501209,2,3,5,0,0.5246458156249383
501209,2,3,6,0,0.5246355576704819
501209,2,4,1,0,0.5206506544590599
501209,2,4,2,1,0.551039817989514
501209,2,4,3,0,0.5606554352374578
501209,2,4,4,1,0.5762705207465938
501209,2,4,5,0,0.5393899851249258
501209,2,4,6,0,0.5176374469950858
501209,2,5,1,1,0.5250350315577206
501209,2,5,2,0,0.5543179916196347
501209,2,5,3,1,0.536775701611716
501209,2,5,4,1,0.5816632492887467
501209,2,5,5,0,0.5157067894326071
501209,2,5,6,1,0.5158472392310883
501210,1,0,1,0,0.34292879586449154
501210,1,0,2,0,0.3758145906828431
501210,1,0,3,0,0.3938488080906707
501210,1,0,4,1,0.4602282905161428
501210,1,0,5,0,0.43792108377104433
501210,1,0,6,0,0.45949297480388923
501210,1,1,1,0,0.4525308533705715
501210,1,1,2,0,0.4881511531128101
501210,1,1,3,1,0.48756148271071864
501210,1,1,4,0,0.48647024865685395
501210,1,1,5,0,0.4975858702072483
501210,1,1,6,0,0.48628602533951665
501210,1,1,7,0,0.5312862305625888
501210,1,2,1,0,0.5190878099045545
501210,1,2,2,0,0.5457346582819104
501210,1,2,3,0,0.5423809985898028
501210,1,2,4,0,0.5448509898803643
501210,1,2,5,0,0.5350637168710821
501210,1,2,6,0,0.5115990693400252
501210,1,3,1,0,0.5337666435806119
501210,1,3,2,0,0.5638169988704329
501210,1,3,3,0,0.5585545807436305
501210,1,3,4,0,0.5565925666499939
501210,1,3,5,1,0.5246458156249383
501210,1,3,6,1,0.5246355576704819
501210,1,4,1,0,0.5206506544590599
501210,1,4,2,0,0.551039817989514
501210,1,4,3,0,0.5606554352374578
501210,1,4,4,0,0.5762705207465938
501210,1,4,5,0,0.5393899851249258
501210,1,4,6,0,0.5176374469950858
501210,1,5,1,1,0.5250350315577206
501210,1,5,2,1,0.5543179916196347
501210,1,5,3,0,0.536775701611716
501210,1,5,4,0,0.5816632492887467
501210,1,5,5,0,0.5157067894326071
501210,1,5,6,0,0.5158472392310883
501210,2,0,1,0,0.34292879586449154
501210,2,0,2,0,0.3758145906828431
501210,2,0,3,0,0.3938488080906707
501210,2,0,4,1,0.4602282905161428
501210,2,0,5,0,0.43792108377104433
501210,2,0,6,0,0.45949297480388923
501210,2,1,1,0,0.4525308533705715
501210,2,1,2,0,0.4881511531128101
501210,2,1,3,0,0.48756148271071864
501210,2,1,4,0,0.48647024865685395
501210,2,1,5,0,0.4975858702072483
501210,2,1,6,0,0.48628602533951665
501210,2,2,1,1,0.5190878099045545
501210,2,2,2,1,0.5457346582819104
501210,2,2,3,0,0.5423809985898028
501210,2,2,4,1,0.5448509898803643
501210,2,2,5,0,0.5350637168710821
501210,2,2,6,1,0.5115990693400252
501210,2,3,1,0,0.5337666435806119
501210,2,3,2,0,0.5638169988704329
501210,2,3,3,1,0.5585545807436305
501210,2,3,4,0,0.5565925666499939
501210,2,3,5,0,0.5246458156249383
501210,2,3,6,0,0.5246355576704819
501210,2,4,1,0,0.5206506544590599
501210,2,4,2,0,0.551039817989514
501210,2,4,3,0,0.5606554352374578
501210,2,4,4,0,0.5762705207465938
501210,2,4,5,0,0.5393899851249258
501210,2,4,6,0,0.5176374469950858
501210,2,5,1,0,0.5250350315577206
501210,2,5,2,0,0.5543179916196347
501210,2,5,3,0,0.536775701611716
501210,2,5,4,1,0.5816632492887467
501210,2,5,5,0,0.5157067894326071
501210,2,5,6,1,0.5158472392310883
501210,2,5,7,0,0.5010579670010621
501210,2,5,8,1,0.26535124916327246
501212,1,0,1,1,0.34292879586449154
501212,1,0,2,0,0.3758145906828431
501212,1,0,3,0,0.3938488080906707
501212,1,0,4,0,0.4602282905161428
501212,1,0,5,0,0.43792108377104433
501212,1,0,6,0,0.45949297480388923
501212,1,1,1,0,0.4525308533705715
501212,1,1,2,0,0.4881511531128101
501212,1,1,3,0,0.48756148271071864
501212,1,1,4,0,0.48647024865685395
501212,1,1,5,0,0.4975858702072483
501212,1,1,6,0,0.00010856370594880755
501212,1,2,1,0,0.5190878099045545
501212,1,2,2,0,0.5457346582819104
501212,1,2,3,0,0.5423809985898028
501212,1,2,4,0,0.5448509898803643
501212,1,2,5,1,0.5350637168710821
501212,1,2,6,0,0.5115990693400252
501212,1,3,1,0,0.5337666435806119
501212,1,3,2,1,0.5638169988704329
501212,1,3,3,0,0.5585545807436305
501212,1,3,4,0,0.5565925666499939
501212,1,3,5,1,0.5246458156249383
501212,1,3,6,0,0.5246355576704819
501212,1,4,1,0,0.5206506544590599
501212,1,4,2,0,0.551039817989514
501212,1,4,3,0,0.5606554352374578
501212,1,4,4,1,0.5762705207465938
501212,1,4,5,0,0.5393899851249258
501212,1,4,6,1,0.5176374469950858
501212,1,5,1,0,0.5250350315577206
501212,1,5,2,0,0.5543179916196347
501212,1,5,3,1,0.536775701611716
501212,1,5,4,0,0.5816632492887467
501212,1,5,5,0,0.5157067894326071
501212,1,5,6,1,0.5158472392310883
501212,2,0,1,1,0.34292879586449154
501212,2,0,2,0,0.3758145906828431
501212,2,0,3,0,0.3938488080906707
501212,2,0,4,0,0.4602282905161428
501212,2,0,5,1,0.43792108377104433
501212,2,0,6,0,0.45949297480388923
501212,2,1,1,0,0.4525308533705715
501212,2,1,2,0,0.4881511531128101
501212,2,1,3,0,0.48756148271071864
501212,2,1,4,0,0.48647024865685395
501212,2,1,5,1,0.4975858702072483
501212,2,1,6,0,0.48628602533951665
501212,2,2,1,0,0.5190878099045545
501212,2,2,2,1,0.5457346582819104
501212,2,2,3,0,0.5423809985898028
501212,2,2,4,0,0.5448509898803643
501212,2,2,5,0,0.5350637168710821
501212,2,2,6,0,0.5115990693400252
501212,2,2,7,0,0.5434680194742225
501212,2,3,1,0,0.5337666435806119
501212,2,3,2,0,0.5638169988704329
501212,2,3,3,0,0.5585545807436305
501212,2,3,4,0,0.5565925666499939
501212,2,3,5,1,0.5246458156249383
501212,2,3,6,0,0.5246355576704819
501212,2,3,7,0,0.5656720274535049
501212,2,3,8,0,0.6571105056916209
501212,2,4,1,1,0.5206506544590599
501212,2,4,2,1,0.551039817989514
501212,2,4,3,1,0.5606554352374578
501212,2,4,4,0,0.5762705207465938
501212,2,4,5,1,0.5393899851249258
501212,2,4,6,0,0.5176374469950858
501212,2,4,7,1,0.5314435327996707
501212,2,5,1,0,0.5250350315577206
501212,2,5,2,0,0.5543179916196347
501212,2,5,3,0,0.536775701611716
501212,2,5,4,0,0.5816632492887467
501212,2,5,5,0,0.5157067894326071
501212,2,5,6,0,0.5158472392310883
501221,1,0,1,0,0.34292879586449154
501221,1,0,2,0,0.3758145906828431
501221,1,0,3,0,0.3938488080906707
501221,1,0,4,0,0.4602282905161428
501221,1,0,5,0,0.43792108377104433
501221,1,0,6,0,0.45949297480388923
501221,1,1,1,0,0.4525308533705715
501221,1,1,2,0,0.4881511531128101
501221,1,1,3,0,0.48756148271071864
501221,1,1,4,0,0.48647024865685395
501221,1,1,5,1,0.4975858702072483
501221,1,1,6,0,0.48628602533951665
501221,1,1,7,0,0.5312862305625888
501221,1,2,1,0,0.0001421325131760957
501221,1,2,2,0,0.5457346582819104
501221,1,2,3,0,0.5423809985898028
501221,1,2,4,0,0.5448509898803643
501221,1,2,5,0,0.5350637168710821
501221,1,2,6,0,0.5115990693400252
501221,1,3,1,0,0.5337666435806119
501221,1,3,2,0,0.5638169988704329
501221,1,3,3,0,0.5585545807436305
501221,1,3,4,0,6.256559681168003e-05
501221,1,3,5,1,0.5246458156249383
501221,1,3,6,1,0.5246355576704819
501221,1,4,1,0,0.5206506544590599
501221,1,4,2,0,0.551039817989514
501221,1,4,3,1,0.5606554352374578
501221,1,4,4,0,0.5762705207465938
501221,1,4,5,0,0.5393899851249258
501221,1,4,6,1,0.5176374469950858
501221,1,5,1,0,0.5250350315577206
501221,1,5,2,0,0.5543179916196347
501221,1,5,3,0,0.536775701611716
501221,1,5,4,0,0.5816632492887467
501221,1,5,5,0,0.5157067894326071
501221,1,5,6,0,0.5158472392310883
501221,1,5,7,1,0.5010579670010621
501221,2,0,1,1,0.34292879586449154
501221,2,0,2,0,0.3758145906828431
501221,2,0,3,0,0.3938488080906707
501221,2,0,4,0,0.4602282905161428
501221,2,0,5,0,0.43792108377104433
501221,2,0,6,0,0.45949297480388923
501221,2,0,7,0,0.4455858771989033
501221,2,1,1,0,0.4525308533705715
501221,2,1,2,0,0.4881511531128101
501221,2,1,3,0,0.48756148271071864
501221,2,1,4,0,0.48647024865685395
501221,2,1,5,0,0.4975858702072483
501221,2,1,6,0,0.48628602533951665
501221,2,1,7,0,0.5312862305625888
501221,2,2,1,0,0.5190878099045545
501221,2,2,2,0,0.5457346582819104
501221,2,2,3,1,0.5423809985898028
501221,2,2,4,0,0.5448509898803643
501221,2,2,5,0,0.5350637168710821
501221,2,2,6,1,0.5115990693400252
501221,2,2,7,0,0.5434680194742225
501221,2,3,1,1,0.5337666435806119
501221,2,3,2,1,0.5638169988704329
501221,2,3,3,0,0.5585545807436305
501221,2,3,4,0,6.256559681168003e-05
501221,2,3,5,1,0.5246458156249383
501221,2,3,6,0,0.5246355576704819
501221,2,4,1,0,0.5206506544590599
501221,2,4,2,0,0.551039817989514
501221,2,4,3,0,0.5606554352374578
501221,2,4,4,0,0.5762705207465938
501221,2,4,5,0,7.839876431801788e-05
501221,2,4,6,0,0.5176374469950858
501221,2,5,1,0,0.5250350315577206
501221,2,5,2,0,0.5543179916196347
501221,2,5,3,0,0.536775701611716
501221,2,5,4,1,0.5816632492887467
501221,2,5,5,0,0.5157067894326071
501221,2,5,6,0,0.5158472392310883
501224,1,0,1,0,0.34292879586449154
501224,1,0,2,0,0.3758145906828431
501224,1,0,3,0,0.3938488080906707
501224,1,0,4,0,0.4602282905161428
501224,1,0,5,1,0.43792108377104433
501224,1,0,6,0,0.45949297480388923
501224,1,1,1,1,0.4525308533705715
501224,1,1,2,0,0.4881511531128101
501224,1,1,3,1,0.48756148271071864
501224,1,1,4,0,0.48647024865685395
501224,1,1,5,0,0.4975858702072483
501224,1,1,6,0,0.48628602533951665
501224,1,2,1,0,0.5190878099045545
501224,1,2,2,0,0.5457346582819104
501224,1,2,3,0,0.5423809985898028
501224,1,2,4,0,0.5448509898803643
501224,1,2,5,1,0.5350637168710821
501224,1,2,6,0,0.5115990693400252
501224,1,3,1,0,0.5337666435806119
501224,1,3,2,0,0.5638169988704329
501224,1,3,3,0,0.5585545807436305
501224,1,3,4,1,0.5565925666499939
501224,1,3,5,1,0.5246458156249383
501224,1,3,6,0,0.5246355576704819
501224,1,4,1,0,0.5206506544590599
501224,1,4,2,0,0.551039817989514
501224,1,4,3,0,0.5606554352374578
501224,1,4,4,1,0.5762705207465938
501224,1,4,5,1,0.5393899851249258
501224,1,4,6,0,0.5176374469950858
501224,1,5,1,0,0.00016316266614252873
501224,1,5,2,0,0.5543179916196347
501224,1,5,3,1,0.536775701611716
501224,1,5,4,1,0.5816632492887467
501224,1,5,5,0,0.5157067894326071
501224,1,5,6,0,0.5158472392310883
501224,1,5,7,0,0.5010579670010621
501224,2,0,1,0,0.34292879586449154
501224,2,0,2,0,0.3758145906828431
501224,2,0,3,1,0.3938488080906707
501224,2,0,4,0,0.4602282905161428
501224,2,0,5,0,0.43792108377104433
501224,2,0,6,0,0.45949297480388923
501224,2,1,1,0,0.4525308533705715
501224,2,1,2,0,0.4881511531128101
501224,2,1,3,0,0.48756148271071864
501224,2,1,4,1,0.48647024865685395
501224,2,1,5,0,8.911846280782056e-05
501224,2,1,6,0,0.48628602533951665
501224,2,2,1,0,0.5190878099045545
501224,2,2,2,1,0.5457346582819104
501224,2,2,3,1,0.5423809985898028
501224,2,2,4,0,0.5448509898803643
501224,2,2,5,0,0.5350637168710821
501224,2,2,6,0,0.5115990693400252
501224,2,3,1,0,0.5337666435806119
501224,2,3,2,0,0.5638169988704329
501224,2,3,3,1,0.5585545807436305
501224,2,3,4,0,0.5565925666499939
501224,2,3,5,0,0.5246458156249383
501224,2,3,6,0,0.5246355576704819
501224,2,4,1,1,0.5206506544590599
501224,2,4,2,0,0.551039817989514
501224,2,4,3,0,0.5606554352374578
501224,2,4,4,0,0.5762705207465938
501224,2,4,5,0,0.5393899851249258
501224,2,4,6,0,0.5176374469950858
501224,2,5,1,0,0.5250350315577206
501224,2,5,2,0,0.5543179916196347
501224,2,5,3,0,0.536775701611716
501224,2,5,4,0,8.289229948853374e-05
501224,2,5,5,0,0.5157067894326071
501224,2,5,6,0,0.5158472392310883
501225,1,0,1,0,0.34292879586449154
501225,1,0,2,0,0.3758145906828431
501225,1,0,3,0,0.3938488080906707
501225,1,0,4,0,0.4602282905161428
501225,1,0,5,1,0.43792108377104433
501225,1,0,6,0,0.45949297480388923
501225,1,1,1,0,0.4525308533705715
501225,1,1,2,0,0.4881511531128101
501225,1,1,3,0,0.48756148271071864
501225,1,1,4,0,0.48647024865685395
501225,1,1,5,0,0.4975858702072483
501225,1,1,6,0,0.48628602533951665
501225,1,2,1,0,0.5190878099045545
501225,1,2,2,0,0.5457346582819104
501225,1,2,3,0,0.5423809985898028
501225,1,2,4,1,0.5448509898803643
501225,1,2,5,0,0.5350637168710821
501225,1,2,6,0,0.5115990693400252
501225,1,2,7,0,0.5434680194742225
501225,1,3,1,0,0.5337666435806119
501225,1,3,2,1,0.5638169988704329
501225,1,3,3,0,6.085998866754581e-05
501225,1,3,4,0,0.5565925666499939
501225,1,3,5,0,0.5246458156249383
501225,1,3,6,0,0.5246355576704819
501225,1,4,1,0,0.00015180114801475284
501225,1,4,2,0,0.551039817989514
501225,1,4,3,0,0.5606554352374578
501225,1,4,4,0,0.5762705207465938
501225,1,4,5,0,0.5393899851249258
501225,1,4,6,0,0.5176374469950858
501225,1,5,1,0,0.5250350315577206
501225,1,5,2,0,0.5543179916196347
501225,1,5,3,0,0.536775701611716
501225,1,5,4,0,0.5816632492887467
501225,1,5,5,0,0.5157067894326071
501225,1,5,6,0,0.5158472392310883
501225,2,0,1,1,0.34292879586449154
501225,2,0,2,0,0.3758145906828431
501225,2,0,3,0,0.3938488080906707
501225,2,0,4,0,0.4602282905161428
501225,2,0,5,0,0.43792108377104433
501225,2,0,6,0,0.45949297480388923
501225,2,1,1,0,0.4525308533705715
501225,2,1,2,0,0.4881511531128101
501225,2,1,3,0,0.48756148271071864
501225,2,1,4,0,0.48647024865685395
501225,2,1,5,1,0.4975858702072483
501225,2,1,6,0,0.48628602533951665
501225,2,2,1,0,0.5190878099045545
501225,2,2,2,0,0.5457346582819104
501225,2,2,3,0,0.5423809985898028
501225,2,2,4,0,0.5448509898803643
501225,2,2,5,0,0.5350637168710821
501225,2,2,6,0,0.5115990693400252
501225,2,3,1,0,0.5337666435806119
501225,2,3,2,0,0.5638169988704329
501225,2,3,3,0,0.5585545807436305
501225,2,3,4,0,0.5565925666499939
501225,2,3,5,0,0.5246458156249383
501225,2,3,6,0,0.5246355576704819
501225,2,3,7,0,0.5656720274535049
501225,2,4,1,0,0.5206506544590599
501225,2,4,2,1,0.551039817989514
501225,2,4,3,0,0.5606554352374578
501225,2,4,4,1,0.5762705207465938
501225,2,4,5,0,0.5393899851249258
501225,2,4,6,0,0.5176374469950858
501225,2,5,1,0,0.5250350315577206
501225,2,5,2,0,0.5543179916196347
501225,2,5,3,1,0.536775701611716
501225,2,5,4,0,0.5816632492887467
501225,2,5,5,0,0.5157067894326071
501225,2,5,6,0,0.5158472392310883
501226,1,0,1,0,0.34292879586449154
501226,1,0,2,0,0.3758145906828431
501226,1,0,3,0,0.3938488080906707
501226,1,0,4,0,0.4602282905161428
501226,1,0,5,0,0.43792108377104433
501226,1,0,6,0,0.45949297480388923
501226,1,1,1,0,0.4525308533705715
501226,1,1,2,0,0.4881511531128101
501226,1,1,3,0,0.48756148271071864
501226,1,1,4,0,0.48647024865685395
501226,1,1,5,0,0.4975858702072483
501226,1,1,6,0,0.48628602533951665
501226,1,1,7,1,0.5312862305625888
501226,1,2,1,1,0.5190878099045545
501226,1,2,2,0,0.5457346582819104
501226,1,2,3,0,0.5423809985898028
501226,1,2,4,0,0.5448509898803643
501226,1,2,5,0,0.5350637168710821
501226,1,2,6,0,0.5115990693400252
501226,1,3,1,0,0.5337666435806119
501226,1,3,2,1,0.5638169988704329
501226,1,3,3,0,0.5585545807436305
501226,1,3,4,0,0.5565925666499939
501226,1,3,5,0,0.5246458156249383
501226,1,3,6,0,0.5246355576704819
501226,1,4,1,0,0.5206506544590599
501226,1,4,2,0,0.551039817989514
501226,1,4,3,0,0.5606554352374578
501226,1,4,4,1,0.5762705207465938
501226,1,4,5,0,0.5393899851249258
501226,1,4,6,0,0.5176374469950858
501226,1,5,1,0,0.5250350315577206
501226,1,5,2,0,0.5543179916196347
501226,1,5,3,0,0.536775701611716
501226,1,5,4,1,0.5816632492887467
501226,1,5,5,1,0.5157067894326071
501226,1,5,6,0,0.5158472392310883
501226,2,0,1,0,0.34292879586449154
501226,2,0,2,0,0.3758145906828431
501226,2,0,3,0,0.3938488080906707
501226,2,0,4,0,0.4602282905161428
501226,2,0,5,0,0.43792108377104433
501226,2,0,6,0,0.45949297480388923
501226,2,1,1,0,0.4525308533705715
501226,2,1,2,0,0.4881511531128101
501226,2,1,3,1,0.48756148271071864
501226,2,1,4,0,0.48647024865685395
501226,2,1,5,0,0.4975858702072483
501226,2,1,6,0,0.48628602533951665
501226,2,2,1,0,0.5190878099045545
501226,2,2,2,0,0.5457346582819104
501226,2,2,3,1,0.5423809985898028
501226,2,2,4,0,6.313139414108697e-05
501226,2,2,5,0,0.5350637168710821
501226,2,2,6,0,0.5115990693400252
501226,2,3,1,0,0.5337666435806119
501226,2,3,2,0,0.5638169988704329
501226,2,3,3,0,0.5585545807436305
501226,2,3,4,0,0.5565925666499939
501226,2,3,5,1,0.5246458156249383
501226,2,3,6,0,8.912938714004702e-05
501226,2,4,1,0,0.5206506544590599
501226,2,4,2,0,0.551039817989514
501226,2,4,3,0,0.5606554352374578
501226,2,4,4,1,0.5762705207465938
501226,2,4,5,1,0.5393899851249258
501226,2,4,6,0,9.72386209166237e-05
501226,2,4,7,0,0.5314435327996707
501226,2,5,1,0,0.5250350315577206
501226,2,5,2,0,0.5543179916196347
501226,2,5,3,0,6.970130872207562e-05
501226,2,5,4,0,0.5816632492887467
501226,2,5,5,0,0.5157067894326071
501226,2,5,6,0,0.5158472392310883
501229,1,0,1,0,0.34292879586449154
501229,1,0,2,0,0.3758145906828431
501229,1,0,3,0,0.3938488080906707
501229,1,0,4,0,0.4602282905161428
501229,1,0,5,0,0.43792108377104433
501229,1,0,6,0,0.45949297480388923
501229,1,0,7,0,0.0005574403188046636
501229,1,1,1,0,0.4525308533705715
501229,1,1,2,0,0.4881511531128101
501229,1,1,3,0,0.48756148271071864
501229,1,1,4,0,0.48647024865685395
501229,1,1,5,0,0.4975858702072483
501229,1,1,6,0,0.48628602533951665
501229,1,2,1,0,0.5190878099045545
501229,1,2,2,0,6.71210527059499e-05
501229,1,2,3,0,0.5423809985898028
501229,1,2,4,0,0.5448509898803643
501229,1,2,5,0,0.5350637168710821
501229,1,2,6,0,0.5115990693400252
501229,1,3,1,0,0.5337666435806119
501229,1,3,2,0,0.5638169988704329
501229,1,3,3,1,0.5585545807436305
501229,1,3,4,0,0.5565925666499939
501229,1,3,5,0,0.5246458156249383
501229,1,3,6,0,0.5246355576704819
501229,1,3,7,0,0.5656720274535049
501229,1,3,8,0,0.6571105056916209
501229,1,3,9,0,0.6211103090646545
501229,1,4,1,0,0.5206506544590599
501229,1,4,2,0,0.551039817989514
501229,1,4,3,0,0.5606554352374578
501229,1,4,4,0,0.5762705207465938
501229,1,4,5,0,0.5393899851249258
501229,1,4,6,0,0.5176374469950858
501229,1,5,1,0,0.5250350315577206
501229,1,5,2,0,8.238543178915683e-05
501229,1,5,3,0,0.536775701611716
501229,1,5,4,0,0.5816632492887467
501229,1,5,5,0,0.5157067894326071
501229,1,5,6,0,0.5158472392310883
501229,2,0,1,0,0.34292879586449154
501229,2,0,2,0,0.3758145906828431
501229,2,0,3,0,0.3938488080906707
501229,2,0,4,0,0.0001682578208106649
501229,2,0,5,0,0.43792108377104433
501229,2,0,6,0,0.45949297480388923
501229,2,1,1,0,0.4525308533705715
501229,2,1,2,0,9.924247765745456e-05
501229,2,1,3,0,9.24106665955198e-05
501229,2,1,4,0,0.48647024865685395
501229,2,1,5,0,0.4975858702072483
501229,2,1,6,0,0.00010856370594880755
501229,2,1,7,0,0.5312862305625888
501229,2,2,1,0,0.5190878099045545
501229,2,2,2,0,0.5457346582819104
501229,2,2,3,0,0.5423809985898028
501229,2,2,4,0,0.5448509898803643
501229,2,2,5,0,0.5350637168710821
501229,2,2,6,1,0.5115990693400252
501229,2,3,1,0,0.00015952827975369624
501229,2,3,2,0,0.5638169988704329
501229,2,3,3,0,0.5585545807436305
501229,2,3,4,1,0.5565925666499939
501229,2,3,5,0,0.5246458156249383
501229,2,3,6,0,8.912938714004702e-05
501229,2,4,1,0,0.5206506544590599
501229,2,4,2,1,0.551039817989514
501229,2,4,3,1,0.5606554352374578
501229,2,4,4,0,0.5762705207465938
501229,2,4,5,0,0.5393899851249258
501229,2,4,6,0,0.5176374469950858
501229,2,4,7,0,0.5314435327996707
501229,2,4,8,0,0.5480485293374653
501229,2,5,1,0,0.5250350315577206
501229,2,5,2,0,0.5543179916196347
501229,2,5,3,0,0.536775701611716
501229,2,5,4,0,0.5816632492887467
501229,2,5,5,1,0.5157067894326071
501229,2,5,6,0,0.5158472392310883
501230,1,0,1,0,0.34292879586449154
501230,1,0,2,0,0.3758145906828431
501230,1,0,3,0,0.3938488080906707
501230,1,0,4,0,0.4602282905161428
501230,1,0,5,0,0.43792108377104433
501230,1,0,6,0,0.45949297480388923
501230,1,1,1,0,0.4525308533705715
501230,1,1,2,0,0.4881511531128101
501230,1,1,3,0,0.48756148271071864
501230,1,1,4,0,0.48647024865685395
501230,1,1,5,1,0.4975858702072483
501230,1,1,6,0,0.48628602533951665
501230,1,1,7,1,0.5312862305625888
501230,1,2,1,0,0.5190878099045545
501230,1,2,2,0,0.5457346582819104
501230,1,2,3,0,0.5423809985898028
501230,1,2,4,0,0.5448509898803643
501230,1,2,5,0,0.5350637168710821
501230,1,2,6,0,0.5115990693400252
501230,1,3,1,0,0.5337666435806119
501230,1,3,2,1,0.5638169988704329
501230,1,3,3,0,0.5585545807436305
501230,1,3,4,1,0.5565925666499939
501230,1,3,5,1,0.5246458156249383
501230,1,3,6,0,0.5246355576704819
501230,1,4,1,0,0.5206506544590599
501230,1,4,2,0,0.551039817989514
501230,1,4,3,0,7.01966065263333e-05
501230,1,4,4,0,0.5762705207465938
501230,1,4,5,0,0.5393899851249258
501230,1,4,6,1,0.5176374469950858
501230,1,5,1,0,0.5250350315577206
501230,1,5,2,0,0.5543179916196347
501230,1,5,3,0,0.536775701611716
501230,1,5,4,0,0.5816632492887467
501230,1,5,5,1,0.5157067894326071
501230,1,5,6,0,0.5158472392310883
501230,2,0,1,0,0.34292879586449154
501230,2,0,2,0,0.3758145906828431
501230,2,0,3,1,0.3938488080906707
501230,2,0,4,0,0.4602282905161428
501230,2,0,5,0,0.43792108377104433
501230,2,0,6,0,0.45949297480388923
501230,2,0,7,0,0.4455858771989033
501230,2,1,1,0,0.4525308533705715
501230,2,1,2,1,0.4881511531128101
501230,2,1,3,0,0.48756148271071864
501230,2,1,4,0,0.48647024865685395
501230,2,1,5,0,0.4975858702072483
501230,2,1,6,0,0.00010856370594880755
501230,2,2,1,0,0.5190878099045545
501230,2,2,2,0,0.5457346582819104
501230,2,2,3,0,0.5423809985898028
501230,2,2,4,0,0.5448509898803643
501230,2,2,5,0,0.5350637168710821
501230,2,2,6,0,0.5115990693400252
501230,2,3,1,0,0.5337666435806119
501230,2,3,2,1,0.5638169988704329
501230,2,3,3,1,0.5585545807436305
501230,2,3,4,0,0.5565925666499939
501230,2,3,5,0,0.5246458156249383
501230,2,3,6,0,0.5246355576704819
501230,2,4,1,0,0.5206506544590599
501230,2,4,2,0,0.551039817989514
501230,2,4,3,0,0.5606554352374578
501230,2,4,4,0,0.5762705207465938
501230,2,4,5,0,0.5393899851249258
501230,2,4,6,1,0.5176374469950858
501230,2,5,1,0,0.5250350315577206
501230,2,5,2,0,0.5543179916196347
501230,2,5,3,0,0.536775701611716
501230,2,5,4,0,0.5816632492887467
501230,2,5,5,0,0.5157067894326071
501230,2,5,6,1,0.5158472392310883
501230,2,5,7,0,0.5010579670010621
501231,1,0,1,0,0.34292879586449154
501231,1,0,2,1,0.3758145906828431
501231,1,0,3,0,0.3938488080906707
501231,1,0,4,0,0.4602282905161428
501231,1,0,5,0,0.43792108377104433
501231,1,0,6,0,0.45949297480388923
501231,1,1,1,0,0.4525308533705715
501231,1,1,2,0,0.4881511531128101
501231,1,1,3,0,0.48756148271071864
501231,1,1,4,0,0.48647024865685395
501231,1,1,5,0,0.4975858702072483
501231,1,1,6,0,0.48628602533951665
501231,1,1,7,0,0.5312862305625888
501231,1,2,1,0,0.5190878099045545
501231,1,2,2,0,0.5457346582819104
501231,1,2,3,0,0.5423809985898028
501231,1,2,4,1,0.5448509898803643
501231,1,2,5,0,0.5350637168710821
501231,1,2,6,0,0.5115990693400252
501231,1,3,1,0,0.00015952827975369624
501231,1,3,2,0,0.5638169988704329
501231,1,3,3,0,0.5585545807436305
501231,1,3,4,0,0.5565925666499939
501231,1,3,5,0,0.5246458156249383
501231,1,3,6,1,0.5246355576704819
501231,1,4,1,0,0.5206506544590599
501231,1,4,2,0,7.766533673193968e-05
501231,1,4,3,0,0.5606554352374578
501231,1,4,4,0,0.5762705207465938
501231,1,4,5,0,0.5393899851249258
501231,1,4,6,0,0.5176374469950858
501231,1,5,1,0,0.5250350315577206
501231,1,5,2,0,0.5543179916196347
501231,1,5,3,0,0.536775701611716
501231,1,5,4,0,0.5816632492887467
501231,1,5,5,0,0.5157067894326071
501231,1,5,6,0,0.5158472392310883
501231,2,0,1,0,0.34292879586449154
501231,2,0,2,0,0.3758145906828431
501231,2,0,3,0,0.3938488080906707
501231,2,0,4,0,0.4602282905161428
501231,2,0,5,0,0.43792108377104433
501231,2,0,6,0,0.45949297480388923
501231,2,1,1,0,0.4525308533705715
501231,2,1,2,1,0.4881511531128101
501231,2,1,3,0,0.48756148271071864
501231,2,1,4,0,0.48647024865685395
501231,2,1,5,0,0.4975858702072483
501231,2,1,6,0,0.48628602533951665
501231,2,2,1,0,0.5190878099045545
501231,2,2,2,0,0.5457346582819104
501231,2,2,3,0,0.5423809985898028
501231,2,2,4,0,0.5448509898803643
501231,2,2,5,0,0.5350637168710821
501231,2,2,6,1,0.5115990693400252
501231,2,3,1,0,0.5337666435806119
501231,2,3,2,0,0.5638169988704329
501231,2,3,3,0,0.5585545807436305
501231,2,3,4,0,0.5565925666499939
501231,2,3,5,0,0.5246458156249383
501231,2,3,6,0,0.5246355576704819
501231,2,4,1,0,0.5206506544590599
501231,2,4,2,0,0.551039817989514
501231,2,4,3,0,7.01966065263333e-05
501231,2,4,4,0,0.5762705207465938
501231,2,4,5,0,0.5393899851249258
501231,2,4,6,0,0.5176374469950858
501231,2,5,1,0,0.5250350315577206
501231,2,5,2,0,0.5543179916196347
501231,2,5,3,0,0.536775701611716
501231,2,5,4,0,0.5816632492887467
501231,2,5,5,0,0.5157067894326071
501231,2,5,6,0,0.5158472392310883
501240,1,0,1,0,0.34292879586449154
501240,1,0,2,0,0.3758145906828431
501240,1,0,3,0,0.3938488080906707
501240,1,0,4,0,0.4602282905161428
501240,1,0,5,0,0.43792108377104433
501240,1,0,6,0,0.45949297480388923
501240,1,1,1,0,0.4525308533705715
501240,1,1,2,0,0.4881511531128101
501240,1,1,3,0,0.48756148271071864
501240,1,1,4,0,0.48647024865685395
501240,1,1,5,1,0.4975858702072483
501240,1,1,6,0,0.48628602533951665
501240,1,2,1,0,0.5190878099045545
501240,1,2,2,0,0.5457346582819104
501240,1,2,3,0,0.5423809985898028
501240,1,2,4,0,0.5448509898803643
501240,1,2,5,0,0.5350637168710821
501240,1,2,6,0,0.5115990693400252
501240,1,3,1,1,0.5337666435806119
501240,1,3,2,0,0.5638169988704329
501240,1,3,3,0,0.5585545807436305
501240,1,3,4,0,0.5565925666499939
501240,1,3,5,0,0.5246458156249383
501240,1,3,6,0,0.5246355576704819
501240,1,4,1,1,0.5206506544590599
501240,1,4,2,0,0.551039817989514
501240,1,4,3,1,0.5606554352374578
501240,1,4,4,0,0.5762705207465938
501240,1,4,5,0,0.5393899851249258
501240,1,4,6,1,0.5176374469950858
501240,1,5,1,0,0.5250350315577206
501240,1,5,2,0,0.5543179916196347
501240,1,5,3,1,0.536775701611716
501240,1,5,4,0,0.5816632492887467
501240,1,5,5,1,0.5157067894326071
501240,1,5,6,0,0.5158472392310883
501240,2,0,1,0,0.34292879586449154
501240,2,0,2,0,0.3758145906828431
501240,2,0,3,0,0.3938488080906707
501240,2,0,4,0,0.4602282905161428
501240,2,0,5,0,0.43792108377104433
501240,2,0,6,1,0.45949297480388923
501240,2,1,1,0,0.4525308533705715
501240,2,1,2,0,0.4881511531128101
501240,2,1,3,0,0.48756148271071864
501240,2,1,4,0,0.48647024865685395
501240,2,1,5,0,8.911846280782056e-05
501240,2,1,6,0,0.48628602533951665
501240,2,2,1,0,0.5190878099045545
501240,2,2,2,0,0.5457346582819104
501240,2,2,3,0,0.5423809985898028
501240,2,2,4,0,0.5448509898803643
501240,2,2,5,0,0.5350637168710821
501240,2,2,6,1,0.5115990693400252
501240,2,3,1,0,0.5337666435806119
501240,2,3,2,0,0.5638169988704329
501240,2,3,3,0,0.5585545807436305
501240,2,3,4,0,0.5565925666499939
501240,2,3,5,0,0.5246458156249383
501240,2,3,6,0,0.5246355576704819
501240,2,4,1,0,0.5206506544590599
501240,2,4,2,0,0.551039817989514
501240,2,4,3,0,0.5606554352374578
501240,2,4,4,1,0.5762705207465938
501240,2,4,5,0,0.5393899851249258
501240,2,4,6,0,0.5176374469950858
501240,2,4,7,0,0.5314435327996707
501240,2,4,8,0,0.5480485293374653
501240,2,5,1,0,0.5250350315577206
501240,2,5,2,0,0.5543179916196347
501240,2,5,3,0,0.536775701611716
501240,2,5,4,0,0.5816632492887467
501240,2,5,5,0,0.5157067894326071
501240,2,5,6,0,0.5158472392310883
501243,1,0,1,1,0.34292879586449154
501243,1,0,2,1,0.3758145906828431
501243,1,0,3,0,0.3938488080906707
501243,1,0,4,0,0.4602282905161428
501243,1,0,5,0,0.43792108377104433
501243,1,0,6,0,0.45949297480388923
501243,1,1,1,0,0.4525308533705715
501243,1,1,2,0,0.4881511531128101
501243,1,1,3,0,0.48756148271071864
501243,1,1,4,0,0.48647024865685395
501243,1,1,5,0,0.4975858702072483
501243,1,1,6,0,0.48628602533951665
501243,1,2,1,1,0.5190878099045545
501243,1,2,2,0,0.5457346582819104
501243,1,2,3,0,0.5423809985898028
501243,1,2,4,0,0.5448509898803643
501243,1,2,5,0,7.095521043020302e-05
501243,1,2,6,0,0.5115990693400252
501243,1,3,1,0,0.5337666435806119
501243,1,3,2,1,0.5638169988704329
501243,1,3,3,0,0.5585545807436305
501243,1,3,4,0,0.5565925666499939
501243,1,3,5,0,0.5246458156249383
501243,1,3,6,0,0.5246355576704819
501243,1,4,1,0,0.5206506544590599
501243,1,4,2,0,0.551039817989514
501243,1,4,3,0,0.5606554352374578
501243,1,4,4,1,0.5762705207465938
501243,1,4,5,0,0.5393899851249258
501243,1,4,6,0,0.5176374469950858
501243,1,5,1,0,0.5250350315577206
501243,1,5,2,1,0.5543179916196347
501243,1,5,3,1,0.536775701611716
501243,1,5,4,1,0.5816632492887467
501243,1,5,5,0,0.5157067894326071
501243,1,5,6,0,0.5158472392310883
501243,2,0,1,0,0.34292879586449154
501243,2,0,2,0,0.00018585311536224735
501243,2,0,3,0,0.3938488080906707
501243,2,0,4,0,0.4602282905161428
501243,2,0,5,0,0.43792108377104433
501243,2,0,6,1,0.45949297480388923
501243,2,1,1,0,0.4525308533705715
501243,2,1,2,0,0.4881511531128101
501243,2,1,3,0,0.48756148271071864
501243,2,1,4,0,0.48647024865685395
501243,2,1,5,0,0.4975858702072483
501243,2,1,6,0,0.48628602533951665
501243,2,1,7,0,0.5312862305625888
501243,2,2,1,0,0.5190878099045545
501243,2,2,2,0,0.5457346582819104
501243,2,2,3,0,0.5423809985898028
501243,2,2,4,0,0.5448509898803643
501243,2,2,5,0,0.5350637168710821
501243,2,2,6,0,0.5115990693400252
501243,2,2,7,0,0.5434680194742225
501243,2,3,1,1,0.5337666435806119
501243,2,3,2,0,7.207262176670686e-05
501243,2,3,3,0,0.5585545807436305
501243,2,3,4,0,0.5565925666499939
501243,2,3,5,0,0.5246458156249383
501243,2,3,6,0,0.5246355576704819
501243,2,4,1,0,0.5206506544590599
501243,2,4,2,0,0.551039817989514
501243,2,4,3,0,0.5606554352374578
501243,2,4,4,0,0.5762705207465938
501243,2,4,5,0,0.5393899851249258
501243,2,4,6,0,0.5176374469950858
501243,2,4,7,0,0.5314435327996707
501243,2,4,8,0,0.5480485293374653
501243,2,4,9,0,0.5315119368394773
501243,2,5,1,0,0.5250350315577206
501243,2,5,2,0,0.5543179916196347
501243,2,5,3,0,0.536775701611716
501243,2,5,4,0,0.5816632492887467
501243,2,5,5,0,7.613948438054935e-05
501243,2,5,6,0,0.5158472392310883
501243,2,5,7,1,0.5010579670010621
501250,1,0,1,0,0.34292879586449154
501250,1,0,2,0,0.3758145906828431
501250,1,0,3,0,0.3938488080906707
501250,1,0,4,0,0.4602282905161428
501250,1,0,5,0,0.43792108377104433
501250,1,0,6,0,0.45949297480388923
501250,1,1,1,0,0.4525308533705715
501250,1,1,2,0,0.4881511531128101
501250,1,1,3,0,0.48756148271071864
501250,1,1,4,0,0.48647024865685395
501250,1,1,5,1,0.4975858702072483
501250,1,1,6,1,0.48628602533951665
501250,1,2,1,0,0.5190878099045545
501250,1,2,2,1,0.5457346582819104
501250,1,2,3,0,0.5423809985898028
501250,1,2,4,0,0.5448509898803643
501250,1,2,5,0,0.5350637168710821
501250,1,2,6,0,0.5115990693400252
501250,1,3,1,0,0.5337666435806119
501250,1,3,2,0,0.5638169988704329
501250,1,3,3,0,0.5585545807436305
501250,1,3,4,0,0.5565925666499939
501250,1,3,5,0,0.5246458156249383
501250,1,3,6,1,0.5246355576704819
501250,1,3,7,0,0.5656720274535049
501250,1,4,1,0,0.5206506544590599
501250,1,4,2,0,0.551039817989514
501250,1,4,3,0,0.5606554352374578
501250,1,4,4,0,0.5762705207465938
501250,1,4,5,0,0.5393899851249258
501250,1,4,6,1,0.5176374469950858
501250,1,5,1,0,0.5250350315577206
501250,1,5,2,1,0.5543179916196347
501250,1,5,3,0,0.536775701611716
501250,1,5,4,0,0.5816632492887467
501250,1,5,5,0,0.5157067894326071
501250,1,5,6,1,0.5158472392310883
501250,2,0,1,0,0.34292879586449154
501250,2,0,2,0,0.3758145906828431
501250,2,0,3,0,0.3938488080906707
501250,2,0,4,1,0.4602282905161428
501250,2,0,5,1,0.43792108377104433
501250,2,0,6,0,0.45949297480388923
501250,2,0,7,1,0.4455858771989033
501250,2,1,1,0,0.4525308533705715
501250,2,1,2,0,0.4881511531128101
501250,2,1,3,0,0.48756148271071864
501250,2,1,4,0,0.48647024865685395
501250,2,1,5,1,0.4975858702072483
501250,2,1,6,1,0.48628602533951665
501250,2,2,1,0,0.5190878099045545
501250,2,2,2,1,0.5457346582819104
501250,2,2,3,0,0.5423809985898028
501250,2,2,4,0,0.5448509898803643
501250,2,2,5,0,0.5350637168710821
501250,2,2,6,0,0.5115990693400252
501250,2,3,1,0,0.5337666435806119
501250,2,3,2,0,0.5638169988704329
501250,2,3,3,0,0.5585545807436305
501250,2,3,4,1,0.5565925666499939
501250,2,3,5,0,0.5246458156249383
501250,2,3,6,0,0.5246355576704819
501250,2,4,1,1,0.5206506544590599
501250,2,4,2,0,0.551039817989514
501250,2,4,3,0,0.5606554352374578
501250,2,4,4,0,0.5762705207465938
501250,2,4,5,0,0.5393899851249258
501250,2,4,6,0,0.5176374469950858
501250,2,5,1,0,0.5250350315577206
501250,2,5,2,1,0.5543179916196347
501250,2,5,3,0,0.536775701611716
501250,2,5,4,0,0.5816632492887467
501250,2,5,5,0,0.5157067894326071
501250,2,5,6,1,0.5158472392310883
501254,1,0,1,0,0.34292879586449154
501254,1,0,2,0,0.3758145906828431
501254,1,0,3,0,0.3938488080906707
501254,1,0,4,0,0.4602282905161428
501254,1,0,5,0,0.43792108377104433
501254,1,0,6,1,0.45949297480388923
501254,1,0,7,1,0.4455858771989033
501254,1,0,8,0,0.3455787779741998
501254,1,1,1,0,0.4525308533705715
501254,1,1,2,0,0.4881511531128101
501254,1,1,3,0,0.48756148271071864
501254,1,1,4,0,0.48647024865685395
501254,1,1,5,0,0.4975858702072483
501254,1,1,6,1,0.48628602533951665
501254,1,1,7,0,0.5312862305625888
501254,1,2,1,0,0.5190878099045545
501254,1,2,2,0,0.5457346582819104
501254,1,2,3,1,0.5423809985898028
501254,1,2,4,0,0.5448509898803643
501254,1,2,5,1,0.5350637168710821
501254,1,2,6,0,0.5115990693400252
501254,1,3,1,0,0.5337666435806119
501254,1,3,2,0,0.5638169988704329
501254,1,3,3,0,0.5585545807436305
501254,1,3,4,0,0.5565925666499939
501254,1,3,5,0,0.5246458156249383
501254,1,3,6,0,0.5246355576704819
501254,1,3,7,0,0.5656720274535049
501254,1,4,1,0,0.5206506544590599
501254,1,4,2,0,0.551039817989514
501254,1,4,3,0,0.5606554352374578
501254,1,4,4,0,0.5762705207465938
501254,1,4,5,1,0.5393899851249258
501254,1,4,6,0,0.5176374469950858
501254,1,5,1,0,0.5250350315577206
501254,1,5,2,0,0.5543179916196347
501254,1,5,3,1,0.536775701611716
501254,1,5,4,0,0.5816632492887467
501254,1,5,5,0,0.5157067894326071
501254,1,5,6,1,0.5158472392310883
501254,1,5,7,0,0.5010579670010621
501254,2,0,1,0,0.34292879586449154
501254,2,0,2,0,0.3758145906828431
501254,2,0,3,0,0.3938488080906707
501254,2,0,4,0,0.4602282905161428
501254,2,0,5,0,0.43792108377104433
501254,2,0,6,0,0.45949297480388923
501254,2,0,7,1,0.4455858771989033
501254,2,0,8,0,0.3455787779741998
501254,2,1,1,0,0.4525308533705715
501254,2,1,2,0,0.4881511531128101
501254,2,1,3,1,0.48756148271071864
501254,2,1,4,0,0.48647024865685395
501254,2,1,5,0,0.4975858702072483
501254,2,1,6,0,0.48628602533951665
501254,2,2,1,1,0.5190878099045545
501254,2,2,2,0,0.5457346582819104
501254,2,2,3,1,0.5423809985898028
501254,2,2,4,0,0.5448509898803643
501254,2,2,5,0,7.095521043020302e-05
501254,2,2,6,0,0.5115990693400252
501254,2,3,1,0,0.5337666435806119
501254,2,3,2,0,0.5638169988704329
501254,2,3,3,0,0.5585545807436305
501254,2,3,4,0,0.5565925666499939
501254,2,3,5,0,0.5246458156249383
501254,2,3,6,0,0.5246355576704819
501254,2,3,7,0,0.5656720274535049
501254,2,4,1,0,0.5206506544590599
501254,2,4,2,0,0.551039817989514
501254,2,4,3,0,0.5606554352374578
501254,2,4,4,0,7.530897549982799e-05
501254,2,4,5,0,0.5393899851249258
501254,2,4,6,1,0.5176374469950858
501254,2,5,1,1,0.5250350315577206
501254,2,5,2,0,0.5543179916196347
501254,2,5,3,1,0.536775701611716
501254,2,5,4,1,0.5816632492887467
501254,2,5,5,0,0.5157067894326071
501254,2,5,6,0,0.5158472392310883
501256,1,0,1,0,0.34292879586449154
501256,1,0,2,0,0.00018585311536224735
501256,1,0,3,0,0.3938488080906707
501256,1,0,4,0,0.4602282905161428
501256,1,0,5,0,0.43792108377104433
501256,1,0,6,0,0.45949297480388923
501256,1,1,1,0,0.4525308533705715
501256,1,1,2,0,0.4881511531128101
501256,1,1,3,0,0.48756148271071864
501256,1,1,4,0,0.48647024865685395
501256,1,1,5,0,0.4975858702072483
501256,1,1,6,0,0.48628602533951665
501256,1,2,1,0,0.5190878099045545
501256,1,2,2,0,0.5457346582819104
501256,1,2,3,0,0.5423809985898028
501256,1,2,4,0,0.5448509898803643
501256,1,2,5,0,0.5350637168710821
501256,1,2,6,0,0.5115990693400252
501256,1,3,1,0,0.5337666435806119
501256,1,3,2,1,0.5638169988704329
501256,1,3,3,0,0.5585545807436305
501256,1,3,4,0,0.5565925666499939
501256,1,3,5,0,0.5246458156249383
501256,1,3,6,0,0.5246355576704819
501256,1,4,1,1,0.5206506544590599
501256,1,4,2,0,0.551039817989514
501256,1,4,3,0,0.5606554352374578
501256,1,4,4,0,0.5762705207465938
501256,1,4,5,0,0.5393899851249258
501256,1,4,6,0,0.5176374469950858
501256,1,5,1,0,0.5250350315577206
501256,1,5,2,0,0.5543179916196347
501256,1,5,3,1,0.536775701611716
501256,1,5,4,0,0.5816632492887467
501256,1,5,5,0,0.5157067894326071
501256,1,5,6,0,0.5158472392310883
501256,2,0,1,0,0.34292879586449154
501256,2,0,2,0,0.3758145906828431
501256,2,0,3,0,0.3938488080906707
501256,2,0,4,0,0.4602282905161428
501256,2,0,5,0,0.43792108377104433
501256,2,0,6,0,0.45949297480388923
501256,2,1,1,0,0.4525308533705715
501256,2,1,2,0,0.4881511531128101
501256,2,1,3,0,0.48756148271071864
501256,2,1,4,0,0.48647024865685395
501256,2,1,5,0,0.4975858702072483
501256,2,1,6,0,0.48628602533951665
501256,2,2,1,0,0.0001421325131760957
501256,2,2,2,0,0.5457346582819104
501256,2,2,3,0,0.5423809985898028
501256,2,2,4,0,0.5448509898803643
501256,2,2,5,0,0.5350637168710821
501256,2,2,6,0,0.5115990693400252
501256,2,3,1,0,0.5337666435806119
501256,2,3,2,0,0.5638169988704329
501256,2,3,3,1,0.5585545807436305
501256,2,3,4,0,0.5565925666499939
501256,2,3,5,0,0.5246458156249383
501256,2,3,6,0,0.5246355576704819
501256,2,3,7,0,0.00027205487068489125
501256,2,4,1,0,0.5206506544590599
501256,2,4,2,0,0.551039817989514
501256,2,4,3,0,0.5606554352374578
501256,2,4,4,0,0.5762705207465938
501256,2,4,5,1,0.5393899851249258
501256,2,4,6,0,0.5176374469950858
501256,2,5,1,0,0.5250350315577206
501256,2,5,2,0,0.5543179916196347
501256,2,5,3,0,6.970130872207562e-05
501256,2,5,4,0,0.5816632492887467
501256,2,5,5,0,0.5157067894326071
501256,2,5,6,0,0.5158472392310883
501265,1,0,1,0,0.34292879586449154
501265,1,0,2,0,0.3758145906828431
501265,1,0,3,0,0.3938488080906707
501265,1,0,4,0,0.4602282905161428
501265,1,0,5,0,0.43792108377104433
501265,1,0,6,0,0.45949297480388923
501265,1,1,1,0,0.4525308533705715
501265,1,1,2,0,0.4881511531128101
501265,1,1,3,0,0.48756148271071864
501265,1,1,4,0,0.48647024865685395
501265,1,1,5,0,0.4975858702072483
501265,1,1,6,0,0.48628602533951665
501265,1,2,1,0,0.5190878099045545
501265,1,2,2,1,0.5457346582819104
501265,1,2,3,1,0.5423809985898028
501265,1,2,4,0,0.5448509898803643
501265,1,2,5,0,0.5350637168710821
501265,1,2,6,0,0.5115990693400252
501265,1,3,1,1,0.5337666435806119
501265,1,3,2,0,0.5638169988704329
501265,1,3,3,0,0.5585545807436305
501265,1,3,4,0,6.256559681168003e-05
501265,1,3,5,0,0.5246458156249383
501265,1,3,6,0,0.5246355576704819
501265,1,4,1,0,0.5206506544590599
501265,1,4,2,0,0.551039817989514
501265,1,4,3,0,0.5606554352374578
501265,1,4,4,0,0.5762705207465938
501265,1,4,5,0,0.5393899851249258
501265,1,4,6,0,0.5176374469950858
501265,1,5,1,0,0.5250350315577206
501265,1,5,2,0,0.5543179916196347
501265,1,5,3,0,0.536775701611716
501265,1,5,4,0,0.5816632492887467
501265,1,5,5,1,0.5157067894326071
501265,1,5,6,0,0.00010310924426488355
501265,1,5,7,0,0.5010579670010621
501270,1,0,1,0,0.34292879586449154
501270,1,0,2,0,0.3758145906828431
501270,1,0,3,1,0.3938488080906707
501270,1,0,4,1,0.4602282905161428
501270,1,0,5,0,0.43792108377104433
501270,1,0,6,1,0.45949297480388923
501270,1,0,7,0,0.4455858771989033
501270,1,0,8,1,0.3455787779741998
501270,1,1,1,0,0.4525308533705715
501270,1,1,2,1,0.4881511531128101
501270,1,1,3,0,0.48756148271071864
501270,1,1,4,0,0.48647024865685395
501270,1,1,5,1,0.4975858702072483
501270,1,1,6,0,0.48628602533951665
501270,1,1,7,0,0.5312862305625888
501270,1,2,1,1,0.5190878099045545
501270,1,2,2,0,0.5457346582819104
501270,1,2,3,1,0.5423809985898028
501270,1,2,4,0,0.5448509898803643
501270,1,2,5,0,0.5350637168710821
501270,1,2,6,0,0.5115990693400252
501270,1,3,1,0,0.5337666435806119
501270,1,3,2,1,0.5638169988704329
501270,1,3,3,1,0.5585545807436305
501270,1,3,4,0,0.5565925666499939
501270,1,3,5,0,0.5246458156249383
501270,1,3,6,0,0.5246355576704819
501270,1,4,1,0,0.5206506544590599
501270,1,4,2,0,0.551039817989514
501270,1,4,3,1,0.5606554352374578
501270,1,4,4,1,0.5762705207465938
501270,1,4,5,0,0.5393899851249258
501270,1,4,6,0,0.5176374469950858
501270,1,5,1,0,0.5250350315577206
501270,1,5,2,0,0.5543179916196347
501270,1,5,3,0,0.536775701611716
501270,1,5,4,0,0.5816632492887467
501270,1,5,5,0,0.5157067894326071
501270,1,5,6,0,0.5158472392310883
501270,2,0,1,1,0.34292879586449154
501270,2,0,2,0,0.3758145906828431
501270,2,0,3,0,0.3938488080906707
501270,2,0,4,0,0.4602282905161428
501270,2,0,5,1,0.43792108377104433
501270,2,0,6,0,0.45949297480388923
501270,2,1,1,1,0.4525308533705715
501270,2,1,2,1,0.4881511531128101
501270,2,1,3,0,0.48756148271071864
501270,2,1,4,0,0.48647024865685395
501270,2,1,5,0,0.4975858702072483
501270,2,1,6,0,0.48628602533951665
501270,2,2,1,0,0.5190878099045545
501270,2,2,2,0,0.5457346582819104
501270,2,2,3,0,0.5423809985898028
501270,2,2,4,0,0.5448509898803643
501270,2,2,5,0,0.5350637168710821
501270,2,2,6,0,0.5115990693400252
501270,2,3,1,0,0.5337666435806119
501270,2,3,2,0,0.5638169988704329
501270,2,3,3,0,6.085998866754581e-05
501270,2,3,4,0,0.5565925666499939
501270,2,3,5,0,0.5246458156249383
501270,2,3,6,1,0.5246355576704819
501270,2,4,1,1,0.5206506544590599
501270,2,4,2,0,0.551039817989514
501270,2,4,3,0,0.5606554352374578
501270,2,4,4,1,0.5762705207465938
501270,2,4,5,0,0.5393899851249258
501270,2,4,6,0,0.5176374469950858
501270,2,5,1,0,0.00016316266614252873
501270,2,5,2,0,0.5543179916196347
501270,2,5,3,0,0.536775701611716
501270,2,5,4,1,0.5816632492887467
501270,2,5,5,0,0.5157067894326071
501270,2,5,6,0,0.5158472392310883
501270,2,5,7,1,0.5010579670010621
548310,1,0,1,0,0.34292879586449154
548310,1,0,2,0,0.3758145906828431
548310,1,0,3,0,0.3938488080906707
548310,1,0,4,0,0.4602282905161428
548310,1,0,5,0,0.43792108377104433
548310,1,0,6,0,0.45949297480388923
548310,1,1,1,0,0.4525308533705715
548310,1,1,2,0,0.4881511531128101
548310,1,1,3,0,0.48756148271071864
548310,1,1,4,1,0.48647024865685395
548310,1,1,5,0,0.4975858702072483
548310,1,1,6,0,0.48628602533951665
548310,1,2,1,0,0.5190878099045545
548310,1,2,2,0,0.5457346582819104
548310,1,2,3,1,0.5423809985898028
548310,1,2,4,1,0.5448509898803643
548310,1,2,5,1,0.5350637168710821
548310,1,2,6,1,0.5115990693400252
548310,1,3,1,0,0.5337666435806119
548310,1,3,2,1,0.5638169988704329
548310,1,3,3,0,0.5585545807436305
548310,1,3,4,0,0.5565925666499939
548310,1,3,5,0,0.5246458156249383
548310,1,3,6,0,0.5246355576704819
548310,1,3,7,0,0.00027205487068489125
548310,1,4,1,0,0.5206506544590599
548310,1,4,2,0,0.551039817989514
548310,1,4,3,0,0.5606554352374578
548310,1,4,4,0,0.5762705207465938
548310,1,4,5,0,0.5393899851249258
548310,1,4,6,0,0.5176374469950858
548310,1,5,1,0,0.5250350315577206
548310,1,5,2,0,0.5543179916196347
548310,1,5,3,0,0.536775701611716
548310,1,5,4,1,0.5816632492887467
548310,1,5,5,0,0.5157067894326071
548310,1,5,6,0,0.00010310924426488355
548310,2,0,1,1,0.34292879586449154
548310,2,0,2,1,0.3758145906828431
548310,2,0,3,1,0.3938488080906707
548310,2,0,4,0,0.4602282905161428
548310,2,0,5,0,0.0001647836315587949
548310,2,0,6,0,0.45949297480388923
548310,2,1,1,0,0.4525308533705715
548310,2,1,2,0,0.4881511531128101
548310,2,1,3,0,0.48756148271071864
548310,2,1,4,1,0.48647024865685395
548310,2,1,5,1,0.4975858702072483
548310,2,1,6,0,0.48628602533951665
548310,2,2,1,0,0.5190878099045545
548310,2,2,2,0,0.5457346582819104
548310,2,2,3,0,0.5423809985898028
548310,2,2,4,0,0.5448509898803643
548310,2,2,5,0,0.5350637168710821
548310,2,2,6,0,0.5115990693400252
548310,2,2,7,0,0.5434680194742225
548310,2,3,1,0,0.5337666435806119
548310,2,3,2,0,0.5638169988704329
548310,2,3,3,0,0.5585545807436305
548310,2,3,4,0,0.5565925666499939
548310,2,3,5,0,0.5246458156249383
548310,2,3,6,0,0.5246355576704819
548310,2,4,1,0,0.5206506544590599
548310,2,4,2,0,0.551039817989514
548310,2,4,3,1,0.5606554352374578
548310,2,4,4,0,0.5762705207465938
548310,2,4,5,1,0.5393899851249258
548310,2,4,6,0,0.5176374469950858
548310,2,5,1,0,0.5250350315577206
548310,2,5,2,0,0.5543179916196347
548310,2,5,3,0,0.536775701611716
548310,2,5,4,1,0.5816632492887467
548310,2,5,5,0,0.5157067894326071
548310,2,5,6,0,0.5158472392310883
548311,1,0,1,0,0.34292879586449154
548311,1,0,2,0,0.3758145906828431
548311,1,0,3,0,0.3938488080906707
548311,1,0,4,0,0.4602282905161428
548311,1,0,5,0,0.0001647836315587949
548311,1,0,6,0,0.45949297480388923
548311,1,1,1,0,0.4525308533705715
548311,1,1,2,0,0.4881511531128101
548311,1,1,3,0,0.48756148271071864
548311,1,1,4,1,0.48647024865685395
548311,1,1,5,0,0.4975858702072483
548311,1,1,6,0,0.48628602533951665
548311,1,1,7,0,0.5312862305625888
548311,1,2,1,1,0.5190878099045545
548311,1,2,2,0,0.5457346582819104
548311,1,2,3,0,0.5423809985898028
548311,1,2,4,0,0.5448509898803643
548311,1,2,5,0,0.5350637168710821
548311,1,2,6,0,0.5115990693400252
548311,1,3,1,0,0.5337666435806119
548311,1,3,2,0,0.5638169988704329
548311,1,3,3,0,0.5585545807436305
548311,1,3,4,0,0.5565925666499939
548311,1,3,5,0,0.5246458156249383
548311,1,3,6,0,0.5246355576704819
548311,1,4,1,0,0.5206506544590599
548311,1,4,2,0,0.551039817989514
548311,1,4,3,0,0.5606554352374578
548311,1,4,4,1,0.5762705207465938
548311,1,4,5,1,0.5393899851249258
548311,1,4,6,1,0.5176374469950858
548311,1,5,1,1,0.5250350315577206
548311,1,5,2,0,0.5543179916196347
548311,1,5,3,0,6.970130872207562e-05
548311,1,5,4,0,0.5816632492887467
548311,1,5,5,0,0.5157067894326071
548311,1,5,6,0,0.5158472392310883
548311,2,0,1,1,0.34292879586449154
548311,2,0,2,0,0.3758145906828431
548311,2,0,3,0,0.3938488080906707
548311,2,0,4,0,0.4602282905161428
548311,2,0,5,0,0.43792108377104433
548311,2,0,6,0,0.45949297480388923
548311,2,1,1,0,0.4525308533705715
548311,2,1,2,0,0.4881511531128101
548311,2,1,3,0,0.48756148271071864
548311,2,1,4,0,0.48647024865685395
548311,2,1,5,1,0.4975858702072483
548311,2,1,6,1,0.48628602533951665
548311,2,1,7,0,0.5312862305625888
548311,2,2,1,0,0.5190878099045545
548311,2,2,2,0,0.5457346582819104
548311,2,2,3,0,0.5423809985898028
548311,2,2,4,0,0.5448509898803643
548311,2,2,5,0,0.5350637168710821
548311,2,2,6,0,0.5115990693400252
548311,2,3,1,0,0.5337666435806119
548311,2,3,2,0,0.5638169988704329
548311,2,3,3,0,0.5585545807436305
548311,2,3,4,0,0.5565925666499939
548311,2,3,5,0,0.5246458156249383
548311,2,3,6,1,0.5246355576704819
548311,2,3,7,1,0.5656720274535049
548311,2,3,8,0,0.0009253080831783688
548311,2,4,1,0,0.5206506544590599
548311,2,4,2,0,0.551039817989514
548311,2,4,3,0,0.5606554352374578
548311,2,4,4,0,0.5762705207465938
548311,2,4,5,0,0.5393899851249258
548311,2,4,6,0,0.5176374469950858
548311,2,5,1,0,0.5250350315577206
548311,2,5,2,0,0.5543179916196347
548311,2,5,3,1,0.536775701611716
548311,2,5,4,0,0.5816632492887467
548311,2,5,5,1,0.5157067894326071
548311,2,5,6,0,0.5158472392310883
548320,1,0,1,0,0.34292879586449154
548320,1,0,2,1,0.3758145906828431
548320,1,0,3,0,0.3938488080906707
548320,1,0,4,0,0.4602282905161428
548320,1,0,5,0,0.43792108377104433
548320,1,0,6,0,0.45949297480388923
548320,1,1,1,0,0.4525308533705715
548320,1,1,2,1,0.4881511531128101
548320,1,1,3,0,0.48756148271071864
548320,1,1,4,0,0.48647024865685395
548320,1,1,5,0,0.4975858702072483
548320,1,1,6,0,0.48628602533951665
548320,1,2,1,0,0.5190878099045545
548320,1,2,2,0,0.5457346582819104
548320,1,2,3,0,0.5423809985898028
548320,1,2,4,1,0.5448509898803643
548320,1,2,5,0,0.5350637168710821
548320,1,2,6,0,0.5115990693400252
548320,1,3,1,0,0.5337666435806119
548320,1,3,2,0,0.5638169988704329
548320,1,3,3,0,0.5585545807436305
548320,1,3,4,1,0.5565925666499939
548320,1,3,5,0,0.5246458156249383
548320,1,3,6,0,0.5246355576704819
548320,1,4,1,0,0.5206506544590599
548320,1,4,2,0,0.551039817989514
548320,1,4,3,0,0.5606554352374578
548320,1,4,4,1,0.5762705207465938
548320,1,4,5,1,0.5393899851249258
548320,1,4,6,0,0.5176374469950858
548320,1,5,1,0,0.5250350315577206
548320,1,5,2,1,0.5543179916196347
548320,1,5,3,0,0.536775701611716
548320,1,5,4,0,0.5816632492887467
548320,1,5,5,1,0.5157067894326071
548320,1,5,6,0,0.5158472392310883
548320,2,0,1,0,0.34292879586449154
548320,2,0,2,0,0.3758145906828431
548320,2,0,3,0,0.3938488080906707
548320,2,0,4,0,0.4602282905161428
548320,2,0,5,1,0.43792108377104433
548320,2,0,6,0,0.45949297480388923
548320,2,0,7,1,0.4455858771989033
548320,2,1,1,0,0.4525308533705715
548320,2,1,2,0,0.4881511531128101
548320,2,1,3,0,0.48756148271071864
548320,2,1,4,0,0.48647024865685395
548320,2,1,5,0,0.4975858702072483
548320,2,1,6,0,0.48628602533951665
548320,2,2,1,1,0.5190878099045545
548320,2,2,2,0,0.5457346582819104
548320,2,2,3,0,0.5423809985898028
548320,2,2,4,0,0.5448509898803643
548320,2,2,5,0,0.5350637168710821
548320,2,2,6,0,0.5115990693400252
548320,2,3,1,0,0.5337666435806119
548320,2,3,2,0,0.5638169988704329
548320,2,3,3,0,0.5585545807436305
548320,2,3,4,0,0.5565925666499939
548320,2,3,5,0,0.5246458156249383
548320,2,3,6,0,8.912938714004702e-05
548320,2,4,1,0,0.5206506544590599
548320,2,4,2,0,0.551039817989514
548320,2,4,3,0,0.5606554352374578
548320,2,4,4,0,0.5762705207465938
548320,2,4,5,0,0.5393899851249258
548320,2,4,6,0,0.5176374469950858
548320,2,4,7,0,0.5314435327996707
548320,2,5,1,1,0.5250350315577206
548320,2,5,2,0,0.5543179916196347
548320,2,5,3,0,0.536775701611716
548320,2,5,4,1,0.5816632492887467
548320,2,5,5,0,0.5157067894326071
548320,2,5,6,0,0.5158472392310883
548327,1,0,1,0,0.34292879586449154
548327,1,0,2,0,0.3758145906828431
548327,1,0,3,0,0.3938488080906707
548327,1,0,4,0,0.4602282905161428
548327,1,0,5,0,0.43792108377104433
548327,1,0,6,0,0.45949297480388923
548327,1,0,7,0,0.4455858771989033
548327,1,1,1,0,0.4525308533705715
548327,1,1,2,0,0.4881511531128101
548327,1,1,3,1,0.48756148271071864
548327,1,1,4,1,0.48647024865685395
548327,1,1,5,0,0.4975858702072483
548327,1,1,6,0,0.48628602533951665
548327,1,2,1,0,0.5190878099045545
548327,1,2,2,1,0.5457346582819104
548327,1,2,3,0,0.5423809985898028
548327,1,2,4,0,0.5448509898803643
548327,1,2,5,1,0.5350637168710821
548327,1,2,6,0,0.5115990693400252
548327,1,3,1,0,0.5337666435806119
548327,1,3,2,0,0.5638169988704329
548327,1,3,3,1,0.5585545807436305
548327,1,3,4,0,0.5565925666499939
548327,1,3,5,0,0.5246458156249383
548327,1,3,6,0,0.5246355576704819
548327,1,3,7,0,0.5656720274535049
548327,1,4,1,1,0.5206506544590599
548327,1,4,2,0,0.551039817989514
548327,1,4,3,1,0.5606554352374578
548327,1,4,4,0,0.5762705207465938
548327,1,4,5,0,0.5393899851249258
548327,1,4,6,0,0.5176374469950858
548327,1,5,1,0,0.5250350315577206
548327,1,5,2,0,0.5543179916196347
548327,1,5,3,1,0.536775701611716
548327,1,5,4,0,0.5816632492887467
548327,1,5,5,0,0.5157067894326071
548327,1,5,6,1,0.5158472392310883
548327,2,0,1,0,0.34292879586449154
548327,2,0,2,0,0.3758145906828431
548327,2,0,3,0,0.3938488080906707
548327,2,0,4,0,0.4602282905161428
548327,2,0,5,0,0.43792108377104433
548327,2,0,6,0,0.45949297480388923
548327,2,1,1,0,0.4525308533705715
548327,2,1,2,0,0.4881511531128101
548327,2,1,3,0,0.48756148271071864
548327,2,1,4,0,0.48647024865685395
548327,2,1,5,0,0.4975858702072483
548327,2,1,6,0,0.48628602533951665
548327,2,2,1,0,0.5190878099045545
548327,2,2,2,0,0.5457346582819104
548327,2,2,3,0,0.5423809985898028
548327,2,2,4,0,6.313139414108697e-05
548327,2,2,5,0,0.5350637168710821
548327,2,2,6,0,0.5115990693400252
548327,2,2,7,0,0.5434680194742225
548327,2,2,8,0,0.6242857061636626
548327,2,2,9,1,0.523924467560885
548327,2,3,1,0,0.5337666435806119
548327,2,3,2,0,0.5638169988704329
548327,2,3,3,0,0.5585545807436305
548327,2,3,4,1,0.5565925666499939
548327,2,3,5,1,0.5246458156249383
548327,2,3,6,1,0.5246355576704819
548327,2,4,1,0,0.5206506544590599
548327,2,4,2,0,0.551039817989514
548327,2,4,3,0,0.5606554352374578
548327,2,4,4,1,0.5762705207465938
548327,2,4,5,0,0.5393899851249258
548327,2,4,6,0,0.5176374469950858
548327,2,5,1,0,0.5250350315577206
548327,2,5,2,0,0.5543179916196347
548327,2,5,3,0,0.536775701611716
548327,2,5,4,0,0.5816632492887467
548327,2,5,5,0,0.5157067894326071
548327,2,5,6,0,0.00010310924426488355
548334,1,0,1,0,0.34292879586449154
548334,1,0,2,0,0.3758145906828431
548334,1,0,3,0,0.3938488080906707
548334,1,0,4,0,0.4602282905161428
548334,1,0,5,0,0.43792108377104433
548334,1,0,6,0,0.45949297480388923
548334,1,1,1,0,0.4525308533705715
548334,1,1,2,0,0.4881511531128101
548334,1,1,3,0,0.48756148271071864
548334,1,1,4,0,0.48647024865685395
548334,1,1,5,0,0.4975858702072483
548334,1,1,6,0,0.48628602533951665
548334,1,2,1,0,0.5190878099045545
548334,1,2,2,1,0.5457346582819104
548334,1,2,3,0,0.5423809985898028
548334,1,2,4,0,0.5448509898803643
548334,1,2,5,0,0.5350637168710821
548334,1,2,6,0,0.5115990693400252
548334,1,3,1,0,0.5337666435806119
548334,1,3,2,0,0.5638169988704329
548334,1,3,3,0,0.5585545807436305
548334,1,3,4,1,0.5565925666499939
548334,1,3,5,1,0.5246458156249383
548334,1,3,6,0,0.5246355576704819
548334,1,4,1,0,0.5206506544590599
548334,1,4,2,0,0.551039817989514
548334,1,4,3,0,0.5606554352374578
548334,1,4,4,0,0.5762705207465938
548334,1,4,5,1,0.5393899851249258
548334,1,4,6,0,0.5176374469950858
548334,1,5,1,0,0.5250350315577206
548334,1,5,2,0,0.5543179916196347
548334,1,5,3,0,0.536775701611716
548334,1,5,4,1,0.5816632492887467
548334,1,5,5,1,0.5157067894326071
548334,1,5,6,0,0.5158472392310883
548334,1,5,7,0,0.5010579670010621
548334,2,0,1,0,0.34292879586449154
548334,2,0,2,1,0.3758145906828431
548334,2,0,3,0,0.3938488080906707
548334,2,0,4,1,0.4602282905161428
548334,2,0,5,0,0.43792108377104433
548334,2,0,6,0,0.45949297480388923
548334,2,1,1,0,0.4525308533705715
548334,2,1,2,0,0.4881511531128101
548334,2,1,3,0,0.48756148271071864
548334,2,1,4,0,0.48647024865685395
548334,2,1,5,0,0.4975858702072483
548334,2,1,6,1,0.48628602533951665
548334,2,2,1,1,0.5190878099045545
548334,2,2,2,0,0.5457346582819104
548334,2,2,3,1,0.5423809985898028
548334,2,2,4,0,0.5448509898803643
548334,2,2,5,0,0.5350637168710821
548334,2,2,6,0,0.5115990693400252
548334,2,3,1,0,0.5337666435806119
548334,2,3,2,0,0.5638169988704329
548334,2,3,3,0,0.5585545807436305
548334,2,3,4,1,0.5565925666499939
548334,2,3,5,0,0.5246458156249383
548334,2,3,6,0,0.5246355576704819
548334,2,4,1,1,0.5206506544590599
548334,2,4,2,0,0.551039817989514
548334,2,4,3,0,0.5606554352374578
548334,2,4,4,0,0.5762705207465938
548334,2,4,5,0,0.5393899851249258
548334,2,4,6,0,0.5176374469950858
548334,2,5,1,0,0.5250350315577206
548334,2,5,2,0,0.5543179916196347
548334,2,5,3,0,0.536775701611716
548334,2,5,4,1,0.5816632492887467
548334,2,5,5,0,0.5157067894326071
548334,2,5,6,0,0.5158472392310883
548337,1,0,1,0,0.34292879586449154
548337,1,0,2,0,0.00018585311536224735
548337,1,0,3,0,0.3938488080906707
548337,1,0,4,0,0.4602282905161428
548337,1,0,5,0,0.43792108377104433
548337,1,0,6,0,0.45949297480388923
548337,1,1,1,0,0.4525308533705715
548337,1,1,2,0,9.924247765745456e-05
548337,1,1,3,0,0.48756148271071864
548337,1,1,4,0,0.48647024865685395
548337,1,1,5,0,0.4975858702072483
548337,1,1,6,0,0.48628602533951665
548337,1,2,1,0,0.5190878099045545
548337,1,2,2,0,0.5457346582819104
548337,1,2,3,0,0.5423809985898028
548337,1,2,4,0,0.5448509898803643
548337,1,2,5,1,0.5350637168710821
548337,1,2,6,0,0.5115990693400252
548337,1,3,1,0,0.5337666435806119
548337,1,3,2,0,0.5638169988704329
548337,1,3,3,0,0.5585545807436305
548337,1,3,4,0,0.5565925666499939
548337,1,3,5,1,0.5246458156249383
548337,1,3,6,0,0.5246355576704819
548337,1,4,1,0,0.5206506544590599
548337,1,4,2,0,0.551039817989514
548337,1,4,3,0,0.5606554352374578
548337,1,4,4,0,0.5762705207465938
548337,1,4,5,0,0.5393899851249258
548337,1,4,6,0,0.5176374469950858
548337,1,5,1,1,0.5250350315577206
548337,1,5,2,0,0.5543179916196347
548337,1,5,3,0,0.536775701611716
548337,1,5,4,0,0.5816632492887467
548337,1,5,5,0,0.5157067894326071
548337,1,5,6,0,0.5158472392310883
548337,2,0,1,0,0.34292879586449154
548337,2,0,2,0,0.3758145906828431
548337,2,0,3,0,0.3938488080906707
548337,2,0,4,0,0.4602282905161428
548337,2,0,5,1,0.43792108377104433
548337,2,0,6,0,0.45949297480388923
548337,2,0,7,0,0.4455858771989033
548337,2,1,1,0,0.4525308533705715
548337,2,1,2,0,0.4881511531128101
548337,2,1,3,0,0.48756148271071864
548337,2,1,4,0,0.48647024865685395
548337,2,1,5,1,0.4975858702072483
548337,2,1,6,0,0.48628602533951665
548337,2,2,1,0,0.5190878099045545
548337,2,2,2,1,0.5457346582819104
548337,2,2,3,0,0.5423809985898028
548337,2,2,4,0,0.5448509898803643
548337,2,2,5,0,7.095521043020302e-05
548337,2,2,6,0,0.5115990693400252
548337,2,3,1,1,0.5337666435806119
548337,2,3,2,0,0.5638169988704329
548337,2,3,3,0,0.5585545807436305
548337,2,3,4,0,0.5565925666499939
548337,2,3,5,0,0.5246458156249383
548337,2,3,6,1,0.5246355576704819
548337,2,4,1,0,0.5206506544590599
548337,2,4,2,1,0.551039817989514
548337,2,4,3,1,0.5606554352374578
548337,2,4,4,0,0.5762705207465938
548337,2,4,5,0,0.5393899851249258
548337,2,4,6,0,0.5176374469950858
548337,2,5,1,1,0.5250350315577206
548337,2,5,2,0,0.5543179916196347
548337,2,5,3,0,0.536775701611716
548337,2,5,4,0,0.5816632492887467
548337,2,5,5,1,0.5157067894326071
548337,2,5,6,1,0.5158472392310883
548348,1,0,1,0,0.00038148845835141084
548348,1,0,2,0,0.3758145906828431
548348,1,0,3,0,0.3938488080906707
548348,1,0,4,0,0.4602282905161428
548348,1,0,5,0,0.43792108377104433
548348,1,0,6,0,0.45949297480388923
548348,1,1,1,0,0.4525308533705715
548348,1,1,2,0,0.4881511531128101
548348,1,1,3,0,0.48756148271071864
548348,1,1,4,0,0.48647024865685395
548348,1,1,5,0,0.4975858702072483
548348,1,1,6,0,0.48628602533951665
548348,1,2,1,0,0.5190878099045545
548348,1,2,2,0,0.5457346582819104
548348,1,2,3,1,0.5423809985898028
548348,1,2,4,0,0.5448509898803643
548348,1,2,5,1,0.5350637168710821
548348,1,2,6,0,0.5115990693400252
548348,1,3,1,0,0.5337666435806119
548348,1,3,2,1,0.5638169988704329
548348,1,3,3,0,0.5585545807436305
548348,1,3,4,0,0.5565925666499939
548348,1,3,5,0,0.5246458156249383
548348,1,3,6,0,0.5246355576704819
548348,1,4,1,0,0.5206506544590599
548348,1,4,2,0,0.551039817989514
548348,1,4,3,0,0.5606554352374578
548348,1,4,4,0,7.530897549982799e-05
548348,1,4,5,0,0.5393899851249258
548348,1,4,6,0,0.5176374469950858
548348,1,5,1,0,0.5250350315577206
548348,1,5,2,0,0.5543179916196347
548348,1,5,3,0,0.536775701611716
548348,1,5,4,0,0.5816632492887467
548348,1,5,5,0,0.5157067894326071
548348,1,5,6,1,0.5158472392310883
548348,2,0,1,0,0.00038148845835141084
548348,2,0,2,0,0.3758145906828431
548348,2,0,3,0,0.3938488080906707
548348,2,0,4,0,0.4602282905161428
548348,2,0,5,0,0.43792108377104433
548348,2,0,6,0,0.45949297480388923
548348,2,1,1,0,0.4525308533705715
548348,2,1,2,0,0.4881511531128101
548348,2,1,3,1,0.48756148271071864
548348,2,1,4,0,0.48647024865685395
548348,2,1,5,0,0.4975858702072483
548348,2,1,6,0,0.48628602533951665
548348,2,2,1,1,0.5190878099045545
548348,2,2,2,0,0.5457346582819104
548348,2,2,3,0,0.5423809985898028
548348,2,2,4,1,0.5448509898803643
548348,2,2,5,0,0.5350637168710821
548348,2,2,6,0,0.5115990693400252
548348,2,3,1,0,0.5337666435806119
548348,2,3,2,0,0.5638169988704329
548348,2,3,3,0,0.5585545807436305
548348,2,3,4,1,0.5565925666499939
548348,2,3,5,1,0.5246458156249383
548348,2,3,6,0,0.5246355576704819
548348,2,4,1,0,0.5206506544590599
548348,2,4,2,0,0.551039817989514
548348,2,4,3,0,0.5606554352374578
548348,2,4,4,0,0.5762705207465938
548348,2,4,5,0,0.5393899851249258
548348,2,4,6,0,0.5176374469950858
548348,2,5,1,1,0.5250350315577206
548348,2,5,2,0,0.5543179916196347
548348,2,5,3,0,0.536775701611716
548348,2,5,4,1,0.5816632492887467
548348,2,5,5,1,0.5157067894326071
548348,2,5,6,1,0.5158472392310883
548353,1,0,1,0,0.34292879586449154
548353,1,0,2,1,0.3758145906828431
548353,1,0,3,0,0.3938488080906707
548353,1,0,4,0,0.4602282905161428
548353,1,0,5,0,0.43792108377104433
548353,1,0,6,0,0.45949297480388923
548353,1,0,7,0,0.4455858771989033
548353,1,1,1,0,0.4525308533705715
548353,1,1,2,0,0.4881511531128101
548353,1,1,3,0,0.48756148271071864
548353,1,1,4,0,0.48647024865685395
548353,1,1,5,1,0.4975858702072483
548353,1,1,6,0,0.48628602533951665
548353,1,2,1,1,0.5190878099045545
548353,1,2,2,0,0.5457346582819104
548353,1,2,3,0,0.5423809985898028
548353,1,2,4,0,0.5448509898803643
548353,1,2,5,0,0.5350637168710821
548353,1,2,6,0,0.5115990693400252
548353,1,3,1,0,0.5337666435806119
548353,1,3,2,0,0.5638169988704329
548353,1,3,3,0,0.5585545807436305
548353,1,3,4,0,0.5565925666499939
548353,1,3,5,0,0.5246458156249383
548353,1,3,6,0,0.5246355576704819
548353,1,3,7,0,0.5656720274535049
548353,1,3,8,0,0.6571105056916209
548353,1,3,9,0,0.6211103090646545
548353,1,4,1,1,0.5206506544590599
548353,1,4,2,0,0.551039817989514
548353,1,4,3,0,0.5606554352374578
548353,1,4,4,1,0.5762705207465938
548353,1,4,5,0,0.5393899851249258
548353,1,4,6,0,0.5176374469950858
548353,1,5,1,0,0.5250350315577206
548353,1,5,2,0,0.5543179916196347
548353,1,5,3,0,0.536775701611716
548353,1,5,4,1,0.5816632492887467
548353,1,5,5,0,0.5157067894326071
548353,1,5,6,1,0.5158472392310883
548353,1,5,7,1,0.5010579670010621
548353,2,0,1,0,0.34292879586449154
548353,2,0,2,0,0.3758145906828431
548353,2,0,3,0,0.3938488080906707
548353,2,0,4,1,0.4602282905161428
548353,2,0,5,0,0.43792108377104433
548353,2,0,6,0,0.45949297480388923
548353,2,1,1,0,0.00020676315770243133
548353,2,1,2,0,0.4881511531128101
548353,2,1,3,0,0.48756148271071864
548353,2,1,4,0,0.48647024865685395
548353,2,1,5,0,0.4975858702072483
548353,2,1,6,0,0.48628602533951665
548353,2,1,7,1,0.5312862305625888
548353,2,1,8,0,0.546464200793984
548353,2,2,1,0,0.5190878099045545
548353,2,2,2,0,0.5457346582819104
548353,2,2,3,0,0.5423809985898028
548353,2,2,4,0,0.5448509898803643
548353,2,2,5,0,0.5350637168710821
548353,2,2,6,0,0.5115990693400252
548353,2,2,7,0,0.5434680194742225
548353,2,3,1,1,0.5337666435806119
548353,2,3,2,0,0.5638169988704329
548353,2,3,3,0,0.5585545807436305
548353,2,3,4,0,6.256559681168003e-05
548353,2,3,5,0,0.5246458156249383
548353,2,3,6,0,0.5246355576704819
548353,2,4,1,0,0.5206506544590599
548353,2,4,2,0,0.551039817989514
548353,2,4,3,0,0.5606554352374578
548353,2,4,4,1,0.5762705207465938
548353,2,4,5,0,0.5393899851249258
548353,2,4,6,0,0.5176374469950858
548353,2,5,1,0,0.5250350315577206
548353,2,5,2,0,0.5543179916196347
548353,2,5,3,0,0.536775701611716
548353,2,5,4,0,0.5816632492887467
548353,2,5,5,1,0.5157067894326071
548353,2,5,6,0,0.5158472392310883
548353,2,5,7,0,0.5010579670010621
548355,1,0,1,1,0.34292879586449154
548355,1,0,2,0,0.3758145906828431
548355,1,0,3,0,0.3938488080906707
548355,1,0,4,0,0.4602282905161428
548355,1,0,5,0,0.43792108377104433
548355,1,0,6,0,0.45949297480388923
548355,1,1,1,1,0.4525308533705715
548355,1,1,2,0,0.4881511531128101
548355,1,1,3,0,0.48756148271071864
548355,1,1,4,0,0.48647024865685395
548355,1,1,5,0,0.4975858702072483
548355,1,1,6,0,0.48628602533951665
548355,1,2,1,0,0.5190878099045545
548355,1,2,2,0,0.5457346582819104
548355,1,2,3,0,0.5423809985898028
548355,1,2,4,0,0.5448509898803643
548355,1,2,5,0,0.5350637168710821
548355,1,2,6,0,0.5115990693400252
548355,1,3,1,0,0.5337666435806119
548355,1,3,2,0,0.5638169988704329
548355,1,3,3,0,0.5585545807436305
548355,1,3,4,0,0.5565925666499939
548355,1,3,5,0,0.5246458156249383
548355,1,3,6,0,0.5246355576704819
548355,1,3,7,0,0.5656720274535049
548355,1,4,1,0,0.5206506544590599
548355,1,4,2,0,0.551039817989514
548355,1,4,3,1,0.5606554352374578
548355,1,4,4,1,0.5762705207465938
548355,1,4,5,1,0.5393899851249258
548355,1,4,6,1,0.5176374469950858
548355,1,4,7,0,0.5314435327996707
548355,1,5,1,0,0.5250350315577206
548355,1,5,2,0,8.238543178915683e-05
548355,1,5,3,1,0.536775701611716
548355,1,5,4,0,0.5816632492887467
548355,1,5,5,0,0.5157067894326071
548355,1,5,6,0,0.5158472392310883
548355,2,0,1,0,0.34292879586449154
548355,2,0,2,0,0.3758145906828431
548355,2,0,3,0,0.3938488080906707
548355,2,0,4,0,0.4602282905161428
548355,2,0,5,0,0.43792108377104433
548355,2,0,6,0,0.45949297480388923
548355,2,1,1,0,0.4525308533705715
548355,2,1,2,0,0.4881511531128101
548355,2,1,3,0,0.48756148271071864
548355,2,1,4,1,0.48647024865685395
548355,2,1,5,0,0.4975858702072483
548355,2,1,6,0,0.48628602533951665
548355,2,2,1,0,0.5190878099045545
548355,2,2,2,0,6.71210527059499e-05
548355,2,2,3,0,0.5423809985898028
548355,2,2,4,1,0.5448509898803643
548355,2,2,5,0,0.5350637168710821
548355,2,2,6,0,0.5115990693400252
548355,2,3,1,1,0.5337666435806119
548355,2,3,2,0,0.5638169988704329
548355,2,3,3,1,0.5585545807436305
548355,2,3,4,0,0.5565925666499939
548355,2,3,5,1,0.5246458156249383
548355,2,3,6,0,0.5246355576704819
548355,2,4,1,0,0.5206506544590599
548355,2,4,2,1,0.551039817989514
548355,2,4,3,0,0.5606554352374578
548355,2,4,4,0,0.5762705207465938
548355,2,4,5,0,0.5393899851249258
548355,2,4,6,1,0.5176374469950858
548355,2,5,1,0,0.5250350315577206
548355,2,5,2,0,0.5543179916196347
548355,2,5,3,0,0.536775701611716
548355,2,5,4,0,0.5816632492887467
548355,2,5,5,0,0.5157067894326071
548355,2,5,6,1,0.5158472392310883
548357,1,0,1,0,0.34292879586449154
548357,1,0,2,0,0.3758145906828431
548357,1,0,3,0,0.3938488080906707
548357,1,0,4,0,0.4602282905161428
548357,1,0,5,0,0.43792108377104433
548357,1,0,6,0,0.45949297480388923
548357,1,1,1,1,0.4525308533705715
548357,1,1,2,0,0.4881511531128101
548357,1,1,3,0,0.48756148271071864
548357,1,1,4,1,0.48647024865685395
548357,1,1,5,1,0.4975858702072483
548357,1,1,6,0,0.48628602533951665
548357,1,2,1,0,0.5190878099045545
548357,1,2,2,0,0.5457346582819104
548357,1,2,3,1,0.5423809985898028
548357,1,2,4,0,0.5448509898803643
548357,1,2,5,0,0.5350637168710821
548357,1,2,6,1,0.5115990693400252
548357,1,3,1,0,0.5337666435806119
548357,1,3,2,1,0.5638169988704329
548357,1,3,3,0,6.085998866754581e-05
548357,1,3,4,0,0.5565925666499939
548357,1,3,5,0,0.5246458156249383
548357,1,3,6,0,0.5246355576704819
548357,1,4,1,0,0.5206506544590599
548357,1,4,2,0,0.551039817989514
548357,1,4,3,0,0.5606554352374578
548357,1,4,4,0,0.5762705207465938
548357,1,4,5,0,0.5393899851249258
548357,1,4,6,0,0.5176374469950858
548357,1,5,1,0,0.5250350315577206
548357,1,5,2,0,0.5543179916196347
548357,1,5,3,1,0.536775701611716
548357,1,5,4,0,8.289229948853374e-05
548357,1,5,5,0,0.5157067894326071
548357,1,5,6,0,0.5158472392310883
548357,2,0,1,0,0.34292879586449154
548357,2,0,2,0,0.3758145906828431
548357,2,0,3,0,0.3938488080906707
548357,2,0,4,1,0.4602282905161428
548357,2,0,5,1,0.43792108377104433
548357,2,0,6,0,0.45949297480388923
548357,2,1,1,0,0.4525308533705715
548357,2,1,2,0,0.4881511531128101
548357,2,1,3,0,0.48756148271071864
548357,2,1,4,0,0.48647024865685395
548357,2,1,5,0,0.4975858702072483
548357,2,1,6,0,0.48628602533951665
548357,2,2,1,0,0.5190878099045545
548357,2,2,2,0,0.5457346582819104
548357,2,2,3,0,0.5423809985898028
548357,2,2,4,0,0.5448509898803643
548357,2,2,5,1,0.5350637168710821
548357,2,2,6,0,0.5115990693400252
548357,2,2,7,0,0.5434680194742225
548357,2,3,1,1,0.5337666435806119
548357,2,3,2,0,0.5638169988704329
548357,2,3,3,0,0.5585545807436305
548357,2,3,4,0,0.5565925666499939
548357,2,3,5,1,0.5246458156249383
548357,2,3,6,1,0.5246355576704819
548357,2,4,1,0,0.5206506544590599
548357,2,4,2,1,0.551039817989514
548357,2,4,3,0,0.5606554352374578
548357,2,4,4,0,0.5762705207465938
548357,2,4,5,0,0.5393899851249258
548357,2,4,6,0,0.5176374469950858
548357,2,5,1,0,0.5250350315577206
548357,2,5,2,0,0.5543179916196347
548357,2,5,3,1,0.536775701611716
548357,2,5,4,1,0.5816632492887467
548357,2,5,5,0,0.5157067894326071
548357,2,5,6,0,0.5158472392310883
548363,1,0,1,0,0.34292879586449154
548363,1,0,2,0,0.3758145906828431
548363,1,0,3,0,0.3938488080906707
548363,1,0,4,0,0.4602282905161428
548363,1,0,5,0,0.43792108377104433
548363,1,0,6,0,0.45949297480388923
548363,1,1,1,0,0.4525308533705715
548363,1,1,2,0,0.4881511531128101
548363,1,1,3,1,0.48756148271071864
548363,1,1,4,0,0.48647024865685395
548363,1,1,5,1,0.4975858702072483
548363,1,1,6,1,0.48628602533951665
548363,1,2,1,0,0.5190878099045545
548363,1,2,2,0,6.71210527059499e-05
548363,1,2,3,0,0.5423809985898028
548363,1,2,4,0,0.5448509898803643
548363,1,2,5,0,0.5350637168710821
548363,1,2,6,0,0.5115990693400252
548363,1,3,1,0,0.5337666435806119
548363,1,3,2,0,0.5638169988704329
548363,1,3,3,1,0.5585545807436305
548363,1,3,4,0,0.5565925666499939
548363,1,3,5,1,0.5246458156249383
548363,1,3,6,0,0.5246355576704819
548363,1,4,1,0,0.5206506544590599
548363,1,4,2,1,0.551039817989514
548363,1,4,3,0,0.5606554352374578
548363,1,4,4,1,0.5762705207465938
548363,1,4,5,0,0.5393899851249258
548363,1,4,6,1,0.5176374469950858
548363,1,5,1,0,0.5250350315577206
548363,1,5,2,0,0.5543179916196347
548363,1,5,3,0,0.536775701611716
548363,1,5,4,0,0.5816632492887467
548363,1,5,5,0,0.5157067894326071
548363,1,5,6,1,0.5158472392310883
548363,2,0,1,0,0.34292879586449154
548363,2,0,2,0,0.3758145906828431
548363,2,0,3,0,0.00017505488994704315
548363,2,0,4,0,0.4602282905161428
548363,2,0,5,0,0.43792108377104433
548363,2,0,6,0,0.45949297480388923
548363,2,1,1,0,0.4525308533705715
548363,2,1,2,0,9.924247765745456e-05
548363,2,1,3,0,0.48756148271071864
548363,2,1,4,0,0.48647024865685395
548363,2,1,5,0,0.4975858702072483
548363,2,1,6,0,0.48628602533951665
548363,2,2,1,0,0.5190878099045545
548363,2,2,2,0,0.5457346582819104
548363,2,2,3,1,0.5423809985898028
548363,2,2,4,0,0.5448509898803643
548363,2,2,5,1,0.5350637168710821
548363,2,2,6,0,0.5115990693400252
548363,2,3,1,0,0.5337666435806119
548363,2,3,2,0,0.5638169988704329
548363,2,3,3,0,0.5585545807436305
548363,2,3,4,0,0.5565925666499939
548363,2,3,5,0,0.5246458156249383
548363,2,3,6,0,0.5246355576704819
548363,2,4,1,0,0.5206506544590599
548363,2,4,2,0,0.551039817989514
548363,2,4,3,0,0.5606554352374578
548363,2,4,4,1,0.5762705207465938
548363,2,4,5,0,0.5393899851249258
548363,2,4,6,0,0.5176374469950858
548363,2,5,1,0,0.5250350315577206
548363,2,5,2,0,0.5543179916196347
548363,2,5,3,0,0.536775701611716
548363,2,5,4,0,0.5816632492887467
548363,2,5,5,0,0.5157067894326071
548363,2,5,6,1,0.5158472392310883
548375,1,0,1,0,0.34292879586449154
548375,1,0,2,0,0.3758145906828431
548375,1,0,3,0,0.3938488080906707
548375,1,0,4,1,0.4602282905161428
548375,1,0,5,0,0.43792108377104433
548375,1,0,6,1,0.45949297480388923
548375,1,1,1,0,0.4525308533705715
548375,1,1,2,0,0.4881511531128101
548375,1,1,3,0,0.48756148271071864
548375,1,1,4,0,0.48647024865685395
548375,1,1,5,0,0.4975858702072483
548375,1,1,6,0,0.48628602533951665
548375,1,2,1,0,0.5190878099045545
548375,1,2,2,0,0.5457346582819104
548375,1,2,3,0,0.5423809985898028
548375,1,2,4,0,0.5448509898803643
548375,1,2,5,0,0.5350637168710821
548375,1,2,6,0,0.5115990693400252
548375,1,3,1,0,0.5337666435806119
548375,1,3,2,0,0.5638169988704329
548375,1,3,3,0,0.5585545807436305
548375,1,3,4,0,0.5565925666499939
548375,1,3,5,1,0.5246458156249383
548375,1,3,6,0,0.5246355576704819
548375,1,4,1,0,0.5206506544590599
548375,1,4,2,0,0.551039817989514
548375,1,4,3,0,7.01966065263333e-05
548375,1,4,4,0,0.5762705207465938
548375,1,4,5,0,0.5393899851249258
548375,1,4,6,0,0.5176374469950858
548375,1,5,1,0,0.5250350315577206
548375,1,5,2,0,0.5543179916196347
548375,1,5,3,1,0.536775701611716
548375,1,5,4,0,0.5816632492887467
548375,1,5,5,0,0.5157067894326071
548375,1,5,6,0,0.5158472392310883
548375,2,0,1,1,0.34292879586449154
548375,2,0,2,0,0.3758145906828431
548375,2,0,3,0,0.3938488080906707
548375,2,0,4,0,0.4602282905161428
548375,2,0,5,0,0.43792108377104433
548375,2,0,6,0,0.45949297480388923
548375,2,0,7,0,0.4455858771989033
548375,2,1,1,0,0.4525308533705715
548375,2,1,2,0,0.4881511531128101
548375,2,1,3,0,0.48756148271071864
548375,2,1,4,0,0.48647024865685395
548375,2,1,5,0,0.4975858702072483
548375,2,1,6,0,0.48628602533951665
548375,2,2,1,0,0.5190878099045545
548375,2,2,2,0,6.71210527059499e-05
548375,2,2,3,0,0.5423809985898028
548375,2,2,4,0,0.5448509898803643
548375,2,2,5,0,0.5350637168710821
548375,2,2,6,0,0.5115990693400252
548375,2,3,1,0,0.5337666435806119
548375,2,3,2,1,0.5638169988704329
548375,2,3,3,0,0.5585545807436305
548375,2,3,4,0,0.5565925666499939
548375,2,3,5,0,0.5246458156249383
548375,2,3,6,0,0.5246355576704819
548375,2,4,1,0,0.5206506544590599
548375,2,4,2,1,0.551039817989514
548375,2,4,3,0,0.5606554352374578
548375,2,4,4,0,0.5762705207465938
548375,2,4,5,0,0.5393899851249258
548375,2,4,6,0,0.5176374469950858
548375,2,4,7,0,0.5314435327996707
548375,2,5,1,0,0.5250350315577206
548375,2,5,2,0,0.5543179916196347
548375,2,5,3,0,0.536775701611716
548375,2,5,4,0,0.5816632492887467
548375,2,5,5,0,0.5157067894326071
548375,2,5,6,0,0.5158472392310883
548377,1,0,1,0,0.34292879586449154
548377,1,0,2,0,0.3758145906828431
548377,1,0,3,0,0.3938488080906707
548377,1,0,4,0,0.4602282905161428
548377,1,0,5,0,0.43792108377104433
548377,1,0,6,0,0.45949297480388923
548377,1,0,7,1,0.4455858771989033
548377,1,1,1,0,0.4525308533705715
548377,1,1,2,0,0.4881511531128101
548377,1,1,3,0,0.48756148271071864
548377,1,1,4,0,0.48647024865685395
548377,1,1,5,0,8.911846280782056e-05
548377,1,1,6,0,0.48628602533951665
548377,1,1,7,0,0.5312862305625888
548377,1,2,1,0,0.5190878099045545
548377,1,2,2,1,0.5457346582819104
548377,1,2,3,0,0.5423809985898028
548377,1,2,4,1,0.5448509898803643
548377,1,2,5,0,0.5350637168710821
548377,1,2,6,0,0.5115990693400252
548377,1,2,7,0,0.5434680194742225
548377,1,3,1,0,0.5337666435806119
548377,1,3,2,0,0.5638169988704329
548377,1,3,3,0,0.5585545807436305
548377,1,3,4,0,0.5565925666499939
548377,1,3,5,0,0.5246458156249383
548377,1,3,6,1,0.5246355576704819
548377,1,4,1,0,0.5206506544590599
548377,1,4,2,0,0.551039817989514
548377,1,4,3,0,0.5606554352374578
548377,1,4,4,0,0.5762705207465938
548377,1,4,5,0,0.5393899851249258
548377,1,4,6,0,0.5176374469950858
548377,1,5,1,0,0.5250350315577206
548377,1,5,2,0,8.238543178915683e-05
548377,1,5,3,0,0.536775701611716
548377,1,5,4,0,0.5816632492887467
548377,1,5,5,0,0.5157067894326071
548377,1,5,6,0,0.5158472392310883
548377,2,0,1,0,0.34292879586449154
548377,2,0,2,0,0.3758145906828431
548377,2,0,3,0,0.3938488080906707
548377,2,0,4,0,0.4602282905161428
548377,2,0,5,1,0.43792108377104433
548377,2,0,6,0,0.45949297480388923
548377,2,1,1,0,0.4525308533705715
548377,2,1,2,0,0.4881511531128101
548377,2,1,3,0,0.48756148271071864
548377,2,1,4,0,0.48647024865685395
548377,2,1,5,1,0.4975858702072483
548377,2,1,6,0,0.48628602533951665
548377,2,2,1,0,0.5190878099045545
548377,2,2,2,0,0.5457346582819104
548377,2,2,3,0,0.5423809985898028
548377,2,2,4,0,0.5448509898803643
548377,2,2,5,0,0.5350637168710821
548377,2,2,6,1,0.5115990693400252
548377,2,2,7,0,0.5434680194742225
548377,2,2,8,0,0.6242857061636626
548377,2,2,9,0,0.523924467560885
548377,2,3,1,0,0.5337666435806119
548377,2,3,2,0,0.5638169988704329
548377,2,3,3,0,0.5585545807436305
548377,2,3,4,0,0.5565925666499939
548377,2,3,5,0,0.5246458156249383
548377,2,3,6,1,0.5246355576704819
548377,2,4,1,0,0.5206506544590599
548377,2,4,2,0,0.551039817989514
548377,2,4,3,0,0.5606554352374578
548377,2,4,4,0,0.5762705207465938
548377,2,4,5,0,0.5393899851249258
548377,2,4,6,1,0.5176374469950858
548377,2,4,7,1,0.5314435327996707
548377,2,5,1,0,0.5250350315577206
548377,2,5,2,1,0.5543179916196347
548377,2,5,3,0,0.536775701611716
548377,2,5,4,0,0.5816632492887467
548377,2,5,5,0,0.5157067894326071
548377,2,5,6,0,0.5158472392310883
598006,1,0,1,0,0.34292879586449154
598006,1,0,2,0,0.3758145906828431
598006,1,0,3,0,0.3938488080906707
598006,1,0,4,0,0.4602282905161428
598006,1,0,5,0,0.43792108377104433
598006,1,0,6,0,0.00022371304020557016
598006,1,1,1,0,0.4525308533705715
598006,1,1,2,0,0.4881511531128101
598006,1,1,3,0,9.24106665955198e-05
598006,1,1,4,0,0.48647024865685395
598006,1,1,5,1,0.4975858702072483
598006,1,1,6,0,0.48628602533951665
598006,1,2,1,1,0.5190878099045545
598006,1,2,2,0,0.5457346582819104
598006,1,2,3,0,0.5423809985898028
598006,1,2,4,0,0.5448509898803643
598006,1,2,5,0,0.5350637168710821
598006,1,2,6,1,0.5115990693400252
598006,1,3,1,0,0.5337666435806119
598006,1,3,2,0,0.5638169988704329
598006,1,3,3,0,0.5585545807436305
598006,1,3,4,0,0.5565925666499939
598006,1,3,5,0,0.5246458156249383
598006,1,3,6,0,0.5246355576704819
598006,1,4,1,0,0.5206506544590599
598006,1,4,2,0,0.551039817989514
598006,1,4,3,0,0.5606554352374578
598006,1,4,4,0,0.5762705207465938
598006,1,4,5,0,0.5393899851249258
598006,1,4,6,0,0.5176374469950858
598006,1,4,7,0,0.5314435327996707
598006,1,5,1,0,0.5250350315577206
598006,1,5,2,1,0.5543179916196347
598006,1,5,3,1,0.536775701611716
598006,1,5,4,0,0.5816632492887467
598006,1,5,5,0,0.5157067894326071
598006,1,5,6,1,0.5158472392310883
598006,2,0,1,0,0.00038148845835141084
598006,2,0,2,0,0.3758145906828431
598006,2,0,3,0,0.3938488080906707
598006,2,0,4,0,0.4602282905161428
598006,2,0,5,0,0.43792108377104433
598006,2,0,6,0,0.45949297480388923
598006,2,1,1,0,0.4525308533705715
598006,2,1,2,0,0.4881511531128101
598006,2,1,3,0,0.48756148271071864
598006,2,1,4,1,0.48647024865685395
598006,2,1,5,0,0.4975858702072483
598006,2,1,6,1,0.48628602533951665
598006,2,2,1,0,0.5190878099045545
598006,2,2,2,0,0.5457346582819104
598006,2,2,3,0,0.5423809985898028
598006,2,2,4,0,0.5448509898803643
598006,2,2,5,0,7.095521043020302e-05
598006,2,2,6,1,0.5115990693400252
598006,2,2,7,0,0.5434680194742225
598006,2,3,1,0,0.5337666435806119
598006,2,3,2,0,0.5638169988704329
598006,2,3,3,0,0.5585545807436305
598006,2,3,4,0,0.5565925666499939
598006,2,3,5,0,0.5246458156249383
598006,2,3,6,1,0.5246355576704819
598006,2,4,1,1,0.5206506544590599
598006,2,4,2,1,0.551039817989514
598006,2,4,3,0,0.5606554352374578
598006,2,4,4,1,0.5762705207465938
598006,2,4,5,0,0.5393899851249258
598006,2,4,6,0,0.5176374469950858
598006,2,5,1,0,0.5250350315577206
598006,2,5,2,0,0.5543179916196347
598006,2,5,3,0,0.536775701611716
598006,2,5,4,0,0.5816632492887467
598006,2,5,5,0,0.5157067894326071
598006,2,5,6,0,0.5158472392310883
598013,1,0,1,0,0.34292879586449154
598013,1,0,2,0,0.3758145906828431
598013,1,0,3,0,0.3938488080906707
598013,1,0,4,0,0.4602282905161428
598013,1,0,5,0,0.43792108377104433
598013,1,0,6,0,0.45949297480388923
598013,1,1,1,1,0.4525308533705715
598013,1,1,2,1,0.4881511531128101
598013,1,1,3,0,0.48756148271071864
598013,1,1,4,0,0.48647024865685395
598013,1,1,5,0,0.4975858702072483
598013,1,1,6,1,0.48628602533951665
598013,1,2,1,0,0.5190878099045545
598013,1,2,2,0,0.5457346582819104
598013,1,2,3,0,0.5423809985898028
598013,1,2,4,0,0.5448509898803643
598013,1,2,5,0,0.5350637168710821
598013,1,2,6,0,0.5115990693400252
598013,1,3,1,0,0.5337666435806119
598013,1,3,2,0,0.5638169988704329
598013,1,3,3,0,0.5585545807436305
598013,1,3,4,0,0.5565925666499939
598013,1,3,5,1,0.5246458156249383
598013,1,3,6,0,0.5246355576704819
598013,1,4,1,0,0.5206506544590599
598013,1,4,2,1,0.551039817989514
598013,1,4,3,1,0.5606554352374578
598013,1,4,4,0,0.5762705207465938
598013,1,4,5,0,0.5393899851249258
598013,1,4,6,0,0.5176374469950858
598013,1,5,1,1,0.5250350315577206
598013,1,5,2,0,0.5543179916196347
598013,1,5,3,0,0.536775701611716
598013,1,5,4,0,0.5816632492887467
598013,1,5,5,0,0.5157067894326071
598013,1,5,6,0,0.5158472392310883
598013,2,0,1,0,0.34292879586449154
598013,2,0,2,0,0.3758145906828431
598013,2,0,3,0,0.3938488080906707
598013,2,0,4,0,0.4602282905161428
598013,2,0,5,0,0.43792108377104433
598013,2,0,6,1,0.45949297480388923
598013,2,1,1,0,0.4525308533705715
598013,2,1,2,0,0.4881511531128101
598013,2,1,3,0,0.48756148271071864
598013,2,1,4,0,0.48647024865685395
598013,2,1,5,0,0.4975858702072483
598013,2,1,6,0,0.48628602533951665
598013,2,2,1,0,0.5190878099045545
598013,2,2,2,0,0.5457346582819104
598013,2,2,3,0,0.5423809985898028
598013,2,2,4,0,0.5448509898803643
598013,2,2,5,1,0.5350637168710821
598013,2,2,6,1,0.5115990693400252
598013,2,3,1,0,0.5337666435806119
598013,2,3,2,0,0.5638169988704329
598013,2,3,3,0,0.5585545807436305
598013,2,3,4,0,0.5565925666499939
598013,2,3,5,0,0.5246458156249383
598013,2,3,6,0,0.5246355576704819
598013,2,4,1,0,0.5206506544590599
598013,2,4,2,0,0.551039817989514
598013,2,4,3,0,0.5606554352374578
598013,2,4,4,0,0.5762705207465938
598013,2,4,5,0,0.5393899851249258
598013,2,4,6,0,0.5176374469950858
598013,2,5,1,0,0.5250350315577206
598013,2,5,2,0,0.5543179916196347
598013,2,5,3,0,0.536775701611716
598013,2,5,4,0,0.5816632492887467
598013,2,5,5,0,0.5157067894326071
598013,2,5,6,0,0.5158472392310883
598013,2,5,7,0,0.5010579670010621
598019,1,0,1,0,0.34292879586449154
598019,1,0,2,0,0.3758145906828431
598019,1,0,3,0,0.3938488080906707
598019,1,0,4,0,0.4602282905161428
598019,1,0,5,0,0.43792108377104433
598019,1,0,6,0,0.45949297480388923
598019,1,0,7,0,0.4455858771989033
598019,1,1,1,0,0.4525308533705715
598019,1,1,2,1,0.4881511531128101
598019,1,1,3,0,0.48756148271071864
598019,1,1,4,0,0.48647024865685395
598019,1,1,5,0,0.4975858702072483
598019,1,1,6,1,0.48628602533951665
598019,1,2,1,1,0.5190878099045545
598019,1,2,2,0,0.5457346582819104
598019,1,2,3,0,0.5423809985898028
598019,1,2,4,1,0.5448509898803643
598019,1,2,5,0,0.5350637168710821
598019,1,2,6,0,0.5115990693400252
598019,1,3,1,0,0.5337666435806119
598019,1,3,2,0,0.5638169988704329
598019,1,3,3,1,0.5585545807436305
598019,1,3,4,0,0.5565925666499939
598019,1,3,5,0,0.5246458156249383
598019,1,3,6,0,0.5246355576704819
598019,1,4,1,0,0.5206506544590599
598019,1,4,2,0,0.551039817989514
598019,1,4,3,1,0.5606554352374578
598019,1,4,4,0,0.5762705207465938
598019,1,4,5,0,0.5393899851249258
598019,1,4,6,1,0.5176374469950858
598019,1,5,1,0,0.5250350315577206
598019,1,5,2,1,0.5543179916196347
598019,1,5,3,1,0.536775701611716
598019,1,5,4,0,0.5816632492887467
598019,1,5,5,1,0.5157067894326071
598019,1,5,6,0,0.5158472392310883
598019,2,0,1,0,0.34292879586449154
598019,2,0,2,0,0.3758145906828431
598019,2,0,3,0,0.3938488080906707
598019,2,0,4,0,0.0001682578208106649
598019,2,0,5,0,0.43792108377104433
598019,2,0,6,0,0.45949297480388923
598019,2,1,1,0,0.4525308533705715
598019,2,1,2,0,0.4881511531128101
598019,2,1,3,0,0.48756148271071864
598019,2,1,4,0,0.48647024865685395
598019,2,1,5,0,0.4975858702072483
598019,2,1,6,0,0.48628602533951665
598019,2,2,1,0,0.5190878099045545
598019,2,2,2,0,0.5457346582819104
598019,2,2,3,0,0.5423809985898028
598019,2,2,4,0,0.5448509898803643
598019,2,2,5,0,7.095521043020302e-05
598019,2,2,6,0,0.5115990693400252
598019,2,3,1,0,0.5337666435806119
598019,2,3,2,0,0.5638169988704329
598019,2,3,3,0,0.5585545807436305
598019,2,3,4,0,0.5565925666499939
598019,2,3,5,0,0.5246458156249383
598019,2,3,6,1,0.5246355576704819
598019,2,3,7,0,0.5656720274535049
598019,2,4,1,1,0.5206506544590599
598019,2,4,2,0,0.551039817989514
598019,2,4,3,0,0.5606554352374578
598019,2,4,4,0,0.5762705207465938
598019,2,4,5,0,0.5393899851249258
598019,2,4,6,0,0.5176374469950858
598019,2,4,7,0,0.5314435327996707
598019,2,5,1,0,0.5250350315577206
598019,2,5,2,0,0.5543179916196347
598019,2,5,3,0,0.536775701611716
598019,2,5,4,0,0.5816632492887467
598019,2,5,5,0,0.5157067894326071
598019,2,5,6,0,0.5158472392310883
598021,1,0,1,0,0.34292879586449154
598021,1,0,2,0,0.3758145906828431
598021,1,0,3,0,0.3938488080906707
598021,1,0,4,0,0.4602282905161428
598021,1,0,5,0,0.43792108377104433
598021,1,0,6,0,0.45949297480388923
598021,1,1,1,0,0.4525308533705715
598021,1,1,2,0,0.4881511531128101
598021,1,1,3,0,0.48756148271071864
598021,1,1,4,0,0.48647024865685395
598021,1,1,5,0,0.4975858702072483
598021,1,1,6,0,0.48628602533951665
598021,1,2,1,1,0.5190878099045545
598021,1,2,2,0,0.5457346582819104
598021,1,2,3,0,0.5423809985898028
598021,1,2,4,0,0.5448509898803643
598021,1,2,5,0,0.5350637168710821
598021,1,2,6,0,8.629539099572611e-05
598021,1,2,7,0,0.5434680194742225
598021,1,3,1,0,0.5337666435806119
598021,1,3,2,0,0.5638169988704329
598021,1,3,3,0,0.5585545807436305
598021,1,3,4,0,0.5565925666499939
598021,1,3,5,0,0.5246458156249383
598021,1,3,6,0,0.5246355576704819
598021,1,4,1,1,0.5206506544590599
598021,1,4,2,0,0.551039817989514
598021,1,4,3,1,0.5606554352374578
598021,1,4,4,1,0.5762705207465938
598021,1,4,5,0,0.5393899851249258
598021,1,4,6,0,0.5176374469950858
598021,1,5,1,0,0.5250350315577206
598021,1,5,2,0,0.5543179916196347
598021,1,5,3,1,0.536775701611716
598021,1,5,4,0,0.5816632492887467
598021,1,5,5,0,0.5157067894326071
598021,1,5,6,0,0.5158472392310883
598021,2,0,1,0,0.34292879586449154
598021,2,0,2,0,0.3758145906828431
598021,2,0,3,0,0.3938488080906707
598021,2,0,4,0,0.0001682578208106649
598021,2,0,5,0,0.43792108377104433
598021,2,0,6,0,0.45949297480388923
598021,2,1,1,0,0.4525308533705715
598021,2,1,2,0,0.4881511531128101
598021,2,1,3,0,0.48756148271071864
598021,2,1,4,0,0.48647024865685395
598021,2,1,5,0,0.4975858702072483
598021,2,1,6,1,0.48628602533951665
598021,2,2,1,0,0.5190878099045545
598021,2,2,2,0,0.5457346582819104
598021,2,2,3,0,0.5423809985898028
598021,2,2,4,0,0.5448509898803643
598021,2,2,5,0,0.5350637168710821
598021,2,2,6,0,0.5115990693400252
598021,2,3,1,0,0.5337666435806119
598021,2,3,2,0,0.5638169988704329
598021,2,3,3,0,0.5585545807436305
598021,2,3,4,0,0.5565925666499939
598021,2,3,5,0,0.5246458156249383
598021,2,3,6,0,0.5246355576704819
598021,2,4,1,0,0.5206506544590599
598021,2,4,2,0,0.551039817989514
598021,2,4,3,0,0.5606554352374578
598021,2,4,4,0,0.5762705207465938
598021,2,4,5,0,0.5393899851249258
598021,2,4,6,0,0.5176374469950858
598021,2,5,1,1,0.5250350315577206
598021,2,5,2,0,0.5543179916196347
598021,2,5,3,0,0.536775701611716
598021,2,5,4,0,0.5816632492887467
598021,2,5,5,0,0.5157067894326071
598021,2,5,6,0,0.5158472392310883
598054,1,0,1,0,0.34292879586449154
598054,1,0,2,0,0.3758145906828431
598054,1,0,3,0,0.3938488080906707
598054,1,0,4,0,0.4602282905161428
598054,1,0,5,0,0.43792108377104433
598054,1,0,6,0,0.45949297480388923
598054,1,1,1,0,0.4525308533705715
598054,1,1,2,0,0.4881511531128101
598054,1,1,3,0,0.48756148271071864
598054,1,1,4,0,0.48647024865685395
598054,1,1,5,1,0.4975858702072483
598054,1,1,6,0,0.00010856370594880755
598054,1,2,1,1,0.5190878099045545
598054,1,2,2,0,0.5457346582819104
598054,1,2,3,0,0.5423809985898028
598054,1,2,4,0,0.5448509898803643
598054,1,2,5,1,0.5350637168710821
598054,1,2,6,0,0.5115990693400252
598054,1,2,7,0,0.5434680194742225
598054,1,3,1,0,0.5337666435806119
598054,1,3,2,0,0.5638169988704329
598054,1,3,3,0,0.5585545807436305
598054,1,3,4,0,0.5565925666499939
598054,1,3,5,0,0.5246458156249383
598054,1,3,6,0,0.5246355576704819
598054,1,3,7,1,0.5656720274535049
598054,1,4,1,1,0.5206506544590599
598054,1,4,2,0,0.551039817989514
598054,1,4,3,0,0.5606554352374578
598054,1,4,4,0,0.5762705207465938
598054,1,4,5,1,0.5393899851249258
598054,1,4,6,0,9.72386209166237e-05
598054,1,5,1,0,0.5250350315577206
598054,1,5,2,0,0.5543179916196347
598054,1,5,3,0,0.536775701611716
598054,1,5,4,0,0.5816632492887467
598054,1,5,5,0,0.5157067894326071
598054,1,5,6,1,0.5158472392310883
598054,2,0,1,0,0.34292879586449154
598054,2,0,2,0,0.3758145906828431
598054,2,0,3,0,0.3938488080906707
598054,2,0,4,1,0.4602282905161428
598054,2,0,5,0,0.43792108377104433
598054,2,0,6,0,0.45949297480388923
598054,2,1,1,0,0.4525308533705715
598054,2,1,2,1,0.4881511531128101
598054,2,1,3,1,0.48756148271071864
598054,2,1,4,0,0.48647024865685395
598054,2,1,5,0,0.4975858702072483
598054,2,1,6,0,0.48628602533951665
598054,2,2,1,1,0.5190878099045545
598054,2,2,2,1,0.5457346582819104
598054,2,2,3,0,0.5423809985898028
598054,2,2,4,0,0.5448509898803643
598054,2,2,5,0,0.5350637168710821
598054,2,2,6,0,0.5115990693400252
598054,2,3,1,0,0.00015952827975369624
598054,2,3,2,0,0.5638169988704329
598054,2,3,3,0,0.5585545807436305
598054,2,3,4,0,0.5565925666499939
598054,2,3,5,0,0.5246458156249383
598054,2,3,6,1,0.5246355576704819
598054,2,3,7,0,0.5656720274535049
598054,2,4,1,0,0.5206506544590599
598054,2,4,2,1,0.551039817989514
598054,2,4,3,0,0.5606554352374578
598054,2,4,4,1,0.5762705207465938
598054,2,4,5,1,0.5393899851249258
598054,2,4,6,1,0.5176374469950858
598054,2,5,1,0,0.5250350315577206
598054,2,5,2,0,8.238543178915683e-05
598054,2,5,3,0,0.536775701611716
598054,2,5,4,0,0.5816632492887467
598054,2,5,5,0,0.5157067894326071
598054,2,5,6,0,0.5158472392310883
598055,1,0,1,0,0.34292879586449154
598055,1,0,2,0,0.3758145906828431
598055,1,0,3,0,0.3938488080906707
598055,1,0,4,0,0.4602282905161428
598055,1,0,5,0,0.43792108377104433
598055,1,0,6,0,0.45949297480388923
598055,1,1,1,0,0.4525308533705715
598055,1,1,2,0,0.4881511531128101
598055,1,1,3,0,0.48756148271071864
598055,1,1,4,1,0.48647024865685395
598055,1,1,5,0,0.4975858702072483
598055,1,1,6,1,0.48628602533951665
598055,1,2,1,0,0.5190878099045545
598055,1,2,2,0,0.5457346582819104
598055,1,2,3,0,0.5423809985898028
598055,1,2,4,0,0.5448509898803643
598055,1,2,5,0,7.095521043020302e-05
598055,1,2,6,0,0.5115990693400252
598055,1,3,1,0,0.5337666435806119
598055,1,3,2,0,0.5638169988704329
598055,1,3,3,0,0.5585545807436305
598055,1,3,4,0,0.5565925666499939
598055,1,3,5,0,0.5246458156249383
598055,1,3,6,0,0.5246355576704819
598055,1,4,1,0,0.5206506544590599
598055,1,4,2,0,0.551039817989514
598055,1,4,3,0,0.5606554352374578
598055,1,4,4,1,0.5762705207465938
598055,1,4,5,0,7.839876431801788e-05
598055,1,4,6,1,0.5176374469950858
598055,1,4,7,0,0.5314435327996707
598055,1,5,1,0,0.5250350315577206
598055,1,5,2,0,0.5543179916196347
598055,1,5,3,0,0.536775701611716
598055,1,5,4,0,0.5816632492887467
598055,1,5,5,1,0.5157067894326071
598055,1,5,6,0,0.5158472392310883
598055,2,0,1,0,0.00038148845835141084
598055,2,0,2,0,0.3758145906828431
598055,2,0,3,0,0.3938488080906707
598055,2,0,4,0,0.4602282905161428
598055,2,0,5,0,0.43792108377104433
598055,2,0,6,0,0.45949297480388923
598055,2,1,1,0,0.4525308533705715
598055,2,1,2,0,0.4881511531128101
598055,2,1,3,0,0.48756148271071864
598055,2,1,4,0,0.48647024865685395
598055,2,1,5,0,0.4975858702072483
598055,2,1,6,0,0.48628602533951665
598055,2,1,7,0,0.5312862305625888
598055,2,1,8,0,0.546464200793984
598055,2,2,1,0,0.5190878099045545
598055,2,2,2,0,0.5457346582819104
598055,2,2,3,0,0.5423809985898028
598055,2,2,4,1,0.5448509898803643
598055,2,2,5,0,0.5350637168710821
598055,2,2,6,1,0.5115990693400252
598055,2,3,1,0,0.5337666435806119
598055,2,3,2,0,0.5638169988704329
598055,2,3,3,0,0.5585545807436305
598055,2,3,4,0,0.5565925666499939
598055,2,3,5,0,0.5246458156249383
598055,2,3,6,1,0.5246355576704819
598055,2,4,1,0,0.5206506544590599
598055,2,4,2,0,0.551039817989514
598055,2,4,3,0,7.01966065263333e-05
598055,2,4,4,0,0.5762705207465938
598055,2,4,5,0,0.5393899851249258
598055,2,4,6,0,0.5176374469950858
598055,2,5,1,0,0.5250350315577206
598055,2,5,2,1,0.5543179916196347
598055,2,5,3,0,0.536775701611716
598055,2,5,4,0,0.5816632492887467
598055,2,5,5,1,0.5157067894326071
598055,2,5,6,0,0.5158472392310883
598060,1,0,1,1,0.34292879586449154
598060,1,0,2,0,0.3758145906828431
598060,1,0,3,0,0.3938488080906707
598060,1,0,4,0,0.4602282905161428
598060,1,0,5,1,0.43792108377104433
598060,1,0,6,1,0.45949297480388923
598060,1,0,7,1,0.4455858771989033
598060,1,1,1,0,0.4525308533705715
598060,1,1,2,0,0.4881511531128101
598060,1,1,3,0,0.48756148271071864
598060,1,1,4,1,0.48647024865685395
598060,1,1,5,0,0.4975858702072483
598060,1,1,6,1,0.48628602533951665
598060,1,1,7,0,0.5312862305625888
598060,1,2,1,0,0.5190878099045545
598060,1,2,2,0,0.5457346582819104
598060,1,2,3,0,0.5423809985898028
598060,1,2,4,0,0.5448509898803643
598060,1,2,5,0,0.5350637168710821
598060,1,2,6,0,0.5115990693400252
598060,1,2,7,0,0.5434680194742225
598060,1,3,1,0,0.5337666435806119
598060,1,3,2,0,0.5638169988704329
598060,1,3,3,0,0.5585545807436305
598060,1,3,4,0,0.5565925666499939
598060,1,3,5,0,6.745302613039633e-05
598060,1,3,6,0,0.5246355576704819
598060,1,4,1,0,0.5206506544590599
598060,1,4,2,0,0.551039817989514
598060,1,4,3,0,0.5606554352374578
598060,1,4,4,0,0.5762705207465938
598060,1,4,5,0,0.5393899851249258
598060,1,4,6,1,0.5176374469950858
598060,1,5,1,0,0.5250350315577206
598060,1,5,2,0,0.5543179916196347
598060,1,5,3,0,0.536775701611716
598060,1,5,4,0,0.5816632492887467
598060,1,5,5,0,0.5157067894326071
598060,1,5,6,1,0.5158472392310883
598060,1,5,7,0,0.5010579670010621
598060,2,0,1,0,0.34292879586449154
598060,2,0,2,0,0.3758145906828431
598060,2,0,3,1,0.3938488080906707
598060,2,0,4,0,0.4602282905161428
598060,2,0,5,0,0.43792108377104433
598060,2,0,6,0,0.45949297480388923
598060,2,1,1,1,0.4525308533705715
598060,2,1,2,0,0.4881511531128101
598060,2,1,3,0,0.48756148271071864
598060,2,1,4,0,0.48647024865685395
598060,2,1,5,0,0.4975858702072483
598060,2,1,6,0,0.48628602533951665
598060,2,1,7,0,0.5312862305625888
598060,2,2,1,1,0.5190878099045545
598060,2,2,2,1,0.5457346582819104
598060,2,2,3,0,0.5423809985898028
598060,2,2,4,0,0.5448509898803643
598060,2,2,5,0,0.5350637168710821
598060,2,2,6,0,0.5115990693400252
598060,2,3,1,0,0.5337666435806119
598060,2,3,2,0,0.5638169988704329
598060,2,3,3,0,6.085998866754581e-05
598060,2,3,4,0,0.5565925666499939
598060,2,3,5,0,0.5246458156249383
598060,2,3,6,1,0.5246355576704819
598060,2,4,1,0,0.5206506544590599
598060,2,4,2,0,0.551039817989514
598060,2,4,3,0,0.5606554352374578
598060,2,4,4,0,0.5762705207465938
598060,2,4,5,1,0.5393899851249258
598060,2,4,6,0,0.5176374469950858
598060,2,5,1,0,0.5250350315577206
598060,2,5,2,0,0.5543179916196347
598060,2,5,3,0,0.536775701611716
598060,2,5,4,0,0.5816632492887467
598060,2,5,5,0,0.5157067894326071
598060,2,5,6,0,0.5158472392310883
598061,1,0,1,0,0.34292879586449154
598061,1,0,2,0,0.3758145906828431
598061,1,0,3,1,0.3938488080906707
598061,1,0,4,0,0.4602282905161428
598061,1,0,5,0,0.43792108377104433
598061,1,0,6,0,0.45949297480388923
598061,1,1,1,0,0.4525308533705715
598061,1,1,2,0,0.4881511531128101
598061,1,1,3,1,0.48756148271071864
598061,1,1,4,0,0.48647024865685395
598061,1,1,5,0,0.4975858702072483
598061,1,1,6,0,0.48628602533951665
598061,1,2,1,0,0.5190878099045545
598061,1,2,2,1,0.5457346582819104
598061,1,2,3,0,0.5423809985898028
598061,1,2,4,0,0.5448509898803643
598061,1,2,5,0,0.5350637168710821
598061,1,2,6,1,0.5115990693400252
598061,1,3,1,0,0.5337666435806119
598061,1,3,2,0,0.5638169988704329
598061,1,3,3,0,0.5585545807436305
598061,1,3,4,0,0.5565925666499939
598061,1,3,5,0,0.5246458156249383
598061,1,3,6,0,0.5246355576704819
598061,1,4,1,0,0.5206506544590599
598061,1,4,2,0,0.551039817989514
598061,1,4,3,0,0.5606554352374578
598061,1,4,4,0,0.5762705207465938
598061,1,4,5,0,0.5393899851249258
598061,1,4,6,1,0.5176374469950858
598061,1,5,1,0,0.5250350315577206
598061,1,5,2,0,0.5543179916196347
598061,1,5,3,0,0.536775701611716
598061,1,5,4,0,8.289229948853374e-05
598061,1,5,5,0,0.5157067894326071
598061,1,5,6,0,0.5158472392310883
598061,2,0,1,0,0.34292879586449154
598061,2,0,2,0,0.3758145906828431
598061,2,0,3,0,0.3938488080906707
598061,2,0,4,0,0.4602282905161428
598061,2,0,5,0,0.43792108377104433
598061,2,0,6,0,0.45949297480388923
598061,2,0,7,0,0.4455858771989033
598061,2,1,1,0,0.4525308533705715
598061,2,1,2,0,0.4881511531128101
598061,2,1,3,0,0.48756148271071864
598061,2,1,4,0,0.48647024865685395
598061,2,1,5,0,0.4975858702072483
598061,2,1,6,0,0.00010856370594880755
598061,2,1,7,0,0.5312862305625888
598061,2,1,8,0,0.546464200793984
598061,2,2,1,0,0.5190878099045545
598061,2,2,2,0,0.5457346582819104
598061,2,2,3,0,0.5423809985898028
598061,2,2,4,0,0.5448509898803643
598061,2,2,5,0,0.5350637168710821
598061,2,2,6,0,0.5115990693400252
598061,2,3,1,0,0.5337666435806119
598061,2,3,2,0,0.5638169988704329
598061,2,3,3,0,0.5585545807436305
598061,2,3,4,0,0.5565925666499939
598061,2,3,5,0,0.5246458156249383
598061,2,3,6,0,8.912938714004702e-05
598061,2,4,1,1,0.5206506544590599
598061,2,4,2,0,0.551039817989514
598061,2,4,3,0,0.5606554352374578
598061,2,4,4,0,7.530897549982799e-05
598061,2,4,5,0,0.5393899851249258
598061,2,4,6,0,0.5176374469950858
598061,2,5,1,0,0.5250350315577206
598061,2,5,2,0,0.5543179916196347
598061,2,5,3,0,0.536775701611716
598061,2,5,4,0,0.5816632492887467
598061,2,5,5,0,0.5157067894326071
598061,2,5,6,0,0.5158472392310883
598063,1,0,1,0,0.34292879586449154
598063,1,0,2,0,0.3758145906828431
598063,1,0,3,0,0.3938488080906707
598063,1,0,4,0,0.4602282905161428
598063,1,0,5,0,0.43792108377104433
598063,1,0,6,0,0.45949297480388923
598063,1,1,1,0,0.4525308533705715
598063,1,1,2,0,0.4881511531128101
598063,1,1,3,0,0.48756148271071864
598063,1,1,4,1,0.48647024865685395
598063,1,1,5,0,0.4975858702072483
598063,1,1,6,0,0.48628602533951665
598063,1,2,1,1,0.5190878099045545
598063,1,2,2,0,0.5457346582819104
598063,1,2,3,1,0.5423809985898028
598063,1,2,4,0,0.5448509898803643
598063,1,2,5,0,0.5350637168710821
598063,1,2,6,0,0.5115990693400252
598063,1,3,1,0,0.5337666435806119
598063,1,3,2,0,7.207262176670686e-05
598063,1,3,3,0,0.5585545807436305
598063,1,3,4,0,0.5565925666499939
598063,1,3,5,0,0.5246458156249383
598063,1,3,6,0,0.5246355576704819
598063,1,4,1,0,0.5206506544590599
598063,1,4,2,0,0.551039817989514
598063,1,4,3,1,0.5606554352374578
598063,1,4,4,1,0.5762705207465938
598063,1,4,5,0,0.5393899851249258
598063,1,4,6,0,0.5176374469950858
598063,1,5,1,0,0.5250350315577206
598063,1,5,2,0,0.5543179916196347
598063,1,5,3,1,0.536775701611716
598063,1,5,4,0,0.5816632492887467
598063,1,5,5,0,0.5157067894326071
598063,1,5,6,0,0.5158472392310883
598063,1,5,7,1,0.5010579670010621
598063,2,0,1,0,0.34292879586449154
598063,2,0,2,0,0.3758145906828431
598063,2,0,3,0,0.3938488080906707
598063,2,0,4,1,0.4602282905161428
598063,2,0,5,0,0.43792108377104433
598063,2,0,6,0,0.00022371304020557016
598063,2,0,7,0,0.4455858771989033
598063,2,1,1,0,0.4525308533705715
598063,2,1,2,1,0.4881511531128101
598063,2,1,3,0,0.48756148271071864
598063,2,1,4,0,0.48647024865685395
598063,2,1,5,0,0.4975858702072483
598063,2,1,6,0,0.48628602533951665
598063,2,2,1,0,0.5190878099045545
598063,2,2,2,1,0.5457346582819104
598063,2,2,3,0,0.5423809985898028
598063,2,2,4,0,0.5448509898803643
598063,2,2,5,0,0.5350637168710821
598063,2,2,6,0,0.5115990693400252
598063,2,3,1,0,0.5337666435806119
598063,2,3,2,0,0.5638169988704329
598063,2,3,3,0,0.5585545807436305
598063,2,3,4,0,6.256559681168003e-05
598063,2,3,5,0,0.5246458156249383
598063,2,3,6,0,0.5246355576704819
598063,2,4,1,1,0.5206506544590599
598063,2,4,2,0,0.551039817989514
598063,2,4,3,0,0.5606554352374578
598063,2,4,4,0,7.530897549982799e-05
598063,2,4,5,0,0.5393899851249258
598063,2,4,6,0,0.5176374469950858
598063,2,5,1,0,0.5250350315577206
598063,2,5,2,0,0.5543179916196347
598063,2,5,3,0,0.536775701611716
598063,2,5,4,0,8.289229948853374e-05
598063,2,5,5,0,0.5157067894326071
598063,2,5,6,0,0.5158472392310883
598067,1,0,1,0,0.34292879586449154
598067,1,0,2,0,0.3758145906828431
598067,1,0,3,1,0.3938488080906707
598067,1,0,4,0,0.4602282905161428
598067,1,0,5,0,0.43792108377104433
598067,1,0,6,1,0.45949297480388923
598067,1,1,1,0,0.4525308533705715
598067,1,1,2,0,0.4881511531128101
598067,1,1,3,0,0.48756148271071864
598067,1,1,4,0,0.48647024865685395
598067,1,1,5,0,0.4975858702072483
598067,1,1,6,0,0.48628602533951665
598067,1,2,1,0,0.5190878099045545
598067,1,2,2,0,0.5457346582819104
598067,1,2,3,0,0.5423809985898028
598067,1,2,4,0,0.5448509898803643
598067,1,2,5,1,0.5350637168710821
598067,1,2,6,0,0.5115990693400252
598067,1,3,1,1,0.5337666435806119
598067,1,3,2,0,0.5638169988704329
598067,1,3,3,0,0.5585545807436305
598067,1,3,4,0,0.5565925666499939
598067,1,3,5,0,0.5246458156249383
598067,1,3,6,0,0.5246355576704819
598067,1,4,1,0,0.5206506544590599
598067,1,4,2,0,0.551039817989514
598067,1,4,3,0,0.5606554352374578
598067,1,4,4,0,0.5762705207465938
598067,1,4,5,1,0.5393899851249258
598067,1,4,6,0,0.5176374469950858
598067,1,5,1,0,0.5250350315577206
598067,1,5,2,0,8.238543178915683e-05
598067,1,5,3,0,0.536775701611716
598067,1,5,4,0,0.5816632492887467
598067,1,5,5,0,0.5157067894326071
598067,1,5,6,0,0.5158472392310883
598067,1,5,7,0,0.5010579670010621
598067,2,0,1,0,0.34292879586449154
598067,2,0,2,0,0.3758145906828431
598067,2,0,3,0,0.3938488080906707
598067,2,0,4,0,0.4602282905161428
598067,2,0,5,1,0.43792108377104433
598067,2,0,6,0,0.45949297480388923
598067,2,0,7,0,0.4455858771989033
598067,2,0,8,0,0.3455787779741998
598067,2,1,1,0,0.4525308533705715
598067,2,1,2,0,0.4881511531128101
598067,2,1,3,0,0.48756148271071864
598067,2,1,4,0,0.48647024865685395
598067,2,1,5,1,0.4975858702072483
598067,2,1,6,0,0.48628602533951665
598067,2,2,1,0,0.0001421325131760957
598067,2,2,2,0,0.5457346582819104
598067,2,2,3,1,0.5423809985898028
598067,2,2,4,0,0.5448509898803643
598067,2,2,5,0,0.5350637168710821
598067,2,2,6,1,0.5115990693400252
598067,2,2,7,0,0.5434680194742225
598067,2,3,1,0,0.5337666435806119
598067,2,3,2,0,0.5638169988704329
598067,2,3,3,1,0.5585545807436305
598067,2,3,4,0,0.5565925666499939
598067,2,3,5,0,0.5246458156249383
598067,2,3,6,0,0.5246355576704819
598067,2,4,1,0,0.5206506544590599
598067,2,4,2,0,0.551039817989514
598067,2,4,3,0,0.5606554352374578
598067,2,4,4,0,0.5762705207465938
598067,2,4,5,0,0.5393899851249258
598067,2,4,6,0,9.72386209166237e-05
598067,2,4,7,0,0.5314435327996707
598067,2,5,1,0,0.5250350315577206
598067,2,5,2,1,0.5543179916196347
598067,2,5,3,0,0.536775701611716
598067,2,5,4,0,0.5816632492887467
598067,2,5,5,0,0.5157067894326071
598067,2,5,6,0,0.5158472392310883
598068,1,0,1,0,0.34292879586449154
598068,1,0,2,1,0.3758145906828431
598068,1,0,3,0,0.3938488080906707
598068,1,0,4,0,0.4602282905161428
598068,1,0,5,0,0.43792108377104433
598068,1,0,6,0,0.45949297480388923
598068,1,1,1,0,0.4525308533705715
598068,1,1,2,0,0.4881511531128101
598068,1,1,3,0,0.48756148271071864
598068,1,1,4,1,0.48647024865685395
598068,1,1,5,0,0.4975858702072483
598068,1,1,6,0,0.48628602533951665
598068,1,1,7,0,0.5312862305625888
598068,1,2,1,0,0.5190878099045545
598068,1,2,2,1,0.5457346582819104
598068,1,2,3,0,0.5423809985898028
598068,1,2,4,0,0.5448509898803643
598068,1,2,5,1,0.5350637168710821
598068,1,2,6,1,0.5115990693400252
598068,1,3,1,0,0.5337666435806119
598068,1,3,2,1,0.5638169988704329
598068,1,3,3,0,0.5585545807436305
598068,1,3,4,0,0.5565925666499939
598068,1,3,5,0,0.5246458156249383
598068,1,3,6,1,0.5246355576704819
598068,1,4,1,0,0.5206506544590599
598068,1,4,2,0,0.551039817989514
598068,1,4,3,0,0.5606554352374578
598068,1,4,4,1,0.5762705207465938
598068,1,4,5,1,0.5393899851249258
598068,1,4,6,1,0.5176374469950858
598068,1,5,1,0,0.5250350315577206
598068,1,5,2,0,8.238543178915683e-05
598068,1,5,3,1,0.536775701611716
598068,1,5,4,0,0.5816632492887467
598068,1,5,5,1,0.5157067894326071
598068,1,5,6,0,0.5158472392310883
598068,2,0,1,1,0.34292879586449154
598068,2,0,2,0,0.3758145906828431
598068,2,0,3,0,0.3938488080906707
598068,2,0,4,0,0.4602282905161428
598068,2,0,5,0,0.43792108377104433
598068,2,0,6,0,0.45949297480388923
598068,2,1,1,0,0.4525308533705715
598068,2,1,2,0,0.4881511531128101
598068,2,1,3,0,9.24106665955198e-05
598068,2,1,4,0,8.076183922023021e-05
598068,2,1,5,0,0.4975858702072483
598068,2,1,6,0,0.48628602533951665
598068,2,2,1,0,0.5190878099045545
598068,2,2,2,0,0.5457346582819104
598068,2,2,3,0,0.5423809985898028
598068,2,2,4,0,0.5448509898803643
598068,2,2,5,0,0.5350637168710821
598068,2,2,6,0,0.5115990693400252
598068,2,2,7,1,0.5434680194742225
598068,2,3,1,0,0.5337666435806119
598068,2,3,2,0,0.5638169988704329
598068,2,3,3,0,0.5585545807436305
598068,2,3,4,0,0.5565925666499939
598068,2,3,5,1,0.5246458156249383
598068,2,3,6,0,8.912938714004702e-05
598068,2,4,1,0,0.5206506544590599
598068,2,4,2,0,0.551039817989514
598068,2,4,3,1,0.5606554352374578
598068,2,4,4,0,0.5762705207465938
598068,2,4,5,0,0.5393899851249258
598068,2,4,6,0,0.5176374469950858
598068,2,5,1,1,0.5250350315577206
598068,2,5,2,0,0.5543179916196347
598068,2,5,3,0,0.536775701611716
598068,2,5,4,1,0.5816632492887467
598068,2,5,5,0,0.5157067894326071
598068,2,5,6,1,0.5158472392310883
598073,1,0,1,0,0.34292879586449154
598073,1,0,2,0,0.3758145906828431
598073,1,0,3,1,0.3938488080906707
598073,1,0,4,0,0.0001682578208106649
598073,1,0,5,0,0.43792108377104433
598073,1,0,6,1,0.45949297480388923
598073,1,1,1,0,0.00020676315770243133
598073,1,1,2,0,0.4881511531128101
598073,1,1,3,0,0.48756148271071864
598073,1,1,4,0,0.48647024865685395
598073,1,1,5,0,0.4975858702072483
598073,1,1,6,0,0.48628602533951665
598073,1,2,1,0,0.5190878099045545
598073,1,2,2,0,0.5457346582819104
598073,1,2,3,0,0.5423809985898028
598073,1,2,4,0,0.5448509898803643
598073,1,2,5,0,0.5350637168710821
598073,1,2,6,1,0.5115990693400252
598073,1,3,1,0,0.5337666435806119
598073,1,3,2,0,7.207262176670686e-05
598073,1,3,3,0,0.5585545807436305
598073,1,3,4,0,0.5565925666499939
598073,1,3,5,0,0.5246458156249383
598073,1,3,6,0,0.5246355576704819
598073,1,4,1,1,0.5206506544590599
598073,1,4,2,0,0.551039817989514
598073,1,4,3,0,0.5606554352374578
598073,1,4,4,0,0.5762705207465938
598073,1,4,5,0,0.5393899851249258
598073,1,4,6,0,0.5176374469950858
598073,1,5,1,0,0.5250350315577206
598073,1,5,2,0,0.5543179916196347
598073,1,5,3,1,0.536775701611716
598073,1,5,4,0,0.5816632492887467
598073,1,5,5,1,0.5157067894326071
598073,1,5,6,0,0.5158472392310883
598073,2,0,1,0,0.34292879586449154
598073,2,0,2,0,0.3758145906828431
598073,2,0,3,0,0.3938488080906707
598073,2,0,4,0,0.0001682578208106649
598073,2,0,5,0,0.0001647836315587949
598073,2,0,6,0,0.45949297480388923
598073,2,1,1,0,0.4525308533705715
598073,2,1,2,0,0.4881511531128101
598073,2,1,3,0,0.48756148271071864
598073,2,1,4,0,8.076183922023021e-05
598073,2,1,5,0,0.4975858702072483
598073,2,1,6,0,0.48628602533951665
598073,2,1,7,0,0.5312862305625888
598073,2,2,1,0,0.5190878099045545
598073,2,2,2,0,0.5457346582819104
598073,2,2,3,0,0.5423809985898028
598073,2,2,4,0,0.5448509898803643
598073,2,2,5,0,0.5350637168710821
598073,2,2,6,1,0.5115990693400252
598073,2,2,7,0,0.5434680194742225
598073,2,3,1,0,0.5337666435806119
598073,2,3,2,0,0.5638169988704329
598073,2,3,3,1,0.5585545807436305
598073,2,3,4,0,0.5565925666499939
598073,2,3,5,0,0.5246458156249383
598073,2,3,6,1,0.5246355576704819
598073,2,4,1,1,0.5206506544590599
598073,2,4,2,0,0.551039817989514
598073,2,4,3,0,0.5606554352374578
598073,2,4,4,0,0.5762705207465938
598073,2,4,5,0,0.5393899851249258
598073,2,4,6,0,0.5176374469950858
598073,2,5,1,1,0.5250350315577206
598073,2,5,2,0,0.5543179916196347
598073,2,5,3,0,0.536775701611716
598073,2,5,4,0,0.5816632492887467
598073,2,5,5,0,0.5157067894326071
598073,2,5,6,0,0.00010310924426488355
729283,1,0,1,0,0.34292879586449154
729283,1,0,2,0,0.3758145906828431
729283,1,0,3,0,0.3938488080906707
729283,1,0,4,0,0.4602282905161428
729283,1,0,5,0,0.43792108377104433
729283,1,0,6,0,0.45949297480388923
729283,1,0,7,0,0.4455858771989033
729283,1,1,1,0,0.4525308533705715
729283,1,1,2,1,0.4881511531128101
729283,1,1,3,1,0.48756148271071864
729283,1,1,4,0,0.48647024865685395
729283,1,1,5,0,0.4975858702072483
729283,1,1,6,0,0.48628602533951665
729283,1,1,7,0,0.5312862305625888
729283,1,2,1,0,0.5190878099045545
729283,1,2,2,1,0.5457346582819104
729283,1,2,3,0,0.5423809985898028
729283,1,2,4,0,0.5448509898803643
729283,1,2,5,0,0.5350637168710821
729283,1,2,6,1,0.5115990693400252
729283,1,3,1,0,0.5337666435806119
729283,1,3,2,1,0.5638169988704329
729283,1,3,3,0,0.5585545807436305
729283,1,3,4,0,0.5565925666499939
729283,1,3,5,0,0.5246458156249383
729283,1,3,6,0,0.5246355576704819
729283,1,3,7,0,0.5656720274535049
729283,1,4,1,1,0.5206506544590599
729283,1,4,2,1,0.551039817989514
729283,1,4,3,0,0.5606554352374578
729283,1,4,4,0,0.5762705207465938
729283,1,4,5,0,0.5393899851249258
729283,1,4,6,0,0.5176374469950858
729283,1,4,7,1,0.5314435327996707
729283,1,5,1,0,0.5250350315577206
729283,1,5,2,0,0.5543179916196347
729283,1,5,3,1,0.536775701611716
729283,1,5,4,0,0.5816632492887467
729283,1,5,5,1,0.5157067894326071
729283,1,5,6,0,0.5158472392310883
729283,2,0,1,0,0.34292879586449154
729283,2,0,2,0,0.3758145906828431
729283,2,0,3,0,0.3938488080906707
729283,2,0,4,0,0.4602282905161428
729283,2,0,5,0,0.43792108377104433
729283,2,0,6,0,0.45949297480388923
729283,2,1,1,0,0.4525308533705715
729283,2,1,2,1,0.4881511531128101
729283,2,1,3,0,0.48756148271071864
729283,2,1,4,1,0.48647024865685395
729283,2,1,5,0,0.4975858702072483
729283,2,1,6,0,0.48628602533951665
729283,2,2,1,1,0.5190878099045545
729283,2,2,2,1,0.5457346582819104
729283,2,2,3,0,0.5423809985898028
729283,2,2,4,1,0.5448509898803643
729283,2,2,5,1,0.5350637168710821
729283,2,2,6,0,8.629539099572611e-05
729283,2,3,1,0,0.5337666435806119
729283,2,3,2,1,0.5638169988704329
729283,2,3,3,0,0.5585545807436305
729283,2,3,4,0,0.5565925666499939
729283,2,3,5,0,6.745302613039633e-05
729283,2,3,6,0,0.5246355576704819
729283,2,3,7,0,0.5656720274535049
729283,2,4,1,1,0.5206506544590599
729283,2,4,2,0,0.551039817989514
729283,2,4,3,0,0.5606554352374578
729283,2,4,4,0,0.5762705207465938
729283,2,4,5,1,0.5393899851249258
729283,2,4,6,1,0.5176374469950858
729283,2,5,1,0,0.00016316266614252873
729283,2,5,2,0,0.5543179916196347
729283,2,5,3,1,0.536775701611716
729283,2,5,4,1,0.5816632492887467
729283,2,5,5,0,0.5157067894326071
729283,2,5,6,0,0.5158472392310883
729283,2,5,7,0,0.5010579670010621
729283,2,5,8,0,0.26535124916327246
729285,1,0,1,0,0.34292879586449154
729285,1,0,2,0,0.3758145906828431
729285,1,0,3,0,0.3938488080906707
729285,1,0,4,0,0.4602282905161428
729285,1,0,5,0,0.0001647836315587949
729285,1,0,6,0,0.45949297480388923
729285,1,1,1,0,0.4525308533705715
729285,1,1,2,0,0.4881511531128101
729285,1,1,3,0,0.48756148271071864
729285,1,1,4,0,0.48647024865685395
729285,1,1,5,0,0.4975858702072483
729285,1,1,6,0,0.48628602533951665
729285,1,1,7,0,0.5312862305625888
729285,1,2,1,0,0.5190878099045545
729285,1,2,2,0,0.5457346582819104
729285,1,2,3,0,0.5423809985898028
729285,1,2,4,0,0.5448509898803643
729285,1,2,5,0,0.5350637168710821
729285,1,2,6,0,0.5115990693400252
729285,1,2,7,0,0.5434680194742225
729285,1,3,1,0,0.5337666435806119
729285,1,3,2,0,0.5638169988704329
729285,1,3,3,0,0.5585545807436305
729285,1,3,4,0,0.5565925666499939
729285,1,3,5,0,0.5246458156249383
729285,1,3,6,1,0.5246355576704819
729285,1,4,1,1,0.5206506544590599
729285,1,4,2,0,0.551039817989514
729285,1,4,3,0,0.5606554352374578
729285,1,4,4,0,0.5762705207465938
729285,1,4,5,0,0.5393899851249258
729285,1,4,6,0,0.5176374469950858
729285,1,4,7,0,0.5314435327996707
729285,1,5,1,0,0.5250350315577206
729285,1,5,2,0,0.5543179916196347
729285,1,5,3,0,0.536775701611716
729285,1,5,4,1,0.5816632492887467
729285,1,5,5,0,0.5157067894326071
729285,1,5,6,0,0.5158472392310883
729285,2,0,1,1,0.34292879586449154
729285,2,0,2,0,0.3758145906828431
729285,2,0,3,0,0.00017505488994704315
729285,2,0,4,0,0.4602282905161428
729285,2,0,5,0,0.43792108377104433
729285,2,0,6,0,0.45949297480388923
729285,2,1,1,0,0.4525308533705715
729285,2,1,2,1,0.4881511531128101
729285,2,1,3,0,0.48756148271071864
729285,2,1,4,0,0.48647024865685395
729285,2,1,5,0,0.4975858702072483
729285,2,1,6,0,0.48628602533951665
729285,2,2,1,0,0.5190878099045545
729285,2,2,2,0,0.5457346582819104
729285,2,2,3,0,0.5423809985898028
729285,2,2,4,0,0.5448509898803643
729285,2,2,5,0,0.5350637168710821
729285,2,2,6,0,0.5115990693400252
729285,2,3,1,0,0.5337666435806119
729285,2,3,2,0,0.5638169988704329
729285,2,3,3,0,6.085998866754581e-05
729285,2,3,4,0,0.5565925666499939
729285,2,3,5,0,0.5246458156249383
729285,2,3,6,0,0.5246355576704819
729285,2,4,1,0,0.5206506544590599
729285,2,4,2,0,0.551039817989514
729285,2,4,3,0,0.5606554352374578
729285,2,4,4,1,0.5762705207465938
729285,2,4,5,0,0.5393899851249258
729285,2,4,6,0,0.5176374469950858
729285,2,4,7,0,0.5314435327996707
729285,2,5,1,0,0.5250350315577206
729285,2,5,2,0,0.5543179916196347
729285,2,5,3,0,0.536775701611716
729285,2,5,4,0,0.5816632492887467
729285,2,5,5,0,0.5157067894326071
729285,2,5,6,0,0.5158472392310883
729287,1,0,1,0,0.34292879586449154
729287,1,0,2,0,0.3758145906828431
729287,1,0,3,0,0.3938488080906707
729287,1,0,4,0,0.4602282905161428
729287,1,0,5,1,0.43792108377104433
729287,1,0,6,0,0.45949297480388923
729287,1,1,1,0,0.4525308533705715
729287,1,1,2,0,0.4881511531128101
729287,1,1,3,0,0.48756148271071864
729287,1,1,4,0,0.48647024865685395
729287,1,1,5,0,0.4975858702072483
729287,1,1,6,0,0.48628602533951665
729287,1,2,1,0,0.5190878099045545
729287,1,2,2,1,0.5457346582819104
729287,1,2,3,0,0.5423809985898028
729287,1,2,4,0,0.5448509898803643
729287,1,2,5,0,0.5350637168710821
729287,1,2,6,0,0.5115990693400252
729287,1,3,1,0,0.5337666435806119
729287,1,3,2,0,0.5638169988704329
729287,1,3,3,0,0.5585545807436305
729287,1,3,4,0,0.5565925666499939
729287,1,3,5,0,0.5246458156249383
729287,1,3,6,0,8.912938714004702e-05
729287,1,3,7,0,0.5656720274535049
729287,1,4,1,0,0.5206506544590599
729287,1,4,2,0,0.551039817989514
729287,1,4,3,0,0.5606554352374578
729287,1,4,4,0,0.5762705207465938
729287,1,4,5,0,0.5393899851249258
729287,1,4,6,0,0.5176374469950858
729287,1,4,7,0,0.5314435327996707
729287,1,5,1,1,0.5250350315577206
729287,1,5,2,0,0.5543179916196347
729287,1,5,3,1,0.536775701611716
729287,1,5,4,1,0.5816632492887467
729287,1,5,5,0,0.5157067894326071
729287,1,5,6,0,0.5158472392310883
729287,1,5,7,0,0.5010579670010621
729287,2,0,1,0,0.34292879586449154
729287,2,0,2,1,0.3758145906828431
729287,2,0,3,0,0.3938488080906707
729287,2,0,4,0,0.4602282905161428
729287,2,0,5,0,0.43792108377104433
729287,2,0,6,0,0.45949297480388923
729287,2,1,1,0,0.4525308533705715
729287,2,1,2,0,0.4881511531128101
729287,2,1,3,0,0.48756148271071864
729287,2,1,4,0,0.48647024865685395
729287,2,1,5,0,0.4975858702072483
729287,2,1,6,0,0.48628602533951665
729287,2,2,1,0,0.5190878099045545
729287,2,2,2,0,0.5457346582819104
729287,2,2,3,0,0.5423809985898028
729287,2,2,4,0,0.5448509898803643
729287,2,2,5,1,0.5350637168710821
729287,2,2,6,0,8.629539099572611e-05
729287,2,3,1,0,0.5337666435806119
729287,2,3,2,0,0.5638169988704329
729287,2,3,3,0,6.085998866754581e-05
729287,2,3,4,0,0.5565925666499939
729287,2,3,5,0,6.745302613039633e-05
729287,2,3,6,0,0.5246355576704819
729287,2,4,1,0,0.5206506544590599
729287,2,4,2,0,0.551039817989514
729287,2,4,3,0,0.5606554352374578
729287,2,4,4,0,0.5762705207465938
729287,2,4,5,0,0.5393899851249258
729287,2,4,6,1,0.5176374469950858
729287,2,5,1,0,0.5250350315577206
729287,2,5,2,0,0.5543179916196347
729287,2,5,3,0,0.536775701611716
729287,2,5,4,0,0.5816632492887467
729287,2,5,5,1,0.5157067894326071
729287,2,5,6,0,0.5158472392310883
729289,1,0,1,0,0.34292879586449154
729289,1,0,2,0,0.00018585311536224735
729289,1,0,3,0,0.3938488080906707
729289,1,0,4,0,0.4602282905161428
729289,1,0,5,0,0.43792108377104433
729289,1,0,6,0,0.45949297480388923
729289,1,0,7,0,0.4455858771989033
729289,1,0,8,0,0.3455787779741998
729289,1,0,9,0,0.3895811776970382
729289,1,1,1,0,0.4525308533705715
729289,1,1,2,0,0.4881511531128101
729289,1,1,3,0,0.48756148271071864
729289,1,1,4,0,8.076183922023021e-05
729289,1,1,5,0,0.4975858702072483
729289,1,1,6,0,0.48628602533951665
729289,1,2,1,0,0.5190878099045545
729289,1,2,2,0,0.5457346582819104
729289,1,2,3,0,0.5423809985898028
729289,1,2,4,0,0.5448509898803643
729289,1,2,5,0,0.5350637168710821
729289,1,2,6,0,0.5115990693400252
729289,1,2,7,0,0.5434680194742225
729289,1,2,8,0,0.6242857061636626
729289,1,3,1,0,0.5337666435806119
729289,1,3,2,0,0.5638169988704329
729289,1,3,3,0,0.5585545807436305
729289,1,3,4,0,0.5565925666499939
729289,1,3,5,0,0.5246458156249383
729289,1,3,6,0,0.5246355576704819
729289,1,4,1,0,0.5206506544590599
729289,1,4,2,0,0.551039817989514
729289,1,4,3,0,0.5606554352374578
729289,1,4,4,1,0.5762705207465938
729289,1,4,5,0,0.5393899851249258
729289,1,4,6,0,0.5176374469950858
729289,1,5,1,0,0.5250350315577206
729289,1,5,2,0,0.5543179916196347
729289,1,5,3,0,0.536775701611716
729289,1,5,4,0,0.5816632492887467
729289,1,5,5,0,0.5157067894326071
729289,1,5,6,0,0.5158472392310883
729289,2,0,1,0,0.34292879586449154
729289,2,0,2,1,0.3758145906828431
729289,2,0,3,1,0.3938488080906707
729289,2,0,4,0,0.4602282905161428
729289,2,0,5,0,0.0001647836315587949
729289,2,0,6,0,0.45949297480388923
729289,2,1,1,0,0.4525308533705715
729289,2,1,2,0,0.4881511531128101
729289,2,1,3,0,0.48756148271071864
729289,2,1,4,1,0.48647024865685395
729289,2,1,5,0,0.4975858702072483
729289,2,1,6,0,0.48628602533951665
729289,2,1,7,0,0.5312862305625888
729289,2,2,1,0,0.5190878099045545
729289,2,2,2,0,0.5457346582819104
729289,2,2,3,0,0.5423809985898028
729289,2,2,4,0,0.5448509898803643
729289,2,2,5,1,0.5350637168710821
729289,2,2,6,0,0.5115990693400252
729289,2,3,1,1,0.5337666435806119
729289,2,3,2,0,0.5638169988704329
729289,2,3,3,0,0.5585545807436305
729289,2,3,4,0,0.5565925666499939
729289,2,3,5,0,0.5246458156249383
729289,2,3,6,0,8.912938714004702e-05
729289,2,4,1,0,0.5206506544590599
729289,2,4,2,0,0.551039817989514
729289,2,4,3,0,0.5606554352374578
729289,2,4,4,0,0.5762705207465938
729289,2,4,5,0,0.5393899851249258
729289,2,4,6,0,0.5176374469950858
729289,2,5,1,0,0.5250350315577206
729289,2,5,2,0,0.5543179916196347
729289,2,5,3,1,0.536775701611716
729289,2,5,4,0,0.5816632492887467
729289,2,5,5,0,0.5157067894326071
729289,2,5,6,0,0.5158472392310883
729295,1,0,1,0,0.34292879586449154
729295,1,0,2,0,0.3758145906828431
729295,1,0,3,0,0.3938488080906707
729295,1,0,4,0,0.4602282905161428
729295,1,0,5,0,0.43792108377104433
729295,1,0,6,0,0.45949297480388923
729295,1,1,1,0,0.4525308533705715
729295,1,1,2,0,0.4881511531128101
729295,1,1,3,0,0.48756148271071864
729295,1,1,4,0,0.48647024865685395
729295,1,1,5,0,0.4975858702072483
729295,1,1,6,0,0.48628602533951665
729295,1,2,1,0,0.5190878099045545
729295,1,2,2,0,0.5457346582819104
729295,1,2,3,1,0.5423809985898028
729295,1,2,4,1,0.5448509898803643
729295,1,2,5,0,0.5350637168710821
729295,1,2,6,1,0.5115990693400252
729295,1,3,1,0,0.5337666435806119
729295,1,3,2,0,0.5638169988704329
729295,1,3,3,0,0.5585545807436305
729295,1,3,4,0,0.5565925666499939
729295,1,3,5,0,0.5246458156249383
729295,1,3,6,1,0.5246355576704819
729295,1,4,1,1,0.5206506544590599
729295,1,4,2,0,0.551039817989514
729295,1,4,3,1,0.5606554352374578
729295,1,4,4,1,0.5762705207465938
729295,1,4,5,0,0.5393899851249258
729295,1,4,6,0,0.5176374469950858
729295,1,5,1,0,0.5250350315577206
729295,1,5,2,0,0.5543179916196347
729295,1,5,3,0,0.536775701611716
729295,1,5,4,0,0.5816632492887467
729295,1,5,5,1,0.5157067894326071
729295,1,5,6,0,0.5158472392310883
729295,2,0,1,0,0.34292879586449154
729295,2,0,2,0,0.3758145906828431
729295,2,0,3,1,0.3938488080906707
729295,2,0,4,0,0.4602282905161428
729295,2,0,5,0,0.43792108377104433
729295,2,0,6,0,0.45949297480388923
729295,2,0,7,0,0.4455858771989033
729295,2,1,1,0,0.4525308533705715
729295,2,1,2,0,9.924247765745456e-05
729295,2,1,3,0,0.48756148271071864
729295,2,1,4,0,0.48647024865685395
729295,2,1,5,0,0.4975858702072483
729295,2,1,6,1,0.48628602533951665
729295,2,2,1,0,0.5190878099045545
729295,2,2,2,0,0.5457346582819104
729295,2,2,3,0,0.5423809985898028
729295,2,2,4,0,0.5448509898803643
729295,2,2,5,0,0.5350637168710821
729295,2,2,6,1,0.5115990693400252
729295,2,3,1,0,0.5337666435806119
729295,2,3,2,0,0.5638169988704329
729295,2,3,3,0,0.5585545807436305
729295,2,3,4,0,0.5565925666499939
729295,2,3,5,0,0.5246458156249383
729295,2,3,6,1,0.5246355576704819
729295,2,3,7,0,0.5656720274535049
729295,2,3,8,0,0.6571105056916209
729295,2,4,1,0,0.5206506544590599
729295,2,4,2,0,0.551039817989514
729295,2,4,3,0,7.01966065263333e-05
729295,2,4,4,0,0.5762705207465938
729295,2,4,5,0,0.5393899851249258
729295,2,4,6,0,9.72386209166237e-05
729295,2,4,7,0,0.5314435327996707
729295,2,5,1,0,0.5250350315577206
729295,2,5,2,0,0.5543179916196347
729295,2,5,3,0,0.536775701611716
729295,2,5,4,1,0.5816632492887467
729295,2,5,5,1,0.5157067894326071
729295,2,5,6,0,0.5158472392310883
729311,1,0,1,0,0.34292879586449154
729311,1,0,2,0,0.3758145906828431
729311,1,0,3,0,0.3938488080906707
729311,1,0,4,1,0.4602282905161428
729311,1,0,5,0,0.43792108377104433
729311,1,0,6,0,0.45949297480388923
729311,1,1,1,0,0.4525308533705715
729311,1,1,2,0,0.4881511531128101
729311,1,1,3,1,0.48756148271071864
729311,1,1,4,0,0.48647024865685395
729311,1,1,5,0,0.4975858702072483
729311,1,1,6,0,0.48628602533951665
729311,1,2,1,0,0.5190878099045545
729311,1,2,2,0,6.71210527059499e-05
729311,1,2,3,0,0.5423809985898028
729311,1,2,4,0,6.313139414108697e-05
729311,1,2,5,0,0.5350637168710821
729311,1,2,6,0,0.5115990693400252
729311,1,3,1,0,0.5337666435806119
729311,1,3,2,0,0.5638169988704329
729311,1,3,3,0,0.5585545807436305
729311,1,3,4,0,0.5565925666499939
729311,1,3,5,0,0.5246458156249383
729311,1,3,6,1,0.5246355576704819
729311,1,4,1,0,0.5206506544590599
729311,1,4,2,0,0.551039817989514
729311,1,4,3,1,0.5606554352374578
729311,1,4,4,0,0.5762705207465938
729311,1,4,5,0,0.5393899851249258
729311,1,4,6,0,0.5176374469950858
729311,1,5,1,0,0.5250350315577206
729311,1,5,2,0,0.5543179916196347
729311,1,5,3,0,0.536775701611716
729311,1,5,4,0,0.5816632492887467
729311,1,5,5,0,0.5157067894326071
729311,1,5,6,0,0.5158472392310883
729311,2,0,1,0,0.34292879586449154
729311,2,0,2,0,0.3758145906828431
729311,2,0,3,0,0.3938488080906707
729311,2,0,4,1,0.4602282905161428
729311,2,0,5,0,0.43792108377104433
729311,2,0,6,0,0.45949297480388923
729311,2,1,1,0,0.4525308533705715
729311,2,1,2,0,0.4881511531128101
729311,2,1,3,1,0.48756148271071864
729311,2,1,4,0,0.48647024865685395
729311,2,1,5,0,0.4975858702072483
729311,2,1,6,0,0.48628602533951665
729311,2,2,1,0,0.5190878099045545
729311,2,2,2,0,0.5457346582819104
729311,2,2,3,0,0.5423809985898028
729311,2,2,4,1,0.5448509898803643
729311,2,2,5,0,0.5350637168710821
729311,2,2,6,0,0.5115990693400252
729311,2,3,1,0,0.5337666435806119
729311,2,3,2,0,0.5638169988704329
729311,2,3,3,0,0.5585545807436305
729311,2,3,4,0,0.5565925666499939
729311,2,3,5,0,0.5246458156249383
729311,2,3,6,0,0.5246355576704819
729311,2,4,1,1,0.5206506544590599
729311,2,4,2,0,0.551039817989514
729311,2,4,3,0,0.5606554352374578
729311,2,4,4,0,0.5762705207465938
729311,2,4,5,0,0.5393899851249258
729311,2,4,6,1,0.5176374469950858
729311,2,5,1,1,0.5250350315577206
729311,2,5,2,0,0.5543179916196347
729311,2,5,3,0,0.536775701611716
729311,2,5,4,1,0.5816632492887467
729311,2,5,5,0,0.5157067894326071
729311,2,5,6,0,0.5158472392310883
733971,1,0,1,0,0.34292879586449154
733971,1,0,2,0,0.3758145906828431
733971,1,0,3,1,0.3938488080906707
733971,1,0,4,0,0.4602282905161428
733971,1,0,5,1,0.43792108377104433
733971,1,0,6,0,0.45949297480388923
733971,1,1,1,1,0.4525308533705715
733971,1,1,2,0,0.4881511531128101
733971,1,1,3,0,0.48756148271071864
733971,1,1,4,0,0.48647024865685395
733971,1,1,5,0,0.4975858702072483
733971,1,1,6,0,0.48628602533951665
733971,1,2,1,0,0.5190878099045545
733971,1,2,2,1,0.5457346582819104
733971,1,2,3,0,6.163767430463305e-05
733971,1,2,4,0,0.5448509898803643
733971,1,2,5,0,0.5350637168710821
733971,1,2,6,0,0.5115990693400252
733971,1,3,1,0,0.5337666435806119
733971,1,3,2,1,0.5638169988704329
733971,1,3,3,0,0.5585545807436305
733971,1,3,4,0,0.5565925666499939
733971,1,3,5,0,0.5246458156249383
733971,1,3,6,0,0.5246355576704819
733971,1,4,1,0,0.5206506544590599
733971,1,4,2,0,0.551039817989514
733971,1,4,3,0,0.5606554352374578
733971,1,4,4,0,0.5762705207465938
733971,1,4,5,0,0.5393899851249258
733971,1,4,6,0,0.5176374469950858
733971,1,5,1,1,0.5250350315577206
733971,1,5,2,0,0.5543179916196347
733971,1,5,3,1,0.536775701611716
733971,1,5,4,0,0.5816632492887467
733971,1,5,5,0,0.5157067894326071
733971,1,5,6,0,0.5158472392310883
733971,2,0,1,0,0.34292879586449154
733971,2,0,2,0,0.3758145906828431
733971,2,0,3,0,0.3938488080906707
733971,2,0,4,0,0.4602282905161428
733971,2,0,5,0,0.43792108377104433
733971,2,0,6,0,0.45949297480388923
733971,2,0,7,0,0.4455858771989033
733971,2,1,1,0,0.4525308533705715
733971,2,1,2,1,0.4881511531128101
733971,2,1,3,0,0.48756148271071864
733971,2,1,4,1,0.48647024865685395
733971,2,1,5,1,0.4975858702072483
733971,2,1,6,0,0.48628602533951665
733971,2,2,1,0,0.5190878099045545
733971,2,2,2,0,6.71210527059499e-05
733971,2,2,3,0,0.5423809985898028
733971,2,2,4,0,0.5448509898803643
733971,2,2,5,0,0.5350637168710821
733971,2,2,6,0,0.5115990693400252
733971,2,3,1,0,0.5337666435806119
733971,2,3,2,1,0.5638169988704329
733971,2,3,3,1,0.5585545807436305
733971,2,3,4,0,0.5565925666499939
733971,2,3,5,0,0.5246458156249383
733971,2,3,6,1,0.5246355576704819
733971,2,4,1,0,0.5206506544590599
733971,2,4,2,0,0.551039817989514
733971,2,4,3,0,0.5606554352374578
733971,2,4,4,0,7.530897549982799e-05
733971,2,4,5,0,0.5393899851249258
733971,2,4,6,0,0.5176374469950858
733971,2,5,1,0,0.00016316266614252873
733971,2,5,2,0,8.238543178915683e-05
733971,2,5,3,0,0.536775701611716
733971,2,5,4,0,0.5816632492887467
733971,2,5,5,0,0.5157067894326071
733971,2,5,6,0,0.5158472392310883
733973,1,0,1,0,0.34292879586449154
733973,1,0,2,1,0.3758145906828431
733973,1,0,3,0,0.3938488080906707
733973,1,0,4,0,0.4602282905161428
733973,1,0,5,0,0.43792108377104433
733973,1,0,6,0,0.45949297480388923
733973,1,1,1,0,0.4525308533705715
733973,1,1,2,0,0.4881511531128101
733973,1,1,3,0,0.48756148271071864
733973,1,1,4,0,0.48647024865685395
733973,1,1,5,1,0.4975858702072483
733973,1,1,6,0,0.48628602533951665
733973,1,1,7,0,0.5312862305625888
733973,1,1,8,0,0.546464200793984
733973,1,2,1,0,0.0001421325131760957
733973,1,2,2,0,0.5457346582819104
733973,1,2,3,0,0.5423809985898028
733973,1,2,4,1,0.5448509898803643
733973,1,2,5,0,0.5350637168710821
733973,1,2,6,0,0.5115990693400252
733973,1,3,1,1,0.5337666435806119
733973,1,3,2,0,0.5638169988704329
733973,1,3,3,0,6.085998866754581e-05
733973,1,3,4,0,0.5565925666499939
733973,1,3,5,1,0.5246458156249383
733973,1,3,6,0,0.5246355576704819
733973,1,3,7,0,0.5656720274535049
733973,1,4,1,0,0.5206506544590599
733973,1,4,2,0,0.551039817989514
733973,1,4,3,0,0.5606554352374578
733973,1,4,4,0,0.5762705207465938
733973,1,4,5,0,0.5393899851249258
733973,1,4,6,0,0.5176374469950858
733973,1,5,1,0,0.5250350315577206
733973,1,5,2,0,0.5543179916196347
733973,1,5,3,1,0.536775701611716
733973,1,5,4,0,0.5816632492887467
733973,1,5,5,0,0.5157067894326071
733973,1,5,6,0,0.5158472392310883
733973,2,0,1,1,0.34292879586449154
733973,2,0,2,0,0.3758145906828431
733973,2,0,3,0,0.3938488080906707
733973,2,0,4,0,0.4602282905161428
733973,2,0,5,0,0.0001647836315587949
733973,2,0,6,0,0.45949297480388923
733973,2,1,1,0,0.4525308533705715
733973,2,1,2,0,0.4881511531128101
733973,2,1,3,0,0.48756148271071864
733973,2,1,4,1,0.48647024865685395
733973,2,1,5,0,0.4975858702072483
733973,2,1,6,1,0.48628602533951665
733973,2,2,1,0,0.5190878099045545
733973,2,2,2,1,0.5457346582819104
733973,2,2,3,0,0.5423809985898028
733973,2,2,4,0,0.5448509898803643
733973,2,2,5,0,0.5350637168710821
733973,2,2,6,0,8.629539099572611e-05
733973,2,2,7,0,0.5434680194742225
733973,2,3,1,0,0.5337666435806119
733973,2,3,2,0,0.5638169988704329
733973,2,3,3,0,0.5585545807436305
733973,2,3,4,0,0.5565925666499939
733973,2,3,5,0,0.5246458156249383
733973,2,3,6,1,0.5246355576704819
733973,2,4,1,0,0.5206506544590599
733973,2,4,2,0,0.551039817989514
733973,2,4,3,0,0.5606554352374578
733973,2,4,4,1,0.5762705207465938
733973,2,4,5,0,0.5393899851249258
733973,2,4,6,1,0.5176374469950858
733973,2,5,1,0,0.5250350315577206
733973,2,5,2,0,0.5543179916196347
733973,2,5,3,0,0.536775701611716
733973,2,5,4,0,0.5816632492887467
733973,2,5,5,0,0.5157067894326071
733973,2,5,6,1,0.5158472392310883
733973,2,5,7,0,0.5010579670010621
733977,1,0,1,0,0.34292879586449154
733977,1,0,2,0,0.3758145906828431
733977,1,0,3,0,0.3938488080906707
733977,1,0,4,0,0.4602282905161428
733977,1,0,5,0,0.43792108377104433
733977,1,0,6,0,0.45949297480388923
733977,1,1,1,0,0.4525308533705715
733977,1,1,2,0,0.4881511531128101
733977,1,1,3,0,0.48756148271071864
733977,1,1,4,0,0.48647024865685395
733977,1,1,5,1,0.4975858702072483
733977,1,1,6,1,0.48628602533951665
733977,1,2,1,0,0.5190878099045545
733977,1,2,2,0,0.5457346582819104
733977,1,2,3,1,0.5423809985898028
733977,1,2,4,0,0.5448509898803643
733977,1,2,5,0,7.095521043020302e-05
733977,1,2,6,0,0.5115990693400252
733977,1,3,1,0,0.5337666435806119
733977,1,3,2,0,0.5638169988704329
733977,1,3,3,1,0.5585545807436305
733977,1,3,4,0,0.5565925666499939
733977,1,3,5,0,0.5246458156249383
733977,1,3,6,0,8.912938714004702e-05
733977,1,4,1,0,0.5206506544590599
733977,1,4,2,1,0.551039817989514
733977,1,4,3,0,0.5606554352374578
733977,1,4,4,0,0.5762705207465938
733977,1,4,5,0,0.5393899851249258
733977,1,4,6,0,0.5176374469950858
733977,1,4,7,0,0.5314435327996707
733977,1,4,8,0,0.5480485293374653
733977,1,5,1,0,0.5250350315577206
733977,1,5,2,0,0.5543179916196347
733977,1,5,3,0,0.536775701611716
733977,1,5,4,0,0.5816632492887467
733977,1,5,5,0,0.5157067894326071
733977,1,5,6,0,0.5158472392310883
733977,1,5,7,1,0.5010579670010621
733977,2,0,1,0,0.34292879586449154
733977,2,0,2,0,0.3758145906828431
733977,2,0,3,0,0.3938488080906707
733977,2,0,4,0,0.4602282905161428
733977,2,0,5,0,0.43792108377104433
733977,2,0,6,0,0.45949297480388923
733977,2,0,7,0,0.4455858771989033
733977,2,1,1,0,0.00020676315770243133
733977,2,1,2,0,0.4881511531128101
733977,2,1,3,0,0.48756148271071864
733977,2,1,4,0,0.48647024865685395
733977,2,1,5,0,0.4975858702072483
733977,2,1,6,0,0.48628602533951665
733977,2,1,7,0,0.0002702739254064445
733977,2,2,1,0,0.5190878099045545
733977,2,2,2,0,0.5457346582819104
733977,2,2,3,1,0.5423809985898028
733977,2,2,4,0,0.5448509898803643
733977,2,2,5,0,0.5350637168710821
733977,2,2,6,1,0.5115990693400252
733977,2,3,1,0,0.5337666435806119
733977,2,3,2,0,0.5638169988704329
733977,2,3,3,0,0.5585545807436305
733977,2,3,4,0,0.5565925666499939
733977,2,3,5,0,0.5246458156249383
733977,2,3,6,0,0.5246355576704819
733977,2,4,1,0,0.5206506544590599
733977,2,4,2,0,0.551039817989514
733977,2,4,3,0,0.5606554352374578
733977,2,4,4,1,0.5762705207465938
733977,2,4,5,1,0.5393899851249258
733977,2,4,6,1,0.5176374469950858
733977,2,5,1,0,0.5250350315577206
733977,2,5,2,1,0.5543179916196347
733977,2,5,3,0,0.536775701611716
733977,2,5,4,0,0.5816632492887467
733977,2,5,5,0,0.5157067894326071
733977,2,5,6,0,0.5158472392310883
734017,1,0,1,0,0.34292879586449154
734017,1,0,2,0,0.3758145906828431
734017,1,0,3,0,0.3938488080906707
734017,1,0,4,0,0.4602282905161428
734017,1,0,5,0,0.43792108377104433
734017,1,0,6,0,0.45949297480388923
734017,1,1,1,0,0.4525308533705715
734017,1,1,2,0,0.4881511531128101
734017,1,1,3,0,0.48756148271071864
734017,1,1,4,0,0.48647024865685395
734017,1,1,5,0,0.4975858702072483
734017,1,1,6,1,0.48628602533951665
734017,1,2,1,0,0.5190878099045545
734017,1,2,2,0,0.5457346582819104
734017,1,2,3,0,0.5423809985898028
734017,1,2,4,0,0.5448509898803643
734017,1,2,5,0,0.5350637168710821
734017,1,2,6,0,0.5115990693400252
734017,1,3,1,1,0.5337666435806119
734017,1,3,2,0,0.5638169988704329
734017,1,3,3,0,0.5585545807436305
734017,1,3,4,0,0.5565925666499939
734017,1,3,5,0,0.5246458156249383
734017,1,3,6,0,0.5246355576704819
734017,1,3,7,0,0.5656720274535049
734017,1,4,1,1,0.5206506544590599
734017,1,4,2,0,0.551039817989514
734017,1,4,3,0,0.5606554352374578
734017,1,4,4,1,0.5762705207465938
734017,1,4,5,1,0.5393899851249258
734017,1,4,6,0,0.5176374469950858
734017,1,5,1,0,0.5250350315577206
734017,1,5,2,1,0.5543179916196347
734017,1,5,3,0,0.536775701611716
734017,1,5,4,0,0.5816632492887467
734017,1,5,5,0,0.5157067894326071
734017,1,5,6,0,0.5158472392310883
734017,1,5,7,0,0.5010579670010621
734017,2,0,1,0,0.34292879586449154
734017,2,0,2,0,0.3758145906828431
734017,2,0,3,0,0.3938488080906707
734017,2,0,4,0,0.4602282905161428
734017,2,0,5,0,0.43792108377104433
734017,2,0,6,0,0.45949297480388923
734017,2,0,7,0,0.4455858771989033
734017,2,1,1,0,0.4525308533705715
734017,2,1,2,0,0.4881511531128101
734017,2,1,3,0,0.48756148271071864
734017,2,1,4,0,0.48647024865685395
734017,2,1,5,1,0.4975858702072483
734017,2,1,6,0,0.48628602533951665
734017,2,1,7,1,0.5312862305625888
734017,2,2,1,0,0.5190878099045545
734017,2,2,2,0,0.5457346582819104
734017,2,2,3,0,6.163767430463305e-05
734017,2,2,4,0,0.5448509898803643
734017,2,2,5,1,0.5350637168710821
734017,2,2,6,1,0.5115990693400252
734017,2,3,1,0,0.5337666435806119
734017,2,3,2,0,0.5638169988704329
734017,2,3,3,1,0.5585545807436305
734017,2,3,4,0,0.5565925666499939
734017,2,3,5,0,0.5246458156249383
734017,2,3,6,1,0.5246355576704819
734017,2,4,1,0,0.5206506544590599
734017,2,4,2,0,7.766533673193968e-05
734017,2,4,3,0,0.5606554352374578
734017,2,4,4,0,0.5762705207465938
734017,2,4,5,0,0.5393899851249258
734017,2,4,6,0,0.5176374469950858
734017,2,5,1,0,0.5250350315577206
734017,2,5,2,0,0.5543179916196347
734017,2,5,3,0,6.970130872207562e-05
734017,2,5,4,0,0.5816632492887467
734017,2,5,5,0,0.5157067894326071
734017,2,5,6,0,0.5158472392310883
734017,2,5,7,0,0.5010579670010621
734039,1,0,1,0,0.34292879586449154
734039,1,0,2,0,0.3758145906828431
734039,1,0,3,0,0.3938488080906707
734039,1,0,4,0,0.4602282905161428
734039,1,0,5,0,0.43792108377104433
734039,1,0,6,1,0.45949297480388923
734039,1,1,1,0,0.4525308533705715
734039,1,1,2,0,0.4881511531128101
734039,1,1,3,1,0.48756148271071864
734039,1,1,4,0,0.48647024865685395
734039,1,1,5,0,0.4975858702072483
734039,1,1,6,0,0.48628602533951665
734039,1,2,1,0,0.5190878099045545
734039,1,2,2,0,6.71210527059499e-05
734039,1,2,3,1,0.5423809985898028
734039,1,2,4,0,0.5448509898803643
734039,1,2,5,0,0.5350637168710821
734039,1,2,6,1,0.5115990693400252
734039,1,3,1,0,0.5337666435806119
734039,1,3,2,0,0.5638169988704329
734039,1,3,3,0,0.5585545807436305
734039,1,3,4,1,0.5565925666499939
734039,1,3,5,0,0.5246458156249383
734039,1,3,6,1,0.5246355576704819
734039,1,4,1,1,0.5206506544590599
734039,1,4,2,0,0.551039817989514
734039,1,4,3,0,0.5606554352374578
734039,1,4,4,0,0.5762705207465938
734039,1,4,5,1,0.5393899851249258
734039,1,4,6,0,0.5176374469950858
734039,1,5,1,0,0.5250350315577206
734039,1,5,2,0,8.238543178915683e-05
734039,1,5,3,0,0.536775701611716
734039,1,5,4,0,0.5816632492887467
734039,1,5,5,0,0.5157067894326071
734039,1,5,6,0,0.00010310924426488355
734039,2,0,1,0,0.34292879586449154
734039,2,0,2,0,0.3758145906828431
734039,2,0,3,0,0.3938488080906707
734039,2,0,4,0,0.4602282905161428
734039,2,0,5,1,0.43792108377104433
734039,2,0,6,1,0.45949297480388923
734039,2,1,1,0,0.4525308533705715
734039,2,1,2,0,0.4881511531128101
734039,2,1,3,0,0.48756148271071864
734039,2,1,4,0,0.48647024865685395
734039,2,1,5,0,0.4975858702072483
734039,2,1,6,0,0.48628602533951665
734039,2,2,1,0,0.5190878099045545
734039,2,2,2,0,0.5457346582819104
734039,2,2,3,0,6.163767430463305e-05
734039,2,2,4,0,0.5448509898803643
734039,2,2,5,0,0.5350637168710821
734039,2,2,6,0,0.5115990693400252
734039,2,2,7,0,0.5434680194742225
734039,2,3,1,0,0.5337666435806119
734039,2,3,2,0,7.207262176670686e-05
734039,2,3,3,0,0.5585545807436305
734039,2,3,4,0,0.5565925666499939
734039,2,3,5,0,0.5246458156249383
734039,2,3,6,0,0.5246355576704819
734039,2,4,1,0,0.5206506544590599
734039,2,4,2,0,0.551039817989514
734039,2,4,3,0,0.5606554352374578
734039,2,4,4,0,0.5762705207465938
734039,2,4,5,1,0.5393899851249258
734039,2,4,6,0,0.5176374469950858
734039,2,4,7,1,0.5314435327996707
734039,2,5,1,0,0.5250350315577206
734039,2,5,2,1,0.5543179916196347
734039,2,5,3,0,0.536775701611716
734039,2,5,4,1,0.5816632492887467
734039,2,5,5,0,0.5157067894326071
734039,2,5,6,1,0.5158472392310883
734045,1,0,1,0,0.34292879586449154
734045,1,0,2,0,0.3758145906828431
734045,1,0,3,1,0.3938488080906707
734045,1,0,4,0,0.4602282905161428
734045,1,0,5,0,0.43792108377104433
734045,1,0,6,0,0.45949297480388923
734045,1,1,1,0,0.4525308533705715
734045,1,1,2,0,0.4881511531128101
734045,1,1,3,0,0.48756148271071864
734045,1,1,4,1,0.48647024865685395
734045,1,1,5,0,0.4975858702072483
734045,1,1,6,0,0.48628602533951665
734045,1,2,1,0,0.5190878099045545
734045,1,2,2,0,0.5457346582819104
734045,1,2,3,0,0.5423809985898028
734045,1,2,4,0,0.5448509898803643
734045,1,2,5,0,0.5350637168710821
734045,1,2,6,0,0.5115990693400252
734045,1,3,1,0,0.5337666435806119
734045,1,3,2,0,0.5638169988704329
734045,1,3,3,1,0.5585545807436305
734045,1,3,4,0,0.5565925666499939
734045,1,3,5,0,0.5246458156249383
734045,1,3,6,0,0.5246355576704819
734045,1,4,1,1,0.5206506544590599
734045,1,4,2,1,0.551039817989514
734045,1,4,3,0,0.5606554352374578
734045,1,4,4,0,0.5762705207465938
734045,1,4,5,0,0.5393899851249258
734045,1,4,6,0,0.5176374469950858
734045,1,5,1,1,0.5250350315577206
734045,1,5,2,0,0.5543179916196347
734045,1,5,3,1,0.536775701611716
734045,1,5,4,1,0.5816632492887467
734045,1,5,5,1,0.5157067894326071
734045,1,5,6,0,0.5158472392310883
734045,2,0,1,0,0.34292879586449154
734045,2,0,2,1,0.3758145906828431
734045,2,0,3,0,0.3938488080906707
734045,2,0,4,0,0.4602282905161428
734045,2,0,5,0,0.43792108377104433
734045,2,0,6,0,0.45949297480388923
734045,2,1,1,1,0.4525308533705715
734045,2,1,2,0,0.4881511531128101
734045,2,1,3,0,0.48756148271071864
734045,2,1,4,0,0.48647024865685395
734045,2,1,5,1,0.4975858702072483
734045,2,1,6,0,0.48628602533951665
734045,2,2,1,0,0.5190878099045545
734045,2,2,2,0,0.5457346582819104
734045,2,2,3,0,0.5423809985898028
734045,2,2,4,0,0.5448509898803643
734045,2,2,5,0,0.5350637168710821
734045,2,2,6,0,0.5115990693400252
734045,2,3,1,0,0.5337666435806119
734045,2,3,2,0,0.5638169988704329
734045,2,3,3,1,0.5585545807436305
734045,2,3,4,0,0.5565925666499939
734045,2,3,5,1,0.5246458156249383
734045,2,3,6,1,0.5246355576704819
734045,2,4,1,0,0.5206506544590599
734045,2,4,2,0,0.551039817989514
734045,2,4,3,0,0.5606554352374578
734045,2,4,4,0,0.5762705207465938
734045,2,4,5,0,0.5393899851249258
734045,2,4,6,0,0.5176374469950858
734045,2,5,1,0,0.5250350315577206
734045,2,5,2,1,0.5543179916196347
734045,2,5,3,1,0.536775701611716
734045,2,5,4,1,0.5816632492887467
734045,2,5,5,0,0.5157067894326071
734045,2,5,6,1,0.5158472392310883
829707,1,0,1,0,0.34292879586449154
829707,1,0,2,1,0.3758145906828431
829707,1,0,3,0,0.3938488080906707
829707,1,0,4,1,0.4602282905161428
829707,1,0,5,1,0.43792108377104433
829707,1,0,6,0,0.45949297480388923
829707,1,1,1,1,0.4525308533705715
829707,1,1,2,0,9.924247765745456e-05
829707,1,1,3,0,0.48756148271071864
829707,1,1,4,0,0.48647024865685395
829707,1,1,5,0,0.4975858702072483
829707,1,1,6,0,0.48628602533951665
829707,1,1,7,0,0.5312862305625888
829707,1,2,1,0,0.5190878099045545
829707,1,2,2,0,0.5457346582819104
829707,1,2,3,0,0.5423809985898028
829707,1,2,4,1,0.5448509898803643
829707,1,2,5,0,0.5350637168710821
829707,1,2,6,0,0.5115990693400252
829707,1,3,1,0,0.5337666435806119
829707,1,3,2,0,0.5638169988704329
829707,1,3,3,0,0.5585545807436305
829707,1,3,4,0,0.5565925666499939
829707,1,3,5,0,0.5246458156249383
829707,1,3,6,0,8.912938714004702e-05
829707,1,4,1,0,0.5206506544590599
829707,1,4,2,0,0.551039817989514
829707,1,4,3,0,0.5606554352374578
829707,1,4,4,1,0.5762705207465938
829707,1,4,5,0,0.5393899851249258
829707,1,4,6,1,0.5176374469950858
829707,1,5,1,0,0.5250350315577206
829707,1,5,2,1,0.5543179916196347
829707,1,5,3,0,0.536775701611716
829707,1,5,4,0,0.5816632492887467
829707,1,5,5,0,0.5157067894326071
829707,1,5,6,0,0.5158472392310883
829707,1,5,7,0,0.5010579670010621
829707,2,0,1,0,0.34292879586449154
829707,2,0,2,0,0.3758145906828431
829707,2,0,3,0,0.3938488080906707
829707,2,0,4,1,0.4602282905161428
829707,2,0,5,0,0.43792108377104433
829707,2,0,6,0,0.45949297480388923
829707,2,1,1,0,0.4525308533705715
829707,2,1,2,0,0.4881511531128101
829707,2,1,3,0,0.48756148271071864
829707,2,1,4,0,0.48647024865685395
829707,2,1,5,1,0.4975858702072483
829707,2,1,6,0,0.48628602533951665
829707,2,2,1,0,0.5190878099045545
829707,2,2,2,0,0.5457346582819104
829707,2,2,3,0,6.163767430463305e-05
829707,2,2,4,0,0.5448509898803643
829707,2,2,5,1,0.5350637168710821
829707,2,2,6,0,8.629539099572611e-05
829707,2,3,1,0,0.5337666435806119
829707,2,3,2,0,0.5638169988704329
829707,2,3,3,1,0.5585545807436305
829707,2,3,4,0,0.5565925666499939
829707,2,3,5,0,0.5246458156249383
829707,2,3,6,0,0.5246355576704819
829707,2,3,7,1,0.5656720274535049
829707,2,4,1,1,0.5206506544590599
829707,2,4,2,0,0.551039817989514
829707,2,4,3,0,0.5606554352374578
829707,2,4,4,0,0.5762705207465938
829707,2,4,5,0,0.5393899851249258
829707,2,4,6,0,9.72386209166237e-05
829707,2,5,1,0,0.5250350315577206
829707,2,5,2,0,0.5543179916196347
829707,2,5,3,0,0.536775701611716
829707,2,5,4,0,0.5816632492887467
829707,2,5,5,0,0.5157067894326071
829707,2,5,6,0,0.5158472392310883
829715,1,0,1,0,0.34292879586449154
829715,1,0,2,0,0.3758145906828431
829715,1,0,3,0,0.3938488080906707
829715,1,0,4,0,0.4602282905161428
829715,1,0,5,0,0.43792108377104433
829715,1,0,6,1,0.45949297480388923
829715,1,0,7,0,0.4455858771989033
829715,1,1,1,0,0.4525308533705715
829715,1,1,2,1,0.4881511531128101
829715,1,1,3,0,0.48756148271071864
829715,1,1,4,0,0.48647024865685395
829715,1,1,5,0,0.4975858702072483
829715,1,1,6,0,0.48628602533951665
829715,1,2,1,1,0.5190878099045545
829715,1,2,2,0,0.5457346582819104
829715,1,2,3,0,0.5423809985898028
829715,1,2,4,1,0.5448509898803643
829715,1,2,5,0,0.5350637168710821
829715,1,2,6,0,0.5115990693400252
829715,1,3,1,0,0.5337666435806119
829715,1,3,2,1,0.5638169988704329
829715,1,3,3,1,0.5585545807436305
829715,1,3,4,1,0.5565925666499939
829715,1,3,5,0,0.5246458156249383
829715,1,3,6,1,0.5246355576704819
829715,1,4,1,0,0.5206506544590599
829715,1,4,2,0,0.551039817989514
829715,1,4,3,0,0.5606554352374578
829715,1,4,4,0,7.530897549982799e-05
829715,1,4,5,0,0.5393899851249258
829715,1,4,6,0,0.5176374469950858
829715,1,5,1,0,0.5250350315577206
829715,1,5,2,0,0.5543179916196347
829715,1,5,3,0,0.536775701611716
829715,1,5,4,0,0.5816632492887467
829715,1,5,5,0,0.5157067894326071
829715,1,5,6,0,0.5158472392310883
829715,2,0,1,0,0.34292879586449154
829715,2,0,2,0,0.3758145906828431
829715,2,0,3,0,0.3938488080906707
829715,2,0,4,0,0.4602282905161428
829715,2,0,5,0,0.43792108377104433
829715,2,0,6,0,0.45949297480388923
829715,2,1,1,1,0.4525308533705715
829715,2,1,2,0,0.4881511531128101
829715,2,1,3,0,0.48756148271071864
829715,2,1,4,0,0.48647024865685395
829715,2,1,5,0,0.4975858702072483
829715,2,1,6,0,0.48628602533951665
829715,2,2,1,1,0.5190878099045545
829715,2,2,2,1,0.5457346582819104
829715,2,2,3,0,0.5423809985898028
829715,2,2,4,0,0.5448509898803643
829715,2,2,5,0,0.5350637168710821
829715,2,2,6,0,0.5115990693400252
829715,2,3,1,0,0.5337666435806119
829715,2,3,2,1,0.5638169988704329
829715,2,3,3,0,0.5585545807436305
829715,2,3,4,1,0.5565925666499939
829715,2,3,5,0,0.5246458156249383
829715,2,3,6,0,0.5246355576704819
829715,2,4,1,0,0.5206506544590599
829715,2,4,2,0,0.551039817989514
829715,2,4,3,0,0.5606554352374578
829715,2,4,4,0,0.5762705207465938
829715,2,4,5,0,0.5393899851249258
829715,2,4,6,0,9.72386209166237e-05
829715,2,5,1,0,0.5250350315577206
829715,2,5,2,0,0.5543179916196347
829715,2,5,3,0,0.536775701611716
829715,2,5,4,0,0.5816632492887467
829715,2,5,5,0,0.5157067894326071
829715,2,5,6,1,0.5158472392310883
829721,1,0,1,0,0.34292879586449154
829721,1,0,2,0,0.3758145906828431
829721,1,0,3,0,0.3938488080906707
829721,1,0,4,1,0.4602282905161428
829721,1,0,5,0,0.43792108377104433
829721,1,0,6,0,0.45949297480388923
829721,1,1,1,1,0.4525308533705715
829721,1,1,2,0,0.4881511531128101
829721,1,1,3,0,0.48756148271071864
829721,1,1,4,0,0.48647024865685395
829721,1,1,5,0,0.4975858702072483
829721,1,1,6,1,0.48628602533951665
829721,1,2,1,1,0.5190878099045545
829721,1,2,2,0,0.5457346582819104
829721,1,2,3,0,0.5423809985898028
829721,1,2,4,0,0.5448509898803643
829721,1,2,5,0,0.5350637168710821
829721,1,2,6,0,0.5115990693400252
829721,1,3,1,0,0.5337666435806119
829721,1,3,2,0,0.5638169988704329
829721,1,3,3,0,6.085998866754581e-05
829721,1,3,4,0,0.5565925666499939
829721,1,3,5,0,0.5246458156249383
829721,1,3,6,0,0.5246355576704819
829721,1,4,1,0,0.5206506544590599
829721,1,4,2,0,0.551039817989514
829721,1,4,3,0,0.5606554352374578
829721,1,4,4,0,7.530897549982799e-05
829721,1,4,5,0,0.5393899851249258
829721,1,4,6,0,0.5176374469950858
829721,1,5,1,0,0.5250350315577206
829721,1,5,2,0,0.5543179916196347
829721,1,5,3,0,0.536775701611716
829721,1,5,4,0,0.5816632492887467
829721,1,5,5,1,0.5157067894326071
829721,1,5,6,0,0.5158472392310883
829721,2,0,1,0,0.34292879586449154
829721,2,0,2,0,0.3758145906828431
829721,2,0,3,0,0.3938488080906707
829721,2,0,4,0,0.4602282905161428
829721,2,0,5,0,0.43792108377104433
829721,2,0,6,0,0.45949297480388923
829721,2,1,1,0,0.4525308533705715
829721,2,1,2,1,0.4881511531128101
829721,2,1,3,0,0.48756148271071864
829721,2,1,4,1,0.48647024865685395
829721,2,1,5,0,0.4975858702072483
829721,2,1,6,0,0.48628602533951665
829721,2,1,7,0,0.5312862305625888
829721,2,2,1,0,0.5190878099045545
829721,2,2,2,0,0.5457346582819104
829721,2,2,3,0,0.5423809985898028
829721,2,2,4,0,0.5448509898803643
829721,2,2,5,0,0.5350637168710821
829721,2,2,6,0,0.5115990693400252
829721,2,3,1,0,0.5337666435806119
829721,2,3,2,0,0.5638169988704329
829721,2,3,3,0,0.5585545807436305
829721,2,3,4,0,0.5565925666499939
829721,2,3,5,1,0.5246458156249383
829721,2,3,6,0,0.5246355576704819
829721,2,4,1,0,0.5206506544590599
829721,2,4,2,1,0.551039817989514
829721,2,4,3,0,7.01966065263333e-05
829721,2,4,4,0,0.5762705207465938
829721,2,4,5,1,0.5393899851249258
829721,2,4,6,0,0.5176374469950858
829721,2,5,1,0,0.5250350315577206
829721,2,5,2,0,0.5543179916196347
829721,2,5,3,0,0.536775701611716
829721,2,5,4,1,0.5816632492887467
829721,2,5,5,0,0.5157067894326071
829721,2,5,6,0,0.5158472392310883
829733,1,0,1,0,0.34292879586449154
829733,1,0,2,0,0.3758145906828431
829733,1,0,3,0,0.3938488080906707
829733,1,0,4,0,0.0001682578208106649
829733,1,0,5,0,0.43792108377104433
829733,1,0,6,0,0.45949297480388923
829733,1,1,1,0,0.4525308533705715
829733,1,1,2,0,0.4881511531128101
829733,1,1,3,0,0.48756148271071864
829733,1,1,4,0,0.48647024865685395
829733,1,1,5,0,0.4975858702072483
829733,1,1,6,0,0.48628602533951665
829733,1,2,1,0,0.5190878099045545
829733,1,2,2,0,0.5457346582819104
829733,1,2,3,1,0.5423809985898028
829733,1,2,4,0,0.5448509898803643
829733,1,2,5,1,0.5350637168710821
829733,1,2,6,0,0.5115990693400252
829733,1,3,1,0,0.5337666435806119
829733,1,3,2,0,0.5638169988704329
829733,1,3,3,1,0.5585545807436305
829733,1,3,4,0,0.5565925666499939
829733,1,3,5,0,6.745302613039633e-05
829733,1,3,6,0,0.5246355576704819
829733,1,4,1,1,0.5206506544590599
829733,1,4,2,0,7.766533673193968e-05
829733,1,4,3,1,0.5606554352374578
829733,1,4,4,1,0.5762705207465938
829733,1,4,5,0,0.5393899851249258
829733,1,4,6,0,0.5176374469950858
829733,1,5,1,1,0.5250350315577206
829733,1,5,2,1,0.5543179916196347
829733,1,5,3,0,0.536775701611716
829733,1,5,4,0,0.5816632492887467
829733,1,5,5,0,0.5157067894326071
829733,1,5,6,0,0.5158472392310883
829733,2,0,1,0,0.34292879586449154
829733,2,0,2,0,0.3758145906828431
829733,2,0,3,0,0.3938488080906707
829733,2,0,4,0,0.4602282905161428
829733,2,0,5,0,0.43792108377104433
829733,2,0,6,1,0.45949297480388923
829733,2,1,1,0,0.4525308533705715
829733,2,1,2,0,0.4881511531128101
829733,2,1,3,1,0.48756148271071864
829733,2,1,4,0,0.48647024865685395
829733,2,1,5,0,0.4975858702072483
829733,2,1,6,0,0.48628602533951665
829733,2,2,1,0,0.5190878099045545
829733,2,2,2,0,6.71210527059499e-05
829733,2,2,3,0,0.5423809985898028
829733,2,2,4,0,0.5448509898803643
829733,2,2,5,0,0.5350637168710821
829733,2,2,6,0,0.5115990693400252
829733,2,3,1,0,0.5337666435806119
829733,2,3,2,0,0.5638169988704329
829733,2,3,3,0,0.5585545807436305
829733,2,3,4,1,0.5565925666499939
829733,2,3,5,0,0.5246458156249383
829733,2,3,6,0,0.5246355576704819
829733,2,4,1,1,0.5206506544590599
829733,2,4,2,1,0.551039817989514
829733,2,4,3,0,7.01966065263333e-05
829733,2,4,4,0,0.5762705207465938
829733,2,4,5,0,0.5393899851249258
829733,2,4,6,1,0.5176374469950858
829733,2,5,1,0,0.5250350315577206
829733,2,5,2,0,0.5543179916196347
829733,2,5,3,1,0.536775701611716
829733,2,5,4,0,0.5816632492887467
829733,2,5,5,0,0.5157067894326071
829733,2,5,6,1,0.5158472392310883
829737,1,0,1,0,0.34292879586449154
829737,1,0,2,0,0.3758145906828431
829737,1,0,3,0,0.3938488080906707
829737,1,0,4,0,0.4602282905161428
829737,1,0,5,0,0.43792108377104433
829737,1,0,6,0,0.45949297480388923
829737,1,1,1,0,0.4525308533705715
829737,1,1,2,0,0.4881511531128101
829737,1,1,3,0,0.48756148271071864
829737,1,1,4,0,0.48647024865685395
829737,1,1,5,0,0.4975858702072483
829737,1,1,6,0,0.48628602533951665
829737,1,1,7,1,0.5312862305625888
829737,1,1,8,0,0.546464200793984
829737,1,2,1,1,0.5190878099045545
829737,1,2,2,1,0.5457346582819104
829737,1,2,3,0,0.5423809985898028
829737,1,2,4,0,0.5448509898803643
829737,1,2,5,0,0.5350637168710821
829737,1,2,6,0,0.5115990693400252
829737,1,3,1,0,0.5337666435806119
829737,1,3,2,0,0.5638169988704329
829737,1,3,3,0,0.5585545807436305
829737,1,3,4,1,0.5565925666499939
829737,1,3,5,1,0.5246458156249383
829737,1,3,6,0,0.5246355576704819
829737,1,3,7,1,0.5656720274535049
829737,1,4,1,0,0.5206506544590599
829737,1,4,2,0,0.551039817989514
829737,1,4,3,0,0.5606554352374578
829737,1,4,4,0,0.5762705207465938
829737,1,4,5,1,0.5393899851249258
829737,1,4,6,1,0.5176374469950858
829737,1,5,1,0,0.5250350315577206
829737,1,5,2,0,0.5543179916196347
829737,1,5,3,0,0.536775701611716
829737,1,5,4,0,0.5816632492887467
829737,1,5,5,0,7.613948438054935e-05
829737,1,5,6,0,0.5158472392310883
829737,2,0,1,0,0.34292879586449154
829737,2,0,2,0,0.3758145906828431
829737,2,0,3,0,0.3938488080906707
829737,2,0,4,0,0.4602282905161428
829737,2,0,5,0,0.43792108377104433
829737,2,0,6,0,0.45949297480388923
829737,2,0,7,0,0.4455858771989033
829737,2,0,8,0,0.3455787779741998
829737,2,0,9,0,0.3895811776970382
829737,2,1,1,0,0.4525308533705715
829737,2,1,2,0,0.4881511531128101
829737,2,1,3,0,0.48756148271071864
829737,2,1,4,0,0.48647024865685395
829737,2,1,5,0,0.4975858702072483
829737,2,1,6,0,0.48628602533951665
829737,2,2,1,1,0.5190878099045545
829737,2,2,2,0,0.5457346582819104
829737,2,2,3,1,0.5423809985898028
829737,2,2,4,0,0.5448509898803643
829737,2,2,5,0,0.5350637168710821
829737,2,2,6,0,0.5115990693400252
829737,2,3,1,0,0.5337666435806119
829737,2,3,2,0,0.5638169988704329
829737,2,3,3,0,0.5585545807436305
829737,2,3,4,0,0.5565925666499939
829737,2,3,5,0,0.5246458156249383
829737,2,3,6,0,0.5246355576704819
829737,2,4,1,1,0.5206506544590599
829737,2,4,2,0,0.551039817989514
829737,2,4,3,0,0.5606554352374578
829737,2,4,4,1,0.5762705207465938
829737,2,4,5,0,0.5393899851249258
829737,2,4,6,0,9.72386209166237e-05
829737,2,5,1,0,0.5250350315577206
829737,2,5,2,0,0.5543179916196347
829737,2,5,3,0,0.536775701611716
829737,2,5,4,0,0.5816632492887467
829737,2,5,5,0,0.5157067894326071
829737,2,5,6,0,0.5158472392310883
829737,2,5,7,0,0.5010579670010621
829737,2,5,8,0,0.26535124916327246
829737,2,5,9,0,0.6592880433142951
829737,2,5,10,0,0.22298576810235435
829759,1,0,1,0,0.34292879586449154
829759,1,0,2,0,0.3758145906828431
829759,1,0,3,0,0.3938488080906707
829759,1,0,4,0,0.4602282905161428
829759,1,0,5,0,0.43792108377104433
829759,1,0,6,0,0.45949297480388923
829759,1,1,1,0,0.4525308533705715
829759,1,1,2,1,0.4881511531128101
829759,1,1,3,1,0.48756148271071864
829759,1,1,4,0,0.48647024865685395
829759,1,1,5,0,8.911846280782056e-05
829759,1,1,6,0,0.48628602533951665
829759,1,2,1,0,0.5190878099045545
829759,1,2,2,0,0.5457346582819104
829759,1,2,3,0,0.5423809985898028
829759,1,2,4,1,0.5448509898803643
829759,1,2,5,0,0.5350637168710821
829759,1,2,6,0,0.5115990693400252
829759,1,3,1,1,0.5337666435806119
829759,1,3,2,1,0.5638169988704329
829759,1,3,3,1,0.5585545807436305
829759,1,3,4,0,0.5565925666499939
829759,1,3,5,0,0.5246458156249383
829759,1,3,6,0,0.5246355576704819
829759,1,4,1,1,0.5206506544590599
829759,1,4,2,0,0.551039817989514
829759,1,4,3,1,0.5606554352374578
829759,1,4,4,1,0.5762705207465938
829759,1,4,5,0,0.5393899851249258
829759,1,4,6,1,0.5176374469950858
829759,1,5,1,1,0.5250350315577206
829759,1,5,2,0,0.5543179916196347
829759,1,5,3,0,0.536775701611716
829759,1,5,4,0,0.5816632492887467
829759,1,5,5,1,0.5157067894326071
829759,1,5,6,0,0.00010310924426488355
829759,2,0,1,0,0.34292879586449154
829759,2,0,2,0,0.3758145906828431
829759,2,0,3,0,0.3938488080906707
829759,2,0,4,0,0.4602282905161428
829759,2,0,5,0,0.43792108377104433
829759,2,0,6,0,0.45949297480388923
829759,2,1,1,1,0.4525308533705715
829759,2,1,2,0,0.4881511531128101
829759,2,1,3,0,0.48756148271071864
829759,2,1,4,0,0.48647024865685395
829759,2,1,5,0,0.4975858702072483
829759,2,1,6,0,0.48628602533951665
829759,2,1,7,0,0.5312862305625888
829759,2,2,1,0,0.5190878099045545
829759,2,2,2,0,6.71210527059499e-05
829759,2,2,3,0,0.5423809985898028
829759,2,2,4,0,0.5448509898803643
829759,2,2,5,0,0.5350637168710821
829759,2,2,6,0,0.5115990693400252
829759,2,2,7,0,0.5434680194742225
829759,2,2,8,0,0.6242857061636626
829759,2,3,1,0,0.00015952827975369624
829759,2,3,2,0,0.5638169988704329
829759,2,3,3,0,0.5585545807436305
829759,2,3,4,0,0.5565925666499939
829759,2,3,5,0,0.5246458156249383
829759,2,3,6,0,0.5246355576704819
829759,2,4,1,0,0.5206506544590599
829759,2,4,2,0,0.551039817989514
829759,2,4,3,0,0.5606554352374578
829759,2,4,4,0,0.5762705207465938
829759,2,4,5,0,0.5393899851249258
829759,2,4,6,0,0.5176374469950858
829759,2,5,1,1,0.5250350315577206
829759,2,5,2,0,0.5543179916196347
829759,2,5,3,0,0.536775701611716
829759,2,5,4,0,0.5816632492887467
829759,2,5,5,1,0.5157067894326071
829759,2,5,6,0,0.5158472392310883
829759,2,5,7,1,0.5010579670010621
829759,2,5,8,0,0.26535124916327246
829767,1,0,1,0,0.34292879586449154
829767,1,0,2,0,0.00018585311536224735
829767,1,0,3,1,0.3938488080906707
829767,1,0,4,0,0.4602282905161428
829767,1,0,5,0,0.43792108377104433
829767,1,0,6,0,0.45949297480388923
829767,1,1,1,0,0.00020676315770243133
829767,1,1,2,0,0.4881511531128101
829767,1,1,3,0,0.48756148271071864
829767,1,1,4,0,0.48647024865685395
829767,1,1,5,0,0.4975858702072483
829767,1,1,6,0,0.48628602533951665
829767,1,2,1,0,0.5190878099045545
829767,1,2,2,0,0.5457346582819104
829767,1,2,3,0,0.5423809985898028
829767,1,2,4,0,0.5448509898803643
829767,1,2,5,0,0.5350637168710821
829767,1,2,6,0,8.629539099572611e-05
829767,1,3,1,0,0.5337666435806119
829767,1,3,2,0,0.5638169988704329
829767,1,3,3,0,6.085998866754581e-05
829767,1,3,4,0,0.5565925666499939
829767,1,3,5,0,0.5246458156249383
829767,1,3,6,0,0.5246355576704819
829767,1,4,1,1,0.5206506544590599
829767,1,4,2,0,0.551039817989514
829767,1,4,3,0,0.5606554352374578
829767,1,4,4,0,0.5762705207465938
829767,1,4,5,0,0.5393899851249258
829767,1,4,6,0,0.5176374469950858
829767,1,5,1,0,0.5250350315577206
829767,1,5,2,1,0.5543179916196347
829767,1,5,3,0,0.536775701611716
829767,1,5,4,0,0.5816632492887467
829767,1,5,5,0,0.5157067894326071
829767,1,5,6,0,0.5158472392310883
829767,1,5,7,1,0.5010579670010621
829767,2,0,1,0,0.34292879586449154
829767,2,0,2,0,0.3758145906828431
829767,2,0,3,0,0.3938488080906707
829767,2,0,4,0,0.4602282905161428
829767,2,0,5,0,0.43792108377104433
829767,2,0,6,0,0.45949297480388923
829767,2,1,1,0,0.4525308533705715
829767,2,1,2,0,0.4881511531128101
829767,2,1,3,1,0.48756148271071864
829767,2,1,4,1,0.48647024865685395
829767,2,1,5,0,0.4975858702072483
829767,2,1,6,1,0.48628602533951665
829767,2,1,7,0,0.5312862305625888
829767,2,2,1,0,0.5190878099045545
829767,2,2,2,0,0.5457346582819104
829767,2,2,3,0,0.5423809985898028
829767,2,2,4,0,0.5448509898803643
829767,2,2,5,0,0.5350637168710821
829767,2,2,6,0,0.5115990693400252
829767,2,3,1,0,0.5337666435806119
829767,2,3,2,0,0.5638169988704329
829767,2,3,3,0,0.5585545807436305
829767,2,3,4,0,0.5565925666499939
829767,2,3,5,0,0.5246458156249383
829767,2,3,6,0,0.5246355576704819
829767,2,3,7,0,0.5656720274535049
829767,2,4,1,0,0.5206506544590599
829767,2,4,2,1,0.551039817989514
829767,2,4,3,0,0.5606554352374578
829767,2,4,4,0,0.5762705207465938
829767,2,4,5,0,0.5393899851249258
829767,2,4,6,0,0.5176374469950858
829767,2,5,1,1,0.5250350315577206
829767,2,5,2,0,0.5543179916196347
829767,2,5,3,0,0.536775701611716
829767,2,5,4,0,0.5816632492887467
829767,2,5,5,0,0.5157067894326071
829767,2,5,6,0,0.5158472392310883
829775,1,0,1,0,0.34292879586449154
829775,1,0,2,1,0.3758145906828431
829775,1,0,3,1,0.3938488080906707
829775,1,0,4,0,0.4602282905161428
829775,1,0,5,0,0.43792108377104433
829775,1,0,6,0,0.45949297480388923
829775,1,1,1,0,0.4525308533705715
829775,1,1,2,0,0.4881511531128101
829775,1,1,3,1,0.48756148271071864
829775,1,1,4,0,0.48647024865685395
829775,1,1,5,0,0.4975858702072483
829775,1,1,6,0,0.48628602533951665
829775,1,2,1,0,0.5190878099045545
829775,1,2,2,0,0.5457346582819104
829775,1,2,3,0,0.5423809985898028
829775,1,2,4,1,0.5448509898803643
829775,1,2,5,0,0.5350637168710821
829775,1,2,6,0,0.5115990693400252
829775,1,3,1,0,0.5337666435806119
829775,1,3,2,1,0.5638169988704329
829775,1,3,3,0,0.5585545807436305
829775,1,3,4,0,0.5565925666499939
829775,1,3,5,0,0.5246458156249383
829775,1,3,6,0,0.5246355576704819
829775,1,4,1,0,0.5206506544590599
829775,1,4,2,1,0.551039817989514
829775,1,4,3,1,0.5606554352374578
829775,1,4,4,0,0.5762705207465938
829775,1,4,5,1,0.5393899851249258
829775,1,4,6,0,0.5176374469950858
829775,1,5,1,0,0.5250350315577206
829775,1,5,2,0,0.5543179916196347
829775,1,5,3,0,0.536775701611716
829775,1,5,4,0,0.5816632492887467
829775,1,5,5,0,0.5157067894326071
829775,1,5,6,0,0.5158472392310883
829775,2,0,1,0,0.34292879586449154
829775,2,0,2,0,0.3758145906828431
829775,2,0,3,0,0.3938488080906707
829775,2,0,4,0,0.4602282905161428
829775,2,0,5,0,0.43792108377104433
829775,2,0,6,0,0.45949297480388923
829775,2,0,7,0,0.4455858771989033
829775,2,1,1,0,0.00020676315770243133
829775,2,1,2,0,0.4881511531128101
829775,2,1,3,0,0.48756148271071864
829775,2,1,4,0,0.48647024865685395
829775,2,1,5,1,0.4975858702072483
829775,2,1,6,0,0.48628602533951665
829775,2,2,1,0,0.5190878099045545
829775,2,2,2,0,0.5457346582819104
829775,2,2,3,0,0.5423809985898028
829775,2,2,4,1,0.5448509898803643
829775,2,2,5,1,0.5350637168710821
829775,2,2,6,0,0.5115990693400252
829775,2,3,1,0,0.5337666435806119
829775,2,3,2,0,0.5638169988704329
829775,2,3,3,0,0.5585545807436305
829775,2,3,4,0,0.5565925666499939
829775,2,3,5,0,0.5246458156249383
829775,2,3,6,1,0.5246355576704819
829775,2,4,1,0,0.5206506544590599
829775,2,4,2,1,0.551039817989514
829775,2,4,3,0,7.01966065263333e-05
829775,2,4,4,0,0.5762705207465938
829775,2,4,5,0,0.5393899851249258
829775,2,4,6,0,0.5176374469950858
829775,2,5,1,0,0.5250350315577206
829775,2,5,2,0,0.5543179916196347
829775,2,5,3,0,0.536775701611716
829775,2,5,4,0,0.5816632492887467
829775,2,5,5,0,0.5157067894326071
829775,2,5,6,0,0.5158472392310883
829795,1,0,1,0,0.34292879586449154
829795,1,0,2,0,0.3758145906828431
829795,1,0,3,0,0.3938488080906707
829795,1,0,4,1,0.4602282905161428
829795,1,0,5,0,0.43792108377104433
829795,1,0,6,0,0.45949297480388923
829795,1,0,7,0,0.4455858771989033
829795,1,1,1,0,0.4525308533705715
829795,1,1,2,0,0.4881511531128101
829795,1,1,3,0,0.48756148271071864
829795,1,1,4,0,0.48647024865685395
829795,1,1,5,0,0.4975858702072483
829795,1,1,6,1,0.48628602533951665
829795,1,2,1,0,0.5190878099045545
829795,1,2,2,1,0.5457346582819104
829795,1,2,3,0,0.5423809985898028
829795,1,2,4,0,0.5448509898803643
829795,1,2,5,0,0.5350637168710821
829795,1,2,6,0,0.5115990693400252
829795,1,3,1,0,0.00015952827975369624
829795,1,3,2,0,0.5638169988704329
829795,1,3,3,0,0.5585545807436305
829795,1,3,4,0,0.5565925666499939
829795,1,3,5,0,0.5246458156249383
829795,1,3,6,0,0.5246355576704819
829795,1,4,1,0,0.5206506544590599
829795,1,4,2,0,0.551039817989514
829795,1,4,3,0,0.5606554352374578
829795,1,4,4,0,0.5762705207465938
829795,1,4,5,1,0.5393899851249258
829795,1,4,6,0,0.5176374469950858
829795,1,4,7,0,0.5314435327996707
829795,1,5,1,0,0.5250350315577206
829795,1,5,2,0,0.5543179916196347
829795,1,5,3,0,0.536775701611716
829795,1,5,4,1,0.5816632492887467
829795,1,5,5,1,0.5157067894326071
829795,1,5,6,0,0.5158472392310883
829795,2,0,1,0,0.34292879586449154
829795,2,0,2,0,0.3758145906828431
829795,2,0,3,0,0.3938488080906707
829795,2,0,4,0,0.4602282905161428
829795,2,0,5,1,0.43792108377104433
829795,2,0,6,0,0.45949297480388923
829795,2,0,7,0,0.4455858771989033
829795,2,1,1,0,0.4525308533705715
829795,2,1,2,0,0.4881511531128101
829795,2,1,3,0,0.48756148271071864
829795,2,1,4,0,0.48647024865685395
829795,2,1,5,0,0.4975858702072483
829795,2,1,6,0,0.48628602533951665
829795,2,2,1,0,0.5190878099045545
829795,2,2,2,1,0.5457346582819104
829795,2,2,3,0,0.5423809985898028
829795,2,2,4,1,0.5448509898803643
829795,2,2,5,0,0.5350637168710821
829795,2,2,6,1,0.5115990693400252
829795,2,3,1,0,0.5337666435806119
829795,2,3,2,0,0.5638169988704329
829795,2,3,3,0,0.5585545807436305
829795,2,3,4,0,0.5565925666499939
829795,2,3,5,0,0.5246458156249383
829795,2,3,6,0,8.912938714004702e-05
829795,2,4,1,0,0.5206506544590599
829795,2,4,2,0,0.551039817989514
829795,2,4,3,0,0.5606554352374578
829795,2,4,4,0,0.5762705207465938
829795,2,4,5,0,0.5393899851249258
829795,2,4,6,0,0.5176374469950858
829795,2,4,7,1,0.5314435327996707
829795,2,5,1,0,0.5250350315577206
829795,2,5,2,0,0.5543179916196347
829795,2,5,3,1,0.536775701611716
829795,2,5,4,0,0.5816632492887467
829795,2,5,5,0,0.5157067894326071
829795,2,5,6,0,0.5158472392310883
829807,1,0,1,0,0.34292879586449154
829807,1,0,2,0,0.3758145906828431
829807,1,0,3,0,0.3938488080906707
829807,1,0,4,0,0.4602282905161428
829807,1,0,5,0,0.43792108377104433
829807,1,0,6,0,0.45949297480388923
829807,1,1,1,0,0.4525308533705715
829807,1,1,2,0,0.4881511531128101
829807,1,1,3,0,0.48756148271071864
829807,1,1,4,0,0.48647024865685395
829807,1,1,5,0,0.4975858702072483
829807,1,1,6,1,0.48628602533951665
829807,1,2,1,1,0.5190878099045545
829807,1,2,2,0,6.71210527059499e-05
829807,1,2,3,0,0.5423809985898028
829807,1,2,4,1,0.5448509898803643
829807,1,2,5,0,0.5350637168710821
829807,1,2,6,0,0.5115990693400252
829807,1,2,7,0,0.5434680194742225
829807,1,3,1,0,0.5337666435806119
829807,1,3,2,0,0.5638169988704329
829807,1,3,3,0,0.5585545807436305
829807,1,3,4,0,0.5565925666499939
829807,1,3,5,0,0.5246458156249383
829807,1,3,6,0,0.5246355576704819
829807,1,4,1,1,0.5206506544590599
829807,1,4,2,0,0.551039817989514
829807,1,4,3,0,0.5606554352374578
829807,1,4,4,0,0.5762705207465938
829807,1,4,5,1,0.5393899851249258
829807,1,4,6,1,0.5176374469950858
829807,1,5,1,0,0.5250350315577206
829807,1,5,2,0,0.5543179916196347
829807,1,5,3,0,0.536775701611716
829807,1,5,4,0,0.5816632492887467
829807,1,5,5,0,0.5157067894326071
829807,1,5,6,1,0.5158472392310883
829807,1,5,7,1,0.5010579670010621
829807,1,5,8,0,0.26535124916327246
829807,2,0,1,1,0.34292879586449154
829807,2,0,2,1,0.3758145906828431
829807,2,0,3,0,0.3938488080906707
829807,2,0,4,1,0.4602282905161428
829807,2,0,5,0,0.43792108377104433
829807,2,0,6,0,0.45949297480388923
829807,2,1,1,1,0.4525308533705715
829807,2,1,2,1,0.4881511531128101
829807,2,1,3,0,0.48756148271071864
829807,2,1,4,1,0.48647024865685395
829807,2,1,5,1,0.4975858702072483
829807,2,1,6,1,0.48628602533951665
829807,2,2,1,0,0.5190878099045545
829807,2,2,2,0,0.5457346582819104
829807,2,2,3,0,0.5423809985898028
829807,2,2,4,0,6.313139414108697e-05
829807,2,2,5,0,7.095521043020302e-05
829807,2,2,6,0,0.5115990693400252
829807,2,2,7,0,0.5434680194742225
829807,2,3,1,0,0.5337666435806119
829807,2,3,2,0,0.5638169988704329
829807,2,3,3,0,0.5585545807436305
829807,2,3,4,0,0.5565925666499939
829807,2,3,5,0,0.5246458156249383
829807,2,3,6,1,0.5246355576704819
829807,2,4,1,0,0.00015180114801475284
829807,2,4,2,0,0.551039817989514
829807,2,4,3,0,0.5606554352374578
829807,2,4,4,1,0.5762705207465938
829807,2,4,5,0,0.5393899851249258
829807,2,4,6,0,0.5176374469950858
829807,2,5,1,0,0.5250350315577206
829807,2,5,2,0,8.238543178915683e-05
829807,2,5,3,1,0.536775701611716
829807,2,5,4,1,0.5816632492887467
829807,2,5,5,1,0.5157067894326071
829809,1,0,1,0,0.34292879586449154
829809,1,0,2,0,0.3758145906828431
829809,1,0,3,0,0.3938488080906707
829809,1,0,4,1,0.4602282905161428
829809,1,0,5,0,0.43792108377104433
829809,1,0,6,0,0.45949297480388923
829809,1,1,1,0,0.4525308533705715
829809,1,1,2,0,0.4881511531128101
829809,1,1,3,0,0.48756148271071864
829809,1,1,4,0,0.48647024865685395
829809,1,1,5,1,0.4975858702072483
829809,1,1,6,0,0.48628602533951665
829809,1,2,1,0,0.5190878099045545
829809,1,2,2,0,6.71210527059499e-05
829809,1,2,3,0,0.5423809985898028
829809,1,2,4,0,0.5448509898803643
829809,1,2,5,1,0.5350637168710821
829809,1,2,6,0,0.5115990693400252
829809,1,3,1,1,0.5337666435806119
829809,1,3,2,0,0.5638169988704329
829809,1,3,3,0,0.5585545807436305
829809,1,3,4,0,0.5565925666499939
829809,1,3,5,0,0.5246458156249383
829809,1,3,6,0,0.5246355576704819
829809,1,4,1,0,0.00015180114801475284
829809,1,4,2,0,0.551039817989514
829809,1,4,3,0,0.5606554352374578
829809,1,4,4,0,0.5762705207465938
829809,1,4,5,1,0.5393899851249258
829809,1,4,6,0,0.5176374469950858
829809,1,5,1,0,0.00016316266614252873
829809,1,5,2,0,0.5543179916196347
829809,1,5,3,0,0.536775701611716
829809,1,5,4,0,0.5816632492887467
829809,1,5,5,0,0.5157067894326071
829809,1,5,6,1,0.5158472392310883
829809,2,0,1,0,0.34292879586449154
829809,2,0,2,0,0.3758145906828431
829809,2,0,3,0,0.3938488080906707
829809,2,0,4,0,0.4602282905161428
829809,2,0,5,0,0.43792108377104433
829809,2,0,6,0,0.00022371304020557016
829809,2,1,1,0,0.4525308533705715
829809,2,1,2,0,0.4881511531128101
829809,2,1,3,0,0.48756148271071864
829809,2,1,4,1,0.48647024865685395
829809,2,1,5,0,8.911846280782056e-05
829809,2,1,6,0,0.48628602533951665
829809,2,2,1,0,0.5190878099045545
829809,2,2,2,0,0.5457346582819104
829809,2,2,3,0,0.5423809985898028
829809,2,2,4,0,0.5448509898803643
829809,2,2,5,1,0.5350637168710821
829809,2,2,6,0,0.5115990693400252
829809,2,3,1,1,0.5337666435806119
829809,2,3,2,0,0.5638169988704329
829809,2,3,3,0,0.5585545807436305
829809,2,3,4,0,0.5565925666499939
829809,2,3,5,0,0.5246458156249383
829809,2,3,6,0,0.5246355576704819
829809,2,3,7,0,0.5656720274535049
829809,2,4,1,0,0.5206506544590599
829809,2,4,2,1,0.551039817989514
829809,2,4,3,0,0.5606554352374578
829809,2,4,4,0,0.5762705207465938
829809,2,4,5,0,0.5393899851249258
829809,2,4,6,1,0.5176374469950858
829809,2,5,1,0,0.5250350315577206
829809,2,5,2,0,0.5543179916196347
829809,2,5,3,1,0.536775701611716
829809,2,5,4,0,0.5816632492887467
829809,2,5,5,0,0.5157067894326071
829809,2,5,6,0,0.5158472392310883
829809,2,5,7,0,0.5010579670010621
829811,1,0,1,0,0.34292879586449154
829811,1,0,2,0,0.3758145906828431
829811,1,0,3,0,0.3938488080906707
829811,1,0,4,1,0.4602282905161428
829811,1,0,5,1,0.43792108377104433
829811,1,0,6,0,0.45949297480388923
829811,1,1,1,0,0.4525308533705715
829811,1,1,2,0,0.4881511531128101
829811,1,1,3,0,0.48756148271071864
829811,1,1,4,0,0.48647024865685395
829811,1,1,5,0,0.4975858702072483
829811,1,1,6,1,0.48628602533951665
829811,1,2,1,1,0.5190878099045545
829811,1,2,2,0,0.5457346582819104
829811,1,2,3,0,0.5423809985898028
829811,1,2,4,0,0.5448509898803643
829811,1,2,5,0,0.5350637168710821
829811,1,2,6,0,0.5115990693400252
829811,1,3,1,1,0.5337666435806119
829811,1,3,2,0,0.5638169988704329
829811,1,3,3,1,0.5585545807436305
829811,1,3,4,0,0.5565925666499939
829811,1,3,5,0,0.5246458156249383
829811,1,3,6,0,0.5246355576704819
829811,1,4,1,0,0.5206506544590599
829811,1,4,2,1,0.551039817989514
829811,1,4,3,0,0.5606554352374578
829811,1,4,4,0,0.5762705207465938
829811,1,4,5,0,0.5393899851249258
829811,1,4,6,0,0.5176374469950858
829811,1,5,1,0,0.5250350315577206
829811,1,5,2,0,0.5543179916196347
829811,1,5,3,0,0.536775701611716
829811,1,5,4,1,0.5816632492887467
829811,1,5,5,1,0.5157067894326071
829811,1,5,6,0,0.5158472392310883
829811,2,0,1,0,0.34292879586449154
829811,2,0,2,0,0.3758145906828431
829811,2,0,3,0,0.3938488080906707
829811,2,0,4,0,0.4602282905161428
829811,2,0,5,1,0.43792108377104433
829811,2,0,6,0,0.45949297480388923
829811,2,0,7,0,0.0005574403188046636
829811,2,1,1,0,0.4525308533705715
829811,2,1,2,0,0.4881511531128101
829811,2,1,3,0,0.48756148271071864
829811,2,1,4,0,0.48647024865685395
829811,2,1,5,0,0.4975858702072483
829811,2,1,6,1,0.48628602533951665
829811,2,2,1,0,0.5190878099045545
829811,2,2,2,1,0.5457346582819104
829811,2,2,3,0,0.5423809985898028
829811,2,2,4,0,0.5448509898803643
829811,2,2,5,0,0.5350637168710821
829811,2,2,6,0,8.629539099572611e-05
829811,2,3,1,0,0.5337666435806119
829811,2,3,2,0,0.5638169988704329
829811,2,3,3,1,0.5585545807436305
829811,2,3,4,1,0.5565925666499939
829811,2,3,5,0,0.5246458156249383
829811,2,3,6,0,0.5246355576704819
829811,2,3,7,0,0.5656720274535049
829811,2,4,1,0,0.5206506544590599
829811,2,4,2,1,0.551039817989514
829811,2,4,3,0,0.5606554352374578
829811,2,4,4,0,0.5762705207465938
829811,2,4,5,0,0.5393899851249258
829811,2,4,6,0,0.5176374469950858
829811,2,4,7,0,0.5314435327996707
829811,2,5,1,0,0.5250350315577206
829811,2,5,2,0,0.5543179916196347
829811,2,5,3,0,0.536775701611716
829811,2,5,4,0,0.5816632492887467
829811,2,5,5,0,0.5157067894326071
829811,2,5,6,0,0.5158472392310883
829811,2,5,7,0,0.5010579670010621
980907,1,0,1,0,0.34292879586449154
980907,1,0,2,0,0.3758145906828431
980907,1,0,3,0,0.3938488080906707
980907,1,0,4,0,0.4602282905161428
980907,1,0,5,0,0.43792108377104433
980907,1,0,6,1,0.45949297480388923
980907,1,1,1,0,0.4525308533705715
980907,1,1,2,0,0.4881511531128101
980907,1,1,3,0,9.24106665955198e-05
980907,1,1,4,0,0.48647024865685395
980907,1,1,5,0,0.4975858702072483
980907,1,1,6,0,0.48628602533951665
980907,1,1,7,0,0.5312862305625888
980907,1,2,1,0,0.5190878099045545
980907,1,2,2,0,0.5457346582819104
980907,1,2,3,0,0.5423809985898028
980907,1,2,4,0,0.5448509898803643
980907,1,2,5,0,0.5350637168710821
980907,1,2,6,0,0.5115990693400252
980907,1,3,1,0,0.5337666435806119
980907,1,3,2,1,0.5638169988704329
980907,1,3,3,1,0.5585545807436305
980907,1,3,4,0,0.5565925666499939
980907,1,3,5,0,0.5246458156249383
980907,1,3,6,1,0.5246355576704819
980907,1,3,7,0,0.5656720274535049
980907,1,4,1,1,0.5206506544590599
980907,1,4,2,0,0.551039817989514
980907,1,4,3,0,0.5606554352374578
980907,1,4,4,1,0.5762705207465938
980907,1,4,5,1,0.5393899851249258
980907,1,4,6,0,0.5176374469950858
980907,1,5,1,0,0.5250350315577206
980907,1,5,2,0,0.5543179916196347
980907,1,5,3,1,0.536775701611716
980907,1,5,4,0,0.5816632492887467
980907,1,5,5,0,0.5157067894326071
980907,1,5,6,0,0.5158472392310883
980907,2,0,1,0,0.34292879586449154
980907,2,0,2,0,0.3758145906828431
980907,2,0,3,0,0.3938488080906707
980907,2,0,4,1,0.4602282905161428
980907,2,0,5,0,0.43792108377104433
980907,2,0,6,0,0.45949297480388923
980907,2,0,7,0,0.4455858771989033
980907,2,1,1,0,0.4525308533705715
980907,2,1,2,0,0.4881511531128101
980907,2,1,3,0,0.48756148271071864
980907,2,1,4,1,0.48647024865685395
980907,2,1,5,0,0.4975858702072483
980907,2,1,6,0,0.48628602533951665
980907,2,2,1,0,0.5190878099045545
980907,2,2,2,0,0.5457346582819104
980907,2,2,3,0,0.5423809985898028
980907,2,2,4,0,0.5448509898803643
980907,2,2,5,1,0.5350637168710821
980907,2,2,6,1,0.5115990693400252
980907,2,3,1,0,0.00015952827975369624
980907,2,3,2,0,0.5638169988704329
980907,2,3,3,0,0.5585545807436305
980907,2,3,4,0,0.5565925666499939
980907,2,3,5,0,0.5246458156249383
980907,2,3,6,0,0.5246355576704819
980907,2,4,1,0,0.5206506544590599
980907,2,4,2,0,0.551039817989514
980907,2,4,3,1,0.5606554352374578
980907,2,4,4,0,0.5762705207465938
980907,2,4,5,1,0.5393899851249258
980907,2,4,6,0,0.5176374469950858
980907,2,5,1,0,0.5250350315577206
980907,2,5,2,0,0.5543179916196347
980907,2,5,3,0,0.536775701611716
980907,2,5,4,1,0.5816632492887467
980907,2,5,5,0,0.5157067894326071
980907,2,5,6,0,0.5158472392310883
980915,1,0,1,0,0.34292879586449154
980915,1,0,2,0,0.3758145906828431
980915,1,0,3,0,0.3938488080906707
980915,1,0,4,0,0.4602282905161428
980915,1,0,5,0,0.43792108377104433
980915,1,0,6,0,0.45949297480388923
980915,1,0,7,0,0.4455858771989033
980915,1,0,8,1,0.3455787779741998
980915,1,0,9,0,0.3895811776970382
980915,1,1,1,0,0.4525308533705715
980915,1,1,2,0,0.4881511531128101
980915,1,1,3,0,0.48756148271071864
980915,1,1,4,0,0.48647024865685395
980915,1,1,5,0,0.4975858702072483
980915,1,1,6,0,0.48628602533951665
980915,1,2,1,1,0.5190878099045545
980915,1,2,2,0,0.5457346582819104
980915,1,2,3,0,0.5423809985898028
980915,1,2,4,0,6.313139414108697e-05
980915,1,2,5,0,0.5350637168710821
980915,1,2,6,0,0.5115990693400252
980915,1,2,7,0,0.5434680194742225
980915,1,3,1,1,0.5337666435806119
980915,1,3,2,0,7.207262176670686e-05
980915,1,3,3,0,0.5585545807436305
980915,1,3,4,0,0.5565925666499939
980915,1,3,5,0,0.5246458156249383
980915,1,3,6,0,0.5246355576704819
980915,1,4,1,0,0.5206506544590599
980915,1,4,2,0,0.551039817989514
980915,1,4,3,0,0.5606554352374578
980915,1,4,4,0,0.5762705207465938
980915,1,4,5,0,0.5393899851249258
980915,1,4,6,0,0.5176374469950858
980915,1,5,1,1,0.5250350315577206
980915,1,5,2,0,0.5543179916196347
980915,1,5,3,0,0.536775701611716
980915,1,5,4,0,0.5816632492887467
980915,1,5,5,0,0.5157067894326071
980915,1,5,6,0,0.00010310924426488355
980915,2,0,1,0,0.34292879586449154
980915,2,0,2,0,0.3758145906828431
980915,2,0,3,1,0.3938488080906707
980915,2,0,4,0,0.4602282905161428
980915,2,0,5,0,0.43792108377104433
980915,2,0,6,0,0.45949297480388923
980915,2,1,1,0,0.4525308533705715
980915,2,1,2,0,0.4881511531128101
980915,2,1,3,0,0.48756148271071864
980915,2,1,4,0,0.48647024865685395
980915,2,1,5,0,0.4975858702072483
980915,2,1,6,1,0.48628602533951665
980915,2,1,7,0,0.5312862305625888
980915,2,2,1,0,0.5190878099045545
980915,2,2,2,0,0.5457346582819104
980915,2,2,3,0,0.5423809985898028
980915,2,2,4,1,0.5448509898803643
980915,2,2,5,0,0.5350637168710821
980915,2,2,6,0,0.5115990693400252
980915,2,3,1,0,0.5337666435806119
980915,2,3,2,0,0.5638169988704329
980915,2,3,3,1,0.5585545807436305
980915,2,3,4,0,0.5565925666499939
980915,2,3,5,0,0.5246458156249383
980915,2,3,6,0,0.5246355576704819
980915,2,4,1,0,0.5206506544590599
980915,2,4,2,0,0.551039817989514
980915,2,4,3,0,0.5606554352374578
980915,2,4,4,0,0.5762705207465938
980915,2,4,5,0,0.5393899851249258
980915,2,4,6,0,0.5176374469950858
980915,2,5,1,0,0.5250350315577206
980915,2,5,2,0,0.5543179916196347
980915,2,5,3,0,0.536775701611716
980915,2,5,4,1,0.5816632492887467
980915,2,5,5,0,0.5157067894326071
980915,2,5,6,0,0.5158472392310883
980947,1,0,1,0,0.34292879586449154
980947,1,0,2,0,0.3758145906828431
980947,1,0,3,0,0.3938488080906707
980947,1,0,4,0,0.4602282905161428
980947,1,0,5,0,0.43792108377104433
980947,1,0,6,0,0.45949297480388923
980947,1,1,1,1,0.4525308533705715
980947,1,1,2,0,0.4881511531128101
980947,1,1,3,0,0.48756148271071864
980947,1,1,4,0,0.48647024865685395
980947,1,1,5,0,0.4975858702072483
980947,1,1,6,0,0.48628602533951665
980947,1,2,1,1,0.5190878099045545
980947,1,2,2,0,0.5457346582819104
980947,1,2,3,1,0.5423809985898028
980947,1,2,4,0,0.5448509898803643
980947,1,2,5,1,0.5350637168710821
980947,1,2,6,0,0.5115990693400252
980947,1,3,1,0,0.5337666435806119
980947,1,3,2,0,0.5638169988704329
980947,1,3,3,0,0.5585545807436305
980947,1,3,4,0,0.5565925666499939
980947,1,3,5,0,0.5246458156249383
980947,1,3,6,0,0.5246355576704819
980947,1,4,1,0,0.5206506544590599
980947,1,4,2,1,0.551039817989514
980947,1,4,3,0,0.5606554352374578
980947,1,4,4,0,0.5762705207465938
980947,1,4,5,0,0.5393899851249258
980947,1,4,6,0,0.5176374469950858
980947,1,5,1,0,0.5250350315577206
980947,1,5,2,1,0.5543179916196347
980947,1,5,3,0,0.536775701611716
980947,1,5,4,0,0.5816632492887467
980947,1,5,5,0,0.5157067894326071
980947,1,5,6,0,0.5158472392310883
980947,2,0,1,0,0.34292879586449154
980947,2,0,2,1,0.3758145906828431
980947,2,0,3,0,0.3938488080906707
980947,2,0,4,0,0.4602282905161428
980947,2,0,5,0,0.43792108377104433
980947,2,0,6,0,0.45949297480388923
980947,2,1,1,0,0.00020676315770243133
980947,2,1,2,1,0.4881511531128101
980947,2,1,3,0,0.48756148271071864
980947,2,1,4,0,0.48647024865685395
980947,2,1,5,0,0.4975858702072483
980947,2,1,6,0,0.48628602533951665
980947,2,1,7,0,0.5312862305625888
980947,2,2,1,0,0.5190878099045545
980947,2,2,2,0,0.5457346582819104
980947,2,2,3,0,0.5423809985898028
980947,2,2,4,1,0.5448509898803643
980947,2,2,5,1,0.5350637168710821
980947,2,2,6,0,0.5115990693400252
980947,2,3,1,0,0.5337666435806119
980947,2,3,2,0,0.5638169988704329
980947,2,3,3,1,0.5585545807436305
980947,2,3,4,1,0.5565925666499939
980947,2,3,5,0,0.5246458156249383
980947,2,3,6,0,0.5246355576704819
980947,2,3,7,0,0.5656720274535049
980947,2,4,1,0,0.5206506544590599
980947,2,4,2,1,0.551039817989514
980947,2,4,3,0,0.5606554352374578
980947,2,4,4,0,0.5762705207465938
980947,2,4,5,0,0.5393899851249258
980947,2,4,6,0,0.5176374469950858
980947,2,5,1,1,0.5250350315577206
980947,2,5,2,0,0.5543179916196347
980947,2,5,3,1,0.536775701611716
980947,2,5,4,1,0.5816632492887467
980947,2,5,5,1,0.5157067894326071
980947,2,5,6,0,0.5158472392310883
980967,1,0,1,0,0.34292879586449154
980967,1,0,2,0,0.3758145906828431
980967,1,0,3,0,0.3938488080906707
980967,1,0,4,0,0.4602282905161428
980967,1,0,5,0,0.43792108377104433
980967,1,0,6,0,0.45949297480388923
980967,1,1,1,0,0.4525308533705715
980967,1,1,2,0,0.4881511531128101
980967,1,1,3,0,0.48756148271071864
980967,1,1,4,0,0.48647024865685395
980967,1,1,5,0,0.4975858702072483
980967,1,1,6,0,0.48628602533951665
980967,1,2,1,0,0.5190878099045545
980967,1,2,2,0,0.5457346582819104
980967,1,2,3,0,0.5423809985898028
980967,1,2,4,0,6.313139414108697e-05
980967,1,2,5,0,0.5350637168710821
980967,1,2,6,0,0.5115990693400252
980967,1,3,1,0,0.5337666435806119
980967,1,3,2,0,0.5638169988704329
980967,1,3,3,0,0.5585545807436305
980967,1,3,4,0,0.5565925666499939
980967,1,3,5,0,0.5246458156249383
980967,1,3,6,1,0.5246355576704819
980967,1,4,1,0,0.5206506544590599
980967,1,4,2,0,0.551039817989514
980967,1,4,3,1,0.5606554352374578
980967,1,4,4,1,0.5762705207465938
980967,1,4,5,0,0.5393899851249258
980967,1,4,6,0,9.72386209166237e-05
980967,1,5,1,0,0.5250350315577206
980967,1,5,2,0,0.5543179916196347
980967,1,5,3,0,0.536775701611716
980967,1,5,4,0,8.289229948853374e-05
980967,1,5,5,0,0.5157067894326071
980967,1,5,6,0,0.5158472392310883
980967,2,0,1,0,0.34292879586449154
980967,2,0,2,0,0.3758145906828431
980967,2,0,3,0,0.3938488080906707
980967,2,0,4,1,0.4602282905161428
980967,2,0,5,0,0.43792108377104433
980967,2,0,6,0,0.45949297480388923
980967,2,1,1,0,0.4525308533705715
980967,2,1,2,0,0.4881511531128101
980967,2,1,3,1,0.48756148271071864
980967,2,1,4,0,0.48647024865685395
980967,2,1,5,0,0.4975858702072483
980967,2,1,6,1,0.48628602533951665
980967,2,1,7,0,0.5312862305625888
980967,2,2,1,0,0.5190878099045545
980967,2,2,2,0,0.5457346582819104
980967,2,2,3,0,0.5423809985898028
980967,2,2,4,0,0.5448509898803643
980967,2,2,5,0,0.5350637168710821
980967,2,2,6,0,0.5115990693400252
980967,2,3,1,0,0.00015952827975369624
980967,2,3,2,0,0.5638169988704329
980967,2,3,3,0,0.5585545807436305
980967,2,3,4,0,0.5565925666499939
980967,2,3,5,1,0.5246458156249383
980967,2,3,6,0,0.5246355576704819
980967,2,4,1,0,0.5206506544590599
980967,2,4,2,0,0.551039817989514
980967,2,4,3,0,0.5606554352374578
980967,2,4,4,0,0.5762705207465938
980967,2,4,5,0,7.839876431801788e-05
980967,2,4,6,0,0.5176374469950858
980967,2,5,1,0,0.5250350315577206
980967,2,5,2,0,0.5543179916196347
980967,2,5,3,0,0.536775701611716
980967,2,5,4,0,0.5816632492887467
980967,2,5,5,0,0.5157067894326071
980967,2,5,6,1,0.5158472392310883
980979,1,0,1,0,0.34292879586449154
980979,1,0,2,0,0.3758145906828431
980979,1,0,3,0,0.3938488080906707
980979,1,0,4,0,0.4602282905161428
980979,1,0,5,0,0.43792108377104433
980979,1,0,6,0,0.45949297480388923
980979,1,1,1,0,0.4525308533705715
980979,1,1,2,0,0.4881511531128101
980979,1,1,3,0,0.48756148271071864
980979,1,1,4,0,0.48647024865685395
980979,1,1,5,0,0.4975858702072483
980979,1,1,6,1,0.48628602533951665
980979,1,1,7,0,0.5312862305625888
980979,1,2,1,0,0.5190878099045545
980979,1,2,2,0,0.5457346582819104
980979,1,2,3,0,0.5423809985898028
980979,1,2,4,0,0.5448509898803643
980979,1,2,5,0,0.5350637168710821
980979,1,2,6,1,0.5115990693400252
980979,1,3,1,0,0.5337666435806119
980979,1,3,2,0,7.207262176670686e-05
980979,1,3,3,0,0.5585545807436305
980979,1,3,4,0,0.5565925666499939
980979,1,3,5,0,0.5246458156249383
980979,1,3,6,0,0.5246355576704819
980979,1,4,1,0,0.5206506544590599
980979,1,4,2,0,0.551039817989514
980979,1,4,3,0,0.5606554352374578
980979,1,4,4,0,0.5762705207465938
980979,1,4,5,0,0.5393899851249258
980979,1,4,6,0,0.5176374469950858
980979,1,4,7,0,0.5314435327996707
980979,1,5,1,0,0.5250350315577206
980979,1,5,2,0,0.5543179916196347
980979,1,5,3,0,0.536775701611716
980979,1,5,4,1,0.5816632492887467
980979,1,5,5,0,0.5157067894326071
980979,1,5,6,1,0.5158472392310883
980979,2,0,1,0,0.34292879586449154
980979,2,0,2,0,0.3758145906828431
980979,2,0,3,0,0.00017505488994704315
980979,2,0,4,0,0.4602282905161428
980979,2,0,5,0,0.43792108377104433
980979,2,0,6,0,0.45949297480388923
980979,2,1,1,0,0.4525308533705715
980979,2,1,2,0,0.4881511531128101
980979,2,1,3,0,0.48756148271071864
980979,2,1,4,0,0.48647024865685395
980979,2,1,5,0,0.4975858702072483
980979,2,1,6,1,0.48628602533951665
980979,2,2,1,0,0.5190878099045545
980979,2,2,2,0,0.5457346582819104
980979,2,2,3,0,0.5423809985898028
980979,2,2,4,0,0.5448509898803643
980979,2,2,5,0,0.5350637168710821
980979,2,2,6,0,0.5115990693400252
980979,2,3,1,0,0.5337666435806119
980979,2,3,2,0,0.5638169988704329
980979,2,3,3,1,0.5585545807436305
980979,2,3,4,1,0.5565925666499939
980979,2,3,5,0,0.5246458156249383
980979,2,3,6,0,8.912938714004702e-05
980979,2,4,1,0,0.5206506544590599
980979,2,4,2,0,0.551039817989514
980979,2,4,3,0,0.5606554352374578
980979,2,4,4,0,0.5762705207465938
980979,2,4,5,0,0.5393899851249258
980979,2,4,6,0,0.5176374469950858
980979,2,5,1,0,0.5250350315577206
980979,2,5,2,1,0.5543179916196347
980979,2,5,3,0,0.536775701611716
980979,2,5,4,0,0.5816632492887467
980979,2,5,5,0,0.5157067894326071
980979,2,5,6,0,0.5158472392310883
980991,1,0,1,0,0.34292879586449154
980991,1,0,2,1,0.3758145906828431
980991,1,0,3,0,0.3938488080906707
980991,1,0,4,0,0.4602282905161428
980991,1,0,5,0,0.43792108377104433
980991,1,0,6,0,0.45949297480388923
980991,1,1,1,0,0.4525308533705715
980991,1,1,2,1,0.4881511531128101
980991,1,1,3,1,0.48756148271071864
980991,1,1,4,0,0.48647024865685395
980991,1,1,5,0,0.4975858702072483
980991,1,1,6,1,0.48628602533951665
980991,1,2,1,0,0.5190878099045545
980991,1,2,2,0,0.5457346582819104
980991,1,2,3,0,0.5423809985898028
980991,1,2,4,0,0.5448509898803643
980991,1,2,5,0,0.5350637168710821
980991,1,2,6,0,0.5115990693400252
980991,1,3,1,0,0.5337666435806119
980991,1,3,2,0,0.5638169988704329
980991,1,3,3,0,0.5585545807436305
980991,1,3,4,1,0.5565925666499939
980991,1,3,5,0,0.5246458156249383
980991,1,3,6,0,0.5246355576704819
980991,1,4,1,0,0.5206506544590599
980991,1,4,2,0,7.766533673193968e-05
980991,1,4,3,0,0.5606554352374578
980991,1,4,4,0,0.5762705207465938
980991,1,4,5,0,0.5393899851249258
980991,1,4,6,0,0.5176374469950858
980991,1,5,1,1,0.5250350315577206
980991,1,5,2,0,0.5543179916196347
980991,1,5,3,0,0.536775701611716
980991,1,5,4,1,0.5816632492887467
980991,1,5,5,0,0.5157067894326071
980991,1,5,6,0,0.5158472392310883
980991,2,0,1,0,0.34292879586449154
980991,2,0,2,0,0.3758145906828431
980991,2,0,3,0,0.3938488080906707
980991,2,0,4,1,0.4602282905161428
980991,2,0,5,0,0.43792108377104433
980991,2,0,6,0,0.45949297480388923
980991,2,1,1,0,0.4525308533705715
980991,2,1,2,1,0.4881511531128101
980991,2,1,3,0,0.48756148271071864
980991,2,1,4,0,0.48647024865685395
980991,2,1,5,0,0.4975858702072483
980991,2,1,6,0,0.48628602533951665
980991,2,1,7,0,0.5312862305625888
980991,2,2,1,0,0.5190878099045545
980991,2,2,2,0,0.5457346582819104
980991,2,2,3,0,0.5423809985898028
980991,2,2,4,0,0.5448509898803643
980991,2,2,5,0,0.5350637168710821
980991,2,2,6,0,0.5115990693400252
980991,2,3,1,1,0.5337666435806119
980991,2,3,2,0,0.5638169988704329
980991,2,3,3,0,0.5585545807436305
980991,2,3,4,1,0.5565925666499939
980991,2,3,5,0,0.5246458156249383
980991,2,3,6,0,0.5246355576704819
980991,2,4,1,1,0.5206506544590599
980991,2,4,2,0,0.551039817989514
980991,2,4,3,0,0.5606554352374578
980991,2,4,4,0,0.5762705207465938
980991,2,4,5,1,0.5393899851249258
980991,2,4,6,0,0.5176374469950858
980991,2,5,1,0,0.5250350315577206
980991,2,5,2,0,0.5543179916196347
980991,2,5,3,0,0.536775701611716
980991,2,5,4,0,0.5816632492887467
980991,2,5,5,1,0.5157067894326071
980991,2,5,6,1,0.5158472392310883
980993,1,0,1,0,0.34292879586449154
980993,1,0,2,0,0.3758145906828431
980993,1,0,3,1,0.3938488080906707
980993,1,0,4,1,0.4602282905161428
980993,1,0,5,0,0.43792108377104433
980993,1,0,6,0,0.45949297480388923
980993,1,1,1,0,0.4525308533705715
980993,1,1,2,0,0.4881511531128101
980993,1,1,3,0,0.48756148271071864
980993,1,1,4,0,0.48647024865685395
980993,1,1,5,0,0.4975858702072483
980993,1,1,6,0,0.48628602533951665
980993,1,2,1,0,0.5190878099045545
980993,1,2,2,0,0.5457346582819104
980993,1,2,3,0,0.5423809985898028
980993,1,2,4,0,0.5448509898803643
980993,1,2,5,0,0.5350637168710821
980993,1,2,6,0,0.5115990693400252
980993,1,3,1,0,0.5337666435806119
980993,1,3,2,1,0.5638169988704329
980993,1,3,3,0,0.5585545807436305
980993,1,3,4,0,0.5565925666499939
980993,1,3,5,0,0.5246458156249383
980993,1,3,6,1,0.5246355576704819
980993,1,4,1,0,0.5206506544590599
980993,1,4,2,0,0.551039817989514
980993,1,4,3,0,0.5606554352374578
980993,1,4,4,0,0.5762705207465938
980993,1,4,5,0,0.5393899851249258
980993,1,4,6,0,0.5176374469950858
980993,1,5,1,0,0.5250350315577206
980993,1,5,2,0,0.5543179916196347
980993,1,5,3,1,0.536775701611716
980993,1,5,4,0,0.5816632492887467
980993,1,5,5,0,0.5157067894326071
980993,1,5,6,0,0.5158472392310883
980993,2,0,1,0,0.34292879586449154
980993,2,0,2,0,0.3758145906828431
980993,2,0,3,0,0.3938488080906707
980993,2,0,4,1,0.4602282905161428
980993,2,0,5,0,0.43792108377104433
980993,2,0,6,0,0.45949297480388923
980993,2,1,1,0,0.4525308533705715
980993,2,1,2,0,0.4881511531128101
980993,2,1,3,0,9.24106665955198e-05
980993,2,1,4,0,0.48647024865685395
980993,2,1,5,0,0.4975858702072483
980993,2,1,6,0,0.48628602533951665
980993,2,2,1,0,0.5190878099045545
980993,2,2,2,1,0.5457346582819104
980993,2,2,3,0,0.5423809985898028
980993,2,2,4,0,0.5448509898803643
980993,2,2,5,0,0.5350637168710821
980993,2,2,6,0,0.5115990693400252
980993,2,3,1,0,0.5337666435806119
980993,2,3,2,0,0.5638169988704329
980993,2,3,3,1,0.5585545807436305
980993,2,3,4,1,0.5565925666499939
980993,2,3,5,1,0.5246458156249383
980993,2,3,6,1,0.5246355576704819
980993,2,4,1,0,0.5206506544590599
980993,2,4,2,0,0.551039817989514
980993,2,4,3,1,0.5606554352374578
980993,2,4,4,0,7.530897549982799e-05
980993,2,4,5,0,0.5393899851249258
980993,2,4,6,0,0.5176374469950858
980993,2,5,1,0,0.5250350315577206
980993,2,5,2,0,0.5543179916196347
980993,2,5,3,0,0.536775701611716
980993,2,5,4,0,0.5816632492887467
980993,2,5,5,0,0.5157067894326071
980993,2,5,6,0,0.5158472392310883
980995,1,0,1,0,0.34292879586449154
980995,1,0,2,0,0.3758145906828431
980995,1,0,3,0,0.3938488080906707
980995,1,0,4,0,0.4602282905161428
980995,1,0,5,1,0.43792108377104433
980995,1,0,6,0,0.45949297480388923
980995,1,1,1,0,0.4525308533705715
980995,1,1,2,0,0.4881511531128101
980995,1,1,3,0,0.48756148271071864
980995,1,1,4,0,0.48647024865685395
980995,1,1,5,0,0.4975858702072483
980995,1,1,6,1,0.48628602533951665
980995,1,2,1,0,0.5190878099045545
980995,1,2,2,0,6.71210527059499e-05
980995,1,2,3,1,0.5423809985898028
980995,1,2,4,0,0.5448509898803643
980995,1,2,5,0,0.5350637168710821
980995,1,2,6,0,0.5115990693400252
980995,1,3,1,0,0.5337666435806119
980995,1,3,2,0,0.5638169988704329
980995,1,3,3,1,0.5585545807436305
980995,1,3,4,0,0.5565925666499939
980995,1,3,5,1,0.5246458156249383
980995,1,3,6,1,0.5246355576704819
980995,1,4,1,0,0.5206506544590599
980995,1,4,2,0,0.551039817989514
980995,1,4,3,0,0.5606554352374578
980995,1,4,4,0,0.5762705207465938
980995,1,4,5,1,0.5393899851249258
980995,1,4,6,0,0.5176374469950858
980995,1,5,1,0,0.5250350315577206
980995,1,5,2,0,0.5543179916196347
980995,1,5,3,1,0.536775701611716
980995,1,5,4,0,0.5816632492887467
980995,1,5,5,0,0.5157067894326071
980995,1,5,6,1,0.5158472392310883
980995,2,0,1,0,0.34292879586449154
980995,2,0,2,0,0.3758145906828431
980995,2,0,3,0,0.3938488080906707
980995,2,0,4,1,0.4602282905161428
980995,2,0,5,0,0.43792108377104433
980995,2,0,6,0,0.45949297480388923
980995,2,1,1,0,0.4525308533705715
980995,2,1,2,0,0.4881511531128101
980995,2,1,3,0,0.48756148271071864
980995,2,1,4,1,0.48647024865685395
980995,2,1,5,1,0.4975858702072483
980995,2,1,6,0,0.48628602533951665
980995,2,2,1,0,0.5190878099045545
980995,2,2,2,1,0.5457346582819104
980995,2,2,3,0,0.5423809985898028
980995,2,2,4,0,0.5448509898803643
980995,2,2,5,1,0.5350637168710821
980995,2,2,6,1,0.5115990693400252
980995,2,3,1,0,0.5337666435806119
980995,2,3,2,0,0.5638169988704329
980995,2,3,3,0,0.5585545807436305
980995,2,3,4,1,0.5565925666499939
980995,2,3,5,0,0.5246458156249383
980995,2,3,6,1,0.5246355576704819
980995,2,4,1,0,0.5206506544590599
980995,2,4,2,0,0.551039817989514
980995,2,4,3,1,0.5606554352374578
980995,2,4,4,1,0.5762705207465938
980995,2,4,5,0,0.5393899851249258
980995,2,4,6,0,0.5176374469950858
980995,2,5,1,0,0.5250350315577206
980995,2,5,2,0,0.5543179916196347
980995,2,5,3,0,0.536775701611716
980995,2,5,4,0,0.5816632492887467
980995,2,5,5,0,0.5157067894326071
980995,2,5,6,1,0.5158472392310883
980997,1,0,1,0,0.34292879586449154
980997,1,0,2,0,0.3758145906828431
980997,1,0,3,0,0.3938488080906707
980997,1,0,4,0,0.4602282905161428
980997,1,0,5,0,0.43792108377104433
980997,1,0,6,0,0.45949297480388923
980997,1,1,1,0,0.4525308533705715
980997,1,1,2,0,0.4881511531128101
980997,1,1,3,0,0.48756148271071864
980997,1,1,4,0,0.48647024865685395
980997,1,1,5,0,0.4975858702072483
980997,1,1,6,0,0.48628602533951665
980997,1,2,1,0,0.0001421325131760957
980997,1,2,2,0,0.5457346582819104
980997,1,2,3,0,0.5423809985898028
980997,1,2,4,0,0.5448509898803643
980997,1,2,5,0,0.5350637168710821
980997,1,2,6,0,0.5115990693400252
980997,1,3,1,1,0.5337666435806119
980997,1,3,2,0,0.5638169988704329
980997,1,3,3,0,0.5585545807436305
980997,1,3,4,1,0.5565925666499939
980997,1,3,5,0,0.5246458156249383
980997,1,3,6,0,0.5246355576704819
980997,1,4,1,0,0.5206506544590599
980997,1,4,2,1,0.551039817989514
980997,1,4,3,1,0.5606554352374578
980997,1,4,4,0,0.5762705207465938
980997,1,4,5,0,7.839876431801788e-05
980997,1,4,6,0,0.5176374469950858
980997,1,5,1,0,0.5250350315577206
980997,1,5,2,0,0.5543179916196347
980997,1,5,3,0,0.536775701611716
980997,1,5,4,0,0.5816632492887467
980997,1,5,5,0,0.5157067894326071
980997,1,5,6,0,0.5158472392310883
980997,2,0,1,0,0.34292879586449154
980997,2,0,2,0,0.3758145906828431
980997,2,0,3,0,0.3938488080906707
980997,2,0,4,0,0.4602282905161428
980997,2,0,5,0,0.43792108377104433
980997,2,0,6,0,0.45949297480388923
980997,2,0,7,0,0.4455858771989033
980997,2,0,8,0,0.3455787779741998
980997,2,1,1,0,0.4525308533705715
980997,2,1,2,1,0.4881511531128101
980997,2,1,3,0,0.48756148271071864
980997,2,1,4,0,0.48647024865685395
980997,2,1,5,0,0.4975858702072483
980997,2,1,6,0,0.48628602533951665
980997,2,1,7,1,0.5312862305625888
980997,2,2,1,0,0.5190878099045545
980997,2,2,2,1,0.5457346582819104
980997,2,2,3,1,0.5423809985898028
980997,2,2,4,0,0.5448509898803643
980997,2,2,5,0,0.5350637168710821
980997,2,2,6,1,0.5115990693400252
980997,2,3,1,0,0.5337666435806119
980997,2,3,2,0,0.5638169988704329
980997,2,3,3,0,0.5585545807436305
980997,2,3,4,0,6.256559681168003e-05
980997,2,3,5,0,0.5246458156249383
980997,2,3,6,0,0.5246355576704819
980997,2,3,7,0,0.5656720274535049
980997,2,4,1,0,0.5206506544590599
980997,2,4,2,0,0.551039817989514
980997,2,4,3,0,0.5606554352374578
980997,2,4,4,0,0.5762705207465938
980997,2,4,5,0,0.5393899851249258
980997,2,4,6,0,0.5176374469950858
980997,2,5,1,0,0.5250350315577206
980997,2,5,2,0,0.5543179916196347
980997,2,5,3,0,0.536775701611716
980997,2,5,4,0,0.5816632492887467
980997,2,5,5,1,0.5157067894326071
980997,2,5,6,0,0.5158472392310883
980997,2,5,7,1,0.5010579670010621
981009,1,0,1,0,0.34292879586449154
981009,1,0,2,1,0.3758145906828431
981009,1,0,3,1,0.3938488080906707
981009,1,0,4,0,0.4602282905161428
981009,1,0,5,1,0.43792108377104433
981009,1,0,6,0,0.45949297480388923
981009,1,1,1,1,0.4525308533705715
981009,1,1,2,0,0.4881511531128101
981009,1,1,3,0,0.48756148271071864
981009,1,1,4,0,0.48647024865685395
981009,1,1,5,0,0.4975858702072483
981009,1,1,6,0,0.48628602533951665
981009,1,2,1,0,0.5190878099045545
981009,1,2,2,0,0.5457346582819104
981009,1,2,3,0,0.5423809985898028
981009,1,2,4,0,0.5448509898803643
981009,1,2,5,0,0.5350637168710821
981009,1,2,6,0,0.5115990693400252
981009,1,3,1,1,0.5337666435806119
981009,1,3,2,0,0.5638169988704329
981009,1,3,3,0,0.5585545807436305
981009,1,3,4,0,6.256559681168003e-05
981009,1,3,5,0,0.5246458156249383
981009,1,3,6,0,0.5246355576704819
981009,1,4,1,0,0.5206506544590599
981009,1,4,2,0,0.551039817989514
981009,1,4,3,0,0.5606554352374578
981009,1,4,4,1,0.5762705207465938
981009,1,4,5,0,0.5393899851249258
981009,1,4,6,0,0.5176374469950858
981009,1,5,1,0,0.5250350315577206
981009,1,5,2,0,0.5543179916196347
981009,1,5,3,0,0.536775701611716
981009,1,5,4,0,0.5816632492887467
981009,1,5,5,1,0.5157067894326071
981009,1,5,6,0,0.00010310924426488355
981009,2,0,1,0,0.34292879586449154
981009,2,0,2,0,0.3758145906828431
981009,2,0,3,0,0.3938488080906707
981009,2,0,4,0,0.4602282905161428
981009,2,0,5,0,0.43792108377104433
981009,2,0,6,0,0.45949297480388923
981009,2,1,1,0,0.4525308533705715
981009,2,1,2,0,0.4881511531128101
981009,2,1,3,0,0.48756148271071864
981009,2,1,4,0,0.48647024865685395
981009,2,1,5,0,0.4975858702072483
981009,2,1,6,0,0.48628602533951665
981009,2,2,1,1,0.5190878099045545
981009,2,2,2,0,0.5457346582819104
981009,2,2,3,0,0.5423809985898028
981009,2,2,4,0,0.5448509898803643
981009,2,2,5,0,0.5350637168710821
981009,2,2,6,1,0.5115990693400252
981009,2,3,1,0,0.5337666435806119
981009,2,3,2,1,0.5638169988704329
981009,2,3,3,0,6.085998866754581e-05
981009,2,3,4,0,0.5565925666499939
981009,2,3,5,0,0.5246458156249383
981009,2,3,6,0,0.5246355576704819
981009,2,4,1,0,0.5206506544590599
981009,2,4,2,0,0.551039817989514
981009,2,4,3,1,0.5606554352374578
981009,2,4,4,0,0.5762705207465938
981009,2,4,5,1,0.5393899851249258
981009,2,4,6,0,0.5176374469950858
981009,2,5,1,1,0.5250350315577206
981009,2,5,2,0,0.5543179916196347
981009,2,5,3,0,0.536775701611716
981009,2,5,4,0,0.5816632492887467
981009,2,5,5,0,0.5157067894326071
981009,2,5,6,0,0.5158472392310883
1082591,1,0,1,0,0.34292879586449154
1082591,1,0,2,0,0.3758145906828431
1082591,1,0,3,1,0.3938488080906707
1082591,1,0,4,0,0.4602282905161428
1082591,1,0,5,0,0.43792108377104433
1082591,1,0,6,0,0.45949297480388923
1082591,1,0,7,0,0.4455858771989033
1082591,1,1,1,0,0.4525308533705715
1082591,1,1,2,1,0.4881511531128101
1082591,1,1,3,0,0.48756148271071864
1082591,1,1,4,1,0.48647024865685395
1082591,1,1,5,0,8.911846280782056e-05
1082591,1,1,6,0,0.48628602533951665
1082591,1,1,7,1,0.5312862305625888
1082591,1,2,1,0,0.5190878099045545
1082591,1,2,2,0,0.5457346582819104
1082591,1,2,3,0,0.5423809985898028
1082591,1,2,4,0,0.5448509898803643
1082591,1,2,5,0,0.5350637168710821
1082591,1,2,6,0,0.5115990693400252
1082591,1,3,1,0,0.5337666435806119
1082591,1,3,2,0,0.5638169988704329
1082591,1,3,3,0,0.5585545807436305
1082591,1,3,4,0,0.5565925666499939
1082591,1,3,5,0,0.5246458156249383
1082591,1,3,6,0,0.5246355576704819
1082591,1,4,1,0,0.5206506544590599
1082591,1,4,2,0,0.551039817989514
1082591,1,4,3,0,0.5606554352374578
1082591,1,4,4,0,0.5762705207465938
1082591,1,4,5,1,0.5393899851249258
1082591,1,4,6,0,0.5176374469950858
1082591,1,5,1,1,0.5250350315577206
1082591,1,5,2,1,0.5543179916196347
1082591,1,5,3,0,0.536775701611716
1082591,1,5,4,1,0.5816632492887467
1082591,1,5,5,1,0.5157067894326071
1082591,1,5,6,0,0.5158472392310883
1082591,2,0,1,0,0.34292879586449154
1082591,2,0,2,0,0.3758145906828431
1082591,2,0,3,0,0.3938488080906707
1082591,2,0,4,0,0.4602282905161428
1082591,2,0,5,1,0.43792108377104433
1082591,2,0,6,1,0.45949297480388923
1082591,2,1,1,0,0.4525308533705715
1082591,2,1,2,0,0.4881511531128101
1082591,2,1,3,0,0.48756148271071864
1082591,2,1,4,0,0.48647024865685395
1082591,2,1,5,0,0.4975858702072483
1082591,2,1,6,0,0.48628602533951665
1082591,2,2,1,0,0.5190878099045545
1082591,2,2,2,1,0.5457346582819104
1082591,2,2,3,0,0.5423809985898028
1082591,2,2,4,1,0.5448509898803643
1082591,2,2,5,0,0.5350637168710821
1082591,2,2,6,1,0.5115990693400252
1082591,2,3,1,0,0.5337666435806119
1082591,2,3,2,1,0.5638169988704329
1082591,2,3,3,0,0.5585545807436305
1082591,2,3,4,0,0.5565925666499939
1082591,2,3,5,0,0.5246458156249383
1082591,2,3,6,0,0.5246355576704819
1082591,2,3,7,1,0.5656720274535049
1082591,2,4,1,0,0.5206506544590599
1082591,2,4,2,0,0.551039817989514
1082591,2,4,3,0,0.5606554352374578
1082591,2,4,4,0,0.5762705207465938
1082591,2,4,5,0,0.5393899851249258
1082591,2,4,6,0,0.5176374469950858
1082591,2,4,7,1,0.5314435327996707
1082591,2,5,1,0,0.5250350315577206
1082591,2,5,2,1,0.5543179916196347
1082591,2,5,3,0,0.536775701611716
1082591,2,5,4,0,8.289229948853374e-05
1082591,2,5,5,0,0.5157067894326071
1082591,2,5,6,0,0.5158472392310883
1082600,1,0,1,0,0.34292879586449154
1082600,1,0,2,0,0.3758145906828431
1082600,1,0,3,0,0.3938488080906707
1082600,1,0,4,0,0.4602282905161428
1082600,1,0,5,0,0.43792108377104433
1082600,1,0,6,0,0.45949297480388923
1082600,1,1,1,0,0.4525308533705715
1082600,1,1,2,0,0.4881511531128101
1082600,1,1,3,0,0.48756148271071864
1082600,1,1,4,0,0.48647024865685395
1082600,1,1,5,0,0.4975858702072483
1082600,1,1,6,0,0.48628602533951665
1082600,1,2,1,1,0.5190878099045545
1082600,1,2,2,1,0.5457346582819104
1082600,1,2,3,0,0.5423809985898028
1082600,1,2,4,0,0.5448509898803643
1082600,1,2,5,0,0.5350637168710821
1082600,1,2,6,0,0.5115990693400252
1082600,1,3,1,0,0.5337666435806119
1082600,1,3,2,0,0.5638169988704329
1082600,1,3,3,0,0.5585545807436305
1082600,1,3,4,0,0.5565925666499939
1082600,1,3,5,0,0.5246458156249383
1082600,1,3,6,0,0.5246355576704819
1082600,1,4,1,1,0.5206506544590599
1082600,1,4,2,0,0.551039817989514
1082600,1,4,3,1,0.5606554352374578
1082600,1,4,4,0,0.5762705207465938
1082600,1,4,5,0,0.5393899851249258
1082600,1,4,6,0,0.5176374469950858
1082600,1,5,1,0,0.5250350315577206
1082600,1,5,2,0,0.5543179916196347
1082600,1,5,3,0,0.536775701611716
1082600,1,5,4,0,0.5816632492887467
1082600,1,5,5,0,0.5157067894326071
1082600,1,5,6,1,0.5158472392310883
1082600,2,0,1,0,0.34292879586449154
1082600,2,0,2,0,0.3758145906828431
1082600,2,0,3,0,0.3938488080906707
1082600,2,0,4,0,0.4602282905161428
1082600,2,0,5,1,0.43792108377104433
1082600,2,0,6,0,0.45949297480388923
1082600,2,1,1,1,0.4525308533705715
1082600,2,1,2,0,0.4881511531128101
1082600,2,1,3,1,0.48756148271071864
1082600,2,1,4,0,0.48647024865685395
1082600,2,1,5,0,0.4975858702072483
1082600,2,1,6,1,0.48628602533951665
1082600,2,2,1,1,0.5190878099045545
1082600,2,2,2,0,0.5457346582819104
1082600,2,2,3,0,0.5423809985898028
1082600,2,2,4,0,0.5448509898803643
1082600,2,2,5,0,0.5350637168710821
1082600,2,2,6,0,0.5115990693400252
1082600,2,3,1,0,0.00015952827975369624
1082600,2,3,2,0,0.5638169988704329
1082600,2,3,3,0,0.5585545807436305
1082600,2,3,4,1,0.5565925666499939
1082600,2,3,5,0,0.5246458156249383
1082600,2,3,6,1,0.5246355576704819
1082600,2,4,1,0,0.5206506544590599
1082600,2,4,2,0,0.551039817989514
1082600,2,4,3,0,0.5606554352374578
1082600,2,4,4,0,0.5762705207465938
1082600,2,4,5,0,7.839876431801788e-05
1082600,2,4,6,0,0.5176374469950858
1082600,2,5,1,1,0.5250350315577206
1082600,2,5,2,0,0.5543179916196347
1082600,2,5,3,0,0.536775701611716
1082600,2,5,4,1,0.5816632492887467
1082600,2,5,5,1,0.5157067894326071
1082600,2,5,6,1,0.5158472392310883
1082606,1,0,1,0,0.34292879586449154
1082606,1,0,2,0,0.3758145906828431
1082606,1,0,3,0,0.00017505488994704315
1082606,1,0,4,0,0.4602282905161428
1082606,1,0,5,0,0.43792108377104433
1082606,1,0,6,0,0.45949297480388923
1082606,1,0,7,0,0.4455858771989033
1082606,1,1,1,0,0.4525308533705715
1082606,1,1,2,0,0.4881511531128101
1082606,1,1,3,0,0.48756148271071864
1082606,1,1,4,1,0.48647024865685395
1082606,1,1,5,1,0.4975858702072483
1082606,1,1,6,0,0.48628602533951665
1082606,1,1,7,0,0.5312862305625888
1082606,1,2,1,1,0.5190878099045545
1082606,1,2,2,0,0.5457346582819104
1082606,1,2,3,0,0.5423809985898028
1082606,1,2,4,0,0.5448509898803643
1082606,1,2,5,0,0.5350637168710821
1082606,1,2,6,0,0.5115990693400252
1082606,1,3,1,0,0.5337666435806119
1082606,1,3,2,0,0.5638169988704329
1082606,1,3,3,0,0.5585545807436305
1082606,1,3,4,0,0.5565925666499939
1082606,1,3,5,0,0.5246458156249383
1082606,1,3,6,0,0.5246355576704819
1082606,1,4,1,0,0.5206506544590599
1082606,1,4,2,0,0.551039817989514
1082606,1,4,3,0,0.5606554352374578
1082606,1,4,4,1,0.5762705207465938
1082606,1,4,5,0,0.5393899851249258
1082606,1,4,6,0,0.5176374469950858
1082606,1,5,1,0,0.5250350315577206
1082606,1,5,2,1,0.5543179916196347
1082606,1,5,3,0,0.536775701611716
1082606,1,5,4,1,0.5816632492887467
1082606,1,5,5,0,0.5157067894326071
1082606,1,5,6,0,0.5158472392310883
1082606,2,0,1,0,0.34292879586449154
1082606,2,0,2,0,0.00018585311536224735
1082606,2,0,3,0,0.3938488080906707
1082606,2,0,4,0,0.4602282905161428
1082606,2,0,5,0,0.43792108377104433
1082606,2,0,6,1,0.45949297480388923
1082606,2,0,7,0,0.4455858771989033
1082606,2,1,1,0,0.4525308533705715
1082606,2,1,2,0,0.4881511531128101
1082606,2,1,3,0,0.48756148271071864
1082606,2,1,4,1,0.48647024865685395
1082606,2,1,5,0,0.4975858702072483
1082606,2,1,6,0,0.48628602533951665
1082606,2,1,7,0,0.5312862305625888
1082606,2,2,1,0,0.5190878099045545
1082606,2,2,2,0,0.5457346582819104
1082606,2,2,3,0,0.5423809985898028
1082606,2,2,4,0,0.5448509898803643
1082606,2,2,5,0,0.5350637168710821
1082606,2,2,6,0,0.5115990693400252
1082606,2,2,7,0,0.5434680194742225
1082606,2,2,8,0,0.6242857061636626
1082606,2,2,9,0,0.523924467560885
1082606,2,2,10,0,0.1158992206349218
1082606,2,3,1,0,0.5337666435806119
1082606,2,3,2,0,0.5638169988704329
1082606,2,3,3,1,0.5585545807436305
1082606,2,3,4,0,0.5565925666499939
1082606,2,3,5,0,0.5246458156249383
1082606,2,3,6,0,0.5246355576704819
1082606,2,4,1,0,0.5206506544590599
1082606,2,4,2,1,0.551039817989514
1082606,2,4,3,0,0.5606554352374578
1082606,2,4,4,0,0.5762705207465938
1082606,2,4,5,1,0.5393899851249258
1082606,2,4,6,0,0.5176374469950858
1082606,2,5,1,0,0.5250350315577206
1082606,2,5,2,0,0.5543179916196347
1082606,2,5,3,0,0.536775701611716
1082606,2,5,4,0,0.5816632492887467
1082606,2,5,5,1,0.5157067894326071
1082606,2,5,6,0,0.5158472392310883
1082614,1,0,1,0,0.34292879586449154
1082614,1,0,2,0,0.3758145906828431
1082614,1,0,3,0,0.3938488080906707
1082614,1,0,4,0,0.4602282905161428
1082614,1,0,5,0,0.43792108377104433
1082614,1,0,6,0,0.45949297480388923
1082614,1,0,7,0,0.4455858771989033
1082614,1,1,1,0,0.4525308533705715
1082614,1,1,2,0,0.4881511531128101
1082614,1,1,3,0,0.48756148271071864
1082614,1,1,4,0,0.48647024865685395
1082614,1,1,5,1,0.4975858702072483
1082614,1,1,6,1,0.48628602533951665
1082614,1,1,7,0,0.5312862305625888
1082614,1,2,1,1,0.5190878099045545
1082614,1,2,2,0,0.5457346582819104
1082614,1,2,3,0,0.5423809985898028
1082614,1,2,4,0,0.5448509898803643
1082614,1,2,5,0,0.5350637168710821
1082614,1,2,6,0,0.5115990693400252
1082614,1,2,7,0,0.5434680194742225
1082614,1,3,1,0,0.5337666435806119
1082614,1,3,2,1,0.5638169988704329
1082614,1,3,3,0,0.5585545807436305
1082614,1,3,4,0,0.5565925666499939
1082614,1,3,5,0,0.5246458156249383
1082614,1,3,6,0,0.5246355576704819
1082614,1,3,7,0,0.00027205487068489125
1082614,1,4,1,0,0.5206506544590599
1082614,1,4,2,0,0.551039817989514
1082614,1,4,3,1,0.5606554352374578
1082614,1,4,4,0,0.5762705207465938
1082614,1,4,5,0,0.5393899851249258
1082614,1,4,6,1,0.5176374469950858
1082614,1,5,1,0,0.00016316266614252873
1082614,1,5,2,0,0.5543179916196347
1082614,1,5,3,0,0.536775701611716
1082614,1,5,4,0,0.5816632492887467
1082614,1,5,5,0,0.5157067894326071
1082614,1,5,6,0,0.5158472392310883
1082614,2,0,1,0,0.34292879586449154
1082614,2,0,2,0,0.3758145906828431
1082614,2,0,3,0,0.3938488080906707
1082614,2,0,4,0,0.0001682578208106649
1082614,2,0,5,1,0.43792108377104433
1082614,2,0,6,1,0.45949297480388923
1082614,2,1,1,0,0.4525308533705715
1082614,2,1,2,0,9.924247765745456e-05
1082614,2,1,3,0,0.48756148271071864
1082614,2,1,4,0,0.48647024865685395
1082614,2,1,5,1,0.4975858702072483
1082614,2,1,6,0,0.48628602533951665
1082614,2,2,1,0,0.5190878099045545
1082614,2,2,2,0,0.5457346582819104
1082614,2,2,3,0,0.5423809985898028
1082614,2,2,4,0,0.5448509898803643
1082614,2,2,5,0,0.5350637168710821
1082614,2,2,6,0,0.5115990693400252
1082614,2,3,1,0,0.5337666435806119
1082614,2,3,2,0,0.5638169988704329
1082614,2,3,3,0,6.085998866754581e-05
1082614,2,3,4,0,0.5565925666499939
1082614,2,3,5,0,0.5246458156249383
1082614,2,3,6,0,0.5246355576704819
1082614,2,3,7,0,0.00027205487068489125
1082614,2,4,1,0,0.5206506544590599
1082614,2,4,2,0,0.551039817989514
1082614,2,4,3,0,0.5606554352374578
1082614,2,4,4,0,0.5762705207465938
1082614,2,4,5,0,0.5393899851249258
1082614,2,4,6,0,0.5176374469950858
1082614,2,5,1,0,0.5250350315577206
1082614,2,5,2,0,0.5543179916196347
1082614,2,5,3,0,6.970130872207562e-05
1082614,2,5,4,0,0.5816632492887467
1082614,2,5,5,0,0.5157067894326071
1082614,2,5,6,0,0.5158472392310883
1082614,2,5,7,0,0.5010579670010621
1082623,1,0,1,0,0.34292879586449154
1082623,1,0,2,0,0.3758145906828431
1082623,1,0,3,0,0.3938488080906707
1082623,1,0,4,0,0.4602282905161428
1082623,1,0,5,0,0.43792108377104433
1082623,1,0,6,0,0.45949297480388923
1082623,1,1,1,0,0.4525308533705715
1082623,1,1,2,1,0.4881511531128101
1082623,1,1,3,1,0.48756148271071864
1082623,1,1,4,0,0.48647024865685395
1082623,1,1,5,0,0.4975858702072483
1082623,1,1,6,0,0.48628602533951665
1082623,1,2,1,0,0.5190878099045545
1082623,1,2,2,1,0.5457346582819104
1082623,1,2,3,0,0.5423809985898028
1082623,1,2,4,0,0.5448509898803643
1082623,1,2,5,0,0.5350637168710821
1082623,1,2,6,0,0.5115990693400252
1082623,1,3,1,0,0.5337666435806119
1082623,1,3,2,0,0.5638169988704329
1082623,1,3,3,1,0.5585545807436305
1082623,1,3,4,0,0.5565925666499939
1082623,1,3,5,1,0.5246458156249383
1082623,1,3,6,0,0.5246355576704819
1082623,1,4,1,0,0.5206506544590599
1082623,1,4,2,0,0.551039817989514
1082623,1,4,3,1,0.5606554352374578
1082623,1,4,4,1,0.5762705207465938
1082623,1,4,5,1,0.5393899851249258
1082623,1,4,6,0,0.5176374469950858
1082623,1,5,1,1,0.5250350315577206
1082623,1,5,2,0,0.5543179916196347
1082623,1,5,3,0,0.536775701611716
1082623,1,5,4,0,0.5816632492887467
1082623,1,5,5,0,0.5157067894326071
1082623,1,5,6,0,0.5158472392310883
1082623,2,0,1,0,0.34292879586449154
1082623,2,0,2,0,0.3758145906828431
1082623,2,0,3,0,0.3938488080906707
1082623,2,0,4,1,0.4602282905161428
1082623,2,0,5,0,0.43792108377104433
1082623,2,0,6,1,0.45949297480388923
1082623,2,1,1,0,0.4525308533705715
1082623,2,1,2,0,0.4881511531128101
1082623,2,1,3,1,0.48756148271071864
1082623,2,1,4,1,0.48647024865685395
1082623,2,1,5,0,0.4975858702072483
1082623,2,1,6,1,0.48628602533951665
1082623,2,2,1,0,0.5190878099045545
1082623,2,2,2,0,6.71210527059499e-05
1082623,2,2,3,0,0.5423809985898028
1082623,2,2,4,0,0.5448509898803643
1082623,2,2,5,0,0.5350637168710821
1082623,2,2,6,0,0.5115990693400252
1082623,2,3,1,1,0.5337666435806119
1082623,2,3,2,0,0.5638169988704329
1082623,2,3,3,1,0.5585545807436305
1082623,2,3,4,0,0.5565925666499939
1082623,2,3,5,0,6.745302613039633e-05
1082623,2,3,6,0,0.5246355576704819
1082623,2,4,1,0,0.5206506544590599
1082623,2,4,2,0,0.551039817989514
1082623,2,4,3,0,0.5606554352374578
1082623,2,4,4,1,0.5762705207465938
1082623,2,4,5,0,0.5393899851249258
1082623,2,4,6,0,9.72386209166237e-05
1082623,2,5,1,1,0.5250350315577206
1082623,2,5,2,0,0.5543179916196347
1082623,2,5,3,1,0.536775701611716
1082623,2,5,4,1,0.5816632492887467
1082623,2,5,5,0,0.5157067894326071
1082623,2,5,6,0,0.5158472392310883
1082625,1,0,1,0,0.34292879586449154
1082625,1,0,2,0,0.3758145906828431
1082625,1,0,3,0,0.3938488080906707
1082625,1,0,4,1,0.4602282905161428
1082625,1,0,5,0,0.43792108377104433
1082625,1,0,6,0,0.45949297480388923
1082625,1,0,7,0,0.4455858771989033
1082625,1,1,1,0,0.4525308533705715
1082625,1,1,2,0,0.4881511531128101
1082625,1,1,3,0,0.48756148271071864
1082625,1,1,4,1,0.48647024865685395
1082625,1,1,5,0,0.4975858702072483
1082625,1,1,6,0,0.48628602533951665
1082625,1,1,7,1,0.5312862305625888
1082625,1,1,8,0,0.0007536256314342345
1082625,1,2,1,1,0.5190878099045545
1082625,1,2,2,1,0.5457346582819104
1082625,1,2,3,1,0.5423809985898028
1082625,1,2,4,0,0.5448509898803643
1082625,1,2,5,0,0.5350637168710821
1082625,1,2,6,0,0.5115990693400252
1082625,1,3,1,1,0.5337666435806119
1082625,1,3,2,0,0.5638169988704329
1082625,1,3,3,0,0.5585545807436305
1082625,1,3,4,0,0.5565925666499939
1082625,1,3,5,1,0.5246458156249383
1082625,1,3,6,0,0.5246355576704819
1082625,1,4,1,0,0.5206506544590599
1082625,1,4,2,0,7.766533673193968e-05
1082625,1,4,3,0,0.5606554352374578
1082625,1,4,4,0,0.5762705207465938
1082625,1,4,5,0,0.5393899851249258
1082625,1,4,6,0,0.5176374469950858
1082625,1,5,1,0,0.5250350315577206
1082625,1,5,2,0,0.5543179916196347
1082625,1,5,3,0,0.536775701611716
1082625,1,5,4,0,0.5816632492887467
1082625,1,5,5,0,7.613948438054935e-05
1082625,1,5,6,0,0.5158472392310883
1082625,2,0,1,1,0.34292879586449154
1082625,2,0,2,0,0.3758145906828431
1082625,2,0,3,0,0.3938488080906707
1082625,2,0,4,1,0.4602282905161428
1082625,2,0,5,0,0.43792108377104433
1082625,2,0,6,1,0.45949297480388923
1082625,2,1,1,1,0.4525308533705715
1082625,2,1,2,0,0.4881511531128101
1082625,2,1,3,0,0.48756148271071864
1082625,2,1,4,1,0.48647024865685395
1082625,2,1,5,0,0.4975858702072483
1082625,2,1,6,0,0.48628602533951665
1082625,2,2,1,0,0.5190878099045545
1082625,2,2,2,1,0.5457346582819104
1082625,2,2,3,1,0.5423809985898028
1082625,2,2,4,0,0.5448509898803643
1082625,2,2,5,0,0.5350637168710821
1082625,2,2,6,1,0.5115990693400252
1082625,2,3,1,0,0.5337666435806119
1082625,2,3,2,0,0.5638169988704329
1082625,2,3,3,0,0.5585545807436305
1082625,2,3,4,0,0.5565925666499939
1082625,2,3,5,0,0.5246458156249383
1082625,2,3,6,0,8.912938714004702e-05
1082625,2,4,1,0,0.5206506544590599
1082625,2,4,2,0,0.551039817989514
1082625,2,4,3,0,0.5606554352374578
1082625,2,4,4,1,0.5762705207465938
1082625,2,4,5,0,0.5393899851249258
1082625,2,4,6,0,0.5176374469950858
1082625,2,5,1,1,0.5250350315577206
1082625,2,5,2,0,0.5543179916196347
1082625,2,5,3,0,0.536775701611716
1082625,2,5,4,0,0.5816632492887467
1082625,2,5,5,0,0.5157067894326071
1082625,2,5,6,0,0.5158472392310883
1082625,3,0,1,0,0.34292879586449154
1082625,3,0,2,1,0.3758145906828431
1082625,3,0,3,1,0.3938488080906707
1082625,3,0,4,0,0.0001682578208106649
1082625,3,0,5,0,0.0001647836315587949
1082625,4,0,1,0,0.34292879586449154
1082625,4,0,2,0,0.3758145906828431
1082625,4,0,3,0,0.3938488080906707
1082625,4,0,4,0,0.4602282905161428
1082625,4,0,5,0,0.43792108377104433
1082625,4,0,6,0,0.45949297480388923
1082625,4,0,7,0,0.4455858771989033
1082625,4,0,8,0,0.3455787779741998
1082627,1,0,1,0,0.34292879586449154
1082627,1,0,2,0,0.3758145906828431
1082627,1,0,3,0,0.3938488080906707
1082627,1,0,4,1,0.4602282905161428
1082627,1,0,5,0,0.43792108377104433
1082627,1,0,6,0,0.45949297480388923
1082627,1,1,1,0,0.4525308533705715
1082627,1,1,2,0,0.4881511531128101
1082627,1,1,3,1,0.48756148271071864
1082627,1,1,4,0,0.48647024865685395
1082627,1,1,5,0,0.4975858702072483
1082627,1,1,6,0,0.48628602533951665
1082627,1,2,1,1,0.5190878099045545
1082627,1,2,2,1,0.5457346582819104
1082627,1,2,3,0,0.5423809985898028
1082627,1,2,4,0,0.5448509898803643
1082627,1,2,5,0,0.5350637168710821
1082627,1,2,6,1,0.5115990693400252
1082627,1,3,1,0,0.5337666435806119
1082627,1,3,2,1,0.5638169988704329
1082627,1,3,3,1,0.5585545807436305
1082627,1,3,4,1,0.5565925666499939
1082627,1,3,5,0,0.5246458156249383
1082627,1,3,6,0,0.5246355576704819
1082627,1,4,1,1,0.5206506544590599
1082627,1,4,2,0,0.551039817989514
1082627,1,4,3,0,0.5606554352374578
1082627,1,4,4,1,0.5762705207465938
1082627,1,4,5,0,0.5393899851249258
1082627,1,4,6,0,0.5176374469950858
1082627,1,4,7,0,0.5314435327996707
1082627,1,5,1,1,0.5250350315577206
1082627,1,5,2,0,0.5543179916196347
1082627,1,5,3,0,0.536775701611716
1082627,1,5,4,1,0.5816632492887467
1082627,1,5,5,0,0.5157067894326071
1082627,1,5,6,0,0.5158472392310883
1082627,1,5,7,0,0.5010579670010621
1082627,1,5,8,0,0.26535124916327246
1082627,2,0,1,0,0.34292879586449154
1082627,2,0,2,0,0.3758145906828431
1082627,2,0,3,0,0.3938488080906707
1082627,2,0,4,1,0.4602282905161428
1082627,2,0,5,0,0.43792108377104433
1082627,2,0,6,1,0.45949297480388923
1082627,2,1,1,0,0.4525308533705715
1082627,2,1,2,0,9.924247765745456e-05
1082627,2,1,3,0,0.48756148271071864
1082627,2,1,4,0,0.48647024865685395
1082627,2,1,5,0,0.4975858702072483
1082627,2,1,6,0,0.48628602533951665
1082627,2,2,1,0,0.5190878099045545
1082627,2,2,2,0,0.5457346582819104
1082627,2,2,3,0,6.163767430463305e-05
1082627,2,2,4,0,0.5448509898803643
1082627,2,2,5,0,0.5350637168710821
1082627,2,2,6,1,0.5115990693400252
1082627,2,3,1,0,0.5337666435806119
1082627,2,3,2,0,0.5638169988704329
1082627,2,3,3,0,0.5585545807436305
1082627,2,3,4,1,0.5565925666499939
1082627,2,3,5,1,0.5246458156249383
1082627,2,3,6,0,0.5246355576704819
1082627,2,4,1,0,0.5206506544590599
1082627,2,4,2,1,0.551039817989514
1082627,2,4,3,0,0.5606554352374578
1082627,2,4,4,0,0.5762705207465938
1082627,2,4,5,1,0.5393899851249258
1082627,2,4,6,0,0.5176374469950858
1082627,2,5,1,0,0.5250350315577206
1082627,2,5,2,0,0.5543179916196347
1082627,2,5,3,0,0.536775701611716
1082627,2,5,4,0,0.5816632492887467
1082627,2,5,5,0,0.5157067894326071
1082627,2,5,6,1,0.5158472392310883
1082638,1,0,1,0,0.34292879586449154
1082638,1,0,2,0,0.3758145906828431
1082638,1,0,3,0,0.3938488080906707
1082638,1,0,4,0,0.4602282905161428
1082638,1,0,5,0,0.43792108377104433
1082638,1,0,6,0,0.45949297480388923
1082638,1,0,7,0,0.4455858771989033
1082638,1,1,1,0,0.4525308533705715
1082638,1,1,2,0,0.4881511531128101
1082638,1,1,3,0,0.48756148271071864
1082638,1,1,4,0,8.076183922023021e-05
1082638,1,1,5,0,0.4975858702072483
1082638,1,1,6,0,0.48628602533951665
1082638,1,2,1,0,0.5190878099045545
1082638,1,2,2,1,0.5457346582819104
1082638,1,2,3,0,0.5423809985898028
1082638,1,2,4,1,0.5448509898803643
1082638,1,2,5,0,0.5350637168710821
1082638,1,2,6,1,0.5115990693400252
1082638,1,2,7,0,0.5434680194742225
1082638,1,3,1,0,0.5337666435806119
1082638,1,3,2,0,0.5638169988704329
1082638,1,3,3,0,0.5585545807436305
1082638,1,3,4,0,0.5565925666499939
1082638,1,3,5,0,0.5246458156249383
1082638,1,3,6,0,0.5246355576704819
1082638,1,4,1,0,0.00015180114801475284
1082638,1,4,2,0,0.551039817989514
1082638,1,4,3,0,0.5606554352374578
1082638,1,4,4,0,0.5762705207465938
1082638,1,4,5,0,0.5393899851249258
1082638,1,4,6,0,0.5176374469950858
1082638,1,5,1,0,0.5250350315577206
1082638,1,5,2,1,0.5543179916196347
1082638,1,5,3,0,0.536775701611716
1082638,1,5,4,0,0.5816632492887467
1082638,1,5,5,0,0.5157067894326071
1082638,1,5,6,0,0.5158472392310883
1082638,2,0,1,0,0.34292879586449154
1082638,2,0,2,1,0.3758145906828431
1082638,2,0,3,0,0.3938488080906707
1082638,2,0,4,0,0.4602282905161428
1082638,2,0,5,0,0.43792108377104433
1082638,2,0,6,0,0.45949297480388923
1082638,2,1,1,0,0.00020676315770243133
1082638,2,1,2,0,0.4881511531128101
1082638,2,1,3,0,0.48756148271071864
1082638,2,1,4,0,0.48647024865685395
1082638,2,1,5,0,0.4975858702072483
1082638,2,1,6,0,0.48628602533951665
1082638,2,2,1,0,0.5190878099045545
1082638,2,2,2,0,0.5457346582819104
1082638,2,2,3,0,0.5423809985898028
1082638,2,2,4,0,0.5448509898803643
1082638,2,2,5,1,0.5350637168710821
1082638,2,2,6,0,0.5115990693400252
1082638,2,3,1,0,0.5337666435806119
1082638,2,3,2,0,0.5638169988704329
1082638,2,3,3,0,0.5585545807436305
1082638,2,3,4,0,0.5565925666499939
1082638,2,3,5,0,0.5246458156249383
1082638,2,3,6,0,0.5246355576704819
1082638,2,4,1,0,0.5206506544590599
1082638,2,4,2,0,0.551039817989514
1082638,2,4,3,1,0.5606554352374578
1082638,2,4,4,0,0.5762705207465938
1082638,2,4,5,1,0.5393899851249258
1082638,2,4,6,0,0.5176374469950858
1082638,2,5,1,0,0.5250350315577206
1082638,2,5,2,1,0.5543179916196347
1082638,2,5,3,0,0.536775701611716
1082638,2,5,4,0,0.5816632492887467
1082638,2,5,5,0,0.5157067894326071
1082638,2,5,6,0,0.5158472392310883
1082639,1,0,1,0,0.34292879586449154
1082639,1,0,2,0,0.3758145906828431
1082639,1,0,3,0,0.3938488080906707
1082639,1,0,4,1,0.4602282905161428
1082639,1,0,5,0,0.43792108377104433
1082639,1,0,6,0,0.45949297480388923
1082639,1,1,1,0,0.4525308533705715
1082639,1,1,2,0,0.4881511531128101
1082639,1,1,3,0,0.48756148271071864
1082639,1,1,4,0,0.48647024865685395
1082639,1,1,5,0,0.4975858702072483
1082639,1,1,6,0,0.48628602533951665
1082639,1,2,1,0,0.5190878099045545
1082639,1,2,2,0,0.5457346582819104
1082639,1,2,3,0,0.5423809985898028
1082639,1,2,4,0,0.5448509898803643
1082639,1,2,5,0,0.5350637168710821
1082639,1,2,6,0,0.5115990693400252
1082639,1,2,7,0,0.5434680194742225
1082639,1,3,1,0,0.5337666435806119
1082639,1,3,2,1,0.5638169988704329
1082639,1,3,3,1,0.5585545807436305
1082639,1,3,4,0,0.5565925666499939
1082639,1,3,5,0,0.5246458156249383
1082639,1,3,6,0,0.5246355576704819
1082639,1,4,1,0,0.5206506544590599
1082639,1,4,2,1,0.551039817989514
1082639,1,4,3,0,0.5606554352374578
1082639,1,4,4,1,0.5762705207465938
1082639,1,4,5,0,0.5393899851249258
1082639,1,4,6,0,9.72386209166237e-05
1082639,1,4,7,0,0.5314435327996707
1082639,1,5,1,0,0.5250350315577206
1082639,1,5,2,0,0.5543179916196347
1082639,1,5,3,0,0.536775701611716
1082639,1,5,4,0,0.5816632492887467
1082639,1,5,5,0,7.613948438054935e-05
1082639,1,5,6,0,0.5158472392310883
1082639,2,0,1,1,0.34292879586449154
1082639,2,0,2,1,0.3758145906828431
1082639,2,0,3,0,0.3938488080906707
1082639,2,0,4,0,0.4602282905161428
1082639,2,0,5,1,0.43792108377104433
1082639,2,0,6,0,0.45949297480388923
1082639,2,1,1,1,0.4525308533705715
1082639,2,1,2,0,0.4881511531128101
1082639,2,1,3,0,0.48756148271071864
1082639,2,1,4,1,0.48647024865685395
1082639,2,1,5,0,0.4975858702072483
1082639,2,1,6,0,0.48628602533951665
1082639,2,2,1,0,0.5190878099045545
1082639,2,2,2,1,0.5457346582819104
1082639,2,2,3,0,0.5423809985898028
1082639,2,2,4,0,0.5448509898803643
1082639,2,2,5,0,0.5350637168710821
1082639,2,2,6,0,0.5115990693400252
1082639,2,3,1,0,0.5337666435806119
1082639,2,3,2,1,0.5638169988704329
1082639,2,3,3,1,0.5585545807436305
1082639,2,3,4,0,6.256559681168003e-05
1082639,2,3,5,0,0.5246458156249383
1082639,2,3,6,0,0.5246355576704819
1082639,2,4,1,1,0.5206506544590599
1082639,2,4,2,1,0.551039817989514
1082639,2,4,3,0,0.5606554352374578
1082639,2,4,4,0,0.5762705207465938
1082639,2,4,5,0,0.5393899851249258
1082639,2,4,6,0,0.5176374469950858
1082639,2,5,1,0,0.5250350315577206
1082639,2,5,2,0,0.5543179916196347
1082639,2,5,3,1,0.536775701611716
1082639,2,5,4,1,0.5816632492887467
1082639,2,5,5,0,0.5157067894326071
1082639,2,5,6,0,0.5158472392310883
1082642,1,0,1,0,0.34292879586449154
1082642,1,0,2,0,0.3758145906828431
1082642,1,0,3,0,0.3938488080906707
1082642,1,0,4,0,0.4602282905161428
1082642,1,0,5,0,0.43792108377104433
1082642,1,0,6,0,0.00022371304020557016
1082642,1,1,1,0,0.4525308533705715
1082642,1,1,2,0,0.4881511531128101
1082642,1,1,3,0,0.48756148271071864
1082642,1,1,4,0,0.48647024865685395
1082642,1,1,5,0,0.4975858702072483
1082642,1,1,6,0,0.48628602533951665
1082642,1,2,1,0,0.0001421325131760957
1082642,1,2,2,0,0.5457346582819104
1082642,1,2,3,0,0.5423809985898028
1082642,1,2,4,0,0.5448509898803643
1082642,1,2,5,0,0.5350637168710821
1082642,1,2,6,0,0.5115990693400252
1082642,1,3,1,1,0.5337666435806119
1082642,1,3,2,0,0.5638169988704329
1082642,1,3,3,1,0.5585545807436305
1082642,1,3,4,0,0.5565925666499939
1082642,1,3,5,0,0.5246458156249383
1082642,1,3,6,1,0.5246355576704819
1082642,1,4,1,1,0.5206506544590599
1082642,1,4,2,0,0.551039817989514
1082642,1,4,3,0,0.5606554352374578
1082642,1,4,4,0,0.5762705207465938
1082642,1,4,5,1,0.5393899851249258
1082642,1,4,6,1,0.5176374469950858
1082642,1,5,1,1,0.5250350315577206
1082642,1,5,2,1,0.5543179916196347
1082642,1,5,3,0,0.536775701611716
1082642,1,5,4,0,0.5816632492887467
1082642,1,5,5,1,0.5157067894326071
1082642,1,5,6,0,0.5158472392310883
1082642,2,0,1,0,0.00038148845835141084
1082642,2,0,2,0,0.3758145906828431
1082642,2,0,3,0,0.3938488080906707
1082642,2,0,4,1,0.4602282905161428
1082642,2,0,5,0,0.43792108377104433
1082642,2,0,6,1,0.45949297480388923
1082642,2,0,7,0,0.4455858771989033
1082642,2,1,1,0,0.4525308533705715
1082642,2,1,2,0,0.4881511531128101
1082642,2,1,3,0,0.48756148271071864
1082642,2,1,4,1,0.48647024865685395
1082642,2,1,5,0,0.4975858702072483
1082642,2,1,6,0,0.48628602533951665
1082642,2,2,1,0,0.5190878099045545
1082642,2,2,2,0,0.5457346582819104
1082642,2,2,3,0,0.5423809985898028
1082642,2,2,4,0,0.5448509898803643
1082642,2,2,5,0,0.5350637168710821
1082642,2,2,6,0,0.5115990693400252
1082642,2,3,1,0,0.5337666435806119
1082642,2,3,2,0,0.5638169988704329
1082642,2,3,3,1,0.5585545807436305
1082642,2,3,4,1,0.5565925666499939
1082642,2,3,5,1,0.5246458156249383
1082642,2,3,6,0,0.5246355576704819
1082642,2,4,1,0,0.00015180114801475284
1082642,2,4,2,0,0.551039817989514
1082642,2,4,3,0,0.5606554352374578
1082642,2,4,4,0,0.5762705207465938
1082642,2,4,5,0,0.5393899851249258
1082642,2,4,6,0,0.5176374469950858
1082642,2,5,1,0,0.5250350315577206
1082642,2,5,2,0,0.5543179916196347
1082642,2,5,3,0,0.536775701611716
1082642,2,5,4,0,0.5816632492887467
1082642,2,5,5,1,0.5157067894326071
1082642,2,5,6,1,0.5158472392310883
1082642,2,5,7,0,0.5010579670010621
1082647,1,0,1,0,0.34292879586449154
1082647,1,0,2,0,0.3758145906828431
1082647,1,0,3,0,0.3938488080906707
1082647,1,0,4,0,0.4602282905161428
1082647,1,0,5,0,0.43792108377104433
1082647,1,0,6,0,0.45949297480388923
1082647,1,0,7,0,0.0005574403188046636
1082647,1,1,1,0,0.4525308533705715
1082647,1,1,2,0,0.4881511531128101
1082647,1,1,3,0,0.48756148271071864
1082647,1,1,4,0,0.48647024865685395
1082647,1,1,5,0,8.911846280782056e-05
1082647,1,1,6,0,0.48628602533951665
1082647,1,2,1,0,0.5190878099045545
1082647,1,2,2,0,0.5457346582819104
1082647,1,2,3,1,0.5423809985898028
1082647,1,2,4,1,0.5448509898803643
1082647,1,2,5,0,0.5350637168710821
1082647,1,2,6,0,0.5115990693400252
1082647,1,3,1,0,0.5337666435806119
1082647,1,3,2,0,0.5638169988704329
1082647,1,3,3,0,0.5585545807436305
1082647,1,3,4,0,0.5565925666499939
1082647,1,3,5,0,0.5246458156249383
1082647,1,3,6,0,0.5246355576704819
1082647,1,4,1,0,0.5206506544590599
1082647,1,4,2,0,0.551039817989514
1082647,1,4,3,0,0.5606554352374578
1082647,1,4,4,1,0.5762705207465938
1082647,1,4,5,0,0.5393899851249258
1082647,1,4,6,0,0.5176374469950858
1082647,1,5,1,0,0.5250350315577206
1082647,1,5,2,0,0.5543179916196347
1082647,1,5,3,0,0.536775701611716
1082647,1,5,4,0,0.5816632492887467
1082647,1,5,5,0,0.5157067894326071
1082647,1,5,6,0,0.5158472392310883
1082647,2,0,1,0,0.34292879586449154
1082647,2,0,2,0,0.3758145906828431
1082647,2,0,3,0,0.3938488080906707
1082647,2,0,4,0,0.4602282905161428
1082647,2,0,5,0,0.43792108377104433
1082647,2,0,6,0,0.45949297480388923
1082647,2,1,1,0,0.4525308533705715
1082647,2,1,2,0,0.4881511531128101
1082647,2,1,3,0,0.48756148271071864
1082647,2,1,4,0,0.48647024865685395
1082647,2,1,5,1,0.4975858702072483
1082647,2,1,6,0,0.48628602533951665
1082647,2,2,1,1,0.5190878099045545
1082647,2,2,2,0,0.5457346582819104
1082647,2,2,3,0,0.5423809985898028
1082647,2,2,4,0,0.5448509898803643
1082647,2,2,5,0,0.5350637168710821
1082647,2,2,6,0,0.5115990693400252
1082647,2,3,1,0,0.5337666435806119
1082647,2,3,2,0,0.5638169988704329
1082647,2,3,3,0,0.5585545807436305
1082647,2,3,4,1,0.5565925666499939
1082647,2,3,5,0,0.5246458156249383
1082647,2,3,6,0,0.5246355576704819
1082647,2,3,7,0,0.5656720274535049
1082647,2,3,8,0,0.6571105056916209
1082647,2,4,1,1,0.5206506544590599
1082647,2,4,2,0,0.551039817989514
1082647,2,4,3,0,7.01966065263333e-05
1082647,2,4,4,0,0.5762705207465938
1082647,2,4,5,0,0.5393899851249258
1082647,2,4,6,1,0.5176374469950858
1082647,2,5,1,0,0.00016316266614252873
1082647,2,5,2,0,0.5543179916196347
1082647,2,5,3,0,0.536775701611716
1082647,2,5,4,0,8.289229948853374e-05
1082647,2,5,5,0,0.5157067894326071
1082647,2,5,6,0,0.5158472392310883
1136565,1,0,1,0,0.34292879586449154
1136565,1,0,2,1,0.3758145906828431
1136565,1,0,3,0,0.3938488080906707
1136565,1,0,4,0,0.4602282905161428
1136565,1,0,5,0,0.43792108377104433
1136565,1,0,6,1,0.45949297480388923
1136565,1,0,7,1,0.4455858771989033
1136565,1,1,1,0,0.4525308533705715
1136565,1,1,2,0,0.4881511531128101
1136565,1,1,3,0,9.24106665955198e-05
1136565,1,1,4,0,0.48647024865685395
1136565,1,1,5,0,0.4975858702072483
1136565,1,1,6,0,0.48628602533951665
1136565,1,2,1,1,0.5190878099045545
1136565,1,2,2,0,0.5457346582819104
1136565,1,2,3,1,0.5423809985898028
1136565,1,2,4,0,0.5448509898803643
1136565,1,2,5,1,0.5350637168710821
1136565,1,2,6,0,0.5115990693400252
1136565,1,3,1,0,0.5337666435806119
1136565,1,3,2,0,0.5638169988704329
1136565,1,3,3,0,0.5585545807436305
1136565,1,3,4,0,0.5565925666499939
1136565,1,3,5,0,0.5246458156249383
1136565,1,3,6,0,0.5246355576704819
1136565,1,4,1,0,0.5206506544590599
1136565,1,4,2,0,0.551039817989514
1136565,1,4,3,0,0.5606554352374578
1136565,1,4,4,1,0.5762705207465938
1136565,1,4,5,0,0.5393899851249258
1136565,1,4,6,1,0.5176374469950858
1136565,1,5,1,1,0.5250350315577206
1136565,1,5,2,0,8.238543178915683e-05
1136565,1,5,3,0,0.536775701611716
1136565,1,5,4,0,0.5816632492887467
1136565,1,5,5,1,0.5157067894326071
1136565,1,5,6,1,0.5158472392310883
1136565,2,0,1,0,0.34292879586449154
1136565,2,0,2,0,0.3758145906828431
1136565,2,0,3,0,0.3938488080906707
1136565,2,0,4,1,0.4602282905161428
1136565,2,0,5,1,0.43792108377104433
1136565,2,0,6,1,0.45949297480388923
1136565,2,1,1,0,0.4525308533705715
1136565,2,1,2,0,0.4881511531128101
1136565,2,1,3,0,0.48756148271071864
1136565,2,1,4,0,0.48647024865685395
1136565,2,1,5,1,0.4975858702072483
1136565,2,1,6,0,0.48628602533951665
1136565,2,2,1,0,0.5190878099045545
1136565,2,2,2,0,0.5457346582819104
1136565,2,2,3,0,0.5423809985898028
1136565,2,2,4,1,0.5448509898803643
1136565,2,2,5,0,0.5350637168710821
1136565,2,2,6,0,0.5115990693400252
1136565,2,3,1,1,0.5337666435806119
1136565,2,3,2,0,0.5638169988704329
1136565,2,3,3,1,0.5585545807436305
1136565,2,3,4,1,0.5565925666499939
1136565,2,3,5,0,0.5246458156249383
1136565,2,3,6,0,0.5246355576704819
1136565,2,4,1,0,0.5206506544590599
1136565,2,4,2,0,0.551039817989514
1136565,2,4,3,0,0.5606554352374578
1136565,2,4,4,1,0.5762705207465938
1136565,2,4,5,0,0.5393899851249258
1136565,2,4,6,0,0.5176374469950858
1136565,2,5,1,1,0.5250350315577206
1136565,2,5,2,1,0.5543179916196347
1136565,2,5,3,0,0.536775701611716
1136565,2,5,4,0,0.5816632492887467
1136565,2,5,5,0,7.613948438054935e-05
1136565,2,5,6,0,0.5158472392310883
1136566,1,0,1,0,0.34292879586449154
1136566,1,0,2,0,0.3758145906828431
1136566,1,0,3,0,0.3938488080906707
1136566,1,0,4,0,0.4602282905161428
1136566,1,0,5,0,0.43792108377104433
1136566,1,0,6,0,0.45949297480388923
1136566,1,1,1,1,0.4525308533705715
1136566,1,1,2,0,9.924247765745456e-05
1136566,1,1,3,0,0.48756148271071864
1136566,1,1,4,0,0.48647024865685395
1136566,1,1,5,0,0.4975858702072483
1136566,1,1,6,0,0.48628602533951665
1136566,1,2,1,0,0.5190878099045545
1136566,1,2,2,0,0.5457346582819104
1136566,1,2,3,1,0.5423809985898028
1136566,1,2,4,0,0.5448509898803643
1136566,1,2,5,0,0.5350637168710821
1136566,1,2,6,0,0.5115990693400252
1136566,1,3,1,0,0.5337666435806119
1136566,1,3,2,0,0.5638169988704329
1136566,1,3,3,0,0.5585545807436305
1136566,1,3,4,1,0.5565925666499939
1136566,1,3,5,0,0.5246458156249383
1136566,1,3,6,0,0.5246355576704819
1136566,1,4,1,0,0.00015180114801475284
1136566,1,4,2,0,0.551039817989514
1136566,1,4,3,1,0.5606554352374578
1136566,1,4,4,1,0.5762705207465938
1136566,1,4,5,0,0.5393899851249258
1136566,1,4,6,1,0.5176374469950858
1136566,1,5,1,0,0.5250350315577206
1136566,1,5,2,0,0.5543179916196347
1136566,1,5,3,0,0.536775701611716
1136566,1,5,4,0,0.5816632492887467
1136566,1,5,5,0,0.5157067894326071
1136566,1,5,6,0,0.5158472392310883
1136566,2,0,1,0,0.00038148845835141084
1136566,2,0,2,0,0.3758145906828431
1136566,2,0,3,1,0.3938488080906707
1136566,2,0,4,0,0.4602282905161428
1136566,2,0,5,1,0.43792108377104433
1136566,2,0,6,0,0.45949297480388923
1136566,2,1,1,0,0.4525308533705715
1136566,2,1,2,0,0.4881511531128101
1136566,2,1,3,0,0.48756148271071864
1136566,2,1,4,0,0.48647024865685395
1136566,2,1,5,0,0.4975858702072483
1136566,2,1,6,0,0.48628602533951665
1136566,2,1,7,0,0.5312862305625888
1136566,2,2,1,0,0.5190878099045545
1136566,2,2,2,0,0.5457346582819104
1136566,2,2,3,0,0.5423809985898028
1136566,2,2,4,1,0.5448509898803643
1136566,2,2,5,1,0.5350637168710821
1136566,2,2,6,1,0.5115990693400252
1136566,2,3,1,0,0.5337666435806119
1136566,2,3,2,0,0.5638169988704329
1136566,2,3,3,0,0.5585545807436305
1136566,2,3,4,0,6.256559681168003e-05
1136566,2,3,5,0,0.5246458156249383
1136566,2,3,6,0,0.5246355576704819
1136566,2,4,1,0,0.5206506544590599
1136566,2,4,2,1,0.551039817989514
1136566,2,4,3,0,0.5606554352374578
1136566,2,4,4,1,0.5762705207465938
1136566,2,4,5,0,0.5393899851249258
1136566,2,4,6,0,9.72386209166237e-05
1136566,2,5,1,0,0.5250350315577206
1136566,2,5,2,0,0.5543179916196347
1136566,2,5,3,0,0.536775701611716
1136566,2,5,4,0,8.289229948853374e-05
1136566,2,5,5,1,0.5157067894326071
1136566,2,5,6,1,0.5158472392310883
1136567,1,0,1,0,0.34292879586449154
1136567,1,0,2,0,0.3758145906828431
1136567,1,0,3,0,0.3938488080906707
1136567,1,0,4,0,0.4602282905161428
1136567,1,0,5,0,0.43792108377104433
1136567,1,0,6,0,0.45949297480388923
1136567,1,1,1,0,0.4525308533705715
1136567,1,1,2,1,0.4881511531128101
1136567,1,1,3,0,0.48756148271071864
1136567,1,1,4,0,0.48647024865685395
1136567,1,1,5,1,0.4975858702072483
1136567,1,1,6,0,0.00010856370594880755
1136567,1,2,1,1,0.5190878099045545
1136567,1,2,2,0,0.5457346582819104
1136567,1,2,3,0,0.5423809985898028
1136567,1,2,4,0,0.5448509898803643
1136567,1,2,5,1,0.5350637168710821
1136567,1,2,6,1,0.5115990693400252
1136567,1,3,1,1,0.5337666435806119
1136567,1,3,2,0,0.5638169988704329
1136567,1,3,3,0,0.5585545807436305
1136567,1,3,4,1,0.5565925666499939
1136567,1,3,5,0,0.5246458156249383
1136567,1,3,6,1,0.5246355576704819
1136567,1,3,7,0,0.5656720274535049
1136567,1,4,1,0,0.5206506544590599
1136567,1,4,2,0,0.551039817989514
1136567,1,4,3,0,0.5606554352374578
1136567,1,4,4,0,0.5762705207465938
1136567,1,4,5,0,0.5393899851249258
1136567,1,4,6,0,0.5176374469950858
1136567,1,5,1,0,0.5250350315577206
1136567,1,5,2,0,8.238543178915683e-05
1136567,1,5,3,0,0.536775701611716
1136567,1,5,4,1,0.5816632492887467
1136567,1,5,5,0,0.5157067894326071
1136567,1,5,6,0,0.00010310924426488355
1136567,2,0,1,0,0.34292879586449154
1136567,2,0,2,1,0.3758145906828431
1136567,2,0,3,0,0.3938488080906707
1136567,2,0,4,0,0.4602282905161428
1136567,2,0,5,0,0.43792108377104433
1136567,2,0,6,0,0.45949297480388923
1136567,2,1,1,0,0.4525308533705715
1136567,2,1,2,0,0.4881511531128101
1136567,2,1,3,0,0.48756148271071864
1136567,2,1,4,0,0.48647024865685395
1136567,2,1,5,1,0.4975858702072483
1136567,2,1,6,0,0.48628602533951665
1136567,2,2,1,1,0.5190878099045545
1136567,2,2,2,0,0.5457346582819104
1136567,2,2,3,1,0.5423809985898028
1136567,2,2,4,0,0.5448509898803643
1136567,2,2,5,1,0.5350637168710821
1136567,2,2,6,0,0.5115990693400252
1136567,2,3,1,0,0.5337666435806119
1136567,2,3,2,0,0.5638169988704329
1136567,2,3,3,0,0.5585545807436305
1136567,2,3,4,1,0.5565925666499939
1136567,2,3,5,0,0.5246458156249383
1136567,2,3,6,0,0.5246355576704819
1136567,2,4,1,0,0.5206506544590599
1136567,2,4,2,0,0.551039817989514
1136567,2,4,3,0,0.5606554352374578
1136567,2,4,4,0,0.5762705207465938
1136567,2,4,5,0,0.5393899851249258
1136567,2,4,6,0,0.5176374469950858
1136567,2,5,1,1,0.5250350315577206
1136567,2,5,2,0,0.5543179916196347
1136567,2,5,3,0,0.536775701611716
1136567,2,5,4,0,0.5816632492887467
1136567,2,5,5,1,0.5157067894326071
1136567,2,5,6,1,0.5158472392310883
1136570,1,0,1,0,0.34292879586449154
1136570,1,0,2,0,0.3758145906828431
1136570,1,0,3,0,0.3938488080906707
1136570,1,0,4,0,0.4602282905161428
1136570,1,0,5,0,0.43792108377104433
1136570,1,0,6,0,0.45949297480388923
1136570,1,1,1,0,0.4525308533705715
1136570,1,1,2,0,0.4881511531128101
1136570,1,1,3,1,0.48756148271071864
1136570,1,1,4,1,0.48647024865685395
1136570,1,1,5,0,0.4975858702072483
1136570,1,1,6,0,0.48628602533951665
1136570,1,2,1,0,0.5190878099045545
1136570,1,2,2,1,0.5457346582819104
1136570,1,2,3,0,0.5423809985898028
1136570,1,2,4,0,6.313139414108697e-05
1136570,1,2,5,1,0.5350637168710821
1136570,1,2,6,0,0.5115990693400252
1136570,1,3,1,0,0.5337666435806119
1136570,1,3,2,0,0.5638169988704329
1136570,1,3,3,0,0.5585545807436305
1136570,1,3,4,0,0.5565925666499939
1136570,1,3,5,0,0.5246458156249383
1136570,1,3,6,0,0.5246355576704819
1136570,1,4,1,0,0.5206506544590599
1136570,1,4,2,1,0.551039817989514
1136570,1,4,3,1,0.5606554352374578
1136570,1,4,4,0,0.5762705207465938
1136570,1,4,5,0,0.5393899851249258
1136570,1,4,6,1,0.5176374469950858
1136570,1,5,1,0,0.5250350315577206
1136570,1,5,2,0,0.5543179916196347
1136570,1,5,3,0,0.536775701611716
1136570,1,5,4,1,0.5816632492887467
1136570,1,5,5,0,0.5157067894326071
1136570,1,5,6,1,0.5158472392310883
1136570,2,0,1,0,0.34292879586449154
1136570,2,0,2,0,0.3758145906828431
1136570,2,0,3,0,0.3938488080906707
1136570,2,0,4,0,0.4602282905161428
1136570,2,0,5,0,0.43792108377104433
1136570,2,0,6,0,0.45949297480388923
1136570,2,0,7,1,0.4455858771989033
1136570,2,0,8,0,0.3455787779741998
1136570,2,1,1,0,0.4525308533705715
1136570,2,1,2,1,0.4881511531128101
1136570,2,1,3,0,0.48756148271071864
1136570,2,1,4,0,0.48647024865685395
1136570,2,1,5,1,0.4975858702072483
1136570,2,1,6,0,0.48628602533951665
1136570,2,2,1,0,0.5190878099045545
1136570,2,2,2,0,0.5457346582819104
1136570,2,2,3,1,0.5423809985898028
1136570,2,2,4,0,0.5448509898803643
1136570,2,2,5,1,0.5350637168710821
1136570,2,2,6,1,0.5115990693400252
1136570,2,2,7,0,0.5434680194742225
1136570,2,3,1,0,0.00015952827975369624
1136570,2,3,2,0,0.5638169988704329
1136570,2,3,3,0,0.5585545807436305
1136570,2,3,4,0,0.5565925666499939
1136570,2,3,5,0,0.5246458156249383
1136570,2,3,6,0,0.5246355576704819
1136570,2,4,1,0,0.5206506544590599
1136570,2,4,2,0,0.551039817989514
1136570,2,4,3,1,0.5606554352374578
1136570,2,4,4,1,0.5762705207465938
1136570,2,4,5,0,0.5393899851249258
1136570,2,4,6,0,0.5176374469950858
1136570,2,5,1,0,0.5250350315577206
1136570,2,5,2,0,8.238543178915683e-05
1136570,2,5,3,0,0.536775701611716
1136570,2,5,4,0,0.5816632492887467
1136570,2,5,5,0,0.5157067894326071
1136570,2,5,6,0,0.5158472392310883
1136570,2,5,7,0,0.5010579670010621
1136571,1,0,1,0,0.34292879586449154
1136571,1,0,2,0,0.3758145906828431
1136571,1,0,3,0,0.3938488080906707
1136571,1,0,4,0,0.4602282905161428
1136571,1,0,5,0,0.43792108377104433
1136571,1,0,6,0,0.45949297480388923
1136571,1,1,1,0,0.4525308533705715
1136571,1,1,2,0,0.4881511531128101
1136571,1,1,3,1,0.48756148271071864
1136571,1,1,4,0,0.48647024865685395
1136571,1,1,5,0,0.4975858702072483
1136571,1,1,6,0,0.48628602533951665
1136571,1,1,7,0,0.5312862305625888
1136571,1,2,1,0,0.5190878099045545
1136571,1,2,2,0,0.5457346582819104
1136571,1,2,3,0,0.5423809985898028
1136571,1,2,4,1,0.5448509898803643
1136571,1,2,5,1,0.5350637168710821
1136571,1,2,6,0,0.5115990693400252
1136571,1,3,1,0,0.5337666435806119
1136571,1,3,2,0,0.5638169988704329
1136571,1,3,3,0,0.5585545807436305
1136571,1,3,4,1,0.5565925666499939
1136571,1,3,5,0,0.5246458156249383
1136571,1,3,6,0,0.5246355576704819
1136571,1,3,7,1,0.5656720274535049
1136571,1,4,1,0,0.5206506544590599
1136571,1,4,2,0,0.551039817989514
1136571,1,4,3,1,0.5606554352374578
1136571,1,4,4,0,0.5762705207465938
1136571,1,4,5,0,0.5393899851249258
1136571,1,4,6,1,0.5176374469950858
1136571,1,5,1,0,0.5250350315577206
1136571,1,5,2,0,0.5543179916196347
1136571,1,5,3,1,0.536775701611716
1136571,1,5,4,0,8.289229948853374e-05
1136571,1,5,5,0,0.5157067894326071
1136571,1,5,6,0,0.5158472392310883
1136571,1,5,7,0,0.5010579670010621
1136571,2,0,1,1,0.34292879586449154
1136571,2,0,2,0,0.3758145906828431
1136571,2,0,3,0,0.3938488080906707
1136571,2,0,4,0,0.0001682578208106649
1136571,2,0,5,0,0.43792108377104433
1136571,2,0,6,0,0.45949297480388923
1136571,2,1,1,1,0.4525308533705715
1136571,2,1,2,0,0.4881511531128101
1136571,2,1,3,1,0.48756148271071864
1136571,2,1,4,1,0.48647024865685395
1136571,2,1,5,0,0.4975858702072483
1136571,2,1,6,0,0.48628602533951665
1136571,2,2,1,0,0.5190878099045545
1136571,2,2,2,1,0.5457346582819104
1136571,2,2,3,0,0.5423809985898028
1136571,2,2,4,0,0.5448509898803643
1136571,2,2,5,0,0.5350637168710821
1136571,2,2,6,1,0.5115990693400252
1136571,2,3,1,0,0.5337666435806119
1136571,2,3,2,0,0.5638169988704329
1136571,2,3,3,1,0.5585545807436305
1136571,2,3,4,0,0.5565925666499939
1136571,2,3,5,0,0.5246458156249383
1136571,2,3,6,0,0.5246355576704819
1136571,2,4,1,0,0.5206506544590599
1136571,2,4,2,0,0.551039817989514
1136571,2,4,3,0,0.5606554352374578
1136571,2,4,4,1,0.5762705207465938
1136571,2,4,5,1,0.5393899851249258
1136571,2,4,6,0,0.5176374469950858
1136571,2,5,1,1,0.5250350315577206
1136571,2,5,2,0,0.5543179916196347
1136571,2,5,3,0,0.536775701611716
1136571,2,5,4,0,0.5816632492887467
1136571,2,5,5,1,0.5157067894326071
1136571,2,5,6,0,0.5158472392310883
1136571,2,5,7,0,0.5010579670010621
1136572,1,0,1,0,0.34292879586449154
1136572,1,0,2,1,0.3758145906828431
1136572,1,0,3,0,0.3938488080906707
1136572,1,0,4,0,0.4602282905161428
1136572,1,0,5,0,0.43792108377104433
1136572,1,0,6,1,0.45949297480388923
1136572,1,1,1,1,0.4525308533705715
1136572,1,1,2,0,0.4881511531128101
1136572,1,1,3,0,0.48756148271071864
1136572,1,1,4,0,0.48647024865685395
1136572,1,1,5,0,0.4975858702072483
1136572,1,1,6,0,0.48628602533951665
1136572,1,2,1,0,0.5190878099045545
1136572,1,2,2,0,0.5457346582819104
1136572,1,2,3,0,0.5423809985898028
1136572,1,2,4,0,0.5448509898803643
1136572,1,2,5,1,0.5350637168710821
1136572,1,2,6,0,0.5115990693400252
1136572,1,3,1,1,0.5337666435806119
1136572,1,3,2,1,0.5638169988704329
1136572,1,3,3,0,0.5585545807436305
1136572,1,3,4,1,0.5565925666499939
1136572,1,3,5,0,0.5246458156249383
1136572,1,3,6,1,0.5246355576704819
1136572,1,4,1,1,0.5206506544590599
1136572,1,4,2,0,0.551039817989514
1136572,1,4,3,0,0.5606554352374578
1136572,1,4,4,1,0.5762705207465938
1136572,1,4,5,0,0.5393899851249258
1136572,1,4,6,1,0.5176374469950858
1136572,1,5,1,0,0.5250350315577206
1136572,1,5,2,1,0.5543179916196347
1136572,1,5,3,1,0.536775701611716
1136572,1,5,4,1,0.5816632492887467
1136572,1,5,5,0,0.5157067894326071
1136572,1,5,6,1,0.5158472392310883
1136572,1,5,7,0,0.5010579670010621
1136572,2,0,1,0,0.34292879586449154
1136572,2,0,2,0,0.3758145906828431
1136572,2,0,3,0,0.3938488080906707
1136572,2,0,4,0,0.4602282905161428
1136572,2,0,5,0,0.43792108377104433
1136572,2,0,6,0,0.45949297480388923
1136572,2,0,7,0,0.4455858771989033
1136572,2,0,8,0,0.3455787779741998
1136572,2,1,1,0,0.4525308533705715
1136572,2,1,2,1,0.4881511531128101
1136572,2,1,3,1,0.48756148271071864
1136572,2,1,4,0,0.48647024865685395
1136572,2,1,5,0,0.4975858702072483
1136572,2,1,6,0,0.00010856370594880755
1136572,2,2,1,0,0.5190878099045545
1136572,2,2,2,0,0.5457346582819104
1136572,2,2,3,1,0.5423809985898028
1136572,2,2,4,0,0.5448509898803643
1136572,2,2,5,0,0.5350637168710821
1136572,2,2,6,1,0.5115990693400252
1136572,2,3,1,0,0.5337666435806119
1136572,2,3,2,0,0.5638169988704329
1136572,2,3,3,0,0.5585545807436305
1136572,2,3,4,1,0.5565925666499939
1136572,2,3,5,0,0.5246458156249383
1136572,2,3,6,0,0.5246355576704819
1136572,2,4,1,0,0.00015180114801475284
1136572,2,4,2,1,0.551039817989514
1136572,2,4,3,0,0.5606554352374578
1136572,2,4,4,0,0.5762705207465938
1136572,2,4,5,0,0.5393899851249258
1136572,2,4,6,0,0.5176374469950858
1136572,2,5,1,0,0.5250350315577206
1136572,2,5,2,1,0.5543179916196347
1136572,2,5,3,0,0.536775701611716
1136572,2,5,4,0,0.5816632492887467
1136572,2,5,5,0,0.5157067894326071
1136572,2,5,6,0,0.5158472392310883
1136573,1,0,1,0,0.34292879586449154
1136573,1,0,2,0,0.3758145906828431
1136573,1,0,3,0,0.3938488080906707
1136573,1,0,4,0,0.4602282905161428
1136573,1,0,5,0,0.43792108377104433
1136573,1,0,6,0,0.45949297480388923
1136573,1,1,1,0,0.4525308533705715
1136573,1,1,2,0,0.4881511531128101
1136573,1,1,3,0,0.48756148271071864
1136573,1,1,4,1,0.48647024865685395
1136573,1,1,5,0,0.4975858702072483
1136573,1,1,6,0,0.48628602533951665
1136573,1,2,1,0,0.5190878099045545
1136573,1,2,2,0,0.5457346582819104
1136573,1,2,3,0,6.163767430463305e-05
1136573,1,2,4,0,0.5448509898803643
1136573,1,2,5,0,0.5350637168710821
1136573,1,2,6,1,0.5115990693400252
1136573,1,3,1,0,0.5337666435806119
1136573,1,3,2,0,0.5638169988704329
1136573,1,3,3,1,0.5585545807436305
1136573,1,3,4,0,0.5565925666499939
1136573,1,3,5,0,0.5246458156249383
1136573,1,3,6,0,0.5246355576704819
1136573,1,4,1,0,0.5206506544590599
1136573,1,4,2,0,0.551039817989514
1136573,1,4,3,1,0.5606554352374578
1136573,1,4,4,0,0.5762705207465938
1136573,1,4,5,1,0.5393899851249258
1136573,1,4,6,1,0.5176374469950858
1136573,1,5,1,0,0.5250350315577206
1136573,1,5,2,1,0.5543179916196347
1136573,1,5,3,0,0.536775701611716
1136573,1,5,4,1,0.5816632492887467
1136573,1,5,5,1,0.5157067894326071
1136573,1,5,6,0,0.5158472392310883
1136573,2,0,1,0,0.34292879586449154
1136573,2,0,2,0,0.3758145906828431
1136573,2,0,3,0,0.3938488080906707
1136573,2,0,4,0,0.4602282905161428
1136573,2,0,5,0,0.43792108377104433
1136573,2,0,6,0,0.00022371304020557016
1136573,2,0,7,0,0.4455858771989033
1136573,2,1,1,0,0.4525308533705715
1136573,2,1,2,1,0.4881511531128101
1136573,2,1,3,0,0.48756148271071864
1136573,2,1,4,1,0.48647024865685395
1136573,2,1,5,0,8.911846280782056e-05
1136573,2,1,6,0,0.48628602533951665
1136573,2,1,7,0,0.5312862305625888
1136573,2,1,8,0,0.546464200793984
1136573,2,2,1,0,0.5190878099045545
1136573,2,2,2,0,0.5457346582819104
1136573,2,2,3,0,0.5423809985898028
1136573,2,2,4,0,0.5448509898803643
1136573,2,2,5,1,0.5350637168710821
1136573,2,2,6,0,0.5115990693400252
1136573,2,2,7,0,0.00022393074152472908
1136573,2,3,1,0,0.5337666435806119
1136573,2,3,2,1,0.5638169988704329
1136573,2,3,3,0,0.5585545807436305
1136573,2,3,4,1,0.5565925666499939
1136573,2,3,5,0,0.5246458156249383
1136573,2,3,6,0,0.5246355576704819
1136573,2,3,7,1,0.5656720274535049
1136573,2,4,1,0,0.5206506544590599
1136573,2,4,2,0,0.551039817989514
1136573,2,4,3,0,0.5606554352374578
1136573,2,4,4,0,0.5762705207465938
1136573,2,4,5,1,0.5393899851249258
1136573,2,4,6,0,0.5176374469950858
1136573,2,5,1,0,0.5250350315577206
1136573,2,5,2,0,0.5543179916196347
1136573,2,5,3,1,0.536775701611716
1136573,2,5,4,1,0.5816632492887467
1136573,2,5,5,0,0.5157067894326071
1136573,2,5,6,0,0.5158472392310883
1136576,1,0,1,0,0.34292879586449154
1136576,1,0,2,0,0.3758145906828431
1136576,1,0,3,0,0.3938488080906707
1136576,1,0,4,0,0.4602282905161428
1136576,1,0,5,0,0.43792108377104433
1136576,1,0,6,0,0.45949297480388923
1136576,1,1,1,0,0.4525308533705715
1136576,1,1,2,0,0.4881511531128101
1136576,1,1,3,0,0.48756148271071864
1136576,1,1,4,0,0.48647024865685395
1136576,1,1,5,0,0.4975858702072483
1136576,1,1,6,0,0.48628602533951665
1136576,1,2,1,1,0.5190878099045545
1136576,1,2,2,0,0.5457346582819104
1136576,1,2,3,0,0.5423809985898028
1136576,1,2,4,0,0.5448509898803643
1136576,1,2,5,0,0.5350637168710821
1136576,1,2,6,0,0.5115990693400252
1136576,1,3,1,0,0.5337666435806119
1136576,1,3,2,0,0.5638169988704329
1136576,1,3,3,1,0.5585545807436305
1136576,1,3,4,1,0.5565925666499939
1136576,1,3,5,0,0.5246458156249383
1136576,1,3,6,0,0.5246355576704819
1136576,1,4,1,0,0.5206506544590599
1136576,1,4,2,1,0.551039817989514
1136576,1,4,3,0,0.5606554352374578
1136576,1,4,4,0,0.5762705207465938
1136576,1,4,5,1,0.5393899851249258
1136576,1,4,6,0,0.5176374469950858
1136576,1,5,1,0,0.5250350315577206
1136576,1,5,2,0,0.5543179916196347
1136576,1,5,3,0,0.536775701611716
1136576,1,5,4,0,0.5816632492887467
1136576,1,5,5,1,0.5157067894326071
1136576,1,5,6,1,0.5158472392310883
1136576,2,0,1,0,0.34292879586449154
1136576,2,0,2,0,0.3758145906828431
1136576,2,0,3,0,0.3938488080906707
1136576,2,0,4,0,0.4602282905161428
1136576,2,0,5,0,0.43792108377104433
1136576,2,0,6,0,0.00022371304020557016
1136576,2,0,7,0,0.4455858771989033
1136576,2,1,1,0,0.4525308533705715
1136576,2,1,2,1,0.4881511531128101
1136576,2,1,3,0,0.48756148271071864
1136576,2,1,4,1,0.48647024865685395
1136576,2,1,5,0,8.911846280782056e-05
1136576,2,1,6,1,0.48628602533951665
1136576,2,2,1,0,0.5190878099045545
1136576,2,2,2,0,0.5457346582819104
1136576,2,2,3,0,0.5423809985898028
1136576,2,2,4,0,0.5448509898803643
1136576,2,2,5,0,0.5350637168710821
1136576,2,2,6,0,0.5115990693400252
1136576,2,3,1,0,0.5337666435806119
1136576,2,3,2,0,0.5638169988704329
1136576,2,3,3,0,0.5585545807436305
1136576,2,3,4,1,0.5565925666499939
1136576,2,3,5,0,0.5246458156249383
1136576,2,3,6,0,0.5246355576704819
1136576,2,4,1,1,0.5206506544590599
1136576,2,4,2,0,0.551039817989514
1136576,2,4,3,0,0.5606554352374578
1136576,2,4,4,0,0.5762705207465938
1136576,2,4,5,0,0.5393899851249258
1136576,2,4,6,0,9.72386209166237e-05
1136576,2,5,1,0,0.5250350315577206
1136576,2,5,2,0,0.5543179916196347
1136576,2,5,3,0,0.536775701611716
1136576,2,5,4,0,0.5816632492887467
1136576,2,5,5,0,0.5157067894326071
1136576,2,5,6,0,0.5158472392310883
1136583,1,0,1,0,0.34292879586449154
1136583,1,0,2,0,0.3758145906828431
1136583,1,0,3,1,0.3938488080906707
1136583,1,0,4,1,0.4602282905161428
1136583,1,0,5,0,0.43792108377104433
1136583,1,0,6,0,0.45949297480388923
1136583,1,1,1,0,0.4525308533705715
1136583,1,1,2,0,0.4881511531128101
1136583,1,1,3,1,0.48756148271071864
1136583,1,1,4,0,0.48647024865685395
1136583,1,1,5,0,8.911846280782056e-05
1136583,1,1,6,0,0.48628602533951665
1136583,1,1,7,0,0.0002702739254064445
1136583,1,2,1,0,0.5190878099045545
1136583,1,2,2,0,0.5457346582819104
1136583,1,2,3,1,0.5423809985898028
1136583,1,2,4,0,0.5448509898803643
1136583,1,2,5,0,0.5350637168710821
1136583,1,2,6,0,0.5115990693400252
1136583,1,3,1,0,0.5337666435806119
1136583,1,3,2,1,0.5638169988704329
1136583,1,3,3,0,0.5585545807436305
1136583,1,3,4,0,0.5565925666499939
1136583,1,3,5,0,0.5246458156249383
1136583,1,3,6,1,0.5246355576704819
1136583,1,4,1,1,0.5206506544590599
1136583,1,4,2,0,0.551039817989514
1136583,1,4,3,0,0.5606554352374578
1136583,1,4,4,0,0.5762705207465938
1136583,1,4,5,0,7.839876431801788e-05
1136583,1,4,6,0,0.5176374469950858
1136583,1,4,7,0,0.5314435327996707
1136583,1,5,1,0,0.5250350315577206
1136583,1,5,2,0,0.5543179916196347
1136583,1,5,3,0,6.970130872207562e-05
1136583,1,5,4,0,0.5816632492887467
1136583,1,5,5,0,0.5157067894326071
1136583,1,5,6,0,0.5158472392310883
1136583,2,0,1,0,0.34292879586449154
1136583,2,0,2,0,0.3758145906828431
1136583,2,0,3,0,0.3938488080906707
1136583,2,0,4,0,0.4602282905161428
1136583,2,0,5,0,0.43792108377104433
1136583,2,0,6,0,0.45949297480388923
1136583,2,0,7,0,0.4455858771989033
1136583,2,1,1,1,0.4525308533705715
1136583,2,1,2,0,0.4881511531128101
1136583,2,1,3,0,0.48756148271071864
1136583,2,1,4,0,0.48647024865685395
1136583,2,1,5,0,0.4975858702072483
1136583,2,1,6,0,0.48628602533951665
1136583,2,2,1,1,0.5190878099045545
1136583,2,2,2,0,0.5457346582819104
1136583,2,2,3,0,0.5423809985898028
1136583,2,2,4,0,0.5448509898803643
1136583,2,2,5,0,7.095521043020302e-05
1136583,2,2,6,0,0.5115990693400252
1136583,2,3,1,0,0.5337666435806119
1136583,2,3,2,0,0.5638169988704329
1136583,2,3,3,1,0.5585545807436305
1136583,2,3,4,0,0.5565925666499939
1136583,2,3,5,0,0.5246458156249383
1136583,2,3,6,0,8.912938714004702e-05
1136583,2,4,1,0,0.5206506544590599
1136583,2,4,2,0,0.551039817989514
1136583,2,4,3,0,0.5606554352374578
1136583,2,4,4,0,0.5762705207465938
1136583,2,4,5,0,0.5393899851249258
1136583,2,4,6,0,0.5176374469950858
1136583,2,5,1,0,0.5250350315577206
1136583,2,5,2,0,8.238543178915683e-05
1136583,2,5,3,0,0.536775701611716
1136583,2,5,4,0,0.5816632492887467
1136583,2,5,5,0,0.5157067894326071
1136583,2,5,6,0,0.5158472392310883
1136584,1,0,1,0,0.34292879586449154
1136584,1,0,2,0,0.3758145906828431
1136584,1,0,3,0,0.3938488080906707
1136584,1,0,4,1,0.4602282905161428
1136584,1,0,5,0,0.43792108377104433
1136584,1,0,6,0,0.45949297480388923
1136584,1,1,1,0,0.4525308533705715
1136584,1,1,2,0,0.4881511531128101
1136584,1,1,3,1,0.48756148271071864
1136584,1,1,4,0,0.48647024865685395
1136584,1,1,5,0,0.4975858702072483
1136584,1,1,6,0,0.48628602533951665
1136584,1,2,1,0,0.5190878099045545
1136584,1,2,2,0,0.5457346582819104
1136584,1,2,3,1,0.5423809985898028
1136584,1,2,4,0,0.5448509898803643
1136584,1,2,5,1,0.5350637168710821
1136584,1,2,6,0,0.5115990693400252
1136584,1,3,1,0,0.5337666435806119
1136584,1,3,2,0,0.5638169988704329
1136584,1,3,3,0,0.5585545807436305
1136584,1,3,4,0,0.5565925666499939
1136584,1,3,5,1,0.5246458156249383
1136584,1,3,6,0,0.5246355576704819
1136584,1,4,1,0,0.5206506544590599
1136584,1,4,2,0,7.766533673193968e-05
1136584,1,4,3,0,0.5606554352374578
1136584,1,4,4,0,0.5762705207465938
1136584,1,4,5,0,0.5393899851249258
1136584,1,4,6,0,0.5176374469950858
1136584,1,5,1,0,0.5250350315577206
1136584,1,5,2,1,0.5543179916196347
1136584,1,5,3,0,0.536775701611716
1136584,1,5,4,1,0.5816632492887467
1136584,1,5,5,1,0.5157067894326071
1136584,1,5,6,0,0.5158472392310883
1136584,2,0,1,0,0.34292879586449154
1136584,2,0,2,0,0.3758145906828431
1136584,2,0,3,0,0.3938488080906707
1136584,2,0,4,0,0.4602282905161428
1136584,2,0,5,1,0.43792108377104433
1136584,2,0,6,0,0.00022371304020557016
1136584,2,1,1,0,0.4525308533705715
1136584,2,1,2,0,0.4881511531128101
1136584,2,1,3,0,0.48756148271071864
1136584,2,1,4,0,0.48647024865685395
1136584,2,1,5,0,0.4975858702072483
1136584,2,1,6,0,0.48628602533951665
1136584,2,2,1,0,0.5190878099045545
1136584,2,2,2,0,0.5457346582819104
1136584,2,2,3,1,0.5423809985898028
1136584,2,2,4,1,0.5448509898803643
1136584,2,2,5,0,0.5350637168710821
1136584,2,2,6,0,0.5115990693400252
1136584,2,3,1,1,0.5337666435806119
1136584,2,3,2,0,0.5638169988704329
1136584,2,3,3,0,0.5585545807436305
1136584,2,3,4,0,0.5565925666499939
1136584,2,3,5,1,0.5246458156249383
1136584,2,3,6,0,0.5246355576704819
1136584,2,4,1,0,0.5206506544590599
1136584,2,4,2,1,0.551039817989514
1136584,2,4,3,0,0.5606554352374578
1136584,2,4,4,0,0.5762705207465938
1136584,2,4,5,1,0.5393899851249258
1136584,2,4,6,0,0.5176374469950858
1136584,2,4,7,1,0.5314435327996707
1136584,2,5,1,0,0.00016316266614252873
1136584,2,5,2,0,0.5543179916196347
1136584,2,5,3,1,0.536775701611716
1136584,2,5,4,0,0.5816632492887467
1136584,2,5,5,0,0.5157067894326071
1136584,2,5,6,0,0.5158472392310883
1136588,1,0,1,0,0.34292879586449154
1136588,1,0,2,0,0.3758145906828431
1136588,1,0,3,0,0.3938488080906707
1136588,1,0,4,0,0.4602282905161428
1136588,1,0,5,0,0.43792108377104433
1136588,1,0,6,0,0.45949297480388923
1136588,1,1,1,1,0.4525308533705715
1136588,1,1,2,0,0.4881511531128101
1136588,1,1,3,1,0.48756148271071864
1136588,1,1,4,0,0.48647024865685395
1136588,1,1,5,1,0.4975858702072483
1136588,1,1,6,0,0.48628602533951665
1136588,1,2,1,0,0.0001421325131760957
1136588,1,2,2,0,0.5457346582819104
1136588,1,2,3,0,0.5423809985898028
1136588,1,2,4,0,0.5448509898803643
1136588,1,2,5,0,0.5350637168710821
1136588,1,2,6,0,0.5115990693400252
1136588,1,3,1,1,0.5337666435806119
1136588,1,3,2,0,0.5638169988704329
1136588,1,3,3,0,0.5585545807436305
1136588,1,3,4,0,0.5565925666499939
1136588,1,3,5,0,0.5246458156249383
1136588,1,3,6,0,0.5246355576704819
1136588,1,4,1,0,0.5206506544590599
1136588,1,4,2,1,0.551039817989514
1136588,1,4,3,0,0.5606554352374578
1136588,1,4,4,0,0.5762705207465938
1136588,1,4,5,0,0.5393899851249258
1136588,1,4,6,0,0.5176374469950858
1136588,1,5,1,0,0.5250350315577206
1136588,1,5,2,0,0.5543179916196347
1136588,1,5,3,0,0.536775701611716
1136588,1,5,4,0,0.5816632492887467
1136588,1,5,5,0,0.5157067894326071
1136588,1,5,6,0,0.5158472392310883
1136588,2,0,1,0,0.34292879586449154
1136588,2,0,2,0,0.3758145906828431
1136588,2,0,3,1,0.3938488080906707
1136588,2,0,4,0,0.4602282905161428
1136588,2,0,5,0,0.43792108377104433
1136588,2,0,6,0,0.45949297480388923
1136588,2,1,1,0,0.4525308533705715
1136588,2,1,2,0,0.4881511531128101
1136588,2,1,3,0,0.48756148271071864
1136588,2,1,4,0,0.48647024865685395
1136588,2,1,5,0,0.4975858702072483
1136588,2,1,6,1,0.48628602533951665
1136588,2,2,1,0,0.5190878099045545
1136588,2,2,2,0,6.71210527059499e-05
1136588,2,2,3,0,0.5423809985898028
1136588,2,2,4,0,0.5448509898803643
1136588,2,2,5,0,0.5350637168710821
1136588,2,2,6,0,0.5115990693400252
1136588,2,3,1,1,0.5337666435806119
1136588,2,3,2,1,0.5638169988704329
1136588,2,3,3,0,0.5585545807436305
1136588,2,3,4,1,0.5565925666499939
1136588,2,3,5,0,0.5246458156249383
1136588,2,3,6,0,0.5246355576704819
1136588,2,4,1,0,0.5206506544590599
1136588,2,4,2,0,0.551039817989514
1136588,2,4,3,0,0.5606554352374578
1136588,2,4,4,0,0.5762705207465938
1136588,2,4,5,0,0.5393899851249258
1136588,2,4,6,0,0.5176374469950858
1136588,2,5,1,0,0.5250350315577206
1136588,2,5,2,0,0.5543179916196347
1136588,2,5,3,1,0.536775701611716
1136588,2,5,4,0,0.5816632492887467
1136588,2,5,5,0,0.5157067894326071
1136588,2,5,6,0,0.5158472392310883
1136597,1,0,1,0,0.34292879586449154
1136597,1,0,2,0,0.3758145906828431
1136597,1,0,3,0,0.3938488080906707
1136597,1,0,4,0,0.4602282905161428
1136597,1,0,5,0,0.43792108377104433
1136597,1,0,6,0,0.45949297480388923
1136597,1,1,1,0,0.4525308533705715
1136597,1,1,2,1,0.4881511531128101
1136597,1,1,3,0,0.48756148271071864
1136597,1,1,4,0,0.48647024865685395
1136597,1,1,5,0,0.4975858702072483
1136597,1,1,6,0,0.48628602533951665
1136597,1,2,1,0,0.5190878099045545
1136597,1,2,2,1,0.5457346582819104
1136597,1,2,3,1,0.5423809985898028
1136597,1,2,4,0,0.5448509898803643
1136597,1,2,5,1,0.5350637168710821
1136597,1,2,6,0,0.5115990693400252
1136597,1,3,1,0,0.5337666435806119
1136597,1,3,2,0,0.5638169988704329
1136597,1,3,3,0,0.5585545807436305
1136597,1,3,4,0,0.5565925666499939
1136597,1,3,5,1,0.5246458156249383
1136597,1,3,6,1,0.5246355576704819
1136597,1,4,1,0,0.5206506544590599
1136597,1,4,2,0,0.551039817989514
1136597,1,4,3,0,0.5606554352374578
1136597,1,4,4,0,0.5762705207465938
1136597,1,4,5,1,0.5393899851249258
1136597,1,4,6,0,0.5176374469950858
1136597,1,5,1,1,0.5250350315577206
1136597,1,5,2,1,0.5543179916196347
1136597,1,5,3,1,0.536775701611716
1136597,1,5,4,0,0.5816632492887467
1136597,1,5,5,0,0.5157067894326071
1136597,1,5,6,0,0.5158472392310883
1136597,2,0,1,0,0.34292879586449154
1136597,2,0,2,0,0.3758145906828431
1136597,2,0,3,0,0.3938488080906707
1136597,2,0,4,0,0.4602282905161428
1136597,2,0,5,0,0.43792108377104433
1136597,2,0,6,0,0.45949297480388923
1136597,2,1,1,0,0.4525308533705715
1136597,2,1,2,0,0.4881511531128101
1136597,2,1,3,0,0.48756148271071864
1136597,2,1,4,1,0.48647024865685395
1136597,2,1,5,1,0.4975858702072483
1136597,2,1,6,0,0.48628602533951665
1136597,2,2,1,1,0.5190878099045545
1136597,2,2,2,0,0.5457346582819104
1136597,2,2,3,1,0.5423809985898028
1136597,2,2,4,1,0.5448509898803643
1136597,2,2,5,0,7.095521043020302e-05
1136597,2,2,6,0,0.5115990693400252
1136597,2,3,1,0,0.00015952827975369624
1136597,2,3,2,0,0.5638169988704329
1136597,2,3,3,0,0.5585545807436305
1136597,2,3,4,1,0.5565925666499939
1136597,2,3,5,0,0.5246458156249383
1136597,2,3,6,0,0.5246355576704819
1136597,2,4,1,0,0.5206506544590599
1136597,2,4,2,0,0.551039817989514
1136597,2,4,3,0,0.5606554352374578
1136597,2,4,4,0,0.5762705207465938
1136597,2,4,5,0,0.5393899851249258
1136597,2,4,6,1,0.5176374469950858
1136597,2,5,1,0,0.5250350315577206
1136597,2,5,2,0,0.5543179916196347
1136597,2,5,3,0,0.536775701611716
1136597,2,5,4,0,0.5816632492887467
1136597,2,5,5,0,0.5157067894326071
1136597,2,5,6,0,0.5158472392310883
1136597,2,5,7,0,0.5010579670010621
1136606,1,0,1,0,0.34292879586449154
1136606,1,0,2,0,0.3758145906828431
1136606,1,0,3,0,0.3938488080906707
1136606,1,0,4,0,0.4602282905161428
1136606,1,0,5,0,0.43792108377104433
1136606,1,0,6,0,0.45949297480388923
1136606,1,1,1,1,0.4525308533705715
1136606,1,1,2,0,0.4881511531128101
1136606,1,1,3,0,0.48756148271071864
1136606,1,1,4,0,0.48647024865685395
1136606,1,1,5,0,0.4975858702072483
1136606,1,1,6,0,0.48628602533951665
1136606,1,2,1,0,0.5190878099045545
1136606,1,2,2,0,0.5457346582819104
1136606,1,2,3,0,0.5423809985898028
1136606,1,2,4,1,0.5448509898803643
1136606,1,2,5,1,0.5350637168710821
1136606,1,2,6,0,0.5115990693400252
1136606,1,3,1,0,0.5337666435806119
1136606,1,3,2,0,0.5638169988704329
1136606,1,3,3,0,6.085998866754581e-05
1136606,1,3,4,0,0.5565925666499939
1136606,1,3,5,0,0.5246458156249383
1136606,1,3,6,0,0.5246355576704819
1136606,1,4,1,0,0.5206506544590599
1136606,1,4,2,1,0.551039817989514
1136606,1,4,3,0,0.5606554352374578
1136606,1,4,4,0,0.5762705207465938
1136606,1,4,5,0,0.5393899851249258
1136606,1,4,6,0,0.5176374469950858
1136606,1,5,1,0,0.5250350315577206
1136606,1,5,2,0,0.5543179916196347
1136606,1,5,3,0,0.536775701611716
1136606,1,5,4,0,0.5816632492887467
1136606,1,5,5,0,0.5157067894326071
1136606,1,5,6,0,0.5158472392310883
1136606,1,5,7,0,0.5010579670010621
1136606,2,0,1,0,0.34292879586449154
1136606,2,0,2,0,0.3758145906828431
1136606,2,0,3,1,0.3938488080906707
1136606,2,0,4,0,0.4602282905161428
1136606,2,0,5,0,0.43792108377104433
1136606,2,0,6,0,0.45949297480388923
1136606,2,1,1,0,0.4525308533705715
1136606,2,1,2,1,0.4881511531128101
1136606,2,1,3,0,0.48756148271071864
1136606,2,1,4,0,0.48647024865685395
1136606,2,1,5,0,0.4975858702072483
1136606,2,1,6,0,0.48628602533951665
1136606,2,2,1,0,0.5190878099045545
1136606,2,2,2,0,0.5457346582819104
1136606,2,2,3,0,0.5423809985898028
1136606,2,2,4,0,0.5448509898803643
1136606,2,2,5,1,0.5350637168710821
1136606,2,2,6,1,0.5115990693400252
1136606,2,3,1,0,0.5337666435806119
1136606,2,3,2,1,0.5638169988704329
1136606,2,3,3,0,0.5585545807436305
1136606,2,3,4,0,0.5565925666499939
1136606,2,3,5,0,0.5246458156249383
1136606,2,3,6,0,0.5246355576704819
1136606,2,4,1,0,0.5206506544590599
1136606,2,4,2,0,0.551039817989514
1136606,2,4,3,0,0.5606554352374578
1136606,2,4,4,1,0.5762705207465938
1136606,2,4,5,0,0.5393899851249258
1136606,2,4,6,0,0.5176374469950858
1136606,2,5,1,1,0.5250350315577206
1136606,2,5,2,0,0.5543179916196347
1136606,2,5,3,0,0.536775701611716
1136606,2,5,4,1,0.5816632492887467
1136606,2,5,5,0,0.5157067894326071
1136606,2,5,6,0,0.5158472392310883
1136608,1,0,1,0,0.34292879586449154
1136608,1,0,2,0,0.3758145906828431
1136608,1,0,3,0,0.3938488080906707
1136608,1,0,4,0,0.4602282905161428
1136608,1,0,5,0,0.43792108377104433
1136608,1,0,6,0,0.45949297480388923
1136608,1,1,1,0,0.4525308533705715
1136608,1,1,2,0,0.4881511531128101
1136608,1,1,3,0,0.48756148271071864
1136608,1,1,4,0,0.48647024865685395
1136608,1,1,5,0,0.4975858702072483
1136608,1,1,6,1,0.48628602533951665
1136608,1,2,1,0,0.5190878099045545
1136608,1,2,2,0,0.5457346582819104
1136608,1,2,3,0,0.5423809985898028
1136608,1,2,4,0,0.5448509898803643
1136608,1,2,5,1,0.5350637168710821
1136608,1,2,6,0,0.5115990693400252
1136608,1,3,1,1,0.5337666435806119
1136608,1,3,2,0,0.5638169988704329
1136608,1,3,3,0,0.5585545807436305
1136608,1,3,4,0,0.5565925666499939
1136608,1,3,5,1,0.5246458156249383
1136608,1,3,6,1,0.5246355576704819
1136608,1,4,1,0,0.5206506544590599
1136608,1,4,2,1,0.551039817989514
1136608,1,4,3,0,7.01966065263333e-05
1136608,1,4,4,0,0.5762705207465938
1136608,1,4,5,1,0.5393899851249258
1136608,1,4,6,0,9.72386209166237e-05
1136608,1,5,1,0,0.5250350315577206
1136608,1,5,2,0,8.238543178915683e-05
1136608,1,5,3,0,0.536775701611716
1136608,1,5,4,0,0.5816632492887467
1136608,1,5,5,1,0.5157067894326071
1136608,1,5,6,0,0.5158472392310883
1136608,2,0,1,0,0.34292879586449154
1136608,2,0,2,0,0.3758145906828431
1136608,2,0,3,0,0.3938488080906707
1136608,2,0,4,0,0.4602282905161428
1136608,2,0,5,0,0.43792108377104433
1136608,2,0,6,1,0.45949297480388923
1136608,2,1,1,0,0.4525308533705715
1136608,2,1,2,0,0.4881511531128101
1136608,2,1,3,0,0.48756148271071864
1136608,2,1,4,1,0.48647024865685395
1136608,2,1,5,1,0.4975858702072483
1136608,2,1,6,0,0.48628602533951665
1136608,2,2,1,1,0.5190878099045545
1136608,2,2,2,1,0.5457346582819104
1136608,2,2,3,0,0.5423809985898028
1136608,2,2,4,0,0.5448509898803643
1136608,2,2,5,1,0.5350637168710821
1136608,2,2,6,0,0.5115990693400252
1136608,2,2,7,0,0.5434680194742225
1136608,2,3,1,0,0.5337666435806119
1136608,2,3,2,0,0.5638169988704329
1136608,2,3,3,0,0.5585545807436305
1136608,2,3,4,0,0.5565925666499939
1136608,2,3,5,0,0.5246458156249383
1136608,2,3,6,0,0.5246355576704819
1136608,2,4,1,0,0.5206506544590599
1136608,2,4,2,1,0.551039817989514
1136608,2,4,3,0,0.5606554352374578
1136608,2,4,4,0,0.5762705207465938
1136608,2,4,5,1,0.5393899851249258
1136608,2,4,6,1,0.5176374469950858
1136608,2,5,1,0,0.5250350315577206
1136608,2,5,2,0,0.5543179916196347
1136608,2,5,3,0,0.536775701611716
1136608,2,5,4,0,0.5816632492887467
1136608,2,5,5,1,0.5157067894326071
1136608,2,5,6,1,0.5158472392310883
1136611,1,0,1,0,0.34292879586449154
1136611,1,0,2,0,0.3758145906828431
1136611,1,0,3,0,0.3938488080906707
1136611,1,0,4,1,0.4602282905161428
1136611,1,0,5,0,0.43792108377104433
1136611,1,0,6,0,0.00022371304020557016
1136611,1,1,1,1,0.4525308533705715
1136611,1,1,2,1,0.4881511531128101
1136611,1,1,3,0,0.48756148271071864
1136611,1,1,4,0,0.48647024865685395
1136611,1,1,5,0,0.4975858702072483
1136611,1,1,6,0,0.48628602533951665
1136611,1,2,1,1,0.5190878099045545
1136611,1,2,2,1,0.5457346582819104
1136611,1,2,3,0,0.5423809985898028
1136611,1,2,4,0,0.5448509898803643
1136611,1,2,5,0,0.5350637168710821
1136611,1,2,6,0,0.5115990693400252
1136611,1,3,1,1,0.5337666435806119
1136611,1,3,2,0,0.5638169988704329
1136611,1,3,3,0,0.5585545807436305
1136611,1,3,4,0,0.5565925666499939
1136611,1,3,5,0,0.5246458156249383
1136611,1,3,6,0,0.5246355576704819
1136611,1,4,1,0,0.5206506544590599
1136611,1,4,2,0,0.551039817989514
1136611,1,4,3,0,0.5606554352374578
1136611,1,4,4,1,0.5762705207465938
1136611,1,4,5,0,7.839876431801788e-05
1136611,1,4,6,0,0.5176374469950858
1136611,1,5,1,0,0.5250350315577206
1136611,1,5,2,0,0.5543179916196347
1136611,1,5,3,0,0.536775701611716
1136611,1,5,4,1,0.5816632492887467
1136611,1,5,5,0,0.5157067894326071
1136611,1,5,6,0,0.5158472392310883
1136611,2,0,1,0,0.34292879586449154
1136611,2,0,2,0,0.3758145906828431
1136611,2,0,3,0,0.3938488080906707
1136611,2,0,4,0,0.4602282905161428
1136611,2,0,5,0,0.43792108377104433
1136611,2,0,6,0,0.45949297480388923
1136611,2,1,1,1,0.4525308533705715
1136611,2,1,2,0,0.4881511531128101
1136611,2,1,3,0,0.48756148271071864
1136611,2,1,4,0,0.48647024865685395
1136611,2,1,5,1,0.4975858702072483
1136611,2,1,6,0,0.48628602533951665
1136611,2,2,1,1,0.5190878099045545
1136611,2,2,2,1,0.5457346582819104
1136611,2,2,3,0,0.5423809985898028
1136611,2,2,4,0,0.5448509898803643
1136611,2,2,5,0,0.5350637168710821
1136611,2,2,6,0,0.5115990693400252
1136611,2,3,1,0,0.5337666435806119
1136611,2,3,2,0,0.5638169988704329
1136611,2,3,3,0,0.5585545807436305
1136611,2,3,4,0,0.5565925666499939
1136611,2,3,5,0,0.5246458156249383
1136611,2,3,6,0,0.5246355576704819
1136611,2,4,1,1,0.5206506544590599
1136611,2,4,2,0,0.551039817989514
1136611,2,4,3,0,0.5606554352374578
1136611,2,4,4,0,0.5762705207465938
1136611,2,4,5,0,0.5393899851249258
1136611,2,4,6,1,0.5176374469950858
1136611,2,5,1,0,0.00016316266614252873
1136611,2,5,2,0,0.5543179916196347
1136611,2,5,3,1,0.536775701611716
1136611,2,5,4,0,0.5816632492887467
1136611,2,5,5,0,0.5157067894326071
1136611,2,5,6,1,0.5158472392310883
1175358,1,0,1,0,0.34292879586449154
1175358,1,0,2,0,0.3758145906828431
1175358,1,0,3,0,0.3938488080906707
1175358,1,0,4,0,0.4602282905161428
1175358,1,0,5,0,0.43792108377104433
1175358,1,0,6,0,0.45949297480388923
1175358,1,0,7,0,0.4455858771989033
1175358,1,1,1,0,0.4525308533705715
1175358,1,1,2,1,0.4881511531128101
1175358,1,1,3,0,9.24106665955198e-05
1175358,1,1,4,0,0.48647024865685395
1175358,1,1,5,0,0.4975858702072483
1175358,1,1,6,0,0.48628602533951665
1175358,1,2,1,0,0.5190878099045545
1175358,1,2,2,0,0.5457346582819104
1175358,1,2,3,1,0.5423809985898028
1175358,1,2,4,0,0.5448509898803643
1175358,1,2,5,0,0.5350637168710821
1175358,1,2,6,0,0.5115990693400252
1175358,1,2,7,1,0.5434680194742225
1175358,1,3,1,0,0.5337666435806119
1175358,1,3,2,0,0.5638169988704329
1175358,1,3,3,1,0.5585545807436305
1175358,1,3,4,0,6.256559681168003e-05
1175358,1,3,5,0,0.5246458156249383
1175358,1,3,6,1,0.5246355576704819
1175358,1,4,1,0,0.5206506544590599
1175358,1,4,2,0,0.551039817989514
1175358,1,4,3,0,0.5606554352374578
1175358,1,4,4,0,0.5762705207465938
1175358,1,4,5,0,0.5393899851249258
1175358,1,4,6,0,0.5176374469950858
1175358,1,5,1,1,0.5250350315577206
1175358,1,5,2,0,0.5543179916196347
1175358,1,5,3,0,0.536775701611716
1175358,1,5,4,0,0.5816632492887467
1175358,1,5,5,0,0.5157067894326071
1175358,1,5,6,0,0.5158472392310883
1175358,2,0,1,0,0.34292879586449154
1175358,2,0,2,0,0.3758145906828431
1175358,2,0,3,0,0.3938488080906707
1175358,2,0,4,0,0.4602282905161428
1175358,2,0,5,0,0.43792108377104433
1175358,2,0,6,0,0.45949297480388923
1175358,2,1,1,0,0.4525308533705715
1175358,2,1,2,0,0.4881511531128101
1175358,2,1,3,0,0.48756148271071864
1175358,2,1,4,0,0.48647024865685395
1175358,2,1,5,1,0.4975858702072483
1175358,2,1,6,0,0.48628602533951665
1175358,2,2,1,0,0.5190878099045545
1175358,2,2,2,0,0.5457346582819104
1175358,2,2,3,1,0.5423809985898028
1175358,2,2,4,1,0.5448509898803643
1175358,2,2,5,1,0.5350637168710821
1175358,2,2,6,0,0.5115990693400252
1175358,2,3,1,0,0.5337666435806119
1175358,2,3,2,1,0.5638169988704329
1175358,2,3,3,0,6.085998866754581e-05
1175358,2,3,4,0,0.5565925666499939
1175358,2,3,5,0,0.5246458156249383
1175358,2,3,6,0,0.5246355576704819
1175358,2,4,1,0,0.5206506544590599
1175358,2,4,2,0,0.551039817989514
1175358,2,4,3,0,0.5606554352374578
1175358,2,4,4,0,0.5762705207465938
1175358,2,4,5,0,0.5393899851249258
1175358,2,4,6,0,0.5176374469950858
1175358,2,5,1,0,0.00016316266614252873
1175358,2,5,2,1,0.5543179916196347
1175358,2,5,3,1,0.536775701611716
1175358,2,5,4,0,0.5816632492887467
1175358,2,5,5,0,7.613948438054935e-05
1175358,2,5,6,0,0.5158472392310883
1175359,1,0,1,0,0.34292879586449154
1175359,1,0,2,1,0.3758145906828431
1175359,1,0,3,0,0.3938488080906707
1175359,1,0,4,0,0.0001682578208106649
1175359,1,0,5,0,0.43792108377104433
1175359,1,0,6,0,0.45949297480388923
1175359,1,0,7,0,0.4455858771989033
1175359,1,1,1,0,0.4525308533705715
1175359,1,1,2,1,0.4881511531128101
1175359,1,1,3,0,0.48756148271071864
1175359,1,1,4,0,0.48647024865685395
1175359,1,1,5,0,0.4975858702072483
1175359,1,1,6,0,0.48628602533951665
1175359,1,2,1,0,0.5190878099045545
1175359,1,2,2,0,0.5457346582819104
1175359,1,2,3,0,0.5423809985898028
1175359,1,2,4,1,0.5448509898803643
1175359,1,2,5,0,0.5350637168710821
1175359,1,2,6,0,0.5115990693400252
1175359,1,2,7,0,0.5434680194742225
1175359,1,3,1,0,0.5337666435806119
1175359,1,3,2,0,0.5638169988704329
1175359,1,3,3,0,0.5585545807436305
1175359,1,3,4,0,0.5565925666499939
1175359,1,3,5,0,0.5246458156249383
1175359,1,3,6,0,0.5246355576704819
1175359,1,4,1,1,0.5206506544590599
1175359,1,4,2,0,0.551039817989514
1175359,1,4,3,0,0.5606554352374578
1175359,1,4,4,0,0.5762705207465938
1175359,1,4,5,0,0.5393899851249258
1175359,1,4,6,0,0.5176374469950858
1175359,1,4,7,0,0.5314435327996707
1175359,1,5,1,0,0.5250350315577206
1175359,1,5,2,0,0.5543179916196347
1175359,1,5,3,0,0.536775701611716
1175359,1,5,4,0,0.5816632492887467
1175359,1,5,5,0,0.5157067894326071
1175359,1,5,6,0,0.5158472392310883
1175359,2,0,1,0,0.34292879586449154
1175359,2,0,2,0,0.3758145906828431
1175359,2,0,3,1,0.3938488080906707
1175359,2,0,4,0,0.4602282905161428
1175359,2,0,5,1,0.43792108377104433
1175359,2,0,6,1,0.45949297480388923
1175359,2,1,1,1,0.4525308533705715
1175359,2,1,2,0,0.4881511531128101
1175359,2,1,3,0,0.48756148271071864
1175359,2,1,4,0,0.48647024865685395
1175359,2,1,5,0,0.4975858702072483
1175359,2,1,6,0,0.48628602533951665
1175359,2,2,1,0,0.5190878099045545
1175359,2,2,2,1,0.5457346582819104
1175359,2,2,3,0,0.5423809985898028
1175359,2,2,4,1,0.5448509898803643
1175359,2,2,5,0,0.5350637168710821
1175359,2,2,6,0,0.5115990693400252
1175359,2,3,1,0,0.5337666435806119
1175359,2,3,2,0,0.5638169988704329
1175359,2,3,3,0,0.5585545807436305
1175359,2,3,4,1,0.5565925666499939
1175359,2,3,5,0,0.5246458156249383
1175359,2,3,6,1,0.5246355576704819
1175359,2,4,1,0,0.5206506544590599
1175359,2,4,2,1,0.551039817989514
1175359,2,4,3,0,0.5606554352374578
1175359,2,4,4,0,0.5762705207465938
1175359,2,4,5,0,0.5393899851249258
1175359,2,4,6,0,0.5176374469950858
1175359,2,5,1,0,0.5250350315577206
1175359,2,5,2,1,0.5543179916196347
1175359,2,5,3,0,0.536775701611716
1175359,2,5,4,1,0.5816632492887467
1175359,2,5,5,1,0.5157067894326071
1175359,2,5,6,1,0.5158472392310883
1175362,1,0,1,0,0.34292879586449154
1175362,1,0,2,0,0.3758145906828431
1175362,1,0,3,1,0.3938488080906707
1175362,1,0,4,0,0.4602282905161428
1175362,1,0,5,1,0.43792108377104433
1175362,1,0,6,0,0.45949297480388923
1175362,1,1,1,0,0.4525308533705715
1175362,1,1,2,0,0.4881511531128101
1175362,1,1,3,1,0.48756148271071864
1175362,1,1,4,0,0.48647024865685395
1175362,1,1,5,0,0.4975858702072483
1175362,1,1,6,1,0.48628602533951665
1175362,1,2,1,0,0.5190878099045545
1175362,1,2,2,0,0.5457346582819104
1175362,1,2,3,0,0.5423809985898028
1175362,1,2,4,0,0.5448509898803643
1175362,1,2,5,1,0.5350637168710821
1175362,1,2,6,0,0.5115990693400252
1175362,1,3,1,0,0.5337666435806119
1175362,1,3,2,0,0.5638169988704329
1175362,1,3,3,1,0.5585545807436305
1175362,1,3,4,0,0.5565925666499939
1175362,1,3,5,0,0.5246458156249383
1175362,1,3,6,0,0.5246355576704819
1175362,1,4,1,0,0.5206506544590599
1175362,1,4,2,0,0.551039817989514
1175362,1,4,3,1,0.5606554352374578
1175362,1,4,4,0,0.5762705207465938
1175362,1,4,5,0,0.5393899851249258
1175362,1,4,6,1,0.5176374469950858
1175362,1,5,1,0,0.5250350315577206
1175362,1,5,2,0,0.5543179916196347
1175362,1,5,3,1,0.536775701611716
1175362,1,5,4,0,0.5816632492887467
1175362,1,5,5,0,0.5157067894326071
1175362,1,5,6,1,0.5158472392310883
1175362,2,0,1,0,0.34292879586449154
1175362,2,0,2,0,0.3758145906828431
1175362,2,0,3,0,0.3938488080906707
1175362,2,0,4,1,0.4602282905161428
1175362,2,0,5,0,0.43792108377104433
1175362,2,0,6,0,0.45949297480388923
1175362,2,1,1,0,0.4525308533705715
1175362,2,1,2,0,0.4881511531128101
1175362,2,1,3,0,0.48756148271071864
1175362,2,1,4,0,0.48647024865685395
1175362,2,1,5,0,0.4975858702072483
1175362,2,1,6,0,0.48628602533951665
1175362,2,2,1,0,0.5190878099045545
1175362,2,2,2,0,0.5457346582819104
1175362,2,2,3,1,0.5423809985898028
1175362,2,2,4,0,0.5448509898803643
1175362,2,2,5,1,0.5350637168710821
1175362,2,2,6,1,0.5115990693400252
1175362,2,3,1,0,0.5337666435806119
1175362,2,3,2,0,7.207262176670686e-05
1175362,2,3,3,0,0.5585545807436305
1175362,2,3,4,1,0.5565925666499939
1175362,2,3,5,1,0.5246458156249383
1175362,2,3,6,1,0.5246355576704819
1175362,2,4,1,0,0.5206506544590599
1175362,2,4,2,0,0.551039817989514
1175362,2,4,3,0,0.5606554352374578
1175362,2,4,4,0,0.5762705207465938
1175362,2,4,5,1,0.5393899851249258
1175362,2,4,6,1,0.5176374469950858
1175362,2,5,1,1,0.5250350315577206
1175362,2,5,2,1,0.5543179916196347
1175362,2,5,3,0,0.536775701611716
1175362,2,5,4,0,0.5816632492887467
1175362,2,5,5,0,0.5157067894326071
1175362,2,5,6,0,0.5158472392310883
1175365,1,0,1,1,0.34292879586449154
1175365,1,0,2,0,0.3758145906828431
1175365,1,0,3,0,0.3938488080906707
1175365,1,0,4,0,0.4602282905161428
1175365,1,0,5,0,0.43792108377104433
1175365,1,0,6,1,0.45949297480388923
1175365,1,0,7,0,0.4455858771989033
1175365,1,1,1,0,0.4525308533705715
1175365,1,1,2,0,0.4881511531128101
1175365,1,1,3,0,0.48756148271071864
1175365,1,1,4,0,0.48647024865685395
1175365,1,1,5,0,0.4975858702072483
1175365,1,1,6,0,0.48628602533951665
1175365,1,2,1,0,0.5190878099045545
1175365,1,2,2,0,0.5457346582819104
1175365,1,2,3,0,0.5423809985898028
1175365,1,2,4,0,0.5448509898803643
1175365,1,2,5,0,0.5350637168710821
1175365,1,2,6,0,0.5115990693400252
1175365,1,3,1,0,0.5337666435806119
1175365,1,3,2,0,0.5638169988704329
1175365,1,3,3,0,0.5585545807436305
1175365,1,3,4,0,6.256559681168003e-05
1175365,1,3,5,1,0.5246458156249383
1175365,1,3,6,0,0.5246355576704819
1175365,1,4,1,0,0.5206506544590599
1175365,1,4,2,0,0.551039817989514
1175365,1,4,3,1,0.5606554352374578
1175365,1,4,4,0,0.5762705207465938
1175365,1,4,5,1,0.5393899851249258
1175365,1,4,6,0,0.5176374469950858
1175365,1,5,1,0,0.5250350315577206
1175365,1,5,2,0,0.5543179916196347
1175365,1,5,3,0,0.536775701611716
1175365,1,5,4,0,0.5816632492887467
1175365,1,5,5,1,0.5157067894326071
1175365,1,5,6,0,0.00010310924426488355
1175365,2,0,1,0,0.34292879586449154
1175365,2,0,2,0,0.3758145906828431
1175365,2,0,3,0,0.3938488080906707
1175365,2,0,4,0,0.4602282905161428
1175365,2,0,5,0,0.43792108377104433
1175365,2,0,6,1,0.45949297480388923
1175365,2,1,1,0,0.4525308533705715
1175365,2,1,2,0,0.4881511531128101
1175365,2,1,3,0,0.48756148271071864
1175365,2,1,4,1,0.48647024865685395
1175365,2,1,5,0,0.4975858702072483
1175365,2,1,6,1,0.48628602533951665
1175365,2,2,1,0,0.5190878099045545
1175365,2,2,2,1,0.5457346582819104
1175365,2,2,3,1,0.5423809985898028
1175365,2,2,4,0,6.313139414108697e-05
1175365,2,2,5,0,0.5350637168710821
1175365,2,2,6,0,0.5115990693400252
1175365,2,3,1,0,0.5337666435806119
1175365,2,3,2,0,0.5638169988704329
1175365,2,3,3,0,0.5585545807436305
1175365,2,3,4,0,0.5565925666499939
1175365,2,3,5,0,0.5246458156249383
1175365,2,3,6,0,0.5246355576704819
1175365,2,4,1,0,0.5206506544590599
1175365,2,4,2,0,0.551039817989514
1175365,2,4,3,0,0.5606554352374578
1175365,2,4,4,0,0.5762705207465938
1175365,2,4,5,0,0.5393899851249258
1175365,2,4,6,0,0.5176374469950858
1175365,2,4,7,0,0.5314435327996707
1175365,2,5,1,0,0.5250350315577206
1175365,2,5,2,1,0.5543179916196347
1175365,2,5,3,1,0.536775701611716
1175365,2,5,4,0,0.5816632492887467
1175365,2,5,5,0,0.5157067894326071
1175365,2,5,6,0,0.5158472392310883
1175365,3,0,1,0,0.34292879586449154
1175365,3,0,2,1,0.3758145906828431
1175365,3,0,3,0,0.00017505488994704315
1175365,3,0,4,0,0.4602282905161428
1175365,3,0,5,0,0.43792108377104433
1175365,3,0,6,0,0.45949297480388923
1175365,4,0,1,1,0.34292879586449154
1175365,4,0,2,0,0.3758145906828431
1175365,4,0,3,0,0.00017505488994704315
1175365,4,0,4,0,0.4602282905161428
1175365,4,0,5,0,0.43792108377104433
1175365,4,0,6,0,0.45949297480388923
1175369,1,0,1,0,0.34292879586449154
1175369,1,0,2,0,0.3758145906828431
1175369,1,0,3,0,0.3938488080906707
1175369,1,0,4,1,0.4602282905161428
1175369,1,0,5,0,0.43792108377104433
1175369,1,0,6,0,0.45949297480388923
1175369,1,1,1,0,0.4525308533705715
1175369,1,1,2,0,0.4881511531128101
1175369,1,1,3,0,0.48756148271071864
1175369,1,1,4,1,0.48647024865685395
1175369,1,1,5,0,0.4975858702072483
1175369,1,1,6,0,0.48628602533951665
1175369,1,1,7,0,0.5312862305625888
1175369,1,2,1,0,0.5190878099045545
1175369,1,2,2,0,0.5457346582819104
1175369,1,2,3,0,0.5423809985898028
1175369,1,2,4,0,0.5448509898803643
1175369,1,2,5,0,0.5350637168710821
1175369,1,2,6,0,0.5115990693400252
1175369,1,3,1,1,0.5337666435806119
1175369,1,3,2,0,0.5638169988704329
1175369,1,3,3,0,0.5585545807436305
1175369,1,3,4,0,0.5565925666499939
1175369,1,3,5,0,0.5246458156249383
1175369,1,3,6,1,0.5246355576704819
1175369,1,4,1,0,0.5206506544590599
1175369,1,4,2,1,0.551039817989514
1175369,1,4,3,1,0.5606554352374578
1175369,1,4,4,0,0.5762705207465938
1175369,1,4,5,1,0.5393899851249258
1175369,1,4,6,0,0.5176374469950858
1175369,1,5,1,0,0.5250350315577206
1175369,1,5,2,0,0.5543179916196347
1175369,1,5,3,0,0.536775701611716
1175369,1,5,4,0,0.5816632492887467
1175369,1,5,5,0,0.5157067894326071
1175369,1,5,6,0,0.5158472392310883
1175369,2,0,1,0,0.34292879586449154
1175369,2,0,2,0,0.3758145906828431
1175369,2,0,3,1,0.3938488080906707
1175369,2,0,4,0,0.4602282905161428
1175369,2,0,5,0,0.43792108377104433
1175369,2,0,6,0,0.45949297480388923
1175369,2,1,1,0,0.4525308533705715
1175369,2,1,2,0,0.4881511531128101
1175369,2,1,3,0,0.48756148271071864
1175369,2,1,4,1,0.48647024865685395
1175369,2,1,5,1,0.4975858702072483
1175369,2,1,6,0,0.48628602533951665
1175369,2,2,1,0,0.5190878099045545
1175369,2,2,2,0,0.5457346582819104
1175369,2,2,3,0,0.5423809985898028
1175369,2,2,4,0,0.5448509898803643
1175369,2,2,5,0,0.5350637168710821
1175369,2,2,6,1,0.5115990693400252
1175369,2,2,7,1,0.5434680194742225
1175369,2,3,1,1,0.5337666435806119
1175369,2,3,2,0,0.5638169988704329
1175369,2,3,3,0,0.5585545807436305
1175369,2,3,4,0,0.5565925666499939
1175369,2,3,5,1,0.5246458156249383
1175369,2,3,6,0,0.5246355576704819
1175369,2,4,1,0,0.5206506544590599
1175369,2,4,2,0,0.551039817989514
1175369,2,4,3,0,0.5606554352374578
1175369,2,4,4,0,0.5762705207465938
1175369,2,4,5,0,0.5393899851249258
1175369,2,4,6,0,0.5176374469950858
1175369,2,5,1,0,0.5250350315577206
1175369,2,5,2,0,0.5543179916196347
1175369,2,5,3,1,0.536775701611716
1175369,2,5,4,0,0.5816632492887467
1175369,2,5,5,1,0.5157067894326071
1175369,2,5,6,0,0.5158472392310883
1178399,1,0,1,0,0.34292879586449154
1178399,1,0,2,0,0.3758145906828431
1178399,1,0,3,0,0.3938488080906707
1178399,1,0,4,0,0.4602282905161428
1178399,1,0,5,0,0.43792108377104433
1178399,1,0,6,0,0.45949297480388923
1178399,1,1,1,0,0.4525308533705715
1178399,1,1,2,0,0.4881511531128101
1178399,1,1,3,0,0.48756148271071864
1178399,1,1,4,0,0.48647024865685395
1178399,1,1,5,0,0.4975858702072483
1178399,1,1,6,0,0.48628602533951665
1178399,1,2,1,1,0.5190878099045545
1178399,1,2,2,0,0.5457346582819104
1178399,1,2,3,0,0.5423809985898028
1178399,1,2,4,0,0.5448509898803643
1178399,1,2,5,0,0.5350637168710821
1178399,1,2,6,0,0.5115990693400252
1178399,1,3,1,0,0.5337666435806119
1178399,1,3,2,0,0.5638169988704329
1178399,1,3,3,0,0.5585545807436305
1178399,1,3,4,0,0.5565925666499939
1178399,1,3,5,1,0.5246458156249383
1178399,1,3,6,0,0.5246355576704819
1178399,1,4,1,0,0.5206506544590599
1178399,1,4,2,1,0.551039817989514
1178399,1,4,3,1,0.5606554352374578
1178399,1,4,4,0,0.5762705207465938
1178399,1,4,5,1,0.5393899851249258
1178399,1,4,6,1,0.5176374469950858
1178399,1,5,1,0,0.5250350315577206
1178399,1,5,2,0,0.5543179916196347
1178399,1,5,3,0,0.536775701611716
1178399,1,5,4,1,0.5816632492887467
1178399,1,5,5,0,0.5157067894326071
1178399,1,5,6,0,0.5158472392310883
1178399,2,0,1,0,0.34292879586449154
1178399,2,0,2,0,0.3758145906828431
1178399,2,0,3,1,0.3938488080906707
1178399,2,0,4,1,0.4602282905161428
1178399,2,0,5,0,0.43792108377104433
1178399,2,0,6,0,0.45949297480388923
1178399,2,1,1,0,0.4525308533705715
1178399,2,1,2,0,0.4881511531128101
1178399,2,1,3,0,0.48756148271071864
1178399,2,1,4,0,0.48647024865685395
1178399,2,1,5,0,0.4975858702072483
1178399,2,1,6,0,0.48628602533951665
1178399,2,2,1,0,0.5190878099045545
1178399,2,2,2,0,0.5457346582819104
1178399,2,2,3,1,0.5423809985898028
1178399,2,2,4,1,0.5448509898803643
1178399,2,2,5,0,0.5350637168710821
1178399,2,2,6,0,0.5115990693400252
1178399,2,3,1,0,0.5337666435806119
1178399,2,3,2,0,0.5638169988704329
1178399,2,3,3,0,0.5585545807436305
1178399,2,3,4,0,6.256559681168003e-05
1178399,2,3,5,0,0.5246458156249383
1178399,2,3,6,0,0.5246355576704819
1178399,2,4,1,1,0.5206506544590599
1178399,2,4,2,0,0.551039817989514
1178399,2,4,3,0,0.5606554352374578
1178399,2,4,4,1,0.5762705207465938
1178399,2,4,5,0,0.5393899851249258
1178399,2,4,6,1,0.5176374469950858
1178399,2,5,1,0,0.5250350315577206
1178399,2,5,2,1,0.5543179916196347
1178399,2,5,3,0,0.536775701611716
1178399,2,5,4,0,0.5816632492887467
1178399,2,5,5,0,0.5157067894326071
1178399,2,5,6,0,0.5158472392310883
1178405,1,0,1,0,0.34292879586449154
1178405,1,0,2,0,0.3758145906828431
1178405,1,0,3,1,0.3938488080906707
1178405,1,0,4,0,0.4602282905161428
1178405,1,0,5,0,0.43792108377104433
1178405,1,0,6,0,0.45949297480388923
1178405,1,1,1,0,0.4525308533705715
1178405,1,1,2,0,0.4881511531128101
1178405,1,1,3,0,0.48756148271071864
1178405,1,1,4,0,0.48647024865685395
1178405,1,1,5,0,8.911846280782056e-05
1178405,1,1,6,0,0.48628602533951665
1178405,1,2,1,0,0.5190878099045545
1178405,1,2,2,1,0.5457346582819104
1178405,1,2,3,0,0.5423809985898028
1178405,1,2,4,0,0.5448509898803643
1178405,1,2,5,1,0.5350637168710821
1178405,1,2,6,0,0.5115990693400252
1178405,1,3,1,0,0.5337666435806119
1178405,1,3,2,0,7.207262176670686e-05
1178405,1,3,3,0,0.5585545807436305
1178405,1,3,4,1,0.5565925666499939
1178405,1,3,5,1,0.5246458156249383
1178405,1,3,6,0,0.5246355576704819
1178405,1,4,1,0,0.5206506544590599
1178405,1,4,2,0,0.551039817989514
1178405,1,4,3,0,0.5606554352374578
1178405,1,4,4,0,0.5762705207465938
1178405,1,4,5,0,0.5393899851249258
1178405,1,4,6,0,0.5176374469950858
1178405,1,4,7,1,0.5314435327996707
1178405,1,5,1,1,0.5250350315577206
1178405,1,5,2,0,0.5543179916196347
1178405,1,5,3,0,0.536775701611716
1178405,1,5,4,0,0.5816632492887467
1178405,1,5,5,1,0.5157067894326071
1178405,1,5,6,0,0.5158472392310883
1178405,2,0,1,0,0.34292879586449154
1178405,2,0,2,0,0.3758145906828431
1178405,2,0,3,0,0.3938488080906707
1178405,2,0,4,0,0.4602282905161428
1178405,2,0,5,0,0.43792108377104433
1178405,2,0,6,0,0.45949297480388923
1178405,2,1,1,1,0.4525308533705715
1178405,2,1,2,0,0.4881511531128101
1178405,2,1,3,0,0.48756148271071864
1178405,2,1,4,0,0.48647024865685395
1178405,2,1,5,1,0.4975858702072483
1178405,2,1,6,0,0.48628602533951665
1178405,2,2,1,0,0.5190878099045545
1178405,2,2,2,0,0.5457346582819104
1178405,2,2,3,1,0.5423809985898028
1178405,2,2,4,1,0.5448509898803643
1178405,2,2,5,0,0.5350637168710821
1178405,2,2,6,0,0.5115990693400252
1178405,2,3,1,0,0.5337666435806119
1178405,2,3,2,0,0.5638169988704329
1178405,2,3,3,0,0.5585545807436305
1178405,2,3,4,1,0.5565925666499939
1178405,2,3,5,0,0.5246458156249383
1178405,2,3,6,0,0.5246355576704819
1178405,2,4,1,0,0.5206506544590599
1178405,2,4,2,0,0.551039817989514
1178405,2,4,3,0,0.5606554352374578
1178405,2,4,4,0,0.5762705207465938
1178405,2,4,5,0,0.5393899851249258
1178405,2,4,6,0,0.5176374469950858
1178405,2,4,7,0,0.5314435327996707
1178405,2,5,1,0,0.5250350315577206
1178405,2,5,2,0,0.5543179916196347
1178405,2,5,3,0,0.536775701611716
1178405,2,5,4,0,0.5816632492887467
1178405,2,5,5,0,0.5157067894326071
1178405,2,5,6,0,0.5158472392310883
1178409,1,0,1,0,0.34292879586449154
1178409,1,0,2,0,0.3758145906828431
1178409,1,0,3,0,0.3938488080906707
1178409,1,0,4,0,0.4602282905161428
1178409,1,0,5,0,0.43792108377104433
1178409,1,0,6,0,0.45949297480388923
1178409,1,1,1,0,0.4525308533705715
1178409,1,1,2,0,0.4881511531128101
1178409,1,1,3,0,0.48756148271071864
1178409,1,1,4,1,0.48647024865685395
1178409,1,1,5,0,0.4975858702072483
1178409,1,1,6,0,0.48628602533951665
1178409,1,2,1,0,0.5190878099045545
1178409,1,2,2,0,0.5457346582819104
1178409,1,2,3,0,0.5423809985898028
1178409,1,2,4,0,0.5448509898803643
1178409,1,2,5,0,0.5350637168710821
1178409,1,2,6,0,0.5115990693400252
1178409,1,3,1,0,0.5337666435806119
1178409,1,3,2,1,0.5638169988704329
1178409,1,3,3,0,0.5585545807436305
1178409,1,3,4,1,0.5565925666499939
1178409,1,3,5,0,0.5246458156249383
1178409,1,3,6,1,0.5246355576704819
1178409,1,4,1,0,0.5206506544590599
1178409,1,4,2,0,0.551039817989514
1178409,1,4,3,1,0.5606554352374578
1178409,1,4,4,0,0.5762705207465938
1178409,1,4,5,0,0.5393899851249258
1178409,1,4,6,0,0.5176374469950858
1178409,1,5,1,0,0.5250350315577206
1178409,1,5,2,0,0.5543179916196347
1178409,1,5,3,1,0.536775701611716
1178409,1,5,4,0,0.5816632492887467
1178409,1,5,5,0,0.5157067894326071
1178409,1,5,6,1,0.5158472392310883
1178409,1,5,7,0,0.5010579670010621
1178409,2,0,1,0,0.34292879586449154
1178409,2,0,2,1,0.3758145906828431
1178409,2,0,3,1,0.3938488080906707
1178409,2,0,4,0,0.4602282905161428
1178409,2,0,5,0,0.43792108377104433
1178409,2,0,6,0,0.45949297480388923
1178409,2,1,1,0,0.4525308533705715
1178409,2,1,2,1,0.4881511531128101
1178409,2,1,3,0,0.48756148271071864
1178409,2,1,4,1,0.48647024865685395
1178409,2,1,5,0,0.4975858702072483
1178409,2,1,6,0,0.48628602533951665
1178409,2,2,1,0,0.5190878099045545
1178409,2,2,2,0,0.5457346582819104
1178409,2,2,3,1,0.5423809985898028
1178409,2,2,4,0,0.5448509898803643
1178409,2,2,5,1,0.5350637168710821
1178409,2,2,6,0,0.5115990693400252
1178409,2,3,1,0,0.5337666435806119
1178409,2,3,2,0,0.5638169988704329
1178409,2,3,3,0,0.5585545807436305
1178409,2,3,4,0,0.5565925666499939
1178409,2,3,5,0,0.5246458156249383
1178409,2,3,6,1,0.5246355576704819
1178409,2,4,1,0,0.5206506544590599
1178409,2,4,2,0,0.551039817989514
1178409,2,4,3,0,0.5606554352374578
1178409,2,4,4,0,0.5762705207465938
1178409,2,4,5,0,0.5393899851249258
1178409,2,4,6,0,0.5176374469950858
1178409,2,5,1,0,0.5250350315577206
1178409,2,5,2,0,0.5543179916196347
1178409,2,5,3,0,0.536775701611716
1178409,2,5,4,0,0.5816632492887467
1178409,2,5,5,1,0.5157067894326071
1178409,2,5,6,0,0.5158472392310883
1178422,1,0,1,1,0.34292879586449154
1178422,1,0,2,1,0.3758145906828431
1178422,1,0,3,0,0.3938488080906707
1178422,1,0,4,1,0.4602282905161428
1178422,1,0,5,0,0.43792108377104433
1178422,1,0,6,0,0.45949297480388923
1178422,1,1,1,0,0.4525308533705715
1178422,1,1,2,0,0.4881511531128101
1178422,1,1,3,0,0.48756148271071864
1178422,1,1,4,0,0.48647024865685395
1178422,1,1,5,0,0.4975858702072483
1178422,1,1,6,0,0.48628602533951665
1178422,1,2,1,0,0.5190878099045545
1178422,1,2,2,0,0.5457346582819104
1178422,1,2,3,0,0.5423809985898028
1178422,1,2,4,0,0.5448509898803643
1178422,1,2,5,0,0.5350637168710821
1178422,1,2,6,0,0.5115990693400252
1178422,1,3,1,0,0.5337666435806119
1178422,1,3,2,1,0.5638169988704329
1178422,1,3,3,0,0.5585545807436305
1178422,1,3,4,0,0.5565925666499939
1178422,1,3,5,1,0.5246458156249383
1178422,1,3,6,0,0.5246355576704819
1178422,1,4,1,0,0.5206506544590599
1178422,1,4,2,0,0.551039817989514
1178422,1,4,3,1,0.5606554352374578
1178422,1,4,4,0,0.5762705207465938
1178422,1,4,5,0,0.5393899851249258
1178422,1,4,6,0,0.5176374469950858
1178422,1,5,1,0,0.5250350315577206
1178422,1,5,2,0,0.5543179916196347
1178422,1,5,3,0,0.536775701611716
1178422,1,5,4,1,0.5816632492887467
1178422,1,5,5,0,0.5157067894326071
1178422,1,5,6,1,0.5158472392310883
1178422,2,0,1,0,0.34292879586449154
1178422,2,0,2,0,0.3758145906828431
1178422,2,0,3,0,0.3938488080906707
1178422,2,0,4,1,0.4602282905161428
1178422,2,0,5,0,0.43792108377104433
1178422,2,0,6,1,0.45949297480388923
1178422,2,1,1,0,0.4525308533705715
1178422,2,1,2,0,9.924247765745456e-05
1178422,2,1,3,0,0.48756148271071864
1178422,2,1,4,1,0.48647024865685395
1178422,2,1,5,0,0.4975858702072483
1178422,2,1,6,0,0.48628602533951665
1178422,2,2,1,0,0.5190878099045545
1178422,2,2,2,0,0.5457346582819104
1178422,2,2,3,0,0.5423809985898028
1178422,2,2,4,0,0.5448509898803643
1178422,2,2,5,1,0.5350637168710821
1178422,2,2,6,0,0.5115990693400252
1178422,2,3,1,0,0.5337666435806119
1178422,2,3,2,0,0.5638169988704329
1178422,2,3,3,0,6.085998866754581e-05
1178422,2,3,4,0,0.5565925666499939
1178422,2,3,5,0,0.5246458156249383
1178422,2,3,6,0,0.5246355576704819
1178422,2,4,1,0,0.5206506544590599
1178422,2,4,2,0,0.551039817989514
1178422,2,4,3,0,0.5606554352374578
1178422,2,4,4,1,0.5762705207465938
1178422,2,4,5,0,0.5393899851249258
1178422,2,4,6,0,0.5176374469950858
1178422,2,5,1,1,0.5250350315577206
1178422,2,5,2,0,0.5543179916196347
1178422,2,5,3,0,0.536775701611716
1178422,2,5,4,0,0.5816632492887467
1178422,2,5,5,1,0.5157067894326071
1178422,2,5,6,0,0.5158472392310883
1178427,1,0,1,0,0.34292879586449154
1178427,1,0,2,0,0.3758145906828431
1178427,1,0,3,0,0.3938488080906707
1178427,1,0,4,0,0.4602282905161428
1178427,1,0,5,1,0.43792108377104433
1178427,1,0,6,1,0.45949297480388923
1178427,1,1,1,0,0.4525308533705715
1178427,1,1,2,0,0.4881511531128101
1178427,1,1,3,0,0.48756148271071864
1178427,1,1,4,0,0.48647024865685395
1178427,1,1,5,0,0.4975858702072483
1178427,1,1,6,0,0.48628602533951665
1178427,1,2,1,0,0.5190878099045545
1178427,1,2,2,0,0.5457346582819104
1178427,1,2,3,0,6.163767430463305e-05
1178427,1,2,4,1,0.5448509898803643
1178427,1,2,5,0,0.5350637168710821
1178427,1,2,6,0,0.5115990693400252
1178427,1,3,1,0,0.5337666435806119
1178427,1,3,2,0,0.5638169988704329
1178427,1,3,3,0,0.5585545807436305
1178427,1,3,4,0,0.5565925666499939
1178427,1,3,5,0,0.5246458156249383
1178427,1,3,6,0,0.5246355576704819
1178427,1,4,1,0,0.00015180114801475284
1178427,1,4,2,0,0.551039817989514
1178427,1,4,3,0,0.5606554352374578
1178427,1,4,4,0,0.5762705207465938
1178427,1,4,5,1,0.5393899851249258
1178427,1,4,6,0,0.5176374469950858
1178427,1,5,1,0,0.5250350315577206
1178427,1,5,2,0,0.5543179916196347
1178427,1,5,3,0,0.536775701611716
1178427,1,5,4,0,0.5816632492887467
1178427,1,5,5,1,0.5157067894326071
1178427,1,5,6,0,0.5158472392310883
1178427,2,0,1,0,0.34292879586449154
1178427,2,0,2,0,0.3758145906828431
1178427,2,0,3,0,0.3938488080906707
1178427,2,0,4,0,0.4602282905161428
1178427,2,0,5,0,0.43792108377104433
1178427,2,0,6,0,0.45949297480388923
1178427,2,1,1,0,0.4525308533705715
1178427,2,1,2,0,0.4881511531128101
1178427,2,1,3,0,0.48756148271071864
1178427,2,1,4,0,0.48647024865685395
1178427,2,1,5,1,0.4975858702072483
1178427,2,1,6,0,0.48628602533951665
1178427,2,2,1,0,0.5190878099045545
1178427,2,2,2,0,0.5457346582819104
1178427,2,2,3,1,0.5423809985898028
1178427,2,2,4,0,0.5448509898803643
1178427,2,2,5,0,0.5350637168710821
1178427,2,2,6,0,0.5115990693400252
1178427,2,3,1,0,0.5337666435806119
1178427,2,3,2,1,0.5638169988704329
1178427,2,3,3,1,0.5585545807436305
1178427,2,3,4,1,0.5565925666499939
1178427,2,3,5,0,0.5246458156249383
1178427,2,3,6,0,0.5246355576704819
1178427,2,4,1,1,0.5206506544590599
1178427,2,4,2,0,0.551039817989514
1178427,2,4,3,1,0.5606554352374578
1178427,2,4,4,0,0.5762705207465938
1178427,2,4,5,0,0.5393899851249258
1178427,2,4,6,0,0.5176374469950858
1178427,2,5,1,1,0.5250350315577206
1178427,2,5,2,0,0.5543179916196347
1178427,2,5,3,0,0.536775701611716
1178427,2,5,4,1,0.5816632492887467
1178427,2,5,5,1,0.5157067894326071
1178427,2,5,6,0,0.00010310924426488355
1178428,1,0,1,0,0.34292879586449154
1178428,1,0,2,0,0.3758145906828431
1178428,1,0,3,0,0.3938488080906707
1178428,1,0,4,0,0.4602282905161428
1178428,1,0,5,0,0.43792108377104433
1178428,1,0,6,0,0.45949297480388923
1178428,1,1,1,0,0.4525308533705715
1178428,1,1,2,0,0.4881511531128101
1178428,1,1,3,1,0.48756148271071864
1178428,1,1,4,0,0.48647024865685395
1178428,1,1,5,0,0.4975858702072483
1178428,1,1,6,0,0.00010856370594880755
1178428,1,2,1,0,0.5190878099045545
1178428,1,2,2,0,0.5457346582819104
1178428,1,2,3,0,0.5423809985898028
1178428,1,2,4,0,0.5448509898803643
1178428,1,2,5,0,0.5350637168710821
1178428,1,2,6,0,0.5115990693400252
1178428,1,2,7,0,0.5434680194742225
1178428,1,3,1,0,0.5337666435806119
1178428,1,3,2,0,0.5638169988704329
1178428,1,3,3,1,0.5585545807436305
1178428,1,3,4,0,0.5565925666499939
1178428,1,3,5,0,6.745302613039633e-05
1178428,1,3,6,1,0.5246355576704819
1178428,1,4,1,0,0.5206506544590599
1178428,1,4,2,0,7.766533673193968e-05
1178428,1,4,3,0,0.5606554352374578
1178428,1,4,4,0,0.5762705207465938
1178428,1,4,5,0,0.5393899851249258
1178428,1,4,6,0,0.5176374469950858
1178428,1,5,1,1,0.5250350315577206
1178428,1,5,2,0,8.238543178915683e-05
1178428,1,5,3,0,0.536775701611716
1178428,1,5,4,0,0.5816632492887467
1178428,1,5,5,0,0.5157067894326071
1178428,1,5,6,0,0.5158472392310883
1178428,2,0,1,0,0.34292879586449154
1178428,2,0,2,0,0.3758145906828431
1178428,2,0,3,0,0.3938488080906707
1178428,2,0,4,0,0.4602282905161428
1178428,2,0,5,0,0.43792108377104433
1178428,2,0,6,0,0.45949297480388923
1178428,2,1,1,0,0.4525308533705715
1178428,2,1,2,0,0.4881511531128101
1178428,2,1,3,0,0.48756148271071864
1178428,2,1,4,0,0.48647024865685395
1178428,2,1,5,0,0.4975858702072483
1178428,2,1,6,0,0.48628602533951665
1178428,2,2,1,1,0.5190878099045545
1178428,2,2,2,0,0.5457346582819104
1178428,2,2,3,1,0.5423809985898028
1178428,2,2,4,0,0.5448509898803643
1178428,2,2,5,0,0.5350637168710821
1178428,2,2,6,1,0.5115990693400252
1178428,2,3,1,0,0.00015952827975369624
1178428,2,3,2,0,7.207262176670686e-05
1178428,2,3,3,0,0.5585545807436305
1178428,2,3,4,0,0.5565925666499939
1178428,2,3,5,0,0.5246458156249383
1178428,2,3,6,0,0.5246355576704819
1178428,2,4,1,0,0.5206506544590599
1178428,2,4,2,0,0.551039817989514
1178428,2,4,3,0,0.5606554352374578
1178428,2,4,4,0,0.5762705207465938
1178428,2,4,5,0,0.5393899851249258
1178428,2,4,6,0,0.5176374469950858
1178428,2,5,1,0,0.5250350315577206
1178428,2,5,2,1,0.5543179916196347
1178428,2,5,3,1,0.536775701611716
1178428,2,5,4,0,0.5816632492887467
1178428,2,5,5,0,0.5157067894326071
1178428,2,5,6,1,0.5158472392310883
1178431,1,0,1,0,0.34292879586449154
1178431,1,0,2,0,0.3758145906828431
1178431,1,0,3,0,0.3938488080906707
1178431,1,0,4,0,0.4602282905161428
1178431,1,0,5,0,0.43792108377104433
1178431,1,0,6,0,0.45949297480388923
1178431,1,1,1,0,0.4525308533705715
1178431,1,1,2,0,0.4881511531128101
1178431,1,1,3,0,0.48756148271071864
1178431,1,1,4,0,0.48647024865685395
1178431,1,1,5,0,0.4975858702072483
1178431,1,1,6,0,0.48628602533951665
1178431,1,2,1,0,0.5190878099045545
1178431,1,2,2,0,0.5457346582819104
1178431,1,2,3,0,0.5423809985898028
1178431,1,2,4,0,0.5448509898803643
1178431,1,2,5,0,0.5350637168710821
1178431,1,2,6,1,0.5115990693400252
1178431,1,3,1,0,0.5337666435806119
1178431,1,3,2,0,0.5638169988704329
1178431,1,3,3,1,0.5585545807436305
1178431,1,3,4,0,0.5565925666499939
1178431,1,3,5,1,0.5246458156249383
1178431,1,3,6,0,0.5246355576704819
1178431,1,4,1,0,0.5206506544590599
1178431,1,4,2,0,0.551039817989514
1178431,1,4,3,1,0.5606554352374578
1178431,1,4,4,0,0.5762705207465938
1178431,1,4,5,0,0.5393899851249258
1178431,1,4,6,0,0.5176374469950858
1178431,1,4,7,0,0.5314435327996707
1178431,1,5,1,0,0.5250350315577206
1178431,1,5,2,1,0.5543179916196347
1178431,1,5,3,0,0.536775701611716
1178431,1,5,4,1,0.5816632492887467
1178431,1,5,5,0,0.5157067894326071
1178431,1,5,6,0,0.5158472392310883
1178431,2,0,1,0,0.34292879586449154
1178431,2,0,2,0,0.3758145906828431
1178431,2,0,3,1,0.3938488080906707
1178431,2,0,4,0,0.4602282905161428
1178431,2,0,5,0,0.43792108377104433
1178431,2,0,6,0,0.45949297480388923
1178431,2,1,1,0,0.4525308533705715
1178431,2,1,2,0,0.4881511531128101
1178431,2,1,3,0,0.48756148271071864
1178431,2,1,4,0,0.48647024865685395
1178431,2,1,5,0,0.4975858702072483
1178431,2,1,6,0,0.48628602533951665
1178431,2,1,7,0,0.5312862305625888
1178431,2,2,1,0,0.5190878099045545
1178431,2,2,2,0,0.5457346582819104
1178431,2,2,3,0,0.5423809985898028
1178431,2,2,4,0,0.5448509898803643
1178431,2,2,5,0,0.5350637168710821
1178431,2,2,6,0,0.5115990693400252
1178431,2,2,7,0,0.5434680194742225
1178431,2,3,1,1,0.5337666435806119
1178431,2,3,2,0,0.5638169988704329
1178431,2,3,3,1,0.5585545807436305
1178431,2,3,4,1,0.5565925666499939
1178431,2,3,5,1,0.5246458156249383
1178431,2,3,6,0,0.5246355576704819
1178431,2,4,1,0,0.5206506544590599
1178431,2,4,2,0,0.551039817989514
1178431,2,4,3,0,0.5606554352374578
1178431,2,4,4,0,0.5762705207465938
1178431,2,4,5,1,0.5393899851249258
1178431,2,4,6,0,0.5176374469950858
1178431,2,5,1,0,0.5250350315577206
1178431,2,5,2,0,0.5543179916196347
1178431,2,5,3,0,0.536775701611716
1178431,2,5,4,0,0.5816632492887467
1178431,2,5,5,0,0.5157067894326071
1178431,2,5,6,0,0.5158472392310883
1216499,1,0,1,0,0.34292879586449154
1216499,1,0,2,0,0.3758145906828431
1216499,1,0,3,0,0.3938488080906707
1216499,1,0,4,0,0.4602282905161428
1216499,1,0,5,1,0.43792108377104433
1216499,1,0,6,0,0.45949297480388923
1216499,1,1,1,0,0.4525308533705715
1216499,1,1,2,0,0.4881511531128101
1216499,1,1,3,0,0.48756148271071864
1216499,1,1,4,1,0.48647024865685395
1216499,1,1,5,0,0.4975858702072483
1216499,1,1,6,0,0.48628602533951665
1216499,1,2,1,0,0.5190878099045545
1216499,1,2,2,0,0.5457346582819104
1216499,1,2,3,1,0.5423809985898028
1216499,1,2,4,1,0.5448509898803643
1216499,1,2,5,0,0.5350637168710821
1216499,1,2,6,0,0.5115990693400252
1216499,1,3,1,1,0.5337666435806119
1216499,1,3,2,0,0.5638169988704329
1216499,1,3,3,0,0.5585545807436305
1216499,1,3,4,1,0.5565925666499939
1216499,1,3,5,0,0.5246458156249383
1216499,1,3,6,0,0.5246355576704819
1216499,1,4,1,0,0.5206506544590599
1216499,1,4,2,1,0.551039817989514
1216499,1,4,3,0,0.5606554352374578
1216499,1,4,4,0,0.5762705207465938
1216499,1,4,5,0,0.5393899851249258
1216499,1,4,6,1,0.5176374469950858
1216499,1,5,1,1,0.5250350315577206
1216499,1,5,2,0,0.5543179916196347
1216499,1,5,3,0,0.536775701611716
1216499,1,5,4,0,0.5816632492887467
1216499,1,5,5,0,0.5157067894326071
1216499,1,5,6,1,0.5158472392310883
1216499,2,0,1,0,0.34292879586449154
1216499,2,0,2,0,0.3758145906828431
1216499,2,0,3,0,0.3938488080906707
1216499,2,0,4,0,0.4602282905161428
1216499,2,0,5,1,0.43792108377104433
1216499,2,0,6,0,0.45949297480388923
1216499,2,1,1,0,0.4525308533705715
1216499,2,1,2,0,0.4881511531128101
1216499,2,1,3,0,0.48756148271071864
1216499,2,1,4,1,0.48647024865685395
1216499,2,1,5,0,0.4975858702072483
1216499,2,1,6,0,0.48628602533951665
1216499,2,2,1,0,0.5190878099045545
1216499,2,2,2,0,0.5457346582819104
1216499,2,2,3,0,0.5423809985898028
1216499,2,2,4,0,0.5448509898803643
1216499,2,2,5,0,0.5350637168710821
1216499,2,2,6,1,0.5115990693400252
1216499,2,3,1,0,0.5337666435806119
1216499,2,3,2,0,0.5638169988704329
1216499,2,3,3,0,0.5585545807436305
1216499,2,3,4,0,0.5565925666499939
1216499,2,3,5,0,0.5246458156249383
1216499,2,3,6,1,0.5246355576704819
1216499,2,4,1,0,0.5206506544590599
1216499,2,4,2,0,0.551039817989514
1216499,2,4,3,0,0.5606554352374578
1216499,2,4,4,0,0.5762705207465938
1216499,2,4,5,0,0.5393899851249258
1216499,2,4,6,0,0.5176374469950858
1216499,2,5,1,0,0.5250350315577206
1216499,2,5,2,0,0.5543179916196347
1216499,2,5,3,0,6.970130872207562e-05
1216499,2,5,4,0,0.5816632492887467
1216499,2,5,5,0,0.5157067894326071
1216499,2,5,6,0,0.5158472392310883
1216499,2,5,7,1,0.5010579670010621
1216502,1,0,1,0,0.34292879586449154
1216502,1,0,2,0,0.3758145906828431
1216502,1,0,3,0,0.3938488080906707
1216502,1,0,4,0,0.4602282905161428
1216502,1,0,5,0,0.43792108377104433
1216502,1,0,6,0,0.45949297480388923
1216502,1,1,1,0,0.4525308533705715
1216502,1,1,2,0,0.4881511531128101
1216502,1,1,3,0,0.48756148271071864
1216502,1,1,4,0,0.48647024865685395
1216502,1,1,5,0,0.4975858702072483
1216502,1,1,6,1,0.48628602533951665
1216502,1,2,1,0,0.5190878099045545
1216502,1,2,2,0,0.5457346582819104
1216502,1,2,3,1,0.5423809985898028
1216502,1,2,4,0,0.5448509898803643
1216502,1,2,5,0,7.095521043020302e-05
1216502,1,2,6,0,0.5115990693400252
1216502,1,3,1,0,0.5337666435806119
1216502,1,3,2,0,0.5638169988704329
1216502,1,3,3,0,0.5585545807436305
1216502,1,3,4,0,0.5565925666499939
1216502,1,3,5,0,0.5246458156249383
1216502,1,3,6,0,0.5246355576704819
1216502,1,3,7,1,0.5656720274535049
1216502,1,4,1,0,0.5206506544590599
1216502,1,4,2,0,0.551039817989514
1216502,1,4,3,0,0.5606554352374578
1216502,1,4,4,0,7.530897549982799e-05
1216502,1,4,5,0,0.5393899851249258
1216502,1,4,6,0,0.5176374469950858
1216502,1,5,1,0,0.5250350315577206
1216502,1,5,2,0,0.5543179916196347
1216502,1,5,3,0,0.536775701611716
1216502,1,5,4,0,0.5816632492887467
1216502,1,5,5,0,0.5157067894326071
1216502,1,5,6,0,0.5158472392310883
1216502,2,0,1,0,0.34292879586449154
1216502,2,0,2,0,0.3758145906828431
1216502,2,0,3,0,0.3938488080906707
1216502,2,0,4,0,0.4602282905161428
1216502,2,0,5,0,0.43792108377104433
1216502,2,0,6,0,0.45949297480388923
1216502,2,0,7,0,0.4455858771989033
1216502,2,1,1,1,0.4525308533705715
1216502,2,1,2,0,9.924247765745456e-05
1216502,2,1,3,0,0.48756148271071864
1216502,2,1,4,0,0.48647024865685395
1216502,2,1,5,0,0.4975858702072483
1216502,2,1,6,0,0.48628602533951665
1216502,2,2,1,0,0.5190878099045545
1216502,2,2,2,1,0.5457346582819104
1216502,2,2,3,0,0.5423809985898028
1216502,2,2,4,1,0.5448509898803643
1216502,2,2,5,0,0.5350637168710821
1216502,2,2,6,0,0.5115990693400252
1216502,2,3,1,0,0.5337666435806119
1216502,2,3,2,0,0.5638169988704329
1216502,2,3,3,1,0.5585545807436305
1216502,2,3,4,0,0.5565925666499939
1216502,2,3,5,0,0.5246458156249383
1216502,2,3,6,0,0.5246355576704819
1216502,2,4,1,1,0.5206506544590599
1216502,2,4,2,0,0.551039817989514
1216502,2,4,3,0,0.5606554352374578
1216502,2,4,4,0,0.5762705207465938
1216502,2,4,5,0,0.5393899851249258
1216502,2,4,6,0,0.5176374469950858
1216502,2,4,7,0,0.5314435327996707
1216502,2,4,8,0,0.5480485293374653
1216502,2,4,9,1,0.5315119368394773
1216502,2,5,1,0,0.5250350315577206
1216502,2,5,2,1,0.5543179916196347
1216502,2,5,3,0,0.536775701611716
1216502,2,5,4,0,0.5816632492887467
1216502,2,5,5,1,0.5157067894326071
1216502,2,5,6,0,0.5158472392310883
1216505,1,0,1,0,0.34292879586449154
1216505,1,0,2,0,0.3758145906828431
1216505,1,0,3,0,0.3938488080906707
1216505,1,0,4,0,0.4602282905161428
1216505,1,0,5,0,0.43792108377104433
1216505,1,0,6,0,0.45949297480388923
1216505,1,1,1,0,0.4525308533705715
1216505,1,1,2,0,0.4881511531128101
1216505,1,1,3,0,0.48756148271071864
1216505,1,1,4,0,0.48647024865685395
1216505,1,1,5,0,0.4975858702072483
1216505,1,1,6,0,0.48628602533951665
1216505,1,2,1,0,0.5190878099045545
1216505,1,2,2,0,0.5457346582819104
1216505,1,2,3,1,0.5423809985898028
1216505,1,2,4,0,0.5448509898803643
1216505,1,2,5,0,0.5350637168710821
1216505,1,2,6,0,0.5115990693400252
1216505,1,2,7,0,0.5434680194742225
1216505,1,3,1,0,0.5337666435806119
1216505,1,3,2,1,0.5638169988704329
1216505,1,3,3,0,0.5585545807436305
1216505,1,3,4,0,0.5565925666499939
1216505,1,3,5,0,0.5246458156249383
1216505,1,3,6,0,0.5246355576704819
1216505,1,4,1,0,0.00015180114801475284
1216505,1,4,2,0,0.551039817989514
1216505,1,4,3,1,0.5606554352374578
1216505,1,4,4,0,0.5762705207465938
1216505,1,4,5,0,0.5393899851249258
1216505,1,4,6,0,0.5176374469950858
1216505,1,5,1,0,0.5250350315577206
1216505,1,5,2,0,0.5543179916196347
1216505,1,5,3,1,0.536775701611716
1216505,1,5,4,0,0.5816632492887467
1216505,1,5,5,1,0.5157067894326071
1216505,1,5,6,0,0.5158472392310883
1216505,2,0,1,0,0.34292879586449154
1216505,2,0,2,1,0.3758145906828431
1216505,2,0,3,0,0.3938488080906707
1216505,2,0,4,1,0.4602282905161428
1216505,2,0,5,0,0.43792108377104433
1216505,2,0,6,0,0.45949297480388923
1216505,2,1,1,1,0.4525308533705715
1216505,2,1,2,0,0.4881511531128101
1216505,2,1,3,1,0.48756148271071864
1216505,2,1,4,0,0.48647024865685395
1216505,2,1,5,0,8.911846280782056e-05
1216505,2,1,6,0,0.48628602533951665
1216505,2,2,1,1,0.5190878099045545
1216505,2,2,2,0,0.5457346582819104
1216505,2,2,3,0,0.5423809985898028
1216505,2,2,4,0,0.5448509898803643
1216505,2,2,5,0,0.5350637168710821
1216505,2,2,6,0,0.5115990693400252
1216505,2,3,1,1,0.5337666435806119
1216505,2,3,2,0,0.5638169988704329
1216505,2,3,3,0,0.5585545807436305
1216505,2,3,4,0,0.5565925666499939
1216505,2,3,5,0,0.5246458156249383
1216505,2,3,6,0,0.5246355576704819
1216505,2,4,1,0,0.5206506544590599
1216505,2,4,2,1,0.551039817989514
1216505,2,4,3,0,0.5606554352374578
1216505,2,4,4,0,0.5762705207465938
1216505,2,4,5,0,0.5393899851249258
1216505,2,4,6,0,0.5176374469950858
1216505,2,5,1,0,0.5250350315577206
1216505,2,5,2,1,0.5543179916196347
1216505,2,5,3,0,0.536775701611716
1216505,2,5,4,1,0.5816632492887467
1216505,2,5,5,0,0.5157067894326071
1216505,2,5,6,0,0.5158472392310883
1216511,1,0,1,1,0.34292879586449154
1216511,1,0,2,0,0.3758145906828431
1216511,1,0,3,0,0.3938488080906707
1216511,1,0,4,0,0.4602282905161428
1216511,1,0,5,0,0.43792108377104433
1216511,1,0,6,0,0.45949297480388923
1216511,1,0,7,1,0.4455858771989033
1216511,1,1,1,0,0.4525308533705715
1216511,1,1,2,0,0.4881511531128101
1216511,1,1,3,0,0.48756148271071864
1216511,1,1,4,0,0.48647024865685395
1216511,1,1,5,0,0.4975858702072483
1216511,1,1,6,0,0.48628602533951665
1216511,1,2,1,0,0.5190878099045545
1216511,1,2,2,1,0.5457346582819104
1216511,1,2,3,1,0.5423809985898028
1216511,1,2,4,0,0.5448509898803643
1216511,1,2,5,1,0.5350637168710821
1216511,1,2,6,0,0.5115990693400252
1216511,1,3,1,0,0.5337666435806119
1216511,1,3,2,0,0.5638169988704329
1216511,1,3,3,1,0.5585545807436305
1216511,1,3,4,1,0.5565925666499939
1216511,1,3,5,0,0.5246458156249383
1216511,1,3,6,0,0.5246355576704819
1216511,1,4,1,0,0.5206506544590599
1216511,1,4,2,0,0.551039817989514
1216511,1,4,3,1,0.5606554352374578
1216511,1,4,4,0,0.5762705207465938
1216511,1,4,5,0,7.839876431801788e-05
1216511,1,4,6,0,0.5176374469950858
1216511,1,5,1,0,0.5250350315577206
1216511,1,5,2,0,0.5543179916196347
1216511,1,5,3,0,0.536775701611716
1216511,1,5,4,0,0.5816632492887467
1216511,1,5,5,1,0.5157067894326071
1216511,1,5,6,0,0.5158472392310883
1216511,1,5,7,0,0.5010579670010621
1216511,2,0,1,0,0.34292879586449154
1216511,2,0,2,0,0.00018585311536224735
1216511,2,0,3,0,0.3938488080906707
1216511,2,0,4,1,0.4602282905161428
1216511,2,0,5,0,0.43792108377104433
1216511,2,0,6,0,0.45949297480388923
1216511,2,1,1,0,0.4525308533705715
1216511,2,1,2,0,0.4881511531128101
1216511,2,1,3,0,0.48756148271071864
1216511,2,1,4,0,8.076183922023021e-05
1216511,2,1,5,0,0.4975858702072483
1216511,2,1,6,0,0.48628602533951665
1216511,2,2,1,1,0.5190878099045545
1216511,2,2,2,0,0.5457346582819104
1216511,2,2,3,0,0.5423809985898028
1216511,2,2,4,0,0.5448509898803643
1216511,2,2,5,0,7.095521043020302e-05
1216511,2,2,6,0,0.5115990693400252
1216511,2,3,1,0,0.5337666435806119
1216511,2,3,2,0,0.5638169988704329
1216511,2,3,3,0,0.5585545807436305
1216511,2,3,4,1,0.5565925666499939
1216511,2,3,5,0,0.5246458156249383
1216511,2,3,6,0,0.5246355576704819
1216511,2,4,1,0,0.5206506544590599
1216511,2,4,2,0,0.551039817989514
1216511,2,4,3,0,0.5606554352374578
1216511,2,4,4,1,0.5762705207465938
1216511,2,4,5,0,0.5393899851249258
1216511,2,4,6,0,0.5176374469950858
1216511,2,5,1,0,0.5250350315577206
1216511,2,5,2,1,0.5543179916196347
1216511,2,5,3,0,0.536775701611716
1216511,2,5,4,0,0.5816632492887467
1216511,2,5,5,0,0.5157067894326071
1216511,2,5,6,0,0.5158472392310883
1216512,1,0,1,0,0.34292879586449154
1216512,1,0,2,0,0.3758145906828431
1216512,1,0,3,1,0.3938488080906707
1216512,1,0,4,0,0.4602282905161428
1216512,1,0,5,0,0.43792108377104433
1216512,1,0,6,0,0.45949297480388923
1216512,1,1,1,0,0.4525308533705715
1216512,1,1,2,0,0.4881511531128101
1216512,1,1,3,0,0.48756148271071864
1216512,1,1,4,0,0.48647024865685395
1216512,1,1,5,0,0.4975858702072483
1216512,1,1,6,0,0.48628602533951665
1216512,1,2,1,0,0.5190878099045545
1216512,1,2,2,0,0.5457346582819104
1216512,1,2,3,0,0.5423809985898028
1216512,1,2,4,0,0.5448509898803643
1216512,1,2,5,0,0.5350637168710821
1216512,1,2,6,0,0.5115990693400252
1216512,1,3,1,0,0.5337666435806119
1216512,1,3,2,1,0.5638169988704329
1216512,1,3,3,0,0.5585545807436305
1216512,1,3,4,0,0.5565925666499939
1216512,1,3,5,0,0.5246458156249383
1216512,1,3,6,1,0.5246355576704819
1216512,1,4,1,1,0.5206506544590599
1216512,1,4,2,1,0.551039817989514
1216512,1,4,3,1,0.5606554352374578
1216512,1,4,4,0,0.5762705207465938
1216512,1,4,5,0,0.5393899851249258
1216512,1,4,6,0,0.5176374469950858
1216512,1,5,1,0,0.5250350315577206
1216512,1,5,2,0,0.5543179916196347
1216512,1,5,3,0,0.536775701611716
1216512,1,5,4,1,0.5816632492887467
1216512,1,5,5,0,0.5157067894326071
1216512,1,5,6,0,0.00010310924426488355
1216512,2,0,1,0,0.34292879586449154
1216512,2,0,2,0,0.3758145906828431
1216512,2,0,3,0,0.3938488080906707
1216512,2,0,4,0,0.4602282905161428
1216512,2,0,5,0,0.43792108377104433
1216512,2,0,6,0,0.45949297480388923
1216512,2,1,1,0,0.4525308533705715
1216512,2,1,2,0,0.4881511531128101
1216512,2,1,3,0,0.48756148271071864
1216512,2,1,4,0,0.48647024865685395
1216512,2,1,5,1,0.4975858702072483
1216512,2,1,6,1,0.48628602533951665
1216512,2,2,1,0,0.5190878099045545
1216512,2,2,2,1,0.5457346582819104
1216512,2,2,3,1,0.5423809985898028
1216512,2,2,4,0,0.5448509898803643
1216512,2,2,5,0,0.5350637168710821
1216512,2,2,6,0,0.5115990693400252
1216512,2,3,1,1,0.5337666435806119
1216512,2,3,2,0,0.5638169988704329
1216512,2,3,3,0,0.5585545807436305
1216512,2,3,4,0,0.5565925666499939
1216512,2,3,5,1,0.5246458156249383
1216512,2,3,6,1,0.5246355576704819
1216512,2,4,1,0,0.5206506544590599
1216512,2,4,2,1,0.551039817989514
1216512,2,4,3,0,0.5606554352374578
1216512,2,4,4,0,0.5762705207465938
1216512,2,4,5,0,0.5393899851249258
1216512,2,4,6,1,0.5176374469950858
1216512,2,5,1,0,0.5250350315577206
1216512,2,5,2,1,0.5543179916196347
1216512,2,5,3,0,0.536775701611716
1216512,2,5,4,0,0.5816632492887467
1216512,2,5,5,0,0.5157067894326071
1216512,2,5,6,0,0.5158472392310883
1216512,2,5,7,1,0.5010579670010621
1216512,3,0,1,0,0.00038148845835141084
1216512,3,0,2,0,0.3758145906828431
1216512,3,0,3,0,0.00017505488994704315
1216512,4,0,1,0,0.34292879586449154
1216512,4,0,2,0,0.3758145906828431
1216512,4,0,3,0,0.3938488080906707
1216512,4,0,4,0,0.4602282905161428
1216515,1,0,1,0,0.34292879586449154
1216515,1,0,2,0,0.3758145906828431
1216515,1,0,3,0,0.3938488080906707
1216515,1,0,4,1,0.4602282905161428
1216515,1,0,5,0,0.43792108377104433
1216515,1,0,6,0,0.45949297480388923
1216515,1,1,1,1,0.4525308533705715
1216515,1,1,2,0,0.4881511531128101
1216515,1,1,3,0,0.48756148271071864
1216515,1,1,4,0,0.48647024865685395
1216515,1,1,5,0,0.4975858702072483
1216515,1,1,6,0,0.48628602533951665
1216515,1,2,1,0,0.5190878099045545
1216515,1,2,2,0,0.5457346582819104
1216515,1,2,3,0,0.5423809985898028
1216515,1,2,4,1,0.5448509898803643
1216515,1,2,5,1,0.5350637168710821
1216515,1,2,6,0,0.5115990693400252
1216515,1,3,1,0,0.5337666435806119
1216515,1,3,2,0,0.5638169988704329
1216515,1,3,3,0,0.5585545807436305
1216515,1,3,4,0,0.5565925666499939
1216515,1,3,5,1,0.5246458156249383
1216515,1,3,6,0,0.5246355576704819
1216515,1,4,1,0,0.5206506544590599
1216515,1,4,2,1,0.551039817989514
1216515,1,4,3,1,0.5606554352374578
1216515,1,4,4,0,0.5762705207465938
1216515,1,4,5,0,0.5393899851249258
1216515,1,4,6,0,0.5176374469950858
1216515,1,5,1,1,0.5250350315577206
1216515,1,5,2,0,0.5543179916196347
1216515,1,5,3,0,0.536775701611716
1216515,1,5,4,0,0.5816632492887467
1216515,1,5,5,0,7.613948438054935e-05
1216515,1,5,6,0,0.5158472392310883
1216515,2,0,1,0,0.34292879586449154
1216515,2,0,2,0,0.3758145906828431
1216515,2,0,3,0,0.3938488080906707
1216515,2,0,4,0,0.4602282905161428
1216515,2,0,5,0,0.43792108377104433
1216515,2,0,6,0,0.45949297480388923
1216515,2,1,1,0,0.4525308533705715
1216515,2,1,2,0,9.924247765745456e-05
1216515,2,1,3,0,0.48756148271071864
1216515,2,1,4,0,0.48647024865685395
1216515,2,1,5,0,0.4975858702072483
1216515,2,1,6,0,0.48628602533951665
1216515,2,2,1,0,0.5190878099045545
1216515,2,2,2,1,0.5457346582819104
1216515,2,2,3,0,0.5423809985898028
1216515,2,2,4,0,0.5448509898803643
1216515,2,2,5,0,0.5350637168710821
1216515,2,2,6,1,0.5115990693400252
1216515,2,3,1,1,0.5337666435806119
1216515,2,3,2,0,0.5638169988704329
1216515,2,3,3,0,0.5585545807436305
1216515,2,3,4,1,0.5565925666499939
1216515,2,3,5,0,0.5246458156249383
1216515,2,3,6,0,0.5246355576704819
1216515,2,4,1,0,0.5206506544590599
1216515,2,4,2,1,0.551039817989514
1216515,2,4,3,0,0.5606554352374578
1216515,2,4,4,0,0.5762705207465938
1216515,2,4,5,0,0.5393899851249258
1216515,2,4,6,0,0.5176374469950858
1216515,2,5,1,0,0.5250350315577206
1216515,2,5,2,0,0.5543179916196347
1216515,2,5,3,1,0.536775701611716
1216515,2,5,4,1,0.5816632492887467
1216515,2,5,5,0,0.5157067894326071
1216515,2,5,6,0,0.5158472392310883
1216515,2,5,7,0,0.5010579670010621
1216527,1,0,1,0,0.34292879586449154
1216527,1,0,2,0,0.3758145906828431
1216527,1,0,3,0,0.3938488080906707
1216527,1,0,4,0,0.4602282905161428
1216527,1,0,5,0,0.43792108377104433
1216527,1,0,6,0,0.45949297480388923
1216527,1,1,1,0,0.4525308533705715
1216527,1,1,2,0,0.4881511531128101
1216527,1,1,3,1,0.48756148271071864
1216527,1,1,4,0,0.48647024865685395
1216527,1,1,5,0,0.4975858702072483
1216527,1,1,6,0,0.48628602533951665
1216527,1,2,1,1,0.5190878099045545
1216527,1,2,2,0,0.5457346582819104
1216527,1,2,3,0,0.5423809985898028
1216527,1,2,4,0,0.5448509898803643
1216527,1,2,5,0,0.5350637168710821
1216527,1,2,6,1,0.5115990693400252
1216527,1,2,7,0,0.5434680194742225
1216527,1,3,1,1,0.5337666435806119
1216527,1,3,2,1,0.5638169988704329
1216527,1,3,3,1,0.5585545807436305
1216527,1,3,4,0,0.5565925666499939
1216527,1,3,5,0,0.5246458156249383
1216527,1,3,6,0,0.5246355576704819
1216527,1,4,1,0,0.5206506544590599
1216527,1,4,2,1,0.551039817989514
1216527,1,4,3,1,0.5606554352374578
1216527,1,4,4,0,0.5762705207465938
1216527,1,4,5,0,0.5393899851249258
1216527,1,4,6,0,0.5176374469950858
1216527,1,4,7,1,0.5314435327996707
1216527,1,5,1,0,0.5250350315577206
1216527,1,5,2,0,0.5543179916196347
1216527,1,5,3,0,0.536775701611716
1216527,1,5,4,0,0.5816632492887467
1216527,1,5,5,0,0.5157067894326071
1216527,1,5,6,0,0.5158472392310883
1216527,2,0,1,0,0.34292879586449154
1216527,2,0,2,0,0.3758145906828431
1216527,2,0,3,0,0.3938488080906707
1216527,2,0,4,1,0.4602282905161428
1216527,2,0,5,0,0.43792108377104433
1216527,2,0,6,0,0.45949297480388923
1216527,2,0,7,1,0.4455858771989033
1216527,2,0,8,0,0.3455787779741998
1216527,2,1,1,0,0.4525308533705715
1216527,2,1,2,0,0.4881511531128101
1216527,2,1,3,0,0.48756148271071864
1216527,2,1,4,0,0.48647024865685395
1216527,2,1,5,0,0.4975858702072483
1216527,2,1,6,1,0.48628602533951665
1216527,2,1,7,0,0.5312862305625888
1216527,2,2,1,0,0.5190878099045545
1216527,2,2,2,0,6.71210527059499e-05
1216527,2,2,3,0,0.5423809985898028
1216527,2,2,4,1,0.5448509898803643
1216527,2,2,5,0,0.5350637168710821
1216527,2,2,6,1,0.5115990693400252
1216527,2,2,7,0,0.5434680194742225
1216527,2,3,1,1,0.5337666435806119
1216527,2,3,2,0,0.5638169988704329
1216527,2,3,3,1,0.5585545807436305
1216527,2,3,4,0,0.5565925666499939
1216527,2,3,5,0,0.5246458156249383
1216527,2,3,6,0,0.5246355576704819
1216527,2,4,1,0,0.5206506544590599
1216527,2,4,2,0,0.551039817989514
1216527,2,4,3,0,0.5606554352374578
1216527,2,4,4,1,0.5762705207465938
1216527,2,4,5,0,0.5393899851249258
1216527,2,4,6,1,0.5176374469950858
1216527,2,4,7,0,0.5314435327996707
1216527,2,5,1,0,0.5250350315577206
1216527,2,5,2,1,0.5543179916196347
1216527,2,5,3,0,0.536775701611716
1216527,2,5,4,0,0.5816632492887467
1216527,2,5,5,1,0.5157067894326071
1216527,2,5,6,1,0.5158472392310883
1216530,1,0,1,0,0.34292879586449154
1216530,1,0,2,0,0.00018585311536224735
1216530,1,0,3,0,0.3938488080906707
1216530,1,0,4,0,0.4602282905161428
1216530,1,0,5,0,0.43792108377104433
1216530,1,0,6,0,0.45949297480388923
1216530,1,1,1,0,0.4525308533705715
1216530,1,1,2,0,0.4881511531128101
1216530,1,1,3,1,0.48756148271071864
1216530,1,1,4,0,0.48647024865685395
1216530,1,1,5,1,0.4975858702072483
1216530,1,1,6,1,0.48628602533951665
1216530,1,2,1,0,0.5190878099045545
1216530,1,2,2,0,0.5457346582819104
1216530,1,2,3,0,0.5423809985898028
1216530,1,2,4,0,0.5448509898803643
1216530,1,2,5,0,0.5350637168710821
1216530,1,2,6,0,0.5115990693400252
1216530,1,3,1,1,0.5337666435806119
1216530,1,3,2,1,0.5638169988704329
1216530,1,3,3,0,0.5585545807436305
1216530,1,3,4,1,0.5565925666499939
1216530,1,3,5,0,0.5246458156249383
1216530,1,3,6,1,0.5246355576704819
1216530,1,4,1,0,0.5206506544590599
1216530,1,4,2,0,0.551039817989514
1216530,1,4,3,0,0.5606554352374578
1216530,1,4,4,0,0.5762705207465938
1216530,1,4,5,0,0.5393899851249258
1216530,1,4,6,1,0.5176374469950858
1216530,1,5,1,0,0.5250350315577206
1216530,1,5,2,1,0.5543179916196347
1216530,1,5,3,0,0.536775701611716
1216530,1,5,4,0,0.5816632492887467
1216530,1,5,5,0,0.5157067894326071
1216530,1,5,6,1,0.5158472392310883
1216530,2,0,1,1,0.34292879586449154
1216530,2,0,2,0,0.3758145906828431
1216530,2,0,3,0,0.3938488080906707
1216530,2,0,4,1,0.4602282905161428
1216530,2,0,5,1,0.43792108377104433
1216530,2,0,6,0,0.45949297480388923
1216530,2,0,7,0,0.0005574403188046636
1216530,2,1,1,0,0.4525308533705715
1216530,2,1,2,0,0.4881511531128101
1216530,2,1,3,0,0.48756148271071864
1216530,2,1,4,0,0.48647024865685395
1216530,2,1,5,0,0.4975858702072483
1216530,2,1,6,1,0.48628602533951665
1216530,2,1,7,0,0.5312862305625888
1216530,2,2,1,0,0.0001421325131760957
1216530,2,2,2,0,0.5457346582819104
1216530,2,2,3,0,0.5423809985898028
1216530,2,2,4,1,0.5448509898803643
1216530,2,2,5,0,0.5350637168710821
1216530,2,2,6,0,8.629539099572611e-05
1216530,2,3,1,0,0.5337666435806119
1216530,2,3,2,0,0.5638169988704329
1216530,2,3,3,0,6.085998866754581e-05
1216530,2,3,4,0,0.5565925666499939
1216530,2,3,5,0,0.5246458156249383
1216530,2,3,6,0,0.5246355576704819
1216530,2,4,1,1,0.5206506544590599
1216530,2,4,2,0,0.551039817989514
1216530,2,4,3,0,0.5606554352374578
1216530,2,4,4,0,0.5762705207465938
1216530,2,4,5,0,0.5393899851249258
1216530,2,4,6,0,9.72386209166237e-05
1216530,2,5,1,0,0.5250350315577206
1216530,2,5,2,0,0.5543179916196347
1216530,2,5,3,0,0.536775701611716
1216530,2,5,4,0,0.5816632492887467
1216530,2,5,5,0,0.5157067894326071
1216530,2,5,6,0,0.5158472392310883
1216531,1,0,1,0,0.34292879586449154
1216531,1,0,2,0,0.3758145906828431
1216531,1,0,3,0,0.3938488080906707
1216531,1,0,4,0,0.4602282905161428
1216531,1,0,5,0,0.43792108377104433
1216531,1,0,6,1,0.45949297480388923
1216531,1,1,1,0,0.4525308533705715
1216531,1,1,2,0,0.4881511531128101
1216531,1,1,3,0,0.48756148271071864
1216531,1,1,4,0,0.48647024865685395
1216531,1,1,5,1,0.4975858702072483
1216531,1,1,6,0,0.48628602533951665
1216531,1,2,1,0,0.5190878099045545
1216531,1,2,2,0,0.5457346582819104
1216531,1,2,3,0,0.5423809985898028
1216531,1,2,4,0,0.5448509898803643
1216531,1,2,5,1,0.5350637168710821
1216531,1,2,6,0,0.5115990693400252
1216531,1,2,7,0,0.5434680194742225
1216531,1,3,1,0,0.5337666435806119
1216531,1,3,2,0,0.5638169988704329
1216531,1,3,3,0,0.5585545807436305
1216531,1,3,4,0,0.5565925666499939
1216531,1,3,5,1,0.5246458156249383
1216531,1,3,6,0,0.5246355576704819
1216531,1,4,1,0,0.00015180114801475284
1216531,1,4,2,0,0.551039817989514
1216531,1,4,3,0,0.5606554352374578
1216531,1,4,4,1,0.5762705207465938
1216531,1,4,5,1,0.5393899851249258
1216531,1,4,6,0,0.5176374469950858
1216531,1,5,1,0,0.5250350315577206
1216531,1,5,2,0,0.5543179916196347
1216531,1,5,3,0,0.536775701611716
1216531,1,5,4,1,0.5816632492887467
1216531,1,5,5,0,0.5157067894326071
1216531,1,5,6,0,0.5158472392310883
1216531,1,5,7,0,0.5010579670010621
1216531,2,0,1,0,0.34292879586449154
1216531,2,0,2,0,0.3758145906828431
1216531,2,0,3,0,0.3938488080906707
1216531,2,0,4,0,0.4602282905161428
1216531,2,0,5,0,0.43792108377104433
1216531,2,0,6,0,0.45949297480388923
1216531,2,1,1,0,0.4525308533705715
1216531,2,1,2,1,0.4881511531128101
1216531,2,1,3,0,0.48756148271071864
1216531,2,1,4,0,0.48647024865685395
1216531,2,1,5,0,0.4975858702072483
1216531,2,1,6,0,0.48628602533951665
1216531,2,2,1,0,0.5190878099045545
1216531,2,2,2,0,0.5457346582819104
1216531,2,2,3,0,0.5423809985898028
1216531,2,2,4,0,0.5448509898803643
1216531,2,2,5,0,0.5350637168710821
1216531,2,2,6,1,0.5115990693400252
1216531,2,2,7,0,0.5434680194742225
1216531,2,3,1,0,0.5337666435806119
1216531,2,3,2,0,0.5638169988704329
1216531,2,3,3,1,0.5585545807436305
1216531,2,3,4,0,0.5565925666499939
1216531,2,3,5,1,0.5246458156249383
1216531,2,3,6,1,0.5246355576704819
1216531,2,4,1,1,0.5206506544590599
1216531,2,4,2,0,0.551039817989514
1216531,2,4,3,0,0.5606554352374578
1216531,2,4,4,0,0.5762705207465938
1216531,2,4,5,0,0.5393899851249258
1216531,2,4,6,1,0.5176374469950858
1216531,2,5,1,0,0.5250350315577206
1216531,2,5,2,0,0.5543179916196347
1216531,2,5,3,0,0.536775701611716
1216531,2,5,4,0,0.5816632492887467
1216531,2,5,5,1,0.5157067894326071
1216531,2,5,6,0,0.5158472392310883
1216540,1,0,1,0,0.34292879586449154
1216540,1,0,2,1,0.3758145906828431
1216540,1,0,3,0,0.3938488080906707
1216540,1,0,4,0,0.4602282905161428
1216540,1,0,5,0,0.43792108377104433
1216540,1,0,6,0,0.45949297480388923
1216540,1,1,1,0,0.4525308533705715
1216540,1,1,2,0,0.4881511531128101
1216540,1,1,3,0,0.48756148271071864
1216540,1,1,4,1,0.48647024865685395
1216540,1,1,5,0,0.4975858702072483
1216540,1,1,6,0,0.48628602533951665
1216540,1,2,1,0,0.5190878099045545
1216540,1,2,2,1,0.5457346582819104
1216540,1,2,3,1,0.5423809985898028
1216540,1,2,4,0,0.5448509898803643
1216540,1,2,5,0,0.5350637168710821
1216540,1,2,6,0,0.5115990693400252
1216540,1,3,1,0,0.5337666435806119
1216540,1,3,2,0,0.5638169988704329
1216540,1,3,3,0,0.5585545807436305
1216540,1,3,4,1,0.5565925666499939
1216540,1,3,5,1,0.5246458156249383
1216540,1,3,6,0,0.5246355576704819
1216540,1,4,1,0,0.5206506544590599
1216540,1,4,2,0,0.551039817989514
1216540,1,4,3,0,0.5606554352374578
1216540,1,4,4,0,0.5762705207465938
1216540,1,4,5,0,0.5393899851249258
1216540,1,4,6,0,0.5176374469950858
1216540,1,5,1,0,0.5250350315577206
1216540,1,5,2,0,0.5543179916196347
1216540,1,5,3,0,0.536775701611716
1216540,1,5,4,0,0.5816632492887467
1216540,1,5,5,0,0.5157067894326071
1216540,1,5,6,1,0.5158472392310883
1216540,2,0,1,0,0.34292879586449154
1216540,2,0,2,0,0.3758145906828431
1216540,2,0,3,1,0.3938488080906707
1216540,2,0,4,0,0.4602282905161428
1216540,2,0,5,0,0.43792108377104433
1216540,2,0,6,0,0.45949297480388923
1216540,2,1,1,0,0.4525308533705715
1216540,2,1,2,0,0.4881511531128101
1216540,2,1,3,0,0.48756148271071864
1216540,2,1,4,0,0.48647024865685395
1216540,2,1,5,0,0.4975858702072483
1216540,2,1,6,0,0.48628602533951665
1216540,2,1,7,0,0.5312862305625888
1216540,2,1,8,0,0.546464200793984
1216540,2,2,1,0,0.5190878099045545
1216540,2,2,2,0,0.5457346582819104
1216540,2,2,3,0,0.5423809985898028
1216540,2,2,4,0,0.5448509898803643
1216540,2,2,5,0,0.5350637168710821
1216540,2,2,6,0,0.5115990693400252
1216540,2,3,1,1,0.5337666435806119
1216540,2,3,2,0,0.5638169988704329
1216540,2,3,3,0,0.5585545807436305
1216540,2,3,4,0,0.5565925666499939
1216540,2,3,5,0,0.5246458156249383
1216540,2,3,6,0,8.912938714004702e-05
1216540,2,4,1,0,0.5206506544590599
1216540,2,4,2,1,0.551039817989514
1216540,2,4,3,0,0.5606554352374578
1216540,2,4,4,0,0.5762705207465938
1216540,2,4,5,1,0.5393899851249258
1216540,2,4,6,1,0.5176374469950858
1216540,2,5,1,0,0.5250350315577206
1216540,2,5,2,0,0.5543179916196347
1216540,2,5,3,0,0.536775701611716
1216540,2,5,4,0,0.5816632492887467
1216540,2,5,5,0,0.5157067894326071
1216540,2,5,6,0,0.5158472392310883
1216541,1,0,1,0,0.34292879586449154
1216541,1,0,2,0,0.3758145906828431
1216541,1,0,3,0,0.3938488080906707
1216541,1,0,4,1,0.4602282905161428
1216541,1,0,5,0,0.0001647836315587949
1216541,1,0,6,0,0.45949297480388923
1216541,1,0,7,0,0.4455858771989033
1216541,1,1,1,0,0.4525308533705715
1216541,1,1,2,0,0.4881511531128101
1216541,1,1,3,1,0.48756148271071864
1216541,1,1,4,0,0.48647024865685395
1216541,1,1,5,0,0.4975858702072483
1216541,1,1,6,1,0.48628602533951665
1216541,1,1,7,0,0.5312862305625888
1216541,1,2,1,0,0.5190878099045545
1216541,1,2,2,0,0.5457346582819104
1216541,1,2,3,0,0.5423809985898028
1216541,1,2,4,0,0.5448509898803643
1216541,1,2,5,0,0.5350637168710821
1216541,1,2,6,0,0.5115990693400252
1216541,1,3,1,0,0.5337666435806119
1216541,1,3,2,0,0.5638169988704329
1216541,1,3,3,0,0.5585545807436305
1216541,1,3,4,0,0.5565925666499939
1216541,1,3,5,0,0.5246458156249383
1216541,1,3,6,1,0.5246355576704819
1216541,1,3,7,0,0.5656720274535049
1216541,1,3,8,0,0.6571105056916209
1216541,1,4,1,0,0.5206506544590599
1216541,1,4,2,0,0.551039817989514
1216541,1,4,3,0,0.5606554352374578
1216541,1,4,4,0,0.5762705207465938
1216541,1,4,5,1,0.5393899851249258
1216541,1,4,6,1,0.5176374469950858
1216541,1,5,1,0,0.5250350315577206
1216541,1,5,2,1,0.5543179916196347
1216541,1,5,3,0,0.536775701611716
1216541,1,5,4,0,0.5816632492887467
1216541,1,5,5,1,0.5157067894326071
1216541,1,5,6,0,0.5158472392310883
1216541,2,0,1,0,0.34292879586449154
1216541,2,0,2,0,0.3758145906828431
1216541,2,0,3,0,0.3938488080906707
1216541,2,0,4,0,0.4602282905161428
1216541,2,0,5,0,0.43792108377104433
1216541,2,0,6,0,0.45949297480388923
1216541,2,1,1,1,0.4525308533705715
1216541,2,1,2,0,0.4881511531128101
1216541,2,1,3,0,0.48756148271071864
1216541,2,1,4,1,0.48647024865685395
1216541,2,1,5,0,8.911846280782056e-05
1216541,2,1,6,0,0.48628602533951665
1216541,2,2,1,0,0.5190878099045545
1216541,2,2,2,1,0.5457346582819104
1216541,2,2,3,0,0.5423809985898028
1216541,2,2,4,1,0.5448509898803643
1216541,2,2,5,1,0.5350637168710821
1216541,2,2,6,1,0.5115990693400252
1216541,2,3,1,1,0.5337666435806119
1216541,2,3,2,0,0.5638169988704329
1216541,2,3,3,0,0.5585545807436305
1216541,2,3,4,0,0.5565925666499939
1216541,2,3,5,1,0.5246458156249383
1216541,2,3,6,0,0.5246355576704819
1216541,2,4,1,0,0.5206506544590599
1216541,2,4,2,0,0.551039817989514
1216541,2,4,3,0,0.5606554352374578
1216541,2,4,4,0,7.530897549982799e-05
1216541,2,4,5,0,0.5393899851249258
1216541,2,4,6,0,0.5176374469950858
1216541,2,4,7,0,0.5314435327996707
1216541,2,5,1,0,0.5250350315577206
1216541,2,5,2,0,0.5543179916196347
1216541,2,5,3,0,0.536775701611716
1216541,2,5,4,0,0.5816632492887467
1216541,2,5,5,1,0.5157067894326071
1216541,2,5,6,1,0.5158472392310883
1237181,1,0,1,0,0.00038148845835141084
1237181,1,0,2,0,0.3758145906828431
1237181,1,0,3,0,0.3938488080906707
1237181,1,0,4,1,0.4602282905161428
1237181,1,0,5,0,0.43792108377104433
1237181,1,0,6,0,0.45949297480388923
1237181,1,1,1,0,0.4525308533705715
1237181,1,1,2,0,0.4881511531128101
1237181,1,1,3,1,0.48756148271071864
1237181,1,1,4,0,0.48647024865685395
1237181,1,1,5,0,0.4975858702072483
1237181,1,1,6,0,0.48628602533951665
1237181,1,2,1,1,0.5190878099045545
1237181,1,2,2,0,0.5457346582819104
1237181,1,2,3,0,0.5423809985898028
1237181,1,2,4,0,6.313139414108697e-05
1237181,1,2,5,1,0.5350637168710821
1237181,1,2,6,0,0.5115990693400252
1237181,1,3,1,0,0.5337666435806119
1237181,1,3,2,0,0.5638169988704329
1237181,1,3,3,0,6.085998866754581e-05
1237181,1,3,4,0,0.5565925666499939
1237181,1,3,5,0,0.5246458156249383
1237181,1,3,6,0,0.5246355576704819
1237181,1,4,1,0,0.5206506544590599
1237181,1,4,2,1,0.551039817989514
1237181,1,4,3,0,0.5606554352374578
1237181,1,4,4,0,0.5762705207465938
1237181,1,4,5,1,0.5393899851249258
1237181,1,4,6,0,0.5176374469950858
1237181,1,5,1,0,0.5250350315577206
1237181,1,5,2,0,0.5543179916196347
1237181,1,5,3,0,0.536775701611716
1237181,1,5,4,0,0.5816632492887467
1237181,1,5,5,1,0.5157067894326071
1237181,1,5,6,0,0.5158472392310883
1237181,2,0,1,0,0.34292879586449154
1237181,2,0,2,0,0.3758145906828431
1237181,2,0,3,1,0.3938488080906707
1237181,2,0,4,0,0.4602282905161428
1237181,2,0,5,0,0.43792108377104433
1237181,2,0,6,0,0.45949297480388923
1237181,2,1,1,0,0.4525308533705715
1237181,2,1,2,1,0.4881511531128101
1237181,2,1,3,0,0.48756148271071864
1237181,2,1,4,0,0.48647024865685395
1237181,2,1,5,1,0.4975858702072483
1237181,2,1,6,1,0.48628602533951665
1237181,2,2,1,0,0.5190878099045545
1237181,2,2,2,0,0.5457346582819104
1237181,2,2,3,0,0.5423809985898028
1237181,2,2,4,0,0.5448509898803643
1237181,2,2,5,0,0.5350637168710821
1237181,2,2,6,1,0.5115990693400252
1237181,2,3,1,0,0.5337666435806119
1237181,2,3,2,0,0.5638169988704329
1237181,2,3,3,0,0.5585545807436305
1237181,2,3,4,1,0.5565925666499939
1237181,2,3,5,0,0.5246458156249383
1237181,2,3,6,1,0.5246355576704819
1237181,2,4,1,0,0.00015180114801475284
1237181,2,4,2,1,0.551039817989514
1237181,2,4,3,1,0.5606554352374578
1237181,2,4,4,0,0.5762705207465938
1237181,2,4,5,0,0.5393899851249258
1237181,2,4,6,0,0.5176374469950858
1237181,2,5,1,0,0.5250350315577206
1237181,2,5,2,0,0.5543179916196347
1237181,2,5,3,0,0.536775701611716
1237181,2,5,4,0,0.5816632492887467
1237181,2,5,5,0,0.5157067894326071
1237181,2,5,6,0,0.5158472392310883
1254063,1,0,1,0,0.34292879586449154
1254063,1,0,2,1,0.3758145906828431
1254063,1,0,3,0,0.3938488080906707
1254063,1,0,4,0,0.4602282905161428
1254063,1,0,5,0,0.43792108377104433
1254063,1,0,6,0,0.45949297480388923
1254063,1,1,1,1,0.4525308533705715
1254063,1,1,2,0,0.4881511531128101
1254063,1,1,3,0,0.48756148271071864
1254063,1,1,4,0,0.48647024865685395
1254063,1,1,5,0,0.4975858702072483
1254063,1,1,6,1,0.48628602533951665
1254063,1,1,7,0,0.5312862305625888
1254063,1,2,1,0,0.5190878099045545
1254063,1,2,2,0,0.5457346582819104
1254063,1,2,3,0,0.5423809985898028
1254063,1,2,4,0,0.5448509898803643
1254063,1,2,5,0,0.5350637168710821
1254063,1,2,6,0,8.629539099572611e-05
1254063,1,2,7,0,0.5434680194742225
1254063,1,3,1,0,0.5337666435806119
1254063,1,3,2,0,0.5638169988704329
1254063,1,3,3,0,0.5585545807436305
1254063,1,3,4,0,0.5565925666499939
1254063,1,3,5,0,0.5246458156249383
1254063,1,3,6,0,0.5246355576704819
1254063,1,4,1,0,0.5206506544590599
1254063,1,4,2,0,0.551039817989514
1254063,1,4,3,1,0.5606554352374578
1254063,1,4,4,0,0.5762705207465938
1254063,1,4,5,0,0.5393899851249258
1254063,1,4,6,0,0.5176374469950858
1254063,1,5,1,0,0.5250350315577206
1254063,1,5,2,1,0.5543179916196347
1254063,1,5,3,0,0.536775701611716
1254063,1,5,4,0,0.5816632492887467
1254063,1,5,5,1,0.5157067894326071
1254063,1,5,6,0,0.5158472392310883
1254063,2,0,1,0,0.34292879586449154
1254063,2,0,2,0,0.3758145906828431
1254063,2,0,3,0,0.3938488080906707
1254063,2,0,4,0,0.4602282905161428
1254063,2,0,5,0,0.43792108377104433
1254063,2,0,6,0,0.45949297480388923
1254063,2,1,1,0,0.4525308533705715
1254063,2,1,2,0,0.4881511531128101
1254063,2,1,3,0,0.48756148271071864
1254063,2,1,4,0,0.48647024865685395
1254063,2,1,5,0,0.4975858702072483
1254063,2,1,6,1,0.48628602533951665
1254063,2,1,7,0,0.5312862305625888
1254063,2,2,1,0,0.5190878099045545
1254063,2,2,2,0,6.71210527059499e-05
1254063,2,2,3,0,0.5423809985898028
1254063,2,2,4,0,0.5448509898803643
1254063,2,2,5,0,0.5350637168710821
1254063,2,2,6,0,0.5115990693400252
1254063,2,2,7,0,0.5434680194742225
1254063,2,3,1,0,0.5337666435806119
1254063,2,3,2,1,0.5638169988704329
1254063,2,3,3,0,0.5585545807436305
1254063,2,3,4,1,0.5565925666499939
1254063,2,3,5,0,0.5246458156249383
1254063,2,3,6,1,0.5246355576704819
1254063,2,4,1,0,0.5206506544590599
1254063,2,4,2,0,0.551039817989514
1254063,2,4,3,0,0.5606554352374578
1254063,2,4,4,1,0.5762705207465938
1254063,2,4,5,0,0.5393899851249258
1254063,2,4,6,0,0.5176374469950858
1254063,2,4,7,0,0.5314435327996707
1254063,2,5,1,0,0.5250350315577206
1254063,2,5,2,0,0.5543179916196347
1254063,2,5,3,0,0.536775701611716
1254063,2,5,4,1,0.5816632492887467
1254063,2,5,5,1,0.5157067894326071
1254063,2,5,6,0,0.5158472392310883
1254073,1,0,1,0,0.34292879586449154
1254073,1,0,2,0,0.3758145906828431
1254073,1,0,3,0,0.3938488080906707
1254073,1,0,4,0,0.4602282905161428
1254073,1,0,5,1,0.43792108377104433
1254073,1,0,6,1,0.45949297480388923
1254073,1,1,1,0,0.4525308533705715
1254073,1,1,2,0,0.4881511531128101
1254073,1,1,3,0,0.48756148271071864
1254073,1,1,4,0,0.48647024865685395
1254073,1,1,5,1,0.4975858702072483
1254073,1,1,6,0,0.48628602533951665
1254073,1,2,1,0,0.5190878099045545
1254073,1,2,2,0,0.5457346582819104
1254073,1,2,3,0,6.163767430463305e-05
1254073,1,2,4,0,0.5448509898803643
1254073,1,2,5,0,0.5350637168710821
1254073,1,2,6,0,0.5115990693400252
1254073,1,3,1,0,0.5337666435806119
1254073,1,3,2,0,0.5638169988704329
1254073,1,3,3,0,0.5585545807436305
1254073,1,3,4,0,0.5565925666499939
1254073,1,3,5,0,6.745302613039633e-05
1254073,1,3,6,0,0.5246355576704819
1254073,1,4,1,0,0.5206506544590599
1254073,1,4,2,0,0.551039817989514
1254073,1,4,3,0,7.01966065263333e-05
1254073,1,4,4,0,0.5762705207465938
1254073,1,4,5,1,0.5393899851249258
1254073,1,4,6,0,0.5176374469950858
1254073,1,5,1,1,0.5250350315577206
1254073,1,5,2,0,0.5543179916196347
1254073,1,5,3,1,0.536775701611716
1254073,1,5,4,0,0.5816632492887467
1254073,1,5,5,0,0.5157067894326071
1254073,1,5,6,0,0.5158472392310883
1254073,1,5,7,0,0.5010579670010621
1254073,2,0,1,0,0.34292879586449154
1254073,2,0,2,0,0.3758145906828431
1254073,2,0,3,0,0.3938488080906707
1254073,2,0,4,1,0.4602282905161428
1254073,2,0,5,0,0.43792108377104433
1254073,2,0,6,0,0.45949297480388923
1254073,2,1,1,0,0.4525308533705715
1254073,2,1,2,0,0.4881511531128101
1254073,2,1,3,0,0.48756148271071864
1254073,2,1,4,1,0.48647024865685395
1254073,2,1,5,0,0.4975858702072483
1254073,2,1,6,0,0.48628602533951665
1254073,2,2,1,0,0.5190878099045545
1254073,2,2,2,1,0.5457346582819104
1254073,2,2,3,0,0.5423809985898028
1254073,2,2,4,1,0.5448509898803643
1254073,2,2,5,0,0.5350637168710821
1254073,2,2,6,0,0.5115990693400252
1254073,2,3,1,1,0.5337666435806119
1254073,2,3,2,1,0.5638169988704329
1254073,2,3,3,0,0.5585545807436305
1254073,2,3,4,0,0.5565925666499939
1254073,2,3,5,0,0.5246458156249383
1254073,2,3,6,1,0.5246355576704819
1254073,2,4,1,0,0.5206506544590599
1254073,2,4,2,0,0.551039817989514
1254073,2,4,3,1,0.5606554352374578
1254073,2,4,4,0,0.5762705207465938
1254073,2,4,5,0,0.5393899851249258
1254073,2,4,6,1,0.5176374469950858
1254073,2,5,1,0,0.5250350315577206
1254073,2,5,2,0,0.5543179916196347
1254073,2,5,3,0,0.536775701611716
1254073,2,5,4,0,0.5816632492887467
1254073,2,5,5,0,0.5157067894326071
1254073,2,5,6,0,0.5158472392310883
1254073,2,5,7,1,0.5010579670010621
1254077,1,0,1,1,0.34292879586449154
1254077,1,0,2,1,0.3758145906828431
1254077,1,0,3,1,0.3938488080906707
1254077,1,0,4,0,0.4602282905161428
1254077,1,0,5,0,0.43792108377104433
1254077,1,0,6,0,0.45949297480388923
1254077,1,1,1,0,0.4525308533705715
1254077,1,1,2,0,0.4881511531128101
1254077,1,1,3,1,0.48756148271071864
1254077,1,1,4,0,0.48647024865685395
1254077,1,1,5,1,0.4975858702072483
1254077,1,1,6,0,0.48628602533951665
1254077,1,1,7,1,0.5312862305625888
1254077,1,2,1,0,0.5190878099045545
1254077,1,2,2,0,0.5457346582819104
1254077,1,2,3,0,0.5423809985898028
1254077,1,2,4,0,0.5448509898803643
1254077,1,2,5,0,0.5350637168710821
1254077,1,2,6,1,0.5115990693400252
1254077,1,3,1,0,0.5337666435806119
1254077,1,3,2,0,0.5638169988704329
1254077,1,3,3,0,0.5585545807436305
1254077,1,3,4,0,0.5565925666499939
1254077,1,3,5,0,0.5246458156249383
1254077,1,3,6,0,0.5246355576704819
1254077,1,4,1,0,0.5206506544590599
1254077,1,4,2,0,0.551039817989514
1254077,1,4,3,0,0.5606554352374578
1254077,1,4,4,0,0.5762705207465938
1254077,1,4,5,1,0.5393899851249258
1254077,1,4,6,0,0.5176374469950858
1254077,1,5,1,0,0.5250350315577206
1254077,1,5,2,0,0.5543179916196347
1254077,1,5,3,0,0.536775701611716
1254077,1,5,4,0,0.5816632492887467
1254077,1,5,5,0,0.5157067894326071
1254077,1,5,6,0,0.5158472392310883
1254077,2,0,1,0,0.34292879586449154
1254077,2,0,2,0,0.3758145906828431
1254077,2,0,3,0,0.3938488080906707
1254077,2,0,4,0,0.4602282905161428
1254077,2,0,5,0,0.43792108377104433
1254077,2,0,6,0,0.45949297480388923
1254077,2,1,1,0,0.4525308533705715
1254077,2,1,2,0,0.4881511531128101
1254077,2,1,3,0,0.48756148271071864
1254077,2,1,4,0,0.48647024865685395
1254077,2,1,5,1,0.4975858702072483
1254077,2,1,6,0,0.48628602533951665
1254077,2,2,1,0,0.5190878099045545
1254077,2,2,2,0,0.5457346582819104
1254077,2,2,3,1,0.5423809985898028
1254077,2,2,4,1,0.5448509898803643
1254077,2,2,5,0,0.5350637168710821
1254077,2,2,6,0,0.5115990693400252
1254077,2,3,1,1,0.5337666435806119
1254077,2,3,2,0,7.207262176670686e-05
1254077,2,3,3,1,0.5585545807436305
1254077,2,3,4,0,0.5565925666499939
1254077,2,3,5,0,0.5246458156249383
1254077,2,3,6,0,0.5246355576704819
1254077,2,3,7,0,0.5656720274535049
1254077,2,4,1,0,0.5206506544590599
1254077,2,4,2,0,0.551039817989514
1254077,2,4,3,0,0.5606554352374578
1254077,2,4,4,1,0.5762705207465938
1254077,2,4,5,1,0.5393899851249258
1254077,2,4,6,0,0.5176374469950858
1254077,2,5,1,1,0.5250350315577206
1254077,2,5,2,0,0.5543179916196347
1254077,2,5,3,1,0.536775701611716
1254077,2,5,4,0,8.289229948853374e-05
1254077,2,5,5,0,0.5157067894326071
1254077,2,5,6,0,0.5158472392310883
1254077,3,0,1,0,0.34292879586449154
1254077,3,0,2,0,0.3758145906828431
1254077,3,0,3,1,0.3938488080906707
1254077,3,0,4,0,0.4602282905161428
1254077,3,0,5,0,0.43792108377104433
1254077,3,0,6,0,0.45949297480388923
1254077,4,0,1,0,0.34292879586449154
1254077,4,0,2,0,0.3758145906828431
1254077,4,0,3,1,0.3938488080906707
1254077,4,0,4,0,0.4602282905161428
1254077,4,0,5,0,0.43792108377104433
1254077,4,0,6,0,0.45949297480388923
1254082,1,0,1,0,0.34292879586449154
1254082,1,0,2,0,0.3758145906828431
1254082,1,0,3,0,0.3938488080906707
1254082,1,0,4,0,0.4602282905161428
1254082,1,0,5,0,0.43792108377104433
1254082,1,0,6,0,0.45949297480388923
1254082,1,1,1,0,0.4525308533705715
1254082,1,1,2,0,0.4881511531128101
1254082,1,1,3,0,0.48756148271071864
1254082,1,1,4,0,0.48647024865685395
1254082,1,1,5,1,0.4975858702072483
1254082,1,1,6,0,0.48628602533951665
1254082,1,2,1,0,0.5190878099045545
1254082,1,2,2,0,0.5457346582819104
1254082,1,2,3,0,0.5423809985898028
1254082,1,2,4,1,0.5448509898803643
1254082,1,2,5,0,0.5350637168710821
1254082,1,2,6,0,0.5115990693400252
1254082,1,3,1,0,0.5337666435806119
1254082,1,3,2,0,0.5638169988704329
1254082,1,3,3,1,0.5585545807436305
1254082,1,3,4,0,6.256559681168003e-05
1254082,1,3,5,0,0.5246458156249383
1254082,1,3,6,0,0.5246355576704819
1254082,1,4,1,0,0.5206506544590599
1254082,1,4,2,0,0.551039817989514
1254082,1,4,3,0,0.5606554352374578
1254082,1,4,4,0,0.5762705207465938
1254082,1,4,5,0,0.5393899851249258
1254082,1,4,6,1,0.5176374469950858
1254082,1,5,1,0,0.5250350315577206
1254082,1,5,2,1,0.5543179916196347
1254082,1,5,3,0,0.536775701611716
1254082,1,5,4,0,0.5816632492887467
1254082,1,5,5,1,0.5157067894326071
1254082,1,5,6,0,0.5158472392310883
1254082,2,0,1,0,0.34292879586449154
1254082,2,0,2,1,0.3758145906828431
1254082,2,0,3,1,0.3938488080906707
1254082,2,0,4,1,0.4602282905161428
1254082,2,0,5,1,0.43792108377104433
1254082,2,0,6,1,0.45949297480388923
1254082,2,0,7,1,0.4455858771989033
1254082,2,1,1,0,0.4525308533705715
1254082,2,1,2,0,0.4881511531128101
1254082,2,1,3,0,0.48756148271071864
1254082,2,1,4,0,0.48647024865685395
1254082,2,1,5,1,0.4975858702072483
1254082,2,1,6,0,0.48628602533951665
1254082,2,1,7,0,0.5312862305625888
1254082,2,2,1,1,0.5190878099045545
1254082,2,2,2,0,0.5457346582819104
1254082,2,2,3,0,0.5423809985898028
1254082,2,2,4,0,0.5448509898803643
1254082,2,2,5,0,0.5350637168710821
1254082,2,2,6,0,0.5115990693400252
1254082,2,3,1,0,0.5337666435806119
1254082,2,3,2,0,0.5638169988704329
1254082,2,3,3,0,0.5585545807436305
1254082,2,3,4,1,0.5565925666499939
1254082,2,3,5,1,0.5246458156249383
1254082,2,3,6,0,0.5246355576704819
1254082,2,4,1,1,0.5206506544590599
1254082,2,4,2,0,0.551039817989514
1254082,2,4,3,0,0.5606554352374578
1254082,2,4,4,0,0.5762705207465938
1254082,2,4,5,0,0.5393899851249258
1254082,2,4,6,1,0.5176374469950858
1254082,2,5,1,0,0.5250350315577206
1254082,2,5,2,0,0.5543179916196347
1254082,2,5,3,0,0.536775701611716
1254082,2,5,4,0,0.5816632492887467
1254082,2,5,5,0,0.5157067894326071
1254082,2,5,6,0,0.5158472392310883
1254093,1,0,1,0,0.34292879586449154
1254093,1,0,2,0,0.3758145906828431
1254093,1,0,3,0,0.3938488080906707
1254093,1,0,4,0,0.4602282905161428
1254093,1,0,5,0,0.43792108377104433
1254093,1,0,6,1,0.45949297480388923
1254093,1,0,7,0,0.4455858771989033
1254093,1,1,1,0,0.4525308533705715
1254093,1,1,2,1,0.4881511531128101
1254093,1,1,3,0,0.48756148271071864
1254093,1,1,4,0,0.48647024865685395
1254093,1,1,5,1,0.4975858702072483
1254093,1,1,6,1,0.48628602533951665
1254093,1,2,1,1,0.5190878099045545
1254093,1,2,2,0,0.5457346582819104
1254093,1,2,3,0,0.5423809985898028
1254093,1,2,4,0,0.5448509898803643
1254093,1,2,5,0,0.5350637168710821
1254093,1,2,6,0,0.5115990693400252
1254093,1,3,1,0,0.5337666435806119
1254093,1,3,2,0,0.5638169988704329
1254093,1,3,3,0,0.5585545807436305
1254093,1,3,4,0,6.256559681168003e-05
1254093,1,3,5,0,0.5246458156249383
1254093,1,3,6,1,0.5246355576704819
1254093,1,4,1,0,0.5206506544590599
1254093,1,4,2,0,0.551039817989514
1254093,1,4,3,0,0.5606554352374578
1254093,1,4,4,0,0.5762705207465938
1254093,1,4,5,0,0.5393899851249258
1254093,1,4,6,0,0.5176374469950858
1254093,1,4,7,0,0.5314435327996707
1254093,1,5,1,1,0.5250350315577206
1254093,1,5,2,0,0.5543179916196347
1254093,1,5,3,0,6.970130872207562e-05
1254093,1,5,4,0,0.5816632492887467
1254093,1,5,5,0,0.5157067894326071
1254093,1,5,6,0,0.5158472392310883
1254093,2,0,1,0,0.34292879586449154
1254093,2,0,2,0,0.3758145906828431
1254093,2,0,3,1,0.3938488080906707
1254093,2,0,4,0,0.4602282905161428
1254093,2,0,5,1,0.43792108377104433
1254093,2,0,6,0,0.45949297480388923
1254093,2,1,1,0,0.4525308533705715
1254093,2,1,2,0,0.4881511531128101
1254093,2,1,3,0,0.48756148271071864
1254093,2,1,4,0,0.48647024865685395
1254093,2,1,5,0,0.4975858702072483
1254093,2,1,6,0,0.48628602533951665
1254093,2,2,1,0,0.5190878099045545
1254093,2,2,2,1,0.5457346582819104
1254093,2,2,3,0,0.5423809985898028
1254093,2,2,4,0,0.5448509898803643
1254093,2,2,5,0,0.5350637168710821
1254093,2,2,6,0,0.5115990693400252
1254093,2,3,1,0,0.5337666435806119
1254093,2,3,2,0,7.207262176670686e-05
1254093,2,3,3,1,0.5585545807436305
1254093,2,3,4,0,0.5565925666499939
1254093,2,3,5,1,0.5246458156249383
1254093,2,3,6,0,0.5246355576704819
1254093,2,4,1,1,0.5206506544590599
1254093,2,4,2,1,0.551039817989514
1254093,2,4,3,0,0.5606554352374578
1254093,2,4,4,1,0.5762705207465938
1254093,2,4,5,0,0.5393899851249258
1254093,2,4,6,0,0.5176374469950858
1254093,2,5,1,0,0.5250350315577206
1254093,2,5,2,0,0.5543179916196347
1254093,2,5,3,0,0.536775701611716
1254093,2,5,4,1,0.5816632492887467
1254093,2,5,5,0,7.613948438054935e-05
1254093,2,5,6,0,0.5158472392310883
1254093,2,5,7,0,0.5010579670010621
1254096,1,0,1,1,0.34292879586449154
1254096,1,0,2,0,0.3758145906828431
1254096,1,0,3,0,0.3938488080906707
1254096,1,0,4,0,0.4602282905161428
1254096,1,0,5,0,0.43792108377104433
1254096,1,0,6,0,0.45949297480388923
1254096,1,1,1,0,0.4525308533705715
1254096,1,1,2,0,0.4881511531128101
1254096,1,1,3,0,0.48756148271071864
1254096,1,1,4,0,0.48647024865685395
1254096,1,1,5,0,0.4975858702072483
1254096,1,1,6,0,0.48628602533951665
1254096,1,1,7,0,0.5312862305625888
1254096,1,2,1,0,0.5190878099045545
1254096,1,2,2,0,0.5457346582819104
1254096,1,2,3,1,0.5423809985898028
1254096,1,2,4,0,0.5448509898803643
1254096,1,2,5,0,0.5350637168710821
1254096,1,2,6,1,0.5115990693400252
1254096,1,3,1,1,0.5337666435806119
1254096,1,3,2,1,0.5638169988704329
1254096,1,3,3,0,0.5585545807436305
1254096,1,3,4,0,0.5565925666499939
1254096,1,3,5,0,0.5246458156249383
1254096,1,3,6,0,0.5246355576704819
1254096,1,4,1,0,0.5206506544590599
1254096,1,4,2,0,0.551039817989514
1254096,1,4,3,0,0.5606554352374578
1254096,1,4,4,0,0.5762705207465938
1254096,1,4,5,0,0.5393899851249258
1254096,1,4,6,1,0.5176374469950858
1254096,1,5,1,0,0.5250350315577206
1254096,1,5,2,0,0.5543179916196347
1254096,1,5,3,1,0.536775701611716
1254096,1,5,4,0,0.5816632492887467
1254096,1,5,5,0,0.5157067894326071
1254096,1,5,6,1,0.5158472392310883
1254096,1,5,7,0,0.5010579670010621
1254096,2,0,1,0,0.34292879586449154
1254096,2,0,2,1,0.3758145906828431
1254096,2,0,3,0,0.3938488080906707
1254096,2,0,4,1,0.4602282905161428
1254096,2,0,5,0,0.43792108377104433
1254096,2,0,6,0,0.45949297480388923
1254096,2,1,1,0,0.4525308533705715
1254096,2,1,2,0,0.4881511531128101
1254096,2,1,3,1,0.48756148271071864
1254096,2,1,4,1,0.48647024865685395
1254096,2,1,5,0,0.4975858702072483
1254096,2,1,6,1,0.48628602533951665
1254096,2,2,1,1,0.5190878099045545
1254096,2,2,2,0,0.5457346582819104
1254096,2,2,3,0,0.5423809985898028
1254096,2,2,4,1,0.5448509898803643
1254096,2,2,5,0,0.5350637168710821
1254096,2,2,6,0,8.629539099572611e-05
1254096,2,3,1,0,0.5337666435806119
1254096,2,3,2,0,0.5638169988704329
1254096,2,3,3,0,0.5585545807436305
1254096,2,3,4,0,0.5565925666499939
1254096,2,3,5,1,0.5246458156249383
1254096,2,3,6,0,0.5246355576704819
1254096,2,4,1,0,0.5206506544590599
1254096,2,4,2,0,0.551039817989514
1254096,2,4,3,0,0.5606554352374578
1254096,2,4,4,0,0.5762705207465938
1254096,2,4,5,0,0.5393899851249258
1254096,2,4,6,0,0.5176374469950858
1254096,2,5,1,0,0.5250350315577206
1254096,2,5,2,1,0.5543179916196347
1254096,2,5,3,0,0.536775701611716
1254096,2,5,4,0,0.5816632492887467
1254096,2,5,5,0,0.5157067894326071
1254096,2,5,6,0,0.5158472392310883
1254096,2,5,7,0,0.5010579670010621
1254098,1,0,1,0,0.34292879586449154
1254098,1,0,2,0,0.3758145906828431
1254098,1,0,3,1,0.3938488080906707
1254098,1,0,4,1,0.4602282905161428
1254098,1,0,5,0,0.43792108377104433
1254098,1,0,6,0,0.00022371304020557016
1254098,1,1,1,0,0.4525308533705715
1254098,1,1,2,0,0.4881511531128101
1254098,1,1,3,0,0.48756148271071864
1254098,1,1,4,0,0.48647024865685395
1254098,1,1,5,0,0.4975858702072483
1254098,1,1,6,1,0.48628602533951665
1254098,1,1,7,0,0.5312862305625888
1254098,1,2,1,0,0.5190878099045545
1254098,1,2,2,0,0.5457346582819104
1254098,1,2,3,0,0.5423809985898028
1254098,1,2,4,0,0.5448509898803643
1254098,1,2,5,0,0.5350637168710821
1254098,1,2,6,1,0.5115990693400252
1254098,1,3,1,0,0.5337666435806119
1254098,1,3,2,1,0.5638169988704329
1254098,1,3,3,0,0.5585545807436305
1254098,1,3,4,0,0.5565925666499939
1254098,1,3,5,0,0.5246458156249383
1254098,1,3,6,1,0.5246355576704819
1254098,1,3,7,0,0.5656720274535049
1254098,1,4,1,0,0.5206506544590599
1254098,1,4,2,1,0.551039817989514
1254098,1,4,3,0,0.5606554352374578
1254098,1,4,4,1,0.5762705207465938
1254098,1,4,5,0,0.5393899851249258
1254098,1,4,6,0,0.5176374469950858
1254098,1,5,1,0,0.00016316266614252873
1254098,1,5,2,0,0.5543179916196347
1254098,1,5,3,0,0.536775701611716
1254098,1,5,4,0,0.5816632492887467
1254098,1,5,5,0,0.5157067894326071
1254098,1,5,6,0,0.5158472392310883
1254098,2,0,1,0,0.34292879586449154
1254098,2,0,2,0,0.3758145906828431
1254098,2,0,3,1,0.3938488080906707
1254098,2,0,4,0,0.4602282905161428
1254098,2,0,5,0,0.43792108377104433
1254098,2,0,6,0,0.45949297480388923
1254098,2,1,1,0,0.4525308533705715
1254098,2,1,2,0,0.4881511531128101
1254098,2,1,3,0,0.48756148271071864
1254098,2,1,4,0,0.48647024865685395
1254098,2,1,5,0,0.4975858702072483
1254098,2,1,6,0,0.48628602533951665
1254098,2,2,1,1,0.5190878099045545
1254098,2,2,2,0,0.5457346582819104
1254098,2,2,3,1,0.5423809985898028
1254098,2,2,4,0,0.5448509898803643
1254098,2,2,5,0,0.5350637168710821
1254098,2,2,6,0,0.5115990693400252
1254098,2,3,1,0,0.5337666435806119
1254098,2,3,2,0,0.5638169988704329
1254098,2,3,3,1,0.5585545807436305
1254098,2,3,4,1,0.5565925666499939
1254098,2,3,5,0,0.5246458156249383
1254098,2,3,6,0,0.5246355576704819
1254098,2,4,1,0,0.5206506544590599
1254098,2,4,2,1,0.551039817989514
1254098,2,4,3,0,0.5606554352374578
1254098,2,4,4,1,0.5762705207465938
1254098,2,4,5,0,0.5393899851249258
1254098,2,4,6,0,0.5176374469950858
1254098,2,5,1,1,0.5250350315577206
1254098,2,5,2,0,0.5543179916196347
1254098,2,5,3,0,0.536775701611716
1254098,2,5,4,1,0.5816632492887467
1254098,2,5,5,0,0.5157067894326071
1254098,2,5,6,0,0.5158472392310883
1254102,1,0,1,1,0.34292879586449154
1254102,1,0,2,0,0.3758145906828431
1254102,1,0,3,0,0.3938488080906707
1254102,1,0,4,0,0.4602282905161428
1254102,1,0,5,0,0.43792108377104433
1254102,1,0,6,1,0.45949297480388923
1254102,1,1,1,0,0.4525308533705715
1254102,1,1,2,0,0.4881511531128101
1254102,1,1,3,0,0.48756148271071864
1254102,1,1,4,0,0.48647024865685395
1254102,1,1,5,1,0.4975858702072483
1254102,1,1,6,0,0.48628602533951665
1254102,1,2,1,0,0.5190878099045545
1254102,1,2,2,0,0.5457346582819104
1254102,1,2,3,0,6.163767430463305e-05
1254102,1,2,4,0,0.5448509898803643
1254102,1,2,5,0,0.5350637168710821
1254102,1,2,6,0,0.5115990693400252
1254102,1,2,7,0,0.5434680194742225
1254102,1,2,8,0,0.6242857061636626
1254102,1,3,1,0,0.5337666435806119
1254102,1,3,2,0,0.5638169988704329
1254102,1,3,3,0,0.5585545807436305
1254102,1,3,4,0,0.5565925666499939
1254102,1,3,5,0,0.5246458156249383
1254102,1,3,6,1,0.5246355576704819
1254102,1,4,1,0,0.5206506544590599
1254102,1,4,2,0,0.551039817989514
1254102,1,4,3,1,0.5606554352374578
1254102,1,4,4,0,0.5762705207465938
1254102,1,4,5,0,0.5393899851249258
1254102,1,4,6,0,0.5176374469950858
1254102,1,5,1,0,0.5250350315577206
1254102,1,5,2,1,0.5543179916196347
1254102,1,5,3,1,0.536775701611716
1254102,1,5,4,0,0.5816632492887467
1254102,1,5,5,0,0.5157067894326071
1254102,1,5,6,0,0.5158472392310883
1254102,2,0,1,0,0.34292879586449154
1254102,2,0,2,0,0.3758145906828431
1254102,2,0,3,0,0.3938488080906707
1254102,2,0,4,0,0.4602282905161428
1254102,2,0,5,1,0.43792108377104433
1254102,2,0,6,0,0.45949297480388923
1254102,2,1,1,0,0.4525308533705715
1254102,2,1,2,0,0.4881511531128101
1254102,2,1,3,0,0.48756148271071864
1254102,2,1,4,0,0.48647024865685395
1254102,2,1,5,1,0.4975858702072483
1254102,2,1,6,0,0.48628602533951665
1254102,2,2,1,0,0.5190878099045545
1254102,2,2,2,0,0.5457346582819104
1254102,2,2,3,1,0.5423809985898028
1254102,2,2,4,0,0.5448509898803643
1254102,2,2,5,1,0.5350637168710821
1254102,2,2,6,0,0.5115990693400252
1254102,2,3,1,0,0.5337666435806119
1254102,2,3,2,0,0.5638169988704329
1254102,2,3,3,0,0.5585545807436305
1254102,2,3,4,0,0.5565925666499939
1254102,2,3,5,0,0.5246458156249383
1254102,2,3,6,1,0.5246355576704819
1254102,2,4,1,0,0.5206506544590599
1254102,2,4,2,0,0.551039817989514
1254102,2,4,3,0,0.5606554352374578
1254102,2,4,4,0,0.5762705207465938
1254102,2,4,5,0,0.5393899851249258
1254102,2,4,6,0,0.5176374469950858
1254102,2,5,1,0,0.5250350315577206
1254102,2,5,2,1,0.5543179916196347
1254102,2,5,3,0,0.536775701611716
1254102,2,5,4,0,0.5816632492887467
1254102,2,5,5,0,0.5157067894326071
1254102,2,5,6,0,0.5158472392310883
1254105,1,0,1,0,0.34292879586449154
1254105,1,0,2,0,0.3758145906828431
1254105,1,0,3,0,0.00017505488994704315
1254105,1,0,4,0,0.4602282905161428
1254105,1,0,5,0,0.43792108377104433
1254105,1,0,6,0,0.45949297480388923
1254105,1,1,1,0,0.4525308533705715
1254105,1,1,2,0,0.4881511531128101
1254105,1,1,3,0,0.48756148271071864
1254105,1,1,4,0,0.48647024865685395
1254105,1,1,5,1,0.4975858702072483
1254105,1,1,6,0,0.48628602533951665
1254105,1,2,1,0,0.5190878099045545
1254105,1,2,2,0,0.5457346582819104
1254105,1,2,3,0,0.5423809985898028
1254105,1,2,4,0,0.5448509898803643
1254105,1,2,5,0,0.5350637168710821
1254105,1,2,6,0,0.5115990693400252
1254105,1,3,1,1,0.5337666435806119
1254105,1,3,2,0,0.5638169988704329
1254105,1,3,3,0,0.5585545807436305
1254105,1,3,4,0,0.5565925666499939
1254105,1,3,5,0,0.5246458156249383
1254105,1,3,6,0,0.5246355576704819
1254105,1,4,1,1,0.5206506544590599
1254105,1,4,2,0,0.551039817989514
1254105,1,4,3,0,0.5606554352374578
1254105,1,4,4,0,0.5762705207465938
1254105,1,4,5,0,0.5393899851249258
1254105,1,4,6,0,9.72386209166237e-05
1254105,1,5,1,0,0.5250350315577206
1254105,1,5,2,0,0.5543179916196347
1254105,1,5,3,0,0.536775701611716
1254105,1,5,4,0,0.5816632492887467
1254105,1,5,5,0,0.5157067894326071
1254105,1,5,6,0,0.5158472392310883
1254105,2,0,1,0,0.34292879586449154
1254105,2,0,2,0,0.3758145906828431
1254105,2,0,3,0,0.3938488080906707
1254105,2,0,4,0,0.4602282905161428
1254105,2,0,5,0,0.43792108377104433
1254105,2,0,6,0,0.45949297480388923
1254105,2,1,1,0,0.4525308533705715
1254105,2,1,2,1,0.4881511531128101
1254105,2,1,3,0,0.48756148271071864
1254105,2,1,4,1,0.48647024865685395
1254105,2,1,5,0,0.4975858702072483
1254105,2,1,6,0,0.48628602533951665
1254105,2,2,1,1,0.5190878099045545
1254105,2,2,2,0,0.5457346582819104
1254105,2,2,3,1,0.5423809985898028
1254105,2,2,4,0,0.5448509898803643
1254105,2,2,5,0,7.095521043020302e-05
1254105,2,2,6,0,0.5115990693400252
1254105,2,3,1,0,0.5337666435806119
1254105,2,3,2,0,0.5638169988704329
1254105,2,3,3,0,0.5585545807436305
1254105,2,3,4,1,0.5565925666499939
1254105,2,3,5,0,0.5246458156249383
1254105,2,3,6,0,0.5246355576704819
1254105,2,4,1,0,0.5206506544590599
1254105,2,4,2,0,0.551039817989514
1254105,2,4,3,0,0.5606554352374578
1254105,2,4,4,0,0.5762705207465938
1254105,2,4,5,0,0.5393899851249258
1254105,2,4,6,0,0.5176374469950858
1254105,2,5,1,0,0.5250350315577206
1254105,2,5,2,0,0.5543179916196347
1254105,2,5,3,1,0.536775701611716
1254105,2,5,4,0,0.5816632492887467
1254105,2,5,5,0,0.5157067894326071
1254105,2,5,6,0,0.5158472392310883
1254112,1,0,1,1,0.34292879586449154
1254112,1,0,2,0,0.3758145906828431
1254112,1,0,3,0,0.3938488080906707
1254112,1,0,4,0,0.4602282905161428
1254112,1,0,5,0,0.43792108377104433
1254112,1,0,6,0,0.45949297480388923
1254112,1,1,1,0,0.4525308533705715
1254112,1,1,2,0,0.4881511531128101
1254112,1,1,3,0,0.48756148271071864
1254112,1,1,4,0,0.48647024865685395
1254112,1,1,5,0,0.4975858702072483
1254112,1,1,6,0,0.00010856370594880755
1254112,1,1,7,1,0.5312862305625888
1254112,1,2,1,0,0.5190878099045545
1254112,1,2,2,0,0.5457346582819104
1254112,1,2,3,0,0.5423809985898028
1254112,1,2,4,1,0.5448509898803643
1254112,1,2,5,0,0.5350637168710821
1254112,1,2,6,0,0.5115990693400252
1254112,1,3,1,0,0.5337666435806119
1254112,1,3,2,0,0.5638169988704329
1254112,1,3,3,0,0.5585545807436305
1254112,1,3,4,0,0.5565925666499939
1254112,1,3,5,0,0.5246458156249383
1254112,1,3,6,0,0.5246355576704819
1254112,1,4,1,1,0.5206506544590599
1254112,1,4,2,0,0.551039817989514
1254112,1,4,3,0,0.5606554352374578
1254112,1,4,4,0,0.5762705207465938
1254112,1,4,5,0,0.5393899851249258
1254112,1,4,6,0,0.5176374469950858
1254112,1,5,1,0,0.5250350315577206
1254112,1,5,2,0,0.5543179916196347
1254112,1,5,3,0,0.536775701611716
1254112,1,5,4,0,0.5816632492887467
1254112,1,5,5,0,0.5157067894326071
1254112,1,5,6,0,0.5158472392310883
1254112,2,0,1,0,0.34292879586449154
1254112,2,0,2,0,0.3758145906828431
1254112,2,0,3,0,0.3938488080906707
1254112,2,0,4,0,0.4602282905161428
1254112,2,0,5,0,0.43792108377104433
1254112,2,0,6,1,0.45949297480388923
1254112,2,1,1,0,0.4525308533705715
1254112,2,1,2,0,0.4881511531128101
1254112,2,1,3,1,0.48756148271071864
1254112,2,1,4,0,0.48647024865685395
1254112,2,1,5,0,0.4975858702072483
1254112,2,1,6,0,0.00010856370594880755
1254112,2,2,1,0,0.5190878099045545
1254112,2,2,2,0,0.5457346582819104
1254112,2,2,3,0,0.5423809985898028
1254112,2,2,4,0,6.313139414108697e-05
1254112,2,2,5,0,0.5350637168710821
1254112,2,2,6,1,0.5115990693400252
1254112,2,3,1,0,0.5337666435806119
1254112,2,3,2,0,0.5638169988704329
1254112,2,3,3,0,0.5585545807436305
1254112,2,3,4,1,0.5565925666499939
1254112,2,3,5,0,0.5246458156249383
1254112,2,3,6,0,0.5246355576704819
1254112,2,4,1,0,0.00015180114801475284
1254112,2,4,2,0,0.551039817989514
1254112,2,4,3,0,0.5606554352374578
1254112,2,4,4,1,0.5762705207465938
1254112,2,4,5,0,0.5393899851249258
1254112,2,4,6,0,0.5176374469950858
1254112,2,5,1,0,0.5250350315577206
1254112,2,5,2,0,0.5543179916196347
1254112,2,5,3,0,0.536775701611716
1254112,2,5,4,1,0.5816632492887467
1254112,2,5,5,0,0.5157067894326071
1254112,2,5,6,1,0.5158472392310883
1254113,1,0,1,1,0.34292879586449154
1254113,1,0,2,1,0.3758145906828431
1254113,1,0,3,0,0.3938488080906707
1254113,1,0,4,0,0.4602282905161428
1254113,1,0,5,0,0.43792108377104433
1254113,1,0,6,1,0.45949297480388923
1254113,1,1,1,0,0.4525308533705715
1254113,1,1,2,0,0.4881511531128101
1254113,1,1,3,0,0.48756148271071864
1254113,1,1,4,0,0.48647024865685395
1254113,1,1,5,0,0.4975858702072483
1254113,1,1,6,0,0.48628602533951665
1254113,1,2,1,0,0.5190878099045545
1254113,1,2,2,0,0.5457346582819104
1254113,1,2,3,1,0.5423809985898028
1254113,1,2,4,0,0.5448509898803643
1254113,1,2,5,1,0.5350637168710821
1254113,1,2,6,0,0.5115990693400252
1254113,1,3,1,0,0.5337666435806119
1254113,1,3,2,1,0.5638169988704329
1254113,1,3,3,0,0.5585545807436305
1254113,1,3,4,0,0.5565925666499939
1254113,1,3,5,0,0.5246458156249383
1254113,1,3,6,0,0.5246355576704819
1254113,1,4,1,0,0.5206506544590599
1254113,1,4,2,0,0.551039817989514
1254113,1,4,3,0,0.5606554352374578
1254113,1,4,4,1,0.5762705207465938
1254113,1,4,5,0,0.5393899851249258
1254113,1,4,6,0,0.5176374469950858
1254113,1,5,1,0,0.5250350315577206
1254113,1,5,2,0,0.5543179916196347
1254113,1,5,3,1,0.536775701611716
1254113,1,5,4,0,0.5816632492887467
1254113,1,5,5,0,0.5157067894326071
1254113,1,5,6,0,0.5158472392310883
1254113,1,5,7,0,0.5010579670010621
1254113,2,0,1,0,0.34292879586449154
1254113,2,0,2,0,0.3758145906828431
1254113,2,0,3,0,0.3938488080906707
1254113,2,0,4,1,0.4602282905161428
1254113,2,0,5,0,0.43792108377104433
1254113,2,0,6,0,0.45949297480388923
1254113,2,1,1,0,0.4525308533705715
1254113,2,1,2,1,0.4881511531128101
1254113,2,1,3,0,0.48756148271071864
1254113,2,1,4,0,0.48647024865685395
1254113,2,1,5,0,0.4975858702072483
1254113,2,1,6,0,0.48628602533951665
1254113,2,2,1,0,0.5190878099045545
1254113,2,2,2,0,0.5457346582819104
1254113,2,2,3,0,0.5423809985898028
1254113,2,2,4,0,0.5448509898803643
1254113,2,2,5,0,0.5350637168710821
1254113,2,2,6,0,0.5115990693400252
1254113,2,3,1,1,0.5337666435806119
1254113,2,3,2,0,0.5638169988704329
1254113,2,3,3,0,0.5585545807436305
1254113,2,3,4,0,0.5565925666499939
1254113,2,3,5,0,0.5246458156249383
1254113,2,3,6,1,0.5246355576704819
1254113,2,4,1,0,0.5206506544590599
1254113,2,4,2,0,0.551039817989514
1254113,2,4,3,1,0.5606554352374578
1254113,2,4,4,0,0.5762705207465938
1254113,2,4,5,0,0.5393899851249258
1254113,2,4,6,0,0.5176374469950858
1254113,2,4,7,0,0.5314435327996707
1254113,2,5,1,1,0.5250350315577206
1254113,2,5,2,0,0.5543179916196347
1254113,2,5,3,1,0.536775701611716
1254113,2,5,4,0,0.5816632492887467
1254113,2,5,5,0,0.5157067894326071
1254113,2,5,6,1,0.5158472392310883
1304048,1,0,1,0,0.34292879586449154
1304048,1,0,2,0,0.3758145906828431
1304048,1,0,3,1,0.3938488080906707
1304048,1,0,4,0,0.4602282905161428
1304048,1,0,5,0,0.43792108377104433
1304048,1,0,6,1,0.45949297480388923
1304048,1,1,1,0,0.4525308533705715
1304048,1,1,2,0,0.4881511531128101
1304048,1,1,3,0,0.48756148271071864
1304048,1,1,4,0,0.48647024865685395
1304048,1,1,5,1,0.4975858702072483
1304048,1,1,6,0,0.48628602533951665
1304048,1,2,1,0,0.5190878099045545
1304048,1,2,2,0,0.5457346582819104
1304048,1,2,3,0,0.5423809985898028
1304048,1,2,4,0,0.5448509898803643
1304048,1,2,5,0,0.5350637168710821
1304048,1,2,6,1,0.5115990693400252
1304048,1,3,1,0,0.5337666435806119
1304048,1,3,2,0,0.5638169988704329
1304048,1,3,3,0,0.5585545807436305
1304048,1,3,4,0,0.5565925666499939
1304048,1,3,5,1,0.5246458156249383
1304048,1,3,6,0,0.5246355576704819
1304048,1,4,1,1,0.5206506544590599
1304048,1,4,2,0,0.551039817989514
1304048,1,4,3,1,0.5606554352374578
1304048,1,4,4,0,0.5762705207465938
1304048,1,4,5,0,0.5393899851249258
1304048,1,4,6,0,0.5176374469950858
1304048,1,4,7,1,0.5314435327996707
1304048,1,5,1,0,0.5250350315577206
1304048,1,5,2,0,0.5543179916196347
1304048,1,5,3,0,0.536775701611716
1304048,1,5,4,0,0.5816632492887467
1304048,1,5,5,1,0.5157067894326071
1304048,1,5,6,0,0.5158472392310883
1304048,2,0,1,0,0.34292879586449154
1304048,2,0,2,0,0.3758145906828431
1304048,2,0,3,0,0.3938488080906707
1304048,2,0,4,0,0.4602282905161428
1304048,2,0,5,1,0.43792108377104433
1304048,2,0,6,1,0.45949297480388923
1304048,2,0,7,0,0.4455858771989033
1304048,2,0,8,0,0.3455787779741998
1304048,2,1,1,0,0.4525308533705715
1304048,2,1,2,0,0.4881511531128101
1304048,2,1,3,1,0.48756148271071864
1304048,2,1,4,0,0.48647024865685395
1304048,2,1,5,1,0.4975858702072483
1304048,2,1,6,0,0.48628602533951665
1304048,2,2,1,0,0.5190878099045545
1304048,2,2,2,0,0.5457346582819104
1304048,2,2,3,0,0.5423809985898028
1304048,2,2,4,1,0.5448509898803643
1304048,2,2,5,0,0.5350637168710821
1304048,2,2,6,0,0.5115990693400252
1304048,2,3,1,0,0.5337666435806119
1304048,2,3,2,0,0.5638169988704329
1304048,2,3,3,0,6.085998866754581e-05
1304048,2,3,4,0,0.5565925666499939
1304048,2,3,5,0,6.745302613039633e-05
1304048,2,3,6,0,0.5246355576704819
1304048,2,4,1,0,0.5206506544590599
1304048,2,4,2,0,7.766533673193968e-05
1304048,2,4,3,0,0.5606554352374578
1304048,2,4,4,1,0.5762705207465938
1304048,2,4,5,0,0.5393899851249258
1304048,2,4,6,0,0.5176374469950858
1304048,2,4,7,0,0.5314435327996707
1304048,2,5,1,0,0.5250350315577206
1304048,2,5,2,0,0.5543179916196347
1304048,2,5,3,0,0.536775701611716
1304048,2,5,4,0,0.5816632492887467
1304048,2,5,5,0,0.5157067894326071
1304048,2,5,6,1,0.5158472392310883
1304049,1,0,1,0,0.34292879586449154
1304049,1,0,2,0,0.3758145906828431
1304049,1,0,3,0,0.3938488080906707
1304049,1,0,4,0,0.4602282905161428
1304049,1,0,5,0,0.43792108377104433
1304049,1,0,6,0,0.45949297480388923
1304049,1,1,1,0,0.4525308533705715
1304049,1,1,2,0,0.4881511531128101
1304049,1,1,3,0,0.48756148271071864
1304049,1,1,4,0,0.48647024865685395
1304049,1,1,5,0,0.4975858702072483
1304049,1,1,6,0,0.48628602533951665
1304049,1,1,7,0,0.5312862305625888
1304049,1,1,8,0,0.546464200793984
1304049,1,2,1,0,0.5190878099045545
1304049,1,2,2,1,0.5457346582819104
1304049,1,2,3,0,0.5423809985898028
1304049,1,2,4,1,0.5448509898803643
1304049,1,2,5,0,0.5350637168710821
1304049,1,2,6,0,0.5115990693400252
1304049,1,3,1,0,0.5337666435806119
1304049,1,3,2,0,0.5638169988704329
1304049,1,3,3,0,0.5585545807436305
1304049,1,3,4,0,0.5565925666499939
1304049,1,3,5,0,0.5246458156249383
1304049,1,3,6,0,0.5246355576704819
1304049,1,4,1,0,0.5206506544590599
1304049,1,4,2,0,0.551039817989514
1304049,1,4,3,0,0.5606554352374578
1304049,1,4,4,0,0.5762705207465938
1304049,1,4,5,0,0.5393899851249258
1304049,1,4,6,0,0.5176374469950858
1304049,1,4,7,0,0.5314435327996707
1304049,1,5,1,0,0.5250350315577206
1304049,1,5,2,0,0.5543179916196347
1304049,1,5,3,0,0.536775701611716
1304049,1,5,4,0,0.5816632492887467
1304049,1,5,5,1,0.5157067894326071
1304049,1,5,6,1,0.5158472392310883
1304049,2,0,1,0,0.34292879586449154
1304049,2,0,2,0,0.3758145906828431
1304049,2,0,3,0,0.3938488080906707
1304049,2,0,4,0,0.4602282905161428
1304049,2,0,5,0,0.43792108377104433
1304049,2,0,6,1,0.45949297480388923
1304049,2,1,1,0,0.4525308533705715
1304049,2,1,2,0,0.4881511531128101
1304049,2,1,3,0,0.48756148271071864
1304049,2,1,4,0,0.48647024865685395
1304049,2,1,5,0,0.4975858702072483
1304049,2,1,6,1,0.48628602533951665
1304049,2,1,7,0,0.5312862305625888
1304049,2,1,8,0,0.546464200793984
1304049,2,2,1,0,0.5190878099045545
1304049,2,2,2,0,0.5457346582819104
1304049,2,2,3,0,0.5423809985898028
1304049,2,2,4,0,0.5448509898803643
1304049,2,2,5,0,0.5350637168710821
1304049,2,2,6,0,0.5115990693400252
1304049,2,3,1,0,0.5337666435806119
1304049,2,3,2,0,0.5638169988704329
1304049,2,3,3,1,0.5585545807436305
1304049,2,3,4,0,0.5565925666499939
1304049,2,3,5,1,0.5246458156249383
1304049,2,3,6,0,0.5246355576704819
1304049,2,4,1,1,0.5206506544590599
1304049,2,4,2,0,0.551039817989514
1304049,2,4,3,1,0.5606554352374578
1304049,2,4,4,0,0.5762705207465938
1304049,2,4,5,0,0.5393899851249258
1304049,2,4,6,1,0.5176374469950858
1304049,2,5,1,0,0.5250350315577206
1304049,2,5,2,1,0.5543179916196347
1304049,2,5,3,0,0.536775701611716
1304049,2,5,4,0,0.5816632492887467
1304049,2,5,5,0,0.5157067894326071
1304049,2,5,6,0,0.5158472392310883
1304051,1,0,1,0,0.34292879586449154
1304051,1,0,2,0,0.3758145906828431
1304051,1,0,3,0,0.3938488080906707
1304051,1,0,4,0,0.4602282905161428
1304051,1,0,5,0,0.43792108377104433
1304051,1,0,6,0,0.45949297480388923
1304051,1,0,7,0,0.4455858771989033
1304051,1,1,1,0,0.4525308533705715
1304051,1,1,2,0,0.4881511531128101
1304051,1,1,3,0,0.48756148271071864
1304051,1,1,4,0,0.48647024865685395
1304051,1,1,5,1,0.4975858702072483
1304051,1,1,6,0,0.48628602533951665
1304051,1,2,1,0,0.5190878099045545
1304051,1,2,2,0,0.5457346582819104
1304051,1,2,3,0,0.5423809985898028
1304051,1,2,4,0,0.5448509898803643
1304051,1,2,5,1,0.5350637168710821
1304051,1,2,6,0,0.5115990693400252
1304051,1,2,7,0,0.5434680194742225
1304051,1,3,1,1,0.5337666435806119
1304051,1,3,2,1,0.5638169988704329
1304051,1,3,3,1,0.5585545807436305
1304051,1,3,4,0,0.5565925666499939
1304051,1,3,5,0,0.5246458156249383
1304051,1,3,6,0,0.5246355576704819
1304051,1,3,7,1,0.5656720274535049
1304051,1,4,1,0,0.5206506544590599
1304051,1,4,2,0,0.551039817989514
1304051,1,4,3,1,0.5606554352374578
1304051,1,4,4,0,0.5762705207465938
1304051,1,4,5,1,0.5393899851249258
1304051,1,4,6,0,0.5176374469950858
1304051,1,4,7,0,0.5314435327996707
1304051,1,5,1,1,0.5250350315577206
1304051,1,5,2,0,0.5543179916196347
1304051,1,5,3,0,0.536775701611716
1304051,1,5,4,0,0.5816632492887467
1304051,1,5,5,0,0.5157067894326071
1304051,1,5,6,0,0.5158472392310883
1304051,1,5,7,0,0.5010579670010621
1304051,2,0,1,0,0.34292879586449154
1304051,2,0,2,0,0.3758145906828431
1304051,2,0,3,0,0.3938488080906707
1304051,2,0,4,0,0.4602282905161428
1304051,2,0,5,0,0.43792108377104433
1304051,2,0,6,0,0.45949297480388923
1304051,2,1,1,0,0.4525308533705715
1304051,2,1,2,0,0.4881511531128101
1304051,2,1,3,0,0.48756148271071864
1304051,2,1,4,0,8.076183922023021e-05
1304051,2,1,5,0,0.4975858702072483
1304051,2,1,6,0,0.48628602533951665
1304051,2,2,1,0,0.5190878099045545
1304051,2,2,2,0,0.5457346582819104
1304051,2,2,3,0,0.5423809985898028
1304051,2,2,4,0,0.5448509898803643
1304051,2,2,5,0,0.5350637168710821
1304051,2,2,6,0,0.5115990693400252
1304051,2,3,1,0,0.00015952827975369624
1304051,2,3,2,0,0.5638169988704329
1304051,2,3,3,0,0.5585545807436305
1304051,2,3,4,0,0.5565925666499939
1304051,2,3,5,0,0.5246458156249383
1304051,2,3,6,0,0.5246355576704819
1304051,2,4,1,0,0.5206506544590599
1304051,2,4,2,0,0.551039817989514
1304051,2,4,3,0,0.5606554352374578
1304051,2,4,4,0,0.5762705207465938
1304051,2,4,5,0,0.5393899851249258
1304051,2,4,6,0,9.72386209166237e-05
1304051,2,4,7,1,0.5314435327996707
1304051,2,5,1,0,0.5250350315577206
1304051,2,5,2,0,0.5543179916196347
1304051,2,5,3,0,0.536775701611716
1304051,2,5,4,0,0.5816632492887467
1304051,2,5,5,0,0.5157067894326071
1304051,2,5,6,0,0.5158472392310883
1304054,1,0,1,0,0.34292879586449154
1304054,1,0,2,0,0.3758145906828431
1304054,1,0,3,0,0.3938488080906707
1304054,1,0,4,0,0.4602282905161428
1304054,1,0,5,0,0.43792108377104433
1304054,1,0,6,0,0.00022371304020557016
1304054,1,1,1,0,0.4525308533705715
1304054,1,1,2,0,0.4881511531128101
1304054,1,1,3,0,0.48756148271071864
1304054,1,1,4,0,0.48647024865685395
1304054,1,1,5,0,0.4975858702072483
1304054,1,1,6,1,0.48628602533951665
1304054,1,2,1,0,0.5190878099045545
1304054,1,2,2,1,0.5457346582819104
1304054,1,2,3,0,0.5423809985898028
1304054,1,2,4,1,0.5448509898803643
1304054,1,2,5,0,0.5350637168710821
1304054,1,2,6,0,0.5115990693400252
1304054,1,3,1,1,0.5337666435806119
1304054,1,3,2,1,0.5638169988704329
1304054,1,3,3,1,0.5585545807436305
1304054,1,3,4,1,0.5565925666499939
1304054,1,3,5,0,6.745302613039633e-05
1304054,1,3,6,0,0.5246355576704819
1304054,1,4,1,0,0.5206506544590599
1304054,1,4,2,0,0.551039817989514
1304054,1,4,3,0,0.5606554352374578
1304054,1,4,4,0,0.5762705207465938
1304054,1,4,5,0,0.5393899851249258
1304054,1,4,6,0,0.5176374469950858
1304054,1,4,7,0,0.5314435327996707
1304054,1,4,8,0,0.5480485293374653
1304054,1,5,1,0,0.5250350315577206
1304054,1,5,2,1,0.5543179916196347
1304054,1,5,3,0,0.536775701611716
1304054,1,5,4,1,0.5816632492887467
1304054,1,5,5,0,7.613948438054935e-05
1304054,1,5,6,0,0.5158472392310883
1304054,2,0,1,0,0.34292879586449154
1304054,2,0,2,1,0.3758145906828431
1304054,2,0,3,0,0.3938488080906707
1304054,2,0,4,1,0.4602282905161428
1304054,2,0,5,0,0.43792108377104433
1304054,2,0,6,0,0.45949297480388923
1304054,2,1,1,0,0.4525308533705715
1304054,2,1,2,0,0.4881511531128101
1304054,2,1,3,1,0.48756148271071864
1304054,2,1,4,0,0.48647024865685395
1304054,2,1,5,0,0.4975858702072483
1304054,2,1,6,0,0.48628602533951665
1304054,2,1,7,0,0.0002702739254064445
1304054,2,2,1,0,0.5190878099045545
1304054,2,2,2,0,0.5457346582819104
1304054,2,2,3,0,0.5423809985898028
1304054,2,2,4,0,0.5448509898803643
1304054,2,2,5,1,0.5350637168710821
1304054,2,2,6,1,0.5115990693400252
1304054,2,3,1,0,0.5337666435806119
1304054,2,3,2,0,0.5638169988704329
1304054,2,3,3,0,0.5585545807436305
1304054,2,3,4,0,0.5565925666499939
1304054,2,3,5,1,0.5246458156249383
1304054,2,3,6,0,0.5246355576704819
1304054,2,4,1,1,0.5206506544590599
1304054,2,4,2,0,0.551039817989514
1304054,2,4,3,0,7.01966065263333e-05
1304054,2,4,4,1,0.5762705207465938
1304054,2,4,5,0,0.5393899851249258
1304054,2,4,6,0,0.5176374469950858
1304054,2,5,1,1,0.5250350315577206
1304054,2,5,2,0,0.5543179916196347
1304054,2,5,3,0,0.536775701611716
1304054,2,5,4,0,0.5816632492887467
1304054,2,5,5,0,0.5157067894326071
1304054,2,5,6,0,0.5158472392310883
1304062,1,0,1,0,0.34292879586449154
1304062,1,0,2,0,0.3758145906828431
1304062,1,0,3,0,0.3938488080906707
1304062,1,0,4,1,0.4602282905161428
1304062,1,0,5,0,0.43792108377104433
1304062,1,0,6,0,0.45949297480388923
1304062,1,1,1,0,0.4525308533705715
1304062,1,1,2,1,0.4881511531128101
1304062,1,1,3,0,0.48756148271071864
1304062,1,1,4,0,0.48647024865685395
1304062,1,1,5,0,0.4975858702072483
1304062,1,1,6,0,0.00010856370594880755
1304062,1,2,1,1,0.5190878099045545
1304062,1,2,2,0,0.5457346582819104
1304062,1,2,3,0,0.5423809985898028
1304062,1,2,4,1,0.5448509898803643
1304062,1,2,5,0,0.5350637168710821
1304062,1,2,6,0,0.5115990693400252
1304062,1,3,1,0,0.5337666435806119
1304062,1,3,2,0,0.5638169988704329
1304062,1,3,3,0,0.5585545807436305
1304062,1,3,4,0,0.5565925666499939
1304062,1,3,5,0,0.5246458156249383
1304062,1,3,6,1,0.5246355576704819
1304062,1,4,1,1,0.5206506544590599
1304062,1,4,2,1,0.551039817989514
1304062,1,4,3,0,0.5606554352374578
1304062,1,4,4,0,0.5762705207465938
1304062,1,4,5,0,7.839876431801788e-05
1304062,1,4,6,1,0.5176374469950858
1304062,1,5,1,0,0.5250350315577206
1304062,1,5,2,0,0.5543179916196347
1304062,1,5,3,0,0.536775701611716
1304062,1,5,4,0,0.5816632492887467
1304062,1,5,5,0,0.5157067894326071
1304062,1,5,6,0,0.5158472392310883
1304062,2,0,1,0,0.34292879586449154
1304062,2,0,2,1,0.3758145906828431
1304062,2,0,3,1,0.3938488080906707
1304062,2,0,4,0,0.4602282905161428
1304062,2,0,5,0,0.43792108377104433
1304062,2,0,6,0,0.45949297480388923
1304062,2,1,1,0,0.4525308533705715
1304062,2,1,2,1,0.4881511531128101
1304062,2,1,3,0,0.48756148271071864
1304062,2,1,4,1,0.48647024865685395
1304062,2,1,5,0,0.4975858702072483
1304062,2,1,6,1,0.48628602533951665
1304062,2,1,7,0,0.5312862305625888
1304062,2,2,1,0,0.5190878099045545
1304062,2,2,2,1,0.5457346582819104
1304062,2,2,3,0,0.5423809985898028
1304062,2,2,4,0,0.5448509898803643
1304062,2,2,5,0,0.5350637168710821
1304062,2,2,6,0,0.5115990693400252
1304062,2,3,1,0,0.5337666435806119
1304062,2,3,2,0,7.207262176670686e-05
1304062,2,3,3,0,0.5585545807436305
1304062,2,3,4,1,0.5565925666499939
1304062,2,3,5,0,0.5246458156249383
1304062,2,3,6,0,0.5246355576704819
1304062,2,4,1,0,0.5206506544590599
1304062,2,4,2,1,0.551039817989514
1304062,2,4,3,0,0.5606554352374578
1304062,2,4,4,0,0.5762705207465938
1304062,2,4,5,0,0.5393899851249258
1304062,2,4,6,0,0.5176374469950858
1304062,2,5,1,0,0.5250350315577206
1304062,2,5,2,0,0.5543179916196347
1304062,2,5,3,1,0.536775701611716
1304062,2,5,4,0,0.5816632492887467
1304062,2,5,5,0,0.5157067894326071
1304062,2,5,6,0,0.5158472392310883
1304066,1,0,1,0,0.34292879586449154
1304066,1,0,2,1,0.3758145906828431
1304066,1,0,3,1,0.3938488080906707
1304066,1,0,4,0,0.4602282905161428
1304066,1,0,5,0,0.43792108377104433
1304066,1,0,6,0,0.45949297480388923
1304066,1,1,1,0,0.4525308533705715
1304066,1,1,2,0,0.4881511531128101
1304066,1,1,3,0,0.48756148271071864
1304066,1,1,4,0,0.48647024865685395
1304066,1,1,5,1,0.4975858702072483
1304066,1,1,6,1,0.48628602533951665
1304066,1,2,1,1,0.5190878099045545
1304066,1,2,2,0,0.5457346582819104
1304066,1,2,3,0,0.5423809985898028
1304066,1,2,4,0,0.5448509898803643
1304066,1,2,5,0,0.5350637168710821
1304066,1,2,6,0,0.5115990693400252
1304066,1,2,7,0,0.5434680194742225
1304066,1,3,1,0,0.5337666435806119
1304066,1,3,2,0,0.5638169988704329
1304066,1,3,3,0,0.5585545807436305
1304066,1,3,4,1,0.5565925666499939
1304066,1,3,5,1,0.5246458156249383
1304066,1,3,6,0,0.5246355576704819
1304066,1,3,7,0,0.5656720274535049
1304066,1,4,1,0,0.5206506544590599
1304066,1,4,2,0,0.551039817989514
1304066,1,4,3,0,0.5606554352374578
1304066,1,4,4,0,0.5762705207465938
1304066,1,4,5,0,0.5393899851249258
1304066,1,4,6,0,0.5176374469950858
1304066,1,4,7,0,0.5314435327996707
1304066,1,5,1,0,0.00016316266614252873
1304066,1,5,2,0,0.5543179916196347
1304066,1,5,3,0,0.536775701611716
1304066,1,5,4,0,0.5816632492887467
1304066,1,5,5,0,0.5157067894326071
1304066,1,5,6,0,0.5158472392310883
1304066,2,0,1,0,0.00038148845835141084
1304066,2,0,2,0,0.3758145906828431
1304066,2,0,3,0,0.00017505488994704315
1304066,2,0,4,0,0.4602282905161428
1304066,2,0,5,0,0.43792108377104433
1304066,2,0,6,0,0.45949297480388923
1304066,2,0,7,1,0.4455858771989033
1304066,2,1,1,0,0.4525308533705715
1304066,2,1,2,0,0.4881511531128101
1304066,2,1,3,0,0.48756148271071864
1304066,2,1,4,0,0.48647024865685395
1304066,2,1,5,0,0.4975858702072483
1304066,2,1,6,0,0.48628602533951665
1304066,2,2,1,0,0.5190878099045545
1304066,2,2,2,0,0.5457346582819104
1304066,2,2,3,0,0.5423809985898028
1304066,2,2,4,0,0.5448509898803643
1304066,2,2,5,0,0.5350637168710821
1304066,2,2,6,1,0.5115990693400252
1304066,2,3,1,0,0.5337666435806119
1304066,2,3,2,0,0.5638169988704329
1304066,2,3,3,0,6.085998866754581e-05
1304066,2,3,4,1,0.5565925666499939
1304066,2,3,5,0,0.5246458156249383
1304066,2,3,6,0,0.5246355576704819
1304066,2,4,1,0,0.5206506544590599
1304066,2,4,2,0,0.551039817989514
1304066,2,4,3,1,0.5606554352374578
1304066,2,4,4,0,0.5762705207465938
1304066,2,4,5,0,0.5393899851249258
1304066,2,4,6,0,0.5176374469950858
1304066,2,5,1,0,0.5250350315577206
1304066,2,5,2,0,0.5543179916196347
1304066,2,5,3,0,0.536775701611716
1304066,2,5,4,0,0.5816632492887467
1304066,2,5,5,0,0.5157067894326071
1304066,2,5,6,0,0.5158472392310883
1304067,1,0,1,1,0.34292879586449154
1304067,1,0,2,0,0.3758145906828431
1304067,1,0,3,0,0.3938488080906707
1304067,1,0,4,0,0.4602282905161428
1304067,1,0,5,0,0.43792108377104433
1304067,1,0,6,0,0.45949297480388923
1304067,1,0,7,0,0.4455858771989033
1304067,1,0,8,0,0.3455787779741998
1304067,1,0,9,0,0.3895811776970382
1304067,1,1,1,0,0.4525308533705715
1304067,1,1,2,1,0.4881511531128101
1304067,1,1,3,0,0.48756148271071864
1304067,1,1,4,0,0.48647024865685395
1304067,1,1,5,0,0.4975858702072483
1304067,1,1,6,0,0.48628602533951665
1304067,1,2,1,0,0.5190878099045545
1304067,1,2,2,0,6.71210527059499e-05
1304067,1,2,3,0,0.5423809985898028
1304067,1,2,4,0,0.5448509898803643
1304067,1,2,5,1,0.5350637168710821
1304067,1,2,6,0,0.5115990693400252
1304067,1,3,1,0,0.5337666435806119
1304067,1,3,2,0,0.5638169988704329
1304067,1,3,3,0,0.5585545807436305
1304067,1,3,4,1,0.5565925666499939
1304067,1,3,5,0,0.5246458156249383
1304067,1,3,6,0,0.5246355576704819
1304067,1,4,1,0,0.5206506544590599
1304067,1,4,2,1,0.551039817989514
1304067,1,4,3,0,0.5606554352374578
1304067,1,4,4,0,0.5762705207465938
1304067,1,4,5,0,0.5393899851249258
1304067,1,4,6,0,0.5176374469950858
1304067,1,5,1,0,0.5250350315577206
1304067,1,5,2,0,0.5543179916196347
1304067,1,5,3,1,0.536775701611716
1304067,1,5,4,0,8.289229948853374e-05
1304067,1,5,5,0,0.5157067894326071
1304067,1,5,6,1,0.5158472392310883
1304067,2,0,1,0,0.34292879586449154
1304067,2,0,2,0,0.3758145906828431
1304067,2,0,3,0,0.3938488080906707
1304067,2,0,4,0,0.4602282905161428
1304067,2,0,5,0,0.43792108377104433
1304067,2,0,6,0,0.45949297480388923
1304067,2,1,1,0,0.4525308533705715
1304067,2,1,2,0,0.4881511531128101
1304067,2,1,3,0,0.48756148271071864
1304067,2,1,4,0,0.48647024865685395
1304067,2,1,5,0,0.4975858702072483
1304067,2,1,6,0,0.48628602533951665
1304067,2,2,1,0,0.5190878099045545
1304067,2,2,2,0,0.5457346582819104
1304067,2,2,3,0,0.5423809985898028
1304067,2,2,4,0,0.5448509898803643
1304067,2,2,5,0,0.5350637168710821
1304067,2,2,6,0,0.5115990693400252
1304067,2,3,1,0,0.5337666435806119
1304067,2,3,2,0,0.5638169988704329
1304067,2,3,3,0,0.5585545807436305
1304067,2,3,4,0,0.5565925666499939
1304067,2,3,5,0,0.5246458156249383
1304067,2,3,6,0,0.5246355576704819
1304067,2,4,1,1,0.5206506544590599
1304067,2,4,2,1,0.551039817989514
1304067,2,4,3,0,0.5606554352374578
1304067,2,4,4,0,0.5762705207465938
1304067,2,4,5,0,0.5393899851249258
1304067,2,4,6,0,0.5176374469950858
1304067,2,5,1,1,0.5250350315577206
1304067,2,5,2,1,0.5543179916196347
1304067,2,5,3,1,0.536775701611716
1304067,2,5,4,0,0.5816632492887467
1304067,2,5,5,1,0.5157067894326071
1304067,2,5,6,0,0.5158472392310883
1304068,1,0,1,0,0.34292879586449154
1304068,1,0,2,0,0.3758145906828431
1304068,1,0,3,0,0.3938488080906707
1304068,1,0,4,1,0.4602282905161428
1304068,1,0,5,0,0.43792108377104433
1304068,1,0,6,0,0.45949297480388923
1304068,1,1,1,0,0.4525308533705715
1304068,1,1,2,0,0.4881511531128101
1304068,1,1,3,0,0.48756148271071864
1304068,1,1,4,0,0.48647024865685395
1304068,1,1,5,0,0.4975858702072483
1304068,1,1,6,0,0.48628602533951665
1304068,1,2,1,0,0.5190878099045545
1304068,1,2,2,1,0.5457346582819104
1304068,1,2,3,0,0.5423809985898028
1304068,1,2,4,0,0.5448509898803643
1304068,1,2,5,0,0.5350637168710821
1304068,1,2,6,0,0.5115990693400252
1304068,1,3,1,1,0.5337666435806119
1304068,1,3,2,0,0.5638169988704329
1304068,1,3,3,0,0.5585545807436305
1304068,1,3,4,0,6.256559681168003e-05
1304068,1,3,5,0,0.5246458156249383
1304068,1,3,6,0,0.5246355576704819
1304068,1,4,1,0,0.5206506544590599
1304068,1,4,2,0,0.551039817989514
1304068,1,4,3,0,0.5606554352374578
1304068,1,4,4,0,0.5762705207465938
1304068,1,4,5,0,0.5393899851249258
1304068,1,4,6,1,0.5176374469950858
1304068,1,5,1,0,0.5250350315577206
1304068,1,5,2,0,0.5543179916196347
1304068,1,5,3,0,0.536775701611716
1304068,1,5,4,0,0.5816632492887467
1304068,1,5,5,1,0.5157067894326071
1304068,1,5,6,0,0.5158472392310883
1304068,2,0,1,0,0.34292879586449154
1304068,2,0,2,0,0.3758145906828431
1304068,2,0,3,0,0.3938488080906707
1304068,2,0,4,0,0.4602282905161428
1304068,2,0,5,0,0.43792108377104433
1304068,2,0,6,0,0.45949297480388923
1304068,2,1,1,0,0.4525308533705715
1304068,2,1,2,0,0.4881511531128101
1304068,2,1,3,0,0.48756148271071864
1304068,2,1,4,0,0.48647024865685395
1304068,2,1,5,0,0.4975858702072483
1304068,2,1,6,0,0.48628602533951665
1304068,2,2,1,0,0.5190878099045545
1304068,2,2,2,0,0.5457346582819104
1304068,2,2,3,0,0.5423809985898028
1304068,2,2,4,0,0.5448509898803643
1304068,2,2,5,0,7.095521043020302e-05
1304068,2,2,6,0,0.5115990693400252
1304068,2,3,1,0,0.5337666435806119
1304068,2,3,2,1,0.5638169988704329
1304068,2,3,3,0,0.5585545807436305
1304068,2,3,4,0,0.5565925666499939
1304068,2,3,5,0,0.5246458156249383
1304068,2,3,6,0,0.5246355576704819
1304068,2,4,1,0,0.00015180114801475284
1304068,2,4,2,0,0.551039817989514
1304068,2,4,3,0,0.5606554352374578
1304068,2,4,4,0,0.5762705207465938
1304068,2,4,5,1,0.5393899851249258
1304068,2,4,6,0,0.5176374469950858
1304068,2,5,1,0,0.5250350315577206
1304068,2,5,2,0,0.5543179916196347
1304068,2,5,3,1,0.536775701611716
1304068,2,5,4,1,0.5816632492887467
1304068,2,5,5,0,0.5157067894326071
1304068,2,5,6,0,0.00010310924426488355
1304084,1,0,1,0,0.34292879586449154
1304084,1,0,2,0,0.3758145906828431
1304084,1,0,3,0,0.3938488080906707
1304084,1,0,4,0,0.4602282905161428
1304084,1,0,5,0,0.43792108377104433
1304084,1,0,6,0,0.45949297480388923
1304084,1,1,1,0,0.4525308533705715
1304084,1,1,2,0,0.4881511531128101
1304084,1,1,3,0,0.48756148271071864
1304084,1,1,4,0,0.48647024865685395
1304084,1,1,5,1,0.4975858702072483
1304084,1,1,6,0,0.48628602533951665
1304084,1,1,7,0,0.5312862305625888
1304084,1,2,1,0,0.5190878099045545
1304084,1,2,2,0,0.5457346582819104
1304084,1,2,3,0,0.5423809985898028
1304084,1,2,4,0,0.5448509898803643
1304084,1,2,5,0,0.5350637168710821
1304084,1,2,6,0,0.5115990693400252
1304084,1,3,1,0,0.5337666435806119
1304084,1,3,2,0,0.5638169988704329
1304084,1,3,3,0,0.5585545807436305
1304084,1,3,4,0,0.5565925666499939
1304084,1,3,5,0,0.5246458156249383
1304084,1,3,6,0,0.5246355576704819
1304084,1,3,7,0,0.5656720274535049
1304084,1,4,1,1,0.5206506544590599
1304084,1,4,2,0,0.551039817989514
1304084,1,4,3,0,0.5606554352374578
1304084,1,4,4,0,0.5762705207465938
1304084,1,4,5,0,0.5393899851249258
1304084,1,4,6,0,0.5176374469950858
1304084,1,5,1,0,0.5250350315577206
1304084,1,5,2,1,0.5543179916196347
1304084,1,5,3,0,0.536775701611716
1304084,1,5,4,0,0.5816632492887467
1304084,1,5,5,0,7.613948438054935e-05
1304084,1,5,6,0,0.5158472392310883
1304084,2,0,1,0,0.34292879586449154
1304084,2,0,2,0,0.3758145906828431
1304084,2,0,3,0,0.3938488080906707
1304084,2,0,4,0,0.4602282905161428
1304084,2,0,5,1,0.43792108377104433
1304084,2,0,6,1,0.45949297480388923
1304084,2,1,1,0,0.4525308533705715
1304084,2,1,2,0,0.4881511531128101
1304084,2,1,3,0,0.48756148271071864
1304084,2,1,4,0,0.48647024865685395
1304084,2,1,5,0,8.911846280782056e-05
1304084,2,1,6,0,0.48628602533951665
1304084,2,2,1,0,0.5190878099045545
1304084,2,2,2,0,0.5457346582819104
1304084,2,2,3,0,0.5423809985898028
1304084,2,2,4,0,0.5448509898803643
1304084,2,2,5,0,0.5350637168710821
1304084,2,2,6,0,0.5115990693400252
1304084,2,3,1,0,0.5337666435806119
1304084,2,3,2,0,0.5638169988704329
1304084,2,3,3,0,0.5585545807436305
1304084,2,3,4,0,0.5565925666499939
1304084,2,3,5,0,0.5246458156249383
1304084,2,3,6,0,0.5246355576704819
1304084,2,3,7,0,0.5656720274535049
1304084,2,4,1,0,0.5206506544590599
1304084,2,4,2,0,0.551039817989514
1304084,2,4,3,0,0.5606554352374578
1304084,2,4,4,0,0.5762705207465938
1304084,2,4,5,0,0.5393899851249258
1304084,2,4,6,0,0.5176374469950858
1304084,2,4,7,0,0.5314435327996707
1304084,2,5,1,0,0.5250350315577206
1304084,2,5,2,1,0.5543179916196347
1304084,2,5,3,0,6.970130872207562e-05
1304084,2,5,4,0,0.5816632492887467
1304084,2,5,5,0,0.5157067894326071
1304084,2,5,6,0,0.5158472392310883
1304084,2,5,7,0,0.5010579670010621
1304090,1,0,1,0,0.34292879586449154
1304090,1,0,2,0,0.3758145906828431
1304090,1,0,3,0,0.3938488080906707
1304090,1,0,4,0,0.4602282905161428
1304090,1,0,5,0,0.43792108377104433
1304090,1,0,6,0,0.45949297480388923
1304090,1,1,1,0,0.4525308533705715
1304090,1,1,2,0,0.4881511531128101
1304090,1,1,3,0,0.48756148271071864
1304090,1,1,4,1,0.48647024865685395
1304090,1,1,5,0,0.4975858702072483
1304090,1,1,6,0,0.48628602533951665
1304090,1,2,1,0,0.5190878099045545
1304090,1,2,2,1,0.5457346582819104
1304090,1,2,3,1,0.5423809985898028
1304090,1,2,4,1,0.5448509898803643
1304090,1,2,5,0,0.5350637168710821
1304090,1,2,6,0,0.5115990693400252
1304090,1,3,1,0,0.5337666435806119
1304090,1,3,2,0,0.5638169988704329
1304090,1,3,3,0,0.5585545807436305
1304090,1,3,4,0,0.5565925666499939
1304090,1,3,5,0,0.5246458156249383
1304090,1,3,6,0,0.5246355576704819
1304090,1,3,7,0,0.5656720274535049
1304090,1,4,1,0,0.5206506544590599
1304090,1,4,2,0,7.766533673193968e-05
1304090,1,4,3,0,0.5606554352374578
1304090,1,4,4,0,0.5762705207465938
1304090,1,4,5,1,0.5393899851249258
1304090,1,4,6,1,0.5176374469950858
1304090,1,5,1,0,0.5250350315577206
1304090,1,5,2,0,0.5543179916196347
1304090,1,5,3,0,0.536775701611716
1304090,1,5,4,0,0.5816632492887467
1304090,1,5,5,0,0.5157067894326071
1304090,1,5,6,0,0.5158472392310883
1304090,1,5,7,0,0.5010579670010621
1304090,2,0,1,0,0.34292879586449154
1304090,2,0,2,1,0.3758145906828431
1304090,2,0,3,0,0.3938488080906707
1304090,2,0,4,0,0.4602282905161428
1304090,2,0,5,0,0.43792108377104433
1304090,2,0,6,0,0.45949297480388923
1304090,2,0,7,1,0.4455858771989033
1304090,2,1,1,0,0.4525308533705715
1304090,2,1,2,0,0.4881511531128101
1304090,2,1,3,0,0.48756148271071864
1304090,2,1,4,1,0.48647024865685395
1304090,2,1,5,1,0.4975858702072483
1304090,2,1,6,0,0.48628602533951665
1304090,2,2,1,0,0.5190878099045545
1304090,2,2,2,0,0.5457346582819104
1304090,2,2,3,0,6.163767430463305e-05
1304090,2,2,4,0,0.5448509898803643
1304090,2,2,5,0,0.5350637168710821
1304090,2,2,6,0,0.5115990693400252
1304090,2,3,1,0,0.5337666435806119
1304090,2,3,2,0,0.5638169988704329
1304090,2,3,3,1,0.5585545807436305
1304090,2,3,4,0,0.5565925666499939
1304090,2,3,5,1,0.5246458156249383
1304090,2,3,6,0,0.5246355576704819
1304090,2,4,1,0,0.5206506544590599
1304090,2,4,2,0,0.551039817989514
1304090,2,4,3,0,0.5606554352374578
1304090,2,4,4,0,0.5762705207465938
1304090,2,4,5,0,0.5393899851249258
1304090,2,4,6,0,0.5176374469950858
1304090,2,5,1,0,0.5250350315577206
1304090,2,5,2,1,0.5543179916196347
1304090,2,5,3,0,0.536775701611716
1304090,2,5,4,0,8.289229948853374e-05
1304090,2,5,5,0,0.5157067894326071
1304090,2,5,6,0,0.5158472392310883
1304099,1,0,1,0,0.34292879586449154
1304099,1,0,2,0,0.3758145906828431
1304099,1,0,3,0,0.3938488080906707
1304099,1,0,4,0,0.4602282905161428
1304099,1,0,5,0,0.0001647836315587949
1304099,1,0,6,0,0.45949297480388923
1304099,1,1,1,0,0.4525308533705715
1304099,1,1,2,0,0.4881511531128101
1304099,1,1,3,0,0.48756148271071864
1304099,1,1,4,1,0.48647024865685395
1304099,1,1,5,1,0.4975858702072483
1304099,1,1,6,0,0.48628602533951665
1304099,1,2,1,1,0.5190878099045545
1304099,1,2,2,1,0.5457346582819104
1304099,1,2,3,1,0.5423809985898028
1304099,1,2,4,0,0.5448509898803643
1304099,1,2,5,0,0.5350637168710821
1304099,1,2,6,0,0.5115990693400252
1304099,1,3,1,0,0.5337666435806119
1304099,1,3,2,0,0.5638169988704329
1304099,1,3,3,1,0.5585545807436305
1304099,1,3,4,0,0.5565925666499939
1304099,1,3,5,0,0.5246458156249383
1304099,1,3,6,0,0.5246355576704819
1304099,1,4,1,0,0.5206506544590599
1304099,1,4,2,0,0.551039817989514
1304099,1,4,3,1,0.5606554352374578
1304099,1,4,4,0,0.5762705207465938
1304099,1,4,5,1,0.5393899851249258
1304099,1,4,6,0,0.5176374469950858
1304099,1,5,1,1,0.5250350315577206
1304099,1,5,2,0,0.5543179916196347
1304099,1,5,3,0,0.536775701611716
1304099,1,5,4,1,0.5816632492887467
1304099,1,5,5,1,0.5157067894326071
1304099,1,5,6,0,0.5158472392310883
1304099,2,0,1,0,0.34292879586449154
1304099,2,0,2,0,0.3758145906828431
1304099,2,0,3,0,0.3938488080906707
1304099,2,0,4,0,0.4602282905161428
1304099,2,0,5,0,0.43792108377104433
1304099,2,0,6,0,0.00022371304020557016
1304099,2,1,1,0,0.4525308533705715
1304099,2,1,2,0,0.4881511531128101
1304099,2,1,3,0,0.48756148271071864
1304099,2,1,4,0,0.48647024865685395
1304099,2,1,5,0,0.4975858702072483
1304099,2,1,6,0,0.48628602533951665
1304099,2,2,1,0,0.5190878099045545
1304099,2,2,2,0,0.5457346582819104
1304099,2,2,3,0,0.5423809985898028
1304099,2,2,4,0,0.5448509898803643
1304099,2,2,5,0,0.5350637168710821
1304099,2,2,6,0,0.5115990693400252
1304099,2,3,1,0,0.5337666435806119
1304099,2,3,2,1,0.5638169988704329
1304099,2,3,3,0,0.5585545807436305
1304099,2,3,4,0,6.256559681168003e-05
1304099,2,3,5,0,0.5246458156249383
1304099,2,3,6,0,0.5246355576704819
1304099,2,4,1,0,0.5206506544590599
1304099,2,4,2,0,0.551039817989514
1304099,2,4,3,0,0.5606554352374578
1304099,2,4,4,1,0.5762705207465938
1304099,2,4,5,0,0.5393899851249258
1304099,2,4,6,0,0.5176374469950858
1304099,2,4,7,0,0.5314435327996707
1304099,2,5,1,0,0.5250350315577206
1304099,2,5,2,0,0.5543179916196347
1304099,2,5,3,0,0.536775701611716
1304099,2,5,4,0,8.289229948853374e-05
1304099,2,5,5,0,0.5157067894326071
1304099,2,5,6,0,0.5158472392310883
1304100,1,0,1,0,0.00038148845835141084
1304100,1,0,2,0,0.3758145906828431
1304100,1,0,3,0,0.3938488080906707
1304100,1,0,4,0,0.4602282905161428
1304100,1,0,5,0,0.43792108377104433
1304100,1,0,6,0,0.45949297480388923
1304100,1,0,7,0,0.4455858771989033
1304100,1,1,1,0,0.4525308533705715
1304100,1,1,2,0,0.4881511531128101
1304100,1,1,3,0,0.48756148271071864
1304100,1,1,4,0,0.48647024865685395
1304100,1,1,5,0,0.4975858702072483
1304100,1,1,6,0,0.48628602533951665
1304100,1,2,1,0,0.5190878099045545
1304100,1,2,2,0,0.5457346582819104
1304100,1,2,3,0,0.5423809985898028
1304100,1,2,4,0,0.5448509898803643
1304100,1,2,5,1,0.5350637168710821
1304100,1,2,6,0,0.5115990693400252
1304100,1,2,7,0,0.5434680194742225
1304100,1,3,1,0,0.5337666435806119
1304100,1,3,2,0,0.5638169988704329
1304100,1,3,3,0,0.5585545807436305
1304100,1,3,4,0,0.5565925666499939
1304100,1,3,5,1,0.5246458156249383
1304100,1,3,6,0,0.5246355576704819
1304100,1,4,1,0,0.5206506544590599
1304100,1,4,2,1,0.551039817989514
1304100,1,4,3,0,0.5606554352374578
1304100,1,4,4,0,0.5762705207465938
1304100,1,4,5,0,0.5393899851249258
1304100,1,4,6,0,0.5176374469950858
1304100,1,5,1,1,0.5250350315577206
1304100,1,5,2,0,0.5543179916196347
1304100,1,5,3,1,0.536775701611716
1304100,1,5,4,0,0.5816632492887467
1304100,1,5,5,0,0.5157067894326071
1304100,1,5,6,0,0.5158472392310883
1304100,1,5,7,1,0.5010579670010621
1304100,2,0,1,0,0.00038148845835141084
1304100,2,0,2,0,0.3758145906828431
1304100,2,0,3,0,0.3938488080906707
1304100,2,0,4,0,0.4602282905161428
1304100,2,0,5,0,0.0001647836315587949
1304100,2,0,6,0,0.45949297480388923
1304100,2,1,1,0,0.4525308533705715
1304100,2,1,2,0,0.4881511531128101
1304100,2,1,3,0,0.48756148271071864
1304100,2,1,4,0,0.48647024865685395
1304100,2,1,5,0,0.4975858702072483
1304100,2,1,6,0,0.48628602533951665
1304100,2,2,1,1,0.5190878099045545
1304100,2,2,2,1,0.5457346582819104
1304100,2,2,3,0,0.5423809985898028
1304100,2,2,4,0,0.5448509898803643
1304100,2,2,5,0,0.5350637168710821
1304100,2,2,6,0,0.5115990693400252
1304100,2,3,1,1,0.5337666435806119
1304100,2,3,2,0,0.5638169988704329
1304100,2,3,3,0,0.5585545807436305
1304100,2,3,4,0,0.5565925666499939
1304100,2,3,5,0,0.5246458156249383
1304100,2,3,6,0,0.5246355576704819
1304100,2,4,1,0,0.5206506544590599
1304100,2,4,2,0,0.551039817989514
1304100,2,4,3,1,0.5606554352374578
1304100,2,4,4,0,0.5762705207465938
1304100,2,4,5,0,0.5393899851249258
1304100,2,4,6,0,0.5176374469950858
1304100,2,5,1,0,0.5250350315577206
1304100,2,5,2,0,0.5543179916196347
1304100,2,5,3,0,0.536775701611716
1304100,2,5,4,0,0.5816632492887467
1304100,2,5,5,1,0.5157067894326071
1304100,2,5,6,0,0.5158472392310883
1359476,1,0,1,0,0.34292879586449154
1359476,1,0,2,0,0.3758145906828431
1359476,1,0,3,0,0.3938488080906707
1359476,1,0,4,1,0.4602282905161428
1359476,1,0,5,0,0.43792108377104433
1359476,1,0,6,0,0.45949297480388923
1359476,1,1,1,1,0.4525308533705715
1359476,1,1,2,1,0.4881511531128101
1359476,1,1,3,0,0.48756148271071864
1359476,1,1,4,0,0.48647024865685395
1359476,1,1,5,1,0.4975858702072483
1359476,1,1,6,0,0.00010856370594880755
1359476,1,2,1,0,0.5190878099045545
1359476,1,2,2,0,0.5457346582819104
1359476,1,2,3,0,0.5423809985898028
1359476,1,2,4,0,0.5448509898803643
1359476,1,2,5,0,0.5350637168710821
1359476,1,2,6,0,0.5115990693400252
1359476,1,3,1,1,0.5337666435806119
1359476,1,3,2,1,0.5638169988704329
1359476,1,3,3,0,0.5585545807436305
1359476,1,3,4,0,0.5565925666499939
1359476,1,3,5,0,0.5246458156249383
1359476,1,3,6,0,0.5246355576704819
1359476,1,4,1,0,0.5206506544590599
1359476,1,4,2,0,0.551039817989514
1359476,1,4,3,1,0.5606554352374578
1359476,1,4,4,1,0.5762705207465938
1359476,1,4,5,0,0.5393899851249258
1359476,1,4,6,1,0.5176374469950858
1359476,1,5,1,0,0.5250350315577206
1359476,1,5,2,0,0.5543179916196347
1359476,1,5,3,0,0.536775701611716
1359476,1,5,4,0,0.5816632492887467
1359476,1,5,5,0,0.5157067894326071
1359476,1,5,6,1,0.5158472392310883
1359476,2,0,1,0,0.34292879586449154
1359476,2,0,2,0,0.3758145906828431
1359476,2,0,3,0,0.3938488080906707
1359476,2,0,4,0,0.4602282905161428
1359476,2,0,5,1,0.43792108377104433
1359476,2,0,6,1,0.45949297480388923
1359476,2,1,1,0,0.00020676315770243133
1359476,2,1,2,0,0.4881511531128101
1359476,2,1,3,1,0.48756148271071864
1359476,2,1,4,0,0.48647024865685395
1359476,2,1,5,0,0.4975858702072483
1359476,2,1,6,0,0.00010856370594880755
1359476,2,2,1,1,0.5190878099045545
1359476,2,2,2,0,0.5457346582819104
1359476,2,2,3,0,0.5423809985898028
1359476,2,2,4,0,0.5448509898803643
1359476,2,2,5,0,0.5350637168710821
1359476,2,2,6,0,0.5115990693400252
1359476,2,3,1,0,0.5337666435806119
1359476,2,3,2,0,0.5638169988704329
1359476,2,3,3,0,0.5585545807436305
1359476,2,3,4,0,0.5565925666499939
1359476,2,3,5,1,0.5246458156249383
1359476,2,3,6,0,0.5246355576704819
1359476,2,4,1,0,0.5206506544590599
1359476,2,4,2,0,7.766533673193968e-05
1359476,2,4,3,0,0.5606554352374578
1359476,2,4,4,1,0.5762705207465938
1359476,2,4,5,0,0.5393899851249258
1359476,2,4,6,0,0.5176374469950858
1359476,2,5,1,0,0.5250350315577206
1359476,2,5,2,0,0.5543179916196347
1359476,2,5,3,0,0.536775701611716
1359476,2,5,4,0,0.5816632492887467
1359476,2,5,5,0,0.5157067894326071
1359476,2,5,6,1,0.5158472392310883
1359476,2,5,7,1,0.5010579670010621
1359479,1,0,1,0,0.34292879586449154
1359479,1,0,2,0,0.3758145906828431
1359479,1,0,3,0,0.3938488080906707
1359479,1,0,4,0,0.4602282905161428
1359479,1,0,5,0,0.43792108377104433
1359479,1,0,6,0,0.45949297480388923
1359479,1,1,1,1,0.4525308533705715
1359479,1,1,2,0,0.4881511531128101
1359479,1,1,3,0,0.48756148271071864
1359479,1,1,4,1,0.48647024865685395
1359479,1,1,5,0,0.4975858702072483
1359479,1,1,6,0,0.48628602533951665
1359479,1,2,1,0,0.5190878099045545
1359479,1,2,2,0,0.5457346582819104
1359479,1,2,3,0,6.163767430463305e-05
1359479,1,2,4,0,0.5448509898803643
1359479,1,2,5,0,0.5350637168710821
1359479,1,2,6,0,0.5115990693400252
1359479,1,3,1,1,0.5337666435806119
1359479,1,3,2,0,0.5638169988704329
1359479,1,3,3,0,6.085998866754581e-05
1359479,1,3,4,0,0.5565925666499939
1359479,1,3,5,0,0.5246458156249383
1359479,1,3,6,0,0.5246355576704819
1359479,1,4,1,0,0.5206506544590599
1359479,1,4,2,0,0.551039817989514
1359479,1,4,3,0,0.5606554352374578
1359479,1,4,4,0,0.5762705207465938
1359479,1,4,5,0,0.5393899851249258
1359479,1,4,6,0,0.5176374469950858
1359479,1,4,7,0,0.5314435327996707
1359479,1,5,1,0,0.5250350315577206
1359479,1,5,2,0,8.238543178915683e-05
1359479,1,5,3,0,0.536775701611716
1359479,1,5,4,1,0.5816632492887467
1359479,1,5,5,0,0.5157067894326071
1359479,1,5,6,0,0.5158472392310883
1359479,2,0,1,0,0.34292879586449154
1359479,2,0,2,0,0.3758145906828431
1359479,2,0,3,0,0.3938488080906707
1359479,2,0,4,0,0.4602282905161428
1359479,2,0,5,0,0.43792108377104433
1359479,2,0,6,0,0.45949297480388923
1359479,2,1,1,0,0.4525308533705715
1359479,2,1,2,0,0.4881511531128101
1359479,2,1,3,0,0.48756148271071864
1359479,2,1,4,0,0.48647024865685395
1359479,2,1,5,1,0.4975858702072483
1359479,2,1,6,0,0.48628602533951665
1359479,2,1,7,0,0.5312862305625888
1359479,2,1,8,0,0.546464200793984
1359479,2,1,9,0,0.2794281748316789
1359479,2,2,1,1,0.5190878099045545
1359479,2,2,2,0,0.5457346582819104
1359479,2,2,3,1,0.5423809985898028
1359479,2,2,4,1,0.5448509898803643
1359479,2,2,5,0,0.5350637168710821
1359479,2,2,6,0,0.5115990693400252
1359479,2,3,1,0,0.5337666435806119
1359479,2,3,2,1,0.5638169988704329
1359479,2,3,3,0,0.5585545807436305
1359479,2,3,4,0,0.5565925666499939
1359479,2,3,5,1,0.5246458156249383
1359479,2,3,6,0,0.5246355576704819
1359479,2,4,1,0,0.5206506544590599
1359479,2,4,2,0,0.551039817989514
1359479,2,4,3,0,0.5606554352374578
1359479,2,4,4,1,0.5762705207465938
1359479,2,4,5,0,0.5393899851249258
1359479,2,4,6,0,0.5176374469950858
1359479,2,5,1,0,0.5250350315577206
1359479,2,5,2,0,0.5543179916196347
1359479,2,5,3,1,0.536775701611716
1359479,2,5,4,0,0.5816632492887467
1359479,2,5,5,0,0.5157067894326071
1359479,2,5,6,0,0.5158472392310883
1359480,1,0,1,0,0.34292879586449154
1359480,1,0,2,0,0.3758145906828431
1359480,1,0,3,0,0.3938488080906707
1359480,1,0,4,0,0.4602282905161428
1359480,1,0,5,0,0.43792108377104433
1359480,1,0,6,0,0.45949297480388923
1359480,1,0,7,0,0.4455858771989033
1359480,1,1,1,0,0.4525308533705715
1359480,1,1,2,0,0.4881511531128101
1359480,1,1,3,0,0.48756148271071864
1359480,1,1,4,1,0.48647024865685395
1359480,1,1,5,1,0.4975858702072483
1359480,1,1,6,0,0.48628602533951665
1359480,1,1,7,0,0.5312862305625888
1359480,1,2,1,0,0.5190878099045545
1359480,1,2,2,1,0.5457346582819104
1359480,1,2,3,0,0.5423809985898028
1359480,1,2,4,0,0.5448509898803643
1359480,1,2,5,0,0.5350637168710821
1359480,1,2,6,0,0.5115990693400252
1359480,1,3,1,0,0.5337666435806119
1359480,1,3,2,0,0.5638169988704329
1359480,1,3,3,0,0.5585545807436305
1359480,1,3,4,0,0.5565925666499939
1359480,1,3,5,1,0.5246458156249383
1359480,1,3,6,0,0.5246355576704819
1359480,1,4,1,0,0.5206506544590599
1359480,1,4,2,1,0.551039817989514
1359480,1,4,3,0,0.5606554352374578
1359480,1,4,4,1,0.5762705207465938
1359480,1,4,5,0,0.5393899851249258
1359480,1,4,6,1,0.5176374469950858
1359480,1,5,1,1,0.5250350315577206
1359480,1,5,2,0,0.5543179916196347
1359480,1,5,3,1,0.536775701611716
1359480,1,5,4,0,0.5816632492887467
1359480,1,5,5,1,0.5157067894326071
1359480,1,5,6,0,0.5158472392310883
1359480,2,0,1,0,0.34292879586449154
1359480,2,0,2,0,0.3758145906828431
1359480,2,0,3,0,0.3938488080906707
1359480,2,0,4,1,0.4602282905161428
1359480,2,0,5,0,0.43792108377104433
1359480,2,0,6,0,0.45949297480388923
1359480,2,1,1,0,0.4525308533705715
1359480,2,1,2,0,0.4881511531128101
1359480,2,1,3,1,0.48756148271071864
1359480,2,1,4,1,0.48647024865685395
1359480,2,1,5,1,0.4975858702072483
1359480,2,1,6,0,0.48628602533951665
1359480,2,2,1,0,0.5190878099045545
1359480,2,2,2,1,0.5457346582819104
1359480,2,2,3,0,0.5423809985898028
1359480,2,2,4,0,0.5448509898803643
1359480,2,2,5,1,0.5350637168710821
1359480,2,2,6,1,0.5115990693400252
1359480,2,2,7,0,0.5434680194742225
1359480,2,3,1,0,0.5337666435806119
1359480,2,3,2,0,0.5638169988704329
1359480,2,3,3,0,0.5585545807436305
1359480,2,3,4,0,0.5565925666499939
1359480,2,3,5,0,0.5246458156249383
1359480,2,3,6,0,0.5246355576704819
1359480,2,3,7,0,0.5656720274535049
1359480,2,3,8,1,0.6571105056916209
1359480,2,3,9,0,0.6211103090646545
1359480,2,3,10,1,0.5687960327972393
1359480,2,3,11,0,0.5687960327972393
1359480,2,4,1,0,0.5206506544590599
1359480,2,4,2,0,0.551039817989514
1359480,2,4,3,1,0.5606554352374578
1359480,2,4,4,0,0.5762705207465938
1359480,2,4,5,1,0.5393899851249258
1359480,2,4,6,0,0.5176374469950858
1359480,2,4,7,1,0.5314435327996707
1359480,2,5,1,0,0.5250350315577206
1359480,2,5,2,0,0.5543179916196347
1359480,2,5,3,0,6.970130872207562e-05
1359480,2,5,4,0,0.5816632492887467
1359480,2,5,5,0,0.5157067894326071
1359480,2,5,6,0,0.5158472392310883
1359482,1,0,1,0,0.34292879586449154
1359482,1,0,2,0,0.3758145906828431
1359482,1,0,3,0,0.3938488080906707
1359482,1,0,4,1,0.4602282905161428
1359482,1,0,5,0,0.43792108377104433
1359482,1,0,6,0,0.45949297480388923
1359482,1,0,7,0,0.4455858771989033
1359482,1,1,1,0,0.4525308533705715
1359482,1,1,2,0,0.4881511531128101
1359482,1,1,3,0,0.48756148271071864
1359482,1,1,4,0,0.48647024865685395
1359482,1,1,5,1,0.4975858702072483
1359482,1,1,6,0,0.48628602533951665
1359482,1,2,1,0,0.5190878099045545
1359482,1,2,2,1,0.5457346582819104
1359482,1,2,3,1,0.5423809985898028
1359482,1,2,4,0,0.5448509898803643
1359482,1,2,5,0,0.5350637168710821
1359482,1,2,6,0,0.5115990693400252
1359482,1,3,1,1,0.5337666435806119
1359482,1,3,2,0,0.5638169988704329
1359482,1,3,3,1,0.5585545807436305
1359482,1,3,4,1,0.5565925666499939
1359482,1,3,5,0,0.5246458156249383
1359482,1,3,6,0,0.5246355576704819
1359482,1,3,7,1,0.5656720274535049
1359482,1,4,1,0,0.5206506544590599
1359482,1,4,2,1,0.551039817989514
1359482,1,4,3,1,0.5606554352374578
1359482,1,4,4,0,0.5762705207465938
1359482,1,4,5,0,0.5393899851249258
1359482,1,4,6,0,0.5176374469950858
1359482,1,4,7,0,0.5314435327996707
1359482,1,5,1,0,0.5250350315577206
1359482,1,5,2,1,0.5543179916196347
1359482,1,5,3,0,0.536775701611716
1359482,1,5,4,0,0.5816632492887467
1359482,1,5,5,0,0.5157067894326071
1359482,1,5,6,0,0.5158472392310883
1359482,2,0,1,1,0.34292879586449154
1359482,2,0,2,0,0.3758145906828431
1359482,2,0,3,0,0.3938488080906707
1359482,2,0,4,0,0.4602282905161428
1359482,2,0,5,0,0.43792108377104433
1359482,2,0,6,0,0.45949297480388923
1359482,2,1,1,1,0.4525308533705715
1359482,2,1,2,0,0.4881511531128101
1359482,2,1,3,0,0.48756148271071864
1359482,2,1,4,0,0.48647024865685395
1359482,2,1,5,0,8.911846280782056e-05
1359482,2,1,6,0,0.48628602533951665
1359482,2,1,7,0,0.5312862305625888
1359482,2,1,8,0,0.546464200793984
1359482,2,2,1,0,0.5190878099045545
1359482,2,2,2,0,0.5457346582819104
1359482,2,2,3,1,0.5423809985898028
1359482,2,2,4,0,0.5448509898803643
1359482,2,2,5,0,0.5350637168710821
1359482,2,2,6,0,0.5115990693400252
1359482,2,3,1,0,0.5337666435806119
1359482,2,3,2,0,7.207262176670686e-05
1359482,2,3,3,0,0.5585545807436305
1359482,2,3,4,1,0.5565925666499939
1359482,2,3,5,0,0.5246458156249383
1359482,2,3,6,1,0.5246355576704819
1359482,2,4,1,0,0.5206506544590599
1359482,2,4,2,1,0.551039817989514
1359482,2,4,3,1,0.5606554352374578
1359482,2,4,4,0,0.5762705207465938
1359482,2,4,5,0,0.5393899851249258
1359482,2,4,6,0,0.5176374469950858
1359482,2,5,1,1,0.5250350315577206
1359482,2,5,2,1,0.5543179916196347
1359482,2,5,3,0,0.536775701611716
1359482,2,5,4,0,8.289229948853374e-05
1359482,2,5,5,0,0.5157067894326071
1359482,2,5,6,0,0.5158472392310883
1359485,1,0,1,1,0.34292879586449154
1359485,1,0,2,1,0.3758145906828431
1359485,1,0,3,1,0.3938488080906707
1359485,1,0,4,0,0.4602282905161428
1359485,1,0,5,1,0.43792108377104433
1359485,1,0,6,1,0.45949297480388923
1359485,1,1,1,0,0.4525308533705715
1359485,1,1,2,0,0.4881511531128101
1359485,1,1,3,1,0.48756148271071864
1359485,1,1,4,0,0.48647024865685395
1359485,1,1,5,1,0.4975858702072483
1359485,1,1,6,1,0.48628602533951665
1359485,1,2,1,0,0.5190878099045545
1359485,1,2,2,0,0.5457346582819104
1359485,1,2,3,0,0.5423809985898028
1359485,1,2,4,1,0.5448509898803643
1359485,1,2,5,0,0.5350637168710821
1359485,1,2,6,0,0.5115990693400252
1359485,1,3,1,1,0.5337666435806119
1359485,1,3,2,0,0.5638169988704329
1359485,1,3,3,0,0.5585545807436305
1359485,1,3,4,0,0.5565925666499939
1359485,1,3,5,0,0.5246458156249383
1359485,1,3,6,0,0.5246355576704819
1359485,1,3,7,0,0.5656720274535049
1359485,1,3,8,0,0.6571105056916209
1359485,1,4,1,0,0.5206506544590599
1359485,1,4,2,0,0.551039817989514
1359485,1,4,3,1,0.5606554352374578
1359485,1,4,4,1,0.5762705207465938
1359485,1,4,5,1,0.5393899851249258
1359485,1,4,6,0,0.5176374469950858
1359485,1,5,1,0,0.5250350315577206
1359485,1,5,2,0,0.5543179916196347
1359485,1,5,3,0,0.536775701611716
1359485,1,5,4,1,0.5816632492887467
1359485,1,5,5,0,0.5157067894326071
1359485,1,5,6,0,0.5158472392310883
1359485,2,0,1,0,0.34292879586449154
1359485,2,0,2,0,0.3758145906828431
1359485,2,0,3,0,0.00017505488994704315
1359485,2,0,4,0,0.0001682578208106649
1359485,2,0,5,0,0.43792108377104433
1359485,2,0,6,0,0.45949297480388923
1359485,2,1,1,0,0.4525308533705715
1359485,2,1,2,0,0.4881511531128101
1359485,2,1,3,0,0.48756148271071864
1359485,2,1,4,0,0.48647024865685395
1359485,2,1,5,0,0.4975858702072483
1359485,2,1,6,1,0.48628602533951665
1359485,2,1,7,0,0.5312862305625888
1359485,2,2,1,1,0.5190878099045545
1359485,2,2,2,0,0.5457346582819104
1359485,2,2,3,1,0.5423809985898028
1359485,2,2,4,0,0.5448509898803643
1359485,2,2,5,0,0.5350637168710821
1359485,2,2,6,0,0.5115990693400252
1359485,2,3,1,0,0.5337666435806119
1359485,2,3,2,0,0.5638169988704329
1359485,2,3,3,0,0.5585545807436305
1359485,2,3,4,1,0.5565925666499939
1359485,2,3,5,0,0.5246458156249383
1359485,2,3,6,0,0.5246355576704819
1359485,2,4,1,0,0.5206506544590599
1359485,2,4,2,1,0.551039817989514
1359485,2,4,3,0,0.5606554352374578
1359485,2,4,4,0,0.5762705207465938
1359485,2,4,5,0,0.5393899851249258
1359485,2,4,6,0,0.5176374469950858
1359485,2,4,7,1,0.5314435327996707
1359485,2,5,1,0,0.5250350315577206
1359485,2,5,2,0,0.5543179916196347
1359485,2,5,3,0,0.536775701611716
1359485,2,5,4,0,0.5816632492887467
1359485,2,5,5,0,7.613948438054935e-05
1359485,2,5,6,0,0.5158472392310883
1359485,2,5,7,0,0.5010579670010621
1359492,1,0,1,0,0.34292879586449154
1359492,1,0,2,0,0.00018585311536224735
1359492,1,0,3,0,0.3938488080906707
1359492,1,0,4,1,0.4602282905161428
1359492,1,0,5,1,0.43792108377104433
1359492,1,0,6,0,0.45949297480388923
1359492,1,1,1,0,0.4525308533705715
1359492,1,1,2,0,0.4881511531128101
1359492,1,1,3,1,0.48756148271071864
1359492,1,1,4,0,0.48647024865685395
1359492,1,1,5,0,0.4975858702072483
1359492,1,1,6,1,0.48628602533951665
1359492,1,2,1,0,0.5190878099045545
1359492,1,2,2,0,0.5457346582819104
1359492,1,2,3,0,0.5423809985898028
1359492,1,2,4,0,0.5448509898803643
1359492,1,2,5,1,0.5350637168710821
1359492,1,2,6,1,0.5115990693400252
1359492,1,2,7,0,0.5434680194742225
1359492,1,3,1,0,0.5337666435806119
1359492,1,3,2,0,0.5638169988704329
1359492,1,3,3,0,6.085998866754581e-05
1359492,1,3,4,0,0.5565925666499939
1359492,1,3,5,0,0.5246458156249383
1359492,1,3,6,0,0.5246355576704819
1359492,1,3,7,0,0.5656720274535049
1359492,1,4,1,0,0.5206506544590599
1359492,1,4,2,0,0.551039817989514
1359492,1,4,3,0,0.5606554352374578
1359492,1,4,4,1,0.5762705207465938
1359492,1,4,5,0,0.5393899851249258
1359492,1,4,6,0,0.5176374469950858
1359492,1,4,7,0,0.5314435327996707
1359492,1,4,8,1,0.5480485293374653
1359492,1,5,1,0,0.5250350315577206
1359492,1,5,2,0,0.5543179916196347
1359492,1,5,3,0,0.536775701611716
1359492,1,5,4,0,0.5816632492887467
1359492,1,5,5,1,0.5157067894326071
1359492,1,5,6,0,0.5158472392310883
1359492,1,5,7,0,0.5010579670010621
1359492,2,0,1,0,0.34292879586449154
1359492,2,0,2,1,0.3758145906828431
1359492,2,0,3,0,0.3938488080906707
1359492,2,0,4,0,0.4602282905161428
1359492,2,0,5,0,0.43792108377104433
1359492,2,0,6,0,0.45949297480388923
1359492,2,1,1,0,0.4525308533705715
1359492,2,1,2,1,0.4881511531128101
1359492,2,1,3,0,0.48756148271071864
1359492,2,1,4,0,0.48647024865685395
1359492,2,1,5,0,0.4975858702072483
1359492,2,1,6,1,0.48628602533951665
1359492,2,2,1,1,0.5190878099045545
1359492,2,2,2,1,0.5457346582819104
1359492,2,2,3,0,0.5423809985898028
1359492,2,2,4,1,0.5448509898803643
1359492,2,2,5,1,0.5350637168710821
1359492,2,2,6,0,0.5115990693400252
1359492,2,3,1,1,0.5337666435806119
1359492,2,3,2,0,0.5638169988704329
1359492,2,3,3,0,0.5585545807436305
1359492,2,3,4,0,0.5565925666499939
1359492,2,3,5,0,0.5246458156249383
1359492,2,3,6,0,0.5246355576704819
1359492,2,4,1,0,0.5206506544590599
1359492,2,4,2,0,0.551039817989514
1359492,2,4,3,0,0.5606554352374578
1359492,2,4,4,0,7.530897549982799e-05
1359492,2,4,5,0,0.5393899851249258
1359492,2,4,6,1,0.5176374469950858
1359492,2,5,1,0,0.5250350315577206
1359492,2,5,2,0,0.5543179916196347
1359492,2,5,3,0,0.536775701611716
1359492,2,5,4,0,0.5816632492887467
1359492,2,5,5,0,0.5157067894326071
1359492,2,5,6,0,0.5158472392310883
1359497,1,0,1,0,0.34292879586449154
1359497,1,0,2,0,0.3758145906828431
1359497,1,0,3,1,0.3938488080906707
1359497,1,0,4,0,0.0001682578208106649
1359497,1,0,5,0,0.43792108377104433
1359497,1,0,6,0,0.45949297480388923
1359497,1,0,7,0,0.4455858771989033
1359497,1,1,1,0,0.4525308533705715
1359497,1,1,2,0,0.4881511531128101
1359497,1,1,3,1,0.48756148271071864
1359497,1,1,4,0,0.48647024865685395
1359497,1,1,5,0,0.4975858702072483
1359497,1,1,6,0,0.48628602533951665
1359497,1,2,1,0,0.5190878099045545
1359497,1,2,2,1,0.5457346582819104
1359497,1,2,3,0,0.5423809985898028
1359497,1,2,4,0,0.5448509898803643
1359497,1,2,5,0,0.5350637168710821
1359497,1,2,6,0,0.5115990693400252
1359497,1,2,7,1,0.5434680194742225
1359497,1,3,1,0,0.5337666435806119
1359497,1,3,2,0,0.5638169988704329
1359497,1,3,3,0,0.5585545807436305
1359497,1,3,4,0,0.5565925666499939
1359497,1,3,5,0,0.5246458156249383
1359497,1,3,6,0,0.5246355576704819
1359497,1,4,1,0,0.5206506544590599
1359497,1,4,2,0,0.551039817989514
1359497,1,4,3,0,0.5606554352374578
1359497,1,4,4,0,0.5762705207465938
1359497,1,4,5,0,0.5393899851249258
1359497,1,4,6,0,9.72386209166237e-05
1359497,1,5,1,1,0.5250350315577206
1359497,1,5,2,0,0.5543179916196347
1359497,1,5,3,0,0.536775701611716
1359497,1,5,4,0,0.5816632492887467
1359497,1,5,5,0,0.5157067894326071
1359497,1,5,6,1,0.5158472392310883
1359497,2,0,1,0,0.34292879586449154
1359497,2,0,2,0,0.3758145906828431
1359497,2,0,3,0,0.3938488080906707
1359497,2,0,4,0,0.4602282905161428
1359497,2,0,5,0,0.43792108377104433
1359497,2,0,6,0,0.45949297480388923
1359497,2,0,7,0,0.4455858771989033
1359497,2,1,1,0,0.4525308533705715
1359497,2,1,2,0,0.4881511531128101
1359497,2,1,3,0,9.24106665955198e-05
1359497,2,1,4,0,0.48647024865685395
1359497,2,1,5,0,0.4975858702072483
1359497,2,1,6,0,0.48628602533951665
1359497,2,2,1,0,0.5190878099045545
1359497,2,2,2,0,0.5457346582819104
1359497,2,2,3,0,0.5423809985898028
1359497,2,2,4,0,0.5448509898803643
1359497,2,2,5,0,7.095521043020302e-05
1359497,2,2,6,0,0.5115990693400252
1359497,2,3,1,1,0.5337666435806119
1359497,2,3,2,0,0.5638169988704329
1359497,2,3,3,0,0.5585545807436305
1359497,2,3,4,0,0.5565925666499939
1359497,2,3,5,0,0.5246458156249383
1359497,2,3,6,1,0.5246355576704819
1359497,2,4,1,0,0.5206506544590599
1359497,2,4,2,0,0.551039817989514
1359497,2,4,3,0,0.5606554352374578
1359497,2,4,4,0,0.5762705207465938
1359497,2,4,5,1,0.5393899851249258
1359497,2,4,6,0,0.5176374469950858
1359497,2,5,1,0,0.5250350315577206
1359497,2,5,2,0,0.5543179916196347
1359497,2,5,3,0,0.536775701611716
1359497,2,5,4,1,0.5816632492887467
1359497,2,5,5,0,0.5157067894326071
1359497,2,5,6,0,0.5158472392310883
1359500,1,0,1,0,0.34292879586449154
1359500,1,0,2,0,0.3758145906828431
1359500,1,0,3,0,0.3938488080906707
1359500,1,0,4,0,0.4602282905161428
1359500,1,0,5,0,0.43792108377104433
1359500,1,0,6,0,0.45949297480388923
1359500,1,1,1,0,0.4525308533705715
1359500,1,1,2,1,0.4881511531128101
1359500,1,1,3,0,0.48756148271071864
1359500,1,1,4,0,0.48647024865685395
1359500,1,1,5,0,0.4975858702072483
1359500,1,1,6,0,0.48628602533951665
1359500,1,1,7,1,0.5312862305625888
1359500,1,2,1,0,0.5190878099045545
1359500,1,2,2,0,0.5457346582819104
1359500,1,2,3,0,0.5423809985898028
1359500,1,2,4,0,0.5448509898803643
1359500,1,2,5,0,0.5350637168710821
1359500,1,2,6,0,0.5115990693400252
1359500,1,3,1,0,0.5337666435806119
1359500,1,3,2,0,0.5638169988704329
1359500,1,3,3,0,0.5585545807436305
1359500,1,3,4,0,0.5565925666499939
1359500,1,3,5,0,0.5246458156249383
1359500,1,3,6,0,0.5246355576704819
1359500,1,4,1,0,0.5206506544590599
1359500,1,4,2,1,0.551039817989514
1359500,1,4,3,0,0.5606554352374578
1359500,1,4,4,0,0.5762705207465938
1359500,1,4,5,1,0.5393899851249258
1359500,1,4,6,0,0.5176374469950858
1359500,1,5,1,0,0.5250350315577206
1359500,1,5,2,0,0.5543179916196347
1359500,1,5,3,0,0.536775701611716
1359500,1,5,4,0,0.5816632492887467
1359500,1,5,5,1,0.5157067894326071
1359500,1,5,6,0,0.5158472392310883
1359500,2,0,1,0,0.34292879586449154
1359500,2,0,2,0,0.3758145906828431
1359500,2,0,3,0,0.3938488080906707
1359500,2,0,4,0,0.4602282905161428
1359500,2,0,5,0,0.43792108377104433
1359500,2,0,6,0,0.45949297480388923
1359500,2,1,1,0,0.4525308533705715
1359500,2,1,2,0,0.4881511531128101
1359500,2,1,3,0,0.48756148271071864
1359500,2,1,4,0,0.48647024865685395
1359500,2,1,5,0,0.4975858702072483
1359500,2,1,6,1,0.48628602533951665
1359500,2,1,7,1,0.5312862305625888
1359500,2,2,1,0,0.5190878099045545
1359500,2,2,2,0,0.5457346582819104
1359500,2,2,3,0,0.5423809985898028
1359500,2,2,4,0,0.5448509898803643
1359500,2,2,5,0,0.5350637168710821
1359500,2,2,6,0,0.5115990693400252
1359500,2,3,1,0,0.5337666435806119
1359500,2,3,2,0,0.5638169988704329
1359500,2,3,3,0,0.5585545807436305
1359500,2,3,4,0,0.5565925666499939
1359500,2,3,5,0,0.5246458156249383
1359500,2,3,6,0,0.5246355576704819
1359500,2,4,1,1,0.5206506544590599
1359500,2,4,2,0,0.551039817989514
1359500,2,4,3,0,0.5606554352374578
1359500,2,4,4,1,0.5762705207465938
1359500,2,4,5,0,0.5393899851249258
1359500,2,4,6,0,0.5176374469950858
1359500,2,5,1,1,0.5250350315577206
1359500,2,5,2,1,0.5543179916196347
1359500,2,5,3,0,0.536775701611716
1359500,2,5,4,0,0.5816632492887467
1359500,2,5,5,0,0.5157067894326071
1359500,2,5,6,1,0.5158472392310883
1359506,1,0,1,0,0.00038148845835141084
1359506,1,0,2,0,0.3758145906828431
1359506,1,0,3,0,0.3938488080906707
1359506,1,0,4,0,0.4602282905161428
1359506,1,0,5,0,0.43792108377104433
1359506,1,0,6,0,0.45949297480388923
1359506,1,1,1,0,0.4525308533705715
1359506,1,1,2,1,0.4881511531128101
1359506,1,1,3,0,0.48756148271071864
1359506,1,1,4,1,0.48647024865685395
1359506,1,1,5,0,0.4975858702072483
1359506,1,1,6,0,0.48628602533951665
1359506,1,2,1,0,0.0001421325131760957
1359506,1,2,2,1,0.5457346582819104
1359506,1,2,3,0,0.5423809985898028
1359506,1,2,4,0,0.5448509898803643
1359506,1,2,5,1,0.5350637168710821
1359506,1,2,6,0,0.5115990693400252
1359506,1,3,1,0,0.5337666435806119
1359506,1,3,2,0,0.5638169988704329
1359506,1,3,3,1,0.5585545807436305
1359506,1,3,4,1,0.5565925666499939
1359506,1,3,5,0,0.5246458156249383
1359506,1,3,6,1,0.5246355576704819
1359506,1,4,1,1,0.5206506544590599
1359506,1,4,2,0,0.551039817989514
1359506,1,4,3,0,0.5606554352374578
1359506,1,4,4,1,0.5762705207465938
1359506,1,4,5,0,0.5393899851249258
1359506,1,4,6,0,0.5176374469950858
1359506,1,5,1,0,0.5250350315577206
1359506,1,5,2,0,0.5543179916196347
1359506,1,5,3,1,0.536775701611716
1359506,1,5,4,0,0.5816632492887467
1359506,1,5,5,1,0.5157067894326071
1359506,1,5,6,0,0.5158472392310883
1359506,2,0,1,0,0.34292879586449154
1359506,2,0,2,0,0.3758145906828431
1359506,2,0,3,0,0.3938488080906707
1359506,2,0,4,0,0.0001682578208106649
1359506,2,0,5,0,0.43792108377104433
1359506,2,0,6,0,0.45949297480388923
1359506,2,1,1,0,0.4525308533705715
1359506,2,1,2,1,0.4881511531128101
1359506,2,1,3,0,0.48756148271071864
1359506,2,1,4,0,0.48647024865685395
1359506,2,1,5,0,0.4975858702072483
1359506,2,1,6,0,0.48628602533951665
1359506,2,2,1,1,0.5190878099045545
1359506,2,2,2,1,0.5457346582819104
1359506,2,2,3,0,0.5423809985898028
1359506,2,2,4,0,0.5448509898803643
1359506,2,2,5,0,0.5350637168710821
1359506,2,2,6,0,0.5115990693400252
1359506,2,3,1,0,0.5337666435806119
1359506,2,3,2,1,0.5638169988704329
1359506,2,3,3,0,0.5585545807436305
1359506,2,3,4,0,0.5565925666499939
1359506,2,3,5,0,0.5246458156249383
1359506,2,3,6,0,0.5246355576704819
1359506,2,4,1,1,0.5206506544590599
1359506,2,4,2,1,0.551039817989514
1359506,2,4,3,0,0.5606554352374578
1359506,2,4,4,1,0.5762705207465938
1359506,2,4,5,0,0.5393899851249258
1359506,2,4,6,0,0.5176374469950858
1359506,2,5,1,1,0.5250350315577206
1359506,2,5,2,0,0.5543179916196347
1359506,2,5,3,0,0.536775701611716
1359506,2,5,4,1,0.5816632492887467
1359506,2,5,5,0,0.5157067894326071
1359506,2,5,6,0,0.5158472392310883
1359514,1,0,1,0,0.34292879586449154
1359514,1,0,2,1,0.3758145906828431
1359514,1,0,3,1,0.3938488080906707
1359514,1,0,4,0,0.4602282905161428
1359514,1,0,5,0,0.43792108377104433
1359514,1,0,6,0,0.45949297480388923
1359514,1,1,1,0,0.4525308533705715
1359514,1,1,2,1,0.4881511531128101
1359514,1,1,3,0,0.48756148271071864
1359514,1,1,4,0,0.48647024865685395
1359514,1,1,5,0,0.4975858702072483
1359514,1,1,6,0,0.48628602533951665
1359514,1,1,7,0,0.5312862305625888
1359514,1,1,8,1,0.546464200793984
1359514,1,2,1,0,0.5190878099045545
1359514,1,2,2,0,0.5457346582819104
1359514,1,2,3,0,6.163767430463305e-05
1359514,1,2,4,0,0.5448509898803643
1359514,1,2,5,0,0.5350637168710821
1359514,1,2,6,1,0.5115990693400252
1359514,1,3,1,0,0.5337666435806119
1359514,1,3,2,1,0.5638169988704329
1359514,1,3,3,0,0.5585545807436305
1359514,1,3,4,0,0.5565925666499939
1359514,1,3,5,0,0.5246458156249383
1359514,1,3,6,1,0.5246355576704819
1359514,1,4,1,0,0.5206506544590599
1359514,1,4,2,0,0.551039817989514
1359514,1,4,3,0,0.5606554352374578
1359514,1,4,4,0,0.5762705207465938
1359514,1,4,5,0,7.839876431801788e-05
1359514,1,4,6,0,0.5176374469950858
1359514,1,4,7,0,0.5314435327996707
1359514,1,5,1,1,0.5250350315577206
1359514,1,5,2,0,0.5543179916196347
1359514,1,5,3,1,0.536775701611716
1359514,1,5,4,0,0.5816632492887467
1359514,1,5,5,1,0.5157067894326071
1359514,1,5,6,1,0.5158472392310883
1359514,2,0,1,0,0.34292879586449154
1359514,2,0,2,0,0.00018585311536224735
1359514,2,0,3,0,0.3938488080906707
1359514,2,0,4,1,0.4602282905161428
1359514,2,0,5,0,0.43792108377104433
1359514,2,0,6,0,0.45949297480388923
1359514,2,1,1,0,0.4525308533705715
1359514,2,1,2,1,0.4881511531128101
1359514,2,1,3,0,0.48756148271071864
1359514,2,1,4,0,0.48647024865685395
1359514,2,1,5,0,0.4975858702072483
1359514,2,1,6,0,0.48628602533951665
1359514,2,2,1,0,0.5190878099045545
1359514,2,2,2,0,0.5457346582819104
1359514,2,2,3,0,0.5423809985898028
1359514,2,2,4,0,0.5448509898803643
1359514,2,2,5,0,0.5350637168710821
1359514,2,2,6,1,0.5115990693400252
1359514,2,3,1,0,0.5337666435806119
1359514,2,3,2,1,0.5638169988704329
1359514,2,3,3,0,0.5585545807436305
1359514,2,3,4,0,0.5565925666499939
1359514,2,3,5,1,0.5246458156249383
1359514,2,3,6,0,0.5246355576704819
1359514,2,4,1,0,0.5206506544590599
1359514,2,4,2,0,0.551039817989514
1359514,2,4,3,0,0.5606554352374578
1359514,2,4,4,1,0.5762705207465938
1359514,2,4,5,0,0.5393899851249258
1359514,2,4,6,0,0.5176374469950858
1359514,2,5,1,1,0.5250350315577206
1359514,2,5,2,1,0.5543179916196347
1359514,2,5,3,0,0.536775701611716
1359514,2,5,4,0,0.5816632492887467
1359514,2,5,5,0,0.5157067894326071
1359514,2,5,6,0,0.5158472392310883
1359520,1,0,1,0,0.34292879586449154
1359520,1,0,2,0,0.3758145906828431
1359520,1,0,3,0,0.3938488080906707
1359520,1,0,4,0,0.4602282905161428
1359520,1,0,5,0,0.43792108377104433
1359520,1,0,6,1,0.45949297480388923
1359520,1,1,1,1,0.4525308533705715
1359520,1,1,2,0,0.4881511531128101
1359520,1,1,3,0,9.24106665955198e-05
1359520,1,1,4,0,0.48647024865685395
1359520,1,1,5,0,0.4975858702072483
1359520,1,1,6,1,0.48628602533951665
1359520,1,2,1,0,0.5190878099045545
1359520,1,2,2,0,0.5457346582819104
1359520,1,2,3,0,0.5423809985898028
1359520,1,2,4,0,0.5448509898803643
1359520,1,2,5,1,0.5350637168710821
1359520,1,2,6,0,0.5115990693400252
1359520,1,3,1,0,0.5337666435806119
1359520,1,3,2,0,0.5638169988704329
1359520,1,3,3,0,0.5585545807436305
1359520,1,3,4,0,0.5565925666499939
1359520,1,3,5,1,0.5246458156249383
1359520,1,3,6,1,0.5246355576704819
1359520,1,4,1,0,0.5206506544590599
1359520,1,4,2,0,0.551039817989514
1359520,1,4,3,0,0.5606554352374578
1359520,1,4,4,0,0.5762705207465938
1359520,1,4,5,0,0.5393899851249258
1359520,1,4,6,0,0.5176374469950858
1359520,1,5,1,1,0.5250350315577206
1359520,1,5,2,1,0.5543179916196347
1359520,1,5,3,0,0.536775701611716
1359520,1,5,4,0,0.5816632492887467
1359520,1,5,5,0,0.5157067894326071
1359520,1,5,6,0,0.5158472392310883
1359520,2,0,1,0,0.34292879586449154
1359520,2,0,2,0,0.3758145906828431
1359520,2,0,3,0,0.00017505488994704315
1359520,2,0,4,0,0.4602282905161428
1359520,2,0,5,0,0.43792108377104433
1359520,2,0,6,0,0.45949297480388923
1359520,2,1,1,0,0.4525308533705715
1359520,2,1,2,1,0.4881511531128101
1359520,2,1,3,0,0.48756148271071864
1359520,2,1,4,0,0.48647024865685395
1359520,2,1,5,0,0.4975858702072483
1359520,2,1,6,1,0.48628602533951665
1359520,2,1,7,1,0.5312862305625888
1359520,2,2,1,0,0.5190878099045545
1359520,2,2,2,0,0.5457346582819104
1359520,2,2,3,0,0.5423809985898028
1359520,2,2,4,0,0.5448509898803643
1359520,2,2,5,0,0.5350637168710821
1359520,2,2,6,0,0.5115990693400252
1359520,2,3,1,0,0.5337666435806119
1359520,2,3,2,0,0.5638169988704329
1359520,2,3,3,0,0.5585545807436305
1359520,2,3,4,1,0.5565925666499939
1359520,2,3,5,0,0.5246458156249383
1359520,2,3,6,1,0.5246355576704819
1359520,2,4,1,1,0.5206506544590599
1359520,2,4,2,0,0.551039817989514
1359520,2,4,3,1,0.5606554352374578
1359520,2,4,4,0,0.5762705207465938
1359520,2,4,5,0,0.5393899851249258
1359520,2,4,6,1,0.5176374469950858
1359520,2,5,1,0,0.5250350315577206
1359520,2,5,2,0,0.5543179916196347
1359520,2,5,3,0,0.536775701611716
1359520,2,5,4,0,0.5816632492887467
1359520,2,5,5,0,0.5157067894326071
1359520,2,5,6,0,0.00010310924426488355
1359526,1,0,1,1,0.34292879586449154
1359526,1,0,2,0,0.3758145906828431
1359526,1,0,3,0,0.3938488080906707
1359526,1,0,4,1,0.4602282905161428
1359526,1,0,5,0,0.43792108377104433
1359526,1,0,6,0,0.45949297480388923
1359526,1,1,1,0,0.4525308533705715
1359526,1,1,2,0,0.4881511531128101
1359526,1,1,3,0,0.48756148271071864
1359526,1,1,4,1,0.48647024865685395
1359526,1,1,5,0,0.4975858702072483
1359526,1,1,6,0,0.48628602533951665
1359526,1,1,7,1,0.5312862305625888
1359526,1,2,1,0,0.5190878099045545
1359526,1,2,2,0,0.5457346582819104
1359526,1,2,3,0,0.5423809985898028
1359526,1,2,4,0,0.5448509898803643
1359526,1,2,5,0,0.5350637168710821
1359526,1,2,6,1,0.5115990693400252
1359526,1,2,7,0,0.5434680194742225
1359526,1,3,1,0,0.5337666435806119
1359526,1,3,2,1,0.5638169988704329
1359526,1,3,3,1,0.5585545807436305
1359526,1,3,4,0,0.5565925666499939
1359526,1,3,5,0,0.5246458156249383
1359526,1,3,6,0,0.5246355576704819
1359526,1,4,1,0,0.5206506544590599
1359526,1,4,2,1,0.551039817989514
1359526,1,4,3,1,0.5606554352374578
1359526,1,4,4,0,0.5762705207465938
1359526,1,4,5,0,0.5393899851249258
1359526,1,4,6,0,9.72386209166237e-05
1359526,1,5,1,0,0.5250350315577206
1359526,1,5,2,0,0.5543179916196347
1359526,1,5,3,0,0.536775701611716
1359526,1,5,4,0,0.5816632492887467
1359526,1,5,5,1,0.5157067894326071
1359526,1,5,6,0,0.5158472392310883
1359526,2,0,1,0,0.34292879586449154
1359526,2,0,2,0,0.3758145906828431
1359526,2,0,3,0,0.3938488080906707
1359526,2,0,4,0,0.4602282905161428
1359526,2,0,5,0,0.43792108377104433
1359526,2,0,6,0,0.45949297480388923
1359526,2,1,1,0,0.4525308533705715
1359526,2,1,2,0,0.4881511531128101
1359526,2,1,3,0,0.48756148271071864
1359526,2,1,4,1,0.48647024865685395
1359526,2,1,5,0,0.4975858702072483
1359526,2,1,6,0,0.48628602533951665
1359526,2,2,1,0,0.5190878099045545
1359526,2,2,2,0,0.5457346582819104
1359526,2,2,3,0,0.5423809985898028
1359526,2,2,4,1,0.5448509898803643
1359526,2,2,5,0,0.5350637168710821
1359526,2,2,6,1,0.5115990693400252
1359526,2,3,1,0,0.5337666435806119
1359526,2,3,2,0,0.5638169988704329
1359526,2,3,3,0,0.5585545807436305
1359526,2,3,4,0,0.5565925666499939
1359526,2,3,5,1,0.5246458156249383
1359526,2,3,6,0,0.5246355576704819
1359526,2,4,1,1,0.5206506544590599
1359526,2,4,2,0,0.551039817989514
1359526,2,4,3,1,0.5606554352374578
1359526,2,4,4,0,0.5762705207465938
1359526,2,4,5,0,0.5393899851249258
1359526,2,4,6,1,0.5176374469950858
1359526,2,5,1,0,0.5250350315577206
1359526,2,5,2,0,0.5543179916196347
1359526,2,5,3,1,0.536775701611716
1359526,2,5,4,0,0.5816632492887467
1359526,2,5,5,0,7.613948438054935e-05
1359526,2,5,6,0,0.5158472392310883
1359533,1,0,1,0,0.34292879586449154
1359533,1,0,2,0,0.3758145906828431
1359533,1,0,3,0,0.3938488080906707
1359533,1,0,4,0,0.4602282905161428
1359533,1,0,5,0,0.43792108377104433
1359533,1,0,6,0,0.45949297480388923
1359533,1,0,7,0,0.4455858771989033
1359533,1,0,8,0,0.3455787779741998
1359533,1,1,1,1,0.4525308533705715
1359533,1,1,2,0,9.924247765745456e-05
1359533,1,1,3,0,0.48756148271071864
1359533,1,1,4,1,0.48647024865685395
1359533,1,1,5,0,0.4975858702072483
1359533,1,1,6,0,0.48628602533951665
1359533,1,2,1,0,0.5190878099045545
1359533,1,2,2,0,0.5457346582819104
1359533,1,2,3,1,0.5423809985898028
1359533,1,2,4,0,0.5448509898803643
1359533,1,2,5,1,0.5350637168710821
1359533,1,2,6,0,0.5115990693400252
1359533,1,3,1,0,0.5337666435806119
1359533,1,3,2,1,0.5638169988704329
1359533,1,3,3,0,0.5585545807436305
1359533,1,3,4,0,0.5565925666499939
1359533,1,3,5,0,0.5246458156249383
1359533,1,3,6,0,0.5246355576704819
1359533,1,3,7,0,0.5656720274535049
1359533,1,4,1,0,0.00015180114801475284
1359533,1,4,2,0,0.551039817989514
1359533,1,4,3,0,0.5606554352374578
1359533,1,4,4,0,0.5762705207465938
1359533,1,4,5,1,0.5393899851249258
1359533,1,4,6,0,0.5176374469950858
1359533,1,5,1,1,0.5250350315577206
1359533,1,5,2,0,0.5543179916196347
1359533,1,5,3,0,0.536775701611716
1359533,1,5,4,0,8.289229948853374e-05
1359533,1,5,5,0,0.5157067894326071
1359533,1,5,6,0,0.5158472392310883
1359533,2,0,1,1,0.34292879586449154
1359533,2,0,2,1,0.3758145906828431
1359533,2,0,3,0,0.3938488080906707
1359533,2,0,4,0,0.4602282905161428
1359533,2,0,5,0,0.43792108377104433
1359533,2,0,6,0,0.45949297480388923
1359533,2,1,1,0,0.4525308533705715
1359533,2,1,2,0,0.4881511531128101
1359533,2,1,3,1,0.48756148271071864
1359533,2,1,4,0,0.48647024865685395
1359533,2,1,5,0,0.4975858702072483
1359533,2,1,6,0,0.48628602533951665
1359533,2,2,1,1,0.5190878099045545
1359533,2,2,2,0,0.5457346582819104
1359533,2,2,3,1,0.5423809985898028
1359533,2,2,4,1,0.5448509898803643
1359533,2,2,5,0,0.5350637168710821
1359533,2,2,6,0,0.5115990693400252
1359533,2,3,1,1,0.5337666435806119
1359533,2,3,2,0,0.5638169988704329
1359533,2,3,3,0,0.5585545807436305
1359533,2,3,4,0,0.5565925666499939
1359533,2,3,5,0,0.5246458156249383
1359533,2,3,6,1,0.5246355576704819
1359533,2,4,1,0,0.5206506544590599
1359533,2,4,2,0,0.551039817989514
1359533,2,4,3,1,0.5606554352374578
1359533,2,4,4,1,0.5762705207465938
1359533,2,4,5,0,0.5393899851249258
1359533,2,4,6,0,0.5176374469950858
1359533,2,5,1,0,0.5250350315577206
1359533,2,5,2,1,0.5543179916196347
1359533,2,5,3,1,0.536775701611716
1359533,2,5,4,0,0.5816632492887467
1359533,2,5,5,0,0.5157067894326071
1359533,2,5,6,0,0.5158472392310883
1359536,1,0,1,0,0.34292879586449154
1359536,1,0,2,0,0.3758145906828431
1359536,1,0,3,0,0.00017505488994704315
1359536,1,0,4,0,0.4602282905161428
1359536,1,0,5,0,0.43792108377104433
1359536,1,0,6,0,0.45949297480388923
1359536,1,1,1,0,0.4525308533705715
1359536,1,1,2,0,0.4881511531128101
1359536,1,1,3,1,0.48756148271071864
1359536,1,1,4,0,0.48647024865685395
1359536,1,1,5,0,0.4975858702072483
1359536,1,1,6,0,0.48628602533951665
1359536,1,1,7,0,0.5312862305625888
1359536,1,1,8,0,0.546464200793984
1359536,1,1,9,0,0.2794281748316789
1359536,1,1,10,0,0.05869596192898031
1359536,1,2,1,1,0.5190878099045545
1359536,1,2,2,0,0.5457346582819104
1359536,1,2,3,1,0.5423809985898028
1359536,1,2,4,0,0.5448509898803643
1359536,1,2,5,0,0.5350637168710821
1359536,1,2,6,1,0.5115990693400252
1359536,1,3,1,0,0.5337666435806119
1359536,1,3,2,0,0.5638169988704329
1359536,1,3,3,1,0.5585545807436305
1359536,1,3,4,1,0.5565925666499939
1359536,1,3,5,1,0.5246458156249383
1359536,1,3,6,1,0.5246355576704819
1359536,1,4,1,0,0.5206506544590599
1359536,1,4,2,0,0.551039817989514
1359536,1,4,3,0,0.5606554352374578
1359536,1,4,4,0,0.5762705207465938
1359536,1,4,5,0,0.5393899851249258
1359536,1,4,6,0,0.5176374469950858
1359536,1,5,1,0,0.5250350315577206
1359536,1,5,2,1,0.5543179916196347
1359536,1,5,3,0,0.536775701611716
1359536,1,5,4,0,0.5816632492887467
1359536,1,5,5,1,0.5157067894326071
1359536,1,5,6,0,0.5158472392310883
1359536,2,0,1,0,0.34292879586449154
1359536,2,0,2,0,0.3758145906828431
1359536,2,0,3,0,0.3938488080906707
1359536,2,0,4,1,0.4602282905161428
1359536,2,0,5,0,0.0001647836315587949
1359536,2,0,6,0,0.45949297480388923
1359536,2,1,1,1,0.4525308533705715
1359536,2,1,2,0,0.4881511531128101
1359536,2,1,3,0,0.48756148271071864
1359536,2,1,4,0,0.48647024865685395
1359536,2,1,5,0,8.911846280782056e-05
1359536,2,1,6,0,0.48628602533951665
1359536,2,1,7,0,0.5312862305625888
1359536,2,2,1,0,0.0001421325131760957
1359536,2,2,2,0,0.5457346582819104
1359536,2,2,3,0,0.5423809985898028
1359536,2,2,4,0,0.5448509898803643
1359536,2,2,5,0,0.5350637168710821
1359536,2,2,6,0,0.5115990693400252
1359536,2,3,1,1,0.5337666435806119
1359536,2,3,2,0,0.5638169988704329
1359536,2,3,3,0,0.5585545807436305
1359536,2,3,4,0,0.5565925666499939
1359536,2,3,5,1,0.5246458156249383
1359536,2,3,6,0,0.5246355576704819
1359536,2,4,1,0,0.5206506544590599
1359536,2,4,2,0,7.766533673193968e-05
1359536,2,4,3,0,0.5606554352374578
1359536,2,4,4,0,0.5762705207465938
1359536,2,4,5,0,0.5393899851249258
1359536,2,4,6,1,0.5176374469950858
1359536,2,5,1,0,0.5250350315577206
1359536,2,5,2,0,0.5543179916196347
1359536,2,5,3,0,0.536775701611716
1359536,2,5,4,1,0.5816632492887467
1359536,2,5,5,0,0.5157067894326071
1359536,2,5,6,0,0.5158472392310883
1359537,1,0,1,0,0.34292879586449154
1359537,1,0,2,0,0.3758145906828431
1359537,1,0,3,0,0.3938488080906707
1359537,1,0,4,0,0.4602282905161428
1359537,1,0,5,0,0.43792108377104433
1359537,1,0,6,0,0.45949297480388923
1359537,1,1,1,0,0.4525308533705715
1359537,1,1,2,0,0.4881511531128101
1359537,1,1,3,0,0.48756148271071864
1359537,1,1,4,0,0.48647024865685395
1359537,1,1,5,0,0.4975858702072483
1359537,1,1,6,1,0.48628602533951665
1359537,1,2,1,0,0.0001421325131760957
1359537,1,2,2,0,6.71210527059499e-05
1359537,1,2,3,0,0.5423809985898028
1359537,1,2,4,0,0.5448509898803643
1359537,1,2,5,0,0.5350637168710821
1359537,1,2,6,0,0.5115990693400252
1359537,1,3,1,1,0.5337666435806119
1359537,1,3,2,0,0.5638169988704329
1359537,1,3,3,0,0.5585545807436305
1359537,1,3,4,0,0.5565925666499939
1359537,1,3,5,0,0.5246458156249383
1359537,1,3,6,0,0.5246355576704819
1359537,1,4,1,0,0.5206506544590599
1359537,1,4,2,1,0.551039817989514
1359537,1,4,3,0,0.5606554352374578
1359537,1,4,4,0,0.5762705207465938
1359537,1,4,5,0,0.5393899851249258
1359537,1,4,6,0,0.5176374469950858
1359537,1,5,1,0,0.5250350315577206
1359537,1,5,2,0,0.5543179916196347
1359537,1,5,3,0,0.536775701611716
1359537,1,5,4,0,0.5816632492887467
1359537,1,5,5,0,0.5157067894326071
1359537,1,5,6,0,0.5158472392310883
1359537,2,0,1,0,0.34292879586449154
1359537,2,0,2,1,0.3758145906828431
1359537,2,0,3,0,0.3938488080906707
1359537,2,0,4,0,0.4602282905161428
1359537,2,0,5,0,0.43792108377104433
1359537,2,0,6,0,0.45949297480388923
1359537,2,1,1,0,0.4525308533705715
1359537,2,1,2,1,0.4881511531128101
1359537,2,1,3,0,0.48756148271071864
1359537,2,1,4,0,0.48647024865685395
1359537,2,1,5,0,0.4975858702072483
1359537,2,1,6,0,0.48628602533951665
1359537,2,1,7,1,0.5312862305625888
1359537,2,2,1,0,0.5190878099045545
1359537,2,2,2,0,0.5457346582819104
1359537,2,2,3,0,0.5423809985898028
1359537,2,2,4,1,0.5448509898803643
1359537,2,2,5,0,0.5350637168710821
1359537,2,2,6,0,0.5115990693400252
1359537,2,3,1,1,0.5337666435806119
1359537,2,3,2,0,0.5638169988704329
1359537,2,3,3,0,0.5585545807436305
1359537,2,3,4,0,0.5565925666499939
1359537,2,3,5,0,0.5246458156249383
1359537,2,3,6,0,0.5246355576704819
1359537,2,3,7,0,0.5656720274535049
1359537,2,4,1,0,0.5206506544590599
1359537,2,4,2,0,0.551039817989514
1359537,2,4,3,1,0.5606554352374578
1359537,2,4,4,0,0.5762705207465938
1359537,2,4,5,0,0.5393899851249258
1359537,2,4,6,0,0.5176374469950858
1359537,2,5,1,0,0.5250350315577206
1359537,2,5,2,0,0.5543179916196347
1359537,2,5,3,0,0.536775701611716
1359537,2,5,4,0,0.5816632492887467
1359537,2,5,5,0,0.5157067894326071
1359537,2,5,6,1,0.5158472392310883
1359537,2,5,7,0,0.5010579670010621
1359541,1,0,1,0,0.34292879586449154
1359541,1,0,2,0,0.3758145906828431
1359541,1,0,3,0,0.3938488080906707
1359541,1,0,4,0,0.4602282905161428
1359541,1,0,5,1,0.43792108377104433
1359541,1,0,6,0,0.45949297480388923
1359541,1,1,1,0,0.4525308533705715
1359541,1,1,2,1,0.4881511531128101
1359541,1,1,3,0,0.48756148271071864
1359541,1,1,4,1,0.48647024865685395
1359541,1,1,5,0,0.4975858702072483
1359541,1,1,6,0,0.48628602533951665
1359541,1,2,1,0,0.5190878099045545
1359541,1,2,2,0,0.5457346582819104
1359541,1,2,3,0,0.5423809985898028
1359541,1,2,4,0,0.5448509898803643
1359541,1,2,5,0,0.5350637168710821
1359541,1,2,6,1,0.5115990693400252
1359541,1,2,7,1,0.5434680194742225
1359541,1,3,1,0,0.5337666435806119
1359541,1,3,2,0,0.5638169988704329
1359541,1,3,3,1,0.5585545807436305
1359541,1,3,4,0,0.5565925666499939
1359541,1,3,5,0,0.5246458156249383
1359541,1,3,6,0,0.5246355576704819
1359541,1,4,1,0,0.5206506544590599
1359541,1,4,2,0,0.551039817989514
1359541,1,4,3,1,0.5606554352374578
1359541,1,4,4,1,0.5762705207465938
1359541,1,4,5,0,0.5393899851249258
1359541,1,4,6,0,0.5176374469950858
1359541,1,5,1,0,0.5250350315577206
1359541,1,5,2,0,0.5543179916196347
1359541,1,5,3,0,0.536775701611716
1359541,1,5,4,0,0.5816632492887467
1359541,1,5,5,0,0.5157067894326071
1359541,1,5,6,0,0.5158472392310883
1359541,2,0,1,0,0.34292879586449154
1359541,2,0,2,0,0.3758145906828431
1359541,2,0,3,1,0.3938488080906707
1359541,2,0,4,0,0.4602282905161428
1359541,2,0,5,0,0.43792108377104433
1359541,2,0,6,0,0.45949297480388923
1359541,2,1,1,0,0.4525308533705715
1359541,2,1,2,0,0.4881511531128101
1359541,2,1,3,0,9.24106665955198e-05
1359541,2,1,4,0,0.48647024865685395
1359541,2,1,5,0,0.4975858702072483
1359541,2,1,6,0,0.48628602533951665
1359541,2,2,1,0,0.5190878099045545
1359541,2,2,2,0,0.5457346582819104
1359541,2,2,3,0,0.5423809985898028
1359541,2,2,4,0,0.5448509898803643
1359541,2,2,5,0,0.5350637168710821
1359541,2,2,6,0,0.5115990693400252
1359541,2,3,1,0,0.5337666435806119
1359541,2,3,2,1,0.5638169988704329
1359541,2,3,3,0,0.5585545807436305
1359541,2,3,4,0,0.5565925666499939
1359541,2,3,5,0,0.5246458156249383
1359541,2,3,6,0,0.5246355576704819
1359541,2,4,1,1,0.5206506544590599
1359541,2,4,2,1,0.551039817989514
1359541,2,4,3,0,0.5606554352374578
1359541,2,4,4,0,7.530897549982799e-05
1359541,2,4,5,0,7.839876431801788e-05
1359541,2,4,6,0,0.5176374469950858
1359541,2,5,1,0,0.5250350315577206
1359541,2,5,2,0,0.5543179916196347
1359541,2,5,3,0,0.536775701611716
1359541,2,5,4,0,0.5816632492887467
1359541,2,5,5,0,0.5157067894326071
1359541,2,5,6,1,0.5158472392310883
1359542,1,0,1,0,0.34292879586449154
1359542,1,0,2,0,0.3758145906828431
1359542,1,0,3,0,0.3938488080906707
1359542,1,0,4,0,0.4602282905161428
1359542,1,0,5,0,0.43792108377104433
1359542,1,0,6,0,0.45949297480388923
1359542,1,1,1,0,0.4525308533705715
1359542,1,1,2,0,0.4881511531128101
1359542,1,1,3,0,0.48756148271071864
1359542,1,1,4,0,0.48647024865685395
1359542,1,1,5,0,0.4975858702072483
1359542,1,1,6,0,0.48628602533951665
1359542,1,2,1,1,0.5190878099045545
1359542,1,2,2,0,0.5457346582819104
1359542,1,2,3,0,6.163767430463305e-05
1359542,1,2,4,0,0.5448509898803643
1359542,1,2,5,0,0.5350637168710821
1359542,1,2,6,0,0.5115990693400252
1359542,1,3,1,0,0.5337666435806119
1359542,1,3,2,0,0.5638169988704329
1359542,1,3,3,0,0.5585545807436305
1359542,1,3,4,0,0.5565925666499939
1359542,1,3,5,0,0.5246458156249383
1359542,1,3,6,0,0.5246355576704819
1359542,1,3,7,1,0.5656720274535049
1359542,1,4,1,1,0.5206506544590599
1359542,1,4,2,0,0.551039817989514
1359542,1,4,3,0,0.5606554352374578
1359542,1,4,4,1,0.5762705207465938
1359542,1,4,5,0,0.5393899851249258
1359542,1,4,6,1,0.5176374469950858
1359542,1,5,1,0,0.5250350315577206
1359542,1,5,2,0,0.5543179916196347
1359542,1,5,3,1,0.536775701611716
1359542,1,5,4,0,0.5816632492887467
1359542,1,5,5,0,0.5157067894326071
1359542,1,5,6,1,0.5158472392310883
1359542,2,0,1,0,0.34292879586449154
1359542,2,0,2,0,0.3758145906828431
1359542,2,0,3,1,0.3938488080906707
1359542,2,0,4,0,0.4602282905161428
1359542,2,0,5,1,0.43792108377104433
1359542,2,0,6,1,0.45949297480388923
1359542,2,1,1,0,0.4525308533705715
1359542,2,1,2,1,0.4881511531128101
1359542,2,1,3,1,0.48756148271071864
1359542,2,1,4,1,0.48647024865685395
1359542,2,1,5,0,0.4975858702072483
1359542,2,1,6,0,0.48628602533951665
1359542,2,2,1,1,0.5190878099045545
1359542,2,2,2,0,0.5457346582819104
1359542,2,2,3,0,0.5423809985898028
1359542,2,2,4,0,0.5448509898803643
1359542,2,2,5,0,0.5350637168710821
1359542,2,2,6,0,0.5115990693400252
1359542,2,3,1,0,0.5337666435806119
1359542,2,3,2,1,0.5638169988704329
1359542,2,3,3,0,0.5585545807436305
1359542,2,3,4,0,0.5565925666499939
1359542,2,3,5,0,0.5246458156249383
1359542,2,3,6,0,0.5246355576704819
1359542,2,3,7,0,0.5656720274535049
1359542,2,4,1,1,0.5206506544590599
1359542,2,4,2,1,0.551039817989514
1359542,2,4,3,1,0.5606554352374578
1359542,2,4,4,0,0.5762705207465938
1359542,2,4,5,0,0.5393899851249258
1359542,2,4,6,0,0.5176374469950858
1359542,2,5,1,0,0.5250350315577206
1359542,2,5,2,0,0.5543179916196347
1359542,2,5,3,0,0.536775701611716
1359542,2,5,4,0,0.5816632492887467
1359542,2,5,5,0,7.613948438054935e-05
1359542,2,5,6,0,0.5158472392310883
1370350,1,0,1,0,0.34292879586449154
1370350,1,0,2,0,0.3758145906828431
1370350,1,0,3,0,0.3938488080906707
1370350,1,0,4,0,0.4602282905161428
1370350,1,0,5,0,0.43792108377104433
1370350,1,0,6,0,0.45949297480388923
1370350,1,1,1,0,0.4525308533705715
1370350,1,1,2,0,0.4881511531128101
1370350,1,1,3,0,0.48756148271071864
1370350,1,1,4,1,0.48647024865685395
1370350,1,1,5,1,0.4975858702072483
1370350,1,1,6,0,0.48628602533951665
1370350,1,1,7,0,0.5312862305625888
1370350,1,2,1,0,0.5190878099045545
1370350,1,2,2,0,0.5457346582819104
1370350,1,2,3,0,0.5423809985898028
1370350,1,2,4,1,0.5448509898803643
1370350,1,2,5,0,0.5350637168710821
1370350,1,2,6,0,0.5115990693400252
1370350,1,3,1,0,0.5337666435806119
1370350,1,3,2,0,0.5638169988704329
1370350,1,3,3,0,0.5585545807436305
1370350,1,3,4,0,0.5565925666499939
1370350,1,3,5,0,0.5246458156249383
1370350,1,3,6,1,0.5246355576704819
1370350,1,4,1,0,0.5206506544590599
1370350,1,4,2,0,0.551039817989514
1370350,1,4,3,0,0.5606554352374578
1370350,1,4,4,0,0.5762705207465938
1370350,1,4,5,1,0.5393899851249258
1370350,1,4,6,0,0.5176374469950858
1370350,1,5,1,1,0.5250350315577206
1370350,1,5,2,0,0.5543179916196347
1370350,1,5,3,0,0.536775701611716
1370350,1,5,4,1,0.5816632492887467
1370350,1,5,5,0,0.5157067894326071
1370350,1,5,6,0,0.5158472392310883
1370350,2,0,1,0,0.34292879586449154
1370350,2,0,2,0,0.3758145906828431
1370350,2,0,3,0,0.3938488080906707
1370350,2,0,4,0,0.4602282905161428
1370350,2,0,5,0,0.43792108377104433
1370350,2,0,6,0,0.45949297480388923
1370350,2,1,1,0,0.4525308533705715
1370350,2,1,2,0,0.4881511531128101
1370350,2,1,3,0,0.48756148271071864
1370350,2,1,4,0,0.48647024865685395
1370350,2,1,5,0,0.4975858702072483
1370350,2,1,6,1,0.48628602533951665
1370350,2,2,1,1,0.5190878099045545
1370350,2,2,2,0,0.5457346582819104
1370350,2,2,3,0,0.5423809985898028
1370350,2,2,4,0,0.5448509898803643
1370350,2,2,5,1,0.5350637168710821
1370350,2,2,6,0,8.629539099572611e-05
1370350,2,3,1,0,0.5337666435806119
1370350,2,3,2,0,0.5638169988704329
1370350,2,3,3,1,0.5585545807436305
1370350,2,3,4,0,0.5565925666499939
1370350,2,3,5,1,0.5246458156249383
1370350,2,3,6,0,0.5246355576704819
1370350,2,4,1,0,0.5206506544590599
1370350,2,4,2,0,0.551039817989514
1370350,2,4,3,0,0.5606554352374578
1370350,2,4,4,0,0.5762705207465938
1370350,2,4,5,0,0.5393899851249258
1370350,2,4,6,1,0.5176374469950858
1370350,2,5,1,0,0.5250350315577206
1370350,2,5,2,0,0.5543179916196347
1370350,2,5,3,0,0.536775701611716
1370350,2,5,4,0,0.5816632492887467
1370350,2,5,5,0,7.613948438054935e-05
1370350,2,5,6,0,0.5158472392310883
1370351,1,0,1,1,0.34292879586449154
1370351,1,0,2,0,0.3758145906828431
1370351,1,0,3,0,0.3938488080906707
1370351,1,0,4,0,0.4602282905161428
1370351,1,0,5,0,0.43792108377104433
1370351,1,0,6,0,0.45949297480388923
1370351,1,1,1,0,0.4525308533705715
1370351,1,1,2,0,0.4881511531128101
1370351,1,1,3,0,0.48756148271071864
1370351,1,1,4,0,0.48647024865685395
1370351,1,1,5,1,0.4975858702072483
1370351,1,1,6,1,0.48628602533951665
1370351,1,2,1,1,0.5190878099045545
1370351,1,2,2,0,0.5457346582819104
1370351,1,2,3,1,0.5423809985898028
1370351,1,2,4,0,0.5448509898803643
1370351,1,2,5,0,0.5350637168710821
1370351,1,2,6,0,0.5115990693400252
1370351,1,3,1,0,0.5337666435806119
1370351,1,3,2,0,7.207262176670686e-05
1370351,1,3,3,1,0.5585545807436305
1370351,1,3,4,0,0.5565925666499939
1370351,1,3,5,1,0.5246458156249383
1370351,1,3,6,0,0.5246355576704819
1370351,1,4,1,0,0.5206506544590599
1370351,1,4,2,0,7.766533673193968e-05
1370351,1,4,3,0,0.5606554352374578
1370351,1,4,4,0,0.5762705207465938
1370351,1,4,5,0,0.5393899851249258
1370351,1,4,6,1,0.5176374469950858
1370351,1,5,1,1,0.5250350315577206
1370351,1,5,2,0,0.5543179916196347
1370351,1,5,3,1,0.536775701611716
1370351,1,5,4,1,0.5816632492887467
1370351,1,5,5,0,0.5157067894326071
1370351,1,5,6,0,0.5158472392310883
1370351,2,0,1,0,0.34292879586449154
1370351,2,0,2,0,0.3758145906828431
1370351,2,0,3,1,0.3938488080906707
1370351,2,0,4,1,0.4602282905161428
1370351,2,0,5,0,0.43792108377104433
1370351,2,0,6,0,0.45949297480388923
1370351,2,1,1,0,0.4525308533705715
1370351,2,1,2,0,0.4881511531128101
1370351,2,1,3,0,0.48756148271071864
1370351,2,1,4,0,0.48647024865685395
1370351,2,1,5,0,8.911846280782056e-05
1370351,2,1,6,0,0.48628602533951665
1370351,2,2,1,1,0.5190878099045545
1370351,2,2,2,0,0.5457346582819104
1370351,2,2,3,0,0.5423809985898028
1370351,2,2,4,0,0.5448509898803643
1370351,2,2,5,0,0.5350637168710821
1370351,2,2,6,0,0.5115990693400252
1370351,2,3,1,0,0.5337666435806119
1370351,2,3,2,0,7.207262176670686e-05
1370351,2,3,3,0,0.5585545807436305
1370351,2,3,4,1,0.5565925666499939
1370351,2,3,5,0,0.5246458156249383
1370351,2,3,6,0,0.5246355576704819
1370351,2,4,1,0,0.5206506544590599
1370351,2,4,2,0,0.551039817989514
1370351,2,4,3,1,0.5606554352374578
1370351,2,4,4,0,0.5762705207465938
1370351,2,4,5,0,0.5393899851249258
1370351,2,4,6,0,0.5176374469950858
1370351,2,5,1,0,0.5250350315577206
1370351,2,5,2,1,0.5543179916196347
1370351,2,5,3,1,0.536775701611716
1370351,2,5,4,1,0.5816632492887467
1370351,2,5,5,0,0.5157067894326071
1370351,2,5,6,0,0.5158472392310883
1370351,2,5,7,0,0.5010579670010621
1422120,1,0,1,0,0.34292879586449154
1422120,1,0,2,1,0.3758145906828431
1422120,1,0,3,1,0.3938488080906707
1422120,1,0,4,0,0.4602282905161428
1422120,1,0,5,0,0.43792108377104433
1422120,1,0,6,0,0.45949297480388923
1422120,1,0,7,0,0.4455858771989033
1422120,1,1,1,0,0.4525308533705715
1422120,1,1,2,0,0.4881511531128101
1422120,1,1,3,1,0.48756148271071864
1422120,1,1,4,1,0.48647024865685395
1422120,1,1,5,0,0.4975858702072483
1422120,1,1,6,0,0.48628602533951665
1422120,1,1,7,0,0.5312862305625888
1422120,1,2,1,0,0.5190878099045545
1422120,1,2,2,1,0.5457346582819104
1422120,1,2,3,0,0.5423809985898028
1422120,1,2,4,0,0.5448509898803643
1422120,1,2,5,0,0.5350637168710821
1422120,1,2,6,0,0.5115990693400252
1422120,1,2,7,0,0.5434680194742225
1422120,1,3,1,1,0.5337666435806119
1422120,1,3,2,0,7.207262176670686e-05
1422120,1,3,3,0,0.5585545807436305
1422120,1,3,4,0,0.5565925666499939
1422120,1,3,5,0,0.5246458156249383
1422120,1,3,6,0,0.5246355576704819
1422120,1,4,1,0,0.5206506544590599
1422120,1,4,2,0,0.551039817989514
1422120,1,4,3,0,0.5606554352374578
1422120,1,4,4,1,0.5762705207465938
1422120,1,4,5,1,0.5393899851249258
1422120,1,4,6,0,0.5176374469950858
1422120,1,5,1,0,0.5250350315577206
1422120,1,5,2,0,0.5543179916196347
1422120,1,5,3,0,0.536775701611716
1422120,1,5,4,0,0.5816632492887467
1422120,1,5,5,0,0.5157067894326071
1422120,1,5,6,0,0.5158472392310883
1422120,2,0,1,1,0.34292879586449154
1422120,2,0,2,0,0.3758145906828431
1422120,2,0,3,1,0.3938488080906707
1422120,2,0,4,0,0.4602282905161428
1422120,2,0,5,1,0.43792108377104433
1422120,2,0,6,1,0.45949297480388923
1422120,2,1,1,0,0.4525308533705715
1422120,2,1,2,0,0.4881511531128101
1422120,2,1,3,1,0.48756148271071864
1422120,2,1,4,0,0.48647024865685395
1422120,2,1,5,0,0.4975858702072483
1422120,2,1,6,0,0.48628602533951665
1422120,2,1,7,0,0.5312862305625888
1422120,2,1,8,0,0.546464200793984
1422120,2,1,9,0,0.2794281748316789
1422120,2,2,1,1,0.5190878099045545
1422120,2,2,2,0,0.5457346582819104
1422120,2,2,3,0,0.5423809985898028
1422120,2,2,4,0,0.5448509898803643
1422120,2,2,5,0,0.5350637168710821
1422120,2,2,6,0,0.5115990693400252
1422120,2,3,1,0,0.00015952827975369624
1422120,2,3,2,1,0.5638169988704329
1422120,2,3,3,1,0.5585545807436305
1422120,2,3,4,0,0.5565925666499939
1422120,2,3,5,0,6.745302613039633e-05
1422120,2,3,6,0,0.5246355576704819
1422120,2,4,1,0,0.5206506544590599
1422120,2,4,2,0,0.551039817989514
1422120,2,4,3,0,0.5606554352374578
1422120,2,4,4,0,0.5762705207465938
1422120,2,4,5,1,0.5393899851249258
1422120,2,4,6,1,0.5176374469950858
1422120,2,5,1,1,0.5250350315577206
1422120,2,5,2,0,0.5543179916196347
1422120,2,5,3,0,0.536775701611716
1422120,2,5,4,0,0.5816632492887467
1422120,2,5,5,0,0.5157067894326071
1422120,2,5,6,0,0.5158472392310883
1422123,1,0,1,1,0.34292879586449154
1422123,1,0,2,0,0.3758145906828431
1422123,1,0,3,0,0.3938488080906707
1422123,1,0,4,1,0.4602282905161428
1422123,1,0,5,0,0.43792108377104433
1422123,1,0,6,0,0.45949297480388923
1422123,1,1,1,0,0.4525308533705715
1422123,1,1,2,0,0.4881511531128101
1422123,1,1,3,0,0.48756148271071864
1422123,1,1,4,0,0.48647024865685395
1422123,1,1,5,0,0.4975858702072483
1422123,1,1,6,1,0.48628602533951665
1422123,1,2,1,1,0.5190878099045545
1422123,1,2,2,1,0.5457346582819104
1422123,1,2,3,0,0.5423809985898028
1422123,1,2,4,0,0.5448509898803643
1422123,1,2,5,0,0.5350637168710821
1422123,1,2,6,0,0.5115990693400252
1422123,1,3,1,0,0.5337666435806119
1422123,1,3,2,0,0.5638169988704329
1422123,1,3,3,0,0.5585545807436305
1422123,1,3,4,1,0.5565925666499939
1422123,1,3,5,0,0.5246458156249383
1422123,1,3,6,0,8.912938714004702e-05
1422123,1,4,1,0,0.5206506544590599
1422123,1,4,2,0,0.551039817989514
1422123,1,4,3,0,0.5606554352374578
1422123,1,4,4,1,0.5762705207465938
1422123,1,4,5,0,0.5393899851249258
1422123,1,4,6,1,0.5176374469950858
1422123,1,5,1,0,0.5250350315577206
1422123,1,5,2,0,0.5543179916196347
1422123,1,5,3,0,0.536775701611716
1422123,1,5,4,0,0.5816632492887467
1422123,1,5,5,0,0.5157067894326071
1422123,1,5,6,0,0.5158472392310883
1422123,2,0,1,0,0.34292879586449154
1422123,2,0,2,0,0.3758145906828431
1422123,2,0,3,0,0.3938488080906707
1422123,2,0,4,0,0.0001682578208106649
1422123,2,0,5,0,0.43792108377104433
1422123,2,0,6,0,0.45949297480388923
1422123,2,0,7,0,0.4455858771989033
1422123,2,1,1,0,0.4525308533705715
1422123,2,1,2,0,0.4881511531128101
1422123,2,1,3,1,0.48756148271071864
1422123,2,1,4,0,0.48647024865685395
1422123,2,1,5,0,0.4975858702072483
1422123,2,1,6,1,0.48628602533951665
1422123,2,2,1,1,0.5190878099045545
1422123,2,2,2,1,0.5457346582819104
1422123,2,2,3,0,0.5423809985898028
1422123,2,2,4,1,0.5448509898803643
1422123,2,2,5,0,0.5350637168710821
1422123,2,2,6,1,0.5115990693400252
1422123,2,2,7,0,0.00022393074152472908
1422123,2,3,1,0,0.5337666435806119
1422123,2,3,2,1,0.5638169988704329
1422123,2,3,3,0,0.5585545807436305
1422123,2,3,4,1,0.5565925666499939
1422123,2,3,5,0,0.5246458156249383
1422123,2,3,6,0,0.5246355576704819
1422123,2,4,1,1,0.5206506544590599
1422123,2,4,2,0,0.551039817989514
1422123,2,4,3,0,0.5606554352374578
1422123,2,4,4,0,0.5762705207465938
1422123,2,4,5,0,0.5393899851249258
1422123,2,4,6,0,0.5176374469950858
1422123,2,5,1,0,0.5250350315577206
1422123,2,5,2,0,0.5543179916196347
1422123,2,5,3,0,0.536775701611716
1422123,2,5,4,1,0.5816632492887467
1422123,2,5,5,0,0.5157067894326071
1422123,2,5,6,0,0.5158472392310883
1422131,1,0,1,0,0.34292879586449154
1422131,1,0,2,0,0.3758145906828431
1422131,1,0,3,0,0.3938488080906707
1422131,1,0,4,0,0.4602282905161428
1422131,1,0,5,0,0.43792108377104433
1422131,1,0,6,1,0.45949297480388923
1422131,1,1,1,0,0.4525308533705715
1422131,1,1,2,0,0.4881511531128101
1422131,1,1,3,0,0.48756148271071864
1422131,1,1,4,0,0.48647024865685395
1422131,1,1,5,0,0.4975858702072483
1422131,1,1,6,0,0.48628602533951665
1422131,1,2,1,0,0.5190878099045545
1422131,1,2,2,1,0.5457346582819104
1422131,1,2,3,0,0.5423809985898028
1422131,1,2,4,0,0.5448509898803643
1422131,1,2,5,0,0.5350637168710821
1422131,1,2,6,0,0.5115990693400252
1422131,1,3,1,0,0.5337666435806119
1422131,1,3,2,1,0.5638169988704329
1422131,1,3,3,0,0.5585545807436305
1422131,1,3,4,0,0.5565925666499939
1422131,1,3,5,0,0.5246458156249383
1422131,1,3,6,0,0.5246355576704819
1422131,1,4,1,0,0.5206506544590599
1422131,1,4,2,0,0.551039817989514
1422131,1,4,3,1,0.5606554352374578
1422131,1,4,4,1,0.5762705207465938
1422131,1,4,5,1,0.5393899851249258
1422131,1,4,6,0,0.5176374469950858
1422131,1,5,1,1,0.5250350315577206
1422131,1,5,2,0,0.5543179916196347
1422131,1,5,3,1,0.536775701611716
1422131,1,5,4,1,0.5816632492887467
1422131,1,5,5,1,0.5157067894326071
1422131,1,5,6,0,0.5158472392310883
1422131,1,5,7,0,0.5010579670010621
1422131,2,0,1,0,0.34292879586449154
1422131,2,0,2,0,0.3758145906828431
1422131,2,0,3,0,0.3938488080906707
1422131,2,0,4,0,0.4602282905161428
1422131,2,0,5,0,0.43792108377104433
1422131,2,0,6,0,0.45949297480388923
1422131,2,0,7,0,0.0005574403188046636
1422131,2,1,1,0,0.4525308533705715
1422131,2,1,2,0,0.4881511531128101
1422131,2,1,3,0,0.48756148271071864
1422131,2,1,4,0,0.48647024865685395
1422131,2,1,5,0,0.4975858702072483
1422131,2,1,6,0,0.48628602533951665
1422131,2,1,7,0,0.5312862305625888
1422131,2,2,1,0,0.5190878099045545
1422131,2,2,2,0,0.5457346582819104
1422131,2,2,3,0,0.5423809985898028
1422131,2,2,4,0,0.5448509898803643
1422131,2,2,5,0,7.095521043020302e-05
1422131,2,2,6,0,0.5115990693400252
1422131,2,3,1,0,0.5337666435806119
1422131,2,3,2,0,0.5638169988704329
1422131,2,3,3,0,0.5585545807436305
1422131,2,3,4,0,0.5565925666499939
1422131,2,3,5,1,0.5246458156249383
1422131,2,3,6,1,0.5246355576704819
1422131,2,4,1,0,0.5206506544590599
1422131,2,4,2,0,0.551039817989514
1422131,2,4,3,1,0.5606554352374578
1422131,2,4,4,0,0.5762705207465938
1422131,2,4,5,0,0.5393899851249258
1422131,2,4,6,0,0.5176374469950858
1422131,2,5,1,0,0.5250350315577206
1422131,2,5,2,1,0.5543179916196347
1422131,2,5,3,0,0.536775701611716
1422131,2,5,4,0,0.5816632492887467
1422131,2,5,5,0,0.5157067894326071
1422131,2,5,6,0,0.5158472392310883
1422133,1,0,1,0,0.34292879586449154
1422133,1,0,2,0,0.3758145906828431
1422133,1,0,3,1,0.3938488080906707
1422133,1,0,4,0,0.4602282905161428
1422133,1,0,5,1,0.43792108377104433
1422133,1,0,6,1,0.45949297480388923
1422133,1,1,1,0,0.4525308533705715
1422133,1,1,2,0,0.4881511531128101
1422133,1,1,3,1,0.48756148271071864
1422133,1,1,4,0,0.48647024865685395
1422133,1,1,5,0,0.4975858702072483
1422133,1,1,6,0,0.48628602533951665
1422133,1,2,1,0,0.5190878099045545
1422133,1,2,2,0,0.5457346582819104
1422133,1,2,3,0,0.5423809985898028
1422133,1,2,4,1,0.5448509898803643
1422133,1,2,5,1,0.5350637168710821
1422133,1,2,6,0,0.5115990693400252
1422133,1,3,1,0,0.5337666435806119
1422133,1,3,2,0,0.5638169988704329
1422133,1,3,3,0,0.5585545807436305
1422133,1,3,4,0,0.5565925666499939
1422133,1,3,5,0,0.5246458156249383
1422133,1,3,6,0,0.5246355576704819
1422133,1,3,7,0,0.5656720274535049
1422133,1,4,1,0,0.5206506544590599
1422133,1,4,2,0,0.551039817989514
1422133,1,4,3,0,0.5606554352374578
1422133,1,4,4,0,0.5762705207465938
1422133,1,4,5,1,0.5393899851249258
1422133,1,4,6,0,0.5176374469950858
1422133,1,5,1,0,0.5250350315577206
1422133,1,5,2,1,0.5543179916196347
1422133,1,5,3,0,6.970130872207562e-05
1422133,1,5,4,0,0.5816632492887467
1422133,1,5,5,0,0.5157067894326071
1422133,1,5,6,0,0.5158472392310883
1422133,2,0,1,0,0.34292879586449154
1422133,2,0,2,0,0.3758145906828431
1422133,2,0,3,0,0.3938488080906707
1422133,2,0,4,0,0.4602282905161428
1422133,2,0,5,0,0.43792108377104433
1422133,2,0,6,0,0.45949297480388923
1422133,2,1,1,0,0.4525308533705715
1422133,2,1,2,1,0.4881511531128101
1422133,2,1,3,0,0.48756148271071864
1422133,2,1,4,0,0.48647024865685395
1422133,2,1,5,0,0.4975858702072483
1422133,2,1,6,0,0.48628602533951665
1422133,2,2,1,0,0.5190878099045545
1422133,2,2,2,0,0.5457346582819104
1422133,2,2,3,0,0.5423809985898028
1422133,2,2,4,0,0.5448509898803643
1422133,2,2,5,1,0.5350637168710821
1422133,2,2,6,1,0.5115990693400252
1422133,2,3,1,0,0.5337666435806119
1422133,2,3,2,0,0.5638169988704329
1422133,2,3,3,1,0.5585545807436305
1422133,2,3,4,0,0.5565925666499939
1422133,2,3,5,0,0.5246458156249383
1422133,2,3,6,1,0.5246355576704819
1422133,2,4,1,1,0.5206506544590599
1422133,2,4,2,0,7.766533673193968e-05
1422133,2,4,3,0,0.5606554352374578
1422133,2,4,4,0,0.5762705207465938
1422133,2,4,5,0,0.5393899851249258
1422133,2,4,6,0,0.5176374469950858
1422133,2,5,1,0,0.00016316266614252873
1422133,2,5,2,0,0.5543179916196347
1422133,2,5,3,0,0.536775701611716
1422133,2,5,4,0,8.289229948853374e-05
1422133,2,5,5,0,0.5157067894326071
1422133,2,5,6,1,0.5158472392310883
1422136,1,0,1,0,0.34292879586449154
1422136,1,0,2,0,0.3758145906828431
1422136,1,0,3,1,0.3938488080906707
1422136,1,0,4,0,0.4602282905161428
1422136,1,0,5,0,0.43792108377104433
1422136,1,0,6,0,0.45949297480388923
1422136,1,1,1,0,0.4525308533705715
1422136,1,1,2,0,0.4881511531128101
1422136,1,1,3,1,0.48756148271071864
1422136,1,1,4,0,0.48647024865685395
1422136,1,1,5,0,0.4975858702072483
1422136,1,1,6,0,0.48628602533951665
1422136,1,2,1,0,0.5190878099045545
1422136,1,2,2,0,0.5457346582819104
1422136,1,2,3,0,0.5423809985898028
1422136,1,2,4,1,0.5448509898803643
1422136,1,2,5,0,0.5350637168710821
1422136,1,2,6,1,0.5115990693400252
1422136,1,3,1,0,0.00015952827975369624
1422136,1,3,2,0,0.5638169988704329
1422136,1,3,3,0,0.5585545807436305
1422136,1,3,4,0,0.5565925666499939
1422136,1,3,5,0,0.5246458156249383
1422136,1,3,6,0,0.5246355576704819
1422136,1,4,1,0,0.5206506544590599
1422136,1,4,2,1,0.551039817989514
1422136,1,4,3,0,0.5606554352374578
1422136,1,4,4,0,0.5762705207465938
1422136,1,4,5,0,0.5393899851249258
1422136,1,4,6,0,0.5176374469950858
1422136,1,5,1,1,0.5250350315577206
1422136,1,5,2,0,0.5543179916196347
1422136,1,5,3,0,0.536775701611716
1422136,1,5,4,1,0.5816632492887467
1422136,1,5,5,0,0.5157067894326071
1422136,1,5,6,1,0.5158472392310883
1422136,2,0,1,0,0.34292879586449154
1422136,2,0,2,0,0.3758145906828431
1422136,2,0,3,0,0.3938488080906707
1422136,2,0,4,0,0.4602282905161428
1422136,2,0,5,0,0.43792108377104433
1422136,2,0,6,1,0.45949297480388923
1422136,2,1,1,1,0.4525308533705715
1422136,2,1,2,0,0.4881511531128101
1422136,2,1,3,1,0.48756148271071864
1422136,2,1,4,0,0.48647024865685395
1422136,2,1,5,1,0.4975858702072483
1422136,2,1,6,1,0.48628602533951665
1422136,2,1,7,1,0.5312862305625888
1422136,2,2,1,0,0.5190878099045545
1422136,2,2,2,1,0.5457346582819104
1422136,2,2,3,1,0.5423809985898028
1422136,2,2,4,0,6.313139414108697e-05
1422136,2,2,5,0,0.5350637168710821
1422136,2,2,6,0,0.5115990693400252
1422136,2,3,1,0,0.5337666435806119
1422136,2,3,2,0,0.5638169988704329
1422136,2,3,3,1,0.5585545807436305
1422136,2,3,4,0,0.5565925666499939
1422136,2,3,5,0,0.5246458156249383
1422136,2,3,6,1,0.5246355576704819
1422136,2,4,1,1,0.5206506544590599
1422136,2,4,2,0,0.551039817989514
1422136,2,4,3,0,0.5606554352374578
1422136,2,4,4,0,0.5762705207465938
1422136,2,4,5,0,0.5393899851249258
1422136,2,4,6,0,0.5176374469950858
1422136,2,5,1,1,0.5250350315577206
1422136,2,5,2,0,0.5543179916196347
1422136,2,5,3,1,0.536775701611716
1422136,2,5,4,0,0.5816632492887467
1422136,2,5,5,1,0.5157067894326071
1422136,2,5,6,0,0.5158472392310883
1422139,1,0,1,0,0.34292879586449154
1422139,1,0,2,1,0.3758145906828431
1422139,1,0,3,0,0.3938488080906707
1422139,1,0,4,0,0.0001682578208106649
1422139,1,0,5,0,0.43792108377104433
1422139,1,0,6,0,0.45949297480388923
1422139,1,1,1,0,0.4525308533705715
1422139,1,1,2,0,0.4881511531128101
1422139,1,1,3,0,0.48756148271071864
1422139,1,1,4,0,0.48647024865685395
1422139,1,1,5,0,0.4975858702072483
1422139,1,1,6,0,0.48628602533951665
1422139,1,2,1,1,0.5190878099045545
1422139,1,2,2,0,6.71210527059499e-05
1422139,1,2,3,0,0.5423809985898028
1422139,1,2,4,0,0.5448509898803643
1422139,1,2,5,0,0.5350637168710821
1422139,1,2,6,0,0.5115990693400252
1422139,1,3,1,1,0.5337666435806119
1422139,1,3,2,1,0.5638169988704329
1422139,1,3,3,0,0.5585545807436305
1422139,1,3,4,0,0.5565925666499939
1422139,1,3,5,0,0.5246458156249383
1422139,1,3,6,1,0.5246355576704819
1422139,1,4,1,0,0.5206506544590599
1422139,1,4,2,0,0.551039817989514
1422139,1,4,3,0,0.5606554352374578
1422139,1,4,4,0,0.5762705207465938
1422139,1,4,5,1,0.5393899851249258
1422139,1,4,6,0,0.5176374469950858
1422139,1,5,1,0,0.5250350315577206
1422139,1,5,2,0,0.5543179916196347
1422139,1,5,3,0,0.536775701611716
1422139,1,5,4,0,0.5816632492887467
1422139,1,5,5,0,0.5157067894326071
1422139,1,5,6,0,0.5158472392310883
1422139,2,0,1,0,0.34292879586449154
1422139,2,0,2,0,0.3758145906828431
1422139,2,0,3,0,0.3938488080906707
1422139,2,0,4,0,0.4602282905161428
1422139,2,0,5,0,0.43792108377104433
1422139,2,0,6,0,0.45949297480388923
1422139,2,0,7,0,0.4455858771989033
1422139,2,1,1,0,0.4525308533705715
1422139,2,1,2,0,0.4881511531128101
1422139,2,1,3,0,0.48756148271071864
1422139,2,1,4,1,0.48647024865685395
1422139,2,1,5,0,0.4975858702072483
1422139,2,1,6,1,0.48628602533951665
1422139,2,2,1,0,0.5190878099045545
1422139,2,2,2,0,0.5457346582819104
1422139,2,2,3,0,0.5423809985898028
1422139,2,2,4,0,0.5448509898803643
1422139,2,2,5,0,0.5350637168710821
1422139,2,2,6,0,0.5115990693400252
1422139,2,3,1,1,0.5337666435806119
1422139,2,3,2,0,0.5638169988704329
1422139,2,3,3,0,0.5585545807436305
1422139,2,3,4,1,0.5565925666499939
1422139,2,3,5,0,0.5246458156249383
1422139,2,3,6,1,0.5246355576704819
1422139,2,4,1,0,0.5206506544590599
1422139,2,4,2,0,0.551039817989514
1422139,2,4,3,0,0.5606554352374578
1422139,2,4,4,0,0.5762705207465938
1422139,2,4,5,0,0.5393899851249258
1422139,2,4,6,0,0.5176374469950858
1422139,2,4,7,0,0.5314435327996707
1422139,2,4,8,0,0.5480485293374653
1422139,2,4,9,0,0.5315119368394773
1422139,2,5,1,0,0.5250350315577206
1422139,2,5,2,1,0.5543179916196347
1422139,2,5,3,0,0.536775701611716
1422139,2,5,4,0,0.5816632492887467
1422139,2,5,5,0,0.5157067894326071
1422139,2,5,6,0,0.00010310924426488355
1426266,1,0,1,1,0.34292879586449154
1426266,1,0,2,1,0.3758145906828431
1426266,1,0,3,0,0.3938488080906707
1426266,1,0,4,0,0.4602282905161428
1426266,1,0,5,0,0.43792108377104433
1426266,1,0,6,0,0.45949297480388923
1426266,1,1,1,0,0.4525308533705715
1426266,1,1,2,0,0.4881511531128101
1426266,1,1,3,0,0.48756148271071864
1426266,1,1,4,1,0.48647024865685395
1426266,1,1,5,0,0.4975858702072483
1426266,1,1,6,0,0.48628602533951665
1426266,1,1,7,0,0.0002702739254064445
1426266,1,1,8,0,0.546464200793984
1426266,1,2,1,0,0.5190878099045545
1426266,1,2,2,0,0.5457346582819104
1426266,1,2,3,0,0.5423809985898028
1426266,1,2,4,0,0.5448509898803643
1426266,1,2,5,0,0.5350637168710821
1426266,1,2,6,0,0.5115990693400252
1426266,1,2,7,1,0.5434680194742225
1426266,1,3,1,0,0.5337666435806119
1426266,1,3,2,0,0.5638169988704329
1426266,1,3,3,0,0.5585545807436305
1426266,1,3,4,1,0.5565925666499939
1426266,1,3,5,0,0.5246458156249383
1426266,1,3,6,0,0.5246355576704819
1426266,1,4,1,0,0.5206506544590599
1426266,1,4,2,1,0.551039817989514
1426266,1,4,3,0,0.5606554352374578
1426266,1,4,4,0,7.530897549982799e-05
1426266,1,4,5,0,0.5393899851249258
1426266,1,4,6,0,0.5176374469950858
1426266,1,5,1,0,0.5250350315577206
1426266,1,5,2,1,0.5543179916196347
1426266,1,5,3,0,0.536775701611716
1426266,1,5,4,0,0.5816632492887467
1426266,1,5,5,0,0.5157067894326071
1426266,1,5,6,1,0.5158472392310883
1426266,2,0,1,0,0.34292879586449154
1426266,2,0,2,0,0.3758145906828431
1426266,2,0,3,1,0.3938488080906707
1426266,2,0,4,0,0.4602282905161428
1426266,2,0,5,0,0.43792108377104433
1426266,2,0,6,0,0.45949297480388923
1426266,2,0,7,0,0.4455858771989033
1426266,2,0,8,0,0.3455787779741998
1426266,2,0,9,0,0.3895811776970382
1426266,2,0,10,1,0.1581761997762084
1426266,2,1,1,0,0.4525308533705715
1426266,2,1,2,0,0.4881511531128101
1426266,2,1,3,0,9.24106665955198e-05
1426266,2,1,4,0,0.48647024865685395
1426266,2,1,5,0,0.4975858702072483
1426266,2,1,6,1,0.48628602533951665
1426266,2,2,1,1,0.5190878099045545
1426266,2,2,2,1,0.5457346582819104
1426266,2,2,3,1,0.5423809985898028
1426266,2,2,4,0,0.5448509898803643
1426266,2,2,5,0,0.5350637168710821
1426266,2,2,6,0,0.5115990693400252
1426266,2,3,1,0,0.00015952827975369624
1426266,2,3,2,0,0.5638169988704329
1426266,2,3,3,0,0.5585545807436305
1426266,2,3,4,0,0.5565925666499939
1426266,2,3,5,0,0.5246458156249383
1426266,2,3,6,0,0.5246355576704819
1426266,2,4,1,0,0.5206506544590599
1426266,2,4,2,0,0.551039817989514
1426266,2,4,3,0,0.5606554352374578
1426266,2,4,4,1,0.5762705207465938
1426266,2,4,5,0,0.5393899851249258
1426266,2,4,6,0,0.5176374469950858
1426266,2,5,1,1,0.5250350315577206
1426266,2,5,2,1,0.5543179916196347
1426266,2,5,3,0,0.536775701611716
1426266,2,5,4,0,0.5816632492887467
1426266,2,5,5,0,0.5157067894326071
1426266,2,5,6,0,0.5158472392310883
1426271,1,0,1,0,0.34292879586449154
1426271,1,0,2,0,0.3758145906828431
1426271,1,0,3,0,0.3938488080906707
1426271,1,0,4,0,0.4602282905161428
1426271,1,0,5,0,0.43792108377104433
1426271,1,0,6,1,0.45949297480388923
1426271,1,1,1,0,0.4525308533705715
1426271,1,1,2,0,0.4881511531128101
1426271,1,1,3,1,0.48756148271071864
1426271,1,1,4,0,0.48647024865685395
1426271,1,1,5,1,0.4975858702072483
1426271,1,1,6,0,0.48628602533951665
1426271,1,2,1,0,0.0001421325131760957
1426271,1,2,2,0,0.5457346582819104
1426271,1,2,3,0,0.5423809985898028
1426271,1,2,4,1,0.5448509898803643
1426271,1,2,5,1,0.5350637168710821
1426271,1,2,6,0,0.5115990693400252
1426271,1,3,1,0,0.5337666435806119
1426271,1,3,2,0,0.5638169988704329
1426271,1,3,3,1,0.5585545807436305
1426271,1,3,4,0,0.5565925666499939
1426271,1,3,5,0,0.5246458156249383
1426271,1,3,6,0,0.5246355576704819
1426271,1,4,1,1,0.5206506544590599
1426271,1,4,2,0,0.551039817989514
1426271,1,4,3,0,0.5606554352374578
1426271,1,4,4,0,0.5762705207465938
1426271,1,4,5,0,0.5393899851249258
1426271,1,4,6,0,0.5176374469950858
1426271,1,5,1,0,0.5250350315577206
1426271,1,5,2,1,0.5543179916196347
1426271,1,5,3,0,0.536775701611716
1426271,1,5,4,0,0.5816632492887467
1426271,1,5,5,0,0.5157067894326071
1426271,1,5,6,1,0.5158472392310883
1426271,2,0,1,1,0.34292879586449154
1426271,2,0,2,0,0.3758145906828431
1426271,2,0,3,0,0.3938488080906707
1426271,2,0,4,0,0.0001682578208106649
1426271,2,0,5,0,0.43792108377104433
1426271,2,0,6,0,0.45949297480388923
1426271,2,0,7,0,0.4455858771989033
1426271,2,1,1,0,0.4525308533705715
1426271,2,1,2,0,0.4881511531128101
1426271,2,1,3,0,0.48756148271071864
1426271,2,1,4,0,8.076183922023021e-05
1426271,2,1,5,0,0.4975858702072483
1426271,2,1,6,0,0.00010856370594880755
1426271,2,2,1,0,0.0001421325131760957
1426271,2,2,2,0,0.5457346582819104
1426271,2,2,3,0,0.5423809985898028
1426271,2,2,4,0,0.5448509898803643
1426271,2,2,5,0,0.5350637168710821
1426271,2,2,6,0,0.5115990693400252
1426271,2,2,7,1,0.5434680194742225
1426271,2,3,1,0,0.5337666435806119
1426271,2,3,2,1,0.5638169988704329
1426271,2,3,3,0,0.5585545807436305
1426271,2,3,4,0,0.5565925666499939
1426271,2,3,5,0,0.5246458156249383
1426271,2,3,6,0,0.5246355576704819
1426271,2,3,7,0,0.5656720274535049
1426271,2,4,1,0,0.5206506544590599
1426271,2,4,2,1,0.551039817989514
1426271,2,4,3,0,0.5606554352374578
1426271,2,4,4,0,0.5762705207465938
1426271,2,4,5,0,0.5393899851249258
1426271,2,4,6,1,0.5176374469950858
1426271,2,5,1,0,0.5250350315577206
1426271,2,5,2,0,0.5543179916196347
1426271,2,5,3,0,0.536775701611716
1426271,2,5,4,0,0.5816632492887467
1426271,2,5,5,0,0.5157067894326071
1426271,2,5,6,0,0.5158472392310883
1426274,1,0,1,0,0.34292879586449154
1426274,1,0,2,1,0.3758145906828431
1426274,1,0,3,1,0.3938488080906707
1426274,1,0,4,0,0.4602282905161428
1426274,1,0,5,0,0.43792108377104433
1426274,1,0,6,0,0.45949297480388923
1426274,1,1,1,0,0.4525308533705715
1426274,1,1,2,0,0.4881511531128101
1426274,1,1,3,0,0.48756148271071864
1426274,1,1,4,1,0.48647024865685395
1426274,1,1,5,1,0.4975858702072483
1426274,1,1,6,0,0.48628602533951665
1426274,1,2,1,0,0.5190878099045545
1426274,1,2,2,0,0.5457346582819104
1426274,1,2,3,1,0.5423809985898028
1426274,1,2,4,0,0.5448509898803643
1426274,1,2,5,0,0.5350637168710821
1426274,1,2,6,0,0.5115990693400252
1426274,1,3,1,1,0.5337666435806119
1426274,1,3,2,1,0.5638169988704329
1426274,1,3,3,1,0.5585545807436305
1426274,1,3,4,1,0.5565925666499939
1426274,1,3,5,1,0.5246458156249383
1426274,1,3,6,1,0.5246355576704819
1426274,1,4,1,0,0.5206506544590599
1426274,1,4,2,0,7.766533673193968e-05
1426274,1,4,3,0,0.5606554352374578
1426274,1,4,4,1,0.5762705207465938
1426274,1,4,5,0,0.5393899851249258
1426274,1,4,6,0,0.5176374469950858
1426274,1,5,1,0,0.5250350315577206
1426274,1,5,2,0,8.238543178915683e-05
1426274,1,5,3,1,0.536775701611716
1426274,1,5,4,1,0.5816632492887467
1426274,1,5,5,0,0.5157067894326071
1426274,1,5,6,0,0.00010310924426488355
1426274,2,0,1,1,0.34292879586449154
1426274,2,0,2,0,0.3758145906828431
1426274,2,0,3,0,0.3938488080906707
1426274,2,0,4,0,0.4602282905161428
1426274,2,0,5,0,0.43792108377104433
1426274,2,0,6,1,0.45949297480388923
1426274,2,1,1,0,0.4525308533705715
1426274,2,1,2,0,0.4881511531128101
1426274,2,1,3,0,0.48756148271071864
1426274,2,1,4,1,0.48647024865685395
1426274,2,1,5,0,0.4975858702072483
1426274,2,1,6,0,0.48628602533951665
1426274,2,1,7,1,0.5312862305625888
1426274,2,2,1,0,0.0001421325131760957
1426274,2,2,2,0,0.5457346582819104
1426274,2,2,3,0,0.5423809985898028
1426274,2,2,4,1,0.5448509898803643
1426274,2,2,5,0,0.5350637168710821
1426274,2,2,6,0,0.5115990693400252
1426274,2,3,1,0,0.00015952827975369624
1426274,2,3,2,0,0.5638169988704329
1426274,2,3,3,0,0.5585545807436305
1426274,2,3,4,1,0.5565925666499939
1426274,2,3,5,0,0.5246458156249383
1426274,2,3,6,1,0.5246355576704819
1426274,2,4,1,0,0.5206506544590599
1426274,2,4,2,0,0.551039817989514
1426274,2,4,3,1,0.5606554352374578
1426274,2,4,4,0,0.5762705207465938
1426274,2,4,5,0,0.5393899851249258
1426274,2,4,6,0,0.5176374469950858
1426274,2,5,1,1,0.5250350315577206
1426274,2,5,2,1,0.5543179916196347
1426274,2,5,3,0,0.536775701611716
1426274,2,5,4,0,0.5816632492887467
1426274,2,5,5,1,0.5157067894326071
1426274,2,5,6,1,0.5158472392310883
1426279,1,0,1,1,0.34292879586449154
1426279,1,0,2,0,0.3758145906828431
1426279,1,0,3,0,0.3938488080906707
1426279,1,0,4,0,0.4602282905161428
1426279,1,0,5,0,0.43792108377104433
1426279,1,0,6,0,0.45949297480388923
1426279,1,1,1,1,0.4525308533705715
1426279,1,1,2,0,0.4881511531128101
1426279,1,1,3,0,0.48756148271071864
1426279,1,1,4,0,0.48647024865685395
1426279,1,1,5,1,0.4975858702072483
1426279,1,1,6,1,0.48628602533951665
1426279,1,2,1,1,0.5190878099045545
1426279,1,2,2,1,0.5457346582819104
1426279,1,2,3,0,0.5423809985898028
1426279,1,2,4,1,0.5448509898803643
1426279,1,2,5,0,0.5350637168710821
1426279,1,2,6,0,0.5115990693400252
1426279,1,3,1,1,0.5337666435806119
1426279,1,3,2,0,0.5638169988704329
1426279,1,3,3,0,0.5585545807436305
1426279,1,3,4,0,0.5565925666499939
1426279,1,3,5,0,6.745302613039633e-05
1426279,1,3,6,0,0.5246355576704819
1426279,1,4,1,0,0.5206506544590599
1426279,1,4,2,0,0.551039817989514
1426279,1,4,3,0,0.5606554352374578
1426279,1,4,4,0,0.5762705207465938
1426279,1,4,5,0,0.5393899851249258
1426279,1,4,6,0,0.5176374469950858
1426279,1,5,1,0,0.5250350315577206
1426279,1,5,2,0,0.5543179916196347
1426279,1,5,3,1,0.536775701611716
1426279,1,5,4,0,0.5816632492887467
1426279,1,5,5,0,0.5157067894326071
1426279,1,5,6,0,0.5158472392310883
1426279,2,0,1,0,0.34292879586449154
1426279,2,0,2,0,0.3758145906828431
1426279,2,0,3,0,0.3938488080906707
1426279,2,0,4,0,0.4602282905161428
1426279,2,0,5,0,0.43792108377104433
1426279,2,0,6,0,0.00022371304020557016
1426279,2,1,1,0,0.4525308533705715
1426279,2,1,2,0,0.4881511531128101
1426279,2,1,3,0,0.48756148271071864
1426279,2,1,4,0,0.48647024865685395
1426279,2,1,5,1,0.4975858702072483
1426279,2,1,6,0,0.48628602533951665
1426279,2,1,7,0,0.5312862305625888
1426279,2,2,1,1,0.5190878099045545
1426279,2,2,2,1,0.5457346582819104
1426279,2,2,3,0,0.5423809985898028
1426279,2,2,4,0,0.5448509898803643
1426279,2,2,5,0,0.5350637168710821
1426279,2,2,6,1,0.5115990693400252
1426279,2,3,1,0,0.5337666435806119
1426279,2,3,2,0,0.5638169988704329
1426279,2,3,3,1,0.5585545807436305
1426279,2,3,4,0,0.5565925666499939
1426279,2,3,5,0,6.745302613039633e-05
1426279,2,3,6,0,0.5246355576704819
1426279,2,3,7,0,0.5656720274535049
1426279,2,4,1,1,0.5206506544590599
1426279,2,4,2,0,7.766533673193968e-05
1426279,2,4,3,0,0.5606554352374578
1426279,2,4,4,1,0.5762705207465938
1426279,2,4,5,0,0.5393899851249258
1426279,2,4,6,1,0.5176374469950858
1426279,2,4,7,0,0.0002460094382492787
1426279,2,5,1,0,0.5250350315577206
1426279,2,5,2,0,0.5543179916196347
1426279,2,5,3,0,0.536775701611716
1426279,2,5,4,0,0.5816632492887467
1426279,2,5,5,0,0.5157067894326071
1426279,2,5,6,0,0.5158472392310883
1426286,1,0,1,0,0.34292879586449154
1426286,1,0,2,0,0.3758145906828431
1426286,1,0,3,0,0.3938488080906707
1426286,1,0,4,0,0.4602282905161428
1426286,1,0,5,0,0.43792108377104433
1426286,1,0,6,0,0.45949297480388923
1426286,1,0,7,0,0.4455858771989033
1426286,1,1,1,0,0.4525308533705715
1426286,1,1,2,1,0.4881511531128101
1426286,1,1,3,0,9.24106665955198e-05
1426286,1,1,4,0,0.48647024865685395
1426286,1,1,5,0,0.4975858702072483
1426286,1,1,6,0,0.48628602533951665
1426286,1,2,1,1,0.5190878099045545
1426286,1,2,2,0,0.5457346582819104
1426286,1,2,3,0,0.5423809985898028
1426286,1,2,4,0,6.313139414108697e-05
1426286,1,2,5,0,0.5350637168710821
1426286,1,2,6,0,0.5115990693400252
1426286,1,3,1,0,0.5337666435806119
1426286,1,3,2,0,0.5638169988704329
1426286,1,3,3,0,0.5585545807436305
1426286,1,3,4,0,0.5565925666499939
1426286,1,3,5,0,0.5246458156249383
1426286,1,3,6,0,0.5246355576704819
1426286,1,4,1,0,0.5206506544590599
1426286,1,4,2,1,0.551039817989514
1426286,1,4,3,0,0.5606554352374578
1426286,1,4,4,0,0.5762705207465938
1426286,1,4,5,0,0.5393899851249258
1426286,1,4,6,0,0.5176374469950858
1426286,1,5,1,0,0.00016316266614252873
1426286,1,5,2,0,8.238543178915683e-05
1426286,1,5,3,0,0.536775701611716
1426286,1,5,4,0,0.5816632492887467
1426286,1,5,5,0,0.5157067894326071
1426286,1,5,6,0,0.5158472392310883
1426286,2,0,1,0,0.34292879586449154
1426286,2,0,2,0,0.3758145906828431
1426286,2,0,3,0,0.3938488080906707
1426286,2,0,4,0,0.0001682578208106649
1426286,2,0,5,0,0.43792108377104433
1426286,2,0,6,0,0.45949297480388923
1426286,2,1,1,0,0.4525308533705715
1426286,2,1,2,0,0.4881511531128101
1426286,2,1,3,0,0.48756148271071864
1426286,2,1,4,0,0.48647024865685395
1426286,2,1,5,0,0.4975858702072483
1426286,2,1,6,1,0.48628602533951665
1426286,2,2,1,0,0.5190878099045545
1426286,2,2,2,0,0.5457346582819104
1426286,2,2,3,0,0.5423809985898028
1426286,2,2,4,0,0.5448509898803643
1426286,2,2,5,0,0.5350637168710821
1426286,2,2,6,0,0.5115990693400252
1426286,2,2,7,0,0.5434680194742225
1426286,2,3,1,0,0.5337666435806119
1426286,2,3,2,0,0.5638169988704329
1426286,2,3,3,0,0.5585545807436305
1426286,2,3,4,0,0.5565925666499939
1426286,2,3,5,0,0.5246458156249383
1426286,2,3,6,1,0.5246355576704819
1426286,2,3,7,1,0.5656720274535049
1426286,2,4,1,1,0.5206506544590599
1426286,2,4,2,0,0.551039817989514
1426286,2,4,3,0,0.5606554352374578
1426286,2,4,4,1,0.5762705207465938
1426286,2,4,5,1,0.5393899851249258
1426286,2,4,6,1,0.5176374469950858
1426286,2,5,1,0,0.5250350315577206
1426286,2,5,2,1,0.5543179916196347
1426286,2,5,3,0,0.536775701611716
1426286,2,5,4,0,0.5816632492887467
1426286,2,5,5,0,0.5157067894326071
1426286,2,5,6,0,0.5158472392310883
1426291,1,0,1,0,0.34292879586449154
1426291,1,0,2,0,0.3758145906828431
1426291,1,0,3,0,0.3938488080906707
1426291,1,0,4,0,0.4602282905161428
1426291,1,0,5,0,0.43792108377104433
1426291,1,0,6,0,0.45949297480388923
1426291,1,0,7,0,0.4455858771989033
1426291,1,1,1,1,0.4525308533705715
1426291,1,1,2,0,0.4881511531128101
1426291,1,1,3,0,0.48756148271071864
1426291,1,1,4,0,0.48647024865685395
1426291,1,1,5,0,8.911846280782056e-05
1426291,1,1,6,0,0.48628602533951665
1426291,1,2,1,0,0.5190878099045545
1426291,1,2,2,0,0.5457346582819104
1426291,1,2,3,0,0.5423809985898028
1426291,1,2,4,1,0.5448509898803643
1426291,1,2,5,0,0.5350637168710821
1426291,1,2,6,0,0.5115990693400252
1426291,1,3,1,1,0.5337666435806119
1426291,1,3,2,1,0.5638169988704329
1426291,1,3,3,0,0.5585545807436305
1426291,1,3,4,0,0.5565925666499939
1426291,1,3,5,0,0.5246458156249383
1426291,1,3,6,0,0.5246355576704819
1426291,1,4,1,0,0.5206506544590599
1426291,1,4,2,0,0.551039817989514
1426291,1,4,3,0,0.5606554352374578
1426291,1,4,4,0,0.5762705207465938
1426291,1,4,5,0,0.5393899851249258
1426291,1,4,6,0,0.5176374469950858
1426291,1,5,1,0,0.5250350315577206
1426291,1,5,2,1,0.5543179916196347
1426291,1,5,3,1,0.536775701611716
1426291,1,5,4,1,0.5816632492887467
1426291,1,5,5,0,0.5157067894326071
1426291,1,5,6,1,0.5158472392310883
1426291,2,0,1,0,0.34292879586449154
1426291,2,0,2,0,0.3758145906828431
1426291,2,0,3,0,0.3938488080906707
1426291,2,0,4,0,0.4602282905161428
1426291,2,0,5,0,0.43792108377104433
1426291,2,0,6,0,0.45949297480388923
1426291,2,1,1,0,0.4525308533705715
1426291,2,1,2,1,0.4881511531128101
1426291,2,1,3,0,0.48756148271071864
1426291,2,1,4,0,8.076183922023021e-05
1426291,2,1,5,0,0.4975858702072483
1426291,2,1,6,0,0.48628602533951665
1426291,2,1,7,0,0.0002702739254064445
1426291,2,2,1,0,0.5190878099045545
1426291,2,2,2,0,0.5457346582819104
1426291,2,2,3,0,0.5423809985898028
1426291,2,2,4,0,0.5448509898803643
1426291,2,2,5,0,0.5350637168710821
1426291,2,2,6,0,0.5115990693400252
1426291,2,3,1,1,0.5337666435806119
1426291,2,3,2,0,0.5638169988704329
1426291,2,3,3,0,0.5585545807436305
1426291,2,3,4,0,0.5565925666499939
1426291,2,3,5,0,0.5246458156249383
1426291,2,3,6,0,0.5246355576704819
1426291,2,4,1,0,0.5206506544590599
1426291,2,4,2,1,0.551039817989514
1426291,2,4,3,0,0.5606554352374578
1426291,2,4,4,1,0.5762705207465938
1426291,2,4,5,0,0.5393899851249258
1426291,2,4,6,0,0.5176374469950858
1426291,2,4,7,0,0.5314435327996707
1426291,2,5,1,1,0.5250350315577206
1426291,2,5,2,1,0.5543179916196347
1426291,2,5,3,0,0.536775701611716
1426291,2,5,4,0,0.5816632492887467
1426291,2,5,5,1,0.5157067894326071
1426291,2,5,6,0,0.5158472392310883
1426297,1,0,1,0,0.34292879586449154
1426297,1,0,2,0,0.3758145906828431
1426297,1,0,3,1,0.3938488080906707
1426297,1,0,4,0,0.4602282905161428
1426297,1,0,5,1,0.43792108377104433
1426297,1,0,6,0,0.45949297480388923
1426297,1,1,1,0,0.4525308533705715
1426297,1,1,2,0,0.4881511531128101
1426297,1,1,3,0,0.48756148271071864
1426297,1,1,4,0,0.48647024865685395
1426297,1,1,5,0,0.4975858702072483
1426297,1,1,6,0,0.48628602533951665
1426297,1,1,7,1,0.5312862305625888
1426297,1,2,1,0,0.5190878099045545
1426297,1,2,2,0,0.5457346582819104
1426297,1,2,3,1,0.5423809985898028
1426297,1,2,4,0,0.5448509898803643
1426297,1,2,5,0,0.5350637168710821
1426297,1,2,6,1,0.5115990693400252
1426297,1,3,1,1,0.5337666435806119
1426297,1,3,2,0,0.5638169988704329
1426297,1,3,3,0,0.5585545807436305
1426297,1,3,4,0,0.5565925666499939
1426297,1,3,5,0,0.5246458156249383
1426297,1,3,6,0,0.5246355576704819
1426297,1,4,1,0,0.5206506544590599
1426297,1,4,2,0,0.551039817989514
1426297,1,4,3,0,0.5606554352374578
1426297,1,4,4,0,0.5762705207465938
1426297,1,4,5,0,0.5393899851249258
1426297,1,4,6,0,0.5176374469950858
1426297,1,5,1,0,0.5250350315577206
1426297,1,5,2,0,0.5543179916196347
1426297,1,5,3,0,0.536775701611716
1426297,1,5,4,0,0.5816632492887467
1426297,1,5,5,1,0.5157067894326071
1426297,1,5,6,0,0.5158472392310883
1426297,2,0,1,0,0.34292879586449154
1426297,2,0,2,0,0.3758145906828431
1426297,2,0,3,0,0.3938488080906707
1426297,2,0,4,0,0.4602282905161428
1426297,2,0,5,0,0.43792108377104433
1426297,2,0,6,0,0.00022371304020557016
1426297,2,1,1,0,0.00020676315770243133
1426297,2,1,2,0,0.4881511531128101
1426297,2,1,3,0,0.48756148271071864
1426297,2,1,4,0,0.48647024865685395
1426297,2,1,5,0,0.4975858702072483
1426297,2,1,6,0,0.48628602533951665
1426297,2,2,1,0,0.5190878099045545
1426297,2,2,2,0,0.5457346582819104
1426297,2,2,3,1,0.5423809985898028
1426297,2,2,4,0,0.5448509898803643
1426297,2,2,5,0,7.095521043020302e-05
1426297,2,2,6,0,0.5115990693400252
1426297,2,3,1,0,0.5337666435806119
1426297,2,3,2,0,0.5638169988704329
1426297,2,3,3,0,0.5585545807436305
1426297,2,3,4,0,0.5565925666499939
1426297,2,3,5,1,0.5246458156249383
1426297,2,3,6,1,0.5246355576704819
1426297,2,4,1,1,0.5206506544590599
1426297,2,4,2,0,0.551039817989514
1426297,2,4,3,0,0.5606554352374578
1426297,2,4,4,1,0.5762705207465938
1426297,2,4,5,0,0.5393899851249258
1426297,2,4,6,0,0.5176374469950858
1426297,2,5,1,0,0.5250350315577206
1426297,2,5,2,1,0.5543179916196347
1426297,2,5,3,0,0.536775701611716
1426297,2,5,4,0,0.5816632492887467
1426297,2,5,5,0,0.5157067894326071
1426297,2,5,6,0,0.5158472392310883
1426297,2,5,7,0,0.5010579670010621
1426297,2,5,8,0,0.26535124916327246
1426302,1,0,1,0,0.34292879586449154
1426302,1,0,2,0,0.3758145906828431
1426302,1,0,3,0,0.3938488080906707
1426302,1,0,4,0,0.0001682578208106649
1426302,1,0,5,0,0.43792108377104433
1426302,1,0,6,0,0.45949297480388923
1426302,1,0,7,0,0.4455858771989033
1426302,1,0,8,0,0.3455787779741998
1426302,1,0,9,0,0.3895811776970382
1426302,1,1,1,0,0.4525308533705715
1426302,1,1,2,0,0.4881511531128101
1426302,1,1,3,0,0.48756148271071864
1426302,1,1,4,1,0.48647024865685395
1426302,1,1,5,0,0.4975858702072483
1426302,1,1,6,0,0.48628602533951665
1426302,1,2,1,1,0.5190878099045545
1426302,1,2,2,1,0.5457346582819104
1426302,1,2,3,1,0.5423809985898028
1426302,1,2,4,0,0.5448509898803643
1426302,1,2,5,0,0.5350637168710821
1426302,1,2,6,0,0.5115990693400252
1426302,1,2,7,1,0.5434680194742225
1426302,1,3,1,0,0.5337666435806119
1426302,1,3,2,0,0.5638169988704329
1426302,1,3,3,1,0.5585545807436305
1426302,1,3,4,1,0.5565925666499939
1426302,1,3,5,1,0.5246458156249383
1426302,1,3,6,0,0.5246355576704819
1426302,1,4,1,0,0.5206506544590599
1426302,1,4,2,1,0.551039817989514
1426302,1,4,3,0,0.5606554352374578
1426302,1,4,4,0,0.5762705207465938
1426302,1,4,5,0,0.5393899851249258
1426302,1,4,6,0,0.5176374469950858
1426302,1,5,1,1,0.5250350315577206
1426302,1,5,2,0,0.5543179916196347
1426302,1,5,3,0,0.536775701611716
1426302,1,5,4,0,0.5816632492887467
1426302,1,5,5,1,0.5157067894326071
1426302,1,5,6,0,0.5158472392310883
1426302,1,5,7,1,0.5010579670010621
1426302,2,0,1,0,0.34292879586449154
1426302,2,0,2,1,0.3758145906828431
1426302,2,0,3,0,0.3938488080906707
1426302,2,0,4,0,0.4602282905161428
1426302,2,0,5,0,0.0001647836315587949
1426302,2,0,6,0,0.45949297480388923
1426302,2,1,1,0,0.4525308533705715
1426302,2,1,2,0,0.4881511531128101
1426302,2,1,3,0,0.48756148271071864
1426302,2,1,4,0,0.48647024865685395
1426302,2,1,5,1,0.4975858702072483
1426302,2,1,6,0,0.48628602533951665
1426302,2,2,1,0,0.5190878099045545
1426302,2,2,2,0,0.5457346582819104
1426302,2,2,3,1,0.5423809985898028
1426302,2,2,4,1,0.5448509898803643
1426302,2,2,5,0,0.5350637168710821
1426302,2,2,6,0,0.5115990693400252
1426302,2,2,7,0,0.00022393074152472908
1426302,2,2,8,0,0.6242857061636626
1426302,2,3,1,0,0.00015952827975369624
1426302,2,3,2,1,0.5638169988704329
1426302,2,3,3,1,0.5585545807436305
1426302,2,3,4,0,0.5565925666499939
1426302,2,3,5,1,0.5246458156249383
1426302,2,3,6,1,0.5246355576704819
1426302,2,4,1,0,0.00015180114801475284
1426302,2,4,2,0,0.551039817989514
1426302,2,4,3,0,0.5606554352374578
1426302,2,4,4,0,0.5762705207465938
1426302,2,4,5,0,0.5393899851249258
1426302,2,4,6,0,0.5176374469950858
1426302,2,5,1,1,0.5250350315577206
1426302,2,5,2,0,0.5543179916196347
1426302,2,5,3,1,0.536775701611716
1426302,2,5,4,0,0.5816632492887467
1426302,2,5,5,0,0.5157067894326071
1426302,2,5,6,0,0.5158472392310883
1426306,1,0,1,0,0.34292879586449154
1426306,1,0,2,0,0.3758145906828431
1426306,1,0,3,0,0.3938488080906707
1426306,1,0,4,0,0.4602282905161428
1426306,1,0,5,0,0.43792108377104433
1426306,1,0,6,0,0.45949297480388923
1426306,1,1,1,0,0.4525308533705715
1426306,1,1,2,1,0.4881511531128101
1426306,1,1,3,0,0.48756148271071864
1426306,1,1,4,0,0.48647024865685395
1426306,1,1,5,1,0.4975858702072483
1426306,1,1,6,1,0.48628602533951665
1426306,1,2,1,1,0.5190878099045545
1426306,1,2,2,0,0.5457346582819104
1426306,1,2,3,1,0.5423809985898028
1426306,1,2,4,0,0.5448509898803643
1426306,1,2,5,0,0.5350637168710821
1426306,1,2,6,0,0.5115990693400252
1426306,1,3,1,0,0.5337666435806119
1426306,1,3,2,0,0.5638169988704329
1426306,1,3,3,0,0.5585545807436305
1426306,1,3,4,0,0.5565925666499939
1426306,1,3,5,0,0.5246458156249383
1426306,1,3,6,0,0.5246355576704819
1426306,1,3,7,0,0.5656720274535049
1426306,1,4,1,0,0.5206506544590599
1426306,1,4,2,0,0.551039817989514
1426306,1,4,3,0,0.5606554352374578
1426306,1,4,4,0,0.5762705207465938
1426306,1,4,5,0,0.5393899851249258
1426306,1,4,6,0,0.5176374469950858
1426306,1,5,1,0,0.5250350315577206
1426306,1,5,2,1,0.5543179916196347
1426306,1,5,3,0,0.536775701611716
1426306,1,5,4,0,0.5816632492887467
1426306,1,5,5,0,0.5157067894326071
1426306,1,5,6,0,0.5158472392310883
1426306,2,0,1,0,0.00038148845835141084
1426306,2,0,2,0,0.3758145906828431
1426306,2,0,3,0,0.3938488080906707
1426306,2,0,4,0,0.4602282905161428
1426306,2,0,5,0,0.43792108377104433
1426306,2,0,6,0,0.45949297480388923
1426306,2,0,7,1,0.4455858771989033
1426306,2,1,1,0,0.4525308533705715
1426306,2,1,2,0,0.4881511531128101
1426306,2,1,3,0,0.48756148271071864
1426306,2,1,4,1,0.48647024865685395
1426306,2,1,5,0,0.4975858702072483
1426306,2,1,6,0,0.48628602533951665
1426306,2,2,1,0,0.5190878099045545
1426306,2,2,2,0,6.71210527059499e-05
1426306,2,2,3,0,0.5423809985898028
1426306,2,2,4,0,0.5448509898803643
1426306,2,2,5,1,0.5350637168710821
1426306,2,2,6,0,0.5115990693400252
1426306,2,3,1,0,0.5337666435806119
1426306,2,3,2,1,0.5638169988704329
1426306,2,3,3,0,0.5585545807436305
1426306,2,3,4,0,0.5565925666499939
1426306,2,3,5,0,0.5246458156249383
1426306,2,3,6,0,0.5246355576704819
1426306,2,4,1,0,0.5206506544590599
1426306,2,4,2,0,0.551039817989514
1426306,2,4,3,0,0.5606554352374578
1426306,2,4,4,0,0.5762705207465938
1426306,2,4,5,0,0.5393899851249258
1426306,2,4,6,0,0.5176374469950858
1426306,2,5,1,1,0.5250350315577206
1426306,2,5,2,0,0.5543179916196347
1426306,2,5,3,1,0.536775701611716
1426306,2,5,4,1,0.5816632492887467
1426306,2,5,5,0,0.5157067894326071
1426306,2,5,6,0,0.5158472392310883
1426309,1,0,1,0,0.34292879586449154
1426309,1,0,2,0,0.00018585311536224735
1426309,1,0,3,0,0.3938488080906707
1426309,1,0,4,1,0.4602282905161428
1426309,1,0,5,0,0.43792108377104433
1426309,1,0,6,1,0.45949297480388923
1426309,1,1,1,0,0.4525308533705715
1426309,1,1,2,0,0.4881511531128101
1426309,1,1,3,0,0.48756148271071864
1426309,1,1,4,0,0.48647024865685395
1426309,1,1,5,0,0.4975858702072483
1426309,1,1,6,0,0.00010856370594880755
1426309,1,1,7,0,0.5312862305625888
1426309,1,2,1,0,0.5190878099045545
1426309,1,2,2,0,0.5457346582819104
1426309,1,2,3,0,0.5423809985898028
1426309,1,2,4,1,0.5448509898803643
1426309,1,2,5,0,0.5350637168710821
1426309,1,2,6,0,0.5115990693400252
1426309,1,2,7,0,0.5434680194742225
1426309,1,3,1,0,0.5337666435806119
1426309,1,3,2,0,0.5638169988704329
1426309,1,3,3,1,0.5585545807436305
1426309,1,3,4,0,0.5565925666499939
1426309,1,3,5,0,0.5246458156249383
1426309,1,3,6,0,0.5246355576704819
1426309,1,3,7,0,0.5656720274535049
1426309,1,3,8,0,0.6571105056916209
1426309,1,4,1,1,0.5206506544590599
1426309,1,4,2,0,0.551039817989514
1426309,1,4,3,0,0.5606554352374578
1426309,1,4,4,0,0.5762705207465938
1426309,1,4,5,0,7.839876431801788e-05
1426309,1,4,6,0,9.72386209166237e-05
1426309,1,5,1,0,0.5250350315577206
1426309,1,5,2,0,0.5543179916196347
1426309,1,5,3,1,0.536775701611716
1426309,1,5,4,0,0.5816632492887467
1426309,1,5,5,0,0.5157067894326071
1426309,1,5,6,0,0.5158472392310883
1426309,2,0,1,0,0.34292879586449154
1426309,2,0,2,1,0.3758145906828431
1426309,2,0,3,0,0.3938488080906707
1426309,2,0,4,0,0.4602282905161428
1426309,2,0,5,0,0.43792108377104433
1426309,2,0,6,0,0.45949297480388923
1426309,2,1,1,1,0.4525308533705715
1426309,2,1,2,1,0.4881511531128101
1426309,2,1,3,0,0.48756148271071864
1426309,2,1,4,0,0.48647024865685395
1426309,2,1,5,1,0.4975858702072483
1426309,2,1,6,0,0.48628602533951665
1426309,2,1,7,0,0.5312862305625888
1426309,2,2,1,0,0.5190878099045545
1426309,2,2,2,0,0.5457346582819104
1426309,2,2,3,1,0.5423809985898028
1426309,2,2,4,1,0.5448509898803643
1426309,2,2,5,0,0.5350637168710821
1426309,2,2,6,0,0.5115990693400252
1426309,2,3,1,0,0.5337666435806119
1426309,2,3,2,0,7.207262176670686e-05
1426309,2,3,3,1,0.5585545807436305
1426309,2,3,4,0,0.5565925666499939
1426309,2,3,5,0,0.5246458156249383
1426309,2,3,6,0,0.5246355576704819
1426309,2,4,1,0,0.5206506544590599
1426309,2,4,2,1,0.551039817989514
1426309,2,4,3,1,0.5606554352374578
1426309,2,4,4,0,0.5762705207465938
1426309,2,4,5,0,0.5393899851249258
1426309,2,4,6,0,0.5176374469950858
1426309,2,5,1,0,0.5250350315577206
1426309,2,5,2,0,0.5543179916196347
1426309,2,5,3,0,0.536775701611716
1426309,2,5,4,0,0.5816632492887467
1426309,2,5,5,0,0.5157067894326071
1426309,2,5,6,1,0.5158472392310883
1426309,2,5,7,0,0.5010579670010621
1473438,1,0,1,0,0.34292879586449154
1473438,1,0,2,1,0.3758145906828431
1473438,1,0,3,0,0.3938488080906707
1473438,1,0,4,0,0.4602282905161428
1473438,1,0,5,0,0.0001647836315587949
1473438,1,0,6,0,0.45949297480388923
1473438,1,1,1,0,0.4525308533705715
1473438,1,1,2,0,0.4881511531128101
1473438,1,1,3,0,0.48756148271071864
1473438,1,1,4,0,0.48647024865685395
1473438,1,1,5,0,0.4975858702072483
1473438,1,1,6,0,0.48628602533951665
1473438,1,2,1,0,0.5190878099045545
1473438,1,2,2,0,0.5457346582819104
1473438,1,2,3,0,0.5423809985898028
1473438,1,2,4,1,0.5448509898803643
1473438,1,2,5,0,0.5350637168710821
1473438,1,2,6,0,0.5115990693400252
1473438,1,3,1,0,0.5337666435806119
1473438,1,3,2,1,0.5638169988704329
1473438,1,3,3,1,0.5585545807436305
1473438,1,3,4,0,0.5565925666499939
1473438,1,3,5,1,0.5246458156249383
1473438,1,3,6,0,0.5246355576704819
1473438,1,4,1,1,0.5206506544590599
1473438,1,4,2,0,0.551039817989514
1473438,1,4,3,0,0.5606554352374578
1473438,1,4,4,0,0.5762705207465938
1473438,1,4,5,1,0.5393899851249258
1473438,1,4,6,1,0.5176374469950858
1473438,1,5,1,1,0.5250350315577206
1473438,1,5,2,0,0.5543179916196347
1473438,1,5,3,1,0.536775701611716
1473438,1,5,4,1,0.5816632492887467
1473438,1,5,5,1,0.5157067894326071
1473438,1,5,6,0,0.5158472392310883
1473438,2,0,1,1,0.34292879586449154
1473438,2,0,2,0,0.3758145906828431
1473438,2,0,3,0,0.3938488080906707
1473438,2,0,4,0,0.4602282905161428
1473438,2,0,5,0,0.43792108377104433
1473438,2,0,6,1,0.45949297480388923
1473438,2,0,7,0,0.4455858771989033
1473438,2,1,1,0,0.4525308533705715
1473438,2,1,2,0,0.4881511531128101
1473438,2,1,3,1,0.48756148271071864
1473438,2,1,4,0,0.48647024865685395
1473438,2,1,5,0,0.4975858702072483
1473438,2,1,6,0,0.48628602533951665
1473438,2,2,1,1,0.5190878099045545
1473438,2,2,2,1,0.5457346582819104
1473438,2,2,3,0,0.5423809985898028
1473438,2,2,4,1,0.5448509898803643
1473438,2,2,5,0,0.5350637168710821
1473438,2,2,6,1,0.5115990693400252
1473438,2,3,1,0,0.5337666435806119
1473438,2,3,2,0,0.5638169988704329
1473438,2,3,3,1,0.5585545807436305
1473438,2,3,4,1,0.5565925666499939
1473438,2,3,5,1,0.5246458156249383
1473438,2,3,6,1,0.5246355576704819
1473438,2,4,1,1,0.5206506544590599
1473438,2,4,2,1,0.551039817989514
1473438,2,4,3,0,0.5606554352374578
1473438,2,4,4,0,0.5762705207465938
1473438,2,4,5,0,0.5393899851249258
1473438,2,4,6,1,0.5176374469950858
1473438,2,5,1,0,0.5250350315577206
1473438,2,5,2,0,0.5543179916196347
1473438,2,5,3,0,0.536775701611716
1473438,2,5,4,0,0.5816632492887467
1473438,2,5,5,0,0.5157067894326071
1473438,2,5,6,0,0.5158472392310883
1473442,1,0,1,0,0.34292879586449154
1473442,1,0,2,1,0.3758145906828431
1473442,1,0,3,0,0.3938488080906707
1473442,1,0,4,0,0.4602282905161428
1473442,1,0,5,0,0.43792108377104433
1473442,1,0,6,0,0.45949297480388923
1473442,1,1,1,0,0.4525308533705715
1473442,1,1,2,0,0.4881511531128101
1473442,1,1,3,0,0.48756148271071864
1473442,1,1,4,0,0.48647024865685395
1473442,1,1,5,0,0.4975858702072483
1473442,1,1,6,1,0.48628602533951665
1473442,1,2,1,0,0.5190878099045545
1473442,1,2,2,0,0.5457346582819104
1473442,1,2,3,0,0.5423809985898028
1473442,1,2,4,0,0.5448509898803643
1473442,1,2,5,1,0.5350637168710821
1473442,1,2,6,1,0.5115990693400252
1473442,1,3,1,0,0.00015952827975369624
1473442,1,3,2,1,0.5638169988704329
1473442,1,3,3,0,0.5585545807436305
1473442,1,3,4,0,0.5565925666499939
1473442,1,3,5,1,0.5246458156249383
1473442,1,3,6,0,0.5246355576704819
1473442,1,4,1,0,0.5206506544590599
1473442,1,4,2,1,0.551039817989514
1473442,1,4,3,0,0.5606554352374578
1473442,1,4,4,1,0.5762705207465938
1473442,1,4,5,1,0.5393899851249258
1473442,1,4,6,1,0.5176374469950858
1473442,1,4,7,0,0.5314435327996707
1473442,1,5,1,0,0.5250350315577206
1473442,1,5,2,0,0.5543179916196347
1473442,1,5,3,0,0.536775701611716
1473442,1,5,4,1,0.5816632492887467
1473442,1,5,5,0,0.5157067894326071
1473442,1,5,6,1,0.5158472392310883
1473442,2,0,1,1,0.34292879586449154
1473442,2,0,2,0,0.3758145906828431
1473442,2,0,3,0,0.3938488080906707
1473442,2,0,4,0,0.4602282905161428
1473442,2,0,5,0,0.43792108377104433
1473442,2,0,6,0,0.45949297480388923
1473442,2,1,1,0,0.4525308533705715
1473442,2,1,2,0,0.4881511531128101
1473442,2,1,3,0,0.48756148271071864
1473442,2,1,4,0,0.48647024865685395
1473442,2,1,5,0,0.4975858702072483
1473442,2,1,6,1,0.48628602533951665
1473442,2,2,1,0,0.5190878099045545
1473442,2,2,2,0,0.5457346582819104
1473442,2,2,3,0,0.5423809985898028
1473442,2,2,4,0,0.5448509898803643
1473442,2,2,5,0,0.5350637168710821
1473442,2,2,6,0,0.5115990693400252
1473442,2,3,1,0,0.5337666435806119
1473442,2,3,2,1,0.5638169988704329
1473442,2,3,3,0,0.5585545807436305
1473442,2,3,4,1,0.5565925666499939
1473442,2,3,5,0,0.5246458156249383
1473442,2,3,6,1,0.5246355576704819
1473442,2,4,1,0,0.5206506544590599
1473442,2,4,2,0,0.551039817989514
1473442,2,4,3,1,0.5606554352374578
1473442,2,4,4,0,0.5762705207465938
1473442,2,4,5,0,0.5393899851249258
1473442,2,4,6,1,0.5176374469950858
1473442,2,5,1,0,0.5250350315577206
1473442,2,5,2,0,0.5543179916196347
1473442,2,5,3,0,0.536775701611716
1473442,2,5,4,1,0.5816632492887467
1473442,2,5,5,0,0.5157067894326071
1473442,2,5,6,0,0.00010310924426488355
1473442,2,5,7,0,0.5010579670010621
1473444,1,0,1,0,0.34292879586449154
1473444,1,0,2,0,0.3758145906828431
1473444,1,0,3,1,0.3938488080906707
1473444,1,0,4,0,0.4602282905161428
1473444,1,0,5,0,0.43792108377104433
1473444,1,0,6,0,0.45949297480388923
1473444,1,1,1,1,0.4525308533705715
1473444,1,1,2,0,0.4881511531128101
1473444,1,1,3,0,0.48756148271071864
1473444,1,1,4,0,0.48647024865685395
1473444,1,1,5,0,0.4975858702072483
1473444,1,1,6,1,0.48628602533951665
1473444,1,2,1,0,0.0001421325131760957
1473444,1,2,2,0,6.71210527059499e-05
1473444,1,2,3,0,0.5423809985898028
1473444,1,2,4,1,0.5448509898803643
1473444,1,2,5,0,0.5350637168710821
1473444,1,2,6,0,0.5115990693400252
1473444,1,2,7,0,0.5434680194742225
1473444,1,2,8,1,0.6242857061636626
1473444,1,3,1,1,0.5337666435806119
1473444,1,3,2,0,0.5638169988704329
1473444,1,3,3,0,0.5585545807436305
1473444,1,3,4,1,0.5565925666499939
1473444,1,3,5,0,0.5246458156249383
1473444,1,3,6,1,0.5246355576704819
1473444,1,4,1,0,0.5206506544590599
1473444,1,4,2,0,0.551039817989514
1473444,1,4,3,0,0.5606554352374578
1473444,1,4,4,0,0.5762705207465938
1473444,1,4,5,0,0.5393899851249258
1473444,1,4,6,0,0.5176374469950858
1473444,1,4,7,0,0.5314435327996707
1473444,1,5,1,0,0.5250350315577206
1473444,1,5,2,0,0.5543179916196347
1473444,1,5,3,1,0.536775701611716
1473444,1,5,4,0,0.5816632492887467
1473444,1,5,5,0,0.5157067894326071
1473444,1,5,6,0,0.5158472392310883
1473444,2,0,1,0,0.34292879586449154
1473444,2,0,2,0,0.3758145906828431
1473444,2,0,3,0,0.3938488080906707
1473444,2,0,4,0,0.4602282905161428
1473444,2,0,5,0,0.43792108377104433
1473444,2,0,6,0,0.45949297480388923
1473444,2,1,1,0,0.4525308533705715
1473444,2,1,2,0,0.4881511531128101
1473444,2,1,3,0,9.24106665955198e-05
1473444,2,1,4,0,0.48647024865685395
1473444,2,1,5,0,0.4975858702072483
1473444,2,1,6,1,0.48628602533951665
1473444,2,1,7,0,0.5312862305625888
1473444,2,2,1,1,0.5190878099045545
1473444,2,2,2,0,0.5457346582819104
1473444,2,2,3,0,0.5423809985898028
1473444,2,2,4,1,0.5448509898803643
1473444,2,2,5,1,0.5350637168710821
1473444,2,2,6,0,0.5115990693400252
1473444,2,3,1,1,0.5337666435806119
1473444,2,3,2,0,0.5638169988704329
1473444,2,3,3,1,0.5585545807436305
1473444,2,3,4,0,0.5565925666499939
1473444,2,3,5,1,0.5246458156249383
1473444,2,3,6,0,0.5246355576704819
1473444,2,4,1,0,0.5206506544590599
1473444,2,4,2,1,0.551039817989514
1473444,2,4,3,0,0.5606554352374578
1473444,2,4,4,0,0.5762705207465938
1473444,2,4,5,1,0.5393899851249258
1473444,2,4,6,1,0.5176374469950858
1473444,2,5,1,0,0.5250350315577206
1473444,2,5,2,1,0.5543179916196347
1473444,2,5,3,0,0.536775701611716
1473444,2,5,4,1,0.5816632492887467
1473444,2,5,5,0,0.5157067894326071
1473444,2,5,6,0,0.5158472392310883
1473444,2,5,7,0,0.5010579670010621
1473447,1,0,1,0,0.34292879586449154
1473447,1,0,2,1,0.3758145906828431
1473447,1,0,3,1,0.3938488080906707
1473447,1,0,4,0,0.4602282905161428
1473447,1,0,5,0,0.0001647836315587949
1473447,1,0,6,0,0.45949297480388923
1473447,1,1,1,0,0.4525308533705715
1473447,1,1,2,0,0.4881511531128101
1473447,1,1,3,0,0.48756148271071864
1473447,1,1,4,0,0.48647024865685395
1473447,1,1,5,0,0.4975858702072483
1473447,1,1,6,0,0.48628602533951665
1473447,1,1,7,1,0.5312862305625888
1473447,1,2,1,0,0.0001421325131760957
1473447,1,2,2,0,0.5457346582819104
1473447,1,2,3,0,0.5423809985898028
1473447,1,2,4,0,6.313139414108697e-05
1473447,1,2,5,0,0.5350637168710821
1473447,1,2,6,1,0.5115990693400252
1473447,1,2,7,0,0.5434680194742225
1473447,1,3,1,0,0.5337666435806119
1473447,1,3,2,0,0.5638169988704329
1473447,1,3,3,0,0.5585545807436305
1473447,1,3,4,1,0.5565925666499939
1473447,1,3,5,0,0.5246458156249383
1473447,1,3,6,0,0.5246355576704819
1473447,1,3,7,0,0.5656720274535049
1473447,1,4,1,0,0.00015180114801475284
1473447,1,4,2,0,0.551039817989514
1473447,1,4,3,0,0.5606554352374578
1473447,1,4,4,0,0.5762705207465938
1473447,1,4,5,1,0.5393899851249258
1473447,1,4,6,1,0.5176374469950858
1473447,1,4,7,0,0.5314435327996707
1473447,1,5,1,0,0.5250350315577206
1473447,1,5,2,0,0.5543179916196347
1473447,1,5,3,1,0.536775701611716
1473447,1,5,4,0,0.5816632492887467
1473447,1,5,5,0,0.5157067894326071
1473447,1,5,6,0,0.5158472392310883
1473447,2,0,1,0,0.34292879586449154
1473447,2,0,2,0,0.3758145906828431
1473447,2,0,3,0,0.3938488080906707
1473447,2,0,4,0,0.4602282905161428
1473447,2,0,5,0,0.43792108377104433
1473447,2,0,6,0,0.45949297480388923
1473447,2,1,1,0,0.4525308533705715
1473447,2,1,2,0,0.4881511531128101
1473447,2,1,3,1,0.48756148271071864
1473447,2,1,4,0,0.48647024865685395
1473447,2,1,5,0,0.4975858702072483
1473447,2,1,6,0,0.48628602533951665
1473447,2,2,1,1,0.5190878099045545
1473447,2,2,2,1,0.5457346582819104
1473447,2,2,3,0,0.5423809985898028
1473447,2,2,4,0,0.5448509898803643
1473447,2,2,5,0,0.5350637168710821
1473447,2,2,6,0,0.5115990693400252
1473447,2,3,1,1,0.5337666435806119
1473447,2,3,2,0,0.5638169988704329
1473447,2,3,3,0,0.5585545807436305
1473447,2,3,4,0,0.5565925666499939
1473447,2,3,5,0,0.5246458156249383
1473447,2,3,6,1,0.5246355576704819
1473447,2,4,1,0,0.5206506544590599
1473447,2,4,2,1,0.551039817989514
1473447,2,4,3,0,0.5606554352374578
1473447,2,4,4,0,0.5762705207465938
1473447,2,4,5,0,0.5393899851249258
1473447,2,4,6,0,0.5176374469950858
1473447,2,5,1,0,0.5250350315577206
1473447,2,5,2,0,0.5543179916196347
1473447,2,5,3,0,0.536775701611716
1473447,2,5,4,0,0.5816632492887467
1473447,2,5,5,0,0.5157067894326071
1473447,2,5,6,0,0.5158472392310883
1473447,2,5,7,0,0.5010579670010621
1473449,1,0,1,0,0.34292879586449154
1473449,1,0,2,0,0.3758145906828431
1473449,1,0,3,0,0.3938488080906707
1473449,1,0,4,0,0.0001682578208106649
1473449,1,0,5,0,0.43792108377104433
1473449,1,0,6,0,0.45949297480388923
1473449,1,1,1,0,0.4525308533705715
1473449,1,1,2,0,9.924247765745456e-05
1473449,1,1,3,1,0.48756148271071864
1473449,1,1,4,1,0.48647024865685395
1473449,1,1,5,0,0.4975858702072483
1473449,1,1,6,0,0.48628602533951665
1473449,1,1,7,1,0.5312862305625888
1473449,1,2,1,0,0.5190878099045545
1473449,1,2,2,1,0.5457346582819104
1473449,1,2,3,0,0.5423809985898028
1473449,1,2,4,0,0.5448509898803643
1473449,1,2,5,0,0.5350637168710821
1473449,1,2,6,0,0.5115990693400252
1473449,1,3,1,0,0.00015952827975369624
1473449,1,3,2,0,0.5638169988704329
1473449,1,3,3,0,0.5585545807436305
1473449,1,3,4,0,0.5565925666499939
1473449,1,3,5,1,0.5246458156249383
1473449,1,3,6,0,0.5246355576704819
1473449,1,4,1,0,0.5206506544590599
1473449,1,4,2,0,0.551039817989514
1473449,1,4,3,0,0.5606554352374578
1473449,1,4,4,0,0.5762705207465938
1473449,1,4,5,0,0.5393899851249258
1473449,1,4,6,0,0.5176374469950858
1473449,1,5,1,1,0.5250350315577206
1473449,1,5,2,0,0.5543179916196347
1473449,1,5,3,0,0.536775701611716
1473449,1,5,4,0,8.289229948853374e-05
1473449,1,5,5,0,0.5157067894326071
1473449,1,5,6,0,0.5158472392310883
1473449,2,0,1,0,0.34292879586449154
1473449,2,0,2,0,0.3758145906828431
1473449,2,0,3,0,0.3938488080906707
1473449,2,0,4,0,0.4602282905161428
1473449,2,0,5,0,0.43792108377104433
1473449,2,0,6,0,0.45949297480388923
1473449,2,1,1,0,0.4525308533705715
1473449,2,1,2,0,0.4881511531128101
1473449,2,1,3,0,0.48756148271071864
1473449,2,1,4,0,0.48647024865685395
1473449,2,1,5,0,0.4975858702072483
1473449,2,1,6,0,0.48628602533951665
1473449,2,1,7,1,0.5312862305625888
1473449,2,1,8,0,0.546464200793984
1473449,2,2,1,0,0.5190878099045545
1473449,2,2,2,1,0.5457346582819104
1473449,2,2,3,1,0.5423809985898028
1473449,2,2,4,0,0.5448509898803643
1473449,2,2,5,0,0.5350637168710821
1473449,2,2,6,0,0.5115990693400252
1473449,2,3,1,0,0.5337666435806119
1473449,2,3,2,1,0.5638169988704329
1473449,2,3,3,1,0.5585545807436305
1473449,2,3,4,0,0.5565925666499939
1473449,2,3,5,0,0.5246458156249383
1473449,2,3,6,1,0.5246355576704819
1473449,2,4,1,0,0.5206506544590599
1473449,2,4,2,0,0.551039817989514
1473449,2,4,3,0,0.5606554352374578
1473449,2,4,4,0,0.5762705207465938
1473449,2,4,5,0,0.5393899851249258
1473449,2,4,6,0,0.5176374469950858
1473449,2,5,1,0,0.5250350315577206
1473449,2,5,2,0,0.5543179916196347
1473449,2,5,3,0,6.970130872207562e-05
1473449,2,5,4,0,0.5816632492887467
1473449,2,5,5,0,0.5157067894326071
1473449,2,5,6,1,0.5158472392310883
1473449,2,5,7,0,0.5010579670010621
1473450,1,0,1,0,0.34292879586449154
1473450,1,0,2,0,0.3758145906828431
1473450,1,0,3,0,0.3938488080906707
1473450,1,0,4,0,0.0001682578208106649
1473450,1,0,5,0,0.43792108377104433
1473450,1,0,6,0,0.45949297480388923
1473450,1,1,1,0,0.4525308533705715
1473450,1,1,2,0,0.4881511531128101
1473450,1,1,3,0,0.48756148271071864
1473450,1,1,4,0,0.48647024865685395
1473450,1,1,5,0,0.4975858702072483
1473450,1,1,6,0,0.48628602533951665
1473450,1,1,7,0,0.5312862305625888
1473450,1,2,1,1,0.5190878099045545
1473450,1,2,2,0,0.5457346582819104
1473450,1,2,3,0,0.5423809985898028
1473450,1,2,4,1,0.5448509898803643
1473450,1,2,5,1,0.5350637168710821
1473450,1,2,6,0,0.5115990693400252
1473450,1,3,1,0,0.5337666435806119
1473450,1,3,2,0,0.5638169988704329
1473450,1,3,3,1,0.5585545807436305
1473450,1,3,4,1,0.5565925666499939
1473450,1,3,5,0,6.745302613039633e-05
1473450,1,3,6,0,0.5246355576704819
1473450,1,4,1,0,0.5206506544590599
1473450,1,4,2,0,0.551039817989514
1473450,1,4,3,0,0.5606554352374578
1473450,1,4,4,0,0.5762705207465938
1473450,1,4,5,0,7.839876431801788e-05
1473450,1,4,6,0,0.5176374469950858
1473450,1,5,1,0,0.5250350315577206
1473450,1,5,2,0,0.5543179916196347
1473450,1,5,3,0,0.536775701611716
1473450,1,5,4,0,0.5816632492887467
1473450,1,5,5,0,0.5157067894326071
1473450,1,5,6,0,0.5158472392310883
1473450,2,0,1,0,0.34292879586449154
1473450,2,0,2,0,0.3758145906828431
1473450,2,0,3,0,0.3938488080906707
1473450,2,0,4,1,0.4602282905161428
1473450,2,0,5,1,0.43792108377104433
1473450,2,0,6,0,0.45949297480388923
1473450,2,1,1,0,0.4525308533705715
1473450,2,1,2,0,0.4881511531128101
1473450,2,1,3,0,0.48756148271071864
1473450,2,1,4,1,0.48647024865685395
1473450,2,1,5,0,0.4975858702072483
1473450,2,1,6,0,0.48628602533951665
1473450,2,2,1,1,0.5190878099045545
1473450,2,2,2,0,0.5457346582819104
1473450,2,2,3,0,0.5423809985898028
1473450,2,2,4,0,0.5448509898803643
1473450,2,2,5,0,7.095521043020302e-05
1473450,2,2,6,0,0.5115990693400252
1473450,2,3,1,0,0.5337666435806119
1473450,2,3,2,0,0.5638169988704329
1473450,2,3,3,0,0.5585545807436305
1473450,2,3,4,1,0.5565925666499939
1473450,2,3,5,0,0.5246458156249383
1473450,2,3,6,0,0.5246355576704819
1473450,2,3,7,0,0.5656720274535049
1473450,2,4,1,0,0.5206506544590599
1473450,2,4,2,1,0.551039817989514
1473450,2,4,3,0,0.5606554352374578
1473450,2,4,4,0,0.5762705207465938
1473450,2,4,5,0,0.5393899851249258
1473450,2,4,6,1,0.5176374469950858
1473450,2,5,1,0,0.5250350315577206
1473450,2,5,2,1,0.5543179916196347
1473450,2,5,3,1,0.536775701611716
1473450,2,5,4,1,0.5816632492887467
1473450,2,5,5,0,0.5157067894326071
1473450,2,5,6,0,0.5158472392310883
1473453,1,0,1,0,0.34292879586449154
1473453,1,0,2,0,0.3758145906828431
1473453,1,0,3,1,0.3938488080906707
1473453,1,0,4,0,0.4602282905161428
1473453,1,0,5,0,0.43792108377104433
1473453,1,0,6,0,0.45949297480388923
1473453,1,1,1,1,0.4525308533705715
1473453,1,1,2,0,0.4881511531128101
1473453,1,1,3,0,0.48756148271071864
1473453,1,1,4,0,0.48647024865685395
1473453,1,1,5,1,0.4975858702072483
1473453,1,1,6,1,0.48628602533951665
1473453,1,1,7,0,0.5312862305625888
1473453,1,2,1,0,0.5190878099045545
1473453,1,2,2,1,0.5457346582819104
1473453,1,2,3,0,0.5423809985898028
1473453,1,2,4,1,0.5448509898803643
1473453,1,2,5,0,0.5350637168710821
1473453,1,2,6,0,0.5115990693400252
1473453,1,3,1,0,0.5337666435806119
1473453,1,3,2,0,0.5638169988704329
1473453,1,3,3,0,0.5585545807436305
1473453,1,3,4,0,0.5565925666499939
1473453,1,3,5,0,0.5246458156249383
1473453,1,3,6,0,0.5246355576704819
1473453,1,4,1,0,0.5206506544590599
1473453,1,4,2,0,0.551039817989514
1473453,1,4,3,0,0.5606554352374578
1473453,1,4,4,1,0.5762705207465938
1473453,1,4,5,1,0.5393899851249258
1473453,1,4,6,0,0.5176374469950858
1473453,1,5,1,1,0.5250350315577206
1473453,1,5,2,1,0.5543179916196347
1473453,1,5,3,0,0.536775701611716
1473453,1,5,4,0,0.5816632492887467
1473453,1,5,5,0,0.5157067894326071
1473453,1,5,6,1,0.5158472392310883
1473453,1,5,7,1,0.5010579670010621
1473453,2,0,1,0,0.34292879586449154
1473453,2,0,2,0,0.3758145906828431
1473453,2,0,3,0,0.3938488080906707
1473453,2,0,4,0,0.4602282905161428
1473453,2,0,5,0,0.43792108377104433
1473453,2,0,6,1,0.45949297480388923
1473453,2,1,1,0,0.4525308533705715
1473453,2,1,2,0,0.4881511531128101
1473453,2,1,3,0,0.48756148271071864
1473453,2,1,4,0,8.076183922023021e-05
1473453,2,1,5,0,0.4975858702072483
1473453,2,1,6,0,0.48628602533951665
1473453,2,2,1,1,0.5190878099045545
1473453,2,2,2,0,6.71210527059499e-05
1473453,2,2,3,0,0.5423809985898028
1473453,2,2,4,1,0.5448509898803643
1473453,2,2,5,0,0.5350637168710821
1473453,2,2,6,0,0.5115990693400252
1473453,2,3,1,1,0.5337666435806119
1473453,2,3,2,1,0.5638169988704329
1473453,2,3,3,1,0.5585545807436305
1473453,2,3,4,1,0.5565925666499939
1473453,2,3,5,0,0.5246458156249383
1473453,2,3,6,0,0.5246355576704819
1473453,2,4,1,0,0.5206506544590599
1473453,2,4,2,0,0.551039817989514
1473453,2,4,3,0,0.5606554352374578
1473453,2,4,4,0,0.5762705207465938
1473453,2,4,5,0,0.5393899851249258
1473453,2,4,6,1,0.5176374469950858
1473453,2,5,1,0,0.5250350315577206
1473453,2,5,2,0,0.5543179916196347
1473453,2,5,3,0,0.536775701611716
1473453,2,5,4,0,0.5816632492887467
1473453,2,5,5,0,0.5157067894326071
1473453,2,5,6,0,0.5158472392310883
1473454,1,0,1,0,0.34292879586449154
1473454,1,0,2,0,0.3758145906828431
1473454,1,0,3,0,0.3938488080906707
1473454,1,0,4,0,0.4602282905161428
1473454,1,0,5,0,0.0001647836315587949
1473454,1,0,6,0,0.45949297480388923
1473454,1,1,1,0,0.4525308533705715
1473454,1,1,2,1,0.4881511531128101
1473454,1,1,3,1,0.48756148271071864
1473454,1,1,4,1,0.48647024865685395
1473454,1,1,5,1,0.4975858702072483
1473454,1,1,6,0,0.48628602533951665
1473454,1,2,1,0,0.5190878099045545
1473454,1,2,2,0,0.5457346582819104
1473454,1,2,3,0,0.5423809985898028
1473454,1,2,4,0,0.5448509898803643
1473454,1,2,5,0,0.5350637168710821
1473454,1,2,6,0,0.5115990693400252
1473454,1,3,1,0,0.5337666435806119
1473454,1,3,2,0,0.5638169988704329
1473454,1,3,3,1,0.5585545807436305
1473454,1,3,4,0,0.5565925666499939
1473454,1,3,5,0,0.5246458156249383
1473454,1,3,6,0,0.5246355576704819
1473454,1,4,1,0,0.5206506544590599
1473454,1,4,2,1,0.551039817989514
1473454,1,4,3,0,0.5606554352374578
1473454,1,4,4,0,0.5762705207465938
1473454,1,4,5,0,0.5393899851249258
1473454,1,4,6,0,0.5176374469950858
1473454,1,5,1,1,0.5250350315577206
1473454,1,5,2,0,0.5543179916196347
1473454,1,5,3,0,0.536775701611716
1473454,1,5,4,0,0.5816632492887467
1473454,1,5,5,0,0.5157067894326071
1473454,1,5,6,0,0.5158472392310883
1473454,2,0,1,0,0.34292879586449154
1473454,2,0,2,0,0.3758145906828431
1473454,2,0,3,0,0.3938488080906707
1473454,2,0,4,0,0.4602282905161428
1473454,2,0,5,0,0.43792108377104433
1473454,2,0,6,0,0.45949297480388923
1473454,2,0,7,0,0.4455858771989033
1473454,2,1,1,0,0.4525308533705715
1473454,2,1,2,0,0.4881511531128101
1473454,2,1,3,0,0.48756148271071864
1473454,2,1,4,0,0.48647024865685395
1473454,2,1,5,0,8.911846280782056e-05
1473454,2,1,6,0,0.48628602533951665
1473454,2,2,1,1,0.5190878099045545
1473454,2,2,2,0,0.5457346582819104
1473454,2,2,3,0,0.5423809985898028
1473454,2,2,4,0,6.313139414108697e-05
1473454,2,2,5,0,0.5350637168710821
1473454,2,2,6,0,0.5115990693400252
1473454,2,2,7,0,0.5434680194742225
1473454,2,3,1,0,0.5337666435806119
1473454,2,3,2,0,0.5638169988704329
1473454,2,3,3,0,0.5585545807436305
1473454,2,3,4,0,0.5565925666499939
1473454,2,3,5,0,0.5246458156249383
1473454,2,3,6,0,0.5246355576704819
1473454,2,4,1,1,0.5206506544590599
1473454,2,4,2,0,0.551039817989514
1473454,2,4,3,0,0.5606554352374578
1473454,2,4,4,0,0.5762705207465938
1473454,2,4,5,0,0.5393899851249258
1473454,2,4,6,0,0.5176374469950858
1473454,2,4,7,0,0.5314435327996707
1473454,2,5,1,1,0.5250350315577206
1473454,2,5,2,0,0.5543179916196347
1473454,2,5,3,0,6.970130872207562e-05
1473454,2,5,4,1,0.5816632492887467
1473454,2,5,5,0,0.5157067894326071
1473454,2,5,6,0,0.5158472392310883
1473460,1,0,1,0,0.34292879586449154
1473460,1,0,2,0,0.3758145906828431
1473460,1,0,3,0,0.3938488080906707
1473460,1,0,4,0,0.4602282905161428
1473460,1,0,5,0,0.43792108377104433
1473460,1,0,6,0,0.45949297480388923
1473460,1,0,7,1,0.4455858771989033
1473460,1,1,1,0,0.4525308533705715
1473460,1,1,2,0,0.4881511531128101
1473460,1,1,3,0,0.48756148271071864
1473460,1,1,4,1,0.48647024865685395
1473460,1,1,5,0,0.4975858702072483
1473460,1,1,6,0,0.48628602533951665
1473460,1,2,1,0,0.0001421325131760957
1473460,1,2,2,0,0.5457346582819104
1473460,1,2,3,0,0.5423809985898028
1473460,1,2,4,1,0.5448509898803643
1473460,1,2,5,0,0.5350637168710821
1473460,1,2,6,0,0.5115990693400252
1473460,1,3,1,0,0.5337666435806119
1473460,1,3,2,0,0.5638169988704329
1473460,1,3,3,1,0.5585545807436305
1473460,1,3,4,0,0.5565925666499939
1473460,1,3,5,0,0.5246458156249383
1473460,1,3,6,0,0.5246355576704819
1473460,1,4,1,0,0.5206506544590599
1473460,1,4,2,0,0.551039817989514
1473460,1,4,3,1,0.5606554352374578
1473460,1,4,4,0,0.5762705207465938
1473460,1,4,5,1,0.5393899851249258
1473460,1,4,6,0,0.5176374469950858
1473460,1,4,7,0,0.5314435327996707
1473460,1,4,8,1,0.5480485293374653
1473460,1,5,1,0,0.5250350315577206
1473460,1,5,2,0,0.5543179916196347
1473460,1,5,3,0,0.536775701611716
1473460,1,5,4,0,0.5816632492887467
1473460,1,5,5,0,0.5157067894326071
1473460,1,5,6,0,0.5158472392310883
1473460,1,5,7,0,0.5010579670010621
1473460,2,0,1,0,0.34292879586449154
1473460,2,0,2,0,0.3758145906828431
1473460,2,0,3,1,0.3938488080906707
1473460,2,0,4,0,0.4602282905161428
1473460,2,0,5,0,0.43792108377104433
1473460,2,0,6,0,0.45949297480388923
1473460,2,0,7,0,0.4455858771989033
1473460,2,0,8,0,0.3455787779741998
1473460,2,0,9,0,0.3895811776970382
1473460,2,1,1,0,0.4525308533705715
1473460,2,1,2,0,9.924247765745456e-05
1473460,2,1,3,0,0.48756148271071864
1473460,2,1,4,0,0.48647024865685395
1473460,2,1,5,0,0.4975858702072483
1473460,2,1,6,0,0.48628602533951665
1473460,2,1,7,0,0.5312862305625888
1473460,2,2,1,0,0.5190878099045545
1473460,2,2,2,0,6.71210527059499e-05
1473460,2,2,3,0,0.5423809985898028
1473460,2,2,4,0,0.5448509898803643
1473460,2,2,5,1,0.5350637168710821
1473460,2,2,6,0,0.5115990693400252
1473460,2,3,1,0,0.5337666435806119
1473460,2,3,2,1,0.5638169988704329
1473460,2,3,3,1,0.5585545807436305
1473460,2,3,4,0,0.5565925666499939
1473460,2,3,5,0,0.5246458156249383
1473460,2,3,6,1,0.5246355576704819
1473460,2,4,1,1,0.5206506544590599
1473460,2,4,2,0,0.551039817989514
1473460,2,4,3,0,0.5606554352374578
1473460,2,4,4,0,0.5762705207465938
1473460,2,4,5,1,0.5393899851249258
1473460,2,4,6,0,0.5176374469950858
1473460,2,5,1,1,0.5250350315577206
1473460,2,5,2,0,0.5543179916196347
1473460,2,5,3,0,0.536775701611716
1473460,2,5,4,0,0.5816632492887467
1473460,2,5,5,0,0.5157067894326071
1473460,2,5,6,1,0.5158472392310883
1473463,1,0,1,1,0.34292879586449154
1473463,1,0,2,0,0.3758145906828431
1473463,1,0,3,0,0.3938488080906707
1473463,1,0,4,0,0.4602282905161428
1473463,1,0,5,0,0.43792108377104433
1473463,1,0,6,0,0.45949297480388923
1473463,1,1,1,0,0.4525308533705715
1473463,1,1,2,1,0.4881511531128101
1473463,1,1,3,0,0.48756148271071864
1473463,1,1,4,1,0.48647024865685395
1473463,1,1,5,0,0.4975858702072483
1473463,1,1,6,0,0.48628602533951665
1473463,1,2,1,0,0.5190878099045545
1473463,1,2,2,0,0.5457346582819104
1473463,1,2,3,0,0.5423809985898028
1473463,1,2,4,0,0.5448509898803643
1473463,1,2,5,1,0.5350637168710821
1473463,1,2,6,0,0.5115990693400252
1473463,1,3,1,0,0.5337666435806119
1473463,1,3,2,0,0.5638169988704329
1473463,1,3,3,0,0.5585545807436305
1473463,1,3,4,0,0.5565925666499939
1473463,1,3,5,0,0.5246458156249383
1473463,1,3,6,1,0.5246355576704819
1473463,1,4,1,1,0.5206506544590599
1473463,1,4,2,0,0.551039817989514
1473463,1,4,3,0,0.5606554352374578
1473463,1,4,4,0,0.5762705207465938
1473463,1,4,5,0,0.5393899851249258
1473463,1,4,6,0,0.5176374469950858
1473463,1,4,7,0,0.5314435327996707
1473463,1,5,1,1,0.5250350315577206
1473463,1,5,2,0,0.5543179916196347
1473463,1,5,3,0,0.536775701611716
1473463,1,5,4,0,0.5816632492887467
1473463,1,5,5,0,0.5157067894326071
1473463,1,5,6,0,0.5158472392310883
1473463,2,0,1,0,0.34292879586449154
1473463,2,0,2,0,0.3758145906828431
1473463,2,0,3,0,0.3938488080906707
1473463,2,0,4,0,0.4602282905161428
1473463,2,0,5,0,0.43792108377104433
1473463,2,0,6,1,0.45949297480388923
1473463,2,1,1,0,0.4525308533705715
1473463,2,1,2,0,0.4881511531128101
1473463,2,1,3,0,0.48756148271071864
1473463,2,1,4,0,0.48647024865685395
1473463,2,1,5,0,0.4975858702072483
1473463,2,1,6,0,0.48628602533951665
1473463,2,2,1,1,0.5190878099045545
1473463,2,2,2,0,0.5457346582819104
1473463,2,2,3,1,0.5423809985898028
1473463,2,2,4,0,0.5448509898803643
1473463,2,2,5,0,0.5350637168710821
1473463,2,2,6,1,0.5115990693400252
1473463,2,2,7,0,0.5434680194742225
1473463,2,3,1,0,0.5337666435806119
1473463,2,3,2,0,0.5638169988704329
1473463,2,3,3,1,0.5585545807436305
1473463,2,3,4,0,0.5565925666499939
1473463,2,3,5,1,0.5246458156249383
1473463,2,3,6,0,0.5246355576704819
1473463,2,4,1,1,0.5206506544590599
1473463,2,4,2,0,0.551039817989514
1473463,2,4,3,1,0.5606554352374578
1473463,2,4,4,0,0.5762705207465938
1473463,2,4,5,0,0.5393899851249258
1473463,2,4,6,0,0.5176374469950858
1473463,2,5,1,0,0.5250350315577206
1473463,2,5,2,0,0.5543179916196347
1473463,2,5,3,1,0.536775701611716
1473463,2,5,4,0,0.5816632492887467
1473463,2,5,5,0,0.5157067894326071
1473463,2,5,6,1,0.5158472392310883
1473463,2,5,7,0,0.5010579670010621
1473466,1,0,1,0,0.34292879586449154
1473466,1,0,2,0,0.3758145906828431
1473466,1,0,3,1,0.3938488080906707
1473466,1,0,4,1,0.4602282905161428
1473466,1,0,5,0,0.43792108377104433
1473466,1,0,6,0,0.45949297480388923
1473466,1,0,7,0,0.4455858771989033
1473466,1,1,1,0,0.4525308533705715
1473466,1,1,2,0,0.4881511531128101
1473466,1,1,3,0,0.48756148271071864
1473466,1,1,4,0,0.48647024865685395
1473466,1,1,5,1,0.4975858702072483
1473466,1,1,6,0,0.48628602533951665
1473466,1,2,1,1,0.5190878099045545
1473466,1,2,2,0,0.5457346582819104
1473466,1,2,3,1,0.5423809985898028
1473466,1,2,4,1,0.5448509898803643
1473466,1,2,5,0,0.5350637168710821
1473466,1,2,6,1,0.5115990693400252
1473466,1,3,1,0,0.5337666435806119
1473466,1,3,2,0,0.5638169988704329
1473466,1,3,3,0,0.5585545807436305
1473466,1,3,4,0,0.5565925666499939
1473466,1,3,5,0,0.5246458156249383
1473466,1,3,6,1,0.5246355576704819
1473466,1,4,1,0,0.5206506544590599
1473466,1,4,2,0,0.551039817989514
1473466,1,4,3,0,0.5606554352374578
1473466,1,4,4,0,0.5762705207465938
1473466,1,4,5,0,0.5393899851249258
1473466,1,4,6,0,9.72386209166237e-05
1473466,1,5,1,1,0.5250350315577206
1473466,1,5,2,0,0.5543179916196347
1473466,1,5,3,0,0.536775701611716
1473466,1,5,4,1,0.5816632492887467
1473466,1,5,5,0,0.5157067894326071
1473466,1,5,6,0,0.5158472392310883
1473466,1,5,7,0,0.5010579670010621
1473466,2,0,1,0,0.00038148845835141084
1473466,2,0,2,0,0.3758145906828431
1473466,2,0,3,1,0.3938488080906707
1473466,2,0,4,0,0.4602282905161428
1473466,2,0,5,0,0.43792108377104433
1473466,2,0,6,0,0.45949297480388923
1473466,2,1,1,0,0.4525308533705715
1473466,2,1,2,1,0.4881511531128101
1473466,2,1,3,1,0.48756148271071864
1473466,2,1,4,0,0.48647024865685395
1473466,2,1,5,0,0.4975858702072483
1473466,2,1,6,1,0.48628602533951665
1473466,2,1,7,0,0.5312862305625888
1473466,2,2,1,0,0.5190878099045545
1473466,2,2,2,0,0.5457346582819104
1473466,2,2,3,0,0.5423809985898028
1473466,2,2,4,1,0.5448509898803643
1473466,2,2,5,0,0.5350637168710821
1473466,2,2,6,0,0.5115990693400252
1473466,2,3,1,0,0.5337666435806119
1473466,2,3,2,0,0.5638169988704329
1473466,2,3,3,0,0.5585545807436305
1473466,2,3,4,1,0.5565925666499939
1473466,2,3,5,0,0.5246458156249383
1473466,2,3,6,1,0.5246355576704819
1473466,2,4,1,1,0.5206506544590599
1473466,2,4,2,0,0.551039817989514
1473466,2,4,3,0,0.5606554352374578
1473466,2,4,4,1,0.5762705207465938
1473466,2,4,5,0,0.5393899851249258
1473466,2,4,6,0,0.5176374469950858
1473466,2,5,1,1,0.5250350315577206
1473466,2,5,2,0,0.5543179916196347
1473466,2,5,3,1,0.536775701611716
1473466,2,5,4,0,0.5816632492887467
1473466,2,5,5,1,0.5157067894326071
1473466,2,5,6,0,0.5158472392310883
1473469,1,0,1,0,0.34292879586449154
1473469,1,0,2,0,0.3758145906828431
1473469,1,0,3,1,0.3938488080906707
1473469,1,0,4,1,0.4602282905161428
1473469,1,0,5,0,0.43792108377104433
1473469,1,0,6,0,0.45949297480388923
1473469,1,1,1,1,0.4525308533705715
1473469,1,1,2,1,0.4881511531128101
1473469,1,1,3,1,0.48756148271071864
1473469,1,1,4,1,0.48647024865685395
1473469,1,1,5,1,0.4975858702072483
1473469,1,1,6,0,0.48628602533951665
1473469,1,2,1,0,0.5190878099045545
1473469,1,2,2,0,0.5457346582819104
1473469,1,2,3,0,6.163767430463305e-05
1473469,1,2,4,0,0.5448509898803643
1473469,1,2,5,0,0.5350637168710821
1473469,1,2,6,0,0.5115990693400252
1473469,1,3,1,0,0.00015952827975369624
1473469,1,3,2,0,0.5638169988704329
1473469,1,3,3,0,0.5585545807436305
1473469,1,3,4,0,0.5565925666499939
1473469,1,3,5,0,0.5246458156249383
1473469,1,3,6,0,0.5246355576704819
1473469,1,4,1,0,0.5206506544590599
1473469,1,4,2,0,0.551039817989514
1473469,1,4,3,0,0.5606554352374578
1473469,1,4,4,1,0.5762705207465938
1473469,1,4,5,0,0.5393899851249258
1473469,1,4,6,0,0.5176374469950858
1473469,1,5,1,0,0.5250350315577206
1473469,1,5,2,0,0.5543179916196347
1473469,1,5,3,0,0.536775701611716
1473469,1,5,4,0,0.5816632492887467
1473469,1,5,5,0,0.5157067894326071
1473469,1,5,6,0,0.5158472392310883
1473469,2,0,1,0,0.34292879586449154
1473469,2,0,2,0,0.3758145906828431
1473469,2,0,3,0,0.3938488080906707
1473469,2,0,4,0,0.4602282905161428
1473469,2,0,5,0,0.43792108377104433
1473469,2,0,6,0,0.45949297480388923
1473469,2,1,1,1,0.4525308533705715
1473469,2,1,2,0,0.4881511531128101
1473469,2,1,3,1,0.48756148271071864
1473469,2,1,4,0,0.48647024865685395
1473469,2,1,5,0,0.4975858702072483
1473469,2,1,6,0,0.48628602533951665
1473469,2,2,1,0,0.5190878099045545
1473469,2,2,2,0,0.5457346582819104
1473469,2,2,3,1,0.5423809985898028
1473469,2,2,4,1,0.5448509898803643
1473469,2,2,5,1,0.5350637168710821
1473469,2,2,6,0,0.5115990693400252
1473469,2,2,7,0,0.5434680194742225
1473469,2,2,8,0,0.6242857061636626
1473469,2,3,1,0,0.5337666435806119
1473469,2,3,2,1,0.5638169988704329
1473469,2,3,3,0,0.5585545807436305
1473469,2,3,4,0,0.5565925666499939
1473469,2,3,5,0,0.5246458156249383
1473469,2,3,6,0,0.5246355576704819
1473469,2,4,1,0,0.5206506544590599
1473469,2,4,2,0,0.551039817989514
1473469,2,4,3,1,0.5606554352374578
1473469,2,4,4,0,0.5762705207465938
1473469,2,4,5,0,0.5393899851249258
1473469,2,4,6,0,0.5176374469950858
1473469,2,5,1,1,0.5250350315577206
1473469,2,5,2,1,0.5543179916196347
1473469,2,5,3,0,0.536775701611716
1473469,2,5,4,0,8.289229948853374e-05
1473469,2,5,5,0,0.5157067894326071
1473469,2,5,6,0,0.5158472392310883
1473469,2,5,7,0,0.5010579670010621
1473469,3,0,1,0,0.34292879586449154
1473469,3,0,2,1,0.3758145906828431
1473469,3,0,3,0,0.3938488080906707
1473469,3,0,4,1,0.4602282905161428
1473469,3,0,5,0,0.0001647836315587949
1473469,3,0,6,0,0.00022371304020557016
1473469,4,0,1,0,0.34292879586449154
1473469,4,0,2,1,0.3758145906828431
1473469,4,0,3,0,0.3938488080906707
1473469,4,0,4,1,0.4602282905161428
1473472,1,0,1,0,0.34292879586449154
1473472,1,0,2,0,0.3758145906828431
1473472,1,0,3,0,0.3938488080906707
1473472,1,0,4,1,0.4602282905161428
1473472,1,0,5,1,0.43792108377104433
1473472,1,0,6,0,0.45949297480388923
1473472,1,0,7,1,0.4455858771989033
1473472,1,0,8,0,0.3455787779741998
1473472,1,1,1,0,0.4525308533705715
1473472,1,1,2,0,0.4881511531128101
1473472,1,1,3,0,0.48756148271071864
1473472,1,1,4,1,0.48647024865685395
1473472,1,1,5,0,0.4975858702072483
1473472,1,1,6,0,0.00010856370594880755
1473472,1,1,7,0,0.5312862305625888
1473472,1,1,8,0,0.546464200793984
1473472,1,2,1,0,0.5190878099045545
1473472,1,2,2,1,0.5457346582819104
1473472,1,2,3,1,0.5423809985898028
1473472,1,2,4,0,0.5448509898803643
1473472,1,2,5,0,0.5350637168710821
1473472,1,2,6,1,0.5115990693400252
1473472,1,3,1,0,0.5337666435806119
1473472,1,3,2,0,0.5638169988704329
1473472,1,3,3,0,0.5585545807436305
1473472,1,3,4,1,0.5565925666499939
1473472,1,3,5,1,0.5246458156249383
1473472,1,3,6,0,0.5246355576704819
1473472,1,4,1,1,0.5206506544590599
1473472,1,4,2,0,0.551039817989514
1473472,1,4,3,0,0.5606554352374578
1473472,1,4,4,0,7.530897549982799e-05
1473472,1,4,5,0,0.5393899851249258
1473472,1,4,6,0,0.5176374469950858
1473472,1,5,1,0,0.5250350315577206
1473472,1,5,2,0,0.5543179916196347
1473472,1,5,3,0,0.536775701611716
1473472,1,5,4,1,0.5816632492887467
1473472,1,5,5,1,0.5157067894326071
1473472,1,5,6,0,0.5158472392310883
1473472,2,0,1,0,0.34292879586449154
1473472,2,0,2,0,0.3758145906828431
1473472,2,0,3,0,0.3938488080906707
1473472,2,0,4,0,0.4602282905161428
1473472,2,0,5,0,0.43792108377104433
1473472,2,0,6,1,0.45949297480388923
1473472,2,1,1,1,0.4525308533705715
1473472,2,1,2,0,0.4881511531128101
1473472,2,1,3,0,0.48756148271071864
1473472,2,1,4,0,8.076183922023021e-05
1473472,2,1,5,0,0.4975858702072483
1473472,2,1,6,1,0.48628602533951665
1473472,2,2,1,1,0.5190878099045545
1473472,2,2,2,1,0.5457346582819104
1473472,2,2,3,0,0.5423809985898028
1473472,2,2,4,0,0.5448509898803643
1473472,2,2,5,0,0.5350637168710821
1473472,2,2,6,0,0.5115990693400252
1473472,2,3,1,1,0.5337666435806119
1473472,2,3,2,0,0.5638169988704329
1473472,2,3,3,1,0.5585545807436305
1473472,2,3,4,0,0.5565925666499939
1473472,2,3,5,0,0.5246458156249383
1473472,2,3,6,0,0.5246355576704819
1473472,2,4,1,0,0.5206506544590599
1473472,2,4,2,1,0.551039817989514
1473472,2,4,3,1,0.5606554352374578
1473472,2,4,4,0,0.5762705207465938
1473472,2,4,5,0,0.5393899851249258
1473472,2,4,6,0,0.5176374469950858
1473472,2,5,1,0,0.5250350315577206
1473472,2,5,2,1,0.5543179916196347
1473472,2,5,3,1,0.536775701611716
1473472,2,5,4,0,0.5816632492887467
1473472,2,5,5,0,0.5157067894326071
1473472,2,5,6,0,0.5158472392310883
1473472,2,5,7,0,0.5010579670010621
1473473,1,0,1,0,0.34292879586449154
1473473,1,0,2,0,0.3758145906828431
1473473,1,0,3,0,0.3938488080906707
1473473,1,0,4,1,0.4602282905161428
1473473,1,0,5,1,0.43792108377104433
1473473,1,0,6,0,0.45949297480388923
1473473,1,1,1,0,0.4525308533705715
1473473,1,1,2,0,0.4881511531128101
1473473,1,1,3,0,0.48756148271071864
1473473,1,1,4,0,0.48647024865685395
1473473,1,1,5,0,0.4975858702072483
1473473,1,1,6,0,0.48628602533951665
1473473,1,2,1,0,0.5190878099045545
1473473,1,2,2,0,6.71210527059499e-05
1473473,1,2,3,0,0.5423809985898028
1473473,1,2,4,0,0.5448509898803643
1473473,1,2,5,0,0.5350637168710821
1473473,1,2,6,0,0.5115990693400252
1473473,1,3,1,0,0.5337666435806119
1473473,1,3,2,1,0.5638169988704329
1473473,1,3,3,0,0.5585545807436305
1473473,1,3,4,0,0.5565925666499939
1473473,1,3,5,0,0.5246458156249383
1473473,1,3,6,1,0.5246355576704819
1473473,1,3,7,0,0.5656720274535049
1473473,1,4,1,0,0.5206506544590599
1473473,1,4,2,0,0.551039817989514
1473473,1,4,3,1,0.5606554352374578
1473473,1,4,4,0,0.5762705207465938
1473473,1,4,5,0,0.5393899851249258
1473473,1,4,6,1,0.5176374469950858
1473473,1,5,1,1,0.5250350315577206
1473473,1,5,2,0,8.238543178915683e-05
1473473,1,5,3,0,0.536775701611716
1473473,1,5,4,0,0.5816632492887467
1473473,1,5,5,0,0.5157067894326071
1473473,1,5,6,0,0.5158472392310883
1473473,2,0,1,0,0.34292879586449154
1473473,2,0,2,1,0.3758145906828431
1473473,2,0,3,0,0.3938488080906707
1473473,2,0,4,1,0.4602282905161428
1473473,2,0,5,0,0.43792108377104433
1473473,2,0,6,0,0.45949297480388923
1473473,2,1,1,0,0.4525308533705715
1473473,2,1,2,1,0.4881511531128101
1473473,2,1,3,0,0.48756148271071864
1473473,2,1,4,0,0.48647024865685395
1473473,2,1,5,0,0.4975858702072483
1473473,2,1,6,1,0.48628602533951665
1473473,2,2,1,1,0.5190878099045545
1473473,2,2,2,1,0.5457346582819104
1473473,2,2,3,0,0.5423809985898028
1473473,2,2,4,0,0.5448509898803643
1473473,2,2,5,0,0.5350637168710821
1473473,2,2,6,0,0.5115990693400252
1473473,2,3,1,0,0.5337666435806119
1473473,2,3,2,0,0.5638169988704329
1473473,2,3,3,0,0.5585545807436305
1473473,2,3,4,0,0.5565925666499939
1473473,2,3,5,0,0.5246458156249383
1473473,2,3,6,0,0.5246355576704819
1473473,2,4,1,0,0.5206506544590599
1473473,2,4,2,1,0.551039817989514
1473473,2,4,3,1,0.5606554352374578
1473473,2,4,4,0,0.5762705207465938
1473473,2,4,5,0,0.5393899851249258
1473473,2,4,6,0,0.5176374469950858
1473473,2,5,1,0,0.5250350315577206
1473473,2,5,2,0,0.5543179916196347
1473473,2,5,3,0,0.536775701611716
1473473,2,5,4,0,0.5816632492887467
1473473,2,5,5,0,0.5157067894326071
1473473,2,5,6,1,0.5158472392310883
1473478,1,0,1,0,0.34292879586449154
1473478,1,0,2,0,0.3758145906828431
1473478,1,0,3,0,0.3938488080906707
1473478,1,0,4,0,0.4602282905161428
1473478,1,0,5,0,0.43792108377104433
1473478,1,0,6,0,0.45949297480388923
1473478,1,0,7,0,0.4455858771989033
1473478,1,1,1,0,0.4525308533705715
1473478,1,1,2,0,9.924247765745456e-05
1473478,1,1,3,0,0.48756148271071864
1473478,1,1,4,0,0.48647024865685395
1473478,1,1,5,0,0.4975858702072483
1473478,1,1,6,1,0.48628602533951665
1473478,1,2,1,0,0.0001421325131760957
1473478,1,2,2,0,0.5457346582819104
1473478,1,2,3,0,0.5423809985898028
1473478,1,2,4,0,0.5448509898803643
1473478,1,2,5,0,0.5350637168710821
1473478,1,2,6,0,0.5115990693400252
1473478,1,3,1,0,0.5337666435806119
1473478,1,3,2,0,0.5638169988704329
1473478,1,3,3,0,6.085998866754581e-05
1473478,1,3,4,0,0.5565925666499939
1473478,1,3,5,0,0.5246458156249383
1473478,1,3,6,0,0.5246355576704819
1473478,1,4,1,0,0.00015180114801475284
1473478,1,4,2,0,0.551039817989514
1473478,1,4,3,0,0.5606554352374578
1473478,1,4,4,0,0.5762705207465938
1473478,1,4,5,0,0.5393899851249258
1473478,1,4,6,0,0.5176374469950858
1473478,1,5,1,0,0.5250350315577206
1473478,1,5,2,0,0.5543179916196347
1473478,1,5,3,0,0.536775701611716
1473478,1,5,4,1,0.5816632492887467
1473478,1,5,5,0,0.5157067894326071
1473478,1,5,6,0,0.5158472392310883
1473478,2,0,1,0,0.34292879586449154
1473478,2,0,2,1,0.3758145906828431
1473478,2,0,3,0,0.3938488080906707
1473478,2,0,4,0,0.4602282905161428
1473478,2,0,5,0,0.43792108377104433
1473478,2,0,6,0,0.45949297480388923
1473478,2,1,1,0,0.4525308533705715
1473478,2,1,2,1,0.4881511531128101
1473478,2,1,3,0,0.48756148271071864
1473478,2,1,4,0,8.076183922023021e-05
1473478,2,1,5,0,0.4975858702072483
1473478,2,1,6,0,0.48628602533951665
1473478,2,2,1,0,0.5190878099045545
1473478,2,2,2,1,0.5457346582819104
1473478,2,2,3,1,0.5423809985898028
1473478,2,2,4,0,0.5448509898803643
1473478,2,2,5,0,0.5350637168710821
1473478,2,2,6,1,0.5115990693400252
1473478,2,3,1,1,0.5337666435806119
1473478,2,3,2,0,0.5638169988704329
1473478,2,3,3,0,0.5585545807436305
1473478,2,3,4,0,0.5565925666499939
1473478,2,3,5,1,0.5246458156249383
1473478,2,3,6,0,0.5246355576704819
1473478,2,4,1,0,0.5206506544590599
1473478,2,4,2,0,0.551039817989514
1473478,2,4,3,0,0.5606554352374578
1473478,2,4,4,0,0.5762705207465938
1473478,2,4,5,0,0.5393899851249258
1473478,2,4,6,0,0.5176374469950858
1473478,2,5,1,1,0.5250350315577206
1473478,2,5,2,1,0.5543179916196347
1473478,2,5,3,0,0.536775701611716
1473478,2,5,4,0,0.5816632492887467
1473478,2,5,5,0,0.5157067894326071
1473478,2,5,6,0,0.5158472392310883
1473483,1,0,1,1,0.34292879586449154
1473483,1,0,2,0,0.3758145906828431
1473483,1,0,3,0,0.3938488080906707
1473483,1,0,4,0,0.4602282905161428
1473483,1,0,5,0,0.43792108377104433
1473483,1,0,6,0,0.45949297480388923
1473483,1,1,1,0,0.4525308533705715
1473483,1,1,2,0,0.4881511531128101
1473483,1,1,3,0,0.48756148271071864
1473483,1,1,4,0,0.48647024865685395
1473483,1,1,5,0,0.4975858702072483
1473483,1,1,6,1,0.48628602533951665
1473483,1,2,1,0,0.5190878099045545
1473483,1,2,2,0,0.5457346582819104
1473483,1,2,3,1,0.5423809985898028
1473483,1,2,4,0,0.5448509898803643
1473483,1,2,5,1,0.5350637168710821
1473483,1,2,6,0,0.5115990693400252
1473483,1,3,1,0,0.5337666435806119
1473483,1,3,2,0,0.5638169988704329
1473483,1,3,3,0,0.5585545807436305
1473483,1,3,4,0,6.256559681168003e-05
1473483,1,3,5,0,0.5246458156249383
1473483,1,3,6,1,0.5246355576704819
1473483,1,4,1,0,0.5206506544590599
1473483,1,4,2,1,0.551039817989514
1473483,1,4,3,0,0.5606554352374578
1473483,1,4,4,0,0.5762705207465938
1473483,1,4,5,0,0.5393899851249258
1473483,1,4,6,0,9.72386209166237e-05
1473483,1,4,7,0,0.5314435327996707
1473483,1,4,8,0,0.5480485293374653
1473483,1,5,1,0,0.5250350315577206
1473483,1,5,2,0,0.5543179916196347
1473483,1,5,3,0,0.536775701611716
1473483,1,5,4,0,0.5816632492887467
1473483,1,5,5,1,0.5157067894326071
1473483,1,5,6,0,0.5158472392310883
1473483,2,0,1,0,0.34292879586449154
1473483,2,0,2,0,0.3758145906828431
1473483,2,0,3,0,0.3938488080906707
1473483,2,0,4,0,0.4602282905161428
1473483,2,0,5,0,0.43792108377104433
1473483,2,0,6,0,0.45949297480388923
1473483,2,1,1,0,0.4525308533705715
1473483,2,1,2,0,0.4881511531128101
1473483,2,1,3,1,0.48756148271071864
1473483,2,1,4,0,0.48647024865685395
1473483,2,1,5,1,0.4975858702072483
1473483,2,1,6,1,0.48628602533951665
1473483,2,2,1,0,0.5190878099045545
1473483,2,2,2,0,6.71210527059499e-05
1473483,2,2,3,0,0.5423809985898028
1473483,2,2,4,0,6.313139414108697e-05
1473483,2,2,5,0,0.5350637168710821
1473483,2,2,6,0,0.5115990693400252
1473483,2,3,1,1,0.5337666435806119
1473483,2,3,2,0,0.5638169988704329
1473483,2,3,3,0,0.5585545807436305
1473483,2,3,4,0,0.5565925666499939
1473483,2,3,5,0,0.5246458156249383
1473483,2,3,6,0,8.912938714004702e-05
1473483,2,4,1,0,0.5206506544590599
1473483,2,4,2,0,0.551039817989514
1473483,2,4,3,0,0.5606554352374578
1473483,2,4,4,0,0.5762705207465938
1473483,2,4,5,0,0.5393899851249258
1473483,2,4,6,0,0.5176374469950858
1473483,2,5,1,1,0.5250350315577206
1473483,2,5,2,0,0.5543179916196347
1473483,2,5,3,0,0.536775701611716
1473483,2,5,4,0,0.5816632492887467
1473483,2,5,5,0,0.5157067894326071
1473483,2,5,6,0,0.5158472392310883
1473488,1,0,1,0,0.34292879586449154
1473488,1,0,2,0,0.3758145906828431
1473488,1,0,3,1,0.3938488080906707
1473488,1,0,4,0,0.4602282905161428
1473488,1,0,5,0,0.43792108377104433
1473488,1,0,6,0,0.45949297480388923
1473488,1,1,1,0,0.4525308533705715
1473488,1,1,2,0,0.4881511531128101
1473488,1,1,3,0,0.48756148271071864
1473488,1,1,4,0,0.48647024865685395
1473488,1,1,5,0,0.4975858702072483
1473488,1,1,6,0,0.48628602533951665
1473488,1,2,1,1,0.5190878099045545
1473488,1,2,2,0,0.5457346582819104
1473488,1,2,3,1,0.5423809985898028
1473488,1,2,4,1,0.5448509898803643
1473488,1,2,5,1,0.5350637168710821
1473488,1,2,6,1,0.5115990693400252
1473488,1,3,1,1,0.5337666435806119
1473488,1,3,2,1,0.5638169988704329
1473488,1,3,3,0,0.5585545807436305
1473488,1,3,4,0,0.5565925666499939
1473488,1,3,5,0,0.5246458156249383
1473488,1,3,6,0,0.5246355576704819
1473488,1,3,7,1,0.5656720274535049
1473488,1,4,1,1,0.5206506544590599
1473488,1,4,2,0,0.551039817989514
1473488,1,4,3,0,0.5606554352374578
1473488,1,4,4,1,0.5762705207465938
1473488,1,4,5,1,0.5393899851249258
1473488,1,4,6,1,0.5176374469950858
1473488,1,5,1,1,0.5250350315577206
1473488,1,5,2,1,0.5543179916196347
1473488,1,5,3,0,0.536775701611716
1473488,1,5,4,0,0.5816632492887467
1473488,1,5,5,0,0.5157067894326071
1473488,1,5,6,0,0.5158472392310883
1473488,2,0,1,0,0.34292879586449154
1473488,2,0,2,1,0.3758145906828431
1473488,2,0,3,0,0.3938488080906707
1473488,2,0,4,1,0.4602282905161428
1473488,2,0,5,0,0.43792108377104433
1473488,2,0,6,0,0.45949297480388923
1473488,2,0,7,0,0.4455858771989033
1473488,2,1,1,0,0.4525308533705715
1473488,2,1,2,0,0.4881511531128101
1473488,2,1,3,0,0.48756148271071864
1473488,2,1,4,0,0.48647024865685395
1473488,2,1,5,0,0.4975858702072483
1473488,2,1,6,1,0.48628602533951665
1473488,2,2,1,0,0.5190878099045545
1473488,2,2,2,0,0.5457346582819104
1473488,2,2,3,0,0.5423809985898028
1473488,2,2,4,1,0.5448509898803643
1473488,2,2,5,0,0.5350637168710821
1473488,2,2,6,0,0.5115990693400252
1473488,2,2,7,0,0.5434680194742225
1473488,2,3,1,0,0.5337666435806119
1473488,2,3,2,0,0.5638169988704329
1473488,2,3,3,1,0.5585545807436305
1473488,2,3,4,0,0.5565925666499939
1473488,2,3,5,0,0.5246458156249383
1473488,2,3,6,1,0.5246355576704819
1473488,2,3,7,0,0.5656720274535049
1473488,2,4,1,0,0.5206506544590599
1473488,2,4,2,1,0.551039817989514
1473488,2,4,3,0,7.01966065263333e-05
1473488,2,4,4,0,0.5762705207465938
1473488,2,4,5,0,0.5393899851249258
1473488,2,4,6,0,0.5176374469950858
1473488,2,5,1,0,0.5250350315577206
1473488,2,5,2,0,0.5543179916196347
1473488,2,5,3,1,0.536775701611716
1473488,2,5,4,0,0.5816632492887467
1473488,2,5,5,0,0.5157067894326071
1473488,2,5,6,0,0.5158472392310883
1473493,1,0,1,0,0.34292879586449154
1473493,1,0,2,0,0.00018585311536224735
1473493,1,0,3,0,0.3938488080906707
1473493,1,0,4,0,0.4602282905161428
1473493,1,0,5,1,0.43792108377104433
1473493,1,0,6,0,0.45949297480388923
1473493,1,1,1,0,0.4525308533705715
1473493,1,1,2,0,0.4881511531128101
1473493,1,1,3,0,0.48756148271071864
1473493,1,1,4,0,0.48647024865685395
1473493,1,1,5,0,0.4975858702072483
1473493,1,1,6,0,0.48628602533951665
1473493,1,2,1,1,0.5190878099045545
1473493,1,2,2,1,0.5457346582819104
1473493,1,2,3,0,0.5423809985898028
1473493,1,2,4,0,0.5448509898803643
1473493,1,2,5,1,0.5350637168710821
1473493,1,2,6,0,0.5115990693400252
1473493,1,3,1,0,0.5337666435806119
1473493,1,3,2,0,0.5638169988704329
1473493,1,3,3,0,6.085998866754581e-05
1473493,1,3,4,0,0.5565925666499939
1473493,1,3,5,0,0.5246458156249383
1473493,1,3,6,0,0.5246355576704819
1473493,1,4,1,1,0.5206506544590599
1473493,1,4,2,1,0.551039817989514
1473493,1,4,3,0,0.5606554352374578
1473493,1,4,4,0,0.5762705207465938
1473493,1,4,5,0,0.5393899851249258
1473493,1,4,6,1,0.5176374469950858
1473493,1,5,1,1,0.5250350315577206
1473493,1,5,2,0,0.5543179916196347
1473493,1,5,3,1,0.536775701611716
1473493,1,5,4,1,0.5816632492887467
1473493,1,5,5,0,0.5157067894326071
1473493,1,5,6,0,0.5158472392310883
1473493,2,0,1,0,0.34292879586449154
1473493,2,0,2,1,0.3758145906828431
1473493,2,0,3,0,0.3938488080906707
1473493,2,0,4,0,0.4602282905161428
1473493,2,0,5,0,0.43792108377104433
1473493,2,0,6,0,0.45949297480388923
1473493,2,0,7,0,0.4455858771989033
1473493,2,1,1,0,0.4525308533705715
1473493,2,1,2,0,9.924247765745456e-05
1473493,2,1,3,0,0.48756148271071864
1473493,2,1,4,0,0.48647024865685395
1473493,2,1,5,0,0.4975858702072483
1473493,2,1,6,0,0.48628602533951665
1473493,2,2,1,0,0.5190878099045545
1473493,2,2,2,0,0.5457346582819104
1473493,2,2,3,0,0.5423809985898028
1473493,2,2,4,0,0.5448509898803643
1473493,2,2,5,0,0.5350637168710821
1473493,2,2,6,0,0.5115990693400252
1473493,2,2,7,0,0.5434680194742225
1473493,2,3,1,0,0.5337666435806119
1473493,2,3,2,1,0.5638169988704329
1473493,2,3,3,0,0.5585545807436305
1473493,2,3,4,0,0.5565925666499939
1473493,2,3,5,0,0.5246458156249383
1473493,2,3,6,0,0.5246355576704819
1473493,2,4,1,0,0.5206506544590599
1473493,2,4,2,0,0.551039817989514
1473493,2,4,3,0,0.5606554352374578
1473493,2,4,4,0,0.5762705207465938
1473493,2,4,5,0,0.5393899851249258
1473493,2,4,6,0,0.5176374469950858
1473493,2,5,1,1,0.5250350315577206
1473493,2,5,2,0,0.5543179916196347
1473493,2,5,3,0,0.536775701611716
1473493,2,5,4,0,0.5816632492887467
1473493,2,5,5,0,0.5157067894326071
1473493,2,5,6,0,0.5158472392310883
1473498,1,0,1,0,0.34292879586449154
1473498,1,0,2,0,0.3758145906828431
1473498,1,0,3,0,0.3938488080906707
1473498,1,0,4,0,0.4602282905161428
1473498,1,0,5,1,0.43792108377104433
1473498,1,0,6,0,0.45949297480388923
1473498,1,0,7,1,0.4455858771989033
1473498,1,1,1,0,0.4525308533705715
1473498,1,1,2,0,0.4881511531128101
1473498,1,1,3,0,0.48756148271071864
1473498,1,1,4,0,0.48647024865685395
1473498,1,1,5,0,0.4975858702072483
1473498,1,1,6,0,0.48628602533951665
1473498,1,1,7,0,0.5312862305625888
1473498,1,2,1,0,0.5190878099045545
1473498,1,2,2,0,0.5457346582819104
1473498,1,2,3,0,0.5423809985898028
1473498,1,2,4,0,0.5448509898803643
1473498,1,2,5,0,0.5350637168710821
1473498,1,2,6,0,0.5115990693400252
1473498,1,3,1,0,0.5337666435806119
1473498,1,3,2,0,7.207262176670686e-05
1473498,1,3,3,0,0.5585545807436305
1473498,1,3,4,0,0.5565925666499939
1473498,1,3,5,0,0.5246458156249383
1473498,1,3,6,0,0.5246355576704819
1473498,1,3,7,0,0.5656720274535049
1473498,1,4,1,1,0.5206506544590599
1473498,1,4,2,0,0.551039817989514
1473498,1,4,3,1,0.5606554352374578
1473498,1,4,4,0,0.5762705207465938
1473498,1,4,5,0,0.5393899851249258
1473498,1,4,6,0,0.5176374469950858
1473498,1,5,1,0,0.5250350315577206
1473498,1,5,2,1,0.5543179916196347
1473498,1,5,3,0,0.536775701611716
1473498,1,5,4,1,0.5816632492887467
1473498,1,5,5,1,0.5157067894326071
1473498,1,5,6,0,0.5158472392310883
1473498,2,0,1,0,0.34292879586449154
1473498,2,0,2,1,0.3758145906828431
1473498,2,0,3,0,0.3938488080906707
1473498,2,0,4,0,0.4602282905161428
1473498,2,0,5,0,0.43792108377104433
1473498,2,0,6,1,0.45949297480388923
1473498,2,1,1,1,0.4525308533705715
1473498,2,1,2,1,0.4881511531128101
1473498,2,1,3,1,0.48756148271071864
1473498,2,1,4,0,0.48647024865685395
1473498,2,1,5,0,0.4975858702072483
1473498,2,1,6,1,0.48628602533951665
1473498,2,2,1,0,0.5190878099045545
1473498,2,2,2,0,0.5457346582819104
1473498,2,2,3,0,0.5423809985898028
1473498,2,2,4,1,0.5448509898803643
1473498,2,2,5,1,0.5350637168710821
1473498,2,2,6,0,0.5115990693400252
1473498,2,3,1,0,0.5337666435806119
1473498,2,3,2,0,0.5638169988704329
1473498,2,3,3,0,0.5585545807436305
1473498,2,3,4,0,0.5565925666499939
1473498,2,3,5,0,0.5246458156249383
1473498,2,3,6,0,0.5246355576704819
1473498,2,4,1,0,0.5206506544590599
1473498,2,4,2,0,0.551039817989514
1473498,2,4,3,0,0.5606554352374578
1473498,2,4,4,0,0.5762705207465938
1473498,2,4,5,0,0.5393899851249258
1473498,2,4,6,0,0.5176374469950858
1473498,2,5,1,0,0.5250350315577206
1473498,2,5,2,0,0.5543179916196347
1473498,2,5,3,0,0.536775701611716
1473498,2,5,4,1,0.5816632492887467
1473498,2,5,5,0,0.5157067894326071
1473498,2,5,6,0,0.5158472392310883
1473500,1,0,1,0,0.34292879586449154
1473500,1,0,2,0,0.3758145906828431
1473500,1,0,3,1,0.3938488080906707
1473500,1,0,4,0,0.4602282905161428
1473500,1,0,5,0,0.43792108377104433
1473500,1,0,6,0,0.45949297480388923
1473500,1,1,1,0,0.4525308533705715
1473500,1,1,2,1,0.4881511531128101
1473500,1,1,3,0,0.48756148271071864
1473500,1,1,4,0,8.076183922023021e-05
1473500,1,1,5,0,0.4975858702072483
1473500,1,1,6,0,0.00010856370594880755
1473500,1,2,1,0,0.5190878099045545
1473500,1,2,2,0,0.5457346582819104
1473500,1,2,3,1,0.5423809985898028
1473500,1,2,4,0,0.5448509898803643
1473500,1,2,5,1,0.5350637168710821
1473500,1,2,6,0,0.5115990693400252
1473500,1,3,1,0,0.5337666435806119
1473500,1,3,2,0,0.5638169988704329
1473500,1,3,3,1,0.5585545807436305
1473500,1,3,4,1,0.5565925666499939
1473500,1,3,5,0,0.5246458156249383
1473500,1,3,6,1,0.5246355576704819
1473500,1,3,7,1,0.5656720274535049
1473500,1,4,1,0,0.5206506544590599
1473500,1,4,2,0,0.551039817989514
1473500,1,4,3,1,0.5606554352374578
1473500,1,4,4,0,0.5762705207465938
1473500,1,4,5,1,0.5393899851249258
1473500,1,4,6,0,0.5176374469950858
1473500,1,5,1,0,0.5250350315577206
1473500,1,5,2,1,0.5543179916196347
1473500,1,5,3,1,0.536775701611716
1473500,1,5,4,1,0.5816632492887467
1473500,1,5,5,0,7.613948438054935e-05
1473500,1,5,6,0,0.5158472392310883
1473500,2,0,1,1,0.34292879586449154
1473500,2,0,2,0,0.3758145906828431
1473500,2,0,3,0,0.3938488080906707
1473500,2,0,4,0,0.4602282905161428
1473500,2,0,5,0,0.43792108377104433
1473500,2,0,6,0,0.45949297480388923
1473500,2,1,1,0,0.4525308533705715
1473500,2,1,2,0,0.4881511531128101
1473500,2,1,3,0,0.48756148271071864
1473500,2,1,4,1,0.48647024865685395
1473500,2,1,5,0,0.4975858702072483
1473500,2,1,6,0,0.48628602533951665
1473500,2,2,1,0,0.5190878099045545
1473500,2,2,2,1,0.5457346582819104
1473500,2,2,3,1,0.5423809985898028
1473500,2,2,4,1,0.5448509898803643
1473500,2,2,5,1,0.5350637168710821
1473500,2,2,6,0,0.5115990693400252
1473500,2,3,1,0,0.5337666435806119
1473500,2,3,2,0,0.5638169988704329
1473500,2,3,3,1,0.5585545807436305
1473500,2,3,4,0,6.256559681168003e-05
1473500,2,3,5,0,0.5246458156249383
1473500,2,3,6,0,0.5246355576704819
1473500,2,4,1,0,0.5206506544590599
1473500,2,4,2,1,0.551039817989514
1473500,2,4,3,0,0.5606554352374578
1473500,2,4,4,1,0.5762705207465938
1473500,2,4,5,0,0.5393899851249258
1473500,2,4,6,0,0.5176374469950858
1473500,2,5,1,0,0.5250350315577206
1473500,2,5,2,0,0.5543179916196347
1473500,2,5,3,0,0.536775701611716
1473500,2,5,4,0,0.5816632492887467
1473500,2,5,5,0,0.5157067894326071
1473500,2,5,6,1,0.5158472392310883
1527686,1,0,1,1,0.34292879586449154
1527686,1,0,2,1,0.3758145906828431
1527686,1,0,3,1,0.3938488080906707
1527686,1,0,4,0,0.4602282905161428
1527686,1,0,5,1,0.43792108377104433
1527686,1,0,6,1,0.45949297480388923
1527686,1,1,1,1,0.4525308533705715
1527686,1,1,2,0,0.4881511531128101
1527686,1,1,3,0,0.48756148271071864
1527686,1,1,4,1,0.48647024865685395
1527686,1,1,5,0,0.4975858702072483
1527686,1,1,6,0,0.48628602533951665
1527686,1,2,1,1,0.5190878099045545
1527686,1,2,2,1,0.5457346582819104
1527686,1,2,3,0,0.5423809985898028
1527686,1,2,4,1,0.5448509898803643
1527686,1,2,5,0,0.5350637168710821
1527686,1,2,6,0,0.5115990693400252
1527686,1,2,7,0,0.5434680194742225
1527686,1,3,1,0,0.5337666435806119
1527686,1,3,2,0,0.5638169988704329
1527686,1,3,3,0,0.5585545807436305
1527686,1,3,4,0,0.5565925666499939
1527686,1,3,5,0,0.5246458156249383
1527686,1,3,6,0,0.5246355576704819
1527686,1,4,1,1,0.5206506544590599
1527686,1,4,2,1,0.551039817989514
1527686,1,4,3,0,0.5606554352374578
1527686,1,4,4,0,0.5762705207465938
1527686,1,4,5,1,0.5393899851249258
1527686,1,4,6,0,9.72386209166237e-05
1527686,1,5,1,0,0.5250350315577206
1527686,1,5,2,0,0.5543179916196347
1527686,1,5,3,0,0.536775701611716
1527686,1,5,4,0,0.5816632492887467
1527686,1,5,5,0,7.613948438054935e-05
1527686,1,5,6,0,0.5158472392310883
1527686,1,5,7,1,0.5010579670010621
1527686,2,0,1,0,0.34292879586449154
1527686,2,0,2,0,0.3758145906828431
1527686,2,0,3,0,0.3938488080906707
1527686,2,0,4,0,0.4602282905161428
1527686,2,0,5,1,0.43792108377104433
1527686,2,0,6,0,0.00022371304020557016
1527686,2,1,1,0,0.4525308533705715
1527686,2,1,2,1,0.4881511531128101
1527686,2,1,3,0,0.48756148271071864
1527686,2,1,4,0,0.48647024865685395
1527686,2,1,5,0,8.911846280782056e-05
1527686,2,1,6,0,0.48628602533951665
1527686,2,1,7,0,0.5312862305625888
1527686,2,2,1,0,0.5190878099045545
1527686,2,2,2,0,0.5457346582819104
1527686,2,2,3,0,6.163767430463305e-05
1527686,2,2,4,0,0.5448509898803643
1527686,2,2,5,0,0.5350637168710821
1527686,2,2,6,0,0.5115990693400252
1527686,2,2,7,0,0.5434680194742225
1527686,2,3,1,1,0.5337666435806119
1527686,2,3,2,0,0.5638169988704329
1527686,2,3,3,1,0.5585545807436305
1527686,2,3,4,0,0.5565925666499939
1527686,2,3,5,0,0.5246458156249383
1527686,2,3,6,0,0.5246355576704819
1527686,2,4,1,0,0.5206506544590599
1527686,2,4,2,1,0.551039817989514
1527686,2,4,3,0,7.01966065263333e-05
1527686,2,4,4,0,0.5762705207465938
1527686,2,4,5,1,0.5393899851249258
1527686,2,4,6,0,9.72386209166237e-05
1527686,2,5,1,0,0.5250350315577206
1527686,2,5,2,0,0.5543179916196347
1527686,2,5,3,1,0.536775701611716
1527686,2,5,4,0,0.5816632492887467
1527686,2,5,5,1,0.5157067894326071
1527686,2,5,6,0,0.5158472392310883
1527687,1,0,1,1,0.34292879586449154
1527687,1,0,2,0,0.3758145906828431
1527687,1,0,3,1,0.3938488080906707
1527687,1,0,4,0,0.4602282905161428
1527687,1,0,5,0,0.43792108377104433
1527687,1,0,6,0,0.45949297480388923
1527687,1,1,1,1,0.4525308533705715
1527687,1,1,2,0,0.4881511531128101
1527687,1,1,3,0,0.48756148271071864
1527687,1,1,4,0,0.48647024865685395
1527687,1,1,5,0,0.4975858702072483
1527687,1,1,6,0,0.48628602533951665
1527687,1,2,1,0,0.5190878099045545
1527687,1,2,2,0,6.71210527059499e-05
1527687,1,2,3,0,0.5423809985898028
1527687,1,2,4,0,0.5448509898803643
1527687,1,2,5,0,0.5350637168710821
1527687,1,2,6,1,0.5115990693400252
1527687,1,2,7,0,0.5434680194742225
1527687,1,2,8,0,0.6242857061636626
1527687,1,3,1,1,0.5337666435806119
1527687,1,3,2,1,0.5638169988704329
1527687,1,3,3,0,0.5585545807436305
1527687,1,3,4,0,0.5565925666499939
1527687,1,3,5,0,0.5246458156249383
1527687,1,3,6,0,0.5246355576704819
1527687,1,4,1,1,0.5206506544590599
1527687,1,4,2,1,0.551039817989514
1527687,1,4,3,1,0.5606554352374578
1527687,1,4,4,0,0.5762705207465938
1527687,1,4,5,1,0.5393899851249258
1527687,1,4,6,0,0.5176374469950858
1527687,1,5,1,0,0.5250350315577206
1527687,1,5,2,0,0.5543179916196347
1527687,1,5,3,1,0.536775701611716
1527687,1,5,4,0,0.5816632492887467
1527687,1,5,5,0,0.5157067894326071
1527687,1,5,6,0,0.5158472392310883
1527687,2,0,1,0,0.34292879586449154
1527687,2,0,2,1,0.3758145906828431
1527687,2,0,3,1,0.3938488080906707
1527687,2,0,4,0,0.4602282905161428
1527687,2,0,5,0,0.43792108377104433
1527687,2,0,6,1,0.45949297480388923
1527687,2,1,1,0,0.4525308533705715
1527687,2,1,2,0,0.4881511531128101
1527687,2,1,3,1,0.48756148271071864
1527687,2,1,4,0,0.48647024865685395
1527687,2,1,5,0,0.4975858702072483
1527687,2,1,6,0,0.48628602533951665
1527687,2,1,7,0,0.5312862305625888
1527687,2,2,1,0,0.5190878099045545
1527687,2,2,2,0,0.5457346582819104
1527687,2,2,3,0,0.5423809985898028
1527687,2,2,4,1,0.5448509898803643
1527687,2,2,5,0,0.5350637168710821
1527687,2,2,6,0,0.5115990693400252
1527687,2,2,7,0,0.5434680194742225
1527687,2,3,1,0,0.5337666435806119
1527687,2,3,2,0,0.5638169988704329
1527687,2,3,3,0,0.5585545807436305
1527687,2,3,4,1,0.5565925666499939
1527687,2,3,5,0,0.5246458156249383
1527687,2,3,6,0,0.5246355576704819
1527687,2,4,1,0,0.5206506544590599
1527687,2,4,2,0,0.551039817989514
1527687,2,4,3,0,0.5606554352374578
1527687,2,4,4,0,0.5762705207465938
1527687,2,4,5,0,0.5393899851249258
1527687,2,4,6,0,0.5176374469950858
1527687,2,5,1,1,0.5250350315577206
1527687,2,5,2,0,0.5543179916196347
1527687,2,5,3,1,0.536775701611716
1527687,2,5,4,1,0.5816632492887467
1527687,2,5,5,1,0.5157067894326071
1527687,2,5,6,1,0.5158472392310883
1527689,1,0,1,0,0.00038148845835141084
1527689,1,0,2,0,0.3758145906828431
1527689,1,0,3,1,0.3938488080906707
1527689,1,0,4,1,0.4602282905161428
1527689,1,0,5,0,0.43792108377104433
1527689,1,0,6,1,0.45949297480388923
1527689,1,1,1,1,0.4525308533705715
1527689,1,1,2,0,0.4881511531128101
1527689,1,1,3,0,0.48756148271071864
1527689,1,1,4,1,0.48647024865685395
1527689,1,1,5,0,0.4975858702072483
1527689,1,1,6,0,0.48628602533951665
1527689,1,1,7,0,0.5312862305625888
1527689,1,2,1,1,0.5190878099045545
1527689,1,2,2,0,0.5457346582819104
1527689,1,2,3,1,0.5423809985898028
1527689,1,2,4,1,0.5448509898803643
1527689,1,2,5,0,0.5350637168710821
1527689,1,2,6,0,8.629539099572611e-05
1527689,1,3,1,0,0.5337666435806119
1527689,1,3,2,0,0.5638169988704329
1527689,1,3,3,0,0.5585545807436305
1527689,1,3,4,0,0.5565925666499939
1527689,1,3,5,1,0.5246458156249383
1527689,1,3,6,1,0.5246355576704819
1527689,1,4,1,0,0.5206506544590599
1527689,1,4,2,0,0.551039817989514
1527689,1,4,3,0,0.5606554352374578
1527689,1,4,4,0,0.5762705207465938
1527689,1,4,5,0,7.839876431801788e-05
1527689,1,4,6,0,0.5176374469950858
1527689,1,5,1,0,0.5250350315577206
1527689,1,5,2,0,0.5543179916196347
1527689,1,5,3,0,0.536775701611716
1527689,1,5,4,0,0.5816632492887467
1527689,1,5,5,0,0.5157067894326071
1527689,1,5,6,0,0.5158472392310883
1527689,2,0,1,0,0.34292879586449154
1527689,2,0,2,0,0.3758145906828431
1527689,2,0,3,1,0.3938488080906707
1527689,2,0,4,0,0.4602282905161428
1527689,2,0,5,0,0.43792108377104433
1527689,2,0,6,1,0.45949297480388923
1527689,2,1,1,1,0.4525308533705715
1527689,2,1,2,0,0.4881511531128101
1527689,2,1,3,0,0.48756148271071864
1527689,2,1,4,0,0.48647024865685395
1527689,2,1,5,1,0.4975858702072483
1527689,2,1,6,0,0.00010856370594880755
1527689,2,2,1,0,0.5190878099045545
1527689,2,2,2,1,0.5457346582819104
1527689,2,2,3,1,0.5423809985898028
1527689,2,2,4,0,0.5448509898803643
1527689,2,2,5,0,0.5350637168710821
1527689,2,2,6,1,0.5115990693400252
1527689,2,3,1,0,0.5337666435806119
1527689,2,3,2,0,0.5638169988704329
1527689,2,3,3,1,0.5585545807436305
1527689,2,3,4,1,0.5565925666499939
1527689,2,3,5,1,0.5246458156249383
1527689,2,3,6,1,0.5246355576704819
1527689,2,4,1,0,0.5206506544590599
1527689,2,4,2,1,0.551039817989514
1527689,2,4,3,1,0.5606554352374578
1527689,2,4,4,0,0.5762705207465938
1527689,2,4,5,0,0.5393899851249258
1527689,2,4,6,1,0.5176374469950858
1527689,2,5,1,1,0.5250350315577206
1527689,2,5,2,1,0.5543179916196347
1527689,2,5,3,1,0.536775701611716
1527689,2,5,4,0,0.5816632492887467
1527689,2,5,5,1,0.5157067894326071
1527689,2,5,6,1,0.5158472392310883
1527691,1,0,1,0,0.34292879586449154
1527691,1,0,2,0,0.3758145906828431
1527691,1,0,3,0,0.3938488080906707
1527691,1,0,4,1,0.4602282905161428
1527691,1,0,5,0,0.43792108377104433
1527691,1,0,6,0,0.45949297480388923
1527691,1,0,7,0,0.4455858771989033
1527691,1,1,1,0,0.4525308533705715
1527691,1,1,2,0,0.4881511531128101
1527691,1,1,3,0,0.48756148271071864
1527691,1,1,4,0,0.48647024865685395
1527691,1,1,5,1,0.4975858702072483
1527691,1,1,6,1,0.48628602533951665
1527691,1,2,1,0,0.5190878099045545
1527691,1,2,2,1,0.5457346582819104
1527691,1,2,3,0,0.5423809985898028
1527691,1,2,4,0,0.5448509898803643
1527691,1,2,5,0,0.5350637168710821
1527691,1,2,6,0,0.5115990693400252
1527691,1,3,1,1,0.5337666435806119
1527691,1,3,2,0,0.5638169988704329
1527691,1,3,3,0,0.5585545807436305
1527691,1,3,4,1,0.5565925666499939
1527691,1,3,5,0,0.5246458156249383
1527691,1,3,6,1,0.5246355576704819
1527691,1,4,1,0,0.5206506544590599
1527691,1,4,2,0,0.551039817989514
1527691,1,4,3,0,0.5606554352374578
1527691,1,4,4,0,0.5762705207465938
1527691,1,4,5,1,0.5393899851249258
1527691,1,4,6,0,0.5176374469950858
1527691,1,5,1,0,0.5250350315577206
1527691,1,5,2,1,0.5543179916196347
1527691,1,5,3,0,0.536775701611716
1527691,1,5,4,0,0.5816632492887467
1527691,1,5,5,1,0.5157067894326071
1527691,1,5,6,0,0.5158472392310883
1527691,2,0,1,0,0.34292879586449154
1527691,2,0,2,1,0.3758145906828431
1527691,2,0,3,0,0.3938488080906707
1527691,2,0,4,0,0.4602282905161428
1527691,2,0,5,0,0.43792108377104433
1527691,2,0,6,0,0.45949297480388923
1527691,2,0,7,0,0.4455858771989033
1527691,2,0,8,0,0.3455787779741998
1527691,2,1,1,0,0.4525308533705715
1527691,2,1,2,1,0.4881511531128101
1527691,2,1,3,0,0.48756148271071864
1527691,2,1,4,1,0.48647024865685395
1527691,2,1,5,1,0.4975858702072483
1527691,2,1,6,0,0.48628602533951665
1527691,2,2,1,0,0.5190878099045545
1527691,2,2,2,1,0.5457346582819104
1527691,2,2,3,1,0.5423809985898028
1527691,2,2,4,0,0.5448509898803643
1527691,2,2,5,0,0.5350637168710821
1527691,2,2,6,0,0.5115990693400252
1527691,2,3,1,1,0.5337666435806119
1527691,2,3,2,0,0.5638169988704329
1527691,2,3,3,0,0.5585545807436305
1527691,2,3,4,1,0.5565925666499939
1527691,2,3,5,1,0.5246458156249383
1527691,2,3,6,0,0.5246355576704819
1527691,2,4,1,0,0.5206506544590599
1527691,2,4,2,0,0.551039817989514
1527691,2,4,3,0,0.5606554352374578
1527691,2,4,4,1,0.5762705207465938
1527691,2,4,5,0,0.5393899851249258
1527691,2,4,6,0,9.72386209166237e-05
1527691,2,5,1,0,0.5250350315577206
1527691,2,5,2,0,8.238543178915683e-05
1527691,2,5,3,0,0.536775701611716
1527691,2,5,4,1,0.5816632492887467
1527691,2,5,5,0,0.5157067894326071
1527691,2,5,6,0,0.5158472392310883
1529270,1,0,1,0,0.34292879586449154
1529270,1,0,2,0,0.3758145906828431
1529270,1,0,3,0,0.3938488080906707
1529270,1,0,4,0,0.4602282905161428
1529270,1,0,5,0,0.43792108377104433
1529270,1,0,6,0,0.45949297480388923
1529270,1,0,7,0,0.4455858771989033
1529270,1,1,1,1,0.4525308533705715
1529270,1,1,2,0,0.4881511531128101
1529270,1,1,3,0,0.48756148271071864
1529270,1,1,4,0,0.48647024865685395
1529270,1,1,5,0,0.4975858702072483
1529270,1,1,6,0,0.48628602533951665
1529270,1,2,1,0,0.5190878099045545
1529270,1,2,2,1,0.5457346582819104
1529270,1,2,3,0,0.5423809985898028
1529270,1,2,4,0,0.5448509898803643
1529270,1,2,5,0,0.5350637168710821
1529270,1,2,6,0,0.5115990693400252
1529270,1,3,1,1,0.5337666435806119
1529270,1,3,2,0,0.5638169988704329
1529270,1,3,3,0,0.5585545807436305
1529270,1,3,4,0,0.5565925666499939
1529270,1,3,5,1,0.5246458156249383
1529270,1,3,6,1,0.5246355576704819
1529270,1,4,1,0,0.5206506544590599
1529270,1,4,2,1,0.551039817989514
1529270,1,4,3,1,0.5606554352374578
1529270,1,4,4,1,0.5762705207465938
1529270,1,4,5,1,0.5393899851249258
1529270,1,4,6,1,0.5176374469950858
1529270,1,5,1,1,0.5250350315577206
1529270,1,5,2,0,0.5543179916196347
1529270,1,5,3,1,0.536775701611716
1529270,1,5,4,1,0.5816632492887467
1529270,1,5,5,0,7.613948438054935e-05
1529270,1,5,6,0,0.00010310924426488355
1529270,2,0,1,1,0.34292879586449154
1529270,2,0,2,0,0.3758145906828431
1529270,2,0,3,0,0.3938488080906707
1529270,2,0,4,0,0.4602282905161428
1529270,2,0,5,1,0.43792108377104433
1529270,2,0,6,1,0.45949297480388923
1529270,2,1,1,0,0.00020676315770243133
1529270,2,1,2,0,0.4881511531128101
1529270,2,1,3,0,0.48756148271071864
1529270,2,1,4,0,0.48647024865685395
1529270,2,1,5,0,0.4975858702072483
1529270,2,1,6,0,0.48628602533951665
1529270,2,1,7,1,0.5312862305625888
1529270,2,2,1,1,0.5190878099045545
1529270,2,2,2,0,0.5457346582819104
1529270,2,2,3,1,0.5423809985898028
1529270,2,2,4,0,0.5448509898803643
1529270,2,2,5,0,0.5350637168710821
1529270,2,2,6,1,0.5115990693400252
1529270,2,2,7,1,0.5434680194742225
1529270,2,2,8,1,0.6242857061636626
1529270,2,3,1,0,0.5337666435806119
1529270,2,3,2,0,0.5638169988704329
1529270,2,3,3,0,0.5585545807436305
1529270,2,3,4,0,0.5565925666499939
1529270,2,3,5,0,0.5246458156249383
1529270,2,3,6,0,0.5246355576704819
1529270,2,3,7,0,0.5656720274535049
1529270,2,3,8,1,0.6571105056916209
1529270,2,4,1,0,0.5206506544590599
1529270,2,4,2,0,0.551039817989514
1529270,2,4,3,0,0.5606554352374578
1529270,2,4,4,0,0.5762705207465938
1529270,2,4,5,0,7.839876431801788e-05
1529270,2,4,6,0,0.5176374469950858
1529270,2,4,7,0,0.5314435327996707
1529270,2,5,1,0,0.00016316266614252873
1529270,2,5,2,0,0.5543179916196347
1529270,2,5,3,0,0.536775701611716
1529270,2,5,4,0,0.5816632492887467
1529270,2,5,5,1,0.5157067894326071
1529270,2,5,6,0,0.5158472392310883
1529270,2,5,7,0,0.5010579670010621
1529275,1,0,1,0,0.34292879586449154
1529275,1,0,2,0,0.3758145906828431
1529275,1,0,3,0,0.3938488080906707
1529275,1,0,4,0,0.4602282905161428
1529275,1,0,5,0,0.43792108377104433
1529275,1,0,6,1,0.45949297480388923
1529275,1,0,7,0,0.4455858771989033
1529275,1,0,8,0,0.3455787779741998
1529275,1,1,1,0,0.4525308533705715
1529275,1,1,2,1,0.4881511531128101
1529275,1,1,3,1,0.48756148271071864
1529275,1,1,4,0,0.48647024865685395
1529275,1,1,5,0,0.4975858702072483
1529275,1,1,6,0,0.48628602533951665
1529275,1,2,1,0,0.5190878099045545
1529275,1,2,2,1,0.5457346582819104
1529275,1,2,3,1,0.5423809985898028
1529275,1,2,4,1,0.5448509898803643
1529275,1,2,5,0,7.095521043020302e-05
1529275,1,2,6,0,8.629539099572611e-05
1529275,1,3,1,0,0.5337666435806119
1529275,1,3,2,0,0.5638169988704329
1529275,1,3,3,0,0.5585545807436305
1529275,1,3,4,0,0.5565925666499939
1529275,1,3,5,0,0.5246458156249383
1529275,1,3,6,0,8.912938714004702e-05
1529275,1,4,1,0,0.5206506544590599
1529275,1,4,2,1,0.551039817989514
1529275,1,4,3,0,0.5606554352374578
1529275,1,4,4,0,0.5762705207465938
1529275,1,4,5,0,0.5393899851249258
1529275,1,4,6,0,0.5176374469950858
1529275,1,4,7,0,0.5314435327996707
1529275,1,5,1,0,0.5250350315577206
1529275,1,5,2,0,0.5543179916196347
1529275,1,5,3,1,0.536775701611716
1529275,1,5,4,0,0.5816632492887467
1529275,1,5,5,0,0.5157067894326071
1529275,1,5,6,0,0.5158472392310883
1529275,2,0,1,0,0.34292879586449154
1529275,2,0,2,0,0.3758145906828431
1529275,2,0,3,1,0.3938488080906707
1529275,2,0,4,1,0.4602282905161428
1529275,2,0,5,0,0.43792108377104433
1529275,2,0,6,0,0.00022371304020557016
1529275,2,1,1,0,0.4525308533705715
1529275,2,1,2,0,0.4881511531128101
1529275,2,1,3,0,0.48756148271071864
1529275,2,1,4,0,8.076183922023021e-05
1529275,2,1,5,0,0.4975858702072483
1529275,2,1,6,0,0.48628602533951665
1529275,2,2,1,0,0.5190878099045545
1529275,2,2,2,0,0.5457346582819104
1529275,2,2,3,0,0.5423809985898028
1529275,2,2,4,0,0.5448509898803643
1529275,2,2,5,0,7.095521043020302e-05
1529275,2,2,6,0,0.5115990693400252
1529275,2,2,7,1,0.5434680194742225
1529275,2,3,1,0,0.5337666435806119
1529275,2,3,2,1,0.5638169988704329
1529275,2,3,3,0,0.5585545807436305
1529275,2,3,4,0,0.5565925666499939
1529275,2,3,5,0,0.5246458156249383
1529275,2,3,6,0,0.5246355576704819
1529275,2,4,1,0,0.5206506544590599
1529275,2,4,2,0,0.551039817989514
1529275,2,4,3,0,0.5606554352374578
1529275,2,4,4,0,0.5762705207465938
1529275,2,4,5,0,0.5393899851249258
1529275,2,4,6,0,0.5176374469950858
1529275,2,5,1,0,0.5250350315577206
1529275,2,5,2,0,0.5543179916196347
1529275,2,5,3,0,0.536775701611716
1529275,2,5,4,1,0.5816632492887467
1529275,2,5,5,0,0.5157067894326071
1529275,2,5,6,0,0.5158472392310883
1529276,1,0,1,0,0.34292879586449154
1529276,1,0,2,0,0.3758145906828431
1529276,1,0,3,0,0.3938488080906707
1529276,1,0,4,0,0.4602282905161428
1529276,1,0,5,0,0.43792108377104433
1529276,1,0,6,1,0.45949297480388923
1529276,1,0,7,0,0.4455858771989033
1529276,1,1,1,0,0.4525308533705715
1529276,1,1,2,0,0.4881511531128101
1529276,1,1,3,1,0.48756148271071864
1529276,1,1,4,0,0.48647024865685395
1529276,1,1,5,1,0.4975858702072483
1529276,1,1,6,1,0.48628602533951665
1529276,1,1,7,0,0.5312862305625888
1529276,1,1,8,0,0.546464200793984
1529276,1,2,1,0,0.5190878099045545
1529276,1,2,2,1,0.5457346582819104
1529276,1,2,3,0,0.5423809985898028
1529276,1,2,4,0,0.5448509898803643
1529276,1,2,5,0,0.5350637168710821
1529276,1,2,6,0,8.629539099572611e-05
1529276,1,3,1,0,0.5337666435806119
1529276,1,3,2,0,0.5638169988704329
1529276,1,3,3,1,0.5585545807436305
1529276,1,3,4,1,0.5565925666499939
1529276,1,3,5,1,0.5246458156249383
1529276,1,3,6,0,0.5246355576704819
1529276,1,3,7,1,0.5656720274535049
1529276,1,4,1,1,0.5206506544590599
1529276,1,4,2,0,0.551039817989514
1529276,1,4,3,1,0.5606554352374578
1529276,1,4,4,0,0.5762705207465938
1529276,1,4,5,0,0.5393899851249258
1529276,1,4,6,0,0.5176374469950858
1529276,1,5,1,1,0.5250350315577206
1529276,1,5,2,1,0.5543179916196347
1529276,1,5,3,0,0.536775701611716
1529276,1,5,4,0,8.289229948853374e-05
1529276,1,5,5,0,0.5157067894326071
1529276,1,5,6,0,0.5158472392310883
1529276,2,0,1,0,0.34292879586449154
1529276,2,0,2,1,0.3758145906828431
1529276,2,0,3,0,0.3938488080906707
1529276,2,0,4,0,0.4602282905161428
1529276,2,0,5,0,0.43792108377104433
1529276,2,0,6,0,0.00022371304020557016
1529276,2,1,1,0,0.4525308533705715
1529276,2,1,2,0,0.4881511531128101
1529276,2,1,3,0,0.48756148271071864
1529276,2,1,4,0,0.48647024865685395
1529276,2,1,5,0,8.911846280782056e-05
1529276,2,1,6,1,0.48628602533951665
1529276,2,2,1,0,0.5190878099045545
1529276,2,2,2,0,0.5457346582819104
1529276,2,2,3,0,6.163767430463305e-05
1529276,2,2,4,0,0.5448509898803643
1529276,2,2,5,0,0.5350637168710821
1529276,2,2,6,0,0.5115990693400252
1529276,2,3,1,0,0.5337666435806119
1529276,2,3,2,0,0.5638169988704329
1529276,2,3,3,0,0.5585545807436305
1529276,2,3,4,0,0.5565925666499939
1529276,2,3,5,1,0.5246458156249383
1529276,2,3,6,0,0.5246355576704819
1529276,2,4,1,0,0.5206506544590599
1529276,2,4,2,0,0.551039817989514
1529276,2,4,3,1,0.5606554352374578
1529276,2,4,4,0,0.5762705207465938
1529276,2,4,5,0,0.5393899851249258
1529276,2,4,6,0,0.5176374469950858
1529276,2,5,1,0,0.5250350315577206
1529276,2,5,2,0,0.5543179916196347
1529276,2,5,3,0,0.536775701611716
1529276,2,5,4,0,0.5816632492887467
1529276,2,5,5,0,0.5157067894326071
1529276,2,5,6,0,0.5158472392310883
1529276,2,5,7,0,0.5010579670010621
1529276,2,5,8,0,0.26535124916327246
1529285,1,0,1,0,0.34292879586449154
1529285,1,0,2,0,0.3758145906828431
1529285,1,0,3,0,0.3938488080906707
1529285,1,0,4,0,0.4602282905161428
1529285,1,0,5,0,0.43792108377104433
1529285,1,0,6,1,0.45949297480388923
1529285,1,1,1,1,0.4525308533705715
1529285,1,1,2,1,0.4881511531128101
1529285,1,1,3,1,0.48756148271071864
1529285,1,1,4,1,0.48647024865685395
1529285,1,1,5,1,0.4975858702072483
1529285,1,1,6,0,0.48628602533951665
1529285,1,2,1,0,0.5190878099045545
1529285,1,2,2,1,0.5457346582819104
1529285,1,2,3,0,0.5423809985898028
1529285,1,2,4,0,6.313139414108697e-05
1529285,1,2,5,0,0.5350637168710821
1529285,1,2,6,0,0.5115990693400252
1529285,1,3,1,0,0.5337666435806119
1529285,1,3,2,0,0.5638169988704329
1529285,1,3,3,0,6.085998866754581e-05
1529285,1,3,4,0,0.5565925666499939
1529285,1,3,5,1,0.5246458156249383
1529285,1,3,6,0,0.5246355576704819
1529285,1,3,7,0,0.5656720274535049
1529285,1,4,1,0,0.5206506544590599
1529285,1,4,2,1,0.551039817989514
1529285,1,4,3,1,0.5606554352374578
1529285,1,4,4,0,0.5762705207465938
1529285,1,4,5,0,0.5393899851249258
1529285,1,4,6,1,0.5176374469950858
1529285,1,5,1,0,0.5250350315577206
1529285,1,5,2,1,0.5543179916196347
1529285,1,5,3,0,0.536775701611716
1529285,1,5,4,0,0.5816632492887467
1529285,1,5,5,0,0.5157067894326071
1529285,1,5,6,0,0.5158472392310883
1529285,2,0,1,0,0.34292879586449154
1529285,2,0,2,1,0.3758145906828431
1529285,2,0,3,1,0.3938488080906707
1529285,2,0,4,0,0.4602282905161428
1529285,2,0,5,0,0.43792108377104433
1529285,2,0,6,0,0.45949297480388923
1529285,2,1,1,1,0.4525308533705715
1529285,2,1,2,1,0.4881511531128101
1529285,2,1,3,0,0.48756148271071864
1529285,2,1,4,1,0.48647024865685395
1529285,2,1,5,1,0.4975858702072483
1529285,2,1,6,1,0.48628602533951665
1529285,2,2,1,1,0.5190878099045545
1529285,2,2,2,0,0.5457346582819104
1529285,2,2,3,0,0.5423809985898028
1529285,2,2,4,0,0.5448509898803643
1529285,2,2,5,0,0.5350637168710821
1529285,2,2,6,0,8.629539099572611e-05
1529285,2,3,1,0,0.5337666435806119
1529285,2,3,2,0,0.5638169988704329
1529285,2,3,3,0,0.5585545807436305
1529285,2,3,4,0,0.5565925666499939
1529285,2,3,5,0,0.5246458156249383
1529285,2,3,6,1,0.5246355576704819
1529285,2,4,1,0,0.5206506544590599
1529285,2,4,2,0,0.551039817989514
1529285,2,4,3,0,0.5606554352374578
1529285,2,4,4,0,0.5762705207465938
1529285,2,4,5,0,0.5393899851249258
1529285,2,4,6,0,9.72386209166237e-05
1529285,2,5,1,0,0.5250350315577206
1529285,2,5,2,0,0.5543179916196347
1529285,2,5,3,0,0.536775701611716
1529285,2,5,4,0,0.5816632492887467
1529285,2,5,5,1,0.5157067894326071
1529285,2,5,6,1,0.5158472392310883
