match_id,innings,over,ball_in_over,bowler,optimization_score
335982,1,5,6,Z Khan,-3.708333333333333
335982,1,8,6,JH Kallis,0.25
335982,1,12,6,JH Kallis,-3.323529411764706
335982,1,15,6,AA Noffke,-0.611111111111111
335982,2,5,6,AB Dinda,-4.694444444444445
335982,2,8,6,AB Agarkar,-5.25
335982,2,12,6,LR Shukla,-0.7000000000000001
335983,1,5,6,JR Hopes,-1.2499999999999998
335983,1,8,6,IK Pathan,-3.541666666666667
335983,1,12,6,WA Mota,-2.25
335983,1,15,6,IK Pathan,-5.861111111111112
335983,2,5,6,MS Gony,-3.1176470588235294
335983,2,8,6,Joginder Sharma,-1.7999999999999998
335983,2,12,6,P Amarnath,-3.666666666666667
335983,2,15,6,P Amarnath,-3.541666666666667
335984,1,5,6,MF Maharoof,0.33333333333333326
335984,1,8,6,R Bhatia,-2.208333333333333
335984,1,12,6,R Bhatia,-7.41304347826087
335984,1,15,6,B Geeves,-3.833333333333333
335984,2,5,6,SK Trivedi,-0.7000000000000001
335984,2,8,6,SK Warne,-0.5833333333333334
335984,2,12,6,D Salunkhe,0.0
335985,1,5,6,Z Khan,-7.416666666666667
335985,1,8,6,JH Kallis,-2.125
335985,1,12,6,SB Joshi,-0.16666666666666657
335985,1,15,6,JH Kallis,-1.7647058823529411
335985,2,5,6,SM Pollock,0.25
335985,2,8,6,Harbhajan Singh,-4.1
335985,2,12,6,AM Nayar,-1.3333333333333333
335985,2,15,6,SM Pollock,0.02083333333333337
335986,1,5,6,AB Agarkar,-2.0
335986,1,8,6,M Kartik,-5.041666666666667
335986,1,12,6,DJ Hussey,0.25
335986,1,15,6,I Sharma,-2.1176470588235294
335986,2,5,6,SB Styris,0.25
335986,2,8,6,SB Bangar,0.40909090909090917
335986,2,12,6,PP Ojha,0.375
335986,2,15,6,RP Singh,-2.7222222222222223
335987,1,5,6,SK Trivedi,-2.166666666666667
335987,1,8,6,SK Warne,-4.791666666666666
335987,1,12,6,SK Trivedi,-0.9583333333333335
335987,1,15,6,YK Pathan,-1.2499999999999998
335987,2,5,6,B Lee,-3.194444444444444
335987,2,8,6,JR Hopes,-3.194444444444444
335987,2,12,6,WA Mota,-0.6666666666666666
335987,2,15,6,B Lee,-3.354166666666667
335988,1,5,6,Mohammad Asif,-4.861111111111112
335988,1,8,6,VY Mahesh,-0.5833333333333334
335988,1,12,6,R Bhatia,-2.166666666666667
335988,1,15,6,Mohammad Asif,-5.020833333333333
335988,2,5,6,RP Singh,-3.3529411764705883
335988,2,8,6,SB Bangar,-1.5
335988,2,12,6,A Symonds,-2.4583333333333335
335989,1,5,6,A Nehra,-3.375
335989,1,8,6,DJ Bravo,-0.4999999999999999
335989,1,12,6,SM Pollock,-1.2777777777777777
335989,1,15,6,DJ Bravo,-1.4705882352941178
335989,2,5,6,MS Gony,-2.3611111111111116
335989,2,8,6,P Amarnath,-0.5833333333333334
335989,2,12,6,M Muralitharan,-0.27272727272727276
335989,2,15,6,M Muralitharan,-3.1388888888888893
335990,1,5,6,SR Watson,-0.7647058823529411
335990,1,8,6,SK Warne,-2.416666666666667
335990,1,12,6,YK Pathan,-5.875
335990,1,15,6,SK Warne,-3.4444444444444446
335990,2,5,6,PP Ojha,-2.166666666666667
335990,2,8,6,Shahid Afridi,-1.3333333333333333
335990,2,12,6,A Symonds,-0.6666666666666666
335990,2,15,6,D Kalyankrishna,-3.3888888888888893
335991,1,5,6,DS Kulkarni,-1.6
335991,1,8,6,Harbhajan Singh,-2.75
335991,1,12,6,MA Khote,0.08333333333333331
335991,1,15,6,DJ Bravo,-0.5833333333333334
335991,2,5,6,S Sreesanth,0.16666666666666663
335991,2,8,6,PP Chawla,-2.9166666666666665
335991,2,12,6,PP Chawla,-5.0625
335991,2,15,6,S Sreesanth,-3.0277777777777777
335992,1,5,6,MM Patel,-2.0833333333333335
335992,1,8,6,SK Trivedi,-2.6666666666666665
335992,1,12,6,YK Pathan,-0.6666666666666666
335992,1,15,6,SK Warne,-5.138888888888889
335992,2,5,6,Z Khan,-3.2222222222222223
335992,2,8,6,JH Kallis,-0.5833333333333334
335992,2,12,6,SB Joshi,-0.4999999999999999
335992,2,15,6,SB Joshi,-3.25
335993,1,5,6,MS Gony,-3.7777777777777777
335993,1,8,6,M Muralitharan,0.36363636363636376
335993,1,12,6,JDP Oram,-5.527777777777779
335993,1,15,6,M Muralitharan,0.30434782608695654
335993,2,5,6,AB Agarkar,-1.2499999999999998
335993,2,8,6,AB Agarkar,-3.375
335993,2,12,6,LR Shukla,0.25
335993,2,15,6,I Sharma,-0.23529411764705882
335994,1,5,6,Shahid Afridi,-3.0
335994,1,8,6,SB Bangar,-2.25
335994,1,12,6,D Kalyankrishna,-0.6666666666666666
335994,1,15,6,Shahid Afridi,-5.222222222222221
335994,2,5,6,SD Chitnis,-1.6
335994,2,8,6,ST Jayasuriya,-0.5833333333333334
335995,1,5,6,VRV Singh,-2.9166666666666665
335995,1,8,6,PP Chawla,-0.08333333333333331
335995,1,12,6,PP Chawla,-0.4999999999999999
335995,1,15,6,S Sreesanth,-1.4166666666666665
335995,2,5,6,MF Maharoof,-1.4166666666666665
335995,2,8,6,Mohammad Asif,-3.5
335995,2,12,6,MF Maharoof,-1.0555555555555556
335995,2,15,6,GD McGrath,-3.1875
335996,1,5,6,Z Khan,-3.5
335996,1,8,6,B Akhil,-0.6666666666666666
335996,1,12,6,B Akhil,-0.3055555555555556
335996,1,15,6,B Akhil,-0.5624999999999999
335996,2,5,6,MS Gony,-3.2777777777777777
335996,2,8,6,JA Morkel,-0.7272727272727273
335996,2,12,6,P Amarnath,-3.4166666666666665
335996,2,15,6,P Amarnath,-5.833333333333333
335997,1,5,6,DJ Bravo,-2.166666666666667
335997,1,8,6,CRD Fernando,-0.9166666666666666
335997,1,12,6,SM Pollock,-5.520833333333333
335997,1,15,6,ST Jayasuriya,-9.891304347826086
335997,2,5,6,I Sharma,-3.6944444444444446
335997,2,8,6,Mohammad Hafeez,-1.7999999999999998
335997,2,12,6,SC Ganguly,-0.3333333333333333
335997,2,15,6,LR Shukla,-1.4166666666666665
335998,1,5,6,P Kumar,-0.41666666666666663
335998,1,8,6,JH Kallis,0.25
335998,1,12,6,Z Khan,-1.5833333333333333
335998,1,15,6,P Kumar,-0.3055555555555556
335998,2,5,6,VY Mahesh,-0.5833333333333334
335998,2,8,6,DL Vettori,-0.16666666666666657
335998,2,12,6,Mohammad Asif,-1.0555555555555556
335998,2,15,6,GD McGrath,-10.541666666666666
335999,1,5,6,VRV Singh,-1.3333333333333333
335999,1,8,6,PP Chawla,-5.208333333333333
335999,1,12,6,PP Chawla,-7.555555555555555
335999,1,15,6,Gagandeep Singh,-2.9722222222222223
335999,2,5,6,SB Bangar,-2.25
335999,2,8,6,SB Bangar,-3.0833333333333335
335999,2,12,6,Shahid Afridi,-0.9166666666666667
335999,2,15,6,RP Singh,-0.8823529411764706
336000,1,5,6,Umar Gul,0.25
336000,1,8,6,AB Agarkar,-3.833333333333333
336000,1,12,6,AB Dinda,-0.7391304347826086
336000,1,15,6,Umar Gul,-5.3235294117647065
336000,2,5,6,SK Trivedi,-0.7000000000000001
336000,2,8,6,MM Patel,0.25
336000,2,12,6,YK Pathan,0.08333333333333331
336000,2,15,6,MM Patel,-0.22916666666666657
336001,1,5,6,VY Mahesh,-4.166666666666667
336001,1,8,6,V Sehwag,-2.9166666666666665
336001,1,12,6,GD McGrath,-5.551115123125783e-17
336001,1,15,6,VY Mahesh,-3.166666666666667
336001,2,5,6,JA Morkel,-1.2499999999999998
336001,2,8,6,JA Morkel,-0.9583333333333335
336001,2,12,6,M Muralitharan,-0.08333333333333331
336001,2,15,6,M Ntini,-0.5416666666666666
336002,1,5,6,DW Steyn,-0.2777777777777778
336002,1,8,6,B Akhil,-1.3333333333333333
336002,1,12,6,R Vinay Kumar,-3.291666666666667
336002,1,15,6,B Akhil,-1.6111111111111112
336002,2,5,6,DP Vijaykumar,-0.4999999999999999
336002,2,8,6,SB Bangar,-2.5
336002,2,12,6,WPUJC Vaas,-3.2777777777777777
336002,2,15,6,SB Bangar,-5.729166666666667
336003,1,5,6,AB Dinda,-3.3636363636363633
336003,1,8,6,Mohammad Hafeez,-3.833333333333333
336003,1,12,6,Umar Gul,-2.083333333333333
336003,1,15,6,DJ Hussey,-5.527777777777779
336003,2,5,6,IK Pathan,-4.882352941176471
336003,2,8,6,Gagandeep Singh,0.25
336003,2,12,6,Gagandeep Singh,-0.611111111111111
336003,2,15,6,JR Hopes,-0.20833333333333331
336004,1,5,6,VY Mahesh,-7.083333333333334
336004,1,8,6,PJ Sangwan,0.2272727272727273
336004,1,12,6,PJ Sangwan,-2.4791666666666665
336004,1,15,6,Shoaib Malik,-3.0
336004,2,5,6,DJ Bravo,-0.5833333333333334
336004,2,8,6,DS Kulkarni,-3.0833333333333335
336004,2,12,6,DJ Thornely,-3.125
336004,2,15,6,RR Raje,-0.24999999999999994
336005,1,5,6,SR Watson,-3.25
336005,1,8,6,MM Patel,-5.551115123125783e-17
336005,1,12,6,YK Pathan,-0.12499999999999994
336005,1,15,6,SR Watson,-2.9166666666666665
336005,2,5,6,MS Gony,-1.0277777777777777
336005,2,8,6,SK Raina,-0.6666666666666666
336005,2,12,6,S Vidyut,-3.416666666666667
336006,1,5,6,Gagandeep Singh,-0.4999999999999999
336006,1,8,6,VRV Singh,-0.12499999999999994
336006,1,12,6,IK Pathan,-5.166666666666667
336006,1,15,6,PP Chawla,-5.277777777777779
336006,2,5,6,JH Kallis,-0.6666666666666666
336006,2,8,6,P Kumar,-3.0833333333333335
336006,2,12,6,P Kumar,-5.291666666666666
336006,2,15,6,DW Steyn,0.1250000000000001
336007,1,5,6,SB Styris,-2.1999999999999997
336007,1,8,6,Shahid Afridi,-3.7916666666666665
336007,1,12,6,PP Ojha,0.25
336007,1,15,6,Shahid Afridi,-3.5833333333333335
336007,2,5,6,M Ntini,-1.0555555555555556
336007,2,8,6,M Muralitharan,-0.4999999999999999
336007,2,12,6,M Muralitharan,-0.5555555555555556
336007,2,15,6,JA Morkel,-2.9791666666666665
336008,1,5,6,DS Kulkarni,-2.0833333333333335
336008,1,8,6,DJ Bravo,-2.2727272727272725
336008,1,12,6,RR Raje,-2.7272727272727275
336008,1,15,6,A Nehra,-7.666666666666667
336008,2,5,6,MM Patel,-0.25
336008,2,8,6,SK Trivedi,-0.12499999999999994
336008,2,12,6,SK Trivedi,-0.4999999999999999
336009,1,5,6,JA Morkel,-3.3333333333333335
336009,1,8,6,M Muralitharan,-0.5833333333333334
336009,1,12,6,M Muralitharan,-0.375
336009,1,15,6,M Muralitharan,-0.18749999999999994
336009,2,5,6,VY Mahesh,-1.0454545454545454
336009,2,8,6,PJ Sangwan,-3.3888888888888893
336009,2,12,6,VY Mahesh,-1.0833333333333333
336009,2,15,6,Mohammad Asif,-3.0833333333333335
336010,1,5,6,R Vinay Kumar,0.16666666666666663
336010,1,8,6,A Kumble,-3.333333333333333
336010,1,12,6,R Vinay Kumar,-2.5277777777777777
336010,1,15,6,P Kumar,-3.805555555555556
336010,2,5,6,SC Ganguly,0.25
336010,2,8,6,M Kartik,-0.6666666666666666
336010,2,12,6,Umar Gul,-3.6176470588235294
336010,2,15,6,I Sharma,-2.854166666666667
336011,1,5,6,MM Patel,-0.4999999999999999
336011,1,8,6,SK Warne,0.16666666666666663
336011,1,12,6,YK Pathan,-3.1666666666666665
336011,1,15,6,SK Trivedi,-4.694444444444445
336011,2,5,6,PP Ojha,-2.25
336011,2,8,6,Shahid Afridi,-0.12499999999999994
336011,2,12,6,PP Ojha,-3.4705882352941173
336011,2,15,6,RP Singh,-2.791666666666667
336012,1,5,6,CRD Fernando,-4.666666666666666
336012,1,8,6,DS Kulkarni,0.09999999999999998
336012,1,12,6,A Nehra,-3.0277777777777777
336012,1,15,6,DR Smith,-7.6521739130434785
336012,2,5,6,R Vinay Kumar,0.25
336012,2,8,6,A Kumble,-1.0416666666666667
336012,2,12,6,R Vinay Kumar,-0.75
336012,2,15,6,A Kumble,-1.2083333333333335
336013,1,5,6,VRV Singh,-2.0
336013,1,8,6,PP Chawla,-3.5
336013,1,12,6,IK Pathan,-0.5588235294117647
336013,1,15,6,S Sreesanth,-5.520833333333333
336013,2,5,6,JA Morkel,-2.5277777777777777
336013,2,8,6,P Amarnath,-1.0416666666666667
336013,2,12,6,L Balaji,-5.166666666666667
336013,2,15,6,L Balaji,-5.029411764705882
336014,1,5,6,RP Singh,-1.3333333333333333
336014,1,8,6,Y Venugopal Rao,0.30000000000000004
336014,1,12,6,Y Venugopal Rao,-2.4722222222222223
336014,1,15,6,SB Styris,-1.0
336014,2,5,6,Umar Gul,-4.5
336014,2,8,6,SC Ganguly,-2.5833333333333335
336014,2,12,6,AB Dinda,-8.375
336014,2,15,6,I Sharma,-1.0277777777777777
336015,1,5,6,SR Watson,-2.7222222222222223
336015,1,8,6,SK Warne,0.16666666666666663
336015,1,12,6,SK Warne,-0.08333333333333331
336015,1,15,6,SK Trivedi,-4.8055555555555545
336015,2,5,6,PJ Sangwan,0.33333333333333326
336015,2,8,6,VY Mahesh,-1.6
336015,2,12,6,A Mishra,-5.136363636363637
336015,2,15,6,V Sehwag,-3.458333333333333
336016,1,5,6,PP Chawla,-4.1
336016,1,8,6,VRV Singh,0.20833333333333337
336016,1,12,6,PP Chawla,-5.4375
336016,1,15,6,JR Hopes,-1.3333333333333333
336016,2,5,6,Z Khan,-0.2222222222222222
336016,2,8,6,R Vinay Kumar,-2.625
336016,2,12,6,V Kohli,-0.7499999999999999
336017,1,5,6,PJ Sangwan,-0.59375
336017,1,8,6,VY Mahesh,-3.3333333333333335
336017,1,12,6,A Mishra,-0.12499999999999994
336017,1,15,6,PJ Sangwan,-5.520833333333333
336017,2,5,6,AB Dinda,-0.8333333333333333
336017,2,8,6,SC Ganguly,-0.5833333333333334
336017,2,12,6,SC Ganguly,-0.3055555555555556
336017,2,15,6,AB Dinda,-5.708333333333333
336018,1,5,6,DJ Bravo,-2.9166666666666665
336018,1,8,6,DS Kulkarni,-5.458333333333333
336018,1,12,6,A Nehra,-0.7941176470588236
336018,1,15,6,DJ Bravo,-3.2777777777777777
336018,2,5,6,JA Morkel,-1.8529411764705883
336018,2,8,6,L Balaji,-0.045454545454545414
336018,2,12,6,M Muralitharan,-1.0
336019,1,5,6,SR Watson,-1.2499999999999998
336019,1,8,6,SK Trivedi,0.25
336019,1,12,6,MM Patel,-0.75
336019,1,15,6,D Salunkhe,-0.5555555555555556
336019,2,5,6,JR Hopes,-1.2499999999999998
336019,2,8,6,PP Chawla,0.16666666666666663
336019,2,12,6,PP Chawla,-5.388888888888889
336019,2,15,6,VRV Singh,-0.3888888888888889
336020,1,5,6,PM Sarvesh Kumar,-0.8
336020,1,8,6,SB Styris,-0.6249999999999999
336020,1,12,6,PM Sarvesh Kumar,-0.611111111111111
336020,1,15,6,PP Ojha,-3.1999999999999997
336020,2,5,6,MF Maharoof,-0.6666666666666666
336020,2,8,6,A Mishra,-4.708333333333334
336020,2,12,6,MF Maharoof,-2.6666666666666665
336020,2,15,6,MF Maharoof,-2.861111111111111
336021,1,5,6,DJ Bravo,-0.5
336021,1,8,6,A Nehra,-0.16666666666666663
336021,1,12,6,DJ Thornely,-2.181818181818182
336022,1,5,6,VRV Singh,-2.9999999999999996
336022,1,8,6,RR Powar,-3.5454545454545454
336022,2,5,6,A Mishra,-3.1666666666666665
336023,1,5,6,P Kumar,-0.19444444444444453
336023,1,8,6,A Kumble,0.16666666666666663
336023,1,12,6,A Kumble,-2.75
336023,1,15,6,JH Kallis,-0.8333333333333334
336023,2,5,6,MM Patel,-2.9722222222222223
336023,2,8,6,SR Watson,0.29166666666666674
336023,2,12,6,SK Trivedi,-3.590909090909091
336023,2,15,6,SK Warne,-7.6875
336024,1,5,6,RP Singh,-0.8333333333333333
336024,1,8,6,Shahid Afridi,-4.666666666666666
336024,1,12,6,Y Venugopal Rao,-5.590909090909091
336024,1,15,6,Shahid Afridi,-5.145833333333333
336024,2,5,6,RR Raje,-0.5
336024,2,8,6,DJ Thornely,-0.6666666666666666
336024,2,12,6,ST Jayasuriya,-0.5416666666666666
336024,2,15,6,DJ Bravo,-2.7777777777777777
336025,1,5,6,MS Gony,-0.2222222222222222
336025,1,8,6,M Muralitharan,-0.12499999999999994
336025,1,12,6,JA Morkel,-0.08333333333333331
336025,1,15,6,M Muralitharan,-0.9375
336025,2,5,6,AB Agarkar,-0.4999999999999999
336026,1,5,6,VY Mahesh,-0.45833333333333315
336026,1,8,6,MF Maharoof,-2.208333333333333
336026,1,12,6,VY Mahesh,-0.29411764705882354
336026,1,15,6,MF Maharoof,-7.222222222222222
336026,2,5,6,JH Kallis,-1.4166666666666665
336026,2,8,6,B Akhil,-2.333333333333333
336026,2,12,6,B Akhil,-2.333333333333333
336026,2,15,6,A Kumble,-5.125
336027,1,5,6,SR Watson,-0.4999999999999999
336027,1,8,6,SK Warne,0.41666666666666674
336027,1,12,6,SK Warne,-0.25
336027,1,15,6,MM Patel,-5.458333333333333
336027,2,5,6,Umar Gul,-4.5
336027,2,8,6,AB Agarkar,-1.0555555555555556
336027,2,12,6,AB Dinda,-0.2777777777777778
336027,2,15,6,I Sharma,-3.0833333333333335
336028,1,5,6,VS Yeligati,-1.3333333333333333
336028,1,8,6,DR Smith,-0.6666666666666666
336028,1,12,6,SD Chitnis,-1.0
336028,1,15,6,CRD Fernando,-0.8055555555555556
336028,2,5,6,VRV Singh,-2.0
336028,2,8,6,PP Chawla,-2.5833333333333335
336028,2,12,6,VRV Singh,-1.6666666666666665
336028,2,15,6,PP Chawla,-5.291666666666666
336029,1,5,6,MS Gony,-4.638888888888888
336029,1,8,6,M Muralitharan,-2.291666666666667
336029,1,12,6,JA Morkel,-0.4999999999999999
336029,1,15,6,L Balaji,-3.0833333333333335
336029,2,5,6,JH Kallis,0.33333333333333326
336029,2,8,6,R Vinay Kumar,0.16666666666666663
336029,2,12,6,R Vinay Kumar,-2.852941176470588
336029,2,15,6,DW Steyn,-5.638888888888888
336031,1,5,6,RR Powar,0.30000000000000004
336031,1,8,6,PP Chawla,-0.12499999999999994
336031,1,12,6,RR Powar,-0.027777777777777846
336031,1,15,6,PP Chawla,-0.47916666666666663
336031,2,5,6,RP Singh,-1.4166666666666665
336031,2,8,6,Y Venugopal Rao,-1.3333333333333333
336031,2,12,6,PP Ojha,-2.25
336031,2,15,6,SB Styris,-2.833333333333333
336032,1,5,6,VY Mahesh,-2.0833333333333335
336032,1,8,6,MF Maharoof,0.03125
336032,1,12,6,VY Mahesh,-5.5
336032,1,15,6,A Mishra,-2.5208333333333335
336032,2,5,6,DS Kulkarni,-0.4999999999999999
336032,2,8,6,DR Smith,-0.6
336032,2,12,6,DR Smith,-5.555555555555555
336032,2,15,6,A Nehra,-3.0555555555555554
336033,1,5,6,MS Gony,-1.1111111111111112
336033,1,8,6,JA Morkel,-0.9583333333333335
336033,1,12,6,M Muralitharan,-0.3611111111111111
336033,1,15,6,M Muralitharan,-0.39583333333333337
336033,2,5,6,Pankaj Singh,-1.1666666666666667
336033,2,8,6,SK Warne,-2.291666666666667
336033,2,12,6,MM Patel,-1.8333333333333335
336033,2,15,6,Pankaj Singh,-0.5624999999999999
336034,1,5,6,Shahid Afridi,-0.5833333333333334
336034,1,8,6,SB Bangar,-1.4999999999999998
336034,1,12,6,PP Ojha,-5.166666666666667
336034,1,15,6,PP Ojha,-5.270833333333333
336034,2,5,6,P Kumar,-2.166666666666667
336034,2,8,6,JH Kallis,0.33333333333333326
336034,2,12,6,P Kumar,-3.0
336034,2,15,6,DW Steyn,-0.27083333333333326
336035,1,5,6,I Sharma,-1.5
336035,1,8,6,LR Shukla,-0.8999999999999999
336035,1,12,6,BAW Mendis,-2.805555555555556
336035,1,15,6,I Sharma,-0.8055555555555556
336035,2,5,6,S Sreesanth,-5.75
336035,2,8,6,PP Chawla,-3.0
336035,2,12,6,IK Pathan,-0.7222222222222222
336035,2,15,6,JR Hopes,-3.458333333333333
336036,1,5,6,YK Pathan,0.41666666666666674
336036,1,8,6,SK Trivedi,0.16666666666666663
336036,1,12,6,SK Trivedi,-5.38235294117647
336036,1,15,6,SK Warne,-2.934782608695652
336036,2,5,6,CRD Fernando,-2.1000000000000005
336036,2,8,6,AM Nayar,0.16666666666666663
336036,2,12,6,ST Jayasuriya,0.20833333333333337
336036,2,15,6,CRD Fernando,-4.944444444444445
336037,1,5,6,MS Gony,-2.6944444444444446
336037,1,8,6,M Muralitharan,0.125
336037,1,12,6,M Muralitharan,-2.305555555555556
336037,1,15,6,JA Morkel,-0.4411764705882353
336037,2,5,6,Shahid Afridi,0.25
336037,2,8,6,PM Sarvesh Kumar,-3.75
336037,2,12,6,SB Styris,-0.24999999999999994
336037,2,15,6,PP Ojha,-2.5
336038,1,5,6,VY Mahesh,-2.0833333333333335
336038,1,8,6,MF Maharoof,-8.0
336038,1,12,6,Mohammad Asif,-1.0555555555555556
336038,1,15,6,A Mishra,-5.5625
336038,2,5,6,SR Watson,-7.416666666666667
336038,2,8,6,SK Warne,-0.5833333333333334
336038,2,12,6,SK Warne,-5.277777777777779
336038,2,15,6,MM Patel,-7.729166666666666
336039,1,5,6,M Ntini,-5.472222222222221
336039,1,8,6,MS Gony,-7.354166666666667
336039,1,12,6,L Balaji,0.16666666666666663
336039,1,15,6,M Muralitharan,-2.4565217391304346
336039,2,5,6,VRV Singh,-0.41666666666666663
336039,2,8,6,JR Hopes,-0.5833333333333334
336039,2,12,6,RR Powar,-1.0833333333333333
336040,1,5,6,YK Pathan,-2.25
336040,1,8,6,YK Pathan,-5.166666666666667
336040,1,12,6,YK Pathan,-7.666666666666667
336040,1,15,6,Sohail Tanvir,-0.5416666666666666
336040,2,5,6,MS Gony,-3.1111111111111107
336040,2,8,6,JA Morkel,-5.199999999999999
336040,2,12,6,M Muralitharan,-0.5833333333333334
336040,2,15,6,L Balaji,-1.3333333333333333
392181,1,5,6,T Thushara,-3.0
392181,1,8,6,JDP Oram,-0.24999999999999994
392181,1,12,6,Joginder Sharma,-0.3888888888888889
392181,1,15,6,A Flintoff,-0.5416666666666666
392181,2,5,6,SL Malinga,-2.090909090909091
392181,2,8,6,ST Jayasuriya,-0.7499999999999999
392181,2,12,6,ST Jayasuriya,-2.888888888888889
392181,2,15,6,SL Malinga,-4.888888888888888
392182,1,5,6,Kamran Khan,-0.5833333333333334
392182,1,8,6,T Henderson,-3.0
392182,1,12,6,YK Pathan,0.16666666666666663
392182,1,15,6,SK Warne,-4.916666666666667
392182,2,5,6,R Vinay Kumar,0.41666666666666674
392182,2,8,6,JD Ryder,-7.125
392182,2,12,6,JD Ryder,-7.194444444444445
392183,1,5,6,VY Mahesh,-1.1363636363636362
392183,1,8,6,DL Vettori,-5.083333333333333
392184,1,5,6,Harmeet Singh,-2.1000000000000005
392184,1,8,6,PP Ojha,0.33333333333333326
392184,1,12,6,PP Ojha,-4.729166666666666
392184,1,15,6,SB Styris,-5.875
392184,2,5,6,I Sharma,-0.13888888888888873
392184,2,8,6,M Kartik,0.25
392184,2,12,6,M Kartik,-0.14583333333333331
392185,1,5,6,R Vinay Kumar,-1.4166666666666665
392185,1,8,6,JH Kallis,-1.8333333333333335
392185,1,12,6,KP Pietersen,-4.791666666666666
392185,1,15,6,P Kumar,-3.3333333333333335
392185,2,5,6,JA Morkel,-2.5833333333333335
392185,2,8,6,A Flintoff,-2.166666666666667
392185,2,12,6,L Balaji,-3.416666666666667
392186,1,5,6,MC Henriques,-1.3333333333333333
392186,1,8,6,SC Ganguly,-4.666666666666666
392186,1,12,6,SC Ganguly,-5.1875
392186,1,15,6,MC Henriques,-3.305555555555556
392186,2,5,6,VS Malik,-3.833333333333333
392186,2,8,6,PP Chawla,0.25
392188,1,5,6,JH Kallis,-0.9583333333333335
392188,1,8,6,A Kumble,0.16666666666666663
392188,1,12,6,A Kumble,-0.6249999999999999
392188,1,15,6,KP Pietersen,-5.055555555555555
392188,2,5,6,RP Singh,-2.6944444444444446
392188,2,8,6,PP Ojha,-0.4999999999999999
392188,2,12,6,PP Ojha,-2.854166666666667
392188,2,15,6,SB Styris,-5.583333333333333
392189,1,5,6,A Flintoff,-1.4166666666666665
392189,1,8,6,JA Morkel,-4.208333333333334
392189,1,12,6,JA Morkel,-3.5833333333333335
392189,1,15,6,MS Gony,-3.361111111111111
392189,2,5,6,PJ Sangwan,-2.1999999999999997
392189,2,8,6,DL Vettori,-0.5833333333333334
392189,2,12,6,DL Vettori,-3.0555555555555554
392189,2,15,6,A Nehra,-3.361111111111111
392190,1,5,6,AB Agarkar,-1.6
392190,1,8,6,BAW Mendis,-5.125
392190,1,12,6,BAW Mendis,-4.978260869565218
392190,1,15,6,CH Gayle,0.1388888888888889
392190,2,5,6,AD Mascarenhas,-3.1666666666666665
392190,2,8,6,SK Warne,-2.25
392190,2,12,6,MM Patel,-3.0416666666666665
392190,2,15,6,MM Patel,-3.4117647058823533
392191,1,5,6,YA Abdulla,-5.083333333333333
392191,1,8,6,PP Chawla,0.20833333333333337
392191,1,12,6,RS Bopara,0.16666666666666663
392191,1,15,6,IK Pathan,-3.305555555555556
392191,2,5,6,R Vinay Kumar,0.16666666666666663
392191,2,8,6,A Kumble,0.08333333333333331
392191,2,12,6,A Kumble,-2.333333333333333
392191,2,15,6,P Kumar,-0.6249999999999999
392192,1,5,6,Harbhajan Singh,-1.7
392192,1,8,6,Harbhajan Singh,-0.5833333333333334
392192,1,12,6,ST Jayasuriya,-3.1470588235294117
392192,1,15,6,Z Khan,-3.1041666666666665
392192,2,5,6,RP Singh,-2.75
392192,2,8,6,DR Smith,-0.5833333333333334
392192,2,12,6,PP Ojha,-5.027777777777778
392192,2,15,6,Y Venugopal Rao,-0.1388888888888889
392194,1,5,6,A Nehra,-3.058823529411765
392194,1,8,6,A Mishra,0.19999999999999996
392194,1,12,6,A Mishra,-2.3125
392194,1,15,6,DP Nannes,-2.805555555555556
392194,2,5,6,Pankaj Singh,-5.055555555555555
392194,2,8,6,A Kumble,-0.16666666666666657
392194,2,12,6,A Kumble,-0.04166666666666666
392194,2,15,6,B Akhil,-3.0833333333333335
392195,1,5,6,YK Pathan,0.33333333333333326
392195,1,8,6,MM Patel,-4.972222222222222
392195,1,12,6,YK Pathan,-0.055555555555555525
392195,1,15,6,SK Warne,-0.611111111111111
392195,2,5,6,VRV Singh,-0.41666666666666663
392195,2,8,6,PP Chawla,-4.791666666666666
392195,2,12,6,PP Chawla,-5.166666666666667
392195,2,15,6,Yuvraj Singh,0.25
392196,1,5,6,Y Venugopal Rao,-0.5833333333333334
392196,1,8,6,RG Sharma,-2.7083333333333335
392196,1,12,6,PP Ojha,-5.208333333333333
392196,1,15,6,Shoaib Ahmed,-0.16666666666666657
392196,2,5,6,SK Raina,-2.25
392196,2,8,6,M Muralitharan,-0.08823529411764705
392196,2,12,6,JDP Oram,0.08333333333333331
392196,2,15,6,M Muralitharan,-2.4583333333333335
392197,1,5,6,SC Ganguly,-0.7000000000000001
392197,1,8,6,BAW Mendis,-1.0833333333333335
392197,1,12,6,LR Shukla,-3.375
392197,1,15,6,BAW Mendis,-3.1666666666666665
392197,2,5,6,Harbhajan Singh,-1.1666666666666667
392197,2,8,6,AM Nayar,-0.6666666666666666
392197,2,12,6,AM Nayar,-7.527777777777778
392198,1,5,6,MM Patel,-3.0
392198,1,8,6,MM Patel,-2.7272727272727275
392198,1,12,6,YK Pathan,-0.6666666666666666
392198,1,15,6,SK Warne,-5.333333333333333
392198,2,5,6,A Nehra,-2.3888888888888893
392198,2,8,6,A Mishra,-2.7083333333333335
392198,2,12,6,DL Vettori,-2.166666666666667
392198,2,15,6,DL Vettori,-1.4583333333333333
392199,1,5,6,A Kumble,-2.083333333333333
392199,1,8,6,P Kumar,-2.5
392199,1,12,6,KP Pietersen,-2.4791666666666665
392199,1,15,6,KP Appanna,-3.4166666666666665
392199,2,5,6,CH Gayle,-0.4999999999999999
392199,2,8,6,CH Gayle,-0.16666666666666657
392199,2,12,6,I Sharma,-2.4166666666666665
392199,2,15,6,BJ Hodge,-7.583333333333333
392200,1,5,6,Harbhajan Singh,-2.5833333333333335
392200,1,8,6,JP Duminy,-2.333333333333333
392200,1,12,6,JP Duminy,-2.588235294117647
392200,1,15,6,DJ Bravo,-2.6363636363636362
392200,2,5,6,VS Malik,-2.958333333333333
392200,2,8,6,PP Chawla,-1.4166666666666665
392200,2,12,6,RR Powar,-2.2608695652173916
392200,2,15,6,IK Pathan,-2.264705882352941
392201,1,5,6,PJ Sangwan,-0.45833333333333315
392201,1,8,6,A Mishra,-2.333333333333333
392201,1,12,6,A Mishra,-2.916666666666667
392201,1,15,6,A Nehra,-0.5833333333333334
392201,2,5,6,RP Singh,-2.75
392201,2,8,6,Shoaib Ahmed,-5.444444444444445
392201,2,12,6,DR Smith,-0.41666666666666663
392201,2,15,6,FH Edwards,-0.96875
392202,1,5,6,YK Pathan,-5.25
392202,1,8,6,SK Trivedi,-2.166666666666667
392202,1,12,6,MM Patel,-2.5
392202,1,15,6,SK Warne,-2.833333333333333
392202,2,5,6,JA Morkel,-5.277777777777779
392202,2,8,6,M Muralitharan,0.2727272727272727
392202,2,12,6,L Balaji,-2.6666666666666665
392202,2,15,6,M Muralitharan,-0.5624999999999999
392203,1,5,6,M Kartik,-3.0
392203,1,8,6,CH Gayle,0.33333333333333326
392203,1,12,6,M Kartik,-2.5833333333333335
392203,1,15,6,CH Gayle,-2.4782608695652177
392203,2,5,6,Harbhajan Singh,-0.041666666666666796
392203,2,8,6,GR Napier,-0.16666666666666657
392203,2,12,6,SL Malinga,-0.18181818181818177
392203,2,15,6,Z Khan,-5.529411764705882
392204,1,5,6,VS Malik,-0.611111111111111
392204,1,8,6,PP Chawla,0.3999999999999999
392204,1,12,6,PP Chawla,-0.08333333333333331
392204,1,15,6,Yuvraj Singh,-7.791666666666666
392204,2,5,6,JH Kallis,-0.2777777777777778
392204,2,8,6,JD Ryder,-0.5833333333333334
392204,2,12,6,JD Ryder,-3.0
392204,2,15,6,A Kumble,-2.75
392205,1,5,6,SM Harwood,-2.833333333333333
392205,1,8,6,SK Warne,-0.7000000000000001
392205,1,12,6,SK Warne,-0.611111111111111
392205,1,15,6,AS Raut,-0.5833333333333334
392205,2,5,6,RP Singh,-2.6176470588235294
392205,2,8,6,RG Sharma,-0.27272727272727276
392205,2,12,6,PP Ojha,-0.3611111111111111
392205,2,15,6,Shoaib Ahmed,-0.6249999999999999
392206,1,5,6,PJ Sangwan,-3.590909090909091
392206,1,8,6,TM Dilshan,0.16666666666666663
392206,1,12,6,R Bhatia,-3.0
392206,1,15,6,A Nehra,-5.529411764705882
392206,2,5,6,S Tyagi,-5.194444444444445
392206,2,8,6,SB Jakati,-2.6666666666666665
392206,2,12,6,JDP Oram,-1.3333333333333333
392206,2,15,6,SB Jakati,-5.277777777777779
392207,1,5,6,VS Malik,0.25
392207,1,8,6,PP Chawla,-0.12499999999999994
392207,1,12,6,VS Malik,-0.027777777777777846
392207,1,15,6,PP Chawla,-2.847826086956522
392207,2,5,6,AB Agarkar,-3.0
392207,2,8,6,SC Ganguly,-0.6666666666666666
392207,2,12,6,M Kartik,0.2272727272727273
392207,2,15,6,CH Gayle,-0.3055555555555556
392208,1,5,6,D du Preez,-7.083333333333334
392208,1,8,6,JH Kallis,-0.14583333333333331
392208,1,12,6,A Kumble,-0.6249999999999999
392208,1,15,6,R Vinay Kumar,-0.33333333333333337
392208,2,5,6,SL Malinga,-0.7916666666666667
392208,2,8,6,AM Nayar,-0.34375
392208,2,12,6,DJ Bravo,-0.5833333333333334
392208,2,15,6,ST Jayasuriya,0.16666666666666663
392209,1,5,6,RG Sharma,-0.4999999999999999
392209,1,8,6,DR Smith,-0.5833333333333334
392209,1,12,6,TL Suman,-2.375
392209,1,15,6,PP Ojha,-0.04166666666666666
392209,2,5,6,L Balaji,-2.166666666666667
392209,2,8,6,SB Jakati,-5.583333333333333
392209,2,12,6,SB Jakati,-10.166666666666666
392210,1,5,6,YA Abdulla,-1.4999999999999998
392210,1,8,6,PP Chawla,-0.4999999999999999
392210,1,12,6,PP Chawla,-0.4999999999999999
392210,1,15,6,YA Abdulla,-1.861111111111111
392210,2,5,6,YK Pathan,-2.5833333333333335
392210,2,8,6,SK Trivedi,-2.75
392210,2,12,6,YK Pathan,-3.0416666666666665
392210,2,15,6,SK Warne,-6.147058823529412
392211,1,5,6,A Mishra,-0.5416666666666666
392211,1,8,6,PJ Sangwan,-2.5
392211,1,12,6,PJ Sangwan,-3.0652173913043477
392211,1,15,6,R Bhatia,-0.6666666666666666
392211,2,5,6,BJ Hodge,-0.7000000000000001
392211,2,8,6,AB Agarkar,-3.0416666666666665
392211,2,12,6,MC Henriques,-0.9166666666666666
392211,2,15,6,I Sharma,-1.0277777777777777
392212,1,5,6,DJ Bravo,-2.083333333333333
392212,1,8,6,DJ Bravo,-2.166666666666667
392212,1,12,6,ST Jayasuriya,-2.6666666666666665
392212,1,15,6,DS Kulkarni,-2.6086956521739135
392212,2,5,6,DR Smith,-1.2499999999999998
392212,2,8,6,TL Suman,-2.166666666666667
392212,2,12,6,RJ Harris,-0.25
392212,2,15,6,RG Sharma,-4.666666666666666
392213,1,5,6,LA Carseldine,-3.1
392213,1,8,6,RA Jadeja,-2.333333333333333
392213,1,12,6,RA Jadeja,-4.8055555555555545
392213,1,15,6,AS Raut,0.08333333333333331
392213,2,5,6,JH Kallis,-2.4444444444444446
392213,2,8,6,A Kumble,-2.625
392213,2,12,6,R Vinay Kumar,-0.7000000000000001
392214,1,5,6,VRV Singh,-1.2499999999999998
392214,1,8,6,K Goel,-0.16666666666666657
392214,1,12,6,S Sreesanth,-0.3055555555555556
392214,1,15,6,IK Pathan,-3.5555555555555554
392214,2,5,6,M Muralitharan,0.09999999999999998
392214,2,8,6,SB Jakati,-3.458333333333333
392214,2,12,6,M Muralitharan,-0.6458333333333333
392214,2,15,6,L Balaji,-2.9722222222222223
392215,1,5,6,PJ Sangwan,-2.291666666666667
392215,1,8,6,A Mishra,0.3181818181818181
392215,1,12,6,R Bhatia,-2.5277777777777777
392215,1,15,6,DP Nannes,-5.470588235294118
392215,2,5,6,DS Kulkarni,0.25
392215,2,8,6,JP Duminy,-2.333333333333333
392215,2,12,6,JP Duminy,-2.2222222222222223
392215,2,15,6,SR Tendulkar,-2.9166666666666665
392216,1,5,6,S Sreesanth,-2.958333333333333
392216,1,8,6,PP Chawla,-3.0416666666666665
392216,1,12,6,Yuvraj Singh,-0.5833333333333334
392216,1,15,6,IK Pathan,-1.0555555555555556
392216,2,5,6,Y Venugopal Rao,0.25
392216,2,8,6,A Symonds,-1.7999999999999998
392216,2,12,6,Shoaib Ahmed,-5.361111111111111
392216,2,15,6,PP Ojha,0.1388888888888889
392217,1,5,6,JDP Oram,-0.41666666666666663
392217,1,8,6,M Muralitharan,-3.0416666666666665
392217,1,12,6,M Muralitharan,-5.291666666666666
392217,1,15,6,SB Jakati,-3.0277777777777777
392217,2,5,6,A Singh,-2.9166666666666665
392217,2,8,6,SK Warne,-0.4545454545454546
392217,2,12,6,RA Jadeja,0.33333333333333326
392217,2,15,6,SM Harwood,-1.2499999999999998
392218,1,5,6,JH Kallis,-0.4722222222222221
392218,1,8,6,A Kumble,-0.24999999999999994
392218,1,12,6,A Mithun,-0.4999999999999999
392218,1,15,6,RE van der Merwe,-2.5555555555555554
392218,2,5,6,DJ Bravo,-3.291666666666667
392218,2,8,6,C Nanda,-2.333333333333333
392218,2,12,6,C Nanda,-2.75
392218,2,15,6,SL Malinga,-2.5588235294117645
392219,1,5,6,PJ Sangwan,-0.8
392219,1,8,6,TM Dilshan,-0.20833333333333331
392219,1,12,6,TM Dilshan,0.04166666666666663
392219,1,15,6,PJ Sangwan,-1.3749999999999998
392219,2,5,6,BJ Hodge,0.41666666666666674
392219,2,8,6,I Sharma,-2.7647058823529416
392219,2,12,6,M Kartik,0.25
392219,2,15,6,M Kartik,-2.7755575615628914e-17
392220,1,5,6,SK Trivedi,-3.75
392220,1,8,6,SK Warne,-0.7083333333333333
392220,1,12,6,YK Pathan,-2.625
392220,1,15,6,RA Jadeja,-5.1875
392220,2,5,6,WPUJC Vaas,-5.138888888888889
392220,2,8,6,A Symonds,-0.3055555555555556
392220,2,12,6,DR Smith,0.16666666666666663
392220,2,15,6,RG Sharma,-9.791666666666668
392221,1,5,6,JH Kallis,-0.6944444444444444
392221,1,8,6,KP Appanna,-0.6666666666666666
392221,1,12,6,JD Ryder,-0.3888888888888889
392221,1,15,6,A Kumble,-0.5555555555555556
392221,2,5,6,DJ Hussey,-1.3333333333333333
392221,2,8,6,M Kartik,-2.318181818181818
392221,2,12,6,M Kartik,-5.1875
392221,2,15,6,BAW Mendis,-2.5
392222,1,5,6,DJ Bravo,-5.458333333333333
392222,1,8,6,JP Duminy,0.25
392222,1,12,6,Harbhajan Singh,-2.2222222222222223
392222,1,15,6,JP Duminy,-4.916666666666667
392222,2,5,6,PP Chawla,-3.0
392222,2,8,6,Yuvraj Singh,-0.16666666666666657
392222,2,12,6,PP Chawla,-3.2083333333333335
392222,2,15,6,B Lee,-2.760869565217391
392223,1,5,6,Shoaib Ahmed,-3.7500000000000004
392223,1,8,6,A Symonds,-2.7222222222222223
392223,1,12,6,DR Smith,0.125
392223,1,15,6,RP Singh,-0.027777777777777846
392223,2,5,6,A Nehra,-2.0
392223,2,8,6,A Mishra,-1.3333333333333333
392223,2,12,6,PJ Sangwan,-7.369565217391305
392223,2,15,6,A Nehra,-1.6388888888888888
392224,1,5,6,JH Kallis,-5.375
392224,1,8,6,RE van der Merwe,0.16666666666666663
392224,1,12,6,RE van der Merwe,-2.861111111111111
392224,1,15,6,B Akhil,0.33333333333333326
392224,2,5,6,L Balaji,0.25
392224,2,8,6,M Muralitharan,-0.4999999999999999
392224,2,12,6,M Muralitharan,-0.7222222222222222
392224,2,15,6,M Muralitharan,-2.958333333333333
392225,1,5,6,JP Duminy,0.41666666666666674
392225,1,8,6,Harbhajan Singh,-2.625
392225,1,12,6,JP Duminy,-0.25
392225,1,15,6,SL Malinga,-3.0
392225,2,5,6,SK Trivedi,-2.25
392225,2,8,6,J Botha,0.30000000000000004
392225,2,12,6,YK Pathan,-0.14705882352941177
392225,2,15,6,SK Warne,-7.500000000000001
392226,1,5,6,S Sreesanth,-1.6
392226,1,8,6,RR Powar,0.16666666666666663
392226,1,12,6,PP Chawla,0.375
392226,1,15,6,WA Mota,-2.333333333333333
392226,2,5,6,MF Maharoof,-5.5
392226,2,8,6,PJ Sangwan,-1.6666666666666667
392226,2,12,6,TM Dilshan,-0.5833333333333334
392226,2,15,6,PJ Sangwan,-3.4722222222222223
392227,1,5,6,S Tyagi,-3.75
392227,1,8,6,M Muralitharan,-0.16666666666666657
392227,1,12,6,SK Raina,-2.333333333333333
392227,1,15,6,SB Jakati,-0.24999999999999994
392227,2,5,6,DJ Bravo,-2.458333333333333
392227,2,8,6,Harbhajan Singh,0.20833333333333337
392227,2,12,6,DS Kulkarni,-3.5
392227,2,15,6,C Nanda,-0.11764705882352941
392228,1,5,6,A Symonds,0.41666666666666674
392228,1,8,6,Harmeet Singh,-0.16666666666666657
392228,1,12,6,RG Sharma,0.25
392228,1,15,6,PP Ojha,-0.5833333333333334
392228,2,5,6,BJ Hodge,-1.2499999999999998
392228,2,8,6,DJ Hussey,0.08333333333333331
392228,2,12,6,M Kartik,-2.1388888888888884
392228,2,15,6,I Sharma,-0.47916666666666663
392229,1,5,6,RJ Harris,-0.45833333333333315
392229,1,8,6,Y Venugopal Rao,-2.25
392229,1,12,6,TL Suman,0.23529411764705888
392229,1,15,6,RJ Harris,-0.5277777777777777
392229,2,5,6,S Sreesanth,-0.41666666666666663
392229,2,8,6,PP Chawla,0.20833333333333337
392229,2,12,6,B Lee,-0.2647058823529413
392229,2,15,6,Yuvraj Singh,-7.1875
392230,1,5,6,SK Trivedi,-1.2499999999999998
392230,1,8,6,J Botha,-0.20833333333333331
392230,1,12,6,RA Jadeja,-0.5833333333333334
392230,1,15,6,YK Pathan,0.16666666666666663
392230,2,5,6,MF Maharoof,-0.41666666666666663
392230,2,8,6,AM Salvi,-2.7222222222222223
392230,2,12,6,AM Salvi,-5.083333333333333
392230,2,15,6,MF Maharoof,-5.375
392231,1,5,6,BJ Hodge,-0.5833333333333334
392231,1,8,6,BJ Hodge,-0.20833333333333331
392231,1,12,6,DJ Hussey,-2.772727272727273
392231,1,15,6,BAW Mendis,-0.6944444444444444
392231,2,5,6,S Tyagi,-1.2499999999999998
392231,2,8,6,SB Jakati,-0.20833333333333331
392231,2,12,6,SK Raina,-0.6249999999999999
392231,2,15,6,M Muralitharan,-5.0625
392232,1,5,6,JH Kallis,-2.4722222222222223
392232,1,8,6,RE van der Merwe,-0.6666666666666666
392232,1,12,6,V Kohli,0.25
392232,1,15,6,RE van der Merwe,-2.944444444444444
392232,2,5,6,AM Salvi,-0.4444444444444443
392232,2,8,6,DL Vettori,0.08333333333333331
392232,2,12,6,Y Nagar,-2.3999999999999995
392232,2,15,6,DL Vettori,-0.1388888888888889
392233,1,5,6,AB Agarkar,-3.6666666666666665
392233,1,8,6,SS Sarkar,0.0
392233,1,12,6,LR Shukla,-2.541666666666667
392233,1,15,6,SS Sarkar,0.08333333333333331
392233,2,5,6,A Singh,-2.9444444444444446
392233,2,8,6,SK Warne,0.33333333333333326
392233,2,12,6,SK Warne,-0.25
392233,2,15,6,RA Jadeja,-0.16666666666666657
392234,1,5,6,S Sreesanth,-0.4999999999999999
392234,1,8,6,RR Powar,-5.277777777777779
392234,1,12,6,PP Chawla,0.08333333333333331
392234,1,15,6,WA Mota,-2.333333333333333
392234,2,5,6,R Ashwin,0.33333333333333326
392234,2,8,6,M Muralitharan,-2.166666666666667
392234,2,12,6,SK Raina,-2.166666666666667
392234,2,15,6,R Ashwin,-4.75
392235,1,5,6,DP Nannes,-5.166666666666667
392235,1,8,6,R Bhatia,-0.8
392235,1,12,6,PJ Sangwan,-2.9444444444444446
392235,1,15,6,R Bhatia,-2.875
392235,2,5,6,DS Kulkarni,-4.111111111111111
392235,2,8,6,Harbhajan Singh,0.20833333333333337
392235,2,12,6,ST Jayasuriya,-0.6666666666666666
392235,2,15,6,JP Duminy,0.33333333333333326
392236,1,5,6,A Symonds,0.33333333333333326
392236,1,8,6,Jaskaran Singh,-0.5909090909090909
392236,1,12,6,A Symonds,-2.2777777777777777
392236,1,15,6,Jaskaran Singh,-1.0277777777777777
392236,2,5,6,RE van der Merwe,-1.7
392236,2,8,6,B Akhil,-2.2727272727272725
392236,2,12,6,RE van der Merwe,-0.5882352941176472
392236,2,15,6,RE van der Merwe,-2.895833333333333
392237,1,5,6,PP Ojha,-1.1666666666666667
392237,1,8,6,A Symonds,-0.9166666666666666
392237,1,12,6,RG Sharma,0.0
392237,1,15,6,PP Ojha,-0.8611111111111112
392237,2,5,6,V Sehwag,-3.5
392237,2,8,6,TM Dilshan,-0.027777777777777846
392237,2,12,6,A Nehra,-3.305555555555556
392237,2,15,6,PJ Sangwan,-0.9166666666666666
392238,1,5,6,A Kumble,-0.4999999999999999
392238,1,8,6,JH Kallis,-3.2777777777777777
392238,1,12,6,R Vinay Kumar,-3.5833333333333335
392238,1,15,6,RE van der Merwe,0.08333333333333331
392238,2,5,6,JA Morkel,-3.305555555555556
392238,2,8,6,SB Jakati,-0.8055555555555556
392238,2,12,6,SB Jakati,-3.0416666666666665
392238,2,15,6,M Muralitharan,-2.166666666666667
392239,1,5,6,R Vinay Kumar,-2.625
392239,1,8,6,A Kumble,-4.625
392239,1,12,6,A Kumble,-4.694444444444445
392239,1,15,6,RE van der Merwe,-0.39583333333333337
392239,2,5,6,A Symonds,0.25
392239,2,8,6,PP Ojha,-5.166666666666667
392239,2,12,6,PP Ojha,-5.527777777777779
392239,2,15,6,Harmeet Singh,-5.479166666666667
419106,1,5,6,Jaskaran Singh,-3.0
419106,1,8,6,A Symonds,0.16666666666666663
419106,1,12,6,A Symonds,0.2058823529411764
419106,1,15,6,PP Ojha,-0.12499999999999994
419106,2,5,6,M Kartik,-3.0
419106,2,8,6,AD Mathews,0.13636363636363635
419106,2,12,6,CK Langeveldt,-2.7777777777777777
419106,2,15,6,LR Shukla,-0.6666666666666666
419107,1,5,6,A Uniyal,-3.458333333333333
419107,1,8,6,AD Mascarenhas,-5.805555555555555
419107,1,12,6,AA Jhunjhunwala,-0.5833333333333334
419107,1,15,6,YK Pathan,-0.6666666666666666
419107,2,5,6,AG Murtaza,-2.083333333333333
419107,2,8,6,R McLaren,-0.8055555555555556
419107,2,12,6,R McLaren,-1.2727272727272727
419107,2,15,6,AG Murtaza,-3.479166666666667
419108,1,5,6,MF Maharoof,-6.088235294117647
419108,1,8,6,VY Mahesh,-0.8999999999999999
419108,1,12,6,PJ Sangwan,-3.25
419108,1,15,6,VY Mahesh,-2.861111111111111
419108,2,5,6,S Sreesanth,-5.25
419108,2,8,6,YA Abdulla,-0.16666666666666657
419108,2,12,6,YA Abdulla,-2.7777777777777777
419108,2,15,6,PP Chawla,-3.1041666666666665
419109,1,5,6,M Kartik,-3.0
419109,1,8,6,SC Ganguly,-0.6666666666666666
419109,1,12,6,AD Mathews,-5.027777777777778
419109,1,15,6,RS Gavaskar,-0.5833333333333334
419109,2,5,6,A Kumble,-1.2499999999999998
419109,2,8,6,RE van der Merwe,-0.3181818181818182
419109,2,12,6,DW Steyn,-1.21875
419109,2,15,6,A Kumble,-0.27083333333333326
419110,1,5,6,M Muralitharan,-0.09090909090909105
419110,1,8,6,R Ashwin,-5.083333333333333
419110,1,12,6,R Ashwin,-5.027777777777778
419110,1,15,6,L Balaji,-0.8529411764705883
419110,2,5,6,PP Ojha,-2.25
419110,2,8,6,RG Sharma,-0.12499999999999994
419110,2,12,6,WPUJC Vaas,-7.604166666666667
419110,2,15,6,RG Sharma,-2.6666666666666665
419111,1,5,6,MF Maharoof,-3.5277777777777777
419111,1,8,6,PJ Sangwan,-2.181818181818182
419111,1,12,6,MF Maharoof,-3.2291666666666665
419111,1,15,6,S Ladda,-0.25
419111,2,5,6,AD Mascarenhas,-5.805555555555555
419111,2,8,6,SK Warne,-0.6666666666666666
419111,2,12,6,SK Warne,-2.6111111111111107
419111,2,15,6,SW Tait,-0.29166666666666674
419112,1,5,6,JH Kallis,-1.2499999999999998
419112,1,8,6,A Kumble,-0.5416666666666666
419112,1,12,6,V Kohli,-1.1363636363636362
419112,1,15,6,DW Steyn,-3.0833333333333335
419112,2,5,6,IK Pathan,-1.3055555555555554
419112,2,8,6,PP Chawla,-2.291666666666667
419112,2,12,6,S Sreesanth,-1.0833333333333333
419112,2,15,6,Bipul Sharma,-2.7083333333333335
419113,1,5,6,LR Shukla,-1.2499999999999998
419113,1,8,6,LR Shukla,-3.416666666666667
419113,1,12,6,SE Bond,-0.25
419113,1,15,6,M Kartik,0.20833333333333337
419113,2,5,6,MS Gony,-4.055555555555555
419113,2,8,6,JM Kemp,-3.1999999999999997
419113,2,12,6,JM Kemp,-7.472222222222222
419113,2,15,6,M Muralitharan,-2.4722222222222223
419114,1,5,6,S Ladda,-1.3333333333333333
419114,1,8,6,A Mishra,-0.5833333333333334
419114,1,12,6,A Mishra,-3.3888888888888893
419114,1,15,6,DP Nannes,-0.5555555555555556
419114,2,5,6,KA Pollard,-0.5833333333333334
419114,2,8,6,Harbhajan Singh,-2.3000000000000003
419114,2,12,6,KA Pollard,-3.0833333333333335
419114,2,15,6,ST Jayasuriya,-7.354166666666667
419115,1,5,6,JH Kallis,-2.3000000000000003
419115,1,8,6,A Kumble,-2.25
419115,1,12,6,JH Kallis,-5.000000000000001
419115,1,15,6,R Vinay Kumar,-0.4999999999999999
419115,2,5,6,SK Warne,-0.5833333333333334
419115,2,8,6,S Narwal,-0.6363636363636364
419116,1,5,6,L Balaji,-2.5833333333333335
419116,1,8,6,JA Morkel,-0.5909090909090909
419116,1,12,6,R Ashwin,-3.638888888888889
419116,1,15,6,M Muralitharan,-5.208333333333333
419116,2,5,6,PJ Sangwan,-0.875
419116,2,8,6,UT Yadav,-3.5833333333333335
419116,2,12,6,DP Nannes,-2.5
419116,2,15,6,TM Dilshan,-3.5
419117,1,5,6,PP Chawla,0.25
419117,1,8,6,IK Pathan,-0.16666666666666657
419117,1,12,6,Yuvraj Singh,-4.708333333333334
419117,1,15,6,PP Chawla,-0.3888888888888889
419117,2,5,6,A Symonds,-0.41666666666666663
419117,2,8,6,PP Ojha,-0.5416666666666666
419117,2,12,6,A Symonds,-2.75
419117,2,15,6,A Symonds,-2.6666666666666665
419118,1,5,6,AD Mathews,-2.166666666666667
419118,1,8,6,M Kartik,-3.0
419118,1,12,6,AB Dinda,-5.75
419118,1,15,6,AD Mathews,-1.4166666666666665
419118,2,5,6,SK Trivedi,0.41666666666666674
419118,2,8,6,SK Trivedi,-0.16666666666666657
419118,2,12,6,YK Pathan,-3.0277777777777777
419118,2,15,6,SW Tait,-0.7777777777777778
419119,1,5,6,R Vinay Kumar,-0.5833333333333334
419119,1,8,6,R Vinay Kumar,-0.5833333333333334
419119,1,12,6,R Vinay Kumar,-7.854166666666666
419119,1,15,6,A Kumble,-2.416666666666667
419119,2,5,6,KA Pollard,-2.166666666666667
419119,2,8,6,ST Jayasuriya,-0.7499999999999999
419119,2,12,6,DJ Bravo,-0.8611111111111112
419119,2,15,6,Harbhajan Singh,-3.0625
419120,1,5,6,A Mishra,-2.4444444444444446
419120,1,8,6,DP Nannes,-1.3333333333333333
419120,1,12,6,UT Yadav,-0.20833333333333331
419120,1,15,6,MC Henriques,-3.0277777777777777
419120,2,5,6,RG Sharma,-0.4999999999999999
419120,2,8,6,PP Ojha,-2.75
419120,2,12,6,R Sharma,-2.75
419120,2,15,6,PP Ojha,-5.458333333333334
419121,1,5,6,L Balaji,-0.5833333333333334
419121,1,8,6,M Muralitharan,-2.166666666666667
419121,1,12,6,R Ashwin,-0.5277777777777777
419121,1,15,6,SK Raina,-0.36363636363636365
419121,2,5,6,J Theron,-0.6
419121,2,8,6,RR Powar,-2.9444444444444446
419121,2,12,6,J Theron,-2.590909090909091
419121,2,15,6,RR Powar,-2.75
419122,1,5,6,DJ Bravo,0.375
419122,1,8,6,Harbhajan Singh,0.16666666666666663
419122,1,12,6,Harbhajan Singh,-2.333333333333333
419122,1,15,6,Z Khan,-0.6666666666666667
419122,2,5,6,SE Bond,-1.2499999999999998
419122,2,8,6,M Kartik,-2.25
419122,2,12,6,CH Gayle,-0.5833333333333334
419122,2,15,6,I Sharma,-6.479166666666666
419123,1,5,6,S Tyagi,-0.2777777777777778
419123,1,8,6,S Tyagi,-0.1304347826086956
419123,1,12,6,R Ashwin,-0.6666666666666666
419123,1,15,6,M Muralitharan,-7.916666666666667
419123,2,5,6,JH Kallis,-0.5833333333333334
419123,2,8,6,A Kumble,0.2777777777777778
419123,2,12,6,A Kumble,-2.4375
419123,2,15,6,R Vinay Kumar,-10.805555555555557
419124,1,5,6,S Sreesanth,-3.0294117647058827
419124,1,8,6,SJ Srivastava,-1.65625
419124,1,12,6,SJ Srivastava,-1.282608695652174
419124,1,15,6,IK Pathan,-0.9166666666666666
419124,2,5,6,SK Warne,-2.5999999999999996
419124,2,8,6,SK Trivedi,0.2272727272727273
419124,2,12,6,MM Patel,-6.145833333333333
419124,2,15,6,SK Warne,-3.2916666666666665
419125,1,5,6,DJ Bravo,-1.4166666666666665
419125,1,8,6,Harbhajan Singh,-2.5833333333333335
419125,1,12,6,SL Malinga,-1.0909090909090908
419125,1,15,6,Z Khan,-1.1388888888888888
419125,2,5,6,L Balaji,-0.8333333333333334
419125,2,8,6,SB Jakati,-3.5
419125,2,12,6,M Muralitharan,-2.6111111111111107
419125,2,15,6,NLTC Perera,-2.9999999999999996
419126,1,5,6,S Narwal,-3.0
419126,1,8,6,SK Warne,-4.75
419126,1,12,6,SW Tait,-5.090909090909092
419126,1,15,6,YK Pathan,0.09090909090909094
419126,2,5,6,R Sharma,0.25
419126,2,8,6,PP Ojha,-3.833333333333333
419126,2,12,6,WPUJC Vaas,-0.8611111111111112
419127,1,5,6,VS Malik,0.19999999999999996
419127,1,8,6,SJ Srivastava,-5.5625
419127,1,12,6,B Lee,-1.0555555555555556
419127,1,15,6,PP Chawla,-2.916666666666667
419127,2,5,6,AB Agarkar,-3.75
419127,2,8,6,Iqbal Abdulla,-0.4999999999999999
419127,2,12,6,DJ Hussey,0.08333333333333331
419127,2,15,6,AD Mathews,-2.833333333333333
419128,1,5,6,R Vinay Kumar,-3.0
419128,1,8,6,A Kumble,-0.7499999999999999
419128,1,12,6,JH Kallis,-0.4411764705882353
419128,1,15,6,A Kumble,-0.31249999999999994
419128,2,5,6,UT Yadav,-0.5882352941176472
419128,2,8,6,AB McDonald,-1.3333333333333333
419128,2,12,6,PJ Sangwan,-0.7058823529411765
419128,2,15,6,PJ Sangwan,-2.9782608695652177
419129,1,5,6,M Muralitharan,-0.5416666666666666
419129,1,8,6,Joginder Sharma,-1.0833333333333335
419129,1,12,6,SB Jakati,-5.166666666666667
419129,1,15,6,JA Morkel,-3.833333333333333
419129,2,5,6,SW Tait,-0.12499999999999994
419129,2,8,6,SK Trivedi,-2.166666666666667
419129,2,12,6,SK Trivedi,-2.5277777777777777
419129,2,15,6,YK Pathan,-5.239130434782608
419130,1,5,6,RP Singh,-1.3333333333333333
419130,1,8,6,PP Ojha,-0.5416666666666666
419130,1,12,6,PP Ojha,-5.3125
419130,1,15,6,A Symonds,-0.8333333333333334
419130,2,5,6,SL Malinga,-2.0
419130,2,8,6,Harbhajan Singh,-3.1363636363636367
419130,2,12,6,R McLaren,-0.75
419130,2,15,6,SL Malinga,-4.722222222222222
419131,1,5,6,DJ Hussey,-0.4999999999999999
419131,1,8,6,AD Mathews,-0.20833333333333331
419131,1,12,6,DJ Hussey,-0.1111111111111111
419131,1,15,6,M Kartik,-0.3611111111111111
419131,2,5,6,A Mishra,-2.166666666666667
419131,2,8,6,R Bhatia,-2.625
419131,2,12,6,A Mishra,-2.4583333333333335
419131,2,15,6,UT Yadav,-5.369565217391304
419132,1,5,6,Harbhajan Singh,0.30000000000000004
419132,1,8,6,KA Pollard,-0.44999999999999996
419132,1,12,6,Harbhajan Singh,-2.305555555555556
419132,1,15,6,SL Malinga,-7.777777777777779
419132,2,5,6,PP Chawla,-2.1999999999999997
419132,2,8,6,PP Chawla,-3.0
419132,2,12,6,B Lee,-0.6363636363636364
419132,2,15,6,SJ Srivastava,-2.7058823529411766
419133,1,5,6,MS Gony,-1.8636363636363633
419133,1,8,6,SB Jakati,-2.6666666666666665
419133,1,12,6,JA Morkel,-1.0833333333333335
419133,1,15,6,SB Jakati,-7.583333333333333
419133,2,5,6,JH Kallis,-0.5833333333333334
419133,2,8,6,KP Pietersen,-0.6666666666666666
419133,2,12,6,DW Steyn,-0.027777777777777846
419133,2,15,6,P Kumar,-1.4411764705882355
419134,1,5,6,S Narwal,-7.75
419134,1,8,6,SK Warne,-2.333333333333333
419134,1,12,6,SK Warne,-2.7083333333333335
419134,1,15,6,SK Trivedi,-0.6666666666666666
419134,2,5,6,UT Yadav,-0.4999999999999999
419134,2,8,6,A Mishra,-5.5
419134,2,12,6,AB McDonald,-0.6249999999999999
419134,2,15,6,UT Yadav,-0.5555555555555556
419135,1,5,6,A Symonds,-5.875
419135,1,8,6,PP Ojha,-2.166666666666667
419135,1,12,6,PP Ojha,-2.7777777777777777
419135,1,15,6,A Symonds,-5.5
419135,2,5,6,M Kartik,-2.0
419135,2,8,6,AD Mathews,-3.0
419135,2,12,6,AB Agarkar,-3.305555555555556
419135,2,15,6,M Kartik,-3.0416666666666665
419136,1,5,6,JH Kallis,-0.41666666666666663
419136,1,8,6,A Kumble,-2.6666666666666665
419136,1,12,6,A Kumble,-2.833333333333333
419136,1,15,6,A Kumble,-2.934782608695652
419136,2,5,6,PP Chawla,-1.4166666666666665
419136,2,8,6,Bipul Sharma,-2.25
419136,2,12,6,IK Pathan,-0.5833333333333334
419136,2,15,6,Bipul Sharma,-5.041666666666667
419137,1,5,6,SB Wagh,-5.333333333333333
419137,1,8,6,SK Warne,-2.25
419137,1,12,6,SK Warne,-3.0833333333333335
419137,1,15,6,S Narwal,-2.541666666666667
419137,2,5,6,JA Morkel,-2.166666666666667
419137,2,8,6,SB Jakati,-0.6666666666666666
419137,2,12,6,SB Jakati,-1.1388888888888888
419137,2,15,6,DE Bollinger,-2.125
419138,1,5,6,A Symonds,-0.24999999999999994
419138,1,8,6,PP Ojha,-5.041666666666667
419138,1,12,6,RG Sharma,-0.3888888888888889
419138,1,15,6,A Symonds,-0.2708333333333333
419138,2,5,6,DJ Bravo,-2.25
419138,2,8,6,KA Pollard,0.0
419138,2,12,6,KA Pollard,-4.8055555555555545
419138,2,15,6,R McLaren,-5.395833333333334
419139,1,5,6,J Theron,-0.4999999999999999
419139,1,8,6,RR Powar,-0.027777777777777846
419139,1,12,6,RS Bopara,-3.4411764705882355
419139,1,15,6,J Theron,-3.0555555555555554
419139,2,5,6,CH Gayle,-2.166666666666667
419139,2,8,6,AB Agarkar,-0.4999999999999999
419139,2,12,6,M Kartik,-2.916666666666667
419139,2,15,6,AB Agarkar,-1.3611111111111112
419140,1,5,6,JH Kallis,-2.9166666666666665
419140,1,8,6,KP Appanna,-1.3333333333333333
419140,1,12,6,KP Appanna,-2.805555555555556
419140,1,15,6,JH Kallis,-3.2777777777777777
419140,2,5,6,MF Maharoof,-0.5277777777777777
419140,2,8,6,R Bhatia,0.08333333333333331
419140,2,12,6,R Bhatia,-0.1388888888888889
419140,2,15,6,PJ Sangwan,-7.541666666666667
419141,1,5,6,A Symonds,-0.5833333333333334
419141,1,8,6,RJ Harris,-0.5416666666666666
419141,1,12,6,RJ Harris,-3.0277777777777777
419141,1,15,6,Harmeet Singh,-5.3235294117647065
419141,2,5,6,M Morkel,-0.33333333333333315
419141,2,8,6,AP Dole,-5.770833333333333
419141,2,12,6,SK Trivedi,-3.0416666666666665
419141,2,15,6,SK Warne,-5.222222222222221
419142,1,5,6,Harbhajan Singh,-2.7222222222222223
419142,1,8,6,DJ Bravo,-3.1999999999999997
419142,1,12,6,SL Malinga,-0.323529411764706
419142,1,15,6,KA Pollard,-5.388888888888889
419142,2,5,6,R Ashwin,-0.5416666666666666
419142,2,8,6,T Thushara,-2.2727272727272725
419142,2,12,6,R Ashwin,-2.805555555555556
419142,2,15,6,SB Jakati,-5.354166666666666
419143,1,5,6,YK Pathan,-0.5909090909090909
419143,1,8,6,SK Warne,-1.7999999999999998
419143,1,12,6,SK Trivedi,-2.590909090909091
419143,1,15,6,FY Fazal,-2.5
419143,2,5,6,PP Chawla,-0.41666666666666663
419143,2,8,6,IK Pathan,-2.9166666666666665
419143,2,12,6,PP Chawla,-0.3125
419144,1,5,6,PJ Sangwan,-0.8333333333333333
419144,1,8,6,R Bhatia,0.16666666666666663
419144,1,12,6,R Bhatia,-2.861111111111111
419144,1,15,6,DL Vettori,-5.416666666666666
419144,2,5,6,BAW Mendis,0.08333333333333331
419144,2,8,6,SC Ganguly,-0.8999999999999999
419144,2,12,6,AD Mathews,-1.6666666666666665
419144,2,15,6,Iqbal Abdulla,-0.611111111111111
419145,1,5,6,RP Singh,-0.12499999999999994
419145,1,8,6,PP Ojha,-2.7083333333333335
419145,1,12,6,PP Ojha,-5.1875
419145,1,15,6,RP Singh,-0.3055555555555556
419145,2,5,6,JH Kallis,0.33333333333333326
419145,2,8,6,A Kumble,-0.5909090909090909
419145,2,12,6,JH Kallis,-0.5555555555555556
419145,2,15,6,R Vinay Kumar,-3.1666666666666665
419146,1,5,6,PP Chawla,-2.416666666666667
419146,1,8,6,RR Powar,-0.4999999999999999
419146,1,12,6,RR Powar,-0.1388888888888889
419146,1,15,6,Yuvraj Singh,-0.3333333333333333
419146,2,5,6,Harbhajan Singh,-1.0
419146,2,8,6,Z Khan,-1.6666666666666667
419146,2,12,6,JP Duminy,-2.625
419146,2,15,6,SL Malinga,-3.4722222222222223
419147,1,5,6,DR Smith,-2.166666666666667
419147,1,8,6,A Symonds,-0.12499999999999994
419147,1,12,6,RG Sharma,-0.6363636363636364
419147,1,15,6,Harmeet Singh,-5.0
419147,2,5,6,SB Jakati,0.33333333333333326
419147,2,8,6,SK Raina,-0.5833333333333334
419147,2,12,6,SK Raina,-2.833333333333333
419147,2,15,6,T Thushara,-0.02941176470588236
419148,1,5,6,JH Kallis,-3.1999999999999997
419148,1,8,6,S Sriram,0.0
419148,1,12,6,JH Kallis,-5.027777777777778
419148,1,15,6,DW Steyn,-0.7222222222222222
419148,2,5,6,I Sharma,-0.8611111111111112
419148,2,8,6,BAW Mendis,0.30000000000000004
419148,2,12,6,AB Agarkar,-0.8611111111111112
419148,2,15,6,I Sharma,-1.2391304347826086
419149,1,5,6,PP Chawla,0.41666666666666674
419149,1,8,6,Yuvraj Singh,0.33333333333333326
419149,1,12,6,Yuvraj Singh,0.19444444444444442
419149,1,15,6,L Ablish,-5.750000000000001
419149,2,5,6,R Bhatia,-0.5833333333333334
419149,2,8,6,A Mishra,-2.5277777777777777
419149,2,12,6,PD Collingwood,-2.625
419149,2,15,6,PD Collingwood,-2.7777777777777777
419150,1,5,6,AA Jhunjhunwala,-0.4999999999999999
419150,1,8,6,SK Trivedi,0.08333333333333331
419150,1,12,6,SK Trivedi,-2.318181818181818
419150,1,15,6,AP Dole,-1.0
419150,2,5,6,DS Kulkarni,-3.2941176470588234
419150,2,8,6,Harbhajan Singh,-2.333333333333333
419150,2,12,6,SL Malinga,0.20833333333333337
419150,2,15,6,SL Malinga,0.25
419151,1,5,6,JH Kallis,-0.4999999999999999
419151,1,8,6,A Kumble,-0.6818181818181819
419151,1,12,6,KP Appanna,-2.7083333333333335
419151,1,15,6,KP Appanna,-2.8823529411764706
419151,2,5,6,RP Singh,-0.13636363636363646
419151,2,8,6,A Symonds,-0.9583333333333335
419151,2,12,6,A Symonds,-3.1458333333333335
419151,2,15,6,PP Ojha,-5.125
419152,1,5,6,AB McDonald,-2.333333333333333
419152,1,8,6,PD Collingwood,0.08333333333333331
419152,1,12,6,PD Collingwood,-0.16666666666666669
419152,1,15,6,A Mishra,-1.1111111111111112
419152,2,5,6,DJ Bravo,-1.7999999999999998
419152,2,8,6,KA Pollard,0.16666666666666663
419152,2,12,6,KA Pollard,-2.2777777777777777
419152,2,15,6,Harbhajan Singh,-2.861111111111111
419153,1,5,6,DE Bollinger,-2.583333333333333
419153,1,8,6,SB Jakati,-0.5833333333333334
419153,1,12,6,M Muralitharan,-1.3749999999999998
419153,1,15,6,SB Jakati,-2.6666666666666665
419153,2,5,6,AB Agarkar,-0.5833333333333334
419153,2,8,6,DJ Hussey,0.08333333333333331
419153,2,12,6,LR Shukla,-0.5833333333333334
419154,1,5,6,Pankaj Singh,-2.5
419154,1,8,6,JH Kallis,0.33333333333333326
419154,1,12,6,JH Kallis,-2.166666666666667
419154,1,15,6,A Kumble,-0.39583333333333337
419154,2,5,6,AC Voges,-2.9166666666666665
419154,2,8,6,SK Warne,-1.3333333333333333
419154,2,12,6,SK Warne,-3.2777777777777777
419155,1,5,6,A Nehra,-5.166666666666667
419155,1,8,6,TM Dilshan,-2.208333333333333
419155,1,12,6,A Mishra,0.20833333333333337
419155,1,15,6,TM Dilshan,-2.2222222222222223
419155,2,5,6,DE Bollinger,-4.972222222222222
419155,2,8,6,SB Jakati,-2.25
419155,2,12,6,L Balaji,-0.2272727272727273
419155,2,15,6,R Ashwin,-2.854166666666667
419156,1,5,6,MR Marsh,-1.2083333333333333
419156,1,8,6,PP Ojha,-0.41666666666666663
419156,1,12,6,RJ Harris,-2.3611111111111116
419156,1,15,6,R Sharma,-2.7647058823529416
419156,2,5,6,J Theron,-0.9999999999999999
419156,2,8,6,IK Pathan,-3.375
419156,2,12,6,SJ Srivastava,-0.7500000000000001
419156,2,15,6,PP Chawla,-2.7083333333333335
419157,1,5,6,JH Kallis,-2.333333333333333
419157,1,8,6,Pankaj Singh,-0.7352941176470589
419157,1,12,6,JH Kallis,-5.555555555555555
419157,1,15,6,A Kumble,-3.1458333333333335
419157,2,5,6,R McLaren,-2.333333333333333
419157,2,8,6,Harbhajan Singh,-3.0416666666666665
419157,2,12,6,Harbhajan Singh,-5.416666666666666
419157,2,15,6,Z Khan,-2.916666666666667
419158,1,5,6,JD Unadkat,-1.4166666666666665
419158,1,8,6,JD Unadkat,-3.416666666666667
419158,1,12,6,LR Shukla,-2.833333333333333
419158,1,15,6,JD Unadkat,-7.854166666666666
419158,2,5,6,SR Watson,-0.6388888888888888
419158,2,8,6,YK Pathan,-1.0454545454545454
419158,2,12,6,AC Voges,-1.7
419158,2,15,6,FY Fazal,-1.4166666666666665
419159,1,5,6,R Ashwin,-0.08333333333333331
419159,1,8,6,JM Kemp,-1.4999999999999998
419159,1,12,6,SB Jakati,-1.4999999999999998
419159,1,15,6,R Ashwin,-2.6458333333333335
419159,2,5,6,VRV Singh,-1.5
419159,2,8,6,PP Chawla,-1.3333333333333333
419159,2,12,6,PP Chawla,-0.4999999999999999
419159,2,15,6,J Theron,-3.3888888888888893
419160,1,5,6,A Mishra,0.16666666666666663
419160,1,8,6,UT Yadav,-8.25
419160,1,12,6,PD Collingwood,-0.6666666666666666
419160,1,15,6,A Nehra,-5.75
419160,2,5,6,A Symonds,0.33333333333333326
419160,2,8,6,PP Ojha,-2.6666666666666665
419160,2,12,6,PP Ojha,-5.027777777777778
419160,2,15,6,Harmeet Singh,-6.055555555555555
419161,1,5,6,SC Ganguly,-1.4166666666666665
419161,1,8,6,DJ Hussey,-1.4166666666666665
419161,1,12,6,JD Unadkat,-2.5555555555555554
419161,1,15,6,M Kartik,-5.145833333333333
419161,2,5,6,DJ Bravo,0.30000000000000004
419161,2,8,6,AG Murtaza,-0.041666666666666796
419161,2,12,6,CRD Fernando,-0.8235294117647058
419161,2,15,6,R McLaren,-0.7777777777777778
419162,1,5,6,P Kumar,-0.7777777777777778
419162,1,8,6,KP Pietersen,-3.0833333333333335
419162,1,12,6,KP Pietersen,-2.5833333333333335
419162,1,15,6,JH Kallis,-1.4583333333333333
419162,2,5,6,CRD Fernando,-0.4999999999999999
419162,2,8,6,Harbhajan Singh,-3.9166666666666665
419162,2,12,6,Harbhajan Singh,-3.4411764705882355
419162,2,15,6,SL Malinga,-2.7941176470588234
419163,1,5,6,RP Singh,-1.0454545454545454
419163,1,8,6,PP Ojha,0.16666666666666663
419163,1,12,6,A Symonds,-2.4444444444444446
419163,1,15,6,A Symonds,-2.5833333333333335
419163,2,5,6,DE Bollinger,-5.111111111111111
419163,2,8,6,M Muralitharan,0.25
419163,2,12,6,SB Jakati,-4.772727272727273
419163,2,15,6,R Ashwin,-2.375
419164,1,5,6,P Kumar,-4.944444444444445
419164,1,8,6,A Kumble,-5.375
419164,1,12,6,KP Pietersen,-1.3333333333333333
419164,1,15,6,JH Kallis,-2.25
419164,2,5,6,RJ Harris,-0.1764705882352941
419164,2,8,6,A Symonds,-0.2777777777777778
419164,2,12,6,Harmeet Singh,-0.5833333333333334
419165,1,5,6,CRD Fernando,-0.8
419165,1,8,6,KA Pollard,-2.416666666666667
419165,1,12,6,KA Pollard,-3.1666666666666665
419165,1,15,6,KA Pollard,-3.375
419165,2,5,6,JA Morkel,-1.7
419165,2,8,6,M Muralitharan,0.33333333333333326
419165,2,12,6,SB Jakati,-0.6666666666666666
419165,2,15,6,R Ashwin,-0.30434782608695665
501198,1,5,6,JH Kallis,-2.0833333333333335
501198,1,8,6,L Balaji,-0.5416666666666666
501198,1,12,6,Iqbal Abdulla,-2.805555555555556
501198,1,15,6,S Ladda,-0.8055555555555556
501198,2,5,6,S Randiv,-0.7000000000000001
501198,2,8,6,SB Jakati,-2.291666666666667
501198,2,12,6,S Randiv,-2.5555555555555554
501198,2,15,6,R Ashwin,-2.6458333333333335
501199,1,5,6,SK Trivedi,-2.833333333333333
501199,1,8,6,SK Warne,-0.16666666666666657
501199,1,12,6,SK Warne,-4.916666666666667
501199,1,15,6,J Botha,-0.4375
501199,2,5,6,DW Steyn,-2.9545454545454546
501199,2,8,6,DT Christian,-0.5833333333333334
501199,2,12,6,DW Steyn,-5.416666666666667
501199,2,15,6,A Mishra,-0.375
501200,1,5,6,A Mithun,-2.5
501200,1,8,6,TM Dilshan,-2.833333333333333
501200,1,12,6,AUK Pathan,0.19999999999999996
501200,1,15,6,DL Vettori,-2.4583333333333335
501200,2,5,6,R Vinay Kumar,-2.833333333333333
501200,2,8,6,S Sreesanth,-2.875
501200,2,12,6,M Muralitharan,-0.25
501200,2,15,6,RA Jadeja,-2.895833333333333
501201,1,5,6,MM Patel,-1.2499999999999998
501201,1,8,6,KA Pollard,0.16666666666666663
501201,1,12,6,AG Murtaza,-2.735294117647059
501201,1,15,6,SL Malinga,-9.86111111111111
501201,2,5,6,UT Yadav,-0.5833333333333334
501201,2,8,6,RE van der Merwe,0.33333333333333326
501201,2,12,6,RE van der Merwe,0.2777777777777778
501201,2,15,6,AJ Finch,-0.16666666666666657
501202,1,5,6,M Kartik,-4.0
501202,1,8,6,JD Ryder,-2.166666666666667
501202,1,12,6,R Sharma,0.16666666666666663
501202,1,15,6,M Manhas,-0.027777777777777846
501202,2,5,6,PP Chawla,-1.2499999999999998
501202,2,8,6,R McLaren,-3.5277777777777777
501202,2,12,6,P Kumar,-3.2777777777777777
501203,1,5,6,I Sharma,-1.0833333333333333
501203,1,8,6,A Mishra,-2.25
501203,1,12,6,JP Duminy,-3.0
501203,1,15,6,PP Ojha,-0.3695652173913043
501203,2,5,6,JD Unadkat,-0.5833333333333334
501203,2,8,6,R Bhatia,-3.125
501203,2,12,6,Iqbal Abdulla,-4.916666666666667
501203,2,15,6,JD Unadkat,-0.5833333333333334
501204,1,5,6,A Singh,0.45833333333333326
501204,1,8,6,J Botha,-0.08333333333333331
501204,1,12,6,SK Trivedi,-0.33333333333333337
501204,1,15,6,SW Tait,-6.027777777777778
501204,2,5,6,RE van der Merwe,-2.166666666666667
501204,2,8,6,S Nadeem,-0.08333333333333331
501204,2,12,6,IK Pathan,-3.5277777777777777
501204,2,15,6,M Morkel,-2.166666666666667
501205,1,5,6,AG Murtaza,0.16666666666666663
501205,1,8,6,Harbhajan Singh,-0.4999999999999999
501205,1,12,6,MM Patel,0.25
501205,1,15,6,AG Murtaza,-0.375
501205,2,5,6,A Mithun,-0.5833333333333334
501205,2,8,6,DL Vettori,-0.027777777777777846
501205,2,12,6,V Kohli,-0.3333333333333333
501205,2,15,6,Z Khan,-1.0208333333333333
501206,1,5,6,R McLaren,0.25
501206,1,8,6,AM Nayar,-0.6666666666666666
501206,1,12,6,BA Bhatt,-0.6666666666666666
501206,1,15,6,BA Bhatt,-0.9444444444444445
501206,2,5,6,JA Morkel,-4.666666666666667
501206,2,8,6,S Randiv,-0.6249999999999999
501206,2,12,6,SK Raina,-1.3333333333333333
501206,2,15,6,SB Jakati,-1.125
501207,1,5,6,AC Thomas,-4.166666666666667
501207,1,8,6,M Kartik,0.25
501207,1,12,6,JD Ryder,0.16666666666666663
501207,1,15,6,R Sharma,-2.6944444444444446
501207,2,5,6,R Vinay Kumar,-2.5833333333333335
501207,2,8,6,S Sreesanth,-0.323529411764706
501207,2,12,6,RA Jadeja,-2.7083333333333335
501207,2,15,6,RA Jadeja,-5.088235294117647
501208,1,5,6,DL Vettori,-0.5833333333333334
501208,1,8,6,R Ninan,-3.0833333333333335
501208,1,12,6,S Aravind,-0.8333333333333334
501208,1,15,6,R Ninan,-3.4166666666666665
501208,2,5,6,I Sharma,-2.666666666666667
501208,2,8,6,DT Christian,0.16666666666666663
501208,2,12,6,DT Christian,-0.055555555555555525
501208,2,15,6,A Mishra,-3.2916666666666665
501209,1,5,6,B Lee,-5.551115123125783e-17
501209,1,8,6,R Bhatia,-1.4999999999999998
501209,1,12,6,Iqbal Abdulla,-0.24999999999999994
501209,1,15,6,L Balaji,-0.4722222222222221
501209,2,5,6,A Singh,-4.125
501209,2,8,6,J Botha,-0.2916666666666667
501209,2,12,6,SK Trivedi,-0.20833333333333331
501209,2,15,6,ND Doshi,-1.0416666666666667
501210,1,5,6,NLTC Perera,-1.1666666666666667
501210,1,8,6,RV Gomez,-2.625
501210,1,12,6,NLTC Perera,-0.5277777777777777
501210,1,15,6,R Vinay Kumar,-0.90625
501210,2,5,6,KA Pollard,-1.7999999999999998
501210,2,8,6,KA Pollard,-1.9545454545454544
501210,2,12,6,AG Murtaza,-0.2647058823529413
501210,2,15,6,MM Patel,-0.2222222222222222
501211,1,5,6,TM Dilshan,-1.4999999999999998
501211,1,8,6,R Ninan,-2.7083333333333335
501211,1,12,6,DL Vettori,0.055555555555555525
501211,1,15,6,V Kohli,-0.4166666666666667
501211,2,5,6,JA Morkel,-3.2777777777777777
501211,2,8,6,R Ashwin,-2.5
501211,2,12,6,SK Raina,0.0
501211,2,15,6,R Ashwin,-2.804347826086956
501212,1,5,6,R McLaren,-1.2499999999999998
501212,1,8,6,VS Malik,-0.20833333333333331
501212,1,12,6,P Kumar,-0.5624999999999999
501212,1,15,6,RJ Harris,-3.0833333333333335
501212,2,5,6,I Sharma,-0.16666666666666663
501212,2,8,6,DT Christian,-2.166666666666667
501212,2,12,6,JP Duminy,-0.6249999999999999
501212,2,15,6,A Mishra,-5.479166666666667
501213,1,5,6,UT Yadav,-3.5999999999999996
501213,1,8,6,JR Hopes,-2.5833333333333335
501213,1,12,6,UT Yadav,-0.8333333333333334
501213,1,15,6,IK Pathan,-0.5277777777777777
501213,2,5,6,WD Parnell,-1.6
501213,2,8,6,R Sharma,-2.75
501213,2,12,6,Yuvraj Singh,-4.583333333333334
501213,2,15,6,R Sharma,-5.25
501214,1,5,6,L Balaji,-3.0416666666666665
501214,1,8,6,Iqbal Abdulla,-4.970588235294118
501214,1,12,6,YK Pathan,-2.333333333333333
501214,2,5,6,SR Watson,-5.551115123125783e-17
501214,2,8,6,SW Tait,-2.066666666666667
501214,2,12,6,A Singh,-0.4999999999999999
501215,1,5,6,NLTC Perera,-1.6
501215,1,8,6,RR Powar,-0.5833333333333334
501215,1,12,6,NLTC Perera,-3.1111111111111107
501215,1,15,6,NLTC Perera,-5.625
501215,2,5,6,TG Southee,-1.2499999999999998
501215,2,8,6,TG Southee,-1.4545454545454546
501215,2,12,6,DE Bollinger,-3.0
501216,1,5,6,AB Dinda,-1.3333333333333333
501216,1,8,6,JR Hopes,-1.0
501216,1,12,6,S Nadeem,-1.0416666666666667
501216,1,15,6,IK Pathan,-3.1875
501216,2,5,6,Harmeet Singh,-5.0
501216,2,8,6,PP Ojha,-0.16666666666666657
501216,2,12,6,A Mishra,-2.7083333333333335
501216,2,15,6,A Mishra,-2.6111111111111107
501218,1,5,6,AN Ahmed,-4.958333333333333
501218,1,8,6,AG Murtaza,-2.7222222222222223
501218,1,12,6,SL Malinga,-0.5588235294117647
501218,1,15,6,JEC Franklin,-3.3333333333333335
501218,2,5,6,WD Parnell,0.16666666666666663
501218,2,8,6,R Sharma,-0.4999999999999999
501218,2,12,6,M Kartik,-0.1111111111111111
501218,2,15,6,WD Parnell,-0.33333333333333337
501219,1,5,6,Iqbal Abdulla,-0.5833333333333334
501219,1,8,6,Iqbal Abdulla,-0.33333333333333337
501219,1,12,6,L Balaji,-0.4444444444444443
501219,1,15,6,B Lee,-3.5588235294117645
501219,2,5,6,RA Jadeja,-3.0833333333333335
501219,2,8,6,RR Powar,0.20833333333333337
501219,2,12,6,R Vinay Kumar,-5.0
501219,2,15,6,RR Powar,-2.7083333333333335
501220,1,5,6,SW Tait,-0.45833333333333315
501220,1,8,6,STR Binny,0.0
501220,1,12,6,AS Raut,-0.5833333333333334
501220,1,15,6,SW Tait,-0.2647058823529413
501220,2,5,6,BA Bhatt,0.08333333333333331
501220,2,8,6,PC Valthaty,0.08333333333333331
501220,2,12,6,R McLaren,-3.9166666666666665
501220,2,15,6,PP Chawla,-2.6458333333333335
501221,1,5,6,Joginder Sharma,0.30000000000000004
501221,1,8,6,R Ashwin,0.25
501221,1,12,6,R Ashwin,-0.0588235294117648
501221,1,15,6,Joginder Sharma,-1.1111111111111112
501221,2,5,6,MM Patel,-3.4722222222222223
501221,2,8,6,RG Sharma,-1.4999999999999998
501221,2,12,6,KA Pollard,-2.625
501221,2,15,6,Harbhajan Singh,-2.6176470588235294
501222,1,5,6,TM Dilshan,-0.27272727272727276
501222,1,8,6,CH Gayle,0.09999999999999998
501222,1,12,6,J Syed Mohammad,-2.4444444444444446
501222,1,15,6,DL Vettori,-2.854166666666667
501222,2,5,6,Shakib Al Hasan,-1.4166666666666665
501222,2,8,6,YK Pathan,-0.9722222222222222
501222,2,12,6,L Balaji,-3.6176470588235294
501222,2,15,6,Iqbal Abdulla,-0.5833333333333334
501223,1,5,6,SJ Srivastava,-1.6
501223,1,8,6,PC Valthaty,-1.4166666666666665
501223,1,12,6,SJ Srivastava,-0.6470588235294118
501223,1,15,6,P Kumar,-3.666666666666667
501223,2,5,6,IK Pathan,-3.416666666666667
501223,2,8,6,AB Agarkar,-2.833333333333333
501223,2,12,6,AB Agarkar,-4.25
501223,2,15,6,JR Hopes,-3.3333333333333335
501224,1,5,6,I Sharma,-3.9545454545454546
501224,1,8,6,A Mishra,-5.041666666666667
501224,1,12,6,PP Ojha,-2.7083333333333335
501224,1,15,6,I Sharma,-3.833333333333333
501224,2,5,6,SL Malinga,-2.166666666666667
501224,2,8,6,R Sathish,-0.5833333333333334
501224,2,12,6,AN Ahmed,-0.3055555555555556
501224,2,15,6,SL Malinga,-7.194444444444445
501225,1,5,6,A Singh,-0.2777777777777778
501225,1,8,6,J Botha,-2.5
501225,1,12,6,SK Trivedi,-0.5833333333333334
501225,1,15,6,SK Warne,-7.270833333333334
501225,2,5,6,M Muralitharan,-0.041666666666666796
501225,2,8,6,RV Gomez,-0.6666666666666666
501225,2,12,6,M Muralitharan,-0.4722222222222221
501226,1,5,6,M Kartik,-1.3333333333333333
501226,1,8,6,R Sharma,0.25
501226,1,12,6,Yuvraj Singh,-0.24999999999999994
501226,1,15,6,AC Thomas,-5.352941176470588
501226,2,5,6,R Ashwin,-5.0
501226,2,8,6,S Randiv,0.25
501226,2,12,6,DE Bollinger,-2.7272727272727275
501226,2,15,6,SB Jakati,0.16666666666666663
501227,1,5,6,S Aravind,-0.3055555555555556
501227,1,8,6,DL Vettori,-2.7083333333333335
501227,1,12,6,J Syed Mohammad,-0.6666666666666666
501227,1,15,6,DL Vettori,-5.1875
501227,2,5,6,M Morkel,-0.4999999999999999
501227,2,8,6,UT Yadav,-3.5
501227,2,12,6,Y Nagar,-2.25
501227,2,15,6,IK Pathan,-1.0
501228,1,5,6,KMDN Kulasekara,-3.305555555555556
501228,1,8,6,SB Jakati,-0.4999999999999999
501228,1,12,6,SK Raina,-0.12499999999999994
501228,1,15,6,R Ashwin,-2.833333333333333
501228,2,5,6,MR Marsh,-0.5833333333333334
501228,2,8,6,M Kartik,-3.0
501228,2,12,6,R Sharma,-0.1388888888888889
501228,2,15,6,R Sharma,-0.10416666666666666
501229,1,5,6,R Vinay Kumar,-2.083333333333333
501229,1,8,6,NLTC Perera,0.25
501229,1,12,6,RA Jadeja,-0.7499999999999999
501229,1,15,6,S Sreesanth,-0.39583333333333315
501229,2,5,6,I Sharma,-12.63888888888889
501229,2,8,6,DT Christian,0.36363636363636376
501229,2,12,6,MS Gony,-3.0277777777777777
501229,2,15,6,A Mishra,-2.25
501230,1,5,6,UT Yadav,-0.5833333333333334
501230,1,8,6,AB Agarkar,-2.6666666666666665
501230,1,12,6,M Morkel,-1.2499999999999998
501230,1,15,6,IK Pathan,-2.4583333333333335
501230,2,5,6,Iqbal Abdulla,-0.6
501230,2,8,6,JD Unadkat,-2.7222222222222223
501230,2,12,6,Iqbal Abdulla,-2.5277777777777777
501230,2,15,6,B Lee,-0.34375
501231,1,5,6,A Singh,-2.4444444444444446
501231,1,8,6,AL Menaria,-5.166666666666667
501231,1,12,6,SR Watson,0.0
501231,1,15,6,J Botha,-2.25
501231,2,5,6,AG Murtaza,0.29166666666666674
501231,2,8,6,Harbhajan Singh,-0.16666666666666657
501231,2,12,6,AG Murtaza,0.10416666666666685
501231,2,15,6,KA Pollard,-0.2272727272727273
501232,1,5,6,Kamran Khan,-2.4583333333333335
501232,1,8,6,R Sharma,-5.041666666666667
501232,1,12,6,Yuvraj Singh,0.125
501232,1,15,6,JD Ryder,-1.0
501232,2,5,6,S Aravind,-2.75
501232,2,8,6,CH Gayle,0.0
501232,2,12,6,Z Khan,-0.611111111111111
501232,2,15,6,J Syed Mohammad,-3.875
501233,1,5,6,S Sreesanth,-4.852941176470589
501233,1,8,6,RA Jadeja,-2.208333333333333
501233,1,12,6,RA Jadeja,-2.6458333333333335
501233,1,15,6,B Akhil,-0.6363636363636364
501233,2,5,6,UT Yadav,-1.1666666666666667
501233,2,8,6,RE van der Merwe,0.25
501233,2,12,6,IK Pathan,-5.333333333333334
501233,2,15,6,M Morkel,-7.625
501234,1,5,6,Iqbal Abdulla,-2.9166666666666665
501234,1,8,6,YK Pathan,-2.9444444444444446
501234,1,12,6,YK Pathan,-2.8125
501234,1,15,6,R Bhatia,-2.5833333333333335
501234,2,5,6,RJ Harris,-0.33333333333333315
501234,2,8,6,PP Chawla,-0.16666666666666657
501234,2,12,6,PC Valthaty,-0.4999999999999999
501234,2,15,6,PP Chawla,-0.323529411764706
501235,1,5,6,SK Warne,-2.0
501235,1,8,6,SK Warne,-3.75
501235,1,12,6,SK Trivedi,-4.875
501235,1,15,6,SR Watson,0.19444444444444442
501235,2,5,6,M Kartik,0.125
501235,2,8,6,NL McCullum,0.16666666666666663
501235,2,12,6,M Kartik,-0.3888888888888889
501235,2,15,6,M Kartik,-0.8333333333333334
501236,1,5,6,JP Duminy,-0.20833333333333331
501236,1,8,6,DT Christian,0.2222222222222222
501236,1,12,6,Harmeet Singh,-2.7083333333333335
501236,1,15,6,A Mishra,-1.3333333333333333
501236,2,5,6,R Ashwin,-0.12499999999999994
501236,2,8,6,SB Jakati,-2.7916666666666665
501236,2,12,6,SB Jakati,-5.166666666666667
501236,2,15,6,DE Bollinger,-3.0833333333333335
501237,1,5,6,BA Bhatt,-0.4999999999999999
501237,1,8,6,RJ Harris,-0.6249999999999999
501237,1,12,6,PP Chawla,-0.2916666666666667
501237,1,15,6,PC Valthaty,-0.5833333333333334
501237,2,5,6,MM Patel,-0.41666666666666663
501237,2,8,6,TL Suman,-0.7499999999999999
501237,2,12,6,MM Patel,-2.7222222222222223
501237,2,15,6,Harbhajan Singh,-5.25
501238,1,5,6,S Sreesanth,-2.7647058823529416
501238,1,8,6,R Vinay Kumar,0.33333333333333326
501238,1,12,6,RV Gomez,-0.6249999999999999
501238,1,15,6,RA Jadeja,-0.2916666666666667
501238,2,5,6,M Morkel,-3.65
501238,2,8,6,AB Agarkar,0.20833333333333337
501238,2,12,6,Y Nagar,-1.7999999999999998
501239,1,5,6,DT Christian,-3.0
501239,1,8,6,DT Christian,-3.0277777777777777
501239,1,12,6,A Mishra,-2.333333333333333
501239,1,15,6,DW Steyn,-0.5555555555555556
501239,2,5,6,Iqbal Abdulla,-5.166666666666667
501239,2,8,6,R Bhatia,-0.24999999999999994
501239,2,12,6,R Bhatia,-5.229166666666667
501239,2,15,6,L Balaji,-0.6176470588235294
501240,1,5,6,R Ashwin,-1.4166666666666665
501240,1,8,6,SB Jakati,-0.24999999999999994
501240,1,12,6,R Ashwin,-3.6111111111111107
501240,1,15,6,S Randiv,-3.25
501240,2,5,6,J Botha,-2.5555555555555554
501240,2,8,6,SR Watson,-0.6249999999999999
501240,2,12,6,STR Binny,-1.4999999999999998
501240,2,15,6,SK Trivedi,-0.4444444444444444
501241,1,5,6,SB Wagh,-0.29411764705882354
501241,1,8,6,Yuvraj Singh,-2.7083333333333335
501241,1,12,6,Yuvraj Singh,-5.208333333333333
501241,1,15,6,AC Thomas,-3.5
501241,2,5,6,SL Malinga,0.5
501241,2,8,6,KA Pollard,-2.166666666666667
501241,2,12,6,SL Malinga,-2.5
501241,2,15,6,DS Kulkarni,-0.1304347826086956
501242,1,5,6,JD Unadkat,-5.25
501242,1,8,6,JH Kallis,-0.20833333333333331
501242,1,12,6,JD Unadkat,-5.3125
501242,1,15,6,YK Pathan,-2.5833333333333335
501242,2,5,6,P Parameswaran,0.25
501242,2,8,6,RV Gomez,-0.5833333333333334
501242,2,12,6,RV Gomez,-4.944444444444445
501242,2,15,6,P Parameswaran,0.19444444444444442
501243,1,5,6,M Morkel,-1.6250000000000002
501243,1,8,6,AB Agarkar,-2.291666666666667
501243,1,12,6,AM Salvi,-2.7647058823529416
501243,1,15,6,IK Pathan,-0.33333333333333337
501243,2,5,6,I Sharma,-4.882352941176471
501243,2,8,6,DT Christian,-0.33333333333333337
501243,2,12,6,DW Steyn,-2.9722222222222223
501243,2,15,6,I Sharma,-5.041666666666667
501244,1,5,6,P Kumar,-0.41666666666666663
501244,1,8,6,L Ablish,-1.3333333333333333
501244,1,12,6,AM Nayar,-0.5833333333333334
501244,1,15,6,L Ablish,-1.6666666666666665
501244,2,5,6,S Aravind,-5.0
501244,2,8,6,CH Gayle,-5.208333333333333
501244,2,12,6,CH Gayle,-7.541666666666667
501244,2,15,6,V Kohli,0.09999999999999998
501245,1,5,6,YK Pathan,-2.1999999999999997
501245,1,8,6,R Bhatia,0.125
501245,1,12,6,L Balaji,-2.75
501245,1,15,6,Iqbal Abdulla,-2.395833333333333
501245,2,5,6,R Ashwin,-4.916666666666667
501245,2,8,6,SB Jakati,-0.5833333333333334
501246,1,5,6,IK Pathan,-2.611111111111111
501246,1,8,6,S Nadeem,-2.291666666666667
501246,1,12,6,M Morkel,-1.9705882352941178
501246,1,15,6,IK Pathan,-2.9375
501246,2,5,6,DS Kulkarni,-0.5416666666666666
501246,2,8,6,Harbhajan Singh,-2.6818181818181817
501246,2,12,6,A Symonds,-1.3749999999999998
501246,2,15,6,MM Patel,-5.708333333333333
501247,1,5,6,DL Vettori,-3.0833333333333335
501247,1,8,6,CH Gayle,-3.05
501247,1,12,6,CH Gayle,-5.282608695652174
501247,1,15,6,DL Vettori,-5.354166666666666
501247,2,5,6,R Vinay Kumar,-2.541666666666667
501247,2,8,6,RA Jadeja,-0.45833333333333315
501247,2,12,6,RA Jadeja,-0.3125
501248,1,5,6,SB Wagh,-1.2499999999999998
501248,1,8,6,MR Marsh,-0.6666666666666666
501248,1,12,6,B Kumar,-2.5833333333333335
501248,1,15,6,MR Marsh,-2.833333333333333
501248,2,5,6,SJ Srivastava,-1.2083333333333333
501248,2,8,6,BA Bhatt,-2.333333333333333
501248,2,12,6,P Kumar,-2.729166666666667
501248,2,15,6,SJ Srivastava,-3.3125
501249,1,5,6,J Botha,0.30000000000000004
501249,1,8,6,SK Warne,-0.6249999999999999
501249,1,12,6,SK Trivedi,-1.4166666666666665
501249,1,15,6,J Botha,-2.625
501249,2,5,6,R Ashwin,-3.833333333333333
501249,2,8,6,JA Morkel,-2.8823529411764706
501249,2,12,6,DJ Bravo,-0.6470588235294118
501249,2,15,6,SB Jakati,-0.24999999999999994
501250,1,5,6,WD Parnell,-0.9583333333333335
501250,1,8,6,Yuvraj Singh,-2.333333333333333
501250,1,12,6,R Sharma,-2.6388888888888893
501250,1,15,6,MR Marsh,-2.861111111111111
501250,2,5,6,A Mishra,-1.2499999999999998
501250,2,8,6,PP Ojha,-2.5
501250,2,12,6,DT Christian,-2.5833333333333335
501250,2,15,6,I Sharma,-0.8055555555555556
501251,1,5,6,MM Patel,-2.5833333333333335
501251,1,8,6,TL Suman,-0.5833333333333334
501251,1,12,6,KA Pollard,-0.6666666666666666
501251,1,15,6,MM Patel,-7.694444444444445
501251,2,5,6,RJ Harris,-0.41666666666666663
501251,2,8,6,SJ Srivastava,-3.1999999999999997
501251,2,12,6,BA Bhatt,-10.529411764705882
501252,1,5,6,CK Langeveldt,-0.41666666666666663
501252,1,8,6,CH Gayle,-0.16666666666666657
501252,1,12,6,V Kohli,-0.20833333333333331
501252,1,15,6,CK Langeveldt,-0.2777777777777778
501252,2,5,6,J Botha,-1.5833333333333333
501252,2,8,6,SK Warne,-2.6666666666666665
501252,2,12,6,LRPL Taylor,-0.7499999999999999
501252,2,15,6,AL Menaria,-0.5416666666666666
501253,1,5,6,VR Aaron,-2.166666666666667
501253,1,8,6,S Nadeem,-0.08333333333333331
501253,1,12,6,S Nadeem,-0.3055555555555556
501253,1,15,6,AB Agarkar,-3.5277777777777777
501253,2,5,6,R Ashwin,-0.041666666666666796
501253,2,8,6,SK Raina,0.29166666666666674
501253,2,12,6,SB Jakati,-0.5833333333333334
501253,2,15,6,R Ashwin,-5.083333333333333
501254,1,5,6,SJ Srivastava,-0.6818181818181819
501254,1,8,6,Bipul Sharma,-3.416666666666667
501254,1,12,6,BA Bhatt,-0.2777777777777778
501254,1,15,6,RJ Harris,-1.0833333333333333
501254,2,5,6,S Sreesanth,-0.8333333333333334
501254,2,8,6,R Vinay Kumar,-0.8333333333333333
501254,2,12,6,RA Jadeja,-1.3333333333333333
501254,2,15,6,RA Jadeja,-0.5833333333333334
501255,1,5,6,S Aravind,-3.0
501255,1,8,6,A Mithun,-0.045454545454545414
501255,1,12,6,CK Langeveldt,-4.944444444444445
501255,2,5,6,JH Kallis,-2.625
501255,2,8,6,Iqbal Abdulla,-0.5416666666666666
501256,1,5,6,DS Kulkarni,-0.6666666666666666
501256,1,8,6,TL Suman,-0.2916666666666667
501256,1,12,6,SL Malinga,-2.166666666666667
501256,1,15,6,SL Malinga,-2.4444444444444446
501256,2,5,6,I Sharma,-4.972222222222222
501256,2,8,6,DT Christian,-0.5833333333333334
501256,2,12,6,DT Christian,-0.323529411764706
501256,2,15,6,Anand Rajan,-5.166666666666667
501257,1,5,6,AM Salvi,-1.2499999999999998
501257,1,8,6,JR Hopes,-0.12499999999999994
501257,1,12,6,S Sriram,-2.9999999999999996
501257,1,15,6,VR Aaron,-0.3181818181818182
501257,2,5,6,SJ Srivastava,-2.5
501257,2,8,6,PC Valthaty,-1.2499999999999998
501257,2,12,6,PC Valthaty,-0.8333333333333334
501257,2,15,6,PP Chawla,-7.583333333333333
501258,1,5,6,S Sreesanth,-5.166666666666667
501258,1,8,6,P Parameswaran,-3.0416666666666665
501258,1,12,6,P Parameswaran,-2.7222222222222223
501258,1,15,6,BJ Hodge,-12.354166666666666
501258,2,5,6,AA Chavan,-1.1666666666666667
501259,1,5,6,DT Christian,-2.833333333333333
501259,1,8,6,I Sharma,-0.4722222222222221
501259,1,12,6,DT Christian,-2.458333333333333
501259,1,15,6,A Mishra,-5.088235294117647
501259,2,5,6,MR Marsh,-2.5999999999999996
501259,2,8,6,Yuvraj Singh,-2.291666666666667
501259,2,12,6,M Manhas,0.20833333333333337
501259,2,15,6,R Sharma,-5.195652173913043
501260,1,5,6,S Aravind,0.41666666666666674
501260,1,8,6,CH Gayle,-0.4999999999999999
501260,1,12,6,S Aravind,-1.0277777777777777
501260,1,15,6,CH Gayle,-0.5833333333333334
501260,2,5,6,SJ Srivastava,-3.0
501260,2,8,6,PP Chawla,-0.41666666666666663
501260,2,12,6,PP Chawla,-7.666666666666667
501260,2,15,6,RJ Harris,-8.194444444444443
501261,1,5,6,S Sreesanth,-3.0277777777777777
501261,1,8,6,BJ Hodge,-2.7916666666666665
501261,1,12,6,RA Jadeja,0.16666666666666663
501261,1,15,6,M Muralitharan,-0.375
501261,2,5,6,SB Jakati,-1.3333333333333333
501261,2,8,6,SK Raina,-0.7000000000000001
501261,2,12,6,SK Raina,-0.3055555555555556
501261,2,15,6,SB Jakati,-2.6875
501262,1,5,6,Iqbal Abdulla,-2.136363636363636
501262,1,8,6,Shakib Al Hasan,-2.291666666666667
501262,1,12,6,Shakib Al Hasan,-4.934782608695651
501262,1,15,6,YK Pathan,-5.1875
501262,2,5,6,B Kumar,0.41666666666666674
501262,2,8,6,R Sharma,-0.41666666666666663
501262,2,12,6,Yuvraj Singh,-0.45833333333333315
501262,2,15,6,WD Parnell,-3.0434782608695654
501263,1,5,6,SR Watson,-5.166666666666667
501263,1,8,6,SK Warne,-0.7499999999999999
501263,1,12,6,J Botha,0.2272727272727273
501263,1,15,6,SK Warne,-0.16666666666666669
501263,2,5,6,SL Malinga,-1.6250000000000002
501263,2,8,6,KA Pollard,-0.4999999999999999
501263,2,12,6,SL Malinga,-1.1041666666666667
501264,1,5,6,RJ Harris,-0.875
501264,1,8,6,PP Chawla,-0.2916666666666667
501264,1,12,6,PP Chawla,-0.9444444444444445
501264,1,15,6,BA Bhatt,-1.3749999999999998
501264,2,5,6,PP Ojha,-1.2499999999999998
501264,2,8,6,JP Duminy,-3.0
501264,2,12,6,JP Duminy,-2.833333333333333
501264,2,15,6,A Mishra,-7.194444444444445
501265,1,5,6,SS Mundhe,-3.0
501265,1,8,6,MR Marsh,-2.375
501266,1,5,6,DL Vettori,-3.0
501266,1,8,6,A Mithun,0.25
501266,1,12,6,CH Gayle,-0.4999999999999999
501266,1,15,6,DL Vettori,-5.0625
501266,2,5,6,DE Bollinger,-1.0277777777777777
501266,2,8,6,SK Raina,-2.5999999999999996
501266,2,12,6,DJ Bravo,-5.551115123125783e-17
501266,2,15,6,SK Raina,-0.84375
501267,1,5,6,SL Malinga,-2.5833333333333335
501267,1,8,6,KA Pollard,-3.1666666666666665
501267,1,12,6,SL Malinga,-2.5
501267,1,15,6,JEC Franklin,-2.5833333333333335
501267,2,5,6,L Balaji,-1.7
501267,2,8,6,R Bhatia,-2.416666666666667
501267,2,12,6,R Bhatia,-7.555555555555555
501267,2,15,6,Iqbal Abdulla,-3.0
501268,1,5,6,R Ashwin,-2.590909090909091
501268,1,8,6,DJ Bravo,0.13636363636363635
501268,1,12,6,SK Raina,-0.5833333333333334
501268,1,15,6,R Ashwin,-2.75
501268,2,5,6,A Mithun,0.41666666666666674
501268,2,8,6,V Kohli,-0.6818181818181819
501268,2,12,6,A Mithun,-3.15625
501268,2,15,6,CH Gayle,-0.027777777777777846
501269,1,5,6,DS Kulkarni,-2.541666666666667
501269,1,8,6,KA Pollard,0.25
501269,1,12,6,MM Patel,-7.722222222222221
501269,1,15,6,SL Malinga,-0.02941176470588236
501269,2,5,6,Shakib Al Hasan,-1.4166666666666665
501269,2,8,6,JH Kallis,-2.083333333333333
501269,2,12,6,JH Kallis,-7.666666666666667
501269,2,15,6,Shakib Al Hasan,-3.0416666666666665
501270,1,5,6,SL Malinga,-0.45833333333333315
501270,1,8,6,KA Pollard,-0.8999999999999999
501270,1,12,6,KA Pollard,-2.6176470588235294
501270,1,15,6,AN Ahmed,-3.7058823529411766
501270,2,5,6,S Aravind,-5.823529411764706
501270,2,8,6,DL Vettori,-0.24999999999999994
501270,2,12,6,DL Vettori,-7.5
501270,2,15,6,J Syed Mohammad,-5.277777777777779
501271,1,5,6,CH Gayle,-0.16666666666666657
501271,1,8,6,DL Vettori,-0.24999999999999994
501271,1,12,6,Z Khan,-0.3888888888888889
501271,1,15,6,DL Vettori,-0.4583333333333333
501271,2,5,6,JA Morkel,-0.3611111111111111
501271,2,8,6,SB Jakati,-4.818181818181818
501271,2,12,6,DJ Bravo,-2.166666666666667
501271,2,15,6,DE Bollinger,-1.3749999999999998
548306,1,5,6,JEC Franklin,-2.333333333333333
548306,1,8,6,Harbhajan Singh,-0.1111111111111111
548306,1,12,6,KA Pollard,-2.25
548306,1,15,6,PP Ojha,-7.479166666666667
548306,2,5,6,RA Jadeja,-2.166666666666667
548306,2,8,6,DE Bollinger,-5.777777777777778
548306,2,12,6,R Ashwin,-0.027777777777777846
548306,2,15,6,DJ Bravo,-2.4705882352941178
548307,1,5,6,GJ Maxwell,0.09999999999999998
548307,1,8,6,RE van der Merwe,-3.375
548307,2,5,6,M de Lange,-1.0
548307,2,8,6,JH Kallis,-2.833333333333333
548308,1,5,6,PP Ojha,0.25
548308,1,8,6,KA Pollard,-2.416666666666667
548308,1,12,6,KA Pollard,-2.441176470588235
548308,1,15,6,KA Pollard,-5.125
548308,2,5,6,WD Parnell,-0.4999999999999999
548308,2,8,6,R Sharma,-0.18181818181818177
548308,2,12,6,MN Samuels,-2.4444444444444446
548308,2,15,6,R Sharma,-2.4375
548309,1,5,6,P Kumar,-1.0833333333333333
548309,1,8,6,Bipul Sharma,-0.16666666666666657
548309,1,12,6,PP Chawla,-3.0277777777777777
548309,1,15,6,Harmeet Singh,-3.0555555555555554
548309,2,5,6,KK Cooper,-2.833333333333333
548309,2,8,6,AA Chavan,0.0
548309,2,12,6,J Botha,-1.1388888888888888
548309,2,15,6,AA Chavan,-5.916666666666666
548310,1,5,6,M Morkel,-5.416666666666667
548310,1,8,6,GJ Maxwell,-2.333333333333333
548310,1,12,6,S Nadeem,-2.805555555555556
548310,1,15,6,S Nadeem,-2.7083333333333335
548310,2,5,6,AB McDonald,-0.4999999999999999
548310,2,8,6,DL Vettori,-0.24999999999999994
548310,2,12,6,HV Patel,0.25
548310,2,15,6,M Muralitharan,-7.6875
548311,1,5,6,DT Christian,-3.0
548311,1,8,6,TP Sudhindra,-2.3000000000000003
548311,1,12,6,DT Christian,-5.0
548311,1,15,6,DT Christian,-5.375
548311,2,5,6,DE Bollinger,-3.75
548311,2,8,6,SK Raina,-2.416666666666667
548311,2,12,6,RA Jadeja,-5.416666666666667
548311,2,15,6,F du Plessis,-1.4999999999999998
548312,1,5,6,Iqbal Abdulla,-0.6666666666666666
548312,1,8,6,R Bhatia,-5.291666666666667
548312,1,12,6,R Bhatia,-5.25
548312,1,15,6,SP Narine,-0.20833333333333331
548312,2,5,6,KK Cooper,-2.3000000000000003
548312,2,8,6,SK Trivedi,-0.6666666666666666
548312,2,12,6,SK Trivedi,-5.354166666666666
548312,2,15,6,A Singh,-4.777777777777778
548313,1,5,6,AD Mascarenhas,-2.291666666666667
548313,1,8,6,PP Chawla,0.08333333333333331
548313,1,12,6,Harmeet Singh,0.25
548313,1,15,6,AD Mascarenhas,-2.5
548313,2,5,6,R Sharma,-0.4999999999999999
548313,2,8,6,M Kartik,-0.6818181818181819
548313,2,12,6,A Nehra,-2.208333333333333
548313,2,15,6,R Sharma,-5.277777777777779
548314,1,5,6,PP Ojha,-2.166666666666667
548314,1,8,6,PP Ojha,-1.0416666666666667
548314,1,12,6,MM Patel,-7.694444444444445
548314,1,15,6,PP Ojha,-0.6739130434782609
548314,2,5,6,DT Christian,-1.4166666666666665
548314,2,8,6,DT Christian,-1.0
548314,2,12,6,Ankit Sharma,-0.08333333333333331
548314,2,15,6,A Mishra,-2.5555555555555554
548315,1,5,6,M Muralitharan,-1.4166666666666665
548315,1,8,6,DL Vettori,-2.6666666666666665
548315,1,12,6,R Vinay Kumar,-0.5416666666666666
548315,1,15,6,HV Patel,-0.8888888888888888
548315,2,5,6,L Balaji,-2.0
548315,2,8,6,R Bhatia,0.16666666666666663
548315,2,12,6,RN ten Doeschate,0.0
548315,2,15,6,Shakib Al Hasan,-1.125
548316,1,5,6,M Morkel,-2.458333333333333
548316,1,8,6,KP Pietersen,-2.75
548316,1,12,6,S Nadeem,0.41666666666666674
548316,1,15,6,RE van der Merwe,-2.270833333333333
548316,2,5,6,R Ashwin,-4.791666666666666
548316,2,8,6,DJ Bravo,0.25
548316,2,12,6,SB Jakati,-0.5833333333333334
548317,1,5,6,A Singh,-2.805555555555556
548317,1,8,6,GB Hogg,-5.583333333333333
548317,1,12,6,SK Trivedi,-0.3333333333333333
548317,1,15,6,SK Trivedi,-0.47222222222222227
548317,2,5,6,PP Ojha,-0.4999999999999999
548317,2,8,6,Harbhajan Singh,0.08333333333333331
548317,2,12,6,Harbhajan Singh,-1.1388888888888888
548317,2,15,6,Harbhajan Singh,-1.0208333333333333
548318,1,5,6,JA Morkel,-2.3000000000000003
548318,1,8,6,SK Raina,-2.7
548318,1,12,6,DJ Bravo,-0.2777777777777778
548318,1,15,6,R Ashwin,-1.1875000000000002
548318,2,5,6,RR Bhatkal,-2.25
548318,2,8,6,M Muralitharan,-2.6666666666666665
548318,2,12,6,RR Bhatkal,-1.8750000000000002
548318,2,15,6,Z Khan,-0.8333333333333334
548319,1,5,6,AD Mascarenhas,-4.583333333333334
548319,1,8,6,Harmeet Singh,-3.75
548319,1,12,6,AD Mascarenhas,-7.75
548319,1,15,6,PP Chawla,-2.5208333333333335
548319,2,5,6,AD Mathews,-1.2499999999999998
548319,2,8,6,JD Ryder,-0.16666666666666657
548319,2,12,6,MN Samuels,-0.7222222222222222
548319,2,15,6,R Sharma,-2.5833333333333335
548320,1,5,6,JH Kallis,-0.8611111111111112
548320,1,8,6,Shakib Al Hasan,-4.708333333333334
548320,1,12,6,SP Narine,-0.5416666666666666
548320,1,15,6,R Bhatia,-0.6818181818181819
548320,2,5,6,A Singh,-2.805555555555556
548320,2,8,6,SK Trivedi,-0.7499999999999999
548320,2,12,6,J Botha,-2.75
548320,2,15,6,SK Trivedi,-0.37499999999999994
548321,1,5,6,AB Agarkar,-1.4999999999999998
548321,1,8,6,UT Yadav,-0.8999999999999999
548321,1,12,6,IK Pathan,-0.5277777777777777
548321,1,15,6,S Nadeem,-7.3125
548321,2,5,6,V Pratap Singh,-2.75
548321,2,8,6,Ankit Sharma,0.33333333333333326
548321,2,12,6,JP Duminy,-0.8611111111111112
548321,2,15,6,DT Christian,-5.527777777777779
548322,1,5,6,MN Samuels,0.16666666666666663
548322,1,8,6,AD Mathews,-3.5
548322,1,12,6,M Kartik,-0.2222222222222222
548322,1,15,6,A Nehra,-1.1666666666666667
548322,2,5,6,DJ Bravo,-0.5833333333333334
548322,2,8,6,R Ashwin,-2.361111111111111
548322,2,12,6,VY Mahesh,-2.958333333333333
548322,2,15,6,DJ Bravo,-0.6818181818181819
548323,1,5,6,JH Kallis,0.027777777777777735
548323,1,8,6,Shakib Al Hasan,-0.24999999999999994
548323,1,12,6,R Bhatia,0.25
548323,1,15,6,JD Unadkat,-0.6944444444444444
548323,2,5,6,AD Mascarenhas,-3.0833333333333335
548323,2,8,6,PP Chawla,0.08333333333333331
548323,2,12,6,PP Chawla,-4.75
548323,2,15,6,BA Bhatt,-5.208333333333333
548324,1,5,6,R Vinay Kumar,-0.7499999999999999
548324,1,8,6,DL Vettori,0.125
548324,1,12,6,R Vinay Kumar,-0.5833333333333334
548324,1,15,6,CH Gayle,-1.7999999999999998
548324,2,5,6,A Singh,-0.9583333333333335
548324,2,8,6,SK Trivedi,-2.3000000000000003
548324,2,12,6,SK Trivedi,-5.083333333333333
548324,2,15,6,J Botha,-3.0
548325,1,5,6,S Nadeem,-4.647058823529411
548325,1,8,6,UT Yadav,-2.25
548325,1,12,6,IK Pathan,0.11111111111111105
548325,1,15,6,M Morkel,-2.9444444444444446
548325,2,5,6,RP Singh,-2.6944444444444446
548325,2,8,6,PP Ojha,0.375
548325,2,12,6,PP Ojha,-2.270833333333333
548326,1,5,6,J Botha,-1.0
548326,1,8,6,SK Trivedi,-0.5416666666666666
548326,1,12,6,J Botha,-0.5555555555555556
548326,1,15,6,SK Trivedi,-2.869565217391304
548326,2,5,6,DT Christian,-2.0999999999999996
548326,2,8,6,DW Steyn,-0.9166666666666666
548326,2,12,6,Ankit Sharma,-0.4117647058823529
548326,2,15,6,A Mishra,-7.9375
548327,1,5,6,DL Vettori,-1.3333333333333333
548327,1,8,6,HV Patel,-3.305555555555556
548327,1,12,6,DL Vettori,-2.861111111111111
548327,1,15,6,Z Khan,-0.4166666666666667
548327,2,5,6,MN Samuels,-2.166666666666667
548327,2,8,6,B Kumar,-0.25
548327,2,12,6,R Sharma,-1.7916666666666667
548327,2,15,6,A Nehra,-3.323529411764706
548328,1,5,6,JH Kallis,-0.4166666666666667
548328,1,8,6,YK Pathan,-0.5833333333333334
548328,1,12,6,R Bhatia,0.04166666666666666
548328,1,15,6,B Lee,-5.354166666666666
548328,2,5,6,PP Chawla,-3.0
548328,2,8,6,Harmeet Singh,-1.0454545454545454
548328,2,12,6,BA Bhatt,-0.24999999999999994
548328,2,15,6,AD Mascarenhas,-0.16666666666666657
548329,1,5,6,VR Aaron,-2.9166666666666665
548329,1,8,6,AD Russell,-0.9166666666666666
548329,1,12,6,IK Pathan,-1.527777777777778
548329,1,15,6,S Nadeem,-0.6249999999999999
548329,2,5,6,A Ashish Reddy,-2.833333333333333
548329,2,8,6,S Dhawan,-3.909090909090909
548329,2,12,6,A Ashish Reddy,-1.7500000000000002
548329,2,15,6,Ankit Sharma,-1.4166666666666665
548330,1,5,6,B Kumar,-0.9999999999999999
548330,1,8,6,R Sharma,-0.12499999999999994
548330,1,12,6,R Sharma,-0.055555555555555525
548330,1,15,6,MN Samuels,-5.555555555555555
548330,2,5,6,DE Bollinger,-2.0416666666666665
548330,2,8,6,RA Jadeja,0.33333333333333326
548330,2,12,6,DJ Bravo,-2.625
548330,2,15,6,R Ashwin,-2.909090909090909
548331,1,5,6,HV Patel,-2.166666666666667
548331,1,8,6,AB McDonald,-2.772727272727273
548331,1,12,6,HV Patel,-1.3333333333333333
548331,1,15,6,DL Vettori,-0.04166666666666666
548331,2,5,6,P Awana,-7.916666666666667
548331,2,8,6,PP Chawla,-0.24999999999999994
548331,2,12,6,Azhar Mahmood,-0.6249999999999999
548331,2,15,6,P Kumar,-0.5869565217391304
548332,1,5,6,DE Bollinger,-0.4999999999999999
548332,1,8,6,R Ashwin,-2.4166666666666665
548332,1,12,6,RA Jadeja,0.16666666666666663
548332,1,15,6,DE Bollinger,-0.75
548332,2,5,6,GB Hogg,-0.41666666666666663
548332,2,8,6,SK Trivedi,-0.6666666666666666
548332,2,12,6,SK Trivedi,-0.19444444444444445
548332,2,15,6,A Singh,-1.0
548333,1,5,6,M Morkel,-4.454545454545454
548333,1,8,6,KP Pietersen,-0.7272727272727273
548333,1,12,6,Y Nagar,-0.8
548333,1,15,6,IK Pathan,-0.33333333333333337
548333,2,5,6,AD Mathews,-2.166666666666667
548333,2,8,6,R Sharma,-1.0
548333,2,12,6,M Kartik,-3.458333333333333
548333,2,15,6,SC Ganguly,-7.75
548334,1,5,6,Azhar Mahmood,-1.7
548334,1,8,6,PP Chawla,-2.333333333333333
548334,1,12,6,DJ Hussey,-1.4999999999999998
548334,1,15,6,PP Chawla,-4.833333333333334
548334,2,5,6,KA Pollard,-0.4999999999999999
548334,2,8,6,KA Pollard,-2.5833333333333335
548334,2,12,6,NLTC Perera,-0.7499999999999999
548334,2,15,6,KA Pollard,-4.895833333333333
548335,1,5,6,L Balaji,-2.25
548335,1,8,6,JH Kallis,-0.6249999999999999
548335,1,12,6,SP Narine,-0.041666666666666796
548335,1,15,6,R Bhatia,-5.083333333333333
548335,2,5,6,V Pratap Singh,-1.2499999999999998
548335,2,8,6,A Mishra,-2.5833333333333335
548335,2,12,6,Ankit Sharma,-2.5
548335,2,15,6,Ankit Sharma,-2.4583333333333335
548336,1,5,6,Pankaj Singh,-3.25
548336,1,8,6,SK Trivedi,-0.08333333333333331
548336,1,12,6,A Chandila,-0.375
548336,1,15,6,SK Trivedi,-0.5277777777777777
548336,2,5,6,R Vinay Kumar,-1.0555555555555556
548336,2,8,6,HV Patel,0.33333333333333326
548336,2,12,6,DL Vettori,0.19444444444444442
548336,2,15,6,DL Vettori,0.04166666666666663
548337,1,5,6,M Morkel,-2.625
548337,1,8,6,P Negi,-0.6249999999999999
548337,1,12,6,UT Yadav,-1.0
548337,1,15,6,P Negi,-0.20833333333333331
548337,2,5,6,A Nehra,-1.3611111111111112
548337,2,8,6,R Sharma,-0.5833333333333334
548337,2,12,6,M Kartik,-0.4117647058823529
548337,2,15,6,R Sharma,-3.1041666666666665
548339,1,5,6,RP Singh,-3.0
548339,1,8,6,Harbhajan Singh,0.0
548339,1,12,6,JEC Franklin,-2.1999999999999997
548339,1,15,6,KA Pollard,-0.611111111111111
548339,2,5,6,P Awana,-0.6363636363636364
548339,2,8,6,BA Bhatt,-0.6249999999999999
548339,2,12,6,PP Chawla,-2.588235294117647
548339,2,15,6,P Kumar,-0.21739130434782608
548341,1,5,6,B Kumar,-5.166666666666667
548341,1,8,6,R Sharma,-0.041666666666666796
548341,1,12,6,A Nehra,-0.6388888888888888
548341,1,15,6,R Sharma,-3.4375
548341,2,5,6,J Theron,-2.9166666666666665
548341,2,8,6,A Mishra,-1.0909090909090908
548341,2,12,6,J Theron,-2.5833333333333335
548341,2,15,6,A Ashish Reddy,-5.333333333333333
548342,1,5,6,RP Singh,-1.1764705882352942
548342,1,8,6,RJ Peterson,-1.3333333333333333
548342,1,12,6,SL Malinga,-0.65625
548342,1,15,6,RJ Peterson,-7.75
548342,2,5,6,UT Yadav,-2.0833333333333335
548342,2,8,6,IK Pathan,-6.333333333333333
548342,2,12,6,AB Agarkar,-2.5833333333333335
548342,2,15,6,S Nadeem,-5.583333333333333
548343,1,5,6,SB Jakati,-0.41666666666666663
548343,1,8,6,R Ashwin,-2.5277777777777777
548343,1,12,6,JA Morkel,-0.9583333333333335
548343,1,15,6,JA Morkel,-3.305555555555556
548343,2,5,6,Azhar Mahmood,-2.166666666666667
548343,2,8,6,PP Chawla,-0.20833333333333331
548343,2,12,6,DJ Hussey,-2.25
548343,2,15,6,Azhar Mahmood,-5.055555555555555
548344,1,5,6,KP Appanna,-0.5416666666666666
548344,1,8,6,DL Vettori,-0.41666666666666663
548344,1,12,6,TM Dilshan,-1.0416666666666667
548344,1,15,6,DL Vettori,-3.1875
548344,2,5,6,JH Kallis,-4.666666666666666
548344,2,8,6,YK Pathan,-2.5833333333333335
548344,2,12,6,R Bhatia,-3.0833333333333335
548344,2,15,6,B Lee,-0.7708333333333334
548345,1,5,6,KK Cooper,-0.41666666666666663
548345,1,8,6,A Singh,-0.24999999999999994
548345,1,12,6,KK Cooper,-0.041666666666666796
548345,1,15,6,GB Hogg,-2.895833333333333
548345,2,5,6,M Morkel,-0.4999999999999999
548345,2,8,6,AB Agarkar,-0.24999999999999994
548345,2,12,6,UT Yadav,-0.5833333333333334
548345,2,15,6,AB Agarkar,-0.5
548346,1,5,6,RP Singh,-2.75
548346,1,8,6,SL Malinga,-2.65
548346,1,12,6,JEC Franklin,-5.166666666666667
548346,1,15,6,MM Patel,-2.6944444444444446
548346,2,5,6,V Pratap Singh,-2.7222222222222223
548346,2,8,6,DW Steyn,-4.59375
548346,2,12,6,DW Steyn,-4.645833333333334
548346,2,15,6,A Mishra,0.16666666666666663
548347,1,5,6,Iqbal Abdulla,-0.4999999999999999
548347,1,8,6,JH Kallis,-0.6363636363636364
548347,1,12,6,JH Kallis,-5.166666666666667
548347,1,15,6,SP Narine,-2.625
548347,2,5,6,JA Morkel,-0.25
548347,2,8,6,RA Jadeja,0.09999999999999998
548347,2,12,6,DJ Bravo,-2.25
548347,2,15,6,SK Raina,-0.3888888888888889
548348,1,5,6,WD Parnell,-5.551115123125783e-17
548348,1,8,6,A Nehra,-0.16666666666666657
548348,1,12,6,SC Ganguly,-0.3333333333333333
548348,1,15,6,WD Parnell,-0.4722222222222221
548348,2,5,6,DW Steyn,-2.0416666666666665
548348,2,8,6,JP Duminy,-0.11764705882352941
548348,2,12,6,S Dhawan,-3.75
548348,2,15,6,DW Steyn,-1.5833333333333333
548349,1,5,6,M Morkel,-0.12499999999999994
548349,1,8,6,P Negi,-2.25
548349,1,12,6,P Negi,-9.916666666666666
548349,1,15,6,V Sehwag,-0.6249999999999999
548349,2,5,6,SR Watson,-0.9583333333333335
548349,2,8,6,AA Chavan,-3.0
548349,2,12,6,AA Chavan,-3.2291666666666665
548350,1,5,6,P Awana,-0.6666666666666666
548350,1,8,6,Azhar Mahmood,0.16666666666666663
548350,1,12,6,P Awana,-0.9705882352941176
548350,1,15,6,Azhar Mahmood,-2.5555555555555554
548350,2,5,6,R Vinay Kumar,-0.5833333333333334
548350,2,8,6,KP Appanna,-2.166666666666667
548350,2,12,6,KP Appanna,-3.3333333333333335
548350,2,15,6,AUK Pathan,-1.3333333333333333
548351,1,5,6,A Nehra,-2.0
548351,1,8,6,MJ Clarke,-2.25
548351,1,12,6,WD Parnell,-0.24999999999999994
548351,1,15,6,A Nehra,-7.729166666666666
548351,2,5,6,MM Patel,-2.666666666666667
548351,2,8,6,Harbhajan Singh,-5.25
548351,2,12,6,JEC Franklin,-0.16666666666666657
548351,2,15,6,JEC Franklin,-0.3611111111111111
548352,1,5,6,DT Christian,-0.7000000000000001
548352,1,8,6,AA Jhunjhunwala,0.25
548352,1,12,6,A Ashish Reddy,0.09999999999999998
548352,1,15,6,DW Steyn,-0.25
548352,2,5,6,R Ashwin,-0.5833333333333334
548352,2,8,6,SB Jakati,-0.37499999999999994
548352,2,12,6,JA Morkel,-2.5555555555555554
548352,2,15,6,RA Jadeja,0.16666666666666663
548353,1,5,6,AB Dinda,-1.0909090909090908
548353,1,8,6,MJ Clarke,-0.5833333333333334
548353,1,12,6,M Kartik,-2.75
548353,1,15,6,AD Mathews,-4.958333333333333
548353,2,5,6,M de Lange,-5.617647058823529
548353,2,8,6,SP Narine,-2.0
548353,2,12,6,YK Pathan,0.19999999999999996
548353,2,15,6,R Bhatia,-0.16666666666666669
548354,1,5,6,P Awana,-1.7999999999999998
548354,1,8,6,Azhar Mahmood,-0.7916666666666667
548354,1,12,6,P Awana,-0.6176470588235294
548354,1,15,6,PP Chawla,-5.583333333333333
548354,2,5,6,SW Tait,-2.6363636363636362
548354,2,8,6,J Botha,-2.227272727272727
548354,2,12,6,SW Tait,-2.4411764705882355
548354,2,15,6,SK Trivedi,-2.895833333333333
548355,1,5,6,SL Malinga,-2.625
548355,1,8,6,RP Singh,-3.0
548355,1,12,6,DR Smith,-1.3749999999999998
548355,1,15,6,RJ Peterson,-0.9583333333333335
548355,2,5,6,R Ashwin,-0.5833333333333334
548355,2,8,6,DJ Bravo,-1.1363636363636362
548355,2,12,6,SB Jakati,-0.16666666666666657
548355,2,15,6,R Ashwin,-2.7708333333333335
548356,1,5,6,P Parameswaran,-0.5833333333333334
548356,1,8,6,M Muralitharan,0.25
548356,1,12,6,CH Gayle,-0.4999999999999999
548356,1,15,6,M Muralitharan,0.02083333333333337
548356,2,5,6,Anand Rajan,-1.3333333333333333
548356,2,8,6,A Ashish Reddy,-0.5454545454545455
548356,2,12,6,A Ashish Reddy,-0.4722222222222221
548356,2,15,6,V Pratap Singh,-3.4411764705882355
548357,1,5,6,JH Kallis,-5.541666666666667
548357,1,8,6,R Bhatia,-1.2499999999999998
548357,1,12,6,SP Narine,-2.5833333333333335
548357,1,15,6,R Bhatia,-0.20833333333333331
548357,2,5,6,UT Yadav,-1.2499999999999998
548357,2,8,6,VR Aaron,-2.7083333333333335
548357,2,12,6,IK Pathan,-0.6176470588235294
548357,2,15,6,UT Yadav,-5.369565217391304
548358,1,5,6,SW Tait,-2.5
548358,1,8,6,STR Binny,-2.291666666666667
548358,1,12,6,SW Tait,-4.888888888888888
548358,1,15,6,J Botha,-2.854166666666667
548358,2,5,6,WD Parnell,-3.0
548358,2,8,6,A Nehra,-1.3333333333333333
548358,2,12,6,B Kumar,-2.7777777777777777
548358,2,15,6,MJ Clarke,-2.7083333333333335
548359,1,5,6,J Theron,-0.9166666666666666
548359,1,8,6,A Mishra,-0.4999999999999999
548359,1,12,6,A Mishra,-0.9166666666666666
548359,1,15,6,A Ashish Reddy,-5.583333333333333
548359,2,5,6,Azhar Mahmood,0.25
548359,2,8,6,P Awana,-2.958333333333333
548359,2,12,6,PP Chawla,-0.33333333333333337
548359,2,15,6,Azhar Mahmood,-0.2777777777777778
548360,1,5,6,R Vinay Kumar,-5.416666666666667
548360,1,8,6,HV Patel,-2.4722222222222223
548360,1,12,6,J Syed Mohammad,-0.4166666666666667
548360,1,15,6,M Muralitharan,-4.8055555555555545
548360,2,5,6,RP Singh,-0.75
548360,2,8,6,PP Ojha,-2.25
548360,2,12,6,KA Pollard,-0.6818181818181819
548360,2,15,6,SL Malinga,-0.28260869565217395
548361,1,5,6,BW Hilfenhaus,-4.611111111111112
548361,1,8,6,VY Mahesh,-2.318181818181818
548361,1,12,6,VY Mahesh,-4.979166666666667
548361,1,15,6,RA Jadeja,0.19444444444444442
548361,2,5,6,Pankaj Singh,-3.333333333333333
548361,2,8,6,J Botha,-0.20833333333333331
548361,2,12,6,SW Tait,-2.1111111111111116
548361,2,15,6,SK Trivedi,-4.916666666666667
548362,1,5,6,B Kumar,-1.2499999999999998
548362,1,8,6,AD Mathews,-2.625
548362,1,12,6,K Upadhyay,-0.25
548362,1,15,6,AD Mathews,-2.5
548362,2,5,6,KP Appanna,-1.3333333333333333
548362,2,8,6,M Muralitharan,-2.5833333333333335
548362,2,12,6,HV Patel,-1.1388888888888888
548362,2,15,6,M Muralitharan,-4.958333333333333
548363,1,5,6,SP Narine,-0.4999999999999999
548363,1,8,6,JH Kallis,-0.24999999999999994
548363,1,12,6,Shakib Al Hasan,-2.8125
548363,1,15,6,SP Narine,-0.2222222222222222
548363,2,5,6,PP Ojha,-2.6666666666666665
548363,2,8,6,DR Smith,0.25
548363,2,12,6,DR Smith,-0.4117647058823529
548363,2,15,6,SL Malinga,-0.3611111111111111
548364,1,5,6,JA Morkel,-2.4444444444444446
548364,1,8,6,RA Jadeja,-0.7499999999999999
548364,1,12,6,SB Jakati,-0.1388888888888889
548364,1,15,6,R Ashwin,-2.3125
548364,2,5,6,VR Aaron,-0.4999999999999999
548364,2,8,6,IK Pathan,-0.5833333333333334
548364,2,12,6,UT Yadav,-0.7777777777777778
548365,1,5,6,B Kumar,-0.875
548365,1,8,6,AD Mathews,-0.12499999999999994
548365,1,12,6,JD Ryder,-2.0833333333333335
548365,1,15,6,M Kartik,-0.4347826086956522
548365,2,5,6,SW Tait,-0.4999999999999999
548365,2,8,6,J Botha,0.16666666666666663
548365,2,12,6,J Botha,-2.6111111111111107
548365,2,15,6,STR Binny,0.08333333333333331
548366,1,5,6,Azhar Mahmood,-2.416666666666667
548366,1,8,6,PP Chawla,-0.4999999999999999
548366,1,12,6,P Awana,-2.805555555555556
548366,1,15,6,Azhar Mahmood,-2.9411764705882355
548366,2,5,6,TP Sudhindra,-0.9583333333333335
548366,2,8,6,A Mishra,-0.5833333333333334
548366,2,12,6,A Mishra,-2.6666666666666665
548366,2,15,6,TP Sudhindra,-1.0208333333333333
548367,1,5,6,SL Malinga,0.09999999999999998
548367,1,8,6,Harbhajan Singh,-3.0833333333333335
548367,1,12,6,DR Smith,0.33333333333333326
548367,1,15,6,RP Singh,-0.23529411764705882
548367,2,5,6,R Vinay Kumar,-5.264705882352941
548367,2,8,6,HV Patel,-2.7222222222222223
548367,2,12,6,CH Gayle,-1.7
548367,2,15,6,HV Patel,-2.791666666666667
548368,1,5,6,SB Jakati,-0.875
548368,1,8,6,R Ashwin,-0.3888888888888889
548368,1,12,6,SB Jakati,-2.9722222222222223
548368,1,15,6,RA Jadeja,-0.8333333333333334
548368,2,5,6,SP Narine,0.25
548368,2,8,6,L Balaji,-1.0555555555555556
548368,2,12,6,JH Kallis,-0.5833333333333334
548368,2,15,6,JH Kallis,-0.6388888888888888
548369,1,5,6,VR Aaron,-5.125
548369,1,8,6,IK Pathan,-0.41666666666666663
548369,1,12,6,P Negi,-3.3333333333333335
548369,1,15,6,IK Pathan,-0.4999999999999999
548369,2,5,6,P Awana,-7.458333333333333
548369,2,8,6,PP Chawla,-1.4166666666666665
548369,2,12,6,Azhar Mahmood,-0.5277777777777777
548369,2,15,6,PP Chawla,-3.2291666666666665
548370,1,5,6,MM Patel,-0.2222222222222222
548370,1,8,6,KA Pollard,-2.318181818181818
548370,1,12,6,SL Malinga,-0.16666666666666657
548370,1,15,6,DR Smith,-5.083333333333333
548370,2,5,6,Iqbal Abdulla,-3.0
548370,2,8,6,JH Kallis,-1.2916666666666665
548370,2,12,6,L Balaji,-2.3529411764705883
548370,2,15,6,Shakib Al Hasan,-2.8125
548371,1,5,6,Azhar Mahmood,0.41666666666666674
548371,1,8,6,P Awana,0.33333333333333326
548371,1,12,6,DJ Hussey,0.33333333333333326
548371,1,15,6,P Awana,-4.611111111111112
548371,2,5,6,R Ashwin,-0.875
548371,2,8,6,DJ Bravo,-2.083333333333333
548371,2,12,6,VY Mahesh,0.16666666666666663
548371,2,15,6,BW Hilfenhaus,-2.9166666666666665
548372,1,5,6,AD Russell,0.30000000000000004
548372,1,8,6,P Negi,0.33333333333333326
548372,1,12,6,AD Russell,-0.8333333333333334
548372,1,15,6,P Negi,-1.1111111111111112
548372,2,5,6,HV Patel,0.16666666666666663
548372,2,8,6,P Parameswaran,-4.5
548372,2,12,6,HV Patel,-0.6388888888888888
548372,2,15,6,Z Khan,-6.055555555555555
548373,1,5,6,V Pratap Singh,-1.3333333333333333
548373,1,8,6,A Mishra,-4.708333333333334
548373,1,12,6,JP Duminy,-0.2272727272727273
548373,1,15,6,DW Steyn,-2.4444444444444446
548373,2,5,6,J Botha,-1.6
548373,2,8,6,J Botha,-3.0416666666666665
548373,2,12,6,A Chandila,-2.6944444444444446
548373,2,15,6,SK Trivedi,-4.9375
548374,1,5,6,UT Yadav,-7.111111111111112
548374,1,8,6,IK Pathan,0.41666666666666674
548374,1,12,6,IK Pathan,-0.25
548374,1,15,6,IK Pathan,-0.3125
548374,2,5,6,P Kumar,-0.5
548374,2,8,6,Azhar Mahmood,0.30000000000000004
548374,2,12,6,RJ Harris,-2.9722222222222223
548374,2,15,6,P Awana,-1.5
548375,1,5,6,B Kumar,-0.41666666666666663
548375,1,8,6,MJ Clarke,-2.291666666666667
548375,1,12,6,MJ Clarke,-2.7083333333333335
548375,1,15,6,A Nehra,-0.8333333333333334
548375,2,5,6,SP Narine,0.25
548375,2,8,6,L Balaji,-5.551115123125783e-17
548375,2,12,6,R Bhatia,0.25
548375,2,15,6,Shakib Al Hasan,-4.958333333333333
548376,1,5,6,M Muralitharan,0.33333333333333326
548376,1,8,6,P Parameswaran,-2.4444444444444446
548376,1,12,6,HV Patel,-0.33333333333333337
548376,1,15,6,R Vinay Kumar,-2.4722222222222223
548376,2,5,6,MS Gony,-1.2499999999999998
548376,2,8,6,V Pratap Singh,0.25
548376,2,12,6,A Ashish Reddy,0.25
548376,2,15,6,A Ashish Reddy,-2.805555555555556
548377,1,5,6,DS Kulkarni,-4.888888888888888
548377,1,8,6,DR Smith,0.25
548377,1,12,6,JEC Franklin,0.08333333333333331
548377,1,15,6,KA Pollard,-5.558823529411765
548377,2,5,6,GB Hogg,-0.41666666666666663
548377,2,8,6,SK Trivedi,-0.16666666666666657
548377,2,12,6,STR Binny,-1.4999999999999998
548377,2,15,6,SK Trivedi,-0.39583333333333337
548378,1,5,6,VR Aaron,-3.5
548378,1,8,6,P Negi,0.16666666666666663
548378,1,12,6,P Negi,-2.4375
548378,1,15,6,UT Yadav,-3.1388888888888893
548378,2,5,6,SP Narine,0.33333333333333326
548378,2,8,6,R Bhatia,-1.4166666666666665
548378,2,12,6,SP Narine,0.29166666666666674
548378,2,15,6,Shakib Al Hasan,-3.2708333333333335
548379,1,5,6,SL Malinga,-0.6666666666666666
548379,1,8,6,DR Smith,-0.41666666666666663
548379,1,12,6,RP Singh,-1.0277777777777777
548379,1,15,6,DS Kulkarni,-8.527777777777779
548379,2,5,6,R Ashwin,-0.5833333333333334
548379,2,8,6,JA Morkel,-2.25
548379,2,12,6,JA Morkel,-5.25
548379,2,15,6,DJ Bravo,-2.5
548380,1,5,6,VR Aaron,-1.5
548380,1,8,6,VR Aaron,-4.125
548380,1,12,6,AD Russell,-0.8333333333333334
548380,1,15,6,AD Russell,-0.5624999999999999
548380,2,5,6,JA Morkel,-3.3888888888888893
548380,2,8,6,DJ Bravo,-3.3
548380,2,12,6,DJ Bravo,-2.833333333333333
548380,2,15,6,SB Jakati,-5.604166666666667
548381,1,5,6,B Lee,-1.1176470588235294
548381,1,8,6,R Bhatia,-1.4999999999999998
548381,1,12,6,R Bhatia,-2.861111111111111
548381,1,15,6,B Lee,-0.9375
548381,2,5,6,R Ashwin,-1.3333333333333333
548381,2,8,6,DJ Bravo,-1.0833333333333335
548381,2,12,6,JA Morkel,-1.1666666666666667
548381,2,15,6,SB Jakati,-1.0208333333333333
597998,1,5,6,SP Narine,-2.25
597998,1,8,6,L Balaji,-2.7777777777777777
597998,1,12,6,LR Shukla,-0.5833333333333334
597998,1,15,6,SP Narine,-4.708333333333334
597998,2,5,6,A Nehra,-3.2222222222222223
597998,2,8,6,J Botha,-0.6666666666666666
597998,2,12,6,AD Russell,-0.4999999999999999
597998,2,15,6,AD Russell,-0.18181818181818177
597999,1,5,6,JDP Oram,0.30000000000000004
597999,1,8,6,JJ Bumrah,-5.972222222222222
597999,1,12,6,JJ Bumrah,-8.375
597999,1,15,6,Harbhajan Singh,-2.75
597999,2,5,6,M Muralitharan,-1.2499999999999998
597999,2,8,6,M Muralitharan,-0.4999999999999999
597999,2,12,6,JD Unadkat,-0.5277777777777777
597999,2,15,6,M Kartik,-5.0
598000,1,5,6,AB Dinda,-2.590909090909091
598000,1,8,6,AD Mathews,-0.6666666666666666
598000,1,12,6,Yuvraj Singh,-2.25
598000,1,15,6,B Kumar,-5.551115123125783e-17
598000,2,5,6,I Sharma,-1.1102230246251565e-16
598000,2,8,6,NLTC Perera,-5.472222222222221
598000,2,12,6,A Ashish Reddy,-0.7499999999999999
598000,2,15,6,A Mishra,-7.479166666666667
598001,1,5,6,AD Russell,-0.8
598001,1,8,6,AD Russell,-1.0
598001,1,12,6,AD Russell,-0.8888888888888888
598001,1,15,6,A Nehra,-0.8055555555555556
598001,2,5,6,S Sreesanth,-2.638888888888889
598001,2,8,6,KK Cooper,-1.4166666666666665
598001,2,12,6,R Shukla,-3.458333333333333
598001,2,15,6,STR Binny,-0.6666666666666666
598002,1,5,6,AS Rajpoot,-3.2777777777777777
598002,1,8,6,DJ Bravo,-6.25
598002,1,12,6,RA Jadeja,-0.12499999999999994
598002,1,15,6,R Ashwin,-2.4444444444444446
598002,2,5,6,Harbhajan Singh,-0.33333333333333315
598002,2,8,6,PP Ojha,0.16666666666666663
598002,2,12,6,PP Ojha,-4.791666666666666
598002,2,15,6,MM Patel,-5.555555555555555
598003,1,5,6,P Awana,0.25
598003,1,8,6,PP Chawla,-2.166666666666667
598003,1,12,6,PP Chawla,-2.25
598003,1,15,6,P Kumar,-5.586956521739131
598003,2,5,6,B Kumar,-0.8333333333333333
598003,2,8,6,MR Marsh,-0.24999999999999994
598004,1,5,6,I Sharma,-2.625
598004,1,8,6,NLTC Perera,0.29166666666666674
598004,1,12,6,I Sharma,-2.833333333333333
598004,1,15,6,A Mishra,-2.416666666666667
598004,2,5,6,MC Henriques,-4.972222222222222
598004,2,8,6,M Muralitharan,-2.166666666666667
598004,2,12,6,M Muralitharan,-2.5277777777777777
598004,2,15,6,JD Unadkat,-5.1875
598005,1,5,6,SP Narine,-0.5833333333333334
598005,1,8,6,JH Kallis,-0.5416666666666666
598005,1,12,6,LR Shukla,-3.0416666666666665
598005,1,15,6,SP Narine,-4.944444444444445
598005,2,5,6,KK Cooper,0.16666666666666663
598005,2,8,6,SK Trivedi,-4.708333333333334
598005,2,12,6,SK Trivedi,-7.625
598005,2,15,6,S Sreesanth,-2.9375
598006,1,5,6,A Nehra,-3.833333333333333
598006,1,8,6,UT Yadav,-0.9999999999999999
598006,1,12,6,BMAJ Mendis,-1.0
598006,1,15,6,UT Yadav,-0.8235294117647058
598006,2,5,6,SL Malinga,-0.45833333333333315
598006,2,8,6,Harbhajan Singh,-2.833333333333333
598006,2,12,6,PP Ojha,-0.27272727272727276
598006,2,15,6,SL Malinga,-2.9722222222222223
598007,1,5,6,CH Morris,-0.875
598007,1,8,6,RA Jadeja,-2.6666666666666665
598007,1,12,6,R Ashwin,-0.24999999999999994
598007,1,15,6,DJ Bravo,-3.0833333333333335
598007,2,5,6,P Awana,-0.4999999999999999
598007,2,8,6,P Awana,-1.0
598007,2,12,6,RJ Harris,-0.7291666666666666
598007,2,15,6,R Sathish,-1.4166666666666665
598008,1,5,6,M Muralitharan,-1.7
598008,1,8,6,R Vinay Kumar,-3.458333333333333
598008,1,12,6,MC Henriques,-5.333333333333334
598008,1,15,6,JD Unadkat,-0.5833333333333334
598008,2,5,6,R McLaren,-3.5294117647058827
598008,2,8,6,PJ Sangwan,-2.5999999999999996
598008,2,12,6,SP Narine,-0.25
598008,2,15,6,JH Kallis,-0.47826086956521735
598009,1,5,6,R Sharma,0.16666666666666663
598009,1,8,6,Yuvraj Singh,-0.24999999999999994
598009,1,12,6,Yuvraj Singh,-2.6176470588235294
598009,1,15,6,R Sharma,-4.791666666666666
598009,2,5,6,KK Cooper,-0.41666666666666663
598009,2,8,6,Harmeet Singh,-0.7777777777777778
598009,2,12,6,JP Faulkner,-2.7222222222222223
598009,2,15,6,SK Trivedi,-0.41666666666666663
598010,1,5,6,Anand Rajan,0.41666666666666674
598010,1,8,6,Anand Rajan,-2.5833333333333335
598010,1,12,6,Anand Rajan,-2.5
598010,1,15,6,Anand Rajan,-2.4583333333333335
598010,2,5,6,UT Yadav,-2.0833333333333335
598010,2,8,6,J Botha,-0.08333333333333331
598010,2,12,6,M Morkel,-0.16666666666666657
598010,2,15,6,UT Yadav,-1.7916666666666667
598011,1,5,6,R Sharma,-0.9166666666666666
598011,1,8,6,AJ Finch,-2.6666666666666665
598011,1,12,6,R Sharma,-0.5208333333333334
598011,1,15,6,MR Marsh,-2.1000000000000005
598011,2,5,6,Harbhajan Singh,-2.9166666666666665
598011,2,8,6,R Dhawan,-0.5416666666666666
598011,2,12,6,PP Ojha,-5.636363636363636
598011,2,15,6,SL Malinga,-2.5833333333333335
598012,1,5,6,MM Sharma,-0.5416666666666666
598012,1,8,6,R Ashwin,-2.2727272727272725
598012,1,12,6,R Ashwin,-2.7291666666666665
598012,1,15,6,DJ Bravo,-0.46875
598012,2,5,6,R Vinay Kumar,-3.416666666666667
598012,2,8,6,J Syed Mohammad,-0.5833333333333334
598012,2,12,6,J Syed Mohammad,-5.058823529411765
598012,2,15,6,RP Singh,-0.33333333333333337
598013,1,5,6,I Sharma,-0.45833333333333315
598013,1,8,6,A Mishra,-0.875
598013,1,12,6,NLTC Perera,-0.611111111111111
598013,1,15,6,A Mishra,-1.0555555555555556
598013,2,5,6,SMSM Senanayake,0.1470588235294118
598013,2,8,6,JH Kallis,-2.5
598013,2,12,6,L Balaji,-0.5833333333333334
598013,2,15,6,SP Narine,-2.888888888888889
598014,1,5,6,KK Cooper,-1.4166666666666665
598014,1,8,6,SK Trivedi,-2.25
598014,1,12,6,SK Trivedi,-4.777777777777778
598014,1,15,6,KK Cooper,-3.0833333333333335
598014,2,5,6,P Kumar,0.0833333333333332
598014,2,8,6,Azhar Mahmood,0.25
598014,2,12,6,PP Chawla,-2.25
598014,2,15,6,Azhar Mahmood,-0.18749999999999994
598015,1,5,6,R Ashwin,-0.4999999999999999
598015,1,8,6,CH Morris,-0.5833333333333334
598015,1,12,6,RA Jadeja,-3.0208333333333335
598015,1,15,6,DJ Bravo,-1.0416666666666667
598015,2,5,6,MR Marsh,-1.4166666666666665
598015,2,8,6,AM Nayar,-2.625
598015,2,12,6,MR Marsh,-3.5
598015,2,15,6,R Sharma,-2.5
598016,1,5,6,SMSM Senanayake,-2.6666666666666665
598016,1,8,6,L Balaji,-3.2777777777777777
598016,1,12,6,SMSM Senanayake,-2.5833333333333335
598016,1,15,6,SMSM Senanayake,-5.395833333333334
598016,2,5,6,MS Gony,-1.4166666666666665
598016,2,8,6,PP Chawla,-0.6666666666666666
598016,2,12,6,PP Chawla,-0.7222222222222221
598016,2,15,6,MS Gony,-2.5869565217391304
598017,1,5,6,R Vinay Kumar,-2.083333333333333
598017,1,8,6,AB McDonald,-3.458333333333333
598017,1,12,6,J Syed Mohammad,-0.24999999999999994
598017,1,15,6,R Vinay Kumar,-2.5
598017,2,5,6,IK Pathan,-0.41666666666666663
598017,2,8,6,S Nadeem,-0.6666666666666666
598017,2,12,6,S Nadeem,-0.5833333333333334
598017,2,15,6,UT Yadav,-2.5555555555555554
598018,1,5,6,AD Mathews,-0.5833333333333334
598018,1,8,6,MR Marsh,-0.6666666666666666
598018,1,12,6,AD Mathews,-0.20833333333333331
598018,1,15,6,MR Marsh,-2.7608695652173916
598018,2,5,6,I Sharma,-0.4722222222222221
598018,2,8,6,KV Sharma,-2.333333333333333
598018,2,12,6,I Sharma,-2.791666666666667
598018,2,15,6,A Mishra,-0.08333333333333331
598019,1,5,6,SL Malinga,-1.5833333333333333
598019,1,8,6,Harbhajan Singh,0.25
598019,1,12,6,SL Malinga,-1.0
598019,1,15,6,PP Ojha,-2.861111111111111
598019,2,5,6,AA Chavan,0.0833333333333332
598019,2,8,6,SK Trivedi,-2.083333333333333
598019,2,12,6,JP Faulkner,-2.6666666666666665
598019,2,15,6,KK Cooper,-0.7499999999999999
598020,1,5,6,IK Pathan,-0.45833333333333315
598020,1,8,6,S Nadeem,0.13636363636363635
598020,1,12,6,IK Pathan,-3.25
598020,1,15,6,UT Yadav,-0.8055555555555556
598020,2,5,6,MM Sharma,-7.194444444444445
598020,2,8,6,RA Jadeja,0.08333333333333331
598020,2,12,6,RA Jadeja,-4.833333333333334
598020,2,15,6,R Ashwin,-4.958333333333333
598021,1,5,6,I Sharma,-3.0833333333333335
598021,1,8,6,KV Sharma,-4.666666666666666
598021,1,12,6,NLTC Perera,-0.8333333333333333
598021,1,15,6,A Mishra,-0.33333333333333337
598021,2,5,6,Azhar Mahmood,-0.5833333333333334
598021,2,8,6,AD Mascarenhas,-0.055555555555555525
598021,2,12,6,Azhar Mahmood,-0.24999999999999994
598021,2,15,6,MS Gony,-5.472222222222221
598022,1,5,6,CH Morris,-2.5833333333333335
598022,1,8,6,MM Sharma,-2.666666666666667
598022,1,12,6,R Ashwin,-2.625
598022,1,15,6,RA Jadeja,-4.8055555555555545
598022,2,5,6,SMSM Senanayake,-0.13888888888888873
598022,2,8,6,YK Pathan,-2.25
598022,2,12,6,R Bhatia,0.08333333333333331
598022,2,15,6,JH Kallis,-5.027777777777778
598023,1,5,6,JD Unadkat,-3.0
598023,1,8,6,M Kartik,-1.3333333333333333
598023,1,12,6,M Kartik,-0.5833333333333334
598023,1,15,6,R Vinay Kumar,-5.25
598023,2,5,6,JP Faulkner,-0.4999999999999999
598023,2,8,6,SR Watson,-5.416666666666667
598023,2,12,6,A Chandila,0.25
598023,2,15,6,JP Faulkner,-2.6666666666666665
598024,1,5,6,UT Yadav,-2.166666666666667
598024,1,8,6,RE van der Merwe,-3.0416666666666665
598024,1,12,6,UT Yadav,-3.090909090909091
598024,1,15,6,AB Agarkar,-0.6666666666666666
598024,2,5,6,SL Malinga,-0.45833333333333315
598024,2,8,6,Harbhajan Singh,-0.7083333333333333
598024,2,12,6,Harbhajan Singh,-0.9722222222222222
598024,2,15,6,SL Malinga,-3.0416666666666665
598025,1,5,6,P Kumar,-0.041666666666666796
598025,1,8,6,MS Gony,-0.9166666666666666
598025,1,12,6,MS Gony,-1.0555555555555556
598025,1,15,6,MS Gony,-3.25
598025,2,5,6,R Sharma,-1.4166666666666665
598025,2,8,6,R Sharma,-0.6666666666666666
598025,2,12,6,AB Dinda,-0.5909090909090909
598025,2,15,6,LJ Wright,-0.6666666666666666
598026,1,5,6,R Ashwin,-0.5833333333333334
598026,1,8,6,JO Holder,-0.3529411764705882
598026,1,12,6,CH Morris,-0.9583333333333335
598026,1,15,6,DJ Bravo,-2.772727272727273
598026,2,5,6,KK Cooper,-1.3333333333333333
598026,2,8,6,SR Watson,-0.6666666666666666
598026,2,12,6,JP Faulkner,-2.75
598026,2,15,6,KK Cooper,-1.6388888888888888
598027,1,5,6,B Kumar,0.14705882352941158
598027,1,8,6,AB Dinda,-0.9999999999999999
598027,1,12,6,MR Marsh,-2.166666666666667
598027,1,15,6,LJ Wright,-2.7083333333333335
598027,2,5,6,JD Unadkat,-5.5
598027,2,8,6,M Kartik,-3.416666666666667
598027,2,12,6,JD Unadkat,-5.861111111111112
598027,2,15,6,RP Singh,-0.4722222222222221
598028,1,5,6,A Nehra,-1.6666666666666667
598028,1,8,6,UT Yadav,0.04166666666666674
598028,1,12,6,M Morkel,0.027777777777777735
598028,1,15,6,UT Yadav,-0.6944444444444444
598028,2,5,6,Sandeep Sharma,-5.0
598028,2,8,6,P Awana,0.25
598028,2,12,6,P Awana,-2.6944444444444446
598028,2,15,6,Azhar Mahmood,-0.5555555555555556
598029,1,5,6,PP Ojha,-0.5833333333333334
598029,1,8,6,YS Chahal,-0.4999999999999999
598029,1,12,6,Harbhajan Singh,-2.166666666666667
598029,1,15,6,YS Chahal,-0.5624999999999999
598029,2,5,6,SMSM Senanayake,-1.3333333333333333
598029,2,8,6,Iqbal Abdulla,-0.5624999999999999
598029,2,12,6,SMSM Senanayake,-3.8611111111111107
598029,2,15,6,L Balaji,-0.027777777777777846
598030,1,5,6,R Ashwin,0.25
598030,1,8,6,CH Morris,0.25
598030,1,12,6,JO Holder,-3.0625
598030,1,15,6,DJ Bravo,-2.625
598030,2,5,6,A Mishra,-1.3333333333333333
598030,2,8,6,I Sharma,-0.5833333333333334
598030,2,12,6,DJG Sammy,-0.8888888888888888
598030,2,15,6,KV Sharma,0.33333333333333326
598031,1,5,6,SMSM Senanayake,-0.5277777777777777
598031,1,8,6,JH Kallis,-2.541666666666667
598031,1,12,6,L Balaji,-3.5
598031,1,15,6,SMSM Senanayake,-0.5624999999999999
598031,2,5,6,BA Bhatt,-1.2499999999999998
598031,2,8,6,PP Chawla,-0.5833333333333334
598031,2,12,6,Harmeet Singh,-3.0
598031,2,15,6,P Kumar,-0.30434782608695665
598032,1,5,6,SR Watson,-0.6
598032,1,8,6,SK Trivedi,-0.75
598032,1,12,6,SK Trivedi,-0.5555555555555556
598032,1,15,6,STR Binny,-0.02941176470588236
598032,2,5,6,I Sharma,-0.875
598032,2,8,6,A Mishra,0.25
598032,2,12,6,NLTC Perera,-3.0277777777777777
598032,2,15,6,NLTC Perera,-3.416666666666667
598033,1,5,6,R Vinay Kumar,-1.2499999999999998
598033,1,8,6,R Vinay Kumar,-1.6666666666666667
598033,1,12,6,J Syed Mohammad,-5.472222222222221
598033,1,15,6,R Vinay Kumar,-1.3529411764705883
598033,2,5,6,DS Kulkarni,-2.0
598033,2,8,6,Harbhajan Singh,-2.7083333333333335
598033,2,12,6,Harbhajan Singh,-4.979166666666667
598033,2,15,6,SL Malinga,-0.33333333333333337
598034,1,5,6,JH Kallis,-2.166666666666667
598034,1,8,6,R Bhatia,-0.3333333333333333
598034,1,12,6,R Bhatia,-2.979166666666667
598034,1,15,6,SP Narine,-3.2708333333333335
598034,2,5,6,MM Sharma,-2.9722222222222223
598034,2,8,6,RA Jadeja,0.16666666666666663
598034,2,12,6,DJ Bravo,-3.0833333333333335
598034,2,15,6,DP Nannes,-0.5277777777777777
598035,1,5,6,B Kumar,-0.53125
598035,1,8,6,Yuvraj Singh,0.08333333333333331
598035,1,12,6,R Sharma,-3.0555555555555554
598035,1,15,6,KW Richardson,-0.2222222222222222
598035,2,5,6,A Nehra,-0.16666666666666657
598035,2,8,6,UT Yadav,-0.18181818181818177
598035,2,12,6,IK Pathan,-5.6875
598035,2,15,6,A Nehra,-0.38235294117647056
598036,1,5,6,SR Watson,-2.6666666666666665
598036,1,8,6,A Chandila,-0.611111111111111
598036,1,12,6,S Sreesanth,-3.291666666666667
598036,1,15,6,SR Watson,-5.222222222222221
598036,2,5,6,R Vinay Kumar,-1.2499999999999998
598036,2,8,6,JD Unadkat,-0.5833333333333334
598036,2,12,6,RP Singh,-0.6764705882352942
598036,2,15,6,JD Unadkat,-0.8888888888888888
598037,1,5,6,Azhar Mahmood,-0.4999999999999999
598037,1,8,6,P Awana,0.25
598037,1,12,6,PP Chawla,-3.833333333333333
598037,1,15,6,MS Gony,-3.833333333333333
598037,2,5,6,DS Kulkarni,-1.2916666666666665
598037,2,8,6,PP Ojha,-5.5
598037,2,12,6,KA Pollard,-1.4166666666666665
598037,2,15,6,SL Malinga,-3.6764705882352944
598038,1,5,6,R Sharma,-2.5833333333333335
598038,1,8,6,AB Dinda,0.125
598038,1,12,6,R Sharma,-2.875
598038,1,15,6,LJ Wright,-3.833333333333333
598038,2,5,6,CH Morris,-3.0
598038,2,8,6,MM Sharma,-7.645833333333333
598038,2,12,6,DJ Bravo,0.16666666666666663
598038,2,15,6,DJ Bravo,0.2272727272727273
598039,1,5,6,NLTC Perera,-1.2499999999999998
598039,1,8,6,A Mishra,0.16666666666666663
598039,1,12,6,A Mishra,-5.305555555555555
598039,1,15,6,DW Steyn,-0.4999999999999999
598039,2,5,6,Harbhajan Singh,-0.45833333333333315
598039,2,8,6,PP Ojha,-0.16666666666666657
598039,2,12,6,PP Ojha,0.02083333333333337
598039,2,15,6,Harbhajan Singh,-3.0869565217391304
598040,1,5,6,M Morkel,-2.9166666666666665
598040,1,8,6,IK Pathan,-5.138888888888889
598040,1,12,6,IK Pathan,-5.086956521739129
598040,1,15,6,A Nehra,-3.058823529411765
598040,2,5,6,SP Narine,0.33333333333333326
598040,2,8,6,SP Narine,0.375
598040,2,12,6,SP Narine,0.0833333333333332
598040,2,15,6,L Balaji,-3.1458333333333335
598041,1,5,6,P Awana,-2.541666666666667
598041,1,8,6,PP Chawla,-0.24999999999999994
598041,1,12,6,R Sathish,-3.1666666666666665
598041,1,15,6,MS Gony,-1.4999999999999998
598041,2,5,6,MM Sharma,-5.75
598041,2,8,6,R Ashwin,0.16666666666666663
598041,2,12,6,R Ashwin,-2.833333333333333
598041,2,15,6,DJ Bravo,-1.0416666666666667
598042,1,5,6,AD Mathews,-0.5833333333333334
598042,1,8,6,BAW Mendis,-0.25
598042,1,12,6,AB Dinda,-2.166666666666667
598042,1,15,6,AB Dinda,-5.541666666666667
598042,2,5,6,R Vinay Kumar,0.16666666666666663
598042,2,8,6,MC Henriques,-6.166666666666667
598042,2,12,6,R Vinay Kumar,-5.333333333333333
598042,2,15,6,M Muralitharan,-0.7777777777777778
598043,1,5,6,SMSM Senanayake,-2.5294117647058822
598043,1,8,6,Iqbal Abdulla,-2.861111111111111
598043,1,12,6,SMSM Senanayake,-5.333333333333334
598043,1,15,6,R Bhatia,-0.1388888888888889
598043,2,5,6,SR Watson,-3.0
598043,2,8,6,GB Hogg,-0.24999999999999994
598043,2,12,6,JP Faulkner,-0.19444444444444453
598043,2,15,6,SR Watson,-2.9722222222222223
598044,1,5,6,I Sharma,-2.3888888888888893
598044,1,8,6,KV Sharma,0.25
598044,1,12,6,KV Sharma,-2.291666666666667
598044,1,15,6,A Mishra,-2.270833333333333
598044,2,5,6,A Nehra,-0.6363636363636364
598044,2,8,6,BMAJ Mendis,-2.291666666666667
598044,2,12,6,BMAJ Mendis,-2.5277777777777777
598045,1,5,6,Sandeep Sharma,-0.4722222222222221
598045,1,8,6,MS Gony,-0.7499999999999999
598045,1,12,6,MS Gony,-0.6875
598045,1,15,6,P Awana,-3.2777777777777777
598045,2,5,6,MC Henriques,-1.7083333333333335
598045,2,8,6,JD Unadkat,-0.9166666666666666
598045,2,12,6,R Vinay Kumar,-0.6388888888888888
598045,2,15,6,JD Unadkat,-3.25
598046,1,5,6,MM Sharma,-0.36111111111111105
598046,1,8,6,CH Morris,0.055555555555555525
598046,1,12,6,B Laughlin,-0.24999999999999994
598046,1,15,6,R Ashwin,-2.625
598046,2,5,6,P Suyal,-3.0
598046,2,8,6,Harbhajan Singh,-2.25
598046,2,12,6,SL Malinga,-4.625
598047,1,5,6,KK Cooper,0.30000000000000004
598047,1,8,6,SR Watson,-1.2499999999999998
598047,1,12,6,STR Binny,-0.8333333333333333
598047,1,15,6,JP Faulkner,-3.2222222222222223
598047,2,5,6,K Upadhyay,-1.0555555555555556
598047,2,8,6,R Sharma,-0.27272727272727276
598047,2,12,6,Yuvraj Singh,-0.3333333333333333
598047,2,15,6,B Kumar,-3.4722222222222223
598048,1,5,6,M Muralitharan,-0.5833333333333334
598048,1,8,6,M Kartik,0.08333333333333331
598048,1,12,6,M Kartik,-2.3235294117647056
598048,1,15,6,MC Henriques,-2.166666666666667
598048,2,5,6,NLTC Perera,-3.1999999999999997
598048,2,8,6,NLTC Perera,-3.0833333333333335
598048,2,12,6,DW Steyn,0.055555555555555525
598048,2,15,6,A Mishra,-1.0217391304347827
598049,1,5,6,STR Binny,0.41666666666666674
598049,1,8,6,PV Tambe,0.16666666666666663
598049,1,12,6,PV Tambe,-0.5833333333333334
598049,1,15,6,SK Trivedi,-2.6041666666666665
598049,2,5,6,AB Agarkar,-2.0833333333333335
598049,2,8,6,P Negi,0.04545454545454547
598049,2,12,6,M Morkel,-0.33333333333333337
598049,2,15,6,P Negi,-0.12499999999999997
598050,1,5,6,SP Narine,0.33333333333333326
598050,1,8,6,JH Kallis,-0.20833333333333331
598050,1,12,6,R Bhatia,-3.1666666666666665
598050,1,15,6,R Bhatia,-3.541666666666667
598050,2,5,6,SL Malinga,-0.5833333333333334
598050,2,8,6,PP Ojha,-5.277777777777779
598050,2,12,6,AN Ahmed,-2.9444444444444446
598050,2,15,6,Harbhajan Singh,-7.833333333333334
598051,1,5,6,NLTC Perera,-3.458333333333333
598051,1,8,6,KV Sharma,-0.2272727272727273
598051,1,12,6,DW Steyn,0.3055555555555556
598051,1,15,6,A Mishra,-0.6874999999999999
598051,2,5,6,R Ashwin,-2.291666666666667
598051,2,8,6,MM Sharma,-5.5
598051,2,12,6,DJ Bravo,-3.0833333333333335
598051,2,15,6,RA Jadeja,-2.166666666666667
598052,1,5,6,JP Faulkner,-1.2499999999999998
598052,1,8,6,SK Trivedi,-0.5833333333333334
598052,1,12,6,JP Faulkner,-0.875
598052,1,15,6,JP Faulkner,-1.0555555555555556
598052,2,5,6,P Kumar,-0.45833333333333315
598052,2,8,6,MS Gony,-0.5833333333333334
598052,2,12,6,Bipul Sharma,-2.5
598052,2,15,6,P Kumar,-0.5882352941176472
598053,1,5,6,B Kumar,-3.0416666666666665
598053,1,8,6,Parvez Rasool,-2.9444444444444446
598053,1,12,6,AD Mathews,0.2222222222222222
598053,1,15,6,B Kumar,-5.25
598053,2,5,6,SP Narine,-0.41666666666666663
598053,2,8,6,RN ten Doeschate,0.25
598053,2,12,6,Iqbal Abdulla,-5.1875
598053,2,15,6,JH Kallis,-2.805555555555556
598054,1,5,6,UT Yadav,-0.5833333333333334
598054,1,8,6,UT Yadav,-0.7272727272727273
598054,1,12,6,M Morkel,-0.2222222222222222
598054,1,15,6,S Kaul,-3.1388888888888893
598054,2,5,6,JD Unadkat,-5.0
598054,2,8,6,J Syed Mohammad,-3.5999999999999996
598054,2,12,6,R Vinay Kumar,-1.5
598054,2,15,6,M Kartik,-0.020833333333333398
598055,1,5,6,AN Ahmed,-0.5277777777777777
598055,1,8,6,PP Ojha,-0.20833333333333331
598055,1,12,6,SL Malinga,-5.625
598055,1,15,6,GJ Maxwell,0.16666666666666663
598055,2,5,6,KW Richardson,-0.875
598055,2,8,6,BAW Mendis,-2.2222222222222223
598055,2,12,6,Yuvraj Singh,-2.4722222222222223
598055,2,15,6,AB Dinda,-5.777777777777778
598056,1,5,6,Sandeep Sharma,-3.6666666666666665
598056,1,8,6,PP Chawla,-2.083333333333333
598056,1,12,6,PP Chawla,-2.2777777777777777
598056,1,15,6,PP Chawla,-2.291666666666667
598056,2,5,6,I Sharma,-0.7222222222222222
598056,2,8,6,GH Vihari,0.33333333333333326
598056,2,12,6,NLTC Perera,-0.4999999999999999
598056,2,15,6,NLTC Perera,-0.25
598057,1,5,6,SP Narine,-0.4999999999999999
598057,1,8,6,JH Kallis,-2.375
598057,1,12,6,SMSM Senanayake,-2.4791666666666665
598057,1,15,6,L Balaji,-2.5
598057,2,5,6,R Vinay Kumar,-2.1000000000000005
598057,2,8,6,R Vinay Kumar,-2.166666666666667
598057,2,12,6,M Kartik,-2.6944444444444446
598057,2,15,6,M Kartik,-2.5625
598058,1,5,6,SR Watson,-0.5454545454545455
598058,1,8,6,KK Cooper,0.0
598058,1,12,6,KK Cooper,-4.833333333333334
598058,1,15,6,JP Faulkner,0.027777777777777735
598058,2,5,6,JO Holder,-4.888888888888888
598058,2,8,6,DJ Bravo,-0.4999999999999999
598058,2,12,6,JO Holder,-5.083333333333333
598058,2,15,6,RA Jadeja,0.25
598059,1,5,6,P Awana,-2.4722222222222223
598059,1,8,6,PP Chawla,0.41666666666666674
598059,1,12,6,BA Bhatt,-0.5833333333333334
598059,1,15,6,DJ Hussey,0.20833333333333337
598059,2,5,6,UT Yadav,-0.41666666666666663
598059,2,8,6,AB Agarkar,0.16666666666666663
598059,2,12,6,UT Yadav,-0.08333333333333331
598059,2,15,6,A Nehra,-3.361111111111111
598060,1,5,6,Harbhajan Singh,-0.13636363636363646
598060,1,8,6,PP Ojha,-0.6666666666666666
598060,1,12,6,MG Johnson,-3.805555555555556
598060,1,15,6,PP Ojha,-0.6666666666666666
598060,2,5,6,I Sharma,-2.7777777777777777
598060,2,8,6,KV Sharma,-0.7000000000000001
598060,2,12,6,DJG Sammy,-0.24999999999999994
598060,2,15,6,DW Steyn,-0.4722222222222221
598061,1,5,6,SMSM Senanayake,-2.5833333333333335
598061,1,8,6,RN ten Doeschate,0.0
598061,1,12,6,L Balaji,-3.0
598061,1,15,6,R Bhatia,-0.3611111111111111
598061,2,5,6,AD Mathews,0.25
598061,2,8,6,AD Mathews,-0.6249999999999999
598061,2,12,6,AG Murtaza,-0.6666666666666666
598061,2,15,6,RV Gomez,-2.9166666666666665
598062,1,5,6,J Botha,-2.25
598062,1,8,6,J Botha,-1.227272727272727
598062,1,12,6,RE van der Merwe,-2.333333333333333
598062,1,15,6,A Nehra,-2.7222222222222223
598062,2,5,6,JO Holder,-1.3055555555555554
598062,2,8,6,R Ashwin,-2.208333333333333
598062,2,12,6,R Ashwin,-2.305555555555556
598062,2,15,6,DJ Bravo,0.125
598063,1,5,6,SR Watson,-2.5454545454545454
598063,1,8,6,KK Cooper,-0.5833333333333334
598063,1,12,6,KK Cooper,-2.6666666666666665
598063,1,15,6,JP Faulkner,-3.3823529411764706
598063,2,5,6,DS Kulkarni,-4.916666666666667
598063,2,8,6,Harbhajan Singh,0.2272727272727273
598063,2,12,6,Harbhajan Singh,-2.6458333333333335
598063,2,15,6,PP Ojha,-3.5833333333333335
598064,1,5,6,MS Gony,-1.6666666666666667
598064,1,8,6,PP Chawla,-0.12499999999999994
598064,1,12,6,PP Chawla,-0.33333333333333337
598064,1,15,6,MS Gony,-6.3125
598064,2,5,6,MC Henriques,-0.9166666666666666
598064,2,8,6,RP Singh,-0.16666666666666657
598064,2,12,6,R Rampaul,-2.4722222222222223
598064,2,15,6,R Rampaul,-2.833333333333333
598065,1,5,6,SR Watson,-2.208333333333333
598065,1,8,6,SK Trivedi,0.16666666666666663
598065,1,12,6,SK Trivedi,-2.305555555555556
598065,1,15,6,SR Watson,-2.805555555555556
598065,2,5,6,I Sharma,-0.13888888888888873
598065,2,8,6,KV Sharma,-3.0833333333333335
598065,2,12,6,I Sharma,-0.10869565217391314
598065,2,15,6,A Mishra,-7.125
598066,1,5,6,RG Sharma,0.25
598066,1,8,6,Harbhajan Singh,-0.2916666666666667
598066,1,12,6,GJ Maxwell,-2.166666666666667
598066,1,15,6,R Dhawan,-2.804347826086956
598066,2,5,6,Sandeep Sharma,-3.875
598066,2,8,6,P Awana,-2.333333333333333
598066,2,12,6,P Awana,-2.5277777777777777
598066,2,15,6,Sandeep Sharma,-3.4411764705882355
598067,1,5,6,UT Yadav,-2.1000000000000005
598067,1,8,6,UT Yadav,-3.333333333333333
598067,1,12,6,S Nadeem,-2.2777777777777777
598067,1,15,6,M Morkel,-0.611111111111111
598067,2,5,6,B Kumar,-0.4999999999999999
598067,2,8,6,AD Mathews,-0.41666666666666663
598067,2,12,6,Yuvraj Singh,-0.3333333333333333
598067,2,15,6,WD Parnell,-3.647058823529412
598068,1,5,6,DJ Bravo,-3.833333333333333
598068,2,5,6,RP Singh,-2.25
598069,1,5,6,Anand Rajan,0.03125
598069,1,8,6,KV Sharma,-0.41666666666666663
598069,1,12,6,NLTC Perera,-3.0833333333333335
598069,1,15,6,DW Steyn,-2.4166666666666665
598069,2,5,6,YK Pathan,-0.5277777777777777
598069,2,8,6,Mohammed Shami,-0.6249999999999999
598069,2,12,6,Mohammed Shami,-0.40625
598069,2,15,6,Iqbal Abdulla,-7.527777777777778
598070,1,5,6,Harbhajan Singh,-0.16666666666666657
598070,1,8,6,MM Patel,-1.0
598070,1,12,6,MG Johnson,-0.611111111111111
598070,1,15,6,MM Patel,-1.1666666666666667
598070,2,5,6,JA Morkel,-3.2777777777777777
598070,2,8,6,RA Jadeja,-2.25
598070,2,12,6,RA Jadeja,-5.111111111111112
598070,2,15,6,DJ Bravo,-2.25
598071,1,5,6,SR Watson,-0.4999999999999999
598071,1,8,6,SK Trivedi,0.16666666666666663
598071,1,12,6,SK Trivedi,-2.4791666666666665
598071,1,15,6,JP Faulkner,-2.735294117647059
598071,2,5,6,I Sharma,-3.805555555555556
598071,2,8,6,A Mishra,-2.0
598071,2,12,6,A Mishra,-2.166666666666667
598071,2,15,6,DW Steyn,-2.666666666666667
598072,1,5,6,PP Ojha,-0.4999999999999999
598072,1,8,6,Harbhajan Singh,-5.125
598072,1,12,6,Harbhajan Singh,-7.673913043478262
598072,1,15,6,KA Pollard,-5.5
598072,2,5,6,JP Faulkner,-1.2499999999999998
598072,2,8,6,SK Trivedi,-0.12499999999999994
598072,2,12,6,JP Faulkner,-1.1176470588235294
598072,2,15,6,SK Trivedi,-2.625
598073,1,5,6,JA Morkel,-5.166666666666667
598073,1,8,6,R Ashwin,0.08333333333333331
598073,1,12,6,R Ashwin,-0.11764705882352941
598073,1,15,6,DJ Bravo,-2.7083333333333335
598073,2,5,6,R Dhawan,-3.0
598073,2,8,6,Harbhajan Singh,-2.5833333333333335
598073,2,12,6,PP Ojha,-2.75
598073,2,15,6,KA Pollard,-0.20833333333333331
729279,1,5,6,PP Ojha,0.25
729279,1,8,6,Harbhajan Singh,-0.5833333333333334
729279,1,12,6,SL Malinga,-2.7083333333333335
729279,1,15,6,KA Pollard,-0.9583333333333335
729279,2,5,6,Shakib Al Hasan,-0.5833333333333334
729279,2,8,6,JH Kallis,0.125
729279,2,12,6,Shakib Al Hasan,-2.7291666666666665
729279,2,15,6,M Morkel,-2.541666666666667
729281,1,5,6,JA Morkel,-2.805555555555556
729281,1,8,6,VR Aaron,-2.166666666666667
729281,1,12,6,AB Dinda,-0.40909090909090917
729281,1,15,6,Yuvraj Singh,-0.3333333333333333
729281,2,5,6,S Nadeem,-1.4166666666666665
729281,2,8,6,R Sharma,-2.25
729281,2,12,6,WD Parnell,-0.4999999999999999
729281,2,15,6,Mohammed Shami,-3.1458333333333335
729283,1,5,6,MG Johnson,-1.2916666666666665
729283,1,8,6,AR Patel,-0.055555555555555525
729283,1,12,6,AR Patel,-2.875
729283,1,15,6,MG Johnson,-1.4411764705882355
729283,2,5,6,R Ashwin,-6.2
729283,2,8,6,P Negi,-0.16666666666666657
729283,2,12,6,P Negi,-1.1764705882352942
729283,2,15,6,DR Smith,-3.9166666666666665
729285,1,5,6,JP Faulkner,-0.3333333333333333
729285,1,8,6,PV Tambe,-0.24999999999999994
729285,1,12,6,PV Tambe,-0.08333333333333331
729285,1,15,6,R Bhatia,-5.041666666666667
729285,2,5,6,B Kumar,-2.4722222222222223
729285,2,8,6,A Mishra,0.16666666666666663
729285,2,12,6,KV Sharma,0.08333333333333331
729285,2,15,6,A Mishra,-2.5833333333333335
729287,1,5,6,JA Morkel,-3.0294117647058827
729287,1,8,6,AB Dinda,0.33333333333333326
729287,1,12,6,Yuvraj Singh,0.09999999999999998
729287,1,15,6,YS Chahal,-4.8125
729287,2,5,6,Z Khan,-5.194444444444445
729287,2,8,6,PP Ojha,0.16666666666666663
729287,2,12,6,SL Malinga,-3.25
729287,2,15,6,Harbhajan Singh,0.27083333333333326
729289,1,5,6,JD Unadkat,0.16666666666666663
729289,1,8,6,S Nadeem,0.08333333333333331
729289,1,12,6,S Nadeem,-3.361111111111111
729289,1,15,6,JP Duminy,-0.6666666666666666
729289,2,5,6,Shakib Al Hasan,-0.4999999999999999
729289,2,8,6,JH Kallis,-3.0416666666666665
729289,2,12,6,SP Narine,0.125
729289,2,15,6,M Morkel,-5.25
729291,1,5,6,MG Johnson,-0.9545454545454545
729291,1,8,6,M Kartik,-3.0416666666666665
729291,1,12,6,P Awana,-3.0555555555555554
729291,1,15,6,MG Johnson,-3.0
729291,2,5,6,PV Tambe,-0.41666666666666663
729291,2,8,6,R Bhatia,0.16666666666666663
729291,2,12,6,R Bhatia,-1.1666666666666667
729291,2,15,6,PV Tambe,-0.20833333333333331
729293,1,5,6,JD Unadkat,-2.208333333333333
729293,1,8,6,JDS Neesham,-0.7272727272727273
729293,1,12,6,JDS Neesham,-0.33333333333333337
729293,1,15,6,S Nadeem,-2.944444444444444
729293,2,5,6,MM Sharma,-2.6666666666666665
729293,2,8,6,DR Smith,-2.1999999999999997
729293,2,12,6,R Ashwin,-2.166666666666667
729295,1,5,6,KV Sharma,-0.33333333333333315
729295,1,8,6,A Mishra,-2.7083333333333335
729295,1,12,6,A Mishra,-3.6111111111111107
729295,1,15,6,B Kumar,-2.4166666666666665
729295,2,5,6,R Dhawan,-1.4166666666666665
729295,2,8,6,R Dhawan,-1.1818181818181817
729295,2,12,6,AR Patel,-2.5
729295,2,15,6,MG Johnson,-3.0
729297,1,5,6,JP Faulkner,-4.045454545454545
729297,1,8,6,R Bhatia,-2.25
729297,1,12,6,R Bhatia,-4.777777777777778
729297,1,15,6,SR Watson,0.08333333333333331
729297,2,5,6,R Ashwin,-2.083333333333333
729297,2,8,6,MM Sharma,0.16666666666666663
729297,2,12,6,RA Jadeja,-8.0
729297,2,15,6,R Ashwin,-2.181818181818182
729299,1,5,6,VR Aaron,-0.12499999999999994
729299,1,8,6,M Muralitharan,-1.0416666666666667
729299,1,12,6,AB Dinda,0.08333333333333331
729299,1,15,6,YS Chahal,-2.5416666666666665
729299,2,5,6,M Morkel,-1.2777777777777777
729299,2,8,6,R Vinay Kumar,-2.772727272727273
729299,2,12,6,JH Kallis,-3.416666666666667
729299,2,15,6,SP Narine,-2.395833333333333
729301,1,5,6,JD Unadkat,-0.6666666666666666
729301,1,8,6,S Nadeem,-2.4444444444444446
729301,1,12,6,LR Shukla,0.41666666666666674
729301,1,15,6,WD Parnell,-0.9583333333333335
729301,2,5,6,KV Sharma,-0.7000000000000001
729301,2,8,6,A Mishra,0.25
729301,2,12,6,DJG Sammy,-4.208333333333334
729301,2,15,6,DJG Sammy,-3.8611111111111107
729303,1,5,6,R Ashwin,-0.12499999999999994
729303,1,8,6,IC Pandey,-0.2222222222222222
729303,1,12,6,SK Raina,-0.9166666666666667
729303,1,15,6,MM Sharma,-4.972222222222222
729303,2,5,6,CJ Anderson,-2.0833333333333335
729303,2,8,6,PP Ojha,-2.770833333333333
729303,2,12,6,KA Pollard,-0.7499999999999999
729303,2,15,6,Harbhajan Singh,-5.166666666666667
729305,1,5,6,SR Watson,-3.0
729305,1,8,6,PV Tambe,-3.0
729305,1,12,6,PV Tambe,-4.972222222222222
729305,2,5,6,R Rampaul,-2.235294117647059
729305,2,8,6,YS Chahal,0.5
729305,2,12,6,YS Chahal,-2.638888888888889
729307,1,5,6,SP Narine,-1.4166666666666665
729307,1,8,6,JH Kallis,-3.0833333333333335
729307,1,12,6,SP Narine,-0.5833333333333334
729307,1,15,6,PP Chawla,-7.479166666666667
729307,2,5,6,L Balaji,-2.9166666666666665
729307,2,8,6,R Dhawan,-0.18181818181818177
729307,2,12,6,R Dhawan,-5.027777777777778
729307,2,15,6,MG Johnson,-2.9722222222222223
729309,1,5,6,Mohammed Shami,-3.0
729309,1,8,6,S Nadeem,-2.375
729309,1,12,6,LR Shukla,-0.41666666666666663
729309,1,15,6,Mohammed Shami,-3.0555555555555554
729309,2,5,6,Harbhajan Singh,-5.551115123125783e-17
729309,2,8,6,PP Ojha,-0.12499999999999994
729309,2,12,6,RG Sharma,-2.166666666666667
729309,2,15,6,SL Malinga,-4.888888888888888
729311,1,5,6,R Ashwin,0.16666666666666663
729311,1,8,6,RA Jadeja,-0.6249999999999999
729311,1,12,6,IC Pandey,-0.611111111111111
729311,1,15,6,R Ashwin,0.19565217391304346
729311,2,5,6,KV Sharma,-0.5833333333333334
729311,2,8,6,A Mishra,-0.2916666666666667
729311,2,12,6,A Mishra,-0.3611111111111111
729311,2,15,6,B Kumar,-5.444444444444445
729313,1,5,6,Sandeep Sharma,-7.916666666666667
729313,1,8,6,AR Patel,-0.6666666666666666
729313,1,12,6,GJ Maxwell,-1.3611111111111112
729313,1,15,6,L Balaji,-2.4722222222222223
729313,2,5,6,VR Aaron,-2.625
729313,2,8,6,YS Chahal,0.125
729313,2,12,6,YS Chahal,-5.020833333333333
729313,2,15,6,MA Starc,0.33333333333333326
729315,1,5,6,M Morkel,-1.0588235294117647
729315,1,8,6,Shakib Al Hasan,-2.291666666666667
729315,1,12,6,Shakib Al Hasan,-2.7083333333333335
729315,1,15,6,R Vinay Kumar,-5.277777777777779
729315,2,5,6,SR Watson,0.30000000000000004
729315,2,8,6,PV Tambe,-2.333333333333333
729315,2,12,6,PV Tambe,-5.305555555555555
729315,2,15,6,PV Tambe,-5.395833333333334
729317,1,5,6,SL Malinga,0.20833333333333337
729317,1,8,6,Harbhajan Singh,0.25
729317,1,12,6,Harbhajan Singh,0.20833333333333337
729317,1,15,6,KA Pollard,-0.5217391304347826
729317,2,5,6,DJG Sammy,-3.1666666666666665
729317,2,8,6,A Mishra,0.08333333333333331
729317,2,12,6,A Mishra,-0.611111111111111
729317,2,15,6,IK Pathan,-2.3000000000000003
733971,1,5,6,PP Chawla,-1.2499999999999998
733971,1,8,6,R Vinay Kumar,-0.9166666666666666
733971,1,12,6,R Vinay Kumar,-0.5833333333333334
733971,1,15,6,SP Narine,-0.23913043478260868
733971,2,5,6,RA Jadeja,-4.583333333333334
733971,2,8,6,R Ashwin,-2.333333333333333
733971,2,12,6,R Ashwin,-2.6458333333333335
733971,2,15,6,BW Hilfenhaus,-2.9722222222222223
733973,1,5,6,SL Malinga,-0.41666666666666663
733973,1,8,6,SL Malinga,-0.875
733973,1,12,6,CJ Anderson,-3.416666666666667
733973,1,15,6,Harbhajan Singh,-5.604166666666667
733973,2,5,6,MG Johnson,-0.5454545454545455
733973,2,8,6,AR Patel,-0.5833333333333334
733973,2,12,6,AR Patel,-1.0
733973,2,15,6,L Balaji,-3.25
733975,1,5,6,PV Tambe,-1.3333333333333333
733975,1,8,6,R Bhatia,-0.6249999999999999
733975,1,12,6,R Bhatia,-0.3888888888888889
733975,1,15,6,JP Faulkner,-5.027777777777778
733975,2,5,6,WD Parnell,-2.9166666666666665
733975,2,8,6,R Sharma,-0.6249999999999999
733975,2,12,6,R Sharma,-0.8888888888888888
733975,2,15,6,S Nadeem,-2.875
733977,1,5,6,HV Patel,0.09999999999999998
733977,1,8,6,YS Chahal,0.16666666666666663
733977,1,12,6,VR Aaron,-3.0555555555555554
733977,1,15,6,HV Patel,-3.0416666666666665
733977,2,5,6,B Kumar,-4.833333333333334
733977,2,8,6,KV Sharma,-2.25
733977,2,12,6,DJG Sammy,-0.4999999999999999
733977,2,15,6,DJG Sammy,-1.3749999999999998
733979,1,5,6,SP Narine,-0.4999999999999999
733979,1,8,6,AD Russell,-3.125
733979,1,12,6,RN ten Doeschate,-0.24999999999999994
733979,1,15,6,R Vinay Kumar,-0.8333333333333334
733979,2,5,6,TG Southee,-0.9166666666666666
733979,2,8,6,PV Tambe,-0.6249999999999999
733979,2,12,6,R Bhatia,-0.6666666666666666
733979,2,15,6,PV Tambe,-7.739130434782608
733981,1,5,6,IC Pandey,-0.7222222222222222
733981,1,8,6,RA Jadeja,-0.5416666666666666
733981,1,12,6,BW Hilfenhaus,-3.444444444444444
733981,1,15,6,R Ashwin,-2.5681818181818183
733981,2,5,6,WD Parnell,-5.551115123125783e-17
733981,2,8,6,S Nadeem,-0.2777777777777778
733981,2,12,6,Mohammed Shami,-0.7941176470588236
733981,2,15,6,WD Parnell,-0.4999999999999999
733983,1,5,6,HV Patel,-2.9166666666666665
733983,1,8,6,VR Aaron,-0.1499999999999999
733983,1,12,6,HV Patel,-2.75
733983,1,15,6,HV Patel,-3.0208333333333335
733983,2,5,6,Harbhajan Singh,-3.333333333333333
733983,2,8,6,KA Pollard,-0.6666666666666666
733983,2,12,6,JJ Bumrah,-2.6944444444444446
733983,2,15,6,KA Pollard,-3.361111111111111
733985,1,5,6,Shakib Al Hasan,-2.208333333333333
733985,1,8,6,JH Kallis,-3.0416666666666665
733985,1,12,6,UT Yadav,-2.7941176470588234
733985,1,15,6,SP Narine,-2.625
733985,2,5,6,S Kaul,0.16666666666666663
733985,2,8,6,Mohammed Shami,-0.3611111111111111
733985,2,12,6,S Nadeem,-0.6944444444444444
733985,2,15,6,S Kaul,-0.6666666666666666
733987,1,5,6,BW Hilfenhaus,-2.7222222222222223
733987,1,8,6,RA Jadeja,-0.6666666666666666
733987,1,12,6,R Ashwin,-2.166666666666667
733987,1,15,6,DR Smith,-1.2352941176470589
733987,2,5,6,Sandeep Sharma,-2.7777777777777777
733987,2,8,6,AR Patel,-0.7083333333333333
733987,2,12,6,AR Patel,-0.4444444444444444
733987,2,15,6,M Kartik,-3.3333333333333335
733989,1,5,6,JP Faulkner,0.25
733989,1,8,6,R Bhatia,-5.25
733989,1,12,6,R Bhatia,-7.5625
733989,1,15,6,KW Richardson,-0.5555555555555556
733989,2,5,6,KV Sharma,-2.333333333333333
733989,2,8,6,A Mishra,0.30000000000000004
733989,2,12,6,A Mishra,0.25
733989,2,15,6,DW Steyn,-5.722222222222222
733991,1,5,6,HV Patel,-2.9999999999999996
733991,1,8,6,YS Chahal,-4.875
733991,1,12,6,MA Starc,-1.088235294117647
733991,1,15,6,HV Patel,-4.909090909090908
733991,2,5,6,Sandeep Sharma,-7.888888888888889
733991,2,8,6,AR Patel,-2.75
733991,2,12,6,AR Patel,-2.5833333333333335
733991,2,15,6,L Balaji,-3.863636363636364
733993,1,5,6,MC Henriques,-2.0833333333333335
733993,1,8,6,A Mishra,-5.583333333333333
733993,1,12,6,DW Steyn,-2.6944444444444446
733993,1,15,6,B Kumar,-0.3055555555555556
733995,1,5,6,IC Pandey,-0.36111111111111105
733995,1,8,6,RA Jadeja,-0.08333333333333331
733995,1,12,6,S Badree,-3.2291666666666665
733995,1,15,6,RA Jadeja,-0.39583333333333337
733995,2,5,6,JJ Bumrah,-0.4999999999999999
733995,2,8,6,Harbhajan Singh,0.16666666666666663
733995,2,12,6,Harbhajan Singh,-0.16666666666666657
733995,2,15,6,P Kumar,-5.6875
733997,1,5,6,M Morkel,-5.111111111111111
733997,1,8,6,SP Narine,-0.2916666666666667
733997,1,12,6,PP Chawla,-2.416666666666667
733997,1,15,6,UT Yadav,-3.3888888888888893
733997,2,5,6,AR Patel,-0.4999999999999999
733997,2,8,6,P Awana,-3.5
733997,2,12,6,MG Johnson,-1.3333333333333333
733997,2,15,6,AR Patel,-0.12499999999999994
733999,1,5,6,PV Tambe,-1.2499999999999998
733999,1,8,6,R Tewatia,-2.5833333333333335
733999,1,12,6,R Bhatia,-1.4166666666666665
733999,1,15,6,KW Richardson,-2.9722222222222223
733999,2,5,6,AB Dinda,-0.5416666666666666
733999,2,8,6,Yuvraj Singh,-5.25
733999,2,12,6,MA Starc,-0.16666666666666657
733999,2,15,6,YS Chahal,-2.7083333333333335
734001,1,5,6,PP Ojha,-1.3333333333333333
734001,1,8,6,JJ Bumrah,-0.08333333333333331
734001,1,12,6,Harbhajan Singh,-0.2222222222222222
734001,1,15,6,JJ Bumrah,-0.25
734001,2,5,6,B Kumar,-2.4722222222222223
734001,2,8,6,A Mishra,-0.6249999999999999
734001,2,12,6,DW Steyn,-0.3055555555555556
734001,2,15,6,B Kumar,-5.125
734003,1,5,6,R Ashwin,-2.0833333333333335
734003,1,8,6,RA Jadeja,0.16666666666666663
734003,1,12,6,MM Sharma,-3.291666666666667
734003,1,15,6,R Ashwin,-3.2916666666666665
734003,2,5,6,KK Cooper,-0.4999999999999999
734003,2,8,6,PV Tambe,-1.0416666666666667
734003,2,12,6,R Bhatia,-0.611111111111111
734003,2,15,6,PV Tambe,-0.6249999999999999
734005,1,5,6,R Shukla,-2.083333333333333
734005,1,8,6,Imran Tahir,-2.333333333333333
734005,1,12,6,Mohammed Shami,-2.75
734005,1,15,6,R Shukla,-2.264705882352941
734005,2,5,6,YS Chahal,-1.3333333333333333
734005,2,8,6,Yuvraj Singh,-0.5833333333333334
734005,2,12,6,M Muralitharan,-5.1875
734005,2,15,6,Yuvraj Singh,-0.41666666666666663
734007,1,5,6,MG Johnson,0.027777777777777735
734007,1,8,6,Shivam Sharma,-2.125
734007,1,12,6,Shivam Sharma,-2.833333333333333
734007,1,15,6,AR Patel,-0.5555555555555556
734007,2,5,6,MC Henriques,-2.5833333333333335
734007,2,8,6,DW Steyn,-0.9583333333333335
734007,2,12,6,DW Steyn,-0.5277777777777777
734007,2,15,6,A Mishra,-2.9375
734009,1,5,6,Shakib Al Hasan,-2.958333333333333
734009,1,8,6,YK Pathan,-0.6666666666666666
734009,1,12,6,M Morkel,-2.638888888888889
734009,1,15,6,M Morkel,-2.9782608695652173
734009,2,5,6,SL Malinga,-0.5
734009,2,8,6,PP Ojha,-0.33333333333333337
734009,2,12,6,PP Ojha,-0.16666666666666657
734009,2,15,6,LMP Simmons,-3.583333333333333
734011,1,5,6,S Nadeem,-3.0833333333333335
734011,1,8,6,Imran Tahir,-0.5833333333333334
734011,1,12,6,JP Duminy,-2.9411764705882355
734011,1,15,6,R Shukla,-1.3055555555555554
734011,2,5,6,KK Cooper,0.3999999999999999
734011,2,8,6,PV Tambe,-2.8636363636363633
734011,2,12,6,R Bhatia,-5.055555555555555
734011,2,15,6,DS Kulkarni,-2.4411764705882355
734013,1,5,6,MA Starc,-0.45833333333333315
734013,1,8,6,AN Ahmed,0.20833333333333337
734013,1,12,6,YS Chahal,-0.3055555555555556
734013,1,15,6,YS Chahal,-0.35416666666666663
734013,2,5,6,R Ashwin,-2.083333333333333
734013,2,8,6,RA Jadeja,0.33333333333333326
734013,2,12,6,MM Sharma,-0.4999999999999999
734013,2,15,6,DJ Hussey,-0.5833333333333334
734015,1,5,6,SP Narine,-2.083333333333333
734015,1,8,6,Shakib Al Hasan,-2.958333333333333
734015,1,12,6,PP Chawla,-2.7083333333333335
734015,1,15,6,SP Narine,-2.75
734015,2,5,6,DW Steyn,-2.5833333333333335
734015,2,8,6,IK Pathan,-0.6666666666666666
734015,2,12,6,DW Steyn,-2.75
734015,2,15,6,KV Sharma,-2.5
734017,1,5,6,KK Cooper,-0.7000000000000001
734017,1,8,6,DS Kulkarni,-0.2777777777777778
734017,1,12,6,R Bhatia,-0.4444444444444444
734017,1,15,6,R Bhatia,-0.6666666666666666
734017,2,5,6,K Santokie,-3.090909090909091
734017,2,8,6,S Gopal,-2.3000000000000003
734017,2,12,6,S Gopal,-4.75
734017,2,15,6,PP Ojha,-5.375
734019,1,5,6,AR Patel,-0.8
734019,1,8,6,R Dhawan,-0.9583333333333335
734019,1,12,6,R Dhawan,-0.8333333333333334
734019,1,15,6,Shivam Sharma,-0.4583333333333333
734019,2,5,6,Mohammed Shami,-1.323529411764706
734019,2,8,6,Imran Tahir,-2.6818181818181817
734019,2,12,6,JD Unadkat,-0.25
734019,2,15,6,WD Parnell,-1.2499999999999998
734021,1,5,6,KV Sharma,-2.083333333333333
734021,1,8,6,Y Venugopal Rao,-0.5833333333333334
734021,1,12,6,Parvez Rasool,-2.7272727272727275
734021,1,15,6,DJG Sammy,-1.7999999999999998
734021,2,5,6,AN Ahmed,-0.4999999999999999
734021,2,8,6,AN Ahmed,-0.5833333333333334
734021,2,12,6,M Muralitharan,-2.9791666666666665
734021,2,15,6,Yuvraj Singh,0.16666666666666663
734023,1,5,6,Shakib Al Hasan,-0.041666666666666796
734023,1,8,6,UT Yadav,-0.08333333333333331
734023,1,12,6,PJ Cummins,-3.2222222222222223
734023,1,15,6,Shakib Al Hasan,-0.3913043478260869
734023,2,5,6,R Ashwin,-0.5833333333333334
734023,2,8,6,RA Jadeja,-0.6666666666666666
734023,2,12,6,R Ashwin,-0.25
734023,2,15,6,SK Raina,-0.7499999999999999
734025,1,5,6,PP Ojha,-0.6
734025,1,8,6,S Gopal,-1.0416666666666667
734025,1,12,6,S Gopal,-5.375
734025,1,15,6,K Santokie,-3.2777777777777777
734025,2,5,6,R Dhawan,-0.6666666666666666
734025,2,8,6,AR Patel,-3.3333333333333335
734025,2,12,6,AR Patel,-3.0652173913043477
734025,2,15,6,R Dhawan,-2.9565217391304346
734027,1,5,6,M Muralitharan,-0.8
734027,1,8,6,Yuvraj Singh,-3.125
734027,1,12,6,YS Chahal,-0.8333333333333334
734027,1,15,6,AN Ahmed,-0.8055555555555556
734027,2,5,6,SP Narine,-0.4999999999999999
734027,2,8,6,R Vinay Kumar,-1.4583333333333333
734027,2,12,6,SP Narine,-5.027777777777778
734027,2,15,6,UT Yadav,-3.5555555555555554
734029,1,5,6,Parvez Rasool,-2.25
734029,1,8,6,KV Sharma,-7.416666666666667
734029,1,12,6,IK Pathan,0.25
734029,1,15,6,DJG Sammy,-0.7000000000000001
734029,2,5,6,JW Hastings,-1.818181818181818
734029,2,8,6,RA Jadeja,-0.85
734029,2,12,6,P Negi,-0.7083333333333333
734029,2,15,6,SK Raina,-0.5833333333333334
734031,1,5,6,S Nadeem,-0.6666666666666666
734031,1,8,6,JP Duminy,0.16666666666666663
734031,1,12,6,JP Duminy,-0.41666666666666663
734031,1,15,6,S Nadeem,-5.270833333333333
734031,2,5,6,S Gopal,-2.833333333333333
734031,2,8,6,Harbhajan Singh,-2.5833333333333335
734031,2,12,6,M de Lange,-3.4117647058823533
734031,2,15,6,PP Ojha,-0.4375
734033,1,5,6,KK Cooper,-0.4999999999999999
734033,1,8,6,R Tewatia,-2.7083333333333335
734033,1,12,6,JP Faulkner,-3.416666666666667
734033,1,15,6,PV Tambe,-0.611111111111111
734033,2,5,6,R Dhawan,-0.9166666666666666
734033,2,8,6,R Dhawan,-5.5
734033,2,12,6,AR Patel,0.20833333333333337
734033,2,15,6,AR Patel,-2.5833333333333335
734035,1,5,6,MM Sharma,-2.166666666666667
734035,1,8,6,SK Raina,0.20833333333333337
734035,1,12,6,SK Raina,-0.20833333333333331
734035,1,15,6,RA Jadeja,-2.409090909090909
734035,2,5,6,MA Starc,-1.2916666666666665
734035,2,8,6,YS Chahal,-0.24999999999999994
734035,2,12,6,SB Jakati,-0.3888888888888889
734035,2,15,6,Yuvraj Singh,-2.916666666666667
734037,1,5,6,SP Narine,-1.1666666666666667
734037,1,8,6,UT Yadav,-0.9090909090909091
734037,1,12,6,Shakib Al Hasan,-2.125
734037,1,15,6,SP Narine,-0.25
734037,2,5,6,DW Steyn,-0.5
734037,2,8,6,JO Holder,-3.3333333333333335
734037,2,12,6,DW Steyn,-1.2708333333333333
734039,1,5,6,P Awana,-5.416666666666667
734039,1,8,6,Karanveer Singh,0.04166666666666666
734039,1,12,6,Karanveer Singh,-2.6388888888888893
734039,1,15,6,AR Patel,-0.7777777777777778
734039,2,5,6,JDS Neesham,-2.0
734039,2,8,6,JP Duminy,-0.16666666666666657
734039,2,12,6,S Nadeem,-0.6666666666666666
734041,1,5,6,Harbhajan Singh,-2.9166666666666665
734041,1,8,6,S Gopal,-0.6666666666666666
734041,1,12,6,PP Ojha,-0.8333333333333334
734041,1,15,6,S Gopal,-3.666666666666667
734041,2,5,6,JP Faulkner,-1.2916666666666665
734041,2,8,6,KK Cooper,-5.527777777777779
734041,2,12,6,KK Cooper,-5.75
734043,1,5,6,R Dhawan,-1.4166666666666665
734043,1,8,6,AR Patel,-4.944444444444445
734043,1,12,6,P Awana,-0.4999999999999999
734043,1,15,6,AR Patel,-4.854166666666667
734043,2,5,6,M Morkel,-2.7058823529411766
734043,2,8,6,PP Chawla,0.16666666666666663
734043,2,12,6,PP Chawla,-2.5833333333333335
734043,2,15,6,Shakib Al Hasan,-2.833333333333333
734045,1,5,6,MM Sharma,-1.7083333333333335
734045,1,8,6,R Ashwin,-0.12499999999999994
734045,1,12,6,R Ashwin,-2.625
734045,1,15,6,A Nehra,-0.5833333333333334
734045,2,5,6,JJ Bumrah,-2.9166666666666665
734045,2,8,6,Harbhajan Singh,-5.083333333333333
734045,2,12,6,Harbhajan Singh,-5.166666666666667
734045,2,15,6,PP Ojha,-3.3333333333333335
734047,1,5,6,MM Sharma,-0.6249999999999999
734047,1,8,6,R Ashwin,-0.27272727272727276
734047,1,12,6,R Ashwin,-0.46875
734047,1,15,6,IC Pandey,-3.0434782608695654
734047,2,5,6,P Awana,-3.0909090909090913
734047,2,8,6,Karanveer Singh,-2.75
734047,2,12,6,P Awana,-7.055555555555555
734047,2,15,6,MG Johnson,-3.638888888888889
734049,1,5,6,SP Narine,-2.083333333333333
734049,1,8,6,Shakib Al Hasan,0.16666666666666663
734049,1,12,6,Shakib Al Hasan,-0.20833333333333331
734049,1,15,6,SP Narine,-3.6176470588235294
734049,2,5,6,P Awana,-0.7083333333333333
734049,2,8,6,Karanveer Singh,-3.416666666666667
734049,2,12,6,L Balaji,-0.8125000000000001
734049,2,15,6,AR Patel,-2.75
829705,1,5,6,M Morkel,-5.166666666666667
829705,1,8,6,SP Narine,-0.45833333333333315
829705,1,12,6,PP Chawla,-0.6249999999999999
829705,1,15,6,Shakib Al Hasan,-3.0416666666666665
829705,2,5,6,JJ Bumrah,-0.4999999999999999
829705,2,8,6,PP Ojha,-0.7083333333333333
829705,2,12,6,R Vinay Kumar,-0.2222222222222222
829705,2,15,6,SL Malinga,0.055555555555555525
829707,1,5,6,JA Morkel,-1.4545454545454546
829707,1,8,6,Imran Tahir,-3.0
829707,1,12,6,JP Duminy,-2.7083333333333335
829707,1,15,6,A Mishra,-2.4791666666666665
829707,2,5,6,MM Sharma,-0.5555555555555556
829707,2,8,6,IC Pandey,-0.5416666666666666
829707,2,12,6,DJ Bravo,0.09999999999999998
829707,2,15,6,IC Pandey,-3.0625
829709,1,5,6,AR Patel,-4.583333333333333
829709,1,8,6,MG Johnson,0.5
829709,1,12,6,AR Patel,-3.5454545454545454
829709,1,15,6,AR Patel,-3.1176470588235294
829709,2,5,6,DS Kulkarni,-0.5454545454545455
829709,2,8,6,STR Binny,-2.1999999999999997
829709,2,12,6,TG Southee,-6.027777777777778
829709,2,15,6,JP Faulkner,-2.7777777777777777
829711,1,5,6,KV Sharma,-0.4999999999999999
829711,1,8,6,RS Bopara,-2.25
829711,1,12,6,KV Sharma,-0.8055555555555556
829711,1,15,6,RS Bopara,-5.361111111111111
829711,2,5,6,MM Sharma,-5.527777777777779
829711,2,8,6,DJ Bravo,0.08333333333333331
829711,2,12,6,IC Pandey,-0.12499999999999994
829711,2,15,6,RA Jadeja,-1.4999999999999998
829713,1,5,6,AN Ahmed,-0.5833333333333334
829713,1,8,6,DJG Sammy,-0.5833333333333334
829713,1,12,6,VR Aaron,-0.8529411764705883
829713,1,15,6,YS Chahal,-2.895833333333333
829713,2,5,6,KC Cariappa,-1.3333333333333333
829713,2,8,6,AD Russell,-0.9166666666666666
829713,2,12,6,PP Chawla,-0.6666666666666666
829713,2,15,6,YK Pathan,-5.791666666666667
829715,1,5,6,DJ Hooda,0.08333333333333331
829715,1,8,6,JP Faulkner,-1.6
829715,1,12,6,JP Faulkner,-0.875
829715,1,15,6,JP Faulkner,-1.0833333333333333
829715,2,5,6,NM Coulter-Nile,-0.75
829715,2,8,6,Imran Tahir,0.25
829715,2,12,6,AD Mathews,-3.1470588235294117
829715,2,15,6,Imran Tahir,-5.083333333333333
829717,1,5,6,SL Malinga,-1.6
829717,1,8,6,Harbhajan Singh,-2.6666666666666665
829717,1,12,6,Harbhajan Singh,-5.0
829717,1,15,6,SL Malinga,-3.6111111111111107
829717,2,5,6,MG Johnson,-2.0
829717,2,8,6,MG Johnson,-2.041666666666667
829717,2,12,6,R Dhawan,-0.5833333333333334
829717,2,15,6,MG Johnson,-5.395833333333333
829719,1,5,6,P Kumar,-3.6666666666666665
829719,1,8,6,KV Sharma,0.08333333333333331
829719,1,12,6,KV Sharma,-2.6111111111111107
829719,1,15,6,A Ashish Reddy,-3.0833333333333335
829719,2,5,6,AN Ahmed,-0.041666666666666796
829719,2,8,6,HV Patel,-1.3333333333333333
829719,2,12,6,VR Aaron,-0.8529411764705883
829719,2,15,6,YS Chahal,-5.291666666666667
829721,1,5,6,TG Southee,-0.41666666666666663
829721,1,8,6,JP Faulkner,0.5
829721,1,12,6,CH Morris,-0.6944444444444444
829721,1,15,6,TG Southee,-1.0
829721,2,5,6,SL Malinga,-0.6666666666666666
829721,2,8,6,J Suchith,-0.2916666666666667
829721,2,12,6,J Suchith,-0.2916666666666667
829721,2,15,6,P Suyal,-0.9117647058823529
829723,1,5,6,GB Hogg,-5.416666666666667
829723,1,8,6,PP Chawla,-2.9444444444444446
829723,1,12,6,AD Russell,0.25
829723,1,15,6,PJ Cummins,-3.5833333333333335
829723,2,5,6,A Nehra,-0.29411764705882354
829723,2,8,6,P Negi,-2.291666666666667
829723,2,12,6,P Negi,-2.5208333333333335
829723,2,15,6,RA Jadeja,-1.4583333333333333
829725,1,5,6,DJ Muthuswami,-0.5277777777777777
829725,1,8,6,Imran Tahir,-2.25
829725,1,12,6,NM Coulter-Nile,-0.13888888888888873
829725,1,15,6,Imran Tahir,-4.333333333333334
829725,2,5,6,MG Johnson,-0.5833333333333334
829725,2,8,6,MG Johnson,-0.5833333333333334
829725,2,12,6,R Dhawan,-0.20833333333333331
829725,2,15,6,AR Patel,-2.805555555555556
829727,1,5,6,DS Kulkarni,-5.0
829727,1,8,6,JP Faulkner,-0.8
829727,1,12,6,PV Tambe,0.33333333333333326
829727,1,15,6,DJ Hooda,-0.12499999999999994
829727,2,5,6,B Kumar,-0.25
829727,2,8,6,P Kumar,-0.3055555555555556
829727,2,12,6,RS Bopara,-2.208333333333333
829727,2,15,6,A Ashish Reddy,0.16666666666666663
829729,1,5,6,MM Sharma,-0.6666666666666666
829729,1,8,6,RA Jadeja,-0.4999999999999999
829729,1,12,6,DJ Bravo,-1.4999999999999998
829729,1,15,6,DJ Bravo,-0.7083333333333333
829729,2,5,6,Harbhajan Singh,-2.9999999999999996
829729,2,8,6,R Vinay Kumar,-0.4999999999999999
829729,2,12,6,SL Malinga,-3.4375
829729,2,15,6,P Suyal,-0.5833333333333334
829731,1,5,6,P Kumar,-0.9545454545454545
829731,1,8,6,RS Bopara,-0.3181818181818182
829731,1,12,6,RS Bopara,-0.14705882352941177
829731,1,15,6,DW Steyn,-2.833333333333333
829731,2,5,6,DJ Muthuswami,-1.2499999999999998
829731,2,8,6,A Mishra,0.16666666666666663
829731,2,12,6,AD Mathews,-3.375
829731,2,15,6,Imran Tahir,-2.5833333333333335
829733,1,5,6,M Morkel,-2.9722222222222223
829733,1,8,6,SP Narine,-0.08333333333333331
829733,1,12,6,PP Chawla,0.125
829733,1,15,6,SP Narine,0.027777777777777735
829733,2,5,6,MG Johnson,-1.3333333333333333
829733,2,8,6,AR Patel,0.33333333333333326
829733,2,12,6,AR Patel,-0.9583333333333335
829733,2,15,6,NLTC Perera,-3.25
829735,1,5,6,CH Morris,-2.125
829735,1,8,6,Ankit Sharma,-3.2777777777777777
829735,1,12,6,PV Tambe,-2.833333333333333
829735,1,15,6,CH Morris,-2.4444444444444446
829735,2,5,6,MM Sharma,-0.875
829735,2,8,6,RA Jadeja,-0.5833333333333334
829735,2,12,6,A Nehra,-0.5833333333333334
829735,2,15,6,MM Sharma,-0.5555555555555556
829737,1,5,6,D Wiese,-2.166666666666667
829737,1,8,6,Iqbal Abdulla,-0.5277777777777777
829737,1,12,6,Iqbal Abdulla,-0.409090909090909
829737,1,15,6,D Wiese,-3.088235294117647
829737,2,5,6,JJ Bumrah,0.25
829737,2,8,6,Harbhajan Singh,-5.5
829737,2,12,6,SL Malinga,-3.0294117647058827
829737,2,15,6,HH Pandya,-0.9411764705882353
829739,1,5,6,AD Russell,-0.6666666666666666
829739,1,8,6,PP Chawla,-2.333333333333333
829739,1,12,6,PP Chawla,-2.5555555555555554
829739,1,15,6,AD Russell,-0.5277777777777777
829739,2,5,6,AD Mathews,-1.5454545454545456
829739,2,8,6,Imran Tahir,-0.2916666666666667
829739,2,12,6,A Mishra,-0.5833333333333334
829739,2,15,6,NM Coulter-Nile,-3.2291666666666665
829741,1,5,6,MG Johnson,-1.2499999999999998
829741,1,8,6,Shivam Sharma,-2.9166666666666665
829741,1,12,6,GJ Maxwell,-1.4166666666666665
829741,1,15,6,AR Patel,-5.229166666666667
829741,2,5,6,CH Morris,-5.551115123125783e-17
829741,2,8,6,R Tewatia,-5.541666666666667
829741,2,12,6,SR Watson,-0.7499999999999999
829741,2,15,6,JP Faulkner,-0.7777777777777778
829743,1,5,6,J Botha,-0.33333333333333337
829743,1,8,6,YK Pathan,-0.6666666666666666
829743,1,12,6,J Botha,-0.375
829743,1,15,6,SP Narine,-0.5624999999999999
829743,2,5,6,MC Henriques,-3.1999999999999997
829743,2,8,6,RS Bopara,-3.0833333333333335
829745,1,5,6,D Wiese,-0.33333333333333315
829745,1,8,6,HV Patel,-3.2222222222222223
829745,1,12,6,YS Chahal,-6.305555555555555
829745,1,15,6,Iqbal Abdulla,-3.2777777777777777
829745,2,5,6,A Nehra,-4.722222222222222
829745,2,8,6,IC Pandey,-2.875
829745,2,12,6,IC Pandey,-2.770833333333333
829745,2,15,6,RA Jadeja,-5.604166666666667
829747,1,5,6,SL Malinga,-0.041666666666666796
829747,1,8,6,Harbhajan Singh,-0.1111111111111111
829747,1,12,6,MJ McClenaghan,-3.194444444444444
829747,1,15,6,JJ Bumrah,-1.6388888888888888
829747,2,5,6,AD Mathews,-3.6666666666666665
829747,2,8,6,A Mishra,-3.1666666666666665
829747,2,12,6,A Mishra,-5.395833333333334
829747,2,15,6,NM Coulter-Nile,-3.5
829749,1,5,6,YS Chahal,-3.833333333333333
829749,1,8,6,D Wiese,0.08333333333333331
829749,1,12,6,YS Chahal,-5.4230769230769225
829749,1,15,6,D Wiese,-0.2708333333333333
829749,2,5,6,JP Faulkner,-1.4166666666666665
829749,2,8,6,PV Tambe,-1.0
829749,2,12,6,JP Faulkner,-0.6249999999999999
829749,2,15,6,DS Kulkarni,-0.22916666666666657
829751,1,5,6,DW Steyn,-3.458333333333333
829751,1,8,6,P Kumar,-2.625
829751,1,12,6,DW Steyn,-6.305555555555555
829751,1,15,6,DW Steyn,-6.145833333333333
829751,2,5,6,MJ McClenaghan,-0.5
829751,2,8,6,J Suchith,-2.291666666666667
829751,2,12,6,J Suchith,-2.6875
829751,2,15,6,R Vinay Kumar,-0.3888888888888889
829753,1,5,6,MG Johnson,0.3999999999999999
829753,1,8,6,AR Patel,0.30000000000000004
829753,1,12,6,AR Patel,-3.3333333333333335
829753,1,15,6,Karanveer Singh,-3.4347826086956523
829753,2,5,6,A Nehra,-2.7222222222222223
829753,2,8,6,RA Jadeja,-5.125
829753,2,12,6,RA Jadeja,-7.666666666666667
829753,2,15,6,R Ashwin,-4.708333333333334
829757,1,5,6,D Wiese,-2.1000000000000005
829757,1,8,6,VR Aaron,-5.270833333333334
829757,1,12,6,Iqbal Abdulla,-2.4722222222222223
829757,1,15,6,Iqbal Abdulla,-2.4347826086956523
829757,2,5,6,JP Duminy,-0.5833333333333334
829757,2,8,6,A Mishra,-1.5909090909090908
829759,1,5,6,Anureet Singh,-3.75
829759,1,8,6,M Vijay,0.125
829759,1,12,6,R Dhawan,-0.5833333333333334
829759,1,15,6,Anureet Singh,-3.2777777777777777
829759,2,5,6,P Kumar,-2.0
829759,2,8,6,KV Sharma,-2.7916666666666665
829759,2,12,6,KV Sharma,-5.0625
829759,2,15,6,B Kumar,-2.7777777777777777
829761,1,5,6,JA Morkel,-0.9166666666666666
829761,1,8,6,A Mishra,-2.083333333333333
829761,1,12,6,AD Mathews,-0.45833333333333315
829761,1,15,6,A Mishra,-2.4166666666666665
829761,2,5,6,AD Russell,-0.2222222222222222
829761,2,8,6,GB Hogg,0.25
829761,2,12,6,SP Narine,-0.5555555555555556
829761,2,15,6,PP Chawla,-10.583333333333334
829763,1,5,6,SR Watson,0.375
829763,1,8,6,SR Watson,-0.12499999999999994
829763,1,12,6,TG Southee,-5.5
829763,1,15,6,JP Faulkner,-1.5454545454545456
829765,1,5,6,UT Yadav,-0.9722222222222222
829765,1,8,6,GB Hogg,-2.25
829765,1,12,6,PP Chawla,-5.277777777777779
829765,1,15,6,AD Russell,-5.130434782608695
829765,2,5,6,R Ashwin,-2.166666666666667
829765,2,8,6,RA Jadeja,-0.16666666666666657
829765,2,12,6,MM Sharma,-3.590909090909091
829765,2,15,6,DJ Bravo,-2.416666666666667
829767,1,5,6,NM Coulter-Nile,-2.5454545454545454
829767,1,8,6,JP Duminy,-2.333333333333333
829767,1,12,6,AD Mathews,0.30000000000000004
829767,1,15,6,Imran Tahir,-1.0454545454545454
829767,2,5,6,Anureet Singh,-0.16666666666666657
829767,2,8,6,SN Thakur,-1.5
829767,2,12,6,SN Thakur,-3.833333333333333
829769,1,5,6,SR Watson,0.25
829769,1,8,6,SR Watson,-0.5416666666666666
829769,1,12,6,J Theron,-0.6249999999999999
829769,1,15,6,Ankit Sharma,-2.7708333333333335
829769,2,5,6,R Vinay Kumar,-3.375
829769,2,8,6,J Suchith,-2.7941176470588234
829769,2,12,6,SL Malinga,-0.2916666666666667
829769,2,15,6,R Vinay Kumar,-3.5833333333333335
829771,1,5,6,VR Aaron,-1.7500000000000002
829771,1,8,6,HV Patel,-3.708333333333333
829771,2,5,6,GB Hogg,-3.458333333333333
829771,2,8,6,UT Yadav,-1.7916666666666667
829773,1,5,6,A Nehra,-0.8333333333333334
829773,1,8,6,SK Raina,-3.0
829773,1,12,6,SK Raina,-5.354166666666666
829773,1,15,6,RG More,-2.0
829773,2,5,6,MC Henriques,-3.0
829773,2,8,6,KV Sharma,-0.6666666666666666
829773,2,12,6,A Ashish Reddy,-4.833333333333334
829773,2,15,6,P Kumar,-0.6666666666666666
829775,1,5,6,AR Patel,0.16666666666666663
829775,1,8,6,Karanveer Singh,-0.7083333333333333
829775,1,12,6,Karanveer Singh,-3.1111111111111107
829775,1,15,6,AR Patel,-0.16666666666666669
829775,2,5,6,R Vinay Kumar,-0.08333333333333331
829775,2,8,6,J Suchith,-2.911764705882353
829775,2,12,6,KA Pollard,0.08333333333333331
829775,2,15,6,MJ McClenaghan,-0.2777777777777778
829777,1,5,6,NM Coulter-Nile,-0.5833333333333334
829777,1,8,6,AD Mathews,-3.0
829777,1,12,6,AD Mathews,-2.875
829777,1,15,6,A Mishra,-0.8478260869565217
829777,2,5,6,DS Kulkarni,-1.6666666666666667
829777,2,8,6,JP Faulkner,-2.6666666666666665
829777,2,12,6,R Bhatia,-1.4166666666666665
829777,2,15,6,DS Kulkarni,-3.5833333333333335
829779,1,5,6,D Wiese,-3.0
829779,1,8,6,Iqbal Abdulla,-1.0416666666666667
829779,1,12,6,YS Chahal,-0.33333333333333337
829779,1,15,6,Iqbal Abdulla,-1.1388888888888888
829779,2,5,6,MM Sharma,-3.0
829779,2,8,6,RA Jadeja,-0.6666666666666666
829779,2,12,6,MM Sharma,-2.833333333333333
829779,2,15,6,DJ Bravo,-2.6666666666666665
829781,1,5,6,MC Henriques,-0.4999999999999999
829781,1,8,6,KV Sharma,-2.291666666666667
829781,1,12,6,KV Sharma,-5.229166666666667
829781,1,15,6,DW Steyn,-0.8235294117647058
829781,2,5,6,J Botha,0.20833333333333337
829781,2,8,6,RN ten Doeschate,-2.1999999999999997
829781,2,12,6,UT Yadav,-5.5
829781,2,15,6,J Botha,0.19444444444444442
829783,1,5,6,Harbhajan Singh,-2.0
829783,1,8,6,SL Malinga,-3.291666666666667
829783,1,12,6,J Suchith,-3.0833333333333335
829783,1,15,6,HH Pandya,-2.958333333333333
829783,2,5,6,NM Coulter-Nile,-5.194444444444445
829783,2,8,6,Imran Tahir,-0.41666666666666663
829783,2,12,6,Z Khan,-2.75
829783,2,15,6,A Mishra,-2.545454545454546
829785,1,5,6,MG Johnson,-1.323529411764706
829785,1,8,6,AR Patel,-0.5833333333333334
829785,1,12,6,Karanveer Singh,0.0
829785,1,15,6,Anureet Singh,-0.3055555555555556
829785,2,5,6,S Aravind,-7.944444444444445
829785,2,8,6,MA Starc,-7.2058823529411775
829785,2,12,6,D Wiese,0.16666666666666663
829787,1,5,6,JP Faulkner,-0.4999999999999999
829787,1,8,6,PV Tambe,-0.12499999999999994
829787,1,12,6,SR Watson,-3.833333333333333
829787,1,15,6,PV Tambe,-3.0208333333333335
829787,2,5,6,I Sharma,-2.9166666666666665
829787,2,8,6,RS Bopara,0.08333333333333331
829787,2,12,6,KV Sharma,-3.0833333333333335
829787,2,15,6,MC Henriques,-3.5833333333333335
829789,1,5,6,M de Lange,0.5
829789,1,8,6,J Suchith,-3.0416666666666665
829789,1,12,6,HH Pandya,0.16666666666666663
829789,1,15,6,MJ McClenaghan,-3.0277777777777777
829789,2,5,6,R Ashwin,-0.12499999999999994
829789,2,8,6,R Ashwin,0.027777777777777735
829789,2,12,6,RA Jadeja,-0.3611111111111111
829789,2,15,6,DJ Bravo,0.0
829791,1,5,6,SP Narine,-2.5833333333333335
829791,1,8,6,GB Hogg,0.3181818181818181
829791,1,12,6,AD Russell,-0.3529411764705882
829791,1,15,6,UT Yadav,-1.0277777777777777
829791,2,5,6,AR Patel,0.33333333333333326
829791,2,8,6,Gurkeerat Singh,-2.25
829791,2,12,6,Anureet Singh,-4.666666666666667
829791,2,15,6,Anureet Singh,-4.666666666666667
829793,1,5,6,Z Khan,-2.7647058823529416
829793,1,8,6,J Yadav,-0.08333333333333331
829793,1,12,6,NM Coulter-Nile,-2.7222222222222223
829793,1,15,6,A Mishra,-0.6666666666666666
829793,2,5,6,I Sharma,-1.6250000000000002
829793,2,8,6,KV Sharma,-2.166666666666667
829793,2,12,6,KV Sharma,-4.944444444444445
829793,2,15,6,P Kumar,-2.318181818181818
829795,1,5,6,J Suchith,-1.3333333333333333
829795,1,8,6,J Suchith,-1.3749999999999998
829795,1,12,6,SL Malinga,-2.6944444444444446
829795,1,15,6,MJ McClenaghan,-0.9791666666666665
829795,2,5,6,HV Patel,-0.5833333333333334
829795,2,8,6,HV Patel,-2.6666666666666665
829795,2,12,6,MA Starc,-1.3888888888888888
829795,2,15,6,YS Chahal,-3.4166666666666665
829797,1,5,6,PV Tambe,-1.2499999999999998
829797,1,8,6,PV Tambe,-0.45833333333333315
829797,1,12,6,PV Tambe,-0.5277777777777777
829797,1,15,6,JP Faulkner,-0.5833333333333334
829797,2,5,6,MM Sharma,-2.5277777777777777
829797,2,8,6,P Negi,-0.6666666666666666
829797,2,12,6,P Negi,-0.6739130434782609
829797,2,15,6,DJ Bravo,-0.7083333333333333
829799,1,5,6,Anureet Singh,-0.8333333333333333
829799,1,8,6,AR Patel,0.16666666666666663
829799,1,12,6,AR Patel,-0.6249999999999999
829799,1,15,6,BE Hendricks,-3.735294117647059
829799,2,5,6,I Sharma,-0.5833333333333334
829799,2,8,6,MC Henriques,-2.25
829799,2,12,6,MC Henriques,-4.8055555555555545
829799,2,15,6,I Sharma,-0.8823529411764706
829801,1,5,6,Z Khan,-2.3333333333333335
829801,1,8,6,JA Morkel,-3.833333333333333
829801,1,12,6,Yuvraj Singh,0.08333333333333331
829801,1,15,6,JA Morkel,-5.555555555555555
829801,2,5,6,R Ashwin,-0.33333333333333315
829801,2,8,6,R Ashwin,-0.45833333333333315
829801,2,12,6,R Ashwin,-0.4999999999999999
829801,2,15,6,P Negi,-5.861111111111112
829803,1,5,6,YS Chahal,-4.2
829803,1,8,6,YS Chahal,-6.0
829803,2,5,6,R Dhawan,-0.37499999999999994
829803,2,8,6,AR Patel,-5.208333333333333
829805,1,5,6,M Morkel,-2.875
829805,1,8,6,PP Chawla,-1.2499999999999998
829805,1,12,6,AD Russell,-0.20833333333333331
829805,1,15,6,SP Narine,-3.1875
829805,2,5,6,Harbhajan Singh,-5.6
829805,2,8,6,J Suchith,-0.6666666666666666
829805,2,12,6,HH Pandya,-0.6666666666666666
829805,2,15,6,SL Malinga,-3.0555555555555554
829807,1,5,6,AB Dinda,-0.35000000000000003
829807,1,8,6,YS Chahal,-1.8333333333333335
829809,1,5,6,IC Pandey,-3.0277777777777777
829809,1,8,6,R Ashwin,-2.5454545454545454
829809,1,12,6,R Ashwin,-2.395833333333333
829809,1,15,6,P Negi,-5.347826086956522
829809,2,5,6,R Dhawan,-0.6
829809,2,8,6,Anureet Singh,0.16666666666666663
829809,2,12,6,Gurkeerat Singh,-0.3611111111111111
829809,2,15,6,BE Hendricks,-3.0555555555555554
829811,1,5,6,Shakib Al Hasan,-1.3333333333333333
829811,1,8,6,AD Russell,-1.4166666666666665
829811,1,12,6,AD Russell,-5.583333333333333
829811,1,15,6,M Morkel,-0.6176470588235294
829811,2,5,6,DS Kulkarni,-2.6363636363636362
829811,2,8,6,DS Kulkarni,-5.5
829811,2,12,6,BB Sran,-1.1470588235294117
829811,2,15,6,SR Watson,-3.5333333333333337
829813,1,5,6,MA Starc,-0.4999999999999999
829813,1,8,6,D Wiese,-1.4583333333333333
829813,1,12,6,D Wiese,-0.9444444444444445
829813,1,15,6,YS Chahal,-8.055555555555555
829815,1,5,6,MJ McClenaghan,-4.916666666666667
829815,1,8,6,HH Pandya,-0.875
829815,1,12,6,Harbhajan Singh,-2.291666666666667
829815,1,15,6,KA Pollard,-2.333333333333333
829815,2,5,6,MC Henriques,0.41666666666666674
829815,2,8,6,DW Steyn,-0.9411764705882353
829815,2,12,6,B Kumar,-0.2222222222222222
829817,1,5,6,A Nehra,-0.6944444444444444
829817,1,8,6,P Negi,-1.0416666666666667
829817,1,12,6,P Negi,-0.9166666666666667
829817,1,15,6,DJ Bravo,-4.833333333333334
829817,2,5,6,R Vinay Kumar,-3.0416666666666665
829817,2,8,6,Harbhajan Singh,-0.6666666666666666
829817,2,12,6,Harbhajan Singh,-5.208333333333333
829817,2,15,6,R Vinay Kumar,-5.352941176470588
829819,1,5,6,DS Kulkarni,-2.958333333333333
829819,1,8,6,STR Binny,0.41666666666666674
829819,1,12,6,Ankit Sharma,-0.12499999999999994
829819,1,15,6,JP Faulkner,-0.8611111111111112
829819,2,5,6,MA Starc,-0.9583333333333335
829819,2,8,6,D Wiese,-3.181818181818182
829819,2,12,6,HV Patel,-5.027777777777778
829819,2,15,6,MA Starc,-3.0277777777777777
829821,1,5,6,R Ashwin,0.055555555555555525
829821,1,8,6,MM Sharma,-0.12499999999999994
829821,1,12,6,DJ Bravo,0.3999999999999999
829821,1,15,6,RA Jadeja,-1.4166666666666665
829821,2,5,6,S Aravind,-2.5277777777777777
829821,2,8,6,D Wiese,-0.6666666666666666
829821,2,12,6,S Aravind,-2.6875
829821,2,15,6,YS Chahal,-5.1875
829823,1,5,6,RA Jadeja,-2.0
829823,1,8,6,P Negi,-0.6666666666666666
829823,1,12,6,DR Smith,-2.333333333333333
829823,1,15,6,MM Sharma,-0.8333333333333334
829823,2,5,6,R Vinay Kumar,-0.41666666666666663
829823,2,8,6,HH Pandya,-0.5454545454545455
829823,2,12,6,HH Pandya,-0.9375
829823,2,15,6,SL Malinga,-2.7647058823529416
980901,1,5,6,I Sharma,-5.15625
980901,1,8,6,MR Marsh,-4.944444444444445
980901,1,12,6,M Ashwin,-2.291666666666667
980901,1,15,6,R Ashwin,-3.0833333333333335
980901,2,5,6,JJ Bumrah,-0.7647058823529411
980901,2,8,6,R Vinay Kumar,0.2727272727272727
980901,2,12,6,S Gopal,-0.1111111111111111
980903,1,5,6,JW Hastings,-2.041666666666667
980903,1,8,6,UT Yadav,-0.4999999999999999
980903,1,12,6,PP Chawla,-5.416666666666667
980903,1,15,6,GB Hogg,-7.541666666666667
980903,2,5,6,CH Morris,-0.45833333333333315
980903,2,8,6,CR Brathwaite,0.3181818181818181
980903,2,12,6,CH Morris,-0.29166666666666674
980905,1,5,6,S Ladda,-0.5833333333333334
980905,1,8,6,RA Jadeja,-3.0
980905,1,12,6,RA Jadeja,-5.354166666666666
980905,1,15,6,P Kumar,-0.055555555555555525
980905,2,5,6,MP Stoinis,-3.833333333333333
980905,2,8,6,AR Patel,-0.7272727272727273
980905,2,12,6,MM Sharma,-0.9166666666666666
980905,2,15,6,P Sahu,-3.3125
980907,1,5,6,Mustafizur Rahman,-0.12499999999999994
980907,1,8,6,MC Henriques,-0.16666666666666657
980907,1,12,6,KV Sharma,-1.1944444444444446
980907,1,15,6,B Kumar,-5.852941176470589
980907,2,5,6,Parvez Rasool,-2.5833333333333335
980907,2,8,6,SR Watson,-2.6666666666666665
980907,2,12,6,Parvez Rasool,-2.75
980907,2,15,6,SR Watson,-5.305555555555555
980909,1,5,6,MJ McClenaghan,-2.625
980909,1,8,6,J Suchith,-1.125
980909,1,12,6,JJ Bumrah,-0.20833333333333331
980909,1,15,6,Harbhajan Singh,-2.895833333333333
980909,2,5,6,GB Hogg,-3.0
980909,2,8,6,PP Chawla,-0.24999999999999994
980909,2,12,6,JW Hastings,-0.8333333333333334
980909,2,15,6,AD Russell,-1.3055555555555554
980911,1,5,6,DJ Bravo,-1.4999999999999998
980911,1,8,6,RA Jadeja,-0.20833333333333331
980911,1,12,6,SB Jakati,-1.0208333333333333
980911,1,15,6,PV Tambe,-5.604166666666667
980911,2,5,6,M Ashwin,-2.5
980911,2,8,6,M Ashwin,-3.75
980911,2,12,6,R Bhatia,-0.6249999999999999
980911,2,15,6,I Sharma,-3.666666666666667
980913,1,5,6,CR Brathwaite,-2.166666666666667
980913,1,8,6,A Mishra,-7.590909090909092
980913,1,12,6,CR Brathwaite,-3.416666666666667
980913,1,15,6,J Yadav,-2.6304347826086953
980913,2,5,6,MG Johnson,-0.20833333333333331
980913,2,8,6,P Sahu,-0.20833333333333331
980913,2,12,6,AR Patel,-3.305555555555556
980915,1,5,6,UT Yadav,-5.277777777777779
980915,1,8,6,SP Narine,0.16666666666666663
980915,1,12,6,SP Narine,-0.3055555555555556
980915,1,15,6,M Morkel,-2.9722222222222223
980915,2,5,6,BB Sran,-0.4999999999999999
980915,2,8,6,B Kumar,-0.323529411764706
980915,2,12,6,A Ashish Reddy,-2.166666666666667
980915,2,15,6,BB Sran,-0.7391304347826086
980917,1,5,6,DS Kulkarni,-5.138888888888889
980917,1,8,6,SB Jakati,-2.6363636363636362
980917,1,12,6,PV Tambe,-5.125
980917,1,15,6,DJ Bravo,-2.6666666666666665
980917,2,5,6,KH Pandya,-0.5833333333333334
980917,2,8,6,MJ McClenaghan,-2.958333333333333
980917,2,12,6,JJ Bumrah,-4.708333333333334
980917,2,15,6,Harbhajan Singh,-0.9583333333333335
980919,1,5,6,P Sahu,-0.6
980919,1,8,6,MM Sharma,-0.24999999999999994
980919,1,12,6,AR Patel,-0.9583333333333335
980919,1,15,6,P Sahu,-0.4375
980919,2,5,6,R Ashwin,-0.20833333333333331
980919,2,8,6,Ankit Sharma,-0.33333333333333337
980919,2,12,6,Ankit Sharma,-2.7083333333333335
980919,2,15,6,NLTC Perera,-1.0416666666666667
980921,1,5,6,CH Morris,-0.9166666666666666
980921,1,8,6,P Negi,-0.7083333333333333
980921,1,12,6,Mohammed Shami,-1.0
980921,1,15,6,Z Khan,-4.0625
980921,2,5,6,SR Watson,-2.5833333333333335
980921,2,8,6,HV Patel,-1.4166666666666665
980921,2,12,6,YS Chahal,-1.1363636363636362
980921,2,15,6,S Aravind,-3.361111111111111
980923,1,5,6,Mustafizur Rahman,-0.6666666666666666
980923,1,8,6,MC Henriques,-0.2777777777777778
980923,1,12,6,MC Henriques,-0.1739130434782609
980923,1,15,6,B Kumar,-2.4166666666666665
980923,2,5,6,Harbhajan Singh,0.30000000000000004
980923,2,8,6,HH Pandya,-0.5833333333333334
980923,2,12,6,HH Pandya,-0.24999999999999994
980923,2,15,6,HH Pandya,-0.6666666666666666
980925,1,5,6,M Morkel,-3.0
980925,1,8,6,SP Narine,0.3181818181818181
980925,1,12,6,YK Pathan,-2.25
980925,1,15,6,Shakib Al Hasan,-0.375
980925,2,5,6,AR Patel,-0.7499999999999999
980925,2,8,6,P Sahu,-2.6666666666666665
980925,2,12,6,P Sahu,-4.979166666666667
980925,2,15,6,AR Patel,-5.333333333333333
980927,1,5,6,JJ Bumrah,-0.6666666666666666
980927,1,8,6,Harbhajan Singh,-1.0909090909090908
980927,1,12,6,KH Pandya,-4.8055555555555545
980927,1,15,6,KH Pandya,-4.826086956521739
980927,2,5,6,SR Watson,0.19999999999999996
980927,2,8,6,Iqbal Abdulla,0.08333333333333331
980927,2,12,6,Iqbal Abdulla,-5.638888888888888
980927,2,15,6,Iqbal Abdulla,-8.347826086956522
980929,1,5,6,DJ Hooda,-0.6666666666666666
980929,1,8,6,MC Henriques,0.13636363636363635
980929,1,12,6,MC Henriques,0.1111111111111111
980929,1,15,6,B Kumar,-3.058823529411765
980929,2,5,6,SK Raina,-1.3333333333333333
980929,2,8,6,DJ Bravo,-0.5416666666666666
980929,2,12,6,RA Jadeja,0.20833333333333337
980931,1,5,6,I Sharma,-0.8823529411764706
980931,1,8,6,Ankit Sharma,-0.3181818181818182
980931,1,12,6,Ankit Sharma,-0.4166666666666667
980931,1,15,6,R Ashwin,-0.125
980931,2,5,6,SR Watson,0.16666666666666663
980931,2,8,6,T Shamsi,-0.6249999999999999
980931,2,12,6,SR Watson,-0.20833333333333331
980931,2,15,6,HV Patel,-5.352941176470588
980933,1,5,6,KH Pandya,0.09999999999999998
980933,1,8,6,KH Pandya,0.04166666666666666
980933,1,12,6,KH Pandya,-0.12499999999999997
980933,1,15,6,JJ Bumrah,-0.5833333333333334
980933,2,5,6,Z Khan,-0.5416666666666666
980933,2,8,6,A Mishra,-2.75
980933,2,12,6,Z Khan,-3.0277777777777777
980933,2,15,6,Imran Tahir,-0.41666666666666663
980935,1,5,6,Mustafizur Rahman,-2.0
980935,1,8,6,DJ Hooda,-0.25
980935,1,12,6,DJ Hooda,-0.34782608695652184
980935,1,15,6,Mustafizur Rahman,-4.583333333333334
980935,2,5,6,MM Sharma,-0.5833333333333334
980935,2,8,6,R Dhawan,-0.7272727272727273
980935,2,12,6,KJ Abbott,-1.3888888888888888
980935,2,15,6,R Dhawan,-3.1041666666666665
980937,1,5,6,SB Jakati,-1.4999999999999998
980937,1,8,6,RA Jadeja,-0.2916666666666667
980937,1,12,6,DJ Bravo,-0.5833333333333334
980937,1,15,6,DS Kulkarni,-3.3333333333333335
980937,2,5,6,KW Richardson,-4.363636363636363
980937,2,8,6,T Shamsi,-2.625
980937,2,12,6,YS Chahal,-0.3611111111111111
980937,2,15,6,YS Chahal,-2.75
980939,1,5,6,Shakib Al Hasan,-2.6666666666666665
980939,1,8,6,PP Chawla,-0.6666666666666666
980939,1,12,6,R Sathish,-2.375
980939,1,15,6,PP Chawla,-0.3888888888888889
980939,2,5,6,R Ashwin,-0.6818181818181819
980939,2,8,6,R Bhatia,-2.291666666666667
980939,2,12,6,R Bhatia,-2.5833333333333335
980939,2,15,6,M Ashwin,-3.0416666666666665
980941,1,5,6,MG Johnson,-1.8636363636363633
980941,1,8,6,P Sahu,-0.7499999999999999
980941,1,12,6,MM Sharma,-0.7727272727272728
980941,1,15,6,P Sahu,-0.9722222222222222
980941,2,5,6,TG Southee,-2.75
980941,2,8,6,KH Pandya,-0.6666666666666666
980941,2,12,6,JJ Bumrah,-2.416666666666667
980941,2,15,6,KA Pollard,-1.125
980943,1,5,6,MR Marsh,-2.3888888888888893
980943,1,8,6,MR Marsh,-4.875
980943,1,12,6,R Bhatia,-0.20833333333333331
980943,1,15,6,M Ashwin,0.08333333333333331
980943,2,5,6,Mustafizur Rahman,-1.4090909090909092
980943,2,8,6,B Kumar,-2.5
980945,1,5,6,Z Khan,-1.6111111111111112
980945,1,8,6,Imran Tahir,-0.6666666666666666
980945,1,12,6,Imran Tahir,-2.5833333333333335
980945,1,15,6,S Nadeem,-0.5833333333333334
980945,2,5,6,DS Kulkarni,-7.666666666666667
980945,2,8,6,DR Smith,0.08333333333333331
980945,2,12,6,JP Faulkner,-3.5
980945,2,15,6,DS Kulkarni,-7.770833333333334
980947,1,5,6,Harbhajan Singh,-0.6666666666666666
980947,1,8,6,HH Pandya,-3.125
980947,1,12,6,KH Pandya,-0.7083333333333333
980947,1,15,6,TG Southee,-3.0833333333333335
980947,2,5,6,JD Unadkat,-1.7083333333333335
980947,2,8,6,SP Narine,-2.7083333333333335
980947,2,12,6,SP Narine,-5.25
980947,2,15,6,R Sathish,-1.0909090909090908
980949,1,5,6,DS Kulkarni,-0.6388888888888888
980949,1,8,6,RA Jadeja,0.08333333333333331
980949,1,12,6,JP Faulkner,-0.7499999999999999
980949,1,15,6,S Kaushik,-0.8611111111111112
980949,2,5,6,R Ashwin,-1.6
980949,2,8,6,R Bhatia,-3.125
980949,2,12,6,R Bhatia,-2.916666666666667
980949,2,15,6,NLTC Perera,-3.666666666666667
980951,1,5,6,AD Russell,-5.25
980951,1,8,6,GB Hogg,0.0
980951,1,12,6,GB Hogg,0.027777777777777776
980951,1,15,6,JO Holder,-0.7500000000000001
980951,2,5,6,Mohammed Shami,-0.6388888888888888
980951,2,8,6,CH Morris,-0.24999999999999994
980951,2,12,6,A Mishra,0.25
980951,2,15,6,Mohammed Shami,-0.6304347826086956
980953,1,5,6,HV Patel,-3.125
980953,1,8,6,VR Aaron,-0.6363636363636364
980953,1,12,6,VR Aaron,-0.8333333333333334
980953,1,15,6,T Shamsi,-3.1111111111111107
980953,2,5,6,Mustafizur Rahman,-2.166666666666667
980953,2,8,6,BB Sran,-0.6249999999999999
980953,2,12,6,Mustafizur Rahman,-2.6666666666666665
980953,2,15,6,B Kumar,-0.9166666666666667
980955,1,5,6,DS Kulkarni,-0.3055555555555556
980955,1,8,6,RA Jadeja,-5.583333333333333
980955,1,12,6,JP Faulkner,0.08333333333333331
980955,1,15,6,JP Faulkner,-0.7083333333333333
980955,2,5,6,KC Cariappa,0.33333333333333326
980955,2,8,6,Sandeep Sharma,-0.875
980955,2,12,6,KC Cariappa,-0.055555555555555525
980955,2,15,6,MM Sharma,-5.388888888888889
980957,1,5,6,JJ Bumrah,-1.2499999999999998
980957,1,8,6,Harbhajan Singh,0.0
980957,1,12,6,Harbhajan Singh,-2.6388888888888893
980957,1,15,6,HH Pandya,-0.18181818181818177
980957,2,5,6,NLTC Perera,-0.5555555555555556
980957,2,8,6,R Bhatia,-0.24999999999999994
980957,2,12,6,M Ashwin,0.25
980957,2,15,6,M Ashwin,-0.24999999999999994
980959,1,5,6,SP Narine,-1.3333333333333333
980959,1,8,6,UT Yadav,-0.6249999999999999
980959,1,12,6,SP Narine,-1.3333333333333333
980959,1,15,6,SP Narine,-1.3541666666666665
980959,2,5,6,VR Aaron,0.33333333333333326
980959,2,8,6,S Aravind,-0.18181818181818177
980959,2,12,6,VR Aaron,-0.027777777777777846
980959,2,15,6,VR Aaron,-0.2272727272727273
980961,1,5,6,Mohammed Shami,-0.41666666666666663
980961,1,8,6,A Mishra,0.125
980961,1,12,6,JP Duminy,-0.20833333333333331
980961,1,15,6,S Nadeem,-5.555555555555555
980961,2,5,6,DS Kulkarni,-1.7083333333333335
980961,2,8,6,SK Raina,-0.6041666666666666
980961,2,12,6,DR Smith,-0.20833333333333331
980961,2,15,6,RA Jadeja,-2.818181818181818
980963,1,5,6,MP Stoinis,-0.9583333333333335
980963,1,8,6,AR Patel,-0.12499999999999994
980963,1,12,6,GJ Maxwell,-1.4166666666666665
980963,1,15,6,AR Patel,-2.7755575615628914e-17
980963,2,5,6,M Morkel,-2.9166666666666665
980963,2,8,6,PP Chawla,-2.9166666666666665
980963,2,12,6,PP Chawla,-3.0
980963,2,15,6,PP Chawla,-5.347826086956522
980965,1,5,6,SM Boland,-3.458333333333333
980965,1,8,6,R Ashwin,0.08333333333333331
980965,1,12,6,R Ashwin,-0.47058823529411764
980965,1,15,6,M Ashwin,-0.8333333333333334
980965,2,5,6,Mohammed Shami,-1.4166666666666665
980965,2,8,6,A Mishra,-2.625
980965,2,12,6,CR Brathwaite,-0.6666666666666666
980965,2,15,6,Imran Tahir,-2.2777777777777777
980967,1,5,6,Mustafizur Rahman,-2.166666666666667
980967,1,8,6,Yuvraj Singh,0.09999999999999998
980967,1,12,6,A Nehra,-0.19444444444444453
980967,1,15,6,MC Henriques,-3.1111111111111107
980967,2,5,6,DS Kulkarni,-2.9166666666666665
980967,2,8,6,S Kaushik,-0.13636363636363646
980967,2,12,6,PJ Sangwan,-1.3749999999999998
980967,2,15,6,DS Kulkarni,-5.229166666666666
980969,1,5,6,VR Aaron,-1.3333333333333333
980969,1,8,6,YS Chahal,-0.4999999999999999
980969,1,12,6,VR Aaron,-1.1111111111111112
980969,1,15,6,SR Watson,-2.9722222222222223
980969,2,5,6,NLTC Perera,-0.5833333333333334
980969,2,8,6,A Zampa,-0.5833333333333334
980969,2,12,6,R Bhatia,-0.6388888888888888
980969,2,15,6,RP Singh,-2.75
980971,1,5,6,CH Morris,-3.0
980971,1,8,6,S Nadeem,-2.895833333333333
980971,1,12,6,A Mishra,-0.20833333333333331
980971,1,15,6,Z Khan,-3.1111111111111107
980971,2,5,6,AR Patel,-1.4999999999999998
980971,2,8,6,AR Patel,-0.7083333333333333
980971,2,12,6,AR Patel,-0.2708333333333333
980971,2,15,6,KC Cariappa,-3.1041666666666665
980973,1,5,6,MJ McClenaghan,-1.0
980973,1,8,6,KA Pollard,-0.8
980973,1,12,6,JJ Bumrah,-0.12499999999999994
980973,1,15,6,MJ McClenaghan,-1.2058823529411766
980973,2,5,6,A Nehra,-7.666666666666667
980973,2,8,6,MC Henriques,-2.25
980973,2,12,6,MC Henriques,-2.4791666666666665
980973,2,15,6,B Kumar,-3.0294117647058827
980975,1,5,6,DR Smith,-2.9166666666666665
980975,1,8,6,DJ Bravo,0.33333333333333326
980975,1,12,6,RA Jadeja,-0.6666666666666666
980975,1,15,6,DJ Bravo,-0.16666666666666657
980975,2,5,6,Shakib Al Hasan,-4.125
980975,2,8,6,GB Hogg,-2.166666666666667
980975,2,12,6,M Morkel,-0.9583333333333335
980975,2,15,6,PP Chawla,-3.0555555555555554
980977,1,5,6,AR Patel,-0.4999999999999999
980977,1,8,6,AR Patel,-2.625
980977,1,12,6,MP Stoinis,-1.1944444444444446
980977,1,15,6,Sandeep Sharma,-1.3749999999999998
980977,2,5,6,SR Watson,-3.0
980977,2,8,6,VR Aaron,-0.5833333333333334
980977,2,12,6,CJ Jordan,-1.4583333333333333
980977,2,15,6,YS Chahal,-5.583333333333333
980979,1,5,6,RP Singh,-2.9722222222222223
980979,1,8,6,R Ashwin,-0.12499999999999994
980979,1,12,6,R Ashwin,-2.395833333333333
980979,1,15,6,A Zampa,-2.291666666666667
980979,2,5,6,BB Sran,-0.41666666666666663
980979,2,8,6,MC Henriques,-0.24999999999999994
980979,2,12,6,Mustafizur Rahman,-0.20833333333333331
980979,2,15,6,BB Sran,-2.854166666666667
980981,1,5,6,MJ McClenaghan,-2.625
980981,1,8,6,JJ Bumrah,-0.45833333333333315
980981,1,12,6,KH Pandya,-2.270833333333333
980981,1,15,6,JJ Bumrah,-3.0
980981,2,5,6,S Aravind,-2.75
980981,2,8,6,YS Chahal,0.08333333333333331
980981,2,12,6,YS Chahal,-2.3125
980981,2,15,6,VR Aaron,-5.3125
980983,1,5,6,NM Coulter-Nile,0.25
980983,1,8,6,J Yadav,-3.0833333333333335
980983,1,12,6,A Mishra,-2.75
980983,1,15,6,Mohammed Shami,-3.3888888888888893
980983,2,5,6,Mustafizur Rahman,-0.8
980983,2,8,6,DJ Hooda,0.08333333333333331
980983,2,12,6,A Nehra,-3.25
980983,2,15,6,Mustafizur Rahman,-0.6388888888888888
980985,1,5,6,MM Sharma,-2.5
980985,1,8,6,AR Patel,-2.291666666666667
980985,1,12,6,KC Cariappa,-0.2222222222222222
980985,1,15,6,AR Patel,-2.875
980985,2,5,6,JJ Bumrah,0.19999999999999996
980985,2,8,6,Harbhajan Singh,0.20833333333333337
980985,2,12,6,Harbhajan Singh,-0.20833333333333331
980985,2,15,6,MJ McClenaghan,-5.794117647058823
980987,1,5,6,PV Tambe,-1.2499999999999998
980987,1,8,6,RA Jadeja,0.25
980987,1,12,6,RA Jadeja,-0.3055555555555556
980987,1,15,6,P Kumar,-1.0
980987,2,5,6,SR Watson,0.3999999999999999
980987,2,8,6,CJ Jordan,-4.727272727272728
980987,2,12,6,CJ Jordan,-9.73529411764706
980987,2,15,6,CH Gayle,0.41666666666666674
980989,1,5,6,M Morkel,-0.75
980989,1,8,6,Shakib Al Hasan,-2.861111111111111
980989,1,12,6,PP Chawla,-2.291666666666667
980989,1,15,6,SP Narine,-2.194444444444444
980991,1,5,6,BCJ Cutting,-1.3333333333333333
980991,1,8,6,KV Sharma,0.20833333333333337
980991,1,12,6,KV Sharma,-0.22916666666666657
980991,1,15,6,MC Henriques,-3.3888888888888893
980991,2,5,6,GJ Maxwell,-1.3333333333333333
980991,2,8,6,AR Patel,0.125
980991,2,12,6,AR Patel,-2.861111111111111
980991,2,15,6,Sandeep Sharma,-3.1111111111111107
980993,1,5,6,S Nadeem,-0.9583333333333335
980993,1,8,6,A Mishra,-3.458333333333333
980993,1,12,6,Imran Tahir,-1.4444444444444442
980993,1,15,6,A Mishra,-3.625
980993,2,5,6,JJ Bumrah,0.33333333333333326
980993,2,8,6,Harbhajan Singh,-3.125
980993,2,12,6,JJ Bumrah,-4.75
980993,2,15,6,JJ Bumrah,-7.222222222222222
980995,1,5,6,SR Watson,-1.2499999999999998
980995,1,8,6,YS Chahal,-1.25
980995,1,12,6,Iqbal Abdulla,-5.166666666666667
980995,1,15,6,S Aravind,-6.1875
980995,2,5,6,PP Chawla,-0.5833333333333334
980995,2,8,6,AS Rajpoot,-0.4999999999999999
980995,2,12,6,Shakib Al Hasan,-0.27272727272727276
980995,2,15,6,SP Narine,-3.2083333333333335
980997,1,5,6,NLTC Perera,0.25
980997,1,8,6,IK Pathan,-0.16666666666666657
980997,1,12,6,A Zampa,-4.875
980997,1,15,6,R Ashwin,-0.027777777777777846
980997,2,5,6,CH Morris,-2.5454545454545454
980997,2,8,6,NM Coulter-Nile,-0.5277777777777777
980999,1,5,6,AR Patel,-1.3333333333333333
980999,1,8,6,AR Patel,-0.75
980999,1,12,6,MM Sharma,-1.3749999999999998
980999,2,5,6,SR Watson,-2.1999999999999997
980999,2,8,6,YS Chahal,-8.791666666666668
980999,2,12,6,Sachin Baby,-2.333333333333333
981001,1,5,6,DS Kulkarni,-3.3529411764705883
981001,1,8,6,SB Jakati,0.16666666666666663
981001,1,12,6,RA Jadeja,0.25
981001,1,15,6,DJ Bravo,-0.4999999999999999
981001,2,5,6,M Morkel,-3.5454545454545454
981001,2,8,6,JO Holder,0.30000000000000004
981001,2,12,6,YK Pathan,-0.4999999999999999
981003,1,5,6,CR Brathwaite,-2.25
981003,1,8,6,J Yadav,-1.0833333333333333
981003,1,12,6,J Yadav,-0.9583333333333335
981003,1,15,6,CR Brathwaite,-7.6875
981003,2,5,6,Mustafizur Rahman,-0.08333333333333331
981003,2,8,6,MC Henriques,-0.6249999999999999
981003,2,12,6,DJ Hooda,-0.37499999999999994
981003,2,15,6,Mustafizur Rahman,-0.29411764705882354
981005,1,5,6,NLTC Perera,-1.3333333333333333
981005,1,8,6,A Zampa,-2.333333333333333
981005,1,12,6,A Zampa,-2.916666666666667
981005,1,15,6,R Ashwin,-5.361111111111111
981005,2,5,6,MM Sharma,-1.2916666666666665
981005,2,8,6,R Dhawan,-0.5833333333333334
981005,2,12,6,AR Patel,-2.25
981005,2,15,6,KJ Abbott,-0.75
981007,1,5,6,P Kumar,-0.6666666666666667
981007,1,8,6,DR Smith,-5.527777777777779
981007,1,12,6,SB Jakati,-0.2916666666666667
981007,1,15,6,DS Kulkarni,-3.5833333333333335
981007,2,5,6,JJ Bumrah,-1.7083333333333335
981007,2,8,6,MJ McClenaghan,-1.3749999999999998
981007,2,12,6,JJ Bumrah,-3.7777777777777777
981007,2,15,6,HH Pandya,-1.6
981009,1,5,6,DJ Hooda,-3.0833333333333335
981009,1,8,6,KV Sharma,-0.6249999999999999
981009,1,12,6,Mustafizur Rahman,-0.7727272727272728
981009,1,15,6,B Kumar,-3.1666666666666665
981009,2,5,6,SP Narine,-2.958333333333333
981009,2,8,6,JO Holder,-0.18181818181818177
981009,2,12,6,SP Narine,-5.194444444444445
981009,2,15,6,Kuldeep Yadav,-7.847826086956522
981011,1,5,6,YS Chahal,-2.166666666666667
981011,1,8,6,SR Watson,-0.16666666666666657
981011,1,12,6,CH Gayle,0.09999999999999998
981011,1,15,6,S Aravind,-2.916666666666667
981011,2,5,6,CH Morris,-3.25
981011,2,8,6,P Negi,-0.24999999999999994
981011,2,12,6,CR Brathwaite,-2.6666666666666665
981011,2,15,6,A Mishra,-0.5833333333333334
981013,1,5,6,SR Watson,-2.166666666666667
981013,1,8,6,STR Binny,0.16666666666666663
981013,1,12,6,Iqbal Abdulla,-6.1521739130434785
981013,1,15,6,SR Watson,-4.6764705882352935
981013,2,5,6,DS Kulkarni,-9.88888888888889
981013,2,8,6,SB Jakati,-2.5999999999999996
981013,2,12,6,RA Jadeja,-5.1875
981013,2,15,6,SB Jakati,-1.3888888888888888
981015,1,5,6,SP Narine,-1.7
981015,1,8,6,JO Holder,-0.2916666666666667
981015,1,12,6,Kuldeep Yadav,-5.555555555555555
981015,1,15,6,JO Holder,-3.3888888888888893
981015,2,5,6,Mustafizur Rahman,0.25
981015,2,8,6,Bipul Sharma,0.08333333333333331
981015,2,12,6,Mustafizur Rahman,-0.5833333333333334
981015,2,15,6,MC Henriques,-7.611111111111112
981017,1,5,6,Bipul Sharma,-0.4999999999999999
981017,1,8,6,Bipul Sharma,-3.375
981017,1,12,6,BCJ Cutting,-2.6666666666666665
981017,1,15,6,TA Boult,-3.4722222222222223
981017,2,5,6,SK Raina,0.25
981017,2,8,6,S Kaushik,-2.166666666666667
981017,2,12,6,S Kaushik,-5.145833333333333
981017,2,15,6,DJ Bravo,-5.0
981019,1,5,6,CH Gayle,-0.29411764705882354
981019,1,8,6,YS Chahal,-3.1666666666666665
981019,1,12,6,YS Chahal,-2.888888888888889
981019,1,15,6,S Aravind,-5.75
981019,2,5,6,Mustafizur Rahman,0.25
981019,2,8,6,MC Henriques,-1.7500000000000002
981019,2,12,6,BB Sran,-3.5833333333333335
981019,2,15,6,BCJ Cutting,-5.604166666666667
1082591,1,5,6,SR Watson,-2.9166666666666665
1082591,1,8,6,YS Chahal,0.08333333333333331
1082591,1,12,6,A Choudhary,-3.9411764705882355
1082591,1,15,6,YS Chahal,-2.395833333333333
1082591,2,5,6,Rashid Khan,-2.9166666666666665
1082591,2,8,6,BCJ Cutting,-0.5454545454545455
1082591,2,12,6,Rashid Khan,-5.833333333333334
1082591,2,15,6,BCJ Cutting,-0.7777777777777778
1082592,1,5,6,DL Chahar,-1.2499999999999998
1082592,1,8,6,A Zampa,-0.6666666666666666
1082592,1,12,6,BA Stokes,-0.5882352941176472
1082592,1,15,6,A Zampa,-3.1111111111111107
1082592,2,5,6,MJ McClenaghan,-3.458333333333333
1082592,2,8,6,HH Pandya,-0.8888888888888888
1082592,2,12,6,MJ McClenaghan,-3.5555555555555554
1082592,2,15,6,HH Pandya,-3.3333333333333335
1082593,1,5,6,CR Woakes,-1.3333333333333333
1082593,1,8,6,Kuldeep Yadav,-3.0833333333333335
1082593,1,12,6,SP Narine,-0.8055555555555556
1082593,1,15,6,Kuldeep Yadav,-5.208333333333333
1082593,2,5,6,S Kaushik,-2.0416666666666665
1082593,2,8,6,S Kaushik,-1.527777777777778
1082593,2,12,6,P Kumar,-0.2916666666666667
1082594,1,5,6,AR Patel,0.25
1082594,1,8,6,MP Stoinis,-2.25
1082594,1,12,6,T Natarajan,-3.125
1082594,1,15,6,MP Stoinis,-3.1111111111111107
1082594,2,5,6,Imran Tahir,-3.1666666666666665
1082594,2,8,6,RD Chahar,0.16666666666666663
1082594,2,12,6,RD Chahar,-3.1764705882352944
1082594,2,15,6,Imran Tahir,-5.395833333333334
1082595,1,5,6,PJ Cummins,-3.375
1082595,1,8,6,S Nadeem,-2.194444444444444
1082595,1,12,6,A Mishra,-1.7500000000000002
1082595,1,15,6,CR Brathwaite,-1.4583333333333333
1082595,2,5,6,B Stanlake,-3.0
1082595,2,8,6,YS Chahal,-0.08333333333333331
1082595,2,12,6,Iqbal Abdulla,-3.5
1082595,2,15,6,TS Mills,-3.0833333333333335
1082596,1,5,6,B Kumar,-3.0416666666666665
1082596,1,8,6,Rashid Khan,-7.277777777777778
1082596,1,12,6,MC Henriques,-1.4999999999999998
1082596,1,15,6,BCJ Cutting,-0.6666666666666666
1082596,2,5,6,DS Kulkarni,-1.4166666666666665
1082596,2,8,6,S Kaushik,-0.16666666666666657
1082596,2,12,6,Tejas Baroka,-0.5833333333333334
1082597,1,5,6,MJ McClenaghan,-0.9999999999999999
1082597,1,8,6,Harbhajan Singh,0.16666666666666663
1082597,1,12,6,Harbhajan Singh,-0.1111111111111111
1082597,1,15,6,JJ Bumrah,-3.305555555555556
1082597,2,5,6,Kuldeep Yadav,0.19999999999999996
1082597,2,8,6,AS Rajpoot,-2.083333333333333
1082597,2,12,6,AS Rajpoot,-5.416666666666667
1082597,2,15,6,SP Narine,-2.625
1082598,1,5,6,Sandeep Sharma,-2.3611111111111116
1082598,1,8,6,T Natarajan,-0.7000000000000001
1082598,1,12,6,AR Patel,-2.2777777777777777
1082598,1,15,6,VR Aaron,-5.125
1082598,2,5,6,TS Mills,-3.75
1082598,2,8,6,YS Chahal,-2.625
1082598,2,12,6,P Negi,-0.5833333333333334
1082599,1,5,6,DL Chahar,-3.9705882352941178
1082599,1,8,6,Imran Tahir,-2.333333333333333
1082599,1,12,6,Imran Tahir,-2.305555555555556
1082599,1,15,6,BA Stokes,-2.805555555555556
1082599,2,5,6,CH Morris,-3.5
1082599,2,8,6,S Nadeem,-2.5555555555555554
1082599,2,12,6,PJ Cummins,-2.833333333333333
1082599,2,15,6,A Mishra,-7.472222222222222
1082600,1,5,6,JJ Bumrah,-0.16666666666666657
1082600,1,8,6,MJ McClenaghan,-1.7083333333333335
1082600,1,12,6,KH Pandya,-1.125
1082600,1,15,6,HH Pandya,-3.0625
1082600,2,5,6,Mustafizur Rahman,-2.9166666666666665
1082600,2,8,6,BCJ Cutting,0.25
1082600,2,12,6,Mustafizur Rahman,-1.9545454545454544
1082600,2,15,6,A Nehra,-3.8541666666666665
1082601,1,5,6,PP Chawla,-2.833333333333333
1082601,1,8,6,CR Woakes,-1.7916666666666667
1082601,1,12,6,UT Yadav,-2.7777777777777777
1082601,1,15,6,SP Narine,-2.1956521739130435
1082601,2,5,6,VR Aaron,-4.5
1082601,2,8,6,MP Stoinis,-0.5833333333333334
1082601,2,12,6,MM Sharma,-1.0
1082601,2,15,6,Sandeep Sharma,-1.0277777777777777
1082602,1,5,6,MJ McClenaghan,-0.16666666666666657
1082602,1,8,6,Harbhajan Singh,-0.3125
1082602,1,12,6,KH Pandya,0.16666666666666663
1082602,1,15,6,MJ McClenaghan,-2.5294117647058822
1082602,2,5,6,S Badree,-7.138888888888888
1082602,2,8,6,S Aravind,0.3181818181818181
1082602,2,12,6,S Aravind,0.25
1082602,2,15,6,P Negi,-0.35000000000000003
1082603,1,5,6,AJ Tye,-2.25
1082603,1,8,6,RA Jadeja,-0.7499999999999999
1082603,1,12,6,AJ Tye,-4.75
1082603,1,15,6,Basil Thampi,-0.5555555555555556
1082603,2,5,6,Imran Tahir,-2.0833333333333335
1082603,2,8,6,SN Thakur,-2.6363636363636362
1082603,2,12,6,Imran Tahir,-4.138888888888889
1082603,2,15,6,Imran Tahir,-4.25
1082604,1,5,6,Rashid Khan,-2.9166666666666665
1082604,1,8,6,MC Henriques,-0.7000000000000001
1082604,1,12,6,A Nehra,-1.0277777777777777
1082604,1,15,6,Bipul Sharma,-0.5454545454545455
1082604,2,5,6,Kuldeep Yadav,-0.4999999999999999
1082604,2,8,6,SP Narine,-0.20833333333333331
1082604,2,12,6,UT Yadav,-0.9722222222222222
1082604,2,15,6,SP Narine,-2.4791666666666665
1082605,1,5,6,MM Sharma,-0.875
1082605,1,8,6,KC Cariappa,-2.7083333333333335
1082605,1,12,6,AR Patel,-2.6111111111111107
1082605,1,15,6,VR Aaron,-6.1521739130434785
1082605,2,5,6,PJ Cummins,-0.5833333333333334
1082605,2,8,6,A Mishra,0.25
1082605,2,12,6,A Mishra,-2.5
1082605,2,15,6,CJ Anderson,-2.916666666666667
1082606,1,5,6,SL Malinga,-1.3333333333333333
1082606,1,8,6,KH Pandya,-0.20833333333333331
1082606,1,12,6,JJ Bumrah,-0.5416666666666666
1082606,1,15,6,MJ McClenaghan,-2.4705882352941178
1082606,2,5,6,AJ Tye,-0.5833333333333334
1082606,2,8,6,RA Jadeja,-0.7083333333333333
1082606,2,12,6,Basil Thampi,-0.6388888888888888
1082606,2,15,6,RA Jadeja,-0.4375
1082607,1,5,6,S Aravind,-0.6363636363636364
1082607,1,8,6,P Negi,-2.25
1082607,1,12,6,SR Watson,-0.6363636363636364
1082607,1,15,6,SR Watson,-3.305555555555556
1082607,2,5,6,BA Stokes,-2.25
1082607,2,8,6,Imran Tahir,-0.2916666666666667
1082607,2,12,6,Imran Tahir,-2.5625
1082607,2,15,6,BA Stokes,-5.25
1082608,1,5,6,SP Narine,0.16666666666666663
1082608,1,8,6,CR Woakes,-0.7083333333333333
1082608,1,12,6,UT Yadav,-3.5833333333333335
1082608,1,15,6,Kuldeep Yadav,-0.6388888888888888
1082608,2,5,6,PJ Cummins,-4.666666666666667
1082608,2,8,6,A Mishra,-0.2272727272727273
1082608,2,12,6,AD Mathews,-0.24999999999999994
1082608,2,15,6,PJ Cummins,-3.8888888888888893
1082609,1,5,6,I Sharma,0.2777777777777778
1082609,1,8,6,KC Cariappa,-0.6249999999999999
1082609,1,12,6,Sandeep Sharma,-0.3055555555555556
1082609,1,15,6,KC Cariappa,-3.1739130434782608
1082609,2,5,6,Rashid Khan,-1.6
1082609,2,8,6,Mohammad Nabi,-2.625
1082609,2,12,6,Mohammad Nabi,-2.833333333333333
1082609,2,15,6,Rashid Khan,-6.104166666666667
1082610,1,5,6,RA Jadeja,-0.6666666666666666
1082610,1,8,6,AJ Tye,-0.16666666666666657
1082610,1,12,6,Basil Thampi,-2.75
1082610,1,15,6,DS Kulkarni,-3.458333333333333
1082610,2,5,6,YS Chahal,-5.583333333333333
1082610,2,8,6,AF Milne,-1.0454545454545454
1082610,2,12,6,AF Milne,-1.3888888888888888
1082610,2,15,6,TM Head,0.0
1082611,1,5,6,PJ Cummins,-0.5833333333333334
1082611,1,8,6,Z Khan,-0.24999999999999994
1082611,1,12,6,PJ Cummins,-0.6739130434782609
1082611,1,15,6,AD Mathews,-1.4583333333333333
1082611,2,5,6,Rashid Khan,-1.1666666666666667
1082611,2,8,6,Rashid Khan,-0.5416666666666666
1082611,2,12,6,MC Henriques,-1.0833333333333335
1082611,2,15,6,MC Henriques,-0.9166666666666667
1082612,1,5,6,MJ McClenaghan,-3.0416666666666665
1082612,1,8,6,KH Pandya,0.125
1082612,1,12,6,KH Pandya,-2.7608695652173916
1082612,1,15,6,SL Malinga,-1.411764705882353
1082612,2,5,6,MP Stoinis,-4.2
1082612,2,8,6,AR Patel,-0.6363636363636364
1082612,2,12,6,Sandeep Sharma,-1.2352941176470589
1082613,1,5,6,SK Raina,-2.7083333333333335
1082613,1,8,6,RA Jadeja,-0.3333333333333333
1082613,1,12,6,RA Jadeja,-0.19444444444444445
1082613,1,15,6,Basil Thampi,-1.3333333333333333
1082613,2,5,6,Shakib Al Hasan,-1.3055555555555554
1082613,2,8,6,CR Woakes,-3.5
1082613,2,12,6,UT Yadav,-2.416666666666667
1082613,2,15,6,SP Narine,-0.9791666666666665
1082614,1,5,6,CH Morris,-2.9166666666666665
1082614,1,8,6,A Mishra,-2.541666666666667
1082614,1,12,6,A Mishra,-4.911764705882352
1082614,1,15,6,PJ Cummins,-2.5277777777777777
1082614,2,5,6,JJ Bumrah,-2.0
1082614,2,8,6,HH Pandya,-2.7272727272727275
1082614,2,12,6,MG Johnson,-2.804347826086956
1082614,2,15,6,MJ McClenaghan,-7.472222222222222
1082615,1,5,6,SN Thakur,-1.3333333333333333
1082615,1,8,6,Imran Tahir,-2.166666666666667
1082615,1,12,6,DT Christian,-2.25
1082615,1,15,6,DT Christian,-2.4583333333333335
1082615,2,5,6,S Kaul,-2.166666666666667
1082615,2,8,6,Rashid Khan,-0.16666666666666657
1082615,2,12,6,Mohammed Siraj,-0.9166666666666666
1082615,2,15,6,Mohammed Siraj,-0.5833333333333334
1082616,1,5,6,AJ Tye,-2.0
1082616,1,8,6,RA Jadeja,-0.5416666666666666
1082616,1,12,6,RA Jadeja,-0.611111111111111
1082616,1,15,6,AJ Tye,-3.5833333333333335
1082616,2,5,6,MM Sharma,-3.0416666666666665
1082616,2,8,6,AR Patel,-3.0833333333333335
1082616,2,12,6,AR Patel,-5.555555555555555
1082616,2,15,6,MM Sharma,-2.833333333333333
1082617,1,5,6,STR Binny,-3.75
1082617,1,8,6,S Badree,-3.305555555555556
1082617,1,12,6,P Negi,-0.33333333333333315
1082617,1,15,6,S Aravind,-0.8888888888888888
1082617,2,5,6,UT Yadav,-2.9166666666666665
1082617,2,8,6,CR Woakes,-7.458333333333333
1082618,1,5,6,KV Sharma,-0.5416666666666666
1082618,1,8,6,Harbhajan Singh,0.125
1082618,1,12,6,Harbhajan Singh,-2.354166666666667
1082618,1,15,6,MJ McClenaghan,-1.3055555555555554
1082618,2,5,6,SN Thakur,-1.0909090909090908
1082618,2,8,6,Washington Sundar,-2.895833333333333
1082618,2,12,6,BA Stokes,-5.083333333333333
1082618,2,15,6,SN Thakur,-0.8333333333333334
1082620,1,5,6,SP Narine,-1.0416666666666667
1082620,1,8,6,C de Grandhomme,-0.2916666666666667
1082620,1,12,6,Kuldeep Yadav,-0.5833333333333334
1082620,1,15,6,Kuldeep Yadav,-0.5833333333333334
1082620,2,5,6,DT Christian,-0.5833333333333334
1082620,2,8,6,Imran Tahir,-1.0416666666666667
1082620,2,12,6,SN Thakur,-0.5882352941176472
1082620,2,15,6,Imran Tahir,-1.0416666666666667
1082621,1,5,6,Basil Thampi,-3.2222222222222223
1082621,1,8,6,RA Jadeja,-2.6666666666666665
1082621,1,12,6,JP Faulkner,-0.5833333333333334
1082621,1,15,6,AJ Tye,-7.25
1082621,2,5,6,S Aravind,-0.4722222222222221
1082621,2,8,6,A Choudhary,-0.9999999999999999
1082621,2,12,6,P Negi,-3.590909090909091
1082622,1,5,6,Kuldeep Yadav,0.08333333333333331
1082622,1,8,6,CR Woakes,-0.6249999999999999
1082622,1,12,6,C de Grandhomme,-1.4999999999999998
1082622,1,15,6,NM Coulter-Nile,-6.277777777777779
1082622,2,5,6,K Rabada,-3.0416666666666665
1082622,2,8,6,PJ Cummins,-0.9583333333333335
1082622,2,12,6,CJ Anderson,-3.4705882352941173
1082622,2,15,6,CH Morris,-1.4166666666666665
1082623,1,5,6,I Sharma,-0.2777777777777778
1082623,1,8,6,Anureet Singh,-1.7916666666666667
1082623,1,12,6,AR Patel,-0.9166666666666667
1082623,1,15,6,GJ Maxwell,-2.888888888888889
1082623,2,5,6,DJ Hooda,-2.166666666666667
1082623,2,8,6,S Kaul,-2.6666666666666665
1082623,2,12,6,MC Henriques,-1.6944444444444444
1082623,2,15,6,B Kumar,-5.527777777777779
1082624,1,5,6,YS Chahal,-1.4999999999999998
1082624,1,8,6,P Negi,-2.75
1082624,1,12,6,YS Chahal,-1.0833333333333335
1082624,1,15,6,S Badree,-3.0833333333333335
1082624,2,5,6,DT Christian,-0.4999999999999999
1082624,2,8,6,Washington Sundar,-2.25
1082624,2,12,6,Imran Tahir,-2.208333333333333
1082624,2,15,6,JD Unadkat,-2.4565217391304346
1082625,1,5,6,SL Malinga,-5.458333333333333
1082625,1,8,6,KH Pandya,-2.5454545454545454
1082625,1,12,6,JJ Bumrah,-2.5833333333333335
1082625,1,15,6,KH Pandya,-7.354166666666667
1082625,2,5,6,AJ Tye,-0.5833333333333334
1082625,2,8,6,SK Raina,-0.1388888888888889
1082625,2,12,6,RA Jadeja,-1.4166666666666665
1082625,2,15,6,JP Faulkner,-5.833333333333334
1082626,1,5,6,MM Sharma,0.33333333333333326
1082626,1,8,6,AR Patel,-4.708333333333334
1082626,1,12,6,AR Patel,-4.934782608695651
1082626,1,15,6,Sandeep Sharma,-10.108695652173914
1082626,2,5,6,Mohammed Shami,-1.3636363636363638
1082627,1,5,6,Kuldeep Yadav,-1.6
1082627,1,8,6,NM Coulter-Nile,-0.5454545454545455
1082627,1,12,6,CR Woakes,-3.7916666666666665
1082627,1,15,6,SP Narine,-1.1944444444444446
1082627,2,5,6,MC Henriques,-0.6666666666666666
1082627,2,8,6,Rashid Khan,-0.9583333333333335
1082627,2,12,6,Mohammed Siraj,-5.222222222222221
1082627,2,15,6,Rashid Khan,-0.6521739130434783
1082628,1,5,6,MJ McClenaghan,-3.7916666666666665
1082628,1,8,6,KH Pandya,-0.6363636363636364
1082628,1,12,6,KH Pandya,-5.604166666666667
1082628,1,15,6,MJ McClenaghan,-3.361111111111111
1082628,2,5,6,YS Chahal,-0.875
1082628,2,8,6,SR Watson,-0.16666666666666657
1082628,2,12,6,YS Chahal,-3.2777777777777777
1082628,2,15,6,YS Chahal,-3.3043478260869565
1082629,1,5,6,Imran Tahir,-3.75
1082629,1,8,6,DT Christian,-0.8999999999999999
1082629,1,12,6,BA Stokes,-1.0555555555555556
1082629,1,15,6,Imran Tahir,-10.375
1082629,2,5,6,JP Faulkner,-3.0
1082629,2,8,6,Ankit Soni,0.33333333333333326
1082629,2,12,6,Ankit Soni,0.26086956521739135
1082629,2,15,6,DR Smith,-0.6470588235294118
1082630,1,5,6,Mohammed Shami,-4.5
1082630,1,8,6,A Mishra,-2.25
1082630,1,12,6,A Mishra,-2.5555555555555554
1082630,1,15,6,Mohammed Shami,-5.804347826086956
1082630,2,5,6,MC Henriques,-2.166666666666667
1082630,2,8,6,Rashid Khan,-0.5833333333333334
1082630,2,12,6,Yuvraj Singh,-1.4999999999999998
1082630,2,15,6,B Kumar,-2.805555555555556
1082631,1,5,6,Washington Sundar,-5.875
1082631,1,8,6,SN Thakur,0.25
1082631,1,12,6,DT Christian,-0.4999999999999999
1082631,1,15,6,Imran Tahir,-3.125
1082631,2,5,6,NM Coulter-Nile,-1.6176470588235292
1082631,2,8,6,CR Woakes,-5.222222222222221
1082631,2,12,6,Kuldeep Yadav,-1.0
1082631,2,15,6,UT Yadav,-3.0277777777777777
1082632,1,5,6,PJ Cummins,-1.0
1082632,1,8,6,MN Samuels,0.16666666666666663
1082632,1,12,6,CJ Anderson,-0.8
1082632,1,15,6,CJ Anderson,-0.3181818181818182
1082632,2,5,6,JP Faulkner,0.16666666666666663
1082632,2,8,6,SK Raina,-1.0
1082632,2,12,6,DR Smith,-1.4166666666666665
1082632,2,15,6,PJ Sangwan,-3.5833333333333335
1082633,1,5,6,S Badree,-0.41666666666666663
1082633,1,8,6,P Negi,-2.7083333333333335
1082633,1,12,6,P Negi,-2.805555555555556
1082633,1,15,6,YS Chahal,-4.886363636363636
1082633,2,5,6,VR Aaron,-0.7916666666666667
1082633,2,8,6,AR Patel,0.25
1082633,2,12,6,VR Aaron,-0.78125
1082633,2,15,6,GJ Maxwell,-4.852941176470589
1082634,1,5,6,MC Henriques,-1.0
1082634,1,8,6,Bipul Sharma,-2.291666666666667
1082634,1,12,6,Bipul Sharma,-2.958333333333333
1082634,1,15,6,S Kaul,-5.361111111111111
1082634,2,5,6,Washington Sundar,-0.4999999999999999
1082634,2,8,6,SN Thakur,-1.3333333333333333
1082634,2,12,6,BA Stokes,-7.972222222222221
1082634,2,15,6,Imran Tahir,-2.6458333333333335
1082635,1,5,6,PJ Cummins,-2.5999999999999996
1082635,1,8,6,A Mishra,-2.25
1082635,1,12,6,CJ Anderson,-3.9166666666666665
1082635,1,15,6,K Rabada,-3.1470588235294117
1082635,2,5,6,SL Malinga,-4.958333333333333
1082635,2,8,6,Harbhajan Singh,-5.166666666666667
1082635,2,12,6,HH Pandya,0.33333333333333326
1082636,1,5,6,UT Yadav,-5.235294117647059
1082636,1,8,6,PP Chawla,0.08333333333333331
1082636,1,12,6,C de Grandhomme,0.08333333333333331
1082636,1,15,6,SP Narine,-5.395833333333334
1082636,2,5,6,YS Chahal,-2.0833333333333335
1082636,2,8,6,TM Head,0.5
1082636,2,12,6,TM Head,-0.5714285714285714
1082637,1,5,6,JP Faulkner,-1.4999999999999998
1082637,1,8,6,RA Jadeja,-0.7727272727272728
1082637,1,12,6,Ankit Soni,-0.4166666666666667
1082637,1,15,6,DS Kulkarni,-2.5
1082637,2,5,6,MM Sharma,-1.0
1082637,2,8,6,AR Patel,-0.7083333333333333
1082637,2,12,6,AR Patel,-0.47222222222222227
1082637,2,15,6,MM Sharma,-0.6666666666666666
1082638,1,5,6,Mohammad Nabi,-2.4166666666666665
1082638,1,8,6,Rashid Khan,-0.5833333333333334
1082638,1,12,6,B Kumar,-0.16666666666666657
1082638,1,15,6,Mohammed Siraj,-0.6176470588235294
1082638,2,5,6,MJ McClenaghan,-2.625
1082638,2,8,6,KV Sharma,-0.875
1082638,2,12,6,JJ Bumrah,-2.9166666666666665
1082638,2,15,6,JJ Bumrah,-2.7777777777777777
1082639,1,5,6,SP Narine,-2.958333333333333
1082639,1,8,6,CR Woakes,-2.227272727272727
1082639,1,12,6,AS Rajpoot,-1.3333333333333333
1082639,1,15,6,Kuldeep Yadav,-3.0833333333333335
1082639,2,5,6,MJ Henry,-1.3333333333333333
1082639,2,8,6,Swapnil Singh,0.0
1082639,2,12,6,Swapnil Singh,-0.2916666666666667
1082639,2,15,6,Sandeep Sharma,-0.8888888888888888
1082640,1,5,6,PJ Cummins,-3.9166666666666665
1082640,1,8,6,A Mishra,-3.9166666666666665
1082640,1,12,6,CJ Anderson,-1.1363636363636362
1082640,1,15,6,Z Khan,-0.5624999999999999
1082640,2,5,6,DR Smith,-2.9166666666666665
1082640,2,8,6,RA Jadeja,-0.5833333333333334
1082640,2,12,6,RA Jadeja,-0.7291666666666666
1082640,2,15,6,DS Kulkarni,-3.2291666666666665
1082641,1,5,6,KV Sharma,-3.9166666666666665
1082641,1,8,6,Harbhajan Singh,-2.25
1082641,1,12,6,KV Sharma,-3.3888888888888893
1082641,1,15,6,MJ McClenaghan,-4.375
1082641,2,5,6,MM Sharma,-1.4166666666666665
1082641,2,8,6,MM Sharma,-4.666666666666667
1082641,2,12,6,AR Patel,-3.0416666666666665
1082641,2,15,6,MJ Henry,-2.7727272727272725
1082642,1,5,6,SN Thakur,-0.9166666666666666
1082642,1,8,6,A Zampa,-3.416666666666667
1082642,1,12,6,A Zampa,-3.0555555555555554
1082642,1,15,6,Washington Sundar,-3.0555555555555554
1082642,2,5,6,Mohammed Shami,-1.0909090909090908
1082642,2,8,6,A Mishra,-0.6249999999999999
1082642,2,12,6,PJ Cummins,-0.4999999999999999
1082642,2,15,6,Mohammed Shami,-3.3823529411764706
1082643,1,5,6,Mohammad Nabi,-0.4999999999999999
1082643,1,8,6,Rashid Khan,-2.0833333333333335
1082643,1,12,6,Mohammed Siraj,-5.777777777777778
1082643,1,15,6,Rashid Khan,-8.229166666666668
1082643,2,5,6,JP Faulkner,-1.4999999999999998
1082643,2,8,6,MM Patel,-0.7083333333333333
1082643,2,12,6,JP Faulkner,-1.125
1082643,2,15,6,RA Jadeja,-0.1388888888888889
1082644,1,5,6,UT Yadav,-1.3333333333333333
1082644,1,8,6,AS Rajpoot,-2.166666666666667
1082644,1,12,6,AS Rajpoot,-2.5
1082644,1,15,6,UT Yadav,-3.625
1082644,2,5,6,KV Sharma,-2.625
1082644,2,8,6,R Vinay Kumar,-2.75
1082644,2,12,6,HH Pandya,-0.6666666666666666
1082644,2,15,6,MG Johnson,-3.1875
1082645,1,5,6,SN Thakur,-5.25
1082645,1,8,6,A Zampa,-0.6666666666666666
1082645,1,12,6,A Zampa,-0.1388888888888889
1082645,2,5,6,AR Patel,-3.0833333333333335
1082645,2,8,6,R Tewatia,-0.041666666666666796
1082646,1,5,6,Mohammed Shami,-0.4999999999999999
1082646,1,8,6,CJ Anderson,-0.6666666666666666
1082646,1,12,6,CJ Anderson,-0.19444444444444445
1082646,1,15,6,PJ Cummins,-2.305555555555556
1082646,2,5,6,SR Watson,-2.166666666666667
1082646,2,8,6,TM Head,-0.6249999999999999
1082646,2,12,6,SR Watson,-2.5277777777777777
1082646,2,15,6,TM Head,-5.611111111111112
1082647,1,5,6,SL Malinga,-2.208333333333333
1082647,1,8,6,HH Pandya,-1.4999999999999998
1082647,1,12,6,KV Sharma,-2.805555555555556
1082647,1,15,6,KH Pandya,-0.18749999999999994
1082647,2,5,6,Washington Sundar,-5.041666666666667
1082647,2,8,6,SN Thakur,-3.9166666666666665
1082647,2,12,6,Washington Sundar,-7.416666666666667
1082647,2,15,6,DT Christian,-0.3529411764705882
1082648,1,5,6,SP Narine,0.25
1082648,1,8,6,PP Chawla,-0.5833333333333334
1082648,1,12,6,PP Chawla,-3.0
1082648,1,15,6,UT Yadav,-5.1521739130434785
1082649,1,5,6,JJ Bumrah,-4.583333333333334
1082649,1,8,6,KV Sharma,-7.472222222222222
1082649,1,12,6,KH Pandya,-0.611111111111111
1082649,1,15,6,HH Pandya,0.25
1082649,2,5,6,PP Chawla,-4.708333333333334
1082649,2,8,6,PP Chawla,-5.277777777777779
1082649,2,12,6,NM Coulter-Nile,-2.333333333333333
1082650,1,5,6,LH Ferguson,-2.833333333333333
1082650,1,8,6,A Zampa,-0.2272727272727273
1082650,1,12,6,A Zampa,-5.416666666666666
1082650,1,15,6,DT Christian,-2.25
1082650,2,5,6,SL Malinga,-0.08333333333333331
1082650,2,8,6,KV Sharma,-0.027777777777777846
1082650,2,12,6,KV Sharma,0.062499999999999944
1082650,2,15,6,KH Pandya,-0.5833333333333334
1136561,1,5,6,SR Watson,-2.9722222222222223
1136561,1,8,6,Harbhajan Singh,-0.24999999999999994
1136561,1,12,6,SR Watson,-5.3125
1136561,1,15,6,DJ Bravo,-1.0
1136561,2,5,6,HH Pandya,-5.541666666666667
1136561,2,8,6,M Markande,-4.666666666666666
1136561,2,12,6,M Markande,-7.645833333333333
1136561,2,15,6,JJ Bumrah,-0.027777777777777846
1136562,1,5,6,AJ Tye,-0.6
1136562,1,8,6,AR Patel,-3.666666666666667
1136562,1,12,6,AJ Tye,-1.3333333333333333
1136562,1,15,6,R Ashwin,-2.416666666666667
1136562,2,5,6,CH Morris,-3.75
1136562,2,8,6,Mohammed Shami,-1.7500000000000002
1136562,2,12,6,A Mishra,-1.4444444444444442
1136562,2,15,6,DT Christian,-2.625
1136563,1,5,6,PP Chawla,-3.0
1136563,1,8,6,SP Narine,-2.208333333333333
1136563,1,12,6,PP Chawla,-3.0416666666666665
1136563,1,15,6,AD Russell,0.08333333333333331
1136563,2,5,6,UT Yadav,-2.0
1136563,2,8,6,K Khejroliya,-0.6818181818181819
1136563,2,12,6,K Khejroliya,-0.40625
1136563,2,15,6,CR Woakes,-6.264705882352942
1136564,1,5,6,Shakib Al Hasan,-0.4999999999999999
1136564,1,8,6,B Stanlake,-2.861111111111111
1136564,1,12,6,S Kaul,-2.7083333333333335
1136564,1,15,6,Rashid Khan,-0.5833333333333334
1136564,2,5,6,B Laughlin,-0.7000000000000001
1136564,2,8,6,S Gopal,-0.20833333333333331
1136564,2,12,6,DJM Short,-0.41666666666666663
1136565,1,5,6,RA Jadeja,-3.375
1136565,1,8,6,SR Watson,-6.409090909090909
1136565,1,12,6,Imran Tahir,-0.4722222222222221
1136565,1,15,6,SN Thakur,-3.0277777777777777
1136565,2,5,6,TK Curran,-3.833333333333333
1136565,2,8,6,Kuldeep Yadav,-2.25
1136565,2,12,6,PP Chawla,-1.3888888888888888
1136565,2,15,6,SP Narine,-2.3125
1136566,1,5,6,CH Morris,-0.24999999999999994
1136566,1,8,6,S Nadeem,-3.583333333333333
1136566,1,12,6,Mohammed Shami,-0.9166666666666666
1136566,1,15,6,R Tewatia,-0.26086956521739124
1136566,2,5,6,B Laughlin,-5.583333333333333
1136567,1,5,6,S Kaul,-5.416666666666667
1136567,1,8,6,Shakib Al Hasan,-3.045454545454545
1136567,1,12,6,Rashid Khan,0.11111111111111105
1136567,1,15,6,Shakib Al Hasan,-3.0625
1136567,2,5,6,JJ Bumrah,-1.4166666666666665
1136567,2,8,6,M Markande,-5.541666666666667
1136567,2,12,6,M Markande,-10.333333333333332
1136567,2,15,6,Mustafizur Rahman,-3.1111111111111107
1136568,1,5,6,UT Yadav,-7.916666666666667
1136568,1,8,6,YS Chahal,-0.6666666666666666
1136568,1,12,6,K Khejroliya,-3.0555555555555554
1136568,1,15,6,Washington Sundar,-5.020833333333333
1136568,2,5,6,R Ashwin,-0.9583333333333335
1136568,2,8,6,AR Patel,-2.958333333333333
1136568,2,12,6,AR Patel,-2.854166666666667
1136568,2,15,6,AJ Tye,-0.3611111111111111
1136569,1,5,6,DT Christian,-2.833333333333333
1136569,1,8,6,R Tewatia,-2.7083333333333335
1136569,1,12,6,R Tewatia,-5.413043478260869
1136569,1,15,6,DT Christian,-6.361111111111111
1136569,2,5,6,Mustafizur Rahman,-2.291666666666667
1136569,2,8,6,M Markande,-1.7916666666666667
1136569,2,12,6,M Markande,-1.6944444444444444
1136569,2,15,6,KH Pandya,-5.527777777777779
1136570,1,5,6,Rashid Khan,-1.3333333333333333
1136570,1,8,6,Shakib Al Hasan,0.20833333333333337
1136570,1,12,6,Shakib Al Hasan,-4.958333333333333
1136570,1,15,6,Rashid Khan,-0.3888888888888889
1136570,2,5,6,SP Narine,-4.636363636363636
1136570,2,8,6,Kuldeep Yadav,-2.291666666666667
1136570,2,12,6,SP Narine,-4.75
1136570,2,15,6,PP Chawla,-2.6666666666666665
1136571,1,5,6,CR Woakes,-3.090909090909091
1136571,1,8,6,Washington Sundar,-0.33333333333333337
1136571,1,12,6,YS Chahal,-5.5
1136571,1,15,6,UT Yadav,-0.96875
1136571,2,5,6,BA Stokes,-1.7999999999999998
1136571,2,8,6,S Gopal,-0.4999999999999999
1136571,2,12,6,S Gopal,-5.145833333333333
1136571,2,15,6,BA Stokes,-0.6363636363636364
1136572,1,5,6,DL Chahar,-1.6470588235294117
1136572,1,8,6,SR Watson,0.08333333333333331
1136572,1,12,6,Imran Tahir,-1.2916666666666665
1136572,1,15,6,SN Thakur,-3.5
1136572,2,5,6,Mujeeb Ur Rahman,-0.5833333333333334
1136572,2,8,6,R Ashwin,-2.8
1136572,2,12,6,R Ashwin,-2.888888888888889
1136572,2,15,6,BB Sran,-2.909090909090909
1136573,1,5,6,S Nadeem,-1.3333333333333333
1136573,1,8,6,R Tewatia,-0.5416666666666666
1136573,1,12,6,Mohammed Shami,-2.333333333333333
1136573,1,15,6,CH Morris,-3.7777777777777777
1136573,2,5,6,SP Narine,-1.4166666666666665
1136573,2,8,6,Kuldeep Yadav,-3.1666666666666665
1136573,2,12,6,Kuldeep Yadav,-5.861111111111112
1136574,1,5,6,CR Woakes,-0.8333333333333333
1136574,1,8,6,YS Chahal,-0.4999999999999999
1136574,1,12,6,Mohammed Siraj,-0.23529411764705882
1136574,1,15,6,CJ Anderson,-6.027777777777778
1136574,2,5,6,Mustafizur Rahman,-1.4166666666666665
1136574,2,8,6,M Markande,0.2272727272727273
1136574,2,12,6,JJ Bumrah,-0.4999999999999999
1136574,2,15,6,Mustafizur Rahman,-1.4166666666666665
1136575,1,5,6,PP Chawla,-0.027777777777777846
1136575,1,8,6,Shivam Mavi,-3.375
1136575,1,12,6,N Rana,-5.208333333333333
1136575,1,15,6,Kuldeep Yadav,-2.6875
1136575,2,5,6,B Laughlin,-1.4166666666666665
1136575,2,8,6,S Gopal,-3.0
1136575,2,12,6,K Gowtham,-5.3125
1136575,2,15,6,B Laughlin,-0.611111111111111
1136576,1,5,6,S Kaul,-1.4166666666666665
1136576,1,8,6,DJ Hooda,-0.5909090909090909
1136576,1,12,6,CJ Jordan,-0.25
1136576,1,15,6,B Kumar,-0.027777777777777846
1136576,2,5,6,BB Sran,-2.2222222222222223
1136576,2,8,6,R Ashwin,-0.7499999999999999
1136576,2,12,6,MM Sharma,-6.388888888888888
1136576,2,15,6,Mujeeb Ur Rahman,-0.08695652173913045
1136577,1,5,6,BA Stokes,-2.125
1136577,1,8,6,K Gowtham,-0.9166666666666667
1136577,1,12,6,STR Binny,-2.3636363636363633
1136577,1,15,6,S Gopal,-7.625
1136577,2,5,6,SR Watson,0.41666666666666674
1136577,2,8,6,SR Watson,-0.18181818181818177
1136577,2,12,6,DJ Bravo,-4.909090909090909
1136577,2,15,6,SN Thakur,-5.25
1136578,1,5,6,AJ Tye,-0.6
1136578,1,8,6,R Ashwin,-2.375
1136578,1,12,6,AJ Tye,-1.0
1136578,1,15,6,AJ Tye,-3.0555555555555554
1136578,2,5,6,PP Chawla,-1.4166666666666665
1136578,2,8,6,PP Chawla,-1.3333333333333333
1136579,1,5,6,YS Chahal,-2.541666666666667
1136579,1,8,6,UT Yadav,-3.0208333333333335
1136579,1,12,6,Mohammed Siraj,-0.5833333333333334
1136579,1,15,6,YS Chahal,-5.472222222222221
1136579,2,5,6,CH Morris,-0.33333333333333315
1136579,2,8,6,HV Patel,0.08333333333333331
1136579,2,12,6,HV Patel,-3.4166666666666665
1136579,2,15,6,TA Boult,-2.833333333333333
1136580,1,5,6,S Kaul,-0.4999999999999999
1136580,1,8,6,S Kaul,-0.13636363636363646
1136580,1,12,6,Shakib Al Hasan,-0.1111111111111111
1136580,1,15,6,Rashid Khan,-3.8888888888888893
1136580,2,5,6,SR Watson,-1.3333333333333333
1136580,2,8,6,RA Jadeja,-0.20833333333333331
1136580,2,12,6,KV Sharma,-2.291666666666667
1136580,2,15,6,DJ Bravo,-1.3333333333333333
1136581,1,5,6,JD Unadkat,-0.6666666666666666
1136581,1,8,6,BA Stokes,-0.6666666666666666
1136581,1,12,6,JC Archer,-0.5416666666666666
1136581,1,15,6,JD Unadkat,-5.277777777777779
1136581,2,5,6,MJ McClenaghan,-3.0416666666666665
1136581,2,8,6,M Markande,-0.24999999999999994
1136581,2,12,6,JJ Bumrah,0.16666666666666663
1136581,2,15,6,KH Pandya,-2.7708333333333335
1136582,1,5,6,Avesh Khan,-3.305555555555556
1136582,1,8,6,DT Christian,-0.16666666666666657
1136582,1,12,6,Avesh Khan,-5.9375
1136582,1,15,6,A Mishra,-0.045454545454545525
1136582,2,5,6,AJ Tye,-2.9166666666666665
1136582,2,8,6,Mujeeb Ur Rahman,-2.166666666666667
1136582,2,12,6,BB Sran,-1.2999999999999998
1136582,2,15,6,AJ Tye,-2.7222222222222223
1136583,1,5,6,MJ McClenaghan,-7.944444444444445
1136583,1,8,6,HH Pandya,-5.558823529411765
1136583,1,12,6,KH Pandya,-0.27272727272727276
1136583,1,15,6,M Markande,-5.222222222222221
1136583,2,5,6,Shakib Al Hasan,-2.166666666666667
1136583,2,8,6,S Kaul,-0.9166666666666666
1136583,2,12,6,Shakib Al Hasan,-2.5277777777777777
1136583,2,15,6,S Kaul,-5.5
1136584,1,5,6,Harbhajan Singh,-1.2499999999999998
1136584,1,8,6,Imran Tahir,0.16666666666666663
1136584,1,12,6,SN Thakur,-3.25
1136584,1,15,6,RA Jadeja,-0.9583333333333335
1136584,2,5,6,UT Yadav,-2.9444444444444446
1136584,2,8,6,YS Chahal,-3.045454545454545
1136584,2,12,6,YS Chahal,-5.1521739130434785
1136584,2,15,6,CJ Anderson,-0.7272727272727273
1136585,1,5,6,BB Sran,-1.088235294117647
1136585,1,8,6,R Ashwin,0.25
1136585,1,12,6,AJ Tye,-0.24999999999999994
1136585,1,15,6,Mujeeb Ur Rahman,-2.270833333333333
1136585,2,5,6,S Kaul,-1.2499999999999998
1136585,2,8,6,Basil Thampi,-2.7083333333333335
1136585,2,12,6,Shakib Al Hasan,-2.291666666666667
1136585,2,15,6,Sandeep Sharma,-5.104166666666667
1136586,1,5,6,MG Johnson,-0.4999999999999999
1136586,1,8,6,MG Johnson,-0.9583333333333335
1136586,1,12,6,MG Johnson,-1.0833333333333333
1136586,1,15,6,PP Chawla,-3.2291666666666665
1136586,2,5,6,Avesh Khan,-3.0
1136586,2,8,6,V Shankar,-0.6666666666666666
1136586,2,12,6,TA Boult,-6.117647058823529
1136586,2,15,6,A Mishra,-7.666666666666667
1136587,1,5,6,HH Pandya,-0.875
1136587,1,8,6,BCJ Cutting,-1.7
1136587,1,12,6,JJ Bumrah,0.375
1136587,1,15,6,M Markande,-0.9117647058823529
1136587,2,5,6,SN Thakur,-0.4999999999999999
1136587,2,8,6,Imran Tahir,-0.41666666666666663
1136587,2,12,6,DJ Bravo,-0.5833333333333334
1136587,2,15,6,SN Thakur,-0.2777777777777778
1136588,1,5,6,JD Unadkat,0.16666666666666663
1136588,1,8,6,IS Sodhi,-0.7083333333333333
1136588,1,12,6,JC Archer,-0.5416666666666666
1136588,1,15,6,K Gowtham,-4.791666666666666
1136588,2,5,6,S Kaul,-0.5833333333333334
1136588,2,8,6,Shakib Al Hasan,-0.4444444444444444
1136588,2,12,6,YK Pathan,-2.7916666666666665
1136588,2,15,6,Rashid Khan,-2.6944444444444446
1136589,1,5,6,Shivam Mavi,0.25
1136589,1,8,6,Kuldeep Yadav,-2.7083333333333335
1136589,1,12,6,Kuldeep Yadav,-2.4583333333333335
1136589,1,15,6,Shivam Mavi,-0.4999999999999999
1136589,2,5,6,YS Chahal,-0.45833333333333315
1136589,2,8,6,Mohammed Siraj,-0.6363636363636364
1136589,2,12,6,M Ashwin,-5.882352941176471
1136589,2,15,6,M Ashwin,-5.770833333333333
1136590,1,5,6,Avesh Khan,-0.41666666666666663
1136590,1,8,6,R Tewatia,-1.0416666666666667
1136590,1,12,6,V Shankar,-3.1363636363636367
1136590,1,15,6,A Mishra,-2.7916666666666665
1136590,2,5,6,SR Watson,-1.4166666666666665
1136590,2,8,6,RA Jadeja,-5.208333333333333
1136590,2,12,6,RA Jadeja,-5.4565217391304355
1136590,2,15,6,KM Asif,-6.861111111111112
1136591,1,5,6,KH Pandya,0.25
1136591,1,8,6,M Markande,-3.0416666666666665
1136591,1,12,6,KH Pandya,-0.14583333333333331
1136591,1,15,6,HH Pandya,-1.3333333333333333
1136591,2,5,6,UT Yadav,-5.722222222222222
1136591,2,8,6,YS Chahal,-0.041666666666666796
1136591,2,12,6,YS Chahal,0.10869565217391314
1136591,2,15,6,C de Grandhomme,-3.0555555555555554
1136592,1,5,6,S Gopal,-1.3333333333333333
1136592,1,8,6,BA Stokes,0.18181818181818188
1136592,1,12,6,DS Kulkarni,-3.34375
1136592,1,15,6,JC Archer,-1.1176470588235294
1136592,2,5,6,Avesh Khan,-2.166666666666667
1136592,2,8,6,TA Boult,-3.181818181818182
1136593,1,5,6,PP Chawla,-3.708333333333333
1136593,1,8,6,Shivam Mavi,-0.20833333333333331
1136593,1,12,6,MG Johnson,-1.3888888888888888
1136593,1,15,6,Shivam Mavi,-0.3529411764705882
1136593,2,5,6,SR Watson,-1.2499999999999998
1136593,2,8,6,RA Jadeja,-2.7272727272727275
1136593,2,12,6,DJ Bravo,-0.6
1136593,2,15,6,RA Jadeja,-2.916666666666667
1136594,1,5,6,MJ McClenaghan,-0.5294117647058825
1136594,1,8,6,M Markande,-3.5
1136594,1,12,6,KH Pandya,-3.1666666666666665
1136594,1,15,6,MJ McClenaghan,-3.0
1136594,2,5,6,Mujeeb Ur Rahman,-2.1000000000000005
1136594,2,8,6,MP Stoinis,-0.4999999999999999
1136594,2,12,6,Mujeeb Ur Rahman,-5.5
1136594,2,15,6,AJ Tye,-3.1176470588235294
1136595,1,5,6,L Ngidi,-3.194444444444444
1136595,1,8,6,RA Jadeja,-2.291666666666667
1136595,1,12,6,RA Jadeja,-7.333333333333334
1136595,1,15,6,L Ngidi,-5.4375
1136595,2,5,6,TG Southee,-1.0833333333333333
1136595,2,8,6,UT Yadav,-5.138888888888889
1136595,2,12,6,C de Grandhomme,-2.5833333333333335
1136595,2,15,6,M Ashwin,-2.666666666666667
1136596,1,5,6,S Kaul,-2.9999999999999996
1136596,1,8,6,Shakib Al Hasan,-0.6666666666666666
1136596,1,12,6,Rashid Khan,-2.861111111111111
1136596,1,15,6,S Kaul,-3.3823529411764706
1136596,2,5,6,Avesh Khan,-1.909090909090909
1136596,2,8,6,A Mishra,-2.7083333333333335
1136596,2,12,6,A Mishra,-5.0
1136596,2,15,6,Avesh Khan,-1.6111111111111112
1136597,1,5,6,PP Chawla,-2.0
1136597,1,8,6,Kuldeep Yadav,-0.5833333333333334
1136597,1,12,6,PP Chawla,-1.3333333333333333
1136597,1,15,6,M Prasidh Krishna,-0.8611111111111112
1136597,2,5,6,HH Pandya,-2.5454545454545454
1136597,2,8,6,KH Pandya,-0.9583333333333335
1136597,2,12,6,M Markande,-3.375
1136597,2,15,6,M Markande,-3.25
1136598,1,5,6,AR Patel,-2.25
1136598,1,8,6,AJ Tye,-0.6666666666666666
1136598,1,12,6,Mujeeb Ur Rahman,-3.1388888888888893
1136598,1,15,6,AS Rajpoot,-4.25
1136598,2,5,6,JD Unadkat,0.41666666666666674
1136598,2,8,6,Anureet Singh,-0.5833333333333334
1136598,2,12,6,K Gowtham,-2.9444444444444446
1136598,2,15,6,BA Stokes,-2.888888888888889
1136599,1,5,6,Mohammed Siraj,-2.166666666666667
1136599,1,8,6,YS Chahal,-2.25
1136599,1,12,6,Mohammed Siraj,-2.181818181818182
1136599,1,15,6,UT Yadav,-3.2708333333333335
1136599,2,5,6,S Kaul,-0.6666666666666666
1136599,2,8,6,Rashid Khan,-0.2272727272727273
1136599,2,12,6,Sandeep Sharma,-2.25
1136599,2,15,6,S Kaul,-2.833333333333333
1136600,1,5,6,AJ Tye,-3.0833333333333335
1136600,1,8,6,AR Patel,-0.5416666666666666
1136600,1,12,6,Mujeeb Ur Rahman,-0.24999999999999994
1136600,1,15,6,R Ashwin,-0.47916666666666674
1136600,2,5,6,BA Stokes,-1.1666666666666667
1136600,2,8,6,IS Sodhi,-2.125
1136600,2,12,6,K Gowtham,-4.972222222222222
1136600,2,15,6,JD Unadkat,0.125
1136601,1,5,6,PP Chawla,-3.833333333333333
1136601,1,8,6,PP Chawla,-5.5
1136601,1,12,6,M Prasidh Krishna,-1.0833333333333333
1136601,1,15,6,TK Curran,-0.6818181818181819
1136601,2,5,6,HH Pandya,-1.1666666666666667
1136601,2,8,6,M Markande,-3.125
1136601,2,12,6,JJ Bumrah,-2.7222222222222223
1136601,2,15,6,M Markande,-3.0833333333333335
1136602,1,5,6,S Kaul,-2.166666666666667
1136602,1,8,6,Shakib Al Hasan,-5.055555555555555
1136602,1,12,6,Sandeep Sharma,-2.833333333333333
1136602,1,15,6,S Kaul,-1.4166666666666665
1136602,2,5,6,TA Boult,-0.9166666666666666
1136602,2,8,6,A Mishra,-0.6249999999999999
1136602,2,12,6,S Nadeem,-0.6666666666666666
1136602,2,15,6,LE Plunkett,-0.9166666666666667
1136603,1,5,6,JD Unadkat,0.19999999999999996
1136603,1,8,6,IS Sodhi,-0.6666666666666666
1136603,1,12,6,IS Sodhi,-2.916666666666667
1136603,1,15,6,JD Unadkat,-0.055555555555555525
1136603,2,5,6,SN Thakur,0.3999999999999999
1136603,2,8,6,SN Thakur,-0.041666666666666796
1136603,2,12,6,SN Thakur,-2.666666666666667
1136603,2,15,6,SR Watson,-0.7499999999999999
1136604,1,5,6,AJ Tye,-3.833333333333333
1136604,1,8,6,AR Patel,-1.0833333333333335
1136604,1,12,6,AR Patel,-1.1666666666666667
1136604,1,15,6,Mujeeb Ur Rahman,-1.1428571428571428
1136604,2,5,6,AD Russell,-5.5
1136604,2,8,6,SP Narine,-3.875
1136604,2,12,6,PP Chawla,0.0
1136604,2,15,6,JPR Scantlebury-Searles,-3.58695652173913
1136605,1,5,6,TG Southee,-0.12499999999999994
1136605,1,8,6,MM Ali,0.20833333333333337
1136605,1,12,6,MM Ali,-0.21739130434782608
1136605,1,15,6,Mohammed Siraj,-3.375
1136605,2,5,6,TA Boult,-3.5
1136605,2,8,6,CJ Dala,-1.3749999999999998
1136605,2,12,6,HV Patel,-1.3611111111111112
1136605,2,15,6,A Mishra,-2.916666666666667
1136606,1,5,6,DL Chahar,-2.1176470588235294
1136606,1,8,6,SR Watson,0.33333333333333326
1136606,1,12,6,RA Jadeja,-1.0416666666666667
1136606,1,15,6,DJ Bravo,-3.875
1136606,2,5,6,Shakib Al Hasan,-1.3333333333333333
1136606,2,8,6,Rashid Khan,-0.5416666666666666
1136606,2,12,6,B Kumar,-0.8055555555555556
1136606,2,15,6,Shakib Al Hasan,-3.520833333333333
1136607,1,5,6,DS Kulkarni,-1.0555555555555556
1136607,1,8,6,S Gopal,-0.6666666666666666
1136607,1,12,6,BA Stokes,-0.16666666666666657
1136607,1,15,6,JC Archer,-4.694444444444445
1136607,2,5,6,HH Pandya,-0.4999999999999999
1136607,2,8,6,KH Pandya,-0.3611111111111111
1136607,2,12,6,MJ McClenaghan,-0.4722222222222221
1136607,2,15,6,M Markande,-0.9444444444444445
1136608,1,5,6,Mohammed Siraj,-3.0
1136608,1,8,6,C de Grandhomme,-2.1999999999999997
1136608,1,12,6,UT Yadav,-7.75
1136608,2,5,6,AJ Tye,-0.7777777777777778
1136609,1,5,6,SP Narine,-0.8333333333333333
1136609,1,8,6,M Prasidh Krishna,-1.7083333333333335
1136609,1,12,6,Shivam Mavi,-3.805555555555556
1136609,1,15,6,SP Narine,-3.1875
1136609,2,5,6,BA Stokes,-4.970588235294118
1136609,2,8,6,IS Sodhi,-2.6666666666666665
1136609,2,12,6,Anureet Singh,-0.7499999999999999
1136609,2,15,6,BA Stokes,-7.395833333333333
1136610,1,5,6,AJ Tye,-7.166666666666666
1136610,1,8,6,AS Rajpoot,-3.5
1136610,1,12,6,AR Patel,-0.19444444444444445
1136610,1,15,6,R Ashwin,-2.333333333333333
1136610,2,5,6,KH Pandya,-1.4166666666666665
1136610,2,8,6,M Markande,-0.40909090909090917
1136610,2,12,6,MJ McClenaghan,-3.3333333333333335
1136610,2,15,6,M Markande,-0.7499999999999999
1136611,1,5,6,S Kaul,-0.41666666666666663
1136611,1,8,6,Shakib Al Hasan,-0.611111111111111
1136611,1,12,6,Basil Thampi,-2.454545454545454
1136611,1,15,6,Basil Thampi,-1.9444444444444444
1136611,2,5,6,YS Chahal,-3.0416666666666665
1136611,2,8,6,TG Southee,-1.3333333333333333
1136611,2,12,6,C de Grandhomme,-0.7499999999999999
1136611,2,15,6,YS Chahal,-2.8913043478260865
1136612,1,5,6,SN Thakur,-0.41666666666666663
1136612,1,8,6,DJ Bravo,0.30000000000000004
1136612,1,12,6,DJ Bravo,-0.2272727272727273
1136612,1,15,6,L Ngidi,-4.71875
1136612,2,5,6,Avesh Khan,-1.6666666666666667
1136612,2,8,6,A Mishra,-3.0
1136612,2,12,6,A Mishra,-2.7777777777777777
1136612,2,15,6,S Lamichhane,-2.4791666666666665
1136613,1,5,6,YS Chahal,-0.45833333333333315
1136613,1,8,6,UT Yadav,-3.2777777777777777
1136613,1,12,6,YS Chahal,-0.4999999999999999
1136613,1,15,6,Mohammed Siraj,-0.3611111111111111
1136613,2,5,6,JD Unadkat,-1.3333333333333333
1136613,2,8,6,S Gopal,-4.875
1136613,2,12,6,S Gopal,-9.791666666666668
1136613,2,15,6,B Laughlin,-5.875
1136614,1,5,6,SP Narine,-0.18181818181818177
1136614,1,8,6,Kuldeep Yadav,-3.5
1136614,1,12,6,JPR Scantlebury-Searles,-3.1666666666666665
1136614,1,15,6,M Prasidh Krishna,-3.1363636363636367
1136614,2,5,6,S Kaul,-0.8333333333333333
1136614,2,8,6,Rashid Khan,0.125
1136614,2,12,6,Rashid Khan,0.1111111111111111
1136614,2,15,6,Rashid Khan,-0.2916666666666667
1136615,1,5,6,Mustafizur Rahman,-2.625
1136615,1,8,6,M Markande,-3.541666666666667
1136615,1,12,6,BCJ Cutting,-0.3888888888888889
1136615,1,15,6,HH Pandya,-0.7708333333333334
1136615,2,5,6,LE Plunkett,0.125
1136615,2,8,6,A Mishra,-5.083333333333333
1136615,2,12,6,TA Boult,-0.5909090909090909
1136615,2,15,6,S Lamichhane,-8.26086956521739
1136616,1,5,6,L Ngidi,-4.666666666666666
1136616,1,8,6,SN Thakur,-0.6
1136616,1,12,6,DJ Bravo,-2.6666666666666665
1136616,1,15,6,RA Jadeja,-2.861111111111111
1136616,2,5,6,MM Sharma,-2.958333333333333
1136616,2,8,6,AJ Tye,-0.7000000000000001
1136616,2,12,6,R Ashwin,-2.333333333333333
1136616,2,15,6,AR Patel,-0.22916666666666657
1136617,1,5,6,DL Chahar,-3.5555555555555554
1136617,1,8,6,DJ Bravo,-2.2727272727272725
1136617,1,12,6,SN Thakur,-3.0
1136617,1,15,6,L Ngidi,-2.7777777777777777
1136617,2,5,6,S Kaul,-5.458333333333333
1136617,2,8,6,CR Brathwaite,-0.08333333333333331
1136617,2,12,6,Sandeep Sharma,-3.458333333333333
1136617,2,15,6,Rashid Khan,-4.708333333333334
1136618,1,5,6,JD Unadkat,-2.166666666666667
1136618,1,8,6,IS Sodhi,0.25
1136618,1,12,6,IS Sodhi,0.19444444444444442
1136618,1,15,6,IS Sodhi,0.22916666666666663
1136618,2,5,6,PP Chawla,-2.6666666666666665
1136618,2,8,6,Kuldeep Yadav,-0.4999999999999999
1136618,2,12,6,AD Russell,-0.20833333333333331
1136618,2,15,6,SP Narine,-0.7500000000000001
1136619,1,5,6,SP Narine,0.08333333333333331
1136619,1,8,6,M Prasidh Krishna,-0.5833333333333334
1136619,1,12,6,PP Chawla,-3.2777777777777777
1136619,1,15,6,Kuldeep Yadav,-7.916666666666666
1136619,2,5,6,S Kaul,-3.0833333333333335
1136619,2,8,6,Shakib Al Hasan,-3.0833333333333335
1136619,2,12,6,Rashid Khan,-5.305555555555555
1136619,2,15,6,KK Ahmed,-1.1176470588235294
1136620,1,5,6,SN Thakur,-0.8
1136620,1,8,6,RA Jadeja,-3.1666666666666665
1136620,1,12,6,KV Sharma,-3.0833333333333335
1136620,1,15,6,DJ Bravo,-3.6111111111111107
1136620,2,5,6,Sandeep Sharma,-3.323529411764706
1136620,2,8,6,S Kaul,-1.8333333333333335
1136620,2,12,6,Sandeep Sharma,-3.8695652173913038
1136620,2,15,6,B Kumar,-0.041666666666666796
1175356,1,5,6,Harbhajan Singh,-5.027777777777778
1175356,1,8,6,SK Raina,0.08333333333333331
1175356,1,12,6,RA Jadeja,-2.25
1175356,1,15,6,Imran Tahir,-7.3125
1175356,2,5,6,MM Ali,0.375
1175356,2,8,6,UT Yadav,0.25
1175356,2,12,6,YS Chahal,-2.125
1175356,2,15,6,UT Yadav,-0.02941176470588236
1175357,1,5,6,SP Narine,-1.4166666666666665
1175357,1,8,6,AD Russell,-1.4166666666666665
1175357,1,12,6,PP Chawla,-3.2222222222222223
1175357,1,15,6,AD Russell,-3.541666666666667
1175357,2,5,6,Shakib Al Hasan,-2.958333333333333
1175357,2,8,6,Sandeep Sharma,-1.3333333333333333
1175357,2,12,6,Sandeep Sharma,-3.6764705882352944
1175357,2,15,6,Rashid Khan,-3.0416666666666665
1175358,1,5,6,HH Pandya,-0.7499999999999999
1175358,1,8,6,KH Pandya,-0.6666666666666666
1175358,1,12,6,BCJ Cutting,-3.833333333333333
1175358,1,15,6,HH Pandya,-3.3043478260869565
1175358,2,5,6,I Sharma,-8.194444444444443
1175358,2,8,6,KMA Paul,-0.7000000000000001
1175358,2,12,6,KMA Paul,-3.058823529411765
1175358,2,15,6,AR Patel,-3.944444444444444
1175359,1,5,6,JC Archer,0.41666666666666674
1175359,1,8,6,K Gowtham,-2.7647058823529416
1175359,1,12,6,K Gowtham,-3.0416666666666665
1175359,1,15,6,BA Stokes,-3.647058823529412
1175359,2,5,6,SM Curran,-2.4583333333333335
1175359,2,8,6,R Ashwin,-2.458333333333333
1175359,2,12,6,R Ashwin,-4.875
1175359,2,15,6,Mohammed Shami,-0.8333333333333334
1175360,1,5,6,Harbhajan Singh,-0.875
1175360,1,8,6,RA Jadeja,0.25
1175360,1,12,6,RA Jadeja,-0.08333333333333331
1175360,1,15,6,DJ Bravo,-6.090909090909091
1175360,2,5,6,K Rabada,-0.875
1175360,2,8,6,A Mishra,-3.0416666666666665
1175360,2,12,6,AR Patel,-0.4999999999999999
1175360,2,15,6,K Rabada,-0.5555555555555556
1175361,1,5,6,R Ashwin,-0.5833333333333334
1175361,1,8,6,AJ Tye,0.25
1175361,1,12,6,Mandeep Singh,-2.166666666666667
1175361,1,15,6,GC Viljoen,-3.2083333333333335
1175361,2,5,6,M Prasidh Krishna,-1.2777777777777777
1175361,2,8,6,Kuldeep Yadav,-0.27272727272727276
1175361,2,12,6,PP Chawla,-0.4999999999999999
1175361,2,15,6,PP Chawla,-2.6666666666666665
1175362,1,5,6,Navdeep Saini,-0.9722222222222222
1175362,1,8,6,YS Chahal,-2.7083333333333335
1175362,1,12,6,MM Ali,-1.4166666666666665
1175362,1,15,6,YS Chahal,-8.152173913043478
1175362,2,5,6,KH Pandya,-1.3333333333333333
1175362,2,8,6,M Markande,-2.6666666666666665
1175362,2,12,6,KH Pandya,-0.2708333333333333
1175362,2,15,6,SL Malinga,-0.6764705882352942
1175363,1,5,6,S Kaul,0.16666666666666663
1175363,1,8,6,Rashid Khan,-3.0416666666666665
1175363,1,12,6,Rashid Khan,-2.805555555555556
1175363,1,15,6,S Nadeem,-3.4444444444444446
1175363,2,5,6,JC Archer,-0.9166666666666666
1175363,2,8,6,S Gopal,-0.6666666666666666
1175363,2,12,6,JD Unadkat,0.08333333333333331
1175363,2,15,6,S Gopal,-7.708333333333333
1175364,1,5,6,GC Viljoen,-3.125
1175364,1,8,6,M Ashwin,-2.958333333333333
1175364,1,12,6,Mohammed Shami,-1.0
1175364,1,15,6,AJ Tye,-1.1666666666666667
1175364,2,5,6,JJ Bumrah,-5.551115123125783e-17
1175364,2,8,6,M Markande,-0.8
1175364,2,12,6,HH Pandya,-0.5833333333333334
1175364,2,15,6,SL Malinga,-0.6176470588235294
1175365,1,5,6,HV Patel,-3.0
1175365,1,8,6,A Mishra,-0.4999999999999999
1175365,1,12,6,A Mishra,-0.5277777777777777
1175365,1,15,6,HV Patel,-5.630434782608695
1175365,2,5,6,AD Russell,-0.4999999999999999
1175365,2,8,6,PP Chawla,-3.1666666666666665
1175365,2,12,6,N Rana,-0.5833333333333334
1175365,2,15,6,LH Ferguson,-1.0833333333333333
1175366,1,5,6,Mohammed Siraj,-1.2916666666666665
1175366,1,8,6,P Ray Barman,-1.0833333333333335
1175366,1,12,6,P Ray Barman,-0.9444444444444445
1175366,1,15,6,P Ray Barman,-1.2708333333333335
1175366,2,5,6,Mohammad Nabi,-7.444444444444445
1175366,2,8,6,S Kaul,0.19999999999999996
1175366,2,12,6,B Kumar,-0.8055555555555556
1175366,2,15,6,Sandeep Sharma,-7.694444444444445
1175367,1,5,6,JC Archer,-2.083333333333333
1175367,1,8,6,S Gopal,-0.16666666666666657
1175367,1,12,6,BA Stokes,-3.416666666666667
1175367,1,15,6,JD Unadkat,-3.1470588235294117
1175367,2,5,6,MJ Santner,-2.5
1175367,2,8,6,MJ Santner,-1.3749999999999998
1175367,2,12,6,DJ Bravo,0.15000000000000002
1175367,2,15,6,Imran Tahir,-5.020833333333333
1175368,1,5,6,CH Morris,-3.75
1175368,1,8,6,Avesh Khan,-1.6666666666666667
1175368,1,12,6,HV Patel,-3.0833333333333335
1175368,1,15,6,HV Patel,-3.0833333333333335
1175368,2,5,6,Mohammed Shami,-0.6249999999999999
1175368,2,8,6,Mujeeb Ur Rahman,-0.6666666666666666
1175368,2,12,6,GC Viljoen,-3.2222222222222223
1175368,2,15,6,R Ashwin,-5.395833333333334
1175369,1,5,6,K Gowtham,-0.08333333333333331
1175369,1,8,6,S Gopal,-5.0
1175369,1,12,6,BA Stokes,-1.3333333333333333
1175369,1,15,6,DS Kulkarni,-0.8055555555555556
1175369,2,5,6,Navdeep Saini,-1.222222222222222
1175369,2,8,6,MP Stoinis,-1.4166666666666665
1175369,2,12,6,YS Chahal,-4.764705882352941
1175369,2,15,6,YS Chahal,-4.770833333333334
1175370,1,5,6,MM Sharma,0.41666666666666674
1175370,1,8,6,Imran Tahir,-2.25
1175370,1,12,6,DJ Bravo,0.16666666666666663
1175370,1,15,6,DJ Bravo,-0.2916666666666667
1175370,2,5,6,HH Pandya,0.41666666666666674
1175370,2,8,6,JP Behrendorff,-5.25
1175370,2,12,6,JJ Bumrah,-0.875
1175370,2,15,6,SL Malinga,-3.5
1175371,1,5,6,Mohammad Nabi,-2.6388888888888893
1175371,1,8,6,Sandeep Sharma,0.08333333333333331
1175371,1,12,6,Sandeep Sharma,-2.805555555555556
1175371,1,15,6,B Kumar,-2.7222222222222223
1175371,2,5,6,K Rabada,-2.166666666666667
1175371,2,8,6,S Lamichhane,-0.5277777777777777
1175371,2,12,6,I Sharma,0.09999999999999998
1175371,2,15,6,S Lamichhane,-3.0416666666666665
1175372,1,5,6,SP Narine,-0.24999999999999994
1175372,1,8,6,PP Chawla,-0.1388888888888889
1175372,1,12,6,SP Narine,-0.6388888888888888
1175372,1,15,6,M Prasidh Krishna,-1.7083333333333335
1175372,2,5,6,YS Chahal,-0.4999999999999999
1175372,2,8,6,Mohammed Siraj,-1.5
1175372,2,12,6,Navdeep Saini,-2.9722222222222223
1175372,2,15,6,YS Chahal,-2.5208333333333335
1178393,1,5,6,SM Curran,-0.16666666666666657
1178393,1,8,6,M Ashwin,0.29166666666666674
1178393,1,12,6,M Ashwin,-0.02173913043478254
1178393,1,15,6,AJ Tye,-0.8055555555555556
1178393,2,5,6,SC Kuggeleijn,-0.6666666666666666
1178393,2,8,6,RA Jadeja,-0.6249999999999999
1178393,2,12,6,RA Jadeja,-0.22916666666666657
1178393,2,15,6,Harbhajan Singh,-4.791666666666666
1178394,1,5,6,Mohammad Nabi,-2.208333333333333
1178394,1,8,6,S Kaul,-3.0
1178394,1,12,6,Rashid Khan,-2.5833333333333335
1178394,1,15,6,Sandeep Sharma,-2.823529411764706
1178394,2,5,6,RD Chahar,-2.9166666666666665
1178394,2,8,6,HH Pandya,0.0
1178394,2,12,6,JP Behrendorff,-3.0208333333333335
1178394,2,15,6,AS Joseph,-7.125
1178395,1,5,6,K Rabada,0.19999999999999996
1178395,1,8,6,AR Patel,0.16666666666666663
1178395,1,12,6,AR Patel,-2.5208333333333335
1178395,1,15,6,CH Morris,-3.0555555555555554
1178395,2,5,6,YS Chahal,-0.08333333333333331
1178395,2,8,6,P Negi,-3.0416666666666665
1178395,2,12,6,YS Chahal,-0.2647058823529413
1178395,2,15,6,MM Ali,-2.6666666666666665
1178396,1,5,6,SP Narine,0.33333333333333326
1178396,1,8,6,Kuldeep Yadav,-0.6249999999999999
1178396,1,12,6,PP Chawla,-0.10416666666666669
1178396,1,15,6,HF Gurney,-5.055555555555555
1178396,2,5,6,DS Kulkarni,-1.411764705882353
1178396,2,8,6,S Gopal,-2.5833333333333335
1178396,2,12,6,S Gopal,-5.5625
1178397,1,5,6,Mohammed Shami,0.375
1178397,1,8,6,R Ashwin,0.20833333333333337
1178397,1,12,6,Mujeeb Ur Rahman,-2.7777777777777777
1178397,1,15,6,Mujeeb Ur Rahman,-2.895833333333333
1178397,2,5,6,Mohammad Nabi,-0.4999999999999999
1178397,2,8,6,S Kaul,-0.5833333333333334
1178397,2,12,6,Mohammad Nabi,-1.0833333333333333
1178397,2,15,6,B Kumar,-0.14583333333333331
1178398,1,5,6,RA Jadeja,-0.4999999999999999
1178398,1,8,6,Imran Tahir,-3.0
1178398,1,12,6,Imran Tahir,-5.194444444444445
1178398,1,15,6,Harbhajan Singh,-7.375
1178398,2,5,6,M Prasidh Krishna,-0.23529411764705882
1178398,2,8,6,Kuldeep Yadav,0.25
1178398,2,12,6,PP Chawla,-0.2777777777777778
1178398,2,15,6,M Prasidh Krishna,-0.12499999999999994
1178399,1,5,6,JJ Bumrah,-0.16666666666666657
1178399,1,8,6,HH Pandya,-3.375
1178399,1,12,6,JP Behrendorff,-3.2291666666666665
1178399,1,15,6,KH Pandya,-0.2916666666666667
1178399,2,5,6,GC Viljoen,-0.7499999999999999
1178399,2,8,6,R Ashwin,-2.25
1178399,2,12,6,GC Viljoen,-0.38235294117647056
1178399,2,15,6,Mohammed Shami,-7.1875
1178400,1,5,6,MJ Santner,-2.9166666666666665
1178400,1,8,6,RA Jadeja,-2.6666666666666665
1178400,1,12,6,MJ Santner,-2.6458333333333335
1178400,1,15,6,Imran Tahir,-0.4375
1178400,2,5,6,JC Archer,-2.0
1178400,2,8,6,R Parag,0.20833333333333337
1178400,2,12,6,S Gopal,-0.4444444444444444
1178400,2,15,6,S Gopal,-0.31249999999999994
1178401,1,5,6,AR Patel,0.41666666666666674
1178401,1,8,6,K Rabada,-3.333333333333333
1178401,1,12,6,CH Morris,-3.5454545454545454
1178401,1,15,6,K Rabada,-6.0
1178401,2,5,6,AD Russell,-3.375
1178401,2,8,6,Kuldeep Yadav,0.16666666666666663
1178401,2,12,6,LH Ferguson,-1.4411764705882355
1178401,2,15,6,Kuldeep Yadav,-0.24999999999999994
1178402,1,5,6,JD Unadkat,0.16666666666666663
1178402,1,8,6,S Gopal,0.25
1178402,1,12,6,S Gopal,-0.08333333333333331
1178402,1,15,6,JD Unadkat,-0.16666666666666669
1178402,2,5,6,JJ Bumrah,-1.3333333333333333
1178402,2,8,6,KH Pandya,-3.125
1178402,2,12,6,AS Joseph,-2.611111111111111
1178402,2,15,6,KH Pandya,-3.361111111111111
1178403,1,5,6,Mohammed Siraj,-3.666666666666667
1178403,1,8,6,YS Chahal,-5.5
1178403,1,12,6,Mohammed Siraj,-4.583333333333333
1178403,1,15,6,Navdeep Saini,-0.2222222222222222
1178403,2,5,6,M Ashwin,-1.2499999999999998
1178403,2,8,6,R Ashwin,-2.8333333333333335
1178403,2,12,6,SM Curran,-1.1388888888888888
1178403,2,15,6,Mohammed Shami,-3.638888888888889
1178404,1,5,6,RA Jadeja,-1.4166666666666665
1178404,1,8,6,Imran Tahir,0.16666666666666663
1178404,1,12,6,MJ Santner,-2.5588235294117645
1178404,1,15,6,MJ Santner,-2.7083333333333335
1178404,2,5,6,SP Narine,-2.0
1178404,2,8,6,Kuldeep Yadav,0.16666666666666663
1178404,2,12,6,Kuldeep Yadav,-0.611111111111111
1178404,2,15,6,SP Narine,-4.944444444444445
1178405,1,5,6,KK Ahmed,-5.722222222222222
1178405,1,8,6,V Shankar,-0.6666666666666666
1178405,1,12,6,Sandeep Sharma,-0.875
1178405,1,15,6,B Kumar,-2.75
1178405,2,5,6,K Rabada,-0.5416666666666666
1178405,2,8,6,AR Patel,-1.0416666666666667
1178405,2,12,6,A Mishra,0.25
1178405,2,15,6,KMA Paul,-7.291666666666666
1178406,1,5,6,JJ Bumrah,0.08333333333333326
1178406,1,8,6,HH Pandya,-2.7083333333333335
1178406,1,12,6,SL Malinga,-0.3333333333333333
1178406,1,15,6,JP Behrendorff,-3.979166666666667
1178406,2,5,6,Navdeep Saini,-1.0
1178406,2,8,6,P Negi,-0.5416666666666666
1178406,2,12,6,YS Chahal,-3.2222222222222223
1178406,2,15,6,YS Chahal,-5.479166666666667
1178407,1,5,6,JC Archer,-2.125
1178407,1,8,6,IS Sodhi,-2.75
1178407,1,12,6,S Gopal,-0.6944444444444444
1178407,1,15,6,S Gopal,-0.4583333333333333
1178407,2,5,6,Mujeeb Ur Rahman,-0.055555555555555525
1178407,2,8,6,Mohammed Shami,-1.4166666666666665
1178407,2,12,6,Mohammed Shami,-1.4166666666666665
1178407,2,15,6,R Ashwin,-2.391304347826087
1178408,1,5,6,KK Ahmed,-0.4722222222222221
1178408,1,8,6,Sandeep Sharma,-0.7083333333333333
1178408,1,12,6,V Shankar,-2.6666666666666665
1178408,1,15,6,Sandeep Sharma,-0.38235294117647056
1178408,2,5,6,DL Chahar,-3.6111111111111107
1178408,2,8,6,Imran Tahir,-3.0277777777777777
1178408,2,12,6,Imran Tahir,-5.291666666666666
1178408,2,15,6,SN Thakur,-1.0
1178409,1,5,6,KMA Paul,-1.6
1178409,1,8,6,A Mishra,-2.625
1178409,1,12,6,KMA Paul,-0.5833333333333334
1178409,1,15,6,K Rabada,-3.0833333333333335
1178409,2,5,6,J Yadav,-0.5416666666666666
1178409,2,8,6,RD Chahar,-5.222222222222221
1178409,2,12,6,KH Pandya,-2.25
1178409,2,15,6,JJ Bumrah,-2.5277777777777777
1178410,1,5,6,M Prasidh Krishna,-1.3333333333333333
1178410,1,8,6,AD Russell,-2.291666666666667
1178410,1,12,6,SP Narine,-2.888888888888889
1178410,1,15,6,Kuldeep Yadav,-1.8478260869565217
1178410,2,5,6,Mohammed Siraj,-0.33333333333333315
1178410,2,8,6,MP Stoinis,0.33333333333333326
1178410,2,12,6,YS Chahal,-1.5
1178410,2,15,6,Navdeep Saini,-3.1875
1178411,1,5,6,JD Unadkat,0.3999999999999999
1178411,1,8,6,R Parag,-0.2916666666666667
1178411,1,12,6,S Gopal,-2.6388888888888893
1178411,1,15,6,JC Archer,-0.041666666666666796
1178411,2,5,6,SL Malinga,-0.5416666666666666
1178411,2,8,6,M Markande,-1.3333333333333333
1178411,2,12,6,JJ Bumrah,0.20833333333333337
1178411,2,15,6,SL Malinga,-0.5833333333333334
1178412,1,5,6,I Sharma,-0.4722222222222221
1178412,1,8,6,A Mishra,-1.125
1178412,1,12,6,S Lamichhane,-8.972222222222221
1178412,1,15,6,A Mishra,-0.7083333333333333
1178412,2,5,6,R Ashwin,-0.5833333333333334
1178412,2,8,6,R Ashwin,-0.6363636363636364
1178412,2,12,6,R Ashwin,-0.6470588235294118
1178412,2,15,6,GC Viljoen,-8.147058823529413
1178413,1,5,6,Sandeep Sharma,-0.24999999999999994
1178413,1,8,6,S Nadeem,-3.0833333333333335
1178413,1,12,6,Rashid Khan,0.20833333333333337
1178413,1,15,6,Sandeep Sharma,-3.125
1178413,2,5,6,KC Cariappa,-2.7
1178413,2,8,6,KC Cariappa,-1.8333333333333335
1178413,2,12,6,Y Prithvi Raj,-3.1470588235294117
1178414,1,5,6,SN Thakur,-1.0833333333333333
1178414,1,8,6,RA Jadeja,-2.625
1178414,1,12,6,RA Jadeja,-5.208333333333333
1178414,1,15,6,DJ Bravo,-3.1111111111111107
1178414,2,5,6,UT Yadav,-5.375
1178414,2,8,6,MP Stoinis,-0.4999999999999999
1178414,2,12,6,UT Yadav,-5.722222222222222
1178414,2,15,6,YS Chahal,-2.5416666666666665
1178415,1,5,6,K Rabada,-3.416666666666667
1178415,1,8,6,A Mishra,-0.2916666666666667
1178415,1,12,6,CH Morris,-1.4166666666666665
1178415,1,15,6,CH Morris,-3.638888888888889
1178415,2,5,6,DS Kulkarni,-1.7500000000000002
1178415,2,8,6,R Parag,-2.75
1178415,2,12,6,JD Unadkat,-0.9583333333333335
1178415,2,15,6,JC Archer,-0.33333333333333337
1178416,1,5,6,Harbhajan Singh,-3.5277777777777777
1178416,1,8,6,RA Jadeja,-0.7083333333333333
1178416,1,12,6,RA Jadeja,-0.6944444444444444
1178416,1,15,6,RA Jadeja,-0.4583333333333333
1178416,2,5,6,Sandeep Sharma,-3.666666666666667
1178416,2,8,6,Sandeep Sharma,-1.7500000000000002
1178416,2,12,6,Shakib Al Hasan,-0.22916666666666657
1178416,2,15,6,Rashid Khan,-3.666666666666667
1178417,1,5,6,Mohammed Shami,-4.055555555555555
1178417,1,8,6,GC Viljoen,-2.333333333333333
1178417,1,12,6,GC Viljoen,-2.291666666666667
1178417,1,15,6,M Ashwin,-2.916666666666667
1178417,2,5,6,YS Chahal,-1.3333333333333333
1178417,2,8,6,YS Chahal,-1.4166666666666665
1178417,2,12,6,MM Ali,-2.375
1178417,2,15,6,MM Ali,-2.833333333333333
1178418,1,5,6,JC Archer,0.41666666666666674
1178418,1,8,6,S Gopal,-2.5
1178418,1,12,6,O Thomas,-0.5555555555555556
1178418,1,15,6,JD Unadkat,-0.5833333333333334
1178418,2,5,6,SP Narine,-2.291666666666667
1178418,2,8,6,PP Chawla,-2.625
1178418,2,12,6,PP Chawla,-7.583333333333333
1178418,2,15,6,M Prasidh Krishna,-3.5454545454545454
1178419,1,5,6,Harbhajan Singh,0.3055555555555556
1178419,1,8,6,Imran Tahir,-0.7083333333333333
1178419,1,12,6,MJ Santner,-2.625
1178419,1,15,6,Imran Tahir,-3.3125
1178419,2,5,6,JJ Bumrah,-0.41666666666666663
1178419,2,8,6,RD Chahar,0.16666666666666663
1178419,2,12,6,AS Roy,-2.333333333333333
1178419,2,15,6,SL Malinga,-5.861111111111112
1178420,1,5,6,O Thomas,-0.5833333333333334
1178420,1,8,6,R Parag,-0.7083333333333333
1178420,1,12,6,O Thomas,-2.833333333333333
1178420,1,15,6,VR Aaron,-2.805555555555556
1178420,2,5,6,S Kaul,-2.833333333333333
1178420,2,8,6,KK Ahmed,-0.12499999999999994
1178420,2,12,6,S Kaul,-1.6111111111111112
1178420,2,15,6,B Kumar,-0.5
1178421,1,5,6,UT Yadav,-3.305555555555556
1178421,1,8,6,Navdeep Saini,-0.9166666666666666
1178421,1,12,6,YS Chahal,-3.305555555555556
1178421,1,15,6,Washington Sundar,-2.916666666666667
1178421,2,5,6,K Rabada,-3.375
1178421,2,8,6,A Mishra,-0.20833333333333331
1178421,2,12,6,A Mishra,-5.055555555555555
1178421,2,15,6,S Lamichhane,-1.2222222222222223
1178422,1,5,6,SL Malinga,-0.5833333333333334
1178422,1,8,6,BB Sran,-1.7083333333333335
1178422,1,12,6,HH Pandya,0.375
1178422,1,15,6,HH Pandya,-2.5833333333333335
1178422,2,5,6,HF Gurney,-3.0416666666666665
1178422,2,8,6,AD Russell,-5.458333333333333
1178422,2,12,6,HF Gurney,-3.3333333333333335
1178422,2,15,6,PP Chawla,-1.9166666666666665
1178423,1,5,6,R Ashwin,-0.7499999999999999
1178423,1,8,6,M Ashwin,-2.333333333333333
1178423,1,12,6,M Ashwin,-2.7708333333333335
1178423,1,15,6,R Ashwin,-5.270833333333333
1178423,2,5,6,Rashid Khan,0.16666666666666663
1178423,2,8,6,Rashid Khan,-2.6666666666666665
1178423,2,12,6,Rashid Khan,-7.75
1178423,2,15,6,B Kumar,-0.4722222222222221
1178425,1,5,6,AR Patel,-1.3333333333333333
1178425,1,8,6,CH Morris,-1.2499999999999998
1178425,1,12,6,SE Rutherford,-0.36363636363636365
1178425,1,15,6,AR Patel,-3.5833333333333335
1178425,2,5,6,Harbhajan Singh,-3.1111111111111107
1178425,2,8,6,DJ Bravo,-0.6666666666666666
1178425,2,12,6,Harbhajan Singh,-2.854166666666667
1178425,2,15,6,DJ Bravo,-2.833333333333333
1178426,1,5,6,KK Ahmed,-4.125
1178426,1,8,6,Mohammad Nabi,-0.3888888888888889
1178426,1,12,6,Mohammad Nabi,-2.6875
1178426,1,15,6,B Kumar,-3.2777777777777777
1178426,2,5,6,JJ Bumrah,-5.458333333333333
1178426,2,8,6,RD Chahar,-0.16666666666666657
1178426,2,12,6,RD Chahar,-0.16666666666666657
1178426,2,15,6,SL Malinga,-1.0833333333333333
1178427,1,5,6,HF Gurney,-0.16666666666666657
1178427,1,8,6,SP Narine,0.20833333333333337
1178427,1,12,6,S Sandeep Warrier,-5.75
1178427,1,15,6,AD Russell,-0.9166666666666666
1178427,2,5,6,AJ Tye,-4.583333333333333
1178427,2,8,6,M Ashwin,-1.125
1178427,2,12,6,R Ashwin,-3.282608695652174
1178427,2,15,6,SM Curran,-0.33333333333333337
1178428,1,5,6,I Sharma,-8.166666666666666
1178428,1,8,6,KMA Paul,-0.5833333333333334
1178428,1,12,6,AR Patel,-2.5
1178428,1,15,6,KMA Paul,-0.02941176470588236
1178428,2,5,6,IS Sodhi,-5.791666666666666
1178428,2,8,6,K Gowtham,0.20833333333333337
1178428,2,12,6,K Gowtham,0.1875
1178428,2,15,6,S Gopal,-5.104166666666667
1178429,1,5,6,YS Chahal,-0.9166666666666666
1178429,1,8,6,K Khejroliya,-0.12499999999999994
1178429,1,12,6,C de Grandhomme,-0.7499999999999999
1178429,1,15,6,YS Chahal,-2.869565217391304
1178429,2,5,6,KK Ahmed,-3.6111111111111107
1178429,2,8,6,Mohammad Nabi,-0.6666666666666666
1178429,2,12,6,B Kumar,-5.472222222222221
1178429,2,15,6,V Shankar,-2.7
1178430,1,5,6,R Ashwin,-0.4999999999999999
1178430,1,8,6,Harpreet Brar,-0.5555555555555556
1178430,1,12,6,M Ashwin,-0.6249999999999999
1178430,1,15,6,AJ Tye,-1.4444444444444442
1178430,2,5,6,DJ Bravo,0.30000000000000004
1178430,2,8,6,DL Chahar,-0.6458333333333334
1178430,2,12,6,Harbhajan Singh,-9.08695652173913
1178430,2,15,6,Imran Tahir,-0.8055555555555556
1178431,1,5,6,RD Chahar,-1.1666666666666667
1178431,1,8,6,HH Pandya,-4.666666666666666
1178431,1,12,6,SL Malinga,-6.0
1178431,1,15,6,SL Malinga,-5.555555555555555
1178431,2,5,6,SP Narine,0.41666666666666674
1178431,2,8,6,M Prasidh Krishna,-3.375
1178431,2,12,6,S Sandeep Warrier,-0.16666666666666657
1178431,2,15,6,M Prasidh Krishna,-3.2777777777777777
1181764,1,5,6,KH Pandya,-3.333333333333333
1181764,1,8,6,KH Pandya,-2.9444444444444446
1181764,1,12,6,RD Chahar,-4.972222222222222
1181764,1,15,6,KH Pandya,-2.791666666666667
1181764,2,5,6,Harbhajan Singh,-2.9166666666666665
1181764,2,8,6,Imran Tahir,0.08333333333333331
1181764,2,12,6,RA Jadeja,-0.12499999999999994
1181764,2,15,6,Imran Tahir,-5.583333333333333
1181766,1,5,6,I Sharma,-3.2777777777777777
1181766,1,8,6,A Mishra,-2.208333333333333
1181766,1,12,6,A Mishra,-2.291666666666667
1181766,1,15,6,I Sharma,-5.916666666666666
1181766,2,5,6,Rashid Khan,-0.4999999999999999
1181766,2,8,6,Rashid Khan,-0.5454545454545455
1181766,2,12,6,Rashid Khan,-0.2222222222222222
1181766,2,15,6,Mohammad Nabi,-0.35416666666666663
1181767,1,5,6,Harbhajan Singh,-2.7083333333333335
1181767,1,8,6,RA Jadeja,-2.25
1181767,1,12,6,DJ Bravo,-2.5833333333333335
1181767,1,15,6,Harbhajan Singh,-5.583333333333333
1181767,2,5,6,I Sharma,-0.5833333333333334
1181767,2,8,6,A Mishra,-0.5833333333333334
1181767,2,12,6,A Mishra,-2.805555555555556
1181767,2,15,6,AR Patel,-3.0416666666666665
1181768,1,5,6,DL Chahar,-2.9166666666666665
1181768,1,8,6,Harbhajan Singh,-0.11764705882352941
1181768,1,12,6,SN Thakur,-5.222222222222221
1181768,1,15,6,RA Jadeja,-0.24999999999999994
1181768,2,5,6,SL Malinga,-1.4090909090909092
1181768,2,8,6,MJ McClenaghan,-0.323529411764706
1181768,2,12,6,HH Pandya,-2.1999999999999997
1181768,2,15,6,SL Malinga,-1.8333333333333335
1216492,1,5,6,SM Curran,-2.625
1216492,1,8,6,RA Jadeja,-1.125
1216492,1,12,6,L Ngidi,-1.7916666666666667
1216492,1,15,6,PP Chawla,-2.4583333333333335
1216492,2,5,6,JJ Bumrah,-0.5
1216492,2,8,6,KH Pandya,0.04545454545454547
1216492,2,12,6,RD Chahar,-0.9722222222222222
1216492,2,15,6,RD Chahar,-3.2083333333333335
1216493,1,5,6,Mohammed Shami,-7.388888888888888
1216493,1,8,6,K Gowtham,-0.6249999999999999
1216493,1,12,6,K Gowtham,-0.6458333333333333
1216493,1,15,6,Ravi Bishnoi,-2.6875
1216493,2,5,6,R Ashwin,-4.666666666666666
1216493,2,8,6,MP Stoinis,-0.7499999999999999
1216493,2,12,6,A Nortje,-0.7222222222222222
1216493,2,15,6,K Rabada,-5.0
1216494,1,5,6,Mohammed Siraj,-7.055555555555555
1216494,1,8,6,YS Chahal,-2.25
1216494,1,12,6,YS Chahal,-4.722222222222222
1216494,1,15,6,Washington Sundar,-2.395833333333333
1216494,2,5,6,CV Varun,-0.5833333333333334
1216494,2,8,6,LH Ferguson,-5.041666666666667
1216494,2,12,6,LH Ferguson,-5.083333333333333
1216495,1,5,6,S Nadeem,-1.2499999999999998
1216495,1,8,6,S Nadeem,-0.6249999999999999
1216495,1,12,6,Rashid Khan,-2.888888888888889
1216495,1,15,6,T Natarajan,-0.33333333333333337
1216495,2,5,6,NM Coulter-Nile,-0.9545454545454545
1216495,2,8,6,KH Pandya,-1.4999999999999998
1216495,2,12,6,KH Pandya,-0.7352941176470589
1216495,2,15,6,JL Pattinson,-0.9166666666666667
1216496,1,5,6,DL Chahar,-3.361111111111111
1216496,1,8,6,RA Jadeja,-0.5833333333333334
1216496,1,12,6,PP Chawla,-1.6666666666666665
1216496,1,15,6,L Ngidi,-5.583333333333333
1216496,2,5,6,TK Curran,-2.0
1216496,2,8,6,R Tewatia,-8.041666666666666
1216496,2,12,6,JD Unadkat,-0.4411764705882353
1216496,2,15,6,JC Archer,-0.20588235294117657
1216497,1,5,6,A Nortje,-5.166666666666667
1216497,1,8,6,R Ashwin,-1.4166666666666665
1216497,1,12,6,A Nortje,-5.333333333333333
1216497,1,15,6,TU Deshpande,-0.9565217391304348
1216497,2,5,6,KL Nagarkoti,-0.45833333333333315
1216497,2,8,6,LH Ferguson,-0.5833333333333334
1216497,2,12,6,SP Narine,-0.16666666666666669
1216497,2,15,6,CV Varun,-12.277777777777777
1216498,1,5,6,JO Holder,-1.2499999999999998
1216498,1,8,6,Rashid Khan,-0.08333333333333331
1216498,1,12,6,T Natarajan,0.20833333333333337
1216498,1,15,6,T Natarajan,0.2058823529411764
1216498,2,5,6,M Ashwin,-0.7916666666666667
1216498,2,8,6,Mohammed Shami,-3.2083333333333335
1216498,2,12,6,CJ Jordan,0.29166666666666674
1216498,2,15,6,Ravi Bishnoi,-2.395833333333333
1216499,1,5,6,JL Pattinson,-1.3749999999999998
1216499,1,8,6,KH Pandya,-0.3888888888888889
1216499,1,12,6,RD Chahar,-3.3823529411764706
1216499,1,15,6,KA Pollard,-2.333333333333333
1216499,2,5,6,Mohammed Siraj,-2.1999999999999997
1216499,2,8,6,Washington Sundar,0.02083333333333337
1216499,2,12,6,DW Steyn,-1.0555555555555556
1216499,2,15,6,Mohammed Siraj,-5.722222222222222
1216500,1,5,6,AJ Tye,-3.1999999999999997
1216500,1,8,6,S Gopal,-0.9583333333333335
1216500,1,12,6,AJ Tye,-3.125
1216500,1,15,6,AJ Tye,-3.3888888888888893
1216500,2,5,6,HV Patel,-0.4999999999999999
1216500,2,8,6,A Nortje,-2.166666666666667
1216500,2,12,6,MP Stoinis,-5.590909090909091
1216500,2,15,6,HV Patel,-0.08823529411764705
1216501,1,5,6,DL Chahar,-1.2058823529411766
1216501,1,8,6,KV Sharma,-2.7916666666666665
1216501,1,12,6,KV Sharma,-5.083333333333333
1216501,1,15,6,SN Thakur,-5.166666666666667
1216501,2,5,6,Shivam Mavi,-3.666666666666667
1216501,2,8,6,CV Varun,-0.7083333333333333
1216501,2,12,6,KL Nagarkoti,-3.0833333333333335
1216501,2,15,6,SP Narine,-2.805555555555556
1216502,1,5,6,T Natarajan,0.41666666666666674
1216502,1,8,6,S Nadeem,-0.7083333333333333
1216502,1,12,6,S Nadeem,-3.0
1216502,1,15,6,Rashid Khan,-2.6041666666666665
1216502,2,5,6,Mohammed Siraj,-1.2499999999999998
1216502,2,8,6,YS Chahal,-2.208333333333333
1216502,2,12,6,I Udana,-2.7777777777777777
1216503,1,5,6,K Gowtham,-1.4166666666666665
1216503,1,8,6,Ravi Bishnoi,-2.6666666666666665
1216503,1,12,6,SS Cottrell,-2.770833333333333
1216503,1,15,6,JDS Neesham,-1.1388888888888888
1216503,2,5,6,KH Pandya,-2.291666666666667
1216503,2,8,6,RD Chahar,-2.2727272727272725
1216503,2,12,6,KH Pandya,-2.6875
1216503,2,15,6,JJ Bumrah,-4.944444444444445
1216504,1,5,6,TK Curran,-0.6
1216504,1,8,6,S Gopal,-0.9583333333333335
1216504,1,12,6,S Gopal,-0.9791666666666665
1216504,1,15,6,TK Curran,-0.16666666666666657
1216504,2,5,6,PJ Cummins,-2.4166666666666665
1216504,2,8,6,Shivam Mavi,-5.104166666666667
1216504,2,12,6,CV Varun,-2.333333333333333
1216504,2,15,6,Kuldeep Yadav,0.16666666666666663
1216505,1,5,6,A Nortje,-0.9166666666666666
1216505,1,8,6,R Ashwin,-0.08333333333333331
1216505,1,12,6,R Ashwin,-2.4791666666666665
1216505,1,15,6,A Nortje,-5.777777777777778
1216505,2,5,6,I Udana,-1.4166666666666665
1216505,2,8,6,YS Chahal,-0.6249999999999999
1216505,2,12,6,Shahbaz Ahmed,-2.7083333333333335
1216505,2,15,6,YS Chahal,-0.2916666666666667
1216506,1,5,6,L Ngidi,-3.75
1216506,1,8,6,L Ngidi,-5.416666666666667
1216506,1,12,6,RA Jadeja,0.25
1216506,1,15,6,Imran Tahir,-2.5625
1216506,2,5,6,Ravi Bishnoi,-1.1666666666666667
1216506,2,8,6,M Ashwin,0.16666666666666663
1216506,2,12,6,M Ashwin,0.16666666666666663
1216506,2,15,6,Ravi Bishnoi,-1.0
1216507,1,5,6,JD Unadkat,0.25
1216507,1,8,6,BA Stokes,-0.5833333333333334
1216507,1,12,6,JD Unadkat,0.125
1216507,1,15,6,R Tewatia,-0.5833333333333334
1216507,2,5,6,T Natarajan,-2.9166666666666665
1216507,2,8,6,V Shankar,-0.7499999999999999
1216507,2,12,6,V Shankar,-0.1875
1216507,2,15,6,KK Ahmed,-5.5
1216508,1,5,6,SP Narine,-1.4166666666666665
1216508,1,8,6,SP Narine,-0.6666666666666666
1216508,1,12,6,S Sandeep Warrier,-1.4375
1216508,1,15,6,SP Narine,-5.208333333333333
1216508,2,5,6,RD Chahar,-0.4999999999999999
1216508,2,8,6,KH Pandya,-1.3333333333333333
1216508,2,12,6,JJ Bumrah,0.375
1216508,2,15,6,JJ Bumrah,-4.638888888888888
1216509,1,5,6,K Rabada,-0.41666666666666663
1216509,1,8,6,AR Patel,-0.1111111111111111
1216509,1,12,6,AR Patel,-0.08333333333333329
1216509,1,15,6,MP Stoinis,-0.6666666666666666
1216509,2,5,6,SN Thakur,-1.0
1216509,2,8,6,KV Sharma,-1.3333333333333333
1216509,2,12,6,KV Sharma,-1.3749999999999998
1216509,2,15,6,SN Thakur,-3.3888888888888893
1216510,1,5,6,Navdeep Saini,-0.65
1216510,1,8,6,YS Chahal,-2.7083333333333335
1216510,1,12,6,Navdeep Saini,-0.8055555555555556
1216510,1,15,6,S Dube,-4.875
1216510,2,5,6,Ravi Bishnoi,-2.0
1216510,2,8,6,M Ashwin,-3.0
1216510,2,12,6,GJ Maxwell,-2.25
1216510,2,15,6,Ravi Bishnoi,-8.0
1216511,1,5,6,TK Curran,-0.6
1216511,1,8,6,Kartik Tyagi,-3.305555555555556
1216511,1,12,6,R Tewatia,-0.20833333333333331
1216511,1,15,6,TK Curran,-0.5416666666666666
1216511,2,5,6,JL Pattinson,-0.5833333333333334
1216511,2,8,6,RD Chahar,-2.6666666666666665
1216511,2,12,6,KA Pollard,-1.4166666666666665
1216511,2,15,6,JJ Bumrah,-7.388888888888888
1216512,1,5,6,T Natarajan,-3.458333333333333
1216512,1,8,6,V Shankar,-0.4999999999999999
1216512,1,12,6,V Shankar,-2.791666666666667
1216512,1,15,6,Sandeep Sharma,-0.08333333333333331
1216512,2,5,6,Shivam Mavi,-0.9999999999999999
1216512,2,8,6,LH Ferguson,-4.666666666666666
1216512,2,12,6,Kuldeep Yadav,0.20833333333333337
1216512,2,15,6,PJ Cummins,-2.9791666666666665
1216513,1,5,6,SN Thakur,-0.6666666666666666
1216513,1,8,6,PP Chawla,-2.333333333333333
1216513,1,12,6,DJ Bravo,-0.5833333333333334
1216513,1,15,6,SM Curran,-0.9166666666666667
1216513,2,5,6,CJ Jordan,-2.9999999999999996
1216513,2,8,6,Ravi Bishnoi,-1.0909090909090908
1216513,2,12,6,Harpreet Brar,-0.8611111111111112
1216513,2,15,6,Ravi Bishnoi,-0.7291666666666666
1216514,1,5,6,Washington Sundar,-0.20833333333333331
1216514,1,8,6,A Zampa,-0.6666666666666666
1216514,1,12,6,A Zampa,-0.6666666666666666
1216514,1,15,6,I Udana,-6.147058823529412
1216514,2,5,6,TK Curran,-1.3333333333333333
1216514,2,8,6,R Tewatia,-0.20833333333333331
1216514,2,12,6,R Parag,-1.6
1216514,2,15,6,JC Archer,-2.75
1216515,1,5,6,CV Varun,-3.0416666666666665
1216515,1,8,6,AD Russell,0.20833333333333337
1216515,1,12,6,KL Nagarkoti,-3.583333333333333
1216515,1,15,6,Shivam Mavi,-1.6944444444444444
1216515,2,5,6,HV Patel,-1.7
1216515,2,8,6,A Mishra,-2.6818181818181817
1216515,2,12,6,HV Patel,-5.611111111111112
1216515,2,15,6,K Rabada,-3.305555555555556
1216516,1,5,6,SN Thakur,-0.5833333333333334
1216516,1,8,6,PP Chawla,-0.6666666666666666
1216516,1,12,6,PP Chawla,-5.555555555555555
1216516,1,15,6,SN Thakur,-2.823529411764706
1216516,2,5,6,T Natarajan,-5.833333333333334
1216516,2,8,6,Abdul Samad,-2.166666666666667
1216516,2,12,6,KK Ahmed,-0.25
1216516,2,15,6,Rashid Khan,0.14583333333333337
1216517,1,5,6,Arshdeep Singh,-5.416666666666667
1216517,1,8,6,GJ Maxwell,-0.375
1216517,1,12,6,M Ashwin,-0.9166666666666666
1216517,1,15,6,Mohammed Shami,-5.472222222222221
1216517,2,5,6,TA Boult,-1.6111111111111112
1216517,2,8,6,NM Coulter-Nile,-0.08333333333333331
1216517,2,12,6,JJ Bumrah,-4.625
1216517,2,15,6,JJ Bumrah,-4.970588235294118
1216518,1,5,6,V Shankar,0.16666666666666663
1216518,1,8,6,T Natarajan,-0.2916666666666667
1216518,1,12,6,Rashid Khan,-2.305555555555556
1216518,1,15,6,V Shankar,-2.5277777777777777
1216518,2,5,6,Kartik Tyagi,-1.4090909090909092
1216518,2,8,6,S Gopal,-0.16666666666666657
1216518,2,12,6,R Tewatia,-0.1111111111111111
1216518,2,15,6,JC Archer,-5.416666666666667
1216519,1,5,6,Washington Sundar,-0.08333333333333331
1216519,1,8,6,Mohammed Siraj,-3.0
1216519,1,12,6,YS Chahal,-0.8888888888888888
1216519,1,15,6,Mohammed Siraj,-3.0555555555555554
1216519,2,5,6,A Nortje,-3.0
1216519,2,8,6,R Ashwin,-2.588235294117647
1216519,2,12,6,HV Patel,-0.9705882352941176
1216519,2,15,6,K Rabada,-5.361111111111111
1216520,1,5,6,Mohammed Shami,-5.972222222222222
1216520,1,8,6,CJ Jordan,0.33333333333333326
1216520,1,12,6,M Ashwin,-0.4999999999999999
1216520,1,15,6,Ravi Bishnoi,-4.958333333333333
1216520,2,5,6,CV Varun,0.33333333333333326
1216520,2,8,6,SP Narine,0.20833333333333337
1216520,2,12,6,SP Narine,-0.18749999999999994
1216520,2,15,6,M Prasidh Krishna,-0.8055555555555556
1216521,1,5,6,TA Boult,-7.088235294117648
1216521,1,8,6,RD Chahar,-5.458333333333333
1216521,1,12,6,RD Chahar,-5.104166666666667
1216521,1,15,6,JJ Bumrah,-5.444444444444445
1216521,2,5,6,Imran Tahir,0.08333333333333331
1216521,2,8,6,RA Jadeja,-1.4166666666666665
1216522,1,5,6,CH Morris,-2.181818181818182
1216522,1,8,6,Shahbaz Ahmed,-0.4999999999999999
1216522,1,12,6,Washington Sundar,-0.8055555555555556
1216522,1,15,6,CH Morris,-5.294117647058824
1216522,2,5,6,JD Unadkat,-0.4999999999999999
1216522,2,8,6,R Tewatia,0.19999999999999996
1216522,2,12,6,R Tewatia,-0.04347826086956513
1216522,2,15,6,JC Archer,-0.5277777777777777
1216523,1,5,6,Mohammed Shami,-2.9722222222222223
1216523,1,8,6,Ravi Bishnoi,0.25
1216523,1,12,6,Ravi Bishnoi,-2.333333333333333
1216523,1,15,6,Arshdeep Singh,-2.9166666666666665
1216523,2,5,6,KL Nagarkoti,-0.7499999999999999
1216523,2,8,6,CV Varun,0.08333333333333331
1216523,2,12,6,PJ Cummins,-0.4375
1216523,2,15,6,KL Nagarkoti,-1.4444444444444442
1216524,1,5,6,K Rabada,-2.5833333333333335
1216524,1,8,6,TU Deshpande,0.0
1216524,1,12,6,K Rabada,-1.9166666666666665
1216524,1,15,6,AR Patel,-0.6304347826086956
1216524,2,5,6,JO Holder,-1.3333333333333333
1216524,2,8,6,Rashid Khan,-4.625
1216524,2,12,6,Rashid Khan,-7.145833333333334
1216524,2,15,6,T Natarajan,-2.7777777777777777
1216525,1,5,6,SN Thakur,-1.6
1216525,1,8,6,DJ Bravo,-0.2916666666666667
1216525,1,12,6,KV Sharma,-0.4166666666666667
1216525,1,15,6,KV Sharma,-0.28260869565217395
1216525,2,5,6,Washington Sundar,-5.125
1216525,2,8,6,I Udana,-0.6666666666666666
1216525,2,12,6,YS Chahal,-0.6764705882352942
1216525,2,15,6,YS Chahal,-3.125
1216526,1,5,6,NM Coulter-Nile,-2.958333333333333
1216526,1,8,6,KH Pandya,-0.25
1216526,1,12,6,NM Coulter-Nile,-3.5277777777777777
1216526,1,15,6,JJ Bumrah,-2.7222222222222223
1216526,2,5,6,AD Russell,0.25
1216526,2,8,6,AD Russell,-0.5416666666666666
1216526,2,12,6,Shivam Mavi,-2.958333333333333
1216526,2,15,6,PJ Cummins,-1.222222222222222
1216527,1,5,6,JC Archer,-0.875
1216527,1,8,6,S Gopal,-0.7083333333333333
1216527,1,12,6,S Gopal,-0.7058823529411765
1216527,1,15,6,AS Rajpoot,-0.9411764705882353
1216527,2,5,6,JDS Neesham,-2.0833333333333335
1216527,2,8,6,JDS Neesham,-3.875
1216527,2,12,6,Ravi Bishnoi,-0.5588235294117647
1216527,2,15,6,GJ Maxwell,-0.5833333333333334
1216528,1,5,6,S Nadeem,-0.41666666666666663
1216528,1,8,6,Rashid Khan,0.25
1216528,1,12,6,Rashid Khan,-0.027777777777777846
1216528,1,15,6,KK Ahmed,-3.5277777777777777
1216528,2,5,6,SM Curran,-5.444444444444445
1216528,2,8,6,SN Thakur,0.08333333333333331
1216528,2,12,6,KV Sharma,0.13636363636363635
1216528,2,15,6,PP Chawla,0.0
1216529,1,5,6,JL Pattinson,-1.6666666666666667
1216529,1,8,6,RD Chahar,0.08333333333333331
1216529,1,12,6,KH Pandya,-2.5833333333333335
1216529,1,15,6,TA Boult,-3.5882352941176467
1216529,2,5,6,A Nortje,-0.4999999999999999
1216529,2,8,6,HV Patel,-1.0833333333333335
1216529,2,12,6,AR Patel,-3.0833333333333335
1216529,2,15,6,MP Stoinis,-3.541666666666667
1216530,1,5,6,VR Aaron,-1.6666666666666667
1216530,1,8,6,R Tewatia,-5.5
1216530,1,12,6,R Tewatia,-7.833333333333334
1216530,1,15,6,Kartik Tyagi,-3.0555555555555554
1216530,2,5,6,CV Varun,0.16666666666666663
1216530,2,8,6,SP Narine,-0.20833333333333331
1216530,2,12,6,CV Varun,-2.5277777777777777
1216530,2,15,6,Shivam Mavi,-2.4722222222222223
1216531,1,5,6,Ravi Bishnoi,-0.7000000000000001
1216531,1,8,6,M Ashwin,-2.7083333333333335
1216531,1,12,6,Ravi Bishnoi,-0.12499999999999994
1216531,1,15,6,CJ Jordan,0.13636363636363635
1216531,2,5,6,I Udana,-0.6666666666666666
1216531,2,8,6,Washington Sundar,0.16666666666666663
1216531,2,12,6,Washington Sundar,-0.3888888888888889
1216531,2,15,6,Mohammed Siraj,-1.5294117647058822
1216532,1,5,6,A Nortje,-0.5833333333333334
1216532,1,8,6,I Sharma,-0.15625
1216532,1,12,6,AR Patel,-0.2916666666666667
1216532,1,15,6,A Nortje,-0.8611111111111112
1216532,2,5,6,T Natarajan,-0.4999999999999999
1216532,2,8,6,Abhishek Sharma,0.08333333333333331
1216532,2,12,6,Abhishek Sharma,-0.2916666666666667
1216532,2,15,6,B Kumar,-5.416666666666667
1216533,1,5,6,Kartik Tyagi,-3.375
1216533,1,8,6,S Gopal,-2.208333333333333
1216533,1,12,6,S Gopal,-2.25
1216533,1,15,6,BA Stokes,-1.0
1216533,2,5,6,JR Hazlewood,-2.4166666666666665
1216533,2,8,6,JR Hazlewood,-2.5833333333333335
1216533,2,12,6,PP Chawla,0.25
1216533,2,15,6,SN Thakur,-0.5833333333333334
1216534,1,5,6,Sandeep Sharma,-0.5833333333333334
1216534,1,8,6,Rashid Khan,-0.5833333333333334
1216534,1,12,6,Rashid Khan,-0.3888888888888889
1216534,1,15,6,T Natarajan,-3.361111111111111
1216534,2,5,6,Navdeep Saini,-0.24999999999999994
1216534,2,8,6,UT Yadav,-3.805555555555556
1216534,2,12,6,S Dube,0.33333333333333326
1216534,2,15,6,YS Chahal,-7.458333333333333
1216535,1,5,6,J Yadav,0.25
1216535,1,8,6,JJ Bumrah,0.16666666666666663
1216535,1,12,6,RD Chahar,-2.75
1216535,1,15,6,NM Coulter-Nile,-2.625
1216535,2,5,6,K Rabada,-0.5416666666666666
1216535,2,8,6,HV Patel,-0.7000000000000001
1216535,2,12,6,R Ashwin,0.04166666666666663
1216536,1,5,6,MJ Santner,-2.0833333333333335
1216536,1,8,6,MJ Santner,-3.416666666666667
1216536,1,12,6,RA Jadeja,-2.7083333333333335
1216536,1,15,6,KV Sharma,-3.0625
1216536,2,5,6,CV Varun,-0.41666666666666663
1216536,2,8,6,SP Narine,0.08333333333333331
1216536,2,12,6,CV Varun,-2.7777777777777777
1216536,2,15,6,SP Narine,-0.08333333333333329
1216537,1,5,6,VR Aaron,-0.75
1216537,1,8,6,R Tewatia,0.33333333333333326
1216537,1,12,6,R Tewatia,-0.33333333333333337
1216537,1,15,6,VR Aaron,-0.7173913043478259
1216537,2,5,6,CJ Jordan,-3.833333333333333
1216537,2,8,6,Arshdeep Singh,-1.1666666666666667
1216537,2,12,6,M Ashwin,-3.479166666666667
1216537,2,15,6,CJ Jordan,-3.5833333333333335
1216538,1,5,6,S Kaul,-4.625
1216538,1,8,6,Abdul Samad,-1.0833333333333335
1216538,1,12,6,S Kaul,-4.5
1216538,1,15,6,Rashid Khan,-2.673913043478261
1216538,2,5,6,JJ Bumrah,-2.166666666666667
1216538,2,8,6,RD Chahar,-1.4166666666666665
1216538,2,12,6,TA Boult,-5.777777777777778
1216538,2,15,6,JL Pattinson,-5.395833333333334
1216539,1,5,6,DL Chahar,-0.5833333333333334
1216539,1,8,6,PP Chawla,-1.4166666666666665
1216539,1,12,6,PP Chawla,-5.770833333333333
1216539,1,15,6,SM Curran,-0.5555555555555556
1216539,2,5,6,A Nortje,-0.09090909090909105
1216539,2,8,6,A Mishra,0.25
1216539,2,12,6,A Mishra,-0.06249999999999997
1216539,2,15,6,A Nortje,-4.972222222222222
1216540,1,5,6,AD Russell,-0.4999999999999999
1216540,1,8,6,CV Varun,-0.20833333333333331
1216540,1,12,6,M Prasidh Krishna,-3.6111111111111107
1216540,1,15,6,KL Nagarkoti,-0.47916666666666674
1216540,2,5,6,Washington Sundar,0.25
1216540,2,8,6,YS Chahal,0.25
1216540,2,12,6,CH Morris,-0.12499999999999994
1216540,2,15,6,YS Chahal,-2.229166666666667
1216541,1,5,6,AS Rajpoot,-1.0555555555555556
1216541,1,8,6,S Gopal,-0.6249999999999999
1216541,1,12,6,S Gopal,-5.555555555555555
1216541,1,15,6,Kartik Tyagi,-2.833333333333333
1216541,2,5,6,KH Pandya,-1.2499999999999998
1216541,2,8,6,KA Pollard,-0.27272727272727276
1216541,2,12,6,JL Pattinson,-5.794117647058823
1216541,2,15,6,TA Boult,-1.3611111111111112
1216542,1,5,6,Mujeeb Ur Rahman,-0.16666666666666657
1216542,1,8,6,Mujeeb Ur Rahman,-0.3611111111111111
1216542,1,12,6,Mohammed Shami,-0.8055555555555556
1216542,1,15,6,Ravi Bishnoi,-5.875
1216542,2,5,6,T Natarajan,-0.4999999999999999
1216542,2,8,6,Abdul Samad,-3.666666666666667
1216542,2,12,6,Rashid Khan,-2.305555555555556
1216542,2,15,6,Sandeep Sharma,-0.18749999999999994
1216543,1,5,6,Kartik Tyagi,-1.0909090909090908
1216543,1,8,6,S Gopal,0.04166666666666666
1216543,1,12,6,R Tewatia,-0.611111111111111
1216543,1,15,6,Kartik Tyagi,-3.0555555555555554
1216543,2,5,6,K Rabada,-0.9583333333333335
1216543,2,8,6,AR Patel,-1.0416666666666667
1216543,2,12,6,A Nortje,-3.5555555555555554
1216543,2,15,6,R Ashwin,-2.4791666666666665
1216544,1,5,6,SM Curran,-2.75
1216544,1,8,6,MJ Santner,-2.888888888888889
1216544,1,12,6,RA Jadeja,0.16666666666666663
1216544,1,15,6,Monu Kumar,-0.25
1216544,2,5,6,CH Morris,-3.0
1216544,2,8,6,MM Ali,-0.6249999999999999
1216544,2,12,6,Washington Sundar,-0.20833333333333331
1216544,2,15,6,Navdeep Saini,-0.5416666666666666
1216545,1,5,6,PJ Cummins,-2.4722222222222223
1216545,1,8,6,Kuldeep Yadav,-0.24999999999999994
1216545,1,12,6,SP Narine,-0.3888888888888889
1216545,1,15,6,CV Varun,-2.6875
1216545,2,5,6,KK Ahmed,-3.7222222222222223
1216545,2,8,6,Rashid Khan,-2.6666666666666665
1216545,2,12,6,T Natarajan,-3.0416666666666665
1216545,2,15,6,Rashid Khan,-2.895833333333333
1216546,1,5,6,Arshdeep Singh,-1.0
1216546,1,8,6,M Ashwin,-2.7083333333333335
1216546,1,12,6,Ravi Bishnoi,-0.5416666666666666
1216546,1,15,6,Ravi Bishnoi,-0.611111111111111
1216546,2,5,6,R Ashwin,-5.5
1216546,2,8,6,TU Deshpande,-2.9166666666666665
1216546,2,12,6,K Rabada,-2.805555555555556
1216546,2,15,6,K Rabada,-5.375
1216547,1,5,6,JJ Bumrah,-0.6
1216547,1,8,6,TA Boult,-3.0833333333333335
1216547,1,12,6,RD Chahar,-3.1041666666666665
1216547,1,15,6,KA Pollard,-1.4999999999999998
1216547,2,5,6,Washington Sundar,-2.166666666666667
1216547,2,8,6,YS Chahal,-2.458333333333333
1216547,2,12,6,I Udana,-3.15625
1216547,2,15,6,Navdeep Saini,-0.7777777777777778
1237177,1,5,6,R Ashwin,-3.416666666666667
1237177,1,8,6,DR Sams,-1.3749999999999998
1237177,1,12,6,R Ashwin,-8.020833333333332
1237177,1,15,6,A Nortje,-3.7777777777777777
1237177,2,5,6,NM Coulter-Nile,-0.4999999999999999
1237177,2,8,6,RD Chahar,-2.25
1237177,2,12,6,RD Chahar,-2.2083333333333335
1237177,2,15,6,JJ Bumrah,-10.11111111111111
1237178,1,5,6,T Natarajan,-0.7499999999999999
1237178,1,8,6,S Nadeem,0.04166666666666666
1237178,1,12,6,S Nadeem,-5.291666666666667
1237178,1,15,6,JO Holder,-7.5
1237178,2,5,6,Mohammed Siraj,-5.388888888888888
1237178,2,8,6,A Zampa,-2.083333333333333
1237178,2,12,6,MM Ali,0.25
1237178,2,15,6,YS Chahal,-2.5416666666666665
1237180,1,5,6,S Nadeem,-1.6
1237180,1,8,6,Rashid Khan,-2.75
1237180,1,12,6,S Nadeem,-0.9166666666666667
1237180,1,15,6,Rashid Khan,-2.6041666666666665
1237180,2,5,6,A Nortje,-0.8333333333333333
1237180,2,8,6,AR Patel,-0.20833333333333331
1237180,2,12,6,MP Stoinis,-5.583333333333333
1237180,2,15,6,R Ashwin,-0.7083333333333333
1237181,1,5,6,NM Coulter-Nile,-0.4999999999999999
1237181,1,8,6,J Yadav,-2.361111111111111
1237181,1,12,6,NM Coulter-Nile,-0.20833333333333331
1237181,1,15,6,J Yadav,-2.5416666666666665
1237181,2,5,6,AR Patel,0.25
1237181,2,8,6,P Dubey,-0.5833333333333334
1237181,2,12,6,R Ashwin,-2.895833333333333
1237181,2,15,6,P Dubey,-0.8611111111111112
1254058,1,5,6,YS Chahal,-3.7916666666666665
1254058,1,8,6,DT Christian,-1.7999999999999998
1254058,1,12,6,Washington Sundar,-3.0833333333333335
1254058,1,15,6,HV Patel,-3.458333333333333
1254058,2,5,6,TA Boult,-2.9705882352941178
1254058,2,8,6,KH Pandya,-2.5555555555555554
1254058,2,12,6,JJ Bumrah,-2.25
1254058,2,15,6,RD Chahar,-0.8541666666666667
1254059,1,5,6,TK Curran,0.25
1254059,1,8,6,R Ashwin,-4.027777777777778
1254059,1,12,6,MP Stoinis,-0.6
1254059,1,15,6,Avesh Khan,-7.972222222222221
1254059,2,5,6,DL Chahar,-0.7777777777777778
1254059,2,8,6,RA Jadeja,-0.2916666666666667
1254059,2,12,6,MM Ali,-1.0
1254059,2,15,6,DJ Bravo,-2.852941176470588
1254060,1,5,6,Mohammad Nabi,-0.41666666666666663
1254060,1,8,6,Rashid Khan,-2.291666666666667
1254060,1,12,6,Rashid Khan,-2.5833333333333335
1254060,1,15,6,T Natarajan,-3.3333333333333335
1254060,2,5,6,PJ Cummins,0.25
1254060,2,8,6,PJ Cummins,-0.20833333333333331
1254060,2,12,6,PJ Cummins,-2.5277777777777777
1254060,2,15,6,M Prasidh Krishna,-3.2608695652173916
1254061,1,5,6,CH Morris,-0.5416666666666666
1254061,1,8,6,R Tewatia,-1.3333333333333333
1254061,1,12,6,S Dube,-2.166666666666667
1254061,1,15,6,CH Morris,-0.5833333333333334
1254061,2,5,6,Arshdeep Singh,-3.416666666666667
1254061,2,8,6,RP Meredith,-1.7916666666666667
1254061,2,12,6,Arshdeep Singh,-6.083333333333334
1254061,2,15,6,M Ashwin,-0.7916666666666666
1254062,1,5,6,PJ Cummins,-0.41666666666666663
1254062,1,8,6,Shakib Al Hasan,0.05555555555555555
1254062,1,12,6,CV Varun,-2.805555555555556
1254062,1,15,6,PJ Cummins,-5.3125
1254062,2,5,6,M Jansen,-0.9166666666666666
1254062,2,8,6,RD Chahar,-3.75
1254062,2,12,6,RD Chahar,-8.0
1254062,2,15,6,KH Pandya,-2.2222222222222223
1254063,1,5,6,T Natarajan,-1.3333333333333333
1254063,1,8,6,S Nadeem,-2.5
1254063,1,12,6,JO Holder,-2.7222222222222223
1254063,1,15,6,Rashid Khan,-4.979166666666667
1254063,2,5,6,Mohammed Siraj,-2.666666666666667
1254063,2,8,6,YS Chahal,-0.16666666666666657
1254063,2,12,6,DT Christian,0.08333333333333331
1254063,2,15,6,YS Chahal,-0.375
1254064,1,5,6,JD Unadkat,-7.666666666666667
1254064,1,8,6,R Parag,-0.7000000000000001
1254064,1,12,6,R Parag,-3.125
1254064,1,15,6,R Tewatia,-0.8333333333333334
1254064,2,5,6,K Rabada,-2.9166666666666665
1254064,2,8,6,R Ashwin,0.125
1254064,2,12,6,MP Stoinis,-2.25
1254064,2,15,6,Avesh Khan,-8.208333333333334
1254065,1,5,6,SN Thakur,-0.4999999999999999
1254065,1,8,6,SN Thakur,-0.9583333333333335
1254065,1,12,6,MM Ali,-2.333333333333333
1254065,1,15,6,SN Thakur,-0.8333333333333334
1254065,2,5,6,RP Meredith,-1.1666666666666667
1254065,2,8,6,RP Meredith,-0.8333333333333333
1254065,2,12,6,M Ashwin,-3.361111111111111
1254066,1,5,6,Abhishek Sharma,0.16666666666666663
1254066,1,8,6,V Shankar,-5.5
1254066,1,12,6,V Shankar,-5.277777777777779
1254066,1,15,6,Rashid Khan,-0.1739130434782609
1254066,2,5,6,JJ Bumrah,0.29166666666666674
1254066,2,8,6,RD Chahar,0.30000000000000004
1254066,2,12,6,RD Chahar,-2.5277777777777777
1254066,2,15,6,KH Pandya,-3.2777777777777777
1254067,1,5,6,Shakib Al Hasan,-1.4166666666666665
1254067,1,8,6,PJ Cummins,-0.6666666666666666
1254067,1,12,6,CV Varun,-5.361111111111111
1254067,1,15,6,M Prasidh Krishna,-3.0416666666666665
1254067,2,5,6,Washington Sundar,-3.458333333333333
1254067,2,8,6,YS Chahal,-5.222222222222221
1254067,2,12,6,GJ Maxwell,-1.0
1254067,2,15,6,HV Patel,-2.361111111111111
1254068,1,5,6,K Rabada,-0.41666666666666663
1254068,1,8,6,R Ashwin,-0.611111111111111
1254068,1,12,6,LI Meriwala,-3.5833333333333335
1254068,1,15,6,K Rabada,-3.5555555555555554
1254068,2,5,6,Arshdeep Singh,-2.75
1254068,2,8,6,DJ Hooda,-0.7083333333333333
1254068,2,12,6,Mohammed Shami,-1.2777777777777777
1254068,2,15,6,Arshdeep Singh,-2.6666666666666665
1254069,1,5,6,CH Morris,-2.166666666666667
1254069,1,8,6,C Sakariya,-0.2272727272727273
1254069,1,12,6,JD Unadkat,-1.1666666666666667
1254069,1,15,6,Mustafizur Rahman,-2.7777777777777777
1254069,2,5,6,SM Curran,-4.916666666666667
1254069,2,8,6,SN Thakur,-0.5833333333333334
1254069,2,12,6,MM Ali,-2.083333333333333
1254069,2,15,6,DJ Bravo,0.2272727272727273
1254070,1,5,6,A Mishra,-1.3333333333333333
1254070,1,8,6,A Mishra,-5.916666666666666
1254070,1,12,6,Lalit Yadav,-2.333333333333333
1254070,1,15,6,R Ashwin,-0.4999999999999999
1254070,2,5,6,KH Pandya,0.08333333333333331
1254070,2,8,6,KH Pandya,-0.6666666666666666
1254070,2,12,6,RD Chahar,-0.1111111111111111
1254070,2,15,6,TA Boult,-0.4444444444444443
1254071,1,5,6,B Kumar,-2.5555555555555554
1254071,1,8,6,Rashid Khan,-2.166666666666667
1254071,1,12,6,Rashid Khan,-2.5
1254071,1,15,6,Rashid Khan,-2.4583333333333335
1254071,2,5,6,Arshdeep Singh,-0.27272727272727276
1254071,2,8,6,M Ashwin,0.16666666666666663
1254071,2,12,6,FA Allen,-2.6944444444444446
1254071,2,15,6,Arshdeep Singh,-0.1388888888888889
1254072,1,5,6,PJ Cummins,-1.5454545454545456
1254072,1,8,6,CV Varun,-0.3611111111111111
1254072,1,12,6,CV Varun,-2.895833333333333
1254072,1,15,6,M Prasidh Krishna,-1.0277777777777777
1254072,2,5,6,L Ngidi,-3.333333333333333
1254072,2,8,6,RA Jadeja,-0.6249999999999999
1254072,2,12,6,RA Jadeja,-0.6041666666666666
1254072,2,15,6,SM Curran,-4.583333333333333
1254073,1,5,6,KW Richardson,-1.6
1254073,1,8,6,YS Chahal,-0.6363636363636364
1254073,1,12,6,KA Jamieson,-2.75
1254073,1,15,6,KW Richardson,-3.6111111111111107
1254073,2,5,6,C Sakariya,-0.18181818181818177
1254073,2,8,6,R Tewatia,-1.0416666666666667
1254073,2,12,6,CH Morris,-1.4444444444444442
1254073,2,15,6,C Sakariya,-0.7916666666666666
1254074,1,5,6,Mohammed Shami,0.16666666666666663
1254074,1,8,6,Ravi Bishnoi,-2.25
1254074,1,12,6,Arshdeep Singh,-0.5909090909090909
1254074,1,15,6,Mohammed Shami,-0.24999999999999994
1254074,2,5,6,JJ Bumrah,-0.45833333333333315
1254074,2,8,6,J Yadav,0.41666666666666674
1254074,2,12,6,J Yadav,-0.19444444444444453
1254074,2,15,6,KH Pandya,-1.1176470588235294
1254075,1,5,6,Mustafizur Rahman,-2.5833333333333335
1254075,1,8,6,C Sakariya,-2.625
1254075,1,12,6,S Dube,0.16666666666666663
1254075,1,15,6,Mustafizur Rahman,-5.194444444444445
1254075,2,5,6,SP Narine,-0.5833333333333334
1254075,2,8,6,PJ Cummins,-1.1363636363636362
1254075,2,12,6,CV Varun,-5.770833333333333
1254075,2,15,6,M Prasidh Krishna,-2.7
1254076,1,5,6,Navdeep Saini,-0.8999999999999999
1254076,1,8,6,DT Christian,0.09999999999999998
1254076,1,12,6,Navdeep Saini,-1.4583333333333333
1254076,1,15,6,KA Jamieson,-1.1111111111111112
1254076,2,5,6,SM Curran,-3.305555555555556
1254076,2,8,6,RA Jadeja,-5.083333333333333
1254076,2,12,6,RA Jadeja,-7.375
1254076,2,15,6,DJ Bravo,-3.0
1254077,1,5,6,J Suchith,0.25
1254077,1,8,6,Rashid Khan,-0.6666666666666666
1254077,1,12,6,V Shankar,-0.18181818181818177
1254077,1,15,6,Rashid Khan,-3.1041666666666665
1254077,2,5,6,Avesh Khan,-3.75
1254077,2,8,6,A Mishra,-0.4999999999999999
1254077,2,12,6,AR Patel,-0.5277777777777777
1254077,2,15,6,Avesh Khan,-5.3235294117647065
1254078,1,5,6,PJ Cummins,-3.375
1254078,1,8,6,AD Russell,0.33333333333333326
1254078,1,12,6,CV Varun,-0.5833333333333334
1254078,1,15,6,SP Narine,-5.166666666666667
1254078,2,5,6,Mohammed Shami,-3.1388888888888884
1254078,2,8,6,Ravi Bishnoi,-0.24999999999999994
1254078,2,12,6,Ravi Bishnoi,-0.08333333333333331
1254078,2,15,6,DJ Hooda,-3.5
1254079,1,5,6,Avesh Khan,-2.9166666666666665
1254079,1,8,6,A Mishra,-2.7916666666666665
1254079,1,12,6,AR Patel,-0.1388888888888889
1254079,1,15,6,K Rabada,-0.8611111111111112
1254079,2,5,6,DR Sams,-0.5833333333333334
1254079,2,8,6,YS Chahal,0.25
1254079,2,12,6,HV Patel,-5.750000000000001
1254079,2,15,6,KA Jamieson,-2.4722222222222223
1254080,1,5,6,SM Curran,-2.5277777777777777
1254080,1,8,6,L Ngidi,0.16666666666666663
1254080,1,12,6,SN Thakur,-0.6818181818181819
1254080,1,15,6,RA Jadeja,-0.33333333333333337
1254080,2,5,6,Sandeep Sharma,-0.2777777777777778
1254080,2,8,6,J Suchith,-1.7916666666666667
1254080,2,12,6,Rashid Khan,-3.361111111111111
1254080,2,15,6,S Kaul,-0.3611111111111111
1254081,1,5,6,NM Coulter-Nile,-1.4166666666666665
1254081,1,8,6,KH Pandya,-1.4999999999999998
1254081,1,12,6,NM Coulter-Nile,-0.5833333333333334
1254081,1,15,6,TA Boult,-0.8333333333333334
1254081,2,5,6,CH Morris,-2.9166666666666665
1254081,2,8,6,JD Unadkat,-0.5833333333333334
1254081,2,12,6,R Tewatia,-1.0
1254081,2,15,6,CH Morris,-5.305555555555555
1254082,1,5,6,I Sharma,-0.6388888888888888
1254082,1,8,6,Lalit Yadav,0.08333333333333331
1254082,1,12,6,Avesh Khan,-2.7083333333333335
1254082,1,15,6,I Sharma,-0.6249999999999999
1254082,2,5,6,PJ Cummins,0.41666666666666674
1254082,2,8,6,SP Narine,-0.5833333333333334
1254082,2,12,6,SP Narine,-0.6521739130434783
1254082,2,15,6,PJ Cummins,-7.9375
1254083,1,5,6,KA Jamieson,-4.166666666666667
1254083,1,8,6,YS Chahal,-1.3749999999999998
1254083,1,12,6,YS Chahal,-0.8611111111111112
1254083,1,15,6,Shahbaz Ahmed,-2.416666666666667
1254083,2,5,6,Ravi Bishnoi,0.25
1254083,2,8,6,Harpreet Brar,-0.5416666666666666
1254083,2,12,6,Harpreet Brar,-7.5625
1254083,2,15,6,Ravi Bishnoi,-4.791666666666666
1254084,1,5,6,TA Boult,-3.2222222222222223
1254084,1,8,6,RD Chahar,-0.6666666666666666
1254084,1,12,6,RD Chahar,-0.33333333333333337
1254084,1,15,6,DS Kulkarni,-0.8823529411764706
1254084,2,5,6,L Ngidi,-1.4999999999999998
1254084,2,8,6,RA Jadeja,-2.416666666666667
1254084,2,12,6,RA Jadeja,-3.1111111111111107
1254084,2,15,6,L Ngidi,-1.7222222222222223
1254085,1,5,6,B Kumar,-0.45833333333333315
1254085,1,8,6,Rashid Khan,-2.7222222222222223
1254085,1,12,6,Sandeep Sharma,-0.38235294117647056
1254085,1,15,6,B Kumar,-0.8055555555555556
1254085,2,5,6,CH Morris,-1.4166666666666665
1254085,2,8,6,C Sakariya,-1.0
1254085,2,12,6,Kartik Tyagi,-3.166666666666667
1254085,2,15,6,C Sakariya,-0.9117647058823529
1254086,1,5,6,K Rabada,-5.166666666666667
1254086,1,8,6,Lalit Yadav,-0.2916666666666667
1254086,1,12,6,Lalit Yadav,-0.4444444444444444
1254086,1,15,6,I Sharma,-0.7500000000000001
1254086,2,5,6,CJ Jordan,-2.166666666666667
1254086,2,8,6,Harpreet Brar,-2.333333333333333
1254086,2,12,6,RP Meredith,-2.5555555555555554
1254086,2,15,6,DJ Hooda,0.125
1254087,1,5,6,LH Ferguson,-3.0833333333333335
1254087,1,8,6,AD Russell,-4.75
1254087,1,12,6,SP Narine,-5.551115123125783e-17
1254087,1,15,6,CV Varun,-9.6875
1254087,2,5,6,YS Chahal,-1.3333333333333333
1254087,2,8,6,HV Patel,-0.24999999999999994
1254088,1,5,6,Rashid Khan,-2.416666666666667
1254088,1,8,6,JO Holder,-4.6000000000000005
1254088,1,12,6,Abhishek Sharma,-2.1999999999999997
1254088,1,15,6,Rashid Khan,-5.833333333333333
1254088,2,5,6,TA Boult,-3.0416666666666665
1254088,2,8,6,PP Chawla,-3.541666666666667
1254088,2,12,6,PP Chawla,-3.1875
1254088,2,15,6,JJ Bumrah,-3.1875
1254089,1,5,6,Mustafizur Rahman,-0.2916666666666667
1254089,1,8,6,R Tewatia,-5.208333333333333
1254089,1,12,6,M Markande,-0.6388888888888888
1254089,1,15,6,Akash Singh,-0.9791666666666665
1254089,2,5,6,SN Thakur,-3.375
1254089,2,8,6,RA Jadeja,-0.4999999999999999
1254089,2,12,6,JR Hazlewood,-2.166666666666667
1254089,2,15,6,SN Thakur,-5.520833333333333
1254090,1,5,6,Arshdeep Singh,-1.4545454545454546
1254090,1,8,6,Harpreet Brar,-5.551115123125783e-17
1254090,1,12,6,Harpreet Brar,-0.27083333333333326
1254090,1,15,6,MC Henriques,-7.229166666666666
1254090,2,5,6,HV Patel,0.25
1254090,2,8,6,Shahbaz Ahmed,-0.6249999999999999
1254090,2,12,6,YS Chahal,-0.40625
1254090,2,15,6,YS Chahal,-7.875
1254091,1,5,6,DL Chahar,-0.5277777777777777
1254091,1,8,6,SN Thakur,-0.2272727272727273
1254091,1,12,6,RA Jadeja,-2.361111111111111
1254091,1,15,6,DJ Bravo,-4.777777777777778
1254091,2,5,6,Rashid Khan,-1.2499999999999998
1254091,2,8,6,Rashid Khan,-0.9583333333333335
1254091,2,12,6,Rashid Khan,-0.8055555555555556
1254091,2,15,6,JO Holder,-7.875
1254092,1,5,6,CV Varun,0.19999999999999996
1254092,1,8,6,SP Narine,-2.291666666666667
1254092,1,12,6,LH Ferguson,-5.125
1254092,1,15,6,VR Iyer,-5.0625
1254092,2,5,6,Avesh Khan,-3.0833333333333335
1254092,2,8,6,R Ashwin,-0.33333333333333337
1254092,2,12,6,K Rabada,-2.5
1254092,2,15,6,K Rabada,-3.264705882352941
1254093,1,5,6,JJ Bumrah,-2.875
1254093,1,8,6,JDS Neesham,-4.666666666666666
1254093,1,12,6,TA Boult,-0.08333333333333331
1254093,1,15,6,JJ Bumrah,-5.138888888888889
1254093,2,5,6,Mustafizur Rahman,-3.5
1254094,1,5,6,Arshdeep Singh,-5.625
1254094,1,8,6,CJ Jordan,-4.772727272727273
1254094,1,12,6,Harpreet Brar,0.027777777777777735
1254094,1,15,6,Ravi Bishnoi,-2.854166666666667
1254094,2,5,6,JR Hazlewood,-0.7222222222222222
1254094,2,8,6,DL Chahar,-3.6111111111111107
1254094,2,12,6,SN Thakur,-8.472222222222221
1254095,1,5,6,Shahbaz Ahmed,-0.16666666666666657
1254095,1,8,6,Shahbaz Ahmed,-0.08333333333333331
1254095,1,12,6,DT Christian,0.16666666666666663
1254095,1,15,6,YS Chahal,-2.6875
1254095,2,5,6,S Kaul,-2.9166666666666665
1254095,2,8,6,Umran Malik,-2.166666666666667
1254095,2,12,6,JO Holder,-0.5882352941176472
1254095,2,15,6,S Kaul,-2.8125
1254096,1,5,6,M Prasidh Krishna,-1.6
1254096,1,8,6,AD Russell,-1.7999999999999998
1254096,1,12,6,M Prasidh Krishna,-3.0416666666666665
1254096,1,15,6,AD Russell,-1.4166666666666665
1254096,2,5,6,AF Milne,-1.5454545454545456
1254096,2,8,6,KH Pandya,-0.5555555555555556
1254096,2,12,6,RD Chahar,-1.0833333333333333
1254097,1,5,6,Kartik Tyagi,-3.0
1254097,1,8,6,T Shamsi,-0.3333333333333333
1254097,1,12,6,T Shamsi,-0.3333333333333333
1254097,1,15,6,Kartik Tyagi,-3.323529411764706
1254097,2,5,6,K Rabada,0.33333333333333326
1254097,2,8,6,R Ashwin,-2.75
1254097,2,12,6,R Ashwin,-2.6086956521739135
1254097,2,15,6,AR Patel,-2.7708333333333335
1254098,1,5,6,SN Thakur,-2.0
1254098,1,8,6,RA Jadeja,0.125
1254098,1,12,6,RA Jadeja,-2.395833333333333
1254098,1,15,6,DL Chahar,-3.088235294117647
1254098,2,5,6,LH Ferguson,-0.5416666666666666
1254098,2,8,6,AD Russell,-3.0833333333333335
1254098,2,12,6,AD Russell,-3.2058823529411766
1254098,2,15,6,VR Iyer,0.16666666666666663
1254099,1,5,6,KH Pandya,-2.5833333333333335
1254099,1,8,6,RD Chahar,-0.4999999999999999
1254099,1,12,6,KH Pandya,-2.5625
1254099,1,15,6,RD Chahar,-2.75
1254099,2,5,6,NT Ellis,-0.41666666666666663
1254099,2,8,6,Harpreet Brar,-0.6666666666666666
1254099,2,12,6,NT Ellis,-0.08333333333333331
1254099,2,15,6,NT Ellis,-2.4722222222222223
1254100,1,5,6,S Kaul,-1.4166666666666665
1254100,1,8,6,Sandeep Sharma,-3.6111111111111107
1254100,1,12,6,Rashid Khan,-2.852941176470588
1254100,1,15,6,S Kaul,-1.0833333333333333
1254100,2,5,6,MK Lomror,-3.0
1254100,2,8,6,R Tewatia,0.08333333333333331
1254100,2,12,6,Mustafizur Rahman,-3.333333333333333
1254100,2,15,6,C Sakariya,-2.294117647058824
1254101,1,5,6,GHS Garton,-0.5833333333333334
1254101,1,8,6,HV Patel,-0.5833333333333334
1254101,1,12,6,DT Christian,-2.166666666666667
1254101,1,15,6,GHS Garton,-0.33333333333333337
1254101,2,5,6,Avesh Khan,0.375
1254101,2,8,6,RV Patel,-0.4999999999999999
1254101,2,12,6,K Rabada,-0.3888888888888889
1254101,2,15,6,RV Patel,-0.38235294117647056
1254102,1,5,6,NT Ellis,-1.3333333333333333
1254102,1,8,6,FA Allen,-0.8611111111111112
1254102,1,12,6,FA Allen,-0.8333333333333334
1254102,1,15,6,Mohammed Shami,-2.805555555555556
1254102,2,5,6,SP Narine,-0.7499999999999999
1254102,2,8,6,CV Varun,-2.5833333333333335
1254102,2,12,6,VR Iyer,-0.7083333333333333
1254102,2,15,6,SP Narine,-2.818181818181818
1254103,1,5,6,Mohammed Siraj,-0.12499999999999994
1254103,1,8,6,DT Christian,-3.5
1254103,1,12,6,YS Chahal,-2.7083333333333335
1254103,1,15,6,Shahbaz Ahmed,-4.916666666666666
1254103,2,5,6,Mustafizur Rahman,-3.0
1254103,2,8,6,Kartik Tyagi,-1.1363636363636362
1254103,2,12,6,CH Morris,-3.361111111111111
1254103,2,15,6,Mustafizur Rahman,-5.277777777777779
1254104,1,5,6,AF Milne,-7.638888888888889
1254104,1,8,6,RD Chahar,0.25
1254104,1,12,6,RD Chahar,-0.027777777777777846
1254104,1,15,6,KA Pollard,-0.5833333333333334
1254104,2,5,6,SN Thakur,-3.0
1254104,2,8,6,MM Ali,0.08333333333333331
1254104,2,12,6,SN Thakur,-2.5555555555555554
1254104,2,15,6,DJ Bravo,-3.088235294117647
1254105,1,5,6,Avesh Khan,-0.08333333333333331
1254105,1,8,6,R Ashwin,-2.9999999999999996
1254105,1,12,6,A Nortje,-4.694444444444445
1254105,1,15,6,AR Patel,-5.1875
1254105,2,5,6,Rashid Khan,-0.6666666666666666
1254105,2,8,6,Rashid Khan,-0.6249999999999999
1254105,2,12,6,KK Ahmed,-2.7777777777777777
1254105,2,15,6,B Kumar,-0.5277777777777777
1254106,1,5,6,CH Morris,-0.08333333333333331
1254106,1,8,6,S Dube,0.08333333333333331
1254106,1,12,6,Mustafizur Rahman,-0.20833333333333331
1254106,1,15,6,CH Morris,-2.7647058823529416
1254106,2,5,6,LH Ferguson,-4.583333333333334
1254106,2,8,6,CV Varun,-2.125
1254106,2,12,6,SP Narine,-0.8055555555555556
1254106,2,15,6,SP Narine,-3.0
1254107,1,5,6,Sandeep Sharma,0.055555555555555525
1254107,1,8,6,Rashid Khan,-0.4999999999999999
1254107,1,12,6,Rashid Khan,-2.5555555555555554
1254107,1,15,6,JO Holder,-7.277777777777778
1254107,2,5,6,Arshdeep Singh,-0.20833333333333331
1254107,2,8,6,Harpreet Brar,0.16666666666666663
1254107,2,12,6,Ravi Bishnoi,-7.5
1254107,2,15,6,NT Ellis,-0.3055555555555556
1254108,1,5,6,KH Pandya,0.25
1254108,1,8,6,RD Chahar,-3.416666666666667
1254108,1,12,6,AF Milne,-1.5
1254108,1,15,6,AF Milne,-3.5833333333333335
1254108,2,5,6,HV Patel,0.19999999999999996
1254108,2,8,6,YS Chahal,-2.5833333333333335
1254108,2,12,6,HV Patel,0.2272727272727273
1254108,2,15,6,DT Christian,-1.0416666666666667
1254109,1,5,6,Shivam Mavi,-3.2222222222222223
1254109,1,8,6,Shakib Al Hasan,-2.291666666666667
1254109,1,12,6,Shakib Al Hasan,-4.979166666666667
1254109,1,15,6,SP Narine,0.25
1254109,2,5,6,B Kumar,-0.16666666666666663
1254109,2,8,6,Umran Malik,-0.13636363636363646
1254109,2,12,6,Umran Malik,-0.4722222222222221
1254109,2,15,6,Rashid Khan,-2.791666666666667
1254110,1,5,6,K Rabada,-0.5416666666666666
1254110,1,8,6,R Ashwin,-2.333333333333333
1254110,1,12,6,AR Patel,-4.875
1254110,1,15,6,A Nortje,-2.5555555555555554
1254110,2,5,6,JR Hazlewood,-2.7777777777777777
1254110,2,8,6,RA Jadeja,-2.6818181818181817
1254110,2,12,6,RA Jadeja,-5.354166666666666
1254110,2,15,6,MM Ali,-0.027777777777777846
1254111,1,5,6,Arshdeep Singh,-2.25
1254111,1,8,6,AU Rashid,-0.9583333333333335
1254111,1,12,6,Harpreet Brar,-0.2916666666666667
1254111,1,15,6,DJ Hooda,-2.541666666666667
1254111,2,5,6,Mustafizur Rahman,-0.24999999999999994
1254111,2,8,6,R Tewatia,-0.6666666666666666
1254111,2,12,6,R Tewatia,-2.916666666666667
1254111,2,15,6,CH Morris,-0.9411764705882353
1254112,1,5,6,A Nortje,-0.12499999999999994
1254112,1,8,6,AR Patel,-2.375
1254112,1,12,6,AR Patel,-7.5434782608695645
1254112,1,15,6,Avesh Khan,-2.3611111111111116
1254112,2,5,6,JJ Bumrah,-0.9583333333333335
1254112,2,8,6,J Yadav,-5.0
1254112,2,12,6,J Yadav,-5.375
1254112,2,15,6,TA Boult,-2.588235294117647
1254113,1,5,6,JR Hazlewood,-0.3529411764705882
1254113,1,8,6,RA Jadeja,-0.6249999999999999
1254113,1,12,6,RA Jadeja,-0.41666666666666663
1254113,1,15,6,JR Hazlewood,-0.41666666666666663
1254113,2,5,6,Navdeep Saini,-1.3333333333333333
1254113,2,8,6,YS Chahal,-2.541666666666667
1254113,2,12,6,PWH de Silva,-0.6388888888888888
1254113,2,15,6,HV Patel,-5.555555555555555
1254114,1,5,6,JR Hazlewood,-5.416666666666667
1254114,1,8,6,RA Jadeja,-1.0416666666666667
1254114,1,12,6,DL Chahar,-0.9117647058823529
1254114,1,15,6,SN Thakur,-1.1363636363636362
1254114,2,5,6,Avesh Khan,-1.6666666666666667
1254114,2,8,6,R Ashwin,0.0
1254114,2,12,6,R Ashwin,-0.7499999999999999
1254114,2,15,6,A Nortje,-2.833333333333333
1254115,1,5,6,LH Ferguson,-3.125
1254115,1,8,6,Shakib Al Hasan,-0.08333333333333331
1254115,1,12,6,SP Narine,-5.208333333333333
1254115,1,15,6,CV Varun,0.14583333333333337
1254115,2,5,6,HV Patel,-3.0833333333333335
1254115,2,8,6,YS Chahal,-2.375
1254115,2,12,6,YS Chahal,-2.388888888888889
1254115,2,15,6,GJ Maxwell,-0.6388888888888888
1254116,1,5,6,LH Ferguson,-0.12499999999999994
1254116,1,8,6,SP Narine,-0.5416666666666666
1254116,1,12,6,Shakib Al Hasan,-0.375
1254116,1,15,6,LH Ferguson,-2.4722222222222223
1254116,2,5,6,Avesh Khan,-0.24999999999999994
1254116,2,8,6,R Ashwin,-0.14705882352941177
1254116,2,12,6,K Rabada,-2.7777777777777777
1254116,2,15,6,A Nortje,-3.0833333333333335
1254117,1,5,6,CV Varun,-0.7000000000000001
1254117,1,8,6,SP Narine,-2.416666666666667
1254117,1,12,6,CV Varun,-0.3888888888888889
1254117,1,15,6,LH Ferguson,-1.3888888888888888
1254117,2,5,6,DL Chahar,-0.7777777777777778
1254117,2,8,6,DJ Bravo,0.20833333333333337
1254117,2,12,6,RA Jadeja,-1.1111111111111112
1254117,2,15,6,SN Thakur,-7.777777777777779
1304047,1,5,6,CV Varun,-0.4999999999999999
1304047,1,8,6,SP Narine,-2.291666666666667
1304047,1,12,6,AD Russell,-2.25
1304047,1,15,6,UT Yadav,-5.0625
1304047,2,5,6,MJ Santner,-0.5833333333333334
1304047,2,8,6,MJ Santner,-0.6666666666666666
1304047,2,12,6,RA Jadeja,-0.16666666666666657
1304047,2,15,6,DJ Bravo,-5.25
1304048,1,5,6,KK Ahmed,-0.45833333333333315
1304048,1,8,6,Kuldeep Yadav,-2.25
1304048,1,12,6,KL Nagarkoti,-2.0833333333333335
1304048,1,15,6,Kuldeep Yadav,-7.333333333333334
1304048,2,5,6,M Ashwin,-5.041666666666667
1304048,2,8,6,TS Mills,-2.6818181818181817
1304048,2,12,6,DR Sams,-1.1388888888888888
1304048,2,15,6,JJ Bumrah,-1.6388888888888888
1304049,1,5,6,OF Smith,-0.45833333333333315
1304049,1,8,6,RD Chahar,-2.208333333333333
1304049,1,12,6,OF Smith,-1.3823529411764708
1304049,1,15,6,Arshdeep Singh,-0.2777777777777778
1304049,2,5,6,Shahbaz Ahmed,-0.4999999999999999
1304049,2,8,6,HV Patel,-0.5833333333333334
1304049,2,12,6,PWH de Silva,-3.4117647058823533
1304049,2,15,6,PWH de Silva,-3.2291666666666665
1304050,1,5,6,LH Ferguson,0.30000000000000004
1304050,1,8,6,HH Pandya,-0.041666666666666796
1304050,1,12,6,VR Aaron,-3.8888888888888893
1304050,1,15,6,Rashid Khan,-2.7083333333333335
1304050,2,5,6,Ravi Bishnoi,-0.5
1304050,2,8,6,KH Pandya,-0.12499999999999994
1304050,2,12,6,KH Pandya,-2.4375
1304050,2,15,6,DJ Hooda,-3.4166666666666665
1304051,1,5,6,T Natarajan,-0.6
1304051,1,8,6,Umran Malik,-3.75
1304051,1,12,6,Umran Malik,-3.2941176470588234
1304051,1,15,6,Washington Sundar,-1.4166666666666665
1304051,2,5,6,M Prasidh Krishna,-4.555555555555555
1304051,2,8,6,YS Chahal,-2.333333333333333
1304051,2,12,6,YS Chahal,-5.111111111111112
1304051,2,15,6,YS Chahal,-7.520833333333333
1304052,1,5,6,Akash Deep,-6.454545454545454
1304052,1,8,6,PWH de Silva,-7.583333333333333
1304052,1,12,6,Shahbaz Ahmed,-1.7
1304052,1,15,6,HV Patel,-4.583333333333334
1304052,2,5,6,AD Russell,-0.7000000000000001
1304052,2,8,6,SP Narine,0.33333333333333326
1304052,2,12,6,AD Russell,-0.9999999999999999
1304052,2,15,6,CV Varun,-3.2083333333333335
1304053,1,5,6,KH Pandya,-2.166666666666667
1304053,1,8,6,PVD Chameera,-1.3333333333333333
1304053,1,12,6,DJ Hooda,-1.3333333333333333
1304053,1,15,6,KH Pandya,-1.1666666666666667
1304053,2,5,6,DJ Bravo,0.25
1304053,2,8,6,RA Jadeja,-1.0
1304053,2,12,6,D Pretorius,-2.375
1304053,2,15,6,DJ Bravo,-0.3888888888888889
1304054,1,5,6,TG Southee,-3.291666666666667
1304054,1,8,6,UT Yadav,-3.1176470588235294
1304054,1,12,6,TG Southee,-5.666666666666666
1304054,1,15,6,CV Varun,0.29166666666666674
1304054,2,5,6,K Rabada,-3.0277777777777777
1304054,2,8,6,RD Chahar,-4.583333333333334
1304054,2,12,6,RD Chahar,-4.739130434782609
1304055,1,5,6,TS Mills,-2.083333333333333
1304055,1,8,6,M Ashwin,0.2727272727272727
1304055,1,12,6,KA Pollard,-0.6249999999999999
1304055,1,15,6,DR Sams,-0.6136363636363636
1304055,2,5,6,M Prasidh Krishna,-3.375
1304055,2,8,6,Navdeep Saini,-4.25
1304055,2,12,6,TA Boult,-0.323529411764706
1304055,2,15,6,YS Chahal,-5.333333333333334
1304056,1,5,6,Mustafizur Rahman,-2.7083333333333335
1304056,1,8,6,Kuldeep Yadav,-2.6666666666666665
1304056,1,12,6,Kuldeep Yadav,-2.805555555555556
1304056,1,15,6,AR Patel,-0.6041666666666666
1304056,2,5,6,Mohammed Shami,-1.0555555555555556
1304056,2,8,6,VR Aaron,-0.5833333333333334
1304056,2,12,6,Rashid Khan,-0.3611111111111111
1304056,2,15,6,Rashid Khan,-0.21739130434782608
1304057,1,5,6,DJ Bravo,-1.5
1304057,1,8,6,RA Jadeja,-0.5909090909090909
1304057,1,12,6,Mukesh Choudhary,-3.958333333333333
1304057,1,15,6,CJ Jordan,-4.970588235294118
1304057,2,5,6,Arshdeep Singh,-2.9166666666666665
1304057,2,8,6,RD Chahar,0.25
1304057,2,12,6,LS Livingstone,0.25
1304057,2,15,6,RD Chahar,-2.805555555555556
1304058,1,5,6,Washington Sundar,-4.972222222222222
1304058,1,8,6,T Natarajan,0.16666666666666663
1304058,1,12,6,B Kumar,-0.08333333333333331
1304058,1,15,6,R Shepherd,-5.75
1304058,2,5,6,Avesh Khan,-5.041666666666667
1304058,2,8,6,KH Pandya,-0.2916666666666667
1304058,2,12,6,Ravi Bishnoi,-0.1764705882352941
1304058,2,15,6,Ravi Bishnoi,-0.2708333333333333
1304059,1,5,6,DJ Willey,-2.5555555555555554
1304059,1,8,6,PWH de Silva,-0.6666666666666666
1304059,1,12,6,HV Patel,-2.136363636363636
1304059,1,15,6,PWH de Silva,-3.0416666666666665
1304059,2,5,6,R Ashwin,-0.5416666666666666
1304059,2,8,6,YS Chahal,-7.583333333333333
1304059,2,12,6,TA Boult,-3.0555555555555554
1304059,2,15,6,M Prasidh Krishna,-1.0277777777777777
1304060,1,5,6,PJ Cummins,-1.3333333333333333
1304060,1,8,6,SP Narine,0.25
1304060,1,12,6,UT Yadav,-2.8125
1304060,1,15,6,PJ Cummins,-3.2777777777777777
1304060,2,5,6,DR Sams,-3.0833333333333335
1304060,2,8,6,Basil Thampi,-0.19444444444444453
1304060,2,12,6,JJ Bumrah,-0.5416666666666666
1304060,2,15,6,DR Sams,-4.235294117647059
1304061,1,5,6,AJ Tye,-0.4999999999999999
1304061,1,8,6,Ravi Bishnoi,-2.541666666666667
1304061,1,12,6,KH Pandya,0.08333333333333331
1304061,1,15,6,AJ Tye,-0.5588235294117647
1304061,2,5,6,Mustafizur Rahman,0.2272727272727273
1304061,2,8,6,AR Patel,-0.16666666666666657
1304061,2,12,6,Lalit Yadav,-2.4791666666666665
1304061,2,15,6,Kuldeep Yadav,-3.238095238095238
1304062,1,5,6,Rashid Khan,0.16666666666666663
1304062,1,8,6,Rashid Khan,-0.20833333333333331
1304062,1,12,6,R Tewatia,-2.9999999999999996
1304062,1,15,6,Rashid Khan,-7.479166666666667
1304062,2,5,6,K Rabada,-3.0416666666666665
1304062,2,8,6,LS Livingstone,-1.4166666666666665
1304062,2,12,6,VG Arora,-0.8333333333333334
1304062,2,15,6,Arshdeep Singh,-1.0277777777777777
1304063,1,5,6,T Natarajan,-2.9166666666666665
1304063,1,8,6,Umran Malik,-0.875
1304063,1,12,6,Umran Malik,-1.0277777777777777
1304063,1,15,6,T Natarajan,-5.111111111111112
1304063,2,5,6,M Theekshana,-0.8333333333333334
1304063,2,8,6,RA Jadeja,-0.24999999999999994
1304063,2,12,6,Mukesh Choudhary,-2.7222222222222223
1304063,2,15,6,M Theekshana,-0.5833333333333334
1304064,1,5,6,Akash Deep,-0.4999999999999999
1304064,1,8,6,PWH de Silva,-3.458333333333333
1304064,1,12,6,Shahbaz Ahmed,-0.5833333333333334
1304064,1,15,6,Mohammed Siraj,-0.75
1304064,2,5,6,JJ Bumrah,0.25
1304064,2,8,6,JD Unadkat,-3.0
1304064,2,12,6,JD Unadkat,-2.805555555555556
1304064,2,15,6,KA Pollard,-0.4411764705882353
1304065,1,5,6,SP Narine,-1.3333333333333333
1304065,1,8,6,CV Varun,-3.0
1304065,1,12,6,AD Russell,-2.75
1304065,1,15,6,SP Narine,-5.3125
1304065,2,5,6,Mustafizur Rahman,0.33333333333333326
1304065,2,8,6,AR Patel,-0.6666666666666666
1304065,2,12,6,Kuldeep Yadav,-3.1388888888888893
1304065,2,15,6,Kuldeep Yadav,-8.130434782608695
1304066,1,5,6,Avesh Khan,-2.083333333333333
1304066,1,8,6,JO Holder,-3.333333333333333
1304066,1,12,6,Ravi Bishnoi,-0.611111111111111
1304066,1,15,6,K Gowtham,-5.333333333333334
1304066,2,5,6,R Ashwin,0.08333333333333331
1304066,2,8,6,R Ashwin,0.08333333333333331
1304066,2,12,6,R Ashwin,0.10416666666666669
1304066,2,15,6,YS Chahal,-8.13888888888889
1304067,1,5,6,T Natarajan,-3.75
1304067,1,8,6,AK Markram,-0.5833333333333334
1304067,1,12,6,Umran Malik,-3.1176470588235294
1304067,1,15,6,M Jansen,-2.717391304347826
1304067,2,5,6,LH Ferguson,-2.9166666666666665
1304067,2,8,6,Rashid Khan,-3.125
1304067,2,12,6,HH Pandya,-0.2777777777777778
1304067,2,15,6,LH Ferguson,-1.3529411764705883
1304068,1,5,6,Akash Deep,-0.5833333333333334
1304068,1,8,6,GJ Maxwell,-2.5833333333333335
1304068,1,12,6,GJ Maxwell,-3.25
1304068,1,15,6,JR Hazlewood,-2.735294117647059
1304068,2,5,6,M Theekshana,-5.541666666666667
1304068,2,8,6,RA Jadeja,-3.458333333333333
1304068,2,12,6,M Theekshana,-8.027777777777779
1304068,2,15,6,RA Jadeja,-8.416666666666666
1304069,1,5,6,TS Mills,-1.0
1304069,1,8,6,TS Mills,-1.0
1304069,1,12,6,TS Mills,-0.8888888888888888
1304069,1,15,6,TS Mills,-0.8125000000000001
1304069,2,5,6,Arshdeep Singh,-0.4999999999999999
1304069,2,8,6,RD Chahar,-3.7500000000000004
1304069,2,12,6,Arshdeep Singh,-3.058823529411765
1304069,2,15,6,RD Chahar,-1.0
1304070,1,5,6,M Prasidh Krishna,-2.181818181818182
1304070,1,8,6,R Ashwin,0.16666666666666663
1304070,1,12,6,YS Chahal,-0.4166666666666667
1304070,1,15,6,YS Chahal,-2.9782608695652177
1304070,2,5,6,LH Ferguson,-5.5
1304070,2,8,6,Rashid Khan,-0.041666666666666796
1304070,2,12,6,Mohammed Shami,-3.5833333333333335
1304070,2,15,6,LH Ferguson,-10.222222222222223
1304071,1,5,6,M Jansen,-2.6944444444444446
1304071,1,8,6,J Suchith,-1.3333333333333333
1304071,1,12,6,Umran Malik,-5.472222222222221
1304071,1,15,6,Umran Malik,-5.25
1304071,2,5,6,AD Russell,-3.75
1304071,2,8,6,SP Narine,0.16666666666666663
1304071,2,12,6,SP Narine,-0.055555555555555525
1304071,2,15,6,CV Varun,-1.6944444444444444
1304072,1,5,6,FA Allen,-3.75
1304072,1,8,6,M Ashwin,-0.611111111111111
1304072,1,12,6,TS Mills,-2.541666666666667
1304072,1,15,6,JJ Bumrah,-5.551115123125783e-17
1304072,2,5,6,Avesh Khan,-6.208333333333333
1304072,2,8,6,MP Stoinis,-2.7083333333333335
1304072,2,12,6,Ravi Bishnoi,-0.6944444444444444
1304072,2,15,6,Ravi Bishnoi,-3.1666666666666665
1304073,1,5,6,Mustafizur Rahman,-0.8333333333333333
1304073,1,8,6,Kuldeep Yadav,-2.9999999999999996
1304073,1,12,6,AR Patel,-2.916666666666667
1304073,1,15,6,Mustafizur Rahman,-0.5277777777777777
1304073,2,5,6,JR Hazlewood,-0.9166666666666666
1304073,2,8,6,GJ Maxwell,-0.20833333333333331
1304073,2,12,6,Mohammed Siraj,-2.7777777777777777
1304073,2,15,6,PWH de Silva,-5.9375
1304074,1,5,6,M Jansen,-1.0
1304074,1,8,6,J Suchith,-2.166666666666667
1304074,1,12,6,J Suchith,-2.673913043478261
1304074,1,15,6,T Natarajan,-3.2666666666666666
1304074,2,5,6,Arshdeep Singh,-0.4999999999999999
1304074,2,8,6,RD Chahar,-2.7083333333333335
1304074,2,12,6,LS Livingstone,-0.6249999999999999
1304074,2,15,6,Arshdeep Singh,-0.11764705882352941
1304075,1,5,6,AS Joseph,-2.1000000000000005
1304075,1,8,6,LH Ferguson,-0.6249999999999999
1304075,1,12,6,LH Ferguson,-0.8888888888888888
1304075,1,15,6,Mohammed Shami,-2.6041666666666665
1304075,2,5,6,M Theekshana,-5.055555555555555
1304075,2,8,6,MM Ali,-0.5833333333333334
1304075,2,12,6,DJ Bravo,-2.0
1304075,2,15,6,M Theekshana,-5.208333333333333
1304076,1,5,6,Shivam Mavi,-0.8333333333333333
1304076,1,8,6,UT Yadav,-0.9444444444444444
1304076,1,12,6,PJ Cummins,-1.4166666666666665
1304076,1,15,6,AD Russell,-3.9166666666666665
1304076,2,5,6,R Ashwin,-1.4166666666666665
1304076,2,8,6,M Prasidh Krishna,-1.5
1304076,2,12,6,YS Chahal,-3.694444444444444
1304076,2,15,6,TA Boult,-3.5555555555555554
1304077,1,5,6,KH Pandya,-2.7083333333333335
1304077,1,8,6,MP Stoinis,-1.7999999999999998
1304077,1,12,6,PVD Chameera,-6.055555555555555
1304077,1,15,6,JO Holder,-5.352941176470588
1304077,2,5,6,Mohammed Siraj,-1.3333333333333333
1304077,2,8,6,Shahbaz Ahmed,-0.2777777777777778
1304077,2,12,6,Mohammed Siraj,-3.5
1304077,2,15,6,PWH de Silva,-0.9166666666666666
1304078,1,5,6,AR Patel,-2.25
1304078,1,8,6,Mustafizur Rahman,-3.416666666666667
1304078,1,12,6,AR Patel,-4.75
1304078,1,15,6,AR Patel,-4.708333333333334
1304078,2,5,6,NT Ellis,-0.6
1304078,2,8,6,RD Chahar,-3.0833333333333335
1304079,1,5,6,M Theekshana,-0.24999999999999994
1304079,1,8,6,RA Jadeja,0.20833333333333337
1304079,1,12,6,RA Jadeja,-0.39583333333333337
1304079,1,15,6,DJ Bravo,-3.045454545454545
1304079,2,5,6,JD Unadkat,-0.4999999999999999
1304079,2,8,6,JD Unadkat,-0.6818181818181819
1304079,2,12,6,DR Sams,-8.194444444444443
1304079,2,15,6,RP Meredith,-2.818181818181818
1304080,1,5,6,KK Ahmed,-1.2499999999999998
1304080,1,8,6,Kuldeep Yadav,-1.1363636363636362
1304080,1,12,6,Lalit Yadav,-0.9791666666666665
1304080,1,15,6,KK Ahmed,-3.2222222222222223
1304080,2,5,6,R Ashwin,-3.0833333333333335
1304080,2,8,6,OC McCoy,-1.888888888888889
1304080,2,12,6,YS Chahal,-2.333333333333333
1304080,2,15,6,TA Boult,-3.7777777777777777
1304081,1,5,6,SP Narine,0.16666666666666663
1304081,1,8,6,UT Yadav,-0.5277777777777777
1304081,1,12,6,TG Southee,-2.805555555555556
1304081,1,15,6,SP Narine,-0.41666666666666663
1304081,2,5,6,AS Joseph,-0.5454545454545455
1304081,2,8,6,Rashid Khan,0.08333333333333331
1304081,2,12,6,Yash Dayal,-5.5625
1304081,2,15,6,Rashid Khan,-5.145833333333333
1304082,1,5,6,M Jansen,-7.970588235294118
1304082,1,8,6,J Suchith,-4.666666666666666
1304082,1,12,6,T Natarajan,-4.583333333333334
1304082,1,15,6,T Natarajan,-7.138888888888888
1304082,2,5,6,JR Hazlewood,-1.3055555555555554
1304083,1,5,6,JD Unadkat,0.25
1304083,1,8,6,JD Unadkat,-0.20833333333333331
1304083,1,12,6,DR Sams,-0.6904761904761905
1304083,1,15,6,RP Meredith,-3.3529411764705883
1304083,2,5,6,JO Holder,-0.9166666666666666
1304083,2,8,6,Mohsin Khan,-2.541666666666667
1304083,2,12,6,PVD Chameera,0.08823529411764708
1304083,2,15,6,JO Holder,-1.1470588235294117
1304084,1,5,6,M Theekshana,-3.0833333333333335
1304084,1,8,6,RA Jadeja,-0.36363636363636365
1304084,1,12,6,M Theekshana,-3.1470588235294117
1304084,1,15,6,DJ Bravo,-1.1363636363636362
1304084,2,5,6,Arshdeep Singh,-3.1999999999999997
1304084,2,8,6,R Dhawan,-3.0277777777777777
1304084,2,12,6,K Rabada,-2.9722222222222223
1304084,2,15,6,Sandeep Sharma,-3.395833333333333
1304085,1,5,6,PWH de Silva,-1.1666666666666667
1304085,1,8,6,Mohammed Siraj,-5.944444444444445
1304085,1,12,6,HV Patel,0.08333333333333331
1304085,1,15,6,PWH de Silva,-5.145833333333333
1304085,2,5,6,R Ashwin,-0.41666666666666663
1304085,2,8,6,KR Sen,-5.125
1304085,2,12,6,YS Chahal,-2.541666666666667
1304085,2,15,6,R Ashwin,-7.391304347826087
1304086,1,5,6,AS Joseph,-1.2499999999999998
1304086,1,8,6,Rashid Khan,-0.2916666666666667
1304086,1,12,6,Yash Dayal,-0.3055555555555556
1304086,1,15,6,AS Joseph,-3.0833333333333335
1304086,2,5,6,T Natarajan,-1.3333333333333333
1304086,2,8,6,Washington Sundar,-0.6249999999999999
1304086,2,12,6,Washington Sundar,-0.5
1304086,2,15,6,Umran Malik,-10.543478260869565
1304087,1,5,6,Mustafizur Rahman,0.29166666666666674
1304087,1,8,6,AR Patel,-2.6388888888888893
1304087,1,12,6,Lalit Yadav,-0.7499999999999999
1304087,1,15,6,C Sakariya,-2.7777777777777777
1304087,2,5,6,TG Southee,-0.5833333333333334
1304087,2,8,6,N Rana,-2.166666666666667
1304087,2,12,6,Harshit Rana,-3.0277777777777777
1304087,2,15,6,SP Narine,-2.6041666666666665
1304088,1,5,6,R Dhawan,0.33333333333333326
1304088,1,8,6,LS Livingstone,-0.6666666666666666
1304088,1,12,6,Sandeep Sharma,-2.5869565217391304
1304088,1,15,6,RD Chahar,-2.7777777777777777
1304088,2,5,6,Avesh Khan,-1.2499999999999998
1304088,2,8,6,Ravi Bishnoi,-2.666666666666667
1304088,2,12,6,Mohsin Khan,-2.7647058823529416
1304088,2,15,6,PVD Chameera,-4.888888888888888
1304089,1,5,6,PJ Sangwan,-2.5
1304089,1,8,6,Rashid Khan,-0.24999999999999994
1304089,1,12,6,Mohammed Shami,-0.5277777777777777
1304089,1,15,6,AS Joseph,-1.0555555555555556
1304089,2,5,6,Mohammed Siraj,-0.7000000000000001
1304089,2,8,6,Shahbaz Ahmed,-3.590909090909091
1304089,2,12,6,PWH de Silva,-5.027777777777778
1304089,2,15,6,Mohammed Siraj,-0.8958333333333334
1304090,1,5,6,RP Meredith,0.3999999999999999
1304090,1,8,6,KA Pollard,-0.6666666666666666
1304090,1,12,6,DR Sams,-0.5882352941176472
1304090,1,15,6,HR Shokeen,-6.75
1304090,2,5,6,TA Boult,-3.333333333333333
1304090,2,8,6,KR Sen,0.16666666666666663
1304090,2,12,6,KR Sen,-0.16666666666666657
1304090,2,15,6,M Prasidh Krishna,-3.2941176470588234
1304091,1,5,6,Mustafizur Rahman,-0.5416666666666666
1304091,1,8,6,AR Patel,-0.027777777777777846
1304091,1,12,6,SN Thakur,-2.8
1304091,1,15,6,Kuldeep Yadav,-0.9166666666666667
1304091,2,5,6,PVD Chameera,-4.208333333333334
1304091,2,8,6,Ravi Bishnoi,-3.125
1304091,2,12,6,Mohsin Khan,-2.4411764705882355
1304091,2,15,6,JO Holder,-1.1764705882352942
1304092,1,5,6,M Jansen,-0.19444444444444453
1304092,1,8,6,AK Markram,-1.0416666666666667
1304092,1,12,6,B Kumar,-0.055555555555555525
1304092,1,15,6,T Natarajan,-0.7272727272727273
1304092,2,5,6,Mukesh Choudhary,-5.583333333333333
1304092,2,8,6,RA Jadeja,0.20833333333333337
1304092,2,12,6,D Pretorius,-0.7499999999999999
1304092,2,15,6,M Theekshana,-0.06249999999999997
1304093,1,5,6,AS Roy,-0.20833333333333331
1304093,1,8,6,TG Southee,-3.3
1304093,1,12,6,TG Southee,-3.541666666666667
1304093,1,15,6,SP Narine,-0.12499999999999994
1304093,2,5,6,M Prasidh Krishna,-2.958333333333333
1304093,2,8,6,R Ashwin,-0.24999999999999994
1304093,2,12,6,TA Boult,-2.6875
1304093,2,15,6,KR Sen,-2.9166666666666665
1304094,1,5,6,Arshdeep Singh,0.30000000000000004
1304094,1,8,6,R Dhawan,-2.333333333333333
1304094,1,12,6,R Dhawan,-2.6176470588235294
1304094,1,15,6,Arshdeep Singh,-0.24999999999999994
1304094,2,5,6,LH Ferguson,-0.6
1304094,2,8,6,AS Joseph,-0.5833333333333334
1304094,2,12,6,Rashid Khan,-0.33333333333333337
1304094,2,15,6,Mohammed Shami,-3.75
1304095,1,5,6,M Theekshana,0.0
1304095,1,8,6,RA Jadeja,-2.7083333333333335
1304095,1,12,6,RA Jadeja,-2.5416666666666665
1304095,1,15,6,D Pretorius,-2.3000000000000003
1304095,2,5,6,PWH de Silva,-1.3333333333333333
1304095,2,8,6,Shahbaz Ahmed,-3.3333333333333335
1304095,2,12,6,HV Patel,-1.3333333333333333
1304095,2,15,6,HV Patel,-3.0416666666666665
1304096,1,5,6,Kartik Tyagi,-1.6
1304096,1,8,6,S Gopal,-3.75
1304096,1,12,6,Kartik Tyagi,-0.8055555555555556
1304096,1,15,6,B Kumar,-2.3888888888888893
1304096,2,5,6,SN Thakur,-0.5416666666666666
1304096,2,8,6,MR Marsh,-2.208333333333333
1304096,2,12,6,KK Ahmed,-5.722222222222222
1304096,2,15,6,A Nortje,-3.0652173913043477
1304097,1,5,6,LH Ferguson,-1.2499999999999998
1304097,1,8,6,R Tewatia,-0.7499999999999999
1304097,1,12,6,PJ Sangwan,-2.8823529411764706
1304097,1,15,6,Mohammed Shami,-0.6388888888888888
1304097,2,5,6,M Ashwin,-0.5833333333333334
1304097,2,8,6,K Kartikeya,-1.0
1304097,2,12,6,M Ashwin,-5.395833333333334
1304097,2,15,6,KA Pollard,-2.7083333333333335
1304098,1,5,6,R Ashwin,-2.1000000000000005
1304098,1,8,6,KR Sen,-0.9999999999999999
1304098,1,12,6,KR Sen,-0.7777777777777778
1304098,1,15,6,R Ashwin,-3.0833333333333335
1304098,2,5,6,Arshdeep Singh,-1.4166666666666665
1304098,2,8,6,R Dhawan,-2.7083333333333335
1304098,2,12,6,R Dhawan,-3.361111111111111
1304098,2,15,6,K Rabada,-3.911764705882353
1304099,1,5,6,Harshit Rana,-2.0833333333333335
1304099,1,8,6,Shivam Mavi,-0.4999999999999999
1304099,1,12,6,AD Russell,-2.416666666666667
1304099,1,15,6,SP Narine,-2.4375
1304099,2,5,6,JO Holder,-2.333333333333333
1304099,2,8,6,JO Holder,-3.9166666666666665
1304099,2,12,6,Avesh Khan,-7.705882352941177
1304100,1,5,6,Kartik Tyagi,-1.7
1304100,1,8,6,Abhishek Sharma,-0.6666666666666666
1304100,1,12,6,J Suchith,-5.3125
1304100,1,15,6,B Kumar,-0.33333333333333337
1304100,2,5,6,Mohammed Siraj,-0.5833333333333334
1304100,2,8,6,PWH de Silva,-3.0833333333333335
1304100,2,12,6,PWH de Silva,-5.208333333333333
1304100,2,15,6,JR Hazlewood,-4.944444444444445
1304101,1,5,6,SN Thakur,-1.0454545454545454
1304101,1,8,6,AR Patel,-0.3611111111111111
1304101,1,12,6,Kuldeep Yadav,-1.7647058823529411
1304101,1,15,6,SN Thakur,-1.1764705882352942
1304101,2,5,6,Simarjeet Singh,-3.25
1304101,2,8,6,M Theekshana,-3.75
1304101,2,12,6,DJ Bravo,-0.6363636363636364
1304101,2,15,6,Simarjeet Singh,-5.521739130434783
1304102,1,5,6,K Kartikeya,-4.583333333333333
1304102,1,8,6,K Kartikeya,-3.416666666666667
1304102,1,12,6,KA Pollard,-1.5454545454545456
1304102,1,15,6,M Ashwin,-3.2291666666666665
1304102,2,5,6,SP Narine,0.19999999999999996
1304102,2,8,6,CV Varun,-0.2916666666666667
1304102,2,12,6,CV Varun,-2.833333333333333
1304102,2,15,6,TG Southee,-2.3888888888888893
1304103,1,5,6,PVD Chameera,-0.7222222222222222
1304103,1,8,6,KH Pandya,0.16666666666666663
1304103,1,12,6,KH Pandya,-0.08333333333333329
1304103,1,15,6,JO Holder,-0.47058823529411764
1304103,2,5,6,Yash Dayal,-6.666666666666667
1304103,2,8,6,AS Joseph,-0.5833333333333334
1304103,2,12,6,R Sai Kishore,-4.791666666666666
1304104,1,5,6,AR Patel,-1.2499999999999998
1304104,1,8,6,MR Marsh,-3.1666666666666665
1304104,1,12,6,AR Patel,-1.2916666666666665
1304104,1,15,6,SN Thakur,-0.75
1304104,2,5,6,M Prasidh Krishna,-5.551115123125783e-17
1304104,2,8,6,YS Chahal,-0.6666666666666666
1304104,2,12,6,M Prasidh Krishna,-0.4444444444444443
1304104,2,15,6,R Ashwin,-0.4347826086956522
1304105,1,5,6,RP Meredith,-3.0
1304105,1,8,6,K Kartikeya,-1.2499999999999998
1304105,1,12,6,K Kartikeya,-5.5
1304105,1,15,6,RP Meredith,-8.194444444444443
1304105,2,5,6,Simarjeet Singh,-2.6944444444444446
1304105,2,8,6,DJ Bravo,-0.6666666666666666
1304105,2,12,6,MM Ali,-2.25
1304106,1,5,6,Mohammed Siraj,-1.909090909090909
1304106,1,8,6,PWH de Silva,-2.625
1304106,1,12,6,HV Patel,-0.5833333333333334
1304106,1,15,6,JR Hazlewood,-1.6111111111111112
1304106,2,5,6,K Rabada,-2.166666666666667
1304106,2,8,6,Harpreet Brar,-1.1176470588235294
1304106,2,12,6,RD Chahar,-3.305555555555556
1304106,2,15,6,K Rabada,-4.6764705882352935
1304107,1,5,6,M Jansen,-3.0277777777777777
1304107,1,8,6,Washington Sundar,-0.20833333333333331
1304107,1,12,6,M Jansen,-2.833333333333333
1304107,1,15,6,Umran Malik,-8.229166666666668
1304107,2,5,6,AD Russell,-2.0
1304107,2,8,6,TG Southee,-3.0416666666666665
1304107,2,12,6,SP Narine,-2.9375
1304107,2,15,6,CV Varun,-2.791666666666667
1304108,1,5,6,Rashid Khan,-1.4166666666666665
1304108,1,8,6,R Sai Kishore,-3.1999999999999997
1304108,1,12,6,R Sai Kishore,-2.805555555555556
1304108,1,15,6,Rashid Khan,-2.916666666666667
1304108,2,5,6,MJ Santner,-0.8333333333333333
1304108,2,8,6,MJ Santner,-0.4999999999999999
1304108,2,12,6,PH Solanki,0.08333333333333331
1304108,2,15,6,Simarjeet Singh,-0.7777777777777778
1304109,1,5,6,PVD Chameera,-1.4545454545454546
1304109,1,8,6,JO Holder,-2.75
1304109,1,12,6,KH Pandya,-0.5833333333333334
1304109,1,15,6,Ravi Bishnoi,-3.305555555555556
1304109,2,5,6,M Prasidh Krishna,-2.9444444444444446
1304109,2,8,6,OC McCoy,-0.4999999999999999
1304109,2,12,6,OC McCoy,-0.24999999999999994
1304109,2,15,6,YS Chahal,-0.9705882352941176
1304110,1,5,6,K Rabada,-0.9166666666666666
1304110,1,8,6,RD Chahar,-0.5416666666666666
1304110,1,12,6,RD Chahar,-0.25
1304110,1,15,6,LS Livingstone,-7.739130434782608
1304110,2,5,6,SN Thakur,-6.333333333333333
1304110,2,8,6,AR Patel,-2.625
1304110,2,12,6,AR Patel,-4.895833333333333
1304110,2,15,6,SN Thakur,-5.916666666666666
1304111,1,5,6,DR Sams,-3.0555555555555554
1304111,1,8,6,M Markande,-0.6666666666666666
1304111,1,12,6,RP Meredith,-1.0
1304111,1,15,6,DR Sams,-3.458333333333333
1304111,2,5,6,Fazalhaq Farooqi,0.3181818181818181
1304111,2,8,6,Umran Malik,-2.6666666666666665
1304111,2,12,6,Washington Sundar,-3.1666666666666665
1304111,2,15,6,T Natarajan,-1.1944444444444446
1304112,1,5,6,CV Varun,-0.4999999999999999
1304112,1,8,6,AD Russell,-0.6666666666666666
1304112,1,12,6,SP Narine,-0.027777777777777846
1304112,1,15,6,CV Varun,-0.7500000000000001
1304112,2,5,6,K Gowtham,-2.0833333333333335
1304112,2,8,6,Ravi Bishnoi,0.16666666666666663
1304112,2,12,6,Mohsin Khan,-4.861111111111112
1304112,2,15,6,Ravi Bishnoi,-3.125
1304113,1,5,6,GJ Maxwell,-2.083333333333333
1304113,1,8,6,HV Patel,-2.25
1304113,1,12,6,PWH de Silva,-0.33333333333333337
1304113,1,15,6,S Kaul,-0.8333333333333334
1304113,2,5,6,Yash Dayal,-0.4999999999999999
1304113,2,8,6,R Sai Kishore,0.125
1304113,2,12,6,R Sai Kishore,0.14583333333333337
1304113,2,15,6,HH Pandya,-1.3333333333333333
1304114,1,5,6,TA Boult,-4.277777777777778
1304114,1,8,6,OC McCoy,-2.166666666666667
1304114,1,12,6,OC McCoy,-2.3000000000000003
1304114,1,15,6,M Prasidh Krishna,-0.7222222222222222
1304114,2,5,6,Simarjeet Singh,-2.9722222222222223
1304114,2,8,6,MJ Santner,-2.6666666666666665
1304114,2,12,6,MJ Santner,-2.5555555555555554
1304114,2,15,6,MM Ali,-2.5208333333333335
1304115,1,5,6,JJ Bumrah,-5.083333333333333
1304115,1,8,6,M Markande,-2.25
1304115,1,12,6,M Markande,-2.6875
1304115,1,15,6,Ramandeep Singh,-2.25
1304115,2,5,6,A Nortje,-3.333333333333333
1304115,2,8,6,AR Patel,0.16666666666666663
1304115,2,12,6,AR Patel,-0.4166666666666667
1304115,2,15,6,A Nortje,-3.5
1304116,1,5,6,NT Ellis,-1.2499999999999998
1304116,1,8,6,Harpreet Brar,-2.625
1304116,1,12,6,NT Ellis,-0.5909090909090909
1304116,1,15,6,Arshdeep Singh,0.027777777777777735
1304116,2,5,6,J Suchith,-1.4166666666666665
1304116,2,8,6,Umran Malik,-3.416666666666667
1304116,2,12,6,Fazalhaq Farooqi,-5.434782608695652
1312197,1,5,6,AS Joseph,-1.2499999999999998
1312197,1,8,6,Rashid Khan,0.20833333333333337
1312197,1,12,6,HH Pandya,0.19999999999999996
1312197,1,15,6,Rashid Khan,0.20833333333333337
1312197,2,5,6,R Ashwin,-2.5999999999999996
1312197,2,8,6,YS Chahal,-0.20833333333333331
1312197,2,12,6,OC McCoy,-3.541666666666667
1312197,2,15,6,TA Boult,-3.458333333333333
1312198,1,5,6,KH Pandya,-1.4166666666666665
1312198,1,8,6,Avesh Khan,-3.333333333333333
1312198,1,12,6,KH Pandya,-3.413043478260869
1312198,1,15,6,Ravi Bishnoi,-3.458333333333333
1312198,2,5,6,Mohammed Siraj,-3.2777777777777777
1312198,2,8,6,PWH de Silva,0.08333333333333331
1312198,2,12,6,Shahbaz Ahmed,-0.4375
1312198,2,15,6,Mohammed Siraj,-3.282608695652174
1312199,1,5,6,M Prasidh Krishna,-2.888888888888889
1312199,1,8,6,YS Chahal,-0.8
1312199,1,12,6,YS Chahal,-1.1818181818181817
1312199,1,15,6,R Ashwin,-2.7708333333333335
1312199,2,5,6,JR Hazlewood,-2.958333333333333
1312199,2,8,6,Shahbaz Ahmed,-2.166666666666667
1312199,2,12,6,JR Hazlewood,-2.7222222222222223
1312199,2,15,6,PWH de Silva,-2.833333333333333
1312200,1,5,6,Rashid Khan,-0.5833333333333334
1312200,1,8,6,HH Pandya,-2.083333333333333
1312200,1,12,6,HH Pandya,-4.666666666666666
1312200,1,15,6,R Sai Kishore,-2.333333333333333
1312200,2,5,6,YS Chahal,-0.4999999999999999
1312200,2,8,6,M Prasidh Krishna,-3.194444444444444
1312200,2,12,6,TA Boult,-2.333333333333333
1312200,2,15,6,R Ashwin,-1.125
1359475,1,5,6,Rashid Khan,-2.9166666666666665
1359475,1,8,6,AS Joseph,-2.0
1359475,1,12,6,J Little,-3.5277777777777777
1359475,1,15,6,AS Joseph,-0.5833333333333334
1359475,2,5,6,MJ Santner,-1.2499999999999998
1359475,2,8,6,RA Jadeja,0.16666666666666663
1359475,2,12,6,RA Jadeja,-2.6875
1359475,2,15,6,MJ Santner,-0.7916666666666666
1359476,1,5,6,CV Varun,-0.4999999999999999
1359476,1,8,6,SN Thakur,-1.5
1359476,1,12,6,UT Yadav,-2.833333333333333
1359476,1,15,6,SN Thakur,-1.0833333333333333
1359476,2,5,6,Sikandar Raza,-0.7000000000000001
1359476,2,8,6,R Dhawan,-2.0833333333333335
1359476,2,12,6,RD Chahar,-2.6666666666666665
1359476,2,15,6,Arshdeep Singh,-7.972222222222221
1359477,1,5,6,C Sakariya,-2.625
1359477,1,8,6,Kuldeep Yadav,-0.7499999999999999
1359477,1,12,6,Kuldeep Yadav,-3.1666666666666665
1359477,1,15,6,Kuldeep Yadav,-2.916666666666667
1359477,2,5,6,Avesh Khan,-0.45833333333333315
1359477,2,8,6,K Gowtham,-0.6363636363636364
1359477,2,12,6,MA Wood,-7.166666666666666
1359477,2,15,6,Avesh Khan,-5.194444444444445
1359478,1,5,6,Fazalhaq Farooqi,-4.166666666666667
1359478,1,8,6,AU Rashid,-0.20833333333333331
1359478,1,12,6,Fazalhaq Farooqi,-6.25
1359478,1,15,6,AU Rashid,-0.4375
1359478,2,5,6,R Ashwin,-0.6666666666666666
1359478,2,8,6,JO Holder,-2.958333333333333
1359478,2,12,6,NA Saini,-0.875
1359478,2,15,6,R Ashwin,-2.6666666666666665
1359479,1,5,6,Akash Deep,-3.0833333333333335
1359479,1,8,6,MG Bracewell,-3.75
1359479,1,12,6,Akash Deep,-3.0833333333333335
1359479,1,15,6,KV Sharma,-5.239130434782608
1359479,2,5,6,JC Archer,-0.9166666666666666
1359479,2,8,6,PP Chawla,-0.25
1359479,2,12,6,JP Behrendorff,-1.3333333333333333
1359479,2,15,6,C Green,-4.208333333333334
1359480,1,5,6,MA Wood,-2.0833333333333335
1359480,1,8,6,Yash Thakur,-0.2916666666666667
1359480,1,12,6,Yash Thakur,-0.6388888888888888
1359480,1,15,6,Ravi Bishnoi,-7.826086956521739
1359480,2,5,6,MM Ali,-3.0
1359480,2,8,6,MJ Santner,-2.6666666666666665
1359480,2,12,6,MJ Santner,-2.5
1359480,2,15,6,TU Deshpande,-3.0833333333333335
1359481,1,5,6,HH Pandya,-0.4999999999999999
1359481,1,8,6,AS Joseph,-5.458333333333333
1359481,1,12,6,Rashid Khan,-3.0833333333333335
1359481,1,15,6,J Little,-0.25
1359481,2,5,6,KK Ahmed,-3.708333333333333
1359481,2,8,6,Mukesh Kumar,-0.7777777777777778
1359481,2,12,6,A Nortje,-5.5
1359481,2,15,6,Mukesh Kumar,-1.0
1359482,1,5,6,JO Holder,-0.5833333333333334
1359482,1,8,6,TA Boult,-0.7777777777777778
1359482,1,12,6,KM Asif,-1.411764705882353
1359482,1,15,6,YS Chahal,-3.978260869565217
1359482,2,5,6,NT Ellis,-3.75
1359482,2,8,6,Sikandar Raza,0.125
1359482,2,12,6,Sikandar Raza,-0.6666666666666666
1359482,2,15,6,RD Chahar,-0.2708333333333333
1359483,1,5,6,DJ Willey,-4.916666666666667
1359483,1,8,6,MG Bracewell,-3.125
1359483,1,12,6,Akash Deep,-1.0454545454545454
1359483,1,15,6,DJ Willey,-5.065217391304349
1359483,2,5,6,CV Varun,-2.9166666666666665
1359483,2,8,6,SP Narine,-4.75
1359483,2,12,6,Suyash Sharma,-5.136363636363637
1359483,2,15,6,SP Narine,-4.9375
1359484,1,5,6,Yash Thakur,-1.2499999999999998
1359484,1,8,6,Ravi Bishnoi,-2.375
1359484,1,12,6,A Mishra,0.25
1359484,1,15,6,KH Pandya,-7.75
1359484,2,5,6,B Kumar,-2.958333333333333
1359484,2,8,6,AU Rashid,-0.6249999999999999
1359484,2,12,6,Umran Malik,-3.454545454545455
1359484,2,15,6,T Natarajan,-0.3055555555555556
1359485,1,5,6,A Nortje,-1.2083333333333333
1359485,1,8,6,Mukesh Kumar,-2.625
1359485,1,12,6,AR Patel,-1.0
1359485,1,15,6,Mukesh Kumar,-3.0555555555555554
1359485,2,5,6,R Ashwin,-2.6818181818181817
1359485,2,8,6,TA Boult,-5.75
1359485,2,12,6,TA Boult,-8.208333333333334
1359485,2,15,6,R Ashwin,-5.166666666666667
1359486,1,5,6,SSB Magala,-1.8333333333333335
1359486,1,8,6,RA Jadeja,-4.833333333333334
1359486,1,12,6,RA Jadeja,-7.5
1359486,1,15,6,SSB Magala,-3.666666666666667
1359486,2,5,6,PP Chawla,-1.4999999999999998
1359486,2,8,6,C Green,-0.20833333333333331
1359486,2,12,6,K Kartikeya,0.08333333333333331
1359486,2,15,6,PP Chawla,-3.2708333333333335
1359487,1,5,6,CV Varun,-1.7
1359487,1,8,6,CV Varun,-1.0833333333333335
1359487,1,12,6,UT Yadav,-0.8055555555555556
1359487,1,15,6,Suyash Sharma,-2.9375
1359487,2,5,6,AS Joseph,-0.41666666666666663
1359487,2,8,6,Rashid Khan,-0.7499999999999999
1359487,2,12,6,Rashid Khan,-1.1944444444444446
1359487,2,15,6,AS Joseph,-5.458333333333333
1359488,1,5,6,M Jansen,-5.361111111111112
1359488,1,8,6,M Markande,-3.0
1359488,1,12,6,M Markande,-7.444444444444445
1359488,1,15,6,T Natarajan,-1.0833333333333333
1359488,2,5,6,SM Curran,-0.08333333333333331
1359488,2,8,6,RD Chahar,-3.375
1359488,2,12,6,Mohit Rathee,-0.4999999999999999
1359488,2,15,6,SM Curran,-0.027777777777777846
1359489,1,5,6,MA Wood,-1.4999999999999998
1359489,1,8,6,Ravi Bishnoi,0.08333333333333331
1359489,1,12,6,MA Wood,-0.4999999999999999
1359489,1,15,6,MA Wood,-0.5588235294117647
1359489,2,5,6,WD Parnell,-5.541666666666667
1359489,2,8,6,KV Sharma,-2.166666666666667
1359489,2,12,6,KV Sharma,-4.361111111111111
1359489,2,15,6,DJ Willey,-0.26086956521739124
1359490,1,5,6,HR Shokeen,-3.333333333333333
1359490,1,8,6,PP Chawla,-2.7083333333333335
1359490,1,12,6,PP Chawla,-7.6875
1359490,1,15,6,C Green,-1.2058823529411766
1359490,2,5,6,Lalit Yadav,-0.5416666666666666
1359490,2,8,6,A Nortje,-1.3333333333333333
1359490,2,12,6,AR Patel,-0.12499999999999994
1359490,2,15,6,Mukesh Kumar,-7.0
1359491,1,5,6,TU Deshpande,-3.125
1359491,1,8,6,RA Jadeja,-4.75
1359491,1,12,6,RA Jadeja,-4.760869565217391
1359491,1,15,6,M Theekshana,-1.0416666666666667
1359491,2,5,6,R Ashwin,-0.5833333333333334
1359491,2,8,6,A Zampa,-1.0909090909090908
1359491,2,12,6,YS Chahal,-0.16666666666666657
1359491,2,15,6,R Ashwin,-5.166666666666667
1359492,1,5,6,J Little,-3.0
1359492,1,8,6,Rashid Khan,-3.375
1359492,1,12,6,MM Sharma,-2.625
1359492,1,15,6,Rashid Khan,-2.9791666666666665
1359492,2,5,6,SM Curran,0.25
1359492,2,8,6,RD Chahar,-0.6666666666666666
1359492,2,12,6,Harpreet Brar,-0.055555555555555525
1359492,2,15,6,RD Chahar,-0.6388888888888888
1359493,1,5,6,CV Varun,-0.8
1359493,1,8,6,SP Narine,0.2272727272727273
1359493,1,12,6,CV Varun,-3.1388888888888893
1359493,1,15,6,Suyash Sharma,-1.1458333333333335
1359493,2,5,6,Umran Malik,-4.5
1359493,2,8,6,M Markande,-3.0416666666666665
1359493,2,12,6,M Markande,-5.354166666666666
1359493,2,15,6,M Jansen,-5.159090909090909
1359494,1,5,6,Lalit Yadav,0.16666666666666663
1359494,1,8,6,Kuldeep Yadav,-0.6666666666666666
1359494,1,12,6,MR Marsh,-5.916666666666666
1359494,1,15,6,Lalit Yadav,-2.7391304347826084
1359494,2,5,6,Vijaykumar Vyshak,-3.0833333333333335
1359494,2,8,6,HV Patel,-2.166666666666667
1359494,2,12,6,Vijaykumar Vyshak,-5.305555555555555
1359494,2,15,6,Vijaykumar Vyshak,-7.645833333333333
1359495,1,5,6,Harpreet Brar,-0.5833333333333334
1359495,1,8,6,Sikandar Raza,-3.1666666666666665
1359495,1,12,6,Arshdeep Singh,-0.5416666666666666
1359495,1,15,6,RD Chahar,-0.611111111111111
1359495,2,5,6,K Gowtham,-3.0
1359495,2,8,6,KH Pandya,-0.5833333333333334
1359495,2,12,6,KH Pandya,-3.5833333333333335
1359495,2,15,6,MA Wood,-2.5294117647058822
1359496,1,5,6,PP Chawla,-2.166666666666667
1359496,1,8,6,HR Shokeen,-3.7916666666666665
1359496,1,12,6,HR Shokeen,-5.833333333333334
1359496,1,15,6,PP Chawla,-2.4791666666666665
1359496,2,5,6,CV Varun,-0.5833333333333334
1359496,2,8,6,Suyash Sharma,-3.3333333333333335
1359496,2,12,6,AD Russell,-2.166666666666667
1359496,2,15,6,SP Narine,-1.3888888888888888
1359497,1,5,6,R Ashwin,-1.3333333333333333
1359497,1,8,6,YS Chahal,0.16666666666666663
1359497,1,12,6,A Zampa,-2.805555555555556
1359497,1,15,6,Sandeep Sharma,-2.5277777777777777
1359497,2,5,6,HH Pandya,-2.888888888888889
1359497,2,8,6,Rashid Khan,-2.333333333333333
1359497,2,12,6,Rashid Khan,-5.861111111111112
1359497,2,15,6,AS Joseph,-1.6944444444444444
1359498,1,5,6,WD Parnell,-1.1111111111111112
1359498,1,8,6,HV Patel,-0.7000000000000001
1359498,1,12,6,HV Patel,-0.9166666666666666
1359498,1,15,6,HV Patel,-3.305555555555556
1359498,2,5,6,M Theekshana,-1.3333333333333333
1359498,2,8,6,RA Jadeja,-0.37499999999999994
1359498,2,12,6,M Theekshana,-3.1388888888888893
1359498,2,15,6,M Theekshana,-3.1956521739130435
1359499,1,5,6,B Kumar,-0.5833333333333334
1359499,1,8,6,Washington Sundar,-0.7777777777777778
1359499,1,12,6,Washington Sundar,-0.7291666666666666
1359499,1,15,6,M Markande,-0.782608695652174
1359499,2,5,6,JP Behrendorff,-5.333333333333333
1359499,2,8,6,C Green,-3.3
1359499,2,12,6,C Green,-3.125
1359499,2,15,6,C Green,-3.361111111111111
1359500,1,5,6,R Ashwin,-0.4999999999999999
1359500,1,8,6,YS Chahal,-1.0
1359500,1,12,6,YS Chahal,-1.1388888888888888
1359500,1,15,6,JO Holder,-2.833333333333333
1359500,2,5,6,Avesh Khan,-0.875
1359500,2,8,6,A Mishra,-0.6666666666666666
1359500,2,12,6,Ravi Bishnoi,-2.6111111111111107
1359500,2,15,6,Avesh Khan,-3.0
1359501,1,5,6,SM Curran,-0.5833333333333334
1359501,1,8,6,RD Chahar,-0.20833333333333331
1359501,1,12,6,RD Chahar,-0.22916666666666657
1359501,1,15,6,SM Curran,-0.11764705882352941
1359501,2,5,6,Vijaykumar Vyshak,-2.1999999999999997
1359501,2,8,6,PWH de Silva,-3.458333333333333
1359501,2,12,6,PWH de Silva,-5.833333333333334
1359501,2,15,6,Vijaykumar Vyshak,-5.833333333333334
1359502,1,5,6,I Sharma,-2.7222222222222223
1359502,1,8,6,AR Patel,-2.5833333333333335
1359502,1,12,6,A Nortje,-3.0
1359502,1,15,6,A Nortje,-5.235294117647059
1359502,2,5,6,SP Narine,-1.4545454545454546
1359502,2,8,6,AS Roy,-2.125
1359502,2,12,6,SP Narine,-0.8333333333333334
1359502,2,15,6,AS Roy,-2.659090909090909
1359503,1,5,6,M Theekshana,-0.6666666666666666
1359503,1,8,6,MM Ali,-0.6666666666666666
1359503,1,12,6,M Theekshana,-2.7916666666666665
1359503,1,15,6,M Pathirana,-0.16666666666666657
1359503,2,5,6,M Jansen,-1.6111111111111112
1359503,2,8,6,Umran Malik,0.08333333333333331
1359503,2,12,6,Washington Sundar,0.125
1359503,2,15,6,Mayank Dagar,-0.3611111111111111
1359504,1,5,6,Ravi Bishnoi,-1.3333333333333333
1359504,1,8,6,Ravi Bishnoi,-1.4166666666666665
1359504,1,12,6,Avesh Khan,-0.5833333333333334
1359504,1,15,6,Ravi Bishnoi,-0.8888888888888888
1359504,2,5,6,MM Sharma,-0.5833333333333334
1359504,2,8,6,Rashid Khan,-3.305555555555556
1359504,2,12,6,R Tewatia,-0.6
1359504,2,15,6,J Yadav,-0.20833333333333331
1359505,1,5,6,PP Chawla,-1.3333333333333333
1359505,1,8,6,JC Archer,-0.6363636363636364
1359505,1,12,6,HR Shokeen,-0.20833333333333331
1359505,1,15,6,Arjun Tendulkar,-3.9705882352941178
1359505,2,5,6,NT Ellis,-0.6666666666666666
1359505,2,8,6,RD Chahar,-0.6666666666666666
1359505,2,12,6,NT Ellis,-0.6249999999999999
1359505,2,15,6,NT Ellis,-3.361111111111111
1359506,1,5,6,R Ashwin,-1.3333333333333333
1359506,1,8,6,YS Chahal,-0.27272727272727276
1359506,1,12,6,R Ashwin,-0.6470588235294118
1359506,1,15,6,JO Holder,-0.6666666666666666
1359506,2,5,6,GJ Maxwell,-1.2499999999999998
1359506,2,8,6,PWH de Silva,-0.7499999999999999
1359506,2,12,6,PWH de Silva,-0.16666666666666669
1359506,2,15,6,HV Patel,-5.3235294117647065
1359507,1,5,6,K Khejroliya,-1.4166666666666665
1359507,1,8,6,SP Narine,-1.0
1359507,1,12,6,CV Varun,-3.305555555555556
1359507,1,15,6,Suyash Sharma,-2.895833333333333
1359507,2,5,6,M Theekshana,0.19999999999999996
1359507,2,8,6,RA Jadeja,-2.9166666666666665
1359507,2,12,6,RA Jadeja,-3.6111111111111107
1359507,2,15,6,TU Deshpande,-3.3125
1359508,1,5,6,M Jansen,-1.7083333333333335
1359508,1,8,6,M Markande,-0.27272727272727276
1359508,1,12,6,AK Markram,0.0
1359508,1,15,6,Washington Sundar,-7.854166666666666
1359508,2,5,6,A Nortje,-2.9166666666666665
1359508,2,8,6,MR Marsh,0.09999999999999998
1359508,2,12,6,I Sharma,-2.7777777777777777
1359508,2,15,6,Kuldeep Yadav,-2.5625
1359509,1,5,6,C Green,-2.25
1359509,1,8,6,PP Chawla,-2.7083333333333335
1359509,1,12,6,PP Chawla,-5.055555555555555
1359509,1,15,6,JP Behrendorff,-0.38235294117647056
1359509,2,5,6,Rashid Khan,0.25
1359509,2,8,6,Noor Ahmad,-0.6249999999999999
1359509,2,12,6,Noor Ahmad,-8.229166666666668
1359509,2,15,6,MM Sharma,-1.0833333333333335
1359510,1,5,6,Shahbaz Ahmed,-2.9166666666666665
1359510,1,8,6,HV Patel,-0.5833333333333334
1359510,1,12,6,Vijaykumar Vyshak,-4.911764705882352
1359510,1,15,6,HV Patel,-0.8611111111111112
1359510,2,5,6,CV Varun,-3.0416666666666665
1359510,2,8,6,N Rana,-0.6666666666666666
1359510,2,12,6,AD Russell,-2.625
1359510,2,15,6,SP Narine,-0.5208333333333334
1359511,1,5,6,M Theekshana,-0.4999999999999999
1359511,1,8,6,RA Jadeja,-2.772727272727273
1359511,1,12,6,RA Jadeja,-2.9375
1359511,1,15,6,M Pathirana,-0.16666666666666657
1359511,2,5,6,A Zampa,-3.0833333333333335
1359511,2,8,6,R Ashwin,-0.3333333333333333
1359511,2,12,6,YS Chahal,-1.0
1359511,2,15,6,Sandeep Sharma,0.027777777777777735
1359512,1,5,6,K Rabada,-3.95
1359512,1,8,6,RD Chahar,-0.20833333333333331
1359512,1,12,6,RD Chahar,-0.39583333333333337
1359512,1,15,6,K Rabada,-6.09375
1359512,2,5,6,Naveen-ul-Haq,-2.6666666666666665
1359512,2,8,6,A Mishra,-1.0833333333333335
1359512,2,12,6,Ravi Bishnoi,-3.3333333333333335
1359512,2,15,6,Ravi Bishnoi,-5.782608695652175
1359513,1,5,6,Rashid Khan,-1.4999999999999998
1359513,1,8,6,J Little,-0.12499999999999994
1359513,1,12,6,HH Pandya,-1.2499999999999998
1359513,1,15,6,Noor Ahmad,-2.5277777777777777
1359513,2,5,6,CV Varun,-0.5416666666666666
1359513,2,8,6,Suyash Sharma,-0.6249999999999999
1359513,2,12,6,Suyash Sharma,-0.33333333333333337
1359513,2,15,6,AD Russell,-3.3823529411764706
1359514,1,5,6,I Sharma,-4.0
1359514,1,8,6,Kuldeep Yadav,-0.5833333333333334
1359514,1,12,6,Kuldeep Yadav,-0.6388888888888888
1359514,1,15,6,AR Patel,-2.340909090909091
1359514,2,5,6,AJ Hosein,-1.1111111111111112
1359514,2,8,6,Abhishek Sharma,-1.3333333333333333
1359514,2,12,6,Abhishek Sharma,-3.0833333333333335
1359514,2,15,6,M Markande,-5.041666666666667
1359515,1,5,6,SM Curran,-1.0909090909090908
1359515,1,8,6,RD Chahar,-0.3611111111111111
1359515,1,12,6,K Rabada,-0.5882352941176472
1359515,1,15,6,SM Curran,-1.1764705882352942
1359515,2,5,6,M Theekshana,-1.0416666666666667
1359515,2,8,6,RA Jadeja,-2.7083333333333335
1359515,2,12,6,M Theekshana,-0.6944444444444444
1359515,2,15,6,TU Deshpande,-6.027777777777778
1359516,1,5,6,PP Chawla,-0.41666666666666663
1359516,1,8,6,K Kartikeya,-0.4999999999999999
1359516,1,12,6,PP Chawla,-5.708333333333333
1359516,1,15,6,RP Meredith,-1.6111111111111112
1359516,2,5,6,Sandeep Sharma,-2.861111111111111
1359516,2,8,6,R Ashwin,-2.861111111111111
1359516,2,12,6,KR Sen,-3.5
1359516,2,15,6,TA Boult,-3.647058823529412
1359517,1,5,6,Ravi Bishnoi,0.16666666666666663
1359517,1,8,6,Ravi Bishnoi,-2.375
1359517,1,12,6,Ravi Bishnoi,-4.854166666666666
1359517,1,15,6,Naveen-ul-Haq,-0.9583333333333335
1359517,2,5,6,PWH de Silva,-2.9166666666666665
1359517,2,8,6,KV Sharma,-3.125
1359517,2,12,6,KV Sharma,-5.125
1359517,2,15,6,PWH de Silva,-2.5833333333333335
1359518,1,5,6,J Little,-0.12499999999999994
1359518,1,8,6,Noor Ahmad,0.30000000000000004
1359518,1,12,6,Noor Ahmad,-0.027777777777777846
1359518,1,15,6,MM Sharma,-3.125
1359518,2,5,6,A Nortje,-2.5
1359518,2,8,6,Kuldeep Yadav,-2.25
1359518,2,12,6,AR Patel,-5.551115123125783e-17
1359518,2,15,6,A Nortje,-2.735294117647059
1359519,1,5,6,M Theekshana,-5.5
1359519,1,8,6,RA Jadeja,-2.25
1359519,1,12,6,M Theekshana,-5.166666666666667
1359519,1,15,6,M Pathirana,0.13636363636363635
1359520,1,5,6,PP Chawla,-1.3333333333333333
1359520,1,8,6,K Kartikeya,0.09090909090909094
1359520,1,12,6,JC Archer,-1.2999999999999998
1359520,1,15,6,JC Archer,-0.8888888888888888
1359520,2,5,6,NT Ellis,-2.333333333333333
1359520,2,8,6,RD Chahar,-0.5833333333333334
1359520,2,12,6,SM Curran,-2.318181818181818
1359520,2,15,6,NT Ellis,-5.479166666666666
1359521,1,5,6,M Jansen,-5.555555555555555
1359521,1,8,6,AK Markram,-0.6666666666666666
1359521,1,12,6,M Markande,-0.5833333333333334
1359521,1,15,6,B Kumar,-3.235294117647059
1359521,2,5,6,AD Russell,-4.9
1359521,2,8,6,AS Roy,-2.6666666666666665
1359521,2,12,6,Harshit Rana,-2.6086956521739135
1359521,2,15,6,CV Varun,-0.6249999999999999
1359522,1,5,6,Rashid Khan,-2.25
1359522,1,8,6,J Little,-3.125
1359522,1,12,6,J Little,-2.7291666666666665
1359522,1,15,6,Noor Ahmad,-5.65625
1359522,2,5,6,Sandeep Sharma,-0.5588235294117647
1359522,2,8,6,A Zampa,-0.6249999999999999
1359522,2,12,6,R Ashwin,-0.6666666666666666
1359523,1,5,6,TU Deshpande,-2.5277777777777777
1359523,1,8,6,RA Jadeja,-0.24999999999999994
1359523,1,12,6,M Pathirana,0.16666666666666663
1359523,1,15,6,M Theekshana,-0.5208333333333334
1359523,2,5,6,JC Archer,-0.5588235294117647
1359523,2,8,6,PP Chawla,-5.333333333333333
1359523,2,12,6,T Stubbs,-3.0833333333333335
1359523,2,15,6,T Stubbs,-2.75
1359524,1,5,6,KK Ahmed,-1.0
1359524,1,8,6,AR Patel,-0.3055555555555556
1359524,1,12,6,I Sharma,-0.5416666666666666
1359524,1,15,6,Mukesh Kumar,-1.5454545454545456
1359524,2,5,6,JR Hazlewood,-3.75
1359524,2,8,6,KV Sharma,-1.0
1359524,2,12,6,HV Patel,-3.9545454545454546
1359524,2,15,6,KV Sharma,-3.638888888888889
1359525,1,5,6,Yash Thakur,-1.4166666666666665
1359525,1,8,6,Ravi Bishnoi,-0.7272727272727273
1359525,1,12,6,Avesh Khan,-3.0
1359525,1,15,6,Mohsin Khan,-4.138888888888889
1359525,2,5,6,Noor Ahmad,-1.1666666666666667
1359525,2,8,6,MM Sharma,-2.333333333333333
1359525,2,12,6,Mohammed Shami,-3.2777777777777777
1359525,2,15,6,Rashid Khan,-2.9375
1359526,1,5,6,T Natarajan,-0.5416666666666666
1359526,1,8,6,M Markande,-1.4583333333333333
1359526,1,12,6,Vivrant Sharma,-0.6818181818181819
1359526,1,15,6,M Markande,-1.1666666666666667
1359526,2,5,6,YS Chahal,-3.0
1359526,2,8,6,K Yadav,-0.20833333333333331
1359526,2,12,6,R Ashwin,-2.9782608695652177
1359526,2,15,6,YS Chahal,-5.805555555555555
1359527,1,5,6,CV Varun,-3.0833333333333335
1359527,1,8,6,Suyash Sharma,-0.12499999999999994
1359527,1,12,6,CV Varun,-5.3235294117647065
1359527,1,15,6,SP Narine,-0.375
1359527,2,5,6,SM Curran,-2.0833333333333335
1359527,2,8,6,NT Ellis,-2.333333333333333
1359527,2,12,6,SM Curran,-1.4545454545454546
1359527,2,15,6,RD Chahar,-5.021739130434781
1359528,1,5,6,PP Chawla,-1.3333333333333333
1359528,1,8,6,K Kartikeya,0.08333333333333331
1359528,1,12,6,JP Behrendorff,-8.4375
1359528,1,15,6,K Kartikeya,-2.6388888888888893
1359528,2,5,6,Vijaykumar Vyshak,-0.6
1359528,2,8,6,PWH de Silva,-5.636363636363636
1359528,2,12,6,HV Patel,-1.2647058823529411
1359528,2,15,6,Vijaykumar Vyshak,-6.117647058823529
1359529,1,5,6,I Sharma,-1.3333333333333333
1359529,1,8,6,AR Patel,-5.277777777777779
1359529,1,12,6,MR Marsh,0.08333333333333331
1359529,1,15,6,Kuldeep Yadav,-2.4117647058823533
1359529,2,5,6,M Theekshana,0.08333333333333331
1359529,2,8,6,RA Jadeja,-0.08333333333333331
1359529,2,12,6,M Pathirana,-3.0
1359529,2,15,6,M Pathirana,-3.0
1359530,1,5,6,R Ashwin,0.33333333333333326
1359530,1,8,6,JE Root,-0.2916666666666667
1359530,1,12,6,YS Chahal,-3.416666666666667
1359530,1,15,6,KM Asif,-2.888888888888889
1359530,2,5,6,CV Varun,-0.75
1359530,2,8,6,SP Narine,-0.16666666666666657
1359530,2,12,6,Suyash Sharma,-0.5555555555555556
1359531,1,5,6,Noor Ahmad,-1.3333333333333333
1359531,1,8,6,Rashid Khan,-8.0
1359531,1,12,6,Mohammed Shami,-1.2777777777777777
1359531,1,15,6,MM Sharma,-3.25
1359531,2,5,6,CJ Jordan,-0.5833333333333334
1359531,2,8,6,PP Chawla,-3.9166666666666665
1359531,2,12,6,PP Chawla,-5.791666666666667
1359531,2,15,6,Akash Madhwal,-8.208333333333334
1359532,1,5,6,Yash Thakur,-2.083333333333333
1359532,1,8,6,A Mishra,-3.458333333333333
1359532,1,12,6,KH Pandya,-5.541666666666667
1359532,1,15,6,A Mishra,-3.3043478260869565
1359532,2,5,6,Fazalhaq Farooqi,-0.45833333333333315
1359532,2,8,6,M Markande,-3.9166666666666665
1359532,2,12,6,Fazalhaq Farooqi,-0.59375
1359532,2,15,6,Abhishek Sharma,-3.647058823529412
1359533,1,5,6,AR Patel,-2.9166666666666665
1359533,1,8,6,P Dubey,-0.2272727272727273
1359533,1,12,6,AR Patel,-2.625
1359533,1,15,6,I Sharma,-6.027777777777778
1359533,2,5,6,Arshdeep Singh,-1.3333333333333333
1359533,2,8,6,Harpreet Brar,-6.117647058823529
1359533,2,12,6,Sikandar Raza,0.25
1359533,2,15,6,NT Ellis,-3.125
1359534,1,5,6,R Ashwin,0.19999999999999996
1359534,1,8,6,YS Chahal,0.09090909090909094
1359534,1,12,6,Sandeep Sharma,-0.6944444444444444
1359534,1,15,6,A Zampa,-5.354166666666666
1359534,2,5,6,WD Parnell,-7.416666666666667
1359534,2,8,6,MG Bracewell,-5.222222222222221
1359535,1,5,6,VG Arora,-0.3611111111111111
1359535,1,8,6,SP Narine,0.125
1359535,1,12,6,SP Narine,-4.791666666666666
1359535,1,15,6,SN Thakur,-2.6666666666666665
1359535,2,5,6,TU Deshpande,-0.2222222222222222
1359535,2,8,6,MM Ali,-0.4999999999999999
1359535,2,12,6,MM Ali,-0.7708333333333334
1359535,2,15,6,M Pathirana,0.2272727272727273
1359536,1,5,6,T Natarajan,-1.3333333333333333
1359536,1,8,6,Fazalhaq Farooqi,-1.4166666666666665
1359536,1,12,6,T Natarajan,-0.6666666666666666
1359536,1,15,6,B Kumar,-5.833333333333334
1359536,2,5,6,Rashid Khan,-0.5833333333333334
1359536,2,8,6,MM Sharma,-7.583333333333333
1359536,2,12,6,Noor Ahmad,-1.4166666666666665
1359536,2,15,6,Noor Ahmad,-1.2352941176470589
1359537,1,5,6,HR Shokeen,-0.041666666666666796
1359537,1,8,6,PP Chawla,-2.75
1359537,1,12,6,JP Behrendorff,-4.7941176470588225
1359537,1,15,6,C Green,-3.0416666666666665
1359537,2,5,6,Yash Thakur,-0.6818181818181819
1359537,2,8,6,KH Pandya,-0.5833333333333334
1359537,2,12,6,KH Pandya,-0.5416666666666666
1359537,2,15,6,Naveen-ul-Haq,-0.3611111111111111
1359538,1,5,6,NT Ellis,-1.3333333333333333
1359538,1,8,6,RD Chahar,-0.9583333333333335
1359538,1,12,6,K Rabada,-1.2777777777777777
1359538,1,15,6,Harpreet Brar,0.08333333333333331
1359538,2,5,6,Mukesh Kumar,-1.2499999999999998
1359538,2,8,6,AR Patel,-2.75
1359538,2,12,6,A Nortje,-1.0
1359538,2,15,6,A Nortje,-3.305555555555556
1359539,1,5,6,Shahbaz Ahmed,-2.25
1359539,1,8,6,KV Sharma,-0.7499999999999999
1359539,1,12,6,Shahbaz Ahmed,-3.458333333333333
1359539,1,15,6,HV Patel,-0.4166666666666667
1359539,2,5,6,T Natarajan,-0.20833333333333331
1359539,2,8,6,Nithish Kumar Reddy,-0.7272727272727273
1359539,2,12,6,Mayank Dagar,-0.33333333333333337
1359539,2,15,6,Mayank Dagar,-0.20833333333333331
1359540,1,5,6,A Zampa,-2.25
1359540,1,8,6,YS Chahal,0.25
1359540,1,12,6,Sandeep Sharma,-1.25
1359540,1,15,6,Sandeep Sharma,-1.0
1359540,2,5,6,K Rabada,-3.2777777777777777
1359540,2,8,6,RD Chahar,-0.24999999999999994
1359540,2,12,6,NT Ellis,-0.8055555555555556
1359540,2,15,6,Arshdeep Singh,-3.456521739130435
1359541,1,5,6,C Sakariya,0.33333333333333326
1359541,1,8,6,Kuldeep Yadav,-0.3333333333333333
1359541,1,12,6,A Nortje,-0.9583333333333335
1359541,1,15,6,Lalit Yadav,-1.75
1359541,2,5,6,M Theekshana,-0.4999999999999999
1359541,2,8,6,RA Jadeja,-1.1818181818181817
1359541,2,12,6,RA Jadeja,-3.729166666666667
1359541,2,15,6,TU Deshpande,-3.0294117647058827
1359542,1,5,6,CV Varun,-1.3333333333333333
1359542,1,8,6,SN Thakur,-0.8999999999999999
1359542,1,12,6,CV Varun,-3.805555555555556
1359542,1,15,6,CV Varun,-3.416666666666667
1359542,2,5,6,K Gowtham,-2.625
1359542,2,8,6,Ravi Bishnoi,-2.083333333333333
1359542,2,12,6,Ravi Bishnoi,-2.5833333333333335
1359542,2,15,6,Ravi Bishnoi,-5.166666666666667
1359543,1,5,6,PP Chawla,-1.3333333333333333
1359543,1,8,6,K Kartikeya,-0.2916666666666667
1359543,1,12,6,JP Behrendorff,-1.3823529411764708
1359543,1,15,6,PP Chawla,-0.8541666666666667
1359543,2,5,6,Kartik Tyagi,-1.7
1359543,2,8,6,Vivrant Sharma,-1.0
1359543,2,12,6,Nithish Kumar Reddy,-1.0555555555555556
1359543,2,15,6,Umran Malik,-1.9166666666666665
1359544,1,5,6,Noor Ahmad,-0.6666666666666666
1359544,1,8,6,Rashid Khan,-2.6388888888888893
1359544,1,12,6,MM Sharma,-1.7916666666666667
1359544,1,15,6,MM Sharma,-1.7941176470588232
1359544,2,5,6,WD Parnell,-1.5555555555555556
1359544,2,8,6,H Sharma,-0.5833333333333334
1359544,2,12,6,MG Bracewell,-1.3333333333333333
1359544,2,15,6,HV Patel,-2.7941176470588234
1370350,1,5,6,Noor Ahmad,-1.2499999999999998
1370350,1,8,6,MM Sharma,-1.4999999999999998
1370350,1,12,6,DG Nalkande,-0.5277777777777777
1370350,1,15,6,Mohammed Shami,-2.5
1370350,2,5,6,M Theekshana,-2.166666666666667
1370350,2,8,6,RA Jadeja,-0.4999999999999999
1370350,2,12,6,RA Jadeja,-5.125
1370350,2,15,6,M Pathirana,-0.5833333333333334
1370351,1,5,6,KH Pandya,-1.3333333333333333
1370351,1,8,6,Mohsin Khan,-0.9583333333333335
1370351,1,12,6,KH Pandya,-0.9791666666666665
1370351,1,15,6,Naveen-ul-Haq,-8.25
1370351,2,5,6,HR Shokeen,-2.7
1370351,2,8,6,PP Chawla,-3.0
1370351,2,12,6,PP Chawla,-5.375
1370351,2,15,6,CJ Jordan,-2.5
1370352,1,5,6,CJ Jordan,-1.6
1370352,1,8,6,PP Chawla,-3.25
1370352,1,12,6,PP Chawla,-3.75
1370352,1,15,6,CJ Jordan,-0.9375
1370352,2,5,6,Rashid Khan,-3.0833333333333335
1370352,2,8,6,Noor Ahmad,-0.24999999999999994
1370352,2,12,6,Noor Ahmad,-0.39583333333333337
1370352,2,15,6,Rashid Khan,-5.804347826086956
1370353,1,5,6,M Theekshana,-2.0833333333333335
1370353,1,8,6,RA Jadeja,-2.75
1370353,1,12,6,RA Jadeja,-3.1875
1370353,1,15,6,M Pathirana,-1.3749999999999998
1370353,2,5,6,J Little,-0.7499999999999999
1370353,2,8,6,Noor Ahmad,-4.852941176470589
1370353,2,12,6,MM Sharma,-8.5
1422119,1,5,6,DL Chahar,-3.4722222222222223
1422119,1,8,6,RA Jadeja,-0.2916666666666667
1422119,1,12,6,TU Deshpande,-0.5416666666666666
1422119,1,15,6,M Theekshana,-0.47916666666666674
1422119,2,5,6,Yash Dayal,-3.2777777777777777
1422119,2,8,6,KV Sharma,-3.458333333333333
1422119,2,12,6,C Green,-5.181818181818182
1422119,2,15,6,C Green,-5.38235294117647
1422120,1,5,6,Harpreet Brar,0.25
1422120,1,8,6,Harpreet Brar,0.16666666666666663
1422120,1,12,6,HV Patel,-5.5
1422120,1,15,6,RD Chahar,-3.125
1422120,2,5,6,MR Marsh,-0.6249999999999999
1422120,2,8,6,AR Patel,-0.2916666666666667
1422120,2,12,6,AR Patel,-0.1388888888888889
1422120,2,15,6,AR Patel,-0.08333333333333329
1422121,1,5,6,T Natarajan,-5.136363636363637
1422121,1,8,6,PJ Cummins,-0.9583333333333335
1422121,1,12,6,PJ Cummins,-3.3333333333333335
1422121,1,15,6,M Markande,-5.729166666666667
1422121,2,5,6,Harshit Rana,-3.25
1422121,2,8,6,SP Narine,0.16666666666666663
1422121,2,12,6,SP Narine,-2.333333333333333
1422121,2,15,6,MA Starc,-0.5555555555555556
1422122,1,5,6,KH Pandya,0.08333333333333331
1422122,1,8,6,Yash Thakur,-2.166666666666667
1422122,1,12,6,Ravi Bishnoi,-0.6944444444444444
1422122,1,15,6,A Badoni,0.08333333333333331
1422122,2,5,6,R Ashwin,-0.8
1422122,2,8,6,Avesh Khan,-0.2916666666666667
1422122,2,12,6,TA Boult,-5.875
1422122,2,15,6,YS Chahal,-2.833333333333333
1422123,1,5,6,PP Chawla,0.25
1422123,1,8,6,SZ Mulani,-0.33333333333333337
1422123,1,12,6,JJ Bumrah,-2.5
1422123,1,15,6,G Coetzee,-2.833333333333333
1422123,2,5,6,Rashid Khan,-0.4999999999999999
1422123,2,8,6,R Sai Kishore,-0.16666666666666657
1422123,2,12,6,R Sai Kishore,-2.6875
1422123,2,15,6,MM Sharma,-2.888888888888889
1422124,1,5,6,Yash Dayal,0.055555555555555525
1422124,1,8,6,GJ Maxwell,-3.75
1422124,1,12,6,GJ Maxwell,-5.833333333333334
1422124,1,15,6,Mohammed Siraj,-3.25
1422124,2,5,6,SM Curran,-1.2916666666666665
1422124,2,8,6,RD Chahar,-1.4166666666666665
1422124,2,12,6,Harpreet Brar,-4.75
1422124,2,15,6,HV Patel,-0.9705882352941176
1422125,1,5,6,Rashid Khan,-3.9166666666666665
1422125,1,8,6,R Sai Kishore,-0.20833333333333331
1422125,1,12,6,SH Johnson,-3.0
1422125,1,15,6,MM Sharma,-0.3333333333333333
1422125,2,5,6,TU Deshpande,-0.16666666666666657
1422125,2,8,6,M Pathirana,-0.6
1422125,2,12,6,RA Jadeja,-0.2916666666666667
1422125,2,15,6,TU Deshpande,-5.125
1422126,1,5,6,G Coetzee,-3.5999999999999996
1422126,1,8,6,HH Pandya,-3.8888888888888893
1422126,1,12,6,JJ Bumrah,0.13636363636363635
1422126,1,15,6,G Coetzee,-4.029411764705882
1422126,2,5,6,Shahbaz Ahmed,-3.0416666666666665
1422126,2,8,6,PJ Cummins,-3.590909090909091
1422126,2,12,6,B Kumar,-1.0555555555555556
1422126,2,15,6,JD Unadkat,-3.6764705882352944
1422127,1,5,6,KK Ahmed,-2.1764705882352944
1422127,1,8,6,AR Patel,-0.24999999999999994
1422127,1,12,6,Kuldeep Yadav,-2.911764705882353
1422127,1,15,6,Mukesh Kumar,-4.055555555555555
1422127,2,5,6,N Burger,-6.25
1422127,2,8,6,R Ashwin,-0.20833333333333331
1422127,2,12,6,Sandeep Sharma,0.09090909090909094
1422127,2,15,6,YS Chahal,-5.055555555555555
1422128,1,5,6,SP Narine,-2.0833333333333335
1422128,1,8,6,AD Russell,-3.0
1422128,1,12,6,SP Narine,-0.8611111111111112
1422128,1,15,6,MA Starc,-0.8823529411764706
1422128,2,5,6,Yash Dayal,-1.0555555555555556
1422128,2,8,6,Mayank Dagar,-2.6666666666666665
1422128,2,12,6,C Green,-0.5833333333333334
1422128,2,15,6,Yash Dayal,-3.5
1422129,1,5,6,SM Curran,-2.958333333333333
1422129,1,8,6,RD Chahar,-3.2083333333333335
1422129,1,12,6,HV Patel,-0.7272727272727273
1422129,1,15,6,K Rabada,-3.416666666666667
1422129,2,5,6,Mohsin Khan,-1.2916666666666665
1422129,2,8,6,KH Pandya,-0.6249999999999999
1422129,2,12,6,Ravi Bishnoi,-0.5555555555555556
1422129,2,15,6,MP Yadav,-8.0
1422130,1,5,6,Rashid Khan,-1.4166666666666665
1422130,1,8,6,Noor Ahmad,-2.5833333333333335
1422130,1,12,6,Noor Ahmad,-3.0416666666666665
1422130,1,15,6,DG Nalkande,0.09999999999999998
1422130,2,5,6,B Kumar,-0.5277777777777777
1422130,2,8,6,Washington Sundar,-0.3333333333333333
1422130,2,12,6,PJ Cummins,-0.27272727272727276
1422130,2,15,6,M Markande,-3.21875
1422131,1,5,6,Mustafizur Rahman,-3.5
1422131,1,8,6,RA Jadeja,-1.0833333333333335
1422131,1,12,6,RA Jadeja,-3.3333333333333335
1422131,1,15,6,TU Deshpande,-0.1304347826086956
1422131,2,5,6,A Nortje,-0.4999999999999999
1422131,2,8,6,AR Patel,-0.2916666666666667
1422131,2,12,6,A Nortje,-0.5416666666666666
1422131,2,15,6,A Nortje,-0.38235294117647056
1422132,1,5,6,N Burger,-3.7222222222222223
1422132,1,8,6,R Ashwin,-0.6666666666666666
1422132,1,12,6,R Ashwin,-0.1111111111111111
1422132,1,15,6,TA Boult,-7.608695652173912
1422132,2,5,6,JJ Bumrah,-0.13888888888888873
1422132,2,8,6,Akash Madhwal,-4.8055555555555545
1422132,2,12,6,Akash Madhwal,-7.5
1422133,1,5,6,GJ Maxwell,-2.625
1422133,1,8,6,Mohammed Siraj,-1.15
1422133,1,12,6,C Green,-1.3749999999999998
1422133,1,15,6,Mohammed Siraj,-3.5277777777777777
1422133,2,5,6,MP Yadav,-5.5
1422133,2,8,6,Naveen-ul-Haq,-0.41666666666666663
1422133,2,12,6,MP Stoinis,-2.3000000000000003
1422133,2,15,6,Yash Thakur,-1.1666666666666667
1422134,1,5,6,Rasikh Salam,-2.833333333333333
1422134,1,8,6,Sumit Kumar,-0.6666666666666666
1422134,1,12,6,MR Marsh,-2.772727272727273
1422134,1,15,6,KK Ahmed,-0.84375
1422134,2,5,6,VG Arora,-5.764705882352941
1422134,2,8,6,CV Varun,-1.2499999999999998
1422134,2,12,6,CV Varun,-5.617647058823529
1422134,2,15,6,SP Narine,-2.8125
1422135,1,5,6,SM Curran,-1.2499999999999998
1422135,1,8,6,Harpreet Brar,-3.0
1422135,1,12,6,K Rabada,-3.6111111111111107
1422135,1,15,6,Arshdeep Singh,-0.33333333333333337
1422135,2,5,6,Noor Ahmad,-3.0
1422135,2,8,6,Azmatullah Omarzai,-3.3823529411764706
1422135,2,12,6,MM Sharma,-3.1666666666666665
1422135,2,15,6,Rashid Khan,-3.2708333333333335
1422136,1,5,6,B Kumar,-3.2222222222222223
1422136,1,8,6,M Markande,-0.7499999999999999
1422136,1,12,6,JD Unadkat,-0.20833333333333331
1422136,1,15,6,T Natarajan,-0.8888888888888888
1422136,2,5,6,TU Deshpande,-2.0833333333333335
1422136,2,8,6,RA Jadeja,-0.2916666666666667
1422136,2,12,6,M Theekshana,-2.875
1422136,2,15,6,MM Ali,-5.111111111111112
1422137,1,5,6,Avesh Khan,-0.6666666666666666
1422137,1,8,6,TA Boult,-0.8611111111111112
1422137,1,12,6,R Ashwin,0.08333333333333331
1422137,1,15,6,Avesh Khan,-1.1944444444444446
1422137,2,5,6,Mayank Dagar,-2.9166666666666665
1422137,2,8,6,C Green,-0.24999999999999994
1422137,2,12,6,Yash Dayal,-1.0277777777777777
1422137,2,15,6,Yash Dayal,-3.416666666666667
1422138,1,5,6,Lalit Yadav,-2.166666666666667
1422138,1,8,6,AR Patel,-3.361111111111111
1422138,1,12,6,KK Ahmed,-3.0555555555555554
1422138,1,15,6,JA Richardson,-0.8043478260869564
1422138,2,5,6,R Shepherd,-3.5454545454545454
1422138,2,8,6,G Coetzee,-1.3333333333333333
1422138,2,12,6,PP Chawla,-1.7916666666666667
1422138,2,15,6,G Coetzee,-3.5555555555555554
1422139,1,5,6,Rashid Khan,0.16666666666666663
1422139,1,8,6,Rashid Khan,0.08333333333333331
1422139,1,12,6,DG Nalkande,-2.416666666666667
1422139,1,15,6,SH Johnson,-0.8235294117647058
1422139,2,5,6,Yash Thakur,-3.0833333333333335
1422139,2,8,6,KH Pandya,-4.708333333333334
1422139,2,12,6,KH Pandya,-7.229166666666666
1422139,2,15,6,Naveen-ul-Haq,-0.78125
1426260,1,5,6,Mustafizur Rahman,-0.5454545454545455
1426260,1,8,6,RA Jadeja,-7.25
1426260,1,12,6,RA Jadeja,-7.458333333333333
1426260,1,15,6,SN Thakur,-0.7058823529411765
1426260,2,5,6,VG Arora,-3.0555555555555554
1426260,2,8,6,SP Narine,-0.7083333333333333
1426260,2,12,6,SP Narine,-2.888888888888889
1426260,2,15,6,CV Varun,-0.14583333333333331
1426261,1,5,6,HV Patel,0.41666666666666674
1426261,1,8,6,Harpreet Brar,-0.20833333333333331
1426261,1,12,6,SM Curran,-3.2777777777777777
1426261,1,15,6,HV Patel,-5.583333333333333
1426261,2,5,6,T Natarajan,-0.4999999999999999
1426261,2,8,6,Nithish Kumar Reddy,-1.3333333333333333
1426261,2,12,6,PJ Cummins,-2.4722222222222223
1426261,2,15,6,Nithish Kumar Reddy,-3.6764705882352944
1426262,1,5,6,Rashid Khan,-2.166666666666667
1426262,1,8,6,Noor Ahmad,-0.5833333333333334
1426262,1,12,6,Noor Ahmad,-0.8125000000000001
1426262,1,15,6,Rashid Khan,-2.4791666666666665
1426262,2,5,6,Avesh Khan,-1.0416666666666667
1426262,2,8,6,KR Sen,-2.333333333333333
1426262,2,12,6,KR Sen,-7.88235294117647
1426262,2,15,6,YS Chahal,-6.108695652173912
1426263,1,5,6,Akash Madhwal,-3.7916666666666665
1426263,1,8,6,S Gopal,-0.2916666666666667
1426263,1,12,6,S Gopal,-2.6111111111111107
1426263,1,15,6,Akash Madhwal,-4.1764705882352935
1426263,2,5,6,GJ Maxwell,-2.25
1426263,2,8,6,Akash Deep,-3.090909090909091
1426263,2,12,6,RJW Topley,-1.527777777777778
1426264,1,5,6,Mukesh Kumar,-1.3333333333333333
1426264,1,8,6,AR Patel,-0.5833333333333334
1426264,1,12,6,Mukesh Kumar,-3.0833333333333335
1426264,1,15,6,Kuldeep Yadav,-7.282608695652174
1426264,2,5,6,KH Pandya,-1.6
1426264,2,8,6,Ravi Bishnoi,-2.166666666666667
1426264,2,12,6,KH Pandya,-2.0999999999999996
1426264,2,15,6,Ravi Bishnoi,-5.3125
1426265,1,5,6,Avesh Khan,-2.625
1426265,1,8,6,KR Sen,-0.6249999999999999
1426265,1,12,6,KR Sen,-2.805555555555556
1426265,1,15,6,KR Sen,-3.25
1426265,2,5,6,K Rabada,-0.45833333333333315
1426265,2,8,6,LS Livingstone,-2.541666666666667
1426265,2,12,6,Harpreet Brar,0.04166666666666666
1426265,2,15,6,SM Curran,-0.055555555555555525
1426266,1,5,6,Harshit Rana,-1.3333333333333333
1426266,1,8,6,SP Narine,0.125
1426266,1,12,6,SP Narine,0.1388888888888889
1426266,1,15,6,CV Varun,-2.875
1426266,2,5,6,Yash Thakur,-1.2499999999999998
1426266,2,8,6,Ravi Bishnoi,-0.7000000000000001
1426266,2,12,6,S Joseph,-0.7727272727272727
1426267,1,5,6,Akash Madhwal,-1.3333333333333333
1426267,1,8,6,JJ Bumrah,-0.045454545454545414
1426267,1,12,6,G Coetzee,-3.194444444444444
1426267,1,15,6,HH Pandya,-3.416666666666667
1426267,2,5,6,SN Thakur,-1.3333333333333333
1426267,2,8,6,RA Jadeja,-0.5416666666666666
1426267,2,12,6,RA Jadeja,-0.9583333333333335
1426267,2,15,6,TU Deshpande,-3.0625
1426268,1,5,6,Yash Dayal,-1.3749999999999998
1426268,1,8,6,RJW Topley,-4.2
1426268,1,12,6,LH Ferguson,-3.833333333333333
1426268,1,15,6,RJW Topley,-3.9166666666666665
1426268,2,5,6,PJ Cummins,-1.2499999999999998
1426268,2,8,6,M Markande,-2.818181818181818
1426268,2,12,6,M Markande,-5.869565217391305
1426268,2,15,6,T Natarajan,-0.6764705882352942
1426269,1,5,6,KR Sen,-1.3333333333333333
1426269,1,8,6,YS Chahal,-1.0833333333333335
1426269,1,12,6,YS Chahal,-3.3888888888888893
1426269,1,15,6,YS Chahal,-3.782608695652174
1426269,2,5,6,VG Arora,-4.235294117647059
1426269,2,8,6,SP Narine,-2.2727272727272725
1426269,2,12,6,CV Varun,-5.125
1426269,2,15,6,AD Russell,-1.4999999999999998
1426270,1,5,6,KK Ahmed,-0.38888888888888873
1426270,1,8,6,T Stubbs,-6.499999999999999
1426270,1,12,6,Kuldeep Yadav,0.25
1426270,1,15,6,AR Patel,-2.416666666666667
1426270,2,5,6,Rashid Khan,-2.166666666666667
1426271,1,5,6,SM Curran,-1.2499999999999998
1426271,1,8,6,Harpreet Brar,-0.24999999999999994
1426271,1,12,6,Harpreet Brar,-0.16666666666666669
1426271,1,15,6,K Rabada,-3.479166666666667
1426271,2,5,6,HH Pandya,0.41666666666666674
1426271,2,8,6,S Gopal,-3.583333333333333
1426271,2,12,6,JJ Bumrah,-7.735294117647059
1426271,2,15,6,Akash Madhwal,-3.5
1426272,1,5,6,MJ Henry,-0.5833333333333334
1426272,1,8,6,KH Pandya,-2.7083333333333335
1426272,1,12,6,KH Pandya,-5.083333333333333
1426272,1,15,6,Yash Thakur,-3.3333333333333335
1426272,2,5,6,DL Chahar,-0.7777777777777778
1426272,2,8,6,RA Jadeja,-0.37499999999999994
1426272,2,12,6,M Pathirana,-0.27272727272727276
1426272,2,15,6,M Pathirana,-0.3888888888888889
1426273,1,5,6,Mukesh Kumar,-3.666666666666667
1426273,1,8,6,Kuldeep Yadav,-6.4411764705882355
1426273,1,12,6,AR Patel,-2.6388888888888893
1426273,1,15,6,A Nortje,-1.0833333333333333
1426273,2,5,6,T Natarajan,-0.5
1426273,2,8,6,M Markande,-6.090909090909091
1426273,2,12,6,Nithish Kumar Reddy,-2.333333333333333
1426273,2,15,6,Nithish Kumar Reddy,-2.818181818181818
1426274,1,5,6,Yash Dayal,-6.291666666666667
1426274,1,8,6,C Green,-3.75
1426274,1,12,6,C Green,-3.5555555555555554
1426274,1,15,6,LH Ferguson,-3.75
1426274,2,5,6,MA Starc,-2.0833333333333335
1426274,2,8,6,CV Varun,-3.7916666666666665
1426274,2,12,6,SP Narine,-5.708333333333333
1426274,2,15,6,Harshit Rana,-3.2777777777777777
1426275,1,5,6,MM Sharma,-3.416666666666667
1426275,1,8,6,Noor Ahmad,-2.6666666666666665
1426275,1,12,6,Noor Ahmad,-5.166666666666667
1426275,1,15,6,R Sai Kishore,-7.75
1426275,2,5,6,SM Curran,-0.5833333333333334
1426275,2,8,6,Harpreet Brar,-0.24999999999999994
1426275,2,12,6,Harpreet Brar,-0.33333333333333337
1426275,2,15,6,HV Patel,-2.6666666666666665
1426276,1,5,6,Avesh Khan,-2.25
1426276,1,8,6,R Ashwin,-0.24999999999999994
1426276,1,12,6,R Ashwin,-0.2916666666666667
1426276,1,15,6,YS Chahal,-3.8611111111111107
1426276,2,5,6,N Thushara,-1.4583333333333333
1426276,2,8,6,Mohammad Nabi,-0.5833333333333334
1426276,2,12,6,HH Pandya,-1.0
1426276,2,15,6,G Coetzee,-0.9090909090909091
1426277,1,5,6,Yash Thakur,-2.083333333333333
1426277,1,8,6,KH Pandya,-0.6666666666666666
1426277,1,12,6,MP Stoinis,-0.5833333333333334
1426277,1,15,6,Yash Thakur,-3.305555555555556
1426277,2,5,6,SN Thakur,-1.4999999999999998
1426277,2,8,6,MM Ali,-0.7083333333333333
1426277,2,12,6,TU Deshpande,-0.9117647058823529
1426277,2,15,6,SN Thakur,-1.4999999999999998
1426278,1,5,6,S Sandeep Warrier,-7.666666666666667
1426278,1,8,6,Noor Ahmad,-0.8
1426278,1,12,6,Rashid Khan,-0.8333333333333334
1426278,1,15,6,MM Sharma,-1.4583333333333333
1426278,2,5,6,Mukesh Kumar,-0.5833333333333334
1426278,2,8,6,AR Patel,-0.6249999999999999
1426278,2,12,6,Rasikh Salam,-3.416666666666667
1426278,2,15,6,Kuldeep Yadav,-5.270833333333333
1426279,1,5,6,T Natarajan,-3.0833333333333335
1426279,1,8,6,M Markande,-2.7916666666666665
1426279,1,12,6,JD Unadkat,-2.8333333333333335
1426279,1,15,6,PJ Cummins,-1.4999999999999998
1426279,2,5,6,Mohammed Siraj,-0.20833333333333331
1426279,2,8,6,LH Ferguson,-1.4166666666666665
1426279,2,12,6,Yash Dayal,-2.625
1426279,2,15,6,C Green,-5.458333333333333
1426280,1,5,6,Arshdeep Singh,-0.875
1426280,1,8,6,RD Chahar,-0.9583333333333335
1426280,1,12,6,SM Curran,-3.833333333333333
1426280,1,15,6,Arshdeep Singh,-3.7666666666666666
1426280,2,5,6,AS Roy,-5.041666666666667
1426280,2,8,6,CV Varun,-0.7499999999999999
1426280,2,12,6,SP Narine,-2.9722222222222223
1426280,2,15,6,Harshit Rana,-1.1111111111111112
1426281,1,5,6,JJ Bumrah,-0.875
1426281,1,8,6,L Wood,-1.7500000000000002
1426281,1,12,6,N Thushara,-2.125
1426281,1,15,6,JJ Bumrah,-0.7777777777777778
1426281,2,5,6,KK Ahmed,-6.305555555555555
1426281,2,8,6,Kuldeep Yadav,-1.4583333333333333
1426281,2,12,6,Rasikh Salam,-5.208333333333333
1426281,2,15,6,LB Williams,-0.8823529411764706
1426282,1,5,6,Sandeep Sharma,-3.0
1426282,1,8,6,R Ashwin,-0.6818181818181819
1426282,1,12,6,R Ashwin,-3.1111111111111107
1426282,1,15,6,Sandeep Sharma,-5.3235294117647065
1426282,2,5,6,Yash Thakur,-3.833333333333333
1426282,2,8,6,A Mishra,-3.0
1426282,2,12,6,KH Pandya,0.1111111111111111
1426282,2,15,6,Ravi Bishnoi,-2.166666666666667
1426283,1,5,6,Yash Dayal,-0.13636363636363646
1426283,1,8,6,GJ Maxwell,-3.0833333333333335
1426283,1,12,6,C Green,-1.5909090909090908
1426283,1,15,6,GJ Maxwell,-3.1111111111111107
1426283,2,5,6,R Sai Kishore,-3.0833333333333335
1426283,2,8,6,Noor Ahmad,-1.0416666666666667
1426283,2,12,6,R Sai Kishore,-3.1388888888888893
1426283,2,15,6,Rashid Khan,-1.2291666666666667
1426284,1,5,6,T Natarajan,-0.41666666666666663
1426284,1,8,6,PJ Cummins,-1.4166666666666665
1426284,1,12,6,PJ Cummins,-1.0416666666666667
1426284,1,15,6,PJ Cummins,-1.1666666666666667
1426284,2,5,6,Mustafizur Rahman,-0.5833333333333334
1426284,2,8,6,RA Jadeja,-2.333333333333333
1426284,2,12,6,SN Thakur,-0.6666666666666666
1426284,2,15,6,M Pathirana,-5.25
1426285,1,5,6,SP Narine,-0.5833333333333334
1426285,1,8,6,CV Varun,0.08333333333333331
1426285,1,12,6,CV Varun,-4.722222222222222
1426285,1,15,6,MA Starc,-3.911764705882353
1426285,2,5,6,KK Ahmed,-1.0
1426285,2,8,6,AR Patel,-4.791666666666666
1426285,2,12,6,Rasikh Salam,-1.4583333333333333
1426285,2,15,6,Kuldeep Yadav,-0.5833333333333334
1426286,1,5,6,Naveen-ul-Haq,-4.583333333333334
1426286,1,8,6,MP Yadav,-0.5
1426286,1,12,6,DJ Hooda,-0.24999999999999994
1426286,1,15,6,Ravi Bishnoi,-2.895833333333333
1426286,2,5,6,JJ Bumrah,-0.41666666666666663
1426286,2,8,6,PP Chawla,-0.5833333333333334
1426286,2,12,6,PP Chawla,-0.611111111111111
1426286,2,15,6,N Thushara,-3.0434782608695654
1426287,1,5,6,SM Curran,-0.9166666666666666
1426287,1,8,6,Harpreet Brar,-4.818181818181818
1426287,1,12,6,Harpreet Brar,-4.791666666666666
1426287,1,15,6,K Rabada,-2.6956521739130435
1426287,2,5,6,SN Thakur,-1.2999999999999998
1426287,2,8,6,RA Jadeja,-1.0
1426287,2,12,6,RJ Gleeson,-3.088235294117647
1426287,2,15,6,MM Ali,-0.9583333333333335
1426288,1,5,6,Sandeep Sharma,-2.166666666666667
1426288,1,8,6,YS Chahal,-1.3749999999999998
1426288,1,12,6,YS Chahal,-1.7058823529411764
1426288,1,15,6,R Ashwin,-0.5869565217391304
1426288,2,5,6,T Natarajan,-1.5
1426288,2,8,6,PJ Cummins,-1.2916666666666665
1426288,2,12,6,B Kumar,-6.055555555555555
1426288,2,15,6,PJ Cummins,-3.2777777777777777
1426289,1,5,6,Naman Dhir,-0.4999999999999999
1426289,1,8,6,PP Chawla,-2.25
1426289,1,12,6,HH Pandya,-3.375
1426289,1,15,6,N Thushara,-8.352941176470589
1426289,2,5,6,SP Narine,-2.9166666666666665
1426289,2,8,6,CV Varun,-5.0
1426289,2,12,6,SP Narine,-5.145833333333333
1426289,2,15,6,AD Russell,-5.277777777777779
1426290,1,5,6,C Green,-2.9166666666666665
1426290,1,8,6,Yash Dayal,-0.027777777777777846
1426290,1,12,6,Vijaykumar Vyshak,-3.0416666666666665
1426290,1,15,6,KV Sharma,-4.333333333333334
1426290,2,5,6,J Little,-4.958333333333334
1426290,2,8,6,Noor Ahmad,-2.625
1426290,2,12,6,Noor Ahmad,-5.479166666666667
1426291,1,5,6,Harpreet Brar,-2.9166666666666665
1426291,1,8,6,HV Patel,-2.3999999999999995
1426291,1,12,6,SM Curran,-2.6666666666666665
1426291,1,15,6,RD Chahar,-7.277777777777778
1426291,2,5,6,TU Deshpande,-6.0
1426291,2,8,6,RA Jadeja,-2.7916666666666665
1426291,2,12,6,RA Jadeja,-7.5
1426291,2,15,6,RJ Gleeson,-1.0
1426292,1,5,6,Yash Thakur,0.33333333333333326
1426292,1,8,6,Yash Thakur,-0.4999999999999999
1426292,1,12,6,KH Pandya,-0.8
1426292,1,15,6,Yudhvir Singh,-3.0833333333333335
1426292,2,5,6,Harshit Rana,-0.6
1426292,2,8,6,CV Varun,-3.0833333333333335
1426292,2,12,6,SP Narine,-2.5208333333333335
1426292,2,15,6,CV Varun,-8.277777777777779
1426293,1,5,6,JJ Bumrah,-2.625
1426293,1,8,6,HH Pandya,-1.4166666666666665
1426293,1,12,6,PP Chawla,-4.833333333333334
1426293,1,15,6,HH Pandya,-8.130434782608695
1426293,2,5,6,PJ Cummins,-3.333333333333333
1426293,2,8,6,Nithish Kumar Reddy,-0.33333333333333315
1426293,2,12,6,M Jansen,-4.205882352941176
1426293,2,15,6,T Natarajan,-0.7777777777777778
1426294,1,5,6,Sandeep Sharma,-3.833333333333333
1426294,1,8,6,R Parag,-0.2272727272727273
1426294,1,12,6,R Ashwin,-7.611111111111112
1426294,1,15,6,YS Chahal,-3.1111111111111107
1426294,2,5,6,AR Patel,-3.6666666666666665
1426294,2,8,6,Kuldeep Yadav,-0.12499999999999994
1426294,2,12,6,Rasikh Salam,-3.875
1426294,2,15,6,Mukesh Kumar,-3.9545454545454546
1426295,1,5,6,Shahbaz Ahmed,0.16666666666666663
1426295,1,8,6,V Viyaskanth,0.20833333333333337
1426295,1,12,6,JD Unadkat,-0.5833333333333334
1426295,1,15,6,PJ Cummins,-3.1111111111111107
1426295,2,5,6,Yash Thakur,-2.833333333333333
1426295,2,8,6,Naveen-ul-Haq,-2.5833333333333335
1426296,1,5,6,HV Patel,-2.0
1426296,1,8,6,Arshdeep Singh,-1.1363636363636362
1426296,1,12,6,LS Livingstone,-0.6249999999999999
1426296,1,15,6,SM Curran,-4.40625
1426296,2,5,6,LH Ferguson,-4.666666666666667
1426296,2,8,6,KV Sharma,-3.75
1426296,2,12,6,KV Sharma,-6.305555555555555
1426296,2,15,6,LH Ferguson,-8.583333333333334
1426297,1,5,6,Simarjeet Singh,-0.6666666666666666
1426297,1,8,6,RA Jadeja,-1.4999999999999998
1426297,1,12,6,MJ Santner,-1.7916666666666667
1426297,1,15,6,SN Thakur,-0.2777777777777778
1426297,2,5,6,Kartik Tyagi,-1.0
1426297,2,8,6,Noor Ahmad,0.16666666666666663
1426297,2,12,6,MM Sharma,-3.0
1426297,2,15,6,Kartik Tyagi,-1.3958333333333333
1426298,1,5,6,HH Pandya,-0.41666666666666663
1426298,1,8,6,PP Chawla,-3.6666666666666665
1426298,1,12,6,PP Chawla,-5.805555555555555
1426298,1,15,6,JJ Bumrah,-8.604166666666666
1426298,2,5,6,CV Varun,0.25
1426298,2,8,6,SP Narine,-2.9722222222222223
1426298,2,12,6,AD Russell,-5.636363636363636
1426298,2,15,6,Harshit Rana,-8.805555555555557
1426299,1,5,6,M Theekshana,-0.5555555555555556
1426299,1,8,6,Simarjeet Singh,-5.041666666666667
1426299,1,12,6,M Theekshana,-0.375
1426299,1,15,6,SN Thakur,-0.5833333333333334
1426299,2,5,6,R Ashwin,-3.1666666666666665
1426299,2,8,6,Avesh Khan,0.09999999999999998
1426299,2,12,6,YS Chahal,-2.333333333333333
1426299,2,15,6,Avesh Khan,-2.375
1426300,1,5,6,AR Patel,-0.5833333333333334
1426300,1,8,6,Kuldeep Yadav,-1.1818181818181817
1426300,1,12,6,Rasikh Salam,-3.181818181818182
1426300,1,15,6,I Sharma,-3.1875
1426300,2,5,6,Mohammed Siraj,-3.5
1426300,2,8,6,C Green,-0.8
1426300,2,12,6,WG Jacks,-1.4999999999999998
1426300,2,15,6,Yash Dayal,-8.235294117647058
1426302,1,5,6,Naveen-ul-Haq,-1.5
1426302,1,8,6,Ravi Bishnoi,-2.7083333333333335
1426302,1,12,6,Ravi Bishnoi,-2.6875
1426302,1,15,6,Arshad Khan,-3.9411764705882355
1426302,2,5,6,Mukesh Kumar,-1.2499999999999998
1426302,2,8,6,Gulbadin Naib,-1.4166666666666665
1426302,2,12,6,Kuldeep Yadav,-0.5555555555555556
1426302,2,15,6,Rasikh Salam,-1.4166666666666665
1426303,1,5,6,HV Patel,-0.33333333333333315
1426303,1,8,6,Harpreet Brar,-0.6666666666666666
1426303,1,12,6,Arshdeep Singh,-3.25
1426303,1,15,6,NT Ellis,-2.5833333333333335
1426303,2,5,6,Sandeep Sharma,-0.4722222222222221
1426303,2,8,6,R Ashwin,-0.16666666666666657
1426303,2,12,6,R Ashwin,-0.25
1426303,2,15,6,YS Chahal,-5.478260869565217
1426305,1,5,6,PP Chawla,-3.833333333333333
1426305,1,8,6,N Wadhera,-0.2916666666666667
1426305,1,12,6,A Kamboj,-2.0
1426305,1,15,6,R Shepherd,-0.875
1426305,2,5,6,Naveen-ul-Haq,-1.4166666666666665
1426305,2,8,6,Naveen-ul-Haq,-3.7916666666666665
1426305,2,12,6,Ravi Bishnoi,-3.5833333333333335
1426305,2,15,6,MJ Henry,-1.0454545454545454
1426306,1,5,6,M Theekshana,-0.08333333333333331
1426306,1,8,6,RA Jadeja,-0.6666666666666666
1426306,1,12,6,MJ Santner,-5.166666666666667
1426306,1,15,6,SN Thakur,-2.166666666666667
1426306,2,5,6,Yash Dayal,-3.833333333333333
1426306,2,8,6,Swapnil Singh,0.04545454545454547
1426306,2,12,6,GJ Maxwell,-5.041666666666667
1426306,2,15,6,C Green,-3.125
1426307,1,5,6,B Kumar,-1.0555555555555556
1426307,1,8,6,V Viyaskanth,-0.9583333333333335
1426307,1,12,6,PJ Cummins,-1.0833333333333333
1426307,1,15,6,Nithish Kumar Reddy,-2.0
1426307,2,5,6,R Dhawan,-1.1764705882352942
1426307,2,8,6,RD Chahar,-0.24999999999999994
1426307,2,12,6,Harpreet Brar,-1.2916666666666665
1426307,2,15,6,HV Patel,-6.260869565217392
1426309,1,5,6,Harshit Rana,-0.4999999999999999
1426309,1,8,6,SP Narine,-1.0833333333333335
1426309,1,12,6,CV Varun,-2.7272727272727275
1426309,1,15,6,CV Varun,-5.0
1426309,2,5,6,T Natarajan,-2.909090909090909
1426309,2,8,6,PJ Cummins,-4.083333333333333
1426309,2,12,6,Nithish Kumar Reddy,-1.4166666666666665
1426310,1,5,6,Sandeep Sharma,-1.4166666666666665
1426310,1,8,6,R Ashwin,0.125
1426310,1,12,6,R Ashwin,-4.8125
1426310,1,15,6,YS Chahal,-3.479166666666667
1426310,2,5,6,LH Ferguson,-2.166666666666667
1426310,2,8,6,KV Sharma,0.0
1426310,2,12,6,LH Ferguson,-2.833333333333333
1426310,2,15,6,C Green,-5.375
1426311,1,5,6,Sandeep Sharma,-1.3333333333333333
1426311,1,8,6,R Ashwin,-0.8888888888888888
1426311,1,12,6,YS Chahal,-0.3055555555555556
1426311,1,15,6,Avesh Khan,-5.3235294117647065
1426311,2,5,6,B Kumar,-1.3055555555555554
1426311,2,8,6,Abhishek Sharma,-2.333333333333333
1426311,2,12,6,AK Markram,0.19999999999999996
1426311,2,15,6,Abhishek Sharma,-5.208333333333333
1426312,1,5,6,VG Arora,-3.0294117647058827
1426312,1,8,6,Harshit Rana,-3.0416666666666665
1426312,1,12,6,AD Russell,-5.636363636363636
1426312,1,15,6,SP Narine,0.19444444444444442
1426312,2,5,6,T Natarajan,-1.7916666666666667
1426312,2,8,6,Shahbaz Ahmed,-3.333333333333333
1473438,1,5,6,Yash Dayal,-1.2916666666666665
1473438,1,8,6,Suyash Sharma,-1.0454545454545454
1473438,1,12,6,KH Pandya,-5.617647058823529
1473438,1,15,6,Suyash Sharma,-3.833333333333333
1473438,2,5,6,Harshit Rana,0.16666666666666663
1473438,2,8,6,CV Varun,-3.805555555555556
1473438,2,12,6,Harshit Rana,-0.20833333333333331
1473438,2,15,6,VG Arora,-4.388888888888889
1473439,1,5,6,M Theekshana,-3.911764705882353
1473439,1,8,6,Sandeep Sharma,-1.0
1473439,1,12,6,JC Archer,-2.6176470588235294
1473439,1,15,6,TU Deshpande,-3.4411764705882355
1473439,2,5,6,PJ Cummins,-2.9999999999999996
1473439,2,8,6,Abhishek Sharma,-0.875
1473439,2,12,6,Simarjeet Singh,-6.71875
1473439,2,15,6,HV Patel,-2.861111111111111
1473440,1,5,6,KK Ahmed,-5.411764705882353
1473440,1,8,6,RA Jadeja,-0.4999999999999999
1473440,1,12,6,Noor Ahmad,-4.7941176470588225
1473440,1,15,6,NT Ellis,-0.3181818181818182
1473440,2,5,6,MJ Santner,-2.0
1473440,2,8,6,WG Jacks,-0.36363636363636365
1473440,2,12,6,WG Jacks,-0.3888888888888889
1473440,2,15,6,Naman Dhir,0.08333333333333331
1473441,1,5,6,Mukesh Kumar,-1.7999999999999998
1473441,1,8,6,MM Sharma,0.0
1473441,1,12,6,T Stubbs,-3.666666666666667
1473441,1,15,6,AR Patel,-0.3055555555555556
1473441,2,5,6,DS Rathi,-3.5454545454545454
1473441,2,8,6,Ravi Bishnoi,-3.375
1473441,2,12,6,M Siddharth,-5.9375
1473441,2,15,6,Prince Yadav,-0.9166666666666667
1473442,1,5,6,K Rabada,-3.5555555555555554
1473442,1,8,6,R Sai Kishore,0.33333333333333326
1473442,1,12,6,R Sai Kishore,-5.444444444444445
1473442,1,15,6,R Sai Kishore,-8.0
1473442,2,5,6,GJ Maxwell,-3.1999999999999997
1473442,2,8,6,M Jansen,-1.4545454545454546
1473442,2,12,6,Arshdeep Singh,-3.0
1473442,2,15,6,M Jansen,-0.8888888888888888
1473443,1,5,6,VG Arora,-3.0555555555555554
1473443,1,8,6,MM Ali,-2.375
1473443,1,12,6,MM Ali,-5.083333333333333
1473443,1,15,6,CV Varun,-4.916666666666667
1473443,2,5,6,Sandeep Sharma,-0.41666666666666663
1473443,2,8,6,R Parag,-2.6111111111111107
1473443,2,12,6,PWH de Silva,-3.694444444444444
1473443,2,15,6,TU Deshpande,-0.5833333333333334
1473444,1,5,6,Ravi Bishnoi,-0.4999999999999999
1473444,1,8,6,DS Rathi,-0.3611111111111111
1473444,1,12,6,Ravi Bishnoi,-0.5833333333333334
1473444,1,15,6,DS Rathi,-3.0833333333333335
1473444,2,5,6,PJ Cummins,-1.6
1473444,2,8,6,PJ Cummins,-3.5454545454545454
1473444,2,12,6,A Zampa,-3.4444444444444446
1473444,2,15,6,A Zampa,-3.5625
1473445,1,5,6,SM Curran,-0.18181818181818177
1473445,1,8,6,M Pathirana,0.19999999999999996
1473445,1,12,6,Noor Ahmad,-5.333333333333333
1473445,1,15,6,Noor Ahmad,-8.104166666666666
1473445,2,5,6,Yash Dayal,0.16666666666666663
1473445,2,8,6,LS Livingstone,-3.2083333333333335
1473445,2,12,6,Yash Dayal,-5.333333333333333
1473445,2,15,6,LS Livingstone,-5.270833333333333
1473446,1,5,6,DL Chahar,-0.6470588235294118
1473446,1,8,6,HH Pandya,-2.291666666666667
1473446,1,12,6,PVSN Raju,-1.4999999999999998
1473446,1,15,6,HH Pandya,-5.217391304347825
1473446,2,5,6,Rashid Khan,0.19999999999999996
1473446,2,8,6,R Sai Kishore,-0.7499999999999999
1473446,2,12,6,R Sai Kishore,-3.1666666666666665
1473446,2,15,6,M Prasidh Krishna,-4.666666666666666
1473447,1,5,6,AR Patel,-0.6666666666666666
1473447,1,8,6,MM Sharma,-0.6666666666666666
1473447,1,12,6,AR Patel,-0.611111111111111
1473447,1,15,6,Kuldeep Yadav,-7.604166666666667
1473447,2,5,6,HV Patel,0.30000000000000004
1473447,2,8,6,HV Patel,0.25
1473447,2,12,6,Abhishek Sharma,-0.6388888888888888
1473447,2,15,6,PWA Mulder,-2.166666666666667
1473448,1,5,6,KK Ahmed,-3.75
1473448,1,8,6,R Ashwin,-0.8611111111111112
1473448,1,12,6,RA Jadeja,0.16666666666666663
1473448,1,15,6,M Pathirana,-0.6249999999999999
1473448,2,5,6,Sandeep Sharma,-2.166666666666667
1473448,2,8,6,M Theekshana,-0.24999999999999994
1473448,2,12,6,Sandeep Sharma,-1.0833333333333335
1473448,2,15,6,PWH de Silva,-10.6875
1473449,1,5,6,DL Chahar,-6.25
1473449,1,8,6,HH Pandya,-2.625
1473449,1,12,6,Ashwani Kumar,-10.76470588235294
1473449,1,15,6,TA Boult,-2.5833333333333335
1473449,2,5,6,AD Russell,-3.3
1473449,2,8,6,CV Varun,-5.551115123125783e-17
1473450,1,5,6,M Jansen,0.33333333333333326
1473450,1,8,6,MP Stoinis,0.25
1473450,1,12,6,LH Ferguson,-3.0555555555555554
1473450,1,15,6,M Jansen,-2.75
1473450,2,5,6,Ravi Bishnoi,-2.0833333333333335
1473450,2,8,6,M Siddharth,-1.0833333333333335
1473450,2,12,6,DS Rathi,-5.729166666666667
1473450,2,15,6,SN Thakur,-1.3333333333333333
1473451,1,5,6,M Prasidh Krishna,0.33333333333333326
1473451,1,8,6,I Sharma,-4.208333333333334
1473451,1,12,6,R Sai Kishore,-2.6666666666666665
1473451,1,15,6,Rashid Khan,-1.1111111111111112
1473451,2,5,6,Yash Dayal,-0.7499999999999999
1473451,2,8,6,Rasikh Salam,-1.7500000000000002
1473451,2,12,6,JR Hazlewood,-3.2222222222222223
1473451,2,15,6,Rasikh Salam,-1.3611111111111112
1473452,1,5,6,Simarjeet Singh,-1.3333333333333333
1473452,1,8,6,Zeeshan Ansari,-0.20833333333333331
1473452,1,12,6,PHKD Mendis,-2.333333333333333
1473452,1,15,6,Mohammed Shami,-3.0208333333333335
1473452,2,5,6,CV Varun,0.25
1473452,2,8,6,CV Varun,-0.16666666666666657
1473452,2,12,6,Harshit Rana,-2.5
1473452,2,15,6,CV Varun,-7.6521739130434785
1473453,1,5,6,Ashwani Kumar,-1.0909090909090908
1473453,1,8,6,HH Pandya,-2.1999999999999997
1473453,1,12,6,V Puthur,-2.805555555555556
1473453,1,15,6,Ashwani Kumar,-3.9411764705882355
1473453,2,5,6,DS Rathi,0.08333333333333331
1473453,2,8,6,DS Rathi,-2.333333333333333
1473453,2,12,6,SN Thakur,-3.25
1473453,2,15,6,Ravi Bishnoi,-1.0416666666666667
1473454,1,5,6,R Ashwin,-0.6666666666666666
1473454,1,8,6,Noor Ahmad,-0.6666666666666666
1473454,1,12,6,RA Jadeja,-3.181818181818182
1473454,1,15,6,Mukesh Choudhary,-1.3888888888888888
1473454,2,5,6,V Nigam,-3.833333333333333
1473454,2,8,6,Kuldeep Yadav,0.0
1473454,2,12,6,Kuldeep Yadav,-2.4722222222222228
1473454,2,15,6,MM Sharma,-0.46875
1473455,1,5,6,GJ Maxwell,-0.4999999999999999
1473455,1,8,6,YS Chahal,-0.36363636363636365
1473455,1,12,6,MP Stoinis,-0.8888888888888888
1473455,1,15,6,Arshdeep Singh,-0.75
1473455,2,5,6,Sandeep Sharma,-2.6666666666666665
1473455,2,8,6,PWH de Silva,-0.7499999999999999
1473455,2,12,6,Yudhvir Singh,-0.7222222222222222
1473455,2,15,6,PWH de Silva,-2.979166666666667
1473456,1,5,6,Harshit Rana,-1.4999999999999998
1473456,1,8,6,SP Narine,-0.9583333333333335
1473456,1,12,6,VG Arora,-0.3125
1473456,1,15,6,AD Russell,-3.0
1473456,2,5,6,Avesh Khan,-2.0833333333333335
1473456,2,8,6,DS Rathi,-2.75
1473456,2,12,6,SN Thakur,-1.576923076923077
1473456,2,15,6,Akash Deep,-6.5
1473457,1,5,6,M Prasidh Krishna,0.09999999999999998
1473457,1,8,6,Rashid Khan,0.16666666666666663
1473457,1,12,6,Rashid Khan,-0.5624999999999999
1473457,1,15,6,R Sai Kishore,-5.229166666666667
1473457,2,5,6,Simarjeet Singh,-2.833333333333333
1473457,2,8,6,PHKD Mendis,-1.4166666666666665
1473457,2,12,6,Zeeshan Ansari,-0.4166666666666667
1473457,2,15,6,Zeeshan Ansari,-0.6666666666666666
1473458,1,5,6,DL Chahar,-1.5454545454545456
1473458,1,8,6,V Puthur,-3.1666666666666665
1473458,1,12,6,HH Pandya,-0.5416666666666666
1473458,1,15,6,TA Boult,-4.361111111111111
1473458,2,5,6,JR Hazlewood,-2.5
1473458,2,8,6,Suyash Sharma,-0.16666666666666657
1473458,2,12,6,Suyash Sharma,-0.7083333333333334
1473458,2,15,6,B Kumar,-1.1176470588235294
1473459,1,5,6,R Ashwin,-1.7999999999999998
1473459,1,8,6,RA Jadeja,0.16666666666666663
1473459,1,12,6,M Pathirana,-2.9166666666666665
1473459,1,15,6,M Pathirana,-1.4166666666666665
1473459,2,5,6,M Jansen,-0.8999999999999999
1473459,2,8,6,M Jansen,-0.6249999999999999
1473459,2,12,6,MP Stoinis,-0.7000000000000001
1473459,2,15,6,LH Ferguson,-2.84375
1473460,1,5,6,Sandeep Sharma,0.09999999999999998
1473460,1,8,6,TU Deshpande,-1.1818181818181817
1473460,1,12,6,TU Deshpande,-1.2058823529411766
1473460,1,15,6,M Theekshana,-6.318181818181818
1473460,2,5,6,M Prasidh Krishna,-1.3333333333333333
1473460,2,8,6,K Khejroliya,-2.75
1473460,2,12,6,M Prasidh Krishna,-3.0416666666666665
1473460,2,15,6,M Prasidh Krishna,-8.027777777777779
1473461,1,5,6,Mukesh Kumar,-2.0
1473461,1,8,6,Kuldeep Yadav,0.16666666666666663
1473461,1,12,6,Kuldeep Yadav,-2.291666666666667
1473461,1,15,6,V Nigam,-2.5277777777777777
1473461,2,5,6,JR Hazlewood,-0.6666666666666666
1473461,2,8,6,Suyash Sharma,-2.625
1473461,2,12,6,LS Livingstone,-1.4999999999999998
1473461,2,15,6,Suyash Sharma,-2.8125
1473462,1,5,6,CV Varun,-1.4166666666666665
1473462,1,8,6,SP Narine,0.08333333333333331
1473462,1,12,6,Harshit Rana,-4.888888888888888
1473462,1,15,6,SP Narine,-7.25
1473462,2,5,6,KK Ahmed,-1.088235294117647
1473462,2,8,6,R Ashwin,-0.8055555555555556
1473463,1,5,6,Avesh Khan,-0.6666666666666666
1473463,1,8,6,DS Rathi,-0.3333333333333333
1473463,1,12,6,Avesh Khan,-2.6666666666666665
1473463,1,15,6,Ravi Bishnoi,-5.4375
1473463,2,5,6,Rashid Khan,-1.7
1473463,2,8,6,Washington Sundar,-1.3333333333333333
1473463,2,12,6,Mohammed Siraj,-1.2083333333333335
1473463,2,15,6,Rashid Khan,-3.0833333333333335
1473464,1,5,6,HV Patel,-3.9166666666666665
1473464,1,8,6,E Malinga,-2.7272727272727275
1473464,1,12,6,Mohammed Shami,-2.166666666666667
1473464,1,15,6,Zeeshan Ansari,-0.717391304347826
1473464,2,5,6,MP Stoinis,0.33333333333333326
1473464,2,8,6,GJ Maxwell,-1.1666666666666667
1473464,2,12,6,YS Chahal,-3.694444444444444
1473464,2,15,6,Yash Thakur,-1.7500000000000002
1473465,1,5,6,JR Hazlewood,-0.5416666666666666
1473465,1,8,6,KH Pandya,-2.75
1473465,1,12,6,KH Pandya,-2.9375
1473465,1,15,6,JR Hazlewood,-3.305555555555556
1473465,2,5,6,Sandeep Sharma,-1.0909090909090908
1473465,2,8,6,K Kartikeya,-2.772727272727273
1473465,2,12,6,K Kartikeya,-2.833333333333333
1473465,2,15,6,TU Deshpande,-1.0
1473466,1,5,6,Mukesh Kumar,-0.8529411764705883
1473466,1,8,6,AR Patel,-0.5833333333333334
1473466,1,12,6,V Nigam,-3.5555555555555554
1473466,1,15,6,Kuldeep Yadav,-5.333333333333334
1473466,2,5,6,JJ Bumrah,-1.7083333333333335
1473466,2,8,6,KV Sharma,-0.5833333333333334
1473466,2,12,6,JJ Bumrah,-3.7777777777777777
1473466,2,15,6,KV Sharma,-8.304347826086957
1473467,1,5,6,A Kamboj,-3.0
1473467,1,8,6,Noor Ahmad,0.19999999999999996
1473467,1,12,6,M Pathirana,-0.875
1473467,1,15,6,M Pathirana,-0.5416666666666666
1473467,2,5,6,DS Rathi,-0.5416666666666666
1473467,2,8,6,Ravi Bishnoi,-2.625
1473467,2,12,6,Ravi Bishnoi,-5.294117647058824
1473467,2,15,6,Avesh Khan,-3.1363636363636367
1473468,1,5,6,Harshit Rana,-8.25
1473468,1,8,6,A Nortje,-3.75
1473468,1,12,6,SP Narine,-5.0
1473468,2,5,6,XC Bartlett,-3.5277777777777777
1473468,2,8,6,GJ Maxwell,0.25
1473468,2,12,6,M Jansen,-5.444444444444445
1473469,1,5,6,Sandeep Sharma,-2.291666666666667
1473469,1,8,6,M Theekshana,-0.5416666666666666
1473469,1,12,6,JC Archer,-5.294117647058824
1473469,1,15,6,PWH de Silva,-3.2916666666666665
1473469,2,5,6,V Nigam,-4.0
1473469,2,8,6,AR Patel,-2.5833333333333335
1473469,2,12,6,Mukesh Kumar,-0.8611111111111112
1473469,2,15,6,Kuldeep Yadav,-3.1041666666666665
1473470,1,5,6,JJ Bumrah,-0.16666666666666657
1473470,1,8,6,WG Jacks,-2.75
1473470,1,12,6,MJ Santner,-0.6666666666666666
1473470,1,15,6,JJ Bumrah,-0.08823529411764705
1473470,2,5,6,E Malinga,-2.25
1473470,2,8,6,Zeeshan Ansari,-0.4999999999999999
1473470,2,12,6,PJ Cummins,-5.222222222222221
1473470,2,15,6,E Malinga,-1.4444444444444442
1473471,1,5,6,YS Chahal,-2.333333333333333
1473471,1,8,6,M Jansen,-4.944444444444445
1473471,1,12,6,XC Bartlett,-3.25
1473471,2,5,6,KH Pandya,-1.3333333333333333
1473471,2,8,6,Suyash Sharma,-0.4999999999999999
1473472,1,5,6,Arshad Khan,-3.6111111111111107
1473472,1,8,6,M Prasidh Krishna,-5.911764705882353
1473472,1,12,6,I Sharma,-0.24999999999999994
1473472,1,15,6,Arshad Khan,-3.6875
1473472,2,5,6,Mukesh Kumar,-4.0
1473472,2,8,6,V Nigam,-1.0
1473472,2,12,6,MM Sharma,-2.166666666666667
1473472,2,15,6,Kuldeep Yadav,-2.916666666666667
1473473,1,5,6,Sandeep Sharma,-2.833333333333333
1473473,1,8,6,TU Deshpande,-0.27272727272727276
1473473,1,12,6,TU Deshpande,-0.125
1473473,1,15,6,PWH de Silva,-5.395833333333334
1473473,2,5,6,Prince Yadav,-0.33333333333333315
1473473,2,8,6,AK Markram,-3.0833333333333335
1473473,2,12,6,DS Rathi,-0.33333333333333337
1473473,2,15,6,Avesh Khan,-1.4166666666666665
1473474,1,5,6,JR Hazlewood,-1.3333333333333333
1473474,1,8,6,Suyash Sharma,-2.416666666666667
1473474,1,12,6,KH Pandya,-5.166666666666667
1473474,1,15,6,Suyash Sharma,-7.729166666666667
1473474,2,5,6,M Jansen,-1.3333333333333333
1473474,2,8,6,Harpreet Brar,-0.9583333333333335
1473474,2,12,6,Harpreet Brar,-3.0833333333333335
1473474,2,15,6,Arshdeep Singh,-3.3333333333333335
1473475,1,5,6,MJ Santner,0.25
1473475,1,8,6,JJ Bumrah,0.25
1473475,1,12,6,JJ Bumrah,-0.27272727272727276
1473475,1,15,6,Ashwani Kumar,-5.083333333333334
1473475,2,5,6,R Ashwin,-0.08333333333333331
1473475,2,8,6,RA Jadeja,-3.0416666666666665
1473475,2,12,6,Noor Ahmad,-1.0416666666666667
1473476,1,5,6,CV Varun,-0.5833333333333334
1473476,1,8,6,CV Varun,-1.0
1473476,1,12,6,AD Russell,-4.583333333333333
1473476,1,15,6,CV Varun,-0.7916666666666666
1473476,2,5,6,Rashid Khan,-2.25
1473476,2,8,6,Washington Sundar,0.0
1473476,2,12,6,Washington Sundar,-3.2352941176470584
1473476,2,15,6,Rashid Khan,-4.944444444444445
1473477,1,5,6,PVD Chameera,-0.6666666666666666
1473477,1,8,6,MA Starc,-0.24999999999999994
1473477,1,12,6,Kuldeep Yadav,-0.7083333333333333
1473477,1,15,6,Mukesh Kumar,-5.527777777777779
1473477,2,5,6,Avesh Khan,-1.3333333333333333
1473477,2,8,6,DS Rathi,-0.055555555555555525
1473477,2,12,6,Avesh Khan,-0.5416666666666666
1473477,2,15,6,SN Thakur,-1.7500000000000002
1473478,1,5,6,JJ Bumrah,-0.5833333333333334
1473478,1,8,6,HH Pandya,-2.166666666666667
1473478,1,12,6,JJ Bumrah,-0.5416666666666666
1473478,1,15,6,MJ Santner,-2.7755575615628914e-17
1473478,2,5,6,E Malinga,-1.4166666666666665
1473478,2,8,6,JD Unadkat,-3.305555555555556
1473478,2,12,6,E Malinga,-0.9166666666666666
1473479,1,5,6,Sandeep Sharma,-0.6666666666666666
1473479,1,8,6,PWH de Silva,-2.333333333333333
1473479,1,12,6,PWH de Silva,-2.7916666666666665
1473479,1,15,6,JC Archer,-3.194444444444444
1473479,2,5,6,JR Hazlewood,-4.5
1473479,2,8,6,Yash Dayal,-1.7500000000000002
1473479,2,12,6,Suyash Sharma,-0.3611111111111111
1473479,2,15,6,KH Pandya,-5.395833333333334
1473480,1,5,6,PJ Cummins,-3.125
1473480,1,8,6,Zeeshan Ansari,-0.6666666666666666
1473480,1,12,6,HV Patel,-5.541666666666667
1473480,1,15,6,PJ Cummins,-2.833333333333333
1473480,2,5,6,A Kamboj,-2.9166666666666665
1473480,2,8,6,RA Jadeja,-2.25
1473480,2,12,6,M Pathirana,0.375
1473480,2,15,6,Noor Ahmad,-5.659090909090909
1473481,1,5,6,CV Varun,0.33333333333333326
1473481,1,8,6,SP Narine,0.20833333333333337
1473481,1,12,6,C Sakariya,-1.4166666666666665
1473481,1,15,6,SP Narine,-0.4375
1473482,1,5,6,DS Rathi,-1.3749999999999998
1473482,1,8,6,DS Rathi,-3.361111111111111
1473482,1,12,6,Ravi Bishnoi,-3.479166666666667
1473482,1,15,6,MP Yadav,-5.977272727272727
1473482,2,5,6,DL Chahar,-1.3529411764705883
1473482,2,8,6,HH Pandya,-1.3333333333333333
1473482,2,12,6,WG Jacks,-5.958333333333334
1473482,2,15,6,JJ Bumrah,-9.972222222222223
1473483,1,5,6,JR Hazlewood,-2.958333333333333
1473483,1,8,6,Suyash Sharma,-0.20833333333333331
1473483,1,12,6,KH Pandya,-2.6111111111111107
1473483,1,15,6,KH Pandya,-2.5833333333333335
1473483,2,5,6,MA Starc,-1.2499999999999998
1473483,2,8,6,PVD Chameera,0.0
1473483,2,12,6,Mukesh Kumar,-3.375
1473483,2,15,6,MA Starc,-1.0833333333333333
1473484,1,5,6,Sandeep Sharma,0.19999999999999996
1473484,1,8,6,Yudhvir Singh,-1.3333333333333333
1473484,1,12,6,PWH de Silva,0.1111111111111111
1473484,1,15,6,Sandeep Sharma,-0.4117647058823529
1473484,2,5,6,M Prasidh Krishna,-0.4999999999999999
1473484,2,8,6,Rashid Khan,-0.12499999999999994
1473484,2,12,6,Rashid Khan,-2.6666666666666665
1473485,1,5,6,Mukesh Kumar,-0.9999999999999999
1473485,1,8,6,V Nigam,-3.833333333333333
1473485,1,12,6,Kuldeep Yadav,-0.12499999999999994
1473485,1,15,6,V Nigam,-3.4411764705882355
1473485,2,5,6,CV Varun,-0.4999999999999999
1473485,2,8,6,CV Varun,-1.3333333333333333
1473485,2,12,6,CV Varun,-1.1764705882352942
1473485,2,15,6,SP Narine,-7.854166666666666
1473486,1,5,6,Harpreet Brar,-4.5
1473486,1,8,6,YS Chahal,-1.0833333333333335
1473486,1,12,6,Suryansh Shedge,-0.3333333333333333
1473486,1,15,6,Suryansh Shedge,-1.2941176470588236
1473486,2,5,6,RA Jadeja,-0.4999999999999999
1473486,2,8,6,Noor Ahmad,-0.6666666666666666
1473486,2,12,6,Noor Ahmad,-3.1388888888888893
1473486,2,15,6,Noor Ahmad,-3.1458333333333335
1473487,1,5,6,M Theekshana,-1.3333333333333333
1473487,1,8,6,K Kartikeya,-1.3333333333333333
1473487,1,12,6,R Parag,-2.7272727272727275
1473487,1,15,6,M Theekshana,-3.7954545454545454
1473487,2,5,6,C Bosch,-1.1666666666666667
1473487,2,8,6,KV Sharma,-3.1666666666666665
1473487,2,12,6,C Bosch,-0.9722222222222222
1473487,2,15,6,KV Sharma,-7.666666666666667
1473488,1,5,6,JD Unadkat,-0.6249999999999999
1473488,1,8,6,Zeeshan Ansari,-2.7916666666666665
1473488,1,12,6,Zeeshan Ansari,-5.416666666666667
1473488,1,15,6,PJ Cummins,-0.8888888888888888
1473488,2,5,6,Mohammed Siraj,-0.8611111111111112
1473488,2,8,6,Washington Sundar,0.09999999999999998
1473488,2,12,6,Rashid Khan,-1.4583333333333333
1473488,2,15,6,M Prasidh Krishna,-4.979166666666667
1473489,1,5,6,A Kamboj,-0.8055555555555556
1473489,1,8,6,RA Jadeja,-0.12499999999999994
1473489,1,12,6,Noor Ahmad,-1.2499999999999998
1473489,1,15,6,M Pathirana,-4.727272727272728
1473489,2,5,6,L Ngidi,-2.083333333333333
1473489,2,8,6,Suyash Sharma,-0.7499999999999999
1473489,2,12,6,Suyash Sharma,-1.2222222222222223
1473489,2,15,6,Yash Dayal,-0.6666666666666666
1473490,1,5,6,Akash Madhwal,-1.4166666666666665
1473490,1,8,6,R Parag,0.0
1473490,1,12,6,R Parag,-2.7058823529411766
1473490,1,15,6,Akash Madhwal,-1.7500000000000002
1473490,2,5,6,Harshit Rana,-2.0416666666666665
1473490,2,8,6,SP Narine,0.25
1473490,2,12,6,MM Ali,-5.941176470588235
1473490,2,15,6,Harshit Rana,-4.1764705882352935
1473491,1,5,6,Avesh Khan,-0.6666666666666666
1473491,1,8,6,Prince Yadav,-1.3333333333333333
1473491,1,12,6,DS Rathi,-3.541666666666667
1473491,1,15,6,Prince Yadav,-3.479166666666667
1473491,2,5,6,Azmatullah Omarzai,-0.6
1473491,2,8,6,YS Chahal,-1.1363636363636362
1473491,2,12,6,YS Chahal,-1.2352941176470589
1473491,2,15,6,Arshdeep Singh,-7.395833333333333
1473492,1,5,6,HV Patel,-3.0
1473492,1,8,6,E Malinga,0.16666666666666663
1473492,1,12,6,Zeeshan Ansari,-3.0833333333333335
1473492,1,15,6,PJ Cummins,-7.583333333333333
1473493,1,5,6,Arshad Khan,-2.9722222222222223
1473493,1,8,6,R Sai Kishore,-0.6666666666666666
1473493,1,12,6,R Sai Kishore,-5.478260869565217
1473493,1,15,6,G Coetzee,-2.625
1473493,2,5,6,TA Boult,-2.7222222222222223
1473493,2,8,6,KV Sharma,0.08333333333333331
1473493,2,12,6,WG Jacks,-1.5
1473493,2,15,6,TA Boult,-5.145833333333333
1473494,1,5,6,A Kamboj,-3.8888888888888893
1473494,1,8,6,RA Jadeja,0.0
1473494,1,12,6,RA Jadeja,-2.5833333333333335
1473494,1,15,6,M Pathirana,-0.6666666666666666
1473494,2,5,6,CV Varun,-3.0
1473494,2,8,6,SP Narine,-0.9583333333333335
1473494,2,12,6,CV Varun,-4.9375
1473494,2,15,6,AD Russell,-0.5833333333333334
1473495,1,5,6,T Natarajan,0.25
1473495,1,8,6,M Tiwari,-1.4999999999999998
1473497,1,5,6,Fazalhaq Farooqi,-1.0
1473497,1,8,6,Akash Madhwal,-1.3333333333333333
1473497,1,12,6,Akash Madhwal,-1.7916666666666667
1473497,1,15,6,Akash Madhwal,-4.138888888888889
1473497,2,5,6,M Jansen,-2.0416666666666665
1473497,2,8,6,Harpreet Brar,-5.333333333333333
1473497,2,12,6,Azmatullah Omarzai,-3.125
1473497,2,15,6,Azmatullah Omarzai,-3.3888888888888893
1473498,1,5,6,K Rabada,-2.0833333333333335
1473498,1,8,6,M Prasidh Krishna,-0.6666666666666666
1473498,1,12,6,Rashid Khan,-0.3888888888888889
1473498,1,15,6,R Sai Kishore,-3.833333333333333
1473498,2,5,6,Mustafizur Rahman,-0.20833333333333331
1473498,2,8,6,AR Patel,-1.3611111111111112
1473498,2,12,6,PVD Chameera,-0.6818181818181819
1473498,2,15,6,Mustafizur Rahman,-0.611111111111111
1473499,1,5,6,E Malinga,-1.3333333333333333
1473499,1,8,6,Zeeshan Ansari,-0.8181818181818183
1473499,1,12,6,Nithish Kumar Reddy,-0.5833333333333334
1473499,1,15,6,HV Patel,-3.852941176470588
1473499,2,5,6,Avesh Khan,-2.125
1473499,2,8,6,AK Markram,-1.4166666666666665
1473499,2,12,6,SN Thakur,-0.7083333333333333
1473499,2,15,6,Avesh Khan,-0.3888888888888889
1473500,1,5,6,TU Deshpande,-3.7222222222222223
1473500,1,8,6,KT Maphaka,-1.0454545454545454
1473500,1,12,6,PWH de Silva,-2.291666666666667
1473500,1,15,6,R Parag,-0.75
1473500,2,5,6,A Kamboj,-3.0277777777777777
1473500,2,8,6,M Pathirana,0.25
1473500,2,12,6,M Pathirana,-0.27272727272727276
1473500,2,15,6,Noor Ahmad,-3.8125
1473501,1,5,6,Mukesh Kumar,-3.0833333333333335
1473501,1,8,6,Kuldeep Yadav,-2.7272727272727275
1473501,1,12,6,Kuldeep Yadav,-2.5555555555555554
1473501,1,15,6,Kuldeep Yadav,-2.5
1473501,2,5,6,MJ Santner,-0.4999999999999999
1473501,2,8,6,KV Sharma,-0.6666666666666666
1473501,2,12,6,DL Chahar,-3.0277777777777777
1473501,2,15,6,JJ Bumrah,-4.944444444444445
1473502,1,5,6,K Rabada,-0.9583333333333335
1473502,1,8,6,M Prasidh Krishna,-1.3333333333333333
1473502,1,12,6,M Prasidh Krishna,-0.8333333333333334
1473502,1,15,6,Mohammed Siraj,-0.7608695652173914
1473502,2,5,6,Avesh Khan,-3.5
1473502,2,8,6,W O'Rourke,-3.0416666666666665
1473502,2,12,6,Shahbaz Ahmed,-0.27272727272727276
1473502,2,15,6,Akash Deep,-1.391304347826087
1473503,1,5,6,L Ngidi,-4.25
1473503,1,8,6,Suyash Sharma,-4.25
1473503,1,12,6,L Ngidi,-3.9166666666666665
1473503,1,15,6,B Kumar,-3.2777777777777777
1473503,2,5,6,E Malinga,-2.0833333333333335
1473503,2,8,6,Harsh Dubey,-3.125
1473503,2,12,6,HV Patel,-1.3611111111111112
1473503,2,15,6,E Malinga,-5.833333333333334
1473504,1,5,6,M Prasidh Krishna,-2.5454545454545454
1473504,1,8,6,Rashid Khan,-0.7499999999999999
1473504,1,12,6,M Shahrukh Khan,-3.9166666666666665
1473504,1,15,6,Rashid Khan,-3.3333333333333335
1473504,2,5,6,KK Ahmed,-2.9166666666666665
1473504,2,8,6,Noor Ahmad,-0.6666666666666666
1473504,2,12,6,Noor Ahmad,-3.125
1473504,2,15,6,Noor Ahmad,-5.305555555555555
1473505,1,5,6,Harshit Rana,-1.3333333333333333
1473505,1,8,6,SP Narine,-3.5
1473505,1,12,6,SP Narine,-5.527777777777779
1473505,1,15,6,A Nortje,-1.3823529411764708
1473505,2,5,6,JD Unadkat,-5.805555555555555
1473505,2,8,6,Nithish Kumar Reddy,0.09999999999999998
1473505,2,12,6,E Malinga,-4.708333333333334
1473505,2,15,6,E Malinga,-5.555555555555555
1473506,1,5,6,M Jansen,-3.0
1473506,1,8,6,KA Jamieson,-1.6666666666666667
1473506,1,12,6,Vijaykumar Vyshak,-5.0
1473506,1,15,6,KA Jamieson,-1.5833333333333333
1473506,2,5,6,DL Chahar,-0.9722222222222222
1473506,2,8,6,MJ Santner,-1.1363636363636362
1473506,2,12,6,JJ Bumrah,-2.888888888888889
1473506,2,15,6,WG Jacks,-0.7000000000000001
1473507,1,5,6,N Thushara,-3.0294117647058827
1473507,1,8,6,R Shepherd,-0.7000000000000001
1473507,1,12,6,KH Pandya,-0.2272727272727273
1473507,1,15,6,B Kumar,-3.3823529411764706
1473507,2,5,6,Akash Singh,-3.375
1473507,2,8,6,Shahbaz Ahmed,-1.0
1473507,2,12,6,Akash Singh,-3.6875
1473507,2,15,6,Avesh Khan,-3.6764705882352944
1473508,1,5,6,JR Hazlewood,-5.458333333333333
1473508,1,8,6,Suyash Sharma,-4.666666666666666
1473508,1,12,6,Suyash Sharma,-7.444444444444445
1473508,2,5,6,KA Jamieson,-3.5
1473508,2,8,6,Harpreet Brar,-0.6666666666666666
1473509,1,5,6,R Sai Kishore,-2.0
1473509,1,8,6,Rashid Khan,-0.4999999999999999
1473509,1,12,6,R Sai Kishore,-6.0
1473509,1,15,6,G Coetzee,-1.3749999999999998
1473509,2,5,6,JJ Bumrah,-0.4999999999999999
1473509,2,8,6,HH Pandya,-1.4583333333333333
1473509,2,12,6,TA Boult,-3.6764705882352944
1473509,2,15,6,RJ Gleeson,-4.138888888888889
1473510,1,5,6,Azmatullah Omarzai,-1.7
1473510,1,8,6,Vijaykumar Vyshak,-3.181818181818182
1473510,1,12,6,KA Jamieson,-0.5833333333333334
1473510,1,15,6,Vijaykumar Vyshak,-3.0833333333333335
1473510,2,5,6,Ashwani Kumar,-3.75
1473510,2,8,6,MJ Santner,-0.3333333333333333
1473510,2,12,6,RJW Topley,-1.3333333333333333
1473510,2,15,6,Ashwani Kumar,-5.588235294117648
1473511,1,5,6,Vijaykumar Vyshak,-0.5833333333333334
1473511,1,8,6,YS Chahal,-2.7916666666666665
1473511,1,12,6,Vijaykumar Vyshak,-0.46875
1473511,1,15,6,Arshdeep Singh,-1.1111111111111112
1473511,2,5,6,Yash Dayal,-0.4999999999999999
1473511,2,8,6,KH Pandya,-2.291666666666667
1473511,2,12,6,KH Pandya,-4.9375
1473511,2,15,6,JR Hazlewood,-3.1470588235294117
1485779,1,5,6,V Nigam,-5.0
1485779,1,8,6,Kuldeep Yadav,-1.0
1485779,1,12,6,Mukesh Kumar,-3.25
1485779,1,15,6,Mustafizur Rahman,-5.333333333333333
1485779,2,5,6,M Jansen,-3.75
1485779,2,8,6,P Dubey,0.16666666666666663
1485779,2,12,6,Azmatullah Omarzai,-1.3333333333333333
1485779,2,15,6,Arshdeep Singh,-0.5833333333333334
1527674,1,5,6,Abhinandan Singh,-2.0
1527674,1,8,6,Abhinandan Singh,-1.3333333333333333
1527674,1,12,6,KH Pandya,-1.0833333333333335
1527674,1,15,6,Abhinandan Singh,-3.805555555555556
1527674,2,5,6,Harsh Dubey,-0.7499999999999999
1527674,2,8,6,Harsh Dubey,-3.541666666666667
1527674,2,12,6,DA Payne,-5.916666666666666
1527675,1,5,6,SN Thakur,-3.833333333333333
1527675,1,8,6,SN Thakur,-6.0
1527675,1,12,6,TA Boult,-0.5833333333333334
1527675,1,15,6,TA Boult,-0.6304347826086956
1527675,2,5,6,Kartik Tyagi,-1.3333333333333333
1527675,2,8,6,SP Narine,-0.9166666666666666
1527675,2,12,6,AS Roy,0.09999999999999998
1527675,2,15,6,B Muzarabani,-3.833333333333333
1527676,1,5,6,Sandeep Sharma,-2.333333333333333
1527676,1,8,6,Ravi Bishnoi,-0.24999999999999994
1527676,1,12,6,JC Archer,-5.138888888888889
1527676,1,15,6,Ravi Bishnoi,-2.5277777777777777
1527676,2,5,6,Noor Ahmad,-1.3333333333333333
1527676,2,8,6,A Kamboj,-6.027777777777778
1527677,1,5,6,M Jansen,-2.625
1527677,1,8,6,XC Bartlett,-1.3333333333333333
1527677,1,12,6,XC Bartlett,-1.0833333333333333
1527677,1,15,6,YS Chahal,-5.375
1527677,2,5,6,Rashid Khan,-0.41666666666666663
1527677,2,8,6,Washington Sundar,-0.5833333333333334
1527677,2,12,6,M Prasidh Krishna,-2.166666666666667
1527677,2,15,6,K Rabada,-3.5555555555555554
1527678,1,5,6,AR Patel,-2.958333333333333
1527678,1,8,6,L Ngidi,-3.416666666666667
1527678,1,12,6,T Natarajan,-2.6666666666666665
1527678,1,15,6,Kuldeep Yadav,-5.583333333333333
1527678,2,5,6,Mohsin Khan,-2.041666666666667
1527678,2,8,6,Mohammed Shami,-2.8125
1527678,2,12,6,Prince Yadav,-5.222222222222221
1527678,2,15,6,Mohsin Khan,-2.5625
1527679,1,5,6,Kartik Tyagi,-4.1
1527679,1,8,6,B Muzarabani,-6.045454545454546
1527679,1,12,6,SP Narine,-0.5833333333333334
1527679,1,15,6,Kartik Tyagi,-3.6764705882352944
1527679,2,5,6,E Malinga,0.16666666666666663
1527679,2,8,6,Shivang Kumar,-0.875
1527679,2,12,6,Shivang Kumar,-3.6458333333333335
1527679,2,15,6,JD Unadkat,-8.055555555555555
1527680,1,5,6,Arshdeep Singh,-0.13636363636363646
1527680,1,8,6,MP Stoinis,-1.7999999999999998
1527680,1,12,6,Vijaykumar Vyshak,-3.1111111111111107
1527680,1,15,6,XC Bartlett,-3.911764705882353
1527680,2,5,6,KK Ahmed,-0.75
1527680,2,8,6,Noor Ahmad,-3.125
1527680,2,12,6,RD Chahar,-0.9166666666666667
1527680,2,15,6,RD Chahar,-1.108695652173913
1527681,1,5,6,L Ngidi,-1.2916666666666665
1527681,1,8,6,Kuldeep Yadav,-0.6666666666666666
1527681,1,12,6,AR Patel,-2.5217391304347827
1527681,1,15,6,L Ngidi,-3.3529411764705883
1527681,2,5,6,JJ Bumrah,-2.625
1527681,2,8,6,C Bosch,-0.8999999999999999
1527681,2,12,6,JJ Bumrah,-2.4444444444444446
1527681,2,15,6,JJ Bumrah,-2.8260869565217392
1527682,1,5,6,M Prasidh Krishna,-1.3333333333333333
1527682,1,8,6,Rashid Khan,-2.4545454545454546
1527682,1,12,6,K Rabada,-3.5
1527682,1,15,6,Ashok Sharma,-3.25
1527682,2,5,6,Sandeep Sharma,-0.9583333333333335
1527682,2,8,6,RA Jadeja,-1.0833333333333335
1527682,2,12,6,Ravi Bishnoi,-8.041666666666666
1527682,2,15,6,JC Archer,-1.0555555555555556
1527683,1,5,6,M Siddharth,-0.41666666666666663
1527683,1,8,6,Mohammed Shami,-4.625
1527683,1,12,6,M Siddharth,-0.25
1527683,1,15,6,Prince Yadav,-3.0555555555555554
1527683,2,5,6,JD Unadkat,-1.3333333333333333
1527683,2,8,6,E Malinga,-3.0
1527683,2,12,6,Harsh Dubey,-2.5
1527683,2,15,6,JD Unadkat,-1.3888888888888888
1527684,1,5,6,KK Ahmed,-0.027777777777777846
1527684,1,8,6,J Overton,-0.7499999999999999
1527684,1,12,6,S Dube,-4.045454545454545
1527684,1,15,6,KK Ahmed,-0.3913043478260869
1527684,2,5,6,Abhinandan Singh,-1.4166666666666665
1527684,2,8,6,KH Pandya,-5.916666666666666
1527684,2,12,6,Suyash Sharma,-0.20833333333333331
1527684,2,15,6,B Kumar,-6.323529411764706
1527686,1,5,6,AM Ghazanfar,-2.3000000000000003
1527686,1,8,6,AM Ghazanfar,-5.958333333333334
1527686,2,5,6,Sandeep Sharma,-3.0
1527686,2,8,6,N Burger,-5.875
1527687,1,5,6,L Ngidi,-0.4999999999999999
1527687,1,8,6,T Natarajan,0.08333333333333331
1527687,1,12,6,Kuldeep Yadav,-3.1666666666666665
1527687,1,15,6,T Natarajan,-0.4166666666666667
1527687,2,5,6,Ashok Sharma,-3.7500000000000004
1527687,2,8,6,M Prasidh Krishna,-4.25
1527687,2,12,6,M Prasidh Krishna,-4.138888888888889
1527687,2,15,6,Ashok Sharma,-2.088235294117647
1527688,1,5,6,Avesh Khan,-2.0833333333333335
1527688,1,8,6,Avesh Khan,-1.7083333333333335
1527688,1,12,6,Mohammed Shami,-0.2777777777777778
1527688,1,15,6,M Siddharth,-3.0625
1527688,2,5,6,SP Narine,-0.5833333333333334
1527688,2,8,6,C Green,-3.3
1527688,2,12,6,AS Roy,-0.4375
1527688,2,15,6,SP Narine,-2.395833333333333
1527689,1,5,6,N Burger,-0.5416666666666666
1527689,1,8,6,Brijesh Sharma,-3.1666666666666665
1527689,1,12,6,Brijesh Sharma,-5.916666666666666
1527689,1,15,6,Sandeep Sharma,-1.3333333333333333
1527689,2,5,6,Abhinandan Singh,-2.9166666666666665
1527689,2,8,6,KH Pandya,-5.625
1527689,2,12,6,KH Pandya,-5.416666666666666
1527689,2,15,6,R Shepherd,0.0
1527690,1,5,6,XC Bartlett,-2.3636363636363633
1527690,1,8,6,Shashank Singh,-4.772727272727273
1527690,1,12,6,Vijaykumar Vyshak,-1.7500000000000002
1527690,1,15,6,XC Bartlett,-1.4444444444444442
1527690,2,5,6,HV Patel,-2.9166666666666665
1527690,2,8,6,Shivang Kumar,-5.636363636363636
1527690,2,12,6,Shivang Kumar,-8.083333333333332
1527690,2,15,6,E Malinga,-1.676470588235294
1527691,1,5,6,L Ngidi,-1.4999999999999998
1527691,1,8,6,Mukesh Kumar,-0.5416666666666666
1527691,1,12,6,L Ngidi,-1.3749999999999998
1527691,1,15,6,Mukesh Kumar,-0.323529411764706
1527691,2,5,6,A Kamboj,-3.7916666666666665
1527691,2,8,6,Noor Ahmad,0.0
1527691,2,12,6,J Overton,-5.125
1527691,2,15,6,J Overton,-7.5
1527692,1,5,6,Ashok Sharma,-1.2499999999999998
1527692,1,8,6,M Prasidh Krishna,-5.458333333333333
1527692,1,12,6,K Rabada,-4.583333333333333
1527692,1,15,6,Mohammed Siraj,-2.6041666666666665
1527692,2,5,6,DS Rathi,-3.0833333333333335
1527692,2,8,6,GF Linde,-1.3749999999999998
1527692,2,12,6,DS Rathi,-2.9565217391304346
1527692,2,15,6,Mohammed Shami,-3.5625
1527693,1,5,6,JJ Bumrah,-0.27272727272727276
1527693,1,8,6,MJ Santner,-1.3333333333333333
1527693,1,12,6,SN Thakur,-4.0
1527693,1,15,6,MJ Santner,-1.1956521739130435
1527693,2,5,6,Rasikh Salam,-3.375
1527693,2,8,6,KH Pandya,-0.3611111111111111
1527693,2,12,6,KH Pandya,-2.7391304347826084
1529264,1,5,6,TU Deshpande,-1.4166666666666665
1529264,1,8,6,Sandeep Sharma,-0.7272727272727273
1529264,1,12,6,JC Archer,-3.7222222222222223
1529264,1,15,6,TU Deshpande,-4.138888888888889
1529264,2,5,6,E Malinga,-0.6666666666666666
1529264,2,8,6,Shivang Kumar,-0.5833333333333334
1529264,2,12,6,Nithish Kumar Reddy,-0.6249999999999999
1529264,2,15,6,E Malinga,-3.1388888888888893
1529265,1,5,6,VG Arora,-4.583333333333333
1529265,1,8,6,SP Narine,-0.24999999999999994
1529265,1,12,6,SP Narine,-0.055555555555555525
1529265,1,15,6,VG Arora,-4.5
1529265,2,5,6,AJ Hosein,-0.41666666666666663
1529265,2,8,6,Gurjapneet Singh,-2.5999999999999996
1529265,2,12,6,Noor Ahmad,-7.555555555555555
1529265,2,15,6,J Overton,-1.0454545454545454
1529266,1,5,6,Rasikh Salam,-2.6666666666666665
1529266,1,8,6,Suyash Sharma,-0.6666666666666666
1529266,1,12,6,Suyash Sharma,-0.8055555555555556
1529266,1,15,6,Rasikh Salam,-5.277777777777779
1529266,2,5,6,Avesh Khan,0.16666666666666663
1529266,2,8,6,Mohammed Shami,-1.0555555555555556
1529266,2,12,6,Prince Yadav,-8.777777777777777
1529267,1,5,6,Vijaykumar Vyshak,-2.0833333333333335
1529267,1,8,6,Vijaykumar Vyshak,-1.909090909090909
1529267,1,12,6,M Jansen,-0.38235294117647056
1529267,1,15,6,Shashank Singh,-3.125
1529267,2,5,6,JJ Bumrah,-0.8333333333333333
1529267,2,8,6,AM Ghazanfar,-5.277777777777779
1529267,2,12,6,JJ Bumrah,-1.15625
1529267,2,15,6,SN Thakur,-3.764705882352941
1529268,1,5,6,K Rabada,-5.472222222222221
1529268,1,8,6,M Prasidh Krishna,-0.6249999999999999
1529268,1,12,6,Ashok Sharma,-3.6176470588235294
1529268,1,15,6,K Rabada,-7.979166666666667
1529268,2,5,6,SP Narine,-3.708333333333333
1529268,2,8,6,Kartik Tyagi,-0.45833333333333315
1529268,2,12,6,SP Narine,-3.0208333333333335
1529268,2,15,6,AS Roy,-1.2352941176470589
1529269,1,5,6,L Ngidi,-2.333333333333333
1529269,1,8,6,Kuldeep Yadav,-0.2916666666666667
1529269,1,12,6,Mukesh Kumar,-3.088235294117647
1529269,1,15,6,AR Patel,-5.305555555555555
1529269,2,5,6,Rasikh Salam,-0.20833333333333331
1529269,2,8,6,KH Pandya,0.04166666666666666
1529269,2,12,6,Rasikh Salam,-0.6764705882352942
1529269,2,15,6,B Kumar,-10.027777777777777
1529270,1,5,6,Mukesh Choudhary,-6.25
1529270,1,8,6,Gurjapneet Singh,-0.41666666666666663
1529270,1,12,6,Noor Ahmad,-0.611111111111111
1529270,1,15,6,Noor Ahmad,-0.6041666666666666
1529270,2,5,6,E Malinga,-3.3
1529270,2,8,6,Shivang Kumar,-0.5833333333333334
1529270,2,12,6,Nithish Kumar Reddy,-5.027777777777778
1529270,2,15,6,E Malinga,-7.777777777777779
1529271,1,5,6,C Green,-1.2777777777777777
1529271,1,8,6,CV Varun,-2.083333333333333
1529271,1,12,6,CV Varun,-4.75
1529271,1,15,6,SP Narine,-5.291666666666666
1529271,2,5,6,Yash Raj Punja,-1.3333333333333333
1529271,2,8,6,RA Jadeja,-2.208333333333333
1529271,2,12,6,Ravi Bishnoi,-2.888888888888889
1529271,2,15,6,Ravi Bishnoi,-3.0
1529272,1,5,6,Mohsin Khan,-1.3333333333333333
1529272,1,8,6,M Siddharth,-0.7499999999999999
1529272,1,12,6,AK Markram,-3.5999999999999996
1529272,1,15,6,Mohsin Khan,-3.4375
1529272,2,5,6,Vijaykumar Vyshak,-3.0
1529272,2,8,6,Vijaykumar Vyshak,-2.8
1529272,2,12,6,Arshdeep Singh,-3.1176470588235294
1529272,2,15,6,XC Bartlett,-1.3611111111111112
1529273,1,5,6,K Rabada,-8.305555555555555
1529273,1,8,6,M Prasidh Krishna,-0.6666666666666666
1529273,1,12,6,M Prasidh Krishna,-2.7083333333333335
1529273,1,15,6,K Rabada,-8.041666666666666
1529273,2,5,6,Krish Bhagat,-0.12499999999999994
1529273,2,8,6,AM Ghazanfar,-0.5416666666666666
1529273,2,12,6,Ashwani Kumar,-10.194444444444445
1529273,2,15,6,AM Ghazanfar,-5.235294117647059
1529274,1,5,6,L Ngidi,-0.6818181818181819
1529274,1,8,6,AR Patel,-3.2083333333333335
1529274,1,12,6,Mukesh Kumar,-0.8823529411764706
1529274,1,15,6,L Ngidi,-0.6470588235294118
1529274,2,5,6,Sakib Hussain,-0.41666666666666663
1529274,2,8,6,Nithish Kumar Reddy,-1.3888888888888888
1529274,2,12,6,D Madushanka,-3.0833333333333335
1529274,2,15,6,E Malinga,-8.055555555555555
1529275,1,5,6,Mohsin Khan,-2.541666666666667
1529275,1,8,6,Prince Yadav,-3.333333333333333
1529275,1,12,6,Mohammed Shami,-5.8125
1529275,1,15,6,Prince Yadav,-5.444444444444445
1529275,2,5,6,N Burger,-2.6944444444444446
1529275,2,8,6,Ravi Bishnoi,0.19999999999999996
1529275,2,12,6,Brijesh Sharma,-0.6249999999999999
1529275,2,15,6,N Burger,-5.4375
1529276,1,5,6,MJ Santner,-3.75
1529276,1,8,6,AM Ghazanfar,-5.361111111111111
1529276,1,12,6,Ashwani Kumar,-3.1111111111111107
1529276,1,15,6,Krish Bhagat,-2.0833333333333335
1529276,2,5,6,Mukesh Choudhary,-2.7058823529411766
1529276,2,8,6,Noor Ahmad,0.09999999999999998
1529276,2,12,6,Noor Ahmad,-5.305555555555555
1529276,2,15,6,Gurjapneet Singh,0.16666666666666663
1529277,1,5,6,Rasikh Salam,-1.4166666666666665
1529277,1,8,6,KH Pandya,-0.27272727272727276
1529277,1,12,6,Suyash Sharma,-3.125
1529277,1,15,6,JR Hazlewood,-3.7222222222222223
1529277,2,5,6,JO Holder,-0.6666666666666666
1529277,2,8,6,M Prasidh Krishna,-1.8333333333333335
1529277,2,12,6,Rashid Khan,-3.638888888888889
1529277,2,15,6,MJ Suthar,-2.333333333333333
1529278,1,5,6,M Jansen,-0.9166666666666666
1529278,1,8,6,YS Chahal,-0.3333333333333333
1529278,1,12,6,MP Stoinis,-1.0
1529278,1,15,6,Vijaykumar Vyshak,-2.0
1529278,2,5,6,Mukesh Kumar,-3.375
1529278,2,8,6,AR Patel,-3.9166666666666665
1529278,2,12,6,AR Patel,-3.520833333333333
1529278,2,15,6,Kuldeep Yadav,-6.021739130434782
1529279,1,5,6,Sakib Hussain,-1.7
1529279,1,8,6,Sakib Hussain,-0.9583333333333335
1529279,1,12,6,Nithish Kumar Reddy,-4.5
1529279,1,15,6,PP Hinge,-1.3333333333333333
1529279,2,5,6,Brijesh Sharma,-3.375
1529279,2,8,6,Brijesh Sharma,-2.3636363636363633
1529279,2,12,6,JC Archer,-5.916666666666666
1529279,2,15,6,Brijesh Sharma,-1.3888888888888888
1529280,1,5,6,K Rabada,-5.416666666666667
1529280,1,8,6,MJ Suthar,-2.208333333333333
1529280,1,12,6,Arshad Khan,-0.41666666666666663
1529280,1,15,6,Arshad Khan,-2.9166666666666665
1529280,2,5,6,A Kamboj,-0.2222222222222222
1529280,2,8,6,Noor Ahmad,-2.375
1529280,2,12,6,AJ Hosein,-1.1111111111111112
1529280,2,15,6,Gurjapneet Singh,-1.2222222222222223
1529281,1,5,6,DS Rathi,0.25
1529281,1,8,6,GF Linde,-1.4999999999999998
1529281,1,12,6,Prince Yadav,-2.3000000000000003
1529281,1,15,6,Prince Yadav,-2.5277777777777777
1529281,2,5,6,VG Arora,-2.5
1529281,2,8,6,CV Varun,-0.20833333333333331
1529281,2,12,6,SP Narine,-2.888888888888889
1529281,2,15,6,AS Roy,-3.125
1529282,1,5,6,JR Hazlewood,-7.388888888888888
1529282,1,8,6,Rasikh Salam,-3.875
1529282,1,12,6,KH Pandya,-2.333333333333333
1529282,1,15,6,Suyash Sharma,-2.083333333333333
1529282,2,5,6,AR Patel,0.08333333333333331
1529283,1,5,6,N Burger,-1.9166666666666665
1529283,1,8,6,Yash Raj Punja,-3.458333333333333
1529283,1,12,6,Brijesh Sharma,0.16666666666666663
1529283,1,15,6,Yash Raj Punja,-5.8125
1529283,2,5,6,LH Ferguson,-2.125
1529283,2,8,6,Harpreet Brar,-0.08333333333333331
1529283,2,12,6,M Jansen,-0.9583333333333335
1529283,2,15,6,M Jansen,-1.2058823529411766
1529284,1,5,6,Sakib Hussain,-2.166666666666667
1529284,1,8,6,E Malinga,-2.291666666666667
1529284,1,12,6,E Malinga,-2.3529411764705888
1529284,1,15,6,PP Hinge,-4.138888888888889
1529284,2,5,6,JJ Bumrah,-1.3333333333333333
1529284,2,8,6,AM Ghazanfar,-5.583333333333333
1529284,2,12,6,HH Pandya,-2.625
1529284,2,15,6,AM Ghazanfar,-6.395833333333333
1529285,1,5,6,K Rabada,-4.027777777777778
1529285,1,8,6,JO Holder,-3.541666666666667
1529285,1,12,6,K Rabada,-3.979166666666667
1529285,1,15,6,Rashid Khan,-5.0625
1529285,2,5,6,JR Hazlewood,-2.111111111111111
1529285,2,8,6,R Shepherd,-0.4999999999999999
1529285,2,12,6,R Shepherd,-5.555555555555555
1529286,1,5,6,KA Jamieson,-3.6111111111111107
1529286,1,8,6,AR Patel,-0.8611111111111112
1529286,1,12,6,T Natarajan,-0.5833333333333334
1529286,1,15,6,KA Jamieson,-3.895833333333333
1529286,2,5,6,Brijesh Sharma,-1.3333333333333333
1529286,2,8,6,Ravi Bishnoi,-1.4166666666666665
1529286,2,12,6,TU Deshpande,-0.6249999999999999
1529286,2,15,6,JC Archer,-3.852941176470588
