match_id,innings,over,ball_in_over,bowler,w9_actual,w9_predicted_prob
335983,1,15,1,IK Pathan,1,0.5875630946490232
335983,1,15,2,IK Pathan,0,0.5359095881170708
335983,1,15,3,IK Pathan,0,0.6248062685094412
335983,1,15,4,IK Pathan,0,0.5844360366532995
335983,1,15,5,IK Pathan,0,0.5828383739012476
335983,1,15,6,IK Pathan,0,0.5840203040137103
335983,1,16,1,S Sreesanth,0,0.3689845959523112
335983,1,16,2,S Sreesanth,0,0.3104088355399265
335983,1,16,3,S Sreesanth,0,0.45985351906362715
335983,1,16,4,S Sreesanth,1,0.4622049414146827
335983,1,16,5,S Sreesanth,1,0.4622049414146827
335983,1,17,1,IK Pathan,0,0.38987758305815484
335983,1,17,2,IK Pathan,0,0.48230321968409945
335983,1,17,3,IK Pathan,0,0.479541942395884
335983,1,17,4,IK Pathan,0,0.572161018232797
335983,1,17,5,IK Pathan,0,0.6122896246793399
335983,1,18,1,B Lee,0,0.26046558673788595
335983,1,18,2,B Lee,0,0.3393585767076867
335983,1,18,3,B Lee,0,0.3905051762110654
335983,1,18,4,B Lee,0,0.5188299558133515
335983,1,18,5,B Lee,0,0.6501564488998726
335983,1,19,1,JR Hopes,0,0.40495862233039365
335983,1,19,2,JR Hopes,0,0.5130404542776394
335983,1,19,3,JR Hopes,0,0.4647740727349833
335983,1,19,4,JR Hopes,0,0.44372193452526154
335983,1,19,5,JR Hopes,1,0.5698163414726648
335983,2,15,1,P Amarnath,1,0.5455101550981774
335983,2,15,2,P Amarnath,0,0.549542193932835
335983,2,15,3,P Amarnath,1,0.6094071815896042
335983,2,15,4,P Amarnath,1,0.6541327173599936
335983,2,15,5,P Amarnath,0,0.7335567596025856
335983,2,16,1,MS Gony,0,0.5079231009529969
335983,2,16,2,MS Gony,0,0.494283482322182
335983,2,16,3,MS Gony,0,0.5484832381241943
335983,2,16,4,MS Gony,1,0.6279325770384903
335983,2,16,5,MS Gony,0,0.7163862406787087
335983,2,17,1,M Muralitharan,1,0.33824984176411665
335983,2,17,2,M Muralitharan,1,0.3122578797004346
335983,2,17,3,M Muralitharan,1,0.37649369918692416
335983,2,17,4,M Muralitharan,1,0.5930419209581557
335983,2,17,5,M Muralitharan,1,0.7203519932007671
335983,2,18,1,JDP Oram,1,0.3936365776579992
335983,2,18,2,JDP Oram,1,0.3947777029123893
335983,2,18,3,JDP Oram,1,0.39527953966088103
335983,2,18,4,JDP Oram,1,0.4912847542588931
335983,2,18,5,JDP Oram,1,0.6049204659679156
335983,2,19,1,Joginder Sharma,1,0.6114648571797682
335983,2,19,2,Joginder Sharma,1,0.6205092151963698
335983,2,19,3,Joginder Sharma,0,0.5503359502652638
335983,2,19,4,Joginder Sharma,1,0.5969748181440883
335983,2,19,5,Joginder Sharma,1,0.7283006760299481
335990,1,15,1,SK Warne,0,0.5391767625162284
335990,1,15,2,SK Warne,0,0.7094828877387396
335990,1,15,3,SK Warne,0,0.6773726038328958
335990,1,15,4,SK Warne,0,0.7652279561506974
335990,1,15,5,SK Warne,0,0.7550430275816827
335990,1,15,6,SK Warne,0,0.7356855914143314
335990,1,16,1,MM Patel,0,0.7641174628762224
335990,1,16,2,MM Patel,0,0.7875844060528988
335990,1,16,3,MM Patel,1,0.8192539669528625
335990,1,16,4,MM Patel,1,0.7958222524181964
335990,1,16,5,MM Patel,0,0.7729214195586351
335990,1,16,6,MM Patel,0,0.705873980148624
335990,1,17,1,SK Warne,1,0.6274559867483439
335990,1,17,2,SK Warne,0,0.57551423342794
335990,1,17,3,SK Warne,0,0.5544644867553667
335990,1,17,4,SK Warne,1,0.4913377537284139
335990,1,17,5,SK Warne,1,0.6032440706275103
335990,1,18,1,MM Patel,0,0.7266860338800083
335990,1,18,2,MM Patel,0,0.6440907053019371
335990,1,18,3,MM Patel,0,0.6753068865295675
335990,1,18,4,MM Patel,0,0.6803330152410101
335990,1,18,5,MM Patel,1,0.7110901656925578
335990,1,18,6,MM Patel,0,0.6344622326428971
335990,1,18,7,MM Patel,0,0.6359689820626322
335990,1,19,1,SR Watson,0,0.2792308770193078
335990,1,19,2,SR Watson,0,0.3346574530736262
335990,1,19,3,SR Watson,0,0.42006949804378263
335990,1,19,4,SR Watson,1,0.44658836462218304
335990,1,19,5,SR Watson,1,0.47206173146961294
335990,1,19,6,SR Watson,1,0.6081722252142274
335990,2,15,1,D Kalyankrishna,0,0.22169869735409517
335990,2,15,2,D Kalyankrishna,0,0.21817997076479917
335990,2,15,3,D Kalyankrishna,0,0.3131857065083609
335990,2,15,4,D Kalyankrishna,0,0.4687524262764603
335990,2,15,5,D Kalyankrishna,0,0.479636777553711
335990,2,16,1,WPUJC Vaas,1,0.6351605528586346
335990,2,16,2,WPUJC Vaas,1,0.6228786537599774
335990,2,16,3,WPUJC Vaas,1,0.6144996598109757
335990,2,16,4,WPUJC Vaas,1,0.6466400492425194
335990,2,16,5,WPUJC Vaas,0,0.7628957989469167
335990,2,17,1,Shahid Afridi,0,0.38245950988788824
335990,2,17,2,Shahid Afridi,0,0.40851420901891106
335990,2,17,3,Shahid Afridi,0,0.5885065339497318
335990,2,17,4,Shahid Afridi,0,0.6698493216161935
335990,2,17,5,Shahid Afridi,0,0.7411067254972522
335990,2,17,6,Shahid Afridi,0,0.8420058804633949
335990,2,18,1,RP Singh,1,0.5621856314441598
335990,2,18,2,RP Singh,1,0.5796920920315244
335990,2,18,3,RP Singh,1,0.61211896475873
335990,2,18,4,RP Singh,1,0.6120662720782046
335990,2,18,5,RP Singh,1,0.56158616030757
335990,2,18,6,RP Singh,1,0.6527184855560947
335990,2,19,1,A Symonds,0,0.5516858386217364
335990,2,19,2,A Symonds,0,0.4697914002859842
335990,2,19,3,A Symonds,0,0.48194422779007645
335990,2,19,4,A Symonds,0,0.517034695676702
335995,1,15,1,S Sreesanth,0,0.5866502041421967
335995,1,15,2,S Sreesanth,0,0.5693634587738354
335995,1,15,3,S Sreesanth,0,0.5426912151747845
335995,1,15,4,S Sreesanth,0,0.6749198723568395
335995,1,15,5,S Sreesanth,1,0.7695296562414485
335995,1,16,1,IK Pathan,1,0.35561007002631584
335995,1,16,2,IK Pathan,1,0.3875852134252066
335995,1,16,3,IK Pathan,1,0.40917517918847346
335995,1,16,4,IK Pathan,1,0.3885516878262559
335995,1,16,5,IK Pathan,1,0.379319321312882
335995,1,16,6,IK Pathan,1,0.37845126943528057
335995,1,16,7,IK Pathan,1,0.37561705833664133
335995,1,17,1,VRV Singh,0,0.36033039524539306
335995,1,17,2,VRV Singh,0,0.48161662405411215
335995,1,17,3,VRV Singh,0,0.5337451467389376
335995,1,17,4,VRV Singh,1,0.6182775117648944
335995,1,17,5,VRV Singh,1,0.7864124799151776
335995,1,18,1,B Lee,0,0.37269311373160324
335995,1,18,2,B Lee,0,0.3879056460295042
335995,1,18,3,B Lee,0,0.4566523183642695
335995,1,18,4,B Lee,0,0.5704693599845262
335995,1,18,5,B Lee,0,0.6944448276413359
335995,1,19,1,IK Pathan,1,0.3593223226073899
335995,1,19,2,IK Pathan,1,0.3962694733670579
335995,1,19,3,IK Pathan,1,0.5185422543326093
335995,1,19,4,IK Pathan,1,0.6129804606184801
335995,1,19,5,IK Pathan,1,0.7209109110036775
335995,2,15,1,GD McGrath,0,0.5230710412180987
335995,2,15,2,GD McGrath,0,0.5750836148995276
335995,2,15,3,GD McGrath,1,0.6165286297341934
335995,2,15,4,GD McGrath,1,0.6758264442595008
335995,2,15,5,GD McGrath,1,0.7799760994979675
335995,2,16,1,VY Mahesh,0,0.2475080610303763
335995,2,16,2,VY Mahesh,1,0.3302639393565426
335995,2,16,3,VY Mahesh,1,0.3302639393565426
335995,2,16,4,VY Mahesh,1,0.4355182290256874
335995,2,16,5,VY Mahesh,1,0.4309535936572589
335995,2,16,6,VY Mahesh,1,0.4281230995714747
335995,2,17,1,Mohammad Asif,1,0.5131422543326531
335995,2,17,2,Mohammad Asif,0,0.4777868341812818
335995,2,17,3,Mohammad Asif,0,0.47890179661537186
335995,2,17,4,Mohammad Asif,0,0.47890179661537186
335995,2,17,5,Mohammad Asif,0,0.5709373204068166
335995,2,17,6,Mohammad Asif,1,0.6544771394921359
335995,2,18,1,VY Mahesh,1,0.45919112098443676
335995,2,18,2,VY Mahesh,1,0.555730863883878
335995,2,18,3,VY Mahesh,1,0.5741471153495677
335995,2,18,4,VY Mahesh,0,0.47917767045188653
335995,2,18,5,VY Mahesh,0,0.4540142645914246
335995,2,19,1,Shoaib Malik,0,0.4635783293544673
335995,2,19,2,Shoaib Malik,0,0.48795646218092104
335996,1,15,1,B Akhil,0,0.3209090259893113
335996,1,15,2,B Akhil,1,0.40963781679054484
335996,1,15,3,B Akhil,1,0.45133195600210846
335996,1,15,4,B Akhil,1,0.5655102307638052
335996,1,15,5,B Akhil,1,0.6805418236811362
335996,1,16,1,JH Kallis,0,0.26818453886259314
335996,1,16,2,JH Kallis,0,0.3393068126921358
335996,1,16,3,JH Kallis,0,0.44903790043770786
335996,1,16,4,JH Kallis,0,0.5944722314617918
335996,1,16,5,JH Kallis,0,0.7198948963415853
335996,1,17,1,P Kumar,0,0.2619781152329762
335996,1,17,2,P Kumar,0,0.3272284234100014
335996,1,17,3,P Kumar,0,0.4499241223179562
335996,1,17,4,P Kumar,1,0.5063044599045502
335996,1,17,5,P Kumar,1,0.6672091851990681
335996,1,18,1,DW Steyn,0,0.292023123742427
335996,1,18,2,DW Steyn,0,0.2923461390460431
335996,1,18,3,DW Steyn,0,0.3112104128621024
335996,1,18,4,DW Steyn,0,0.3502208434076989
335996,1,18,5,DW Steyn,0,0.4784369041938859
335996,1,18,6,DW Steyn,1,0.6184565916994662
335996,1,19,1,Z Khan,0,0.2761022458239969
335996,1,19,2,Z Khan,0,0.38509018300847014
335996,1,19,3,Z Khan,1,0.5385956016401359
335996,1,19,4,Z Khan,1,0.5760474294331406
335996,1,19,5,Z Khan,1,0.6182776325221944
335996,2,15,1,P Amarnath,0,0.5166373851335267
335996,2,15,2,P Amarnath,0,0.5552180174148468
335996,2,15,3,P Amarnath,0,0.5835845923885733
335996,2,15,4,P Amarnath,0,0.6989303704258981
335996,2,15,5,P Amarnath,0,0.7537622461072813
335996,2,16,1,MS Gony,1,0.3801790297357005
335996,2,16,2,MS Gony,0,0.4472730368936445
335996,2,16,3,MS Gony,0,0.5039173917770182
335996,2,16,4,MS Gony,0,0.701200644127889
335996,2,16,5,MS Gony,0,0.8109706845913849
335996,2,17,1,JA Morkel,1,0.3638199367704151
335996,2,17,2,JA Morkel,1,0.383599057305791
335996,2,17,3,JA Morkel,1,0.4390578814128193
335996,2,17,4,JA Morkel,1,0.5469470519251967
335996,2,17,5,JA Morkel,0,0.6814890162019823
335996,2,18,1,JDP Oram,0,0.3784473436592596
335996,2,18,2,JDP Oram,0,0.39390029830221573
335996,2,18,3,JDP Oram,1,0.4020830313455056
335996,2,18,4,JDP Oram,1,0.5370611852936695
335996,2,18,5,JDP Oram,1,0.7287409787586644
335996,2,19,1,Joginder Sharma,1,0.4697250296850714
335996,2,19,2,Joginder Sharma,1,0.4704740135407914
335996,2,19,3,Joginder Sharma,1,0.5196706972312582
336002,1,15,1,B Akhil,1,0.8316562279000598
336002,1,15,2,B Akhil,1,0.7519538205538032
336002,1,15,3,B Akhil,1,0.8342009825767847
336002,1,15,4,B Akhil,1,0.7477808794522296
336002,1,15,5,B Akhil,1,0.7017080615503973
336002,1,16,1,A Kumble,0,0.3267799090465408
336002,1,16,2,A Kumble,0,0.3665626290982886
336002,1,16,3,A Kumble,0,0.4246792998262769
336002,1,16,4,A Kumble,0,0.49654946777242137
336002,1,16,5,A Kumble,0,0.5906080789961282
336002,1,17,1,V Kohli,0,0.354296168347283
336002,1,17,2,V Kohli,0,0.3708902334823008
336002,1,17,3,V Kohli,0,0.29891171564231334
336002,1,17,4,V Kohli,0,0.309816468912806
336002,1,17,5,V Kohli,1,0.46056083578918583
336002,1,18,1,R Vinay Kumar,1,0.44723034900606906
336002,1,18,2,R Vinay Kumar,1,0.48464945287638683
336002,1,18,3,R Vinay Kumar,1,0.6930781849129242
336002,1,18,4,R Vinay Kumar,1,0.6740531295388741
336002,1,18,5,R Vinay Kumar,1,0.7152543578318004
336002,1,18,6,R Vinay Kumar,1,0.8034731845770752
336002,1,19,1,DW Steyn,1,0.22377691296701144
336002,1,19,2,DW Steyn,1,0.3082180205778881
336002,1,19,3,DW Steyn,1,0.3096055512936535
336002,1,19,4,DW Steyn,1,0.3848268346033725
336002,1,19,5,DW Steyn,1,0.3647843509958353
336002,2,15,1,SB Bangar,0,0.3011094274417346
336002,2,15,2,SB Bangar,0,0.38861605195924903
336002,2,15,3,SB Bangar,0,0.5613020431054757
336002,2,15,4,SB Bangar,0,0.5995370562646989
336002,2,15,5,SB Bangar,0,0.778853809391799
336002,2,16,1,DP Vijaykumar,0,0.2590599588898391
336002,2,16,2,DP Vijaykumar,1,0.3571306661443865
336002,2,16,3,DP Vijaykumar,1,0.41505230408106236
336002,2,16,4,DP Vijaykumar,1,0.5120995170287029
336002,2,16,5,DP Vijaykumar,1,0.6574831554391469
336002,2,17,1,WPUJC Vaas,0,0.46705863982996576
336002,2,17,2,WPUJC Vaas,0,0.5283850090301561
336002,2,17,3,WPUJC Vaas,0,0.5701537151924402
336002,2,17,4,WPUJC Vaas,0,0.6519662174146618
336002,2,17,5,WPUJC Vaas,1,0.7451515470192503
336002,2,18,1,LPC Silva,0,0.17180829984666451
336002,2,18,2,LPC Silva,1,0.8349867642931625
336002,2,18,3,LPC Silva,1,0.962384274635246
336002,2,18,4,LPC Silva,1,0.8277549083479678
336002,2,18,5,LPC Silva,0,0.6741750051289436
336003,1,15,1,DJ Hussey,0,0.30095993712470626
336003,1,15,2,DJ Hussey,0,0.38926961009224564
336003,1,15,3,DJ Hussey,1,0.4200340845734429
336003,1,15,4,DJ Hussey,0,0.41198967424121163
336003,1,15,5,DJ Hussey,1,0.5005422576136443
336003,1,16,1,Umar Gul,0,0.13921855368050143
336003,1,16,2,Umar Gul,0,0.10865699871179804
336003,1,16,3,Umar Gul,0,0.12080933797209303
336003,1,16,4,Umar Gul,0,0.14139942497788197
336003,1,16,5,Umar Gul,0,0.14764432247587034
336003,1,16,6,Umar Gul,0,0.1901271478410781
336003,1,16,7,Umar Gul,0,0.27450850127750476
336003,1,17,1,I Sharma,0,0.18721343767029805
336003,1,17,2,I Sharma,0,0.2164434016044855
336003,1,17,3,I Sharma,0,0.24849089032311655
336003,1,17,4,I Sharma,0,0.26177318338937605
336003,1,17,5,I Sharma,0,0.25970082847400544
336003,1,17,6,I Sharma,0,0.26244094057705886
336003,1,17,7,I Sharma,0,0.27501857122782336
336003,1,18,1,Umar Gul,0,0.28634143215477503
336003,1,18,2,Umar Gul,1,0.317222286231009
336003,1,18,3,Umar Gul,1,0.4215004185426415
336003,1,18,4,Umar Gul,1,0.5364518735973987
336003,1,18,5,Umar Gul,1,0.6615099845769008
336003,1,19,1,I Sharma,0,0.3005161158811377
336003,1,19,2,I Sharma,0,0.3059821823417301
336003,1,19,3,I Sharma,0,0.3367402406960941
336003,1,19,4,I Sharma,0,0.43568009907201244
336003,1,19,5,I Sharma,0,0.5112613604851961
336003,2,15,1,JR Hopes,0,0.0854842682607699
336003,2,15,2,JR Hopes,0,0.12770022291803643
336003,2,15,3,JR Hopes,0,0.09147222182146271
336003,2,15,4,JR Hopes,0,0.2376640461374404
336003,2,15,5,JR Hopes,0,0.25462213436284614
336003,2,15,6,JR Hopes,0,0.2773993443148543
336003,2,16,1,VRV Singh,0,0.4239612147483895
336003,2,16,2,VRV Singh,0,0.4927105939845435
336003,2,16,3,VRV Singh,0,0.5562444633913597
336003,2,16,4,VRV Singh,0,0.6378021875005189
336003,2,16,5,VRV Singh,1,0.7759742990221543
336003,2,17,1,JR Hopes,0,0.2957555181482633
336003,2,17,2,JR Hopes,0,0.29748417246384
336003,2,17,3,JR Hopes,0,0.34550049139188505
336003,2,17,4,JR Hopes,0,0.3390416527762956
336003,2,17,5,JR Hopes,0,0.3918165157740089
336003,2,18,1,Gagandeep Singh,0,0.31676091812229057
336003,2,18,2,Gagandeep Singh,0,0.35998519577924054
336003,2,18,3,Gagandeep Singh,0,0.4049078444018375
336003,2,18,4,Gagandeep Singh,0,0.49061270680917024
336003,2,18,5,Gagandeep Singh,0,0.7220657216627816
336003,2,19,1,IK Pathan,0,0.4326200165981969
336003,2,19,2,IK Pathan,0,0.36292863744946124
336003,2,19,3,IK Pathan,0,0.44754622738962574
336003,2,19,4,IK Pathan,0,0.5023091123500597
336003,2,19,5,IK Pathan,0,0.6914831928894988
336016,1,15,1,JR Hopes,0,0.1770721029057554
336016,1,15,2,JR Hopes,0,0.1887112229470418
336016,1,15,3,JR Hopes,0,0.1291102277378464
336016,1,15,4,JR Hopes,0,0.3169435778275789
336016,1,15,5,JR Hopes,0,0.3559862066268657
336016,1,16,1,VRV Singh,0,0.0607794669629411
336016,1,16,2,VRV Singh,1,0.08307014843568752
336016,1,16,3,VRV Singh,0,0.06062618244840088
336016,1,16,4,VRV Singh,1,0.06382549208413917
336016,1,16,5,VRV Singh,1,0.09369755213234196
336016,1,16,6,VRV Singh,1,0.0976946811709401
336016,1,17,1,S Sreesanth,1,0.3917229682637905
336016,1,17,2,S Sreesanth,1,0.5023126361526977
336016,1,17,3,S Sreesanth,1,0.5023126361526977
336016,1,17,4,S Sreesanth,1,0.5324068737779096
336016,1,17,5,S Sreesanth,1,0.6577437988296038
336016,1,17,6,S Sreesanth,1,0.7994760987628848
336016,1,18,1,VRV Singh,1,0.13745852224717572
336016,1,18,2,VRV Singh,1,0.2155923657081852
336016,1,18,3,VRV Singh,1,0.27353764504959005
336016,1,18,4,VRV Singh,1,0.29635143891399757
336016,1,18,5,VRV Singh,1,0.3015515656600245
336016,1,19,1,IK Pathan,0,0.30168706239986265
336016,1,19,2,IK Pathan,0,0.32874877764873783
336016,1,19,3,IK Pathan,0,0.3972540061590292
336016,1,19,4,IK Pathan,0,0.4096858217151019
336016,1,19,5,IK Pathan,1,0.5618758399055007
336016,1,19,6,IK Pathan,1,0.7351696236941457
336016,2,15,1,P Kumar,1,0.203350630114392
336016,2,15,2,P Kumar,1,0.20824660070441692
336016,2,15,3,P Kumar,0,0.18009028825342627
336018,1,15,1,DJ Bravo,0,0.2214840583024561
336018,1,15,2,DJ Bravo,0,0.3789672743619034
336018,1,15,3,DJ Bravo,0,0.4397590249489744
336018,1,15,4,DJ Bravo,0,0.4527966116480211
336018,1,15,5,DJ Bravo,0,0.4557810952413903
336018,1,15,6,DJ Bravo,0,0.48858641835767647
336018,1,16,1,A Nehra,0,0.34969512257878443
336018,1,16,2,A Nehra,0,0.35628657883726084
336018,1,16,3,A Nehra,0,0.3877777810679348
336018,1,16,4,A Nehra,0,0.4887181281755649
336018,1,16,5,A Nehra,0,0.5942842945231477
336018,1,17,1,RR Raje,0,0.3970136457516874
336018,1,17,2,RR Raje,0,0.4082121686027541
336018,1,17,3,RR Raje,0,0.38353668022299553
336018,1,17,4,RR Raje,0,0.4313380769250553
336018,1,17,5,RR Raje,1,0.5220886535255035
336018,1,18,1,DJ Bravo,0,0.3734705914793814
336018,1,18,2,DJ Bravo,0,0.45710900310691427
336018,1,18,3,DJ Bravo,0,0.4551771028375001
336018,1,18,4,DJ Bravo,0,0.5563536308974372
336018,1,18,5,DJ Bravo,1,0.6491077519703594
336018,1,19,1,DS Kulkarni,0,0.2839915469286123
336018,1,19,2,DS Kulkarni,0,0.3161168291111183
336018,1,19,3,DS Kulkarni,0,0.3148079841143409
336018,1,19,4,DS Kulkarni,0,0.2916398704707574
336018,1,19,5,DS Kulkarni,0,0.37298862038094044
336018,1,19,6,DS Kulkarni,0,0.44910231915125687
336018,1,19,7,DS Kulkarni,0,0.5191932389608678
336018,1,19,8,DS Kulkarni,1,0.6096422719569841
336023,1,15,1,JH Kallis,1,0.4324792844773893
336023,1,15,2,JH Kallis,1,0.4203774161125893
336023,1,15,3,JH Kallis,1,0.4997520348705544
336023,1,15,4,JH Kallis,1,0.4932350218247792
336023,1,15,5,JH Kallis,1,0.4603119709189796
336023,1,15,6,JH Kallis,0,0.4587042570113207
336023,1,16,1,Z Khan,0,0.4875363057441155
336023,1,16,2,Z Khan,0,0.6276543388592337
336023,1,16,3,Z Khan,0,0.5518335574027878
336023,1,16,4,Z Khan,1,0.7003327992105852
336023,1,16,5,Z Khan,1,0.6798697408548818
336023,1,16,6,Z Khan,1,0.8108260919836746
336023,1,17,1,JH Kallis,1,0.44323759827840065
336023,1,17,2,JH Kallis,0,0.401050773664122
336023,1,17,3,JH Kallis,1,0.4525932576702255
336023,1,17,4,JH Kallis,1,0.5309587651897056
336023,1,17,5,JH Kallis,1,0.6963392832774439
336023,1,18,1,Z Khan,1,0.6422028005928413
336023,1,18,2,Z Khan,0,0.6126153130658566
336023,1,18,3,Z Khan,1,0.7387112476764106
336023,1,18,4,Z Khan,1,0.6361800971446553
336023,1,18,5,Z Khan,1,0.7188375069407641
336023,1,19,1,P Kumar,0,0.31729462361326766
336023,1,19,2,P Kumar,0,0.3550872691810675
336023,1,19,3,P Kumar,0,0.3929885590896415
336023,1,19,4,P Kumar,0,0.5104778919275207
336023,1,19,5,P Kumar,0,0.6163826731432449
336023,2,15,1,SK Warne,0,0.5231189263487078
336023,2,15,2,SK Warne,0,0.6252799464060876
336023,2,15,3,SK Warne,0,0.6629845659508916
336023,2,15,4,SK Warne,0,0.6940826879825337
336023,2,15,5,SK Warne,0,0.6577449356925734
336023,2,16,1,YK Pathan,0,0.3172985728711089
336023,2,16,2,YK Pathan,0,0.28944240611754246
336023,2,16,3,YK Pathan,0,0.33072301505254786
336023,2,16,4,YK Pathan,0,0.30587186086166596
336023,2,16,5,YK Pathan,0,0.511493911311867
336023,2,17,1,RA Jadeja,0,0.005070531563609673
336023,2,17,2,RA Jadeja,0,0.03981616439314536
336023,2,17,3,RA Jadeja,0,0.06400099886725653
336023,2,17,4,RA Jadeja,0,0.0720858374954888
336023,2,17,5,RA Jadeja,0,0.4108702414793606
336023,2,17,6,RA Jadeja,0,0.27618572638598926
336023,2,18,1,Sohail Tanvir,0,0.052997254548366804
336023,2,18,2,Sohail Tanvir,1,0.15565307480263751
336023,2,18,3,Sohail Tanvir,1,0.2375330279603707
336023,2,18,4,Sohail Tanvir,1,0.3025422947848198
336023,2,18,5,Sohail Tanvir,1,0.3056729895153421
336023,2,19,1,RA Jadeja,0,0.2771219265744153
336023,2,19,2,RA Jadeja,0,0.295109202120921
336023,2,19,3,RA Jadeja,0,0.24479343454938896
336023,2,19,4,RA Jadeja,0,0.22629963133868064
336023,2,19,5,RA Jadeja,0,0.24094786931992554
336037,1,15,1,JA Morkel,0,0.19069213558469156
336037,1,15,2,JA Morkel,0,0.2230477907494756
336037,1,15,3,JA Morkel,0,0.2540063141183549
336037,1,15,4,JA Morkel,0,0.26625802387448877
336037,1,15,5,JA Morkel,0,0.31057821739772695
336037,1,15,6,JA Morkel,0,0.4460453547717743
336037,1,15,7,JA Morkel,0,0.4392943645333112
336037,1,16,1,L Balaji,1,0.5125838552939928
336037,1,16,2,L Balaji,1,0.6047092960546526
336037,1,16,3,L Balaji,1,0.5812695571287138
336037,1,16,4,L Balaji,1,0.5862304643238079
336037,1,16,5,L Balaji,1,0.5585269724203809
336037,1,16,6,L Balaji,1,0.5565744190315669
336037,1,17,1,M Ntini,0,0.20687881118918358
336037,1,17,2,M Ntini,1,0.29073989926247257
336037,1,17,3,M Ntini,0,0.3085370135825938
336037,1,17,4,M Ntini,0,0.34589575440219544
336037,1,17,5,M Ntini,0,0.34432281716455704
336037,1,17,6,M Ntini,1,0.6083685962343378
336037,1,18,1,JA Morkel,0,0.43937153280764935
336037,1,18,2,JA Morkel,0,0.43615647828688414
336037,1,18,3,JA Morkel,0,0.4619597012794923
336037,1,18,4,JA Morkel,0,0.5436337289660398
336037,1,18,5,JA Morkel,0,0.6401117066882203
336037,1,18,6,JA Morkel,0,0.7972415166043434
336037,1,19,1,L Balaji,1,0.4494081209386324
336037,1,19,2,L Balaji,1,0.45553137562094864
336037,1,19,3,L Balaji,1,0.4380119826671443
336037,1,19,4,L Balaji,1,0.5637186692460987
336037,1,19,5,L Balaji,1,0.642936756607502
336037,2,15,1,PP Ojha,0,0.11035016546362834
336037,2,15,2,PP Ojha,0,0.13470476164578846
336037,2,15,3,PP Ojha,0,0.16158121390579716
336037,2,15,4,PP Ojha,0,0.17920830501111712
336037,2,15,5,PP Ojha,0,0.20029307814218794
336037,2,15,6,PP Ojha,0,0.1494868726084173
336037,2,16,1,SB Styris,1,0.15640116562925718
336037,2,16,2,SB Styris,1,0.16414183302360102
336037,2,16,3,SB Styris,1,0.21980076165066711
336037,2,16,4,SB Styris,1,0.2221262459791725
336037,2,16,5,SB Styris,1,0.16371127067737534
336037,2,17,1,PP Ojha,0,0.23881767864928483
336037,2,17,2,PP Ojha,0,0.31584821865060086
336037,2,17,3,PP Ojha,0,0.4043288042052214
336037,2,17,4,PP Ojha,0,0.555664697061017
336037,2,17,5,PP Ojha,1,0.6657691845790916
336037,2,18,1,RP Singh,0,0.2942984238823498
336037,2,18,2,RP Singh,0,0.32113966693384816
336037,2,18,3,RP Singh,0,0.38066204201276055
336037,2,18,4,RP Singh,1,0.44852963666671636
336037,2,18,5,RP Singh,1,0.6221329132703134
336037,2,19,1,DP Vijaykumar,0,0.3852229547483269
392190,1,15,1,CH Gayle,0,0.0618550775587722
392190,1,15,2,CH Gayle,0,0.07136160507444186
392190,1,15,3,CH Gayle,0,0.06060373426724757
392190,1,15,4,CH Gayle,0,0.06675713122781118
392190,1,15,5,CH Gayle,0,0.07050837899264037
392190,1,15,6,CH Gayle,0,0.06472654702675674
392190,1,16,1,I Sharma,1,0.5925802815334391
392190,1,16,2,I Sharma,0,0.47863007237134975
392190,1,16,3,I Sharma,0,0.5921315610128813
392190,1,16,4,I Sharma,0,0.5495077483768046
392190,1,16,5,I Sharma,1,0.6852844516897468
392190,1,17,1,Anureet Singh,0,0.2951625130362962
392190,1,17,2,Anureet Singh,0,0.2800427330057212
392190,1,17,3,Anureet Singh,0,0.3155151227854797
392190,1,17,4,Anureet Singh,0,0.33358413595199027
392190,1,17,5,Anureet Singh,0,0.2560691948391226
392190,1,17,6,Anureet Singh,0,0.3995303648849368
392190,1,17,7,Anureet Singh,0,0.3792813139658774
392190,1,17,8,Anureet Singh,0,0.3592372321451219
392190,1,18,1,CH Gayle,0,0.09001238182166064
392190,1,18,2,CH Gayle,0,0.09352250522636717
392190,1,18,3,CH Gayle,0,0.12134563091584986
392190,1,18,4,CH Gayle,0,0.15490569071457277
392190,1,18,5,CH Gayle,0,0.16373028070712498
392190,1,18,6,CH Gayle,0,0.1381261688425794
392190,1,18,7,CH Gayle,0,0.1232047083359238
392190,1,19,1,Anureet Singh,0,0.5561999394957835
392190,1,19,2,Anureet Singh,0,0.588088585804148
392190,1,19,3,Anureet Singh,0,0.5702895828492093
392190,1,19,4,Anureet Singh,0,0.6989859733814394
392190,1,19,5,Anureet Singh,0,0.71487032619082
392190,2,15,1,MM Patel,0,0.23102360907926306
392190,2,15,2,MM Patel,0,0.28660005004833755
392190,2,15,3,MM Patel,0,0.3384152384554401
392190,2,15,4,MM Patel,0,0.3247573577954458
392190,2,15,5,MM Patel,0,0.33021018463245577
392190,2,15,6,MM Patel,0,0.4950445081377412
392190,2,16,1,SK Warne,0,0.035343632132228256
392190,2,16,2,SK Warne,0,0.0854816420965422
392190,2,16,3,SK Warne,0,0.07941626657358858
392190,2,16,4,SK Warne,0,0.09909841525995931
392190,2,16,5,SK Warne,0,0.11546583488575655
392190,2,16,6,SK Warne,0,0.1546311433611354
392190,2,17,1,RA Jadeja,0,0.17087378606001571
392190,2,17,2,RA Jadeja,0,0.06639289610965192
392190,2,17,3,RA Jadeja,0,0.04730615453089331
392190,2,17,4,RA Jadeja,1,0.4024594219290514
392190,2,17,5,RA Jadeja,1,0.3153368203514887
392190,2,18,1,SK Warne,0,0.17862049418175646
392190,2,18,2,SK Warne,0,0.25186903199080196
392190,2,18,3,SK Warne,0,0.2626647101334459
392190,2,18,4,SK Warne,1,0.34868683161611785
392190,2,18,5,SK Warne,1,0.43552756778477536
392190,2,18,6,SK Warne,1,0.5651934894771966
392190,2,19,1,Kamran Khan,1,0.12335460055091195
392190,2,19,2,Kamran Khan,1,0.15932058848598366
392190,2,19,3,Kamran Khan,1,0.20697096598466339
392190,2,19,4,Kamran Khan,1,0.2565835816897318
392190,2,19,5,Kamran Khan,1,0.2586996251215221
392190,2,19,6,Kamran Khan,0,0.3376293851272986
392214,1,15,1,IK Pathan,1,0.5101337128829984
392214,1,15,2,IK Pathan,0,0.48662768902280584
392214,1,15,3,IK Pathan,0,0.49849536279694806
392214,1,15,4,IK Pathan,0,0.6032897890892535
392214,1,15,5,IK Pathan,1,0.6821576165096528
392214,1,15,6,IK Pathan,1,0.6506232614328427
392214,1,16,1,S Sreesanth,0,0.36870046424037345
392214,1,16,2,S Sreesanth,0,0.4060597121005882
392214,1,16,3,S Sreesanth,0,0.5901568484567373
392214,1,16,4,S Sreesanth,1,0.6805960839031111
392214,1,16,5,S Sreesanth,1,0.766563231716737
392214,1,17,1,IK Pathan,1,0.5577923540224898
392214,1,17,2,IK Pathan,1,0.5544077656464316
392214,1,17,3,IK Pathan,1,0.5320497167198527
392214,1,17,4,IK Pathan,1,0.610251877457207
392214,1,17,5,IK Pathan,1,0.7151615555701977
392214,2,15,1,L Balaji,0,0.5221902876074249
392214,2,15,2,L Balaji,0,0.5362163585788612
392214,2,15,3,L Balaji,0,0.5303361173253922
392214,2,15,4,L Balaji,0,0.5033836421535595
392214,2,15,5,L Balaji,0,0.5136690375756133
392214,2,15,6,L Balaji,0,0.5247537528772891
392214,2,16,1,SK Raina,0,0.05242414467864203
392214,2,16,2,SK Raina,0,0.05482249405451687
392214,2,16,3,SK Raina,1,0.08554660343660495
392214,2,16,4,SK Raina,1,0.09609634507628277
392214,2,16,5,SK Raina,0,0.10071505585205512
392214,2,17,1,L Balaji,0,0.4162558336625373
392214,2,17,2,L Balaji,0,0.47204316211236724
392214,2,17,3,L Balaji,0,0.5125527846110758
392214,2,17,4,L Balaji,0,0.5842492137155886
392214,2,17,5,L Balaji,0,0.687708962650961
392218,1,15,1,RE van der Merwe,0,0.06524056683093307
392218,1,15,2,RE van der Merwe,0,0.07737000772096772
392218,1,15,3,RE van der Merwe,0,0.08847491438254661
392218,1,15,4,RE van der Merwe,0,0.10159326370824599
392218,1,15,5,RE van der Merwe,0,0.21940658947146524
392218,1,16,1,R Vinay Kumar,0,0.0710965983716361
392218,1,16,2,R Vinay Kumar,0,0.07755149743260252
392218,1,16,3,R Vinay Kumar,0,0.25433157883443785
392218,1,16,4,R Vinay Kumar,0,0.2706687599035673
392218,1,16,5,R Vinay Kumar,0,0.30189211037078867
392218,1,16,6,R Vinay Kumar,0,0.3098972352158323
392218,1,17,1,A Kumble,0,0.33871621485834763
392218,1,17,2,A Kumble,0,0.38653613551037547
392218,1,17,3,A Kumble,0,0.4310719953956471
392218,1,17,4,A Kumble,0,0.5543643376887692
392218,1,17,5,A Kumble,0,0.632234478631534
392218,1,18,1,R Vinay Kumar,0,0.3242059557483393
392218,1,18,2,R Vinay Kumar,0,0.318549435142907
392218,1,18,3,R Vinay Kumar,0,0.38572025760165507
392218,1,18,4,R Vinay Kumar,0,0.5178748732650035
392218,1,18,5,R Vinay Kumar,1,0.6307904063021602
392218,1,19,1,A Mithun,0,0.46278010016279514
392218,1,19,2,A Mithun,0,0.6052374397471898
392218,1,19,3,A Mithun,0,0.5521613646692435
392218,1,19,4,A Mithun,1,0.5477373187202103
392218,1,19,5,A Mithun,1,0.5957883405790705
392218,1,19,6,A Mithun,0,0.6625169682446632
392218,2,15,1,SL Malinga,0,0.4923649015124776
392218,2,15,2,SL Malinga,0,0.5171597639797094
392218,2,15,3,SL Malinga,0,0.5423340339205089
392218,2,15,4,SL Malinga,0,0.5157266816030737
392218,2,15,5,SL Malinga,0,0.5299169123865091
392218,2,15,6,SL Malinga,0,0.5307537558727653
392218,2,15,7,SL Malinga,0,0.5502364058949382
392218,2,16,1,DJ Bravo,0,0.49683360151408834
392218,2,16,2,DJ Bravo,1,0.6142300097846171
392218,2,16,3,DJ Bravo,0,0.5992053358177158
392218,2,16,4,DJ Bravo,1,0.6176534311137004
392218,2,16,5,DJ Bravo,1,0.6054480319319141
392218,2,16,6,DJ Bravo,1,0.612674926956148
392218,2,16,7,DJ Bravo,0,0.5495857185980856
392218,2,17,1,Harbhajan Singh,0,0.07707414331391188
392218,2,17,2,Harbhajan Singh,0,0.10842164399797499
392218,2,17,3,Harbhajan Singh,0,0.14925358154733118
392218,2,17,4,Harbhajan Singh,1,0.3296745814219721
392218,2,17,5,Harbhajan Singh,1,0.34267340432178045
392218,2,18,1,DJ Bravo,0,0.5466231906212405
392218,2,18,2,DJ Bravo,0,0.5112518520866416
392218,2,18,3,DJ Bravo,0,0.5424414382590041
392218,2,18,4,DJ Bravo,0,0.6148251222380224
392218,2,18,5,DJ Bravo,1,0.7295923959229018
392218,2,19,1,SL Malinga,0,0.44748917151234247
392218,2,19,2,SL Malinga,0,0.4808628097817506
392218,2,19,3,SL Malinga,0,0.6266149741182307
392218,2,19,4,SL Malinga,0,0.6435022456195452
392218,2,19,5,SL Malinga,0,0.6213207137212059
392218,2,19,6,SL Malinga,1,0.7085036273294635
392222,1,15,1,JP Duminy,0,0.126353666017246
392222,1,15,2,JP Duminy,0,0.17041424461447394
392222,1,15,3,JP Duminy,0,0.22142188776802715
392222,1,15,4,JP Duminy,1,0.4390709387907344
392222,1,15,5,JP Duminy,1,0.425537873578057
392222,1,16,1,ST Jayasuriya,1,0.3458617062253738
392222,1,16,2,ST Jayasuriya,1,0.0343758861968881
392222,1,16,3,ST Jayasuriya,0,0.012378431270594476
392222,1,16,4,ST Jayasuriya,0,0.008772776660162795
392222,1,16,5,ST Jayasuriya,0,0.020373582949478126
392222,1,17,1,SL Malinga,1,0.2593757926588936
392222,1,17,2,SL Malinga,1,0.20845894403565152
392222,1,17,3,SL Malinga,1,0.14651005728128025
392222,1,17,4,SL Malinga,1,0.3351510395423808
392222,1,17,5,SL Malinga,1,0.33786717619020024
392222,1,17,6,SL Malinga,1,0.3509091375457954
392222,1,17,7,SL Malinga,1,0.384393207919522
392222,1,17,8,SL Malinga,1,0.410189962663832
392222,1,17,9,SL Malinga,1,0.3474587081986443
392222,1,18,1,Harbhajan Singh,1,0.0619598671150208
392222,1,18,2,Harbhajan Singh,1,0.05374877278780466
392222,1,18,3,Harbhajan Singh,1,0.06776196363206215
392222,1,18,4,Harbhajan Singh,1,0.0938620218114495
392222,1,18,5,Harbhajan Singh,1,0.08988156544655818
392222,1,19,1,SL Malinga,1,0.37306730408300637
392222,1,19,2,SL Malinga,1,0.3748823000175884
392222,1,19,3,SL Malinga,1,0.44934183557046475
392222,1,19,4,SL Malinga,1,0.45439719832409053
392222,1,19,5,SL Malinga,1,0.5361999315228836
392222,1,19,6,SL Malinga,1,0.6460910902107102
392222,2,15,1,B Lee,1,0.22393664504572122
392222,2,15,2,B Lee,1,0.29449833198072245
392222,2,15,3,B Lee,1,0.3053468292013005
392222,2,15,4,B Lee,1,0.36805021357527495
392222,2,15,5,B Lee,0,0.4241131068453696
392222,2,15,6,B Lee,0,0.6080127339976199
392222,2,15,7,B Lee,1,0.6181682995595827
392222,2,16,1,IK Pathan,0,0.07998952029470016
392225,1,15,1,SL Malinga,1,0.5678186996061053
392225,1,15,2,SL Malinga,1,0.557335463119565
392225,1,15,3,SL Malinga,1,0.5595317844673688
392225,1,15,4,SL Malinga,1,0.5554552888122151
392225,1,15,5,SL Malinga,1,0.5005556180750382
392225,1,15,6,SL Malinga,0,0.4309862937965468
392225,1,16,1,DS Kulkarni,1,0.6605241128291574
392225,1,16,2,DS Kulkarni,1,0.6254926487718718
392225,1,16,3,DS Kulkarni,1,0.6388904335710802
392225,1,16,4,DS Kulkarni,1,0.6961643747100069
392225,1,16,5,DS Kulkarni,1,0.6955017843859543
392225,1,16,6,DS Kulkarni,1,0.7693711102487184
392225,1,17,1,SL Malinga,0,0.4713835220495154
392225,1,17,2,SL Malinga,0,0.5020491812590583
392225,1,17,3,SL Malinga,0,0.5345993648297719
392225,1,17,4,SL Malinga,1,0.5623435936395429
392225,1,17,5,SL Malinga,1,0.6300943043955634
392225,1,17,6,SL Malinga,1,0.743082430997937
392225,1,18,1,DJ Bravo,1,0.7937435986098925
392225,1,18,2,DJ Bravo,1,0.7937435986098925
392225,1,18,3,DJ Bravo,1,0.8272843495096541
392225,1,18,4,DJ Bravo,1,0.77206928510617
392225,1,18,5,DJ Bravo,1,0.6603404428089772
392225,1,18,6,DJ Bravo,1,0.6621365682297136
392225,1,18,7,DJ Bravo,1,0.6262508032116085
392225,1,19,1,ST Jayasuriya,0,0.14449679982784677
392225,1,19,2,ST Jayasuriya,1,0.23713548129904857
392225,1,19,3,ST Jayasuriya,1,0.3121550213357371
392225,1,19,4,ST Jayasuriya,1,0.2308659521811892
392225,1,19,5,ST Jayasuriya,0,0.16247292236295832
392225,2,15,1,SK Warne,1,0.271853341408115
392225,2,15,2,SK Warne,1,0.31213594382648246
392225,2,15,3,SK Warne,1,0.3216584366412088
392225,2,15,4,SK Warne,0,0.35979653358395003
392225,2,15,5,SK Warne,1,0.43382346473134487
392225,2,15,6,SK Warne,0,0.3371587129896219
392225,2,15,7,SK Warne,1,0.6149624848776571
392225,2,16,1,J Botha,0,0.2177169137280677
392225,2,16,2,J Botha,0,0.22333223749007633
392225,2,16,3,J Botha,0,0.23923462434445386
392225,2,16,4,J Botha,0,0.24631060460554063
392225,2,16,5,J Botha,0,0.25524863446371304
392225,2,16,6,J Botha,0,0.3573084325537055
392225,2,17,1,MM Patel,0,0.12085632128029011
392225,2,17,2,MM Patel,0,0.1216958279532288
392225,2,17,3,MM Patel,0,0.3058971325963678
392225,2,17,4,MM Patel,1,0.4527628554541218
392225,2,17,5,MM Patel,1,0.42745444304689956
392225,2,17,6,MM Patel,1,0.3979448343519898
392225,2,18,1,J Botha,0,0.39760317861608
392225,2,18,2,J Botha,0,0.41678339864033914
392225,2,18,3,J Botha,1,0.4606828977784783
392225,2,18,4,J Botha,1,0.5790042874738041
392225,2,18,5,J Botha,0,0.7169117760883716
392225,2,18,6,J Botha,1,0.7169117760883716
392225,2,19,1,MM Patel,1,0.4099894646372416
392225,2,19,2,MM Patel,1,0.3946501564982386
392225,2,19,3,MM Patel,1,0.38313557929339637
392225,2,19,4,MM Patel,1,0.4612562249821607
392239,1,15,1,RE van der Merwe,0,0.3459526443400123
392239,1,15,2,RE van der Merwe,0,0.4166239840098784
392239,1,15,3,RE van der Merwe,0,0.5556848820206676
392239,1,15,4,RE van der Merwe,1,0.6260010815482985
392239,1,15,5,RE van der Merwe,1,0.7028018218504773
392239,1,16,1,A Kumble,0,0.08075364605130636
392239,1,16,2,A Kumble,0,0.10444282474062629
392239,1,16,3,A Kumble,1,0.33946975036407134
392239,1,16,4,A Kumble,1,0.3320434786884162
392239,1,16,5,A Kumble,1,0.32115595814170855
392239,1,17,1,R Vinay Kumar,0,0.13553404682351003
392239,1,17,2,R Vinay Kumar,0,0.13924575972105174
392239,1,17,3,R Vinay Kumar,0,0.15272763178030074
392239,1,17,4,R Vinay Kumar,0,0.18578898200379773
392239,1,17,5,R Vinay Kumar,0,0.20973703098067745
392239,1,17,6,R Vinay Kumar,0,0.21755570303678526
392239,1,17,7,R Vinay Kumar,0,0.2412118680303832
392239,1,18,1,P Kumar,0,0.4157991287588979
392239,1,18,2,P Kumar,0,0.4360192879496084
392239,1,18,3,P Kumar,1,0.5161566044038814
392239,1,18,4,P Kumar,1,0.5907818794564117
392239,1,18,5,P Kumar,1,0.6632595709607049
392239,1,19,1,R Vinay Kumar,0,0.21630782115522587
392239,1,19,2,R Vinay Kumar,0,0.3329090619116258
392239,1,19,3,R Vinay Kumar,0,0.42225236944699507
392239,1,19,4,R Vinay Kumar,0,0.4258090155216312
392239,1,19,5,R Vinay Kumar,1,0.4583634622521691
392239,2,15,1,Harmeet Singh,1,0.43526387399082894
392239,2,15,2,Harmeet Singh,1,0.475502822456092
392239,2,15,3,Harmeet Singh,1,0.5172798887067811
392239,2,15,4,Harmeet Singh,1,0.581807966323045
392239,2,15,5,Harmeet Singh,0,0.4789339626194935
392239,2,16,1,PP Ojha,1,0.5154114913706977
392239,2,16,2,PP Ojha,1,0.5806684529740098
392239,2,16,3,PP Ojha,1,0.6455435824196756
392239,2,16,4,PP Ojha,0,0.7385922890177812
392239,2,16,5,PP Ojha,0,0.7967723928533653
392239,2,17,1,RP Singh,1,0.08538342983107183
392239,2,17,2,RP Singh,1,0.08957691009267134
392239,2,17,3,RP Singh,1,0.08432313043938816
392239,2,17,4,RP Singh,1,0.10757956468167884
392239,2,17,5,RP Singh,1,0.10865403737822026
392239,2,17,6,RP Singh,1,0.12274073066721983
392239,2,18,1,RJ Harris,0,0.3374576300406698
392239,2,18,2,RJ Harris,0,0.34785745618797376
392239,2,18,3,RJ Harris,0,0.37836351983399247
392239,2,18,4,RJ Harris,1,0.446594511167919
392239,2,18,5,RJ Harris,1,0.564530872585185
392239,2,19,1,RP Singh,1,0.124298406935527
392239,2,19,2,RP Singh,0,0.17442262752588603
392239,2,19,3,RP Singh,0,0.214485819914611
392239,2,19,4,RP Singh,1,0.28570535379230694
392239,2,19,5,RP Singh,0,0.3304063999744939
419112,1,15,1,DW Steyn,1,0.40309977427367866
419112,1,15,2,DW Steyn,1,0.44756023476813367
419112,1,15,3,DW Steyn,1,0.4888844575428864
419112,1,15,4,DW Steyn,1,0.5976398805280896
419112,1,15,5,DW Steyn,1,0.7090660751174983
419112,1,16,1,A Kumble,0,0.3734936292063751
419112,1,16,2,A Kumble,0,0.3674075634724393
419112,1,16,3,A Kumble,0,0.3833075170896327
419112,1,16,4,A Kumble,0,0.4596996215049322
419112,1,16,5,A Kumble,0,0.5785308078758372
419112,1,16,6,A Kumble,1,0.7035007944544159
419112,1,17,1,P Kumar,0,0.11765005055170495
419112,1,17,2,P Kumar,0,0.11376024939052022
419112,1,17,3,P Kumar,0,0.1490092350869556
419112,1,17,4,P Kumar,0,0.2136837161749313
419112,1,17,5,P Kumar,0,0.40171569483733977
419112,1,17,6,P Kumar,0,0.3705066320305117
419112,1,17,7,P Kumar,0,0.3137779842463043
419112,1,18,1,JH Kallis,1,0.34185573804191577
419112,1,18,2,JH Kallis,1,0.364220836833159
419112,1,18,3,JH Kallis,0,0.41129238190791206
419112,1,18,4,JH Kallis,1,0.5481273309088768
419112,1,18,5,JH Kallis,1,0.6631925354999957
419112,1,19,1,P Kumar,0,0.3075085443080206
419112,1,19,2,P Kumar,0,0.42605654687447986
419112,1,19,3,P Kumar,0,0.4007588708583021
419112,1,19,4,P Kumar,0,0.5904535409491551
419112,1,19,5,P Kumar,0,0.5904535409491551
419112,1,19,6,P Kumar,0,0.6600470176472496
419112,2,15,1,Bipul Sharma,0,0.155405580200434
419112,2,15,2,Bipul Sharma,0,0.5698861793114446
419112,2,15,3,Bipul Sharma,0,0.591690311771675
419112,2,15,4,Bipul Sharma,0,0.6221544405453253
419112,2,15,5,Bipul Sharma,0,0.6663020016335468
419112,2,15,6,Bipul Sharma,0,0.3434983786650625
419112,2,16,1,RS Bopara,0,0.31835845274639496
419112,2,16,2,RS Bopara,1,0.5066965516862054
419112,2,16,3,RS Bopara,1,0.5180405787138521
419112,2,16,4,RS Bopara,0,0.5906511746721035
419112,2,16,5,RS Bopara,0,0.5567474040471371
419112,2,17,1,Bipul Sharma,0,0.37098557616323347
419112,2,17,2,Bipul Sharma,0,0.4119453601345586
419112,2,17,3,Bipul Sharma,0,0.40358502631005067
419112,2,17,4,Bipul Sharma,0,0.4193264229585231
419112,2,17,5,Bipul Sharma,0,0.4358836329063696
419112,2,18,1,YA Abdulla,0,0.40268166899195845
419112,2,18,2,YA Abdulla,0,0.4193740890845971
419112,2,18,3,YA Abdulla,1,0.5376534576957058
419112,2,18,4,YA Abdulla,0,0.5287540639355981
419112,2,18,5,YA Abdulla,1,0.5579802968604937
419114,1,15,1,DP Nannes,0,0.45508254008719673
419114,1,15,2,DP Nannes,0,0.27103257331605124
419114,1,15,3,DP Nannes,0,0.285323698753954
419114,1,15,4,DP Nannes,0,0.2965163643235088
419114,1,15,5,DP Nannes,1,0.578287501087968
419114,1,15,6,DP Nannes,1,0.5229287101807478
419114,1,16,1,A Mishra,1,0.499620356419768
419114,1,16,2,A Mishra,1,0.4883084627124056
419114,1,16,3,A Mishra,0,0.4558343317331132
419114,1,16,4,A Mishra,0,0.57762093260627
419114,1,16,5,A Mishra,0,0.5424817649365055
419114,1,16,6,A Mishra,0,0.7001426886522766
419114,1,17,1,MF Maharoof,1,0.6576085504205003
419114,1,17,2,MF Maharoof,1,0.5612521551468629
419114,1,17,3,MF Maharoof,1,0.5245221046678511
419114,1,17,4,MF Maharoof,0,0.5283338654271832
419114,1,17,5,MF Maharoof,0,0.6290658858730243
419114,1,17,6,MF Maharoof,1,0.6210599314835228
419114,1,18,1,DP Nannes,1,0.3481124600009843
419114,1,18,2,DP Nannes,1,0.45621047740017373
419114,1,18,3,DP Nannes,1,0.4037126107995835
419114,1,18,4,DP Nannes,1,0.40161597470212507
419114,1,18,5,DP Nannes,1,0.46443212688153274
419114,1,18,6,DP Nannes,1,0.684586560112536
419114,1,19,1,S Ladda,1,0.24975173367065648
419114,1,19,2,S Ladda,1,0.25336864644548673
419114,1,19,3,S Ladda,0,0.4060490806293163
419114,1,19,4,S Ladda,1,0.22982118947261643
419114,1,19,5,S Ladda,1,0.3656844480672215
419114,2,15,1,ST Jayasuriya,1,0.393260062201413
419114,2,15,2,ST Jayasuriya,1,0.3973408690623811
419114,2,15,3,ST Jayasuriya,1,0.39033427897515766
419114,2,15,4,ST Jayasuriya,1,0.39547018849088017
419114,2,15,5,ST Jayasuriya,1,0.4211318173651828
419114,2,16,1,Harbhajan Singh,1,0.5627716369506338
419114,2,16,2,Harbhajan Singh,1,0.5731633811368958
419115,1,15,1,R Vinay Kumar,1,0.4186289293005151
419115,1,15,2,R Vinay Kumar,1,0.4418060076338516
419115,1,15,3,R Vinay Kumar,1,0.4475174431233813
419115,1,15,4,R Vinay Kumar,1,0.497679868751035
419115,1,15,5,R Vinay Kumar,1,0.4691670287461806
419115,1,15,6,R Vinay Kumar,1,0.447078863287629
419115,1,16,1,P Kumar,1,0.2890907668204375
419115,1,16,2,P Kumar,1,0.3733614590609759
419115,1,16,3,P Kumar,1,0.4051986862127843
419115,1,16,4,P Kumar,1,0.4542484061017133
419115,1,16,5,P Kumar,1,0.6396635305968973
419115,1,16,6,P Kumar,1,0.6465389637576693
419115,1,16,7,P Kumar,1,0.5628031773478227
419115,1,17,1,R Vinay Kumar,1,0.41316970341397763
419115,1,17,2,R Vinay Kumar,1,0.49854673713559955
419115,1,17,3,R Vinay Kumar,1,0.5065129151880655
419115,1,17,4,R Vinay Kumar,1,0.629927283786396
419115,1,17,5,R Vinay Kumar,1,0.7610038725842646
419115,1,18,1,P Kumar,1,0.5858705994215645
419115,1,18,2,P Kumar,1,0.6648416195854041
419115,1,18,3,P Kumar,1,0.6733836839105664
419115,1,18,4,P Kumar,0,0.6952538732288335
419115,1,18,5,P Kumar,1,0.6648793114644894
419115,1,19,1,A Kumble,1,0.2654790179016846
419115,1,19,2,A Kumble,1,0.21760382566625577
419115,1,19,3,A Kumble,1,0.2872991799966834
419115,1,19,4,A Kumble,1,0.3391821941215589
419116,1,15,1,M Muralitharan,1,0.4121148023347583
419116,1,15,2,M Muralitharan,1,0.45811302895591605
419116,1,15,3,M Muralitharan,1,0.5386134598240301
419116,1,15,4,M Muralitharan,1,0.629448992995479
419116,1,15,5,M Muralitharan,1,0.7541448510843767
419116,1,16,1,Joginder Sharma,1,0.6257824469066262
419116,1,16,2,Joginder Sharma,0,0.5975145161981986
419116,1,16,3,Joginder Sharma,0,0.6225317788738671
419116,1,16,4,Joginder Sharma,0,0.5245585779010269
419116,1,16,5,Joginder Sharma,0,0.5307890099705738
419116,1,16,6,Joginder Sharma,0,0.5186585303227534
419116,1,17,1,R Ashwin,1,0.45735126152159805
419116,1,17,2,R Ashwin,1,0.48243665919033774
419116,1,17,3,R Ashwin,1,0.44255488669170173
419116,1,17,4,R Ashwin,1,0.5263962279242262
419116,1,17,5,R Ashwin,1,0.6503047105535421
419116,1,18,1,Joginder Sharma,0,0.44869123104069764
419116,1,18,2,Joginder Sharma,0,0.37615722784092975
419116,1,18,3,Joginder Sharma,0,0.41281734104641593
419116,1,18,4,Joginder Sharma,0,0.5069697394141459
419116,1,18,5,Joginder Sharma,1,0.6166612463064766
419116,1,19,1,L Balaji,0,0.386632769584371
419116,1,19,2,L Balaji,0,0.3860368548768775
419116,1,19,3,L Balaji,0,0.36405703349215784
419116,1,19,4,L Balaji,0,0.37566416525465646
419116,1,19,5,L Balaji,0,0.37454584705181054
419116,2,15,1,TM Dilshan,1,0.8247220888040367
419116,2,15,2,TM Dilshan,1,0.7980020218674866
419116,2,15,3,TM Dilshan,1,0.7580968574154712
419116,2,15,4,TM Dilshan,0,0.6301286521325313
419116,2,15,5,TM Dilshan,0,0.6531840351672628
419116,2,15,6,TM Dilshan,0,0.5421837098413075
419116,2,16,1,A Mishra,1,0.4242061820909493
419116,2,16,2,A Mishra,1,0.3929640829568053
419116,2,16,3,A Mishra,1,0.37825376767700425
419116,2,16,4,A Mishra,1,0.3898223688185449
419116,2,16,5,A Mishra,1,0.36232813313842216
419116,2,16,6,A Mishra,1,0.3731505623395236
419116,2,17,1,DP Nannes,1,0.20302229497596053
419116,2,17,2,DP Nannes,1,0.21377004869092928
419116,2,17,3,DP Nannes,1,0.2618782968312177
419116,2,17,4,DP Nannes,1,0.27525980703475517
419116,2,17,5,DP Nannes,0,0.2856069939425882
419116,2,18,1,PJ Sangwan,0,0.5694672582583654
419116,2,18,2,PJ Sangwan,0,0.5449777653358319
419116,2,18,3,PJ Sangwan,0,0.530165360784206
419116,2,18,4,PJ Sangwan,1,0.5255183037014097
419116,2,18,5,PJ Sangwan,1,0.6383760359444262
419123,1,15,1,M Muralitharan,0,0.2998560473643179
419123,1,15,2,M Muralitharan,1,0.3704725014105584
419123,1,15,3,M Muralitharan,1,0.4269551160932686
419123,1,15,4,M Muralitharan,1,0.6471849534215873
419123,1,15,5,M Muralitharan,1,0.7671135023198187
419123,1,16,1,JA Morkel,1,0.24178036043159573
419123,1,16,2,JA Morkel,1,0.2696914308575454
419123,1,16,3,JA Morkel,1,0.3240271774065943
419123,1,16,4,JA Morkel,1,0.4615112533343857
419123,1,16,5,JA Morkel,1,0.6770114053203395
419123,1,17,1,R Ashwin,0,0.2013534208113901
419123,1,17,2,R Ashwin,0,0.20216293953563125
419123,1,17,3,R Ashwin,0,0.23917662817471264
419123,1,17,4,R Ashwin,0,0.2741273783173565
419123,1,17,5,R Ashwin,0,0.32514337957034495
419123,1,17,6,R Ashwin,0,0.2925641653905794
419123,1,18,1,L Balaji,0,0.33334030744510096
419123,1,18,2,L Balaji,0,0.43890079352572275
419123,1,18,3,L Balaji,0,0.5646618065958529
419123,1,18,4,L Balaji,1,0.7154665614744269
419123,1,18,5,L Balaji,1,0.7583539873813668
419123,1,19,1,R Ashwin,0,0.2902192724424719
419123,1,19,2,R Ashwin,0,0.30049423930591496
419123,1,19,3,R Ashwin,0,0.41724138799917676
419123,1,19,4,R Ashwin,0,0.5142659074128487
419123,1,19,5,R Ashwin,0,0.6141850952872414
419123,2,15,1,R Vinay Kumar,0,0.46398762324370746
419123,2,15,2,R Vinay Kumar,0,0.4557104127704274
419123,2,15,3,R Vinay Kumar,0,0.4370422453397976
419123,2,15,4,R Vinay Kumar,0,0.4120262558538888
419123,2,15,5,R Vinay Kumar,0,0.4657622708495572
419123,2,15,6,R Vinay Kumar,0,0.41556289461919443
419123,2,16,1,P Kumar,1,0.2425381143688701
419123,2,16,2,P Kumar,0,0.22839869266448753
419123,2,16,3,P Kumar,0,0.22812898956608743
419123,2,16,4,P Kumar,0,0.21037322152363325
419123,2,16,5,P Kumar,0,0.2730724339205895
419123,2,16,6,P Kumar,0,0.23944370586694597
419123,2,16,7,P Kumar,0,0.2508345989367967
419123,2,17,1,DW Steyn,1,0.38214603435269073
419123,2,17,2,DW Steyn,1,0.5070474064725757
419123,2,17,3,DW Steyn,1,0.561480366793555
419123,2,17,4,DW Steyn,1,0.6692406226243707
419123,2,17,5,DW Steyn,1,0.7832336316966224
419123,2,18,1,P Kumar,0,0.2506298677732096
419123,2,18,2,P Kumar,0,0.3259431388558677
419123,2,18,3,P Kumar,0,0.4045040837420487
419123,2,18,4,P Kumar,0,0.405860871164318
419123,2,18,5,P Kumar,1,0.4114865526417591
419123,2,19,1,R Vinay Kumar,1,0.41515847999204913
419123,2,19,2,R Vinay Kumar,1,0.4103458410129089
419123,2,19,3,R Vinay Kumar,1,0.4295227883282659
419123,2,19,4,R Vinay Kumar,1,0.5505201248694107
419123,2,19,5,R Vinay Kumar,1,0.6552348233362122
419127,1,15,1,PP Chawla,1,0.3803729544085128
419127,1,15,2,PP Chawla,1,0.40108412335892224
419127,1,15,3,PP Chawla,1,0.41261469115797716
419127,1,15,4,PP Chawla,0,0.3924773692217077
419127,1,15,5,PP Chawla,0,0.3403130251727488
419127,1,15,6,PP Chawla,0,0.4544820290483615
419127,1,16,1,IK Pathan,0,0.1256132777831715
419127,1,16,2,IK Pathan,0,0.1856725061278521
419127,1,16,3,IK Pathan,0,0.330000114101672
419127,1,16,4,IK Pathan,0,0.34633952773817267
419127,1,16,5,IK Pathan,0,0.36796967419402443
419127,1,16,6,IK Pathan,0,0.3679574813318041
419127,1,16,7,IK Pathan,0,0.3973776150067707
419127,1,16,8,IK Pathan,0,0.3617241765577013
419127,1,17,1,PP Chawla,0,0.3956704324028637
419127,1,17,2,PP Chawla,0,0.45478917093582566
419127,1,17,3,PP Chawla,0,0.5339835903986516
419127,1,17,4,PP Chawla,0,0.6215320733145103
419127,1,17,5,PP Chawla,0,0.6320397579263709
419127,1,17,6,PP Chawla,0,0.770662885539162
419127,1,18,1,B Lee,1,0.3971733647726361
419127,1,18,2,B Lee,1,0.41651404802838704
419127,1,18,3,B Lee,0,0.38963809999587745
419127,1,18,4,B Lee,0,0.4689761317581326
419127,1,18,5,B Lee,0,0.6043639646881586
419127,1,19,1,IK Pathan,0,0.38950706355114567
419127,1,19,2,IK Pathan,0,0.4872876329509213
419127,1,19,3,IK Pathan,0,0.5223239752062001
419127,1,19,4,IK Pathan,0,0.6325708450644136
419127,1,19,5,IK Pathan,0,0.7254697148192283
419127,2,15,1,AD Mathews,1,0.3784429211779844
419127,2,15,2,AD Mathews,1,0.3867414402452459
419127,2,15,3,AD Mathews,1,0.3910864009695593
419127,2,15,4,AD Mathews,1,0.3764095440321597
419127,2,15,5,AD Mathews,1,0.3759986547121393
419127,2,15,6,AD Mathews,1,0.3672942756002753
419127,2,16,1,SE Bond,0,0.09952140516434511
419127,2,16,2,SE Bond,0,0.12802060148041602
419127,2,16,3,SE Bond,0,0.14045120175885462
419127,2,16,4,SE Bond,0,0.19592658826407808
419127,2,16,5,SE Bond,0,0.1910379433944967
419127,2,16,6,SE Bond,0,0.17995798863875717
419127,2,17,1,AD Mathews,1,0.3140597509668212
419127,2,17,2,AD Mathews,1,0.34810893620527505
419127,2,17,3,AD Mathews,1,0.41566468972391546
419127,2,17,4,AD Mathews,1,0.5108625942403934
419127,2,17,5,AD Mathews,1,0.6378531732696763
419127,2,18,1,SE Bond,1,0.31723580144447167
419127,2,18,2,SE Bond,1,0.36646110811324484
419127,2,18,3,SE Bond,1,0.37799029237391363
419127,2,18,4,SE Bond,1,0.4433847640092537
419127,2,18,5,SE Bond,0,0.32237596070773333
419127,2,18,6,SE Bond,1,0.6392664505929833
419127,2,19,1,AB Agarkar,1,0.3910426693292313
419127,2,19,2,AB Agarkar,1,0.39906869288746794
419127,2,19,3,AB Agarkar,1,0.4418211944303792
419127,2,19,4,AB Agarkar,1,0.552083151535264
419127,2,19,5,AB Agarkar,1,0.6526134301599035
419136,1,15,1,A Kumble,0,0.3376096405851921
419136,1,15,2,A Kumble,0,0.3890210345106366
419136,1,15,3,A Kumble,1,0.36600750803910836
419136,1,15,4,A Kumble,1,0.44347987075961787
419136,1,15,5,A Kumble,1,0.5380816749692635
419136,1,15,6,A Kumble,1,0.6449023060934022
419136,1,16,1,DW Steyn,1,0.2898296402768214
419136,1,16,2,DW Steyn,1,0.2869334147907947
419136,1,16,3,DW Steyn,1,0.3423184465758196
419136,1,16,4,DW Steyn,1,0.4562226837761462
419136,1,16,5,DW Steyn,1,0.5763460113220653
419136,1,17,1,JH Kallis,1,0.31635629754161615
419136,1,17,2,JH Kallis,1,0.2852324235715646
419136,1,17,3,JH Kallis,1,0.31626589365442875
419136,1,17,4,JH Kallis,1,0.4737904845380871
419136,1,17,5,JH Kallis,0,0.6007521816154615
419136,1,18,1,R Vinay Kumar,0,0.2208295633338701
419136,1,18,2,R Vinay Kumar,0,0.2731635039407376
419136,1,18,3,R Vinay Kumar,0,0.2768314102911334
419136,1,18,4,R Vinay Kumar,0,0.2787912654146896
419136,1,18,5,R Vinay Kumar,1,0.2746226513714475
419136,1,19,1,P Kumar,0,0.23980632017269005
419136,1,19,2,P Kumar,0,0.26225464861918324
419136,1,19,3,P Kumar,0,0.29151420476759987
419136,1,19,4,P Kumar,0,0.2902232779734279
419136,1,19,5,P Kumar,1,0.4012440411462392
419136,1,19,6,P Kumar,1,0.5729097772203946
419136,2,15,1,Bipul Sharma,0,0.5225023520867847
419136,2,15,2,Bipul Sharma,1,0.6264794591815543
419136,2,15,3,Bipul Sharma,0,0.7218635656299177
419136,2,15,4,Bipul Sharma,0,0.7865833946294959
419136,2,15,5,Bipul Sharma,1,0.8369369987639103
419136,2,16,1,B Lee,0,0.269644028803594
419136,2,16,2,B Lee,0,0.3348084263580947
419136,2,16,3,B Lee,0,0.351034141789097
419136,2,16,4,B Lee,0,0.33777973604737627
419136,2,16,5,B Lee,0,0.3757415634836664
419136,2,16,6,B Lee,1,0.4132027154871667
419136,2,16,7,B Lee,1,0.40819101050055884
419136,2,17,1,IK Pathan,0,0.26201329823254377
419136,2,17,2,IK Pathan,0,0.285358501058088
419136,2,17,3,IK Pathan,0,0.3028848911741457
419136,2,17,4,IK Pathan,0,0.36949433056994346
419136,2,17,5,IK Pathan,0,0.3740353096768718
419136,2,17,6,IK Pathan,0,0.4210999369356661
419136,2,18,1,B Lee,1,0.3461002931112835
419136,2,18,2,B Lee,0,0.295335821226505
419136,2,18,3,B Lee,0,0.32195762028188213
419136,2,18,4,B Lee,0,0.2943766916270491
419136,2,18,5,B Lee,0,0.392312415037062
419136,2,19,1,IK Pathan,0,0.4144077856086262
419139,1,15,1,J Theron,0,0.1542924502798775
419139,1,15,2,J Theron,0,0.17209374375036837
419139,1,15,3,J Theron,0,0.33012411659451524
419139,1,15,4,J Theron,0,0.3419067578217932
419139,1,15,5,J Theron,0,0.33843625302947794
419139,1,15,6,J Theron,0,0.30023483678917934
419139,1,16,1,IK Pathan,1,0.5369830986910628
419139,1,16,2,IK Pathan,1,0.4794091217285806
419139,1,16,3,IK Pathan,1,0.4681758339929528
419139,1,16,4,IK Pathan,1,0.47715006175599756
419139,1,16,5,IK Pathan,0,0.44479970927102974
419139,1,16,6,IK Pathan,0,0.3370942227463931
419139,1,17,1,J Theron,0,0.3184792778380413
419139,1,17,2,J Theron,0,0.3029201058028956
419139,1,17,3,J Theron,0,0.3687058823745477
419139,1,17,4,J Theron,0,0.4749033181531249
419139,1,17,5,J Theron,0,0.6009563349806704
419139,1,18,1,IK Pathan,0,0.3311009279017588
419139,1,18,2,IK Pathan,0,0.30684944330213315
419139,1,18,3,IK Pathan,0,0.3532494577438669
419139,1,18,4,IK Pathan,0,0.4590317953892713
419139,1,18,5,IK Pathan,0,0.5855699789450425
419139,1,19,1,SJ Srivastava,1,0.7833466916685056
419139,1,19,2,SJ Srivastava,1,0.7833466916685056
419139,1,19,3,SJ Srivastava,0,0.6916465796341188
419139,1,19,4,SJ Srivastava,0,0.5918049417069622
419139,1,19,5,SJ Srivastava,1,0.7875040409147037
419139,1,19,6,SJ Srivastava,0,0.6977033704756418
419139,1,19,7,SJ Srivastava,0,0.6817516077779727
419139,2,15,1,AB Agarkar,0,0.46913077780233353
419139,2,15,2,AB Agarkar,1,0.7141659472348116
419139,2,15,3,AB Agarkar,1,0.7124946656174359
419139,2,15,4,AB Agarkar,0,0.5636343342542144
419139,2,15,5,AB Agarkar,1,0.7184913197807162
419139,2,16,1,M Kartik,0,0.5128149648627889
419139,2,16,2,M Kartik,0,0.527614692866397
419139,2,16,3,M Kartik,0,0.603150334607295
419139,2,16,4,M Kartik,0,0.6255956450082586
419139,2,16,5,M Kartik,1,0.6938389026828609
419139,2,17,1,SE Bond,0,0.3740439313522109
419139,2,17,2,SE Bond,1,0.39101267473452417
419139,2,17,3,SE Bond,1,0.4416742266001565
419139,2,17,4,SE Bond,1,0.5199120102531999
419139,2,17,5,SE Bond,1,0.6140537096369068
419139,2,18,1,JD Unadkat,0,0.7643541846230896
419140,1,15,1,JH Kallis,0,0.37846025914169484
419140,1,15,2,JH Kallis,0,0.3783896198289989
419140,1,15,3,JH Kallis,1,0.5043963778779155
419140,1,15,4,JH Kallis,1,0.48165420478565696
419140,1,15,5,JH Kallis,1,0.5165129184080607
419140,1,16,1,A Kumble,1,0.35498566614544497
419140,1,16,2,A Kumble,0,0.31993022841362756
419140,1,16,3,A Kumble,0,0.36276717437119804
419140,1,16,4,A Kumble,0,0.4265449404996303
419140,1,16,5,A Kumble,1,0.6227832878466307
419140,1,17,1,R Vinay Kumar,1,0.4749037176070714
419140,1,17,2,R Vinay Kumar,0,0.34391144485820246
419140,1,17,3,R Vinay Kumar,1,0.6674390834771385
419140,1,17,4,R Vinay Kumar,1,0.5057099653610472
419140,1,17,5,R Vinay Kumar,1,0.5015454746836101
419140,1,17,6,R Vinay Kumar,1,0.41454068301785374
419140,1,18,1,A Mithun,0,0.40992711923837943
419140,1,18,2,A Mithun,0,0.43463859456625786
419140,1,18,3,A Mithun,0,0.45440889036062954
419140,1,18,4,A Mithun,0,0.42249600903300155
419140,1,18,5,A Mithun,0,0.4315686386050628
419140,1,19,1,R Vinay Kumar,1,0.39226909917833996
419140,1,19,2,R Vinay Kumar,1,0.44466599124746725
419140,1,19,3,R Vinay Kumar,1,0.352273689993409
419140,1,19,4,R Vinay Kumar,1,0.4030936232364427
419140,1,19,5,R Vinay Kumar,1,0.5698415733240696
419140,2,15,1,PJ Sangwan,1,0.4262072302443046
419140,2,15,2,PJ Sangwan,1,0.415311309298436
419140,2,15,3,PJ Sangwan,1,0.3942653808095253
419140,2,15,4,PJ Sangwan,1,0.40856109536060287
419140,2,15,5,PJ Sangwan,0,0.38700339217266494
419140,2,16,1,DL Vettori,1,0.4516676823381009
419140,2,16,2,DL Vettori,1,0.4574592682674129
419140,2,16,3,DL Vettori,1,0.4350425122172459
419140,2,16,4,DL Vettori,1,0.40522849258989707
419140,2,16,5,DL Vettori,1,0.41913078224304057
419140,2,16,6,DL Vettori,1,0.41913078224304057
419140,2,17,1,MF Maharoof,0,0.33849363667156956
419140,2,17,2,MF Maharoof,1,0.3348171281801856
419140,2,17,3,MF Maharoof,1,0.3833476072567418
419140,2,17,4,MF Maharoof,0,0.5255381858182393
419140,2,17,5,MF Maharoof,1,0.6632520121760761
419140,2,18,1,DL Vettori,1,0.5434671322638639
419140,2,18,2,DL Vettori,0,0.5481755320856927
419140,2,18,3,DL Vettori,1,0.5530805950246618
419140,2,18,4,DL Vettori,1,0.6110775428300009
419140,2,18,5,DL Vettori,1,0.7264376571303346
419140,2,19,1,A Mishra,1,0.4482837691855542
419140,2,19,2,A Mishra,1,0.4639609624385806
419140,2,19,3,A Mishra,1,0.5955960942927724
419140,2,19,4,A Mishra,1,0.6425171475157244
419140,2,19,5,A Mishra,1,0.7748796709425271
419143,1,15,1,FY Fazal,1,0.2184465998508319
419143,1,15,2,FY Fazal,1,0.37371738808041627
419143,1,15,3,FY Fazal,1,0.37371738808041627
419143,1,15,4,FY Fazal,1,0.37371738808041627
419143,1,15,5,FY Fazal,1,0.399313891773381
419143,1,16,1,SR Watson,1,0.14651187729531262
419143,1,16,2,SR Watson,1,0.17240083124174413
419143,1,16,3,SR Watson,1,0.18275220368383516
419143,1,16,4,SR Watson,0,0.19228839417776017
419143,1,16,5,SR Watson,0,0.20109673950214554
419143,1,16,6,SR Watson,0,0.19991201515613835
419143,1,17,1,SK Trivedi,0,0.1420434327687757
419143,1,17,2,SK Trivedi,0,0.1608376732921257
419143,1,17,3,SK Trivedi,0,0.1615241628686594
419143,1,17,4,SK Trivedi,0,0.19968093811463639
419143,1,17,5,SK Trivedi,0,0.22790839572523486
419143,1,17,6,SK Trivedi,0,0.2756364502541941
419143,1,18,1,SR Watson,0,0.17686990536352287
419143,1,18,2,SR Watson,0,0.1738007808363928
419143,1,18,3,SR Watson,0,0.22222086338192695
419143,1,18,4,SR Watson,0,0.29127413929984497
419143,1,18,5,SR Watson,0,0.33957848163041515
419143,1,18,6,SR Watson,0,0.34209098285613776
419143,1,19,1,SK Trivedi,1,0.21641393665563102
419143,1,19,2,SK Trivedi,0,0.23977003233907102
419143,1,19,3,SK Trivedi,0,0.2705262348719631
419143,1,19,4,SK Trivedi,0,0.29012386535897833
419143,1,19,5,SK Trivedi,0,0.2557359126678961
419144,1,15,1,DL Vettori,1,0.39876274204033024
419144,1,15,2,DL Vettori,1,0.31786378561581263
419144,1,15,3,DL Vettori,1,0.3546767408928487
419144,1,15,4,DL Vettori,1,0.4453159673713639
419144,1,15,5,DL Vettori,1,0.6220003732942849
419144,1,16,1,A Mishra,1,0.6192660575832659
419144,1,16,2,A Mishra,0,0.4578357574439742
419144,1,16,3,A Mishra,0,0.46987371339092615
419144,1,16,4,A Mishra,0,0.41906648111356426
419144,1,16,5,A Mishra,0,0.410854241253342
419144,1,16,6,A Mishra,0,0.3890086527757662
419144,1,17,1,PJ Sangwan,0,0.2418522500051836
419144,1,17,2,PJ Sangwan,0,0.25371402671468946
419144,1,17,3,PJ Sangwan,0,0.26235480862643473
419144,1,17,4,PJ Sangwan,0,0.32772562480066064
419144,1,17,5,PJ Sangwan,0,0.3072373499859044
419144,1,18,1,MF Maharoof,0,0.39520074372692393
419144,1,18,2,MF Maharoof,0,0.30057989322194684
419144,1,18,3,MF Maharoof,0,0.3143254284644848
419144,1,18,4,MF Maharoof,1,0.5019250610446361
419144,1,18,5,MF Maharoof,0,0.4613709199337733
419144,1,19,1,A Mishra,0,0.3079582202021644
419144,1,19,2,A Mishra,0,0.470266749773511
419144,1,19,3,A Mishra,0,0.41796114189567496
419144,1,19,4,A Mishra,0,0.5052770488352207
419144,1,19,5,A Mishra,0,0.5645025459924918
419144,2,15,1,Iqbal Abdulla,1,0.40439843530301145
419144,2,15,2,Iqbal Abdulla,1,0.3935754878207985
419144,2,15,3,Iqbal Abdulla,1,0.47599135652757274
419144,2,15,4,Iqbal Abdulla,1,0.496617501866855
419144,2,15,5,Iqbal Abdulla,1,0.4867018342015084
419144,2,15,6,Iqbal Abdulla,1,0.4814099476665237
419144,2,16,1,BAW Mendis,0,0.31772640955944637
419144,2,16,2,BAW Mendis,1,0.35382788858978703
419144,2,16,3,BAW Mendis,0,0.33009321262521246
419144,2,16,4,BAW Mendis,0,0.35115755755069916
419144,2,16,5,BAW Mendis,0,0.37319350426457587
419144,2,17,1,Iqbal Abdulla,1,0.3682693447619031
419144,2,17,2,Iqbal Abdulla,1,0.41653926645228745
419144,2,17,3,Iqbal Abdulla,1,0.4790777671648099
419144,2,17,4,Iqbal Abdulla,1,0.6079439569546375
419144,2,17,5,Iqbal Abdulla,1,0.7055082691935937
419144,2,18,1,AB Dinda,1,0.37384238000671344
419144,2,18,2,AB Dinda,0,0.47469379239528847
419144,2,18,3,AB Dinda,0,0.45802183877183017
419144,2,18,4,AB Dinda,0,0.5013221817215078
419144,2,18,5,AB Dinda,0,0.48858528488072933
419144,2,18,6,AB Dinda,0,0.4516310638807482
419144,2,19,1,AB Agarkar,0,0.39622497152724984
419144,2,19,2,AB Agarkar,1,0.4919010166606855
419144,2,19,3,AB Agarkar,0,0.49280703013419735
419144,2,19,4,AB Agarkar,0,0.5304948788068939
419144,2,19,5,AB Agarkar,0,0.6168602898897826
419152,1,15,1,A Mishra,0,0.11179203919673127
419152,1,15,2,A Mishra,0,0.10946837833526214
419152,1,15,3,A Mishra,0,0.10532746446875445
419152,1,15,4,A Mishra,0,0.21769928937538874
419152,1,15,5,A Mishra,0,0.41453380923066274
419152,1,16,1,A Nehra,0,0.05129377747037249
419152,1,16,2,A Nehra,0,0.1393046945213674
419152,1,16,3,A Nehra,0,0.13257320361986938
419152,1,16,4,A Nehra,0,0.14573583969060006
419152,1,16,5,A Nehra,0,0.1415719988768163
419152,1,16,6,A Nehra,0,0.1400204883057473
419152,1,16,7,A Nehra,0,0.1378995416238059
419152,1,17,1,S Ladda,0,0.2271805071539183
419152,1,17,2,S Ladda,1,0.782403704437604
419152,1,17,3,S Ladda,1,0.6323830624396444
419152,1,17,4,S Ladda,0,0.46400289443997444
419152,1,17,5,S Ladda,1,0.7321075349849614
419152,1,18,1,A Nehra,0,0.12870984065179655
419152,1,18,2,A Nehra,0,0.13332050851155733
419152,1,18,3,A Nehra,0,0.17555399389020948
419152,1,18,4,A Nehra,1,0.41366605781350735
419152,1,18,5,A Nehra,1,0.5551453918720998
419152,1,19,1,AB McDonald,0,0.06529732710749746
419152,1,19,2,AB McDonald,0,0.16189822339959534
419152,1,19,3,AB McDonald,0,0.2264107411466504
419152,1,19,4,AB McDonald,0,0.3879203693334399
419152,1,19,5,AB McDonald,0,0.48635323226985333
419152,2,15,1,Harbhajan Singh,1,0.26235712054381
419152,2,15,2,Harbhajan Singh,1,0.3124567780031598
419152,2,15,3,Harbhajan Singh,1,0.3172768957071424
419152,2,15,4,Harbhajan Singh,1,0.34841541642397394
419152,2,15,5,Harbhajan Singh,1,0.3436769947391994
419152,2,15,6,Harbhajan Singh,1,0.31010188926531673
419152,2,16,1,CRD Fernando,1,0.4905649653811348
419152,2,16,2,CRD Fernando,1,0.4698473227864229
419152,2,16,3,CRD Fernando,1,0.498810469263821
419152,2,16,4,CRD Fernando,1,0.5317605652063846
419152,2,16,5,CRD Fernando,1,0.5375683313871416
419152,2,16,6,CRD Fernando,1,0.5080447993999453
419152,2,16,7,CRD Fernando,1,0.5013431137650614
419152,2,17,1,Harbhajan Singh,1,0.3384331288579776
419152,2,17,2,Harbhajan Singh,1,0.38219774038956383
419152,2,17,3,Harbhajan Singh,1,0.47705932533386974
419152,2,17,4,Harbhajan Singh,1,0.5334256776941733
419152,2,17,5,Harbhajan Singh,1,0.6451031901652379
419152,2,18,1,CRD Fernando,1,0.4952872343524844
419152,2,18,2,CRD Fernando,1,0.4389537348537665
419152,2,18,3,CRD Fernando,1,0.46913743335232605
419152,2,18,4,CRD Fernando,0,0.5198992549677978
419152,2,18,5,CRD Fernando,0,0.6557245831625442
419152,2,19,1,DJ Bravo,1,0.7443101534264239
419152,2,19,2,DJ Bravo,1,0.6930414464832496
419152,2,19,3,DJ Bravo,1,0.6957894073833303
419152,2,19,4,DJ Bravo,1,0.6442572991841857
419152,2,19,5,DJ Bravo,1,0.5803964270454578
419154,1,15,1,A Kumble,1,0.3872638450570678
419154,1,15,2,A Kumble,1,0.4182918478639367
419154,1,15,3,A Kumble,1,0.4995416408749711
419154,1,15,4,A Kumble,1,0.5850988051625502
419154,1,15,5,A Kumble,1,0.710039610180865
419154,1,16,1,Pankaj Singh,0,0.48060728581645495
419154,1,16,2,Pankaj Singh,1,0.491574284101152
419154,1,16,3,Pankaj Singh,1,0.5553453733156786
419154,1,16,4,Pankaj Singh,1,0.6551415264168736
419154,1,16,5,Pankaj Singh,1,0.7652496142606445
419154,1,17,1,DW Steyn,1,0.24128743418747564
419154,1,17,2,DW Steyn,1,0.31978591650491445
419154,1,17,3,DW Steyn,1,0.4044964324523261
419154,1,17,4,DW Steyn,1,0.4382270228100936
419154,1,17,5,DW Steyn,0,0.4539033426691422
419154,1,18,1,JH Kallis,0,0.1402771564402905
419154,1,18,2,JH Kallis,0,0.23243022022477294
419154,1,18,3,JH Kallis,0,0.30329450308205325
419154,1,18,4,JH Kallis,0,0.4095946179442
419154,1,18,5,JH Kallis,0,0.40085401100162815
419154,1,19,1,R Vinay Kumar,0,0.30696758051949413
419154,1,19,2,R Vinay Kumar,0,0.3291545400654228
419154,1,19,3,R Vinay Kumar,0,0.4413939727521857
419154,1,19,4,R Vinay Kumar,0,0.5243953228011804
419154,1,19,5,R Vinay Kumar,0,0.6294623035731708
419154,2,15,1,SK Trivedi,0,0.5229443199503971
419154,2,15,2,SK Trivedi,0,0.552086808716277
419154,2,15,3,SK Trivedi,0,0.5943501244267801
419159,1,15,1,R Ashwin,0,0.3984590331180688
419159,1,15,2,R Ashwin,1,0.4060369682779293
419159,1,15,3,R Ashwin,1,0.412290716278718
419159,1,15,4,R Ashwin,1,0.470612300190771
419159,1,15,5,R Ashwin,0,0.47489168147859906
419159,1,16,1,DE Bollinger,0,0.3122448544762721
419159,1,16,2,DE Bollinger,0,0.3158741074187252
419159,1,16,3,DE Bollinger,0,0.3103089399663424
419159,1,16,4,DE Bollinger,0,0.2950234749249759
419159,1,16,5,DE Bollinger,0,0.2989920913832841
419159,1,16,6,DE Bollinger,0,0.30959780742537735
419159,1,17,1,JA Morkel,0,0.41762282654281146
419159,1,17,2,JA Morkel,0,0.5350532438073028
419159,1,17,3,JA Morkel,0,0.48033198548221995
419159,1,17,4,JA Morkel,0,0.4497918621103013
419159,1,17,5,JA Morkel,0,0.42496780425050923
419159,1,17,6,JA Morkel,0,0.48616036377930383
419159,1,18,1,DE Bollinger,0,0.3145298633551218
419159,1,18,2,DE Bollinger,0,0.37839024369288304
419159,1,18,3,DE Bollinger,0,0.4293578702874571
419159,1,18,4,DE Bollinger,0,0.5270537731195255
419159,1,18,5,DE Bollinger,0,0.6477233468032622
419159,1,19,1,JA Morkel,0,0.468380237059669
419159,1,19,2,JA Morkel,0,0.573875689792163
419159,1,19,3,JA Morkel,0,0.5446619590768924
419159,1,19,4,JA Morkel,1,0.6973083225511524
419159,1,19,5,JA Morkel,1,0.7119414613441613
419159,2,15,1,J Theron,0,0.3687629997582764
419159,2,15,2,J Theron,0,0.37337974243569455
419159,2,15,3,J Theron,0,0.39877191577091736
419159,2,15,4,J Theron,0,0.404740841232575
419159,2,15,5,J Theron,0,0.3607200464088027
419159,2,15,6,J Theron,0,0.354569199812196
419159,2,16,1,PP Chawla,0,0.4506315516075529
419159,2,16,2,PP Chawla,0,0.5516087282787037
419159,2,16,3,PP Chawla,1,0.5488881488495857
419159,2,16,4,PP Chawla,1,0.5668623611075321
419159,2,16,5,PP Chawla,1,0.7271746285793784
419159,2,17,1,VRV Singh,0,0.6204319659664415
419159,2,17,2,VRV Singh,0,0.5136197227521249
419159,2,17,3,VRV Singh,0,0.6375300710776197
419159,2,17,4,VRV Singh,0,0.6423338449450725
419159,2,17,5,VRV Singh,0,0.5966229502394461
419159,2,17,6,VRV Singh,0,0.6118251337477476
419159,2,18,1,J Theron,0,0.36454968970568685
419159,2,18,2,J Theron,1,0.49211003504198986
419159,2,18,3,J Theron,1,0.3729827291317722
419159,2,18,4,J Theron,1,0.440419712193411
419159,2,18,5,J Theron,1,0.6286736046727427
419159,2,19,1,IK Pathan,0,0.5356951775455535
419159,2,19,2,IK Pathan,0,0.5282895340518586
419159,2,19,3,IK Pathan,0,0.5795759297801122
501211,1,15,1,V Kohli,0,0.1867193696065817
501211,1,15,2,V Kohli,0,0.19028452205535273
501211,1,15,3,V Kohli,0,0.2065964180080143
501211,1,15,4,V Kohli,0,0.2231457520107393
501211,1,15,5,V Kohli,0,0.2840597877009735
501211,1,16,1,Z Khan,0,0.19188350004552568
501211,1,16,2,Z Khan,0,0.2556739691851934
501211,1,16,3,Z Khan,0,0.2312372127587209
501211,1,16,4,Z Khan,0,0.23759564978524686
501211,1,16,5,Z Khan,0,0.24603283828962413
501211,1,16,6,Z Khan,1,0.3458595749746079
501211,1,17,1,JJ van der Wath,1,0.7286336168660014
501211,1,17,2,JJ van der Wath,1,0.712130695128723
501211,1,17,3,JJ van der Wath,1,0.6597650894119647
501211,1,17,4,JJ van der Wath,1,0.6183504939289656
501211,1,17,5,JJ van der Wath,1,0.6923072706930541
501211,1,17,6,JJ van der Wath,1,0.6656965188442127
501211,1,18,1,Z Khan,1,0.48814481981256247
501211,1,18,2,Z Khan,1,0.4689632432999473
501211,1,18,3,Z Khan,1,0.3869147218538709
501211,1,18,4,Z Khan,1,0.5032255923985044
501211,1,18,5,Z Khan,1,0.6215328508258016
501211,1,19,1,JJ van der Wath,1,0.5619449568661622
501211,1,19,2,JJ van der Wath,1,0.44754658438914574
501211,1,19,3,JJ van der Wath,1,0.39509230435886555
501211,1,19,4,JJ van der Wath,0,0.35590403297993306
501211,1,19,5,JJ van der Wath,1,0.46877644118347483
501211,2,15,1,R Ashwin,0,0.4039246292941505
501211,2,15,2,R Ashwin,0,0.39770818650457485
501211,2,15,3,R Ashwin,0,0.4373937838096277
501211,2,15,4,R Ashwin,0,0.5698229438893817
501211,2,15,5,R Ashwin,0,0.5761354796226745
501211,2,15,6,R Ashwin,0,0.5263683180166914
501211,2,16,1,S Randiv,1,0.4746690598391593
501211,2,16,2,S Randiv,1,0.5470447864845353
501211,2,16,3,S Randiv,1,0.6491618795928099
501211,2,16,4,S Randiv,1,0.7038436397007525
501211,2,16,5,S Randiv,1,0.764993359984871
501211,2,17,1,TG Southee,0,0.32997850188391453
501211,2,17,2,TG Southee,0,0.4713605946581043
501211,2,17,3,TG Southee,1,0.4647693563171822
501211,2,17,4,TG Southee,1,0.4948053252467569
501211,2,17,5,TG Southee,1,0.5305969131158751
501211,2,17,6,TG Southee,0,0.5173948020646381
501211,2,18,1,JA Morkel,0,0.5623779759619736
501211,2,18,2,JA Morkel,0,0.558673499600309
501211,2,18,3,JA Morkel,1,0.5993031474654422
501211,2,18,4,JA Morkel,1,0.6046170845297918
501211,2,18,5,JA Morkel,1,0.6004339185942897
501211,2,18,6,JA Morkel,1,0.6422735948964046
501211,2,19,1,TG Southee,0,0.5398511878786348
501211,2,19,2,TG Southee,0,0.5464049498559115
501211,2,19,3,TG Southee,0,0.5797826202355683
501211,2,19,4,TG Southee,0,0.6050675461901385
501211,2,19,5,TG Southee,1,0.6397258743093851
501212,1,15,1,RJ Harris,0,0.15176084151351552
501212,1,15,2,RJ Harris,0,0.16798054558418657
501212,1,15,3,RJ Harris,0,0.20601347072416992
501212,1,15,4,RJ Harris,0,0.21756148578230855
501212,1,15,5,RJ Harris,0,0.2942816462762585
501212,1,15,6,RJ Harris,0,0.26440423729130436
501212,1,16,1,PC Valthaty,0,0.08675569575599937
501212,1,16,2,PC Valthaty,0,0.10392931292868629
501212,1,16,3,PC Valthaty,0,0.17842584367278147
501212,1,16,4,PC Valthaty,0,0.13527012202729657
501212,1,16,5,PC Valthaty,0,0.15800353902486083
501212,1,16,6,PC Valthaty,0,0.16935392473716512
501212,1,17,1,R McLaren,0,0.2980465057974426
501212,1,17,2,R McLaren,1,0.5779751382393336
501212,1,17,3,R McLaren,1,0.522189380101698
501212,1,17,4,R McLaren,0,0.49952180244842703
501212,1,17,5,R McLaren,0,0.5090571980650754
501212,1,17,6,R McLaren,0,0.5865367735222202
501212,1,18,1,PC Valthaty,0,0.25831375581619676
501212,1,18,2,PC Valthaty,0,0.25724436267623474
501212,1,18,3,PC Valthaty,0,0.314067504963633
501212,1,18,4,PC Valthaty,1,0.3843673210009968
501212,1,18,5,PC Valthaty,1,0.4587146877409025
501212,1,18,6,PC Valthaty,1,0.7190513887155747
501212,1,19,1,RJ Harris,1,0.35498234611763974
501212,1,19,2,RJ Harris,1,0.34487167576844313
501212,1,19,3,RJ Harris,1,0.38084000688544006
501212,1,19,4,RJ Harris,1,0.477790218024223
501212,1,19,5,RJ Harris,1,0.6301503050934545
501212,2,15,1,A Mishra,0,0.20500576054070543
501212,2,15,2,A Mishra,0,0.25614841675707795
501212,2,15,3,A Mishra,0,0.42476374375745
501212,2,15,4,A Mishra,0,0.5447777974127992
501212,2,15,5,A Mishra,1,0.6338844175128063
501212,2,16,1,I Sharma,0,0.22281100032528084
501212,2,16,2,I Sharma,0,0.25585350127273937
501212,2,16,3,I Sharma,1,0.40107727436921353
501212,2,16,4,I Sharma,1,0.46859254694865277
501212,2,16,5,I Sharma,0,0.29084178008892564
501212,2,17,1,DT Christian,0,0.3481979205098715
501212,2,17,2,DT Christian,0,0.3679803751295
501212,2,17,3,DT Christian,1,0.48972198784652127
501214,1,15,1,B Lee,1,0.24672731544198553
501223,1,15,1,P Kumar,1,0.7422475596709031
501223,1,15,2,P Kumar,1,0.6937238637540104
501223,1,15,3,P Kumar,1,0.6228609382915727
501223,1,15,4,P Kumar,1,0.48185113775871097
501223,1,15,5,P Kumar,1,0.6010976634834003
501223,1,16,1,PP Chawla,1,0.5811830035966736
501223,1,16,2,PP Chawla,1,0.528560475557325
501223,1,16,3,PP Chawla,1,0.4720183967554524
501223,1,16,4,PP Chawla,1,0.48916964787550765
501223,1,16,5,PP Chawla,1,0.6020861999523363
501223,1,17,1,RJ Harris,0,0.3145668607433946
501223,1,17,2,RJ Harris,0,0.3373081195669584
501223,1,17,3,RJ Harris,0,0.3166158517925051
501223,1,17,4,RJ Harris,0,0.29826778207733257
501223,1,17,5,RJ Harris,0,0.31497761801234053
501223,1,17,6,RJ Harris,0,0.3385301249532006
501223,1,18,1,SJ Srivastava,0,0.4303798166428797
501223,1,18,2,SJ Srivastava,0,0.3991902648122063
501223,1,18,3,SJ Srivastava,0,0.39632234060807814
501223,1,18,4,SJ Srivastava,0,0.4408650235876875
501223,1,18,5,SJ Srivastava,0,0.5367595413497732
501223,1,19,1,RJ Harris,0,0.4707299173968472
501223,1,19,2,RJ Harris,0,0.45829067658403616
501223,1,19,3,RJ Harris,0,0.45453481370927257
501223,1,19,4,RJ Harris,0,0.3725784892944833
501223,1,19,5,RJ Harris,1,0.31407868352262636
501223,1,19,6,RJ Harris,1,0.42171779297589185
501223,2,15,1,JR Hopes,1,0.5996751409427306
501223,2,15,2,JR Hopes,0,0.6314006625438969
501223,2,15,3,JR Hopes,0,0.5776555223014042
501223,2,15,4,JR Hopes,0,0.577113373218271
501223,2,15,5,JR Hopes,0,0.6712109697003461
501223,2,16,1,AB Agarkar,1,0.8148658153157586
501223,2,16,2,AB Agarkar,1,0.8324070535266594
501223,2,16,3,AB Agarkar,1,0.8700704184987783
501223,2,16,4,AB Agarkar,1,0.8761482392939393
501223,2,16,5,AB Agarkar,1,0.8410394966928892
501223,2,16,6,AB Agarkar,1,0.8118993285073142
501223,2,16,7,AB Agarkar,1,0.7807028765848725
501223,2,17,1,M Morkel,0,0.22055623881259506
501223,2,17,2,M Morkel,0,0.18059204165512469
501223,2,17,3,M Morkel,0,0.21249714554424734
501223,2,17,4,M Morkel,0,0.4147553054679007
501223,2,17,5,M Morkel,1,0.546462638520499
501223,2,18,1,VR Aaron,1,0.593565998345359
501223,2,18,2,VR Aaron,0,0.5867577724456733
501223,2,18,3,VR Aaron,0,0.5679281045262398
501223,2,18,4,VR Aaron,0,0.6130544192669091
501223,2,18,5,VR Aaron,0,0.7562157798901252
501223,2,19,1,AB Agarkar,1,0.7225580822399282
501223,2,19,2,AB Agarkar,1,0.6997832844091364
501223,2,19,3,AB Agarkar,1,0.6721639226608226
501223,2,19,4,AB Agarkar,1,0.6608917738912673
501223,2,19,5,AB Agarkar,1,0.7557455495835129
501226,1,15,1,AC Thomas,1,0.1952754611299765
501226,1,15,2,AC Thomas,1,0.1916557350035787
501226,1,15,3,AC Thomas,1,0.19775326771841203
501226,1,15,4,AC Thomas,1,0.19775326771841203
501226,1,15,5,AC Thomas,1,0.22674146224201117
501226,1,15,6,AC Thomas,1,0.23624249584334184
501226,1,15,7,AC Thomas,1,0.27281501607547554
501226,1,16,1,R Sharma,0,0.2089793206870412
501226,1,16,2,R Sharma,0,0.31080482450887864
501226,1,16,3,R Sharma,1,0.3481754413512444
501226,1,16,4,R Sharma,1,0.399343516221008
501226,1,16,5,R Sharma,1,0.5850629990692734
501226,1,17,1,JE Taylor,1,0.22184824246655258
501226,1,17,2,JE Taylor,1,0.16092464026208883
501226,1,17,3,JE Taylor,0,0.148909432987466
501226,1,17,4,JE Taylor,1,0.14782578583101225
501226,1,17,5,JE Taylor,0,0.17889798366953585
501226,1,17,6,JE Taylor,0,0.18972352204285406
501226,1,17,7,JE Taylor,0,0.20369163986096142
501226,1,18,1,AC Thomas,1,0.21494829666204388
501226,1,18,2,AC Thomas,0,0.20886227956900932
501226,1,18,3,AC Thomas,0,0.26087824952995486
501226,1,18,4,AC Thomas,0,0.3553282056358148
501226,1,18,5,AC Thomas,0,0.5079151747382937
501226,1,19,1,JE Taylor,0,0.18304451017319845
501226,1,19,2,JE Taylor,1,0.28621794398156
501226,1,19,3,JE Taylor,1,0.3075800083492028
501226,1,19,4,JE Taylor,1,0.34819602307032405
501226,1,19,5,JE Taylor,1,0.5054060836027975
501226,2,15,1,SB Jakati,1,0.23153399329559454
501226,2,15,2,SB Jakati,1,0.1804232137162559
501226,2,15,3,SB Jakati,1,0.24047101079577454
501226,2,15,4,SB Jakati,1,0.26251943309591097
501226,2,15,5,SB Jakati,1,0.2627546758139353
501226,2,16,1,R Ashwin,1,0.2574696423295194
501226,2,16,2,R Ashwin,1,0.29353941201015876
501226,2,16,3,R Ashwin,0,0.33859873215752606
501226,2,16,4,R Ashwin,0,0.34320169544037016
501226,2,16,5,R Ashwin,0,0.29459066594625166
501226,2,17,1,DE Bollinger,1,0.23596258953405722
501226,2,17,2,DE Bollinger,1,0.24126341884170577
501226,2,17,3,DE Bollinger,1,0.22269814663126491
501226,2,17,4,DE Bollinger,1,0.23908436779055867
501226,2,17,5,DE Bollinger,1,0.2808235636343384
501226,2,17,6,DE Bollinger,1,0.2986113573747907
501226,2,18,1,JA Morkel,1,0.45843977894767557
501226,2,18,2,JA Morkel,1,0.46082317464321304
501226,2,18,3,JA Morkel,0,0.5342062552464479
501226,2,18,4,JA Morkel,0,0.5911183691828664
501226,2,18,5,JA Morkel,0,0.7166867540899547
501226,2,18,6,JA Morkel,0,0.7169262726388301
501226,2,19,1,DE Bollinger,1,0.27488007151989013
501226,2,19,2,DE Bollinger,1,0.24812305624103415
501226,2,19,3,DE Bollinger,1,0.24472757469505
501226,2,19,4,DE Bollinger,1,0.25950133563261474
501226,2,19,5,DE Bollinger,1,0.22296418500403503
501227,1,15,1,DL Vettori,0,0.46264314217015756
501227,1,15,2,DL Vettori,0,0.4554538014769775
501227,1,15,3,DL Vettori,0,0.47898132586067543
501227,1,15,4,DL Vettori,0,0.44288728398686245
501227,1,15,5,DL Vettori,1,0.6388777219707091
501227,1,16,1,Z Khan,0,0.38990841139601756
501227,1,16,2,Z Khan,0,0.39467033653690525
501227,1,16,3,Z Khan,0,0.3988036399560327
501227,1,16,4,Z Khan,0,0.4401523119286058
501227,1,16,5,Z Khan,0,0.4414025475514382
501227,1,16,6,Z Khan,0,0.446287451163555
501227,1,17,1,CH Gayle,1,0.8457025034259054
501227,1,17,2,CH Gayle,1,0.7930876100536431
501227,1,17,3,CH Gayle,1,0.6941758833362579
501227,1,17,4,CH Gayle,1,0.5518895669858688
501227,1,17,5,CH Gayle,1,0.5388129925265555
501227,1,18,1,A Mithun,0,0.42625318813936364
501227,1,18,2,A Mithun,0,0.33630981732717513
501227,1,18,3,A Mithun,0,0.33882442491825776
501227,1,18,4,A Mithun,0,0.42683289805341207
501227,1,18,5,A Mithun,1,0.4153757380113662
501227,1,18,6,A Mithun,1,0.48444126720911845
501227,1,18,7,A Mithun,1,0.48232015472142675
501227,1,18,8,A Mithun,1,0.6363371236206545
501227,1,19,1,S Aravind,0,0.32638104546758767
501227,1,19,2,S Aravind,0,0.34003264062287
501227,1,19,3,S Aravind,1,0.3655060154177313
501227,1,19,4,S Aravind,1,0.4310858294208444
501227,1,19,5,S Aravind,1,0.4382854321664786
501227,1,19,6,S Aravind,1,0.6076881326812409
501227,2,15,1,IK Pathan,1,0.3501512487686209
501227,2,15,2,IK Pathan,1,0.5494181125153744
501227,2,15,3,IK Pathan,1,0.5242173457354997
501227,2,15,4,IK Pathan,1,0.35308386443916895
501227,2,15,5,IK Pathan,1,0.3459236567686031
501227,2,16,1,M Morkel,1,0.39427561175860504
501227,2,16,2,M Morkel,1,0.38159901953377223
501227,2,16,3,M Morkel,1,0.4151632896759918
501227,2,16,4,M Morkel,1,0.40565589520278617
501227,2,16,5,M Morkel,1,0.4413007473954067
501227,2,16,6,M Morkel,1,0.5248872313238632
501227,2,16,7,M Morkel,1,0.6715209536794073
501227,2,17,1,UT Yadav,0,0.4465310468349163
501227,2,17,2,UT Yadav,0,0.4260211400322572
501227,2,17,3,UT Yadav,0,0.4643480880133612
501227,2,17,4,UT Yadav,0,0.5287156324948422
501227,2,17,5,UT Yadav,0,0.6859705249965106
501227,2,18,1,JR Hopes,0,0.39042475824152095
501227,2,18,2,JR Hopes,0,0.397435635445831
501227,2,18,3,JR Hopes,0,0.4257753002772151
501227,2,18,4,JR Hopes,1,0.5368212406473504
501227,2,18,5,JR Hopes,1,0.5904500429972124
501227,2,18,6,JR Hopes,1,0.7151267631624832
501227,2,19,1,AB Dinda,1,0.4560205371257294
501227,2,19,2,AB Dinda,1,0.4680898880381853
501228,1,15,1,R Ashwin,0,0.2511775579267862
501228,1,15,2,R Ashwin,1,0.35549772630920373
501228,1,15,3,R Ashwin,1,0.42866253204528776
501228,1,15,4,R Ashwin,0,0.5380887720075261
501228,1,15,5,R Ashwin,1,0.6891614047286477
501228,1,16,1,DE Bollinger,1,0.14550682199272102
501228,1,16,2,DE Bollinger,1,0.1684958854581942
501228,1,16,3,DE Bollinger,1,0.1937125752751368
501228,1,16,4,DE Bollinger,1,0.20489299589653825
501228,1,16,5,DE Bollinger,1,0.2019691648855829
501228,1,16,6,DE Bollinger,1,0.2062297294078096
501228,1,16,7,DE Bollinger,1,0.19837465326620024
501228,1,17,1,TG Southee,0,0.1535606350573844
501228,1,17,2,TG Southee,0,0.13926862818306188
501228,1,17,3,TG Southee,0,0.16395411817794275
501228,1,17,4,TG Southee,0,0.19928622316441963
501228,1,17,5,TG Southee,0,0.21712024200262942
501228,1,17,6,TG Southee,0,0.21031499031081058
501228,1,17,7,TG Southee,0,0.20639959177811798
501228,1,17,8,TG Southee,0,0.20272202453728255
501228,1,18,1,DE Bollinger,1,0.17469188514437187
501228,1,18,2,DE Bollinger,1,0.18924498404310705
501228,1,18,3,DE Bollinger,1,0.2380626167347039
501228,1,18,4,DE Bollinger,0,0.2637052631483973
501228,1,18,5,DE Bollinger,0,0.29060161273165575
501228,1,19,1,TG Southee,0,0.2120939430441433
501228,1,19,2,TG Southee,0,0.30354921077352787
501228,1,19,3,TG Southee,0,0.3757106312571439
501228,1,19,4,TG Southee,1,0.5548880130355232
501228,1,19,5,TG Southee,1,0.699690683179199
501228,2,15,1,R Sharma,1,0.27858203261941444
501228,2,15,2,R Sharma,1,0.3629673451065218
501228,2,15,3,R Sharma,1,0.4054391594766667
501228,2,15,4,R Sharma,1,0.47380919072453404
501228,2,15,5,R Sharma,1,0.5946399873601412
501228,2,16,1,AC Thomas,0,0.09936172488782784
501228,2,16,2,AC Thomas,0,0.10039897509684877
501228,2,16,3,AC Thomas,0,0.14147233562300518
501228,2,16,4,AC Thomas,0,0.23302388180439088
501228,2,16,5,AC Thomas,0,0.24505045552065588
501228,2,16,6,AC Thomas,0,0.2521208987574694
501228,2,16,7,AC Thomas,0,0.24851596605914406
501228,2,17,1,JE Taylor,0,0.14186449405675733
501228,2,17,2,JE Taylor,0,0.2407326518187477
501228,2,17,3,JE Taylor,0,0.3379767290792228
501228,2,17,4,JE Taylor,0,0.28641371052041126
501228,2,17,5,JE Taylor,0,0.26084980765918997
501228,2,18,1,M Kartik,1,0.22416580411831957
501228,2,18,2,M Kartik,1,0.20620103045547092
501228,2,18,3,M Kartik,1,0.2754268548036022
501228,2,18,4,M Kartik,1,0.3527702683808425
501228,2,18,5,M Kartik,1,0.4882302309586485
501228,2,19,1,AC Thomas,0,0.23870928871893493
501228,2,19,2,AC Thomas,0,0.23162596280755657
501231,1,15,1,J Botha,1,0.0973112354875497
501231,1,15,2,J Botha,1,0.08270951607773434
501231,1,15,3,J Botha,0,0.06317394433090431
501231,1,15,4,J Botha,1,0.06841420125743562
501231,1,15,5,J Botha,1,0.05077667763709341
501231,1,15,6,J Botha,1,0.0735087181508069
501231,1,16,1,SK Trivedi,0,0.029325981346418124
501231,1,16,2,SK Trivedi,0,0.15193395024914788
501231,1,16,3,SK Trivedi,0,0.14508337487288434
501231,1,16,4,SK Trivedi,0,0.15056495629184471
501231,1,16,5,SK Trivedi,0,0.17230511672805385
501231,1,17,1,J Botha,1,0.08818840127882098
501231,1,17,2,J Botha,1,0.11709757762073165
501231,1,17,3,J Botha,1,0.16129439324605468
501231,1,17,4,J Botha,1,0.14480690074449
501231,1,17,5,J Botha,0,0.0903169571108256
501231,1,18,1,A Singh,1,0.26053855738341347
501231,1,18,2,A Singh,1,0.3405976297437671
501231,1,18,3,A Singh,1,0.41943251483029326
501231,1,18,4,A Singh,1,0.4661263387068388
501231,1,18,5,A Singh,1,0.4958202471364613
501231,1,19,1,SR Watson,0,0.1123732338852427
501231,1,19,2,SR Watson,0,0.14520472327133802
501231,1,19,3,SR Watson,0,0.17120615875680414
501231,1,19,4,SR Watson,0,0.201899469935078
501231,1,19,5,SR Watson,0,0.18552945303057855
501231,2,15,1,KA Pollard,1,0.18717211589795305
501231,2,15,2,KA Pollard,1,0.18697691150618165
501231,2,15,3,KA Pollard,1,0.15419517595370652
501231,2,15,4,KA Pollard,1,0.17122660091884784
501231,2,15,5,KA Pollard,1,0.15546265907553575
501231,2,15,6,KA Pollard,1,0.16738839044649254
501231,2,16,1,SL Malinga,0,0.24387601762769243
501231,2,16,2,SL Malinga,0,0.2804698901060062
501231,2,16,3,SL Malinga,0,0.30155151235247674
501231,2,16,4,SL Malinga,1,0.4092308807936287
501231,2,16,5,SL Malinga,0,0.41543658094936764
501231,2,17,1,MM Patel,0,0.13899830944145736
501231,2,17,2,MM Patel,0,0.16225464975294987
501231,2,17,3,MM Patel,1,0.2339642639660569
501231,2,17,4,MM Patel,1,0.27573461869857513
501231,2,17,5,MM Patel,1,0.2922816251338078
501232,1,15,1,JD Ryder,0,0.3749446752525073
501232,1,15,2,JD Ryder,0,0.3659334169096781
501232,1,15,3,JD Ryder,0,0.3511503967006071
501232,1,15,4,JD Ryder,0,0.43263030588063484
501232,1,15,5,JD Ryder,1,0.3490537193238929
501232,1,16,1,AC Thomas,0,0.056602137315098354
501232,1,16,2,AC Thomas,0,0.06479162991129488
501232,1,16,3,AC Thomas,0,0.06618362615589259
501232,1,16,4,AC Thomas,0,0.1433345677159301
501232,1,16,5,AC Thomas,0,0.1446553647432743
501232,1,16,6,AC Thomas,0,0.15943392260846775
501232,1,17,1,JE Taylor,0,0.2473604294667335
501232,1,17,2,JE Taylor,0,0.22542551038026098
501232,1,17,3,JE Taylor,1,0.24022688721418584
501232,1,17,4,JE Taylor,1,0.2305457140514844
501232,1,17,5,JE Taylor,1,0.32072103432438887
501232,1,17,6,JE Taylor,1,0.33338190451818966
501232,1,17,7,JE Taylor,1,0.45626195822560645
501232,1,18,1,AC Thomas,0,0.1920939618772895
501232,1,18,2,AC Thomas,0,0.28162642400729704
501232,1,18,3,AC Thomas,0,0.34437605600178567
501232,1,18,4,AC Thomas,0,0.31826431544026595
501232,1,18,5,AC Thomas,0,0.35464832982377076
501232,1,19,1,JE Taylor,1,0.29904993481975556
501232,1,19,2,JE Taylor,1,0.3392088698781875
501232,1,19,3,JE Taylor,1,0.28028001767982486
501232,1,19,4,JE Taylor,1,0.35735920714793523
501232,1,19,5,JE Taylor,0,0.5030961691926205
501232,2,15,1,J Syed Mohammad,0,0.5920823935301481
501232,2,15,2,J Syed Mohammad,0,0.8078237656863619
501232,2,15,3,J Syed Mohammad,1,0.8924863688507927
501232,2,15,4,J Syed Mohammad,1,0.8691443127080298
501232,2,15,5,J Syed Mohammad,1,0.8312983137561349
501232,2,16,1,Z Khan,1,0.32245529430060343
501232,2,16,2,Z Khan,1,0.3795784077680484
501232,2,16,3,Z Khan,1,0.4755108601946446
501232,2,16,4,Z Khan,1,0.5716497720136481
501232,2,16,5,Z Khan,0,0.7144580754565657
501232,2,17,1,DL Vettori,1,0.3752988373131019
501232,2,17,2,DL Vettori,1,0.4698284945840094
501232,2,17,3,DL Vettori,1,0.5199954585431604
501232,2,17,4,DL Vettori,1,0.5833104849684929
501232,2,17,5,DL Vettori,1,0.720405681166167
501232,2,18,1,CH Gayle,1,0.3223566612836248
501232,2,18,2,CH Gayle,1,0.35504887742318364
501232,2,18,3,CH Gayle,1,0.4483048221972444
501232,2,18,4,CH Gayle,1,0.2976883830653327
501232,2,18,5,CH Gayle,1,0.2650288108683117
501232,2,19,1,S Aravind,0,0.4270008548786805
501232,2,19,2,S Aravind,0,0.39845676999668844
501232,2,19,3,S Aravind,0,0.42811233717144853
501232,2,19,4,S Aravind,1,0.414961376348542
501232,2,19,5,S Aravind,1,0.5332367502329928
501232,2,19,6,S Aravind,1,0.6646718372877483
501233,1,15,1,B Akhil,0,0.30410303204915584
501233,1,15,2,B Akhil,0,0.6006916525009453
501233,1,15,3,B Akhil,0,0.559001280224105
501233,1,15,4,B Akhil,0,0.5520898011867751
501233,1,15,5,B Akhil,0,0.5904638498197257
501233,1,15,6,B Akhil,0,0.6032201536270785
501233,1,16,1,RR Powar,0,0.004232152416007719
501233,1,16,2,RR Powar,0,0.004397670556729825
501233,1,16,3,RR Powar,0,0.021220297307649738
501233,1,16,4,RR Powar,1,0.5507314989863583
501233,1,16,5,RR Powar,0,0.5096052083650696
501233,1,16,6,RR Powar,1,0.6373758820611682
501233,1,17,1,R Vinay Kumar,0,0.5368845169020722
501233,1,17,2,R Vinay Kumar,0,0.5726783115758793
501233,1,17,3,R Vinay Kumar,0,0.5779482545929916
501233,1,17,4,R Vinay Kumar,0,0.6246411097613433
501233,1,17,5,R Vinay Kumar,0,0.7283685413124015
501233,1,18,1,RR Powar,0,0.4440968836664712
501233,1,18,2,RR Powar,1,0.6993944748696886
501233,1,18,3,RR Powar,1,0.6427513669005526
501233,1,18,4,RR Powar,1,0.5100324246116041
501233,1,18,5,RR Powar,1,0.5054590641190165
501233,1,19,1,RP Singh,0,0.4687208354526047
501233,1,19,2,RP Singh,0,0.43459035740060165
501233,1,19,3,RP Singh,0,0.4538223672014608
501233,1,19,4,RP Singh,1,0.5534723442267883
501233,1,19,5,RP Singh,1,0.6685791412662928
501233,2,15,1,M Morkel,0,0.44696038117340886
501233,2,15,2,M Morkel,0,0.41595296335685233
501233,2,15,3,M Morkel,0,0.47193944636131396
501233,2,15,4,M Morkel,1,0.5463510773838388
501233,2,15,5,M Morkel,1,0.5280875046320075
501233,2,16,1,RE van der Merwe,0,0.1487823285246609
501233,2,16,2,RE van der Merwe,0,0.15547776542270234
501233,2,16,3,RE van der Merwe,1,0.40258569697547747
501233,2,16,4,RE van der Merwe,1,0.3948123013770898
501233,2,16,5,RE van der Merwe,1,0.38954191822330075
501233,2,16,6,RE van der Merwe,1,0.3798996193371557
501233,2,17,1,AB Agarkar,0,0.2221254076752824
501233,2,17,2,AB Agarkar,0,0.3043700550571465
501233,2,17,3,AB Agarkar,0,0.3787076966894066
501233,2,17,4,AB Agarkar,1,0.5247975220612942
501233,2,17,5,AB Agarkar,1,0.6896749185245155
501233,2,18,1,RE van der Merwe,1,0.4282387171305659
501233,2,18,2,RE van der Merwe,1,0.35434844725356807
501233,2,18,3,RE van der Merwe,1,0.36814517433218114
501233,2,18,4,RE van der Merwe,1,0.3721796539782395
501242,1,15,1,YK Pathan,1,0.3896789713952846
501242,1,15,2,YK Pathan,1,0.34537986666528636
501242,1,15,3,YK Pathan,1,0.38295127374892357
501242,1,15,4,YK Pathan,0,0.378313678472134
501242,1,15,5,YK Pathan,0,0.40899273167242745
501242,1,16,1,R Bhatia,1,0.3840236580504511
501242,1,16,2,R Bhatia,0,0.38337395868538027
501242,1,16,3,R Bhatia,0,0.37547452484508725
501242,1,16,4,R Bhatia,1,0.37919055911935495
501242,1,16,5,R Bhatia,1,0.42134875622245505
501242,1,17,1,B Lee,0,0.2849475661714026
501242,1,17,2,B Lee,0,0.35897809413467924
501242,1,17,3,B Lee,0,0.34172404633828385
501242,1,17,4,B Lee,0,0.3496358583240026
501242,1,17,5,B Lee,0,0.3532972717180852
501242,1,17,6,B Lee,0,0.35256350914929285
501242,1,17,7,B Lee,0,0.3613337534581155
501242,1,18,1,JH Kallis,0,0.29377060111193515
501242,1,18,2,JH Kallis,1,0.4165547569032969
501242,1,18,3,JH Kallis,1,0.3929530950741936
501242,1,18,4,JH Kallis,1,0.40409608484567106
501242,1,18,5,JH Kallis,1,0.3941743252394439
501242,1,18,6,JH Kallis,1,0.38951114228619543
501242,1,19,1,B Lee,0,0.42114245396412486
501242,1,19,2,B Lee,0,0.512155521507573
501242,1,19,3,B Lee,0,0.6165225902678622
501242,1,19,4,B Lee,0,0.637411079759633
501242,1,19,5,B Lee,1,0.6887931390833363
501242,2,15,1,P Parameswaran,0,0.1585559479979992
501242,2,15,2,P Parameswaran,0,0.14706523678155936
501242,2,15,3,P Parameswaran,0,0.14518978921335018
501242,2,15,4,P Parameswaran,0,0.16568293674795564
501242,2,15,5,P Parameswaran,0,0.16476019800358666
501242,2,15,6,P Parameswaran,0,0.16049949845907202
501242,2,16,1,S Sreesanth,0,0.16925869548276629
501242,2,16,2,S Sreesanth,0,0.3579476932182343
501242,2,16,3,S Sreesanth,1,0.4475727500806597
501242,2,16,4,S Sreesanth,1,0.47771060492416273
501242,2,16,5,S Sreesanth,1,0.48061268312437916
501242,2,17,1,P Parameswaran,0,0.1845673555329508
501242,2,17,2,P Parameswaran,0,0.2566648364352859
501242,2,17,3,P Parameswaran,0,0.26651985451560617
501242,2,17,4,P Parameswaran,0,0.28390009433755786
501242,2,17,5,P Parameswaran,0,0.2790136726395638
501242,2,18,1,R Vinay Kumar,0,0.48224004627712863
501242,2,18,2,R Vinay Kumar,1,0.4636881898223366
501242,2,18,3,R Vinay Kumar,1,0.5047839069598898
501242,2,18,4,R Vinay Kumar,1,0.5696809345216436
501242,2,18,5,R Vinay Kumar,1,0.7196699818369401
501242,2,19,1,RP Singh,1,0.7365750413476978
501242,2,19,2,RP Singh,1,0.7208828160221005
501242,2,19,3,RP Singh,1,0.7194600882471318
501242,2,19,4,RP Singh,1,0.6297323654596806
501242,2,19,5,RP Singh,1,0.7327172596298068
501245,1,15,1,Iqbal Abdulla,1,0.1066545705806408
501245,1,15,2,Iqbal Abdulla,1,0.16935881672820163
501245,1,15,3,Iqbal Abdulla,0,0.1681978650645719
501245,1,15,4,Iqbal Abdulla,0,0.1898575843693074
501245,1,15,5,Iqbal Abdulla,0,0.18792669062138007
501245,1,16,1,L Balaji,0,0.18957742837346292
501245,1,16,2,L Balaji,0,0.2896348334374548
501245,1,16,3,L Balaji,0,0.2701167945222785
501245,1,16,4,L Balaji,0,0.2578175221938468
501245,1,16,5,L Balaji,0,0.3125272018034625
501245,1,16,6,L Balaji,0,0.2829905872487447
501245,1,16,7,L Balaji,1,0.3265708091794225
501245,1,17,1,B Lee,0,0.015691335210365295
501245,1,17,2,B Lee,0,0.018201594763510215
501245,1,17,3,B Lee,0,0.03218055987682453
501245,1,17,4,B Lee,0,0.03717153287915612
501245,1,17,5,B Lee,0,0.06508586209185956
501245,1,18,1,JH Kallis,0,0.14284305437481162
501245,1,18,2,JH Kallis,0,0.044813437335097656
501245,1,18,3,JH Kallis,0,0.14751302619545537
501245,1,18,4,JH Kallis,1,0.2840420501495126
501245,1,18,5,JH Kallis,1,0.2954233861848442
501245,1,19,1,L Balaji,1,0.3202147607144596
501245,1,19,2,L Balaji,1,0.31796004503284636
501245,1,19,3,L Balaji,1,0.40280633939517596
501245,1,19,4,L Balaji,1,0.48126432451215884
501245,1,19,5,L Balaji,1,0.6002367824253887
501257,1,15,1,VR Aaron,0,0.25569362742480406
501257,1,15,2,VR Aaron,1,0.24825912942248282
501257,1,15,3,VR Aaron,0,0.2164910957103931
501257,1,15,4,VR Aaron,0,0.3081541249911558
501257,1,15,5,VR Aaron,0,0.42067482392800915
501257,1,15,6,VR Aaron,0,0.4866070700933549
501257,1,15,7,VR Aaron,1,0.6616008324265449
501257,1,16,1,AM Salvi,1,0.3542457375419636
501257,1,16,2,AM Salvi,1,0.32420946254357413
501257,1,16,3,AM Salvi,1,0.3344020666641271
501257,1,16,4,AM Salvi,0,0.3129699101370712
501257,1,16,5,AM Salvi,0,0.345506947224936
501257,1,16,6,AM Salvi,0,0.3362555123779304
501257,1,17,1,M Morkel,0,0.24423388656590883
501257,1,17,2,M Morkel,0,0.23146822735923384
501257,1,17,3,M Morkel,0,0.2391252076617804
501257,1,17,4,M Morkel,0,0.2795881053752329
501257,1,17,5,M Morkel,1,0.34736105787910176
501257,1,18,1,IK Pathan,0,0.24863725631621741
501257,1,18,2,IK Pathan,0,0.296272043776727
501257,1,18,3,IK Pathan,1,0.3601647633794907
501257,1,18,4,IK Pathan,1,0.48105224833001897
501257,1,18,5,IK Pathan,1,0.6471885971091259
501257,1,19,1,AM Salvi,1,0.29091878055040926
501257,1,19,2,AM Salvi,1,0.28656331527858697
501257,1,19,3,AM Salvi,1,0.31593821221118296
501257,1,19,4,AM Salvi,1,0.39354352414168947
501257,1,19,5,AM Salvi,1,0.49528432861249155
501257,2,15,1,PP Chawla,0,0.19922498994419757
501257,2,15,2,PP Chawla,0,0.28670529754842666
501257,2,15,3,PP Chawla,0,0.25655544356523874
501257,2,15,4,PP Chawla,1,0.25905029692151765
501257,2,15,5,PP Chawla,1,0.2594727449336844
501257,2,16,1,RJ Harris,0,0.03547164834200051
501257,2,16,2,RJ Harris,1,0.08135079627149384
501257,2,16,3,RJ Harris,1,0.14310360273981276
501257,2,16,4,RJ Harris,1,0.14185818895649324
501257,2,16,5,RJ Harris,1,0.10935234799919508
501257,2,16,6,RJ Harris,1,0.10554279547353272
501257,2,17,1,P Kumar,0,0.14792120639190307
501257,2,17,2,P Kumar,0,0.11728000377953761
501257,2,17,3,P Kumar,0,0.4433232770894884
501257,2,17,4,P Kumar,0,0.4785232579472124
501257,2,17,5,P Kumar,0,0.6405986610367137
501257,2,17,6,P Kumar,0,0.6319403040605246
501257,2,18,1,RJ Harris,1,0.19155163767371577
501257,2,18,2,RJ Harris,1,0.2120783331953125
501257,2,18,3,RJ Harris,1,0.18509005794502323
501257,2,18,4,RJ Harris,1,0.21716830377443697
501257,2,18,5,RJ Harris,1,0.2394445919063126
501257,2,19,1,SJ Srivastava,0,0.36046663132807055
501257,2,19,2,SJ Srivastava,1,0.3536545584465681
501257,2,19,3,SJ Srivastava,1,0.3640884242881651
501257,2,19,4,SJ Srivastava,1,0.4460457609093988
501257,2,19,5,SJ Srivastava,1,0.5598000516340768
501259,1,15,1,A Mishra,0,0.08452313269849483
501259,1,15,2,A Mishra,0,0.07540327556649948
501259,1,15,3,A Mishra,0,0.07456262319292568
501259,1,15,4,A Mishra,0,0.08441527484073048
501259,1,15,5,A Mishra,0,0.08590551981483861
501259,1,15,6,A Mishra,0,0.08626192376784131
501259,1,15,7,A Mishra,0,0.10014211050995789
501259,1,16,1,PP Ojha,0,0.2753807972744278
501259,1,16,2,PP Ojha,0,0.27215325203191404
501259,1,16,3,PP Ojha,0,0.23630520950457243
501259,1,16,4,PP Ojha,0,0.22642577838911782
501259,1,16,5,PP Ojha,0,0.25168093853432194
501259,1,16,6,PP Ojha,0,0.16657523939823665
501259,1,17,1,A Mishra,0,0.11965853079202782
501259,1,17,2,A Mishra,0,0.14613723448360835
501259,1,17,3,A Mishra,0,0.16272941518016423
501259,1,17,4,A Mishra,0,0.17572798019277677
501259,1,17,5,A Mishra,1,0.5813870267725928
501259,1,18,1,DW Steyn,0,0.13610463197614556
501259,1,18,2,DW Steyn,0,0.14090168287236357
501259,1,18,3,DW Steyn,0,0.17187611511529882
501259,1,18,4,DW Steyn,0,0.2141141927074894
501259,1,18,5,DW Steyn,0,0.20773824616264092
501259,1,19,1,PP Ojha,0,0.38781282001539447
501259,1,19,2,PP Ojha,0,0.3728206247798521
501259,1,19,3,PP Ojha,0,0.34097704809980445
501259,1,19,4,PP Ojha,0,0.5790364417544952
501259,1,19,5,PP Ojha,0,0.6583074417083837
501259,2,15,1,R Sharma,1,0.5218444055665731
501259,2,15,2,R Sharma,1,0.5281924291546353
501259,2,15,3,R Sharma,1,0.5618911866593712
501259,2,15,4,R Sharma,0,0.6242750959291298
501259,2,15,5,R Sharma,1,0.7476330721515976
501259,2,15,6,R Sharma,1,0.7552056305306935
501259,2,16,1,Yuvraj Singh,0,0.3763976807223819
501259,2,16,2,Yuvraj Singh,0,0.4018910979118172
501259,2,16,3,Yuvraj Singh,0,0.3803663624195449
501259,2,16,4,Yuvraj Singh,1,0.49130865530006146
501259,2,16,5,Yuvraj Singh,1,0.47184215567057236
501259,2,16,6,Yuvraj Singh,0,0.5117569891180828
501259,2,17,1,WD Parnell,1,0.36996549077981566
501259,2,17,2,WD Parnell,0,0.3494062890645646
501259,2,17,3,WD Parnell,0,0.3374095309323932
501259,2,17,4,WD Parnell,0,0.42316650173897497
501259,2,17,5,WD Parnell,0,0.42342412964487647
501259,2,17,6,WD Parnell,0,0.4186892926573315
501259,2,18,1,Yuvraj Singh,0,0.49183937881822476
501259,2,18,2,Yuvraj Singh,0,0.4562925081065513
501259,2,18,3,Yuvraj Singh,0,0.42954067370993115
501259,2,18,4,Yuvraj Singh,0,0.5322809473071445
501259,2,18,5,Yuvraj Singh,1,0.6555234277739479
501259,2,19,1,WD Parnell,0,0.42963343507267987
501269,1,15,1,SL Malinga,0,0.07428943057154654
501269,1,15,2,SL Malinga,0,0.08416291729296825
501269,1,15,3,SL Malinga,0,0.08609196332115569
501269,1,15,4,SL Malinga,1,0.13694057002172683
501269,1,15,5,SL Malinga,1,0.16059056387381546
501269,1,15,6,SL Malinga,1,0.1641069337678654
501269,1,15,7,SL Malinga,1,0.14309010743721834
501269,1,16,1,MM Patel,0,0.4191010416776029
501269,1,16,2,MM Patel,0,0.4857158510417163
501269,1,16,3,MM Patel,1,0.5783738380206487
501269,1,16,4,MM Patel,1,0.6618348853540693
501269,1,16,5,MM Patel,1,0.7630400835901519
501269,1,17,1,SL Malinga,0,0.25441298677447094
501269,1,17,2,SL Malinga,0,0.3232212221064442
501269,1,17,3,SL Malinga,0,0.43060671888866786
501269,1,17,4,SL Malinga,0,0.44094115597644284
501269,1,17,5,SL Malinga,0,0.4168317644960107
501269,1,18,1,DS Kulkarni,1,0.41723707877638855
501269,1,18,2,DS Kulkarni,1,0.5637118441696874
501269,1,18,3,DS Kulkarni,1,0.48353704019214466
501269,1,18,4,DS Kulkarni,1,0.500287664544239
501269,1,18,5,DS Kulkarni,1,0.5834094421389924
501269,1,18,6,DS Kulkarni,1,0.6886754326885156
501269,1,19,1,KA Pollard,0,0.5070886303700393
501269,1,19,2,KA Pollard,1,0.5802024062391561
501269,1,19,3,KA Pollard,1,0.5444507590080235
501269,1,19,4,KA Pollard,1,0.5674088774321456
501269,1,19,5,KA Pollard,1,0.5663712245561168
501269,2,15,1,Shakib Al Hasan,1,0.510562149433583
501269,2,15,2,Shakib Al Hasan,1,0.34319478524684605
501269,2,15,3,Shakib Al Hasan,1,0.3258398758516456
501269,2,15,4,Shakib Al Hasan,1,0.23895984633374734
501269,2,15,5,Shakib Al Hasan,1,0.24848898927687932
501269,2,15,6,Shakib Al Hasan,0,0.18190957478990288
501269,2,16,1,Iqbal Abdulla,1,0.23168771946386205
501269,2,16,2,Iqbal Abdulla,0,0.20917966002160274
501269,2,16,3,Iqbal Abdulla,0,0.20073481359046771
501269,2,16,4,Iqbal Abdulla,1,0.29957654359648567
501269,2,16,5,Iqbal Abdulla,1,0.27695879245628385
501269,2,17,1,Shakib Al Hasan,0,0.1526530850287678
501269,2,17,2,Shakib Al Hasan,0,0.16914803834351685
501269,2,17,3,Shakib Al Hasan,0,0.16888477175386646
501269,2,17,4,Shakib Al Hasan,0,0.19444225154379338
501269,2,17,5,Shakib Al Hasan,0,0.1921472075569326
501269,2,17,6,Shakib Al Hasan,0,0.22491296348859377
501269,2,18,1,B Lee,1,0.3959957830828522
501269,2,18,2,B Lee,1,0.40881783749019623
501269,2,18,3,B Lee,1,0.41383277153946035
501269,2,18,4,B Lee,1,0.489701509291525
501269,2,18,5,B Lee,1,0.6280869425830897
501269,2,19,1,Shakib Al Hasan,0,0.21361070666932253
548309,1,15,1,Harmeet Singh,0,0.23423064887960154
548309,1,15,2,Harmeet Singh,0,0.25764657606757785
548309,1,15,3,Harmeet Singh,0,0.257506108172533
548309,1,15,4,Harmeet Singh,0,0.2619419982336351
548309,1,15,5,Harmeet Singh,1,0.34724865363409557
548309,1,16,1,PP Chawla,0,0.3641364676118892
548309,1,16,2,PP Chawla,0,0.4410044562184753
548309,1,16,3,PP Chawla,0,0.5186135117793448
548309,1,16,4,PP Chawla,0,0.6519507206875991
548309,1,16,5,PP Chawla,1,0.8118451427048877
548309,1,17,1,JP Faulkner,1,0.6734619774010383
548309,1,17,2,JP Faulkner,1,0.5523367109226502
548309,1,17,3,JP Faulkner,1,0.5383362539463781
548309,1,17,4,JP Faulkner,0,0.5042515029498902
548309,1,17,5,JP Faulkner,0,0.48255052784832114
548309,1,17,6,JP Faulkner,0,0.4929226628955991
548309,1,18,1,P Kumar,0,0.5518809694218824
548309,1,18,2,P Kumar,1,0.6743664282179601
548309,1,18,3,P Kumar,1,0.6423761273173433
548309,1,18,4,P Kumar,0,0.5778293167689036
548309,1,18,5,P Kumar,0,0.6252144416818565
548309,1,18,6,P Kumar,0,0.7608673951644217
548309,1,19,1,JP Faulkner,0,0.40513122496200893
548309,1,19,2,JP Faulkner,0,0.3745661083881686
548309,1,19,3,JP Faulkner,0,0.3761560468792566
548309,1,19,4,JP Faulkner,0,0.47628750617084825
548309,1,19,5,JP Faulkner,1,0.6296965385692312
548309,2,15,1,AA Chavan,1,0.3747211843174052
548309,2,15,2,AA Chavan,0,0.35568933748413933
548309,2,15,3,AA Chavan,0,0.3791493849509796
548309,2,15,4,AA Chavan,0,0.43866916417485
548309,2,15,5,AA Chavan,1,0.47046603932762954
548309,2,16,1,J Botha,1,0.5560482450806219
548309,2,16,2,J Botha,1,0.576810987522622
548309,2,16,3,J Botha,1,0.5057372625982302
548309,2,16,4,J Botha,1,0.614605297677279
548309,2,16,5,J Botha,1,0.7297249335567307
548309,2,17,1,A Singh,0,0.13128039561419894
548309,2,17,2,A Singh,0,0.13468404564076672
548309,2,17,3,A Singh,0,0.13634613598183715
548309,2,17,4,A Singh,0,0.17008979954984998
548309,2,17,5,A Singh,0,0.16778425161044147
548309,2,17,6,A Singh,0,0.29661926428840013
548309,2,18,1,KK Cooper,0,0.3478639290812358
548309,2,18,2,KK Cooper,0,0.40099512211997945
548309,2,18,3,KK Cooper,0,0.4423984360441611
548309,2,18,4,KK Cooper,0,0.6288485415678053
548309,2,18,5,KK Cooper,0,0.7387907692173423
548309,2,19,1,A Singh,0,0.22426992118331304
548309,2,19,2,A Singh,0,0.2627207683910464
548309,2,19,3,A Singh,0,0.30036966912995605
548309,2,19,4,A Singh,0,0.34732747540465597
548309,2,19,5,A Singh,0,0.4913598213840609
548315,1,15,1,HV Patel,1,0.5451216384569726
548315,1,15,2,HV Patel,1,0.4224042087498424
548315,1,15,3,HV Patel,1,0.41440900569862454
548315,1,15,4,HV Patel,1,0.429423137672602
548315,1,15,5,HV Patel,0,0.42014164322913794
548315,1,15,6,HV Patel,0,0.4280404139260144
548315,1,16,1,Z Khan,1,0.41115641402833314
548315,1,16,2,Z Khan,1,0.42272131350653497
548315,1,16,3,Z Khan,1,0.3587599105556068
548315,1,16,4,Z Khan,1,0.5124430257598052
548315,1,16,5,Z Khan,0,0.6596904738844063
548315,1,17,1,M Muralitharan,0,0.30504189069378074
548315,1,17,2,M Muralitharan,0,0.3434612299158954
548315,1,17,3,M Muralitharan,0,0.4213890995662111
548315,1,17,4,M Muralitharan,0,0.4294827509285782
548315,1,17,5,M Muralitharan,0,0.42583939376803737
548315,1,17,6,M Muralitharan,0,0.5434730003073659
548315,1,17,7,M Muralitharan,0,0.6795743671025106
548315,1,18,1,R Vinay Kumar,1,0.2882596536936956
548315,1,18,2,R Vinay Kumar,1,0.4240022732894818
548315,1,18,3,R Vinay Kumar,1,0.45402757578178415
548315,1,18,4,R Vinay Kumar,0,0.5024423439666386
548315,1,18,5,R Vinay Kumar,0,0.5277264740328971
548315,1,19,1,HV Patel,0,0.3272610305524148
548315,1,19,2,HV Patel,0,0.2891827239113395
548315,1,19,3,HV Patel,0,0.3601516866258592
548315,1,19,4,HV Patel,0,0.44661270941751224
548315,1,19,5,HV Patel,0,0.5834311624471935
548315,2,15,1,Shakib Al Hasan,0,0.04119779195968854
548315,2,15,2,Shakib Al Hasan,1,0.9601027228267422
548315,2,15,3,Shakib Al Hasan,1,0.9639498868292733
548315,2,15,4,Shakib Al Hasan,1,0.7583558525592701
548315,2,15,5,Shakib Al Hasan,1,0.6800772757843032
548315,2,15,6,Shakib Al Hasan,1,0.5989895523111715
548315,2,15,7,Shakib Al Hasan,1,0.6334495095595299
548315,2,15,8,Shakib Al Hasan,1,0.43490523189586594
548315,2,16,1,B Lee,0,0.24581959881054855
548315,2,16,2,B Lee,0,0.3191527295466922
548315,2,16,3,B Lee,0,0.3515177346409221
548315,2,16,4,B Lee,0,0.4313859993881583
548315,2,16,5,B Lee,0,0.43308899355513747
548315,2,17,1,Shakib Al Hasan,1,0.5628838470356429
548315,2,17,2,Shakib Al Hasan,1,0.532690679035625
548315,2,17,3,Shakib Al Hasan,1,0.5408880217953612
548315,2,17,4,Shakib Al Hasan,1,0.5559766904886838
548315,2,17,5,Shakib Al Hasan,1,0.5691645698590332
548315,2,17,6,Shakib Al Hasan,1,0.5257706122643778
548315,2,17,7,Shakib Al Hasan,1,0.34128740123131623
548315,2,18,1,RN ten Doeschate,0,0.38731377074093054
548315,2,18,2,RN ten Doeschate,0,0.36582950241079587
548315,2,18,3,RN ten Doeschate,0,0.42041132508429746
548315,2,18,4,RN ten Doeschate,1,0.41766542816673863
548315,2,18,5,RN ten Doeschate,0,0.4757518804566693
548315,2,18,6,RN ten Doeschate,0,0.4563902678261114
548315,2,19,1,Shakib Al Hasan,1,0.35838084009676213
548315,2,19,2,Shakib Al Hasan,1,0.39922795786706783
548315,2,19,3,Shakib Al Hasan,1,0.4306274766106243
548315,2,19,4,Shakib Al Hasan,1,0.5024066336845301
548315,2,19,5,Shakib Al Hasan,1,0.5003816773777768
548316,1,15,1,RE van der Merwe,1,0.21882741704811368
548316,1,15,2,RE van der Merwe,1,0.23458511247517208
548316,1,15,3,RE van der Merwe,1,0.31668599803954073
548316,1,15,4,RE van der Merwe,1,0.33869995578598877
548316,1,15,5,RE van der Merwe,1,0.337413848742657
548316,1,16,1,S Nadeem,0,0.014251432140514797
548316,1,16,2,S Nadeem,0,0.014865055369748132
548316,1,16,3,S Nadeem,0,0.017190853759624203
548316,1,16,4,S Nadeem,0,0.022679979481267078
548316,1,16,5,S Nadeem,0,0.0424273036795229
548316,1,17,1,M Morkel,0,0.012281088855930804
548316,1,17,2,M Morkel,0,0.037388992712044294
548316,1,17,3,M Morkel,0,0.04603528757646893
548316,1,17,4,M Morkel,0,0.05910294838321163
548316,1,17,5,M Morkel,0,0.07373915490142757
548316,1,17,6,M Morkel,0,0.1071319273605192
548316,1,18,1,UT Yadav,1,0.3007530592394691
548316,1,18,2,UT Yadav,1,0.3213847935650993
548316,1,18,3,UT Yadav,1,0.2315600822759643
548316,1,18,4,UT Yadav,0,0.2194470416970449
548316,1,18,5,UT Yadav,1,0.22710030065803535
548316,1,19,1,M Morkel,0,0.11420930363402916
548316,1,19,2,M Morkel,1,0.23343278640251733
548316,1,19,3,M Morkel,1,0.2746804163296988
548316,1,19,4,M Morkel,1,0.26185658229177955
548316,1,19,5,M Morkel,1,0.27080933060544965
548325,1,15,1,M Morkel,1,0.36548027205871414
548325,1,15,2,M Morkel,1,0.3588907843914036
548325,1,15,3,M Morkel,1,0.2993264129876926
548325,1,15,4,M Morkel,1,0.282709069244535
548325,1,15,5,M Morkel,1,0.31465144065823125
548325,1,15,6,M Morkel,0,0.2919457135541739
548325,1,16,1,UT Yadav,0,0.023340956018187278
548325,1,16,2,UT Yadav,0,0.031134664012226053
548325,1,16,3,UT Yadav,0,0.033703235976622725
548325,1,16,4,UT Yadav,0,0.022247334829408116
548325,1,16,5,UT Yadav,0,0.024131128229078782
548325,1,16,6,UT Yadav,1,0.05460193894930109
548325,1,16,7,UT Yadav,0,0.05682049791514053
548325,1,17,1,M Morkel,0,0.14530952970149077
548325,1,17,2,M Morkel,0,0.18388136225345636
548325,1,17,3,M Morkel,0,0.27715747854432743
548325,1,17,4,M Morkel,1,0.33342033255896664
548325,1,17,5,M Morkel,1,0.4779919747041406
548325,1,17,6,M Morkel,1,0.3550419103261412
548325,1,18,1,UT Yadav,1,0.13219361292055418
548325,1,18,2,UT Yadav,0,0.08022634343125512
548325,1,18,3,UT Yadav,0,0.1292217366947455
548325,1,18,4,UT Yadav,0,0.18838306753570713
548325,1,18,5,UT Yadav,1,0.2828378724947506
548325,1,19,1,AB Agarkar,1,0.3915260699353382
548332,1,15,1,DE Bollinger,0,0.29353944042781327
548332,1,15,2,DE Bollinger,0,0.2981896841674281
548332,1,15,3,DE Bollinger,0,0.38687542530329533
548332,1,15,4,DE Bollinger,1,0.562657435511926
548332,1,15,5,DE Bollinger,1,0.5061640539029407
548332,1,15,6,DE Bollinger,0,0.5030519080535729
548332,1,16,1,DJ Bravo,0,0.6917812116173723
548332,1,16,2,DJ Bravo,1,0.7474823869405439
548332,1,16,3,DJ Bravo,1,0.7438901163164576
548332,1,16,4,DJ Bravo,1,0.7013816013946244
548332,1,16,5,DJ Bravo,1,0.701449079155606
548332,1,17,1,KMDN Kulasekara,1,0.2585100847933472
548332,1,17,2,KMDN Kulasekara,1,0.21459081484780715
548332,1,17,3,KMDN Kulasekara,1,0.24922023389680426
548332,1,17,4,KMDN Kulasekara,1,0.24831527486535088
548332,1,17,5,KMDN Kulasekara,1,0.2627224602617673
548332,1,17,6,KMDN Kulasekara,1,0.26129080205095484
548332,1,18,1,DE Bollinger,1,0.6417614332005183
548332,1,18,2,DE Bollinger,1,0.5746517570449899
548332,1,18,3,DE Bollinger,1,0.5658005392081733
548332,1,18,4,DE Bollinger,1,0.6440466044783424
548332,1,18,5,DE Bollinger,1,0.7625191407377765
548332,1,19,1,KMDN Kulasekara,1,0.3277634966811249
548332,1,19,2,KMDN Kulasekara,0,0.3568916985812224
548332,1,19,3,KMDN Kulasekara,0,0.48940169892941066
548332,1,19,4,KMDN Kulasekara,1,0.4987678081500236
548332,1,19,5,KMDN Kulasekara,1,0.4491900982844024
548332,2,15,1,A Singh,0,0.39962511001240336
548332,2,15,2,A Singh,0,0.4485551692867433
548332,2,15,3,A Singh,0,0.4442307835606513
548332,2,15,4,A Singh,0,0.4713362852863153
548332,2,15,5,A Singh,0,0.4633884740995501
548332,2,15,6,A Singh,0,0.4929128297248888
548332,2,15,7,A Singh,0,0.4633884740995501
548332,2,16,1,KK Cooper,1,0.22089349816270884
548332,2,16,2,KK Cooper,1,0.22089349816270884
548332,2,16,3,KK Cooper,0,0.2368144322443545
548332,2,16,4,KK Cooper,0,0.27511905965827166
548332,2,16,5,KK Cooper,0,0.2820067266578792
548332,2,16,6,KK Cooper,0,0.2976615845736396
548332,2,17,1,A Singh,0,0.39327656031807945
548332,2,17,2,A Singh,0,0.3736214218963471
548332,2,17,3,A Singh,0,0.40984992129806996
548332,2,17,4,A Singh,0,0.5071510319457738
548332,2,17,5,A Singh,0,0.5742992816955319
548332,2,18,1,KK Cooper,0,0.3293482770032
548332,2,18,2,KK Cooper,0,0.28351917259679166
548332,2,18,3,KK Cooper,0,0.2925727497217064
548332,2,18,4,KK Cooper,1,0.4547531887689929
548332,2,18,5,KK Cooper,0,0.3034099250523216
548332,2,19,1,STR Binny,1,0.5481030012990714
548332,2,19,2,STR Binny,1,0.45804367261085405
548332,2,19,3,STR Binny,1,0.393980941505515
548332,2,19,4,STR Binny,1,0.33580979673592526
548332,2,19,5,STR Binny,0,0.2993606556363029
548341,1,15,1,R Sharma,0,0.3437016644224221
548341,1,15,2,R Sharma,0,0.4017203138329329
548341,1,15,3,R Sharma,0,0.39936764675366127
548341,1,15,4,R Sharma,0,0.5559269786496547
548341,1,15,5,R Sharma,1,0.7327177662772967
548341,1,16,1,B Kumar,0,0.38924930998660584
548341,1,16,2,B Kumar,0,0.39681624175547164
548341,1,16,3,B Kumar,0,0.4602707638267842
548341,1,16,4,B Kumar,0,0.5440819212961886
548341,1,16,5,B Kumar,1,0.6846677333729162
548341,1,17,1,MN Samuels,1,0.4740402849171698
548341,1,17,2,MN Samuels,1,0.4884293488837256
548341,1,17,3,MN Samuels,1,0.39588762364845803
548341,1,17,4,MN Samuels,1,0.4992774200313649
548341,1,17,5,MN Samuels,1,0.4920553299836301
548341,1,17,6,MN Samuels,1,0.6186451374115451
548341,1,18,1,A Nehra,1,0.43936843821795796
548341,1,18,2,A Nehra,0,0.49232371842688594
548341,1,18,3,A Nehra,1,0.5299993079143862
548341,1,18,4,A Nehra,1,0.6220335959982826
548341,1,18,5,A Nehra,1,0.7360772784696596
548341,1,19,1,AC Thomas,0,0.3356901893265166
548341,1,19,2,AC Thomas,0,0.4288192916182917
548341,1,19,3,AC Thomas,0,0.4387785316075087
548341,1,19,4,AC Thomas,1,0.5603784915631946
548341,1,19,5,AC Thomas,1,0.6569344431459981
548341,2,15,1,A Ashish Reddy,0,0.14617018839310564
548341,2,15,2,A Ashish Reddy,0,0.14098514363078096
548341,2,15,3,A Ashish Reddy,0,0.14098514363078096
548341,2,15,4,A Ashish Reddy,0,0.27739354066006827
548341,2,15,5,A Ashish Reddy,0,0.27338251605004593
548341,2,15,6,A Ashish Reddy,0,0.27177862584027507
548341,2,16,1,J Theron,0,0.3074883620417401
548341,2,16,2,J Theron,0,0.34711110208667295
548341,2,16,3,J Theron,0,0.3941554349156223
548341,2,16,4,J Theron,0,0.37978268919040226
548341,2,16,5,J Theron,0,0.4008863439829879
548341,2,16,6,J Theron,0,0.40725508385222803
548341,2,16,7,J Theron,0,0.424844259362136
548341,2,16,8,J Theron,0,0.41792778613656767
548341,2,17,1,A Ashish Reddy,0,0.3940043038472727
548341,2,17,2,A Ashish Reddy,0,0.4761635607145487
548341,2,17,3,A Ashish Reddy,0,0.564154397146747
548341,2,17,4,A Ashish Reddy,1,0.6150357919681521
548341,2,17,5,A Ashish Reddy,1,0.7290912344535776
548341,2,18,1,J Theron,0,0.41699550554974313
548341,2,18,2,J Theron,0,0.4995460174537524
548341,2,18,3,J Theron,0,0.5871605423535996
548341,2,18,4,J Theron,0,0.5871605423535996
548341,2,18,5,J Theron,0,0.6535939778125579
548341,2,18,6,J Theron,0,0.7661427563312453
548341,2,19,1,MS Gony,0,0.38035237521902454
548341,2,19,2,MS Gony,0,0.5042457732330771
548341,2,19,3,MS Gony,1,0.5641056600804135
548341,2,19,4,MS Gony,0,0.6303279903707772
548341,2,19,5,MS Gony,1,0.7351331456104097
548344,1,15,1,DL Vettori,0,0.2923690042274557
548344,1,15,2,DL Vettori,0,0.3672585255270451
548344,1,15,3,DL Vettori,0,0.4030146258746571
548344,1,15,4,DL Vettori,1,0.4993599319188413
548344,1,15,5,DL Vettori,1,0.621945901238126
548344,1,16,1,HV Patel,0,0.36365869446699545
548344,1,16,2,HV Patel,0,0.37391856136129276
548344,1,16,3,HV Patel,0,0.37164664984777196
548344,1,16,4,HV Patel,0,0.41242895899682747
548344,1,16,5,HV Patel,1,0.5052286065125686
548344,1,17,1,R Vinay Kumar,1,0.23262685211319736
548344,1,17,2,R Vinay Kumar,0,0.2359004129657343
548344,1,17,3,R Vinay Kumar,1,0.2532659303557269
548344,1,17,4,R Vinay Kumar,1,0.2656257910917311
548344,1,17,5,R Vinay Kumar,1,0.26648217819517367
548344,1,17,6,R Vinay Kumar,1,0.26379440190484066
548344,1,17,7,R Vinay Kumar,0,0.2150056770783739
548344,1,18,1,Z Khan,0,0.627555210022217
548344,1,18,2,Z Khan,1,0.7522356599044131
548344,1,18,3,Z Khan,1,0.7384499853831583
548344,1,18,4,Z Khan,0,0.5845020506783762
548344,1,18,5,Z Khan,1,0.7290961340818831
548344,1,19,1,R Vinay Kumar,0,0.21714144082514952
548344,1,19,2,R Vinay Kumar,0,0.2289731828657605
548344,1,19,3,R Vinay Kumar,1,0.2936647695453614
548344,1,19,4,R Vinay Kumar,1,0.3914002851299501
548344,1,19,5,R Vinay Kumar,1,0.46485127460834524
548344,2,15,1,B Lee,0,0.38409357938199523
548344,2,15,2,B Lee,0,0.4027967454183656
548344,2,15,3,B Lee,0,0.46201829329572713
548344,2,15,4,B Lee,0,0.5501375480224959
548344,2,15,5,B Lee,1,0.6620582813537599
548344,2,16,1,JH Kallis,0,0.439332308035825
548344,2,16,2,JH Kallis,0,0.4503724607452746
548344,2,16,3,JH Kallis,0,0.49796496728468315
548344,2,16,4,JH Kallis,0,0.5642337872801717
548344,2,16,5,JH Kallis,1,0.6344890159715522
548344,2,17,1,SP Narine,0,0.06908101075625832
548344,2,17,2,SP Narine,0,0.12600644007747916
548344,2,17,3,SP Narine,0,0.15041563191262433
548344,2,17,4,SP Narine,0,0.18357085902839293
548344,2,17,5,SP Narine,0,0.14393718182645562
548344,2,18,1,R Bhatia,0,0.357326546833273
548344,2,18,2,R Bhatia,0,0.3587591343289098
548344,2,18,3,R Bhatia,0,0.367345087406858
548344,2,18,4,R Bhatia,0,0.43405007143067903
548344,2,18,5,R Bhatia,0,0.5221926497831296
548344,2,19,1,LR Shukla,0,0.12523086392041896
548344,2,19,2,LR Shukla,0,0.060879250991678194
548344,2,19,3,LR Shukla,1,0.6944838944677008
548344,2,19,4,LR Shukla,1,0.5137355406860352
548344,2,19,5,LR Shukla,1,0.4854878288347182
548353,1,15,1,AD Mathews,1,0.2103376952820315
548353,1,15,2,AD Mathews,1,0.29811983133917985
548353,1,15,3,AD Mathews,1,0.3552278790169078
548353,1,15,4,AD Mathews,0,0.36101858110572105
548353,1,15,5,AD Mathews,0,0.3463079827041542
548353,1,16,1,B Kumar,0,0.203761625134176
548353,1,16,2,B Kumar,0,0.20618727206671
548353,1,16,3,B Kumar,0,0.21992350423130963
548353,1,16,4,B Kumar,0,0.2444127087898511
548353,1,16,5,B Kumar,0,0.23888727452704106
548353,1,16,6,B Kumar,0,0.23888727452704106
548353,1,17,1,WD Parnell,1,0.423217255604918
548353,1,17,2,WD Parnell,1,0.3887472919381516
548353,1,17,3,WD Parnell,1,0.36967031366164027
548353,1,17,4,WD Parnell,0,0.37811397715419753
548353,1,17,5,WD Parnell,1,0.38309711598148394
548353,1,17,6,WD Parnell,1,0.38309711598148394
548353,1,17,7,WD Parnell,0,0.40032302973018924
548353,1,17,8,WD Parnell,1,0.33926322723517
548353,1,18,1,B Kumar,0,0.24272836849283336
548353,1,18,2,B Kumar,1,0.24445132246720574
548353,1,18,3,B Kumar,1,0.3081469669296908
548353,1,18,4,B Kumar,1,0.4553649606762228
548353,1,18,5,B Kumar,1,0.5943634123265831
548353,1,19,1,WD Parnell,1,0.2734637956015655
548353,1,19,2,WD Parnell,1,0.2517821307204578
548353,1,19,3,WD Parnell,1,0.28514482061323887
548353,1,19,4,WD Parnell,1,0.36438025853475176
548353,1,19,5,WD Parnell,1,0.4727922001364365
548353,2,15,1,R Bhatia,0,0.27092129206793936
548353,2,15,2,R Bhatia,0,0.42785558267515084
548353,2,15,3,R Bhatia,0,0.4568702268136083
548353,2,15,4,R Bhatia,0,0.485897390869468
548353,2,15,5,R Bhatia,0,0.485897390869468
548353,2,15,6,R Bhatia,0,0.5033037140851279
548353,2,16,1,SP Narine,0,0.040029453644728576
548353,2,16,2,SP Narine,0,0.03703492321948952
548353,2,16,3,SP Narine,0,0.09263629362894128
548353,2,16,4,SP Narine,0,0.4385294488689374
548353,2,16,5,SP Narine,0,0.22336223777047884
548353,2,16,6,SP Narine,0,0.47359609183374063
548353,2,17,1,R Bhatia,1,0.4758083384768032
548353,2,17,2,R Bhatia,1,0.5003508383164412
548353,2,17,3,R Bhatia,1,0.5588387203438591
548353,2,17,4,R Bhatia,1,0.6488987799575525
548353,2,17,5,R Bhatia,1,0.7728612902684313
548353,2,18,1,SP Narine,0,0.4823188307699999
548353,2,18,2,SP Narine,0,0.5556856147075603
548353,2,18,3,SP Narine,0,0.6467456399611831
548353,2,18,4,SP Narine,0,0.617390351951387
548353,2,18,5,SP Narine,1,0.5905550626678956
548353,2,19,1,M de Lange,0,0.5023990302990406
548353,2,19,2,M de Lange,0,0.5567620837154493
548353,2,19,3,M de Lange,0,0.6099381809799288
548353,2,19,4,M de Lange,0,0.7246964228079921
548353,2,19,5,M de Lange,1,0.7896895620199975
548358,1,15,1,J Botha,1,0.26688297605182265
548358,1,15,2,J Botha,1,0.34233537115691004
548358,1,15,3,J Botha,0,0.39376019340128665
548358,1,15,4,J Botha,0,0.4706026484996115
548358,1,15,5,J Botha,1,0.6840035404913993
548358,1,16,1,SR Watson,0,0.22808856184437454
548358,1,16,2,SR Watson,0,0.2556030541678892
548358,1,16,3,SR Watson,0,0.2524379006655263
548358,1,16,4,SR Watson,0,0.23614094053059562
548358,1,16,5,SR Watson,0,0.2620171794698575
548358,1,16,6,SR Watson,0,0.28080525479907587
548358,1,16,7,SR Watson,0,0.27223982444499034
548358,1,17,1,SK Trivedi,0,0.2158523044390508
548358,1,17,2,SK Trivedi,0,0.2296929403429456
548358,1,17,3,SK Trivedi,0,0.252272911892471
548358,1,17,4,SK Trivedi,0,0.26991165233255315
548358,1,17,5,SK Trivedi,1,0.26991165233255315
548358,1,18,1,SR Watson,0,0.23462582101706025
548358,1,18,2,SR Watson,0,0.263691456083323
548358,1,18,3,SR Watson,1,0.3513030016943991
548358,1,18,4,SR Watson,1,0.45556747196131475
548358,1,18,5,SR Watson,1,0.6159914616937937
548358,1,19,1,SW Tait,0,0.1021895680562315
548358,1,19,2,SW Tait,0,0.10055894131350358
548358,1,19,3,SW Tait,0,0.16774111001853045
548358,1,19,4,SW Tait,0,0.18623803183444795
548358,1,19,5,SW Tait,0,0.268241593200204
548358,2,15,1,MJ Clarke,0,0.03639841731948561
548358,2,15,2,MJ Clarke,0,0.08161927796037309
548358,2,15,3,MJ Clarke,0,0.15204873002203675
548358,2,15,4,MJ Clarke,1,0.16965803891275466
548358,2,15,5,MJ Clarke,1,0.18863461918897423
548358,2,16,1,SPD Smith,0,0.26594707789392513
548360,1,15,1,M Muralitharan,0,0.05528612994285411
548360,1,15,2,M Muralitharan,0,0.08049940464485604
548360,1,15,3,M Muralitharan,0,0.07172854130920493
548360,1,15,4,M Muralitharan,0,0.14508117509643226
548360,1,15,5,M Muralitharan,0,0.1621705745589737
548360,1,15,6,M Muralitharan,0,0.19139123372502426
548360,1,16,1,Z Khan,0,0.0027399442885266702
548360,1,16,2,Z Khan,0,0.0027399442885266702
548360,1,16,3,Z Khan,0,0.0064249561954381786
548360,1,16,4,Z Khan,0,0.012362503742938688
548360,1,16,5,Z Khan,0,0.018741592616641097
548360,1,16,6,Z Khan,0,0.020312516502517582
548360,1,17,1,M Muralitharan,0,0.18352334897527012
548360,1,17,2,M Muralitharan,0,0.2443059182696694
548360,1,17,3,M Muralitharan,1,0.27217906685303206
548360,1,17,4,M Muralitharan,1,0.4273341575729763
548360,1,17,5,M Muralitharan,1,0.5714149074399013
548360,1,18,1,Z Khan,0,0.028384425904018504
548360,1,18,2,Z Khan,0,0.046023073422855644
548360,1,18,3,Z Khan,0,0.1478429183885412
548360,1,18,4,Z Khan,0,0.24586782324036352
548360,1,18,5,Z Khan,0,0.3012845041056132
548360,1,19,1,R Vinay Kumar,0,0.20906436012300558
548360,1,19,2,R Vinay Kumar,0,0.23803014224893526
548360,1,19,3,R Vinay Kumar,0,0.26002465959509813
548360,1,19,4,R Vinay Kumar,0,0.38438521426354916
548360,1,19,5,R Vinay Kumar,1,0.5038603905230737
548360,2,15,1,SL Malinga,0,0.03426890502162423
548360,2,15,2,SL Malinga,0,0.11895496150130809
548360,2,15,3,SL Malinga,0,0.1853580780179839
548360,2,15,4,SL Malinga,0,0.21445046115406652
548360,2,15,5,SL Malinga,0,0.2328800268221767
548360,2,15,6,SL Malinga,0,0.2052867590746781
548360,2,16,1,RP Singh,1,0.28461870855324156
548360,2,16,2,RP Singh,1,0.27309444600886307
548360,2,16,3,RP Singh,1,0.2973507713238411
548360,2,16,4,RP Singh,1,0.36611055459946734
548360,2,16,5,RP Singh,1,0.5094112360891488
548360,2,17,1,RG Sharma,0,0.16395772055111224
548360,2,17,2,RG Sharma,0,0.14157090648096923
548360,2,17,3,RG Sharma,1,0.5276889783116451
548360,2,17,4,RG Sharma,0,0.5315067258245924
548360,2,17,5,RG Sharma,0,0.5005570941012357
548362,1,15,1,AD Mathews,1,0.10012586814742759
548362,1,15,2,AD Mathews,1,0.10967097026587279
548362,1,15,3,AD Mathews,1,0.12717698337396252
548362,1,15,4,AD Mathews,0,0.1663707174311957
548362,1,15,5,AD Mathews,0,0.18734723077269358
548362,1,16,1,B Kumar,1,0.5254169461290448
548362,1,16,2,B Kumar,1,0.4749264477323432
548362,1,16,3,B Kumar,1,0.4735547830639765
548362,1,16,4,B Kumar,1,0.46159152968342165
548362,1,16,5,B Kumar,1,0.4505539109169196
548362,1,16,6,B Kumar,1,0.41865651515761926
548362,1,17,1,AC Thomas,0,0.3341891718124594
548362,1,17,2,AC Thomas,0,0.1848308854471534
548362,1,17,3,AC Thomas,0,0.29805711277501423
548362,1,17,4,AC Thomas,0,0.2956697348323867
548362,1,17,5,AC Thomas,0,0.2822332488725875
548362,1,17,6,AC Thomas,0,0.2864885165804533
548362,1,18,1,B Kumar,1,0.4616187103136065
548362,1,18,2,B Kumar,1,0.4410471936295499
548362,1,18,3,B Kumar,1,0.4095565721957269
548362,1,18,4,B Kumar,1,0.49159857487243197
548362,1,18,5,B Kumar,1,0.5957799592676979
548362,1,19,1,AC Thomas,0,0.2784293818675289
548362,1,19,2,AC Thomas,0,0.24222964928465024
548362,1,19,3,AC Thomas,0,0.21167159420411186
548362,1,19,4,AC Thomas,0,0.2716582709502996
548362,1,19,5,AC Thomas,0,0.3834420123311411
548362,2,15,1,M Muralitharan,1,0.46075955437916044
548362,2,15,2,M Muralitharan,1,0.49567575835752764
548362,2,15,3,M Muralitharan,1,0.5487742933576442
548362,2,15,4,M Muralitharan,1,0.544942368785132
548362,2,15,5,M Muralitharan,0,0.49698708604208086
548362,2,16,1,Z Khan,0,0.2947741485575696
548362,2,16,2,Z Khan,0,0.2761161355657732
548362,2,16,3,Z Khan,0,0.35062223588441116
548362,2,16,4,Z Khan,0,0.42774919821476887
548362,2,16,5,Z Khan,0,0.43432723381748517
548362,2,16,6,Z Khan,0,0.4891819386971127
548362,2,17,1,R Vinay Kumar,1,0.41758821561955395
548362,2,17,2,R Vinay Kumar,1,0.4236664584605745
548362,2,17,3,R Vinay Kumar,0,0.43861187716779004
548362,2,17,4,R Vinay Kumar,0,0.4353120533181778
548362,2,17,5,R Vinay Kumar,0,0.4313098346596091
548362,2,17,6,R Vinay Kumar,0,0.41181752480587164
548362,2,18,1,Z Khan,0,0.4949280811342554
548362,2,18,2,Z Khan,1,0.5601392294545078
548362,2,18,3,Z Khan,0,0.5682172935904852
548362,2,18,4,Z Khan,0,0.5555854906958402
548362,2,18,5,Z Khan,0,0.5257275690273071
548362,2,19,1,R Vinay Kumar,1,0.4755692025155283
548362,2,19,2,R Vinay Kumar,1,0.47673232456583303
548362,2,19,3,R Vinay Kumar,1,0.5236140748244896
548362,2,19,4,R Vinay Kumar,0,0.5680859735458728
548362,2,19,5,R Vinay Kumar,1,0.6810410512218522
548368,1,15,1,RA Jadeja,0,0.42589616669661434
548368,1,15,2,RA Jadeja,0,0.34964825058583865
548368,1,15,3,RA Jadeja,0,0.35929458503994394
548368,1,15,4,RA Jadeja,0,0.37283670700874255
548368,1,15,5,RA Jadeja,0,0.3994002193863891
548368,1,15,6,RA Jadeja,0,0.5099911841077712
548368,1,16,1,R Ashwin,1,0.318468511212071
548368,1,16,2,R Ashwin,1,0.3338264698850609
548368,1,16,3,R Ashwin,1,0.40176397793494384
548368,1,16,4,R Ashwin,1,0.5398292207418682
548368,1,16,5,R Ashwin,1,0.6770879005164996
548368,1,17,1,RA Jadeja,0,0.49381648741382356
548368,1,17,2,RA Jadeja,0,0.3862142884755879
548368,1,17,3,RA Jadeja,0,0.45937130833925255
548368,1,17,4,RA Jadeja,0,0.5719526212209138
548368,1,17,5,RA Jadeja,0,0.7061813105162047
548368,1,18,1,DJ Bravo,0,0.3178305940565996
548368,1,18,2,DJ Bravo,0,0.3167670094110708
548368,1,18,3,DJ Bravo,1,0.3291569689228744
548368,1,18,4,DJ Bravo,1,0.34176022005344514
548368,1,18,5,DJ Bravo,1,0.34770235339244737
548368,1,18,6,DJ Bravo,1,0.369076218074978
548368,1,19,1,BW Hilfenhaus,0,0.34430134990684863
548368,1,19,2,BW Hilfenhaus,1,0.5239403096758417
548368,1,19,3,BW Hilfenhaus,1,0.4944870149838861
548368,1,19,4,BW Hilfenhaus,1,0.48738196097119973
548368,1,19,5,BW Hilfenhaus,1,0.47857617594185903
548368,2,15,1,JH Kallis,0,0.24290636087302217
548368,2,15,2,JH Kallis,1,0.35726372104331316
548368,2,15,3,JH Kallis,1,0.3737974035184353
548368,2,15,4,JH Kallis,1,0.36984321141512283
548368,2,15,5,JH Kallis,1,0.37998180618708577
548368,2,16,1,SP Narine,1,0.1745567417031472
548368,2,16,2,SP Narine,1,0.21108655001105647
548368,2,16,3,SP Narine,0,0.22544519316445832
548368,2,16,4,SP Narine,1,0.27505328383787514
548368,2,16,5,SP Narine,0,0.2134473274080632
548368,2,17,1,R Bhatia,1,0.291598846876495
548368,2,17,2,R Bhatia,0,0.31061614074936417
548368,2,17,3,R Bhatia,0,0.26656257987842646
548368,2,17,4,R Bhatia,0,0.2833715380695137
548368,2,17,5,R Bhatia,0,0.3103568409877661
548368,2,17,6,R Bhatia,0,0.3115340695372214
548368,2,18,1,M de Lange,0,0.5553853759954958
548368,2,18,2,M de Lange,0,0.6249930365855006
548368,2,18,3,M de Lange,1,0.7400265167609221
548368,2,18,4,M de Lange,1,0.66867554863452
548368,2,18,5,M de Lange,1,0.6104803798989634
548368,2,19,1,R Bhatia,0,0.3605115332813886
548368,2,19,2,R Bhatia,0,0.3629991050870268
548368,2,19,3,R Bhatia,0,0.44846926265564035
548368,2,19,4,R Bhatia,0,0.5338858313508454
548368,2,19,5,R Bhatia,0,0.6231024739981514
548380,1,15,1,AD Russell,1,0.4194584502093342
548380,1,15,2,AD Russell,1,0.44964544574481996
548380,1,15,3,AD Russell,1,0.5313859520273152
548380,1,15,4,AD Russell,1,0.599591357123812
548380,1,15,5,AD Russell,1,0.6998183023187315
548380,1,16,1,VR Aaron,0,0.5598474864469066
548380,1,16,2,VR Aaron,0,0.5699452894900846
548380,1,16,3,VR Aaron,0,0.6268568228958206
548380,1,16,4,VR Aaron,0,0.5924071023601475
548380,1,16,5,VR Aaron,0,0.593165240026112
548380,1,16,6,VR Aaron,0,0.6614202865928912
548380,1,17,1,UT Yadav,0,0.12182247999920705
548380,1,17,2,UT Yadav,0,0.12338628547582553
548380,1,17,3,UT Yadav,0,0.13047640798012267
548380,1,17,4,UT Yadav,0,0.14442169718691894
548380,1,17,5,UT Yadav,0,0.19640129108896487
548380,1,17,6,UT Yadav,0,0.15431804193199677
548380,1,18,1,VR Aaron,0,0.6099051746624001
548380,1,18,2,VR Aaron,0,0.6290782748745692
548380,1,18,3,VR Aaron,0,0.5886955111078912
548380,1,18,4,VR Aaron,0,0.5461531941437265
548380,1,18,5,VR Aaron,0,0.6456033784642784
548380,1,18,6,VR Aaron,0,0.7510071519084529
548380,1,19,1,UT Yadav,0,0.15672994440239876
548380,1,19,2,UT Yadav,1,0.21288353498891754
548380,1,19,3,UT Yadav,1,0.2680685998802482
548380,1,19,4,UT Yadav,1,0.35536378966981674
548380,1,19,5,UT Yadav,1,0.5105935886607847
548380,2,15,1,SB Jakati,0,0.5268393130612745
548380,2,15,2,SB Jakati,1,0.5641147169313375
548380,2,15,3,SB Jakati,1,0.5803484579081184
548380,2,15,4,SB Jakati,1,0.6440824325373209
548380,2,15,5,SB Jakati,1,0.695107258868999
548380,2,16,1,R Ashwin,1,0.3928968678773197
548380,2,16,2,R Ashwin,1,0.4383646136379074
548380,2,16,3,R Ashwin,1,0.5260666636510338
548380,2,16,4,R Ashwin,1,0.5999305000936037
597998,1,15,1,SP Narine,1,0.11570427700863882
597998,1,15,2,SP Narine,1,0.0831145016086804
597998,1,15,3,SP Narine,1,0.1251557186726579
597998,1,15,4,SP Narine,1,0.08352316170438594
597998,1,15,5,SP Narine,1,0.07402273083540148
597998,1,15,6,SP Narine,0,0.062171128906582176
597998,1,16,1,B Lee,0,0.38901353227218655
597998,1,16,2,B Lee,0,0.4635973794807494
597998,1,16,3,B Lee,0,0.4121628559918739
597998,1,16,4,B Lee,0,0.4714789836983538
597998,1,16,5,B Lee,0,0.47706606407119356
597998,1,16,6,B Lee,0,0.47424257946317966
597998,1,16,7,B Lee,0,0.5471563007566788
597998,1,17,1,SP Narine,0,0.059475190381149824
597998,1,17,2,SP Narine,1,0.10707178937858053
597998,1,17,3,SP Narine,1,0.15785114179440374
597998,1,17,4,SP Narine,1,0.12954454242865596
597998,1,17,5,SP Narine,1,0.15766205444138973
597998,1,17,6,SP Narine,1,0.16092749809211604
597998,1,18,1,B Lee,0,0.468966754956049
597998,1,18,2,B Lee,0,0.4650795983324002
597998,1,18,3,B Lee,0,0.4540800102548758
597998,1,18,4,B Lee,0,0.5207873762203429
597998,1,18,5,B Lee,1,0.6370763349281887
597998,1,19,1,SP Narine,1,0.3141290136210317
597998,1,19,2,SP Narine,1,0.209752270056312
597998,1,19,3,SP Narine,1,0.18120437821275295
597998,1,19,4,SP Narine,1,0.24697913164678353
597998,1,19,5,SP Narine,1,0.19916833453272573
597998,2,15,1,AD Russell,0,0.2425927849209085
597998,2,15,2,AD Russell,0,0.17486399598461824
597998,2,15,3,AD Russell,0,0.18317540666965793
597998,2,15,4,AD Russell,0,0.17803213234573168
597998,2,15,5,AD Russell,0,0.1877650821305833
597998,2,15,6,AD Russell,0,0.18706386573915257
597998,2,15,7,AD Russell,0,0.17705352308344183
597998,2,16,1,UT Yadav,1,0.42225858882862505
597998,2,16,2,UT Yadav,1,0.42953341014940305
597998,2,16,3,UT Yadav,0,0.4572308515159222
597998,2,16,4,UT Yadav,0,0.47455170498643756
597998,2,16,5,UT Yadav,1,0.4802477042189353
597998,2,16,6,UT Yadav,1,0.46898772366665054
597998,2,17,1,AD Russell,1,0.4128610865710622
597998,2,17,2,AD Russell,1,0.4045886175125192
597998,2,17,3,AD Russell,1,0.4120624609572413
597998,2,17,4,AD Russell,1,0.4388567358946941
597998,2,17,5,AD Russell,1,0.4232477616753972
597998,2,18,1,J Botha,1,0.41688968598278836
597998,2,18,2,J Botha,1,0.43478110776453593
597998,2,18,3,J Botha,1,0.46576321289476447
598006,1,15,1,UT Yadav,0,0.39310435299116936
598006,1,15,2,UT Yadav,0,0.33209306112942144
598006,1,15,3,UT Yadav,0,0.3487812517525886
598006,1,15,4,UT Yadav,0,0.36574149605930295
598006,1,15,5,UT Yadav,1,0.6455860515312056
598006,1,15,6,UT Yadav,1,0.6359616212855408
598006,1,16,1,M Morkel,1,0.7161540455887786
598006,1,16,2,M Morkel,1,0.726658122393021
598006,1,16,3,M Morkel,0,0.6963279825832488
598006,1,16,4,M Morkel,1,0.6994648646772524
598006,1,16,5,M Morkel,1,0.7528490678123221
598006,1,17,1,A Nehra,0,0.6478211661139656
598006,1,17,2,A Nehra,0,0.5842280759193772
598006,1,17,3,A Nehra,0,0.5424829864335649
598006,1,17,4,A Nehra,0,0.5614561982467368
598006,1,17,5,A Nehra,0,0.573278980429322
598006,1,17,6,A Nehra,0,0.5505970935622057
598006,1,18,1,IK Pathan,0,0.19190280510242516
598006,1,18,2,IK Pathan,0,0.3237547779330298
598006,1,18,3,IK Pathan,0,0.46913503662482425
598006,1,18,4,IK Pathan,0,0.5934635268262535
598006,1,18,5,IK Pathan,1,0.6944090313268103
598006,1,19,1,A Nehra,0,0.6012394441666877
598006,1,19,2,A Nehra,0,0.6015426282186983
598006,1,19,3,A Nehra,0,0.5812719572061877
598006,1,19,4,A Nehra,0,0.5778725654417942
598006,1,19,5,A Nehra,0,0.5263413934328534
598006,2,15,1,SL Malinga,1,0.27773627581641996
598006,2,15,2,SL Malinga,1,0.30253465107862976
598006,2,15,3,SL Malinga,1,0.31682631943091916
598006,2,15,4,SL Malinga,0,0.2796640678331664
598006,2,15,5,SL Malinga,0,0.22865446929638378
598006,2,15,6,SL Malinga,1,0.4216097413652832
598006,2,16,1,PP Ojha,1,0.5252391023357804
598006,2,16,2,PP Ojha,1,0.5713017784901764
598006,2,16,3,PP Ojha,1,0.6284867408894528
598006,2,16,4,PP Ojha,1,0.6248843250164317
598006,2,16,5,PP Ojha,1,0.7364323182025158
598006,2,17,1,SL Malinga,1,0.4048219862905205
598006,2,17,2,SL Malinga,1,0.39574277546677095
598006,2,17,3,SL Malinga,1,0.4162299222959779
598006,2,17,4,SL Malinga,1,0.44665130271786546
598006,2,17,5,SL Malinga,1,0.4672377397938844
598006,2,18,1,MG Johnson,0,0.7199295482476777
598006,2,18,2,MG Johnson,1,0.6902691561021392
598006,2,18,3,MG Johnson,1,0.672761546435474
598006,2,18,4,MG Johnson,1,0.6950464214330828
598006,2,18,5,MG Johnson,1,0.6776134602148158
598006,2,19,1,KA Pollard,0,0.5207397293343408
598006,2,19,2,KA Pollard,0,0.5526297017268147
598006,2,19,3,KA Pollard,0,0.6276227331712838
598006,2,19,4,KA Pollard,0,0.659609185843811
598006,2,19,5,KA Pollard,0,0.7492466861889319
598011,1,15,1,MR Marsh,0,0.00733529135666319
598011,1,15,2,MR Marsh,0,0.01950457179777533
598011,1,15,3,MR Marsh,0,0.010565518930756385
598011,1,15,4,MR Marsh,0,0.006231753833224234
598011,1,15,5,MR Marsh,0,0.041457694502165306
598011,1,15,6,MR Marsh,0,0.012733487243155026
598011,1,15,7,MR Marsh,0,0.031071428077004342
598011,1,16,1,AB Dinda,0,0.623387730806485
598011,1,16,2,AB Dinda,0,0.6982180570049391
598011,1,16,3,AB Dinda,1,0.7350840828423283
598011,1,16,4,AB Dinda,1,0.7083851283641408
598011,1,16,5,AB Dinda,1,0.6989204448174373
598011,1,16,6,AB Dinda,1,0.7385235377132008
598011,1,16,7,AB Dinda,0,0.7592956449918914
598011,1,17,1,MR Marsh,0,0.01348764984408572
598011,1,17,2,MR Marsh,0,0.1106921081357371
598011,1,17,3,MR Marsh,0,0.27553130254324576
598011,1,17,4,MR Marsh,0,0.2387607604535425
598011,1,17,5,MR Marsh,0,0.5127769044656462
598011,1,18,1,AD Mathews,0,0.16516436797010722
598011,1,18,2,AD Mathews,0,0.2086337007313125
598011,1,18,3,AD Mathews,0,0.27362113129549487
598011,1,18,4,AD Mathews,0,0.4020357894670771
598011,1,18,5,AD Mathews,1,0.5586011660692032
598011,1,19,1,AB Dinda,0,0.6097495390086448
598011,1,19,2,AB Dinda,0,0.5524387648662507
598011,1,19,3,AB Dinda,0,0.5093727574764573
598011,1,19,4,AB Dinda,0,0.667020304948885
598011,1,19,5,AB Dinda,1,0.5235969965158919
598011,2,15,1,SL Malinga,0,0.17108978860002896
598011,2,15,2,SL Malinga,0,0.2028505189906105
598011,2,15,3,SL Malinga,0,0.32590689052613764
598011,2,15,4,SL Malinga,0,0.3822093998499586
598011,2,15,5,SL Malinga,0,0.40931726983827504
598011,2,15,6,SL Malinga,0,0.3950797062303339
598011,2,16,1,MG Johnson,1,0.6677801260902424
598011,2,16,2,MG Johnson,1,0.673394197104727
598011,2,16,3,MG Johnson,1,0.6120999764346153
598011,2,16,4,MG Johnson,1,0.7367716721346443
598011,2,16,5,MG Johnson,1,0.8029797745615094
598011,2,17,1,R Dhawan,1,0.3510952910663614
598011,2,17,2,R Dhawan,1,0.3987387999919438
598011,2,17,3,R Dhawan,0,0.4239252821496296
598011,2,17,4,R Dhawan,0,0.4706645244851914
598011,2,17,5,R Dhawan,0,0.5856650274162379
598011,2,18,1,SL Malinga,0,0.27650286721075834
598011,2,18,2,SL Malinga,0,0.323857179981706
598011,2,18,3,SL Malinga,0,0.3806040044531063
598011,2,18,4,SL Malinga,0,0.3946647953329479
598011,2,18,5,SL Malinga,1,0.4000380846341889
598011,2,19,1,KA Pollard,1,0.2728510214918159
598011,2,19,2,KA Pollard,1,0.3025830625246478
598011,2,19,3,KA Pollard,1,0.29001108026405603
598011,2,19,4,KA Pollard,1,0.3049994085065287
598011,2,19,5,KA Pollard,1,0.29609443754410913
598018,1,15,1,MR Marsh,1,0.362357870631556
598018,1,15,2,MR Marsh,1,0.3719521118268484
598018,1,15,3,MR Marsh,1,0.4042745998218143
598018,1,15,4,MR Marsh,1,0.4780215990040448
598018,1,15,5,MR Marsh,1,0.5936056173732404
598018,1,15,6,MR Marsh,1,0.7197718495786837
598018,1,16,1,AD Mathews,0,0.11813356530113955
598018,1,16,2,AD Mathews,0,0.11749126555554747
598018,1,16,3,AD Mathews,0,0.10496125797479532
598018,1,16,4,AD Mathews,0,0.13477017342131384
598018,1,16,5,AD Mathews,0,0.1993173855217892
598018,1,16,6,AD Mathews,0,0.2196623865852139
598018,1,17,1,AB Dinda,0,0.0074593291033291645
598018,1,17,2,AB Dinda,0,0.012593406316966437
598018,1,17,3,AB Dinda,0,0.014495672372637136
598018,1,17,4,AB Dinda,0,0.018532844042926648
598018,1,17,5,AB Dinda,0,0.08020762387257879
598018,1,17,6,AB Dinda,0,0.06022153528567483
598018,1,18,1,AD Mathews,0,0.2144683934177346
598018,1,18,2,AD Mathews,0,0.21988635914584168
598018,1,18,3,AD Mathews,0,0.254372146393901
598018,1,18,4,AD Mathews,1,0.3476324429747314
598018,1,18,5,AD Mathews,1,0.5204931011715996
598018,1,19,1,AB Dinda,0,0.09292351169518948
598018,1,19,2,AB Dinda,0,0.11812545414300178
598018,1,19,3,AB Dinda,0,0.20964890814071388
598018,1,19,4,AB Dinda,0,0.21641143055991452
598018,1,19,5,AB Dinda,0,0.25673539082202346
598018,1,19,6,AB Dinda,0,0.30175698721176003
598018,2,15,1,A Mishra,0,0.07179425390700624
598018,2,15,2,A Mishra,0,0.07962981666593064
598018,2,15,3,A Mishra,0,0.06722639814754162
598018,2,15,4,A Mishra,1,0.14511970188330328
598018,2,15,5,A Mishra,1,0.13908700385591752
598018,2,15,6,A Mishra,1,0.18092820063365536
598018,2,16,1,DW Steyn,1,0.595559052927203
598018,2,16,2,DW Steyn,1,0.6003772014636573
598018,2,16,3,DW Steyn,1,0.501444462481847
598018,2,16,4,DW Steyn,1,0.5440092893817123
598018,2,16,5,DW Steyn,1,0.622718437781181
598018,2,17,1,NLTC Perera,0,0.12056917339335284
598018,2,17,2,NLTC Perera,0,0.16772975555983116
598018,2,17,3,NLTC Perera,0,0.20968721705976193
598018,2,17,4,NLTC Perera,1,0.3160331808183788
598018,2,17,5,NLTC Perera,0,0.2998826872989079
598018,2,18,1,A Mishra,1,0.18642219570346663
598018,2,18,2,A Mishra,1,0.213841122335924
598018,2,18,3,A Mishra,1,0.25551565809626725
598018,2,18,4,A Mishra,1,0.25890984662074845
598018,2,18,5,A Mishra,1,0.2396315365459662
598024,1,15,1,AB Agarkar,0,0.47106661011021167
598024,1,15,2,AB Agarkar,0,0.49603431967628564
598024,1,15,3,AB Agarkar,1,0.6350009192454898
598024,1,15,4,AB Agarkar,0,0.6230094552051966
598024,1,15,5,AB Agarkar,0,0.6373065169357113
598024,1,15,6,AB Agarkar,0,0.5174983747659181
598024,1,16,1,UT Yadav,0,0.21861889949117555
598024,1,16,2,UT Yadav,0,0.1924049460525894
598024,1,16,3,UT Yadav,0,0.189241234255985
598024,1,16,4,UT Yadav,0,0.21547132587655402
598024,1,16,5,UT Yadav,0,0.1797477576378109
598024,1,16,6,UT Yadav,0,0.18790920555253462
598024,1,17,1,AB Agarkar,0,0.3321080331826753
598024,1,17,2,AB Agarkar,0,0.30871845691119126
598024,1,17,3,AB Agarkar,0,0.3712793359514452
598024,1,17,4,AB Agarkar,0,0.37877789836166
598024,1,17,5,AB Agarkar,0,0.4001051859127984
598024,1,17,6,AB Agarkar,1,0.3847170953428457
598024,1,18,1,UT Yadav,0,0.1835503179374159
598024,1,18,2,UT Yadav,0,0.2669572403971135
598024,1,18,3,UT Yadav,0,0.33789106834806554
598024,1,18,4,UT Yadav,0,0.46048898306927377
598024,1,18,5,UT Yadav,1,0.6967280900132998
598024,1,19,1,RE van der Merwe,0,0.24793351556746643
598024,1,19,2,RE van der Merwe,0,0.3027206611233038
598024,1,19,3,RE van der Merwe,0,0.34943706836144167
598024,1,19,4,RE van der Merwe,0,0.4227871136714739
598024,1,19,5,RE van der Merwe,0,0.5948007813746716
598024,2,15,1,SL Malinga,1,0.44988286799335386
598024,2,15,2,SL Malinga,1,0.4595637256135009
598024,2,15,3,SL Malinga,1,0.4702235995222617
598024,2,15,4,SL Malinga,1,0.48658453612391095
598024,2,15,5,SL Malinga,1,0.6119551668554495
598024,2,16,1,JJ Bumrah,0,0.5738497830974144
598024,2,16,2,JJ Bumrah,0,0.553424915033147
598024,2,16,3,JJ Bumrah,0,0.5546539735806414
598024,2,16,4,JJ Bumrah,0,0.5477130077448189
598024,2,16,5,JJ Bumrah,0,0.5345984466766525
598024,2,16,6,JJ Bumrah,0,0.5591421623355887
598024,2,16,7,JJ Bumrah,0,0.539917833467652
598026,1,15,1,DJ Bravo,0,0.19520524763832436
598026,1,15,2,DJ Bravo,0,0.2201160598309089
598026,1,15,3,DJ Bravo,0,0.21851238770295656
598026,1,15,4,DJ Bravo,0,0.2232154362695308
598026,1,15,5,DJ Bravo,0,0.2228459229064365
598026,1,15,6,DJ Bravo,0,0.2179188563788799
598026,1,15,7,DJ Bravo,0,0.2100158591465049
598026,1,16,1,RA Jadeja,1,0.7142544530126846
598026,1,16,2,RA Jadeja,1,0.7142544530126846
598026,1,16,3,RA Jadeja,1,0.7262689271429166
598026,1,16,4,RA Jadeja,1,0.7178071769413779
598026,1,16,5,RA Jadeja,1,0.7491921303313658
598026,1,16,6,RA Jadeja,1,0.7105285677997827
598026,1,16,7,RA Jadeja,1,0.6789777239847911
598026,1,17,1,DJ Bravo,0,0.21706221782673363
598026,1,17,2,DJ Bravo,0,0.2471210512844514
598026,1,17,3,DJ Bravo,0,0.23178427028783744
598026,1,17,4,DJ Bravo,0,0.25435848842149744
598026,1,17,5,DJ Bravo,0,0.41807664598170285
598026,1,17,6,DJ Bravo,0,0.5062845424070146
598026,1,17,7,DJ Bravo,0,0.4118767305501208
598026,1,18,1,CH Morris,1,0.6353745566163755
598026,1,18,2,CH Morris,0,0.6410798851638906
598026,1,18,3,CH Morris,0,0.5992290882385629
598026,1,18,4,CH Morris,1,0.6791110139854395
598026,1,18,5,CH Morris,1,0.6436401140028827
598026,1,19,1,DJ Bravo,0,0.40469670207690683
598026,1,19,2,DJ Bravo,0,0.462359443482988
598026,1,19,3,DJ Bravo,0,0.5434429664831705
598026,1,19,4,DJ Bravo,1,0.6619191099604971
598026,1,19,5,DJ Bravo,0,0.6967300207871073
598026,2,15,1,KK Cooper,0,0.5433937202229779
598026,2,15,2,KK Cooper,0,0.47948169616871605
598026,2,15,3,KK Cooper,0,0.6907534721214853
598026,2,15,4,KK Cooper,0,0.5599601472001746
598026,2,15,5,KK Cooper,0,0.6516885860374851
598026,2,15,6,KK Cooper,1,0.6517570989482423
598026,2,16,1,JP Faulkner,1,0.32284445344266427
598026,2,16,2,JP Faulkner,1,0.2431971865680615
598026,2,16,3,JP Faulkner,0,0.2478101082167262
598026,2,16,4,JP Faulkner,0,0.28183278572057374
598026,2,16,5,JP Faulkner,0,0.2825604095397919
598026,2,16,6,JP Faulkner,1,0.34555748722839164
598026,2,17,1,KK Cooper,1,0.6284158273447161
598026,2,17,2,KK Cooper,0,0.6406896397231282
598026,2,17,3,KK Cooper,0,0.6580831295596729
598026,2,17,4,KK Cooper,1,0.5409198900653128
598026,2,17,5,KK Cooper,1,0.6141755205908429
598026,2,18,1,JP Faulkner,0,0.3388473356642932
598026,2,18,2,JP Faulkner,1,0.34243858795085114
598026,2,18,3,JP Faulkner,1,0.35768453484578777
598026,2,18,4,JP Faulkner,0,0.3494499486732172
598026,2,18,5,JP Faulkner,1,0.2847310548833553
598026,2,19,1,SR Watson,0,0.19622637227438802
598026,2,19,2,SR Watson,0,0.16018454528878415
598026,2,19,3,SR Watson,0,0.28271732290127066
598026,2,19,4,SR Watson,0,0.2917836580728735
598029,1,15,1,YS Chahal,0,0.25832969630670793
598029,1,15,2,YS Chahal,0,0.2572199906644755
598029,1,15,3,YS Chahal,0,0.2981858723991792
598029,1,15,4,YS Chahal,0,0.37467506356743524
598029,1,15,5,YS Chahal,1,0.5829896054779056
598029,1,16,1,SL Malinga,1,0.23697162705588692
598029,1,16,2,SL Malinga,1,0.23867165838040952
598029,1,16,3,SL Malinga,1,0.2624244576619482
598029,1,16,4,SL Malinga,1,0.26440827987186377
598029,1,16,5,SL Malinga,1,0.23672128211936366
598029,1,16,6,SL Malinga,1,0.29459247960747825
598029,1,17,1,MG Johnson,0,0.18963509151233754
598029,1,17,2,MG Johnson,0,0.2718761880694686
598029,1,17,3,MG Johnson,0,0.28554136459049273
598029,1,17,4,MG Johnson,0,0.43419742651101717
598029,1,17,5,MG Johnson,1,0.54702804729232
598029,1,18,1,KA Pollard,0,0.11534594212657774
598029,1,18,2,KA Pollard,0,0.12079647348442268
598029,1,18,3,KA Pollard,1,0.12960172690746755
598029,1,18,4,KA Pollard,1,0.12124958706336816
598029,1,18,5,KA Pollard,1,0.12867105198786566
598029,1,19,1,SL Malinga,1,0.2823441646661886
598029,1,19,2,SL Malinga,1,0.2795264830402369
598029,1,19,3,SL Malinga,1,0.2772076889704759
598029,1,19,4,SL Malinga,1,0.3901140462120513
598029,1,19,5,SL Malinga,1,0.4761858469514311
598029,2,15,1,L Balaji,0,0.15060832366223612
598029,2,15,2,L Balaji,0,0.09453550720549173
598029,2,15,3,L Balaji,0,0.10605143424264037
598029,2,15,4,L Balaji,0,0.15018346749605707
598029,2,15,5,L Balaji,0,0.14021272419374073
598029,2,15,6,L Balaji,0,0.2201664323551104
598029,2,16,1,SP Narine,0,0.2866933922460496
598029,2,16,2,SP Narine,0,0.3260939799926614
598029,2,16,3,SP Narine,0,0.32613775535901723
598029,2,16,4,SP Narine,1,0.42187284655984597
598029,2,16,5,SP Narine,1,0.34568480560662335
598029,2,17,1,SMSM Senanayake,1,0.5255961320628064
598029,2,17,2,SMSM Senanayake,1,0.5134516929178955
598029,2,17,3,SMSM Senanayake,1,0.5598713863970883
598029,2,17,4,SMSM Senanayake,1,0.48870445310174837
598029,2,17,5,SMSM Senanayake,1,0.5815052571396743
598029,2,18,1,L Balaji,0,0.269448089389799
598029,2,18,2,L Balaji,0,0.2602139709177774
598029,2,18,3,L Balaji,0,0.2794035427992853
598029,2,18,4,L Balaji,0,0.3070431460494334
598029,2,18,5,L Balaji,0,0.2559418041652322
598029,2,19,1,R Bhatia,0,0.2997600163877319
598029,2,19,2,R Bhatia,0,0.3366201297532944
598029,2,19,3,R Bhatia,0,0.41249434955316294
598029,2,19,4,R Bhatia,0,0.47789414621000137
598059,1,15,1,DJ Hussey,1,0.22319023750834915
598059,1,15,2,DJ Hussey,1,0.20263837164795048
598059,1,15,3,DJ Hussey,1,0.17362587710578686
598059,1,15,4,DJ Hussey,1,0.1931296306782942
598059,1,15,5,DJ Hussey,1,0.18909010015951344
598059,1,16,1,Harmeet Singh,1,0.40385123525171424
598059,1,16,2,Harmeet Singh,1,0.41504530550768115
598059,1,16,3,Harmeet Singh,1,0.4566350250401543
598059,1,16,4,Harmeet Singh,1,0.556115921699614
598059,1,16,5,Harmeet Singh,1,0.688244810980883
598059,1,17,1,P Kumar,1,0.6028681511875232
598059,1,17,2,P Kumar,1,0.5484355470212872
598059,1,17,3,P Kumar,1,0.5213133520252468
598059,1,17,4,P Kumar,1,0.39202707652097957
598059,1,17,5,P Kumar,1,0.38812383577203496
598059,1,17,6,P Kumar,1,0.38812383577203496
598059,1,18,1,P Awana,0,0.21848223715216106
598059,1,18,2,P Awana,0,0.26487750902239504
598059,1,18,3,P Awana,0,0.28497876866373356
598059,1,18,4,P Awana,0,0.28303896572543125
598059,1,18,5,P Awana,0,0.288122907597679
598059,1,19,1,P Kumar,1,0.3749831283863279
598059,1,19,2,P Kumar,1,0.3280617144615376
598059,1,19,3,P Kumar,1,0.376938686244043
598059,1,19,4,P Kumar,1,0.4410223373678799
598059,1,19,5,P Kumar,1,0.5774776994849702
598059,2,15,1,A Nehra,0,0.5345601844424516
598059,2,15,2,A Nehra,0,0.5475283076322828
598059,2,15,3,A Nehra,0,0.5179252262264369
598059,2,15,4,A Nehra,1,0.5928542617437365
598059,2,15,5,A Nehra,1,0.6111411926423966
598059,2,16,1,UT Yadav,0,0.4294416040178192
598059,2,16,2,UT Yadav,0,0.3302302235997736
598059,2,16,3,UT Yadav,0,0.36206628203485086
598059,2,16,4,UT Yadav,0,0.2853977154719554
598059,2,16,5,UT Yadav,1,0.48266439347561385
598060,1,15,1,PP Ojha,0,0.4436364494284522
598060,1,15,2,PP Ojha,0,0.5041557903927215
598060,1,15,3,PP Ojha,0,0.5571353699227222
598060,1,15,4,PP Ojha,0,0.5900636966568817
598060,1,15,5,PP Ojha,1,0.6970027432819006
598060,1,16,1,SL Malinga,1,0.3367376117476817
598060,1,16,2,SL Malinga,1,0.40481307329374905
598060,1,16,3,SL Malinga,1,0.4201856663874637
598060,1,16,4,SL Malinga,1,0.43187629497122765
598060,1,16,5,SL Malinga,1,0.4086219291180136
598060,1,16,6,SL Malinga,1,0.40526581194512
598060,1,17,1,MG Johnson,1,0.6259109009673492
598060,1,17,2,MG Johnson,1,0.6232023388673894
598060,1,17,3,MG Johnson,0,0.6140083379946245
598060,1,17,4,MG Johnson,0,0.5641163668565098
598060,1,17,5,MG Johnson,0,0.6423631873043185
598060,1,18,1,SL Malinga,1,0.40314678344499016
598060,1,18,2,SL Malinga,1,0.4131974370414552
598060,1,18,3,SL Malinga,1,0.5385572355575856
598060,1,18,4,SL Malinga,1,0.537763795635538
598060,1,18,5,SL Malinga,1,0.6011002763164205
598060,1,18,6,SL Malinga,1,0.7166243032874088
598060,1,19,1,DS Kulkarni,1,0.5346658073762613
598060,1,19,2,DS Kulkarni,1,0.5246292243847567
598060,1,19,3,DS Kulkarni,0,0.4871191225922703
598060,1,19,4,DS Kulkarni,0,0.5084137158421669
598060,1,19,5,DS Kulkarni,0,0.6102442910117585
598060,2,15,1,DW Steyn,1,0.2386048977008214
598060,2,15,2,DW Steyn,1,0.23167479789248613
598060,2,15,3,DW Steyn,1,0.22604549368756316
598060,2,15,4,DW Steyn,1,0.3078962367307349
598060,2,15,5,DW Steyn,0,0.3349276699788594
598060,2,15,6,DW Steyn,1,0.26590449557982726
598060,2,16,1,NLTC Perera,0,0.4006518273274247
598060,2,16,2,NLTC Perera,0,0.405270301591906
598060,2,16,3,NLTC Perera,0,0.4428286676960207
598060,2,16,4,NLTC Perera,0,0.5124041311865817
598060,2,16,5,NLTC Perera,0,0.6279404762981585
598060,2,16,6,NLTC Perera,0,0.6817883143232436
598060,2,17,1,A Mishra,0,0.1706584263120871
598060,2,17,2,A Mishra,0,0.4823692202640427
598060,2,17,3,A Mishra,0,0.625227313019096
598060,2,17,4,A Mishra,0,0.5951005075389602
598060,2,17,5,A Mishra,1,0.6222181837497641
598060,2,17,6,A Mishra,1,0.5803862432318485
598060,2,18,1,DW Steyn,1,0.21789518811716324
598060,2,18,2,DW Steyn,1,0.26157823223041543
598060,2,18,3,DW Steyn,0,0.2998899298383389
598060,2,18,4,DW Steyn,1,0.38496145075487154
598060,2,18,5,DW Steyn,1,0.5915927920697092
598060,2,19,1,NLTC Perera,0,0.6058553656478223
598060,2,19,2,NLTC Perera,0,0.5764345626243694
598065,1,15,1,SR Watson,0,0.08410415427408043
598065,1,15,2,SR Watson,0,0.15765760663593448
598065,1,15,3,SR Watson,0,0.15055154135093454
598065,1,15,4,SR Watson,0,0.18674241654864868
598065,1,15,5,SR Watson,0,0.19662361149673893
598065,1,16,1,JP Faulkner,0,0.014503808733281621
598065,1,16,2,JP Faulkner,0,0.020614569602977053
598065,1,16,3,JP Faulkner,0,0.021184067821096265
598065,1,16,4,JP Faulkner,0,0.05553078417813043
598065,1,16,5,JP Faulkner,0,0.20505779661768805
598065,1,16,6,JP Faulkner,0,0.141460385361131
598065,1,17,1,KK Cooper,1,0.45709093160101383
598065,1,17,2,KK Cooper,1,0.45051162522936905
598065,1,17,3,KK Cooper,1,0.4108600018808732
598065,1,17,4,KK Cooper,1,0.4420611009769006
598065,1,17,5,KK Cooper,1,0.44175692439287223
598065,1,17,6,KK Cooper,1,0.44175692439287223
598065,1,18,1,JP Faulkner,0,0.13682580255080726
598065,1,18,2,JP Faulkner,0,0.23299034925979156
598065,1,18,3,JP Faulkner,0,0.30930158956718506
598065,1,18,4,JP Faulkner,0,0.36030574479704075
598065,1,18,5,JP Faulkner,1,0.4683404486196255
598065,1,18,6,JP Faulkner,1,0.46920321087455924
598065,1,19,1,KK Cooper,1,0.40769827655814056
598065,1,19,2,KK Cooper,1,0.3699149878723222
598065,1,19,3,KK Cooper,1,0.4091099154938794
598065,1,19,4,KK Cooper,1,0.48055930212986586
598065,1,19,5,KK Cooper,1,0.6865081269661496
598065,2,15,1,A Mishra,0,0.21443847717258774
598065,2,15,2,A Mishra,0,0.2529084366901361
598065,2,15,3,A Mishra,0,0.3070852419981609
598065,2,15,4,A Mishra,1,0.7273390644636628
598065,2,15,5,A Mishra,1,0.7223538061649877
598065,2,16,1,KV Sharma,0,0.4391875574442444
598065,2,16,2,KV Sharma,1,0.49447128885513103
598065,2,16,3,KV Sharma,1,0.4956749670331917
598065,2,16,4,KV Sharma,1,0.592991686739238
598065,2,16,5,KV Sharma,0,0.7268471104993247
598065,2,17,1,DW Steyn,0,0.11059851294982642
598065,2,17,2,DW Steyn,0,0.11919335004882044
598065,2,17,3,DW Steyn,0,0.12917652273836294
598065,2,17,4,DW Steyn,0,0.19695085823748468
598065,2,17,5,DW Steyn,0,0.1770788433617641
598065,2,17,6,DW Steyn,0,0.20223620798749645
598065,2,18,1,NLTC Perera,0,0.25242817242177196
598065,2,18,2,NLTC Perera,0,0.28860824915469097
598065,2,18,3,NLTC Perera,0,0.29699868120312056
598065,2,18,4,NLTC Perera,0,0.29698581149574893
598065,2,18,5,NLTC Perera,1,0.42849051766649254
598065,2,19,1,DW Steyn,0,0.5057376925158575
598065,2,19,2,DW Steyn,0,0.5326278759072209
598065,2,19,3,DW Steyn,1,0.4219695711689478
598065,2,19,4,DW Steyn,1,0.4459867799640628
598065,2,19,5,DW Steyn,1,0.459586706248142
598066,1,15,1,R Dhawan,0,0.29170042714876143
598066,1,15,2,R Dhawan,0,0.265791862041527
598066,1,15,3,R Dhawan,0,0.33365191731140076
598066,1,15,4,R Dhawan,0,0.364218667731361
598066,1,15,5,R Dhawan,0,0.5588200639192907
598066,1,15,6,R Dhawan,0,0.766299505191133
598066,1,15,7,R Dhawan,1,0.7653491701372883
598066,1,16,1,Harbhajan Singh,0,0.43233519722708397
598066,1,16,2,Harbhajan Singh,1,0.4658646412834654
598066,1,16,3,Harbhajan Singh,1,0.47984341366604816
598066,1,16,4,Harbhajan Singh,1,0.5265003948296963
598066,1,16,5,Harbhajan Singh,1,0.6673024602247457
598066,1,17,1,SL Malinga,1,0.4277962511673213
598066,1,17,2,SL Malinga,0,0.34305641520255264
598066,1,17,3,SL Malinga,1,0.45031865077912947
598066,1,17,4,SL Malinga,1,0.43821067758873494
598066,1,17,5,SL Malinga,0,0.4154196810081567
598066,1,17,6,SL Malinga,1,0.43748308302899364
598066,1,18,1,KA Pollard,0,0.32039314567327987
598066,1,18,2,KA Pollard,1,0.6032559765241223
598066,1,18,3,KA Pollard,1,0.4582184225624432
598066,1,18,4,KA Pollard,1,0.6676842173790325
598066,1,18,5,KA Pollard,1,0.6613659664549512
598066,1,19,1,SL Malinga,1,0.45687413266880256
598066,1,19,2,SL Malinga,0,0.4468756970004176
598066,1,19,3,SL Malinga,1,0.4816615019998027
598066,1,19,4,SL Malinga,1,0.5197372597870664
598066,1,19,5,SL Malinga,1,0.6364680978399105
598066,2,15,1,Sandeep Sharma,1,0.40711983749882374
598066,2,15,2,Sandeep Sharma,1,0.34873569657798975
598066,2,15,3,Sandeep Sharma,1,0.32082941042412644
598066,2,15,4,Sandeep Sharma,1,0.31429374326210113
598066,2,15,5,Sandeep Sharma,1,0.35986309606279265
598066,2,15,6,Sandeep Sharma,1,0.37006555503324406
598066,2,15,7,Sandeep Sharma,0,0.3247329683854839
598066,2,16,1,Azhar Mahmood,1,0.2974438635715816
598066,2,16,2,Azhar Mahmood,1,0.27842656805434723
598066,2,16,3,Azhar Mahmood,1,0.33251332446690296
598066,2,16,4,Azhar Mahmood,1,0.3375892043833319
598066,2,16,5,Azhar Mahmood,1,0.293273883317578
598066,2,16,6,Azhar Mahmood,1,0.28367390327693226
598066,2,17,1,Sandeep Sharma,0,0.4201294219605058
598066,2,17,2,Sandeep Sharma,0,0.449651312412064
598066,2,17,3,Sandeep Sharma,0,0.48030031209762153
598066,2,17,4,Sandeep Sharma,0,0.5685193557659054
598066,2,17,5,Sandeep Sharma,0,0.6921800294103053
598066,2,18,1,Azhar Mahmood,1,0.31505702353522397
598066,2,18,2,Azhar Mahmood,1,0.3532354631921755
598066,2,18,3,Azhar Mahmood,1,0.4415845580905053
598066,2,18,4,Azhar Mahmood,1,0.5488402077297271
598066,2,18,5,Azhar Mahmood,1,0.6970824144831613
598069,1,15,1,DW Steyn,0,0.24163796798806744
598069,1,15,2,DW Steyn,0,0.2907612250011194
598069,1,15,3,DW Steyn,0,0.2585665568065362
598069,1,15,4,DW Steyn,0,0.2848180981568247
598069,1,15,5,DW Steyn,0,0.28736754100919126
598069,1,15,6,DW Steyn,0,0.3157674335216661
598069,1,16,1,A Mishra,0,0.3031591666478787
598069,1,16,2,A Mishra,0,0.37460927424494456
598069,1,16,3,A Mishra,0,0.4728410355393739
598069,1,16,4,A Mishra,0,0.49910583290988564
598069,1,16,5,A Mishra,0,0.4742769289344158
598069,1,17,1,NLTC Perera,0,0.3749548478297906
598069,1,17,2,NLTC Perera,0,0.36712468846550833
598069,1,17,3,NLTC Perera,0,0.4358062840238959
598069,1,17,4,NLTC Perera,0,0.5385695041010108
598069,1,17,5,NLTC Perera,0,0.6695615463695702
598069,1,18,1,DW Steyn,0,0.2548483840735941
598069,1,18,2,DW Steyn,0,0.3942724401148587
598069,1,18,3,DW Steyn,0,0.46989978219516787
598069,1,18,4,DW Steyn,1,0.610884645448968
598069,1,18,5,DW Steyn,1,0.6714489928621012
598069,1,19,1,Anand Rajan,0,0.2551151360644954
598069,1,19,2,Anand Rajan,0,0.3622870279484178
598069,1,19,3,Anand Rajan,0,0.4617249386368025
598069,1,19,4,Anand Rajan,0,0.5461638553814333
598069,1,19,5,Anand Rajan,0,0.4575709273909913
598069,2,15,1,Iqbal Abdulla,0,0.2933902695027607
598069,2,15,2,Iqbal Abdulla,0,0.3054965984478319
598069,2,15,3,Iqbal Abdulla,0,0.26632848857019564
598069,2,15,4,Iqbal Abdulla,0,0.297578986745988
598069,2,15,5,Iqbal Abdulla,0,0.3132103431489735
598069,2,15,6,Iqbal Abdulla,0,0.30433363782569434
598069,2,16,1,SP Narine,1,0.2523561429902281
598069,2,16,2,SP Narine,1,0.31256605663976156
598069,2,16,3,SP Narine,1,0.4701413010334727
598069,2,16,4,SP Narine,1,0.45356429792128045
598069,2,16,5,SP Narine,1,0.5022896998198866
598069,2,17,1,Mohammed Shami,0,0.34804794189023613
598069,2,17,2,Mohammed Shami,0,0.3926505135547466
598069,2,17,3,Mohammed Shami,0,0.4932843144118451
598069,2,17,4,Mohammed Shami,0,0.5480466137736857
598069,2,17,5,Mohammed Shami,0,0.6806662198071285
598069,2,18,1,Iqbal Abdulla,0,0.2865409100449366
598069,2,18,2,Iqbal Abdulla,0,0.3656730583344571
598069,2,18,3,Iqbal Abdulla,0,0.43698264336226056
598069,2,18,4,Iqbal Abdulla,0,0.6228353251936389
598073,1,15,1,DJ Bravo,0,0.09770438328308696
598073,1,15,2,DJ Bravo,0,0.13217661330798366
598073,1,15,3,DJ Bravo,0,0.21263344592947586
598073,1,15,4,DJ Bravo,0,0.21483263404672373
598073,1,15,5,DJ Bravo,0,0.2430251267465084
598073,1,15,6,DJ Bravo,0,0.21533403239329366
598073,1,16,1,CH Morris,0,0.18996847722204807
598073,1,16,2,CH Morris,0,0.1968612963401449
598073,1,16,3,CH Morris,0,0.18513766090221323
598073,1,16,4,CH Morris,0,0.22874331961818495
598073,1,16,5,CH Morris,1,0.2716844887959561
598073,1,16,6,CH Morris,1,0.2779096785153504
598073,1,17,1,DJ Bravo,0,0.19389281359300362
598073,1,17,2,DJ Bravo,0,0.2741766087223465
598073,1,17,3,DJ Bravo,0,0.2772839985765659
598073,1,17,4,DJ Bravo,0,0.35848356082961674
598073,1,17,5,DJ Bravo,0,0.4904997827187345
598073,1,17,6,DJ Bravo,0,0.46902534771838084
598073,1,17,7,DJ Bravo,0,0.5174817604283823
598073,1,18,1,CH Morris,1,0.30475596619258943
598073,1,18,2,CH Morris,1,0.3550174687407402
598073,1,18,3,CH Morris,0,0.4155360522826881
598073,1,18,4,CH Morris,1,0.5476833429394354
598073,1,18,5,CH Morris,1,0.6757468053547119
598073,1,19,1,DJ Bravo,0,0.6077307717872428
598073,1,19,2,DJ Bravo,0,0.4935215152999155
598073,1,19,3,DJ Bravo,0,0.5248340119684591
598073,1,19,4,DJ Bravo,0,0.6037947756241223
598073,1,19,5,DJ Bravo,0,0.7262133863526549
598073,2,15,1,KA Pollard,0,0.05650314194794835
598073,2,15,2,KA Pollard,0,0.055793116503259285
598073,2,15,3,KA Pollard,0,0.05336643496987945
598073,2,15,4,KA Pollard,0,0.18624139255059952
598073,2,15,5,KA Pollard,0,0.19145688662080806
598073,2,15,6,KA Pollard,0,0.2335806439666147
598073,2,16,1,MG Johnson,0,0.24889768555748162
598073,2,16,2,MG Johnson,1,0.3175113788918862
598073,2,16,3,MG Johnson,1,0.4048006633684573
598073,2,16,4,MG Johnson,1,0.42338023678546044
598073,2,16,5,MG Johnson,1,0.4045194753882262
598073,2,16,6,MG Johnson,1,0.3473373040065015
598073,2,17,1,KA Pollard,0,0.28596791704061725
598073,2,17,2,KA Pollard,0,0.3940097930119028
598073,2,17,3,KA Pollard,0,0.35542075755977987
598073,2,17,4,KA Pollard,0,0.46721965755512007
598073,2,17,5,KA Pollard,0,0.40189860355906615
598073,2,17,6,KA Pollard,0,0.3821140167515686
598073,2,18,1,SL Malinga,1,0.4075980791808351
598073,2,18,2,SL Malinga,0,0.4078867008655109
598073,2,18,3,SL Malinga,1,0.3871328006188806
598073,2,18,4,SL Malinga,0,0.3648450356443968
598073,2,18,5,SL Malinga,1,0.4313414584045513
598073,2,18,6,SL Malinga,0,0.3956299746062365
598073,2,19,1,KA Pollard,0,0.36411624275326604
598073,2,19,2,KA Pollard,0,0.3665687134994785
598073,2,19,3,KA Pollard,0,0.405049020904496
598073,2,19,4,KA Pollard,0,0.41987203138763146
598073,2,19,5,KA Pollard,0,0.4233026041106347
598073,2,19,6,KA Pollard,0,0.5099555407078078
598073,2,19,7,KA Pollard,0,0.5072434308317554
729279,1,15,1,KA Pollard,0,0.5132151903298514
729279,1,15,2,KA Pollard,0,0.50034291647636
729279,1,15,3,KA Pollard,0,0.49886071199249854
729279,1,15,4,KA Pollard,0,0.44525095529711617
729279,1,15,5,KA Pollard,0,0.46115101414366194
729279,1,16,1,SL Malinga,0,0.16267967579727718
729279,1,16,2,SL Malinga,1,0.30792323544007644
729279,1,16,3,SL Malinga,1,0.330755303147907
729279,1,16,4,SL Malinga,1,0.3507738767612315
729279,1,16,5,SL Malinga,1,0.3412996721230732
729279,1,16,6,SL Malinga,1,0.3826566810110049
729279,1,17,1,Z Khan,0,0.12390829517642868
729279,1,17,2,Z Khan,0,0.177901378950111
729279,1,17,3,Z Khan,1,0.5155970987186524
729279,1,17,4,Z Khan,1,0.5698912263344362
729279,1,17,5,Z Khan,1,0.6969431993380466
729279,1,18,1,SL Malinga,1,0.3793617656549766
729279,1,18,2,SL Malinga,0,0.37341442088647003
729279,1,18,3,SL Malinga,0,0.3867176691338904
729279,1,18,4,SL Malinga,1,0.5080456510628438
729279,1,18,5,SL Malinga,1,0.6218404053517943
729279,1,18,6,SL Malinga,1,0.7412938878806049
729279,1,19,1,CJ Anderson,0,0.4863891793906338
729279,1,19,2,CJ Anderson,0,0.47334836685982645
729279,1,19,3,CJ Anderson,0,0.5313546598167969
729279,1,19,4,CJ Anderson,0,0.6261048071021816
729279,1,19,5,CJ Anderson,0,0.5960893266525481
729279,2,15,1,M Morkel,0,0.09994069307798814
729279,2,15,2,M Morkel,0,0.17570364378243508
729279,2,15,3,M Morkel,1,0.21930371545824665
729279,2,15,4,M Morkel,1,0.2557136042344354
729279,2,15,5,M Morkel,1,0.3228704089088325
729279,2,16,1,SP Narine,0,0.1307179771630739
729279,2,16,2,SP Narine,0,0.08438154848490602
729279,2,16,3,SP Narine,0,0.07961231116282251
729279,2,16,4,SP Narine,0,0.10961715562330522
729279,2,16,5,SP Narine,0,0.14294581184587116
729279,2,16,6,SP Narine,0,0.13421755486138606
729279,2,17,1,PP Chawla,1,0.12296509026166265
729279,2,17,2,PP Chawla,0,0.1167290514832247
729279,2,17,3,PP Chawla,0,0.13662191287212516
729279,2,17,4,PP Chawla,0,0.1267769666421
729279,2,17,5,PP Chawla,0,0.11324006412482629
729279,2,17,6,PP Chawla,1,0.1286010083876676
729279,2,17,7,PP Chawla,1,0.054282309158327255
729279,2,18,1,SP Narine,0,0.16872234388884724
729279,2,18,2,SP Narine,0,0.22179564138651706
729279,2,18,3,SP Narine,0,0.29395619562344877
729279,2,18,4,SP Narine,0,0.3242570093547864
729279,2,18,5,SP Narine,1,0.27078935095992024
729279,2,19,1,PP Chawla,1,0.04837020794150133
729279,2,19,2,PP Chawla,1,0.057455689874093205
729279,2,19,3,PP Chawla,1,0.051104827328032704
729279,2,19,4,PP Chawla,1,0.06454917439489671
729279,2,19,5,PP Chawla,1,0.07646484071908533
729289,1,15,1,JP Duminy,0,0.12275154775701046
729289,1,15,2,JP Duminy,0,0.2297963788275554
729289,1,15,3,JP Duminy,1,0.3902090141631907
729289,1,15,4,JP Duminy,1,0.34377445292523845
729289,1,15,5,JP Duminy,1,0.3591078551558936
729289,1,16,1,JD Unadkat,0,0.09875022360400124
729289,1,16,2,JD Unadkat,0,0.14546766644493583
729289,1,16,3,JD Unadkat,1,0.24393478274437394
729289,1,16,4,JD Unadkat,1,0.33005340944321565
729289,1,16,5,JD Unadkat,1,0.48182363463413524
729289,1,17,1,NM Coulter-Nile,0,0.059953190696462356
729289,1,17,2,NM Coulter-Nile,0,0.10357135754944101
729289,1,17,3,NM Coulter-Nile,0,0.16706057853346007
729289,1,17,4,NM Coulter-Nile,0,0.1779680696912102
729289,1,17,5,NM Coulter-Nile,0,0.1812280227810566
729289,1,17,6,NM Coulter-Nile,0,0.20397859945134988
729289,1,18,1,Mohammed Shami,1,0.3639315042814147
729289,1,18,2,Mohammed Shami,1,0.369984690225362
729289,1,18,3,Mohammed Shami,1,0.43244616002453384
729289,1,18,4,Mohammed Shami,1,0.5286426259288445
729289,1,18,5,Mohammed Shami,1,0.6735432175360444
729289,1,19,1,NM Coulter-Nile,0,0.24366765604575982
729289,1,19,2,NM Coulter-Nile,0,0.249517329935891
729289,1,19,3,NM Coulter-Nile,0,0.27827931454881283
729289,1,19,4,NM Coulter-Nile,0,0.3246535976363627
729289,1,19,5,NM Coulter-Nile,0,0.3708068269718338
729289,1,19,6,NM Coulter-Nile,0,0.3924327025150864
729289,1,19,7,NM Coulter-Nile,0,0.6848167569400919
729289,2,15,1,M Morkel,0,0.26866811710207705
729289,2,15,2,M Morkel,0,0.28204432899103093
729289,2,15,3,M Morkel,0,0.28204432899103093
729289,2,15,4,M Morkel,0,0.2900807115175757
729289,2,15,5,M Morkel,0,0.2980434529778699
729289,2,15,6,M Morkel,0,0.3127653578534501
729289,2,16,1,PP Chawla,1,0.46216966355420486
729289,2,16,2,PP Chawla,0,0.37587817261648293
729289,2,16,3,PP Chawla,0,0.3580658711968946
729289,2,16,4,PP Chawla,0,0.31801757261448105
729289,2,16,5,PP Chawla,1,0.4747233455761599
729289,2,16,6,PP Chawla,0,0.3528856172583924
729289,2,17,1,M Morkel,0,0.30526171434138755
729289,2,17,2,M Morkel,0,0.39730191798694037
729289,2,17,3,M Morkel,0,0.48729512611663134
729289,2,17,4,M Morkel,0,0.48729512611663134
729289,2,17,5,M Morkel,0,0.5489243175589196
729289,2,17,6,M Morkel,0,0.6522199731655297
729289,2,18,1,SP Narine,1,0.21481774498124845
729289,2,18,2,SP Narine,1,0.2412088159023575
729289,2,18,3,SP Narine,1,0.2682586934805308
729289,2,18,4,SP Narine,1,0.30754127889655
729289,2,18,5,SP Narine,1,0.29259105166697813
729289,2,19,1,PP Chawla,0,0.34046306307117113
729289,2,19,2,PP Chawla,0,0.40790500209647435
729295,1,15,1,B Kumar,0,0.09583889151266398
729295,1,15,2,B Kumar,0,0.10529843415743763
729295,1,15,3,B Kumar,0,0.1268331854592339
729295,1,15,4,B Kumar,0,0.1537335509233034
729295,1,15,5,B Kumar,0,0.18706630675494756
729295,1,15,6,B Kumar,0,0.16585355317567035
729295,1,16,1,DW Steyn,0,0.23749415514581151
729295,1,16,2,DW Steyn,0,0.2843106502032169
729295,1,16,3,DW Steyn,1,0.3843769126926619
729295,1,16,4,DW Steyn,1,0.39957913727826483
729295,1,16,5,DW Steyn,1,0.3750543469722374
729295,1,16,6,DW Steyn,1,0.4064771377346603
729295,1,17,1,A Mishra,0,0.6468163942716963
729295,1,17,2,A Mishra,1,0.7963865589160593
729295,1,17,3,A Mishra,1,0.7491442941197375
729295,1,17,4,A Mishra,0,0.6274224470938258
729295,1,17,5,A Mishra,0,0.6624842012685542
729295,1,17,6,A Mishra,1,0.7484633007811804
729295,1,18,1,DW Steyn,1,0.3680261665365648
729295,1,18,2,DW Steyn,1,0.4636394661600656
729295,1,18,3,DW Steyn,1,0.5129305893535464
729295,1,18,4,DW Steyn,1,0.60223071537725
729295,1,18,5,DW Steyn,1,0.6000774580862552
729295,1,18,6,DW Steyn,1,0.708726931739262
729295,1,19,1,B Kumar,0,0.20249555020096685
729295,1,19,2,B Kumar,0,0.22681369426248774
729295,1,19,3,B Kumar,1,0.27021970528246003
729295,1,19,4,B Kumar,1,0.27072057214388767
729295,1,19,5,B Kumar,1,0.28682739159322895
729295,2,15,1,MG Johnson,0,0.4577523960587594
729295,2,15,2,MG Johnson,0,0.46869427778352246
729295,2,15,3,MG Johnson,0,0.6169777713520358
729295,2,15,4,MG Johnson,0,0.6466384030231609
729295,2,15,5,MG Johnson,0,0.661898731618242
729295,2,15,6,MG Johnson,1,0.633904046548634
729295,2,16,1,Sandeep Sharma,1,0.5976223678254727
729295,2,16,2,Sandeep Sharma,1,0.6123872304193967
729295,2,16,3,Sandeep Sharma,1,0.7047991285941224
729295,2,16,4,Sandeep Sharma,0,0.7559471722857064
729295,2,16,5,Sandeep Sharma,1,0.8195656502942875
729295,2,17,1,MG Johnson,1,0.48962515333147083
729295,2,17,2,MG Johnson,1,0.5384508668242862
729295,2,17,3,MG Johnson,1,0.6245694915950272
729295,2,17,4,MG Johnson,1,0.6785097660008548
729295,2,17,5,MG Johnson,1,0.7785494524099402
729295,2,18,1,L Balaji,0,0.1480295990084669
729295,2,18,2,L Balaji,1,0.17449044129978447
729295,2,18,3,L Balaji,0,0.23622943505008448
729295,2,18,4,L Balaji,0,0.26988872028943356
729295,2,18,5,L Balaji,0,0.33512869271859336
729295,2,19,1,R Dhawan,1,0.5585302329886744
729297,1,15,1,SR Watson,1,0.10526915935295138
729297,1,15,2,SR Watson,1,0.10825325253866075
729297,1,15,3,SR Watson,1,0.10825325253866075
729297,1,15,4,SR Watson,0,0.055496270333693636
729297,1,15,5,SR Watson,0,0.05955270154659312
729297,1,16,1,DS Kulkarni,0,0.011764528609166863
729297,1,16,2,DS Kulkarni,0,0.04276431971031977
729297,1,16,3,DS Kulkarni,0,0.02781649944172231
729297,1,16,4,DS Kulkarni,0,0.04915966047955043
729297,1,16,5,DS Kulkarni,0,0.07216260125463707
729297,1,16,6,DS Kulkarni,0,0.09765944388607245
729297,1,16,7,DS Kulkarni,0,0.11894847548462213
729297,1,16,8,DS Kulkarni,1,0.1418003885441599
729297,1,16,9,DS Kulkarni,1,0.14473042694162908
729297,1,17,1,TG Southee,1,0.14666165523632158
729297,1,17,2,TG Southee,1,0.15997121568308637
729297,1,17,3,TG Southee,0,0.14685679883075908
729297,1,17,4,TG Southee,0,0.14220787447264963
729297,1,17,5,TG Southee,0,0.15402333363899415
729297,1,17,6,TG Southee,0,0.1478507890072673
729297,1,18,1,JP Faulkner,1,0.534178039478831
729297,1,18,2,JP Faulkner,1,0.5971739457618394
729297,1,18,3,JP Faulkner,1,0.5520596162438935
729297,1,18,4,JP Faulkner,1,0.548781404808856
729297,1,18,5,JP Faulkner,1,0.548781404808856
729297,1,19,1,TG Southee,0,0.14723197743423386
729297,1,19,2,TG Southee,0,0.17491509425013743
729297,1,19,3,TG Southee,0,0.21108141523832802
729297,1,19,4,TG Southee,0,0.2675303235026758
729297,1,19,5,TG Southee,0,0.4519448803619221
729297,1,19,6,TG Southee,0,0.4626336130092325
729297,2,15,1,R Ashwin,0,0.011396163305598473
729297,2,15,2,R Ashwin,0,0.04416476504546792
729297,2,15,3,R Ashwin,0,0.038901575554097324
729297,2,15,4,R Ashwin,0,0.04474658097729501
729297,2,15,5,R Ashwin,0,0.04416476504546792
729297,2,15,6,R Ashwin,0,0.052786956315461785
729297,2,15,7,R Ashwin,0,0.09532954378003249
729297,2,16,1,RA Jadeja,0,0.4890922946532302
729297,2,16,2,RA Jadeja,0,0.6003155683924118
729297,2,16,3,RA Jadeja,0,0.6782683059281259
729297,2,16,4,RA Jadeja,0,0.7647828748594374
729297,2,16,5,RA Jadeja,0,0.8327755456266398
729297,2,17,1,R Ashwin,0,0.044403888688421204
729297,2,17,2,R Ashwin,0,0.09584168192238085
729297,2,17,3,R Ashwin,0,0.17312452184193727
729297,2,17,4,R Ashwin,0,0.2815435909570638
729297,2,17,5,R Ashwin,0,0.23255624241325423
729297,2,17,6,R Ashwin,0,0.214011581272527
729297,2,18,1,BW Hilfenhaus,1,0.5083182553957862
729297,2,18,2,BW Hilfenhaus,1,0.4430247576303196
729297,2,18,3,BW Hilfenhaus,1,0.6057730255964003
729297,2,18,4,BW Hilfenhaus,0,0.6812950969087551
729297,2,18,5,BW Hilfenhaus,0,0.7974219838515569
729297,2,19,1,R Ashwin,0,0.21480648246506567
729297,2,19,2,R Ashwin,0,0.40841645060531795
729297,2,19,3,R Ashwin,0,0.44712074420129266
729297,2,19,4,R Ashwin,1,0.727192676442853
729299,1,15,1,YS Chahal,0,0.4390634080199354
729299,1,15,2,YS Chahal,0,0.5178778407464724
729299,1,15,3,YS Chahal,0,0.6002024570292672
729299,1,15,4,YS Chahal,0,0.7374777069118303
729299,1,15,5,YS Chahal,0,0.8032034228098834
729299,1,16,1,MA Starc,0,0.1522652970915945
729299,1,16,2,MA Starc,0,0.18105372243442888
729299,1,16,3,MA Starc,0,0.18052374837238563
729299,1,16,4,MA Starc,0,0.34534975910264165
729299,1,16,5,MA Starc,0,0.35140151544661613
729299,1,16,6,MA Starc,1,0.45930461343828693
729299,1,17,1,VR Aaron,0,0.22589922575437746
729299,1,17,2,VR Aaron,0,0.25891149975261696
729299,1,17,3,VR Aaron,0,0.3213510721582316
729299,1,17,4,VR Aaron,0,0.4107936630909607
729299,1,17,5,VR Aaron,0,0.40797257584814034
729299,1,17,6,VR Aaron,0,0.43246959431214554
729299,1,18,1,AB Dinda,1,0.31993499670078424
729299,1,18,2,AB Dinda,1,0.3110275853461714
729299,1,18,3,AB Dinda,1,0.3637044389758361
729299,1,18,4,AB Dinda,1,0.4829824022118421
729299,1,18,5,AB Dinda,1,0.649889572731815
729299,1,19,1,MA Starc,1,0.35957484185110344
729299,1,19,2,MA Starc,1,0.36704010377806834
729299,1,19,3,MA Starc,1,0.3326918914282861
729299,1,19,4,MA Starc,1,0.3828397112142457
729299,1,19,5,MA Starc,1,0.4779242115053675
729299,1,19,6,MA Starc,1,0.537010653229974
729299,2,15,1,SP Narine,0,0.19197816634383985
729299,2,15,2,SP Narine,0,0.18617070064770813
729299,2,15,3,SP Narine,0,0.264371541553903
729299,2,15,4,SP Narine,1,0.32008935880345807
729299,2,15,5,SP Narine,0,0.4727959836673363
729299,2,16,1,JH Kallis,1,0.46308592917858477
729299,2,16,2,JH Kallis,1,0.4731229532201011
729299,2,16,3,JH Kallis,1,0.5178221886197928
729299,2,16,4,JH Kallis,1,0.5741460268611952
729299,2,16,5,JH Kallis,1,0.66014214564474
729299,2,17,1,R Vinay Kumar,0,0.2693885912675153
729299,2,17,2,R Vinay Kumar,0,0.2684110857092809
729299,2,17,3,R Vinay Kumar,0,0.15805019765867445
729299,2,17,4,R Vinay Kumar,1,0.3982611328304055
729299,2,17,5,R Vinay Kumar,1,0.39378412204410274
729299,2,17,6,R Vinay Kumar,1,0.39378412204410274
729299,2,18,1,UT Yadav,1,0.5515951319526209
729299,2,18,2,UT Yadav,1,0.538130297127054
729299,2,18,3,UT Yadav,1,0.490481719638197
729299,2,18,4,UT Yadav,1,0.46080351643495226
729299,2,18,5,UT Yadav,1,0.527014802423339
729299,2,18,6,UT Yadav,1,0.6104530681867998
729299,2,19,1,R Vinay Kumar,1,0.3402327607351021
729299,2,19,2,R Vinay Kumar,1,0.42841745819375293
729299,2,19,3,R Vinay Kumar,1,0.4873269552535165
729299,2,19,4,R Vinay Kumar,0,0.5083943036110659
729299,2,19,5,R Vinay Kumar,1,0.5729748543813954
729301,1,15,1,WD Parnell,0,0.6630474383521116
729301,1,15,2,WD Parnell,0,0.655980407603987
729301,1,15,3,WD Parnell,0,0.6529504838145264
729301,1,15,4,WD Parnell,0,0.6861060328520573
729301,1,15,5,WD Parnell,1,0.7578148726921661
729301,1,16,1,S Nadeem,0,0.1938597666534002
729301,1,16,2,S Nadeem,0,0.28803185145729204
729301,1,16,3,S Nadeem,1,0.4345917190469595
729301,1,16,4,S Nadeem,1,0.5370000823353918
729301,1,16,5,S Nadeem,0,0.42832765063354916
729301,1,17,1,JD Unadkat,0,0.11745357538805105
729301,1,17,2,JD Unadkat,0,0.12661830430192034
729301,1,17,3,JD Unadkat,0,0.17588439024832578
729301,1,17,4,JD Unadkat,0,0.2589845088600695
729301,1,17,5,JD Unadkat,0,0.3574435698432826
729301,1,17,6,JD Unadkat,1,0.4264767250469265
729301,1,18,1,Mohammed Shami,0,0.38958887521384633
729301,1,18,2,Mohammed Shami,0,0.29446216710511
729301,1,18,3,Mohammed Shami,0,0.3381826483392703
729301,1,18,4,Mohammed Shami,0,0.44639083330187607
729301,1,18,5,Mohammed Shami,0,0.621011486608738
729301,1,19,1,JD Unadkat,0,0.40987728935699114
729301,1,19,2,JD Unadkat,0,0.38276866041784596
729301,1,19,3,JD Unadkat,0,0.34937724492766725
729301,1,19,4,JD Unadkat,0,0.4049124185228431
729301,1,19,5,JD Unadkat,0,0.5356655624816865
729301,2,15,1,DJG Sammy,1,0.7486135442100956
729301,2,15,2,DJG Sammy,0,0.7494754960363471
729301,2,15,3,DJG Sammy,0,0.7531299399495482
729301,2,15,4,DJG Sammy,0,0.6257220559783806
729301,2,15,5,DJG Sammy,0,0.6438571496690637
729301,2,16,1,DW Steyn,0,0.26398205643175354
729301,2,16,2,DW Steyn,1,0.4081667347864094
729301,2,16,3,DW Steyn,0,0.3388592694161874
729301,2,16,4,DW Steyn,0,0.4018199249695435
729301,2,16,5,DW Steyn,0,0.4064585264350971
729301,2,16,6,DW Steyn,0,0.370485634085153
729301,2,17,1,A Mishra,0,0.19515727447934844
729301,2,17,2,A Mishra,0,0.31934391474717233
729301,2,17,3,A Mishra,0,0.3795804468971135
729301,2,17,4,A Mishra,0,0.4919716991244623
729301,2,17,5,A Mishra,1,0.46105785121104265
729301,2,17,6,A Mishra,1,0.6034583550877669
729301,2,18,1,DW Steyn,0,0.3729888083634744
729301,2,18,2,DW Steyn,0,0.435781585889726
729301,2,18,3,DW Steyn,0,0.4772270306459107
729301,2,18,4,DW Steyn,1,0.5848598096218458
729301,2,18,5,DW Steyn,1,0.7146293019165342
729301,2,19,1,B Kumar,0,0.3645473587823492
729301,2,19,2,B Kumar,0,0.34543986798294013
729301,2,19,3,B Kumar,0,0.35519580142446416
729301,2,19,4,B Kumar,0,0.443460040977018
729301,2,19,5,B Kumar,0,0.5433739553688525
729309,1,15,1,Mohammed Shami,0,0.14030583269867813
729309,1,15,2,Mohammed Shami,0,0.22961562100146934
729309,1,15,3,Mohammed Shami,0,0.254663605280469
729309,1,15,4,Mohammed Shami,0,0.3059956190345058
729309,1,15,5,Mohammed Shami,0,0.3071441655116348
729309,1,15,6,Mohammed Shami,0,0.4625731833472427
729309,1,16,1,JD Unadkat,0,0.1133885995008945
729309,1,16,2,JD Unadkat,0,0.1199992307991193
729309,1,16,3,JD Unadkat,0,0.10453663405275387
729309,1,16,4,JD Unadkat,0,0.24446537361011822
729309,1,16,5,JD Unadkat,0,0.2656640564214568
729309,1,16,6,JD Unadkat,0,0.2251030795111312
729309,1,17,1,WD Parnell,0,0.11199337767898611
729309,1,17,2,WD Parnell,0,0.16168704664794067
729309,1,17,3,WD Parnell,0,0.17482104238563087
729309,1,17,4,WD Parnell,1,0.17771342091884568
729309,1,17,5,WD Parnell,1,0.24776219042286543
729309,1,17,6,WD Parnell,1,0.27484538173700457
729309,1,18,1,Mohammed Shami,0,0.2815842682197507
729309,1,18,2,Mohammed Shami,0,0.2943933638814826
729309,1,18,3,Mohammed Shami,0,0.3784077575579317
729309,1,18,4,Mohammed Shami,0,0.50042606476473
729309,1,18,5,Mohammed Shami,0,0.6235113059086163
729309,1,19,1,JD Unadkat,0,0.10544823862669092
729309,1,19,2,JD Unadkat,0,0.11839851710428513
729309,1,19,3,JD Unadkat,0,0.27292499744381127
729309,1,19,4,JD Unadkat,1,0.4298881450114608
729309,1,19,5,JD Unadkat,1,0.584032568133538
729309,2,15,1,SL Malinga,0,0.12862940919947866
729309,2,15,2,SL Malinga,0,0.25294327737539696
729309,2,15,3,SL Malinga,1,0.23926392723669976
729309,2,15,4,SL Malinga,0,0.2929079374306368
729309,2,15,5,SL Malinga,0,0.2971826689245629
729309,2,15,6,SL Malinga,0,0.257010577737122
729309,2,16,1,Z Khan,0,0.03290652717134687
729309,2,16,2,Z Khan,0,0.030831996991233047
729309,2,16,3,Z Khan,0,0.20382782249024287
729309,2,16,4,Z Khan,0,0.18282595124441725
729309,2,16,5,Z Khan,0,0.2216851818829231
729309,2,16,6,Z Khan,0,0.1675062821875627
729309,2,17,1,SL Malinga,0,0.25515866345820526
729309,2,17,2,SL Malinga,0,0.3275856518607401
729309,2,17,3,SL Malinga,1,0.3687099454562442
729309,2,17,4,SL Malinga,0,0.4210723526355478
729309,2,17,5,SL Malinga,0,0.4232860895764217
729309,2,18,1,Z Khan,0,0.1837950781317232
729309,2,18,2,Z Khan,0,0.1666679050708198
729309,2,18,3,Z Khan,0,0.1915076435018827
729309,2,18,4,Z Khan,0,0.17584438223606838
733977,1,15,1,HV Patel,0,0.4440343356163227
733977,1,15,2,HV Patel,0,0.5360829165575158
733977,1,15,3,HV Patel,1,0.5171391994110146
733977,1,15,4,HV Patel,1,0.5913329382551736
733977,1,15,5,HV Patel,1,0.7461109087593635
733977,1,16,1,MA Starc,0,0.11556629537383346
733977,1,16,2,MA Starc,0,0.07928671209319603
733977,1,16,3,MA Starc,0,0.18440965990752847
733977,1,16,4,MA Starc,0,0.23585252414874533
733977,1,16,5,MA Starc,0,0.25248919597799213
733977,1,16,6,MA Starc,0,0.44891884228481316
733977,1,17,1,AB Dinda,0,0.3910000012186824
733977,1,17,2,AB Dinda,0,0.44619030333580556
733977,1,17,3,AB Dinda,0,0.5142118397239411
733977,1,17,4,AB Dinda,0,0.5736098047473074
733977,1,17,5,AB Dinda,0,0.6996346438305522
733977,1,18,1,VR Aaron,0,0.37844077534907256
733977,1,18,2,VR Aaron,0,0.41507713721585643
733977,1,18,3,VR Aaron,0,0.48304389583665136
733977,1,18,4,VR Aaron,0,0.5723481129886931
733977,1,18,5,VR Aaron,1,0.7026786698655536
733977,1,18,6,VR Aaron,1,0.6780757940253181
733977,1,19,1,MA Starc,0,0.4053973672213721
733977,1,19,2,MA Starc,0,0.5055157742893386
733977,1,19,3,MA Starc,0,0.5266626247951997
733977,1,19,4,MA Starc,0,0.5740884155786333
733977,1,19,5,MA Starc,0,0.5646836147260634
733977,2,15,1,DJG Sammy,0,0.40236667391139846
733977,2,15,2,DJG Sammy,0,0.3923628319525131
733977,2,15,3,DJG Sammy,0,0.3833041294610272
733977,2,15,4,DJG Sammy,0,0.4065984156947754
733977,2,15,5,DJG Sammy,1,0.5728883143952858
733977,2,16,1,DW Steyn,0,0.24697607050578585
733977,2,16,2,DW Steyn,0,0.26978239092659034
733977,2,16,3,DW Steyn,0,0.24889314740740243
733977,2,16,4,DW Steyn,0,0.24570474557974456
733977,2,16,5,DW Steyn,0,0.2759324989652595
733977,2,16,6,DW Steyn,0,0.3188240838400899
733977,2,17,1,B Kumar,0,0.15278887015770268
733977,2,17,2,B Kumar,0,0.23929302548471126
733977,2,17,3,B Kumar,0,0.3334125423546601
733977,2,17,4,B Kumar,0,0.39798990762446423
733977,2,17,5,B Kumar,0,0.4201508287251412
733977,2,18,1,DW Steyn,0,0.3117274826647191
733977,2,18,2,DW Steyn,0,0.32661846843563835
733977,2,18,3,DW Steyn,0,0.36833437196947477
733977,2,18,4,DW Steyn,0,0.4854776026092335
733977,2,18,5,DW Steyn,0,0.6119391909518977
733977,2,19,1,IK Pathan,0,0.34545315881644656
733977,2,19,2,IK Pathan,0,0.3493269091815605
733977,2,19,3,IK Pathan,0,0.3550427951704905
733977,2,19,4,IK Pathan,0,0.3337055563652891
733985,1,15,1,SP Narine,0,0.3173442377319517
733985,1,15,2,SP Narine,0,0.2295371240495946
733985,1,15,3,SP Narine,0,0.26347936430909924
733985,1,15,4,SP Narine,0,0.33187699028422957
733985,1,15,5,SP Narine,0,0.2634323872655375
733985,1,15,6,SP Narine,0,0.24881717722581478
733985,1,16,1,R Vinay Kumar,0,0.5210655329684337
733985,1,16,2,R Vinay Kumar,0,0.49372707082327033
733985,1,16,3,R Vinay Kumar,1,0.5027173976979058
733985,1,16,4,R Vinay Kumar,1,0.4912986719162207
733985,1,16,5,R Vinay Kumar,1,0.5013206466762498
733985,1,17,1,SP Narine,0,0.250993533520989
733985,1,17,2,SP Narine,0,0.3930831193410454
733985,1,17,3,SP Narine,0,0.4021589955210825
733985,1,17,4,SP Narine,0,0.32932718868602046
733985,1,17,5,SP Narine,0,0.4560194267384521
733985,1,17,6,SP Narine,0,0.34672272075342736
733985,1,18,1,JH Kallis,1,0.4765014198356724
733985,1,18,2,JH Kallis,1,0.471340679577492
733985,1,18,3,JH Kallis,1,0.4224546135293887
733985,1,18,4,JH Kallis,1,0.47880273249187544
733985,1,18,5,JH Kallis,1,0.6156617958356476
733985,1,19,1,SP Narine,0,0.3385074682307193
733985,1,19,2,SP Narine,0,0.34371315091357746
733985,1,19,3,SP Narine,0,0.37227730142597865
733985,1,19,4,SP Narine,0,0.42984749290265417
733985,1,19,5,SP Narine,0,0.5816928944628466
733985,2,15,1,S Kaul,0,0.4990154994933603
733985,2,15,2,S Kaul,0,0.515836870592652
733985,2,15,3,S Kaul,0,0.5181754914057927
733985,2,15,4,S Kaul,0,0.5204260686573943
733985,2,15,5,S Kaul,1,0.5552843280846665
733985,2,16,1,JP Duminy,0,0.6188309000811912
733985,2,16,2,JP Duminy,1,0.6279990801676686
733985,2,16,3,JP Duminy,0,0.5430030971138904
733985,2,16,4,JP Duminy,0,0.6234289404800081
733985,2,16,5,JP Duminy,1,0.6187069909205144
733985,2,17,1,WD Parnell,0,0.4358682065480547
733985,2,17,2,WD Parnell,0,0.39486723849619215
733985,2,17,3,WD Parnell,0,0.3725457015297936
733985,2,17,4,WD Parnell,0,0.3640195039911143
733985,2,17,5,WD Parnell,0,0.35002871706107236
733985,2,18,1,S Nadeem,1,0.5811419477306925
734031,1,15,1,S Nadeem,1,0.5312852191104606
734031,1,15,2,S Nadeem,1,0.537086840494088
734031,1,15,3,S Nadeem,1,0.6109252258104038
734031,1,15,4,S Nadeem,1,0.632676968846455
734031,1,15,5,S Nadeem,1,0.7653441230170982
734031,1,16,1,Imran Tahir,1,0.6542736748451353
734031,1,16,2,Imran Tahir,1,0.8056162821613032
734031,1,16,3,Imran Tahir,1,0.7265830338479009
734031,1,16,4,Imran Tahir,1,0.6323011524247977
734031,1,16,5,Imran Tahir,1,0.6399416557063059
734031,1,16,6,Imran Tahir,1,0.6363727805797306
734031,1,17,1,WD Parnell,1,0.30638607811448304
734031,1,17,2,WD Parnell,1,0.3366572254764241
734031,1,17,3,WD Parnell,1,0.31763906989708196
734031,1,17,4,WD Parnell,0,0.3160441320348245
734031,1,17,5,WD Parnell,1,0.405578753194343
734031,1,17,6,WD Parnell,1,0.42113075949924195
734031,1,18,1,Imran Tahir,1,0.6919391399388138
734031,1,18,2,Imran Tahir,1,0.6629060498079777
734031,1,18,3,Imran Tahir,1,0.6305390436969296
734031,1,18,4,Imran Tahir,1,0.6551242789906606
734031,1,18,5,Imran Tahir,1,0.7583070582984247
734031,1,19,1,WD Parnell,1,0.3915957403348282
734031,1,19,2,WD Parnell,1,0.374822380692634
734031,2,15,1,PP Ojha,0,0.4297461453968088
734031,2,15,2,PP Ojha,0,0.46422216731446586
734031,2,15,3,PP Ojha,1,0.5915656512001666
734031,2,15,4,PP Ojha,1,0.6204181301789397
734031,2,15,5,PP Ojha,1,0.7355847402092506
734031,2,16,1,Harbhajan Singh,0,0.40535786540392515
734031,2,16,2,Harbhajan Singh,0,0.5053705217063357
734031,2,16,3,Harbhajan Singh,0,0.5826038829430018
734031,2,16,4,Harbhajan Singh,0,0.6549759797980268
734031,2,16,5,Harbhajan Singh,0,0.7412395298169735
734031,2,17,1,JJ Bumrah,0,0.39818754594822375
734031,2,17,2,JJ Bumrah,0,0.40514759110374865
734031,2,17,3,JJ Bumrah,0,0.5167524836835322
734031,2,17,4,JJ Bumrah,0,0.5154440808281061
734031,2,17,5,JJ Bumrah,0,0.49525844476037645
734031,2,17,6,JJ Bumrah,1,0.5600672953836391
734031,2,18,1,M de Lange,1,0.5715711527186021
734031,2,18,2,M de Lange,1,0.5948742947078812
734031,2,18,3,M de Lange,1,0.5286807150496079
734031,2,18,4,M de Lange,1,0.5776387980906106
734031,2,18,5,M de Lange,1,0.6215774887546737
734031,2,18,6,M de Lange,0,0.7295879213482029
734031,2,19,1,JJ Bumrah,1,0.5873866141863816
734031,2,19,2,JJ Bumrah,0,0.5531780209184737
734031,2,19,3,JJ Bumrah,0,0.5818083230672273
734031,2,19,4,JJ Bumrah,1,0.596650534974899
734031,2,19,5,JJ Bumrah,1,0.6813254422334118
829707,1,15,1,A Mishra,1,0.18845624307435013
829707,1,15,2,A Mishra,1,0.31153930018634796
829707,1,15,3,A Mishra,1,0.35779629171387756
829707,1,15,4,A Mishra,1,0.39859965053834523
829707,1,15,5,A Mishra,1,0.3613211578478537
829707,1,16,1,DJ Muthuswami,1,0.16603211695267583
829707,1,16,2,DJ Muthuswami,1,0.1790855042377339
829707,1,16,3,DJ Muthuswami,1,0.17347307735776146
829707,1,16,4,DJ Muthuswami,1,0.18625579009599608
829707,1,16,5,DJ Muthuswami,1,0.1892442424149527
829707,1,17,1,NM Coulter-Nile,0,0.08713515106310268
829707,1,17,2,NM Coulter-Nile,0,0.09752271181028282
829707,1,17,3,NM Coulter-Nile,0,0.1013257738194656
829707,1,17,4,NM Coulter-Nile,0,0.1057457912776781
829707,1,17,5,NM Coulter-Nile,0,0.1337403855893366
829707,1,17,6,NM Coulter-Nile,0,0.13216113561992085
829707,1,18,1,Imran Tahir,0,0.15222948219717908
829707,1,18,2,Imran Tahir,0,0.18446909385551594
829707,1,18,3,Imran Tahir,0,0.28795047003645247
829707,1,18,4,Imran Tahir,0,0.39782812849479393
829707,1,18,5,Imran Tahir,0,0.5503983068066993
829707,1,19,1,NM Coulter-Nile,0,0.1542759129421734
829707,1,19,2,NM Coulter-Nile,0,0.1926760325412873
829707,1,19,3,NM Coulter-Nile,0,0.26565238448609985
829707,1,19,4,NM Coulter-Nile,1,0.48396972902709356
829707,1,19,5,NM Coulter-Nile,0,0.7007155218150128
829707,2,15,1,IC Pandey,0,0.5159478478042935
829707,2,15,2,IC Pandey,0,0.5508838550852125
829707,2,15,3,IC Pandey,0,0.6133628090179016
829707,2,15,4,IC Pandey,0,0.6484113067714945
829707,2,15,5,IC Pandey,1,0.7329855886438418
829707,2,16,1,DJ Bravo,0,0.24051532556320657
829707,2,16,2,DJ Bravo,0,0.23427689673705296
829707,2,16,3,DJ Bravo,0,0.24841165420399222
829707,2,16,4,DJ Bravo,0,0.2912404954805692
829707,2,16,5,DJ Bravo,0,0.29281180537697504
829707,2,16,6,DJ Bravo,0,0.29281180537697504
829707,2,17,1,R Ashwin,1,0.3662843145417846
829707,2,17,2,R Ashwin,1,0.4234257564602801
829707,2,17,3,R Ashwin,1,0.46368060978883896
829707,2,17,4,R Ashwin,1,0.49449108329269303
829707,2,17,5,R Ashwin,1,0.5597680785258428
829707,2,17,6,R Ashwin,1,0.6471646845552671
829707,2,18,1,A Nehra,0,0.2644490745936828
829707,2,18,2,A Nehra,0,0.2588233619745299
829707,2,18,3,A Nehra,0,0.25361336602808937
829707,2,18,4,A Nehra,0,0.29011603170816086
829707,2,18,5,A Nehra,0,0.44142049740865397
829707,2,18,6,A Nehra,0,0.6283825998828777
829707,2,19,1,DJ Bravo,0,0.41774478096255785
829707,2,19,2,DJ Bravo,0,0.3975737124202744
829707,2,19,3,DJ Bravo,0,0.4437319933025402
829707,2,19,4,DJ Bravo,0,0.5060119954361821
829707,2,19,5,DJ Bravo,0,0.5522046147004903
829713,1,15,1,YS Chahal,0,0.26762127980888084
829713,1,15,2,YS Chahal,0,0.3433176289635476
829713,1,15,3,YS Chahal,0,0.3856146910334017
829713,1,15,4,YS Chahal,0,0.48923105916790455
829713,1,15,5,YS Chahal,0,0.6091667030468954
829713,1,16,1,HV Patel,0,0.23376899757886585
829713,1,16,2,HV Patel,0,0.2450389606629229
829713,1,16,3,HV Patel,0,0.2636840012910133
829713,1,16,4,HV Patel,0,0.2902267100029523
829713,1,16,5,HV Patel,0,0.26583214827635154
829713,1,16,6,HV Patel,0,0.27291629488097324
829713,1,17,1,AN Ahmed,0,0.2590756112606041
829713,1,17,2,AN Ahmed,0,0.29156477735211345
829713,1,17,3,AN Ahmed,0,0.3302471407395804
829713,1,17,4,AN Ahmed,0,0.29385977071474273
829713,1,17,5,AN Ahmed,1,0.5316794482793167
829713,1,18,1,HV Patel,1,0.3836279610285941
829713,1,18,2,HV Patel,1,0.37205873950060964
829713,1,18,3,HV Patel,0,0.350544626617051
829713,1,18,4,HV Patel,0,0.45816914535873443
829713,1,18,5,HV Patel,0,0.5412982173849004
829713,1,19,1,VR Aaron,0,0.2382749880775305
829713,1,19,2,VR Aaron,0,0.28515757136228503
829713,1,19,3,VR Aaron,0,0.35786719377731974
829713,1,19,4,VR Aaron,0,0.4378279567939016
829713,1,19,5,VR Aaron,0,0.49821902209294977
829713,1,19,6,VR Aaron,0,0.5167738048083902
829713,2,15,1,YK Pathan,0,0.4916654310314091
829713,2,15,2,YK Pathan,1,0.5495827048710549
829713,2,15,3,YK Pathan,1,0.5655867776775243
829713,2,15,4,YK Pathan,1,0.6118583271722364
829713,2,15,5,YK Pathan,1,0.6915694921466862
829713,2,16,1,Shakib Al Hasan,0,0.02986972820820826
829713,2,16,2,Shakib Al Hasan,0,0.05305014249684391
829713,2,16,3,Shakib Al Hasan,0,0.0475578571093792
829713,2,16,4,Shakib Al Hasan,0,0.027674304552446734
829713,2,16,5,Shakib Al Hasan,0,0.3344433728422981
829713,2,16,6,Shakib Al Hasan,1,0.4446121171590112
829713,2,17,1,SP Narine,0,0.1540766304435986
829713,2,17,2,SP Narine,0,0.3192160107480173
829713,2,17,3,SP Narine,0,0.2752126533144603
829713,2,17,4,SP Narine,0,0.29569520390614196
829713,2,17,5,SP Narine,0,0.24447218359345715
829713,2,18,1,M Morkel,0,0.33966401410224384
829713,2,18,2,M Morkel,0,0.4294926265574558
829713,2,18,3,M Morkel,0,0.47636781171527876
829713,2,18,4,M Morkel,0,0.5398150200047287
829713,2,18,5,M Morkel,0,0.6215418533025754
829721,1,15,1,TG Southee,0,0.3095022483375635
829721,1,15,2,TG Southee,0,0.3774296710051544
829721,1,15,3,TG Southee,0,0.37411841565717774
829721,1,15,4,TG Southee,0,0.49902406635315244
829721,1,15,5,TG Southee,0,0.4835642543901677
829721,1,15,6,TG Southee,0,0.4160836730741736
829721,1,16,1,JP Faulkner,0,0.23209986157324144
829721,1,16,2,JP Faulkner,1,0.3020177354612237
829721,1,16,3,JP Faulkner,0,0.2743780768145522
829721,1,16,4,JP Faulkner,1,0.3750418972123426
829721,1,16,5,JP Faulkner,0,0.3580825981362233
829721,1,17,1,PV Tambe,0,0.2893495672710789
829721,1,17,2,PV Tambe,1,0.30971672795342386
829721,1,17,3,PV Tambe,1,0.3181015861206565
829721,1,17,4,PV Tambe,0,0.3332577290933873
829721,1,17,5,PV Tambe,1,0.3321539678208871
829721,1,18,1,TG Southee,0,0.38727419215765324
829721,1,18,2,TG Southee,0,0.49003104916288087
829721,1,18,3,TG Southee,0,0.4551585910823022
829721,1,18,4,TG Southee,1,0.6272211649774339
829721,1,18,5,TG Southee,1,0.6880694752595297
829721,1,19,1,CH Morris,0,0.309174067828218
829721,1,19,2,CH Morris,0,0.322480482689457
829721,1,19,3,CH Morris,1,0.31233803664395704
829721,1,19,4,CH Morris,1,0.427912946855044
829721,1,19,5,CH Morris,1,0.5405159035666586
829721,2,15,1,P Suyal,0,0.4112017681230742
829721,2,15,2,P Suyal,0,0.41847885017508696
829721,2,15,3,P Suyal,0,0.48093693761441025
829721,2,15,4,P Suyal,0,0.42140744986783263
829721,2,15,5,P Suyal,0,0.4009756781873786
829721,2,15,6,P Suyal,0,0.43098719688960696
829721,2,15,7,P Suyal,1,0.43386140505835064
829721,2,15,8,P Suyal,0,0.4360959599396266
829721,2,16,1,SL Malinga,0,0.367094217306803
829721,2,16,2,SL Malinga,0,0.455099799258537
829721,2,16,3,SL Malinga,0,0.44489964651303926
829721,2,16,4,SL Malinga,1,0.4960185533070082
829721,2,16,5,SL Malinga,0,0.467249653820752
829721,2,16,6,SL Malinga,0,0.45934350927247697
829721,2,17,1,P Suyal,0,0.36038460584665694
829721,2,17,2,P Suyal,0,0.3363902519281469
829721,2,17,3,P Suyal,0,0.36893804577730555
829721,2,17,4,P Suyal,0,0.44551614654177246
829721,2,17,5,P Suyal,0,0.5793928384668489
829721,2,18,1,SL Malinga,0,0.4519099134421012
829721,2,18,2,SL Malinga,1,0.4643134633659579
829721,2,18,3,SL Malinga,0,0.4391346345926856
829721,2,18,4,SL Malinga,0,0.5166314635530087
829721,2,18,5,SL Malinga,0,0.6352711391700546
829729,1,15,1,DJ Bravo,1,0.6658174910062687
829729,1,15,2,DJ Bravo,1,0.6426200704252665
829729,1,15,3,DJ Bravo,1,0.6236922989314642
829729,1,15,4,DJ Bravo,1,0.6658218891034492
829729,1,15,5,DJ Bravo,1,0.631931182882832
829729,1,15,6,DJ Bravo,1,0.5665586251827014
829729,1,16,1,IC Pandey,0,0.031730999840983674
829729,1,16,2,IC Pandey,0,0.16484331873437
829729,1,16,3,IC Pandey,0,0.12076405634838226
829729,1,16,4,IC Pandey,0,0.23552237067276335
829729,1,16,5,IC Pandey,0,0.2385581365274226
829729,1,17,1,DJ Bravo,1,0.3984367182100147
829729,1,17,2,DJ Bravo,1,0.40319578181835963
829729,1,17,3,DJ Bravo,1,0.38427626475341214
829729,1,17,4,DJ Bravo,1,0.37469604467917755
829729,1,17,5,DJ Bravo,0,0.3870884741758668
829729,1,17,6,DJ Bravo,0,0.2712206014043327
829729,1,18,1,MM Sharma,0,0.4703435586070753
829729,1,18,2,MM Sharma,0,0.48266108038389227
829729,1,18,3,MM Sharma,0,0.5086227193348101
829729,1,18,4,MM Sharma,0,0.5669588861194446
829729,1,18,5,MM Sharma,1,0.7289656250018255
829729,1,19,1,DJ Bravo,0,0.30011961751326277
829729,1,19,2,DJ Bravo,1,0.3463199694318448
829729,1,19,3,DJ Bravo,1,0.4590646496848176
829729,1,19,4,DJ Bravo,1,0.5234030488947121
829729,1,19,5,DJ Bravo,1,0.6324159967179134
829729,2,15,1,P Suyal,1,0.5287037816007485
829729,2,15,2,P Suyal,1,0.4767761434203688
829729,2,15,3,P Suyal,1,0.4849435744078564
829729,2,15,4,P Suyal,1,0.4736357118205878
829729,2,15,5,P Suyal,1,0.4645038632276451
829729,2,16,1,KA Pollard,0,0.3313767759315571
829729,2,16,2,KA Pollard,0,0.5022888975022346
829729,2,16,3,KA Pollard,0,0.45337951362607665
829729,2,16,4,KA Pollard,0,0.5568664569576833
829735,1,15,1,CH Morris,0,0.02441555390931559
829735,1,15,2,CH Morris,0,0.024217748344130343
829735,1,15,3,CH Morris,0,0.023617511093930177
829735,1,15,4,CH Morris,0,0.02676035205279164
829735,1,15,5,CH Morris,0,0.049022517203046116
829735,1,15,6,CH Morris,0,0.13253579816757374
829735,1,16,1,SR Watson,1,0.7689087918258461
829735,1,16,2,SR Watson,1,0.6799013226008387
829735,1,16,3,SR Watson,1,0.47471487888917246
829735,1,16,4,SR Watson,1,0.7065594466900411
829735,1,16,5,SR Watson,1,0.5801337436186889
829735,1,17,1,PV Tambe,0,0.33980160822750394
829735,1,17,2,PV Tambe,0,0.37895908367841574
829735,1,17,3,PV Tambe,0,0.44050041989604627
829735,1,17,4,PV Tambe,0,0.48499459867721817
829735,1,17,5,PV Tambe,1,0.5930685890782853
829735,1,18,1,JP Faulkner,0,0.3356497203552674
829735,1,18,2,JP Faulkner,0,0.3512062640238484
829735,1,18,3,JP Faulkner,0,0.38608721219267866
829735,1,18,4,JP Faulkner,0,0.4128177017508243
829735,1,18,5,JP Faulkner,0,0.5164857423879453
829735,1,18,6,JP Faulkner,1,0.6231783173931421
829735,1,19,1,CH Morris,1,0.1595962471609632
829735,1,19,2,CH Morris,1,0.19044391033110145
829735,1,19,3,CH Morris,1,0.20414241075218387
829735,1,19,4,CH Morris,0,0.2169018218199795
829735,1,19,5,CH Morris,1,0.18629098860623997
829735,2,15,1,MM Sharma,1,0.47109401019796454
829735,2,15,2,MM Sharma,1,0.4852184800050156
829735,2,15,3,MM Sharma,0,0.47991809093862675
829735,2,15,4,MM Sharma,1,0.48468705028464115
829735,2,15,5,MM Sharma,0,0.4873423940515347
829735,2,15,6,MM Sharma,0,0.4474941482398462
829735,2,16,1,RA Jadeja,1,0.48024046321460034
829735,2,16,2,RA Jadeja,1,0.5048141322197058
829735,2,16,3,RA Jadeja,1,0.5284557643483734
829735,2,16,4,RA Jadeja,1,0.5796888905799222
829735,2,16,5,RA Jadeja,1,0.6911091921739371
829735,2,17,1,MM Sharma,0,0.4121134651939305
829735,2,17,2,MM Sharma,0,0.43367594419351757
829735,2,17,3,MM Sharma,1,0.4545478305414028
829735,2,17,4,MM Sharma,0,0.5150202424838116
829735,2,17,5,MM Sharma,1,0.6410837968310056
829735,2,18,1,DJ Bravo,1,0.7716753466655711
829747,1,15,1,JJ Bumrah,1,0.6958237923381596
829747,1,15,2,JJ Bumrah,1,0.6921924480020626
829747,1,15,3,JJ Bumrah,0,0.6568094626641333
829747,1,15,4,JJ Bumrah,0,0.5346691904030016
829747,1,15,5,JJ Bumrah,1,0.6656818023767175
829747,1,15,6,JJ Bumrah,1,0.7199491416409629
829747,1,16,1,SL Malinga,0,0.23018040292091993
829747,1,16,2,SL Malinga,0,0.3668151312939396
829747,1,16,3,SL Malinga,0,0.28631184119191366
829747,1,16,4,SL Malinga,0,0.3529449925728681
829747,1,16,5,SL Malinga,0,0.44056639244790585
829747,1,16,6,SL Malinga,0,0.4418230547138023
829747,1,17,1,MJ McClenaghan,0,0.4987485946025465
829747,1,17,2,MJ McClenaghan,0,0.4879429820583399
829747,1,17,3,MJ McClenaghan,1,0.4879429820583399
829747,1,17,4,MJ McClenaghan,0,0.49661628678324615
829747,1,17,5,MJ McClenaghan,0,0.5052559204665394
829747,1,17,6,MJ McClenaghan,1,0.5898694772259088
829747,1,18,1,SL Malinga,0,0.4395708870256212
829747,1,18,2,SL Malinga,0,0.4048538620594932
829747,1,18,3,SL Malinga,0,0.4265955199411754
829747,1,18,4,SL Malinga,0,0.3916165573360933
829747,1,18,5,SL Malinga,0,0.3992653852188445
829747,1,18,6,SL Malinga,0,0.38007613235531634
829747,1,19,1,JJ Bumrah,1,0.6833332585997932
829747,1,19,2,JJ Bumrah,1,0.6826262769620893
829747,1,19,3,JJ Bumrah,1,0.6817261929865855
829747,1,19,4,JJ Bumrah,1,0.7404954553648422
829747,1,19,5,JJ Bumrah,1,0.7901970713143345
829747,2,15,1,NM Coulter-Nile,1,0.5761517543308188
829747,2,15,2,NM Coulter-Nile,1,0.7445356812171828
829747,2,15,3,NM Coulter-Nile,1,0.7126294099103043
829747,2,15,4,NM Coulter-Nile,1,0.5995751990931439
829747,2,15,5,NM Coulter-Nile,1,0.6176908920354046
829747,2,15,6,NM Coulter-Nile,1,0.6446711204717303
829747,2,16,1,Imran Tahir,0,0.2677357760084665
829747,2,16,2,Imran Tahir,1,0.401497195708374
829747,2,16,3,Imran Tahir,1,0.3906798063196021
829747,2,16,4,Imran Tahir,1,0.38170224152686005
829747,2,16,5,Imran Tahir,1,0.38170224152686005
829747,2,16,6,Imran Tahir,1,0.3861742879405215
829747,2,17,1,NM Coulter-Nile,0,0.5795596598373176
829747,2,17,2,NM Coulter-Nile,0,0.5043976933631196
829747,2,17,3,NM Coulter-Nile,0,0.5285510168573927
829747,2,17,4,NM Coulter-Nile,1,0.5731331837621905
829747,2,17,5,NM Coulter-Nile,1,0.7043973786057747
829747,2,18,1,Imran Tahir,1,0.30123994734355236
829747,2,18,2,Imran Tahir,1,0.37824218893536005
829747,2,18,3,Imran Tahir,1,0.4379697973537617
829747,2,18,4,Imran Tahir,1,0.3412299768514128
829747,2,18,5,Imran Tahir,0,0.32488123640117206
829747,2,18,6,Imran Tahir,1,0.36961220409861784
829747,2,18,7,Imran Tahir,1,0.37503611778662493
829747,2,19,1,AD Mathews,1,0.8733343248232868
829747,2,19,2,AD Mathews,1,0.8246502463577866
829747,2,19,3,AD Mathews,1,0.7671343132793017
829747,2,19,4,AD Mathews,1,0.6271174726715114
829747,2,19,5,AD Mathews,1,0.3867534420879836
829751,1,15,1,DW Steyn,0,0.5238428545410181
829751,1,15,2,DW Steyn,0,0.5568744501619871
829751,1,15,3,DW Steyn,0,0.5454056410861586
829751,1,15,4,DW Steyn,0,0.6003324923357211
829751,1,15,5,DW Steyn,0,0.7028765785063866
829751,1,16,1,B Kumar,1,0.2149586257023606
829751,1,16,2,B Kumar,1,0.26867476459363937
829751,1,16,3,B Kumar,1,0.25813312127026156
829751,1,16,4,B Kumar,1,0.19066012514007483
829751,1,16,5,B Kumar,0,0.18194119300544323
829751,1,16,6,B Kumar,0,0.163302010163584
829751,1,17,1,P Kumar,0,0.23925107063246687
829751,1,17,2,P Kumar,0,0.27320862138518454
829751,1,17,3,P Kumar,0,0.32089765900139006
829751,1,17,4,P Kumar,0,0.37567781704814096
829751,1,17,5,P Kumar,0,0.519986411921108
829751,1,17,6,P Kumar,0,0.519986411921108
829751,1,17,7,P Kumar,0,0.7022265968662514
829751,1,17,8,P Kumar,1,0.7011140336155453
829751,1,18,1,TA Boult,0,0.1686628543581826
829751,1,18,2,TA Boult,0,0.1680375430742626
829751,1,18,3,TA Boult,0,0.21056299559666655
829751,1,18,4,TA Boult,0,0.3243968060543443
829751,1,18,5,TA Boult,0,0.43223553468351067
829751,1,18,6,TA Boult,1,0.5851177771589211
829751,1,19,1,B Kumar,0,0.15780354607410507
829751,1,19,2,B Kumar,0,0.24367634269193006
829751,1,19,3,B Kumar,0,0.2583701973877837
829751,1,19,4,B Kumar,0,0.2575153216249861
829751,1,19,5,B Kumar,0,0.34292701160764627
829751,1,19,6,B Kumar,0,0.5956932288013781
829751,2,15,1,R Vinay Kumar,0,0.14205757111338543
829751,2,15,2,R Vinay Kumar,0,0.15374064069931945
829751,2,15,3,R Vinay Kumar,0,0.1927432496351696
829751,2,15,4,R Vinay Kumar,0,0.27473198206538463
829751,2,15,5,R Vinay Kumar,0,0.2760865021800916
829751,2,15,6,R Vinay Kumar,0,0.33698873555257786
829751,2,16,1,SL Malinga,1,0.28074361840363665
829751,2,16,2,SL Malinga,1,0.38508166411626654
829751,2,16,3,SL Malinga,1,0.38108178216393385
829751,2,16,4,SL Malinga,1,0.4032245503478846
829751,2,16,5,SL Malinga,1,0.39034730501571097
829751,2,16,6,SL Malinga,0,0.39297398739536477
829751,2,16,7,SL Malinga,1,0.38376590319445275
829751,2,17,1,MJ McClenaghan,1,0.3863750857994742
829751,2,17,2,MJ McClenaghan,1,0.43279207918071116
829751,2,17,3,MJ McClenaghan,1,0.43636239216286277
829751,2,17,4,MJ McClenaghan,1,0.5986801611606487
829751,2,17,5,MJ McClenaghan,1,0.5741337343475323
829751,2,18,1,SL Malinga,1,0.40220916250524197
829751,2,18,2,SL Malinga,1,0.4211830488340878
829751,2,18,3,SL Malinga,1,0.6349297253874471
829751,2,18,4,SL Malinga,1,0.6966495341416179
829751,2,18,5,SL Malinga,1,0.7801614797511492
829751,2,19,1,R Vinay Kumar,0,0.3057641680224118
829751,2,19,2,R Vinay Kumar,0,0.33397553899614
829751,2,19,3,R Vinay Kumar,0,0.39700649991536885
829751,2,19,4,R Vinay Kumar,1,0.5053935006462423
829751,2,19,5,R Vinay Kumar,0,0.6199312967232792
829775,1,15,1,AR Patel,0,0.15496928874858498
829775,1,15,2,AR Patel,0,0.18863638124240908
829775,1,15,3,AR Patel,0,0.21685816579359207
829775,1,15,4,AR Patel,0,0.2575156150489099
829775,1,15,5,AR Patel,0,0.33098252343525664
829775,1,16,1,Anureet Singh,0,0.054340635079839904
829775,1,16,2,Anureet Singh,0,0.10050770169171365
829775,1,16,3,Anureet Singh,0,0.18974441791699753
829775,1,16,4,Anureet Singh,0,0.2209948983364422
829775,1,16,5,Anureet Singh,1,0.22102321964138247
829775,1,16,6,Anureet Singh,0,0.22334372551678758
829775,1,16,7,Anureet Singh,0,0.21698934059185382
829775,1,17,1,MG Johnson,1,0.4652116205478044
829775,1,17,2,MG Johnson,1,0.5627099173430351
829775,1,17,3,MG Johnson,1,0.4860863539501143
829775,1,17,4,MG Johnson,1,0.5299624783460531
829775,1,17,5,MG Johnson,1,0.6281732769566579
829775,1,18,1,Sandeep Sharma,0,0.25911600308727456
829775,1,18,2,Sandeep Sharma,0,0.25056134182096623
829775,1,18,3,Sandeep Sharma,0,0.2525325140231997
829775,1,18,4,Sandeep Sharma,1,0.33697525921333177
829775,1,18,5,Sandeep Sharma,1,0.31123218277344344
829775,1,19,1,Anureet Singh,0,0.2524239186203155
829775,1,19,2,Anureet Singh,0,0.28196990497495567
829775,1,19,3,Anureet Singh,0,0.4166486983419879
829775,1,19,4,Anureet Singh,0,0.4406744264588994
829775,1,19,5,Anureet Singh,0,0.5256202307969519
829775,1,19,6,Anureet Singh,0,0.6757543490128984
829775,2,15,1,MJ McClenaghan,1,0.3609992448290935
829775,2,15,2,MJ McClenaghan,1,0.36005748956838574
829775,2,15,3,MJ McClenaghan,1,0.36005748956838574
829775,2,15,4,MJ McClenaghan,1,0.3544918150421055
829775,2,15,5,MJ McClenaghan,1,0.36234305470239275
829775,2,15,6,MJ McClenaghan,1,0.372016318028698
829775,2,16,1,SL Malinga,0,0.34515764264031823
829775,2,16,2,SL Malinga,0,0.41769330283460243
829775,2,16,3,SL Malinga,0,0.4269417571322319
829775,2,16,4,SL Malinga,0,0.4108477751375697
829775,2,16,5,SL Malinga,0,0.42283100106602384
829775,2,16,6,SL Malinga,0,0.47255994934947926
829775,2,17,1,MJ McClenaghan,1,0.331151642609274
829775,2,17,2,MJ McClenaghan,1,0.3501851886343232
829775,2,17,3,MJ McClenaghan,1,0.4008983380875407
829775,2,17,4,MJ McClenaghan,1,0.47706749468083687
829775,2,17,5,MJ McClenaghan,1,0.6017574902948774
829775,2,18,1,SL Malinga,0,0.41130196425499643
829775,2,18,2,SL Malinga,0,0.43483089441247935
829775,2,18,3,SL Malinga,1,0.5079654585498289
829775,2,18,4,SL Malinga,1,0.5471587867988273
829775,2,18,5,SL Malinga,1,0.6210825697490948
829775,2,18,6,SL Malinga,1,0.7299874616239852
829775,2,19,1,R Vinay Kumar,0,0.16984697376876706
829775,2,19,2,R Vinay Kumar,0,0.1515053507448477
829775,2,19,3,R Vinay Kumar,0,0.18410303474515582
829775,2,19,4,R Vinay Kumar,0,0.3269103069889715
829775,2,19,5,R Vinay Kumar,0,0.32220614484582005
829783,1,15,1,HH Pandya,0,0.010760849543724547
829783,1,15,2,HH Pandya,0,0.010111000927483616
829783,1,15,3,HH Pandya,0,0.28927759757677207
829783,1,15,4,HH Pandya,0,0.3265982196032949
829783,1,15,5,HH Pandya,0,0.18325110318300503
829783,1,16,1,SL Malinga,0,0.3414479096992665
829783,1,16,2,SL Malinga,0,0.5073225906029111
829783,1,16,3,SL Malinga,1,0.5851098969174878
829783,1,16,4,SL Malinga,1,0.6663170124348622
829783,1,16,5,SL Malinga,1,0.6693195021490741
829783,1,16,6,SL Malinga,1,0.6393524557221837
829783,1,17,1,MJ McClenaghan,0,0.3885362971818343
829783,1,17,2,MJ McClenaghan,0,0.44447282881167527
829783,1,17,3,MJ McClenaghan,0,0.4915560889511946
829783,1,17,4,MJ McClenaghan,0,0.561624570976559
829783,1,17,5,MJ McClenaghan,1,0.654043396795267
829783,1,18,1,SL Malinga,1,0.6047135703352642
829783,1,18,2,SL Malinga,1,0.6477125642396878
829783,1,18,3,SL Malinga,1,0.6051440884685326
829783,1,18,4,SL Malinga,1,0.5896553689565076
829783,1,18,5,SL Malinga,1,0.6493860794288315
829783,1,19,1,R Vinay Kumar,0,0.5046515056708547
829783,1,19,2,R Vinay Kumar,1,0.538008677218183
829783,1,19,3,R Vinay Kumar,1,0.5295586488684905
829783,1,19,4,R Vinay Kumar,1,0.5584477580105952
829783,1,19,5,R Vinay Kumar,0,0.5475680539817367
829783,2,15,1,A Mishra,0,0.11318867826183797
829783,2,15,2,A Mishra,0,0.280511365252552
829783,2,15,3,A Mishra,0,0.3683006494255886
829783,2,15,4,A Mishra,0,0.497514238388771
829783,2,15,5,A Mishra,0,0.5992499233414105
829783,2,15,6,A Mishra,1,0.6558135969047844
829783,2,15,7,A Mishra,1,0.759156405226072
829783,2,16,1,Z Khan,1,0.4717334543084313
829783,2,16,2,Z Khan,1,0.5248368616512699
829783,2,16,3,Z Khan,1,0.5557176421242266
829783,2,16,4,Z Khan,1,0.623125629083728
829783,2,16,5,Z Khan,1,0.7514762404687396
829783,2,17,1,AD Mathews,1,0.5292092402251934
829783,2,17,2,AD Mathews,0,0.5391816392784561
829783,2,17,3,AD Mathews,0,0.5826488298628455
829783,2,17,4,AD Mathews,0,0.6451139988179085
829783,2,17,5,AD Mathews,0,0.7708807406695174
829783,2,18,1,NM Coulter-Nile,0,0.37332992335494164
829783,2,18,2,NM Coulter-Nile,0,0.39634240806672566
829783,2,18,3,NM Coulter-Nile,0,0.496854925594903
829783,2,18,4,NM Coulter-Nile,0,0.6112003828365803
829783,2,18,5,NM Coulter-Nile,0,0.756267439346347
829783,2,19,1,Imran Tahir,0,0.42107863399759743
829783,2,19,2,Imran Tahir,1,0.5900051058695415
829791,1,15,1,UT Yadav,1,0.3937660543961449
829791,1,15,2,UT Yadav,1,0.3692803336484441
829791,1,15,3,UT Yadav,1,0.6198934618277487
829791,1,15,4,UT Yadav,1,0.4271510106384605
829791,1,15,5,UT Yadav,1,0.4396916767903833
829791,1,15,6,UT Yadav,1,0.38114753183860306
829791,1,16,1,SP Narine,0,0.30781992522628787
829791,1,16,2,SP Narine,0,0.3320998723222248
829791,1,16,3,SP Narine,0,0.3953544138120666
829791,1,16,4,SP Narine,0,0.4355224274252631
829791,1,16,5,SP Narine,1,0.49474074052525846
829791,1,17,1,GB Hogg,1,0.3919328646955138
829791,1,17,2,GB Hogg,1,0.389828567814185
829791,1,17,3,GB Hogg,1,0.40517634807940683
829791,1,17,4,GB Hogg,1,0.4757411281632815
829791,1,17,5,GB Hogg,1,0.5434700804898309
829791,1,18,1,UT Yadav,0,0.3863406291390678
829791,1,18,2,UT Yadav,0,0.40093740310284953
829791,1,18,3,UT Yadav,1,0.3727713238735979
829791,1,18,4,UT Yadav,1,0.44440841156567107
829791,1,18,5,UT Yadav,1,0.5417224675369994
829791,1,18,6,UT Yadav,1,0.6539492846932838
829791,1,19,1,AD Russell,0,0.4788029049855795
829791,1,19,2,AD Russell,0,0.4265517805682347
829791,1,19,3,AD Russell,0,0.42090483957340125
829791,1,19,4,AD Russell,0,0.5001708396769108
829791,1,19,5,AD Russell,0,0.5733773091690857
829791,2,15,1,Anureet Singh,1,0.8649677951123714
829791,2,15,2,Anureet Singh,1,0.8547579830463822
829791,2,15,3,Anureet Singh,1,0.8688323957054839
829791,2,15,4,Anureet Singh,1,0.8786346879453492
829791,2,15,5,Anureet Singh,1,0.8784306300567735
829791,2,15,6,Anureet Singh,1,0.8925100771902761
829791,2,16,1,AR Patel,1,0.5178650316475508
829791,2,16,2,AR Patel,1,0.4921901543927582
829791,2,16,3,AR Patel,1,0.5107362736112145
829791,2,16,4,AR Patel,1,0.5430290453882256
829791,2,16,5,AR Patel,1,0.6661698754863105
829791,2,17,1,BE Hendricks,0,0.4156487364867583
829791,2,17,2,BE Hendricks,0,0.4478673254807571
829791,2,17,3,BE Hendricks,0,0.47791085147129364
829791,2,17,4,BE Hendricks,0,0.5444053037331907
829791,2,17,5,BE Hendricks,0,0.6847002341617056
829791,2,18,1,Sandeep Sharma,1,0.6203811361109253
829791,2,18,2,Sandeep Sharma,1,0.5796601399528921
829791,2,18,3,Sandeep Sharma,1,0.5046242808764307
829791,2,18,4,Sandeep Sharma,1,0.5436153716563258
829791,2,18,5,Sandeep Sharma,1,0.6460095028644455
829791,2,19,1,Anureet Singh,1,0.8441725523728072
829791,2,19,2,Anureet Singh,1,0.8292794153653876
829791,2,19,3,Anureet Singh,1,0.7794130928501446
829791,2,19,4,Anureet Singh,1,0.8399869860911121
829815,1,15,1,KA Pollard,0,0.5608218689042341
829815,1,15,2,KA Pollard,0,0.6096732211190665
829815,1,15,3,KA Pollard,0,0.6254645706391171
829815,1,15,4,KA Pollard,0,0.5259283232123053
829815,1,15,5,KA Pollard,0,0.6206065796787485
829815,1,15,6,KA Pollard,0,0.16207861240146704
829815,1,16,1,MJ McClenaghan,0,0.1488855550823572
829815,1,16,2,MJ McClenaghan,0,0.22860861742108068
829815,1,16,3,MJ McClenaghan,0,0.3706944546445413
829815,1,16,4,MJ McClenaghan,0,0.45404109379120816
829815,1,16,5,MJ McClenaghan,0,0.5393040966888393
829815,1,17,1,SL Malinga,1,0.176345535608229
829815,1,17,2,SL Malinga,1,0.26271475805151084
829815,1,17,3,SL Malinga,1,0.3803781074295017
829815,1,17,4,SL Malinga,0,0.3762979479726012
829815,1,17,5,SL Malinga,0,0.39628327351773895
829815,1,18,1,R Vinay Kumar,0,0.13044362895155648
829815,1,18,2,R Vinay Kumar,0,0.2264643947073384
829815,1,18,3,R Vinay Kumar,1,0.29176863670268016
829815,1,18,4,R Vinay Kumar,1,0.29452849325049013
829815,1,18,5,R Vinay Kumar,1,0.28616803154459336
829815,1,19,1,KA Pollard,0,0.09379062104728225
829815,1,19,2,KA Pollard,0,0.29383543214258057
829815,1,19,3,KA Pollard,1,0.368913465841682
829815,1,19,4,KA Pollard,1,0.3677785498486079
829815,1,19,5,KA Pollard,1,0.38291503743937616
980903,1,15,1,GB Hogg,1,0.5128218907707516
980903,1,15,2,GB Hogg,1,0.46594547747196163
980903,1,15,3,GB Hogg,1,0.44154976307120125
980903,1,15,4,GB Hogg,1,0.5182783110428294
980903,1,15,5,GB Hogg,1,0.4626767642161221
980903,1,16,1,PP Chawla,1,0.39653425595361774
980903,1,16,2,PP Chawla,1,0.5460559619109904
980903,1,16,3,PP Chawla,1,0.5609684308031113
980903,1,16,4,PP Chawla,1,0.42961228144852165
980903,1,16,5,PP Chawla,1,0.38492189585181025
980903,1,17,1,JW Hastings,0,0.004279304664622884
980903,1,17,2,JW Hastings,0,0.004279304664622884
980903,1,17,3,JW Hastings,1,0.01340663384433395
980907,1,15,1,B Kumar,0,0.35234672095706787
980907,1,15,2,B Kumar,0,0.3057853056452576
980907,1,15,3,B Kumar,0,0.2930140755361449
980907,1,15,4,B Kumar,0,0.3020985021154331
980907,1,15,5,B Kumar,0,0.30636329163777976
980907,1,15,6,B Kumar,0,0.3536480509392201
980907,1,15,7,B Kumar,0,0.35668149930670795
980907,1,16,1,KV Sharma,0,0.38395305913857175
980907,1,16,2,KV Sharma,0,0.37906694411619213
980907,1,16,3,KV Sharma,0,0.37605561498803897
980907,1,16,4,KV Sharma,0,0.3721827358346544
980907,1,16,5,KV Sharma,0,0.5118106915301652
980907,1,16,6,KV Sharma,0,0.7267143945894643
980907,1,17,1,Mustafizur Rahman,0,0.07134047991395959
980907,1,17,2,Mustafizur Rahman,0,0.11530338036162609
980907,1,17,3,Mustafizur Rahman,0,0.12722434680121603
980907,1,17,4,Mustafizur Rahman,0,0.16402703005025054
980907,1,17,5,Mustafizur Rahman,0,0.19845388812189843
980907,1,17,6,Mustafizur Rahman,0,0.23496748077551047
980907,1,18,1,B Kumar,0,0.36098339210760294
980907,1,18,2,B Kumar,0,0.36141240327352536
980907,1,18,3,B Kumar,0,0.40967672984741
980907,1,18,4,B Kumar,0,0.5302243838757176
980907,1,18,5,B Kumar,0,0.704448994209588
980907,1,18,6,B Kumar,0,0.7657791279783325
980907,1,19,1,Mustafizur Rahman,0,0.2031070040846247
980907,1,19,2,Mustafizur Rahman,0,0.2721971761389988
980907,1,19,3,Mustafizur Rahman,0,0.35697827139417876
980907,1,19,4,Mustafizur Rahman,0,0.483907791566096
980907,1,19,5,Mustafizur Rahman,0,0.4056473906855199
980907,2,15,1,SR Watson,0,0.26528397624680633
980907,2,15,2,SR Watson,1,0.40757243456041264
980907,2,15,3,SR Watson,0,0.40278685054135605
980907,2,15,4,SR Watson,1,0.43889939860495913
980907,2,15,5,SR Watson,0,0.41610635560661297
980907,2,15,6,SR Watson,0,0.45225505972366203
980907,2,16,1,HV Patel,1,0.41691478263336856
980907,2,16,2,HV Patel,1,0.44006008613278297
980907,2,16,3,HV Patel,1,0.3481089495150303
980907,2,16,4,HV Patel,1,0.3350772046843545
980907,2,16,5,HV Patel,1,0.33383373513962405
980907,2,16,6,HV Patel,0,0.343133233358709
980907,2,17,1,AF Milne,0,0.39929546639427643
980907,2,17,2,AF Milne,1,0.48506064557957085
980907,2,17,3,AF Milne,0,0.4767753076498218
980907,2,17,4,AF Milne,0,0.5811683425860577
980907,2,17,5,AF Milne,1,0.739067603202341
980907,2,18,1,HV Patel,1,0.3661039273092811
980907,2,18,2,HV Patel,1,0.33982845108433773
980907,2,18,3,HV Patel,1,0.42292046465976957
980907,2,18,4,HV Patel,0,0.5634382469192459
980907,2,18,5,HV Patel,0,0.7189643968084402
980907,2,19,1,SR Watson,1,0.440496590983943
980907,2,19,2,SR Watson,1,0.43379212479380574
980907,2,19,3,SR Watson,1,0.46099500463018755
980907,2,19,4,SR Watson,1,0.5440832505840658
980907,2,19,5,SR Watson,1,0.6563782187860873
980907,2,19,6,SR Watson,1,0.7628879621593024
980927,1,15,1,KH Pandya,1,0.30728308961563006
980927,1,15,2,KH Pandya,1,0.3323003761775138
980927,1,15,3,KH Pandya,0,0.36867060531542034
980927,1,15,4,KH Pandya,0,0.49665688660961477
980927,1,15,5,KH Pandya,0,0.5864025037688921
980927,1,15,6,KH Pandya,1,0.7006420543656031
980927,1,16,1,MJ McClenaghan,0,0.39368635473203845
980927,1,16,2,MJ McClenaghan,0,0.27951054522964885
980927,1,16,3,MJ McClenaghan,0,0.3969069041816259
980927,1,16,4,MJ McClenaghan,0,0.39460696124348155
980927,1,16,5,MJ McClenaghan,0,0.41481449618128396
980927,1,16,6,MJ McClenaghan,0,0.42464627588430887
980927,1,17,1,JJ Bumrah,0,0.1874279915169573
980927,1,17,2,JJ Bumrah,0,0.1947586940366555
980927,1,17,3,JJ Bumrah,0,0.27658923783865696
980927,1,17,4,JJ Bumrah,0,0.27844562152265484
980927,1,17,5,JJ Bumrah,0,0.28659002380383264
980927,1,17,6,JJ Bumrah,0,0.28127911259722155
980927,1,18,1,MJ McClenaghan,0,0.4622401770624821
980927,1,18,2,MJ McClenaghan,0,0.43560961429182765
980927,1,18,3,MJ McClenaghan,0,0.4682715125072991
980927,1,18,4,MJ McClenaghan,0,0.5147554648712054
980927,1,18,5,MJ McClenaghan,1,0.5187163781762445
980927,1,19,1,JJ Bumrah,0,0.35389986356544867
980927,1,19,2,JJ Bumrah,0,0.399783839662221
980927,1,19,3,JJ Bumrah,1,0.47358680214547927
980927,1,19,4,JJ Bumrah,1,0.6931042563596178
980927,1,19,5,JJ Bumrah,1,0.7819666116105314
980927,2,15,1,Iqbal Abdulla,0,0.23115516943365352
980927,2,15,2,Iqbal Abdulla,0,0.3800195055624237
980927,2,15,3,Iqbal Abdulla,1,0.42024632293344855
980927,2,15,4,Iqbal Abdulla,1,0.642880545362793
980927,2,15,5,Iqbal Abdulla,1,0.6499140988138268
980927,2,15,6,Iqbal Abdulla,1,0.7323704581326186
980927,2,16,1,KW Richardson,0,0.12769079610721012
980927,2,16,2,KW Richardson,0,0.12631199914740726
980927,2,16,3,KW Richardson,0,0.11883294363288341
980927,2,16,4,KW Richardson,0,0.22988498529499454
980927,2,16,5,KW Richardson,1,0.30628062702267767
980927,2,17,1,SR Watson,0,0.21054336251812844
980927,2,17,2,SR Watson,0,0.31952016871006333
980927,2,17,3,SR Watson,0,0.3249863571802221
980927,2,17,4,SR Watson,0,0.42363953714846314
980927,2,17,5,SR Watson,0,0.5752472684106754
980935,1,15,1,Mustafizur Rahman,0,0.014347178153245618
980935,1,15,2,Mustafizur Rahman,0,0.014862287974216414
980935,1,15,3,Mustafizur Rahman,0,0.015275352166479923
980935,1,15,4,Mustafizur Rahman,0,0.018849941645874727
980935,1,15,5,Mustafizur Rahman,0,0.047326282147455954
980935,1,15,6,Mustafizur Rahman,0,0.023419168163518515
980935,1,16,1,B Kumar,0,0.2924825853649325
980935,1,16,2,B Kumar,0,0.3054262023497732
980935,1,16,3,B Kumar,0,0.24174023093754132
980935,1,16,4,B Kumar,0,0.33075464728481246
980935,1,16,5,B Kumar,0,0.36135916979385047
980935,1,16,6,B Kumar,0,0.3898733316200985
980935,1,17,1,BB Sran,1,0.3734174284271717
980935,1,17,2,BB Sran,1,0.3588344209174483
980935,1,17,3,BB Sran,1,0.4237895279637904
980935,1,17,4,BB Sran,1,0.4815110102229004
980935,1,17,5,BB Sran,1,0.6275251330241121
980935,1,18,1,B Kumar,0,0.439219766566112
980935,1,18,2,B Kumar,0,0.5002998901804677
980935,1,18,3,B Kumar,0,0.5356335757844404
980935,1,18,4,B Kumar,0,0.5987861713071146
980935,1,18,5,B Kumar,0,0.6708208879452942
980935,1,19,1,Mustafizur Rahman,0,0.08477975773249413
980935,1,19,2,Mustafizur Rahman,0,0.0931430207352372
980935,1,19,3,Mustafizur Rahman,0,0.16798720370505854
980935,1,19,4,Mustafizur Rahman,0,0.20432653545460872
980935,1,19,5,Mustafizur Rahman,0,0.45352639209153434
980935,2,15,1,R Dhawan,0,0.4699986657678238
980935,2,15,2,R Dhawan,0,0.4906742471478343
980935,2,15,3,R Dhawan,0,0.5475853561618972
980935,2,15,4,R Dhawan,0,0.5899999207013512
980935,2,15,5,R Dhawan,1,0.741935481170849
980935,2,16,1,MM Sharma,0,0.07500577034979135
980935,2,16,2,MM Sharma,0,0.10079776874327452
980935,2,16,3,MM Sharma,0,0.17416123543205897
980935,2,16,4,MM Sharma,0,0.19093250148840396
980935,2,16,5,MM Sharma,0,0.22203313610565711
980935,2,16,6,MM Sharma,1,0.2846475346405653
980935,2,16,7,MM Sharma,1,0.3288571611168216
980935,2,17,1,AR Patel,0,0.08088332147286834
980935,2,17,2,AR Patel,0,0.08895879711331237
980935,2,17,3,AR Patel,0,0.07525393812707033
980935,2,17,4,AR Patel,0,0.08717114104786329
980967,1,15,1,MC Henriques,0,0.22932771601000082
980967,1,15,2,MC Henriques,0,0.23894822445345135
980967,1,15,3,MC Henriques,0,0.2418061053180596
980967,1,15,4,MC Henriques,0,0.2563127625048671
980967,1,15,5,MC Henriques,0,0.26851731293219183
980967,1,16,1,Mustafizur Rahman,0,0.05496823583609299
980967,1,16,2,Mustafizur Rahman,0,0.12858997676557393
980967,1,16,3,Mustafizur Rahman,0,0.29046054919102027
980967,1,16,4,Mustafizur Rahman,0,0.36713639323543784
980967,1,16,5,Mustafizur Rahman,0,0.4448466162782522
980967,1,16,6,Mustafizur Rahman,0,0.2963139269438667
980967,1,17,1,A Nehra,0,0.2754413104021601
980967,1,17,2,A Nehra,0,0.3352176361439162
980967,1,17,3,A Nehra,0,0.4053242816686167
980967,1,17,4,A Nehra,0,0.37264174006692874
980967,1,17,5,A Nehra,0,0.38567536312374573
980967,1,18,1,Mustafizur Rahman,0,0.4601341955325078
980967,1,18,2,Mustafizur Rahman,0,0.46024044595799546
980967,1,18,3,Mustafizur Rahman,0,0.5250355845418367
980967,1,18,4,Mustafizur Rahman,0,0.5667640484725414
980967,1,18,5,Mustafizur Rahman,0,0.3993958789758897
980967,1,19,1,B Kumar,0,0.2521784789924727
980967,1,19,2,B Kumar,0,0.34001531220323056
980967,1,19,3,B Kumar,0,0.4922343677251592
980967,1,19,4,B Kumar,0,0.5322681896260314
980967,1,19,5,B Kumar,0,0.6254836507230132
980967,2,15,1,DS Kulkarni,0,0.1747558002347593
980967,2,15,2,DS Kulkarni,0,0.3369755555785092
980967,2,15,3,DS Kulkarni,0,0.45566315095511306
980967,2,15,4,DS Kulkarni,1,0.3900788292994222
980967,2,15,5,DS Kulkarni,1,0.392078200422692
980967,2,16,1,S Kaushik,0,0.27121205121841097
980967,2,16,2,S Kaushik,0,0.32083320452607045
980967,2,16,3,S Kaushik,0,0.2618301690250945
980967,2,16,4,S Kaushik,1,0.47836732300567003
980967,2,16,5,S Kaushik,1,0.6510126126353658
980967,2,17,1,DJ Bravo,0,0.09787301479170493
980967,2,17,2,DJ Bravo,0,0.10986682065788421
980967,2,17,3,DJ Bravo,0,0.10645301536733184
980967,2,17,4,DJ Bravo,0,0.15627641630668207
980967,2,17,5,DJ Bravo,0,0.14946501101354207
980967,2,18,1,P Kumar,0,0.15384885877598675
980967,2,18,2,P Kumar,0,0.14999144978255802
980967,2,18,3,P Kumar,0,0.23855838388625958
980967,2,18,4,P Kumar,0,0.2666254899826987
980967,2,18,5,P Kumar,0,0.27999081361642675
980967,2,18,6,P Kumar,0,0.601627597753395
980987,1,15,1,P Kumar,0,0.03361230039596219
980987,1,15,2,P Kumar,0,0.17992257092761374
980987,1,15,3,P Kumar,0,0.26990037106940185
980987,1,15,4,P Kumar,0,0.2414018454450113
980987,1,15,5,P Kumar,0,0.38974759906722284
980987,1,15,6,P Kumar,0,0.3165353292527367
980987,1,16,1,RA Jadeja,0,0.25781648399009466
980987,1,16,2,RA Jadeja,0,0.3042210881132635
980987,1,16,3,RA Jadeja,0,0.3477849121893305
980987,1,16,4,RA Jadeja,0,0.4471190840216564
980987,1,16,5,RA Jadeja,0,0.6206050542560808
980987,1,17,1,DJ Bravo,0,0.33152855291001376
980987,1,17,2,DJ Bravo,0,0.34082957625183524
980987,1,17,3,DJ Bravo,0,0.3532813182367783
980987,1,17,4,DJ Bravo,0,0.3676952460891362
980987,1,17,5,DJ Bravo,0,0.32509534405573637
980987,1,17,6,DJ Bravo,0,0.5049833462596311
980987,1,18,1,S Kaushik,0,0.43864479568080833
980987,1,18,2,S Kaushik,0,0.5370235011554474
980987,1,18,3,S Kaushik,0,0.6012950952741573
980987,1,18,4,S Kaushik,0,0.6336672075293504
980987,1,18,5,S Kaushik,1,0.7832748352101152
980987,1,19,1,P Kumar,0,0.18205147336897265
980987,1,19,2,P Kumar,0,0.1800253124999677
980987,1,19,3,P Kumar,0,0.20832796753863048
980987,1,19,4,P Kumar,1,0.4250497041848468
980987,1,19,5,P Kumar,1,0.5497732268434103
980987,2,15,1,CH Gayle,0,0.011442014154940151
980987,2,15,2,CH Gayle,0,0.013600111913657892
980987,2,15,3,CH Gayle,0,0.013600111913657892
980987,2,15,4,CH Gayle,1,0.037418468229565086
980987,2,15,5,CH Gayle,0,0.02580837294603703
980987,2,15,6,CH Gayle,0,0.010049001429224064
980987,2,16,1,S Aravind,1,0.20552617761920164
980987,2,16,2,S Aravind,1,0.2016578426487025
980987,2,16,3,S Aravind,1,0.23921393048797415
980987,2,16,4,S Aravind,1,0.2715143187535034
980987,2,16,5,S Aravind,1,0.28802405046574997
980987,2,17,1,CH Gayle,1,0.011172016278383459
980987,2,17,2,CH Gayle,1,0.010520933012770909
980987,2,17,3,CH Gayle,1,0.039540291448033095
980987,2,17,4,CH Gayle,1,0.023447593250972225
980987,2,17,5,CH Gayle,1,0.02061239029143882
980987,2,17,6,CH Gayle,1,0.02061239029143882
980987,2,18,1,Sachin Baby,0,0.015872650708254006
980987,2,18,2,Sachin Baby,1,0.7847773427586369
980987,2,18,3,Sachin Baby,1,0.6603017348290242
981001,1,15,1,DJ Bravo,0,0.12921788275958063
981001,1,15,2,DJ Bravo,0,0.18549379724039586
981001,1,15,3,DJ Bravo,0,0.12912590271941302
981001,1,15,4,DJ Bravo,0,0.38849868925826053
981001,1,15,5,DJ Bravo,0,0.395572238268073
981001,1,15,6,DJ Bravo,0,0.3912424573774001
981001,1,16,1,SB Jakati,0,0.14605092820797397
981001,1,16,2,SB Jakati,0,0.19666657605903842
981001,1,16,3,SB Jakati,0,0.2676139551075031
981001,1,16,4,SB Jakati,1,0.3369275916700435
981001,1,16,5,SB Jakati,0,0.4027658191416984
981001,1,17,1,DJ Bravo,0,0.21087038712681558
981001,1,17,2,DJ Bravo,0,0.33529288032365834
981001,1,17,3,DJ Bravo,1,0.40211552075945856
981001,1,17,4,DJ Bravo,0,0.4387662763041351
981001,1,17,5,DJ Bravo,0,0.4361781549218479
981001,1,17,6,DJ Bravo,1,0.5661837846144591
981001,1,17,7,DJ Bravo,1,0.4548903429752012
981001,1,18,1,DS Kulkarni,1,0.7709360743683762
981001,1,18,2,DS Kulkarni,1,0.7838996235957449
981001,1,18,3,DS Kulkarni,1,0.693053668703184
981001,1,18,4,DS Kulkarni,1,0.7218079686510356
981001,1,18,5,DS Kulkarni,1,0.783456427802076
981001,1,19,1,DJ Bravo,1,0.33752011971285234
981001,1,19,2,DJ Bravo,1,0.3268232770445633
981001,1,19,3,DJ Bravo,1,0.42047745428578
981001,1,19,4,DJ Bravo,1,0.49276566974028946
981001,1,19,5,DJ Bravo,1,0.6150465857641454
981013,1,15,1,SR Watson,0,0.023335161453172666
981013,1,15,2,SR Watson,0,0.023335161453172666
981013,1,15,3,SR Watson,0,0.027657572869732402
981013,1,15,4,SR Watson,0,0.03446130858396515
981013,1,15,5,SR Watson,0,0.05006652464841169
981013,1,15,6,SR Watson,0,0.05602519037059351
981013,1,15,7,SR Watson,0,0.09706693672516215
981013,1,16,1,YS Chahal,0,0.28208614142518124
981013,1,16,2,YS Chahal,1,0.3518936985483286
981013,1,16,3,YS Chahal,0,0.41371382422415715
981013,1,16,4,YS Chahal,0,0.5651439314728939
981013,1,16,5,YS Chahal,1,0.6871396833621852
981013,1,17,1,CJ Jordan,0,0.1679649903088134
981013,1,17,2,CJ Jordan,0,0.17434782655903924
981013,1,17,3,CJ Jordan,0,0.1720392739685673
981013,1,17,4,CJ Jordan,1,0.23495837497603997
981013,1,17,5,CJ Jordan,1,0.26426255205632804
981013,1,17,6,CJ Jordan,1,0.26081359097960227
981013,1,17,7,CJ Jordan,1,0.26905031118471484
981013,1,18,1,SR Watson,0,0.24345740402780872
981013,1,18,2,SR Watson,0,0.3803655267619271
981013,1,18,3,SR Watson,0,0.5166071661856293
981013,1,18,4,SR Watson,0,0.48908300461504317
981013,1,18,5,SR Watson,0,0.5206707529016468
981013,1,18,6,SR Watson,0,0.760438505345759
981013,1,19,1,CJ Jordan,1,0.25128381590795246
981013,1,19,2,CJ Jordan,1,0.2886018290213369
981013,1,19,3,CJ Jordan,1,0.42441295171516114
981013,1,19,4,CJ Jordan,1,0.494473111398506
981013,1,19,5,CJ Jordan,1,0.5886760141618664
981013,2,15,1,SB Jakati,1,0.695990822121681
981013,2,15,2,SB Jakati,1,0.7000323851010696
981013,2,15,3,SB Jakati,0,0.7007210976621642
981013,2,15,4,SB Jakati,0,0.5628618055913925
981013,2,15,5,SB Jakati,1,0.7648870958793424
981013,2,16,1,P Kumar,0,0.15843323010976812
981013,2,16,2,P Kumar,0,0.14573061541807283
981013,2,16,3,P Kumar,1,0.1692528312909663
981013,2,16,4,P Kumar,0,0.16701192831396636
981013,2,16,5,P Kumar,1,0.20452988690135404
981013,2,16,6,P Kumar,1,0.28216112398318294
981013,2,17,1,DJ Bravo,0,0.3464006361450791
981013,2,17,2,DJ Bravo,0,0.17140780817948684
981013,2,17,3,DJ Bravo,0,0.2300677066933118
981013,2,17,4,DJ Bravo,0,0.2811600355761261
981013,2,17,5,DJ Bravo,0,0.3210988009967735
981013,2,17,6,DJ Bravo,0,0.26578640437017154
981013,2,18,1,P Kumar,0,0.25502653568905487
981015,1,15,1,JO Holder,0,0.5724848095284764
981015,1,15,2,JO Holder,0,0.485866579729906
981015,1,15,3,JO Holder,1,0.5879664358542923
981015,1,15,4,JO Holder,1,0.6030887646537725
981015,1,15,5,JO Holder,1,0.4671948257386765
981015,1,15,6,JO Holder,1,0.5879969696803392
981015,1,16,1,Kuldeep Yadav,0,0.4008798095280148
981015,1,16,2,Kuldeep Yadav,0,0.4499440195944899
981015,1,16,3,Kuldeep Yadav,0,0.4820058412886788
981015,1,16,4,Kuldeep Yadav,0,0.5661022062893286
981015,1,16,5,Kuldeep Yadav,0,0.7229272934794928
981015,1,17,1,SP Narine,0,0.30146908995189636
981015,1,17,2,SP Narine,1,0.41066781716075706
981015,1,17,3,SP Narine,0,0.4140690941451292
981015,1,17,4,SP Narine,0,0.33927678185284005
981015,1,17,5,SP Narine,0,0.39744433284659497
981015,1,17,6,SP Narine,1,0.6139215217449155
981015,1,18,1,JO Holder,1,0.43844262309539983
981015,1,18,2,JO Holder,1,0.4474228975488715
981015,1,18,3,JO Holder,1,0.4408148047644426
981015,1,18,4,JO Holder,1,0.4236605593043782
981015,1,18,5,JO Holder,1,0.487636412440913
981015,1,18,6,JO Holder,1,0.47423321899004767
981015,1,18,7,JO Holder,1,0.7228494803863468
981015,1,19,1,M Morkel,0,0.3091525227603508
981015,1,19,2,M Morkel,0,0.3097175869948468
981015,1,19,3,M Morkel,1,0.36637841932968307
981015,1,19,4,M Morkel,1,0.43954102403404127
981015,1,19,5,M Morkel,1,0.6305090068497589
981015,2,15,1,MC Henriques,1,0.36985278008933886
981015,2,15,2,MC Henriques,1,0.3874180239933109
981015,2,15,3,MC Henriques,1,0.4083361227868132
981015,2,15,4,MC Henriques,1,0.4424701839102649
981015,2,15,5,MC Henriques,0,0.477601261375112
981015,2,16,1,Mustafizur Rahman,0,0.40423379367340795
981015,2,16,2,Mustafizur Rahman,0,0.45178187672669146
981015,2,16,3,Mustafizur Rahman,0,0.3943981380528083
981015,2,16,4,Mustafizur Rahman,0,0.4102109143659222
981015,2,16,5,Mustafizur Rahman,0,0.4085543193176411
981015,2,16,6,Mustafizur Rahman,1,0.4074177401317813
981015,2,17,1,B Kumar,1,0.40190386683913937
981015,2,17,2,B Kumar,1,0.45876213740767213
981015,2,17,3,B Kumar,1,0.40280711519857737
981015,2,17,4,B Kumar,1,0.5179251540826679
981015,2,17,5,B Kumar,1,0.5272294544938854
981015,2,17,6,B Kumar,1,0.4564531631428974
981015,2,18,1,Mustafizur Rahman,0,0.41795358003045785
981015,2,18,2,Mustafizur Rahman,0,0.43496264637875515
981015,2,18,3,Mustafizur Rahman,0,0.47962729299410434
981015,2,18,4,Mustafizur Rahman,1,0.5541852735582804
981015,2,18,5,Mustafizur Rahman,0,0.713675942790728
981015,2,19,1,B Kumar,1,0.5754319246544837
981015,2,19,2,B Kumar,1,0.5827528718045065
981015,2,19,3,B Kumar,1,0.5940902678632297
981015,2,19,4,B Kumar,1,0.5375458487103915
981015,2,19,5,B Kumar,1,0.4916610812134609
981017,1,15,1,TA Boult,0,0.14931813810590985
981017,1,15,2,TA Boult,0,0.14789738244328524
981017,1,15,3,TA Boult,0,0.21812681083935512
981017,1,15,4,TA Boult,0,0.15778416212954904
981017,1,15,5,TA Boult,0,0.25718305512668665
981017,1,15,6,TA Boult,0,0.3441781580097489
981017,1,16,1,B Kumar,0,0.22832513136646082
981017,1,16,2,B Kumar,0,0.33658588138133344
981017,1,16,3,B Kumar,0,0.3588025374931663
981017,1,16,4,B Kumar,0,0.45906019401283593
981017,1,16,5,B Kumar,0,0.2722606767280789
981017,1,16,6,B Kumar,0,0.2728513511908401
981017,1,17,1,BCJ Cutting,0,0.22913687118478615
981017,1,17,2,BCJ Cutting,0,0.25904731910277173
981017,1,17,3,BCJ Cutting,0,0.2809282107536339
981017,1,17,4,BCJ Cutting,1,0.361728942487103
981017,1,17,5,BCJ Cutting,1,0.31252631946671583
981017,1,18,1,TA Boult,0,0.40558838346456094
981017,1,18,2,TA Boult,0,0.577150267584261
981017,1,18,3,TA Boult,0,0.569687088949383
981017,1,18,4,TA Boult,0,0.569687088949383
981017,1,18,5,TA Boult,0,0.5248228786167388
981017,1,18,6,TA Boult,1,0.7324528612119915
981017,1,19,1,B Kumar,0,0.2571059289290535
981017,1,19,2,B Kumar,0,0.2555912135662081
981017,1,19,3,B Kumar,1,0.31786082878538735
981017,1,19,4,B Kumar,0,0.42818197910191047
981017,1,19,5,B Kumar,1,0.46978405768190623
981017,1,19,6,B Kumar,1,0.6075626199697393
981017,2,15,1,DJ Bravo,0,0.16715542456880447
981017,2,15,2,DJ Bravo,0,0.14708487457501832
981017,2,15,3,DJ Bravo,0,0.18768634603115622
981017,2,15,4,DJ Bravo,0,0.21689915073067154
981017,2,15,5,DJ Bravo,0,0.19979000358683444
981017,2,15,6,DJ Bravo,0,0.25732525770124687
981017,2,16,1,P Kumar,0,0.29800302318272665
981017,2,16,2,P Kumar,0,0.2991383380676812
981017,2,16,3,P Kumar,1,0.3747907542330593
981017,2,16,4,P Kumar,1,0.36702468174157427
981017,2,16,5,P Kumar,0,0.3654177206760076
981017,2,16,6,P Kumar,0,0.378530669049439
981017,2,17,1,DS Kulkarni,0,0.24131245232264986
981017,2,17,2,DS Kulkarni,0,0.23894938366051108
981017,2,17,3,DS Kulkarni,0,0.3506295587456164
981017,2,17,4,DS Kulkarni,0,0.42216892192670347
981017,2,17,5,DS Kulkarni,0,0.5483226494146556
981017,2,18,1,DJ Bravo,0,0.3684443108787565
981017,2,18,2,DJ Bravo,0,0.3519926810693087
981017,2,18,3,DJ Bravo,0,0.38246681917185
981017,2,18,4,DJ Bravo,0,0.4592721361299362
981017,2,18,5,DJ Bravo,0,0.634289367089447
981017,2,19,1,P Kumar,1,0.32788476999251126
981019,1,15,1,S Aravind,1,0.434524893573397
981019,1,15,2,S Aravind,1,0.4577542680343515
981019,1,15,3,S Aravind,1,0.5228173156111405
981019,1,15,4,S Aravind,1,0.6100950683015408
981019,1,15,5,S Aravind,1,0.7462674213879658
981019,1,16,1,CJ Jordan,0,0.6655221206870953
981019,1,16,2,CJ Jordan,0,0.49916034574087526
981019,1,16,3,CJ Jordan,0,0.6579592473355327
981019,1,16,4,CJ Jordan,0,0.6216180407175321
981019,1,16,5,CJ Jordan,0,0.5020491209392463
981019,1,16,6,CJ Jordan,0,0.49177872373728204
981019,1,16,7,CJ Jordan,0,0.3916969238436092
981019,1,17,1,SR Watson,0,0.6829767807333627
981019,1,17,2,SR Watson,0,0.699392591264601
981019,1,17,3,SR Watson,0,0.5700332586328893
981019,1,17,4,SR Watson,0,0.45258949949052485
981019,1,17,5,SR Watson,0,0.6783324642612357
981019,1,17,6,SR Watson,0,0.5597882521757633
981019,1,17,7,SR Watson,0,0.6866269357041961
981019,1,17,8,SR Watson,0,0.6724707980312568
981019,1,18,1,CJ Jordan,0,0.3952081289288336
981019,1,18,2,CJ Jordan,0,0.4080997029216079
981019,1,18,3,CJ Jordan,0,0.4275743899932194
981019,1,18,4,CJ Jordan,0,0.7033285086978908
981019,1,18,5,CJ Jordan,0,0.7010327431589305
981019,1,18,6,CJ Jordan,1,0.7508575863339265
981019,1,19,1,SR Watson,0,0.6402463003585402
981019,1,19,2,SR Watson,0,0.7319955754651315
981019,1,19,3,SR Watson,0,0.7200615042497802
981019,1,19,4,SR Watson,0,0.7200816778153983
981019,1,19,5,SR Watson,0,0.753104995548888
981019,2,15,1,BCJ Cutting,1,0.3896140570767542
981019,2,15,2,BCJ Cutting,1,0.4255119203498499
981019,2,15,3,BCJ Cutting,1,0.48927858071964136
981019,2,15,4,BCJ Cutting,1,0.5971001041202663
981019,2,15,5,BCJ Cutting,1,0.7277146548069685
981019,2,16,1,Mustafizur Rahman,0,0.3110148052290363
981019,2,16,2,Mustafizur Rahman,0,0.27828040699904294
981019,2,16,3,Mustafizur Rahman,0,0.35317358546487626
981019,2,16,4,Mustafizur Rahman,0,0.3417987319088254
981019,2,16,5,Mustafizur Rahman,0,0.33549514323395174
981019,2,16,6,Mustafizur Rahman,0,0.33515980317401833
981019,2,17,1,B Kumar,0,0.11529008095921456
981019,2,17,2,B Kumar,0,0.15261090802732172
981019,2,17,3,B Kumar,0,0.18450406242017253
981019,2,17,4,B Kumar,0,0.16688199467714482
981019,2,17,5,B Kumar,0,0.17036696865804624
981019,2,17,6,B Kumar,0,0.2861042011501161
981019,2,18,1,Mustafizur Rahman,0,0.3650058895610469
981019,2,18,2,Mustafizur Rahman,0,0.41544869193950645
981019,2,18,3,Mustafizur Rahman,0,0.5066781901862986
981019,2,18,4,Mustafizur Rahman,0,0.5905085318106932
981019,2,18,5,Mustafizur Rahman,0,0.7228924131759034
981019,2,19,1,B Kumar,0,0.28722138050831514
981019,2,19,2,B Kumar,0,0.3564587740781163
981019,2,19,3,B Kumar,0,0.4224693505596037
981019,2,19,4,B Kumar,0,0.43474565220661193
981019,2,19,5,B Kumar,0,0.4527245271925666
1082596,1,15,1,BCJ Cutting,0,0.35587817030972746
1082596,1,15,2,BCJ Cutting,0,0.3793110121919744
1082596,1,15,3,BCJ Cutting,0,0.454445297468215
1082596,1,15,4,BCJ Cutting,0,0.48610764633501746
1082596,1,15,5,BCJ Cutting,0,0.36856284792217586
1082596,1,15,6,BCJ Cutting,0,0.3109732549298502
1082596,1,16,1,B Kumar,1,0.23471263548182184
1082596,1,16,2,B Kumar,1,0.28530852358312286
1082596,1,16,3,B Kumar,1,0.28744641560221224
1082596,1,16,4,B Kumar,1,0.318504518661986
1082596,1,16,5,B Kumar,1,0.3274375575612871
1082596,1,16,6,B Kumar,1,0.3148099423294709
1082596,1,17,1,A Nehra,1,0.38105738929433997
1082596,1,17,2,A Nehra,1,0.4095879011441898
1082596,1,17,3,A Nehra,1,0.48625374785754527
1082596,1,17,4,A Nehra,1,0.5712486439079054
1082596,1,17,5,A Nehra,1,0.6722907017192371
1082596,1,18,1,BCJ Cutting,0,0.3164239832167268
1082596,1,18,2,BCJ Cutting,0,0.3358426333107034
1082596,1,18,3,BCJ Cutting,0,0.3321997733168536
1082596,1,18,4,BCJ Cutting,0,0.4832429872090163
1082596,1,18,5,BCJ Cutting,0,0.4832429872090163
1082596,1,19,1,B Kumar,1,0.25946399107514895
1082596,1,19,2,B Kumar,1,0.35398051702551697
1082596,1,19,3,B Kumar,1,0.3506032930036983
1082596,1,19,4,B Kumar,1,0.34821049656441094
1082596,1,19,5,B Kumar,1,0.3284798888166576
1082596,2,15,1,Tejas Baroka,0,0.3712072025961288
1082596,2,15,2,Tejas Baroka,0,0.40709728737045253
1082602,1,15,1,MJ McClenaghan,1,0.07104647467561444
1082602,1,15,2,MJ McClenaghan,0,0.07447081073513298
1082602,1,15,3,MJ McClenaghan,0,0.1411035330396495
1082602,1,15,4,MJ McClenaghan,0,0.16486256381400946
1082602,1,15,5,MJ McClenaghan,0,0.17642303277544996
1082602,1,15,6,MJ McClenaghan,0,0.16738203996962675
1082602,1,15,7,MJ McClenaghan,1,0.17479791446042633
1082602,1,16,1,KH Pandya,1,0.158429047087066
1082602,1,16,2,KH Pandya,0,0.2579885445618903
1082602,1,16,3,KH Pandya,1,0.2888306490304904
1082602,1,16,4,KH Pandya,1,0.3361194715304304
1082602,1,16,5,KH Pandya,1,0.34317638159139036
1082602,1,17,1,JJ Bumrah,1,0.2636151476012759
1082602,1,17,2,JJ Bumrah,1,0.25665931625887417
1082602,1,17,3,JJ Bumrah,1,0.27296754811625557
1082602,1,17,4,JJ Bumrah,1,0.2486258440533716
1082602,1,17,5,JJ Bumrah,0,0.2426130503382088
1082602,1,17,6,JJ Bumrah,1,0.2658873857706526
1082602,1,17,7,JJ Bumrah,0,0.29845529835356194
1082602,1,18,1,MJ McClenaghan,0,0.2029668302294898
1082602,1,18,2,MJ McClenaghan,0,0.2756971559917241
1082602,1,18,3,MJ McClenaghan,0,0.31226759678918353
1082602,1,18,4,MJ McClenaghan,0,0.33626517124764294
1082602,1,18,5,MJ McClenaghan,1,0.32243306289596657
1082602,1,19,1,JJ Bumrah,1,0.28277111003012056
1082602,1,19,2,JJ Bumrah,1,0.30544049584408156
1082602,1,19,3,JJ Bumrah,1,0.3662742694315045
1082602,1,19,4,JJ Bumrah,1,0.47710544121131127
1082602,1,19,5,JJ Bumrah,0,0.5633167078692426
1082602,2,15,1,P Negi,0,0.2967015781495491
1082602,2,15,2,P Negi,0,0.331161425927851
1082602,2,15,3,P Negi,0,0.331161425927851
1082602,2,15,4,P Negi,0,0.3410570099176211
1082602,2,15,5,P Negi,0,0.3859071394738856
1082602,2,15,6,P Negi,0,0.33222196561111217
1082602,2,15,7,P Negi,0,0.5171241131308021
1082602,2,16,1,S Aravind,0,0.15743184201807195
1082602,2,16,2,S Aravind,0,0.21477316816761383
1082602,2,16,3,S Aravind,0,0.2764591476392762
1082602,2,16,4,S Aravind,0,0.27700304348462274
1082602,2,16,5,S Aravind,1,0.260985905008934
1082602,2,17,1,YS Chahal,0,0.21707575891316883
1082602,2,17,2,YS Chahal,1,0.2975356535634177
1082602,2,17,3,YS Chahal,1,0.2860302789841893
1082602,2,17,4,YS Chahal,0,0.3262240084627785
1082602,2,17,5,YS Chahal,1,0.3385970992423315
1082602,2,18,1,TS Mills,0,0.340032774746776
1082602,2,18,2,TS Mills,0,0.33626432872620005
1082602,2,18,3,TS Mills,0,0.38086163477758994
1082602,2,18,4,TS Mills,0,0.38086163477758994
1082602,2,18,5,TS Mills,0,0.5079156030627586
1082611,1,15,1,AD Mathews,1,0.8137111399557403
1082611,1,15,2,AD Mathews,1,0.8348099538970822
1082611,1,15,3,AD Mathews,1,0.794821365282807
1082611,1,15,4,AD Mathews,1,0.8217395499000772
1082611,1,15,5,AD Mathews,1,0.7816671880155267
1082611,1,15,6,AD Mathews,1,0.7418290520811984
1082611,1,16,1,CH Morris,0,0.1285940882258755
1082611,1,16,2,CH Morris,1,0.2908047202527425
1082611,1,16,3,CH Morris,0,0.2653829813682748
1082611,1,16,4,CH Morris,0,0.29443375989917103
1082611,1,16,5,CH Morris,0,0.3115508526197516
1082611,1,16,6,CH Morris,1,0.3732171509313509
1082611,1,17,1,AD Mathews,1,0.5655564360600709
1082611,1,17,2,AD Mathews,1,0.5310376726811936
1082611,1,17,3,AD Mathews,0,0.5399233407067057
1082611,1,17,4,AD Mathews,0,0.4887836707500774
1082611,1,17,5,AD Mathews,1,0.5345930948114886
1082611,1,18,1,CH Morris,1,0.4822976149223092
1082611,1,18,2,CH Morris,1,0.48113661451564943
1082611,1,18,3,CH Morris,1,0.5434133639191808
1082611,1,18,4,CH Morris,1,0.6307533980962868
1082611,1,18,5,CH Morris,1,0.7646984331966802
1082611,1,19,1,Z Khan,0,0.33860860224989175
1082611,1,19,2,Z Khan,0,0.380501250888228
1082611,1,19,3,Z Khan,0,0.43326171505665145
1082611,1,19,4,Z Khan,0,0.5808021667718455
1082611,1,19,5,Z Khan,1,0.665207155896313
1082611,2,15,1,MC Henriques,1,0.588704478046597
1082611,2,15,2,MC Henriques,0,0.5923762533563562
1082611,2,15,3,MC Henriques,1,0.6001378158008172
1082611,2,15,4,MC Henriques,1,0.5518055378084243
1082611,2,15,5,MC Henriques,1,0.5707237492408195
1082611,2,16,1,B Kumar,0,0.2214638086654685
1082611,2,16,2,B Kumar,0,0.21439793178738864
1082611,2,16,3,B Kumar,0,0.2103939859238002
1082611,2,16,4,B Kumar,0,0.26068302102123475
1082611,2,16,5,B Kumar,0,0.2822676666977131
1082611,2,16,6,B Kumar,0,0.29588524576401976
1082611,2,16,7,B Kumar,0,0.32509617801406027
1082611,2,17,1,S Kaul,0,0.25611563167349477
1082611,2,17,2,S Kaul,0,0.30562166222110154
1082611,2,17,3,S Kaul,0,0.3067101038053743
1082611,2,17,4,S Kaul,0,0.2850215867594012
1082611,2,17,5,S Kaul,0,0.2850215867594012
1082611,2,17,6,S Kaul,1,0.32565693372470805
1082611,2,18,1,B Kumar,0,0.3282413682496897
1082611,2,18,2,B Kumar,0,0.38944742047025765
1082611,2,18,3,B Kumar,0,0.4959444094580663
1082611,2,18,4,B Kumar,0,0.5858620632644476
1082611,2,18,5,B Kumar,1,0.660442302054255
1082611,2,19,1,S Kaul,0,0.32401780884443765
1082611,2,19,2,S Kaul,1,0.3337096628596862
1082611,2,19,3,S Kaul,1,0.3880895958705986
1082611,2,19,4,S Kaul,1,0.4681126197578756
1082611,2,19,5,S Kaul,1,0.6336480868532788
1082617,1,15,1,S Aravind,1,0.3761385277942937
1082617,1,15,2,S Aravind,1,0.45971409940558994
1082617,1,15,3,S Aravind,1,0.38082152385507734
1082617,1,15,4,S Aravind,1,0.42714580112212897
1082617,1,15,5,S Aravind,1,0.3952532766642384
1082617,1,15,6,S Aravind,1,0.41279626454128265
1082617,1,16,1,TS Mills,1,0.4578503851683956
1082617,1,16,2,TS Mills,1,0.3891086201039781
1082617,1,16,3,TS Mills,1,0.3639608919469501
1082617,1,16,4,TS Mills,1,0.37495247820017696
1082617,1,16,5,TS Mills,1,0.3669487955410865
1082617,1,16,6,TS Mills,1,0.24049320806106977
1082617,1,17,1,P Negi,1,0.14068951097347646
1082617,1,17,2,P Negi,1,0.14374945630418082
1082617,1,17,3,P Negi,1,0.1365063420549805
1082617,1,17,4,P Negi,1,0.13520406884792438
1082617,1,17,5,P Negi,1,0.18741500776097644
1082617,1,17,6,P Negi,0,0.16843823692175902
1082617,1,18,1,TS Mills,1,0.3159501417882293
1082617,1,18,2,TS Mills,1,0.24465655739997905
1082617,1,18,3,TS Mills,1,0.30750112052949335
1082617,1,18,4,TS Mills,1,0.42724395187406217
1082617,1,18,5,TS Mills,1,0.5281220259573742
1082617,1,19,1,S Aravind,1,0.2450633957009459
1082617,1,19,2,S Aravind,1,0.25750837948443384
1082626,1,15,1,Sandeep Sharma,1,0.17381042048082868
1082626,1,15,2,Sandeep Sharma,1,0.21160397917427265
1082626,1,15,3,Sandeep Sharma,1,0.23770449561803106
1082626,1,15,4,Sandeep Sharma,0,0.2238422227918289
1082626,1,15,5,Sandeep Sharma,0,0.21540449123195715
1082626,1,15,6,Sandeep Sharma,0,0.19597838336485734
1082626,1,15,7,Sandeep Sharma,1,0.1875170995700072
1082626,1,16,1,VR Aaron,1,0.008705805284302074
1082626,1,16,2,VR Aaron,1,0.008151856264044743
1082626,1,16,3,VR Aaron,0,0.0064978983971823705
1082626,1,16,4,VR Aaron,1,0.008228717247521635
1082626,1,16,5,VR Aaron,1,0.008228717247521635
1082634,1,15,1,S Kaul,0,0.4281410049840264
1082634,1,15,2,S Kaul,0,0.26447870181613886
1082634,1,15,3,S Kaul,0,0.3340728344394629
1082634,1,15,4,S Kaul,0,0.27488868956359264
1082634,1,15,5,S Kaul,0,0.4154217555953706
1082634,1,15,6,S Kaul,0,0.39335133858603866
1082634,1,16,1,B Kumar,0,0.1628056632737229
1082634,1,16,2,B Kumar,0,0.21139260062027207
1082634,1,16,3,B Kumar,0,0.3183509949604856
1082634,1,16,4,B Kumar,0,0.29742745821298944
1082634,1,16,5,B Kumar,0,0.2621103384762565
1082634,1,16,6,B Kumar,0,0.27824629001410034
1082634,1,16,7,B Kumar,0,0.2662711005082288
1082634,1,17,1,Rashid Khan,0,0.18786895500748912
1082634,1,17,2,Rashid Khan,1,0.2519503072572243
1082634,1,17,3,Rashid Khan,1,0.3098418070669356
1082634,1,17,4,Rashid Khan,0,0.35888035509615873
1082634,1,17,5,Rashid Khan,1,0.2943387530718844
1082634,1,18,1,B Kumar,0,0.2440279273188401
1082634,1,18,2,B Kumar,0,0.41190042303064767
1082634,1,18,3,B Kumar,0,0.41190042303064767
1082634,1,18,4,B Kumar,0,0.5304239057130646
1082634,1,18,5,B Kumar,1,0.5437366168394894
1082634,1,18,6,B Kumar,1,0.6644445723583432
1082634,1,19,1,S Kaul,0,0.3043911717288284
1082634,1,19,2,S Kaul,1,0.38846193609627977
1082634,1,19,3,S Kaul,1,0.5872498053196548
1082634,1,19,4,S Kaul,1,0.6391679411661171
1082634,1,19,5,S Kaul,1,0.725580444782441
1082634,2,15,1,Imran Tahir,0,0.45663146063731347
1082634,2,15,2,Imran Tahir,1,0.5022292578017262
1082634,2,15,3,Imran Tahir,1,0.603682334090045
1082634,2,15,4,Imran Tahir,1,0.6530616921878005
1082634,2,15,5,Imran Tahir,1,0.8019605098762268
1082634,2,16,1,DT Christian,0,0.11778799063634994
1082634,2,16,2,DT Christian,1,0.28338341806326023
1082634,2,16,3,DT Christian,1,0.2927273469874309
1082634,2,16,4,DT Christian,1,0.2954150364522666
1082634,2,16,5,DT Christian,1,0.28518054612814747
1082634,2,17,1,JD Unadkat,1,0.46438829401826665
1082634,2,17,2,JD Unadkat,1,0.4818804643778951
1082634,2,17,3,JD Unadkat,1,0.4628201901181024
1082634,2,17,4,JD Unadkat,1,0.457222658691998
1082634,2,17,5,JD Unadkat,1,0.45346214450114536
1082634,2,17,6,JD Unadkat,1,0.46184971692566756
1082634,2,18,1,BA Stokes,0,0.42418188064202683
1082634,2,18,2,BA Stokes,0,0.47237544206106913
1082634,2,18,3,BA Stokes,0,0.5563210333181682
1082634,2,18,4,BA Stokes,0,0.5846109182891733
1082634,2,18,5,BA Stokes,0,0.5806082856097704
1082634,2,18,6,BA Stokes,0,0.7364804481036327
1082634,2,19,1,JD Unadkat,1,0.46505505954369664
1082634,2,19,2,JD Unadkat,1,0.529663517050718
1082634,2,19,3,JD Unadkat,1,0.5495926188376022
1082634,2,19,4,JD Unadkat,1,0.5876721256991386
1082634,2,19,5,JD Unadkat,1,0.7327561703933918
1082636,1,15,1,SP Narine,1,0.39887068201267395
1082636,1,15,2,SP Narine,1,0.42270524470173365
1082636,1,15,3,SP Narine,1,0.5139176004538487
1082636,1,15,4,SP Narine,1,0.6280760856552364
1082636,1,15,5,SP Narine,1,0.7911752891857103
1082636,1,16,1,CR Woakes,0,0.2339037708332117
1082636,1,16,2,CR Woakes,0,0.22996052568804967
1082636,1,16,3,CR Woakes,0,0.2312028764555083
1082636,1,16,4,CR Woakes,0,0.26033433067209133
1082636,1,16,5,CR Woakes,0,0.2526657050699502
1082636,1,16,6,CR Woakes,0,0.2586865223650549
1082636,1,17,1,AS Rajpoot,0,0.200123928866968
1082636,1,17,2,AS Rajpoot,0,0.3170739087621081
1082636,1,17,3,AS Rajpoot,0,0.3692452453023988
1082636,1,17,4,AS Rajpoot,0,0.36121761225476395
1082636,1,17,5,AS Rajpoot,0,0.35909849117939696
1082636,1,18,1,CR Woakes,0,0.27987878261064897
1082636,1,18,2,CR Woakes,0,0.32224267525383765
1082636,1,18,3,CR Woakes,0,0.378468394639519
1082636,1,18,4,CR Woakes,0,0.378468394639519
1082636,1,18,5,CR Woakes,0,0.4915087255535297
1082636,1,18,6,CR Woakes,1,0.5918149545658874
1082636,1,19,1,UT Yadav,0,0.27365248372691675
1082636,1,19,2,UT Yadav,0,0.3454159735798369
1082636,1,19,3,UT Yadav,0,0.4667453323645967
1082636,1,19,4,UT Yadav,0,0.6024103673873952
1082636,1,19,5,UT Yadav,0,0.7443460557020588
1082638,1,15,1,Mohammed Siraj,1,0.6454904515435641
1082638,1,15,2,Mohammed Siraj,0,0.6657451870348917
1082638,1,15,3,Mohammed Siraj,0,0.6650728513208527
1082638,1,15,4,Mohammed Siraj,0,0.6456456811021261
1082638,1,15,5,Mohammed Siraj,0,0.642994699407883
1082638,1,15,6,Mohammed Siraj,0,0.6349201269268977
1082638,1,16,1,Rashid Khan,1,0.33638407035971807
1082638,1,16,2,Rashid Khan,1,0.403683030862844
1082638,1,16,3,Rashid Khan,1,0.4569544622369749
1082638,1,16,4,Rashid Khan,1,0.5599101022158607
1082638,1,16,5,Rashid Khan,1,0.39944138870120727
1082638,1,17,1,B Kumar,0,0.19552032598312827
1082638,1,17,2,B Kumar,1,0.28139949784652785
1082638,1,17,3,B Kumar,1,0.2797707974839815
1082638,1,17,4,B Kumar,1,0.29281858234679364
1082638,1,17,5,B Kumar,1,0.3359935965665265
1082638,1,17,6,B Kumar,1,0.38571604495468437
1082638,1,17,7,B Kumar,1,0.3649586108846251
1082638,1,18,1,S Kaul,0,0.309830966728336
1082638,1,18,2,S Kaul,0,0.36389211146106965
1082638,1,18,3,S Kaul,0,0.3762490452385979
1082638,1,18,4,S Kaul,0,0.3893517235870053
1082638,1,18,5,S Kaul,0,0.3905099805878149
1082638,1,19,1,B Kumar,1,0.36277888844172557
1082638,1,19,2,B Kumar,1,0.3694817198554109
1082638,1,19,3,B Kumar,1,0.41215681978143104
1082638,1,19,4,B Kumar,1,0.449407659883229
1082638,1,19,5,B Kumar,1,0.5121890584879305
1082638,1,19,6,B Kumar,0,0.5954767250074766
1082638,2,15,1,JJ Bumrah,0,0.3640859879031331
1082638,2,15,2,JJ Bumrah,0,0.4178942667624707
1082638,2,15,3,JJ Bumrah,0,0.463230019092554
1082638,2,15,4,JJ Bumrah,0,0.48631579786193513
1082638,2,15,5,JJ Bumrah,0,0.4861894705962165
1082638,2,15,6,JJ Bumrah,0,0.47200963934631235
1082638,2,16,1,SL Malinga,0,0.4589673020785293
1082638,2,16,2,SL Malinga,0,0.49863974992954846
1082638,2,16,3,SL Malinga,1,0.47903796322901215
1082638,2,16,4,SL Malinga,1,0.5578363061002137
1082638,2,16,5,SL Malinga,1,0.6354029988768274
1082638,2,16,6,SL Malinga,1,0.78162798814057
1082638,2,17,1,MJ McClenaghan,0,0.35713045331508614
1082638,2,17,2,MJ McClenaghan,1,0.38701712699970353
1082638,2,17,3,MJ McClenaghan,1,0.5029649946082717
1082638,2,17,4,MJ McClenaghan,1,0.55784299945776
1082638,2,17,5,MJ McClenaghan,1,0.7217846256522378
1082638,2,18,1,JJ Bumrah,0,0.36224646975367486
1082649,1,15,1,HH Pandya,1,0.13820112520776046
1082649,1,15,2,HH Pandya,1,0.2710627767124905
1082649,1,15,3,HH Pandya,1,0.17974632747426325
1082649,1,15,4,HH Pandya,1,0.25109530627798843
1082649,1,15,5,HH Pandya,1,0.07098509391390069
1082649,1,16,1,MG Johnson,0,0.2686739449474252
1082649,1,16,2,MG Johnson,0,0.3056917408070973
1082649,1,16,3,MG Johnson,0,0.3828379661914861
1082649,1,16,4,MG Johnson,1,0.443929799385688
1082649,1,16,5,MG Johnson,1,0.5646279588614528
1082649,1,16,6,MG Johnson,1,0.7397822556136437
1082649,1,17,1,JJ Bumrah,0,0.007664518666387904
1082649,1,17,2,JJ Bumrah,0,0.019324792113358684
1082649,1,17,3,JJ Bumrah,1,0.05611851134007884
1082649,1,17,4,JJ Bumrah,1,0.06233000283103482
1082649,1,17,5,JJ Bumrah,1,0.04329367256111752
1082649,1,18,1,SL Malinga,1,0.3044872470032385
1082649,1,18,2,SL Malinga,1,0.3074563371596581
1082649,1,18,3,SL Malinga,1,0.3622681646547978
1082649,1,18,4,SL Malinga,1,0.49466804750978444
1082650,1,15,1,DT Christian,0,0.09704052565423185
1082650,1,15,2,DT Christian,0,0.11736029700678026
1082650,1,15,3,DT Christian,0,0.11295989455203626
1082650,1,15,4,DT Christian,0,0.12648620926222748
1082650,1,15,5,DT Christian,0,0.146033343170085
1082650,1,15,6,DT Christian,0,0.1779360010656529
1082650,1,16,1,JD Unadkat,0,0.08298188029157254
1082650,1,16,2,JD Unadkat,0,0.0983134267950195
1082650,1,16,3,JD Unadkat,0,0.11461876424947444
1082650,1,16,4,JD Unadkat,0,0.2731355406410545
1082650,1,16,5,JD Unadkat,0,0.25768905545515836
1082650,1,16,6,JD Unadkat,0,0.21324172541133998
1082650,1,17,1,DT Christian,0,0.15047918994795947
1082650,1,17,2,DT Christian,0,0.16619650937345884
1082650,1,17,3,DT Christian,0,0.15832305649746384
1082650,1,17,4,DT Christian,0,0.19845089471978045
1082650,1,17,5,DT Christian,0,0.14990879291960083
1082650,1,17,6,DT Christian,0,0.20089987073194868
1082650,1,18,1,JD Unadkat,0,0.24322006330681425
1082650,1,18,2,JD Unadkat,0,0.2556994677705876
1082650,1,18,3,JD Unadkat,0,0.35099362909386717
1082650,1,18,4,JD Unadkat,0,0.33111199977225336
1082650,1,18,5,JD Unadkat,0,0.2667390478147293
1082650,1,19,1,DT Christian,0,0.22006048090145958
1082650,1,19,2,DT Christian,0,0.19970377142285595
1082650,1,19,3,DT Christian,0,0.29864857038183173
1082650,1,19,4,DT Christian,0,0.31395716407288266
1082650,1,19,5,DT Christian,1,0.4153413866646243
1082650,1,19,6,DT Christian,1,0.43431598193971965
1082650,1,19,7,DT Christian,1,0.5374520440702673
1082650,2,15,1,KH Pandya,0,0.3240536598072713
1082650,2,15,2,KH Pandya,0,0.3205983762113954
1082650,2,15,3,KH Pandya,0,0.5690368423987993
1082650,2,15,4,KH Pandya,0,0.6130337893683915
1082650,2,15,5,KH Pandya,1,0.7605855964821451
1082650,2,16,1,JJ Bumrah,0,0.27213783882865417
1082650,2,16,2,JJ Bumrah,0,0.27224308591094076
1082650,2,16,3,JJ Bumrah,0,0.2658629071069456
1082650,2,16,4,JJ Bumrah,0,0.3265732019659297
1082650,2,16,5,JJ Bumrah,0,0.3446498914551311
1082650,2,16,6,JJ Bumrah,0,0.30441479670960087
1082650,2,17,1,SL Malinga,0,0.15169868888148902
1082650,2,17,2,SL Malinga,0,0.20596693080928996
1082650,2,17,3,SL Malinga,0,0.2432498561947161
1082650,2,17,4,SL Malinga,0,0.24570463471565465
1082650,2,17,5,SL Malinga,0,0.2572425275376698
1082650,2,18,1,JJ Bumrah,0,0.2721223606741413
1082650,2,18,2,JJ Bumrah,0,0.32797983565950517
1082650,2,18,3,JJ Bumrah,0,0.3579018690516532
1082650,2,18,4,JJ Bumrah,0,0.35073954489149584
1082650,2,18,5,JJ Bumrah,0,0.6863442625411488
1082650,2,19,1,MG Johnson,1,0.37254411737415105
1082650,2,19,2,MG Johnson,1,0.37167279704959916
1082650,2,19,3,MG Johnson,0,0.5547485687398171
1082650,2,19,4,MG Johnson,0,0.5845107959751031
1082650,2,19,5,MG Johnson,0,0.7472114723806068
1136563,1,15,1,AD Russell,0,0.10149419124667784
1136563,1,15,2,AD Russell,0,0.11064681046687888
1136563,1,15,3,AD Russell,0,0.15000541479377819
1136563,1,15,4,AD Russell,0,0.21004696182943594
1136563,1,15,5,AD Russell,0,0.2129049372970045
1136563,1,16,1,MG Johnson,1,0.3383360647499442
1136563,1,16,2,MG Johnson,1,0.2597398590787304
1136563,1,16,3,MG Johnson,1,0.2150919861854854
1136563,1,16,4,MG Johnson,1,0.24926592421171173
1136563,1,16,5,MG Johnson,1,0.2658055082800202
1136563,1,16,6,MG Johnson,1,0.28459974309925495
1136563,1,17,1,SP Narine,0,0.27989533407888617
1136563,1,17,2,SP Narine,0,0.2990217027674575
1136563,1,17,3,SP Narine,0,0.36614978864045994
1136563,1,17,4,SP Narine,1,0.4586261526933108
1136563,1,17,5,SP Narine,1,0.5770013060183633
1136563,1,18,1,MG Johnson,1,0.26905053945396834
1136563,1,18,2,MG Johnson,0,0.27312638643402387
1136563,1,18,3,MG Johnson,1,0.3213536396879077
1136563,1,18,4,MG Johnson,1,0.43030980527657636
1136563,1,18,5,MG Johnson,1,0.531461297443421
1136563,1,19,1,R Vinay Kumar,1,0.6830850249342781
1136563,1,19,2,R Vinay Kumar,1,0.6008288986343757
1136563,1,19,3,R Vinay Kumar,1,0.9069725816118059
1136563,1,19,4,R Vinay Kumar,1,0.5478495059373453
1136563,1,19,5,R Vinay Kumar,1,0.7021058688429554
1136563,2,15,1,CR Woakes,1,0.8691458679092179
1136563,2,15,2,CR Woakes,1,0.8095967065946733
1136563,2,15,3,CR Woakes,1,0.805705254246619
1136563,2,15,4,CR Woakes,1,0.7760668679339783
1136563,2,15,5,CR Woakes,1,0.772716596492934
1136563,2,15,6,CR Woakes,1,0.7543822141416338
1136563,2,15,7,CR Woakes,1,0.7466836994483685
1136563,2,16,1,UT Yadav,0,0.3565353321107376
1136563,2,16,2,UT Yadav,0,0.424660940617351
1136563,2,16,3,UT Yadav,0,0.42313033945831385
1136563,2,16,4,UT Yadav,0,0.4285995451589655
1136563,2,16,5,UT Yadav,0,0.4485425229513052
1136563,2,16,6,UT Yadav,0,0.37046657143933054
1136563,2,17,1,CR Woakes,1,0.56065334848904
1136563,2,17,2,CR Woakes,1,0.5523186922520017
1136563,2,17,3,CR Woakes,1,0.5523186922520017
1136563,2,17,4,CR Woakes,0,0.47723406068007856
1136563,2,17,5,CR Woakes,0,0.6619977904138042
1136563,2,17,6,CR Woakes,1,0.7646171547956466
1136563,2,18,1,K Khejroliya,0,0.31790693065744013
1136563,2,18,2,K Khejroliya,0,0.3263640355684298
1136563,2,18,3,K Khejroliya,0,0.3269616597608145
1136563,2,18,4,K Khejroliya,0,0.3687311959535694
1136563,2,18,5,K Khejroliya,0,0.4438186992023233
1136568,1,15,1,Washington Sundar,1,0.27908421563939695
1136568,1,15,2,Washington Sundar,1,0.2977985666383048
1136568,1,15,3,Washington Sundar,0,0.29150795603116136
1136568,1,15,4,Washington Sundar,0,0.29365878189234274
1136568,1,15,5,Washington Sundar,0,0.281021303959006
1136568,1,16,1,UT Yadav,0,0.3262477517188079
1136568,1,16,2,UT Yadav,0,0.3734675859496168
1136568,1,16,3,UT Yadav,0,0.39482582068427946
1136568,1,16,4,UT Yadav,0,0.4215375085003363
1136568,1,16,5,UT Yadav,0,0.37959918081598587
1136568,1,17,1,CR Woakes,1,0.44879260072425725
1136568,1,17,2,CR Woakes,1,0.2692909236302254
1136568,1,17,3,CR Woakes,1,0.569672855760105
1136568,1,17,4,CR Woakes,1,0.47002981499777674
1136568,1,17,5,CR Woakes,1,0.4627046358044789
1136568,1,17,6,CR Woakes,1,0.5764536039996612
1136568,1,17,7,CR Woakes,1,0.3965640326749874
1136568,1,18,1,YS Chahal,0,0.13584958543115938
1136568,1,18,2,YS Chahal,0,0.16442929218994443
1136568,1,18,3,YS Chahal,0,0.20792664750307593
1136568,1,18,4,YS Chahal,1,0.26281445002117243
1136568,1,18,5,YS Chahal,1,0.5220964272881572
1136568,1,19,1,CR Woakes,1,0.3235502242445996
1136568,1,19,2,CR Woakes,1,0.3059521133305417
1136568,2,15,1,AJ Tye,1,0.20354139720113482
1136568,2,15,2,AJ Tye,1,0.20971843229457132
1136568,2,15,3,AJ Tye,1,0.19226658433985902
1136568,2,15,4,AJ Tye,1,0.2398765563501224
1136568,2,15,5,AJ Tye,1,0.25043784099713395
1136568,2,15,6,AJ Tye,1,0.19038727226959107
1136568,2,16,1,Mujeeb Ur Rahman,0,0.08732098310418554
1136568,2,16,2,Mujeeb Ur Rahman,0,0.15871758834969335
1136568,2,16,3,Mujeeb Ur Rahman,0,0.4603890894916606
1136568,2,16,4,Mujeeb Ur Rahman,0,0.46282680206154625
1136568,2,16,5,Mujeeb Ur Rahman,0,0.7493561273000408
1136568,2,17,1,MM Sharma,0,0.5602362454533357
1136568,2,17,2,MM Sharma,1,0.6763416047053223
1136568,2,17,3,MM Sharma,1,0.6763416047053223
1136568,2,17,4,MM Sharma,0,0.6198140303863435
1136568,2,17,5,MM Sharma,0,0.6288453676068217
1136568,2,17,6,MM Sharma,0,0.49189387790460815
1136568,2,18,1,AJ Tye,1,0.3767793747947727
1136568,2,18,2,AJ Tye,1,0.38963014125339046
1136568,2,18,3,AJ Tye,1,0.4792916107533344
1136568,2,18,4,AJ Tye,1,0.5809092363691847
1136568,2,18,5,AJ Tye,1,0.6598566735656826
1136568,2,19,1,MM Sharma,0,0.5218376851026171
1136568,2,19,2,MM Sharma,0,0.520381410759818
1136575,1,15,1,Kuldeep Yadav,0,0.17030717903556056
1136575,1,15,2,Kuldeep Yadav,0,0.23259430332147427
1136575,1,15,3,Kuldeep Yadav,0,0.3287115134390686
1136575,1,15,4,Kuldeep Yadav,0,0.3951486643499048
1136575,1,15,5,Kuldeep Yadav,0,0.37389393573692276
1136575,1,16,1,PP Chawla,0,0.20618401546931514
1136575,1,16,2,PP Chawla,0,0.26814424050826047
1136575,1,16,3,PP Chawla,0,0.37629484194201834
1136575,1,16,4,PP Chawla,0,0.451770755078725
1136575,1,16,5,PP Chawla,0,0.45834760274186376
1136575,1,17,1,SP Narine,0,0.6129604510307365
1136575,1,17,2,SP Narine,0,0.5988900949369338
1136575,1,17,3,SP Narine,0,0.7195370649440913
1136575,1,17,4,SP Narine,0,0.6502224883109051
1136575,1,17,5,SP Narine,0,0.77161589846862
1136575,1,18,1,TK Curran,0,0.19200619716375006
1136575,1,18,2,TK Curran,0,0.15988003876903453
1136575,1,18,3,TK Curran,0,0.1673922260734352
1136575,1,18,4,TK Curran,0,0.2005995971265463
1136575,1,18,5,TK Curran,0,0.198982346084478
1136575,1,18,6,TK Curran,0,0.2288071689240578
1136575,1,19,1,Shivam Mavi,1,0.37615348272187293
1136575,1,19,2,Shivam Mavi,1,0.37323750004377343
1136575,1,19,3,Shivam Mavi,1,0.3757527448399937
1136575,1,19,4,Shivam Mavi,1,0.3757527448399937
1136575,1,19,5,Shivam Mavi,1,0.37890808394547143
1136575,1,19,6,Shivam Mavi,1,0.37514199583072594
1136575,1,19,7,Shivam Mavi,1,0.44121551626996597
1136575,1,19,8,Shivam Mavi,1,0.5614553479843903
1136575,2,15,1,B Laughlin,1,0.4440499028193305
1136575,2,15,2,B Laughlin,0,0.4079501493168194
1136575,2,15,3,B Laughlin,0,0.4614636839477696
1136575,2,15,4,B Laughlin,0,0.446006272929649
1136575,2,15,5,B Laughlin,0,0.4646477404868133
1136575,2,15,6,B Laughlin,0,0.4102408509882427
1136575,2,16,1,JD Unadkat,0,0.4725871425640338
1136575,2,16,2,JD Unadkat,0,0.4773640884075357
1136575,2,16,3,JD Unadkat,0,0.5918377995687182
1136575,2,16,4,JD Unadkat,0,0.5928853396994905
1136575,2,16,5,JD Unadkat,1,0.7396700989761755
1136575,2,17,1,BA Stokes,0,0.3983752460508475
1136575,2,17,2,BA Stokes,0,0.41173809987833554
1136575,2,17,3,BA Stokes,1,0.4576616615401841
1136575,2,17,4,BA Stokes,1,0.5370932271754907
1136575,2,17,5,BA Stokes,1,0.5213580585920502
1136575,2,18,1,B Laughlin,0,0.4680421859587019
1136575,2,18,2,B Laughlin,0,0.5035500477406624
1136575,2,18,3,B Laughlin,0,0.4913693677581512
1136575,2,18,4,B Laughlin,0,0.5548355336006446
1136575,2,18,5,B Laughlin,0,0.6255275552960182
1136576,1,15,1,B Kumar,0,0.12172978086745852
1136576,1,15,2,B Kumar,0,0.128469836575135
1136576,1,15,3,B Kumar,0,0.15723947765657353
1136576,1,15,4,B Kumar,0,0.24185225274990182
1136576,1,15,5,B Kumar,0,0.24185225274990182
1136576,1,15,6,B Kumar,0,0.2622864777340321
1136576,1,16,1,CJ Jordan,0,0.2366651118260705
1136576,1,16,2,CJ Jordan,0,0.24684935033493183
1136576,1,16,3,CJ Jordan,0,0.38510448952550774
1136576,1,16,4,CJ Jordan,0,0.39953156070862117
1136576,1,16,5,CJ Jordan,1,0.508808778544056
1136576,1,16,6,CJ Jordan,1,0.5931501502055881
1136576,1,17,1,B Kumar,0,0.31376017697923
1136576,1,17,2,B Kumar,0,0.33368004633838216
1136576,1,17,3,B Kumar,0,0.3248439674565215
1136576,1,17,4,B Kumar,0,0.344968179036828
1136576,1,17,5,B Kumar,0,0.4186558987478315
1136576,1,17,6,B Kumar,0,0.35640751327648695
1136576,1,18,1,S Kaul,1,0.5725978434235824
1136576,1,18,2,S Kaul,1,0.44650697158278285
1136576,1,18,3,S Kaul,1,0.4978726652377834
1136576,1,18,4,S Kaul,1,0.5898594678946225
1136576,1,18,5,S Kaul,1,0.6553047427541238
1136576,1,19,1,Rashid Khan,0,0.673083509262749
1136576,1,19,2,Rashid Khan,0,0.5616475754973392
1136576,1,19,3,Rashid Khan,0,0.6379988306580301
1136576,1,19,4,Rashid Khan,1,0.638764500349039
1136576,1,19,5,Rashid Khan,1,0.6500656198143846
1136576,2,15,1,Mujeeb Ur Rahman,0,0.3041031736431207
1136576,2,15,2,Mujeeb Ur Rahman,0,0.3858021277663017
1136576,2,15,3,Mujeeb Ur Rahman,0,0.40149261771663425
1136576,2,15,4,Mujeeb Ur Rahman,0,0.6407203667703429
1136576,2,15,5,Mujeeb Ur Rahman,0,0.725889108519124
1136576,2,15,6,Mujeeb Ur Rahman,1,0.7170467586767212
1136576,2,16,1,AJ Tye,1,0.3647718446779586
1136576,2,16,2,AJ Tye,1,0.45033538479834606
1136576,2,16,3,AJ Tye,1,0.45890141421448377
1136576,2,16,4,AJ Tye,1,0.5284380686928382
1136576,2,16,5,AJ Tye,1,0.628445409697489
1136576,2,17,1,BB Sran,0,0.07075012907602522
1136576,2,17,2,BB Sran,0,0.17592279843182523
1136576,2,17,3,BB Sran,0,0.21959705977942012
1136576,2,17,4,BB Sran,0,0.27447318791334696
1136576,2,17,5,BB Sran,0,0.2729667746688863
1136576,2,17,6,BB Sran,0,0.26085558790958896
1136576,2,17,7,BB Sran,0,0.27054527247103566
1136576,2,17,8,BB Sran,0,0.2425673951328503
1136576,2,18,1,MM Sharma,0,0.5609303627330648
1136576,2,18,2,MM Sharma,1,0.6342480689778257
1136576,2,18,3,MM Sharma,1,0.6008557471779846
1136576,2,18,4,MM Sharma,1,0.6008557471779846
1136576,2,18,5,MM Sharma,1,0.46755610291917754
1136576,2,18,6,MM Sharma,1,0.5371016514206913
1136576,2,19,1,R Ashwin,0,0.31862822403194324
1136576,2,19,2,R Ashwin,0,0.28489046469263857
1136576,2,19,3,R Ashwin,0,0.28489046469263857
1136576,2,19,4,R Ashwin,0,0.37354557610281736
1136576,2,19,5,R Ashwin,1,0.4339917560412088
1136576,2,19,6,R Ashwin,1,0.5778073980278474
1136577,1,15,1,S Gopal,1,0.27058338866755766
1136577,1,15,2,S Gopal,0,0.3661735633306687
1136577,1,15,3,S Gopal,0,0.42676847065690177
1136577,1,15,4,S Gopal,1,0.49424574729423504
1136577,1,15,5,S Gopal,0,0.47422071309328045
1136577,1,16,1,B Laughlin,1,0.4275436661780521
1136577,1,16,2,B Laughlin,1,0.38162574668968546
1136577,1,16,3,B Laughlin,1,0.451190634028849
1136577,1,16,4,B Laughlin,1,0.4206602560812621
1136577,1,16,5,B Laughlin,1,0.4092670756558309
1136577,1,16,6,B Laughlin,1,0.41635179038867753
1136577,1,17,1,JD Unadkat,1,0.3253533233776459
1136577,1,17,2,JD Unadkat,0,0.33596079025964803
1136577,1,17,3,JD Unadkat,0,0.3514331861454297
1136577,1,17,4,JD Unadkat,1,0.41173837151648085
1136577,1,17,5,JD Unadkat,0,0.5104116075896868
1136577,1,18,1,BA Stokes,1,0.6848325332948485
1136577,1,18,2,BA Stokes,1,0.6220377451100914
1136577,1,18,3,BA Stokes,0,0.6463219735025716
1136577,1,18,4,BA Stokes,0,0.5291831510828576
1136577,1,18,5,BA Stokes,0,0.5130809511373682
1136577,1,19,1,B Laughlin,1,0.3298107504843866
1136577,1,19,2,B Laughlin,0,0.2574746055245055
1136577,1,19,3,B Laughlin,1,0.24264306619693948
1136577,1,19,4,B Laughlin,1,0.26443796644244594
1136577,1,19,5,B Laughlin,1,0.26656948083509063
1136577,1,19,6,B Laughlin,1,0.308849605678705
1136577,1,19,7,B Laughlin,0,0.47709985469789673
1136577,2,15,1,SN Thakur,0,0.2802172645281712
1136577,2,15,2,SN Thakur,0,0.27331533106872385
1136577,2,15,3,SN Thakur,0,0.285488891559754
1136577,2,15,4,SN Thakur,0,0.32253354124876465
1136577,2,15,5,SN Thakur,0,0.30809892824432455
1136577,2,16,1,KV Sharma,0,0.04961129356175602
1136577,2,16,2,KV Sharma,0,0.05679272843705342
1136577,2,16,3,KV Sharma,0,0.059900107974010464
1136577,2,16,4,KV Sharma,0,0.059900107974010464
1136577,2,16,5,KV Sharma,0,0.059900107974010464
1136577,2,16,6,KV Sharma,0,0.30148290414174955
1136577,2,17,1,RA Jadeja,1,0.04994654835972398
1136577,2,17,2,RA Jadeja,1,0.059353054527455706
1136577,2,17,3,RA Jadeja,1,0.058506682680742106
1136577,2,17,4,RA Jadeja,1,0.058506682680742106
1136577,2,17,5,RA Jadeja,1,0.10542166050765686
1136577,2,18,1,KV Sharma,1,0.332259656663833
1136577,2,18,2,KV Sharma,1,0.3526936552319048
1136578,1,15,1,AJ Tye,1,0.5733998730926234
1136578,1,15,2,AJ Tye,1,0.497896107144431
1136578,1,15,3,AJ Tye,1,0.4374894119871848
1136578,1,15,4,AJ Tye,1,0.4439644255196919
1136578,1,15,5,AJ Tye,1,0.4318450877108173
1136578,1,15,6,AJ Tye,1,0.29749206484381585
1136578,1,16,1,BB Sran,1,0.834107247464892
1136578,1,16,2,BB Sran,1,0.8381829258851299
1136578,1,16,3,BB Sran,1,0.850907806758996
1136578,1,16,4,BB Sran,1,0.8589685724099295
1136578,1,16,5,BB Sran,1,0.8589685724099295
1136578,1,16,6,BB Sran,1,0.8631076910898111
1136578,1,16,7,BB Sran,1,0.8970599436846213
1136578,1,17,1,AS Rajpoot,0,0.4146601811699993
1136578,1,17,2,AS Rajpoot,0,0.48227851502868696
1136578,1,17,3,AS Rajpoot,0,0.4460740076990322
1136578,1,17,4,AS Rajpoot,0,0.4494342175691988
1136578,1,17,5,AS Rajpoot,0,0.4520300389633336
1136578,1,17,6,AS Rajpoot,0,0.45963966271004436
1136578,1,17,7,AS Rajpoot,0,0.4539721020536943
1136578,1,18,1,BB Sran,1,0.858092902708682
1136578,1,18,2,BB Sran,1,0.8354072560546791
1136578,1,18,3,BB Sran,1,0.8026090329579004
1136578,1,18,4,BB Sran,1,0.7870488361624102
1136578,1,18,5,BB Sran,1,0.7943777821477255
1136578,1,18,6,BB Sran,1,0.7639590228359235
1136578,1,19,1,AJ Tye,1,0.29594353900561465
1136578,1,19,2,AJ Tye,1,0.3228414252521728
1136578,1,19,3,AJ Tye,1,0.3195959464437085
1136578,1,19,4,AJ Tye,1,0.37552113967437956
1136578,1,19,5,AJ Tye,1,0.4598488365874025
1136578,1,19,6,AJ Tye,1,0.5536380976651436
1136581,1,15,1,JD Unadkat,0,0.1567831679731025
1136581,1,15,2,JD Unadkat,0,0.198390588041399
1136581,1,15,3,JD Unadkat,0,0.19204414165498243
1136581,1,15,4,JD Unadkat,0,0.21366681639517418
1136581,1,15,5,JD Unadkat,0,0.21100346699043004
1136581,1,15,6,JD Unadkat,0,0.24066550380618873
1136581,1,16,1,JC Archer,1,0.16101292238924556
1136581,1,16,2,JC Archer,1,0.16179545980967658
1136581,1,16,3,JC Archer,1,0.1571081179953829
1136581,1,16,4,JC Archer,1,0.19550729860749233
1136581,1,16,5,JC Archer,0,0.21407864076449243
1136581,1,16,6,JC Archer,0,0.219198657293993
1136581,1,17,1,JD Unadkat,0,0.3043325999727967
1136581,1,17,2,JD Unadkat,0,0.3848606806500446
1136581,1,17,3,JD Unadkat,1,0.47920817332253673
1136581,1,17,4,JD Unadkat,1,0.6094467624695608
1136581,1,17,5,JD Unadkat,1,0.7322111327367407
1136581,1,18,1,JC Archer,0,0.29267063988455194
1136581,1,18,2,JC Archer,0,0.33491576232685194
1136581,1,18,3,JC Archer,1,0.354473725466727
1136581,1,18,4,JC Archer,1,0.448426389329921
1136581,1,18,5,JC Archer,1,0.48878532282276005
1136581,1,19,1,BA Stokes,0,0.28001467558964604
1136581,1,19,2,BA Stokes,0,0.2743187480819789
1136581,1,19,3,BA Stokes,0,0.24638108457147193
1136581,1,19,4,BA Stokes,0,0.2541984878457253
1136581,1,19,5,BA Stokes,1,0.3618897133242495
1136581,1,19,6,BA Stokes,0,0.3506087188368263
1136581,2,15,1,KH Pandya,1,0.37375036168370107
1136581,2,15,2,KH Pandya,1,0.4038089890110965
1136581,2,15,3,KH Pandya,1,0.46707312538138746
1136581,2,15,4,KH Pandya,1,0.5198858747290404
1136581,2,15,5,KH Pandya,1,0.6265977068375543
1136581,2,16,1,JJ Bumrah,0,0.08168529951019983
1136581,2,16,2,JJ Bumrah,0,0.14595272964139558
1136581,2,16,3,JJ Bumrah,0,0.12560024949404514
1136581,2,16,4,JJ Bumrah,0,0.10513719668018955
1136581,2,16,5,JJ Bumrah,0,0.1191978596473501
1136581,2,16,6,JJ Bumrah,0,0.14376278160759193
1136581,2,17,1,Mustafizur Rahman,0,0.33238686108627624
1136581,2,17,2,Mustafizur Rahman,0,0.38346100562728247
1136581,2,17,3,Mustafizur Rahman,0,0.36755162927606877
1136581,2,17,4,Mustafizur Rahman,0,0.4352261975072568
1136581,2,17,5,Mustafizur Rahman,0,0.5098428322361784
1136581,2,17,6,Mustafizur Rahman,0,0.6370847021002037
1136581,2,18,1,JJ Bumrah,0,0.17325099929624185
1136581,2,18,2,JJ Bumrah,0,0.25312746688260446
1136581,2,18,3,JJ Bumrah,0,0.27377827188696807
1136581,2,18,4,JJ Bumrah,0,0.2839199728066454
1136581,2,18,5,JJ Bumrah,0,0.47670615920745907
1136581,2,18,6,JJ Bumrah,0,0.6042150635374904
1136581,2,19,1,HH Pandya,0,0.1690540345460875
1136581,2,19,2,HH Pandya,0,0.28481796911931706
1136581,2,19,3,HH Pandya,0,0.25232345276215706
1136582,1,15,1,A Mishra,0,0.30926641652028874
1136582,1,15,2,A Mishra,0,0.32516906699837644
1136582,1,15,3,A Mishra,0,0.3668126612820384
1136582,1,15,4,A Mishra,0,0.5104801943112527
1136582,1,15,5,A Mishra,0,0.49601867488551593
1136582,1,15,6,A Mishra,0,0.6097414410952469
1136582,1,15,7,A Mishra,1,0.7536245237462348
1136582,1,16,1,LE Plunkett,0,0.062389005941759994
1136582,1,16,2,LE Plunkett,0,0.10454320108330814
1136582,1,16,3,LE Plunkett,0,0.1095784557188702
1136582,1,16,4,LE Plunkett,0,0.09677871763967771
1136582,1,16,5,LE Plunkett,0,0.13410087498012624
1136582,1,16,6,LE Plunkett,0,0.1871679873274382
1136582,1,17,1,DT Christian,1,0.24221992298897993
1136582,1,17,2,DT Christian,1,0.27408589937217237
1136582,1,17,3,DT Christian,1,0.2221972713300838
1136582,1,17,4,DT Christian,1,0.2427282850727563
1136582,1,17,5,DT Christian,0,0.25118410666062185
1136582,1,18,1,LE Plunkett,0,0.22622173313334373
1136582,1,18,2,LE Plunkett,0,0.30078644859194203
1136582,1,18,3,LE Plunkett,0,0.3792050604487928
1136582,1,18,4,LE Plunkett,1,0.3881597872435064
1136582,1,18,5,LE Plunkett,1,0.39679593723593354
1136582,1,18,6,LE Plunkett,1,0.3485531237601746
1136582,1,19,1,TA Boult,1,0.28095121839578435
1136582,1,19,2,TA Boult,1,0.2546164943528508
1136582,1,19,3,TA Boult,1,0.1987634289869681
1136582,1,19,4,TA Boult,1,0.21012685161071112
1136582,1,19,5,TA Boult,1,0.20699446484310746
1136582,1,19,6,TA Boult,1,0.21083849062643084
1136582,2,15,1,AJ Tye,1,0.2374873803678104
1136582,2,15,2,AJ Tye,1,0.3155882499812469
1136582,2,15,3,AJ Tye,1,0.2968796789957861
1136582,2,15,4,AJ Tye,1,0.36475874335981934
1136582,2,15,5,AJ Tye,0,0.38063539202043506
1136582,2,15,6,AJ Tye,0,0.3894042445595809
1136582,2,16,1,BB Sran,1,0.7423203702785376
1136582,2,16,2,BB Sran,1,0.689520704910521
1136582,2,16,3,BB Sran,1,0.669672744957488
1136582,2,16,4,BB Sran,1,0.7882940171538523
1136582,2,16,5,BB Sran,1,0.7882940171538523
1136582,2,16,6,BB Sran,1,0.7182901266641969
1136582,2,17,1,AJ Tye,0,0.3198503493122132
1136582,2,17,2,AJ Tye,0,0.3743131642638412
1136582,2,17,3,AJ Tye,1,0.36528074566799773
1136582,2,17,4,AJ Tye,1,0.38020949900824796
1136582,2,17,5,AJ Tye,1,0.48670511071058775
1136582,2,17,6,AJ Tye,1,0.606838355376406
1136582,2,18,1,BB Sran,1,0.6473678879747187
1136582,2,18,2,BB Sran,1,0.5260110993687481
1136582,2,18,3,BB Sran,1,0.49456167899079184
1136582,2,18,4,BB Sran,1,0.549473970601201
1136582,2,18,5,BB Sran,1,0.6126437558102751
1136582,2,19,1,Mujeeb Ur Rahman,0,0.1593100109432561
1136582,2,19,2,Mujeeb Ur Rahman,0,0.28327958175718726
1136582,2,19,3,Mujeeb Ur Rahman,0,0.2833544853426997
1136582,2,19,4,Mujeeb Ur Rahman,0,0.3055286590902533
1136582,2,19,5,Mujeeb Ur Rahman,1,0.5392369538007245
1136583,1,15,1,M Markande,1,0.4571450966746129
1136583,1,15,2,M Markande,1,0.4646696935269767
1136583,1,15,3,M Markande,1,0.4972970559596554
1136583,1,15,4,M Markande,1,0.4882173075394439
1136583,1,15,5,M Markande,1,0.48334305188362464
1136583,1,16,1,Mustafizur Rahman,0,0.22611397461136945
1136583,1,16,2,Mustafizur Rahman,0,0.16363614230332263
1136583,1,16,3,Mustafizur Rahman,0,0.1316344388768137
1136583,1,16,4,Mustafizur Rahman,0,0.12677108122559005
1136583,1,16,5,Mustafizur Rahman,0,0.23000938873468404
1136583,1,16,6,Mustafizur Rahman,0,0.21687554733568407
1136583,1,17,1,JJ Bumrah,1,0.4112825145245604
1136583,1,17,2,JJ Bumrah,1,0.4620907738093412
1136583,1,17,3,JJ Bumrah,1,0.5145154950264783
1136583,1,17,4,JJ Bumrah,1,0.5880555375495014
1136583,1,17,5,JJ Bumrah,1,0.7082556970899556
1136583,1,18,1,Mustafizur Rahman,0,0.20291182863004542
1136583,1,18,2,Mustafizur Rahman,0,0.1566779714064094
1136583,1,18,3,Mustafizur Rahman,1,0.4572998467101261
1136583,2,15,1,S Kaul,1,0.2753234504557502
1136583,2,15,2,S Kaul,1,0.3133391667407791
1136583,2,15,3,S Kaul,1,0.30814704443432417
1136583,2,15,4,S Kaul,1,0.3301197998921158
1136583,2,15,5,S Kaul,1,0.3462057473391479
1136583,2,15,6,S Kaul,1,0.27529072581256414
1136583,2,16,1,Rashid Khan,1,0.2405495606764228
1136583,2,16,2,Rashid Khan,1,0.35955554902061326
1136583,2,16,3,Rashid Khan,1,0.46371239920099405
1136583,2,16,4,Rashid Khan,1,0.5236965337348094
1136583,2,16,5,Rashid Khan,1,0.559146939359035
1136583,2,17,1,S Kaul,0,0.23866596304167412
1136583,2,17,2,S Kaul,0,0.3174617782357418
1136583,2,17,3,S Kaul,0,0.3669441994222192
1136583,2,17,4,S Kaul,0,0.44916072657079154
1136583,2,17,5,S Kaul,1,0.716565947734885
1136583,2,18,1,Basil Thampi,0,0.027920627821233876
1136583,2,18,2,Basil Thampi,1,0.029377625075055303
1136583,2,18,3,Basil Thampi,0,0.027538402378789593
1136583,2,18,4,Basil Thampi,1,0.04022796497459998
1136584,1,15,1,RA Jadeja,0,0.16645418461625955
1136584,1,15,2,RA Jadeja,0,0.14938570688946062
1136584,1,15,3,RA Jadeja,0,0.32063096495912585
1136584,1,15,4,RA Jadeja,1,0.5410531236516036
1136584,1,15,5,RA Jadeja,1,0.49346017844958573
1136584,1,16,1,Imran Tahir,1,0.40018333722007027
1136584,1,16,2,Imran Tahir,1,0.4392544250463643
1136584,1,16,3,Imran Tahir,1,0.5173792556218716
1136584,1,16,4,Imran Tahir,0,0.6053407884626396
1136584,1,16,5,Imran Tahir,0,0.7103656528020066
1136584,1,17,1,DJ Bravo,0,0.18938125657638658
1136584,1,17,2,DJ Bravo,0,0.1392497627895587
1136584,1,17,3,DJ Bravo,0,0.13470207487038235
1136584,1,17,4,DJ Bravo,0,0.16703024817929824
1136584,1,17,5,DJ Bravo,0,0.2321077205842921
1136584,1,17,6,DJ Bravo,0,0.42304546663209347
1136584,1,18,1,SN Thakur,0,0.6265820766168824
1136584,1,18,2,SN Thakur,0,0.6622121546224484
1136584,1,18,3,SN Thakur,0,0.5993676188877666
1136584,1,18,4,SN Thakur,0,0.6658451190370615
1136584,1,18,5,SN Thakur,0,0.6728001598925349
1136584,1,18,6,SN Thakur,1,0.8009894248937273
1136584,1,18,7,SN Thakur,1,0.8273730354597776
1136584,1,19,1,DJ Bravo,0,0.3389269178481485
1136584,1,19,2,DJ Bravo,0,0.5562542695240065
1136584,1,19,3,DJ Bravo,0,0.5827900066681773
1136584,1,19,4,DJ Bravo,0,0.6126417361742578
1136584,1,19,5,DJ Bravo,0,0.6361732470446875
1136584,1,19,6,DJ Bravo,0,0.7395331893517505
1136584,2,15,1,CJ Anderson,0,0.07405933391046449
1136584,2,15,2,CJ Anderson,0,0.08986455659582993
1136584,2,15,3,CJ Anderson,0,0.08552706172472152
1136584,2,15,4,CJ Anderson,0,0.08888521689196292
1136584,2,15,5,CJ Anderson,0,0.10074880060006156
1136584,2,15,6,CJ Anderson,0,0.12047882936881353
1136584,2,15,7,CJ Anderson,0,0.280552199837056
1136584,2,16,1,Mohammed Siraj,0,0.4073316542484645
1136584,2,16,2,Mohammed Siraj,0,0.2680015365006875
1136584,2,16,3,Mohammed Siraj,0,0.2376714396053829
1136584,2,16,4,Mohammed Siraj,0,0.25020374859390365
1136584,2,16,5,Mohammed Siraj,0,0.210278089069628
1136584,2,16,6,Mohammed Siraj,0,0.25519679551906294
1136584,2,17,1,CJ Anderson,0,0.24332748656068456
1136584,2,17,2,CJ Anderson,0,0.2600708048067482
1136584,2,17,3,CJ Anderson,0,0.31073679164144813
1136584,2,17,4,CJ Anderson,0,0.27278394477256
1136584,2,17,5,CJ Anderson,0,0.45225521673177166
1136584,2,17,6,CJ Anderson,0,0.5512783015919668
1136584,2,17,7,CJ Anderson,0,0.31800801111579324
1136584,2,18,1,Mohammed Siraj,0,0.21688256259010205
1136584,2,18,2,Mohammed Siraj,0,0.2284720414954584
1136584,2,18,3,Mohammed Siraj,0,0.22663310968609165
1136584,2,18,4,Mohammed Siraj,0,0.31160233764780526
1136584,2,18,5,Mohammed Siraj,0,0.41875801579594013
1136584,2,18,6,Mohammed Siraj,0,0.40240167105473795
1136584,2,18,7,Mohammed Siraj,0,0.41275823252948945
1136584,2,18,8,Mohammed Siraj,1,0.46038938067240126
1136584,2,19,1,CJ Anderson,0,0.4720072816574696
1136584,2,19,2,CJ Anderson,0,0.6090119521680052
1136584,2,19,3,CJ Anderson,0,0.5609669245185218
1136587,1,15,1,M Markande,0,0.22229254234617846
1136587,1,15,2,M Markande,0,0.3901347208002428
1136587,1,15,3,M Markande,0,0.4247253043715094
1136587,1,15,4,M Markande,1,0.5547366336723942
1136587,1,15,5,M Markande,1,0.5522501334843004
1136587,1,15,6,M Markande,1,0.529403798999254
1136587,1,16,1,JJ Bumrah,0,0.01052983867436384
1136587,1,16,2,JJ Bumrah,0,0.013792990904807217
1136587,1,16,3,JJ Bumrah,0,0.05307798275663477
1136587,1,16,4,JJ Bumrah,0,0.0377426708059214
1136587,1,16,5,JJ Bumrah,0,0.0802811657484705
1136587,1,16,6,JJ Bumrah,0,0.10807466248766998
1136587,1,16,7,JJ Bumrah,0,0.10026610572894284
1136587,1,17,1,MJ McClenaghan,1,0.2282656909015553
1136587,1,17,2,MJ McClenaghan,1,0.2559436672991204
1136587,1,17,3,MJ McClenaghan,1,0.3641404685466079
1136587,1,17,4,MJ McClenaghan,1,0.42027519332846924
1136587,1,17,5,MJ McClenaghan,1,0.5433208466957077
1136587,1,18,1,JJ Bumrah,0,0.10532170175352924
1136587,1,18,2,JJ Bumrah,1,0.21622063095749722
1136587,1,18,3,JJ Bumrah,1,0.2684471572357321
1136587,1,18,4,JJ Bumrah,1,0.3406595369188841
1136587,1,18,5,JJ Bumrah,1,0.4734105467411104
1136587,1,19,1,HH Pandya,0,0.37764652989664077
1136587,1,19,2,HH Pandya,0,0.34442440918897194
1136587,1,19,3,HH Pandya,0,0.3061066233133639
1136587,1,19,4,HH Pandya,0,0.29997332957475803
1136587,1,19,5,HH Pandya,0,0.40406270127212845
1136587,2,15,1,SN Thakur,0,0.2604913226322625
1136587,2,15,2,SN Thakur,0,0.22767436127603904
1136587,2,15,3,SN Thakur,0,0.24104687543519007
1136587,2,15,4,SN Thakur,0,0.25028277852052616
1136587,2,15,5,SN Thakur,0,0.2510404103176829
1136587,2,15,6,SN Thakur,0,0.23441381146937337
1136587,2,16,1,DJ Bravo,1,0.21423237663182776
1136587,2,16,2,DJ Bravo,1,0.2200810656655132
1136587,2,16,3,DJ Bravo,1,0.22212567962455212
1136587,2,16,4,DJ Bravo,1,0.215327747551045
1136587,2,16,5,DJ Bravo,1,0.24021151833807863
1136587,2,17,1,SR Watson,0,0.25680625847551963
1136587,2,17,2,SR Watson,0,0.25581250153700497
1136587,2,17,3,SR Watson,0,0.40835749947918726
1136587,2,17,4,SR Watson,0,0.45891832717613623
1136587,2,17,5,SR Watson,1,0.4794631265877395
1136587,2,17,6,SR Watson,0,0.5942963799154654
1136587,2,18,1,SN Thakur,0,0.20246318781394998
1136587,2,18,2,SN Thakur,0,0.2543408411488856
1136587,2,18,3,SN Thakur,0,0.3493025422188631
1136587,2,18,4,SN Thakur,0,0.4433561156732563
1136587,2,18,5,SN Thakur,0,0.5628450100589742
1136587,2,19,1,Imran Tahir,1,0.37948576561760344
1136587,2,19,2,Imran Tahir,1,0.398146628126219
1136587,2,19,3,Imran Tahir,1,0.36080367436116145
1136594,1,15,1,MJ McClenaghan,0,0.2502493159401639
1136594,1,15,2,MJ McClenaghan,1,0.2645992257107646
1136594,1,15,3,MJ McClenaghan,1,0.3285026900862936
1136594,1,15,4,MJ McClenaghan,1,0.4049705977855631
1136594,1,15,5,MJ McClenaghan,1,0.5665491595509146
1136594,1,16,1,JJ Bumrah,1,0.11553836461221392
1136594,1,16,2,JJ Bumrah,1,0.1528032620647086
1136594,1,16,3,JJ Bumrah,1,0.15628594635419243
1136594,1,16,4,JJ Bumrah,1,0.1743611679095061
1136594,1,16,5,JJ Bumrah,0,0.22018566783657925
1136594,1,16,6,JJ Bumrah,0,0.23654791411848022
1136594,1,17,1,BCJ Cutting,0,0.24234469981573453
1136594,1,17,2,BCJ Cutting,0,0.24234469981573453
1136594,1,17,3,BCJ Cutting,0,0.24237490589630467
1136594,1,17,4,BCJ Cutting,0,0.2741431397071949
1136594,1,17,5,BCJ Cutting,1,0.34895577755058155
1136594,1,18,1,JJ Bumrah,0,0.24622418510794375
1136594,1,18,2,JJ Bumrah,0,0.2960465051085607
1136594,1,18,3,JJ Bumrah,0,0.38589248210992405
1136594,1,18,4,JJ Bumrah,0,0.4003781460448305
1136594,1,18,5,JJ Bumrah,0,0.4019056644324476
1136594,1,19,1,HH Pandya,0,0.24975501853839951
1136594,1,19,2,HH Pandya,0,0.3018137501796516
1136594,1,19,3,HH Pandya,0,0.2990525929140094
1136594,1,19,4,HH Pandya,0,0.35406416791864354
1136594,1,19,5,HH Pandya,0,0.48173606657357876
1136594,1,19,6,HH Pandya,0,0.5701276901284786
1136594,2,15,1,AJ Tye,0,0.12125865043394868
1136594,2,15,2,AJ Tye,0,0.12111537299199761
1136594,2,15,3,AJ Tye,0,0.15933518706035965
1136594,2,15,4,AJ Tye,0,0.15934159355585856
1136594,2,15,5,AJ Tye,0,0.2208343281458422
1136594,2,15,6,AJ Tye,0,0.2208343281458422
1136594,2,15,7,AJ Tye,0,0.2040982528706649
1136594,2,16,1,Mujeeb Ur Rahman,0,0.44795096699812814
1136594,2,16,2,Mujeeb Ur Rahman,0,0.3950857797370254
1136594,2,16,3,Mujeeb Ur Rahman,0,0.46144874573415856
1136594,2,16,4,Mujeeb Ur Rahman,0,0.6023200028089222
1136594,2,16,5,Mujeeb Ur Rahman,0,0.7608755843374732
1136594,2,17,1,MP Stoinis,0,0.24355836503460387
1136594,2,17,2,MP Stoinis,0,0.3185149139415908
1136594,2,17,3,MP Stoinis,0,0.3282361844427116
1136594,2,17,4,MP Stoinis,0,0.5423506594333625
1136594,2,17,5,MP Stoinis,0,0.6447671003436534
1136594,2,18,1,AJ Tye,0,0.291186799789491
1136594,2,18,2,AJ Tye,0,0.34190615202120667
1136594,2,18,3,AJ Tye,1,0.4224620669316215
1136594,2,18,4,AJ Tye,1,0.5527274144277813
1136594,2,18,5,AJ Tye,1,0.6969111450197722
1136595,1,15,1,L Ngidi,1,0.3401551164406758
1136595,1,15,2,L Ngidi,1,0.4878495432404732
1136595,1,15,3,L Ngidi,1,0.5453454537580612
1136595,1,15,4,L Ngidi,1,0.558588070405613
1136595,1,15,5,L Ngidi,1,0.7060120285691679
1136595,1,16,1,DJ Willey,0,0.3571986696469501
1136595,1,16,2,DJ Willey,0,0.42039332450540395
1136595,1,16,3,DJ Willey,0,0.48703135459591596
1136595,1,16,4,DJ Willey,1,0.5886810517700516
1136595,1,16,5,DJ Willey,1,0.7247083689698192
1136595,1,17,1,DJ Bravo,1,0.9554437806240756
1136595,1,17,2,DJ Bravo,1,0.8070407317912083
1136595,1,17,3,DJ Bravo,1,0.6117974782399485
1136595,1,17,4,DJ Bravo,1,0.49710815980567746
1136595,1,17,5,DJ Bravo,1,0.40638756069321547
1136595,1,17,6,DJ Bravo,1,0.6400157607488727
1136595,1,18,1,SN Thakur,0,0.3227246443433435
1136595,1,18,2,SN Thakur,1,0.5121451258819106
1136595,1,18,3,SN Thakur,1,0.6443354180989741
1136595,1,18,4,SN Thakur,1,0.5241725600163094
1136595,1,18,5,SN Thakur,1,0.5311569812689106
1136595,1,19,1,DJ Bravo,1,0.4471432770066191
1136595,1,19,2,DJ Bravo,1,0.5061700017959394
1136595,1,19,3,DJ Bravo,1,0.47156448431547027
1136595,1,19,4,DJ Bravo,1,0.4730178398178709
1136595,1,19,5,DJ Bravo,1,0.39892933811595693
1136595,2,15,1,M Ashwin,0,0.014092501384727002
1136595,2,15,2,M Ashwin,0,0.08463767770333715
1136595,2,15,3,M Ashwin,0,0.09328986595938317
1136595,2,15,4,M Ashwin,0,0.10554612138750626
1136595,2,15,5,M Ashwin,1,0.2376046469651702
1136595,2,16,1,C de Grandhomme,0,0.17204698949554378
1136595,2,16,2,C de Grandhomme,0,0.2619248305064008
1136595,2,16,3,C de Grandhomme,0,0.23935765239802337
1136595,2,16,4,C de Grandhomme,0,0.36979828628773537
1136595,2,16,5,C de Grandhomme,0,0.38500336383349787
1136595,2,17,1,YS Chahal,0,0.06732486320573744
1136595,2,17,2,YS Chahal,0,0.0372176570930886
1136595,2,17,3,YS Chahal,0,0.12517591893827607
1136595,2,17,4,YS Chahal,0,0.13129195691816037
1136595,2,17,5,YS Chahal,0,0.2409077762806325
1136595,2,17,6,YS Chahal,1,0.3935836499840938
1136595,2,17,7,YS Chahal,1,0.39515389735665396
1136599,1,15,1,UT Yadav,1,0.6068725568325067
1136599,1,15,2,UT Yadav,0,0.6200139437001767
1136599,1,15,3,UT Yadav,1,0.6132203028674738
1136599,1,15,4,UT Yadav,1,0.64885757827486
1136599,1,15,5,UT Yadav,1,0.699584475122857
1136599,1,16,1,Mohammed Siraj,0,0.04967492327204631
1136599,1,16,2,Mohammed Siraj,0,0.1896984872615876
1136599,1,16,3,Mohammed Siraj,0,0.18634426954272798
1136599,1,16,4,Mohammed Siraj,0,0.4302080059698881
1136599,1,16,5,Mohammed Siraj,0,0.45017356401773745
1136599,1,16,6,Mohammed Siraj,0,0.4729900325680711
1136599,1,17,1,TG Southee,0,0.4802736215537934
1136599,1,17,2,TG Southee,0,0.5184737046608257
1136599,1,17,3,TG Southee,0,0.5176406687947376
1136599,1,17,4,TG Southee,1,0.6060964570544558
1136599,1,17,5,TG Southee,1,0.6486700175374607
1136599,1,17,6,TG Southee,1,0.6400783948249209
1136599,1,18,1,Mohammed Siraj,0,0.5485204393592817
1136599,1,18,2,Mohammed Siraj,0,0.5952695624677088
1136599,1,18,3,Mohammed Siraj,1,0.6694341616298803
1136599,1,18,4,Mohammed Siraj,1,0.7093489664055892
1136599,1,18,5,Mohammed Siraj,1,0.7639094563995951
1136599,1,19,1,TG Southee,1,0.5674599269640049
1136599,1,19,2,TG Southee,1,0.6962401874588666
1136599,1,19,3,TG Southee,1,0.7238783960209445
1136599,1,19,4,TG Southee,1,0.7509625408233069
1136599,1,19,5,TG Southee,1,0.794860765673252
1136599,2,15,1,S Kaul,1,0.46980575474900227
1136599,2,15,2,S Kaul,1,0.5148568065121576
1136599,2,15,3,S Kaul,1,0.5429578724205992
1136599,2,15,4,S Kaul,1,0.5223444705693944
1136599,2,15,5,S Kaul,1,0.5254071104809064
1136599,2,15,6,S Kaul,0,0.5502872700894438
1136599,2,16,1,Rashid Khan,0,0.605880154086085
1136599,2,16,2,Rashid Khan,0,0.7276555210655544
1136599,2,16,3,Rashid Khan,1,0.7624051561895843
1136599,2,16,4,Rashid Khan,1,0.8004166919975355
1136599,2,16,5,Rashid Khan,1,0.825260097773846
1136599,2,16,6,Rashid Khan,1,0.8294021998828413
1136599,2,17,1,B Kumar,1,0.5208194416568052
1136599,2,17,2,B Kumar,1,0.5124355967491148
1136599,2,17,3,B Kumar,1,0.5407961354856581
1136599,2,17,4,B Kumar,1,0.5347600306180709
1136599,2,17,5,B Kumar,1,0.539324929077627
1136599,2,17,6,B Kumar,1,0.5540443722486583
1136599,2,18,1,S Kaul,0,0.5732911316156697
1136599,2,18,2,S Kaul,1,0.6193675322266425
1136599,2,18,3,S Kaul,1,0.6831745826062431
1136599,2,18,4,S Kaul,1,0.7362859970761619
1136599,2,18,5,S Kaul,1,0.7850845077829433
1136599,2,19,1,B Kumar,1,0.520392183555417
1136599,2,19,2,B Kumar,1,0.5266317472449675
1136599,2,19,3,B Kumar,1,0.5516897632837451
1136599,2,19,4,B Kumar,1,0.561210098485586
1136599,2,19,5,B Kumar,1,0.599033918101115
1136609,1,15,1,SP Narine,0,0.5040422215632558
1136609,1,15,2,SP Narine,0,0.5626972087421916
1136609,1,15,3,SP Narine,0,0.6069505820706633
1136609,1,15,4,SP Narine,0,0.6541851957227054
1136609,1,15,5,SP Narine,0,0.7688042251083662
1136609,1,16,1,M Prasidh Krishna,1,0.6954216640308488
1136609,1,16,2,M Prasidh Krishna,1,0.6596891976687846
1136609,1,16,3,M Prasidh Krishna,1,0.6154271687367846
1136609,1,16,4,M Prasidh Krishna,1,0.6594935733057892
1136609,1,16,5,M Prasidh Krishna,1,0.63785621519998
1136609,1,16,6,M Prasidh Krishna,1,0.639930519184967
1136609,1,17,1,AD Russell,1,0.14825319376840146
1136609,1,17,2,AD Russell,1,0.1570642584330992
1136609,1,17,3,AD Russell,1,0.20777153943439367
1136609,1,17,4,AD Russell,0,0.25056460544710474
1136609,1,17,5,AD Russell,0,0.2847305586677312
1136609,1,18,1,M Prasidh Krishna,1,0.47056271411854234
1136609,1,18,2,M Prasidh Krishna,1,0.44787778151514923
1136609,1,18,3,M Prasidh Krishna,1,0.43242574665745015
1136609,1,18,4,M Prasidh Krishna,1,0.5182573180226888
1136609,1,18,5,M Prasidh Krishna,1,0.6513527710934739
1136609,2,15,1,BA Stokes,1,0.288058016626456
1136609,2,15,2,BA Stokes,1,0.4071526676781668
1136609,2,15,3,BA Stokes,1,0.4701561923865708
1136609,2,15,4,BA Stokes,1,0.4699515731413181
1136609,2,15,5,BA Stokes,1,0.40879293641820286
1136609,2,16,1,JD Unadkat,1,0.37529055778561526
1136609,2,16,2,JD Unadkat,0,0.39418373655371997
1136609,2,16,3,JD Unadkat,1,0.42931967242896424
1136609,2,16,4,JD Unadkat,1,0.41208986532555064
1136609,2,16,5,JD Unadkat,1,0.3780379938108114
1136609,2,17,1,JC Archer,0,0.4470091318893234
1136609,2,17,2,JC Archer,0,0.5175483742734042
1136609,2,17,3,JC Archer,0,0.437010994314085
1136609,2,17,4,JC Archer,0,0.5064631458503915
1136609,2,17,5,JC Archer,0,0.6478118971455512
1136618,1,15,1,IS Sodhi,1,0.09818688501998471
1136618,1,15,2,IS Sodhi,1,0.11519540827636329
1136618,1,15,3,IS Sodhi,1,0.16444877097627783
1136618,1,15,4,IS Sodhi,1,0.17745051751119512
1136618,1,15,5,IS Sodhi,1,0.1547874930040771
1136618,1,16,1,JD Unadkat,1,0.8047623668352295
1136618,1,16,2,JD Unadkat,0,0.8396353941848377
1136618,1,16,3,JD Unadkat,1,0.8423159485741352
1136618,1,16,4,JD Unadkat,1,0.7340515152508548
1136618,1,16,5,JD Unadkat,1,0.7757379283947347
1136618,1,17,1,B Laughlin,0,0.12052680173806782
1136618,1,17,2,B Laughlin,0,0.3444628938737386
1136618,1,17,3,B Laughlin,0,0.29223465146800875
1136618,1,17,4,B Laughlin,0,0.27973888525414126
1136618,1,17,5,B Laughlin,0,0.26879996502623293
1136618,1,17,6,B Laughlin,0,0.4173833938202274
1136618,1,18,1,JC Archer,0,0.2517324623648928
1136618,1,18,2,JC Archer,0,0.2473950551521196
1136618,1,18,3,JC Archer,0,0.2888080528038971
1136618,1,18,4,JC Archer,0,0.3849865978505707
1136618,1,18,5,JC Archer,1,0.5473669179798473
1136618,1,19,1,B Laughlin,0,0.407948384723651
1136618,1,19,2,B Laughlin,0,0.3975619608990293
1136618,1,19,3,B Laughlin,1,0.5962466361460711
1136618,1,19,4,B Laughlin,1,0.3977457779152955
1136618,1,19,5,B Laughlin,0,0.4005873760286264
1136618,1,19,6,B Laughlin,0,0.4261074774670857
1136618,1,19,7,B Laughlin,1,0.5768935465101773
1136618,2,15,1,SP Narine,1,0.5990927649514728
1136618,2,15,2,SP Narine,0,0.5858919207153116
1136618,2,15,3,SP Narine,0,0.599432929175083
1136618,2,15,4,SP Narine,0,0.63840038620318
1136618,2,15,5,SP Narine,1,0.7460198945622438
1136618,2,16,1,PP Chawla,0,0.4527499613646352
1136618,2,16,2,PP Chawla,1,0.4913971348548911
1136618,2,16,3,PP Chawla,1,0.5356393497341287
1136618,2,16,4,PP Chawla,1,0.6102524458584615
1136618,2,16,5,PP Chawla,1,0.7371797825670672
1136618,2,17,1,M Prasidh Krishna,1,0.392583365926761
1136618,2,17,2,M Prasidh Krishna,1,0.4049569629412079
1136618,2,17,3,M Prasidh Krishna,1,0.420118815750103
1136618,2,17,4,M Prasidh Krishna,1,0.44077771254932147
1136618,2,17,5,M Prasidh Krishna,1,0.42774056071522504
1136618,2,17,6,M Prasidh Krishna,0,0.40363074183328057
1136618,2,18,1,AD Russell,1,0.321984459642417
1136618,2,18,2,AD Russell,1,0.3264348780453062
1136618,2,18,3,AD Russell,1,0.3335559121691481
1136618,2,18,4,AD Russell,1,0.370922970098358
1136618,2,18,5,AD Russell,1,0.3818182616066308
1136618,2,19,1,M Prasidh Krishna,0,0.42410755328058536
1136618,2,19,2,M Prasidh Krishna,0,0.47053374575209417
1136618,2,19,3,M Prasidh Krishna,0,0.5039500347918211
1136618,2,19,4,M Prasidh Krishna,0,0.5714161186096488
1136618,2,19,5,M Prasidh Krishna,0,0.6472510598393115
1136620,1,15,1,DJ Bravo,1,0.7582728537944537
1136620,1,15,2,DJ Bravo,1,0.7408074890402913
1136620,1,15,3,DJ Bravo,0,0.7448977821709477
1136620,1,15,4,DJ Bravo,0,0.6905532178262225
1136620,1,15,5,DJ Bravo,0,0.6747638807595189
1136620,1,15,6,DJ Bravo,0,0.6067334485528696
1136620,1,16,1,L Ngidi,0,0.1764236174196902
1136620,1,16,2,L Ngidi,0,0.18182643855777103
1136620,1,16,3,L Ngidi,0,0.18558567861946199
1136620,1,16,4,L Ngidi,0,0.403137254077737
1136620,1,16,5,L Ngidi,0,0.403137254077737
1136620,1,16,6,L Ngidi,0,0.4236976056353249
1136620,1,17,1,DJ Bravo,0,0.4867788759395615
1136620,1,17,2,DJ Bravo,0,0.4786069241301533
1136620,1,17,3,DJ Bravo,0,0.4884111264494624
1136620,1,17,4,DJ Bravo,1,0.6283109129165829
1136620,1,17,5,DJ Bravo,0,0.5466518268438958
1136620,1,17,6,DJ Bravo,0,0.625817231087078
1136620,1,17,7,DJ Bravo,0,0.7778805963612107
1136620,1,18,1,L Ngidi,0,0.4137148122631976
1136620,1,18,2,L Ngidi,0,0.3929546595118986
1136620,1,18,3,L Ngidi,0,0.42928876831815893
1136620,1,18,4,L Ngidi,0,0.4424368698127826
1136620,1,18,5,L Ngidi,0,0.4814547277106184
1136620,1,19,1,SN Thakur,0,0.4053028732106405
1136620,1,19,2,SN Thakur,0,0.4440795192516725
1136620,1,19,3,SN Thakur,0,0.42653118736907397
1136620,1,19,4,SN Thakur,0,0.4137506530857355
1136620,1,19,5,SN Thakur,0,0.41450272745136907
1136620,1,19,6,SN Thakur,1,0.5082948770229772
1136620,2,15,1,B Kumar,0,0.2568394131967054
1136620,2,15,2,B Kumar,0,0.27370612678149653
1136620,2,15,3,B Kumar,1,0.2622856904034222
1136620,2,15,4,B Kumar,0,0.3578417906060226
1136620,2,15,5,B Kumar,0,0.35286420378265015
1136620,2,16,1,Rashid Khan,0,0.1339267588121145
1136620,2,16,2,Rashid Khan,0,0.19632964746439707
1136620,2,16,3,Rashid Khan,0,0.29561951389278107
1136620,2,16,4,Rashid Khan,0,0.3302259427787408
1136620,2,16,5,Rashid Khan,0,0.34435249888065605
1136620,2,17,1,S Kaul,0,0.7086599973735013
1136620,2,17,2,S Kaul,0,0.6951075715358633
1136620,2,17,3,S Kaul,0,0.6621300207541351
1136620,2,17,4,S Kaul,0,0.7292465421396527
1136620,2,17,5,S Kaul,1,0.7540296430427122
1136620,2,18,1,CR Brathwaite,0,0.424132824611134
1136620,2,18,2,CR Brathwaite,0,0.374682848194048
1175358,1,15,1,HH Pandya,0,0.4884001064945369
1175358,1,15,2,HH Pandya,0,0.4884001064945369
1175358,1,15,3,HH Pandya,0,0.5102332081417021
1175358,1,15,4,HH Pandya,0,0.570567969513705
1175358,1,15,5,HH Pandya,0,0.6505963030635731
1175358,1,15,6,HH Pandya,0,0.7124826066675667
1175358,1,16,1,MJ McClenaghan,0,0.6103859314683067
1175358,1,16,2,MJ McClenaghan,0,0.609001248230626
1175358,1,16,3,MJ McClenaghan,0,0.5980290244976019
1175358,1,16,4,MJ McClenaghan,0,0.6292739550122731
1175358,1,16,5,MJ McClenaghan,0,0.7751105620078521
1175358,1,17,1,JJ Bumrah,0,0.19874210963506808
1175358,1,17,2,JJ Bumrah,0,0.2985766242083017
1175358,1,17,3,JJ Bumrah,0,0.4248540668806645
1175358,1,17,4,JJ Bumrah,0,0.42769170713136867
1175358,1,17,5,JJ Bumrah,0,0.459553739015668
1175358,1,17,6,JJ Bumrah,0,0.45498615350946975
1175358,1,18,1,Rasikh Salam,0,0.2934730467853936
1175358,1,18,2,Rasikh Salam,0,0.32482607497381233
1175358,1,18,3,Rasikh Salam,0,0.3591938098224228
1175358,1,18,4,Rasikh Salam,0,0.5135162960390688
1175358,1,18,5,Rasikh Salam,0,0.5181582811628815
1175358,1,18,6,Rasikh Salam,0,0.5822306009778045
1175358,1,19,1,JJ Bumrah,0,0.4444981020416376
1175358,1,19,2,JJ Bumrah,0,0.4753982106374452
1175358,1,19,3,JJ Bumrah,0,0.5189096609675651
1175358,1,19,4,JJ Bumrah,1,0.5300346242503369
1175358,1,19,5,JJ Bumrah,1,0.6062321324589113
1175358,2,15,1,AR Patel,0,0.6644344651918376
1175358,2,15,2,AR Patel,0,0.5956233947727653
1175358,2,15,3,AR Patel,0,0.7279513935815974
1175358,2,15,4,AR Patel,0,0.7051307125111393
1175358,2,15,5,AR Patel,0,0.694273094287686
1175358,2,16,1,K Rabada,0,0.07102947247640605
1175358,2,16,2,K Rabada,0,0.0700772999188507
1175358,2,16,3,K Rabada,0,0.0912413725917479
1175358,2,16,4,K Rabada,0,0.06295892278568808
1175358,2,16,5,K Rabada,0,0.09436187952326985
1175358,2,16,6,K Rabada,0,0.1376984473452105
1175358,2,16,7,K Rabada,0,0.19644952782378727
1175358,2,17,1,TA Boult,0,0.5084744931820752
1175358,2,17,2,TA Boult,0,0.49079403258425897
1175358,2,17,3,TA Boult,0,0.5201689170702065
1175358,2,17,4,TA Boult,0,0.6067151669519352
1175358,2,17,5,TA Boult,0,0.7106223949856618
1175358,2,18,1,K Rabada,0,0.27355936753075644
1175358,2,18,2,K Rabada,0,0.2776945012992857
1175358,2,18,3,K Rabada,0,0.28883365600689176
1175358,2,18,4,K Rabada,0,0.3052376544142213
1175358,2,18,5,K Rabada,0,0.3565874264604679
1175358,2,18,6,K Rabada,0,0.39643614323586557
1175358,2,18,7,K Rabada,0,0.3768848386893458
1175358,2,19,1,R Tewatia,1,0.5413722854339488
1175370,1,15,1,DJ Bravo,0,0.051963773012257304
1175370,1,15,2,DJ Bravo,0,0.24818805755192874
1175370,1,15,3,DJ Bravo,0,0.24805301627907891
1175370,1,15,4,DJ Bravo,0,0.29731952919799637
1175370,1,15,5,DJ Bravo,0,0.29731952919799637
1175370,1,15,6,DJ Bravo,0,0.17536499294533575
1175370,1,16,1,MM Sharma,0,0.15289280801639074
1175370,1,16,2,MM Sharma,0,0.2512082822808013
1175370,1,16,3,MM Sharma,0,0.27469365055384803
1175370,1,16,4,MM Sharma,0,0.3232677701372143
1175370,1,16,5,MM Sharma,1,0.5457705473821092
1175370,1,17,1,DJ Bravo,0,0.14864961059762166
1175370,1,17,2,DJ Bravo,0,0.1331316843755071
1175370,1,17,3,DJ Bravo,0,0.16707904585677333
1175370,1,17,4,DJ Bravo,0,0.15553063134574704
1175370,1,17,5,DJ Bravo,0,0.23412797881060446
1175370,1,17,6,DJ Bravo,0,0.2808811758775178
1175370,1,18,1,SN Thakur,0,0.3727836741604873
1175370,1,18,2,SN Thakur,0,0.3738129007418118
1175370,1,18,3,SN Thakur,0,0.37644886933759836
1175370,1,18,4,SN Thakur,0,0.4379629316211915
1175370,1,18,5,SN Thakur,0,0.533433987937503
1175370,1,18,6,SN Thakur,0,0.5390999095061211
1175370,1,18,7,SN Thakur,1,0.6873769711274968
1175370,1,19,1,DJ Bravo,0,0.27885369947103095
1175370,1,19,2,DJ Bravo,0,0.304493438744189
1175370,1,19,3,DJ Bravo,0,0.31889755965034394
1175370,1,19,4,DJ Bravo,0,0.40778569067580256
1175370,1,19,5,DJ Bravo,0,0.4278001216850155
1175370,1,19,6,DJ Bravo,0,0.5180267827039599
1175370,1,19,7,DJ Bravo,0,0.5216290687726097
1175370,2,15,1,SL Malinga,1,0.5142172995610685
1175370,2,15,2,SL Malinga,1,0.6650424649505919
1175370,2,15,3,SL Malinga,1,0.6314977368018877
1175370,2,15,4,SL Malinga,1,0.5510660425527723
1175370,2,15,5,SL Malinga,1,0.5651713173980913
1175370,2,15,6,SL Malinga,1,0.5238707269509286
1175370,2,16,1,JJ Bumrah,1,0.36745454885550344
1175370,2,16,2,JJ Bumrah,1,0.32666588222531645
1175370,2,16,3,JJ Bumrah,1,0.346856748961864
1175370,2,16,4,JJ Bumrah,1,0.3188727984874634
1175370,2,16,5,JJ Bumrah,1,0.3572244414316608
1175370,2,16,6,JJ Bumrah,0,0.2876966591579633
1175370,2,17,1,SL Malinga,1,0.41279599399436134
1175370,2,17,2,SL Malinga,0,0.447267367186532
1175370,2,17,3,SL Malinga,0,0.4719143145111488
1175370,2,17,4,SL Malinga,1,0.5254363127547106
1175370,2,17,5,SL Malinga,1,0.7224743042450265
1175370,2,18,1,JJ Bumrah,0,0.30601118714601633
1175370,2,18,2,JJ Bumrah,0,0.35649733313739557
1175370,2,18,3,JJ Bumrah,1,0.41003638270506426
1175370,2,18,4,JJ Bumrah,1,0.4809557143022161
1175370,2,18,5,JJ Bumrah,1,0.6382908528051577
1175370,2,19,1,HH Pandya,0,0.08606206783808713
1175370,2,19,2,HH Pandya,0,0.34011370395421925
1175370,2,19,3,HH Pandya,1,0.4877740831781317
1175370,2,19,4,HH Pandya,1,0.48910020406828175
1175370,2,19,5,HH Pandya,1,0.49343603316266954
1175371,1,15,1,B Kumar,0,0.07032713174488021
1175371,1,15,2,B Kumar,0,0.08283504209198805
1175371,1,15,3,B Kumar,0,0.0900564442275552
1175371,1,15,4,B Kumar,0,0.16321506465499983
1175371,1,15,5,B Kumar,0,0.28690429173240845
1175371,1,15,6,B Kumar,0,0.3553068526961325
1175371,1,16,1,Rashid Khan,0,0.12840226030946206
1175371,1,16,2,Rashid Khan,1,0.2563646726336222
1175371,1,16,3,Rashid Khan,1,0.335943290293284
1175371,1,16,4,Rashid Khan,1,0.4103097173881346
1175371,1,16,5,Rashid Khan,1,0.3863689493035206
1175371,1,17,1,Sandeep Sharma,0,0.28090474183674036
1175371,1,17,2,Sandeep Sharma,1,0.2673069512193126
1175371,1,17,3,Sandeep Sharma,1,0.3453963637109912
1175371,1,17,4,Sandeep Sharma,1,0.49295200681322787
1175371,1,17,5,Sandeep Sharma,1,0.6625376874243758
1175371,1,18,1,B Kumar,0,0.3299821105783564
1175371,1,18,2,B Kumar,0,0.2910268173199972
1175371,1,18,3,B Kumar,0,0.29180354656271706
1175371,1,18,4,B Kumar,0,0.3217945305341335
1175371,1,18,5,B Kumar,0,0.47273669323103196
1175371,1,18,6,B Kumar,0,0.6596674206763327
1175371,1,19,1,S Kaul,0,0.20976028739007146
1175371,1,19,2,S Kaul,0,0.2299097997947976
1175371,1,19,3,S Kaul,0,0.2789883758898662
1175371,1,19,4,S Kaul,0,0.4017505534925897
1175371,1,19,5,S Kaul,0,0.5611842115375354
1175371,2,15,1,S Lamichhane,0,0.36395339614915834
1175371,2,15,2,S Lamichhane,0,0.4567701934790563
1175371,2,15,3,S Lamichhane,1,0.525135172006267
1175371,2,15,4,S Lamichhane,1,0.6323850112308469
1175371,2,15,5,S Lamichhane,1,0.7508225206481102
1175371,2,16,1,K Rabada,0,0.32959900135673986
1175371,2,16,2,K Rabada,0,0.3323383990265251
1175371,2,16,3,K Rabada,0,0.3055444269063677
1175371,2,16,4,K Rabada,0,0.33298395941540926
1175371,2,16,5,K Rabada,0,0.35141922093088923
1175371,2,16,6,K Rabada,0,0.31435480364137064
1175371,2,17,1,CH Morris,1,0.3525403810552755
1175371,2,17,2,CH Morris,1,0.27480298410856524
1175371,2,17,3,CH Morris,0,0.2689502933598173
1175371,2,17,4,CH Morris,1,0.35844425634626526
1175371,2,17,5,CH Morris,1,0.3990041503123206
1175371,2,18,1,K Rabada,0,0.27010138952628987
1175371,2,18,2,K Rabada,0,0.27922279352943513
1178394,1,15,1,Sandeep Sharma,1,0.37780070036809477
1178394,1,15,2,Sandeep Sharma,1,0.3935824556273575
1178394,1,15,3,Sandeep Sharma,1,0.40785049095236614
1178394,1,15,4,Sandeep Sharma,1,0.3977592437263939
1178394,1,15,5,Sandeep Sharma,1,0.4063035198495361
1178394,1,15,6,Sandeep Sharma,1,0.4296705723439026
1178394,1,16,1,Rashid Khan,0,0.4308424626869298
1178394,1,16,2,Rashid Khan,0,0.5334556316354231
1178394,1,16,3,Rashid Khan,0,0.5750561817894325
1178394,1,16,4,Rashid Khan,1,0.7289411832166384
1178394,1,16,5,Rashid Khan,0,0.7909762242785461
1178394,1,17,1,B Kumar,0,0.0671769883952637
1178394,1,17,2,B Kumar,0,0.07150716635767566
1178394,1,17,3,B Kumar,0,0.22538488377056545
1178394,1,17,4,B Kumar,0,0.21562129615508582
1178394,1,17,5,B Kumar,0,0.22893828789497092
1178394,1,17,6,B Kumar,0,0.33055595348173017
1178394,1,18,1,S Kaul,0,0.4295802793614342
1178394,1,18,2,S Kaul,0,0.4898696313620875
1178394,1,18,3,S Kaul,0,0.619608951372321
1178394,1,18,4,S Kaul,0,0.615731413482069
1178394,1,18,5,S Kaul,1,0.7589970596686347
1178394,1,18,6,S Kaul,1,0.7775931540642735
1178394,1,19,1,B Kumar,0,0.4232125766521463
1178394,1,19,2,B Kumar,0,0.39580274439724544
1178394,1,19,3,B Kumar,0,0.418765018834623
1178394,1,19,4,B Kumar,0,0.48232970725584146
1178394,1,19,5,B Kumar,0,0.5557612075830174
1178394,1,19,6,B Kumar,0,0.6501892799830149
1178394,2,15,1,AS Joseph,0,0.011611125205975006
1178394,2,15,2,AS Joseph,0,0.012664259926319865
1178394,2,15,3,AS Joseph,0,0.031628886237011905
1178394,2,15,4,AS Joseph,0,0.03070094540864864
1178394,2,15,5,AS Joseph,0,0.038491697063827116
1178394,2,15,6,AS Joseph,0,0.06595079517159351
1178394,2,15,7,AS Joseph,0,0.044971311807301885
1178394,2,15,8,AS Joseph,0,0.040882409425132334
1178394,2,16,1,JJ Bumrah,1,0.21034377672899174
1178394,2,16,2,JJ Bumrah,1,0.24792735394479354
1178394,2,16,3,JJ Bumrah,1,0.24682971908890713
1178394,2,16,4,JJ Bumrah,1,0.41995795506945127
1178394,2,16,5,JJ Bumrah,0,0.41521229194185166
1178394,2,17,1,AS Joseph,0,0.04754252860095231
1178394,2,17,2,AS Joseph,1,0.24555965478340774
1178394,2,17,3,AS Joseph,1,0.37268505949529407
1178401,1,15,1,K Rabada,0,0.1577078368908542
1178401,1,15,2,K Rabada,0,0.3208343878118371
1178401,1,15,3,K Rabada,0,0.29002532575600243
1178401,1,15,4,K Rabada,0,0.5431048353021758
1178401,1,15,5,K Rabada,0,0.5569548291861295
1178401,1,15,6,K Rabada,0,0.35722939677801546
1178401,1,16,1,CH Morris,1,0.41191511405453735
1178401,1,16,2,CH Morris,0,0.38651812853474593
1178401,1,16,3,CH Morris,0,0.39063351959131437
1178401,1,16,4,CH Morris,0,0.301279560222213
1178401,1,16,5,CH Morris,1,0.45225110083866404
1178401,1,16,6,CH Morris,1,0.41470016713992314
1178401,1,17,1,K Rabada,0,0.6222652424430294
1178401,1,17,2,K Rabada,0,0.6142057984198231
1178401,1,17,3,K Rabada,1,0.7299435917183609
1178401,1,17,4,K Rabada,1,0.6494488799138509
1178401,1,17,5,K Rabada,1,0.7747325389901154
1178401,1,18,1,CH Morris,1,0.4071607228705521
1178401,1,18,2,CH Morris,0,0.38221343225719195
1178401,1,18,3,CH Morris,1,0.4602242205167347
1178401,1,18,4,CH Morris,1,0.5476343142340523
1178401,1,18,5,CH Morris,1,0.6720412253310813
1178401,1,19,1,KMA Paul,1,0.6665391811187705
1178401,1,19,2,KMA Paul,0,0.5709362296477126
1178401,1,19,3,KMA Paul,1,0.6601918910099968
1178401,1,19,4,KMA Paul,1,0.6375007313336937
1178401,1,19,5,KMA Paul,0,0.6795026387919525
1178401,2,15,1,Kuldeep Yadav,0,0.5284580496902213
1178401,2,15,2,Kuldeep Yadav,0,0.5828149626294974
1178401,2,15,3,Kuldeep Yadav,0,0.6230529429885422
1178401,2,15,4,Kuldeep Yadav,0,0.7140617121371857
1178401,2,15,5,Kuldeep Yadav,0,0.8029445539195205
1178401,2,16,1,AD Russell,0,0.4083832747763998
1178401,2,16,2,AD Russell,0,0.4376042223494811
1178401,2,16,3,AD Russell,1,0.6475790584687049
1178401,2,16,4,AD Russell,1,0.5279580048471361
1178401,2,16,5,AD Russell,0,0.513790957937322
1178401,2,17,1,N Rana,1,0.2950514798435874
1178401,2,17,2,N Rana,1,0.2950514798435874
1178401,2,17,3,N Rana,0,0.24035905962120616
1178401,2,17,4,N Rana,0,0.30979663807423186
1178401,2,17,5,N Rana,0,0.3134732607528534
1178401,2,18,1,PP Chawla,0,0.5409213196331129
1178401,2,18,2,PP Chawla,0,0.5438271233035756
1178401,2,18,3,PP Chawla,0,0.5570940798552293
1178401,2,18,4,PP Chawla,0,0.536445766180293
1178402,1,15,1,JD Unadkat,0,0.13813318448467063
1178402,1,15,2,JD Unadkat,0,0.16751501985460934
1178402,1,15,3,JD Unadkat,0,0.17228486342591917
1178402,1,15,4,JD Unadkat,0,0.19451550377653903
1178402,1,15,5,JD Unadkat,0,0.2053475156621903
1178402,1,15,6,JD Unadkat,0,0.1954476278149583
1178402,1,16,1,JC Archer,0,0.16968342018816282
1178402,1,16,2,JC Archer,0,0.17583921718278528
1178402,1,16,3,JC Archer,0,0.17505970585499475
1178402,1,16,4,JC Archer,0,0.17441565414878804
1178402,1,16,5,JC Archer,0,0.3776287836228763
1178402,1,16,6,JC Archer,0,0.3732563178834387
1178402,1,16,7,JC Archer,0,0.23961046272100325
1178402,1,17,1,DS Kulkarni,0,0.2713877276063928
1178402,1,17,2,DS Kulkarni,1,0.4415955636016134
1178402,1,17,3,DS Kulkarni,1,0.4086251069332891
1178402,1,17,4,DS Kulkarni,0,0.5415134722690333
1178402,1,17,5,DS Kulkarni,0,0.646742882890406
1178402,1,18,1,JC Archer,0,0.24118603293753202
1178402,1,18,2,JC Archer,0,0.36574268533853843
1178402,1,18,3,JC Archer,0,0.5384170785402054
1178402,1,18,4,JC Archer,0,0.6095570454854427
1178402,1,18,5,JC Archer,0,0.7376071248959237
1178402,1,19,1,JD Unadkat,0,0.23931784865005712
1178402,1,19,2,JD Unadkat,0,0.3060299537351439
1178402,1,19,3,JD Unadkat,0,0.26577765567467393
1178402,1,19,4,JD Unadkat,0,0.40286079506724926
1178402,1,19,5,JD Unadkat,0,0.40286079506724926
1178402,1,19,6,JD Unadkat,0,0.41086753342555943
1178402,1,19,7,JD Unadkat,1,0.5625569776927165
1178402,2,15,1,KH Pandya,1,0.5345455409215644
1178402,2,15,2,KH Pandya,1,0.47731412674205465
1178402,2,15,3,KH Pandya,1,0.454132545221513
1178402,2,15,4,KH Pandya,1,0.45574067033133037
1178402,2,15,5,KH Pandya,1,0.5268146868523244
1178402,2,15,6,KH Pandya,1,0.5268146868523244
1178402,2,16,1,JJ Bumrah,1,0.18002650666326148
1178402,2,16,2,JJ Bumrah,1,0.17450697255902484
1178402,2,16,3,JJ Bumrah,0,0.15326838025817083
1178402,2,16,4,JJ Bumrah,0,0.17876054535246633
1178402,2,16,5,JJ Bumrah,0,0.25812207288843547
1178402,2,16,6,JJ Bumrah,0,0.3103803020622096
1178402,2,17,1,KH Pandya,1,0.4917798761039157
1178402,2,17,2,KH Pandya,1,0.4711081193743104
1178402,2,17,3,KH Pandya,1,0.5092801991513441
1178402,2,17,4,KH Pandya,1,0.588042593849021
1178402,2,17,5,KH Pandya,1,0.7086400746186032
1178402,2,18,1,JJ Bumrah,0,0.3299398810066027
1178402,2,18,2,JJ Bumrah,0,0.3866753557919144
1178402,2,18,3,JJ Bumrah,0,0.42426405388337385
1178402,2,18,4,JJ Bumrah,0,0.43159121939988865
1178402,2,18,5,JJ Bumrah,0,0.4123985321148789
1178402,2,19,1,HH Pandya,0,0.0697284484864345
1178402,2,19,2,HH Pandya,0,0.09412722240715561
1178411,1,15,1,JC Archer,0,0.05398679551047729
1178411,1,15,2,JC Archer,0,0.04732992508780721
1178411,1,15,3,JC Archer,0,0.060362901390967914
1178411,1,15,4,JC Archer,0,0.05738208445998585
1178411,1,15,5,JC Archer,0,0.0631125110043768
1178411,1,15,6,JC Archer,0,0.07124141052469836
1178411,1,16,1,JD Unadkat,0,0.11234217755544014
1178411,1,16,2,JD Unadkat,0,0.1368384396783027
1178411,1,16,3,JD Unadkat,0,0.13678480922771144
1178411,1,16,4,JD Unadkat,0,0.28792189966607645
1178411,1,16,5,JD Unadkat,0,0.32713977161011604
1178411,1,16,6,JD Unadkat,0,0.4065037022596865
1178411,1,17,1,JC Archer,1,0.1492428729719216
1178411,1,17,2,JC Archer,1,0.14858644933524448
1178411,1,17,3,JC Archer,0,0.12558210069227527
1178411,1,17,4,JC Archer,0,0.14067973979480852
1178411,1,17,5,JC Archer,0,0.143256913140544
1178411,1,17,6,JC Archer,0,0.15194347842270434
1178411,1,18,1,JD Unadkat,0,0.40778580906781986
1178411,1,18,2,JD Unadkat,0,0.3860300918374565
1178411,1,18,3,JD Unadkat,0,0.46184522093015434
1178411,1,18,4,JD Unadkat,0,0.4616761485021047
1178411,1,18,5,JD Unadkat,0,0.4966225847372822
1178411,1,18,6,JD Unadkat,1,0.5716641536664125
1178411,1,18,7,JD Unadkat,0,0.6843275947037901
1178411,1,19,1,JC Archer,0,0.23429959183691665
1178411,1,19,2,JC Archer,0,0.2725545049323444
1178411,1,19,3,JC Archer,0,0.2994801257945643
1178411,1,19,4,JC Archer,0,0.32483904391103996
1178411,1,19,5,JC Archer,0,0.3233917535421143
1178411,2,15,1,SL Malinga,0,0.17682797923745125
1178411,2,15,2,SL Malinga,0,0.21285310432883228
1178411,2,15,3,SL Malinga,0,0.21662133599956196
1178411,2,15,4,SL Malinga,0,0.2120491417126531
1178411,2,15,5,SL Malinga,0,0.2989207332925953
1178411,2,15,6,SL Malinga,0,0.26878829680105315
1178411,2,16,1,JJ Bumrah,1,0.08513670989125162
1178411,2,16,2,JJ Bumrah,1,0.09627950297067529
1178411,2,16,3,JJ Bumrah,1,0.11367212803548367
1178411,2,16,4,JJ Bumrah,1,0.07625773625165262
1178411,2,16,5,JJ Bumrah,1,0.13581821874575722
1178411,2,16,6,JJ Bumrah,1,0.105466398147283
1178411,2,17,1,HH Pandya,0,0.3597837372231354
1178411,2,17,2,HH Pandya,0,0.34516144217526734
1178411,2,17,3,HH Pandya,0,0.3941428840942099
1178411,2,17,4,HH Pandya,0,0.5218285904117015
1178411,2,17,5,HH Pandya,0,0.6280216109391557
1178411,2,18,1,JJ Bumrah,0,0.21211791656542522
1178411,2,18,2,JJ Bumrah,0,0.26125058883896024
1178411,2,18,3,JJ Bumrah,0,0.2862973170830533
1178411,2,18,4,JJ Bumrah,0,0.35491269132249176
1178411,2,18,5,JJ Bumrah,0,0.3356166543115371
1178417,1,15,1,M Ashwin,0,0.43659199131010973
1178417,1,15,2,M Ashwin,0,0.5007194326140412
1178417,1,15,3,M Ashwin,0,0.5320474071489507
1178417,1,15,4,M Ashwin,1,0.5256351631196642
1178417,1,15,5,M Ashwin,1,0.6242761017602169
1178417,1,16,1,R Ashwin,0,0.053914234752130696
1178417,1,16,2,R Ashwin,0,0.06957066448242634
1178417,1,16,3,R Ashwin,1,0.2231809382200028
1178417,1,16,4,R Ashwin,1,0.2521098044769415
1178417,1,16,5,R Ashwin,1,0.23846761113343273
1178417,1,17,1,GC Viljoen,0,0.05681719420633656
1178417,1,17,2,GC Viljoen,0,0.1276113198274328
1178417,1,17,3,GC Viljoen,0,0.29221953831273495
1178417,1,17,4,GC Viljoen,0,0.3090489877521838
1178417,1,17,5,GC Viljoen,0,0.3064444288015349
1178417,1,17,6,GC Viljoen,0,0.3005741454957322
1178417,1,17,7,GC Viljoen,0,0.31493387698499387
1178417,1,17,8,GC Viljoen,0,0.2918291144796137
1178417,1,18,1,Mohammed Shami,0,0.7557983268054279
1178417,1,18,2,Mohammed Shami,0,0.7228492644776875
1178417,1,18,3,Mohammed Shami,0,0.718179502373966
1178417,1,18,4,Mohammed Shami,0,0.8024831852299449
1178417,1,18,5,Mohammed Shami,1,0.760698997383463
1178417,1,19,1,GC Viljoen,0,0.3158107951419687
1178417,1,19,2,GC Viljoen,0,0.31801851557269895
1178417,1,19,3,GC Viljoen,0,0.40425825602633253
1178417,1,19,4,GC Viljoen,0,0.46255151533959654
1178417,1,19,5,GC Viljoen,0,0.6525196350937588
1178417,2,15,1,MM Ali,0,0.05727208498578025
1178417,2,15,2,MM Ali,0,0.056242006753245304
1178417,2,15,3,MM Ali,0,0.24145666470394658
1178417,2,15,4,MM Ali,0,0.290804197487526
1178417,2,15,5,MM Ali,1,0.24373871712336984
1178417,2,16,1,TG Southee,1,0.7187479924403348
1178417,2,16,2,TG Southee,1,0.7491022974634208
1178417,2,16,3,TG Southee,1,0.7115953379215222
1178417,2,16,4,TG Southee,1,0.6391791985422247
1178417,2,16,5,TG Southee,1,0.6185041043568958
1178417,2,17,1,UT Yadav,1,0.4725640093005439
1178417,2,17,2,UT Yadav,1,0.32026091156102615
1178417,2,17,3,UT Yadav,1,0.3099031211886608
1178417,2,17,4,UT Yadav,1,0.34500570035596284
1178417,2,17,5,UT Yadav,1,0.34500570035596284
1178417,2,17,6,UT Yadav,1,0.3319457348952871
1178417,2,17,7,UT Yadav,1,0.340345914048262
1178417,2,18,1,Navdeep Saini,1,0.5247465740035737
1178417,2,18,2,Navdeep Saini,1,0.5419249375610187
1178417,2,18,3,Navdeep Saini,1,0.3943130495912646
1178417,2,18,4,Navdeep Saini,1,0.49073430397592843
1178417,2,18,5,Navdeep Saini,1,0.568427711103034
1178417,2,19,1,UT Yadav,1,0.3179855733909291
1178417,2,19,2,UT Yadav,1,0.338907984897505
1178417,2,19,3,UT Yadav,1,0.49887823109895374
1178417,2,19,4,UT Yadav,1,0.6110161310201447
1178417,2,19,5,UT Yadav,0,0.6264518781706334
1178421,1,15,1,Washington Sundar,1,0.3822013493860456
1178421,1,15,2,Washington Sundar,1,0.4139077960258613
1178421,1,15,3,Washington Sundar,1,0.4262073517198665
1178421,1,15,4,Washington Sundar,1,0.5566665404626243
1178421,1,15,5,Washington Sundar,1,0.721012404576248
1178421,1,16,1,Navdeep Saini,0,0.29637920474019863
1178421,1,16,2,Navdeep Saini,0,0.288223595536252
1178421,1,16,3,Navdeep Saini,0,0.3601668436216685
1178421,1,16,4,Navdeep Saini,0,0.6511956563524215
1178421,1,16,5,Navdeep Saini,0,0.5204002443429193
1178421,1,16,6,Navdeep Saini,0,0.3684531466146356
1178421,1,17,1,MP Stoinis,0,0.23714379375190067
1178421,1,17,2,MP Stoinis,0,0.2471156797699248
1178421,1,17,3,MP Stoinis,1,0.2647757853127793
1178421,1,17,4,MP Stoinis,1,0.25296354678454136
1178421,1,17,5,MP Stoinis,1,0.23009632317521644
1178421,1,18,1,UT Yadav,0,0.24452806594033774
1178421,1,18,2,UT Yadav,0,0.26409421490053825
1178421,1,18,3,UT Yadav,0,0.35504458195706257
1178421,1,18,4,UT Yadav,0,0.5452965276217515
1178421,1,18,5,UT Yadav,0,0.6588762087419964
1178421,1,19,1,Navdeep Saini,0,0.27690562285802284
1178421,1,19,2,Navdeep Saini,0,0.44011652195353235
1178421,1,19,3,Navdeep Saini,0,0.3383212948985784
1178421,1,19,4,Navdeep Saini,0,0.5184896353407096
1178421,1,19,5,Navdeep Saini,0,0.6246520811819861
1178421,2,15,1,S Lamichhane,1,0.6983055802386655
1178421,2,15,2,S Lamichhane,1,0.782108077071361
1178421,2,15,3,S Lamichhane,1,0.7788621696741785
1178421,2,15,4,S Lamichhane,1,0.7274934017571617
1178421,2,15,5,S Lamichhane,1,0.7289369234685429
1178421,2,16,1,I Sharma,1,0.6459127915539397
1178421,2,16,2,I Sharma,1,0.5854252260960339
1178421,2,16,3,I Sharma,1,0.5881317068021391
1178421,2,16,4,I Sharma,1,0.6910542167275402
1178421,2,16,5,I Sharma,1,0.7386637537164065
1178421,2,16,6,I Sharma,1,0.7164095949195288
1178421,2,17,1,K Rabada,1,0.313463196306313
1178421,2,17,2,K Rabada,0,0.3275567139365068
1178421,2,17,3,K Rabada,0,0.323503560709446
1178421,2,17,4,K Rabada,0,0.35088225822763786
1178421,2,17,5,K Rabada,1,0.302144864377837
1178421,2,17,6,K Rabada,0,0.29467543923213807
1178421,2,18,1,I Sharma,1,0.6335387447597195
1178421,2,18,2,I Sharma,1,0.6465746971583743
1178421,2,18,3,I Sharma,1,0.64415090287778
1178421,2,18,4,I Sharma,1,0.5203589678223953
1178421,2,18,5,I Sharma,1,0.6411653137155234
1178421,2,19,1,K Rabada,0,0.2364142628855528
1178421,2,19,2,K Rabada,0,0.24307891240979773
1178421,2,19,3,K Rabada,0,0.2546375393801396
1178421,2,19,4,K Rabada,0,0.3138813710638611
1178421,2,19,5,K Rabada,1,0.370090788526737
1178421,2,19,6,K Rabada,1,0.47758387276063785
1181768,1,15,1,RA Jadeja,0,0.09276514801523743
1181768,1,15,2,RA Jadeja,0,0.08921805221843845
1181768,1,15,3,RA Jadeja,0,0.08698202178398151
1181768,1,15,4,RA Jadeja,1,0.3553876829780717
1181768,1,15,5,RA Jadeja,1,0.3708920692556021
1181768,1,16,1,Imran Tahir,0,0.22022567811927204
1181768,1,16,2,Imran Tahir,0,0.24411589863398822
1181768,1,16,3,Imran Tahir,0,0.27688883789233093
1181768,1,16,4,Imran Tahir,0,0.315869777150192
1181768,1,16,5,Imran Tahir,1,0.4077586725464378
1181768,1,17,1,SN Thakur,0,0.40060823660144856
1181768,1,17,2,SN Thakur,0,0.49818554667263837
1181768,1,17,3,SN Thakur,0,0.6192119218571537
1181768,1,17,4,SN Thakur,0,0.7068018611549365
1181768,1,17,5,SN Thakur,1,0.7766543592820818
1181768,1,18,1,DL Chahar,1,0.4962564070967205
1181768,1,18,2,DL Chahar,1,0.5505092340504094
1181768,1,18,3,DL Chahar,1,0.611333440269205
1181768,1,18,4,DL Chahar,1,0.7632189498310122
1181768,1,18,5,DL Chahar,1,0.8539887587294996
1181768,1,19,1,DJ Bravo,0,0.2702103719846034
1181768,1,19,2,DJ Bravo,0,0.25492761584533374
1181768,1,19,3,DJ Bravo,0,0.241001949024691
1181768,1,19,4,DJ Bravo,0,0.3430322527273347
1181768,1,19,5,DJ Bravo,0,0.3961312508878857
1181768,2,15,1,SL Malinga,1,0.6414014983353156
1181768,2,15,2,SL Malinga,1,0.6012080777760059
1181768,2,15,3,SL Malinga,1,0.595281044237783
1181768,2,15,4,SL Malinga,1,0.5872779784789944
1181768,2,15,5,SL Malinga,1,0.7193573652514791
1181768,2,15,6,SL Malinga,1,0.667360385584497
1181768,2,16,1,JJ Bumrah,0,0.061008617697278805
1181768,2,16,2,JJ Bumrah,0,0.09224186214360454
1181768,2,16,3,JJ Bumrah,0,0.0954367725341677
1181768,2,16,4,JJ Bumrah,0,0.11490805649603383
1181768,2,16,5,JJ Bumrah,0,0.07913184909388704
1181768,2,16,6,JJ Bumrah,0,0.1088592117331242
1181768,2,17,1,KH Pandya,0,0.5729313050257471
1181768,2,17,2,KH Pandya,0,0.6268000723767404
1181768,2,17,3,KH Pandya,0,0.6846534683919374
1181768,2,17,4,KH Pandya,1,0.6690076897290671
1181768,2,17,5,KH Pandya,1,0.65044536914701
1181768,2,18,1,JJ Bumrah,0,0.11061591971031712
1181768,2,18,2,JJ Bumrah,0,0.17431402101888877
1181768,2,18,3,JJ Bumrah,0,0.28364276559916995
1181768,2,18,4,JJ Bumrah,0,0.31337526425011064
1181768,2,18,5,JJ Bumrah,1,0.343289026400437
1181768,2,19,1,SL Malinga,1,0.525053184814098
1181768,2,19,2,SL Malinga,1,0.5061047587116633
1181768,2,19,3,SL Malinga,1,0.47423675537145527
1181768,2,19,4,SL Malinga,1,0.47017653895140754
1181768,2,19,5,SL Malinga,1,0.6041531418925987
1216496,1,15,1,L Ngidi,0,0.4052875778437517
1216496,1,15,2,L Ngidi,0,0.5328980922470294
1216496,1,15,3,L Ngidi,0,0.532765718086381
1216496,1,15,4,L Ngidi,0,0.7604685124376039
1216496,1,15,5,L Ngidi,0,0.7577454509598807
1216496,1,15,6,L Ngidi,0,0.6755125865310111
1216496,1,16,1,SM Curran,0,0.3885484709679842
1216496,1,16,2,SM Curran,0,0.4266874769331244
1216496,1,16,3,SM Curran,0,0.42697065928958855
1216496,1,16,4,SM Curran,0,0.4529917970338192
1216496,1,16,5,SM Curran,1,0.5922667089538173
1216496,1,16,6,SM Curran,0,0.5411353425907676
1216496,1,17,1,DL Chahar,1,0.6197214113535144
1216496,1,17,2,DL Chahar,1,0.5871633405143928
1216496,1,17,3,DL Chahar,1,0.6225118288795294
1216496,1,17,4,DL Chahar,1,0.703479829021093
1216496,1,17,5,DL Chahar,1,0.7863955969973581
1216496,1,18,1,SM Curran,0,0.5292519355511331
1216496,1,18,2,SM Curran,0,0.5834023942549035
1216496,1,18,3,SM Curran,1,0.682834306911547
1216496,1,18,4,SM Curran,1,0.7242387822544711
1216496,1,18,5,SM Curran,1,0.8206530008632305
1216496,1,19,1,L Ngidi,0,0.5268260217848182
1216496,1,19,2,L Ngidi,0,0.5928089378950819
1216496,1,19,3,L Ngidi,0,0.6911807920445466
1216496,1,19,4,L Ngidi,1,0.8012180865302327
1216496,1,19,5,L Ngidi,1,0.8151448140342382
1216496,1,19,6,L Ngidi,1,0.7967899867180416
1216496,1,19,7,L Ngidi,1,0.7743451731921812
1216496,1,19,8,L Ngidi,1,0.7718064404255159
1216496,2,15,1,JC Archer,0,0.08539067244586249
1216496,2,15,2,JC Archer,0,0.06651609670181922
1216496,2,15,3,JC Archer,0,0.1994986358369871
1216496,2,15,4,JC Archer,0,0.22489329676235392
1216496,2,15,5,JC Archer,0,0.16527551423498432
1216496,2,15,6,JC Archer,0,0.15510903688225877
1216496,2,15,7,JC Archer,0,0.23285972848201514
1216496,2,16,1,JD Unadkat,0,0.2876462130006961
1216496,2,16,2,JD Unadkat,0,0.3389537957026498
1216496,2,16,3,JD Unadkat,0,0.4395699340295892
1216496,2,16,4,JD Unadkat,0,0.5587954563969004
1216496,2,16,5,JD Unadkat,0,0.6278819251636074
1216496,2,17,1,TK Curran,0,0.30911411785126286
1216496,2,17,2,TK Curran,0,0.38298749356305967
1216496,2,17,3,TK Curran,0,0.3285595961560654
1216496,2,17,4,TK Curran,0,0.3285190794429931
1216496,2,17,5,TK Curran,0,0.33370591320713455
1216496,2,17,6,TK Curran,0,0.32995702781516534
1216496,2,18,1,JC Archer,0,0.1927699084851324
1216496,2,18,2,JC Archer,0,0.2009188406524729
1216496,2,18,3,JC Archer,0,0.2257164570628256
1216496,2,18,4,JC Archer,1,0.39289710191559657
1216496,2,18,5,JC Archer,1,0.5882624481692262
1216496,2,19,1,TK Curran,0,0.24237906378735433
1216496,2,19,2,TK Curran,0,0.19556488656442145
1216496,2,19,3,TK Curran,0,0.23673207317539188
1216496,2,19,4,TK Curran,0,0.3759423345804338
1216496,2,19,5,TK Curran,1,0.6153493515849252
1216497,1,15,1,TU Deshpande,1,0.5893726988695556
1216497,1,15,2,TU Deshpande,1,0.589502724262435
1216497,1,15,3,TU Deshpande,0,0.5810905684301043
1216497,1,15,4,TU Deshpande,0,0.6131672326714134
1216497,1,15,5,TU Deshpande,0,0.6602921028138957
1216497,1,15,6,TU Deshpande,0,0.7176937003085541
1216497,1,16,1,K Rabada,0,0.240258075814736
1216497,1,16,2,K Rabada,0,0.1426919163157894
1216497,1,16,3,K Rabada,0,0.11551735127283574
1216497,1,16,4,K Rabada,0,0.24912092761002558
1216497,1,16,5,K Rabada,0,0.18263295139925528
1216497,1,16,6,K Rabada,0,0.17618722177857546
1216497,1,16,7,K Rabada,0,0.3148104067868663
1216497,1,17,1,A Nortje,0,0.2528439731555857
1216497,1,17,2,A Nortje,0,0.4628606486508859
1216497,1,17,3,A Nortje,0,0.5113721537648832
1216497,1,17,4,A Nortje,0,0.6730087343413205
1216497,1,17,5,A Nortje,0,0.7504550654047145
1216497,1,18,1,K Rabada,0,0.37066415974105016
1216497,1,18,2,K Rabada,0,0.42928778723082456
1216497,1,18,3,K Rabada,0,0.5279361320270273
1216497,1,18,4,K Rabada,0,0.6753562254492637
1216497,1,18,5,K Rabada,0,0.764798105539722
1216497,1,19,1,MP Stoinis,0,0.5017829617069535
1216497,1,19,2,MP Stoinis,0,0.528139626196534
1216497,1,19,3,MP Stoinis,0,0.587849278200669
1216497,1,19,4,MP Stoinis,1,0.6328516804650999
1216497,1,19,5,MP Stoinis,1,0.6456840407742814
1216497,2,15,1,CV Varun,0,0.15050944383332904
1216497,2,15,2,CV Varun,0,0.15839072946054222
1216497,2,15,3,CV Varun,0,0.1572766092194096
1216497,2,15,4,CV Varun,0,0.19100434776048159
1216497,2,15,5,CV Varun,0,0.21972215505812584
1216497,2,15,6,CV Varun,0,0.2145171332475491
1216497,2,16,1,PJ Cummins,0,0.010251013090796852
1216497,2,16,2,PJ Cummins,0,0.010485001479993091
1216497,2,16,3,PJ Cummins,0,0.011091299874683193
1216497,2,16,4,PJ Cummins,0,0.02839717671726222
1216497,2,16,5,PJ Cummins,0,0.056754044066399535
1216497,2,16,6,PJ Cummins,0,0.16261472972317403
1216497,2,17,1,CV Varun,0,0.1923719659222516
1216497,2,17,2,CV Varun,0,0.268829469968124
1216497,2,17,3,CV Varun,1,0.39976073023821984
1216497,2,17,4,CV Varun,0,0.4266740999744699
1216497,2,17,5,CV Varun,0,0.4143759638555109
1216497,2,18,1,PJ Cummins,1,0.16505397447061357
1216497,2,18,2,PJ Cummins,1,0.268073622034349
1216497,2,18,3,PJ Cummins,1,0.3127447694603968
1216497,2,18,4,PJ Cummins,1,0.3545024448268906
1216497,2,18,5,PJ Cummins,1,0.36954524558059476
1216497,2,19,1,LH Ferguson,1,0.5421688760310464
1216497,2,19,2,LH Ferguson,1,0.5592949333628502
1216497,2,19,3,LH Ferguson,1,0.5869280136662727
1216497,2,19,4,LH Ferguson,1,0.6403259383440745
1216497,2,19,5,LH Ferguson,1,0.6868762454624912
1216500,1,15,1,AJ Tye,0,0.44633529095563196
1216500,1,15,2,AJ Tye,0,0.5032666033714803
1216500,1,15,3,AJ Tye,0,0.5741310674373762
1216500,1,15,4,AJ Tye,0,0.5767440367993701
1216500,1,15,5,AJ Tye,0,0.5728300378617143
1216500,1,15,6,AJ Tye,0,0.5606007917041116
1216500,1,16,1,Kartik Tyagi,0,0.29740668912075136
1216500,1,16,2,Kartik Tyagi,0,0.30335381153227803
1216500,1,16,3,Kartik Tyagi,0,0.38583989118163853
1216500,1,16,4,Kartik Tyagi,0,0.4916651866426893
1216500,1,16,5,Kartik Tyagi,1,0.5784438752326163
1216500,1,17,1,JC Archer,0,0.10056921090828073
1216500,1,17,2,JC Archer,1,0.16201010830014675
1216500,1,17,3,JC Archer,1,0.1828452543781879
1216500,1,17,4,JC Archer,1,0.2224318294202756
1216500,1,17,5,JC Archer,1,0.25393128112832425
1216500,1,17,6,JC Archer,0,0.24123933876561116
1216500,1,17,7,JC Archer,1,0.28950964088642134
1216500,1,18,1,AJ Tye,0,0.38508724416391676
1216500,1,18,2,AJ Tye,0,0.38508724416391676
1216500,1,18,3,AJ Tye,0,0.39273795152301166
1216500,1,18,4,AJ Tye,0,0.3326749394043782
1216500,1,18,5,AJ Tye,0,0.3306595761295689
1216500,1,18,6,AJ Tye,0,0.5190063043968666
1216500,1,18,7,AJ Tye,1,0.6966898897866134
1216500,1,19,1,JC Archer,1,0.2677448127750478
1216500,1,19,2,JC Archer,1,0.2836817203853141
1216500,1,19,3,JC Archer,1,0.33915134955258885
1216500,1,19,4,JC Archer,1,0.4488857718726454
1216500,1,19,5,JC Archer,1,0.5688380454427434
1216500,2,15,1,HV Patel,0,0.31346132433116397
1216500,2,15,2,HV Patel,0,0.3462786681217248
1216500,2,15,3,HV Patel,0,0.38182129694766587
1216500,2,15,4,HV Patel,0,0.42035960576146164
1216500,2,15,5,HV Patel,0,0.4393707455001103
1216500,2,15,6,HV Patel,0,0.4455046882530931
1216500,2,15,7,HV Patel,0,0.4579428574001232
1216500,2,16,1,A Nortje,0,0.028918501271594305
1216500,2,16,2,A Nortje,0,0.1257534725628078
1216500,2,16,3,A Nortje,0,0.3347678974465117
1216500,2,16,4,A Nortje,0,0.4057547170539272
1216500,2,16,5,A Nortje,0,0.42323861393838896
1216500,2,16,6,A Nortje,0,0.43799282253632177
1216500,2,17,1,HV Patel,0,0.39661204320650956
1216500,2,17,2,HV Patel,0,0.5000134303116193
1216500,2,17,3,HV Patel,0,0.569995937932948
1216500,2,17,4,HV Patel,1,0.6538290339967053
1216500,2,17,5,HV Patel,1,0.7404668718169284
1216500,2,18,1,A Nortje,0,0.3553256284079796
1216500,2,18,2,A Nortje,0,0.38010429377261223
1216500,2,18,3,A Nortje,0,0.38061999807084135
1216500,2,18,4,A Nortje,0,0.38168403564603653
1216500,2,18,5,A Nortje,0,0.38912295639605715
1216500,2,18,6,A Nortje,0,0.41913042503237286
1216500,2,18,7,A Nortje,1,0.7417214252809639
1216500,2,19,1,K Rabada,1,0.6181055966185731
1216500,2,19,2,K Rabada,1,0.5610895060731567
1216500,2,19,3,K Rabada,1,0.5101536070921127
1216512,1,15,1,Sandeep Sharma,0,0.10683306952654598
1216512,1,15,2,Sandeep Sharma,0,0.10438597044465739
1216512,1,15,3,Sandeep Sharma,0,0.10071206455912204
1216512,1,15,4,Sandeep Sharma,0,0.11286048860354293
1216512,1,15,5,Sandeep Sharma,0,0.11498793018140234
1216512,1,15,6,Sandeep Sharma,0,0.13316093832570466
1216512,1,16,1,Basil Thampi,0,0.4896271203292841
1216512,1,16,2,Basil Thampi,0,0.49404816797043105
1216512,1,16,3,Basil Thampi,0,0.37993897795885345
1216512,1,16,4,Basil Thampi,0,0.5851132089166147
1216512,1,16,5,Basil Thampi,0,0.5785903281248298
1216512,1,16,6,Basil Thampi,0,0.6362876562739174
1216512,1,17,1,Sandeep Sharma,0,0.1625907833645785
1216512,1,17,2,Sandeep Sharma,0,0.20878345213045482
1216512,1,17,3,Sandeep Sharma,0,0.2485109151284755
1216512,1,17,4,Sandeep Sharma,0,0.2749626490717856
1216512,1,17,5,Sandeep Sharma,1,0.7386716388968649
1216512,1,18,1,T Natarajan,0,0.5522532253332629
1216512,1,18,2,T Natarajan,0,0.5555359121107085
1216512,1,18,3,T Natarajan,0,0.5743798880978044
1216512,1,18,4,T Natarajan,0,0.6434047289637274
1216512,1,18,5,T Natarajan,0,0.7109545602409392
1216512,1,19,1,Basil Thampi,0,0.5140873220067732
1216512,1,19,2,Basil Thampi,0,0.5237301974516394
1216512,1,19,3,Basil Thampi,0,0.5542250502288881
1216512,1,19,4,Basil Thampi,1,0.5245265159302321
1216512,1,19,5,Basil Thampi,1,0.6381293977519304
1216512,2,15,1,PJ Cummins,0,0.37020491613515116
1216512,2,15,2,PJ Cummins,0,0.4628270828468159
1216512,2,15,3,PJ Cummins,0,0.5899362446663672
1216512,2,15,4,PJ Cummins,0,0.6245554248683027
1216512,2,15,5,PJ Cummins,1,0.7752608916742976
1216512,2,16,1,CV Varun,0,0.4586263899290849
1216512,2,16,2,CV Varun,0,0.5201067610573467
1216512,2,16,3,CV Varun,0,0.6042566179631558
1216512,2,16,4,CV Varun,0,0.662915339942587
1216512,2,16,5,CV Varun,0,0.7626094068962674
1216512,2,17,1,LH Ferguson,0,0.06050488151945788
1216512,2,17,2,LH Ferguson,0,0.12328082352798173
1216512,2,17,3,LH Ferguson,0,0.1601349613176381
1216512,2,17,4,LH Ferguson,0,0.20913759204561116
1216512,2,17,5,LH Ferguson,0,0.2815807094428726
1216512,2,18,1,Shivam Mavi,1,0.5497279976849189
1216512,2,18,2,Shivam Mavi,1,0.5385366557113344
1216512,2,18,3,Shivam Mavi,1,0.5649516392413003
1216512,2,18,4,Shivam Mavi,1,0.5674034724685401
1216512,2,18,5,Shivam Mavi,1,0.5707454239956525
1216512,2,19,1,AD Russell,0,0.8141371797399048
1216512,2,19,2,AD Russell,0,0.7577692407453
1216512,2,19,3,AD Russell,0,0.7836930677859631
1216512,2,19,4,AD Russell,1,0.724530671822189
1216512,2,19,5,AD Russell,1,0.7447285097045504
1216512,2,19,6,AD Russell,1,0.7164179812821377
1216515,1,15,1,Shivam Mavi,0,0.7414150311591617
1216515,1,15,2,Shivam Mavi,0,0.7135622905714096
1216515,1,15,3,Shivam Mavi,0,0.7775205071312431
1216515,1,15,4,Shivam Mavi,0,0.7637174007259407
1216515,1,15,5,Shivam Mavi,0,0.8062506045926509
1216515,1,16,1,PJ Cummins,0,0.555705619488318
1216515,1,16,2,PJ Cummins,0,0.5547164410273181
1216515,1,16,3,PJ Cummins,0,0.4871882006707586
1216515,1,16,4,PJ Cummins,0,0.5761643696722084
1216515,1,16,5,PJ Cummins,1,0.7087728133185088
1216515,1,17,1,AD Russell,0,0.06976531173306877
1216515,1,17,2,AD Russell,0,0.20644104176450082
1216515,1,17,3,AD Russell,0,0.28333321477092643
1216515,1,17,4,AD Russell,1,0.4555455164082251
1216515,1,17,5,AD Russell,1,0.41185604556996985
1216515,1,17,6,AD Russell,1,0.3679143678357266
1216515,1,18,1,CV Varun,0,0.6130730426590282
1216515,1,18,2,CV Varun,0,0.627434587887867
1216515,1,18,3,CV Varun,0,0.609186645673228
1216515,1,18,4,CV Varun,0,0.6161184865365417
1216515,1,18,5,CV Varun,0,0.6269977840723882
1216515,1,19,1,AD Russell,0,0.3539313236185229
1216515,1,19,2,AD Russell,0,0.37286618483769296
1216515,1,19,3,AD Russell,1,0.48066437157681885
1216515,1,19,4,AD Russell,1,0.5233562363021467
1216515,1,19,5,AD Russell,1,0.5927342965632257
1216515,2,15,1,K Rabada,0,0.427584587936019
1216515,2,15,2,K Rabada,0,0.5975415532407015
1216515,2,15,3,K Rabada,0,0.7002927566411148
1216515,2,15,4,K Rabada,0,0.7000812683026686
1216515,2,15,5,K Rabada,0,0.6741534933622133
1216515,2,15,6,K Rabada,0,0.6747881520392749
1216515,2,16,1,MP Stoinis,0,0.4540220969880268
1216515,2,16,2,MP Stoinis,0,0.46157915710357456
1216515,2,16,3,MP Stoinis,0,0.6231695437250876
1216515,2,16,4,MP Stoinis,0,0.7055338696958195
1216515,2,16,5,MP Stoinis,1,0.7676253031142807
1216515,2,16,6,MP Stoinis,1,0.7863969854610757
1216515,2,16,7,MP Stoinis,1,0.806529157588346
1216515,2,17,1,K Rabada,0,0.7100884496016978
1216515,2,17,2,K Rabada,0,0.7439109995931243
1216515,2,17,3,K Rabada,1,0.7712971690910169
1216515,2,17,4,K Rabada,0,0.7324990497531151
1216515,2,17,5,K Rabada,0,0.7763302066340776
1216515,2,18,1,A Nortje,1,0.6734393516482884
1216515,2,18,2,A Nortje,1,0.583363865686003
1216515,2,18,3,A Nortje,1,0.5992144340508998
1216515,2,18,4,A Nortje,1,0.6586741111617288
1216515,2,18,5,A Nortje,1,0.7285588032663736
1216515,2,19,1,MP Stoinis,1,0.7859611838139053
1216515,2,19,2,MP Stoinis,1,0.7019259867654731
1216515,2,19,3,MP Stoinis,1,0.6606775539202897
1216515,2,19,4,MP Stoinis,1,0.6317677564302175
1216515,2,19,5,MP Stoinis,1,0.6898436158970894
1216518,1,15,1,V Shankar,1,0.10410573961995802
1216518,1,15,2,V Shankar,1,0.11669967070857645
1216518,1,15,3,V Shankar,0,0.19511646229592933
1216518,1,15,4,V Shankar,0,0.2212999111772678
1216518,1,15,5,V Shankar,1,0.2540724184477238
1216518,1,16,1,Sandeep Sharma,1,0.48965482807702687
1216518,1,16,2,Sandeep Sharma,1,0.47736563314254615
1216518,1,16,3,Sandeep Sharma,1,0.5174120454236426
1216518,1,16,4,Sandeep Sharma,1,0.6079416624893654
1216518,1,16,5,Sandeep Sharma,1,0.7571406859985784
1216518,1,17,1,T Natarajan,0,0.16612703157380676
1216518,1,17,2,T Natarajan,0,0.1687051892741908
1216518,1,17,3,T Natarajan,0,0.37136635340209734
1216518,1,17,4,T Natarajan,0,0.48641184435803475
1216518,1,17,5,T Natarajan,0,0.5305339993559537
1216518,1,17,6,T Natarajan,0,0.5301809344534019
1216518,1,18,1,JO Holder,0,0.5340253998481531
1216518,1,18,2,JO Holder,1,0.5340253998481531
1216518,1,18,3,JO Holder,0,0.5382483961724946
1216518,1,18,4,JO Holder,0,0.6190421736121188
1216518,1,18,5,JO Holder,0,0.7366949956279416
1216518,1,18,6,JO Holder,1,0.8407340918169209
1216518,1,19,1,T Natarajan,1,0.49378480200655395
1216518,1,19,2,T Natarajan,1,0.4999200172299127
1216518,1,19,3,T Natarajan,1,0.4835932842352672
1216518,1,19,4,T Natarajan,0,0.44667009564255505
1216518,1,19,5,T Natarajan,0,0.4953148016091228
1216518,1,19,6,T Natarajan,0,0.6480753273415185
1216518,2,15,1,JC Archer,0,0.2415837313195273
1216518,2,15,2,JC Archer,0,0.39818570015652127
1216518,2,15,3,JC Archer,1,0.47537995966433544
1216518,2,15,4,JC Archer,1,0.5125396386387692
1216518,2,15,5,JC Archer,0,0.5177419566050446
1216518,2,16,1,Kartik Tyagi,1,0.6045157403693748
1216518,2,16,2,Kartik Tyagi,0,0.606383222236425
1216518,2,16,3,Kartik Tyagi,0,0.6138875179400564
1216518,2,16,4,Kartik Tyagi,0,0.4686380356684278
1216518,2,16,5,Kartik Tyagi,0,0.4644732409351986
1216518,2,16,6,Kartik Tyagi,0,0.5747090531678267
1216518,2,17,1,BA Stokes,0,0.5538403735749697
1216518,2,17,2,BA Stokes,0,0.5613466928942447
1216518,2,17,3,BA Stokes,1,0.5686908197119147
1216518,2,17,4,BA Stokes,0,0.479468064619856
1216518,2,17,5,BA Stokes,1,0.6491223370703056
1216518,2,17,6,BA Stokes,1,0.45852042128786386
1216519,1,15,1,Mohammed Siraj,0,0.531034230870007
1216519,1,15,2,Mohammed Siraj,0,0.5448937460183106
1216519,1,15,3,Mohammed Siraj,0,0.5304334758508789
1216519,1,15,4,Mohammed Siraj,0,0.5243280325074775
1216519,1,15,5,Mohammed Siraj,0,0.5185430096762268
1216519,1,15,6,Mohammed Siraj,0,0.4802521066782305
1216519,1,16,1,Navdeep Saini,0,0.7719130723268766
1216519,1,16,2,Navdeep Saini,0,0.7806362523390042
1216519,1,16,3,Navdeep Saini,0,0.7686323015656246
1216519,1,16,4,Navdeep Saini,0,0.7497977198532676
1216519,1,16,5,Navdeep Saini,1,0.8471912464759435
1216519,1,17,1,I Udana,0,0.5224814059389464
1216519,1,17,2,I Udana,1,0.5556630234353949
1216519,1,17,3,I Udana,0,0.5238750697798175
1216519,1,17,4,I Udana,1,0.4935112658474651
1216519,1,17,5,I Udana,1,0.5525824720079409
1216519,1,17,6,I Udana,0,0.537471529923742
1216519,1,17,7,I Udana,0,0.5139251793450754
1216519,1,18,1,Mohammed Siraj,1,0.573766477428866
1216519,1,18,2,Mohammed Siraj,1,0.5728342901614359
1216519,1,18,3,Mohammed Siraj,1,0.5728342901614359
1216519,1,18,4,Mohammed Siraj,0,0.5087951890827301
1216519,1,18,5,Mohammed Siraj,0,0.5607672051656885
1216519,1,18,6,Mohammed Siraj,0,0.6447197815638681
1216519,1,18,7,Mohammed Siraj,0,0.765197077406545
1216519,1,19,1,I Udana,0,0.4158471333999176
1216519,1,19,2,I Udana,0,0.4400244798424126
1216519,1,19,3,I Udana,1,0.44401697754777875
1216519,1,19,4,I Udana,1,0.5417881996651952
1216519,1,19,5,I Udana,0,0.653847670739267
1216519,2,15,1,K Rabada,0,0.2536778908450094
1216519,2,15,2,K Rabada,0,0.21708852121950206
1216519,2,15,3,K Rabada,1,0.3501074596448856
1216519,2,15,4,K Rabada,1,0.3211297958621857
1216519,2,15,5,K Rabada,1,0.3423344631523535
1216519,2,15,6,K Rabada,1,0.41334695229028495
1216519,2,16,1,A Nortje,1,0.3227353104317494
1216519,2,16,2,A Nortje,1,0.38092416068873586
1216519,2,16,3,A Nortje,1,0.36216409148460177
1216519,2,16,4,A Nortje,1,0.37496092555487354
1216519,2,16,5,A Nortje,0,0.33615791301372694
1216519,2,16,6,A Nortje,0,0.3401759839340503
1216519,2,17,1,K Rabada,1,0.42786340244531273
1216519,2,17,2,K Rabada,1,0.4935619804740971
1216519,2,17,3,K Rabada,1,0.5836037790619562
1216519,2,17,4,K Rabada,1,0.7282074847436295
1216519,2,17,5,K Rabada,1,0.8021571852279095
1216519,2,18,1,A Nortje,0,0.3349280985415623
1216519,2,18,2,A Nortje,0,0.3646926173488888
1216519,2,18,3,A Nortje,0,0.41213480702423205
1216519,2,18,4,A Nortje,1,0.5241991639424693
1216519,2,18,5,A Nortje,1,0.4507540716974536
1216519,2,19,1,HV Patel,1,0.38950192350352575
1216519,2,19,2,HV Patel,1,0.411086618978919
1216519,2,19,3,HV Patel,1,0.3444754968718376
1216519,2,19,4,HV Patel,1,0.39794736391832275
1216519,2,19,5,HV Patel,1,0.42041108190497345
1216519,2,19,6,HV Patel,1,0.6064252084956727
1216524,1,15,1,AR Patel,1,0.5302763411758674
1216524,1,15,2,AR Patel,1,0.5460958341805782
1216524,1,15,3,AR Patel,1,0.569267820673091
1216524,1,15,4,AR Patel,1,0.5624888328172443
1216524,1,15,5,AR Patel,1,0.6638671280635912
1216524,1,15,6,AR Patel,0,0.7637052936962713
1216524,1,16,1,TU Deshpande,0,0.3243654255163547
1216524,1,16,2,TU Deshpande,0,0.310583804416426
1216524,1,16,3,TU Deshpande,0,0.3975206509764224
1216524,1,16,4,TU Deshpande,0,0.36327916436588775
1216524,1,16,5,TU Deshpande,0,0.4399495934789995
1216524,1,17,1,MP Stoinis,1,0.4115082879264561
1216524,1,17,2,MP Stoinis,1,0.4585251491024921
1216524,1,17,3,MP Stoinis,1,0.4089118213501016
1216524,1,17,4,MP Stoinis,1,0.32896670480896123
1216524,1,17,5,MP Stoinis,1,0.30546843279482805
1216524,1,18,1,A Nortje,0,0.5750234335408756
1216524,1,18,2,A Nortje,0,0.4940893683475651
1216524,1,18,3,A Nortje,0,0.5334805871313644
1216524,1,18,4,A Nortje,1,0.5595502085229458
1216524,1,18,5,A Nortje,1,0.6423632834390961
1216524,1,18,6,A Nortje,0,0.7519253298957579
1216524,1,18,7,A Nortje,0,0.753902605888388
1216524,1,19,1,K Rabada,1,0.582360391579801
1216524,1,19,2,K Rabada,1,0.5686644881789465
1216524,1,19,3,K Rabada,1,0.5697164672462586
1216524,1,19,4,K Rabada,1,0.6031568757256862
1216524,1,19,5,K Rabada,1,0.6652031788439108
1216524,2,15,1,T Natarajan,1,0.353265022841731
1216524,2,15,2,T Natarajan,1,0.3538853026846575
1216524,2,15,3,T Natarajan,1,0.3463802034219032
1216524,2,15,4,T Natarajan,1,0.3342141335367279
1216524,2,15,5,T Natarajan,0,0.3302842356520683
1216524,2,15,6,T Natarajan,0,0.39546528322790386
1216524,2,16,1,Sandeep Sharma,0,0.32345742661142496
1216524,2,16,2,Sandeep Sharma,0,0.4326023363091993
1216524,2,16,3,Sandeep Sharma,0,0.4706962684926651
1216524,2,16,4,Sandeep Sharma,1,0.6643265230863814
1216524,2,16,5,Sandeep Sharma,1,0.7615162811755115
1216524,2,17,1,JO Holder,0,0.4918959017427675
1216524,2,17,2,JO Holder,0,0.4407957650450018
1216524,2,17,3,JO Holder,1,0.4437289809545778
1216524,2,17,4,JO Holder,1,0.33041492161395536
1216524,2,17,5,JO Holder,1,0.5331070769814413
1216524,2,18,1,T Natarajan,0,0.3573253423729863
1216524,2,18,2,T Natarajan,1,0.4783891593408516
1216524,2,18,3,T Natarajan,1,0.5549667715675496
1216524,2,18,4,T Natarajan,1,0.6321310545240214
1216524,2,18,5,T Natarajan,1,0.7589009266554688
1216525,1,15,1,KV Sharma,0,0.3399227025140706
1216525,1,15,2,KV Sharma,0,0.41990214534010417
1216525,1,15,3,KV Sharma,0,0.5177590566610241
1216525,1,15,4,KV Sharma,0,0.5151627434525758
1216525,1,15,5,KV Sharma,0,0.6163747761668533
1216525,1,15,6,KV Sharma,0,0.7440950907684342
1216525,1,16,1,SN Thakur,0,0.2949736807089666
1216525,1,16,2,SN Thakur,0,0.3422014464385841
1216525,1,16,3,SN Thakur,0,0.34009223582166953
1216525,1,16,4,SN Thakur,0,0.40877093490618227
1216525,1,16,5,SN Thakur,0,0.4278056036313972
1216525,1,16,6,SN Thakur,0,0.532023170648998
1216525,1,17,1,SM Curran,0,0.41572610423959333
1216525,1,17,2,SM Curran,0,0.42697133349031835
1216525,1,17,3,SM Curran,0,0.42839916084408985
1216525,1,17,4,SM Curran,0,0.5068703353640881
1216525,1,17,5,SM Curran,0,0.5477222029109831
1216525,1,17,6,SM Curran,0,0.5310825274107799
1216525,1,17,7,SM Curran,1,0.5376786444563999
1216525,1,18,1,SN Thakur,1,0.6129425772032174
1216525,1,18,2,SN Thakur,1,0.6103342737250297
1216525,1,18,3,SN Thakur,1,0.5940432936002736
1216525,1,18,4,SN Thakur,1,0.5491538675510259
1216525,1,18,5,SN Thakur,1,0.5791133670502999
1216525,1,18,6,SN Thakur,1,0.7026874453160067
1216525,1,19,1,DJ Bravo,0,0.2658120346614421
1216525,1,19,2,DJ Bravo,0,0.2652783236370296
1216525,1,19,3,DJ Bravo,0,0.2898618987062023
1216525,1,19,4,DJ Bravo,0,0.2641546619597919
1216525,1,19,5,DJ Bravo,0,0.265290086566195
1216525,1,19,6,DJ Bravo,1,0.27100377330877873
1216525,2,15,1,YS Chahal,0,0.34181819546413134
1216525,2,15,2,YS Chahal,0,0.37100744741000413
1216525,2,15,3,YS Chahal,1,0.3264316675271434
1216525,2,15,4,YS Chahal,1,0.3963672430117139
1216525,2,15,5,YS Chahal,1,0.6441760686329279
1216525,2,16,1,CH Morris,0,0.053332417978744794
1216525,2,16,2,CH Morris,0,0.06779525079982225
1216525,2,16,3,CH Morris,0,0.07152517496827498
1216525,2,16,4,CH Morris,0,0.08691506775602642
1216525,2,16,5,CH Morris,0,0.09499545159913547
1216525,2,16,6,CH Morris,0,0.09225941285932941
1216525,2,17,1,I Udana,1,0.17919602728042258
1216525,2,17,2,I Udana,1,0.21748316337634624
1216525,2,17,3,I Udana,1,0.21803201435112857
1216525,2,17,4,I Udana,1,0.22474151995076155
1216525,2,17,5,I Udana,1,0.23257958660177439
1216525,2,17,6,I Udana,1,0.2293675176943975
1216525,2,18,1,CH Morris,0,0.07206019282588691
1216525,2,18,2,CH Morris,0,0.19324813297805105
1216525,2,18,3,CH Morris,0,0.30962847824615125
1216525,2,18,4,CH Morris,0,0.29411305460833015
1216525,2,18,5,CH Morris,1,0.3414234810460883
1216525,2,19,1,I Udana,1,0.23501609709502683
1216525,2,19,2,I Udana,1,0.21144872033435963
1216525,2,19,3,I Udana,1,0.2628650995212708
1216525,2,19,4,I Udana,1,0.38990541871248025
1216525,2,19,5,I Udana,1,0.502586234991296
1216527,1,15,1,AS Rajpoot,1,0.635565148238211
1216527,1,15,2,AS Rajpoot,1,0.5665822251986016
1216527,1,15,3,AS Rajpoot,1,0.4673529982023493
1216527,1,15,4,AS Rajpoot,1,0.44109512141060914
1216527,1,15,5,AS Rajpoot,1,0.45001392307448496
1216527,1,15,6,AS Rajpoot,0,0.45023513108817925
1216527,1,15,7,AS Rajpoot,0,0.42792798173053304
1216527,1,16,1,TK Curran,1,0.5962095526871969
1216527,1,16,2,TK Curran,1,0.6530569337295028
1216527,1,16,3,TK Curran,1,0.5961696042861687
1216527,1,16,4,TK Curran,1,0.46061487010645885
1216527,1,16,5,TK Curran,1,0.4683201037109073
1216527,1,16,6,TK Curran,1,0.38221267171454243
1216527,1,17,1,AS Rajpoot,0,0.31996044194994
1216527,1,17,2,AS Rajpoot,1,0.3167805240501287
1216527,1,17,3,AS Rajpoot,1,0.32063105788356117
1216527,1,17,4,AS Rajpoot,1,0.43032759738974974
1216527,1,17,5,AS Rajpoot,1,0.56320897854267
1216527,1,18,1,TK Curran,0,0.32879593741507795
1216527,1,18,2,TK Curran,0,0.3235107038468247
1216527,1,18,3,TK Curran,0,0.29845041298561453
1216527,1,18,4,TK Curran,0,0.40878283380912317
1216527,1,18,5,TK Curran,0,0.5920208674185643
1216527,1,19,1,JC Archer,0,0.28416147540810166
1216527,1,19,2,JC Archer,0,0.27826014892512846
1216527,1,19,3,JC Archer,0,0.4121750291996775
1216527,1,19,4,JC Archer,0,0.47901315448659554
1216527,1,19,5,JC Archer,0,0.4175218526893426
1216527,1,19,6,JC Archer,0,0.5547878467201254
1216527,2,15,1,GJ Maxwell,0,0.29063095799139904
1216527,2,15,2,GJ Maxwell,0,0.5742096340754299
1216527,2,15,3,GJ Maxwell,0,0.4965694914299671
1216527,2,15,4,GJ Maxwell,0,0.6292288946593262
1216527,2,15,5,GJ Maxwell,1,0.7072027387248941
1216527,2,16,1,Mohammed Shami,0,0.6396787125706942
1216527,2,16,2,Mohammed Shami,0,0.6127417911217253
1216527,2,16,3,Mohammed Shami,0,0.5730148507567551
1216527,2,16,4,Mohammed Shami,0,0.589397442530184
1216527,2,16,5,Mohammed Shami,0,0.6492729130317628
1216527,2,16,6,Mohammed Shami,0,0.6933790826123306
1216527,2,17,1,SS Cottrell,0,0.7833399735270379
1216527,2,17,2,SS Cottrell,0,0.789043091566489
1216527,2,17,3,SS Cottrell,0,0.8202554676655558
1216527,2,17,4,SS Cottrell,0,0.8814061810488406
1216527,2,17,5,SS Cottrell,0,0.8676108016951105
1216527,2,18,1,Mohammed Shami,0,0.6732152760983268
1216527,2,18,2,Mohammed Shami,0,0.7232827468063254
1216527,2,18,3,Mohammed Shami,0,0.8131181224686824
1216527,2,18,4,Mohammed Shami,0,0.7832200900678388
1216527,2,18,5,Mohammed Shami,1,0.7836875833451274
1216527,2,19,1,M Ashwin,0,0.580212262908872
1216527,2,19,2,M Ashwin,0,0.7301647796629332
1216528,1,15,1,KK Ahmed,1,0.671757479889315
1216528,1,15,2,KK Ahmed,1,0.6684131517952371
1216528,1,15,3,KK Ahmed,1,0.6382701158466838
1216528,1,15,4,KK Ahmed,1,0.5163672437273699
1216528,1,15,5,KK Ahmed,0,0.5278018641942621
1216528,1,15,6,KK Ahmed,0,0.5482114666698665
1216528,1,16,1,T Natarajan,0,0.21914031810530812
1216528,1,16,2,T Natarajan,0,0.2600935198850905
1216528,1,16,3,T Natarajan,0,0.2532985670086954
1216528,1,16,4,T Natarajan,0,0.38901809809291615
1216528,1,16,5,T Natarajan,0,0.4482675503358496
1216528,1,16,6,T Natarajan,0,0.46458569824962137
1216528,1,17,1,Sandeep Sharma,0,0.15577680294631488
1216528,1,17,2,Sandeep Sharma,0,0.24213361488388913
1216528,1,17,3,Sandeep Sharma,0,0.31527942981021617
1216528,1,17,4,Sandeep Sharma,0,0.3728535595314056
1216528,1,17,5,Sandeep Sharma,0,0.32916933726615216
1216528,1,18,1,T Natarajan,0,0.44397350513432116
1216528,1,18,2,T Natarajan,0,0.4630961737639804
1216528,1,18,3,T Natarajan,0,0.4346183330193039
1216528,1,18,4,T Natarajan,0,0.42502389005713453
1216528,1,18,5,T Natarajan,0,0.5150893714209827
1216528,1,18,6,T Natarajan,1,0.5940932322973267
1216528,1,19,1,KK Ahmed,0,0.4267095435669891
1216528,1,19,2,KK Ahmed,0,0.40359436890573286
1216528,1,19,3,KK Ahmed,0,0.3824142060527714
1216528,1,19,4,KK Ahmed,0,0.43929754678654936
1216528,1,19,5,KK Ahmed,0,0.43366889823206495
1216528,2,15,1,PP Chawla,0,0.10701630202966048
1216528,2,15,2,PP Chawla,1,0.2483150324620009
1216528,2,15,3,PP Chawla,1,0.18455897677428212
1216528,2,15,4,PP Chawla,1,0.2774428820381118
1216528,2,15,5,PP Chawla,1,0.21027446892566987
1216528,2,16,1,DJ Bravo,1,0.840567031019732
1216528,2,16,2,DJ Bravo,1,0.7924566872622918
1216528,2,16,3,DJ Bravo,1,0.7505585014205867
1216528,2,16,4,DJ Bravo,1,0.7293157585172187
1216528,2,16,5,DJ Bravo,1,0.8043114057088012
1216528,2,16,6,DJ Bravo,1,0.7293713293126465
1216528,2,17,1,KV Sharma,0,0.32162796476036604
1216528,2,17,2,KV Sharma,0,0.4123989630990795
1216528,2,17,3,KV Sharma,0,0.5420390291479439
1216528,2,17,4,KV Sharma,0,0.6343196255863246
1216528,2,17,5,KV Sharma,0,0.7497283624533992
1216528,2,18,1,SN Thakur,1,0.1519755877532691
1216528,2,18,2,SN Thakur,1,0.19253217014020713
1216528,2,18,3,SN Thakur,1,0.2239890319291228
1216528,2,18,4,SN Thakur,1,0.2239890319291228
1216528,2,18,5,SN Thakur,1,0.19992264860173084
1216528,2,18,6,SN Thakur,1,0.2109702885094151
1216528,2,19,1,DJ Bravo,1,0.6764166902371419
1216528,2,19,2,DJ Bravo,1,0.6363229952109521
1216528,2,19,3,DJ Bravo,1,0.623579868368499
1216528,2,19,4,DJ Bravo,1,0.6043778878000466
1216528,2,19,5,DJ Bravo,1,0.5923762072706384
1216540,1,15,1,KL Nagarkoti,0,0.2627009579035925
1216540,1,15,2,KL Nagarkoti,0,0.3584153161479107
1216540,1,15,3,KL Nagarkoti,0,0.43148128450034784
1216540,1,15,4,KL Nagarkoti,0,0.592792473678703
1216540,1,15,5,KL Nagarkoti,0,0.6959301789406235
1216540,1,16,1,PJ Cummins,0,0.20407577123547405
1216540,1,16,2,PJ Cummins,0,0.32257774147115514
1216540,1,16,3,PJ Cummins,0,0.445148183798427
1216540,1,16,4,PJ Cummins,0,0.40345611730831343
1216540,1,16,5,PJ Cummins,0,0.4608698324920442
1216540,1,16,6,PJ Cummins,1,0.5971557528086807
1216540,1,17,1,AD Russell,0,0.31426712708231647
1216540,1,17,2,AD Russell,0,0.3739167577241659
1216540,1,17,3,AD Russell,0,0.36534875624081814
1216540,1,17,4,AD Russell,0,0.3413224460839749
1216540,1,17,5,AD Russell,0,0.3291828537545475
1216540,1,17,6,AD Russell,0,0.3124314767764676
1216540,1,17,7,AD Russell,0,0.3529936879717676
1216540,1,18,1,M Prasidh Krishna,0,0.3961601726905683
1216540,1,18,2,M Prasidh Krishna,0,0.37445789839652666
1216540,1,18,3,M Prasidh Krishna,1,0.3648497527533407
1216540,1,18,4,M Prasidh Krishna,1,0.42909350713313016
1216540,1,18,5,M Prasidh Krishna,0,0.5243668828529245
1216540,1,19,1,AD Russell,0,0.2856774887213632
1216540,1,19,2,AD Russell,0,0.28161977012588196
1216540,1,19,3,AD Russell,1,0.37253559288041416
1216540,1,19,4,AD Russell,1,0.2745044457110891
1216540,1,19,5,AD Russell,1,0.3178630455170707
1216540,1,19,6,AD Russell,1,0.38545480741988686
1216540,2,15,1,YS Chahal,0,0.1413308704471124
1216540,2,15,2,YS Chahal,1,0.45435659114341725
1216540,2,15,3,YS Chahal,0,0.4969017249503611
1216540,2,15,4,YS Chahal,1,0.6382733628656369
1216540,2,15,5,YS Chahal,1,0.6686813377866947
1216540,2,16,1,Mohammed Siraj,1,0.5693826805550126
1216540,2,16,2,Mohammed Siraj,0,0.5776124103766106
1216540,2,16,3,Mohammed Siraj,1,0.5807625087364747
1216540,2,16,4,Mohammed Siraj,1,0.5884138749081747
1216540,2,16,5,Mohammed Siraj,1,0.5787999182420689
1216540,2,17,1,Navdeep Saini,0,0.2396319816098781
1216540,2,17,2,Navdeep Saini,0,0.2220940657646068
1216540,2,17,3,Navdeep Saini,0,0.23284374378874062
1216540,2,17,4,Navdeep Saini,0,0.27038544712429396
1216540,2,17,5,Navdeep Saini,0,0.2802188305665843
1216540,2,17,6,Navdeep Saini,1,0.4584934781934541
1216540,2,18,1,CH Morris,0,0.3741221963170934
1216540,2,18,2,CH Morris,0,0.3535448772176281
1216540,2,18,3,CH Morris,1,0.4040724024063921
1216540,2,18,4,CH Morris,1,0.4336937322615831
1216540,2,18,5,CH Morris,1,0.4204340420603242
1216540,2,19,1,I Udana,1,0.7908354606976159
1216540,2,19,2,I Udana,1,0.7738255217605994
1216540,2,19,3,I Udana,1,0.7402448900202548
1216540,2,19,4,I Udana,1,0.6815709580544574
1216540,2,19,5,I Udana,1,0.6674840742169095
1216543,1,15,1,Kartik Tyagi,1,0.564428593790048
1216543,1,15,2,Kartik Tyagi,1,0.5425119603883239
1216543,1,15,3,Kartik Tyagi,1,0.49277427643142196
1216543,1,15,4,Kartik Tyagi,1,0.455673590158673
1216543,1,15,5,Kartik Tyagi,1,0.4817267229383773
1216543,1,15,6,Kartik Tyagi,1,0.5149330184077343
1216543,1,16,1,JC Archer,0,0.0036460049481090075
1216543,1,16,2,JC Archer,0,0.01502773848677118
1216543,1,16,3,JC Archer,0,0.039730410055906384
1216543,1,16,4,JC Archer,0,0.053979436435530596
1216543,1,16,5,JC Archer,1,0.15510902736703658
1216543,1,16,6,JC Archer,1,0.1413490410016501
1216543,1,17,1,Kartik Tyagi,1,0.33250444557782743
1216543,1,17,2,Kartik Tyagi,1,0.375519644549599
1216543,1,17,3,Kartik Tyagi,0,0.4360741344462019
1216543,1,17,4,Kartik Tyagi,1,0.5505603549195206
1216543,1,17,5,Kartik Tyagi,1,0.6817643892777515
1216543,1,18,1,JC Archer,1,0.21447458480268686
1216543,1,18,2,JC Archer,1,0.25534209571621835
1216543,1,18,3,JC Archer,1,0.2962666113794686
1216543,1,18,4,JC Archer,1,0.3306900669203833
1216543,1,18,5,JC Archer,1,0.2992209634946472
1216543,1,19,1,JD Unadkat,1,0.3160396421823435
1216543,1,19,2,JD Unadkat,0,0.3089551323311068
1216543,1,19,3,JD Unadkat,0,0.2631405647829031
1216543,1,19,4,JD Unadkat,0,0.34091364000143287
1216543,1,19,5,JD Unadkat,1,0.39621160989746496
1216543,2,15,1,R Ashwin,1,0.24565190311487597
1216543,2,15,2,R Ashwin,1,0.3374717779606906
1216543,2,15,3,R Ashwin,1,0.41011716993233543
1216543,2,15,4,R Ashwin,1,0.44507303759411115
1216543,2,15,5,R Ashwin,0,0.4599332892703558
1216543,2,16,1,K Rabada,1,0.33814999039868554
1216543,2,16,2,K Rabada,1,0.34009149768319147
1216543,2,16,3,K Rabada,1,0.3186732908266218
1216543,2,16,4,K Rabada,1,0.33885853199088833
1216543,2,16,5,K Rabada,1,0.4780217087304994
1216543,2,16,6,K Rabada,1,0.4207117207859825
1216543,2,17,1,A Nortje,1,0.6159250323508936
1216543,2,17,2,A Nortje,1,0.5832068889565173
1216543,2,17,3,A Nortje,1,0.5988666736546011
1216543,2,17,4,A Nortje,1,0.6819858657961931
1216543,2,17,5,A Nortje,1,0.792169525446858
1216543,2,18,1,K Rabada,1,0.4142315934405179
1216543,2,18,2,K Rabada,1,0.3818483288611252
1216543,2,18,3,K Rabada,1,0.43490026677337273
1216543,2,18,4,K Rabada,1,0.6442640899832942
1216543,2,18,5,K Rabada,1,0.7649191362210537
1216543,2,19,1,TU Deshpande,1,0.41998619364421647
1216543,2,19,2,TU Deshpande,0,0.4008612937982927
1216543,2,19,3,TU Deshpande,0,0.3875592773565691
1216543,2,19,4,TU Deshpande,0,0.46838857292855907
1216543,2,19,5,TU Deshpande,0,0.5640006988432221
1216543,2,19,6,TU Deshpande,1,0.6952606833557328
1216544,1,15,1,Monu Kumar,0,0.3061117820730232
1216544,1,15,2,Monu Kumar,0,0.3768694075247459
1216544,1,15,3,Monu Kumar,0,0.40558629889752734
1216544,1,15,4,Monu Kumar,0,0.3873646443651896
1216544,1,15,5,Monu Kumar,0,0.4710920860192539
1216544,1,15,6,Monu Kumar,0,0.4439525487591907
1216544,1,15,7,Monu Kumar,0,0.42832172203646934
1216544,1,16,1,RA Jadeja,0,0.10750312653358193
1216544,1,16,2,RA Jadeja,0,0.10505898889815313
1216544,1,16,3,RA Jadeja,1,0.187318200814086
1216544,1,16,4,RA Jadeja,1,0.2039931258296744
1216544,1,16,5,RA Jadeja,1,0.1938565633459935
1216544,1,17,1,DL Chahar,1,0.3672060542400269
1216544,1,17,2,DL Chahar,1,0.3009117791315791
1216544,1,17,3,DL Chahar,1,0.33583643659395185
1216544,1,17,4,DL Chahar,1,0.36477479255377526
1216544,1,17,5,DL Chahar,1,0.3830882185405099
1216544,1,17,6,DL Chahar,1,0.37964921901203397
1216544,1,18,1,SM Curran,0,0.2809031684597498
1216544,1,18,2,SM Curran,1,0.2646362763194223
1216544,1,18,3,SM Curran,1,0.27635412705315054
1216544,1,18,4,SM Curran,1,0.2987961023950669
1216544,1,18,5,SM Curran,1,0.28138776969361873
1216544,1,18,6,SM Curran,1,0.2846758631042214
1216544,1,18,7,SM Curran,1,0.27931081587260276
1216544,1,19,1,DL Chahar,0,0.39125271985579696
1216544,1,19,2,DL Chahar,0,0.41599465135034625
1216544,1,19,3,DL Chahar,0,0.5307411096283154
1216544,1,19,4,DL Chahar,1,0.5841458209372623
1216544,1,19,5,DL Chahar,1,0.7087735325830423
1216544,2,15,1,Navdeep Saini,1,0.5602380973335308
1216544,2,15,2,Navdeep Saini,1,0.4874788540916447
1216544,2,15,3,Navdeep Saini,1,0.44688917393222655
1216544,2,15,4,Navdeep Saini,1,0.3423270929144822
1216544,2,15,5,Navdeep Saini,1,0.36227368856842224
1216544,2,15,6,Navdeep Saini,1,0.2715628239679781
1216544,2,16,1,YS Chahal,1,0.24851029148151105
1216544,2,16,2,YS Chahal,1,0.3031316991714204
1216544,2,16,3,YS Chahal,1,0.3380391900286679
1216544,2,16,4,YS Chahal,1,0.3416640774325036
1216544,2,16,5,YS Chahal,0,0.31118534091783706
1216544,2,17,1,Navdeep Saini,1,0.37788365192254303
1216544,2,17,2,Navdeep Saini,1,0.33353620109190935
1216544,2,17,3,Navdeep Saini,1,0.3084360988550344
1216544,2,17,4,Navdeep Saini,1,0.3111279195500081
1216544,2,17,5,Navdeep Saini,1,0.33753752379968505
1216544,2,18,1,CH Morris,0,0.37387750637190553
1216544,2,18,2,CH Morris,0,0.409844871560875
1216544,2,18,3,CH Morris,0,0.3804685795940124
1254059,1,15,1,Avesh Khan,0,0.15118495297277318
1254059,1,15,2,Avesh Khan,0,0.09445570054425523
1254059,1,15,3,Avesh Khan,0,0.08445060100763221
1254059,1,15,4,Avesh Khan,1,0.15029371584596793
1254059,1,15,5,Avesh Khan,1,0.23533254498482856
1254059,1,15,6,Avesh Khan,1,0.2000591530687075
1254059,1,16,1,TK Curran,0,0.08507537220454198
1254059,1,16,2,TK Curran,0,0.11523356825294338
1254059,1,16,3,TK Curran,0,0.10237393093465749
1254059,1,16,4,TK Curran,0,0.13113026574850287
1254059,1,16,5,TK Curran,0,0.11053635352131141
1254059,1,16,6,TK Curran,0,0.2078596415963258
1254059,1,17,1,Avesh Khan,1,0.17038683822462092
1254059,1,17,2,Avesh Khan,0,0.296860546927085
1254059,1,17,3,Avesh Khan,0,0.3237616027655018
1254059,1,17,4,Avesh Khan,0,0.385375603147875
1254059,1,17,5,Avesh Khan,0,0.3505205735860862
1254059,1,18,1,TK Curran,0,0.18387116749686974
1254059,1,18,2,TK Curran,0,0.18912824875345652
1254059,1,18,3,TK Curran,0,0.17665761211084421
1254059,1,18,4,TK Curran,0,0.22792804054536353
1254059,1,18,5,TK Curran,0,0.3570601257042431
1254059,1,18,6,TK Curran,1,0.4962490563930517
1254059,1,19,1,CR Woakes,0,0.09920014552645763
1254059,1,19,2,CR Woakes,0,0.12438405875114833
1254059,1,19,3,CR Woakes,1,0.09254562590620374
1254059,1,19,4,CR Woakes,1,0.11274040046422043
1254059,1,19,5,CR Woakes,1,0.15611629650890566
1254059,2,15,1,DJ Bravo,0,0.26547463512978586
1254059,2,15,2,DJ Bravo,0,0.2745092051227368
1254059,2,15,3,DJ Bravo,0,0.48294431568620033
1254059,2,15,4,DJ Bravo,0,0.5157976758510343
1254059,2,15,5,DJ Bravo,0,0.5202742641162986
1254059,2,15,6,DJ Bravo,0,0.516245225441392
1254059,2,15,7,DJ Bravo,0,0.5247264906780074
1254059,2,16,1,SN Thakur,1,0.826148549777514
1254059,2,16,2,SN Thakur,1,0.8031342100898002
1254059,2,16,3,SN Thakur,1,0.8031342100898002
1254059,2,16,4,SN Thakur,1,0.8092478471147038
1254059,2,16,5,SN Thakur,1,0.8041534491257142
1254059,2,16,6,SN Thakur,1,0.8112042764173409
1254059,2,16,7,SN Thakur,1,0.8182570320987572
1254059,2,16,8,SN Thakur,1,0.7895407387354749
1254059,2,17,1,DJ Bravo,0,0.4178625493549653
1254059,2,17,2,DJ Bravo,0,0.44833069764690253
1254059,2,17,3,DJ Bravo,0,0.4740184580506944
1254059,2,17,4,DJ Bravo,0,0.5607654567584982
1254059,2,17,5,DJ Bravo,1,0.724795896404182
1254059,2,18,1,SN Thakur,1,0.7929387135332538
1254059,2,18,2,SN Thakur,1,0.7535588036354238
1254059,2,18,3,SN Thakur,0,0.6307248980176262
1254060,1,15,1,T Natarajan,1,0.5746873025622213
1254060,1,15,2,T Natarajan,1,0.5066438837623728
1254060,1,15,3,T Natarajan,0,0.5282720149299377
1254060,1,15,4,T Natarajan,1,0.5986548090993595
1254060,1,15,5,T Natarajan,1,0.5278443603640443
1254060,1,15,6,T Natarajan,1,0.5285306650341001
1254060,1,16,1,Rashid Khan,1,0.3585571547399846
1254060,1,16,2,Rashid Khan,1,0.364587397970843
1254060,1,16,3,Rashid Khan,1,0.4280662008897022
1254060,1,16,4,Rashid Khan,1,0.5112125949532982
1254060,1,16,5,Rashid Khan,1,0.5808216597062683
1254060,1,16,6,Rashid Khan,1,0.7431757670631363
1254060,1,17,1,Mohammad Nabi,1,0.4950615801861302
1254060,1,17,2,Mohammad Nabi,1,0.5249002410454074
1254060,1,17,3,Mohammad Nabi,1,0.5220860923844661
1254060,1,17,4,Mohammad Nabi,1,0.5885405652759227
1254060,1,17,5,Mohammad Nabi,1,0.7289314439251858
1254060,1,18,1,T Natarajan,1,0.488557245061155
1254060,1,18,2,T Natarajan,1,0.488557245061155
1254060,1,18,3,T Natarajan,0,0.4587051009100282
1254060,1,18,4,T Natarajan,0,0.507362371375542
1254060,1,18,5,T Natarajan,0,0.5973496621599806
1254060,1,18,6,T Natarajan,1,0.7212274511293929
1254060,1,19,1,B Kumar,0,0.6400509796482
1254060,1,19,2,B Kumar,1,0.6747350194694309
1254060,1,19,3,B Kumar,1,0.6298496185945585
1254060,1,19,4,B Kumar,1,0.7411075024752893
1254060,1,19,5,B Kumar,1,0.6891907856492189
1254060,1,19,6,B Kumar,1,0.7250444068737844
1254060,2,15,1,M Prasidh Krishna,0,0.4587422168811703
1254060,2,15,2,M Prasidh Krishna,0,0.523453714299116
1254060,2,15,3,M Prasidh Krishna,0,0.5979851481211665
1254060,2,15,4,M Prasidh Krishna,0,0.5991010310066438
1254060,2,15,5,M Prasidh Krishna,0,0.6907838412819546
1254060,2,15,6,M Prasidh Krishna,1,0.8239247338802068
1254060,2,15,7,M Prasidh Krishna,1,0.8279620141373149
1254060,2,16,1,CV Varun,0,0.42402697676483575
1254060,2,16,2,CV Varun,0,0.47372021668500425
1254060,2,16,3,CV Varun,0,0.5578591622670359
1254060,2,16,4,CV Varun,0,0.6353956792206189
1254060,2,16,5,CV Varun,0,0.7583985390240481
1254060,2,17,1,AD Russell,1,0.8771585304920921
1254060,2,17,2,AD Russell,1,0.8597249241009324
1254060,2,17,3,AD Russell,1,0.8628972660885745
1254060,2,17,4,AD Russell,1,0.8624285129874832
1254060,2,17,5,AD Russell,1,0.8206139781717371
1254060,2,17,6,AD Russell,1,0.7897238689269568
1254060,2,17,7,AD Russell,0,0.6038159558810497
1254060,2,18,1,PJ Cummins,0,0.30616606587160256
1254060,2,18,2,PJ Cummins,0,0.45972536813202497
1254060,2,18,3,PJ Cummins,0,0.5025778087103409
1254060,2,18,4,PJ Cummins,1,0.595319274242306
1254060,2,18,5,PJ Cummins,1,0.736092531832635
1254060,2,19,1,AD Russell,0,0.5142310386795086
1254060,2,19,2,AD Russell,0,0.491456635602401
1254060,2,19,3,AD Russell,0,0.4776034047256034
1254060,2,19,4,AD Russell,0,0.4617779829046211
1254060,2,19,5,AD Russell,0,0.4617779829046211
1254070,1,15,1,R Ashwin,0,0.3891724270442773
1254070,1,15,2,R Ashwin,0,0.40568795035224503
1254070,1,15,3,R Ashwin,0,0.4840520791610061
1254070,1,15,4,R Ashwin,0,0.6428661170676727
1254070,1,15,5,R Ashwin,0,0.7752385718481762
1254070,1,16,1,K Rabada,1,0.7791510627462459
1254070,1,16,2,K Rabada,1,0.8866822258391623
1254070,1,16,3,K Rabada,1,0.8549122358247544
1254070,1,16,4,K Rabada,1,0.7869799424334056
1254070,1,16,5,K Rabada,1,0.7393181251535182
1254070,1,16,6,K Rabada,1,0.6214928224967218
1254070,1,17,1,A Mishra,1,0.3581083068339367
1254070,1,17,2,A Mishra,1,0.45297794466183894
1254070,1,17,3,A Mishra,1,0.5750536258540807
1254070,1,17,4,A Mishra,1,0.6364008986440008
1254070,1,17,5,A Mishra,1,0.808364467862852
1254070,1,18,1,K Rabada,1,0.5687095539695121
1254070,1,18,2,K Rabada,1,0.4969788365840706
1254070,1,18,3,K Rabada,1,0.438944047227875
1254070,1,18,4,K Rabada,1,0.44591687148472225
1254070,1,18,5,K Rabada,1,0.35979881280018455
1254070,1,19,1,Avesh Khan,0,0.4198842364662333
1254070,1,19,2,Avesh Khan,1,0.5783458914374524
1254070,1,19,3,Avesh Khan,1,0.49630750521778594
1254070,1,19,4,Avesh Khan,1,0.4733401627169687
1254070,1,19,5,Avesh Khan,1,0.4903839494245784
1254070,2,15,1,TA Boult,0,0.23989809625686295
1254070,2,15,2,TA Boult,0,0.2787322527190198
1254070,2,15,3,TA Boult,0,0.31735823097763277
1254070,2,15,4,TA Boult,0,0.406479199051923
1254070,2,15,5,TA Boult,0,0.4591886978479446
1254070,2,15,6,TA Boult,0,0.464656614682734
1254070,2,16,1,JJ Bumrah,0,0.6443524038489199
1254070,2,16,2,JJ Bumrah,0,0.6301846310520857
1254070,2,16,3,JJ Bumrah,1,0.6342846964637963
1254070,2,16,4,JJ Bumrah,1,0.620779384113198
1254070,2,16,5,JJ Bumrah,0,0.6256353352004165
1254070,2,16,6,JJ Bumrah,0,0.5532329080055162
1254070,2,16,7,JJ Bumrah,0,0.5656799313428895
1254070,2,17,1,TA Boult,0,0.4168269492966299
1254070,2,17,2,TA Boult,0,0.4961795996010504
1254070,2,17,3,TA Boult,1,0.640692097346646
1254070,2,17,4,TA Boult,0,0.5602478016931428
1254070,2,17,5,TA Boult,0,0.5713360659595103
1254070,2,18,1,JJ Bumrah,0,0.5189448183874426
1254070,2,18,2,JJ Bumrah,0,0.512423723876184
1254070,2,18,3,JJ Bumrah,0,0.5588567322685339
1254070,2,18,4,JJ Bumrah,1,0.5618537239588158
1254070,2,18,5,JJ Bumrah,1,0.5947406171849483
1254070,2,18,6,JJ Bumrah,0,0.6615220234374617
1254070,2,18,7,JJ Bumrah,1,0.780383993838024
1254074,1,15,1,Mohammed Shami,0,0.09469574646365579
1254074,1,15,2,Mohammed Shami,1,0.20078351578191173
1254074,1,15,3,Mohammed Shami,1,0.21601069794173589
1254074,1,15,4,Mohammed Shami,1,0.22712262592065066
1254074,1,15,5,Mohammed Shami,1,0.236033081701407
1254074,1,15,6,Mohammed Shami,1,0.11954804503598342
1254074,1,16,1,Ravi Bishnoi,1,0.20985243056912725
1254074,1,16,2,Ravi Bishnoi,1,0.3023805309059473
1254074,1,16,3,Ravi Bishnoi,1,0.27551456530746454
1254074,1,16,4,Ravi Bishnoi,1,0.3313462508487288
1254074,1,16,5,Ravi Bishnoi,1,0.38169188688236244
1254074,1,17,1,Mohammed Shami,1,0.18094986463406296
1254074,1,17,2,Mohammed Shami,1,0.1745795025382907
1254074,1,17,3,Mohammed Shami,0,0.13506778406124595
1254074,1,17,4,Mohammed Shami,0,0.12800730179109185
1254074,1,17,5,Mohammed Shami,0,0.13074300784021622
1254074,1,17,6,Mohammed Shami,0,0.13127570503918806
1254074,1,18,1,Arshdeep Singh,1,0.4955196335183027
1254074,1,18,2,Arshdeep Singh,1,0.46743202703650466
1254074,1,18,3,Arshdeep Singh,1,0.43100468753557736
1254074,1,18,4,Arshdeep Singh,1,0.5025976272235722
1254074,1,18,5,Arshdeep Singh,1,0.48739737009324047
1254074,1,18,6,Arshdeep Singh,0,0.46823867894656823
1254074,1,19,1,Mohammed Shami,0,0.11239701061452172
1254074,1,19,2,Mohammed Shami,0,0.1505435719646213
1254074,1,19,3,Mohammed Shami,1,0.19115723986970007
1254074,1,19,4,Mohammed Shami,1,0.21318681026479494
1254074,1,19,5,Mohammed Shami,0,0.2594753007447521
1254074,2,15,1,KH Pandya,0,0.6176178964809759
1254074,2,15,2,KH Pandya,0,0.49559266851907896
1254074,2,15,3,KH Pandya,0,0.47581654653102917
1254074,2,15,4,KH Pandya,0,0.5098642583178684
1254074,2,15,5,KH Pandya,0,0.5008594776819082
1254074,2,15,6,KH Pandya,0,0.5615711182387979
1254074,2,15,7,KH Pandya,0,0.577360546770102
1254074,2,15,8,KH Pandya,1,0.5840328869309158
1254074,2,16,1,JJ Bumrah,0,0.47088814600980006
1254074,2,16,2,JJ Bumrah,0,0.5655018661115165
1254074,2,16,3,JJ Bumrah,0,0.562174060532721
1254074,2,16,4,JJ Bumrah,0,0.5903908658701468
1254074,2,16,5,JJ Bumrah,1,0.5913376493151578
1254074,2,17,1,TA Boult,0,0.5656189068443945
1254074,2,17,2,TA Boult,0,0.5611342027231592
1254074,2,17,3,TA Boult,0,0.5712150834898047
1254086,1,15,1,I Sharma,0,0.2619826033509118
1254086,1,15,2,I Sharma,0,0.30412377507862925
1254086,1,15,3,I Sharma,0,0.3526804633542791
1254086,1,15,4,I Sharma,1,0.5227103438018698
1254086,1,15,5,I Sharma,1,0.5812664484550707
1254086,1,16,1,AR Patel,0,0.16156998160307517
1254086,1,16,2,AR Patel,1,0.33805800767016986
1254086,1,16,3,AR Patel,0,0.37080506392892554
1254086,1,16,4,AR Patel,0,0.40029067848900834
1254086,1,16,5,AR Patel,0,0.34608168837119363
1254086,1,17,1,Avesh Khan,0,0.13548296412090038
1254086,1,17,2,Avesh Khan,0,0.1815382821858172
1254086,1,17,3,Avesh Khan,0,0.21298018970732605
1254086,1,17,4,Avesh Khan,0,0.2898262630402705
1254086,1,17,5,Avesh Khan,0,0.23839005325767537
1254086,1,17,6,Avesh Khan,0,0.24363938985978706
1254086,1,18,1,K Rabada,1,0.3756995796594556
1254086,1,18,2,K Rabada,1,0.32572653633778476
1254086,1,18,3,K Rabada,1,0.3858099211381541
1254086,1,18,4,K Rabada,1,0.4946929530952146
1254086,1,18,5,K Rabada,1,0.5744284305071455
1254086,1,19,1,Avesh Khan,0,0.2909235845376746
1254086,1,19,2,Avesh Khan,0,0.2923871859937515
1254086,1,19,3,Avesh Khan,0,0.2986402461877697
1254086,1,19,4,Avesh Khan,0,0.2986402461877697
1254086,1,19,5,Avesh Khan,0,0.35632336979187634
1254086,1,19,6,Avesh Khan,0,0.4800616991720446
1254086,1,19,7,Avesh Khan,0,0.6090386692280564
1254086,2,15,1,DJ Hooda,1,0.0492529254964675
1254086,2,15,2,DJ Hooda,1,0.0492529254964675
1254086,2,15,3,DJ Hooda,1,0.04904403906374724
1254086,2,15,4,DJ Hooda,0,0.0381766232511534
1254086,2,15,5,DJ Hooda,1,0.05724530116629532
1254086,2,16,1,CJ Jordan,1,0.7805977551028801
1254086,2,16,2,CJ Jordan,1,0.7197952630678127
1254086,2,16,3,CJ Jordan,1,0.6725256509423315
1254086,2,16,4,CJ Jordan,1,0.5132650427168973
1254086,2,16,5,CJ Jordan,1,0.44776002140441906
1254086,2,17,1,RP Meredith,0,0.16152887662964638
1254086,2,17,2,RP Meredith,0,0.304338725752266
1254086,2,17,3,RP Meredith,0,0.3634769303386027
1254090,1,15,1,MC Henriques,0,0.060636558259598794
1254090,1,15,2,MC Henriques,0,0.08803637609721682
1254090,1,15,3,MC Henriques,0,0.23488486514587878
1254090,1,15,4,MC Henriques,1,0.34610977896467965
1254090,1,15,5,MC Henriques,1,0.4325710105975721
1254090,1,16,1,Mohammed Shami,0,0.18984543164252152
1254090,1,16,2,Mohammed Shami,0,0.17547241491757437
1254090,1,16,3,Mohammed Shami,0,0.15100233644133548
1254090,1,16,4,Mohammed Shami,0,0.15981857019784773
1254090,1,16,5,Mohammed Shami,0,0.29082287806958607
1254090,1,16,6,Mohammed Shami,1,0.35516931346306313
1254090,1,17,1,Ravi Bishnoi,1,0.35653468747162276
1254090,1,17,2,Ravi Bishnoi,0,0.3608695204007047
1254090,1,17,3,Ravi Bishnoi,1,0.36078168302728625
1254090,1,17,4,Ravi Bishnoi,1,0.41998668744248585
1254090,1,17,5,Ravi Bishnoi,1,0.5193293788460486
1254090,1,18,1,Arshdeep Singh,1,0.6911472278385635
1254090,1,18,2,Arshdeep Singh,0,0.7364794883581788
1254090,1,18,3,Arshdeep Singh,0,0.734727029951581
1254090,1,18,4,Arshdeep Singh,1,0.7468063190637343
1254090,1,18,5,Arshdeep Singh,1,0.7591122250562473
1254090,1,18,6,Arshdeep Singh,0,0.7001435588508743
1254090,1,18,7,Arshdeep Singh,0,0.6894435207454929
1254090,1,19,1,Mohammed Shami,1,0.2701927187579867
1254090,1,19,2,Mohammed Shami,0,0.3083293214269203
1254090,1,19,3,Mohammed Shami,1,0.3436936709248746
1254090,1,19,4,Mohammed Shami,1,0.4446447847694121
1254090,1,19,5,Mohammed Shami,1,0.6395760469208284
1254090,2,15,1,YS Chahal,0,0.5020080725605373
1254090,2,15,2,YS Chahal,0,0.6113058485809542
1254090,2,15,3,YS Chahal,1,0.6356364295009261
1254090,2,15,4,YS Chahal,1,0.6897981841364725
1254090,2,15,5,YS Chahal,1,0.7890129423259541
1254090,2,16,1,GHS Garton,1,0.3744615402787689
1254090,2,16,2,GHS Garton,1,0.41682490415674567
1254090,2,16,3,GHS Garton,1,0.4602777412946333
1254090,2,16,4,GHS Garton,1,0.5427959051207389
1254090,2,16,5,GHS Garton,1,0.7578385173973189
1254090,2,17,1,HV Patel,0,0.0759327941432973
1254090,2,17,2,HV Patel,0,0.10970702632064411
1254090,2,17,3,HV Patel,0,0.11136849934708783
1254090,2,17,4,HV Patel,0,0.13116757153293895
1254090,2,17,5,HV Patel,0,0.19421777782134172
1254090,2,17,6,HV Patel,0,0.2072852725069123
1254090,2,18,1,Mohammed Siraj,0,0.3736354884861868
1254090,2,18,2,Mohammed Siraj,0,0.3133662247211875
1254090,2,18,3,Mohammed Siraj,1,0.33673990663943454
1254090,2,18,4,Mohammed Siraj,0,0.41306872149679397
1254090,2,18,5,Mohammed Siraj,1,0.392578947052
1254090,2,18,6,Mohammed Siraj,1,0.510989045710113
1254090,2,19,1,HV Patel,0,0.28052533152267617
1254090,2,19,2,HV Patel,0,0.24843451830135166
1254090,2,19,3,HV Patel,0,0.2607864424974204
1254090,2,19,4,HV Patel,0,0.21524117343895557
1254090,2,19,5,HV Patel,1,0.5876834747094061
1254095,1,15,1,YS Chahal,0,0.36273319540419874
1254095,1,15,2,YS Chahal,0,0.43016621043076764
1254095,1,15,3,YS Chahal,0,0.47630542253548624
1254095,1,15,4,YS Chahal,0,0.5496140521052125
1254095,1,15,5,YS Chahal,1,0.6600798545958092
1254095,1,16,1,DT Christian,0,0.21070266340897906
1254095,1,16,2,DT Christian,1,0.21881779247743186
1254095,1,16,3,DT Christian,1,0.21326831086448433
1254095,1,16,4,DT Christian,1,0.23667779956989216
1254095,1,16,5,DT Christian,1,0.24130139131990455
1254095,1,17,1,HV Patel,1,0.42555132759478287
1254095,1,17,2,HV Patel,1,0.3815017630087626
1254095,1,17,3,HV Patel,1,0.3986073977228097
1254095,1,17,4,HV Patel,1,0.3976100057530599
1254095,1,17,5,HV Patel,1,0.4134438127215288
1254095,1,17,6,HV Patel,1,0.41044808378397923
1254095,1,18,1,Mohammed Siraj,0,0.1107627151523034
1254095,1,18,2,Mohammed Siraj,1,0.20557135005356536
1254095,1,18,3,Mohammed Siraj,1,0.2904563882693906
1254095,1,18,4,Mohammed Siraj,1,0.2768008911489315
1254095,1,18,5,Mohammed Siraj,1,0.28750396842523507
1254095,1,19,1,HV Patel,1,0.35817284270985855
1254095,1,19,2,HV Patel,1,0.3557657580460013
1254095,1,19,3,HV Patel,1,0.3625671773080016
1254095,1,19,4,HV Patel,1,0.42501895444983057
1254095,1,19,5,HV Patel,1,0.42431898896827336
1254095,1,19,6,HV Patel,1,0.5152192983999796
1254095,2,15,1,S Kaul,0,0.28072748673432135
1254095,2,15,2,S Kaul,0,0.34221978257060703
1254095,2,15,3,S Kaul,0,0.34196877083537575
1254095,2,15,4,S Kaul,0,0.35718197537245716
1254095,2,15,5,S Kaul,1,0.6493154287275757
1254095,2,16,1,Rashid Khan,1,0.5171184503700393
1254095,2,16,2,Rashid Khan,0,0.4915046666676698
1254095,2,16,3,Rashid Khan,0,0.48983825760915795
1254095,2,16,4,Rashid Khan,0,0.5219658806226932
1254095,2,16,5,Rashid Khan,0,0.6845099066278597
1254095,2,17,1,Umran Malik,0,0.36598282650211017
1254095,2,17,2,Umran Malik,0,0.332894332746819
1254095,2,17,3,Umran Malik,0,0.4026963475726896
1254095,2,17,4,Umran Malik,0,0.38205270629645016
1254095,2,17,5,Umran Malik,0,0.2627448818362218
1254095,2,18,1,JO Holder,1,0.34248147324124395
1254095,2,18,2,JO Holder,1,0.32769233219862987
1254095,2,18,3,JO Holder,1,0.35421843797779595
1254095,2,18,4,JO Holder,1,0.48677186093768005
1254095,2,18,5,JO Holder,1,0.6020224887741157
1254095,2,19,1,B Kumar,0,0.3035743718092888
1254095,2,19,2,B Kumar,0,0.28675331135203513
1254095,2,19,3,B Kumar,0,0.2773054831164857
1254095,2,19,4,B Kumar,1,0.42178241065769045
1254095,2,19,5,B Kumar,1,0.520532391842441
1254109,1,15,1,SP Narine,1,0.1053466181185566
1254109,1,15,2,SP Narine,1,0.16103238909608333
1254109,1,15,3,SP Narine,1,0.24153652193853065
1254109,1,15,4,SP Narine,1,0.3133998425463164
1254109,1,15,5,SP Narine,0,0.3279479852128751
1254109,1,16,1,CV Varun,0,0.1913218283207614
1254109,1,16,2,CV Varun,0,0.2853115030629038
1254109,1,16,3,CV Varun,0,0.40018050762422686
1254109,1,16,4,CV Varun,0,0.43668090288372047
1254109,1,16,5,CV Varun,0,0.4753968420668243
1254109,1,17,1,TG Southee,0,0.25449223991117104
1254109,1,17,2,TG Southee,0,0.2394467372652419
1254109,1,17,3,TG Southee,0,0.2349673103062898
1254109,1,17,4,TG Southee,0,0.2671883462285746
1254109,1,17,5,TG Southee,0,0.3020410992114755
1254109,1,17,6,TG Southee,0,0.30529692906496186
1254109,1,18,1,Shivam Mavi,1,0.46397177575231185
1254109,1,18,2,Shivam Mavi,1,0.48597456440950354
1254109,1,18,3,Shivam Mavi,1,0.5166695028266846
1254109,1,18,4,Shivam Mavi,1,0.6041015994794902
1254109,1,18,5,Shivam Mavi,1,0.7427855239872835
1254109,1,19,1,TG Southee,0,0.3273266600594271
1254109,1,19,2,TG Southee,0,0.39327028926920643
1254109,1,19,3,TG Southee,0,0.41182053985568245
1254109,1,19,4,TG Southee,0,0.4742829359599116
1254109,1,19,5,TG Southee,0,0.4763169294692304
1254109,2,15,1,Rashid Khan,0,0.3863087274173397
1254109,2,15,2,Rashid Khan,0,0.44238643941875877
1254109,2,15,3,Rashid Khan,0,0.46700802384378187
1254109,2,15,4,Rashid Khan,0,0.5286844100761623
1254109,2,15,5,Rashid Khan,0,0.5584237667511307
1254109,2,16,1,S Kaul,0,0.02234447697592273
1254109,2,16,2,S Kaul,0,0.014940137538363086
1254109,2,16,3,S Kaul,0,0.0188778613394993
1254109,2,16,4,S Kaul,0,0.02623361072753549
1254109,2,16,5,S Kaul,0,0.24403908288580414
1254109,2,16,6,S Kaul,0,0.21800369503242664
1254109,2,17,1,JO Holder,1,0.4847773042661032
1254109,2,17,2,JO Holder,0,0.46803781324060534
1254109,2,17,3,JO Holder,0,0.5295442767819296
1254109,2,17,4,JO Holder,1,0.6330286141408172
1254109,2,17,5,JO Holder,1,0.7583726647937906
1254109,2,18,1,B Kumar,0,0.17316352701481955
1254109,2,18,2,B Kumar,0,0.17752413498939812
1254109,2,18,3,B Kumar,0,0.27359425608328103
1254109,2,18,4,B Kumar,0,0.30182240118232434
1254109,2,18,5,B Kumar,0,0.38559349602813886
1254109,2,19,1,S Kaul,0,0.1956023318845358
1254109,2,19,2,S Kaul,0,0.23127358660095249
1254109,2,19,3,S Kaul,0,0.32421075614482997
1254111,1,15,1,DJ Hooda,0,0.8960388184260809
1254111,1,15,2,DJ Hooda,1,0.9107820836764094
1254111,1,15,3,DJ Hooda,1,0.9782118909384667
1254111,1,15,4,DJ Hooda,1,0.8636409629443903
1254111,1,15,5,DJ Hooda,0,0.8636409629443903
1254111,1,16,1,Mohammed Shami,1,0.24248767513856068
1254111,1,16,2,Mohammed Shami,1,0.311276855952139
1254111,1,16,3,Mohammed Shami,1,0.4056633305767487
1254111,1,16,4,Mohammed Shami,1,0.3561813993348845
1254111,1,16,5,Mohammed Shami,1,0.43936161857887834
1254111,1,16,6,Mohammed Shami,1,0.38722450220711696
1254111,1,17,1,Arshdeep Singh,1,0.5682366159954579
1254111,1,17,2,Arshdeep Singh,1,0.6116072348743049
1254111,1,17,3,Arshdeep Singh,1,0.609686215459562
1254111,1,17,4,Arshdeep Singh,1,0.6129393148839576
1254111,1,17,5,Arshdeep Singh,1,0.5945859346825901
1254111,1,17,6,Arshdeep Singh,1,0.5172326348825086
1254111,1,17,7,Arshdeep Singh,0,0.5919327856013147
1254111,1,17,8,Arshdeep Singh,0,0.6028633402084603
1254111,1,18,1,Mohammed Shami,1,0.30964731445862703
1254111,1,18,2,Mohammed Shami,1,0.33832024765594615
1254111,1,18,3,Mohammed Shami,1,0.38432596553815523
1254111,1,18,4,Mohammed Shami,1,0.44216305059159655
1254111,1,18,5,Mohammed Shami,1,0.49763762034748354
1254111,1,19,1,Arshdeep Singh,0,0.5875128121923526
1254111,1,19,2,Arshdeep Singh,0,0.613350097469429
1254111,1,19,3,Arshdeep Singh,0,0.6748355930253138
1254111,1,19,4,Arshdeep Singh,1,0.7914486375894902
1254111,1,19,5,Arshdeep Singh,1,0.8719318435987553
1254111,2,15,1,CH Morris,1,0.6405018676116774
1254111,2,15,2,CH Morris,1,0.6052045917292617
1254111,2,15,3,CH Morris,1,0.5494522357873513
1254111,2,15,4,CH Morris,1,0.4876115536540744
1254111,2,15,5,CH Morris,1,0.4876115536540744
1254111,2,15,6,CH Morris,1,0.46974242138684635
1254111,2,15,7,CH Morris,1,0.4412220618433063
1254111,2,16,1,Mustafizur Rahman,0,0.18933995886289737
1254111,2,16,2,Mustafizur Rahman,0,0.18578236130954368
1254111,2,16,3,Mustafizur Rahman,1,0.20905266850554882
1254111,2,16,4,Mustafizur Rahman,1,0.22334778322974888
1254111,2,16,5,Mustafizur Rahman,1,0.24322740673293805
1254111,2,16,6,Mustafizur Rahman,1,0.22141091234828322
1254111,2,17,1,CH Morris,1,0.230616085647481
1254111,2,17,2,CH Morris,1,0.19288686985580916
1254111,2,17,3,CH Morris,1,0.18164143940967237
1254111,2,17,4,CH Morris,1,0.23405506688208527
1254111,2,17,5,CH Morris,1,0.36612060166300014
1254111,2,18,1,Mustafizur Rahman,1,0.20944004321169588
1254111,2,18,2,Mustafizur Rahman,1,0.20134443177457698
1254111,2,18,3,Mustafizur Rahman,1,0.23441333584624205
1254111,2,18,4,Mustafizur Rahman,1,0.32015475131925136
1254111,2,18,5,Mustafizur Rahman,1,0.4671118519380219
1254111,2,19,1,Kartik Tyagi,1,0.3025573459096255
1254111,2,19,2,Kartik Tyagi,1,0.27919600866983935
1254111,2,19,3,Kartik Tyagi,1,0.3828292085044476
1254111,2,19,4,Kartik Tyagi,1,0.4799568040727678
1254111,2,19,5,Kartik Tyagi,1,0.6041184590371862
1254115,1,15,1,CV Varun,1,0.21158663102515116
1254115,1,15,2,CV Varun,1,0.2984737926252846
1254115,1,15,3,CV Varun,0,0.34535762453663676
1254115,1,15,4,CV Varun,0,0.39575613721052555
1254115,1,15,5,CV Varun,0,0.459179709268012
1254115,1,16,1,SP Narine,1,0.26208378322803233
1254115,1,16,2,SP Narine,1,0.33816154875263943
1254115,1,16,3,SP Narine,1,0.2651026032260712
1254115,1,16,4,SP Narine,1,0.31629659858107584
1254115,1,16,5,SP Narine,0,0.34045166487257844
1254115,1,17,1,Shivam Mavi,1,0.2870590710797653
1254115,1,17,2,Shivam Mavi,0,0.22375628972161554
1254115,1,17,3,Shivam Mavi,0,0.19186890423400002
1254115,1,17,4,Shivam Mavi,0,0.2568177263547066
1254115,1,17,5,Shivam Mavi,0,0.2696884190230527
1254115,1,17,6,Shivam Mavi,0,0.2683192130701767
1254115,1,18,1,LH Ferguson,0,0.2955272932477655
1254115,1,18,2,LH Ferguson,1,0.30264361178232463
1254115,1,18,3,LH Ferguson,1,0.33543434210556405
1254115,1,18,4,LH Ferguson,1,0.4161994598109942
1254115,1,18,5,LH Ferguson,1,0.5043273122678311
1254115,1,19,1,Shivam Mavi,0,0.21767864255186592
1254115,1,19,2,Shivam Mavi,0,0.2508746979333106
1254115,1,19,3,Shivam Mavi,1,0.24767836151896458
1254115,1,19,4,Shivam Mavi,1,0.27519530462270686
1254115,1,19,5,Shivam Mavi,1,0.33376919328746335
1254115,1,19,6,Shivam Mavi,1,0.3297780063268188
1254115,1,19,7,Shivam Mavi,1,0.3643074817400832
1254115,2,15,1,GJ Maxwell,1,0.5847512854184935
1254115,2,15,2,GJ Maxwell,1,0.597081977464196
1254115,2,15,3,GJ Maxwell,1,0.5543470898613948
1254115,2,15,4,GJ Maxwell,1,0.5761876732997998
1254115,2,15,5,GJ Maxwell,1,0.5659453318110437
1254115,2,16,1,HV Patel,1,0.3792742594852555
1254115,2,16,2,HV Patel,1,0.4035551017165164
1254115,2,16,3,HV Patel,1,0.4519178426929682
1254115,2,16,4,HV Patel,1,0.4519788211972646
1254115,2,16,5,HV Patel,0,0.5411835920105881
1254115,2,17,1,Mohammed Siraj,1,0.34916699435185933
1254115,2,17,2,Mohammed Siraj,1,0.38725914634942105
1254115,2,17,3,Mohammed Siraj,1,0.3942777331673185
1254115,2,17,4,Mohammed Siraj,1,0.37939007796290597
1254115,2,17,5,Mohammed Siraj,1,0.3420988722973009
1254115,2,18,1,GHS Garton,1,0.6291290841313341
1254115,2,18,2,GHS Garton,1,0.520425982235626
1254115,2,18,3,GHS Garton,1,0.5229691428207109
1254115,2,18,4,GHS Garton,1,0.543309611985361
1254115,2,18,5,GHS Garton,1,0.4922046056213417
1254115,2,19,1,DT Christian,1,0.7693863743940355
1254115,2,19,2,DT Christian,1,0.7619124014213257
1254115,2,19,3,DT Christian,1,0.6949835676566799
1304047,1,15,1,UT Yadav,0,0.13580465873703812
1304047,1,15,2,UT Yadav,0,0.20113765497720046
1304047,1,15,3,UT Yadav,0,0.3390296576403983
1304047,1,15,4,UT Yadav,0,0.4164381963784466
1304047,1,15,5,UT Yadav,0,0.4201501107755345
1304047,1,16,1,SP Narine,1,0.10266984362938035
1304047,1,16,2,SP Narine,1,0.1593925185325516
1304047,1,16,3,SP Narine,1,0.23479388293504244
1304047,1,16,4,SP Narine,1,0.2699325821293854
1304047,1,16,5,SP Narine,1,0.2857633610459286
1304047,1,17,1,AD Russell,0,0.07078352382393305
1304047,1,17,2,AD Russell,0,0.07201085988826234
1304047,1,17,3,AD Russell,0,0.09694389103831948
1304047,1,17,4,AD Russell,0,0.1448100733185424
1304047,1,17,5,AD Russell,0,0.15339107684010572
1304047,1,17,6,AD Russell,0,0.13842269724860531
1304047,1,18,1,Shivam Mavi,0,0.13963214844490865
1304047,1,18,2,Shivam Mavi,0,0.1792090056360838
1304047,1,18,3,Shivam Mavi,0,0.2159812128433551
1304047,1,18,4,Shivam Mavi,0,0.24525611168484798
1304047,1,18,5,Shivam Mavi,0,0.33657625854674766
1304047,1,18,6,Shivam Mavi,0,0.5231594135439951
1304047,1,18,7,Shivam Mavi,1,0.5164409226102098
1304047,1,19,1,AD Russell,0,0.14180298209614187
1304047,1,19,2,AD Russell,0,0.17735569935881865
1304047,1,19,3,AD Russell,0,0.23326905450063942
1304047,1,19,4,AD Russell,0,0.33116305292527826
1304047,1,19,5,AD Russell,0,0.5028131683639326
1304047,2,15,1,DJ Bravo,0,0.22520037779038074
1304047,2,15,2,DJ Bravo,0,0.26998761537028354
1304047,2,15,3,DJ Bravo,0,0.233663218994155
1304047,2,15,4,DJ Bravo,1,0.31459132432670533
1304047,2,15,5,DJ Bravo,1,0.3509489627093303
1304047,2,15,6,DJ Bravo,1,0.42732205468856255
1304047,2,16,1,RA Jadeja,0,0.4215638544185571
1304047,2,16,2,RA Jadeja,0,0.47951739786869296
1304047,2,16,3,RA Jadeja,1,0.5996111610658375
1304047,2,16,4,RA Jadeja,1,0.639790216753131
1304047,2,16,5,RA Jadeja,1,0.7776326748581489
1304047,2,17,1,DJ Bravo,1,0.3985695597831037
1304047,2,17,2,DJ Bravo,1,0.517762136793514
1304047,2,17,3,DJ Bravo,0,0.5243051929549842
1304047,2,17,4,DJ Bravo,0,0.5520782631340097
1304047,2,17,5,DJ Bravo,0,0.5480695108196043
1304047,2,18,1,AF Milne,0,0.28667128557463356
1304047,2,18,2,AF Milne,0,0.39707056147008457
1304054,1,15,1,CV Varun,1,0.15691349346178593
1304054,1,15,2,CV Varun,1,0.23651780710575376
1304054,1,15,3,CV Varun,1,0.35496306795009963
1304054,1,15,4,CV Varun,1,0.43082569159573825
1304054,1,15,5,CV Varun,0,0.4298838561836941
1304054,1,16,1,TG Southee,0,0.2797779372547762
1304054,1,16,2,TG Southee,0,0.40934006385656
1304054,1,16,3,TG Southee,1,0.501050944926163
1304054,1,16,4,TG Southee,1,0.5003709537661294
1304054,1,16,5,TG Southee,1,0.5222442910925099
1304054,1,16,6,TG Southee,1,0.6460700394233588
1304054,1,17,1,Shivam Mavi,1,0.9324815296381531
1304054,1,17,2,Shivam Mavi,1,0.9327588910215702
1304054,1,17,3,Shivam Mavi,1,0.9415232612348954
1304054,1,17,4,Shivam Mavi,0,0.7614662902009054
1304054,1,17,5,Shivam Mavi,0,0.7614662902009054
1304054,1,17,6,Shivam Mavi,0,0.7380785847947963
1304054,1,17,7,Shivam Mavi,0,0.7463251567628667
1304054,1,18,1,AD Russell,1,0.02329168271969371
1304055,1,15,1,DR Sams,1,0.5969617025111967
1304055,1,15,2,DR Sams,1,0.579495155710161
1304055,1,15,3,DR Sams,1,0.5958698203797679
1304055,1,15,4,DR Sams,1,0.6271809588719726
1304055,1,15,5,DR Sams,1,0.6151873750303726
1304055,1,15,6,DR Sams,1,0.6096010246721527
1304055,1,15,7,DR Sams,1,0.713643689084748
1304055,1,16,1,KA Pollard,0,0.5597203151044822
1304055,1,16,2,KA Pollard,0,0.6449103495698724
1304055,1,16,3,KA Pollard,0,0.643365721523176
1304055,1,16,4,KA Pollard,1,0.5994893448508277
1304055,1,16,5,KA Pollard,1,0.617865944835391
1304055,1,16,6,KA Pollard,1,0.6708729274254851
1304055,1,17,1,TS Mills,1,0.5599854334053309
1304055,1,17,2,TS Mills,1,0.5552630078154407
1304055,1,17,3,TS Mills,1,0.5727710445655554
1304055,1,17,4,TS Mills,1,0.5709739287222234
1304055,1,17,5,TS Mills,1,0.5968388260068753
1304055,1,17,6,TS Mills,1,0.592833961193789
1304055,1,18,1,JJ Bumrah,1,0.35830289907662377
1304055,1,18,2,JJ Bumrah,1,0.43601702284595256
1304055,1,18,3,JJ Bumrah,1,0.48510655461222807
1304055,1,18,4,JJ Bumrah,1,0.4942293051799023
1304055,1,18,5,JJ Bumrah,0,0.6712639447402152
1304055,1,19,1,TS Mills,1,0.5946890245827336
1304055,1,19,2,TS Mills,0,0.5576916955120191
1304055,1,19,3,TS Mills,0,0.6828742500771809
1304055,1,19,4,TS Mills,0,0.6789621831842195
1304055,1,19,5,TS Mills,1,0.7386554915908258
1304055,2,15,1,YS Chahal,1,0.4067202320386786
1304055,2,15,2,YS Chahal,1,0.44737647119168106
1304055,2,15,3,YS Chahal,1,0.5258296214131684
1304055,2,15,4,YS Chahal,1,0.6092933602323498
1304055,2,15,5,YS Chahal,1,0.7350694012608615
1304055,2,16,1,M Prasidh Krishna,1,0.38297474151973376
1304055,2,16,2,M Prasidh Krishna,0,0.3858508706983101
1304055,2,16,3,M Prasidh Krishna,1,0.3540963264678008
1304055,2,16,4,M Prasidh Krishna,0,0.3567849534804796
1304055,2,16,5,M Prasidh Krishna,0,0.31153100350535007
1304055,2,16,6,M Prasidh Krishna,1,0.40391466146783817
1304055,2,16,7,M Prasidh Krishna,0,0.40411853678263715
1304055,2,17,1,TA Boult,0,0.2655443911906003
1304055,2,17,2,TA Boult,0,0.27893390033718884
1304055,2,17,3,TA Boult,1,0.37892533249575144
1304055,2,17,4,TA Boult,1,0.49357329500337604
1304055,2,17,5,TA Boult,1,0.6394802913930318
1304055,2,18,1,M Prasidh Krishna,0,0.3766750328410512
1304055,2,18,2,M Prasidh Krishna,0,0.3294987827308177
1304055,2,18,3,M Prasidh Krishna,0,0.3731768100753996
1304055,2,18,4,M Prasidh Krishna,0,0.35448083064840075
1304055,2,18,5,M Prasidh Krishna,0,0.40098003921654746
1304055,2,18,6,M Prasidh Krishna,0,0.41070705737804986
1304055,2,18,7,M Prasidh Krishna,0,0.5032823816605456
1304055,2,18,8,M Prasidh Krishna,1,0.6251616164824385
1304055,2,18,9,M Prasidh Krishna,1,0.6585680984819123
1304055,2,19,1,Navdeep Saini,1,0.6601396574547368
1304055,2,19,2,Navdeep Saini,1,0.6767077980603005
1304055,2,19,3,Navdeep Saini,1,0.6701391478092464
1304055,2,19,4,Navdeep Saini,1,0.6723921026790153
1304055,2,19,5,Navdeep Saini,1,0.6379369111479006
1304055,2,19,6,Navdeep Saini,1,0.6534237254113173
1304062,1,15,1,Rashid Khan,1,0.506575634257769
1304062,1,15,2,Rashid Khan,1,0.5631183355690775
1304062,1,15,3,Rashid Khan,1,0.5880143814603004
1304062,1,15,4,Rashid Khan,1,0.548029455152263
1304062,1,15,5,Rashid Khan,0,0.5038710915328295
1304062,1,16,1,LH Ferguson,1,0.48165153749770967
1304062,1,16,2,LH Ferguson,1,0.5532212240308545
1304062,1,16,3,LH Ferguson,0,0.5101223326994992
1304062,1,16,4,LH Ferguson,0,0.5208854643200874
1304062,1,16,5,LH Ferguson,0,0.5030697372113866
1304062,1,16,6,LH Ferguson,0,0.5118087003398167
1304062,1,16,7,LH Ferguson,0,0.4456741757656497
1304062,1,17,1,Mohammed Shami,1,0.25694016867128
1304062,1,17,2,Mohammed Shami,1,0.22771078130896272
1304062,1,17,3,Mohammed Shami,1,0.26965326542428464
1304062,1,17,4,Mohammed Shami,1,0.38789047999519266
1304062,1,17,5,Mohammed Shami,0,0.7510709582722925
1304062,1,18,1,LH Ferguson,0,0.4885615931836597
1304062,1,18,2,LH Ferguson,0,0.5188061651276047
1304062,1,18,3,LH Ferguson,0,0.5896526342557638
1304062,1,18,4,LH Ferguson,0,0.6605627671452879
1304062,1,18,5,LH Ferguson,0,0.7930851547518267
1304062,1,19,1,HH Pandya,0,0.5335993460945462
1304062,1,19,2,HH Pandya,0,0.5310471017378994
1304062,1,19,3,HH Pandya,0,0.5472709315424975
1304062,1,19,4,HH Pandya,0,0.6397365641166455
1304062,1,19,5,HH Pandya,0,0.7541869088145741
1304062,2,15,1,Arshdeep Singh,1,0.49537433962578403
1304062,2,15,2,Arshdeep Singh,1,0.43475819986367586
1304062,2,15,3,Arshdeep Singh,1,0.36142407969947715
1304062,2,15,4,Arshdeep Singh,1,0.3404891452329295
1304062,2,15,5,Arshdeep Singh,1,0.3323059183078974
1304062,2,15,6,Arshdeep Singh,1,0.43917112606908515
1304062,2,16,1,RD Chahar,0,0.414564818598871
1304062,2,16,2,RD Chahar,0,0.4323779992454916
1304062,2,16,3,RD Chahar,0,0.47885500535342973
1304062,2,16,4,RD Chahar,1,0.6258420451220239
1304062,2,16,5,RD Chahar,1,0.732865622141707
1304062,2,16,6,RD Chahar,0,0.8178994767560336
1304062,2,17,1,Arshdeep Singh,1,0.3248028799311168
1304062,2,17,2,Arshdeep Singh,1,0.3313241084737946
1304062,2,17,3,Arshdeep Singh,1,0.35761931007669456
1304062,2,17,4,Arshdeep Singh,1,0.4848935214777239
1304062,2,17,5,Arshdeep Singh,1,0.6704840704055194
1304062,2,18,1,K Rabada,0,0.38456701147777816
1304062,2,18,2,K Rabada,0,0.3710518654340902
1304062,2,18,3,K Rabada,0,0.48504441834496764
1304062,2,18,4,K Rabada,1,0.5996232051094365
1304062,2,18,5,K Rabada,1,0.7095768661569768
1304062,2,18,6,K Rabada,1,0.8451366531980061
1304062,2,19,1,OF Smith,0,0.2941873068995678
1304062,2,19,2,OF Smith,0,0.42811396830671816
1304062,2,19,3,OF Smith,0,0.44363279562694846
1304062,2,19,4,OF Smith,0,0.5006759773356939
1304062,2,19,5,OF Smith,0,0.46741274629478363
1304062,2,19,6,OF Smith,0,0.620163149110159
1304064,1,15,1,Mohammed Siraj,0,0.5550196147258737
1304064,1,15,2,Mohammed Siraj,0,0.400370707346081
1304064,1,15,3,Mohammed Siraj,0,0.3895526192385218
1304064,1,15,4,Mohammed Siraj,0,0.42531030891203264
1304064,1,15,5,Mohammed Siraj,0,0.38569078196987605
1304064,1,15,6,Mohammed Siraj,0,0.3639025105053019
1304064,1,16,1,PWH de Silva,0,0.18493574720929537
1304064,1,16,2,PWH de Silva,0,0.2598838164548762
1304064,1,16,3,PWH de Silva,0,0.3299304877199512
1304064,1,16,4,PWH de Silva,1,0.5014272210815549
1304064,1,16,5,PWH de Silva,1,0.6152239450476426
1304064,1,17,1,HV Patel,0,0.01251474817415584
1304064,1,17,2,HV Patel,0,0.01251474817415584
1304064,1,17,3,HV Patel,0,0.06691356333531986
1304064,1,17,4,HV Patel,0,0.0910090629943685
1304064,1,17,5,HV Patel,0,0.08288846636350738
1304064,1,17,6,HV Patel,0,0.12387669921486992
1304064,1,18,1,Mohammed Siraj,0,0.3874153098323605
1304064,1,18,2,Mohammed Siraj,0,0.43746404366276
1304064,1,18,3,Mohammed Siraj,0,0.4338121223869489
1304064,1,18,4,Mohammed Siraj,0,0.35364302406662107
1304064,1,18,5,Mohammed Siraj,0,0.43443917920167363
1304064,1,18,6,Mohammed Siraj,0,0.5858470570591228
1304064,1,19,1,HV Patel,0,0.11343849759587953
1304064,1,19,2,HV Patel,0,0.16709744093946716
1304064,1,19,3,HV Patel,0,0.1959838174871732
1304064,1,19,4,HV Patel,0,0.26882413137389627
1304064,1,19,5,HV Patel,0,0.28023747047301434
1304064,2,15,1,KA Pollard,0,0.3266237156810088
1304064,2,15,2,KA Pollard,0,0.37199062999729143
1304064,2,15,3,KA Pollard,0,0.4640510136046512
1304064,2,15,4,KA Pollard,0,0.47532541522782457
1304064,2,15,5,KA Pollard,0,0.5231524346950794
1304064,2,15,6,KA Pollard,1,0.4368826396950291
1304064,2,16,1,JD Unadkat,0,0.610139300612533
1304064,2,16,2,JD Unadkat,1,0.6237155668735621
1304064,2,16,3,JD Unadkat,1,0.6500112405906474
1304064,2,16,4,JD Unadkat,1,0.6898991553823715
1304064,2,16,5,JD Unadkat,1,0.8134674163672163
1304064,2,17,1,JJ Bumrah,0,0.44320681424025415
1304064,2,17,2,JJ Bumrah,0,0.5008605483303799
1304064,2,17,3,JJ Bumrah,0,0.5196076928266607
1304064,2,17,4,JJ Bumrah,0,0.5390813381042041
1304064,2,17,5,JJ Bumrah,0,0.6809320759089642
1304064,2,18,1,D Brevis,0,0.008361729852653552
1304064,2,18,2,D Brevis,0,0.7665338526535103
1304067,1,15,1,M Jansen,0,0.28729376301023907
1304067,1,15,2,M Jansen,0,0.3085732540867917
1304067,1,15,3,M Jansen,0,0.32904480495490246
1304067,1,15,4,M Jansen,0,0.37305282567317516
1304067,1,15,5,M Jansen,0,0.47645670721101535
1304067,1,15,6,M Jansen,0,0.6823270383469534
1304067,1,16,1,B Kumar,1,0.5088868454395535
1304067,1,16,2,B Kumar,1,0.6268706436522279
1304067,1,16,3,B Kumar,1,0.576760522908589
1304067,1,16,4,B Kumar,1,0.6190883127467048
1304067,1,16,5,B Kumar,1,0.6024055482281415
1304067,1,16,6,B Kumar,1,0.5407152541233383
1304067,1,17,1,T Natarajan,0,0.2161534127686346
1304067,1,17,2,T Natarajan,0,0.25072522200751013
1304067,1,17,3,T Natarajan,0,0.2486334281973399
1304067,1,17,4,T Natarajan,0,0.3692174857165495
1304067,1,17,5,T Natarajan,0,0.3696938479506743
1304067,1,17,6,T Natarajan,1,0.4733209088251143
1304067,1,18,1,B Kumar,1,0.46543073241094557
1304067,1,18,2,B Kumar,1,0.4336332792686748
1304067,1,18,3,B Kumar,1,0.44844237624821776
1304067,1,18,4,B Kumar,1,0.4413935552075466
1304067,1,18,5,B Kumar,1,0.49837508373016565
1304067,1,18,6,B Kumar,1,0.6111616519393483
1304067,1,19,1,T Natarajan,1,0.4691629082007402
1304067,1,19,2,T Natarajan,0,0.360080747738757
1304067,1,19,3,T Natarajan,1,0.40757955665221224
1304067,1,19,4,T Natarajan,1,0.48849364241024723
1304067,1,19,5,T Natarajan,1,0.5905173593581983
1304067,2,15,1,LH Ferguson,0,0.593621327977675
1304067,2,15,2,LH Ferguson,0,0.49247449725944004
1304067,2,15,3,LH Ferguson,0,0.5746991132828397
1304067,2,15,4,LH Ferguson,0,0.5937812689754903
1304067,2,15,5,LH Ferguson,0,0.6027605176913161
1304067,2,15,6,LH Ferguson,0,0.5839652806711337
1304067,2,15,7,LH Ferguson,0,0.5782007367533326
1304067,2,16,1,HH Pandya,0,0.4641341905393945
1304067,2,16,2,HH Pandya,0,0.5134206312683781
1304067,2,16,3,HH Pandya,0,0.577774750114418
1304067,2,16,4,HH Pandya,0,0.6317665021569264
1304067,2,16,5,HH Pandya,1,0.763303125523639
1304067,2,17,1,LH Ferguson,0,0.4774311619727578
1304067,2,17,2,LH Ferguson,0,0.477566928167141
1304067,2,17,3,LH Ferguson,0,0.477566928167141
1304067,2,17,4,LH Ferguson,1,0.5176578796810154
1304067,2,17,5,LH Ferguson,1,0.38886685906967977
1304067,2,17,6,LH Ferguson,1,0.5346057930056943
1304067,2,18,1,Mohammed Shami,0,0.3310016607901418
1304067,2,18,2,Mohammed Shami,0,0.32670459105092464
1304067,2,18,3,Mohammed Shami,0,0.3906588919536807
1304067,2,18,4,Mohammed Shami,0,0.4515281376004078
1304067,2,18,5,Mohammed Shami,0,0.6254630319356863
1304075,1,15,1,Mohammed Shami,1,0.13154510193944108
1304075,1,15,2,Mohammed Shami,1,0.2526557320332279
1304075,1,15,3,Mohammed Shami,1,0.29163792315525566
1304075,1,15,4,Mohammed Shami,0,0.35647091368518535
1304075,1,15,5,Mohammed Shami,0,0.32873338710489075
1304075,1,16,1,Yash Dayal,1,0.3871814755278983
1304075,1,16,2,Yash Dayal,1,0.3970159501268214
1304075,1,16,3,Yash Dayal,1,0.40541861656373207
1304075,1,16,4,Yash Dayal,1,0.5142707744257767
1304075,1,16,5,Yash Dayal,1,0.6488298387168748
1304075,1,17,1,AS Joseph,0,0.34046936413350043
1304075,1,17,2,AS Joseph,0,0.4088968680469679
1304075,1,17,3,AS Joseph,0,0.4702228925894338
1304075,1,17,4,AS Joseph,1,0.5723838714705561
1304075,1,17,5,AS Joseph,1,0.6789059584439193
1304075,1,18,1,Rashid Khan,1,0.2594671308587694
1304075,1,18,2,Rashid Khan,0,0.301592913824656
1304075,1,18,3,Rashid Khan,0,0.3671648383465013
1304075,1,18,4,Rashid Khan,1,0.47627105634385025
1304075,1,18,5,Rashid Khan,1,0.6152268963233938
1304075,1,19,1,LH Ferguson,0,0.28871051926429075
1304075,1,19,2,LH Ferguson,0,0.3063740731676868
1304075,1,19,3,LH Ferguson,0,0.30355899577741974
1304075,1,19,4,LH Ferguson,0,0.3805728634781797
1304075,1,19,5,LH Ferguson,1,0.5399995164554016
1304075,2,15,1,M Theekshana,0,0.3006369205225119
1304075,2,15,2,M Theekshana,1,0.6073886020653916
1304075,2,15,3,M Theekshana,1,0.645596647352285
1304075,2,15,4,M Theekshana,1,0.6770211845271084
1304075,2,15,5,M Theekshana,1,0.8071814047654261
1304075,2,16,1,DJ Bravo,0,0.15981314536684846
1304075,2,16,2,DJ Bravo,0,0.17609304042322946
1304075,2,16,3,DJ Bravo,0,0.17965014134860866
1304075,2,16,4,DJ Bravo,0,0.23347095545587185
1304075,2,16,5,DJ Bravo,0,0.2263791509810473
1304075,2,16,6,DJ Bravo,0,0.253522315385396
1304075,2,17,1,CJ Jordan,0,0.5066286822743414
1304075,2,17,2,CJ Jordan,0,0.5612557707542485
1304075,2,17,3,CJ Jordan,0,0.5436057549559075
1304075,2,17,4,CJ Jordan,1,0.5739992865421268
1304075,2,17,5,CJ Jordan,1,0.55988793170054
1304075,2,17,6,CJ Jordan,0,0.5749119950132485
1304075,2,18,1,DJ Bravo,0,0.3665247119181852
1304075,2,18,2,DJ Bravo,1,0.5539144732897904
1304075,2,18,3,DJ Bravo,1,0.5596409606993284
1304075,2,18,4,DJ Bravo,1,0.655599780595612
1304075,2,18,5,DJ Bravo,1,0.747356538584854
1304075,2,19,1,CJ Jordan,0,0.5973365592413148
1304075,2,19,2,CJ Jordan,0,0.6603975973142917
1304075,2,19,3,CJ Jordan,0,0.6834030919448729
1304075,2,19,4,CJ Jordan,0,0.7147962918833308
1304075,2,19,5,CJ Jordan,1,0.7395990988250625
1304080,1,15,1,KK Ahmed,0,0.5400701472140194
1304080,1,15,2,KK Ahmed,0,0.3806701113509696
1304080,1,15,3,KK Ahmed,0,0.3505536399614066
1304080,1,15,4,KK Ahmed,0,0.3633875130335938
1304080,1,15,5,KK Ahmed,0,0.3891212507046191
1304080,1,15,6,KK Ahmed,0,0.3050806407947561
1304080,1,16,1,Mustafizur Rahman,0,0.3910717822922673
1304080,1,16,2,Mustafizur Rahman,0,0.346330574937276
1304080,1,16,3,Mustafizur Rahman,0,0.544280103875181
1304080,1,16,4,Mustafizur Rahman,0,0.47373533726002715
1304080,1,16,5,Mustafizur Rahman,0,0.44006390930633765
1304080,1,16,6,Mustafizur Rahman,0,0.35772357096232804
1304080,1,17,1,KK Ahmed,0,0.1925669668149046
1304080,1,17,2,KK Ahmed,0,0.25591915992076963
1304080,1,17,3,KK Ahmed,0,0.29549852928462234
1304080,1,17,4,KK Ahmed,0,0.30946473822507004
1304080,1,17,5,KK Ahmed,0,0.4338850145157159
1304080,1,17,6,KK Ahmed,1,0.5191447937102441
1304080,1,18,1,Mustafizur Rahman,0,0.4528473930823022
1304080,1,18,2,Mustafizur Rahman,1,0.47773988262385925
1304080,1,18,3,Mustafizur Rahman,1,0.46057072413548905
1304080,1,18,4,Mustafizur Rahman,1,0.4187417735571702
1304080,1,18,5,Mustafizur Rahman,1,0.5422932684099563
1304080,1,19,1,SN Thakur,0,0.06772375203570166
1304080,1,19,2,SN Thakur,0,0.12074981855799696
1304080,1,19,3,SN Thakur,0,0.17228945099510448
1304080,1,19,4,SN Thakur,0,0.1591646370257625
1304080,1,19,5,SN Thakur,0,0.16406637906288551
1304080,1,19,6,SN Thakur,0,0.16693781080153533
1304080,1,19,7,SN Thakur,0,0.203168309594368
1304080,2,15,1,TA Boult,0,0.49763085915224997
1304080,2,15,2,TA Boult,0,0.6417666546298685
1304080,2,15,3,TA Boult,0,0.5870780754163986
1304080,2,15,4,TA Boult,0,0.5687868620429191
1304080,2,15,5,TA Boult,0,0.5963449320016878
1304080,2,15,6,TA Boult,0,0.5791163186102809
1304080,2,16,1,YS Chahal,0,0.32669224166361965
1304080,2,16,2,YS Chahal,0,0.36001570238605657
1304080,2,16,3,YS Chahal,1,0.3757803301611939
1304080,2,16,4,YS Chahal,0,0.47939573583410594
1304080,2,16,5,YS Chahal,1,0.46063550847080753
1304080,2,16,6,YS Chahal,1,0.6238351752634146
1304080,2,17,1,TA Boult,0,0.4677501559681315
1304080,2,17,2,TA Boult,0,0.4109547169879483
1304080,2,17,3,TA Boult,0,0.3077816392198264
1304080,2,17,4,TA Boult,0,0.3222693991590734
1304080,2,17,5,TA Boult,0,0.42385698517211684
1304080,2,17,6,TA Boult,0,0.5951899054881914
1304080,2,18,1,M Prasidh Krishna,1,0.31049341830701527
1304080,2,18,2,M Prasidh Krishna,1,0.2770409936505784
1304080,2,18,3,M Prasidh Krishna,1,0.32671551080602884
1304080,2,18,4,M Prasidh Krishna,1,0.39682054582125187
1304080,2,18,5,M Prasidh Krishna,1,0.3999443286975771
1304080,2,19,1,OC McCoy,1,0.6481315868154544
1304080,2,19,2,OC McCoy,1,0.6033747163659134
1304080,2,19,3,OC McCoy,1,0.671614834972546
1304080,2,19,4,OC McCoy,1,0.6467366732222517
1304080,2,19,5,OC McCoy,1,0.6770124865934258
1304081,1,15,1,SP Narine,1,0.4458229014414376
1304081,1,15,2,SP Narine,1,0.36779201172759857
1304081,1,15,3,SP Narine,1,0.4647551414973311
1304081,1,15,4,SP Narine,1,0.5256190669325769
1304081,1,15,5,SP Narine,1,0.6789219389939033
1304081,1,16,1,Shivam Mavi,1,0.38140364751355293
1304081,1,16,2,Shivam Mavi,1,0.38582101658628776
1304081,1,16,3,Shivam Mavi,0,0.282272496371486
1304081,1,16,4,Shivam Mavi,0,0.3388864877582551
1304081,1,16,5,Shivam Mavi,1,0.4397092134555612
1304081,1,16,6,Shivam Mavi,0,0.35518855693703755
1304081,1,16,7,Shivam Mavi,0,0.35507222262036564
1304081,1,17,1,TG Southee,1,0.3023799769977754
1304081,1,17,2,TG Southee,1,0.3639065085577523
1304081,1,17,3,TG Southee,1,0.4182441224464886
1304081,1,17,4,TG Southee,1,0.4696317303217554
1304081,1,17,5,TG Southee,1,0.742027856307849
1304081,1,18,1,Shivam Mavi,0,0.30415020499850387
1304081,1,18,2,Shivam Mavi,1,0.360171430044778
1304081,1,18,3,Shivam Mavi,1,0.3718708395177538
1304081,1,18,4,Shivam Mavi,1,0.41590319983514923
1304081,1,18,5,Shivam Mavi,0,0.5568235171997603
1304081,1,18,6,Shivam Mavi,1,0.5534517949145361
1304081,1,19,1,AD Russell,0,0.07907180442609937
1304081,1,19,2,AD Russell,0,0.09426661310590218
1304081,1,19,3,AD Russell,0,0.09125269040258831
1304081,1,19,4,AD Russell,1,0.470223465106882
1304081,1,19,5,AD Russell,1,0.4499333271739225
1304081,2,15,1,Rashid Khan,0,0.3557669958936363
1304081,2,15,2,Rashid Khan,0,0.3675091685316391
1304081,2,15,3,Rashid Khan,0,0.39631225716650087
1304081,2,15,4,Rashid Khan,0,0.3937843571229489
1304081,2,15,5,Rashid Khan,1,0.3815858289781143
1304081,2,16,1,Mohammed Shami,0,0.2919604103413756
1304081,2,16,2,Mohammed Shami,0,0.38304207897265335
1304081,2,16,3,Mohammed Shami,1,0.3547320321476245
1304081,2,16,4,Mohammed Shami,1,0.34987725760433724
1304081,2,16,5,Mohammed Shami,0,0.3602018052620438
1304081,2,17,1,LH Ferguson,0,0.5466981956445128
1304081,2,17,2,LH Ferguson,0,0.5401753148891333
1304081,2,17,3,LH Ferguson,0,0.5856329322967032
1304081,2,17,4,LH Ferguson,1,0.6446292445285967
1304081,2,17,5,LH Ferguson,1,0.7284857258224031
1304081,2,18,1,Yash Dayal,0,0.6814345513132883
1304081,2,18,2,Yash Dayal,0,0.6517353815573599
1304081,2,18,3,Yash Dayal,1,0.6381885543613808
1304081,2,18,4,Yash Dayal,1,0.6313970066056052
1304081,2,18,5,Yash Dayal,1,0.7174983703079775
1304081,2,19,1,AS Joseph,1,0.5693284899163522
1304081,2,19,2,AS Joseph,1,0.6195742868599635
1304081,2,19,3,AS Joseph,1,0.6425167229366355
1304081,2,19,4,AS Joseph,1,0.6852213828288153
1304081,2,19,5,AS Joseph,1,0.7824009101333947
1304103,1,15,1,JO Holder,0,0.15022267083367472
1304103,1,15,2,JO Holder,0,0.1569682299734504
1304103,1,15,3,JO Holder,0,0.27409563682345073
1304103,1,15,4,JO Holder,0,0.2977355790707686
1304103,1,15,5,JO Holder,0,0.3001583617582097
1304103,1,15,6,JO Holder,0,0.3001583617582097
1304103,1,15,7,JO Holder,0,0.3058829337082796
1304103,1,16,1,PVD Chameera,0,0.20377870053825606
1304103,1,16,2,PVD Chameera,0,0.2637655660614502
1304103,1,16,3,PVD Chameera,0,0.3679663749241592
1304103,1,16,4,PVD Chameera,0,0.5215883904494599
1304103,1,16,5,PVD Chameera,0,0.5597989143048484
1304103,1,16,6,PVD Chameera,0,0.7043480797234684
1304103,1,16,7,PVD Chameera,1,0.690595937409078
1304103,1,17,1,Mohsin Khan,0,0.12264516706466867
1304103,1,17,2,Mohsin Khan,1,0.19858787052650753
1304103,1,17,3,Mohsin Khan,1,0.25205603188841874
1304103,1,17,4,Mohsin Khan,1,0.27753336857443495
1304103,1,17,5,Mohsin Khan,0,0.27959432987255683
1304103,1,18,1,Avesh Khan,0,0.36240603341361494
1304103,1,18,2,Avesh Khan,0,0.409500865278584
1304103,1,18,3,Avesh Khan,1,0.4722169846474049
1304103,1,18,4,Avesh Khan,1,0.5809770629434303
1304103,1,18,5,Avesh Khan,1,0.7430844203443421
1304103,1,19,1,JO Holder,0,0.30787326047161717
1304103,1,19,2,JO Holder,0,0.33784607709524866
1304103,1,19,3,JO Holder,0,0.3391522612498222
1304103,1,19,4,JO Holder,0,0.40027527047579625
1304103,1,19,5,JO Holder,0,0.5225150390133628
1304103,1,19,6,JO Holder,0,0.5233021115188435
1304103,1,19,7,JO Holder,1,0.6313624024511725
1304112,1,15,1,CV Varun,0,0.3984691808222302
1304112,1,15,2,CV Varun,0,0.4231743834235018
1304112,1,15,3,CV Varun,0,0.46999606925542137
1304112,1,15,4,CV Varun,1,0.47497925548122166
1304112,1,15,5,CV Varun,1,0.6044141652400201
1304112,1,16,1,TG Southee,0,0.4479967910912421
1304112,1,16,2,TG Southee,0,0.3503776116033914
1304112,1,16,3,TG Southee,0,0.3244479901851151
1304112,1,16,4,TG Southee,0,0.31676488258945895
1304112,1,16,5,TG Southee,0,0.2947135693279383
1304112,1,16,6,TG Southee,0,0.2947135693279383
1304112,1,17,1,AD Russell,0,0.3596690924367087
1304112,1,17,2,AD Russell,0,0.45895971570152766
1304112,1,17,3,AD Russell,0,0.474562492691211
1304112,1,17,4,AD Russell,0,0.5633263202708729
1304112,1,17,5,AD Russell,0,0.4191036677521957
1304112,1,17,6,AD Russell,0,0.3332229124361704
1304112,1,18,1,TG Southee,0,0.3032295223853439
1304112,1,18,2,TG Southee,0,0.33317269331971655
1304112,1,18,3,TG Southee,0,0.29296851947672997
1304112,1,18,4,TG Southee,0,0.39952519881805043
1304112,1,18,5,TG Southee,1,0.7228943910864669
1304112,1,18,6,TG Southee,1,0.7503434080459378
1304112,1,19,1,AD Russell,0,0.3468993578154914
1304112,1,19,2,AD Russell,0,0.3338258449420149
1304112,1,19,3,AD Russell,0,0.5477764824006522
1304112,1,19,4,AD Russell,0,0.4506271700856484
1304112,1,19,5,AD Russell,1,0.5579882925002038
1304112,2,15,1,Ravi Bishnoi,0,0.3628717381033603
1304112,2,15,2,Ravi Bishnoi,0,0.34673008150392537
1304112,2,15,3,Ravi Bishnoi,1,0.4608131529964049
1304112,2,15,4,Ravi Bishnoi,1,0.6387858676278919
1304112,2,15,5,Ravi Bishnoi,1,0.7070071108940639
1304112,2,16,1,Mohsin Khan,0,0.38390643550540166
1304112,2,16,2,Mohsin Khan,0,0.27100648640213104
1304112,2,16,3,Mohsin Khan,0,0.3726566805189735
1304112,2,16,4,Mohsin Khan,0,0.5702473815157146
1304112,2,16,5,Mohsin Khan,0,0.6357338009150452
1304112,2,17,1,Avesh Khan,0,0.7698656173447528
1304112,2,17,2,Avesh Khan,1,0.8034983497790599
1304112,2,17,3,Avesh Khan,1,0.7772984134739886
1304112,2,17,4,Avesh Khan,1,0.6987269037564594
1304112,2,17,5,Avesh Khan,1,0.7288163068763275
1304112,2,17,6,Avesh Khan,1,0.7297198983974075
1304112,2,18,1,JO Holder,0,0.6689718124568239
1304112,2,18,2,JO Holder,0,0.6409484948507622
1304112,2,18,3,JO Holder,1,0.6780266943529654
1304112,2,18,4,JO Holder,1,0.5190593005824835
1304112,2,18,5,JO Holder,1,0.6469375304118656
1304112,2,18,6,JO Holder,1,0.6510909928667591
1304112,2,19,1,MP Stoinis,0,0.4587628378367922
1304112,2,19,2,MP Stoinis,0,0.7384853863520151
1304112,2,19,3,MP Stoinis,1,0.9157776405011383
1304112,2,19,4,MP Stoinis,1,0.8760389463296442
1304112,2,19,5,MP Stoinis,1,0.8325379137311669
1304113,1,15,1,S Kaul,0,0.5466403617407498
1304113,1,15,2,S Kaul,0,0.4224599798248331
1304113,1,15,3,S Kaul,0,0.40753220217670194
1304113,1,15,4,S Kaul,0,0.3889906376082115
1304113,1,15,5,S Kaul,0,0.38490348585582773
1304113,1,15,6,S Kaul,0,0.28424626107206313
1304113,1,16,1,PWH de Silva,1,0.1960896827021803
1304113,1,16,2,PWH de Silva,1,0.25824779711187734
1304113,1,16,3,PWH de Silva,1,0.296846914106243
1304113,1,16,4,PWH de Silva,1,0.4414576860546056
1304113,1,16,5,PWH de Silva,1,0.6282737229659686
1304113,1,17,1,JR Hazlewood,0,0.31919900990730454
1304113,1,17,2,JR Hazlewood,0,0.21630443178366013
1304113,1,17,3,JR Hazlewood,0,0.1944148588041746
1304113,1,17,4,JR Hazlewood,0,0.19157505231162286
1304113,1,17,5,JR Hazlewood,0,0.20593596920427498
1304113,1,17,6,JR Hazlewood,0,0.18672661289034279
1304113,1,18,1,S Kaul,0,0.2038137635730211
1304113,1,18,2,S Kaul,0,0.263966522725158
1304113,1,18,3,S Kaul,0,0.25978520284223194
1304113,1,18,4,S Kaul,0,0.3393527815092049
1304113,1,18,5,S Kaul,0,0.5119026209257616
1304113,1,19,1,JR Hazlewood,0,0.23199999461160187
1304113,1,19,2,JR Hazlewood,0,0.2318962627844668
1304113,1,19,3,JR Hazlewood,0,0.2375066597370649
1304113,1,19,4,JR Hazlewood,1,0.32237588764305103
1304113,1,19,5,JR Hazlewood,1,0.4738132091900782
1304113,2,15,1,HH Pandya,0,0.40852743877564396
1304113,2,15,2,HH Pandya,0,0.5138780813934672
1304113,2,15,3,HH Pandya,0,0.46920274342019486
1304113,2,15,4,HH Pandya,0,0.48725761471192947
1304113,2,15,5,HH Pandya,1,0.4347426705254955
1304113,2,16,1,Rashid Khan,0,0.4762660558801962
1304113,2,16,2,Rashid Khan,1,0.602038875492899
1304113,2,16,3,Rashid Khan,1,0.6070230165992618
1304113,2,16,4,Rashid Khan,1,0.6649264809474534
1304113,2,16,5,Rashid Khan,1,0.8043668372219879
1304113,2,17,1,Yash Dayal,0,0.4084122025571133
1304113,2,17,2,Yash Dayal,0,0.44237306329044473
1304113,2,17,3,Yash Dayal,0,0.42841839195609643
1304113,2,17,4,Yash Dayal,1,0.4831188951500357
1304113,2,17,5,Yash Dayal,1,0.5694600075976005
1304113,2,17,6,Yash Dayal,1,0.6952027128001504
1304113,2,18,1,LH Ferguson,0,0.651596655539752
1304113,2,18,2,LH Ferguson,0,0.6265592787367676
1304113,2,18,3,LH Ferguson,0,0.668599591861173
1304115,1,15,1,Ramandeep Singh,0,0.11183887847388073
1304115,1,15,2,Ramandeep Singh,0,0.11526231576526266
1304115,1,15,3,Ramandeep Singh,0,0.5283326435180462
1304115,1,15,4,Ramandeep Singh,0,0.6469182787877291
1304115,1,15,5,Ramandeep Singh,1,0.719739638643817
1304115,1,15,6,Ramandeep Singh,1,0.8364606772347797
1304115,1,15,7,Ramandeep Singh,1,0.8198040485806182
1304115,1,15,8,Ramandeep Singh,1,0.8302169963985667
1304115,1,15,9,Ramandeep Singh,1,0.9118596921927448
1304115,1,16,1,JJ Bumrah,0,0.1489879755864009
1304115,1,16,2,JJ Bumrah,0,0.16074936769683834
1304115,1,16,3,JJ Bumrah,0,0.17078252078507122
1304115,1,16,4,JJ Bumrah,0,0.22237613235109494
1304115,1,16,5,JJ Bumrah,0,0.21431532729043878
1304115,1,16,6,JJ Bumrah,1,0.329734631201415
1304115,1,17,1,DR Sams,0,0.2942735281924238
1304115,1,17,2,DR Sams,0,0.3190107058515521
1304115,1,17,3,DR Sams,0,0.36972701009203596
1304115,1,17,4,DR Sams,1,0.4561940055049284
1304115,1,17,5,DR Sams,1,0.6433100000482513
1304115,1,18,1,JJ Bumrah,1,0.3129874759547375
1304115,1,18,2,JJ Bumrah,0,0.347379764793245
1304115,1,18,3,JJ Bumrah,0,0.3783518640607006
1304115,1,18,4,JJ Bumrah,0,0.4492784042304395
1304115,1,18,5,JJ Bumrah,0,0.6622441134787659
1304115,1,19,1,Ramandeep Singh,1,0.7588959836289458
1304115,1,19,2,Ramandeep Singh,1,0.6420534684046519
1304115,1,19,3,Ramandeep Singh,1,0.6315067793714101
1304115,1,19,4,Ramandeep Singh,1,0.6483464582115304
1304115,1,19,5,Ramandeep Singh,0,0.5031466986232312
1304115,1,19,6,Ramandeep Singh,1,0.6197480158397298
1304115,2,15,1,A Nortje,0,0.2119957571339231
1304115,2,15,2,A Nortje,0,0.25808553657020805
1304115,2,15,3,A Nortje,0,0.2294430570508041
1304115,2,15,4,A Nortje,0,0.38921093699535003
1304115,2,15,5,A Nortje,0,0.29143454964223897
1304115,2,15,6,A Nortje,1,0.4251332910097671
1304115,2,16,1,KK Ahmed,0,0.007152311703886218
1304115,2,16,2,KK Ahmed,0,0.020973798848327042
1304115,2,16,3,KK Ahmed,0,0.048892518193564896
1304115,2,16,4,KK Ahmed,0,0.0702587088589406
1304115,2,16,5,KK Ahmed,0,0.07515495676182947
1304115,2,16,6,KK Ahmed,0,0.1716276209226531
1304115,2,17,1,SN Thakur,0,0.17391076737672517
1304115,2,17,2,SN Thakur,0,0.18118943757567763
1304115,2,17,3,SN Thakur,0,0.37028008469400137
1304115,2,17,4,SN Thakur,1,0.43734398176547606
1304115,2,17,5,SN Thakur,1,0.43667559988808224
1304115,2,17,6,SN Thakur,1,0.47380398413835106
1304115,2,18,1,A Nortje,1,0.4937222768654431
1304115,2,18,2,A Nortje,1,0.434937774415616
1304115,2,18,3,A Nortje,1,0.37767164182901825
1304115,2,18,4,A Nortje,1,0.46769173816281545
1304115,2,18,5,A Nortje,1,0.6167846870111088
1304115,2,19,1,KK Ahmed,0,0.16035300407449868
1312199,1,15,1,R Ashwin,0,0.1302682270437512
1312199,1,15,2,R Ashwin,1,0.2964541645827304
1312199,1,15,3,R Ashwin,1,0.41623666411888477
1312199,1,15,4,R Ashwin,1,0.47961521020177195
1312199,1,15,5,R Ashwin,1,0.5817577770640254
1312199,1,16,1,YS Chahal,1,0.5283365028744853
1312199,1,16,2,YS Chahal,1,0.5045170075919814
1312199,1,16,3,YS Chahal,1,0.46510404315777326
1312199,1,16,4,YS Chahal,1,0.4613142642884899
1312199,1,16,5,YS Chahal,0,0.5786854449135674
1312199,1,17,1,OC McCoy,0,0.12925943812521296
1312199,1,17,2,OC McCoy,0,0.1542326435719973
1312199,1,17,3,OC McCoy,0,0.13464212122179067
1312199,1,17,4,OC McCoy,0,0.1269294818388948
1312199,1,17,5,OC McCoy,0,0.18436476712667982
1312199,1,17,6,OC McCoy,1,0.23625913453112227
1312199,1,17,7,OC McCoy,1,0.21810934438269902
1312199,1,18,1,M Prasidh Krishna,0,0.11360271015054793
1312199,1,18,2,M Prasidh Krishna,0,0.2124212205018319
1312199,1,18,3,M Prasidh Krishna,0,0.250916205750696
1312199,1,18,4,M Prasidh Krishna,0,0.2858845275552704
1312199,1,18,5,M Prasidh Krishna,0,0.3053592366657122
1312199,1,18,6,M Prasidh Krishna,1,0.38043488997176544
1312199,1,19,1,OC McCoy,1,0.3609526103756388
1312199,1,19,2,OC McCoy,1,0.378494335559539
1312199,1,19,3,OC McCoy,1,0.4381379656193446
1312199,1,19,4,OC McCoy,0,0.44773088264181593
1312199,1,19,5,OC McCoy,0,0.35951438458382323
1312199,2,15,1,PWH de Silva,0,0.1665715066336263
1312199,2,15,2,PWH de Silva,0,0.23014517105106974
1312199,2,15,3,PWH de Silva,0,0.3357226138754422
1312199,2,15,4,PWH de Silva,0,0.376873861706017
1312199,2,15,5,PWH de Silva,0,0.347615113937445
1312199,2,16,1,JR Hazlewood,0,0.24347629562630163
1312199,2,16,2,JR Hazlewood,0,0.3255820792487387
1312199,2,16,3,JR Hazlewood,1,0.4736059397899095
1312199,2,16,4,JR Hazlewood,1,0.5569597717802388
1312199,2,16,5,JR Hazlewood,1,0.6696279787102453
1312199,2,17,1,GJ Maxwell,0,0.0669482047630005
1312199,2,17,2,GJ Maxwell,0,0.06902501301620824
1312199,2,17,3,GJ Maxwell,0,0.07232310183475511
1312199,2,17,4,GJ Maxwell,0,0.0896218352068017
1312199,2,17,5,GJ Maxwell,0,0.18003503217973912
1359483,1,15,1,DJ Willey,0,0.08595226793716185
1359483,1,15,2,DJ Willey,0,0.12138140338059436
1359483,1,15,3,DJ Willey,0,0.1879373734999684
1359483,1,15,4,DJ Willey,0,0.203380704634784
1359483,1,15,5,DJ Willey,0,0.2537047775030643
1359483,1,15,6,DJ Willey,0,0.23010419085859987
1359483,1,16,1,HV Patel,0,0.15210324264713232
1359483,1,16,2,HV Patel,0,0.22991552430553655
1359483,1,16,3,HV Patel,0,0.23595058111316777
1359483,1,16,4,HV Patel,0,0.2544448916630083
1359483,1,16,5,HV Patel,0,0.3390125860935653
1359483,1,16,6,HV Patel,0,0.34061506586120444
1359483,1,17,1,Mohammed Siraj,0,0.20089090433722342
1359483,1,17,2,Mohammed Siraj,0,0.23649299406766686
1359483,1,17,3,Mohammed Siraj,0,0.3042763555805854
1359483,1,17,4,Mohammed Siraj,0,0.3116803570629319
1359483,1,17,5,Mohammed Siraj,0,0.3020249928200615
1359483,1,17,6,Mohammed Siraj,1,0.41203556518784845
1359483,1,17,7,Mohammed Siraj,1,0.40617784573780386
1359483,1,17,8,Mohammed Siraj,0,0.36544688507460077
1359483,1,18,1,HV Patel,0,0.27193508753686946
1359483,1,18,2,HV Patel,0,0.31895714287449506
1359483,1,18,3,HV Patel,0,0.5461259632030314
1359483,1,18,4,HV Patel,1,0.5434389806134653
1359483,1,18,5,HV Patel,1,0.6137040421178147
1359483,1,18,6,HV Patel,1,0.5079929651689362
1359483,1,19,1,Mohammed Siraj,1,0.43150348656430254
1359483,1,19,2,Mohammed Siraj,1,0.4510733778039923
1359483,1,19,3,Mohammed Siraj,0,0.36378198965815495
1359483,1,19,4,Mohammed Siraj,0,0.4342138628648643
1359483,1,19,5,Mohammed Siraj,0,0.60079057482558
1359483,2,15,1,SP Narine,0,0.1346854435739975
1359483,2,15,2,SP Narine,0,0.1871944210852615
1359483,2,15,3,SP Narine,0,0.2460371273030552
1359483,2,15,4,SP Narine,0,0.32121790602014233
1359483,2,15,5,SP Narine,0,0.33708536986313997
1359483,2,16,1,Suyash Sharma,0,0.40002631118645504
1359483,2,16,2,Suyash Sharma,0,0.4641448726178164
1359483,2,16,3,Suyash Sharma,0,0.563825773137912
1359483,2,16,4,Suyash Sharma,1,0.6046026096098125
1359483,2,16,5,Suyash Sharma,1,0.7236017247500386
1359483,2,17,1,CV Varun,1,0.25750328714104204
1359483,2,17,2,CV Varun,1,0.35637076011901697
1359483,2,17,3,CV Varun,1,0.3978728505111583
1359489,1,15,1,MA Wood,0,0.2654022855296231
1359489,1,15,2,MA Wood,1,0.37430045492690694
1359489,1,15,3,MA Wood,1,0.3795079045865504
1359489,1,15,4,MA Wood,1,0.3732376224570299
1359489,1,15,5,MA Wood,1,0.33006162789720206
1359489,1,15,6,MA Wood,1,0.34571855693922243
1359489,1,15,7,MA Wood,0,0.3352680547860586
1359489,1,16,1,Avesh Khan,0,0.5668658620033274
1359489,1,16,2,Avesh Khan,0,0.5624299012412649
1359489,1,16,3,Avesh Khan,0,0.5588568159492886
1359489,1,16,4,Avesh Khan,0,0.47702590849068505
1359489,1,16,5,Avesh Khan,0,0.5380660816068923
1359489,1,16,6,Avesh Khan,0,0.5431137962084214
1359489,1,17,1,JD Unadkat,0,0.16544726627112832
1359489,1,17,2,JD Unadkat,0,0.39090528263057445
1359489,1,17,3,JD Unadkat,0,0.34139336127515413
1359489,1,17,4,JD Unadkat,0,0.5202974812543749
1359489,1,17,5,JD Unadkat,0,0.6453016913307428
1359489,1,17,6,JD Unadkat,0,0.583937002768542
1359489,1,18,1,Avesh Khan,0,0.47373244649509955
1359489,1,18,2,Avesh Khan,1,0.5393897264590605
1359489,1,18,3,Avesh Khan,0,0.5400182959658976
1359489,1,18,4,Avesh Khan,1,0.5388587050986791
1359489,1,18,5,Avesh Khan,1,0.5623821071994934
1359489,1,19,1,MA Wood,0,0.2746628923107351
1359489,1,19,2,MA Wood,0,0.29757622292918695
1359489,1,19,3,MA Wood,0,0.3317887499774975
1359489,1,19,4,MA Wood,0,0.3253999021918682
1359489,1,19,5,MA Wood,1,0.37560652077950024
1359489,1,19,6,MA Wood,1,0.540937029000478
1359489,2,15,1,DJ Willey,0,0.3090672484290847
1359489,2,15,2,DJ Willey,0,0.47329195907875976
1359489,2,15,3,DJ Willey,0,0.5709861752378106
1359489,2,15,4,DJ Willey,0,0.6236902942189385
1359489,2,15,5,DJ Willey,0,0.6081917214254713
1359489,2,15,6,DJ Willey,0,0.7308813679245121
1359489,2,16,1,Mohammed Siraj,1,0.2847133105447939
1359489,2,16,2,Mohammed Siraj,1,0.32797842770635893
1359489,2,16,3,Mohammed Siraj,1,0.35273723778831867
1359489,2,16,4,Mohammed Siraj,0,0.3796089672007469
1359489,2,16,5,Mohammed Siraj,1,0.42440661950522895
1359489,2,16,6,Mohammed Siraj,1,0.4191751374002226
1359489,2,17,1,HV Patel,1,0.6942694220102721
1359489,2,17,2,HV Patel,1,0.682298133146632
1359489,2,17,3,HV Patel,1,0.6722609245949042
1359489,2,17,4,HV Patel,1,0.600844200622316
1359489,2,17,5,HV Patel,1,0.5779467920708714
1359489,2,17,6,HV Patel,1,0.5818638236866134
1359489,2,18,1,WD Parnell,1,0.38200681570006656
1359489,2,18,2,WD Parnell,1,0.4157943792208227
1359489,2,18,3,WD Parnell,1,0.3738835889865766
1359489,2,18,4,WD Parnell,1,0.36147479505804564
1359489,2,18,5,WD Parnell,1,0.39267981462311624
1359489,2,18,6,WD Parnell,1,0.5013052106921663
1359489,2,18,7,WD Parnell,1,0.6189516562144802
1359489,2,19,1,HV Patel,1,0.5234389997918908
1359489,2,19,2,HV Patel,1,0.5206163682557898
1359489,2,19,3,HV Patel,1,0.4945121114223385
1359489,2,19,4,HV Patel,1,0.4186685764079748
1359489,2,19,5,HV Patel,1,0.6098200794713549
1359490,1,15,1,C Green,0,0.20330441947766448
1359490,1,15,2,C Green,0,0.3287801146540439
1359490,1,15,3,C Green,0,0.3237027288213825
1359490,1,15,4,C Green,0,0.3373534531048037
1359490,1,15,5,C Green,0,0.44649822387889837
1359490,1,15,6,C Green,1,0.4621129259642945
1359490,1,16,1,JP Behrendorff,0,0.19756314576048553
1359490,1,16,2,JP Behrendorff,0,0.19982416981912896
1359490,1,16,3,JP Behrendorff,1,0.3351997658487285
1359490,1,16,4,JP Behrendorff,1,0.5244092277465499
1359490,1,16,5,JP Behrendorff,1,0.45703503284456004
1359490,1,16,6,JP Behrendorff,1,0.36430930035988535
1359490,1,17,1,RP Meredith,0,0.26723843256185814
1359490,1,17,2,RP Meredith,0,0.26562181489536196
1359490,1,17,3,RP Meredith,0,0.2641547425316351
1359490,1,17,4,RP Meredith,0,0.26639997897783396
1359490,1,17,5,RP Meredith,1,0.4440841396959741
1359490,1,17,6,RP Meredith,1,0.42146991136682727
1359490,1,17,7,RP Meredith,1,0.38227234887029304
1359490,1,18,1,JP Behrendorff,1,0.3970517703111742
1359490,1,18,2,JP Behrendorff,1,0.36285408017402626
1359490,1,18,3,JP Behrendorff,1,0.37562578316894063
1359490,1,18,4,JP Behrendorff,1,0.3146329015618071
1359490,1,18,5,JP Behrendorff,1,0.3102906093227001
1359490,1,19,1,RP Meredith,0,0.38095145805520475
1359490,1,19,2,RP Meredith,0,0.39082272461634365
1359490,1,19,3,RP Meredith,1,0.39624591303636325
1359490,2,15,1,Mukesh Kumar,1,0.8716768840428268
1359490,2,15,2,Mukesh Kumar,1,0.8340979396695353
1359490,2,15,3,Mukesh Kumar,1,0.9517598799451676
1359490,2,15,4,Mukesh Kumar,1,0.8401389628102496
1359490,2,15,5,Mukesh Kumar,1,0.8446966097896784
1359490,2,16,1,Mustafizur Rahman,0,0.45359860011203823
1359490,2,16,2,Mustafizur Rahman,0,0.20009989819097465
1359490,2,16,3,Mustafizur Rahman,0,0.17901007706113461
1359490,2,16,4,Mustafizur Rahman,0,0.1829301960579587
1359490,2,16,5,Mustafizur Rahman,0,0.22288806752871798
1359490,2,16,6,Mustafizur Rahman,0,0.2688282305824596
1359490,2,17,1,A Nortje,1,0.5563427598413917
1359490,2,17,2,A Nortje,1,0.5182236618525348
1359490,2,17,3,A Nortje,1,0.49242820604119725
1359490,2,17,4,A Nortje,1,0.4861678128961817
1359490,2,17,5,A Nortje,1,0.44946792131895663
1359490,2,17,6,A Nortje,1,0.4334786385977308
1359490,2,18,1,Mustafizur Rahman,0,0.3019139623854644
1359490,2,18,2,Mustafizur Rahman,0,0.3285743741447264
1359490,2,18,3,Mustafizur Rahman,0,0.3553857228501543
1359490,2,18,4,Mustafizur Rahman,0,0.48882870778014453
1359490,2,18,5,Mustafizur Rahman,0,0.6031768825650262
1359490,2,19,1,A Nortje,1,0.4135628863814305
1359490,2,19,2,A Nortje,1,0.34853431246116146
1359490,2,19,3,A Nortje,1,0.4251290177926523
1359490,2,19,4,A Nortje,0,0.47391018452270267
1359490,2,19,5,A Nortje,0,0.5377315595458841
1359492,1,15,1,Rashid Khan,0,0.23227987821306104
1359492,1,15,2,Rashid Khan,0,0.34798852676534764
1359492,1,15,3,Rashid Khan,1,0.40757619753765295
1359492,1,15,4,Rashid Khan,1,0.45036163246557387
1359492,1,15,5,Rashid Khan,1,0.5455276973795882
1359492,1,16,1,AS Joseph,0,0.4594787826534713
1359492,1,16,2,AS Joseph,0,0.48449636077070224
1359492,1,16,3,AS Joseph,0,0.4890289324206815
1359492,1,16,4,AS Joseph,0,0.49979652933697977
1359492,1,16,5,AS Joseph,0,0.4866775498500082
1359492,1,16,6,AS Joseph,0,0.5381460125008828
1359492,1,16,7,AS Joseph,0,0.6703067000200281
1359492,1,17,1,Mohammed Shami,0,0.6025300580070606
1359492,1,17,2,Mohammed Shami,0,0.5828140590029427
1359492,1,17,3,Mohammed Shami,0,0.6024639612592443
1359492,1,17,4,Mohammed Shami,0,0.5897149841304988
1359492,1,17,5,Mohammed Shami,0,0.6747214667286208
1359492,1,18,1,MM Sharma,0,0.2152706936929276
1359492,1,18,2,MM Sharma,0,0.1918320982829054
1359492,1,18,3,MM Sharma,0,0.2281980936108326
1359492,1,18,4,MM Sharma,0,0.2767896468428555
1359492,1,18,5,MM Sharma,0,0.36557585746641097
1359492,1,19,1,J Little,0,0.5238917320025335
1359492,1,19,2,J Little,1,0.5492087562087463
1359492,1,19,3,J Little,1,0.5691608380909478
1359492,1,19,4,J Little,1,0.5734655516268734
1359492,1,19,5,J Little,1,0.6342070725159478
1359492,1,19,6,J Little,1,0.6784583485124375
1359492,2,15,1,RD Chahar,0,0.2894713404124192
1359492,2,15,2,RD Chahar,0,0.2741816290893109
1359492,2,15,3,RD Chahar,0,0.3143626362658081
1359492,2,15,4,RD Chahar,1,0.3998944339575879
1359492,2,15,5,RD Chahar,1,0.3914919000898734
1359492,2,16,1,SM Curran,0,0.15053358464212374
1359492,2,16,2,SM Curran,0,0.1483875980557821
1359492,2,16,3,SM Curran,0,0.17105921298110147
1359492,2,16,4,SM Curran,0,0.38937966860410206
1359492,2,16,5,SM Curran,0,0.39213699629561843
1359492,2,16,6,SM Curran,0,0.415477903872262
1359492,2,17,1,K Rabada,0,0.4528687371182754
1359492,2,17,2,K Rabada,0,0.4463938108258721
1359492,2,17,3,K Rabada,0,0.49763565188041875
1359492,2,17,4,K Rabada,0,0.5459381789861716
1359492,2,17,5,K Rabada,0,0.6068747751281927
1359492,2,18,1,Arshdeep Singh,1,0.5623948471377599
1359492,2,18,2,Arshdeep Singh,1,0.5144554887333695
1359492,2,18,3,Arshdeep Singh,1,0.47493462779246354
1359492,2,18,4,Arshdeep Singh,1,0.5313978200170653
1359492,2,18,5,Arshdeep Singh,1,0.6088173387809226
1359492,2,19,1,SM Curran,0,0.36921313353377144
1359492,2,19,2,SM Curran,0,0.282327164424904
1359492,2,19,3,SM Curran,0,0.24662696073937826
1359492,2,19,4,SM Curran,0,0.24418310202538912
1359493,1,15,1,Suyash Sharma,0,0.3473334635576332
1359493,1,15,2,Suyash Sharma,0,0.30645612101037123
1359493,1,15,3,Suyash Sharma,0,0.3531517015158411
1359493,1,15,4,Suyash Sharma,0,0.39583604085621266
1359493,1,15,5,Suyash Sharma,0,0.5348846966632725
1359493,1,16,1,SP Narine,0,0.14109665683571224
1359493,1,16,2,SP Narine,0,0.24810949606274044
1359493,1,16,3,SP Narine,0,0.2515511840484435
1359493,1,16,4,SP Narine,0,0.25663920466220136
1359493,1,16,5,SP Narine,0,0.2606438851569564
1359493,1,16,6,SP Narine,0,0.28940906368868646
1359493,1,17,1,CV Varun,0,0.4278006475031992
1359493,1,17,2,CV Varun,0,0.4901725169399669
1359493,1,17,3,CV Varun,0,0.5718794554036308
1359493,1,17,4,CV Varun,0,0.5600114561948326
1359493,1,17,5,CV Varun,0,0.7094548800424657
1359493,1,18,1,AD Russell,1,0.4614030226091027
1359493,1,18,3,SN Thakur,0,0.1578247350913936
1359493,1,18,4,SN Thakur,0,0.791753223966485
1359493,1,18,5,SN Thakur,0,0.5261763995636983
1359493,1,18,6,SN Thakur,0,0.7898296725370083
1359493,1,19,1,UT Yadav,1,0.5935090111437098
1359493,1,19,2,UT Yadav,1,0.6093914483525836
1359493,1,19,3,UT Yadav,0,0.5650088207834127
1359493,1,19,4,UT Yadav,0,0.48424881010500737
1359493,1,19,5,UT Yadav,1,0.594469242551961
1359493,1,19,6,UT Yadav,1,0.5926368761024601
1359493,2,15,1,M Jansen,0,0.22123451535285535
1359493,2,15,2,M Jansen,0,0.23752118878035053
1359493,2,15,3,M Jansen,0,0.26278319285694074
1359493,2,15,4,M Jansen,0,0.2806536555201957
1359493,2,15,5,M Jansen,0,0.3776956223114393
1359493,2,15,6,M Jansen,0,0.45092219027834296
1359493,2,15,7,M Jansen,0,0.5859425274820488
1359493,2,15,8,M Jansen,0,0.5790661717106629
1359493,2,16,1,T Natarajan,0,0.40703018211965564
1359493,2,16,2,T Natarajan,0,0.45597401330910103
1359493,2,16,3,T Natarajan,0,0.5316447814302105
1359493,2,16,4,T Natarajan,0,0.43344244505664364
1359493,2,16,5,T Natarajan,0,0.47080638876935793
1359493,2,16,6,T Natarajan,0,0.5404813398851107
1359493,2,17,1,B Kumar,0,0.2324509894556521
1359493,2,17,2,B Kumar,0,0.2454235996396597
1359493,2,17,3,B Kumar,1,0.31950582229190705
1359493,2,17,4,B Kumar,0,0.3877790137595435
1359493,2,17,5,B Kumar,0,0.4690539425943776
1359493,2,17,6,B Kumar,0,0.6286934114659257
1359493,2,18,1,T Natarajan,0,0.4557085411102113
1359493,2,18,2,T Natarajan,0,0.53097656035478
1359493,2,18,3,T Natarajan,0,0.4822961430615282
1359493,2,18,4,T Natarajan,0,0.4642886771614049
1359493,2,18,5,T Natarajan,0,0.6235228151251916
1359493,2,19,1,Umran Malik,1,0.9602338351819075
1359493,2,19,2,Umran Malik,1,0.9602338351819075
1359493,2,19,3,Umran Malik,1,0.9385571239309531
1359493,2,19,4,Umran Malik,0,0.6732930197406001
1359493,2,19,5,Umran Malik,1,0.8677493905861454
1359495,1,15,1,RD Chahar,0,0.07210871941346608
1359495,1,15,2,RD Chahar,0,0.07294525761846074
1359495,1,15,3,RD Chahar,0,0.1941823788074161
1359495,1,15,4,RD Chahar,1,0.43088008661377614
1359495,1,15,5,RD Chahar,1,0.41032926262379177
1359495,1,16,1,K Rabada,0,0.33846662808871486
1359495,1,16,2,K Rabada,0,0.3983403003487553
1359495,1,16,3,K Rabada,0,0.4353110852987872
1359495,1,16,4,K Rabada,1,0.5622549016494603
1359495,1,16,5,K Rabada,1,0.5569181340168572
1359495,1,16,6,K Rabada,1,0.6870371171522569
1359495,1,17,1,SM Curran,1,0.3844623530019043
1359495,1,17,2,SM Curran,1,0.3353561159622703
1359495,1,17,3,SM Curran,1,0.26114034174422185
1359495,1,17,4,SM Curran,1,0.33231968987476074
1359495,1,17,5,SM Curran,1,0.37000049207770475
1359495,1,17,6,SM Curran,1,0.40950660196837907
1359495,1,17,7,SM Curran,1,0.36301034093968404
1359495,1,18,1,Arshdeep Singh,0,0.2149726313504103
1359495,1,18,2,Arshdeep Singh,1,0.26743672353752196
1359495,1,18,3,Arshdeep Singh,1,0.2617276698861358
1359495,1,18,4,Arshdeep Singh,1,0.28889620615333883
1359495,1,18,5,Arshdeep Singh,1,0.32669188298397395
1359495,1,19,1,SM Curran,1,0.35153060342290315
1359495,1,19,2,SM Curran,1,0.32984765873909844
1359495,1,19,3,SM Curran,1,0.372343038267099
1359495,1,19,4,SM Curran,0,0.43372024827392847
1359495,1,19,5,SM Curran,0,0.5044390173648193
1359495,1,19,6,SM Curran,0,0.5830341656645955
1359495,2,15,1,MA Wood,0,0.03421346938887119
1359495,2,15,2,MA Wood,0,0.032378558979847885
1359495,2,15,3,MA Wood,0,0.04049223161407597
1359495,2,15,4,MA Wood,0,0.06733778211572436
1359495,2,15,5,MA Wood,0,0.08863960044705489
1359495,2,15,6,MA Wood,0,0.11456668820726608
1359495,2,15,7,MA Wood,0,0.20413448215300747
1359495,2,16,1,Avesh Khan,0,0.2437890040462464
1359495,2,16,2,Avesh Khan,0,0.2216504190073502
1359495,2,16,3,Avesh Khan,0,0.21433903206852942
1359495,2,16,4,Avesh Khan,0,0.22839609141556627
1359495,2,16,5,Avesh Khan,0,0.22590603856057712
1359495,2,16,6,Avesh Khan,0,0.2301678003891723
1359495,2,17,1,Ravi Bishnoi,0,0.2567567864703943
1359495,2,17,2,Ravi Bishnoi,0,0.2600471226397853
1359495,2,17,3,Ravi Bishnoi,0,0.293104499711295
1359495,2,17,4,Ravi Bishnoi,0,0.25080185455914006
1359495,2,17,5,Ravi Bishnoi,0,0.15814221116744828
1359495,2,17,6,Ravi Bishnoi,0,0.14054129196753357
1359495,2,17,7,Ravi Bishnoi,0,0.08196068082850427
1359495,2,18,1,MA Wood,0,0.31238089307856604
1359495,2,18,2,MA Wood,0,0.3103678025859975
1359495,2,18,3,MA Wood,0,0.3558684047314979
1359495,2,18,4,MA Wood,0,0.404380951265403
1359495,2,18,5,MA Wood,1,0.4493139001901926
1359495,2,18,6,MA Wood,1,0.5156352481304247
1359495,2,19,1,Ravi Bishnoi,0,0.12687790142171548
1359495,2,19,2,Ravi Bishnoi,0,0.17082429201482777
1359498,1,15,1,HV Patel,0,0.4126572912943485
1359498,1,15,2,HV Patel,1,0.5059077834720401
1359498,1,15,3,HV Patel,1,0.5007442516016788
1359498,1,15,4,HV Patel,0,0.41888550820703657
1359498,1,15,5,HV Patel,0,0.39673466878384717
1359498,1,15,6,HV Patel,0,0.3981994565845556
1359498,1,16,1,WD Parnell,1,0.5690790919452705
1359498,1,16,2,WD Parnell,1,0.5273378364888197
1359498,1,16,3,WD Parnell,0,0.37230144067443094
1359498,1,16,4,WD Parnell,0,0.4263051200548805
1359498,1,16,5,WD Parnell,0,0.6381604418902058
1359498,1,17,1,Vijaykumar Vyshak,1,0.6788242544517175
1359498,1,17,2,Vijaykumar Vyshak,1,0.5654822276292644
1359498,1,17,3,Vijaykumar Vyshak,1,0.5545975373668613
1359498,1,17,4,Vijaykumar Vyshak,1,0.5528345567217624
1359498,1,17,5,Vijaykumar Vyshak,1,0.5489355274555273
1359498,1,18,1,Mohammed Siraj,1,0.27456979843776924
1359498,1,18,2,Mohammed Siraj,1,0.28592446330173793
1359498,1,18,3,Mohammed Siraj,1,0.3341451527496175
1359498,1,18,4,Mohammed Siraj,1,0.3760305161554941
1359498,1,18,5,Mohammed Siraj,1,0.5252580024326673
1359498,1,19,1,HV Patel,0,0.27894381447762745
1359498,1,19,2,HV Patel,0,0.2884254363679133
1359498,1,19,6,GJ Maxwell,1,0.3732657381001654
1359498,1,19,7,GJ Maxwell,1,0.3746413447191296
1359498,1,19,8,GJ Maxwell,1,0.3134417758508208
1359498,1,19,9,GJ Maxwell,1,0.2745923758596514
1359498,2,15,1,M Theekshana,0,0.4499851891756841
1359498,2,15,2,M Theekshana,1,0.5003190078282291
1359498,2,15,3,M Theekshana,1,0.5364557304925549
1359498,2,15,4,M Theekshana,1,0.5360410104056357
1359498,2,15,5,M Theekshana,1,0.6156686732136584
1359498,2,15,6,M Theekshana,1,0.7526896347800879
1359498,2,16,1,TU Deshpande,1,0.4998238040193389
1359498,2,16,2,TU Deshpande,0,0.500381798783474
1359498,2,16,3,TU Deshpande,0,0.5062242180416949
1359498,2,16,4,TU Deshpande,1,0.5094051975909463
1359498,2,16,5,TU Deshpande,1,0.5077877905873063
1359498,2,16,6,TU Deshpande,1,0.5077877905873063
1359498,2,16,7,TU Deshpande,0,0.5185404540174513
1359498,2,17,1,M Pathirana,1,0.5007980111915094
1359498,2,17,2,M Pathirana,1,0.4817129691843308
1359498,2,17,3,M Pathirana,1,0.4779864733238524
1359498,2,17,4,M Pathirana,1,0.43971276695129136
1359498,2,17,5,M Pathirana,1,0.436152475966883
1359498,2,17,6,M Pathirana,1,0.43971276695129136
1359498,2,17,7,M Pathirana,1,0.39399841344184416
1359498,2,18,1,TU Deshpande,1,0.48665921211853314
1359498,2,18,2,TU Deshpande,0,0.5486508511767957
1359498,2,18,3,TU Deshpande,0,0.5545378276113809
1359498,2,18,4,TU Deshpande,0,0.5083445711990922
1359498,2,18,5,TU Deshpande,0,0.514020233386887
1359498,2,18,6,TU Deshpande,1,0.479442107148511
1359498,2,18,7,TU Deshpande,1,0.6917125938441661
1359498,2,19,1,M Pathirana,0,0.3808028261225583
1359498,2,19,2,M Pathirana,0,0.3834204230874389
1359498,2,19,3,M Pathirana,1,0.34843920883324386
1359498,2,19,4,M Pathirana,1,0.39130214930589596
1359498,2,19,5,M Pathirana,1,0.5578995522281018
1359500,1,15,1,JO Holder,0,0.29784841741923457
1359500,1,15,2,JO Holder,0,0.3265340542151039
1359500,1,15,3,JO Holder,0,0.3232095726256556
1359500,1,15,4,JO Holder,0,0.33442318841580293
1359500,1,15,5,JO Holder,0,0.312450738760063
1359500,1,15,6,JO Holder,0,0.30726102900991703
1359500,1,16,1,Sandeep Sharma,0,0.13816205704956253
1359500,1,16,2,Sandeep Sharma,1,0.2331043343482199
1359500,1,16,3,Sandeep Sharma,1,0.17633442162702473
1359500,1,16,4,Sandeep Sharma,1,0.19320850265772097
1359500,1,16,5,Sandeep Sharma,0,0.196126552213678
1359500,1,16,6,Sandeep Sharma,1,0.18244541532388214
1359500,1,17,1,R Ashwin,0,0.1730048336316439
1359500,1,17,2,R Ashwin,0,0.24473350185868828
1359500,1,17,3,R Ashwin,0,0.2782377142123779
1359500,1,17,4,R Ashwin,0,0.3015122821499576
1359500,1,17,5,R Ashwin,0,0.295046991691976
1359500,1,18,1,JO Holder,0,0.2619669598629674
1359500,1,18,2,JO Holder,0,0.3000593337399072
1359500,1,18,3,JO Holder,0,0.363159044968687
1359500,1,18,4,JO Holder,1,0.46244394547227463
1359500,1,18,5,JO Holder,0,0.5825934366463872
1359500,1,19,1,Sandeep Sharma,0,0.16309314404881717
1359500,1,19,2,Sandeep Sharma,0,0.1806737417860432
1359500,1,19,3,Sandeep Sharma,0,0.2843677823328857
1359500,1,19,4,Sandeep Sharma,1,0.397060731609629
1359500,1,19,5,Sandeep Sharma,1,0.5256050760473521
1359500,2,15,1,Avesh Khan,1,0.34598851222054633
1359500,2,15,2,Avesh Khan,1,0.32292243266382875
1359500,2,15,3,Avesh Khan,1,0.33670825024075834
1359500,2,15,4,Avesh Khan,1,0.41503735334536634
1359500,2,15,5,Avesh Khan,0,0.4039691311180803
1359500,2,15,6,Avesh Khan,0,0.3894854053243083
1359500,2,16,1,Ravi Bishnoi,0,0.30681475281871623
1359500,2,16,2,Ravi Bishnoi,0,0.42826214712031796
1359500,2,16,3,Ravi Bishnoi,1,0.5481184027587103
1359500,2,16,4,Ravi Bishnoi,1,0.6493574902618704
1359500,2,16,5,Ravi Bishnoi,1,0.7709935412320856
1359500,2,17,1,MP Stoinis,0,0.2550421640563596
1359500,2,17,2,MP Stoinis,0,0.3194688266751303
1359500,2,17,3,MP Stoinis,0,0.5104825370943413
1359500,2,17,4,MP Stoinis,0,0.6238665631541036
1359500,2,17,5,MP Stoinis,1,0.7181755161487651
1359500,2,18,1,Naveen-ul-Haq,0,0.10655183756131095
1359500,2,18,2,Naveen-ul-Haq,0,0.12403680315598106
1359500,2,18,3,Naveen-ul-Haq,0,0.16444224294778645
1359500,2,18,4,Naveen-ul-Haq,1,0.2672751875565305
1359500,2,18,5,Naveen-ul-Haq,1,0.23268437934449418
1359500,2,19,1,Avesh Khan,1,0.39327973140674083
1359500,2,19,2,Avesh Khan,1,0.38478243942159623
1359500,2,19,3,Avesh Khan,1,0.4394446539779094
1359500,2,19,4,Avesh Khan,0,0.5123249292203621
1359500,2,19,5,Avesh Khan,1,0.7176851603154768
1359510,1,15,1,HV Patel,0,0.12853982557775362
1359510,1,15,2,HV Patel,0,0.13607065135978702
1359510,1,15,3,HV Patel,0,0.30415625215929365
1359510,1,15,4,HV Patel,0,0.31719626897882175
1359510,1,15,5,HV Patel,0,0.32621272762275366
1359510,1,15,6,HV Patel,0,0.3986198057183867
1359510,1,16,1,Vijaykumar Vyshak,0,0.33903209867671574
1359510,1,16,2,Vijaykumar Vyshak,0,0.32841297152957755
1359510,1,16,3,Vijaykumar Vyshak,0,0.35905514230674995
1359510,1,16,4,Vijaykumar Vyshak,0,0.4409580503089568
1359510,1,16,5,Vijaykumar Vyshak,0,0.5799446953797663
1359510,1,17,1,PWH de Silva,1,0.3352271314163589
1359510,1,17,2,PWH de Silva,1,0.32962313105118035
1359510,1,17,3,PWH de Silva,1,0.377288253766858
1359510,1,17,4,PWH de Silva,1,0.4482458232908748
1359510,1,17,5,PWH de Silva,1,0.5831972739348998
1359510,1,18,1,Mohammed Siraj,0,0.33219199604757454
1359510,1,18,2,Mohammed Siraj,1,0.33712831422213446
1359510,1,18,3,Mohammed Siraj,1,0.36434498774116564
1359510,1,18,4,Mohammed Siraj,1,0.429169932402533
1359510,1,18,5,Mohammed Siraj,1,0.5492383833861272
1359510,1,19,1,HV Patel,0,0.34042344781790496
1359510,1,19,2,HV Patel,1,0.41879433007958144
1359510,1,19,3,HV Patel,0,0.37112691339478626
1359510,1,19,4,HV Patel,0,0.40653250363142207
1359510,1,19,5,HV Patel,0,0.5109610499376247
1359510,2,15,1,SP Narine,1,0.6481003155562659
1359510,2,15,2,SP Narine,1,0.6350405074708583
1359510,2,15,3,SP Narine,1,0.5425994752940102
1359510,2,15,4,SP Narine,0,0.5538329789168951
1359510,2,15,5,SP Narine,0,0.7044832388954787
1359510,2,16,1,AD Russell,0,0.1759251971140596
1359510,2,16,2,AD Russell,0,0.13700836199532895
1359510,2,16,3,AD Russell,0,0.34170536049325234
1359510,2,16,4,AD Russell,0,0.3662719507039886
1359510,2,16,5,AD Russell,0,0.35538790649631447
1359510,2,16,6,AD Russell,0,0.3615275236826985
1359510,2,17,1,CV Varun,1,0.3394486419558242
1359510,2,17,2,CV Varun,1,0.35205870598000255
1359510,2,17,3,CV Varun,1,0.4233797062900549
1359510,2,17,4,CV Varun,1,0.4978118715087775
1359510,2,17,5,CV Varun,1,0.6507543673710356
1359510,2,18,1,AD Russell,0,0.3713294223382013
1359510,2,18,2,AD Russell,0,0.3829266983218375
1359510,2,18,3,AD Russell,0,0.40094586513906777
1359510,2,18,4,AD Russell,0,0.4457421317794811
1359510,2,18,5,AD Russell,1,0.6175053268032493
1359510,2,19,1,VG Arora,0,0.31689565869753855
1359510,2,19,2,VG Arora,0,0.32692594497249305
1359510,2,19,3,VG Arora,0,0.3797231516786174
1359510,2,19,4,VG Arora,1,0.4992124906352684
1359510,2,19,5,VG Arora,1,0.5055460453070872
1359510,2,19,6,VG Arora,0,0.3904109230531755
1359513,1,15,1,Noor Ahmad,0,0.14600476526182884
1359513,1,15,2,Noor Ahmad,0,0.1562477145559146
1359513,1,15,3,Noor Ahmad,0,0.10366775110536407
1359513,1,15,4,Noor Ahmad,0,0.12499757875903551
1359513,1,15,5,Noor Ahmad,0,0.1541736716434251
1359513,1,15,6,Noor Ahmad,0,0.14631388425513916
1359513,1,16,1,Rashid Khan,0,0.4656944239577298
1359513,1,16,2,Rashid Khan,1,0.6208965793300174
1359513,1,16,3,Rashid Khan,0,0.435364001060281
1359513,1,16,4,Rashid Khan,0,0.47513976584425666
1359513,1,16,5,Rashid Khan,1,0.6511902831150188
1359513,1,17,1,Noor Ahmad,1,0.32789125515610335
1359513,1,17,2,Noor Ahmad,1,0.3885847363771517
1359513,1,17,3,Noor Ahmad,1,0.4029758017637851
1359513,1,17,4,Noor Ahmad,1,0.2761436750892682
1359513,1,17,5,Noor Ahmad,1,0.2392379961642437
1359513,1,18,1,J Little,0,0.11536638476835138
1359513,1,18,2,J Little,0,0.19786423535632788
1359513,1,18,3,J Little,0,0.22409350979164214
1359513,1,18,4,J Little,0,0.24005138349370458
1359513,1,18,5,J Little,0,0.24677379516757297
1359513,1,19,1,Mohammed Shami,0,0.3343679226843281
1359513,1,19,2,Mohammed Shami,0,0.42250872720746036
1359513,1,19,3,Mohammed Shami,0,0.48604132833880404
1359513,1,19,4,Mohammed Shami,0,0.4924358484845026
1359513,1,19,5,Mohammed Shami,1,0.5896502444182385
1359513,2,15,1,AD Russell,0,0.3189823517310607
1359513,2,15,2,AD Russell,0,0.3167717042605537
1359513,2,15,3,AD Russell,0,0.33899825773392867
1359513,2,15,4,AD Russell,0,0.37562916592851703
1359513,2,15,5,AD Russell,1,0.551406451604765
1359513,2,15,6,AD Russell,1,0.5367199194240004
1359513,2,16,1,CV Varun,0,0.41727961875790415
1359513,2,16,2,CV Varun,0,0.4666823853992877
1359513,2,16,3,CV Varun,0,0.4737497850181503
1359513,2,16,4,CV Varun,0,0.5233789849183587
1359513,2,16,5,CV Varun,0,0.6676996303162969
1359513,2,17,1,N Rana,0,0.08397224193382637
1359513,2,17,2,N Rana,0,0.8460441191004155
1359513,2,17,3,N Rana,0,0.628012360810002
1359513,2,17,4,N Rana,0,0.3811783276635116
1359519,1,15,1,M Pathirana,0,0.042388410062256056
1359519,1,15,2,M Pathirana,0,0.046631760047251614
1359519,1,15,3,M Pathirana,0,0.06970138751268663
1359519,1,15,4,M Pathirana,0,0.07507973949052553
1359519,1,15,5,M Pathirana,0,0.04956537656894781
1359519,1,15,6,M Pathirana,0,0.05241598225726749
1359519,1,15,7,M Pathirana,1,0.14375898409041002
1359519,1,15,8,M Pathirana,1,0.1952089486727664
1359519,1,16,1,M Theekshana,0,0.4048784181628192
1359519,1,16,2,M Theekshana,0,0.4190231896546504
1359519,1,16,3,M Theekshana,0,0.5722724675058936
1359519,1,16,4,M Theekshana,0,0.5878752434982807
1359519,1,16,5,M Theekshana,0,0.6971540618081052
1359519,1,17,1,M Pathirana,1,0.1953912530194639
1359519,1,17,2,M Pathirana,1,0.2017153675044011
1359519,1,17,3,M Pathirana,1,0.1857425560616986
1359519,1,17,4,M Pathirana,1,0.17706842165462294
1359519,1,17,5,M Pathirana,1,0.20156559867108303
1359519,1,17,6,M Pathirana,1,0.22929326345034323
1359519,1,18,1,DL Chahar,0,0.3947552114327575
1359519,1,18,2,DL Chahar,0,0.4624047261946054
1359519,1,18,3,DL Chahar,0,0.5286399184047794
1359519,1,18,4,DL Chahar,0,0.5425298490040795
1359519,1,18,5,DL Chahar,0,0.6616806557968906
1359519,1,19,1,M Pathirana,1,0.19548934114769198
1359525,1,15,1,Mohsin Khan,1,0.8984058111517271
1359525,1,15,2,Mohsin Khan,1,0.876502644118347
1359525,1,15,3,Mohsin Khan,1,0.8759794286530069
1359525,1,15,4,Mohsin Khan,1,0.8751043695098051
1359525,1,15,5,Mohsin Khan,1,0.8811159453689329
1359525,1,16,1,Avesh Khan,0,0.22756002400883674
1359525,1,16,2,Avesh Khan,0,0.19414715383085476
1359525,1,16,3,Avesh Khan,0,0.26395338502216126
1359525,1,16,4,Avesh Khan,0,0.28804134289358857
1359525,1,16,5,Avesh Khan,0,0.33764314769073406
1359525,1,16,6,Avesh Khan,0,0.34360342414593253
1359525,1,17,1,Yash Thakur,0,0.6683794245614553
1359525,1,17,2,Yash Thakur,0,0.679397785012581
1359525,1,17,3,Yash Thakur,0,0.6479427806029567
1359525,1,17,4,Yash Thakur,1,0.7054028808432847
1359525,1,17,5,Yash Thakur,0,0.6689520509010901
1359525,1,17,6,Yash Thakur,0,0.6542072574087656
1359525,1,18,1,Avesh Khan,0,0.3133683934018978
1359525,1,18,2,Avesh Khan,0,0.30084695837676123
1359525,1,18,3,Avesh Khan,0,0.39166048406376586
1359525,1,18,4,Avesh Khan,1,0.5443596848348455
1359525,1,18,5,Avesh Khan,1,0.6360866041945088
1359525,1,19,1,Yash Thakur,1,0.6865688629010427
1359525,1,19,2,Yash Thakur,1,0.6574778957937634
1359525,1,19,3,Yash Thakur,0,0.595409502761666
1359525,1,19,4,Yash Thakur,0,0.5839084937152434
1359525,1,19,5,Yash Thakur,1,0.7167079112497295
1359525,2,15,1,Rashid Khan,1,0.4962845790431886
1359525,2,15,2,Rashid Khan,1,0.5423429012919839
1359525,2,15,3,Rashid Khan,1,0.5706021588939272
1359525,2,15,4,Rashid Khan,1,0.5871483573587115
1359525,2,15,5,Rashid Khan,1,0.6952155137992
1359525,2,16,1,Mohammed Shami,0,0.36376298371217913
1359525,2,16,2,Mohammed Shami,1,0.3804763054662219
1359525,2,16,3,Mohammed Shami,1,0.45755345718914203
1359525,2,16,4,Mohammed Shami,1,0.5262440369336622
1359525,2,16,5,Mohammed Shami,1,0.6333860098276584
1359525,2,17,1,Noor Ahmad,1,0.34422301192995486
1359525,2,17,2,Noor Ahmad,1,0.4278320416532425
1359525,2,17,3,Noor Ahmad,1,0.4884200878880023
1359525,2,17,4,Noor Ahmad,1,0.551151151841733
1359525,2,17,5,Noor Ahmad,1,0.6579504125292979
1359525,2,18,1,MM Sharma,0,0.22005858030078315
1359525,2,18,2,MM Sharma,0,0.5170316035849131
1359525,2,18,3,MM Sharma,0,0.5751192885456862
1359525,2,18,4,MM Sharma,1,0.5934502499146085
1359525,2,18,5,MM Sharma,1,0.624602469951694
1359525,2,18,6,MM Sharma,1,0.8084233706208719
1359525,2,19,1,AS Joseph,0,0.14543768306387686
1359525,2,19,2,AS Joseph,1,0.8015963004076468
1359525,2,19,3,AS Joseph,1,0.6237303380658842
1359525,2,19,4,AS Joseph,1,0.4439985611273486
1359525,2,19,5,AS Joseph,1,0.4687982599962563
1359533,1,15,1,I Sharma,0,0.4815981074609853
1359533,1,15,2,I Sharma,0,0.344056080513045
1359533,1,15,3,I Sharma,0,0.2787269016161208
1359533,1,15,4,I Sharma,0,0.3311843871579966
1359533,1,15,5,I Sharma,0,0.3348831631798927
1359533,1,16,1,Kuldeep Yadav,0,0.24695995469715915
1359533,1,16,2,Kuldeep Yadav,0,0.328605701239012
1359533,1,16,3,Kuldeep Yadav,0,0.36155515066034205
1359533,1,16,4,Kuldeep Yadav,1,0.5002554271453655
1359533,1,16,5,Kuldeep Yadav,1,0.5645767833601711
1359533,1,17,1,KK Ahmed,0,0.11812000116620262
1359533,1,17,2,KK Ahmed,0,0.15706952983512543
1359533,1,17,3,KK Ahmed,0,0.19667610329866192
1359533,1,17,4,KK Ahmed,1,0.2951084352806635
1359533,1,17,5,KK Ahmed,0,0.2728981924551904
1359533,1,17,6,KK Ahmed,0,0.22575992045657634
1359533,1,18,1,Mukesh Kumar,0,0.030920711611524303
1359533,1,18,2,Mukesh Kumar,0,0.03903299276215759
1359533,1,18,3,Mukesh Kumar,0,0.09234997990192235
1359533,1,18,4,Mukesh Kumar,0,0.08850360888817083
1359533,1,18,5,Mukesh Kumar,0,0.12409192453760957
1359533,1,19,1,KK Ahmed,0,0.229167079610321
1359533,1,19,2,KK Ahmed,1,0.35670030451867885
1359533,1,19,3,KK Ahmed,1,0.3724837133113512
1359533,1,19,4,KK Ahmed,1,0.33695667399469525
1359533,1,19,5,KK Ahmed,1,0.44669306660864794
1359533,1,19,6,KK Ahmed,0,0.6228055861817979
1359533,2,15,1,NT Ellis,1,0.22056286611906886
1359533,2,15,2,NT Ellis,1,0.18794885518222887
1359533,2,15,3,NT Ellis,1,0.177953395625014
1359533,2,15,4,NT Ellis,1,0.2375754565098166
1359533,2,15,5,NT Ellis,1,0.18020190396673116
1359533,2,15,6,NT Ellis,1,0.1597421941341404
1359533,2,16,1,Arshdeep Singh,1,0.35918575971237665
1359533,2,16,2,Arshdeep Singh,1,0.27663417114599703
1359533,2,16,3,Arshdeep Singh,1,0.2631366329706218
1359533,2,16,4,Arshdeep Singh,1,0.23566422442991258
1359533,2,16,5,Arshdeep Singh,1,0.2342810060073781
1359533,2,16,6,Arshdeep Singh,1,0.2521885028321749
1359533,2,17,1,NT Ellis,1,0.25069809201393967
1359533,2,17,2,NT Ellis,1,0.28965791306135696
1359533,2,17,3,NT Ellis,1,0.2917656928977282
1359533,2,17,4,NT Ellis,1,0.305645387726256
1359533,2,17,5,NT Ellis,1,0.3034702967199564
1359533,2,17,6,NT Ellis,1,0.30005501130322804
1359533,2,17,7,NT Ellis,1,0.2957961119538965
1359533,2,18,1,Arshdeep Singh,1,0.31182548906813906
1359533,2,18,2,Arshdeep Singh,1,0.2535842309257389
1359533,2,18,3,Arshdeep Singh,1,0.3100591157566011
1359533,2,18,4,Arshdeep Singh,1,0.3650139877663222
1359533,2,18,5,Arshdeep Singh,1,0.48507141933687414
1359533,2,19,1,NT Ellis,1,0.3292573034917704
1359533,2,19,2,NT Ellis,1,0.36849012675889997
1359533,2,19,3,NT Ellis,1,0.4878057681453692
1359533,2,19,4,NT Ellis,1,0.5657027887424679
1359533,2,19,5,NT Ellis,1,0.6668848257021308
1370353,1,15,1,M Pathirana,1,0.7220115810967174
1370353,1,15,2,M Pathirana,0,0.5850839318258231
1370353,1,15,3,M Pathirana,1,0.783525452304247
1370353,1,15,4,M Pathirana,1,0.8717119161088338
1370353,1,15,5,M Pathirana,1,0.8340695267896819
1370353,1,15,6,M Pathirana,1,0.8241639914806416
1370353,1,16,1,TU Deshpande,0,0.7336090614393898
1370353,1,16,2,TU Deshpande,0,0.8058463546482028
1370353,1,16,3,TU Deshpande,0,0.8274437221497383
1370353,1,16,4,TU Deshpande,0,0.8263205543911993
1370353,1,16,5,TU Deshpande,0,0.8238230709343509
1370353,1,16,6,TU Deshpande,0,0.8130774399484495
1370353,1,17,1,M Pathirana,1,0.7027909034760759
1370353,1,17,2,M Pathirana,1,0.628287936570639
1370353,1,17,3,M Pathirana,0,0.5460940198705687
1370353,1,17,4,M Pathirana,0,0.6393436379658992
1370353,1,17,5,M Pathirana,0,0.6449745177028952
1370353,1,17,6,M Pathirana,0,0.573635418401819
1370353,1,18,1,TU Deshpande,0,0.7844466205478269
1370353,1,18,2,TU Deshpande,0,0.7707519006546071
1370353,1,18,3,TU Deshpande,0,0.7538098365859731
1370353,1,18,4,TU Deshpande,0,0.7565676484893188
1370353,1,18,5,TU Deshpande,0,0.7740083213906264
1370353,1,19,1,M Pathirana,1,0.6597214190667786
1370353,1,19,2,M Pathirana,1,0.7008760967572681
1370353,1,19,3,M Pathirana,1,0.5367696107535248
1370353,1,19,4,M Pathirana,1,0.5547983798713948
1370353,1,19,5,M Pathirana,1,0.5742707390079739
1422120,1,15,1,RD Chahar,1,0.37265445364607114
1422120,1,15,2,RD Chahar,1,0.31520250328764504
1422120,1,15,3,RD Chahar,1,0.2716157952418963
1422120,1,15,4,RD Chahar,1,0.41556161338056624
1422120,1,15,5,RD Chahar,1,0.5342236637381383
1422120,1,16,1,K Rabada,0,0.25834066287979485
1422120,1,16,2,K Rabada,1,0.4187528394023898
1422120,1,16,3,K Rabada,1,0.3514641109111521
1422120,1,16,4,K Rabada,1,0.41435445807344073
1422120,1,16,5,K Rabada,1,0.624985535515029
1422120,1,17,1,HV Patel,0,0.23890489158755038
1422120,1,17,2,HV Patel,0,0.2217697816731608
1422120,1,17,3,HV Patel,0,0.21786323883455225
1422120,1,17,4,HV Patel,0,0.24707266025355146
1422120,1,17,5,HV Patel,0,0.24566918826177556
1422120,1,17,6,HV Patel,0,0.27925092730569034
1422120,1,18,1,Arshdeep Singh,1,0.24359503717658695
1422120,1,18,2,Arshdeep Singh,1,0.24359503717658695
1422120,1,18,3,Arshdeep Singh,1,0.21470824874206135
1422120,1,18,4,Arshdeep Singh,1,0.21148972830405213
1422120,1,18,5,Arshdeep Singh,1,0.3348863731700936
1422120,1,18,6,Arshdeep Singh,1,0.6312883056058558
1422120,1,19,1,HV Patel,0,0.34855977877966615
1422120,1,19,2,HV Patel,0,0.5333348644403727
1422120,1,19,3,HV Patel,0,0.4984099867347074
1422120,1,19,4,HV Patel,0,0.6042355870546855
1422120,1,19,5,HV Patel,1,0.8129719408892493
1422120,2,15,1,AR Patel,1,0.2520696273282074
1422120,2,15,2,AR Patel,1,0.3116926948550122
1422120,2,15,3,AR Patel,1,0.36299114432484125
1422120,2,15,4,AR Patel,1,0.4540805792908153
1422120,2,15,5,AR Patel,1,0.5863072422488093
1422120,2,16,1,KK Ahmed,1,0.7645424878946867
1422120,2,16,2,KK Ahmed,1,0.6897346937487878
1422120,2,16,3,KK Ahmed,1,0.7182972665507704
1422120,2,16,4,KK Ahmed,1,0.6983121701736659
1422120,2,16,5,KK Ahmed,1,0.76334908985246
1422120,2,16,6,KK Ahmed,1,0.7532473301350585
1422120,2,17,1,MR Marsh,0,0.6209677562194172
1422120,2,17,2,MR Marsh,0,0.6831339939124943
1422120,2,17,3,MR Marsh,0,0.7209752065916758
1422120,2,17,4,MR Marsh,0,0.5748516431197279
1422120,2,17,5,MR Marsh,0,0.7724141827593763
1422120,2,18,1,KK Ahmed,1,0.7778195809725508
1422120,2,18,2,KK Ahmed,1,0.7503043554631514
1422120,2,18,3,KK Ahmed,1,0.6244236656899622
1422120,2,18,4,KK Ahmed,1,0.6095427014465807
1422120,2,18,5,KK Ahmed,0,0.7221992069448372
1422120,2,19,1,Sumit Kumar,0,0.7721671477187726
1422120,2,19,2,Sumit Kumar,0,0.7775774270341692
1422120,2,19,3,Sumit Kumar,0,0.6367929477085605
1422122,1,15,1,A Badoni,1,0.2904204122559971
1422122,1,15,2,A Badoni,1,0.34171862927851726
1422122,1,15,3,A Badoni,0,0.19817717445843452
1422122,1,15,4,A Badoni,1,0.36650120998068
1422122,1,15,5,A Badoni,1,0.3909751605443439
1422122,1,16,1,Ravi Bishnoi,0,0.28717223255623214
1422122,1,16,2,Ravi Bishnoi,0,0.3285699217828047
1422122,1,16,3,Ravi Bishnoi,0,0.49709300628895403
1422122,1,16,4,Ravi Bishnoi,0,0.5918408427588712
1422122,1,16,5,Ravi Bishnoi,0,0.7102240690779488
1422122,1,17,1,Yash Thakur,0,0.5805927227225148
1422122,1,17,2,Yash Thakur,0,0.39415145100790716
1422122,1,17,3,Yash Thakur,0,0.40450050614876626
1422122,1,17,4,Yash Thakur,0,0.4168643365612692
1422122,1,17,5,Yash Thakur,0,0.40595317808025955
1422122,1,17,6,Yash Thakur,0,0.40595317808025955
1422122,1,18,1,Naveen-ul-Haq,1,0.39753371112036023
1422122,1,18,2,Naveen-ul-Haq,1,0.39753371112036023
1422122,1,18,3,Naveen-ul-Haq,1,0.43214678342456336
1422122,1,18,4,Naveen-ul-Haq,1,0.42408378152467
1422122,1,18,5,Naveen-ul-Haq,1,0.40909335687102377
1422122,1,18,6,Naveen-ul-Haq,1,0.48184338777104313
1422122,1,18,7,Naveen-ul-Haq,0,0.6222288463488129
1422122,1,19,1,Mohsin Khan,0,0.3399256735311704
1422122,1,19,2,Mohsin Khan,0,0.3306800111530606
1422122,1,19,3,Mohsin Khan,0,0.3191290716501197
1422122,1,19,4,Mohsin Khan,0,0.4074035432163907
1422122,1,19,5,Mohsin Khan,0,0.6088358919934341
1422122,2,15,1,YS Chahal,0,0.2770187558783278
1422122,2,15,2,YS Chahal,1,0.3811322115405556
1422122,2,15,3,YS Chahal,1,0.4182832018819727
1422122,2,15,4,YS Chahal,1,0.48691347159428705
1422122,2,15,5,YS Chahal,1,0.484852106675217
1422122,2,16,1,Sandeep Sharma,0,0.06615705294970578
1422122,2,16,2,Sandeep Sharma,0,0.07509297617908338
1422122,2,16,3,Sandeep Sharma,0,0.09736827105963089
1422122,2,16,4,Sandeep Sharma,0,0.11903176652966609
1422122,2,16,5,Sandeep Sharma,0,0.08355181988725129
1422122,2,16,6,Sandeep Sharma,0,0.19863690069350057
1422122,2,17,1,R Ashwin,1,0.2071073529156916
1422122,2,17,2,R Ashwin,1,0.24525771911362168
1422122,2,17,3,R Ashwin,1,0.3706494372681489
1422122,2,17,4,R Ashwin,1,0.5039724825438148
1422122,2,17,5,R Ashwin,1,0.6278424209329919
1422122,2,18,1,Sandeep Sharma,0,0.2657604869617038
1422122,2,18,2,Sandeep Sharma,0,0.2996449903538279
1422122,2,18,3,Sandeep Sharma,0,0.24549946364040368
1422122,2,18,4,Sandeep Sharma,0,0.24961045881839466
1422122,2,18,5,Sandeep Sharma,0,0.26902204325614837
1422122,2,18,6,Sandeep Sharma,0,0.2750625313999853
1422122,2,19,1,Avesh Khan,1,0.189477532402918
1422122,2,19,2,Avesh Khan,1,0.16618465928467482
1422122,2,19,3,Avesh Khan,1,0.13902016992835206
1422122,2,19,4,Avesh Khan,1,0.14952686111916544
1422122,2,19,5,Avesh Khan,1,0.15702072493640262
1422122,2,19,6,Avesh Khan,1,0.17797256674170361
1422124,1,15,1,Mohammed Siraj,1,0.3119333032005614
1422124,1,15,2,Mohammed Siraj,1,0.31933137341540974
1422124,1,15,3,Mohammed Siraj,1,0.35091260518175454
1422124,1,15,4,Mohammed Siraj,1,0.3284074344230264
1422124,1,15,5,Mohammed Siraj,1,0.32451127939720037
1422124,1,15,6,Mohammed Siraj,1,0.30334310920378305
1422124,1,16,1,AS Joseph,0,0.4613115898445224
1422124,1,16,2,AS Joseph,0,0.4600986517420629
1422124,1,16,3,AS Joseph,0,0.4774183073199028
1422124,1,16,4,AS Joseph,0,0.48481738556030396
1422124,1,16,5,AS Joseph,0,0.489570639291194
1422124,1,16,6,AS Joseph,0,0.48890135860635725
1422124,1,17,1,Yash Dayal,0,0.09890744499186775
1422124,1,17,2,Yash Dayal,0,0.1224962881764904
1422124,1,17,3,Yash Dayal,0,0.32844492247066737
1422124,1,17,4,Yash Dayal,0,0.34004628123199365
1422124,1,17,5,Yash Dayal,0,0.3278293878437066
1422124,1,17,6,Yash Dayal,0,0.40067193956010827
1422124,1,17,7,Yash Dayal,0,0.4903834702470496
1422124,1,18,1,Mohammed Siraj,1,0.4685108500161346
1422124,1,18,2,Mohammed Siraj,1,0.5168174868645397
1422124,1,18,3,Mohammed Siraj,1,0.5319284205452858
1422124,1,18,4,Mohammed Siraj,1,0.5816816776708995
1422124,1,18,5,Mohammed Siraj,1,0.7283674724169319
1422124,1,19,1,AS Joseph,0,0.4712206564544915
1422124,1,19,2,AS Joseph,0,0.4991934746278186
1422124,1,19,3,AS Joseph,0,0.4957956158857655
1422124,1,19,4,AS Joseph,0,0.5581393628187444
1422124,1,19,5,AS Joseph,0,0.6865399152827185
1422124,1,19,6,AS Joseph,1,0.6634409873742957
1422124,2,15,1,HV Patel,0,0.20857962638658037
1422124,2,15,2,HV Patel,0,0.3507327890324409
1422124,2,15,3,HV Patel,1,0.3354051567030498
1422124,2,15,4,HV Patel,0,0.3429442857661389
1422124,2,15,5,HV Patel,1,0.34452807106951383
1422124,2,15,6,HV Patel,0,0.3803865078658103
1422124,2,15,7,HV Patel,0,0.36111210258523707
1422124,2,16,1,SM Curran,0,0.31002906871983554
1422124,2,16,2,SM Curran,0,0.29503429479492244
1422124,2,16,3,SM Curran,0,0.38026541444461365
1422124,2,16,4,SM Curran,0,0.3996920529972712
1422124,2,16,5,SM Curran,0,0.40352795420381155
1422124,2,17,1,Arshdeep Singh,0,0.2701012161377849
1422124,2,17,2,Arshdeep Singh,0,0.28482325652228324
1422124,2,17,3,Arshdeep Singh,0,0.35873611482961776
1422124,2,17,4,Arshdeep Singh,0,0.42270445788010735
1422124,2,17,5,Arshdeep Singh,0,0.41137802834006926
1422124,2,17,6,Arshdeep Singh,0,0.40597765515384837
1422124,2,18,1,HV Patel,0,0.47377619370386903
1422124,2,18,2,HV Patel,0,0.49644576611660546
1422124,2,18,3,HV Patel,0,0.4337148021145281
1422124,2,18,4,HV Patel,0,0.4860753840606645
1422124,2,18,5,HV Patel,0,0.5057824511753111
1422124,2,18,6,HV Patel,1,0.6539957761636682
1422124,2,19,1,Arshdeep Singh,0,0.398510387299973
1422124,2,19,2,Arshdeep Singh,0,0.39504848380777685
1422125,1,15,1,MM Sharma,0,0.2538308090718944
1422125,1,15,2,MM Sharma,0,0.2650680440714761
1422125,1,15,3,MM Sharma,0,0.23925912886204107
1422125,1,15,4,MM Sharma,0,0.22686628995547273
1422125,1,15,5,MM Sharma,0,0.22911431664658602
1422125,1,15,6,MM Sharma,0,0.22299285029505897
1422125,1,16,1,SH Johnson,1,0.4910109519440955
1422125,1,16,2,SH Johnson,0,0.4401047774857223
1422125,1,16,3,SH Johnson,0,0.5218925785977526
1422125,1,16,4,SH Johnson,0,0.6398858362990271
1422125,1,16,5,SH Johnson,1,0.7902894055808026
1422125,1,17,1,MM Sharma,0,0.22504379624282672
1422125,1,17,2,MM Sharma,1,0.3936032671526919
1422125,1,17,3,MM Sharma,1,0.3918378838817326
1422125,1,17,4,MM Sharma,1,0.4160307224655556
1422125,1,17,5,MM Sharma,0,0.31649815631061634
1422125,1,17,6,MM Sharma,0,0.32999261883206593
1422125,1,18,1,Rashid Khan,0,0.47105043992759293
1422125,1,18,2,Rashid Khan,0,0.48416667010034964
1422125,1,18,3,Rashid Khan,0,0.4913088923240749
1422125,1,18,4,Rashid Khan,0,0.5977657967881393
1422125,1,18,5,Rashid Khan,0,0.7242064076692555
1422125,1,19,1,MM Sharma,0,0.2751772680740353
1422125,1,19,2,MM Sharma,0,0.2262694545654148
1422125,1,19,3,MM Sharma,0,0.3066235769397506
1422125,1,19,4,MM Sharma,0,0.3772735636387425
1422125,1,19,5,MM Sharma,1,0.5583441625549104
1422125,2,15,1,TU Deshpande,1,0.3325494397290841
1422125,2,15,2,TU Deshpande,1,0.3667664866594426
1422125,2,15,3,TU Deshpande,1,0.40240673729366505
1422125,2,15,4,TU Deshpande,1,0.41258546751493513
1422125,2,15,5,TU Deshpande,1,0.43330202537534246
1422125,2,16,1,Mustafizur Rahman,1,0.47984191488434025
1422125,2,16,2,Mustafizur Rahman,1,0.39315203243514873
1422125,2,16,3,Mustafizur Rahman,1,0.3816951266816933
1422125,2,16,4,Mustafizur Rahman,1,0.39521459216737304
1422125,2,16,5,Mustafizur Rahman,1,0.375058101673494
1422125,2,16,6,Mustafizur Rahman,1,0.3761216236546476
1422125,2,17,1,M Pathirana,0,0.2601504864523227
1422125,2,17,2,M Pathirana,0,0.2958349322379782
1422125,2,17,3,M Pathirana,0,0.27819732984645695
1422125,2,17,4,M Pathirana,1,0.33034344742826266
1422125,2,17,5,M Pathirana,0,0.31766322148292603
1422125,2,17,6,M Pathirana,0,0.3154946268459347
1422125,2,17,7,M Pathirana,0,0.32096708976975347
1422125,2,18,1,Mustafizur Rahman,1,0.37410830627259634
1422125,2,18,2,Mustafizur Rahman,0,0.3509808419952106
1422125,2,18,3,Mustafizur Rahman,0,0.38046103594121533
1422125,2,18,4,Mustafizur Rahman,0,0.4859726453394349
1422125,2,18,5,Mustafizur Rahman,1,0.6506169233639943
1422125,2,19,1,M Pathirana,0,0.31016408840491916
1422125,2,19,2,M Pathirana,0,0.3172318964839665
1422125,2,19,3,M Pathirana,0,0.3695049813025954
1422125,2,19,4,M Pathirana,0,0.45262646778499876
1422125,2,19,5,M Pathirana,1,0.6046004251371538
1422128,1,15,1,MA Starc,0,0.40579522793680634
1422128,1,15,2,MA Starc,0,0.3755323828285338
1422128,1,15,3,MA Starc,0,0.3926179180423487
1422128,1,15,4,MA Starc,0,0.4049755091862028
1422128,1,15,5,MA Starc,0,0.4433030085567454
1422128,1,15,6,MA Starc,0,0.4369408633397845
1422128,1,15,7,MA Starc,0,0.4032393161190539
1422128,1,16,1,AD Russell,0,0.11859820462709408
1422128,1,16,2,AD Russell,0,0.11642991834234798
1422128,1,16,3,AD Russell,0,0.15104620039892322
1422128,1,16,4,AD Russell,0,0.16818189498637864
1422128,1,16,5,AD Russell,0,0.26768241099715884
1422128,1,16,6,AD Russell,0,0.3413667641513886
1422128,1,16,7,AD Russell,0,0.45283224239286385
1422128,1,17,1,Harshit Rana,1,0.36979595267323584
1422128,1,17,2,Harshit Rana,1,0.39259024423900046
1422128,1,17,3,Harshit Rana,1,0.3792604089877426
1422128,1,17,4,Harshit Rana,1,0.3968593804428441
1422128,1,17,5,Harshit Rana,1,0.5759495590206901
1422128,1,18,1,AD Russell,0,0.4508155823358569
1422128,1,18,2,AD Russell,0,0.4482196766302843
1422128,1,18,3,AD Russell,0,0.4542656535439286
1422128,1,18,4,AD Russell,0,0.4626000508680437
1422128,1,18,5,AD Russell,0,0.6126146120540246
1422128,1,19,1,MA Starc,0,0.28971418467065607
1422128,1,19,2,MA Starc,0,0.35583185017260677
1422128,1,19,3,MA Starc,0,0.3089491937927414
1422128,1,19,4,MA Starc,1,0.3647843635818289
1422128,1,19,5,MA Starc,1,0.5012288958603611
1422128,2,15,1,Yash Dayal,1,0.4402821476884105
1422128,2,15,2,Yash Dayal,0,0.4611034858618677
1422128,2,15,3,Yash Dayal,0,0.4265518387376765
1422128,2,15,4,Yash Dayal,0,0.4147059435655656
1422128,2,15,5,Yash Dayal,0,0.441868170746773
1422128,2,15,6,Yash Dayal,1,0.593456514648527
1422128,2,16,1,Mayank Dagar,0,0.17734039015641204
1422128,2,16,2,Mayank Dagar,0,0.24660597152838612
1422128,2,16,3,Mayank Dagar,0,0.25671365710296346
1422128,2,16,4,Mayank Dagar,0,0.26733753704428603
1422129,1,15,1,K Rabada,0,0.5418123040004454
1422129,1,15,2,K Rabada,0,0.5685582632761653
1422129,1,15,3,K Rabada,0,0.5138890662686477
1422129,1,15,4,K Rabada,0,0.5399220339462315
1422129,1,15,5,K Rabada,1,0.738507739866646
1422129,1,16,1,SM Curran,0,0.1591572485496156
1422129,1,16,2,SM Curran,0,0.16479205327406854
1422129,1,16,3,SM Curran,0,0.16725542923060296
1422129,1,16,4,SM Curran,0,0.18350095789144594
1422129,1,16,5,SM Curran,0,0.18297339376473873
1422129,1,16,6,SM Curran,0,0.1824483716451076
1422129,1,17,1,HV Patel,0,0.21740579485620604
1422129,1,17,2,HV Patel,0,0.4155713905842716
1422129,1,17,3,HV Patel,0,0.39529564742415213
1422129,1,17,4,HV Patel,0,0.4129546940537643
1422129,1,17,5,HV Patel,0,0.491458007120906
1422129,1,17,6,HV Patel,0,0.5201974962647862
1422129,1,17,7,HV Patel,1,0.5335727414176107
1422129,1,17,8,HV Patel,1,0.66209494141154
1422129,1,17,9,HV Patel,1,0.5756655768940948
1422129,1,18,1,SM Curran,1,0.3281597271896532
1422129,1,18,2,SM Curran,1,0.39574184409589974
1422129,1,18,3,SM Curran,1,0.45688725249963463
1422129,1,18,4,SM Curran,1,0.500472202667948
1422129,1,18,5,SM Curran,0,0.6175058361646338
1422129,1,19,1,HV Patel,1,0.5144540221154662
1422129,1,19,2,HV Patel,1,0.5541089416314299
1422129,1,19,3,HV Patel,1,0.5627141067345027
1422129,1,19,4,HV Patel,1,0.5394884595778581
1422129,1,19,5,HV Patel,0,0.6713546796674321
1422129,2,15,1,MP Yadav,1,0.34586222975546704
1422129,2,15,2,MP Yadav,1,0.34999726520526153
1422129,2,15,3,MP Yadav,1,0.39131978010815954
1422129,2,15,4,MP Yadav,1,0.4942856183207649
1422129,2,15,5,MP Yadav,1,0.6033164880860236
1422129,2,16,1,Mohsin Khan,1,0.517040376603419
1422129,2,16,2,Mohsin Khan,1,0.5401688864000735
1422129,2,16,3,Mohsin Khan,1,0.51157452571859
1422129,2,16,4,Mohsin Khan,1,0.5817236702938069
1422129,2,16,5,Mohsin Khan,1,0.6219304789533797
1422129,2,17,1,Naveen-ul-Haq,0,0.3345979793497401
1422129,2,17,2,Naveen-ul-Haq,0,0.3261022965642842
1422129,2,17,3,Naveen-ul-Haq,0,0.3574865625686313
1422129,2,17,4,Naveen-ul-Haq,0,0.34477690612465317
1422129,2,17,5,Naveen-ul-Haq,0,0.3096141612152652
1422129,2,17,6,Naveen-ul-Haq,0,0.27927558470575514
1422129,2,18,1,KH Pandya,0,0.35767442298454916
1422129,2,18,2,KH Pandya,0,0.2887178539008025
1422129,2,18,3,KH Pandya,0,0.24832468493971824
1422129,2,18,4,KH Pandya,0,0.23071922179481516
1422129,2,18,5,KH Pandya,1,0.42241435411151707
1422129,2,19,1,Naveen-ul-Haq,0,0.3156124718189271
1422129,2,19,2,Naveen-ul-Haq,0,0.4294412440179517
1422129,2,19,3,Naveen-ul-Haq,0,0.4627866623070028
1422129,2,19,4,Naveen-ul-Haq,1,0.44510711054905167
1422129,2,19,5,Naveen-ul-Haq,1,0.44160781156598283
1422129,2,19,6,Naveen-ul-Haq,1,0.5525005224153628
1422132,1,15,1,TA Boult,0,0.1591742644316509
1422132,1,15,2,TA Boult,1,0.1796852269861666
1422132,1,15,3,TA Boult,1,0.3122346676034849
1422132,1,15,4,TA Boult,1,0.35498184159975227
1422132,1,15,5,TA Boult,1,0.47254958166364996
1422132,1,15,6,TA Boult,1,0.5071936129494584
1422132,1,16,1,YS Chahal,1,0.11053946850560775
1422132,1,16,2,YS Chahal,1,0.18158283867185923
1422132,1,16,3,YS Chahal,1,0.24156998656029055
1422132,1,16,4,YS Chahal,0,0.20846031592557343
1422132,1,16,5,YS Chahal,0,0.2371205288866738
1422132,1,17,1,Avesh Khan,1,0.20778380288793774
1422132,1,17,2,Avesh Khan,1,0.15151295578358293
1422132,1,17,3,Avesh Khan,1,0.13282689496712732
1422132,1,17,4,Avesh Khan,1,0.13514852655483675
1422132,1,17,5,Avesh Khan,0,0.13972645305247225
1422132,1,17,6,Avesh Khan,0,0.14068536438642051
1422132,1,18,1,N Burger,1,0.40675920929887355
1422132,1,18,2,N Burger,1,0.355686219723012
1422132,1,18,3,N Burger,1,0.30472810666988975
1422132,1,18,4,N Burger,1,0.3430169496356197
1422132,1,18,5,N Burger,1,0.585055996091512
1422132,1,19,1,Avesh Khan,0,0.12364625170029038
1422132,1,19,2,Avesh Khan,1,0.14634337023498956
1422132,1,19,3,Avesh Khan,0,0.1887164109967854
1422132,1,19,4,Avesh Khan,0,0.25883823453192156
1422132,1,19,5,Avesh Khan,0,0.42075488200421896
1422132,2,15,1,G Coetzee,0,0.5729395607599671
1422132,2,15,2,G Coetzee,0,0.6267595108125393
1422133,1,15,1,Mohammed Siraj,0,0.5062982756521267
1422133,1,15,2,Mohammed Siraj,0,0.5013501561729858
1422133,1,15,3,Mohammed Siraj,0,0.4908594842358121
1422133,1,15,4,Mohammed Siraj,0,0.49856817599517267
1422133,1,15,5,Mohammed Siraj,0,0.5072200255097347
1422133,1,15,6,Mohammed Siraj,0,0.5147867759460946
1422133,1,16,1,RJW Topley,0,0.5768423433299109
1422133,1,16,2,RJW Topley,0,0.5861541408695798
1422133,1,16,3,RJW Topley,0,0.6344386767123712
1422133,1,16,4,RJW Topley,0,0.5814562843790367
1422133,1,16,5,RJW Topley,0,0.5755631126573533
1422133,1,16,6,RJW Topley,0,0.5425324623759582
1422133,1,17,1,Yash Dayal,1,0.6296898284397389
1422133,1,17,2,Yash Dayal,1,0.629848738139284
1422133,1,17,3,Yash Dayal,1,0.6177764942211179
1422133,1,17,4,Yash Dayal,1,0.6248514016833681
1422133,1,17,5,Yash Dayal,1,0.7538950968701826
1422133,1,18,1,RJW Topley,0,0.5281365309609102
1422133,1,18,2,RJW Topley,0,0.5281365309609102
1422133,1,18,3,RJW Topley,0,0.5952959524672814
1422133,1,18,4,RJW Topley,0,0.5973631749686489
1422133,1,18,5,RJW Topley,1,0.6273485660763767
1422133,1,18,6,RJW Topley,1,0.7567949164040922
1422133,1,19,1,Mohammed Siraj,0,0.4864893606493161
1422133,1,19,2,Mohammed Siraj,0,0.5137825773114263
1422133,1,19,3,Mohammed Siraj,0,0.5327955084873057
1422133,1,19,4,Mohammed Siraj,0,0.5504584526595087
1422133,1,19,5,Mohammed Siraj,1,0.6373663628104728
1422133,2,15,1,Yash Thakur,0,0.27096510529904483
1422133,2,15,2,Yash Thakur,1,0.3908005564247268
1422133,2,15,3,Yash Thakur,1,0.4160882952023848
1422133,2,15,4,Yash Thakur,1,0.437948908750083
1422133,2,15,5,Yash Thakur,1,0.43322422432546004
1422133,2,15,6,Yash Thakur,1,0.4251720746237652
1422133,2,16,1,Naveen-ul-Haq,0,0.16036816332873174
1422133,2,16,2,Naveen-ul-Haq,1,0.2944801965029478
1422133,2,16,3,Naveen-ul-Haq,1,0.36761597215795305
1422133,2,16,4,Naveen-ul-Haq,1,0.34658458379637996
1422133,2,16,5,Naveen-ul-Haq,1,0.35484893000466855
1422133,2,16,6,Naveen-ul-Haq,1,0.35297264528163846
1422133,2,16,7,Naveen-ul-Haq,1,0.35297264528163846
1422133,2,17,1,Yash Thakur,1,0.39078325756917115
1422133,2,17,2,Yash Thakur,1,0.362665370092831
1422133,2,17,3,Yash Thakur,1,0.3370346115632987
1422133,2,17,4,Yash Thakur,1,0.3585286357578165
1422133,2,17,5,Yash Thakur,1,0.5258349235807991
1422133,2,18,1,Ravi Bishnoi,0,0.33957605671610824
1422133,2,18,2,Ravi Bishnoi,0,0.31415981330698256
1422133,2,18,3,Ravi Bishnoi,0,0.3028521191315402
1422133,2,18,4,Ravi Bishnoi,0,0.31201192880938616
1422133,2,18,5,Ravi Bishnoi,0,0.2988288243250852
1422133,2,18,6,Ravi Bishnoi,0,0.4550171878189382
1422133,2,19,1,Naveen-ul-Haq,1,0.3624249342809084
1422133,2,19,2,Naveen-ul-Haq,1,0.3746967717442902
1422133,2,19,3,Naveen-ul-Haq,1,0.3893935502969061
1422136,1,15,1,T Natarajan,1,0.4152132851148788
1422136,1,15,2,T Natarajan,1,0.4362451272876071
1422136,1,15,3,T Natarajan,1,0.4552924026758287
1422136,1,15,4,T Natarajan,1,0.43788324118300964
1422136,1,15,5,T Natarajan,1,0.43479966773947
1422136,1,15,6,T Natarajan,1,0.4258995852833523
1422136,1,16,1,JD Unadkat,1,0.24898447658319314
1422136,1,16,2,JD Unadkat,1,0.29690648572018125
1422136,1,16,3,JD Unadkat,1,0.37806248355318334
1422136,1,16,4,JD Unadkat,1,0.5258368629455162
1422136,1,16,5,JD Unadkat,1,0.6669599136820062
1422136,1,17,1,PJ Cummins,0,0.19936711169588756
1422136,1,17,2,PJ Cummins,0,0.27550238005118843
1422136,1,17,3,PJ Cummins,0,0.346850012426278
1422136,1,17,4,PJ Cummins,0,0.4754633178347585
1422136,1,17,5,PJ Cummins,0,0.6259342985279086
1422136,1,18,1,B Kumar,1,0.21059835086459827
1422136,1,18,2,B Kumar,1,0.22376987629671405
1422136,1,18,3,B Kumar,1,0.27663978488594326
1422136,1,18,4,B Kumar,1,0.39852722191581585
1422136,1,18,5,B Kumar,1,0.5461458557087411
1422136,1,19,1,T Natarajan,1,0.3020067822382433
1422136,1,19,2,T Natarajan,0,0.27513104014448825
1422136,1,19,3,T Natarajan,0,0.2802174992238654
1422136,1,19,4,T Natarajan,0,0.34167693661332627
1422136,1,19,5,T Natarajan,0,0.44207680060239907
1422136,2,15,1,MM Ali,0,0.41212829331008355
1422136,2,15,2,MM Ali,0,0.4355974129820741
1422136,2,15,3,MM Ali,1,0.46175817758987064
1422136,2,15,4,MM Ali,1,0.48512144915291117
1422136,2,15,5,MM Ali,1,0.4909377854229092
1422136,2,16,1,RA Jadeja,0,0.3939321858278223
1422136,2,16,2,RA Jadeja,0,0.4500807553757552
1422136,2,16,3,RA Jadeja,1,0.5173576307032096
1422136,2,16,4,RA Jadeja,1,0.5972803270463958
1422136,2,16,5,RA Jadeja,1,0.7351533020332256
1422136,2,17,1,TU Deshpande,1,0.6954449526323753
1422136,2,17,2,TU Deshpande,1,0.6280839949202628
1422136,2,17,3,TU Deshpande,0,0.5766881543177804
1422136,2,17,4,TU Deshpande,1,0.6224419598091937
1422136,2,17,5,TU Deshpande,1,0.6277332690258337
1426266,1,15,1,CV Varun,1,0.433416220064469
1426266,1,15,2,CV Varun,1,0.47539871676629164
1426266,1,15,3,CV Varun,1,0.549354678053994
1426266,1,15,4,CV Varun,1,0.6131759765565654
1426266,1,15,5,CV Varun,1,0.721949082734699
1426266,1,16,1,Harshit Rana,0,0.2214156821200087
1426266,1,16,2,Harshit Rana,0,0.2431079142667041
1426266,1,16,3,Harshit Rana,0,0.4368612475316108
1426266,1,16,4,Harshit Rana,0,0.36949540430642447
1426266,1,16,5,Harshit Rana,0,0.3801810858534179
1426266,1,16,6,Harshit Rana,0,0.3183665034454025
1426266,1,17,1,VG Arora,0,0.24723202979513717
1426266,1,17,2,VG Arora,0,0.38842265740411636
1426266,1,17,3,VG Arora,1,0.4483003267644587
1426266,1,17,4,VG Arora,1,0.45848073977024406
1426266,1,17,5,VG Arora,0,0.442437610996769
1426266,1,18,1,Harshit Rana,0,0.30839879336545595
1426266,1,18,2,Harshit Rana,0,0.30839879336545595
1426266,1,18,3,Harshit Rana,0,0.4153400540630925
1426266,1,18,4,Harshit Rana,0,0.37868456268971445
1426266,1,18,5,Harshit Rana,1,0.3712040994811424
1426266,1,18,6,Harshit Rana,1,0.4539293705696837
1426266,1,18,7,Harshit Rana,1,0.5884362301920877
1426266,1,19,1,MA Starc,1,0.4405173525670262
1426266,1,19,2,MA Starc,1,0.47197852531812173
1426266,1,19,3,MA Starc,1,0.49190519506608005
1426266,1,19,4,MA Starc,1,0.5718744910668927
1426266,1,19,5,MA Starc,1,0.687272787307392
1426266,2,15,1,Ravi Bishnoi,0,0.05510452452517271
1426266,2,15,2,Ravi Bishnoi,0,0.031474821900199096
1426266,2,15,3,Ravi Bishnoi,0,0.02803688346950234
1426270,1,15,1,AR Patel,1,0.12291781562233828
1426270,1,15,2,AR Patel,1,0.18725942521991867
1426270,1,15,3,AR Patel,1,0.22064704803940358
1426270,1,15,4,AR Patel,0,0.2378942390613849
1426270,1,15,5,AR Patel,0,0.2207225919006173
1426270,1,16,1,Kuldeep Yadav,0,0.04260612775666378
1426270,1,16,2,Kuldeep Yadav,1,0.08531627857986301
1426270,1,16,3,Kuldeep Yadav,1,0.10835685928316735
1426270,1,16,4,Kuldeep Yadav,1,0.12384756778839369
1426270,1,16,5,Kuldeep Yadav,1,0.10457581904058158
1426270,1,17,1,Mukesh Kumar,1,0.13949193872108218
1426270,1,17,2,Mukesh Kumar,1,0.14989724753988962
1426272,1,15,1,Yash Thakur,0,0.33354542490121997
1426272,1,15,2,Yash Thakur,0,0.23236056501635
1426272,1,15,3,Yash Thakur,0,0.4410632652207071
1426272,1,15,4,Yash Thakur,0,0.4416870426745548
1426272,1,15,5,Yash Thakur,0,0.3988061986164231
1426272,1,15,6,Yash Thakur,0,0.37906482930004265
1426272,1,16,1,Mohsin Khan,0,0.11381275247538251
1426272,1,16,2,Mohsin Khan,0,0.1183015954349301
1426272,1,16,3,Mohsin Khan,0,0.20252682548219866
1426272,1,16,4,Mohsin Khan,0,0.2113829443665538
1426272,1,16,5,Mohsin Khan,0,0.22678537365520335
1426272,1,16,6,Mohsin Khan,0,0.26647249979673526
1426272,1,17,1,Ravi Bishnoi,0,0.2606898152780322
1426272,1,17,2,Ravi Bishnoi,0,0.3054255976776405
1426272,1,17,3,Ravi Bishnoi,0,0.3646497987810033
1426272,1,17,4,Ravi Bishnoi,1,0.44280364349233764
1426272,1,17,5,Ravi Bishnoi,1,0.553418522319036
1426272,1,18,1,Mohsin Khan,0,0.2842292219678264
1426272,1,18,2,Mohsin Khan,0,0.28747615840470914
1426272,1,18,3,Mohsin Khan,0,0.2984339610076314
1426272,1,18,4,Mohsin Khan,1,0.3234586964840484
1426272,1,18,5,Mohsin Khan,1,0.3499769668356127
1426272,1,18,6,Mohsin Khan,1,0.41880911250390274
1426272,1,18,7,Mohsin Khan,1,0.5362898739458543
1426272,1,18,8,Mohsin Khan,1,0.5362898739458543
1426272,1,19,1,Yash Thakur,0,0.322919443562476
1426272,1,19,2,Yash Thakur,0,0.2980640022032937
1426272,1,19,3,Yash Thakur,0,0.3442427453402652
1426272,1,19,4,Yash Thakur,0,0.36983823108406255
1426272,1,19,5,Yash Thakur,0,0.41968126136222017
1426272,2,15,1,M Pathirana,0,0.25467810629152615
1426272,2,15,2,M Pathirana,0,0.2690131247910588
1426272,2,15,3,M Pathirana,0,0.28825105139881146
1426272,2,15,4,M Pathirana,1,0.574827559101196
1426272,2,15,5,M Pathirana,1,0.574827559101196
1426272,2,15,6,M Pathirana,1,0.5836371769988928
1426272,2,16,1,Mustafizur Rahman,0,0.6012660978737039
1426272,2,16,2,Mustafizur Rahman,0,0.6106402072382865
1426272,2,16,3,Mustafizur Rahman,1,0.6971673862814366
1426272,2,16,4,Mustafizur Rahman,0,0.6369886694422348
1426272,2,16,5,Mustafizur Rahman,0,0.6465150186854136
1426272,2,16,6,Mustafizur Rahman,1,0.7458405325985524
1426272,2,17,1,M Pathirana,1,0.41745187099606457
1426272,2,17,2,M Pathirana,1,0.47793400930277286
1426272,2,17,3,M Pathirana,1,0.51465127992445
1426272,2,17,4,M Pathirana,1,0.5446089466355307
1426272,2,17,5,M Pathirana,1,0.6674960276020645
1426272,2,18,1,TU Deshpande,0,0.5473501260753425
1426272,2,18,2,TU Deshpande,0,0.5802558845518009
1426272,2,18,3,TU Deshpande,0,0.5742057295195959
1426272,2,18,4,TU Deshpande,0,0.5780679917258201
1426272,2,18,5,TU Deshpande,0,0.5228311611330365
1426272,2,18,6,TU Deshpande,0,0.5408932442329569
1426272,2,18,7,TU Deshpande,0,0.6527793283834493
1426272,2,18,8,TU Deshpande,0,0.6692467926175972
1426279,1,15,1,PJ Cummins,0,0.34009105972625836
1426279,1,15,2,PJ Cummins,0,0.39463827325333245
1426279,1,15,3,PJ Cummins,0,0.356059967146859
1426279,1,15,4,PJ Cummins,0,0.3230168590880181
1426279,1,15,5,PJ Cummins,0,0.32942696473495775
1426279,1,15,6,PJ Cummins,0,0.2911408126992237
1426279,1,16,1,JD Unadkat,0,0.37155547709885983
1426279,1,16,2,JD Unadkat,0,0.3245489924875142
1426279,1,16,3,JD Unadkat,0,0.3523921371523268
1426279,1,16,4,JD Unadkat,0,0.34700407129832217
1426279,1,16,5,JD Unadkat,0,0.4164936896369095
1426279,1,16,6,JD Unadkat,1,0.6367851913575202
1426279,1,17,1,T Natarajan,0,0.2828282635377068
1426279,1,17,2,T Natarajan,0,0.28994457545169317
1426279,1,17,3,T Natarajan,0,0.2820517340098104
1426279,1,17,4,T Natarajan,0,0.288061774921225
1426279,1,17,5,T Natarajan,0,0.2867954098351856
1426279,1,17,6,T Natarajan,0,0.2853598802795599
1426279,1,17,7,T Natarajan,0,0.4104161146075173
1426279,1,18,1,PJ Cummins,0,0.2508668003565903
1426279,1,18,2,PJ Cummins,1,0.3646886216751669
1426279,1,18,3,PJ Cummins,1,0.3489902976291249
1426279,1,18,4,PJ Cummins,1,0.31291168715582174
1426279,1,18,5,PJ Cummins,1,0.31291168715582174
1426279,1,18,6,PJ Cummins,1,0.5429140174770443
1426279,1,19,1,T Natarajan,1,0.34930085779709585
1426279,1,19,2,T Natarajan,1,0.3295749066221385
1426279,1,19,3,T Natarajan,1,0.33913642431061347
1426279,1,19,4,T Natarajan,1,0.3769979937109391
1426279,1,19,5,T Natarajan,1,0.4768079246241989
1426279,2,15,1,C Green,0,0.06011348483786794
1426279,2,15,2,C Green,0,0.3279911505034373
1426279,2,15,3,C Green,1,0.43555256467374664
1426279,2,15,4,C Green,1,0.44872627424414374
1426279,2,15,5,C Green,1,0.3823432026761989
1426279,2,16,1,Mohammed Siraj,1,0.1638255239516656
1426279,2,16,2,Mohammed Siraj,1,0.20239751164238617
1426279,2,16,3,Mohammed Siraj,1,0.19195250599167213
1426279,2,16,4,Mohammed Siraj,1,0.2398452213292869
1426279,2,16,5,Mohammed Siraj,1,0.23476218373663024
1426279,2,16,6,Mohammed Siraj,1,0.19711728778011198
1426279,2,17,1,LH Ferguson,1,0.6840351980150915
1426279,2,17,2,LH Ferguson,1,0.6450418724391128
1426279,2,17,3,LH Ferguson,1,0.6017941031390451
1426279,2,17,4,LH Ferguson,0,0.5451743317940799
1426279,2,17,5,LH Ferguson,1,0.5711726109930264
1426279,2,18,1,Mohammed Siraj,1,0.23573174383462198
1426279,2,18,2,Mohammed Siraj,1,0.19197236493178246
1426279,2,18,3,Mohammed Siraj,1,0.21426883116432907
1426279,2,18,4,Mohammed Siraj,1,0.21752028766839898
1426279,2,18,5,Mohammed Siraj,1,0.2493566070351901
1426279,2,18,6,Mohammed Siraj,1,0.26386668346330144
1426279,2,19,1,Yash Dayal,0,0.2597055525765738
1426279,2,19,2,Yash Dayal,0,0.19872352224451711
1426279,2,19,3,Yash Dayal,0,0.2789034120402727
1426279,2,19,4,Yash Dayal,1,0.30112781294000607
1426279,2,19,5,Yash Dayal,1,0.39594399690632853
1426279,2,19,6,Yash Dayal,1,0.40208514249489463
1426279,2,19,7,Yash Dayal,1,0.3788159164924481
1426282,1,15,1,Sandeep Sharma,0,0.15166467498424951
1426282,1,15,2,Sandeep Sharma,0,0.14635768318360623
1426282,1,15,3,Sandeep Sharma,0,0.15324316012510952
1426282,1,15,4,Sandeep Sharma,0,0.1817023565141752
1426282,1,15,5,Sandeep Sharma,0,0.1780393198683263
1426282,1,15,6,Sandeep Sharma,0,0.18849930469995324
1426282,1,15,7,Sandeep Sharma,0,0.19399645013109726
1426282,1,16,1,R Ashwin,0,0.2919629452061688
1426282,1,16,2,R Ashwin,0,0.3256601087134077
1426282,1,16,3,R Ashwin,0,0.3627562702186874
1426282,1,16,4,R Ashwin,1,0.43713052006301945
1426282,1,16,5,R Ashwin,1,0.5287902704667673
1426282,1,16,6,R Ashwin,1,0.6637808368988021
1426282,1,17,1,Avesh Khan,1,0.4136008334895012
1426282,1,17,2,Avesh Khan,1,0.3240603268547879
1426282,1,17,3,Avesh Khan,1,0.33833028266567494
1426282,1,17,4,Avesh Khan,1,0.38033155388156203
1426282,1,17,5,Avesh Khan,1,0.537791146029885
1426282,1,18,1,TA Boult,1,0.536958601650121
1426282,1,18,2,TA Boult,1,0.5397286921269842
1426282,1,18,3,TA Boult,1,0.3823958622810483
1426282,1,18,4,TA Boult,1,0.38534964597570576
1426282,1,18,5,TA Boult,1,0.4654183895613836
1426282,1,18,6,TA Boult,0,0.5938831497482786
1426282,1,19,1,Sandeep Sharma,0,0.2356954813125396
1426282,1,19,2,Sandeep Sharma,0,0.27207500274603075
1426282,1,19,3,Sandeep Sharma,0,0.32301152642957964
1426282,1,19,4,Sandeep Sharma,0,0.37930434512597233
1426282,1,19,5,Sandeep Sharma,0,0.4879045065892528
1426282,2,15,1,Ravi Bishnoi,0,0.08311945227857477
1426282,2,15,2,Ravi Bishnoi,0,0.1025307797704451
1426282,2,15,3,Ravi Bishnoi,0,0.7506645136814486
1426282,2,15,4,Ravi Bishnoi,0,0.862409117032346
1426282,2,15,5,Ravi Bishnoi,0,0.8430325045098169
1426282,2,16,1,Yash Thakur,1,0.7234251992358344
1426282,2,16,2,Yash Thakur,0,0.7003302456303396
1426282,2,16,3,Yash Thakur,1,0.7691826936765274
1426282,2,16,4,Yash Thakur,1,0.76588080490241
1426282,2,16,5,Yash Thakur,1,0.7724874968350847
1426282,2,16,6,Yash Thakur,0,0.7304159430553122
1426282,2,17,1,Mohsin Khan,0,0.7004431226834256
1426282,2,17,2,Mohsin Khan,0,0.6602947747646266
1426282,2,17,3,Mohsin Khan,0,0.7379445094832934
1426282,2,17,4,Mohsin Khan,0,0.6904832370115352
1426282,2,17,5,Mohsin Khan,0,0.769343602609321
1426282,2,18,1,Yash Thakur,0,0.6228891023573774
1426282,2,18,2,Yash Thakur,0,0.5855803224138083
1426282,2,18,3,Yash Thakur,0,0.605603346310067
1426282,2,18,4,Yash Thakur,0,0.6243676579540316
1426282,2,18,5,Yash Thakur,0,0.6971671078481882
1426284,1,15,1,PJ Cummins,0,0.5456627031144912
1426284,1,15,2,PJ Cummins,0,0.496364981337577
1426284,1,15,3,PJ Cummins,0,0.4991702951635122
1426284,1,15,4,PJ Cummins,0,0.48424653396030326
1426284,1,15,5,PJ Cummins,0,0.5100619244759225
1426284,1,15,6,PJ Cummins,0,0.5546631918908945
1426284,1,16,1,T Natarajan,0,0.30041764971844237
1426284,1,16,2,T Natarajan,0,0.3871349507121344
1426284,1,16,3,T Natarajan,0,0.4251925926578597
1426284,1,16,4,T Natarajan,0,0.4240995234628516
1426284,1,16,5,T Natarajan,0,0.38053711452349864
1426284,1,16,6,T Natarajan,0,0.4396870848650586
1426284,1,16,7,T Natarajan,0,0.4426535184095089
1426284,1,16,8,T Natarajan,0,0.4426535184095089
1426284,1,17,1,PJ Cummins,1,0.5590173747514524
1426284,1,17,2,PJ Cummins,1,0.5571441541836701
1426284,1,17,3,PJ Cummins,1,0.7307653331005275
1426284,1,17,4,PJ Cummins,1,0.6744827041176634
1426284,1,17,5,PJ Cummins,1,0.624803722907556
1426284,1,17,6,PJ Cummins,1,0.7970686122843612
1426284,1,18,1,JD Unadkat,1,0.3709625161089678
1426284,1,18,2,JD Unadkat,1,0.3759862758614616
1426284,1,18,3,JD Unadkat,1,0.43237586823775515
1426284,1,18,4,JD Unadkat,1,0.5115017272710939
1426284,1,18,5,JD Unadkat,1,0.6235941146319813
1426284,1,19,1,T Natarajan,0,0.3380067491705306
1426284,1,19,2,T Natarajan,0,0.3189650337104112
1426284,1,19,3,T Natarajan,0,0.36093773454691486
1426284,1,19,4,T Natarajan,0,0.435457282721953
1426284,1,19,5,T Natarajan,1,0.5878922612304973
1426284,2,15,1,M Pathirana,0,0.28756589088801526
1426284,2,15,2,M Pathirana,1,0.5008237448590084
1426284,2,15,3,M Pathirana,1,0.49516988137290313
1426284,2,15,4,M Pathirana,1,0.4030308551419106
1426284,2,15,5,M Pathirana,1,0.449005208562661
1426284,2,16,1,SN Thakur,0,0.3570739934461017
1426284,2,16,2,SN Thakur,0,0.4787751416442648
1426284,2,16,3,SN Thakur,0,0.5004841169388724
1426284,2,16,4,SN Thakur,1,0.6070940815113937
1426284,2,16,5,SN Thakur,1,0.7569754027893963
1426284,2,17,1,TU Deshpande,1,0.5436401515486378
1426284,2,17,2,TU Deshpande,1,0.5005749555259056
1426284,2,17,3,TU Deshpande,1,0.5001368119976648
1426284,2,17,4,TU Deshpande,1,0.47737744426415424
1426284,2,17,5,TU Deshpande,0,0.47737744426415424
1426284,2,18,1,Mustafizur Rahman,1,0.40792903586966256
1426284,2,18,2,Mustafizur Rahman,1,0.3875135613163844
1426284,2,18,3,Mustafizur Rahman,1,0.3802710875198019
1426284,2,18,4,Mustafizur Rahman,1,0.3839257339763998
1426287,1,15,1,K Rabada,0,0.09096766962164786
1426287,1,15,2,K Rabada,0,0.15811712050762694
1426287,1,15,3,K Rabada,0,0.29719011391251343
1426287,1,15,4,K Rabada,0,0.294628460671262
1426287,1,15,5,K Rabada,0,0.3919076598431289
1426287,1,15,6,K Rabada,0,0.4238305102136629
1426287,1,16,1,SM Curran,0,0.19505129236285174
1426287,1,16,2,SM Curran,0,0.3337170238556784
1426287,1,16,3,SM Curran,1,0.6356954917985581
1426287,1,16,4,SM Curran,0,0.6236056263605415
1426287,1,16,5,SM Curran,0,0.4222933748603872
1426287,1,16,6,SM Curran,0,0.37272364004000696
1426287,1,17,1,Arshdeep Singh,0,0.6321650185536362
1426287,1,17,2,Arshdeep Singh,1,0.7844175537387803
1426287,1,17,3,Arshdeep Singh,1,0.6814638252484951
1426287,1,17,4,Arshdeep Singh,1,0.7642314121636697
1426287,1,17,5,Arshdeep Singh,1,0.7971898262764547
1426287,1,17,6,Arshdeep Singh,1,0.6847342117545582
1426287,1,17,7,Arshdeep Singh,1,0.731057992083875
1426287,1,17,8,Arshdeep Singh,1,0.6612617283300845
1426287,1,17,9,Arshdeep Singh,1,0.680114575492279
1426287,1,18,1,RD Chahar,1,0.0998440418975278
1426287,1,18,2,RD Chahar,0,0.10061415207442378
1426287,1,18,3,RD Chahar,1,0.16671671928881074
1426287,1,18,4,RD Chahar,0,0.20146224948031782
1426287,1,18,5,RD Chahar,0,0.22036125993979036
1426287,1,19,1,Arshdeep Singh,1,0.5988517237133177
1426287,1,19,2,Arshdeep Singh,1,0.6320359292993878
1426287,1,19,3,Arshdeep Singh,1,0.650895420948194
1426287,1,19,4,Arshdeep Singh,1,0.650895420948194
1426287,1,19,5,Arshdeep Singh,0,0.6835063509515537
1426287,1,19,6,Arshdeep Singh,0,0.6770297356762676
1426287,1,19,7,Arshdeep Singh,1,0.7900733286417202
1426287,2,15,1,MM Ali,0,0.434902301857266
1426287,2,15,2,MM Ali,0,0.423570569426173
1426287,2,15,3,MM Ali,1,0.6695110188021768
1426287,2,15,4,MM Ali,1,0.6469408560343257
1426287,2,15,5,MM Ali,1,0.5904156730663178
1426287,2,16,1,Mustafizur Rahman,0,0.25791704163295465
1426287,2,16,2,Mustafizur Rahman,0,0.3503714078997829
1426287,2,16,3,Mustafizur Rahman,0,0.4605520703660227
1426287,2,16,4,Mustafizur Rahman,0,0.45755838071412985
1426287,2,16,5,Mustafizur Rahman,0,0.533022114776336
1426287,2,16,6,Mustafizur Rahman,0,0.5376401708757528
1426287,2,16,7,Mustafizur Rahman,0,0.5133055985404094
1426287,2,16,8,Mustafizur Rahman,0,0.541221147214076
1426287,2,16,9,Mustafizur Rahman,0,0.5338892250378218
1426287,2,17,1,RJ Gleeson,0,0.3191396676888496
1426287,2,17,2,RJ Gleeson,0,0.3219358716266205
1426287,2,17,3,RJ Gleeson,1,0.3546980897282349
1426287,2,17,4,RJ Gleeson,1,0.40012260538892613
1426287,2,17,5,RJ Gleeson,0,0.5076024362655326
1426292,1,15,1,Yudhvir Singh,0,0.009989662857733277
1426292,1,15,2,Yudhvir Singh,0,0.009642584998637307
1426292,1,15,3,Yudhvir Singh,0,0.02966787443101286
1426292,1,15,4,Yudhvir Singh,0,0.4806452427409347
1426292,1,15,5,Yudhvir Singh,0,0.40018013902587957
1426292,1,15,6,Yudhvir Singh,0,0.24721791608495108
1426292,1,16,1,Yash Thakur,0,0.22157071872539905
1426292,1,16,2,Yash Thakur,0,0.3987572393059853
1426292,1,16,3,Yash Thakur,0,0.5214414428306134
1426292,1,16,4,Yash Thakur,0,0.5439545368842666
1426292,1,16,5,Yash Thakur,0,0.513405383656938
1426292,1,16,6,Yash Thakur,0,0.5362017249688827
1426292,1,16,7,Yash Thakur,0,0.5480667380095234
1426292,1,16,8,Yash Thakur,0,0.47717002207083475
1426292,1,17,1,Naveen-ul-Haq,0,0.6981624995079478
1426292,1,17,2,Naveen-ul-Haq,0,0.6752329676917443
1426292,1,17,3,Naveen-ul-Haq,1,0.659831010371439
1426292,1,17,4,Naveen-ul-Haq,0,0.6610799261926346
1426292,1,17,5,Naveen-ul-Haq,1,0.7002870937420118
1426292,1,18,1,Yudhvir Singh,0,0.28512306060162385
1426292,1,18,2,Yudhvir Singh,0,0.2994721320111976
1426292,1,18,3,Yudhvir Singh,0,0.6205407743080209
1426292,1,18,4,Yudhvir Singh,0,0.6221831161666723
1426292,1,18,5,Yudhvir Singh,0,0.5912805803113789
1426292,1,19,1,Yash Thakur,0,0.3987152519201272
1426292,1,19,2,Yash Thakur,0,0.507180831419924
1426292,1,19,3,Yash Thakur,0,0.4782721142743779
1426292,1,19,4,Yash Thakur,0,0.4939779446145649
1426292,1,19,5,Yash Thakur,0,0.5278083159569841
1426292,1,19,6,Yash Thakur,0,0.5872295608020145
1426292,2,15,1,CV Varun,1,0.4443633665379628
1426292,2,15,2,CV Varun,0,0.4143263547450336
1426292,2,15,3,CV Varun,0,0.3857695101647279
1426292,2,15,4,CV Varun,1,0.48088633193289204
1426292,2,15,5,CV Varun,1,0.4587191143046586
1426299,1,15,1,SN Thakur,0,0.3679967998074879
1426299,1,15,2,SN Thakur,0,0.3670871340672539
1426299,1,15,3,SN Thakur,1,0.5195988065756223
1426299,1,15,4,SN Thakur,1,0.5067285891085662
1426299,1,15,5,SN Thakur,1,0.4989594566352872
1426299,1,15,6,SN Thakur,1,0.3803276923882209
1426299,1,16,1,Simarjeet Singh,0,0.390564353137604
1426299,1,16,2,Simarjeet Singh,0,0.5262128870884762
1426299,1,16,3,Simarjeet Singh,1,0.5665255534915369
1426299,1,16,4,Simarjeet Singh,1,0.6821007232139247
1426299,1,16,5,Simarjeet Singh,1,0.8055612364578357
1426299,1,16,6,Simarjeet Singh,1,0.8055612364578357
1426299,1,17,1,TU Deshpande,0,0.17682853596997272
1426299,1,17,2,TU Deshpande,0,0.19078586121321917
1426299,1,17,3,TU Deshpande,0,0.3591823644510447
1426299,1,17,4,TU Deshpande,0,0.36245787709981975
1426299,1,17,5,TU Deshpande,0,0.3410415831041518
1426299,1,17,6,TU Deshpande,0,0.33740978192134563
1426299,1,18,1,SN Thakur,1,0.3949151467790471
1426299,1,18,2,SN Thakur,1,0.42037694977466006
1426299,1,18,3,SN Thakur,1,0.4902308222366221
1426299,1,18,4,SN Thakur,1,0.587853517058101
1426299,1,18,5,SN Thakur,1,0.7350676413923738
1426299,1,19,1,TU Deshpande,0,0.3115048634884584
1426299,1,19,2,TU Deshpande,0,0.32697779500670915
1426299,1,19,3,TU Deshpande,0,0.37188458748220865
1426299,1,19,4,TU Deshpande,0,0.4939404195044213
1426299,1,19,5,TU Deshpande,1,0.6506176734158634
1426299,2,15,1,Avesh Khan,1,0.44812233880384816
1426299,2,15,2,Avesh Khan,1,0.45702873122991544
1426299,2,15,3,Avesh Khan,1,0.4384146516469105
1426299,2,15,4,Avesh Khan,1,0.4616114943911448
1426299,2,15,5,Avesh Khan,1,0.4244799269258216
1426299,2,16,1,Sandeep Sharma,1,0.39078578491346305
1426299,2,16,2,Sandeep Sharma,0,0.392388366895156
1426299,2,16,3,Sandeep Sharma,0,0.3692971050625644
1426299,2,16,4,Sandeep Sharma,1,0.36633552230765914
1426299,2,16,5,Sandeep Sharma,1,0.3864915611854133
1426299,2,17,1,N Burger,0,0.2229615625144605
1426299,2,17,2,N Burger,0,0.21162444966806876
1426299,2,17,3,N Burger,0,0.24466979506104217
1426299,2,17,4,N Burger,1,0.28021393215215723
1426299,2,17,5,N Burger,1,0.2727691400091315
1426299,2,18,1,TA Boult,0,0.389120942113391
1426300,1,15,1,I Sharma,1,0.6502959977948679
1426300,1,15,2,I Sharma,1,0.6492779697364509
1426300,1,15,3,I Sharma,1,0.6355640595856837
1426300,1,15,4,I Sharma,1,0.6355640595856837
1426300,1,15,5,I Sharma,1,0.633807387228541
1426300,1,15,6,I Sharma,1,0.6517609655676393
1426300,1,15,7,I Sharma,1,0.6589801930218429
1426300,1,16,1,Kuldeep Yadav,0,0.5298433375077173
1426300,1,16,2,Kuldeep Yadav,0,0.5354359152906372
1426300,1,16,3,Kuldeep Yadav,0,0.5628509561540498
1426300,1,16,4,Kuldeep Yadav,0,0.58365855097518
1426300,1,16,5,Kuldeep Yadav,0,0.7561455972224087
1426300,1,17,1,KK Ahmed,0,0.5520541796056332
1426300,1,17,2,KK Ahmed,1,0.48247743353699574
1426300,1,17,3,KK Ahmed,1,0.5103711830103037
1426300,1,17,4,KK Ahmed,1,0.5568497437584606
1426300,1,17,5,KK Ahmed,1,0.7006200762054475
1426300,1,18,1,Rasikh Salam,1,0.5375318942476945
1426300,1,18,2,Rasikh Salam,1,0.561214285898334
1426300,1,18,3,Rasikh Salam,1,0.5410100308861224
1426300,1,18,4,Rasikh Salam,1,0.5891979221023949
1426300,1,18,5,Rasikh Salam,1,0.5883683759539163
1426300,1,18,6,Rasikh Salam,1,0.5806852846953325
1426300,1,19,1,Mukesh Kumar,1,0.47611662204922506
1426300,1,19,2,Mukesh Kumar,1,0.4447292371830198
1426300,1,19,3,Mukesh Kumar,1,0.39246627474658663
1426300,1,19,4,Mukesh Kumar,0,0.4118875954967322
1426300,1,19,5,Mukesh Kumar,0,0.48585433337412043
1426300,2,15,1,Yash Dayal,1,0.1903560091316789
1426300,2,15,2,Yash Dayal,1,0.1371654008643726
1426300,2,15,3,Yash Dayal,1,0.13715527581535666
1426300,2,15,4,Yash Dayal,1,0.11419850305577993
1426300,2,15,5,Yash Dayal,1,0.13942991177322125
1426300,2,15,6,Yash Dayal,1,0.1390990263196779
1426300,2,15,7,Yash Dayal,1,0.1992958520929411
1426300,2,16,1,C Green,1,0.1910152703930194
1426300,2,16,2,C Green,1,0.21983911079299778
1426300,2,16,3,C Green,1,0.26562877820903436
1426300,2,16,4,C Green,1,0.2542803914350477
1426300,2,16,5,C Green,1,0.2902316740622971
1426300,2,16,6,C Green,1,0.3363677317158965
1426300,2,17,1,LH Ferguson,1,0.35874867085436685
1426300,2,17,2,LH Ferguson,1,0.3490188594845153
1426300,2,17,3,LH Ferguson,1,0.4063918198080447
1426300,2,17,4,LH Ferguson,1,0.4481659261645291
1426300,2,17,5,LH Ferguson,1,0.6026488388971417
1426300,2,18,1,Mohammed Siraj,1,0.4471057279643512
1426300,2,18,2,Mohammed Siraj,1,0.4554248312237531
1426300,2,18,3,Mohammed Siraj,1,0.45252157337451626
1426300,2,18,4,Mohammed Siraj,1,0.46560740352763497
1426300,2,18,5,Mohammed Siraj,1,0.5790341974575016
1426300,2,18,6,Mohammed Siraj,1,0.5683539359089782
1426300,2,18,7,Mohammed Siraj,1,0.7338331678187564
1426303,1,15,1,NT Ellis,0,0.05977894761856885
1426303,1,15,2,NT Ellis,0,0.12499955853426686
1426303,1,15,3,NT Ellis,0,0.1897377195146251
1426303,1,15,4,NT Ellis,0,0.21377006694144499
1426303,1,15,5,NT Ellis,0,0.2674819246700836
1426303,1,15,6,NT Ellis,0,0.38717089056002235
1426303,1,16,1,Arshdeep Singh,1,0.4066285920948292
1426303,1,16,2,Arshdeep Singh,1,0.5375519250813984
1426303,1,16,3,Arshdeep Singh,1,0.5295961578939264
1426303,1,16,4,Arshdeep Singh,1,0.615147373487588
1426303,1,16,5,Arshdeep Singh,1,0.7006139400247327
1426303,1,17,1,HV Patel,0,0.2697072667398736
1426303,1,17,2,HV Patel,1,0.3504793792487252
1426303,1,17,3,HV Patel,0,0.3915354489371173
1426303,1,17,4,HV Patel,0,0.39520535138642365
1426303,1,17,5,HV Patel,1,0.37630124789149605
1426303,1,17,6,HV Patel,1,0.41316353904653225
1426303,1,18,1,NT Ellis,0,0.2911639506411409
1426303,1,18,2,NT Ellis,0,0.36564289464113253
1426303,1,18,3,NT Ellis,0,0.3250039339057548
1426303,1,18,4,NT Ellis,1,0.6585991992013679
1426303,1,18,5,NT Ellis,1,0.7251478697798548
1426303,1,19,1,HV Patel,0,0.41393771376286076
1426303,1,19,2,HV Patel,0,0.5111190958310191
1426303,1,19,3,HV Patel,0,0.5616659500363411
1426303,1,19,4,HV Patel,0,0.6498545611982802
1426303,1,19,5,HV Patel,1,0.6703032696728718
1426303,2,15,1,YS Chahal,0,0.6016715558210535
1426303,2,15,2,YS Chahal,0,0.6089768686109742
1426303,2,15,3,YS Chahal,1,0.6414507674504271
1426303,2,15,4,YS Chahal,1,0.6682528868018955
1426303,2,15,5,YS Chahal,1,0.7460806870124465
1426303,2,15,6,YS Chahal,1,0.7278785132588593
1426303,2,16,1,Avesh Khan,0,0.0240616236581648
1426303,2,16,2,Avesh Khan,0,0.018714249159914226
1426303,2,16,3,Avesh Khan,0,0.03221867211937612
1426303,2,16,4,Avesh Khan,0,0.0854046506093663
1426303,2,16,5,Avesh Khan,0,0.08232478925818652
1426303,2,16,6,Avesh Khan,0,0.24393532261822107
1426303,2,17,1,Sandeep Sharma,0,0.38703941358489113
1426303,2,17,2,Sandeep Sharma,0,0.42426791964753185
1426303,2,17,3,Sandeep Sharma,0,0.4220143482235617
1426303,2,17,4,Sandeep Sharma,0,0.3959110471636433
1426303,2,17,5,Sandeep Sharma,0,0.3305335908546801
1426303,2,18,1,Avesh Khan,0,0.2552021973739561
1426303,2,18,2,Avesh Khan,0,0.4494684686372849
1426303,2,18,3,Avesh Khan,0,0.425005990105215
1426303,2,18,4,Avesh Khan,1,0.4988681016791308
1426306,1,15,1,SN Thakur,1,0.5641774663349722
1426306,1,15,2,SN Thakur,0,0.5773245788103453
1426306,1,15,3,SN Thakur,1,0.4313647670791028
1426306,1,15,4,SN Thakur,1,0.5504687323555257
1426306,1,15,5,SN Thakur,1,0.4686311559979328
1426306,1,15,6,SN Thakur,1,0.5080268530090142
1426306,1,16,1,TU Deshpande,0,0.31576882368094966
1426306,1,16,2,TU Deshpande,0,0.3191053112577327
1426306,1,16,3,TU Deshpande,0,0.3738875579690086
1426306,1,16,4,TU Deshpande,0,0.37590867374357806
1426306,1,16,5,TU Deshpande,0,0.37354189364683094
1426306,1,16,6,TU Deshpande,0,0.365523254889603
1426306,1,16,7,TU Deshpande,0,0.36424254933040356
1426306,1,16,8,TU Deshpande,0,0.410641545388355
1426306,1,17,1,SN Thakur,1,0.42539256207461734
1426306,1,17,2,SN Thakur,1,0.3994192074380098
1426306,1,17,3,SN Thakur,1,0.45797387011742696
1426306,1,17,4,SN Thakur,1,0.5521178919296965
1426306,1,17,5,SN Thakur,1,0.5934032397392558
1426306,1,17,6,SN Thakur,1,0.6056060315590374
1426306,1,18,1,TU Deshpande,0,0.34154714625166677
1426306,1,18,2,TU Deshpande,0,0.34425826870949783
1426306,1,18,3,TU Deshpande,0,0.3397924499170328
1426306,1,18,4,TU Deshpande,0,0.34249688890003305
1426306,1,18,5,TU Deshpande,0,0.34170939082038315
1426306,1,18,6,TU Deshpande,0,0.36387216685442286
1426306,1,18,7,TU Deshpande,0,0.558586574620774
1426306,1,19,1,SN Thakur,1,0.5534931389620211
1426306,1,19,2,SN Thakur,0,0.528603669513921
1426306,1,19,3,SN Thakur,1,0.5526466114566616
1426306,1,19,4,SN Thakur,1,0.413164302450609
1426306,1,19,5,SN Thakur,1,0.4855981185013653
1426306,2,15,1,C Green,0,0.1794985655535639
1426306,2,15,2,C Green,0,0.1756734306176116
1426306,2,15,3,C Green,0,0.18401340969654884
1426306,2,15,4,C Green,0,0.18808764017857618
1426306,2,15,5,C Green,0,0.18776222167963194
1426306,2,16,1,Yash Dayal,1,0.6010593945838253
1426306,2,16,2,Yash Dayal,1,0.559982782077414
1426306,2,16,3,Yash Dayal,1,0.5802236148917714
1426306,2,16,4,Yash Dayal,1,0.5668072076601977
1426306,2,16,5,Yash Dayal,1,0.5820273936934276
1426306,2,16,6,Yash Dayal,1,0.5786087959473383
1426306,2,17,1,Mohammed Siraj,0,0.4277927274209063
1426306,2,17,2,Mohammed Siraj,0,0.43916945207004454
1426306,2,17,3,Mohammed Siraj,0,0.4739960854532366
1426306,2,17,4,Mohammed Siraj,0,0.6167270013992494
1426306,2,17,5,Mohammed Siraj,0,0.7470349325548639
1426306,2,17,6,Mohammed Siraj,1,0.7478137581187168
1426306,2,18,1,LH Ferguson,0,0.5531841239640066
1426306,2,18,2,LH Ferguson,0,0.5154585106114643
1426306,2,18,3,LH Ferguson,0,0.5709280933509454
1426306,2,18,4,LH Ferguson,0,0.5680281119749142
1426306,2,18,5,LH Ferguson,0,0.5754449816408314
1426306,2,18,6,LH Ferguson,0,0.5793770668199907
1426306,2,19,1,Yash Dayal,1,0.5520823959270984
1426306,2,19,2,Yash Dayal,1,0.5226367316520785
1426306,2,19,3,Yash Dayal,1,0.496890114636631
1426306,2,19,4,Yash Dayal,1,0.4599843958538939
1426306,2,19,5,Yash Dayal,1,0.6318196932984846
1473438,1,15,1,Suyash Sharma,1,0.542517806083392
1473438,1,15,2,Suyash Sharma,1,0.5215022399802433
1473438,1,15,3,Suyash Sharma,1,0.5404271907335019
1473438,1,15,4,Suyash Sharma,1,0.5256025895438822
1473438,1,15,5,Suyash Sharma,1,0.5808513439126046
1473438,1,16,1,LS Livingstone,1,0.2170135490448554
1473438,1,16,2,LS Livingstone,1,0.22346972324421516
1473438,1,16,3,LS Livingstone,1,0.17539692733059953
1473438,1,16,4,LS Livingstone,1,0.08771756341761794
1473438,1,16,5,LS Livingstone,1,0.09371396063515502
1473438,1,17,1,JR Hazlewood,0,0.01562627837221626
1473438,1,17,2,JR Hazlewood,0,0.05324207110499421
1473438,1,17,3,JR Hazlewood,0,0.061864764155547314
1473438,1,17,4,JR Hazlewood,1,0.06287585258335439
1473438,1,17,5,JR Hazlewood,1,0.0739915141063675
1473438,1,17,6,JR Hazlewood,1,0.07626512566723656
1473438,1,18,1,Yash Dayal,1,0.327008202733383
1473438,1,18,2,Yash Dayal,1,0.32805430582353473
1473438,1,18,3,Yash Dayal,1,0.3218775768265946
1473438,1,18,4,Yash Dayal,1,0.3210213420875391
1473438,1,18,5,Yash Dayal,1,0.28538031310341816
1473438,1,19,1,JR Hazlewood,0,0.08187467611183209
1473438,1,19,2,JR Hazlewood,0,0.0975196061445474
1473438,1,19,3,JR Hazlewood,0,0.1169821811511549
1473438,1,19,4,JR Hazlewood,1,0.23582189127953038
1473438,1,19,5,JR Hazlewood,0,0.19138957841074675
1473438,2,15,1,VG Arora,1,0.7880652540482175
1473438,2,15,2,VG Arora,1,0.7870445570870896
1473438,2,15,3,VG Arora,1,0.8062712797902682
1473438,2,15,4,VG Arora,1,0.8185517372014062
1473438,2,15,5,VG Arora,1,0.7302730312578151
1473438,2,16,1,SH Johnson,0,0.3822133932315468
1473442,1,15,1,R Sai Kishore,1,0.3948990036338109
1473442,1,15,2,R Sai Kishore,1,0.5893200226973846
1473442,1,15,3,R Sai Kishore,1,0.6475178166208383
1473442,1,15,4,R Sai Kishore,1,0.7439494077308498
1473442,1,15,5,R Sai Kishore,1,0.8054174374951651
1473442,1,16,1,M Prasidh Krishna,0,0.26752128079588633
1473442,1,16,2,M Prasidh Krishna,0,0.33601510756346287
1473442,1,16,3,M Prasidh Krishna,0,0.47076495245300476
1473442,1,16,4,M Prasidh Krishna,0,0.537387572688684
1473442,1,16,5,M Prasidh Krishna,1,0.5360984386220734
1473442,1,17,1,Rashid Khan,0,0.43754289208779773
1473442,1,17,2,Rashid Khan,0,0.4800171227883069
1473442,1,17,3,Rashid Khan,0,0.48477093564166285
1473442,1,17,4,Rashid Khan,0,0.5294428929346088
1473442,1,17,5,Rashid Khan,0,0.6342393406727471
1473442,1,18,1,K Rabada,1,0.47341779801085565
1473442,1,18,2,K Rabada,1,0.4737248603507014
1473442,1,18,3,K Rabada,1,0.4737248603507014
1473442,1,18,4,K Rabada,1,0.4455779474590293
1473442,1,18,5,K Rabada,1,0.42098221568301375
1473442,1,18,6,K Rabada,1,0.4690344913233784
1473442,1,18,7,K Rabada,1,0.5732378561388406
1473442,1,19,1,Mohammed Siraj,0,0.4477817486610445
1473442,1,19,2,Mohammed Siraj,0,0.4398615543244274
1473442,1,19,3,Mohammed Siraj,0,0.43873830701892924
1473442,1,19,4,Mohammed Siraj,0,0.4338390874579072
1473442,1,19,5,Mohammed Siraj,0,0.43933692433865507
1473442,1,19,6,Mohammed Siraj,0,0.5403723187466697
1473442,2,15,1,M Jansen,1,0.7795689396183608
1473442,2,15,2,M Jansen,1,0.7592828735912811
1473442,2,15,3,M Jansen,1,0.7287400360893276
1473442,2,15,4,M Jansen,1,0.6801736430300213
1473442,2,15,5,M Jansen,0,0.6419689517831109
1473442,2,15,6,M Jansen,0,0.6419689517831109
1473442,2,16,1,Vijaykumar Vyshak,0,0.11895073727473589
1473442,2,16,2,Vijaykumar Vyshak,0,0.13685609997264944
1473442,2,16,3,Vijaykumar Vyshak,0,0.12296638377409974
1473442,2,16,4,Vijaykumar Vyshak,0,0.13257938172409056
1473442,2,16,5,Vijaykumar Vyshak,0,0.14033074986836003
1473442,2,16,6,Vijaykumar Vyshak,0,0.08103590520819223
1473442,2,16,7,Vijaykumar Vyshak,0,0.06572730201601626
1473442,2,16,8,Vijaykumar Vyshak,0,0.06495649050017316
1473442,2,16,9,Vijaykumar Vyshak,0,0.08360288458246916
1473442,2,17,1,M Jansen,0,0.526812366216743
1473442,2,17,2,M Jansen,1,0.6118509935817615
1473442,2,17,3,M Jansen,0,0.5297395179443611
1473442,2,17,4,M Jansen,1,0.621873164633801
1473442,2,17,5,M Jansen,1,0.6726375327724387
1473442,2,18,1,Vijaykumar Vyshak,0,0.13762394603910386
1473442,2,18,2,Vijaykumar Vyshak,0,0.18398094995253853
1473442,2,18,3,Vijaykumar Vyshak,0,0.20029294369717365
1473442,2,18,4,Vijaykumar Vyshak,0,0.2604867409315568
1473442,2,18,5,Vijaykumar Vyshak,0,0.2722448386996664
1473442,2,18,6,Vijaykumar Vyshak,0,0.2537880590991764
1473442,2,19,1,Arshdeep Singh,0,0.31872088286625877
1473442,2,19,2,Arshdeep Singh,0,0.4239284500615104
1473442,2,19,3,Arshdeep Singh,0,0.4727844623259656
1473442,2,19,4,Arshdeep Singh,0,0.6724968305200609
1473442,2,19,5,Arshdeep Singh,0,0.7109727551286048
1473445,1,15,1,Noor Ahmad,0,0.21048653853492208
1473445,1,15,2,Noor Ahmad,0,0.22313264618682152
1473445,1,15,3,Noor Ahmad,0,0.31293039776444537
1473445,1,15,4,Noor Ahmad,0,0.429194488735957
1473445,1,15,5,Noor Ahmad,0,0.5845430080505865
1473445,1,16,1,M Pathirana,1,0.34092507072254186
1473445,1,16,2,M Pathirana,1,0.3145015733817358
1473445,1,16,3,M Pathirana,1,0.3237704110890496
1473445,1,16,4,M Pathirana,1,0.34853121647901997
1473445,1,16,5,M Pathirana,1,0.3571462817729295
1473445,1,16,6,M Pathirana,1,0.3830718952579554
1473445,1,16,7,M Pathirana,1,0.36065390913844575
1473445,1,17,1,KK Ahmed,1,0.2259117861645432
1473445,1,17,2,KK Ahmed,0,0.2563623506443676
1473445,1,17,3,KK Ahmed,0,0.2810028956850281
1473445,1,17,4,KK Ahmed,0,0.40651893128253536
1473445,1,17,5,KK Ahmed,1,0.5994670341976931
1473445,1,18,1,M Pathirana,1,0.35377690480690144
1473445,1,18,2,M Pathirana,1,0.3296832559122693
1473445,1,18,3,M Pathirana,1,0.35839116800722887
1473445,1,18,4,M Pathirana,1,0.35412101844739075
1473445,1,18,5,M Pathirana,1,0.4459120629140469
1473445,1,18,6,M Pathirana,1,0.5855237116112606
1473445,1,19,1,SM Curran,0,0.13435859458224336
1473445,1,19,2,SM Curran,0,0.12720322872391582
1473445,1,19,3,SM Curran,0,0.16985477497417087
1473445,1,19,4,SM Curran,0,0.2987199725327114
1473445,1,19,5,SM Curran,1,0.3160855756636707
1473445,1,19,6,SM Curran,1,0.3697180176658222
1473445,2,15,1,LS Livingstone,1,0.26666135691389176
1473445,2,15,2,LS Livingstone,1,0.3611176742145772
1473445,2,15,3,LS Livingstone,1,0.4212294616182155
1473445,2,15,4,LS Livingstone,1,0.5435017758244949
1473445,2,15,5,LS Livingstone,1,0.6536914708712327
1473445,2,16,1,JR Hazlewood,0,0.030776277190725718
1473445,2,16,2,JR Hazlewood,0,0.03414641161591161
1473445,2,16,3,JR Hazlewood,0,0.06085342477374873
1473445,2,16,4,JR Hazlewood,0,0.1829971933188207
1473445,2,16,5,JR Hazlewood,0,0.19090872915643026
1473445,2,16,6,JR Hazlewood,0,0.19279587194357467
1473445,2,17,1,Suyash Sharma,0,0.2849974775595366
1473445,2,17,2,Suyash Sharma,0,0.3985799226840102
1473445,2,17,3,Suyash Sharma,0,0.40359802817242985
1473445,2,17,4,Suyash Sharma,1,0.4459837253196797
1473445,2,17,5,Suyash Sharma,1,0.5699941778788956
1473445,2,17,6,Suyash Sharma,1,0.7086095066982095
1473445,2,18,1,JR Hazlewood,0,0.2126774923333673
1473445,2,18,2,JR Hazlewood,1,0.3264896317356138
1473445,2,18,3,JR Hazlewood,1,0.3703396908244207
1473445,2,18,4,JR Hazlewood,1,0.39083844198496787
1473445,2,18,5,JR Hazlewood,1,0.40133009327625013
1473445,2,19,1,KH Pandya,0,0.3971596281468432
1473445,2,19,2,KH Pandya,0,0.4071728610561743
1473445,2,19,3,KH Pandya,0,0.4411829628678528
1473445,2,19,4,KH Pandya,0,0.6446248538845113
1473445,2,19,5,KH Pandya,0,0.592560689731673
1473446,1,15,1,HH Pandya,1,0.3230650361792864
1473446,1,15,2,HH Pandya,0,0.32626082419809366
1473446,1,15,3,HH Pandya,0,0.4132608964967983
1473446,1,15,4,HH Pandya,0,0.4923379170879074
1473446,1,15,5,HH Pandya,0,0.5746197936492784
1473446,1,15,6,HH Pandya,0,0.5610184726184054
1473446,1,15,7,HH Pandya,1,0.568021598910916
1473446,1,16,1,PVSN Raju,0,0.4780659261020701
1473446,1,16,2,PVSN Raju,1,0.6431185343359649
1473446,1,16,3,PVSN Raju,1,0.6303261517636578
1473446,1,16,4,PVSN Raju,1,0.5764038585678749
1473446,1,16,5,PVSN Raju,1,0.6369094846816102
1473446,1,16,6,PVSN Raju,1,0.6203660095246977
1473446,1,16,7,PVSN Raju,1,0.6102629919041102
1473446,1,16,8,PVSN Raju,1,0.6416382641745892
1473446,1,17,1,TA Boult,1,0.39468215097769377
1473446,1,17,2,TA Boult,1,0.3298495059828517
1473446,1,17,3,TA Boult,1,0.36781417070015676
1473446,1,17,4,TA Boult,1,0.39772756466464065
1473446,1,17,5,TA Boult,1,0.4929428110240943
1473446,1,18,1,DL Chahar,1,0.47521345818423877
1473446,1,18,2,DL Chahar,0,0.42878281264692686
1473446,1,18,3,DL Chahar,0,0.46119374732522095
1473446,1,18,4,DL Chahar,1,0.4930373372437783
1473446,1,18,5,DL Chahar,1,0.5482254613723808
1473446,1,19,1,PVSN Raju,1,0.5309919042929592
1473446,1,19,2,PVSN Raju,1,0.5506141309442553
1473446,1,19,3,PVSN Raju,1,0.5617312657521731
1473446,1,19,4,PVSN Raju,1,0.5991489126143944
1473446,1,19,5,PVSN Raju,1,0.6488219212501734
1473446,1,19,6,PVSN Raju,1,0.5905536195312562
1473446,1,19,7,PVSN Raju,1,0.6488219212501734
1473446,2,15,1,M Prasidh Krishna,0,0.05887255470557842
1473446,2,15,2,M Prasidh Krishna,0,0.05189248125254097
1473446,2,15,3,M Prasidh Krishna,0,0.0331406498697162
1473446,2,15,4,M Prasidh Krishna,0,0.03542070326166647
1473446,2,15,5,M Prasidh Krishna,0,0.06405285912830501
1473446,2,15,6,M Prasidh Krishna,0,0.0804810502396365
1473446,2,16,1,K Rabada,0,0.5731986912711321
1473446,2,16,2,K Rabada,0,0.5727732046785952
1473446,2,16,3,K Rabada,0,0.6499825493062302
1473446,2,16,4,K Rabada,0,0.6402624963305196
1473446,2,16,5,K Rabada,0,0.54933460458088
1473446,2,16,6,K Rabada,0,0.4269203184490044
1473446,2,17,1,M Prasidh Krishna,0,0.17323720684049354
1473446,2,17,2,M Prasidh Krishna,0,0.22339677173214975
1473446,2,17,3,M Prasidh Krishna,0,0.2715231433226049
1473446,2,17,4,M Prasidh Krishna,0,0.356297296675393
1473446,2,17,5,M Prasidh Krishna,0,0.2926249968898299
1473446,2,18,1,K Rabada,0,0.6198539057469074
1473446,2,18,2,K Rabada,0,0.5888301490647764
1473446,2,18,3,K Rabada,0,0.6538463928478598
1473446,2,18,4,K Rabada,0,0.631442743394925
1473446,2,18,5,K Rabada,0,0.6759593918385819
1473446,2,18,6,K Rabada,0,0.7403939556093967
1473446,2,19,1,Mohammed Siraj,1,0.5134328682994944
1473446,2,19,2,Mohammed Siraj,0,0.5452754041078557
1473446,2,19,3,Mohammed Siraj,0,0.6225113350597933
1473446,2,19,4,Mohammed Siraj,1,0.6723463824695397
1473446,2,19,5,Mohammed Siraj,1,0.7074018984914854
1473449,1,15,1,TA Boult,0,0.4578691725271266
1473449,1,15,2,TA Boult,1,0.4617759502316892
1473449,1,15,3,TA Boult,1,0.5212415450296571
1473449,1,15,4,TA Boult,1,0.5749029039959909
1473449,1,15,5,TA Boult,1,0.7793290704143668
1473449,1,16,1,MJ Santner,1,0.25979096383915984
1473451,1,15,1,Rashid Khan,0,0.38496877179833927
1473451,1,15,2,Rashid Khan,0,0.3932827698316304
1473451,1,15,3,Rashid Khan,0,0.3782491483231042
1473451,1,15,4,Rashid Khan,0,0.38708844740357085
1473451,1,15,5,Rashid Khan,0,0.32811493203294173
1473451,1,15,6,Rashid Khan,0,0.38504270524149936
1473451,1,16,1,R Sai Kishore,0,0.29562509471954607
1473451,1,16,2,R Sai Kishore,0,0.36751876100783315
1473451,1,16,3,R Sai Kishore,0,0.5796603428073773
1473451,1,16,4,R Sai Kishore,0,0.5537685728482987
1473451,1,16,5,R Sai Kishore,0,0.5690621053568937
1473451,1,16,6,R Sai Kishore,1,0.5382216377496204
1473451,1,17,1,Rashid Khan,0,0.3212757152158245
1473451,1,17,2,Rashid Khan,0,0.2812958990734051
1473451,1,17,3,Rashid Khan,0,0.31199581746040467
1473451,1,17,4,Rashid Khan,0,0.3624760305316028
1473451,1,17,5,Rashid Khan,0,0.6065722559295444
1473451,1,18,1,Mohammed Siraj,1,0.364908560242629
1473451,1,18,2,Mohammed Siraj,1,0.356737743594529
1473451,1,18,3,Mohammed Siraj,1,0.3758137109306004
1473451,1,18,4,Mohammed Siraj,1,0.3666003305690174
1473451,1,18,5,Mohammed Siraj,1,0.35570443465304874
1473451,1,18,6,Mohammed Siraj,0,0.39265553088238364
1473451,1,19,1,M Prasidh Krishna,0,0.042464673479270555
1473451,1,19,2,M Prasidh Krishna,0,0.06679885172620381
1473451,1,19,3,M Prasidh Krishna,0,0.3094450781255066
1473451,1,19,4,M Prasidh Krishna,0,0.4792257252063734
1473451,1,19,5,M Prasidh Krishna,1,0.643483576025869
1473451,2,15,1,Rasikh Salam,1,0.5249039391194531
1473451,2,15,2,Rasikh Salam,1,0.5113406783628542
1473451,2,15,3,Rasikh Salam,1,0.5113406783628542
1473451,2,15,4,Rasikh Salam,0,0.4880366189499674
1473451,2,15,5,Rasikh Salam,0,0.4965124092110161
1473451,2,16,1,B Kumar,0,0.13168631285731225
1473451,2,16,2,B Kumar,0,0.15608497729099421
1473451,2,16,3,B Kumar,0,0.22721853464878822
1473451,2,16,4,B Kumar,0,0.2571170314457429
1473451,2,16,5,B Kumar,0,0.3580974549176
1473451,2,17,1,JR Hazlewood,0,0.3603957301405153
1473451,2,17,2,JR Hazlewood,0,0.411385330850183
1473451,2,17,3,JR Hazlewood,0,0.444231159595709
1473451,2,17,4,JR Hazlewood,0,0.5261473761841977
1473454,1,15,1,Mukesh Choudhary,1,0.6547806302341257
1473454,1,15,2,Mukesh Choudhary,0,0.6481193792151189
1473454,1,15,3,Mukesh Choudhary,0,0.6347610334154796
1473454,1,15,4,Mukesh Choudhary,1,0.6394649950428015
1473454,1,15,5,Mukesh Choudhary,0,0.66240681872622
1473454,1,15,6,Mukesh Choudhary,0,0.5592210737417534
1473454,1,16,1,KK Ahmed,0,0.2833316180263929
1473454,1,16,2,KK Ahmed,0,0.33630185610848135
1473454,1,16,3,KK Ahmed,1,0.43283251056098965
1473454,1,16,4,KK Ahmed,1,0.5489296787437027
1473454,1,16,5,KK Ahmed,1,0.6922963441698314
1473454,1,17,1,M Pathirana,1,0.4260305068286931
1473454,1,17,2,M Pathirana,1,0.37469784689632324
1473454,1,17,3,M Pathirana,1,0.3662836962449196
1473454,1,17,4,M Pathirana,1,0.3526127687763789
1473454,1,17,5,M Pathirana,1,0.348285311599124
1473454,1,17,6,M Pathirana,1,0.3412479309242247
1473454,1,18,1,Mukesh Choudhary,0,0.685843129174445
1473454,1,18,2,Mukesh Choudhary,0,0.6586896705426368
1473454,1,18,3,Mukesh Choudhary,0,0.6404057513030946
1473454,1,18,4,Mukesh Choudhary,0,0.7250231617555722
1473454,1,18,5,Mukesh Choudhary,1,0.8449337600686938
1473454,1,19,1,M Pathirana,1,0.3034841342612818
1473454,1,19,2,M Pathirana,1,0.325078839048202
1473454,1,19,3,M Pathirana,1,0.2867693401244075
1473454,1,19,4,M Pathirana,1,0.34021879300886215
1473454,1,19,5,M Pathirana,0,0.4684096718308962
1473454,1,19,6,M Pathirana,0,0.6108684033950937
1473454,2,15,1,MM Sharma,1,0.389817562001714
1473454,2,15,2,MM Sharma,1,0.3967920444174241
1473454,2,15,3,MM Sharma,1,0.39303512532670637
1473454,2,15,4,MM Sharma,1,0.35611166544590334
1473454,2,15,5,MM Sharma,1,0.36803832896491745
1473454,2,15,6,MM Sharma,1,0.37073118544597156
1473454,2,15,7,MM Sharma,1,0.33316089227016654
1473454,2,16,1,AR Patel,1,0.43162671513028267
1473454,2,16,2,AR Patel,1,0.5014984731706527
1473454,2,16,3,AR Patel,1,0.5156358606768594
1473454,2,16,4,AR Patel,1,0.5035811550379665
1473454,2,16,5,AR Patel,0,0.365719864138373
1473454,2,17,1,Mukesh Kumar,0,0.128704621829769
1473454,2,17,2,Mukesh Kumar,0,0.12758072462630868
1473454,2,17,3,Mukesh Kumar,0,0.1435728344380353
1473454,2,17,4,Mukesh Kumar,0,0.13494242450966182
1473454,2,17,5,Mukesh Kumar,0,0.29746455125109056
1473454,2,17,6,Mukesh Kumar,0,0.28855172879349766
1473454,2,17,7,Mukesh Kumar,0,0.2584231964470083
1473454,2,18,1,MA Starc,0,0.2635231253322412
1473454,2,18,2,MA Starc,0,0.2705561723120262
1473454,2,18,3,MA Starc,1,0.2758125238959206
1473454,2,18,4,MA Starc,1,0.33813895201434085
1473454,2,18,5,MA Starc,1,0.45808611241857333
1473454,2,18,6,MA Starc,1,0.6013634736367711
1473454,2,19,1,Mukesh Kumar,0,0.2905594983931934
1473454,2,19,2,Mukesh Kumar,0,0.24143571069256528
1473454,2,19,3,Mukesh Kumar,0,0.29745663523964666
1473454,2,19,4,Mukesh Kumar,1,0.3745307840573954
1473454,2,19,5,Mukesh Kumar,1,0.5133310413035495
1473456,1,15,1,AD Russell,0,0.007009576586453574
1473456,1,15,2,AD Russell,0,0.006461967693685607
1473456,1,15,3,AD Russell,0,0.01775369422757012
1473456,1,15,4,AD Russell,0,0.2846066993811698
1473456,1,15,5,AD Russell,0,0.19513112992670995
1473456,1,15,6,AD Russell,0,0.22273400482914898
1473456,1,16,1,Harshit Rana,1,0.8232421499041763
1473456,1,16,2,Harshit Rana,1,0.8627979728486077
1473456,1,16,3,Harshit Rana,1,0.839194252689073
1473456,1,16,4,Harshit Rana,1,0.8492855219859384
1473456,1,16,5,Harshit Rana,1,0.8570564238097056
1473456,1,16,6,Harshit Rana,1,0.7779265850484585
1473456,1,17,1,AD Russell,0,0.28904230852922874
1473456,1,17,2,AD Russell,0,0.22905011449015966
1473456,1,17,3,AD Russell,0,0.3842874720801038
1473456,1,17,4,AD Russell,0,0.5775426190861915
1473456,1,17,5,AD Russell,0,0.7620692903843932
1473456,1,18,1,Harshit Rana,1,0.8347096568113418
1473456,1,18,2,Harshit Rana,1,0.6462142878501081
1473456,1,18,3,Harshit Rana,1,0.5096754218547036
1473456,1,18,4,Harshit Rana,0,0.4577393919610334
1473456,1,18,5,Harshit Rana,1,0.6667630402025698
1473456,1,19,1,VG Arora,1,0.320542796567484
1473456,1,19,2,VG Arora,1,0.3165901007584169
1473456,1,19,3,VG Arora,0,0.39219479075166996
1473456,1,19,4,VG Arora,0,0.4690370545211043
1473456,1,19,5,VG Arora,0,0.5205480262828107
1473456,1,19,6,VG Arora,0,0.6316419795310374
1473456,1,19,7,VG Arora,1,0.6294369032824474
1473456,2,15,1,Akash Deep,1,0.7391681152965954
1473456,2,15,2,Akash Deep,1,0.6142877303378824
1473456,2,15,3,Akash Deep,0,0.512768896829759
1473456,2,15,4,Akash Deep,0,0.5100101971929059
1473456,2,15,5,Akash Deep,1,0.5083707565691281
1473456,2,16,1,SN Thakur,0,0.39507151646212946
1473456,2,16,2,SN Thakur,1,0.6004237915378114
1473456,2,16,3,SN Thakur,1,0.4260645525117996
1473456,2,16,4,SN Thakur,0,0.3741973880412853
1473456,2,16,5,SN Thakur,0,0.47435378881145485
1473456,2,17,1,DS Rathi,0,0.2917429654618217
1473456,2,17,2,DS Rathi,0,0.29784102873628554
1473456,2,17,3,DS Rathi,0,0.3698041079232297
1473456,2,17,4,DS Rathi,0,0.3528847457123666
1473456,2,17,5,DS Rathi,1,0.4188044910452321
1473456,2,17,6,DS Rathi,1,0.5822093570453861
1473456,2,18,1,Avesh Khan,0,0.41064606956579575
1473456,2,18,2,Avesh Khan,1,0.4970077121046598
1473456,2,18,3,Avesh Khan,1,0.4372020767641123
1473456,2,18,4,Avesh Khan,0,0.4258255391369472
1473456,2,18,5,Avesh Khan,0,0.5147219098771155
1473456,2,19,1,Ravi Bishnoi,0,0.36894823801785787
1473456,2,19,2,Ravi Bishnoi,0,0.3562469616422401
1473456,2,19,3,Ravi Bishnoi,0,0.3757885167903148
1473456,2,19,4,Ravi Bishnoi,0,0.4412378444740554
1473456,2,19,5,Ravi Bishnoi,0,0.5410920160394603
1473459,1,15,1,M Pathirana,1,0.8112502987351103
1473459,1,15,2,M Pathirana,1,0.8147817469232576
1473459,1,15,3,M Pathirana,1,0.8249140043042631
1473459,1,15,4,M Pathirana,1,0.8409731118779673
1473459,1,15,5,M Pathirana,1,0.8512994010624477
1473459,1,15,6,M Pathirana,1,0.793047940998901
1473459,1,16,1,Noor Ahmad,0,0.40577600610221914
1473459,1,16,2,Noor Ahmad,0,0.4298396951927623
1473459,1,16,3,Noor Ahmad,1,0.5319681836380835
1473459,1,16,4,Noor Ahmad,1,0.5272224514809929
1473459,1,16,5,Noor Ahmad,1,0.5001273826049315
1473459,1,17,1,M Pathirana,1,0.8662190493421362
1473459,1,17,2,M Pathirana,1,0.8670643969800877
1473459,1,17,3,M Pathirana,1,0.8571209685646122
1473459,1,17,4,M Pathirana,1,0.7673586002053535
1473459,1,17,5,M Pathirana,1,0.7487101894539349
1473459,1,17,6,M Pathirana,1,0.6840077067249876
1473459,1,18,1,KK Ahmed,0,0.4971733325886405
1473459,1,18,2,KK Ahmed,0,0.5375236862393972
1473459,1,18,3,KK Ahmed,0,0.44424800617168875
1473459,1,18,4,KK Ahmed,0,0.48795920537465487
1473459,1,18,5,KK Ahmed,1,0.596235850968153
1473459,1,19,1,M Pathirana,0,0.6048468725983535
1473459,1,19,2,M Pathirana,0,0.6011982783863952
1473459,1,19,3,M Pathirana,0,0.5196320472449214
1473459,1,19,4,M Pathirana,0,0.4117556349125179
1473459,1,19,5,M Pathirana,1,0.5614333869366704
1473459,1,19,6,M Pathirana,0,0.7162650518979797
1473459,2,15,1,LH Ferguson,0,0.26288586254796087
1473459,2,15,2,LH Ferguson,0,0.3221120083378319
1473459,2,15,3,LH Ferguson,0,0.2664716764828976
1473459,2,15,4,LH Ferguson,0,0.32996528237216854
1473459,2,15,5,LH Ferguson,0,0.3187960397552734
1473459,2,15,6,LH Ferguson,0,0.3280558472390034
1473459,2,15,7,LH Ferguson,0,0.33478207669078236
1473459,2,15,8,LH Ferguson,0,0.26813263569317003
1473459,2,16,1,YS Chahal,0,0.16812032935368426
1473459,2,16,2,YS Chahal,1,0.26229464192326796
1473459,2,16,3,YS Chahal,0,0.2082605059826692
1473459,2,16,4,YS Chahal,0,0.20753468669491834
1473459,2,16,5,YS Chahal,0,0.2921016490515535
1473459,2,17,1,LH Ferguson,0,0.33349909323176813
1473459,2,17,2,LH Ferguson,0,0.4026622148743295
1473459,2,17,3,LH Ferguson,0,0.4248431389510397
1473459,2,17,4,LH Ferguson,0,0.5184415421163627
1473459,2,17,5,LH Ferguson,0,0.7695853044385077
1473459,2,18,1,Arshdeep Singh,0,0.3690875061302974
1473459,2,18,2,Arshdeep Singh,0,0.3690875061302974
1473459,2,18,3,Arshdeep Singh,0,0.35634866335245086
1473459,2,18,4,Arshdeep Singh,0,0.36025702093900086
1473459,2,18,5,Arshdeep Singh,0,0.4706169025159116
1473459,2,18,6,Arshdeep Singh,1,0.6580158347642066
1473459,2,19,1,Yash Thakur,0,0.4003899465701611
1473459,2,19,2,Yash Thakur,0,0.3812046663964005
1473459,2,19,3,Yash Thakur,1,0.34739227575509457
1473459,2,19,4,Yash Thakur,1,0.40710334875925275
1473459,2,19,5,Yash Thakur,1,0.5596685953272611
1473460,1,15,1,M Theekshana,0,0.8444939337933345
1473460,1,15,2,M Theekshana,0,0.8595662515641009
1473460,1,15,3,M Theekshana,0,0.8578874322022604
1473460,1,15,4,M Theekshana,0,0.8376909033702883
1473460,1,15,5,M Theekshana,0,0.8435647180431574
1473460,1,15,6,M Theekshana,0,0.7787463644145632
1473460,1,15,7,M Theekshana,1,0.8572647516774573
1473460,1,16,1,Sandeep Sharma,0,0.08492852738437892
1473460,1,16,2,Sandeep Sharma,0,0.08693617526302348
1473460,1,16,3,Sandeep Sharma,0,0.17776702046944248
1473460,1,16,4,Sandeep Sharma,0,0.22846330582495797
1473460,1,16,5,Sandeep Sharma,0,0.24247838564295116
1473460,1,16,6,Sandeep Sharma,0,0.24035797113162724
1473460,1,17,1,JC Archer,1,0.21587379729493
1473460,1,17,2,JC Archer,1,0.21587379729493
1473460,1,17,3,JC Archer,1,0.22875219406394592
1473460,1,17,4,JC Archer,1,0.30121621160993817
1473460,1,17,5,JC Archer,1,0.3886018261378441
1473460,1,17,6,JC Archer,1,0.49744926667100525
1473460,1,18,1,TU Deshpande,0,0.5822679981886772
1473460,1,18,2,TU Deshpande,0,0.462753145917331
1473460,1,18,3,TU Deshpande,0,0.5101613563317309
1473460,1,18,4,TU Deshpande,0,0.544110029942754
1473460,1,18,5,TU Deshpande,1,0.6581128417564353
1473460,1,18,6,TU Deshpande,1,0.6940196392326786
1473460,1,18,7,TU Deshpande,1,0.8009488418314706
1473460,1,19,1,Sandeep Sharma,0,0.3478731044392873
1473460,1,19,2,Sandeep Sharma,0,0.239756886971525
1473460,1,19,3,Sandeep Sharma,0,0.3198576263792672
1473460,1,19,4,Sandeep Sharma,0,0.3857243880924506
1473460,1,19,5,Sandeep Sharma,0,0.38690892396033744
1473460,1,19,6,Sandeep Sharma,0,0.3986875910648169
1473460,1,19,7,Sandeep Sharma,0,0.44875717396217324
1473460,2,15,1,M Prasidh Krishna,1,0.36202661281222737
1473460,2,15,2,M Prasidh Krishna,1,0.3729224629591975
1473460,2,15,3,M Prasidh Krishna,1,0.42013404221922507
1473460,2,15,4,M Prasidh Krishna,1,0.4518094417907416
1473460,2,15,5,M Prasidh Krishna,1,0.456785757088743
1473460,2,15,6,M Prasidh Krishna,1,0.5762050044919832
1473460,2,16,1,R Sai Kishore,1,0.45352560185888036
1473460,2,16,2,R Sai Kishore,1,0.44202599669147025
1473460,2,16,3,R Sai Kishore,1,0.41344680151756724
1473460,2,16,4,R Sai Kishore,1,0.42144052970639195
1473460,2,16,5,R Sai Kishore,1,0.4630213642407747
1473460,2,16,6,R Sai Kishore,1,0.3284948634842538
1473460,2,17,1,M Prasidh Krishna,1,0.5639762359475167
1473460,2,17,2,M Prasidh Krishna,1,0.603086584231752
1473460,2,17,3,M Prasidh Krishna,1,0.6880647411406215
1473460,2,17,4,M Prasidh Krishna,1,0.7741386072235078
1473460,2,17,5,M Prasidh Krishna,1,0.8610371882851325
1473460,2,18,1,Mohammed Siraj,1,0.38669173788257055
1473460,2,18,2,Mohammed Siraj,1,0.39786602070508953
1473460,2,18,3,Mohammed Siraj,1,0.39248667370225365
1473460,2,18,4,Mohammed Siraj,1,0.45030330149242975
1473460,2,18,5,Mohammed Siraj,1,0.5403554334602081
1473460,2,18,6,Mohammed Siraj,1,0.6679588359952728
1473460,2,19,1,R Sai Kishore,1,0.36972400624010066
1473475,1,15,1,Ashwani Kumar,0,0.827172675687136
1473475,1,15,2,Ashwani Kumar,0,0.8051638597443317
1473475,1,15,3,Ashwani Kumar,0,0.8258196815790028
1473475,1,15,4,Ashwani Kumar,1,0.8177567873334742
1473475,1,15,5,Ashwani Kumar,0,0.820518763634825
1473475,1,16,1,JJ Bumrah,0,0.13435962985153999
1473475,1,16,2,JJ Bumrah,0,0.22026124067582603
1473475,1,16,3,JJ Bumrah,0,0.1776009716720349
1473475,1,16,4,JJ Bumrah,0,0.2407473650037999
1473475,1,16,5,JJ Bumrah,0,0.27441641791082033
1473475,1,16,6,JJ Bumrah,0,0.3421947380642489
1473475,1,17,1,MJ Santner,0,0.10886521881456822
1473475,1,17,2,MJ Santner,0,0.11203848540181643
1473475,1,17,3,MJ Santner,0,0.11262651785632721
1473475,1,17,4,MJ Santner,0,0.10318666886633947
1473475,1,17,5,MJ Santner,0,0.11002826278752383
1473475,1,17,6,MJ Santner,0,0.1409754372508792
1473475,1,17,7,MJ Santner,0,0.14618496143611645
1473475,1,18,1,JJ Bumrah,0,0.24148008005819271
1473475,1,18,2,JJ Bumrah,0,0.2955114123861869
1473475,1,18,3,JJ Bumrah,0,0.3387105240562364
1473475,1,18,4,JJ Bumrah,0,0.38117561272669004
1473475,1,18,5,JJ Bumrah,1,0.6353707717396876
1473475,1,19,1,TA Boult,0,0.2307968189644669
1473475,1,19,2,TA Boult,0,0.20066315490245
1473475,1,19,3,TA Boult,0,0.29311740056668595
1473475,1,19,4,TA Boult,1,0.3279071264065495
1473475,1,19,5,TA Boult,1,0.3039305909137387
1473475,2,15,1,M Pathirana,0,0.7877786542004734
1473475,2,15,2,M Pathirana,0,0.8098751156138594
1473475,2,15,3,M Pathirana,0,0.7856404882130432
1473475,2,15,4,M Pathirana,0,0.7348519498438711
1473480,1,15,1,PJ Cummins,1,0.3433559973501585
1473480,1,15,2,PJ Cummins,1,0.3233145394776683
1473480,1,15,3,PJ Cummins,1,0.32765959453880816
1473480,1,15,4,PJ Cummins,1,0.31991048667361777
1473480,1,15,5,PJ Cummins,1,0.3325960465140402
1473480,1,15,6,PJ Cummins,1,0.31483562087258543
1473480,1,16,1,HV Patel,1,0.30060670598595435
1473480,1,16,2,HV Patel,0,0.3160820748596564
1473480,1,16,3,HV Patel,0,0.3092616313204787
1473480,1,16,4,HV Patel,0,0.31489017941759
1473480,1,16,5,HV Patel,0,0.3056375791991658
1473480,1,16,6,HV Patel,0,0.3027087796229508
1473480,1,17,1,PJ Cummins,1,0.25435933585379994
1473480,1,17,2,PJ Cummins,1,0.3477381464487407
1473480,1,17,3,PJ Cummins,0,0.39473355345381395
1473480,1,17,4,PJ Cummins,0,0.4320585170718627
1473480,1,17,5,PJ Cummins,0,0.3963883920572489
1473480,1,18,1,HV Patel,0,0.2808040186140056
1473480,1,18,2,HV Patel,0,0.3339902024791798
1473480,1,18,3,HV Patel,0,0.3462629909118925
1473480,1,18,4,HV Patel,0,0.3720404467848895
1473480,1,18,5,HV Patel,0,0.4215512325677678
1473480,1,18,6,HV Patel,1,0.5545133383247131
1473480,1,18,7,HV Patel,1,0.6684615960165249
1473480,1,19,1,JD Unadkat,1,0.2860381900288519
1473480,1,19,2,JD Unadkat,1,0.2722116123338352
1473480,1,19,3,JD Unadkat,1,0.29586101305569357
1473480,1,19,4,JD Unadkat,1,0.26453969394594207
1473480,1,19,5,JD Unadkat,1,0.267742245832084
1473480,2,15,1,Noor Ahmad,0,0.37151951795031135
1473480,2,15,2,Noor Ahmad,0,0.4265630945595356
1473480,2,15,3,Noor Ahmad,0,0.45502267033195565
1473480,2,15,4,Noor Ahmad,0,0.5207856739860136
1473480,2,15,5,Noor Ahmad,1,0.5907487914455573
1473480,2,15,6,Noor Ahmad,1,0.6627146013593773
1473480,2,15,7,Noor Ahmad,0,0.7730442720365241
1473480,2,16,1,M Pathirana,0,0.18548657565517448
1473480,2,16,2,M Pathirana,0,0.18361126596309452
1473480,2,16,3,M Pathirana,0,0.25655542013073523
1473480,2,16,4,M Pathirana,0,0.33655316583890904
1473480,2,16,5,M Pathirana,0,0.34494362512953464
1473480,2,16,6,M Pathirana,1,0.39319072330721977
1473480,2,16,7,M Pathirana,1,0.39319072330721977
1473480,2,17,1,KK Ahmed,1,0.3462424727463225
1473480,2,17,2,KK Ahmed,1,0.362691226524465
1473480,2,17,3,KK Ahmed,1,0.35973146705077325
1473480,2,17,4,KK Ahmed,1,0.3750849858726622
1473480,2,17,5,KK Ahmed,1,0.3642837092226137
1473480,2,18,1,RA Jadeja,0,0.2625087371508786
1473480,2,18,2,RA Jadeja,0,0.3007038788916974
1473480,2,18,3,RA Jadeja,0,0.31119364958182555
1473483,1,15,1,KH Pandya,0,0.19073931947309367
1473483,1,15,2,KH Pandya,0,0.22606964719157963
1473483,1,15,3,KH Pandya,0,0.3702476062116748
1473483,1,15,4,KH Pandya,0,0.4912391210300015
1473483,1,15,5,KH Pandya,0,0.5850119812559417
1473483,1,16,1,B Kumar,1,0.21590808942869397
1473483,1,16,2,B Kumar,1,0.23644238985403943
1473483,1,16,3,B Kumar,1,0.2230054298179801
1473483,1,16,4,B Kumar,1,0.22827339149716172
1473483,1,16,5,B Kumar,1,0.25385897565486193
1473483,1,16,6,B Kumar,1,0.22174740279050567
1473483,1,17,1,JR Hazlewood,0,0.3138128952650665
1473483,1,17,2,JR Hazlewood,0,0.3269092547444076
1473483,1,17,3,JR Hazlewood,0,0.3694273651266931
1473483,1,17,4,JR Hazlewood,0,0.4624316796411929
1473483,1,17,5,JR Hazlewood,0,0.46722167402861714
1473483,1,17,6,JR Hazlewood,1,0.5937645911943782
1473483,1,18,1,Yash Dayal,0,0.265542637393012
1473483,1,18,2,Yash Dayal,0,0.26886118834551137
1473483,1,18,3,Yash Dayal,0,0.34336312883866216
1473483,1,18,4,Yash Dayal,0,0.43293123550707197
1473483,1,18,5,Yash Dayal,0,0.5517273842924137
1473483,1,19,1,B Kumar,0,0.23660278601782664
1473483,1,19,2,B Kumar,0,0.25070118723276275
1473483,1,19,3,B Kumar,0,0.34499699914732174
1473483,1,19,4,B Kumar,1,0.48683979940742456
1473483,1,19,5,B Kumar,1,0.6081483660286471
1473483,2,15,1,MA Starc,0,0.5484136451925695
1473483,2,15,2,MA Starc,0,0.4497964189396521
1473483,2,15,3,MA Starc,1,0.5430243832361473
1473483,2,15,4,MA Starc,1,0.575075082380145
1473483,2,15,5,MA Starc,0,0.564610003325571
1473483,2,16,1,Mukesh Kumar,0,0.44071746182588656
1473483,2,16,2,Mukesh Kumar,0,0.4546244159010476
1473483,2,16,3,Mukesh Kumar,0,0.4356218892611516
1473483,2,16,4,Mukesh Kumar,0,0.48686415128296023
1473483,2,16,5,Mukesh Kumar,0,0.5727398969477192
1473483,2,16,6,Mukesh Kumar,0,0.5159360698591152
1473483,2,17,1,PVD Chameera,0,0.20216037513576815
1473483,2,17,2,PVD Chameera,1,0.41113764327916635
1473483,2,17,3,PVD Chameera,1,0.3707992074303292
1473483,2,17,4,PVD Chameera,1,0.33894009566549005
1473483,2,17,5,PVD Chameera,1,0.2994900173993742
1473483,2,17,6,PVD Chameera,1,0.33604713144105647
1473483,2,18,1,Mukesh Kumar,0,0.5718039867264131
1473483,2,18,2,Mukesh Kumar,0,0.6658741990143463
1473483,2,18,3,Mukesh Kumar,0,0.7022099400129193
1473485,1,15,1,V Nigam,1,0.6476323464736844
1473485,1,15,2,V Nigam,1,0.6262541084216655
1473485,1,15,3,V Nigam,1,0.5616592413192647
1473485,1,15,4,V Nigam,1,0.5570776948850232
1473485,1,15,5,V Nigam,1,0.5391886630320757
1473485,1,15,6,V Nigam,1,0.5379203670150882
1473485,1,15,7,V Nigam,1,0.5379203670150882
1473485,1,15,8,V Nigam,1,0.5425482864741192
1473485,1,16,1,PVD Chameera,1,0.8321524777480119
1473485,1,16,2,PVD Chameera,1,0.8134738737288842
1473485,1,16,3,PVD Chameera,1,0.8224633699101545
1473485,1,16,4,PVD Chameera,1,0.8064559123819136
1473485,1,16,5,PVD Chameera,1,0.8400241129775936
1473485,1,16,6,PVD Chameera,1,0.8400241129775936
1473485,1,16,7,PVD Chameera,1,0.6911586814214614
1473485,1,17,1,V Nigam,1,0.5474076189897235
1473485,1,17,2,V Nigam,0,0.5120074728168779
1473485,1,17,3,V Nigam,0,0.47316685464651054
1473485,1,17,4,V Nigam,0,0.5633821052786335
1473485,1,17,5,V Nigam,0,0.6768873108348761
1473485,1,18,1,PVD Chameera,0,0.7142785074802878
1473485,1,18,2,PVD Chameera,0,0.7193882294743045
1473485,1,18,3,PVD Chameera,0,0.7193882294743045
1473485,1,18,4,PVD Chameera,0,0.724937633178296
1473485,1,18,5,PVD Chameera,1,0.7281655502725427
1473485,1,18,6,PVD Chameera,1,0.7322251142039183
1473485,1,18,7,PVD Chameera,1,0.7322251142039183
1473485,1,18,8,PVD Chameera,1,0.697686140218063
1473485,1,19,1,MA Starc,1,0.6764981177129913
1473485,1,19,2,MA Starc,1,0.7160062890946844
1473485,1,19,3,MA Starc,1,0.7497434038327206
1473485,1,19,4,MA Starc,1,0.7041988767786548
1473485,1,19,5,MA Starc,1,0.6123196452002567
1473485,1,19,6,MA Starc,1,0.7330757509731701
1473485,2,15,1,SP Narine,1,0.3951104664312097
1473485,2,15,2,SP Narine,1,0.5148248240692709
1473485,2,15,3,SP Narine,1,0.5514595462149373
1473485,2,15,4,SP Narine,1,0.6340745761910069
1473485,2,15,5,SP Narine,1,0.7488626071224601
1473485,2,16,1,Harshit Rana,0,0.43852502647515956
1473485,2,16,2,Harshit Rana,0,0.4334607566105866
1473485,2,16,3,Harshit Rana,0,0.45901441062456966
1473485,2,16,4,Harshit Rana,0,0.458321608034892
1473485,2,16,5,Harshit Rana,1,0.4702161781765418
1473485,2,16,6,Harshit Rana,0,0.4510128153108733
1473485,2,17,1,CV Varun,1,0.3963476263721417
1473485,2,17,2,CV Varun,0,0.4864138078155367
1473485,2,17,3,CV Varun,0,0.556793178564397
1473485,2,17,4,CV Varun,0,0.624996438488993
1473485,2,17,5,CV Varun,0,0.7154782523646114
1473485,2,18,1,Harshit Rana,0,0.480187798542884
1473485,2,18,2,Harshit Rana,1,0.525661700813206
1473485,2,18,3,Harshit Rana,0,0.5026294614043133
1473485,2,18,4,Harshit Rana,1,0.5078019901487599
1473485,2,18,5,Harshit Rana,1,0.6077508263381908
1473485,2,19,1,AD Russell,0,0.5016117788267288
1473485,2,19,2,AD Russell,1,0.6814580275149978
1473485,2,19,3,AD Russell,1,0.5637333499180414
1473485,2,19,4,AD Russell,1,0.6690917851488659
1473485,2,19,5,AD Russell,1,0.6984718409716663
1473486,1,15,1,Suryansh Shedge,0,0.19812537106144487
1473486,1,15,2,Suryansh Shedge,0,0.3423853032437747
1473486,1,15,3,Suryansh Shedge,0,0.41886249985632346
1473486,1,15,4,Suryansh Shedge,0,0.42786119630295477
1473486,1,15,5,Suryansh Shedge,0,0.4533727880754609
1473486,1,15,6,Suryansh Shedge,1,0.5481383619216711
1473486,1,16,1,Arshdeep Singh,1,0.16965730326981954
1473486,1,16,2,Arshdeep Singh,1,0.16603650873790407
1473486,1,16,3,Arshdeep Singh,0,0.20780664144831465
1473486,1,16,4,Arshdeep Singh,0,0.18881722724405955
1473486,1,16,5,Arshdeep Singh,0,0.1884626980841489
1473486,1,16,6,Arshdeep Singh,0,0.19053480130165476
1473486,1,16,7,Arshdeep Singh,0,0.19289419257360393
1473486,1,16,8,Arshdeep Singh,0,0.19604240711641002
1473486,1,17,1,M Jansen,0,0.16547224009121522
1473486,1,17,2,M Jansen,0,0.33630387726170247
1473486,1,17,3,M Jansen,0,0.32281873878814865
1473486,1,17,4,M Jansen,0,0.3920904598448494
1473486,1,17,5,M Jansen,0,0.5622580987541735
1473486,1,17,6,M Jansen,1,0.6614627210584264
1473486,1,18,1,YS Chahal,1,0.4743578980923735
1473486,1,18,2,YS Chahal,1,0.5141452315031863
1473486,1,18,3,YS Chahal,1,0.45293085672417177
1473486,1,18,4,YS Chahal,1,0.4592404158006589
1473486,1,18,5,YS Chahal,1,0.46156356133038445
1473486,1,18,6,YS Chahal,1,0.509283859840947
1473486,1,19,1,Arshdeep Singh,1,0.2092002513058202
1473486,2,15,1,Noor Ahmad,1,0.37366438267413754
1473486,2,15,2,Noor Ahmad,1,0.3926253409895922
1473486,2,15,3,Noor Ahmad,1,0.3970486219669525
1473486,2,15,4,Noor Ahmad,1,0.4956091440328394
1473486,2,15,5,Noor Ahmad,1,0.6811596423021462
1473486,2,16,1,M Pathirana,0,0.3109748841032579
1473486,2,16,2,M Pathirana,1,0.35820675140746716
1473486,2,16,3,M Pathirana,1,0.5578607818253029
1473486,2,16,4,M Pathirana,1,0.6151991049794426
1473486,2,16,5,M Pathirana,1,0.5934284314157899
1473486,2,16,6,M Pathirana,1,0.6089383440791595
1473486,2,16,7,M Pathirana,1,0.5734391419521612
1473486,2,17,1,RA Jadeja,0,0.4144583340910494
1473486,2,17,2,RA Jadeja,1,0.48620499570233033
1473486,2,17,3,RA Jadeja,1,0.4178902893672072
1473486,2,17,4,RA Jadeja,0,0.3920552965468194
1473486,2,17,5,RA Jadeja,1,0.42213395790495006
1473486,2,18,1,M Pathirana,1,0.4457641503980189
1473486,2,18,2,M Pathirana,1,0.4418222616472737
1473486,2,18,3,M Pathirana,1,0.3382971454863904
1473486,2,18,4,M Pathirana,1,0.4378791276340377
1473486,2,18,5,M Pathirana,1,0.5527627683882235
1473486,2,19,1,KK Ahmed,0,0.310523255574243
1473486,2,19,2,KK Ahmed,0,0.32256048621202255
1473486,2,19,3,KK Ahmed,0,0.2883303285881421
1473486,2,19,4,KK Ahmed,0,0.3691593005797084
1473487,1,15,1,M Theekshana,0,0.7816557544747583
1473487,1,15,2,M Theekshana,0,0.7816557544747583
1473487,1,15,3,M Theekshana,0,0.7819938977902698
1473487,1,15,4,M Theekshana,0,0.7793676848143962
1473487,1,15,5,M Theekshana,0,0.7136694087705315
1473487,1,15,6,M Theekshana,0,0.7149056862954749
1473487,1,15,7,M Theekshana,0,0.7691855452846559
1473487,1,16,1,JC Archer,0,0.25959693528366123
1473487,1,16,2,JC Archer,0,0.26530922046256095
1473487,1,16,3,JC Archer,0,0.234482010161479
1473487,1,16,4,JC Archer,0,0.2717528762316819
1473487,1,16,5,JC Archer,1,0.3179911310933428
1473487,1,16,6,JC Archer,1,0.3179911310933428
1473487,1,17,1,Fazalhaq Farooqi,0,0.4343156587755365
1473487,1,17,2,Fazalhaq Farooqi,0,0.641192307740231
1473487,1,17,3,Fazalhaq Farooqi,0,0.6836032739341459
1473487,1,17,4,Fazalhaq Farooqi,0,0.6957841334076273
1473487,1,17,5,Fazalhaq Farooqi,0,0.7619742993393708
1473487,1,18,1,JC Archer,1,0.2965180709610107
1473487,1,18,2,JC Archer,1,0.33799474956861253
1473487,1,18,3,JC Archer,1,0.2561527229442447
1473487,1,18,4,JC Archer,1,0.3618494119166645
1473487,1,18,5,JC Archer,1,0.45553930287083866
1473487,1,19,1,Akash Madhwal,0,0.15821734823837996
1473487,1,19,2,Akash Madhwal,0,0.16265888341301393
1473487,1,19,3,Akash Madhwal,0,0.18030165928498987
1473487,1,19,4,Akash Madhwal,0,0.2646485784556441
1473487,1,19,5,Akash Madhwal,0,0.3742763542100156
1473487,2,15,1,KV Sharma,1,0.4381779945025513
1473487,2,15,2,KV Sharma,0,0.4797645360271855
1473487,2,15,3,KV Sharma,0,0.4487076512613009
1473487,2,15,4,KV Sharma,0,0.45985181585662466
1473487,2,15,5,KV Sharma,0,0.39724793867192815
1473490,1,15,1,Akash Madhwal,0,0.4208415843412481
1473490,1,15,2,Akash Madhwal,0,0.25799004961647937
1473490,1,15,3,Akash Madhwal,0,0.491186214150215
1473490,1,15,4,Akash Madhwal,0,0.6448054967024435
1473490,1,15,5,Akash Madhwal,0,0.7470845392578784
1473490,1,15,6,Akash Madhwal,0,0.5128355704889587
1473490,1,16,1,JC Archer,0,0.013824678557660418
1473490,1,16,2,JC Archer,0,0.044654434072793465
1473490,1,16,3,JC Archer,0,0.1337388165074786
1473490,1,16,4,JC Archer,0,0.1456376096114901
1473490,1,16,5,JC Archer,0,0.1456376096114901
1473490,1,16,6,JC Archer,0,0.1330130655506855
1473490,1,17,1,M Theekshana,0,0.13784574807363692
1473490,1,17,2,M Theekshana,0,0.24971656815061644
1473490,1,17,3,M Theekshana,0,0.3538711392408468
1473490,1,17,4,M Theekshana,0,0.3921650949458705
1473490,1,17,5,M Theekshana,0,0.5196311189151608
1473490,1,18,1,JC Archer,0,0.14507261794348855
1473490,1,18,2,JC Archer,0,0.18580904388940925
1473490,1,18,3,JC Archer,0,0.18503797135956335
1473490,1,18,4,JC Archer,0,0.4690188658499511
1473490,1,18,5,JC Archer,1,0.5834914831423377
1473490,1,19,1,Akash Madhwal,0,0.5950269775705249
1473490,1,19,2,Akash Madhwal,0,0.6094904344035023
1473490,1,19,3,Akash Madhwal,0,0.6214348746433289
1473490,1,19,4,Akash Madhwal,0,0.5766030399030966
1473490,1,19,5,Akash Madhwal,0,0.6002953124635548
1473490,1,19,6,Akash Madhwal,0,0.6169424195751418
1473490,1,19,7,Akash Madhwal,0,0.7481816044489774
1473490,1,19,8,Akash Madhwal,1,0.8958101639632766
1473490,2,15,1,Harshit Rana,1,0.7713758615564904
1473490,2,15,2,Harshit Rana,1,0.7548471562908297
1473490,2,15,3,Harshit Rana,1,0.7548471562908297
1473490,2,15,4,Harshit Rana,1,0.7235708891190031
1473490,2,15,5,Harshit Rana,1,0.5342459808344714
1473490,2,15,6,Harshit Rana,1,0.5488848776896035
1473490,2,15,7,Harshit Rana,1,0.5101317287053356
1473490,2,16,1,SP Narine,1,0.2606264290837389
1473490,2,16,2,SP Narine,1,0.3062587253293944
1473490,2,16,3,SP Narine,1,0.3859529204425011
1473490,2,16,4,SP Narine,1,0.4481023064816413
1473490,2,16,5,SP Narine,1,0.6065568375454548
1473490,2,17,1,Harshit Rana,1,0.47767193017802284
1473490,2,17,2,Harshit Rana,1,0.4951287309691292
1473490,2,17,3,Harshit Rana,1,0.43471518991845415
1473490,2,17,4,Harshit Rana,1,0.4208385629759227
1473490,2,17,5,Harshit Rana,1,0.43649481510946064
1473490,2,17,6,Harshit Rana,1,0.5725167813938701
1473490,2,18,1,AD Russell,0,0.08481644939111739
1473490,2,18,2,AD Russell,0,0.13415086273630847
1473490,2,18,3,AD Russell,0,0.09713931329271419
1473490,2,18,4,AD Russell,1,0.3639937049766156
1473490,2,18,5,AD Russell,1,0.365316460943182
1473490,2,19,1,VG Arora,0,0.47995600451789416
1473490,2,19,2,VG Arora,0,0.4235736128640783
1473490,2,19,3,VG Arora,0,0.4672272046137887
1473490,2,19,4,VG Arora,0,0.4631703881443153
1473490,2,19,5,VG Arora,1,0.5772999229267195
1527675,1,15,1,TA Boult,1,0.523549456720252
1527675,1,15,2,TA Boult,1,0.4874061712938648
1527675,1,15,3,TA Boult,0,0.5077697757575467
1527675,1,15,4,TA Boult,0,0.5576933615816059
1527675,1,15,5,TA Boult,1,0.5410820794547926
1527675,1,15,6,TA Boult,1,0.6519591311860338
1527675,1,16,1,SN Thakur,0,0.3894112048734723
1527675,1,16,2,SN Thakur,0,0.40860043518110944
1527675,1,16,3,SN Thakur,0,0.5197492295223354
1527675,1,16,4,SN Thakur,0,0.5689942617946138
1527675,1,16,5,SN Thakur,0,0.707033155234154
1527675,1,17,1,JJ Bumrah,1,0.35278362045462436
1527675,1,17,2,JJ Bumrah,0,0.30430222213541996
1527675,1,17,3,JJ Bumrah,0,0.2517691640296196
1527675,1,17,4,JJ Bumrah,0,0.27534529263458385
1527675,1,17,5,JJ Bumrah,0,0.2632696497885393
1527675,1,17,6,JJ Bumrah,0,0.23603664064089758
1527675,1,18,1,HH Pandya,1,0.7127775778011041
1527675,1,18,2,HH Pandya,1,0.7723419337893295
1527675,1,18,3,HH Pandya,1,0.7703128003514814
1527675,1,18,4,HH Pandya,1,0.7253885382937859
1527675,1,18,5,HH Pandya,1,0.6517991457540712
1527675,1,18,6,HH Pandya,1,0.6251503968550349
1527675,1,19,1,JJ Bumrah,0,0.23744210506246313
1527675,1,19,2,JJ Bumrah,0,0.24132954954390945
1527675,1,19,3,JJ Bumrah,0,0.2528518921714107
1527675,1,19,4,JJ Bumrah,0,0.2684343964749357
1527675,1,19,5,JJ Bumrah,1,0.3745091426701204
1527675,1,19,6,JJ Bumrah,1,0.38489816223214457
1527675,1,19,7,JJ Bumrah,1,0.5352158403626647
1527675,2,15,1,B Muzarabani,0,0.6174156492389479
1527675,2,15,2,B Muzarabani,0,0.5414649999211162
1527675,2,15,3,B Muzarabani,0,0.5453759134415666
1527675,2,15,4,B Muzarabani,0,0.5843889846506267
1527675,2,15,5,B Muzarabani,1,0.5898789807117932
1527675,2,16,1,Kartik Tyagi,1,0.5277247689642646
1527675,2,16,2,Kartik Tyagi,1,0.5255531647653904
1527675,2,16,3,Kartik Tyagi,0,0.5500133155216287
1527675,2,16,4,Kartik Tyagi,0,0.6002002301543083
1527675,2,16,5,Kartik Tyagi,0,0.7204937298473385
1527675,2,17,1,VG Arora,0,0.5346733595618657
1527675,2,17,2,VG Arora,0,0.5147723363075567
1527675,2,17,3,VG Arora,1,0.38796143529990607
1527675,2,17,4,VG Arora,0,0.385009613984636
1527675,2,17,5,VG Arora,0,0.5174796907388407
1527675,2,18,1,SP Narine,1,0.5336295042362311
1527675,2,18,2,SP Narine,0,0.5332349389176336
1527675,2,18,3,SP Narine,0,0.49782913949416135
1527675,2,18,4,SP Narine,0,0.4488525095043031
1527675,2,18,5,SP Narine,0,0.45649345827427695
1527687,1,15,1,T Natarajan,0,0.13809868542590184
1527687,1,15,2,T Natarajan,0,0.17031178306908956
1527687,1,15,3,T Natarajan,0,0.17258754447841454
1527687,1,15,4,T Natarajan,0,0.18087002413081962
1527687,1,15,5,T Natarajan,0,0.1949199224753838
1527687,1,15,6,T Natarajan,0,0.21185901548388342
1527687,1,16,1,Kuldeep Yadav,1,0.3479808073647062
1527687,1,16,2,Kuldeep Yadav,0,0.3650591074836164
1527687,1,16,3,Kuldeep Yadav,0,0.39563426328936363
1527687,1,16,4,Kuldeep Yadav,1,0.4370193630371545
1527687,1,16,5,Kuldeep Yadav,1,0.6187089106211843
1527687,1,17,1,L Ngidi,1,0.18591066110025634
1527687,1,17,2,L Ngidi,1,0.2278846159061397
1527687,1,17,3,L Ngidi,1,0.36103839851174285
1527687,1,17,4,L Ngidi,1,0.446853541299111
1527687,1,17,5,L Ngidi,1,0.5025747833032391
1527687,1,17,6,L Ngidi,1,0.6040635057771899
1527687,1,18,1,T Natarajan,0,0.15459852624358014
1527687,1,18,2,T Natarajan,0,0.19647164927868496
1527687,1,18,3,T Natarajan,0,0.2355510718109296
1527687,1,18,4,T Natarajan,0,0.32775151000659364
1527687,1,18,5,T Natarajan,0,0.3962565313252107
1527687,1,19,1,Mukesh Kumar,1,0.6488279784043189
1527687,1,19,2,Mukesh Kumar,1,0.5786722453176384
1527687,1,19,3,Mukesh Kumar,1,0.6082047622101981
1527687,1,19,4,Mukesh Kumar,0,0.5821117900454276
1527687,1,19,5,Mukesh Kumar,0,0.6728541004211261
1527687,2,15,1,Ashok Sharma,1,0.30616879464673147
1527687,2,15,2,Ashok Sharma,1,0.3115423528625199
1527687,2,15,3,Ashok Sharma,0,0.14594783677431616
1527687,2,15,4,Ashok Sharma,1,0.2825837256469625
1527687,2,15,5,Ashok Sharma,1,0.2957301584894751
1527687,2,15,6,Ashok Sharma,1,0.3017059578038502
1527687,2,16,1,Mohammed Siraj,0,0.34526421688640563
1527687,2,16,2,Mohammed Siraj,0,0.29395609471828993
1527687,2,16,3,Mohammed Siraj,0,0.28387524830152827
1527687,2,16,4,Mohammed Siraj,0,0.35804970496864713
1527687,2,16,5,Mohammed Siraj,0,0.3854423283010062
1527687,2,16,6,Mohammed Siraj,0,0.3751229843014963
1527687,2,16,7,Mohammed Siraj,0,0.4010566472040235
1527687,2,16,8,Mohammed Siraj,0,0.4168686637934229
1527687,2,17,1,K Rabada,0,0.2956861231256023
1527687,2,17,2,K Rabada,0,0.32768358781821716
1527687,2,17,3,K Rabada,0,0.41910966525828425
1527687,2,17,4,K Rabada,0,0.4931957643100982
1527687,2,17,5,K Rabada,1,0.5503868021062358
1527687,2,18,1,Mohammed Siraj,0,0.454045149132809
1527687,2,18,2,Mohammed Siraj,0,0.43433065196652376
1527687,2,18,3,Mohammed Siraj,0,0.4489130296457522
1527687,2,18,4,Mohammed Siraj,1,0.4093742106373657
1527687,2,18,5,Mohammed Siraj,0,0.45784306922778123
1527687,2,18,6,Mohammed Siraj,1,0.623063322259124
1527687,2,19,1,M Prasidh Krishna,1,0.28197751404453486
1527687,2,19,2,M Prasidh Krishna,1,0.3069173290514186
1527687,2,19,3,M Prasidh Krishna,1,0.3070140988715966
1527687,2,19,4,M Prasidh Krishna,1,0.48198772179320504
1527687,2,19,5,M Prasidh Krishna,1,0.6236166356754779
1527688,1,15,1,M Siddharth,0,0.26455999474507996
1527688,1,15,2,M Siddharth,0,0.2305804281408392
1527688,1,15,3,M Siddharth,1,0.2983729226138511
1527688,1,15,4,M Siddharth,1,0.38191709407520863
1527688,1,15,5,M Siddharth,1,0.4817835915530985
1527688,1,16,1,Prince Yadav,0,0.28029766212496066
1527688,1,16,2,Prince Yadav,0,0.27603229278734254
1527688,1,16,3,Prince Yadav,0,0.3121361771328818
1527688,1,16,4,Prince Yadav,0,0.30516601565057117
1527688,1,16,5,Prince Yadav,0,0.3937559856246663
1527688,1,16,6,Prince Yadav,1,0.5350017701984567
1527688,1,17,1,Avesh Khan,0,0.30990073425621334
1527688,1,17,2,Avesh Khan,0,0.30386642572717865
1527688,1,17,3,Avesh Khan,0,0.3355346646688815
1527688,1,17,4,Avesh Khan,0,0.32557589565911493
1527688,1,17,5,Avesh Khan,0,0.39009954425303367
1527688,1,17,6,Avesh Khan,0,0.48515842720010016
1527688,1,18,1,Mohammed Shami,0,0.056885667985661324
1527688,1,18,2,Mohammed Shami,0,0.22119728998084623
1527688,1,18,3,Mohammed Shami,1,0.27710347387295414
1527688,1,18,4,Mohammed Shami,1,0.3478582154441377
1527688,1,18,5,Mohammed Shami,1,0.4296344646546018
1527688,1,18,6,Mohammed Shami,1,0.5707385255058388
1527688,1,19,1,Prince Yadav,1,0.6063384382477932
1527688,1,19,2,Prince Yadav,1,0.6199479999567292
1527688,1,19,3,Prince Yadav,1,0.599191214801364
1527688,1,19,4,Prince Yadav,1,0.599244504037459
1527688,1,19,5,Prince Yadav,1,0.5860571799237545
1527688,1,19,6,Prince Yadav,1,0.5771898552981006
1527688,2,15,1,SP Narine,1,0.12199831151995688
1527688,2,15,2,SP Narine,1,0.14652106170358134
1527688,2,15,3,SP Narine,1,0.16464171798247648
1527688,2,15,4,SP Narine,1,0.24968888954309088
1527688,2,15,5,SP Narine,1,0.24979392325757632
1527688,2,16,1,VG Arora,0,0.16579405939251798
1527688,2,16,2,VG Arora,0,0.15573939691967406
1527688,2,16,3,VG Arora,0,0.24779321657276862
1527688,2,16,4,VG Arora,0,0.3913260910140304
1527688,2,16,5,VG Arora,0,0.41595277387072466
1527688,2,16,6,VG Arora,0,0.3810290075751649
1527688,2,17,1,Kartik Tyagi,1,0.5048420158818998
1527688,2,17,2,Kartik Tyagi,0,0.3953670556827671
1527688,2,17,3,Kartik Tyagi,0,0.37900314907234156
1527688,2,17,4,Kartik Tyagi,1,0.4909685079775887
1527688,2,17,5,Kartik Tyagi,1,0.50524296184999
1527688,2,18,1,C Green,0,0.2300619919730818
1527688,2,18,2,C Green,0,0.21687866343360895
1527688,2,18,3,C Green,0,0.4045527383915198
1527688,2,18,4,C Green,0,0.3330408265749123
1527688,2,18,5,C Green,0,0.45077423710455583
1527688,2,19,1,VG Arora,0,0.4669521451673175
1527688,2,19,2,VG Arora,1,0.48333613522648067
1527688,2,19,3,VG Arora,0,0.5088303826429239
1527688,2,19,4,VG Arora,0,0.585214827679839
1527688,2,19,5,VG Arora,1,0.6964240655132679
1527691,1,15,1,Mukesh Kumar,0,0.22166203277609875
1527691,1,15,2,Mukesh Kumar,0,0.22379666806970155
1527691,1,15,3,Mukesh Kumar,0,0.2606420656432767
1527691,1,15,4,Mukesh Kumar,0,0.2708370990981041
1527691,1,15,5,Mukesh Kumar,0,0.26683274761495324
1527691,1,15,6,Mukesh Kumar,0,0.2509802992485156
1527691,1,15,7,Mukesh Kumar,0,0.25528508698894187
1527691,1,16,1,L Ngidi,1,0.5031569315416671
1527691,1,16,2,L Ngidi,1,0.3572756508734525
1527691,1,16,3,L Ngidi,1,0.3634974911881704
1527691,1,16,4,L Ngidi,0,0.3568644808308944
1527691,1,16,5,L Ngidi,0,0.31579871460520326
1527691,1,16,6,L Ngidi,0,0.2928081382118768
1527691,1,17,1,T Natarajan,0,0.6212549078773218
1527691,1,17,2,T Natarajan,0,0.626727068357817
1527691,1,17,3,T Natarajan,0,0.556338827492285
1527691,1,17,4,T Natarajan,0,0.6257765876843329
1527691,1,17,5,T Natarajan,0,0.7946754904504997
1527691,1,18,1,L Ngidi,0,0.2896814069775747
1527691,1,18,2,L Ngidi,0,0.25502555488004464
1527691,1,18,3,L Ngidi,0,0.28215513476767257
1527691,1,18,4,L Ngidi,0,0.3808768767442662
1527691,1,18,5,L Ngidi,0,0.5145359483998986
1527691,1,19,1,Mukesh Kumar,0,0.2538426739085321
1527691,1,19,2,Mukesh Kumar,0,0.23015958169540351
1527691,1,19,3,Mukesh Kumar,0,0.27041472503152714
1527691,1,19,4,Mukesh Kumar,1,0.3389036141002306
1527691,1,19,5,Mukesh Kumar,0,0.46001397948939937
1527691,2,15,1,J Overton,1,0.19404245707296894
1527691,2,15,2,J Overton,1,0.1562469335809359
1527691,2,15,3,J Overton,1,0.16291878966548365
1527691,2,15,4,J Overton,1,0.2196086983045474
1527691,2,15,5,J Overton,1,0.22338844813631611
1527691,2,15,6,J Overton,1,0.25490325081817117
1527691,2,16,1,Gurjapneet Singh,0,0.3673443527935165
1527691,2,16,2,Gurjapneet Singh,0,0.3942421900991148
1527691,2,16,3,Gurjapneet Singh,0,0.4699812503760695
1527691,2,16,4,Gurjapneet Singh,1,0.5586901249197098
1527691,2,16,5,Gurjapneet Singh,1,0.7099791256095251
1527691,2,17,1,A Kamboj,1,0.3936578433207399
1527691,2,17,2,A Kamboj,1,0.3568241550536692
1527691,2,17,3,A Kamboj,1,0.4708228270274666
1527691,2,17,4,A Kamboj,1,0.41310767155890815
1527691,2,17,5,A Kamboj,1,0.40687137201587753
1527691,2,17,6,A Kamboj,1,0.4771728099489248
1527691,2,18,1,J Overton,1,0.298277158528343
1527691,2,18,2,J Overton,1,0.3088601281981175
1527691,2,18,3,J Overton,1,0.38358365730801597
1527691,2,18,4,J Overton,1,0.45415862862245493
1527691,2,18,5,J Overton,1,0.460067136251339
1527691,2,18,6,J Overton,0,0.48872225742859127
1527691,2,19,1,A Kamboj,1,0.37590609239541406
1527691,2,19,2,A Kamboj,1,0.39288204063759574
1527691,2,19,3,A Kamboj,1,0.39876155780366035
1527691,2,19,4,A Kamboj,1,0.3850871795257044
1527691,2,19,5,A Kamboj,1,0.5024362133733694
1527691,2,19,6,A Kamboj,1,0.6529563951077618
1527692,1,15,1,Mohammed Siraj,0,0.17671222420065189
1527692,1,15,2,Mohammed Siraj,0,0.23809442475532056
1527692,1,15,3,Mohammed Siraj,0,0.5827517004532169
1527692,1,15,4,Mohammed Siraj,0,0.5740536633906785
1527692,1,15,5,Mohammed Siraj,0,0.5235401701516955
1527692,1,16,1,Ashok Sharma,0,0.35887514914016927
1527692,1,16,2,Ashok Sharma,0,0.2656504662718136
1527692,1,16,3,Ashok Sharma,0,0.23876200269001688
1527692,1,16,4,Ashok Sharma,0,0.24992277298748228
1527692,1,16,5,Ashok Sharma,0,0.29418116313498355
1527692,1,16,6,Ashok Sharma,0,0.28688783831135917
1527692,1,17,1,K Rabada,1,0.8295910747434806
1527692,1,17,2,K Rabada,1,0.7880968437502601
1527692,1,17,3,K Rabada,1,0.7699433111656221
1527692,1,17,4,K Rabada,1,0.7768118038962599
1527692,1,17,5,K Rabada,1,0.7578580931517432
1527692,1,18,1,M Prasidh Krishna,0,0.1969771935649875
1527692,1,18,2,M Prasidh Krishna,0,0.4489737746079609
1527692,1,18,3,M Prasidh Krishna,0,0.4113001134566772
1527692,1,18,4,M Prasidh Krishna,0,0.5534007765486675
1527692,1,18,5,M Prasidh Krishna,0,0.7332207683146997
1527692,1,19,1,Ashok Sharma,0,0.3946640974811457
1527692,1,19,2,Ashok Sharma,0,0.4664747064298354
1527692,1,19,3,Ashok Sharma,0,0.5649310773482092
1527692,1,19,4,Ashok Sharma,0,0.6135908861412986
1527692,1,19,5,Ashok Sharma,0,0.6792636532577796
1527692,1,19,6,Ashok Sharma,1,0.6721448594952008
1527692,2,15,1,Mohammed Shami,1,0.6857148124971096
1527692,2,15,2,Mohammed Shami,1,0.7092960815080309
1527692,2,15,3,Mohammed Shami,1,0.7797091818069467
1527692,2,15,4,Mohammed Shami,1,0.7618147992644859
1527692,2,15,5,Mohammed Shami,1,0.8132553052248275
1527692,2,16,1,AK Markram,0,0.12345804823453567
1527692,2,16,2,AK Markram,1,0.894356440280324
1527692,2,16,3,AK Markram,1,0.8215049633516658
1527692,2,16,4,AK Markram,1,0.7186908183625004
1527692,2,16,5,AK Markram,0,0.5872965244770788
1527692,2,16,6,AK Markram,0,0.6166918665554877
1527692,2,17,1,Prince Yadav,0,0.2518522780204198
1527692,2,17,2,Prince Yadav,0,0.2670718410841934
1527692,2,17,3,Prince Yadav,0,0.34301739826908356
1527692,2,17,4,Prince Yadav,0,0.40676160797263416
1527692,2,17,5,Prince Yadav,0,0.576764435258118
1527692,2,17,6,Prince Yadav,1,0.6911939523013139
1527692,2,18,1,AK Markram,1,0.7584426949161777
1527692,2,18,2,AK Markram,1,0.6891807073966764
1527692,2,18,3,AK Markram,1,0.6368062320183917
1529270,1,15,1,Noor Ahmad,1,0.5580526705365221
1529270,1,15,2,Noor Ahmad,1,0.5877987006982544
1529270,1,15,3,Noor Ahmad,1,0.6153908935109671
1529270,1,15,4,Noor Ahmad,1,0.6716773932413383
1529270,1,15,5,Noor Ahmad,1,0.7498432351256414
1529270,1,16,1,J Overton,0,0.35101132101728644
1529270,1,16,2,J Overton,0,0.4140904802079972
1529270,1,16,3,J Overton,0,0.5127517910624813
1529270,1,16,4,J Overton,0,0.5366022058670837
1529270,1,16,5,J Overton,0,0.6347538617413754
1529270,1,16,6,J Overton,0,0.7520924843000684
1529270,1,17,1,A Kamboj,1,0.6861539966482099
1529270,1,17,2,A Kamboj,1,0.7181761647758338
1529270,1,17,3,A Kamboj,1,0.6707239577225771
1529270,1,17,4,A Kamboj,1,0.5834721032675815
1529270,1,17,5,A Kamboj,1,0.5634807204883776
1529270,1,17,6,A Kamboj,1,0.32121697019879003
1529270,1,18,1,Gurjapneet Singh,0,0.3410735721788848
1529270,1,18,2,Gurjapneet Singh,0,0.3219850394122706
1529270,1,18,3,Gurjapneet Singh,0,0.3785928670703052
1529270,1,18,4,Gurjapneet Singh,0,0.3785928670703052
1529270,1,18,5,Gurjapneet Singh,0,0.4973837906185848
1529270,1,18,6,Gurjapneet Singh,1,0.6655757149488718
1529270,1,19,1,A Kamboj,1,0.3339494379534274
1529270,1,19,2,A Kamboj,0,0.3153224827081633
1529270,1,19,3,A Kamboj,1,0.45646318864378727
1529270,1,19,4,A Kamboj,1,0.37239438183435614
1529270,1,19,5,A Kamboj,1,0.3604743186011113
1529270,2,15,1,E Malinga,0,0.23933884644807357
1529270,2,15,2,E Malinga,1,0.2623718366876513
1529270,2,15,3,E Malinga,0,0.26941223604898806
1529270,2,15,4,E Malinga,0,0.25762903133008924
1529270,2,15,5,E Malinga,0,0.26096256686253383
1529270,2,15,6,E Malinga,0,0.2799848485017897
1529270,2,16,1,Sakib Hussain,1,0.3374345782200609
1529270,2,16,2,Sakib Hussain,1,0.4019530187492607
1529270,2,16,3,Sakib Hussain,1,0.4231374544679951
1529270,2,16,4,Sakib Hussain,1,0.44838140412167576
1529270,2,16,5,Sakib Hussain,1,0.509265624354259
1529270,2,16,6,Sakib Hussain,1,0.5980922345881923
1529270,2,16,7,Sakib Hussain,1,0.7018722266162307
1529270,2,17,1,E Malinga,0,0.2858702023981681
1529270,2,17,2,E Malinga,0,0.3759828899701135
1529270,2,17,3,E Malinga,0,0.3937114727292914
1529270,2,17,4,E Malinga,0,0.44933775299134476
1529270,2,17,5,E Malinga,1,0.607720556615342
1529270,2,18,1,Nithish Kumar Reddy,0,0.3080818805598958
1529270,2,18,2,Nithish Kumar Reddy,0,0.31734566298771927
1529270,2,18,3,Nithish Kumar Reddy,0,0.34903696678238133
1529270,2,18,4,Nithish Kumar Reddy,0,0.43760561639827933
1529270,2,18,5,Nithish Kumar Reddy,0,0.5960847584958647
1529270,2,18,6,Nithish Kumar Reddy,0,0.5960847584958647
1529270,2,19,1,PP Hinge,1,0.5695126596261751
1529270,2,19,2,PP Hinge,1,0.3979715113139037
1529270,2,19,3,PP Hinge,1,0.3979715113139037
1529270,2,19,4,PP Hinge,1,0.39796531280019937
1529270,2,19,5,PP Hinge,1,0.4067435557750974
1529270,2,19,6,PP Hinge,1,0.4750815694015383
1529275,1,15,1,Prince Yadav,0,0.26417959446952205
1529275,1,15,2,Prince Yadav,1,0.2731175208214763
1529275,1,15,3,Prince Yadav,0,0.27327886436560206
1529275,1,15,4,Prince Yadav,0,0.26926773421421474
1529275,1,15,5,Prince Yadav,0,0.2994902192378167
1529275,1,15,6,Prince Yadav,0,0.2574024600337318
1529275,1,16,1,Mohsin Khan,0,0.1096943434512507
1529275,1,16,2,Mohsin Khan,0,0.15671983625724478
1529275,1,16,3,Mohsin Khan,0,0.21777615482988086
1529275,1,16,4,Mohsin Khan,0,0.3213166389270892
1529275,1,16,5,Mohsin Khan,0,0.3492213258433201
1529275,1,17,1,DS Rathi,0,0.11891763948931484
1529275,1,17,2,DS Rathi,0,0.15911118447482686
1529275,1,17,3,DS Rathi,0,0.17691900481116957
1529275,1,17,4,DS Rathi,0,0.22304953018746573
1529275,1,17,5,DS Rathi,1,0.6146766073468585
1529275,1,18,1,Prince Yadav,0,0.2910634211508248
1529275,1,18,2,Prince Yadav,0,0.41325245499507857
1529275,1,18,3,Prince Yadav,0,0.5361867256967944
1529275,1,18,4,Prince Yadav,0,0.5916747782255879
1529275,1,18,5,Prince Yadav,0,0.7307154283297728
1529275,1,19,1,MP Yadav,0,0.6623664017102453
1529275,1,19,2,MP Yadav,0,0.6811254323560112
1529275,1,19,3,MP Yadav,0,0.7649788276484
1529275,1,19,4,MP Yadav,0,0.7209614238486418
1529275,1,19,5,MP Yadav,0,0.7593411892612938
1529275,2,15,1,N Burger,0,0.35745417010203046
1529275,2,15,2,N Burger,0,0.4539252030142254
1529275,2,15,3,N Burger,0,0.4681110455307794
1529275,2,15,4,N Burger,0,0.5103745625484073
1529275,2,15,5,N Burger,0,0.4769602981363234
1529275,2,16,1,Brijesh Sharma,1,0.21790066849040973
1529275,2,16,2,Brijesh Sharma,1,0.23790827938537415
1529275,2,16,3,Brijesh Sharma,1,0.24487378411058924
1529275,2,16,4,Brijesh Sharma,1,0.2237406431382624
1529275,2,16,5,Brijesh Sharma,1,0.24387988721792914
1529275,2,16,6,Brijesh Sharma,1,0.23712918622907725
1529275,2,17,1,JC Archer,0,0.2257218313186362
1529275,2,17,2,JC Archer,1,0.3641091764460345
1529275,2,17,3,JC Archer,1,0.44178504661449597
1529275,2,17,4,JC Archer,1,0.40382911099133767
1529275,2,17,5,JC Archer,1,0.42321711545480023
1529276,1,15,1,Krish Bhagat,0,0.009242336439691697
1529276,1,15,2,Krish Bhagat,1,0.5914478232767668
1529276,1,15,3,Krish Bhagat,1,0.9319363111422183
1529276,1,15,4,Krish Bhagat,1,0.9440720432502171
1529276,1,15,5,Krish Bhagat,1,0.6049800159421326
1529276,1,15,6,Krish Bhagat,0,0.7198454908339924
1529276,1,16,1,JJ Bumrah,1,0.3286382122469906
1529276,1,16,2,JJ Bumrah,1,0.27420324580711636
1529276,1,16,3,JJ Bumrah,1,0.21888878507640067
1529276,1,16,4,JJ Bumrah,0,0.2120150885331954
1529276,1,16,5,JJ Bumrah,0,0.25032748050318965
1529276,1,16,6,JJ Bumrah,0,0.26564750605901427
1529276,1,17,1,Ashwani Kumar,0,0.2595754034362457
1529276,1,17,2,Ashwani Kumar,0,0.2595754034362457
1529276,1,17,3,Ashwani Kumar,1,0.31974740417550174
1529276,1,17,4,Ashwani Kumar,0,0.33926856454885457
1529276,1,17,5,Ashwani Kumar,0,0.3950280065261061
1529276,1,17,6,Ashwani Kumar,1,0.5070333480863045
1529276,1,18,1,JJ Bumrah,0,0.270740847778744
1529276,1,18,2,JJ Bumrah,0,0.27354825612840605
1529276,1,18,3,JJ Bumrah,0,0.34800240657448855
1529276,1,18,4,JJ Bumrah,0,0.4525607808828498
1529276,1,18,5,JJ Bumrah,0,0.42181745519804276
1529276,1,18,6,JJ Bumrah,1,0.5997215333518149
1529276,1,19,1,Krish Bhagat,1,0.6246266873733017
1529276,1,19,2,Krish Bhagat,1,0.6013129363231479
1529276,1,19,3,Krish Bhagat,0,0.5645268335766083
1529276,1,19,4,Krish Bhagat,1,0.6122069617908903
1529276,1,19,5,Krish Bhagat,0,0.6137149014585696
1529276,2,15,1,Gurjapneet Singh,0,0.014543007273079367
1529276,2,15,2,Gurjapneet Singh,0,0.24628273361618536
1529276,2,15,3,Gurjapneet Singh,1,0.1799883247140929
1529276,2,15,4,Gurjapneet Singh,1,0.18302508076363969
1529276,2,15,5,Gurjapneet Singh,1,0.24734904157409893
1529276,2,15,6,Gurjapneet Singh,1,0.1594710458543085
1529276,2,16,1,J Overton,1,0.6958340911522961
1529276,2,16,2,J Overton,1,0.6449505223498381
1529276,2,16,3,J Overton,1,0.5809644480806732
1529276,2,16,4,J Overton,1,0.4885077073701683
1529276,2,16,5,J Overton,1,0.43547427214983203
1529276,2,17,1,A Kamboj,1,0.23670613258095563
1529276,2,17,2,A Kamboj,1,0.18740691988686137
1529276,2,17,3,A Kamboj,1,0.18671457309197081
1529276,2,17,4,A Kamboj,1,0.19276887881474838
1529276,2,17,5,A Kamboj,1,0.3982053019259487
1529276,2,17,6,A Kamboj,1,0.4354173318986351
1529276,2,18,1,Gurjapneet Singh,1,0.18837272807993488
1529276,2,18,2,Gurjapneet Singh,1,0.2007800191780988
1529276,2,18,3,Gurjapneet Singh,1,0.20367686679297972
1529276,2,18,4,Gurjapneet Singh,1,0.20733434788575286
1529276,2,18,5,Gurjapneet Singh,1,0.21536037742874092
1529277,1,15,1,JR Hazlewood,0,0.368397598706679
1529277,1,15,2,JR Hazlewood,0,0.38587397254494626
1529277,1,15,3,JR Hazlewood,0,0.3567651819477453
1529277,1,15,4,JR Hazlewood,0,0.21667262374847934
1529277,1,15,5,JR Hazlewood,0,0.4708757824703161
1529277,1,15,6,JR Hazlewood,1,0.47636363246787716
1529277,1,16,1,Suyash Sharma,1,0.5016782768992933
1529277,1,16,2,Suyash Sharma,1,0.46206344849118325
1529277,1,16,3,Suyash Sharma,1,0.47437272582296697
1529277,1,16,4,Suyash Sharma,1,0.5262862302647472
1529277,1,16,5,Suyash Sharma,1,0.6812945541547281
1529277,1,17,1,B Kumar,1,0.4047800169065336
1529277,1,17,2,B Kumar,1,0.4009633752007864
1529277,1,17,3,B Kumar,1,0.4263056321387005
1529277,1,17,4,B Kumar,1,0.5048687177130323
1529277,1,17,5,B Kumar,1,0.6806049942214698
1529277,1,18,1,JR Hazlewood,1,0.45347702283901253
1529277,1,18,2,JR Hazlewood,1,0.4730247708567656
1529277,1,18,3,JR Hazlewood,1,0.48226821219804955
1529277,1,18,4,JR Hazlewood,1,0.5580779739047403
1529277,1,18,5,JR Hazlewood,0,0.7023561236857051
1529277,1,19,1,KH Pandya,0,0.42071391903389416
1529277,1,19,2,KH Pandya,0,0.4508086084281058
1529277,1,19,3,KH Pandya,0,0.3748594699828528
1529277,1,19,4,KH Pandya,1,0.39806327320516965
1529277,1,19,5,KH Pandya,1,0.5572777057369325
1529277,2,15,1,MJ Suthar,0,0.14340831603720738
1529277,2,15,2,MJ Suthar,0,0.15237752289571926
1529277,2,15,3,MJ Suthar,0,0.13164349701568104
1529277,2,15,4,MJ Suthar,0,0.12698823537327886
1529277,2,15,5,MJ Suthar,0,0.044709367681112215
1529277,2,15,6,MJ Suthar,0,0.11514362941401321
1529277,2,16,1,K Rabada,1,0.3791958360659458
1529277,2,16,2,K Rabada,1,0.3982189087153944
1529277,2,16,3,K Rabada,0,0.39441977575590276
1529277,2,16,4,K Rabada,0,0.46469137347514755
1529277,2,16,5,K Rabada,0,0.46469137347514755
1529277,2,16,6,K Rabada,1,0.6123746729800864
1529277,2,17,1,MJ Suthar,0,0.3374546065730112
1529277,2,17,2,MJ Suthar,0,0.32584841686933197
1529277,2,17,3,MJ Suthar,0,0.3054060339903584
1529277,2,17,4,MJ Suthar,0,0.3443844623919185
1529277,2,17,5,MJ Suthar,1,0.3891513648765712
1529277,2,18,1,JO Holder,0,0.4384525189870198
1529277,2,18,2,JO Holder,0,0.45554618416313003
1529277,2,18,3,JO Holder,0,0.49981791226947775
1529277,2,18,4,JO Holder,1,0.5017463052554507
