match_id,innings,over,b11_actual_final_score,b11_predicted_final_score
335983,1,0,31,24.742903440656814
335983,1,1,31,23.360823407600794
335983,1,2,31,21.83721823967761
335983,1,3,31,24.65607675815567
335983,1,4,31,23.695912870275997
335983,1,5,31,22.090033533700577
335983,1,6,31,21.533589115534873
335983,1,7,31,21.09851300490319
335983,1,8,31,21.093810301034033
335983,1,9,31,20.717752670994727
335983,1,10,31,23.41648402510598
335983,1,11,31,24.860756406873477
335983,1,12,31,24.13986369182852
335983,1,13,31,24.160534053477456
335983,1,14,31,28.835323789714877
335983,1,15,31,28.870797453972806
335983,1,16,31,28.717724391098585
335983,1,17,31,30.357269480702065
335983,1,18,31,30.987444690585555
335983,1,19,31,30.856798819907922
335983,2,0,40,29.15646985930138
335983,2,1,40,28.936383263684927
335983,2,2,40,28.274122164763565
335983,2,3,40,34.31668541029089
335983,2,4,40,38.97358215010772
335983,2,5,40,43.32348208092436
335983,2,6,40,39.19163057487467
335983,2,7,40,38.295272108319296
335983,2,8,40,39.9935469155317
335983,2,9,40,39.85153244117558
335983,2,10,40,40.00911711841723
335983,2,11,40,40.85849032938313
335983,2,12,40,39.65456449832763
335983,2,13,40,38.661595624246914
335983,2,14,40,43.63136827989659
335983,2,15,40,43.98730192410341
335983,2,16,40,43.809629289295174
335983,2,17,40,42.2334306997941
335983,2,18,40,41.90691720867674
335983,2,19,40,40.25026432313413
335990,1,0,38,29.15646985930138
335990,1,1,38,31.249441490702488
335990,1,2,38,27.692767031236837
335990,1,3,38,28.276897466200264
335990,1,4,38,29.207754374156988
335990,1,5,38,29.563636255606873
335990,1,6,38,32.200141279368125
335990,1,7,38,32.102766914025835
335990,1,8,38,32.100913859786296
335990,1,9,38,30.93009483133241
335990,1,10,38,33.57890489875736
335990,1,11,38,38.649829095132084
335990,1,12,38,36.62425848976322
335990,1,13,38,35.015648661118924
335990,1,14,38,41.61472371456485
335990,1,15,38,40.34499122881852
335990,1,16,38,39.66622239751491
335990,1,17,38,37.36982016104201
335990,1,18,38,39.94013105946384
335990,1,19,38,37.7288987557995
335990,2,0,39,24.742903440656814
335990,2,1,39,23.360823407600794
335990,2,2,39,26.404017028966788
335990,2,3,39,29.883326881934533
335990,2,4,39,28.94336605969596
335990,2,5,39,28.92945647520202
335990,2,6,39,27.456423739771072
335990,2,7,39,29.996034311037644
335990,2,8,39,28.70074013748971
335990,2,9,39,27.564592884228688
335990,2,10,39,27.233098182048774
335990,2,11,39,25.774626565217428
335990,2,12,39,25.712044790933454
335990,2,13,39,24.516468349412538
335990,2,14,39,29.072217927230085
335990,2,15,39,32.06822962495638
335990,2,16,39,32.69290881118519
335990,2,17,39,35.60834243950645
335990,2,18,39,34.34541023577085
335990,2,19,39,38.88522414560197
335995,1,0,18,25.472137899796575
335995,1,1,18,24.950306230712744
335995,1,2,18,24.320261042689772
335995,1,3,18,23.486948148137763
335995,1,4,18,21.91084879901094
335995,1,5,18,20.840573216202493
335995,1,6,18,23.562541030341645
335995,1,7,18,22.61948136160815
335995,1,8,18,20.898841677046786
335995,1,9,18,20.008364360026235
335995,1,10,18,20.03482236278363
335995,1,11,18,18.187769683711206
335995,1,12,18,17.623784811630347
335995,1,13,18,17.222261591106736
335995,1,14,18,17.02432459020358
335995,1,15,18,16.831992432246242
335995,1,16,18,16.858259550758966
335995,1,17,18,16.09056971538134
335995,1,18,18,18.654137873601336
335995,1,19,18,17.914095950597545
335995,2,0,30,20.8219494260387
335995,2,1,30,21.272336598063678
335995,2,2,30,20.939927700661944
335995,2,3,30,21.718625038323225
335995,2,4,30,22.804686908813434
335995,2,5,30,26.23991405422326
335995,2,6,30,27.389360704879945
335995,2,7,30,27.884153930961364
335995,2,8,30,27.301802001450973
335995,2,9,30,26.50478070176158
335995,2,10,30,25.416276939534722
335995,2,11,30,25.920450638237597
335995,2,12,30,30.222349149278024
335995,2,13,30,27.98599653168538
335995,2,14,30,29.466170855150395
335995,2,15,30,28.728606613121826
335995,2,16,30,28.022423796401043
335995,2,17,30,26.726689100913145
335995,2,18,30,26.983302994757956
335995,2,19,30,29.773569837307846
335996,1,0,23,24.742903440656814
335996,1,1,23,28.035544894061687
335996,1,2,23,27.341176370106144
335996,1,3,23,23.702227394177527
335996,1,4,23,24.479295876893694
335996,1,5,23,24.41749182529953
335996,1,6,23,23.562541030341645
335996,1,7,23,22.61948136160815
335996,1,8,23,27.5464771963017
335996,1,9,23,25.50549460070744
335996,1,10,23,25.108676871908894
335996,1,11,23,23.95538508102029
335996,1,12,23,21.987134702629195
335996,1,13,23,23.369360379624986
335996,1,14,23,22.251231539078784
335996,1,15,23,20.465034380972803
335996,1,16,23,26.785663574431958
335996,1,17,23,24.868168288032813
335996,1,18,23,24.84992403567677
335996,1,19,23,23.15709515027321
335996,2,0,34,25.472137899796575
335996,2,1,34,25.115963693800936
335996,2,2,34,24.320261042689772
335996,2,3,34,22.77408682634524
335996,2,4,34,25.341552764126465
335996,2,5,34,30.569472604540437
335996,2,6,34,30.0386550736029
335996,2,7,34,29.996034311037644
335996,2,8,34,35.08879678300493
335996,2,9,34,34.63934266137901
335996,2,10,34,33.57890489875736
335996,2,11,34,33.6646762198529
335996,2,12,34,33.614737003192275
335996,2,13,34,32.29207810127457
335996,2,14,34,31.175082636707337
335996,2,15,34,32.73550446517748
335996,2,16,34,35.82721588542375
335996,2,17,34,36.16245426307821
335996,2,18,34,35.502796431509516
335996,2,19,34,32.62948942665597
336002,1,0,25,24.742903440656814
336002,1,1,25,24.950306230712744
336002,1,2,25,23.46225018842174
336002,1,3,25,22.77408682634524
336002,1,4,25,21.91084879901094
336002,1,5,25,25.83650060144446
336002,1,6,25,24.664824472614562
336002,1,7,25,27.43116190788029
336002,1,8,25,26.159667123907543
336002,1,9,25,26.197008875443384
336002,1,10,25,29.57848329260944
336002,1,11,25,29.130330315762617
336002,1,12,25,27.48272633438472
336002,1,13,25,27.22828634952912
336002,1,14,25,25.714700508958824
336002,1,15,25,24.09352821330091
336002,1,16,25,29.24405755716497
336002,1,17,25,28.410201731444744
336002,1,18,25,26.863449593838325
336002,1,19,25,25.078218001148393
336002,2,0,35,23.585344252402724
336002,2,1,35,29.818878019323314
336002,2,2,35,28.274122164763565
336002,2,3,35,27.630052510715892
336002,2,4,35,31.457532419316724
336002,2,5,35,29.278130812174147
336002,2,6,35,27.472073493444086
336002,2,7,35,26.608480290475587
336002,2,8,35,27.5464771963017
336002,2,9,35,27.227493359625523
336002,2,10,35,25.77644147603425
336002,2,11,35,26.70476437832041
336002,2,12,35,26.171648378072764
336002,2,13,35,32.29207810127457
336002,2,14,35,31.778996018464174
336002,2,15,35,34.030238153565776
336002,2,16,35,33.9309565960577
336002,2,17,35,32.64503745740455
336002,2,18,35,37.09182788960889
336003,1,0,36,25.472137899796575
336003,1,1,36,25.115963693800936
336003,1,2,36,24.403222399886783
336003,1,3,36,27.630052510715892
336003,1,4,36,31.457532419316724
336003,1,5,36,29.278130812174147
336003,1,6,36,28.432854594342842
336003,1,7,36,31.5399753424018
336003,1,8,36,30.124851364171075
336003,1,9,36,30.129041335160533
336003,1,10,36,29.32522421189348
336003,1,11,36,32.50950339221278
336003,1,12,36,31.710409416575086
336003,1,13,36,32.29207810127457
336003,1,14,36,31.778996018464174
336003,1,15,36,31.19068218723907
336003,1,16,36,33.9309565960577
336003,1,17,36,32.92354382325747
336003,1,18,36,31.870434854191554
336003,1,19,36,36.05841194095101
336003,2,0,26,24.742903440656814
336003,2,1,26,23.360823407600794
336003,2,2,26,23.46225018842174
336003,2,3,26,20.662271181065137
336003,2,4,26,21.595918763947108
336003,2,5,26,19.511856049336444
336003,2,6,26,18.682518611043502
336003,2,7,26,15.78125331326035
336003,2,8,26,15.062008013827748
336003,2,9,26,12.215171929042102
336003,2,10,26,13.744821245056576
336003,2,11,26,13.663343237726714
336003,2,12,26,13.003541937922476
336003,2,13,26,10.895242896936013
336003,2,14,26,17.02432459020358
336003,2,15,26,17.871844764870207
336003,2,16,26,17.791864334024748
336003,2,17,26,18.972309780409514
336003,2,18,26,23.41219258175815
336003,2,19,26,26.035605435082566
336016,1,0,25,24.742903440656814
336016,1,1,25,23.360823407600794
336016,1,2,25,26.404017028966788
336016,1,3,25,26.095123345457043
336016,1,4,25,23.858269877491555
336016,1,5,25,22.519580796635488
336016,1,6,25,22.530694318573886
336016,1,7,25,22.61948136160815
336016,1,8,25,23.002360659815018
336016,1,9,25,22.281335045718894
336016,1,10,25,20.161109962636218
336016,1,11,25,20.54880398301482
336016,1,12,25,19.826930439562016
336016,1,13,25,23.75949323345075
336016,1,14,25,20.53024017062332
336016,1,15,25,25.20261930176652
336016,1,16,25,24.142298734971487
336016,1,17,25,23.883902477734228
336016,1,18,25,22.341656336899458
336016,1,19,25,25.078218001148393
336016,2,0,20,23.585344252402724
336016,2,1,20,24.14291735907651
336016,2,2,20,24.403222399886783
336016,2,3,20,24.65607675815567
336016,2,4,20,23.695912870275997
336016,2,5,20,23.170953010846766
336016,2,6,20,23.084146004817416
336016,2,7,20,26.615281056689756
336016,2,8,20,27.386374793210667
336016,2,9,20,26.197008875443384
336016,2,10,20,26.081249719974664
336016,2,11,20,25.375848944973377
336016,2,12,20,25.50446264597371
336016,2,13,20,24.160534053477456
336016,2,14,20,26.91021626773807
336016,2,15,20,26.490042822432816
336018,1,0,27,24.742903440656814
336018,1,1,27,28.035544894061687
336018,1,2,27,26.404017028966788
336018,1,3,27,24.65607675815567
336018,1,4,27,23.695912870275997
336018,1,5,27,22.090033533700577
336018,1,6,27,25.6147813868301
336018,1,7,27,25.554103759190756
336018,1,8,27,23.489123883021414
336018,1,9,27,27.05601379396031
336018,1,10,27,26.081249719974664
336018,1,11,27,24.860756406873477
336018,1,12,27,23.146518101522883
336018,1,13,27,22.780309599141333
336018,1,14,27,26.30937097167257
336018,1,15,27,28.870797453972806
336018,1,16,27,31.15374144220666
336018,1,17,27,30.357269480702065
336018,1,18,27,29.07609585490637
336018,1,19,27,26.907917351821713
336018,2,0,15,29.15646985930138
336018,2,1,15,28.936383263684927
336018,2,2,15,27.341176370106144
336018,2,3,15,26.095123345457043
336018,2,4,15,25.341552764126465
336018,2,5,15,23.653681381451143
336018,2,6,15,24.664824472614562
336018,2,7,15,23.568800655949083
336018,2,8,15,21.717984876378843
336018,2,9,15,20.717752670994727
336018,2,10,15,20.34312517064598
336018,2,11,15,21.041770546430644
336018,2,12,15,21.127344070312464
336018,2,13,15,24.160534053477456
336022,1,0,12,24.742903440656814
336022,1,1,12,23.360823407600794
336022,1,2,12,24.320261042689772
336022,1,3,12,23.486948148137763
336022,1,4,12,27.02129537852829
336022,1,5,12,29.278130812174147
336022,1,6,12,27.472073493444086
336022,1,7,12,26.608480290475587
336022,1,8,12,22.303183706884624
336022,1,9,12,21.513918734164346
336022,1,10,12,21.45071824699171
336022,2,0,12,25.472137899796575
336022,2,1,12,24.950306230712744
336022,2,2,12,21.421224881279574
336022,2,3,12,20.822045774888537
336022,2,4,12,22.87492845105895
336022,2,5,12,22.519580796635488
336022,2,6,12,22.530694318573886
336022,2,7,12,27.08716258683774
336036,1,0,15,25.472137899796575
336036,1,1,15,24.950306230712744
336036,1,2,15,24.403222399886783
336036,1,3,15,23.486948148137763
336036,1,4,15,21.91084879901094
336036,1,5,15,22.090033533700577
336036,1,6,15,23.084146004817416
336036,1,7,15,21.5673308014796
336036,1,8,15,21.717984876378843
336036,1,9,15,20.717752670994727
336036,1,10,15,18.840122850649124
336036,1,11,15,18.558745122217516
336036,1,12,15,17.743370991161022
336036,1,13,15,17.42163594657435
336036,1,14,15,16.276217689777393
336036,1,15,15,15.254340331185633
336036,1,16,15,15.046693873152703
336036,1,17,15,13.5205255604658
336036,1,18,15,12.473020624305219
336036,1,19,15,14.995206047462403
336036,2,0,21,25.472137899796575
336036,2,1,21,24.950306230712744
336036,2,2,21,27.341176370106144
336036,2,3,21,26.96061636847153
336036,2,4,21,25.341552764126465
336036,2,5,21,25.83650060144446
336036,2,6,21,25.6147813868301
336036,2,7,21,23.9764838236092
336036,2,8,21,23.489123883021414
336036,2,9,21,23.55667332784838
336036,2,10,21,23.41648402510598
336036,2,11,21,21.80950386854146
336036,2,12,21,21.90483740959712
336036,2,13,21,22.63280396456082
336036,2,14,21,22.153224397866857
336036,2,15,21,21.12890065935314
336036,2,16,21,20.69487528268247
336036,2,17,21,19.755442037679497
336036,2,18,21,20.98788457904782
336036,2,19,21,20.834438610469345
392188,1,0,26,24.742903440656814
392188,1,1,26,29.818878019323314
392188,1,2,26,29.723094033259347
392188,1,3,26,29.883326881934533
392188,1,4,26,27.846919499249395
392188,1,5,26,27.103211693417126
392188,1,6,26,26.858637583725216
392188,1,7,26,25.554103759190756
392188,1,8,26,26.159667123907543
392188,1,9,26,25.153377054018655
392188,1,10,26,24.94480965669432
392188,1,11,26,23.559499035757746
392188,1,12,26,23.146518101522883
392188,1,13,26,24.160534053477456
392188,1,14,26,25.215725962974123
392188,1,15,26,24.835938399926725
392188,1,16,26,24.383101320526258
392188,1,17,26,24.174713686339388
392188,1,18,26,23.472208020685635
392188,1,19,26,25.965987836684683
392188,2,0,31,29.15646985930138
392188,2,1,31,28.936383263684927
392188,2,2,31,28.274122164763565
392188,2,3,31,26.96061636847153
392188,2,4,31,25.341552764126465
392188,2,5,31,25.83650060144446
392188,2,6,31,24.664824472614562
392188,2,7,31,23.9764838236092
392188,2,8,31,23.163667834076374
392188,2,9,31,23.667990754629244
392188,2,10,31,23.41648402510598
392188,2,11,31,29.130330315762617
392188,2,12,31,29.631980171800283
392188,2,13,31,29.217120097539947
392188,2,14,31,27.875432622192367
392188,2,15,31,28.870797453972806
392188,2,16,31,29.57428696675649
392188,2,17,31,33.225213392719745
392188,2,18,31,31.923923715113133
392188,2,19,31,30.856798819907922
392212,1,0,12,24.742903440656814
392212,1,1,12,23.360823407600794
392212,1,2,12,21.83721823967761
392212,1,3,12,21.77985718050038
392212,1,4,12,20.50407625304267
392212,1,5,12,18.706933621537846
392212,1,6,12,18.84428230279886
392212,1,7,12,19.433627762900244
392212,1,8,12,19.145014585174525
392212,1,9,12,18.09504393042048
392212,1,10,12,17.568030213037332
392212,1,11,12,16.85698356642975
392212,1,12,12,14.510215519007344
392212,1,13,12,13.330287743602835
392212,1,14,12,12.739952956737557
392212,1,15,12,13.412407455647124
392212,1,16,12,13.032947211226972
392212,1,17,12,12.814874633234252
392212,1,18,12,11.361085036036393
392212,1,19,12,11.776209545341251
392212,2,0,37,24.742903440656814
392212,2,1,37,23.360823407600794
392212,2,2,37,24.320261042689772
392212,2,3,37,26.96061636847153
392212,2,4,37,27.846919499249395
392212,2,5,37,27.13978917415464
392212,2,6,37,29.42374728118146
392212,2,7,37,33.412726903522774
392212,2,8,37,33.186321487652314
392212,2,9,37,34.63934266137901
392212,2,10,37,34.236244083653986
392212,2,11,37,37.44921304734449
392212,2,12,37,38.10134497876044
392212,2,13,37,37.67204866850072
392212,2,14,37,36.99769098688164
392212,2,15,37,35.08986231555389
392212,2,16,37,33.9309565960577
392212,2,17,37,32.92354382325747
392212,2,18,37,38.58619660924715
392212,2,19,37,37.281592922705826
392216,1,0,23,25.472137899796575
392216,1,1,23,24.950306230712744
392216,1,2,23,23.46225018842174
392216,1,3,23,21.77985718050038
392216,1,4,23,21.91084879901094
392216,1,5,23,23.170953010846766
392216,1,6,23,21.533589115534873
392216,1,7,23,21.5673308014796
392216,1,8,23,25.350121374437194
392216,1,9,23,25.153377054018655
392216,1,10,23,23.41648402510598
392216,1,11,23,23.197573736455375
392216,1,12,23,23.146518101522883
392216,1,13,23,22.780309599141333
392216,1,14,23,23.67811611685336
392216,1,15,23,23.904362077873273
392216,1,16,23,22.9313599680253
392216,1,17,23,23.7662909894073
392216,1,18,23,23.579106211753768
392216,1,19,23,23.0523284747198
392216,2,0,37,25.472137899796575
392216,2,1,37,24.14291735907651
392216,2,2,37,31.509233873631572
392216,2,3,37,35.386576129854255
392216,2,4,37,33.253804753132925
392216,2,5,37,31.188723014008126
392216,2,6,37,34.06233107771249
392216,2,7,37,33.412726903522774
392216,2,8,37,35.08879678300493
392216,2,9,37,34.49663192477838
392216,2,10,37,37.54887259158544
392216,2,11,37,36.23105125268429
392216,2,12,37,35.238826987977454
392216,2,13,37,34.242947385550046
392216,2,14,37,34.348067685611475
392216,2,15,37,34.030238153565776
392216,2,16,37,39.66622239751491
392216,2,17,37,38.562885569457386
392216,2,18,37,38.58619660924715
392216,2,19,37,37.281592922705826
392220,1,0,36,29.88090225962828
392220,1,1,36,29.818878019323314
392220,1,2,36,29.723094033259347
392220,1,3,36,35.386576129854255
392220,1,4,36,33.253804753132925
392220,1,5,36,31.188723014008126
392220,1,6,36,31.789149689606845
392220,1,7,36,31.5399753424018
392220,1,8,36,32.49648023229994
392220,1,9,36,35.32861204416334
392220,1,10,36,34.55411689627376
392220,1,11,36,33.37627178690628
392220,1,12,36,32.33819898927599
392220,1,13,36,31.739334460244724
392220,1,14,36,32.065227255421604
392220,1,15,36,36.72023468279553
392220,1,16,36,37.698886763841564
392220,1,17,36,36.22628244691205
392220,1,18,36,35.535497544457954
392220,1,19,36,36.01965845680946
392220,2,0,21,29.15646985930138
392220,2,1,21,28.035544894061687
392220,2,2,21,26.404017028966788
392220,2,3,21,26.095123345457043
392220,2,4,21,23.985600185590336
392220,2,5,21,23.170953010846766
392220,2,6,21,23.084146004817416
392220,2,7,21,21.5673308014796
392220,2,8,21,21.717984876378843
392220,2,9,21,20.997447982593517
392220,2,10,21,24.94480965669432
392220,2,11,21,23.559499035757746
392220,2,12,21,22.402910172004148
392220,2,13,21,22.196496790765977
392220,2,14,21,25.215725962974123
392220,2,15,21,24.835938399926725
392220,2,16,21,24.383101320526258
392220,2,17,21,23.7662909894073
392220,2,18,21,22.791603848024504
392220,2,19,21,20.834438610469345
392223,1,0,31,25.472137899796575
392223,1,1,31,28.936383263684927
392223,1,2,31,27.341176370106144
392223,1,3,31,26.095123345457043
392223,1,4,31,23.985600185590336
392223,1,5,31,27.103211693417126
392223,1,6,31,26.858637583725216
392223,1,7,31,26.615281056689756
392223,1,8,31,26.159667123907543
392223,1,9,31,26.197008875443384
392223,1,10,31,26.081249719974664
392223,1,11,31,24.860756406873477
392223,1,12,31,24.13986369182852
392223,1,13,31,22.780309599141333
392223,1,14,31,21.882852485125625
392223,1,15,31,24.835938399926725
392223,1,16,31,22.024321787348793
392223,1,17,31,21.829994026549425
392223,1,18,31,26.863449593838325
392223,1,19,31,30.869728071650044
392223,2,0,15,29.15646985930138
392223,2,1,15,28.035544894061687
392223,2,2,15,26.404017028966788
392223,2,3,15,26.095123345457043
392223,2,4,15,23.985600185590336
392223,2,5,15,23.170953010846766
392223,2,6,15,21.533589115534873
392223,2,7,15,21.5673308014796
392223,2,8,15,21.093810301034033
392223,2,9,15,19.86793156014888
392223,2,10,15,19.37319992694193
392223,2,11,15,18.68926781535919
392223,2,12,15,21.127344070312464
392223,2,13,15,20.800277136403704
392223,2,14,15,20.553830099758443
392223,2,15,15,19.891608737123747
392223,2,16,15,18.492201198521734
392223,2,17,15,17.112452954758297
392223,2,18,15,16.794750732716746
392223,2,19,15,15.05051533054157
392228,1,0,23,24.742903440656814
392228,1,1,23,23.360823407600794
392228,1,2,23,21.83721823967761
392228,1,3,23,21.77985718050038
392228,1,4,23,21.71542566734072
392228,1,5,23,21.143430784502225
392228,1,6,23,18.84428230279886
392228,1,7,23,18.486405624664382
392228,1,8,23,18.747352503080027
392228,1,9,23,18.316356006256232
392228,1,10,23,17.568030213037332
392228,1,11,23,16.85698356642975
392228,1,12,23,18.57622389446276
392228,1,13,23,17.808220570758596
392228,1,14,23,20.553830099758443
392228,1,15,23,21.466241361954637
392228,1,16,23,20.959696284207652
392228,1,17,23,20.600281210852653
392228,1,18,23,25.253670616162832
392228,1,19,23,23.10075869271065
392228,2,0,31,24.742903440656814
392228,2,1,31,25.115963693800936
392228,2,2,31,24.320261042689772
392228,2,3,31,26.96061636847153
392228,2,4,31,25.341552764126465
392228,2,5,31,23.653681381451143
392228,2,6,31,23.084146004817416
392228,2,7,31,23.568800655949083
392228,2,8,31,21.717984876378843
392228,2,9,31,20.997447982593517
392228,2,10,31,20.045097175075856
392228,2,11,31,25.375848944973377
392228,2,12,31,25.50446264597371
392228,2,13,31,26.328174865483547
392228,2,14,31,26.30937097167257
392228,2,15,31,26.04902045519517
392228,2,16,31,28.717724391098585
392228,2,17,31,27.651556578849352
392228,2,18,31,27.024215341265315
392228,2,19,31,30.856798819907922
392236,1,0,21,24.742903440656814
392236,1,1,21,22.279717160248122
392236,1,2,21,19.91163411093589
392236,1,3,21,23.729051696492967
392236,1,4,21,24.479295876893694
392236,1,5,21,24.41749182529953
392236,1,6,21,23.562541030341645
392236,1,7,21,22.61948136160815
392236,1,8,21,20.898841677046786
392236,1,9,21,20.78296815209916
392236,1,10,21,20.03482236278363
392236,1,11,21,19.112971799599464
392236,1,12,21,18.890588613036336
392236,1,13,21,18.1881363802133
392236,1,14,21,18.58001699133127
392236,1,15,21,17.147862900802203
392236,1,16,21,16.086848980877896
392236,1,17,21,16.631002703640068
392236,1,18,21,16.413205563062157
392236,1,19,21,20.854951916891952
392236,2,0,12,24.742903440656814
392236,2,1,12,24.950306230712744
392236,2,2,12,24.320261042689772
392236,2,3,12,23.486948148137763
392236,2,4,12,21.91084879901094
392236,2,5,12,21.01327004407686
392236,2,6,12,21.12121111039524
392236,2,7,12,19.072849759717258
392236,2,8,12,19.27493796881548
392236,2,9,12,19.86793156014888
392236,2,10,12,17.496063889808234
392236,2,11,12,17.781475190197707
392236,2,12,12,17.743370991161022
392236,2,13,12,16.512845109761876
392236,2,14,12,13.959685931260788
392236,2,15,12,14.647461531038584
392236,2,16,12,14.16277170971935
392236,2,17,12,13.5205255604658
392236,2,18,12,12.473020624305219
392236,2,19,12,11.776209545341251
392237,1,0,28,20.8219494260387
392237,1,1,28,24.70295166571232
392237,1,2,28,27.692767031236837
392237,1,3,28,33.56496963465479
392237,1,4,28,32.96301722818546
392237,1,5,28,31.424033667307917
392237,1,6,28,30.742774163281354
392237,1,7,28,32.43245422525969
392237,1,8,28,32.20517718264668
392237,1,9,28,32.665702654498624
392237,1,10,28,33.57890489875736
392237,1,11,28,32.50950339221278
392237,1,12,28,31.710409416575086
392237,1,13,28,33.40625670572471
392237,1,14,28,32.17982228500008
392237,1,15,28,32.06822962495638
392237,1,16,28,31.632742145195248
392237,1,17,28,31.05271941466337
392237,1,18,28,29.623545182086968
392237,1,19,28,28.088271788746955
392237,2,0,20,29.15646985930138
392237,2,1,20,28.936383263684927
392237,2,2,20,28.274122164763565
392237,2,3,20,27.630052510715892
392237,2,4,20,27.846919499249395
392237,2,5,20,27.103211693417126
392237,2,6,20,27.456423739771072
392237,2,7,20,24.719025197379427
392237,2,8,20,24.72887901494665
392237,2,9,20,20.786872380038393
392237,2,10,20,20.678638612091145
392237,2,11,20,20.26066640678736
392237,2,12,20,19.77595453915131
392237,2,13,20,20.46800237946185
392237,2,14,20,23.37415174841086
392237,2,15,20,24.27376758963587
392237,2,16,20,24.072871574715183
392237,2,17,20,23.531263306515463
419110,1,0,19,24.742903440656814
419110,1,1,19,24.950306230712744
419110,1,2,19,23.46225018842174
419110,1,3,19,21.77985718050038
419110,1,4,19,20.50407625304267
419110,1,5,19,18.706933621537846
419110,1,6,19,18.77428115511848
419110,1,7,19,18.234531586259305
419110,1,8,19,18.175190666541095
419110,1,9,19,16.392899491001273
419110,1,10,19,17.568030213037332
419110,1,11,19,16.85698356642975
419110,1,12,19,18.57622389446276
419110,1,13,19,17.808220570758596
419110,1,14,19,17.47681727367067
419110,1,15,19,16.626179912568677
419110,1,16,19,20.000626720206743
419110,1,17,19,19.677945458958668
419110,1,18,19,20.11435484604626
419110,1,19,19,18.963714303419362
419110,2,0,18,24.742903440656814
419110,2,1,18,23.360823407600794
419110,2,2,18,26.404017028966788
419110,2,3,18,24.65607675815567
419110,2,4,18,23.695912870275997
419110,2,5,18,23.170953010846766
419110,2,6,18,21.533589115534873
419110,2,7,18,21.09851300490319
419110,2,8,18,21.093810301034033
419110,2,9,18,19.325573721494017
419110,2,10,18,22.453940915806218
419110,2,11,18,20.54880398301482
419110,2,12,18,21.90483740959712
419110,2,13,18,19.920728317342192
419110,2,14,18,17.8022427880206
419110,2,15,18,19.335289174939945
419110,2,16,18,19.043429441003518
419110,2,17,18,18.972309780409514
419110,2,18,18,18.654137873601336
419110,2,19,18,18.119016919534392
419112,1,0,28,24.742903440656814
419112,1,1,28,24.950306230712744
419112,1,2,28,24.320261042689772
419112,1,3,28,22.77408682634524
419112,1,4,28,21.71542566734072
419112,1,5,28,21.01327004407686
419112,1,6,28,21.12121111039524
419112,1,7,28,19.072849759717258
419112,1,8,28,25.350121374437194
419112,1,9,28,25.153377054018655
419112,1,10,28,23.41648402510598
419112,1,11,28,26.747809075969354
419112,1,12,28,26.22384959135618
419112,1,13,28,28.183831907383038
419112,1,14,28,26.91021626773807
419112,1,15,28,26.490042822432816
419112,1,16,28,26.105111665197654
419112,1,17,28,28.348537132563024
419112,1,18,28,27.024215341265315
419112,1,19,28,27.993204168678368
419112,2,0,26,29.15646985930138
419112,2,1,26,28.035544894061687
419112,2,2,26,27.341176370106144
419112,2,3,26,26.095123345457043
419112,2,4,26,23.985600185590336
419112,2,5,26,29.278130812174147
419112,2,6,26,29.42374728118146
419112,2,7,26,27.99368195831811
419112,2,8,26,27.885953189866807
419112,2,9,26,27.564592884228688
419112,2,10,26,27.233098182048774
419112,2,11,26,27.27921385984329
419112,2,12,26,27.48272633438472
419112,2,13,26,25.391780241777287
419112,2,14,26,25.714700508958824
419112,2,15,26,25.160745437090462
419112,2,16,26,25.390511190201405
419112,2,17,26,28.410201731444744
419112,2,18,26,27.918083963302852
419113,1,0,31,24.742903440656814
419113,1,1,31,24.950306230712744
419113,1,2,31,24.320261042689772
419113,1,3,31,23.486948148137763
419113,1,4,31,23.695912870275997
419113,1,5,31,27.13978917415464
419113,1,6,31,26.858637583725216
419113,1,7,31,26.615281056689756
419113,1,8,31,26.159667123907543
419113,1,9,31,25.153377054018655
419113,1,10,31,24.94480965669432
419113,1,11,31,23.559499035757746
419113,1,12,31,23.146518101522883
419113,1,13,31,24.160534053477456
419113,1,14,31,28.835323789714877
419113,1,15,31,30.003877563615244
419113,1,16,31,29.57428696675649
419113,1,17,31,28.348537132563024
419113,1,18,31,30.987444690585555
419113,1,19,31,30.856798819907922
419113,2,0,14,24.742903440656814
419113,2,1,14,23.360823407600794
419113,2,2,14,21.83721823967761
419113,2,3,14,24.65607675815567
419113,2,4,14,22.87492845105895
419113,2,5,14,25.597939690660695
419113,2,6,14,24.97518761903608
419113,2,7,14,24.719025197379427
419113,2,8,14,24.72887901494665
419113,2,9,14,23.08245798035622
419113,2,10,14,22.754989733137677
419113,2,11,14,21.80950386854146
419113,2,12,14,21.90483740959712
419113,2,13,14,19.920728317342192
419113,2,14,14,18.58001699133127
419113,2,15,14,18.51215918914052
419113,2,16,14,17.21900964265096
419113,2,17,14,16.127457719001317
419113,2,18,14,16.246095545497578
419113,2,19,14,14.25380771826955
419121,1,0,22,24.742903440656814
419121,1,1,22,23.360823407600794
419121,1,2,22,21.83721823967761
419121,1,3,22,21.66116504271487
419121,1,4,22,21.065869242977612
419121,1,5,22,18.706933621537846
419121,1,6,22,18.77428115511848
419121,1,7,22,18.234531586259305
419121,1,8,22,18.137758290839848
419121,1,9,22,17.927479243286342
419121,1,10,22,13.422187167569145
419121,1,11,22,18.558745122217516
419121,1,12,22,23.810129776027043
419121,1,13,22,23.75949323345075
419121,1,14,22,22.153224397866857
419121,1,15,22,25.160745437090462
419121,1,16,22,23.75569020318456
419121,1,17,22,23.696361138149378
419121,1,18,22,21.31422405103138
419121,1,19,22,21.90224084954201
419121,2,0,24,29.15646985930138
419121,2,1,24,28.035544894061687
419121,2,2,24,26.404017028966788
419121,2,3,24,24.65607675815567
419121,2,4,24,23.695912870275997
419121,2,5,24,22.090033533700577
419121,2,6,24,21.533589115534873
419121,2,7,24,27.43116190788029
419121,2,8,24,27.386374793210667
419121,2,9,24,27.05601379396031
419121,2,10,24,32.07642983885729
419121,2,11,24,32.4751891303323
419121,2,12,24,30.438802274563336
419121,2,13,24,28.890015609877402
419121,2,14,24,28.73113125336412
419121,2,15,24,26.885033387851056
419121,2,16,24,26.785663574431958
419121,2,17,24,27.40096651936777
419121,2,18,24,25.79574955380947
419121,2,19,24,24.190445126945857
419121,3,0,0,20.8219494260387
419121,4,0,4,29.15646985930138
419125,1,0,24,24.742903440656814
419125,1,1,24,23.360823407600794
419125,1,2,24,26.404017028966788
419125,1,3,24,26.96061636847153
419125,1,4,24,24.479295876893694
419125,1,5,24,24.41749182529953
419125,1,6,24,23.562541030341645
419125,1,7,24,23.591464368401194
419125,1,8,24,23.27778417409242
419125,1,9,24,23.08245798035622
419125,1,10,24,22.754989733137677
419125,1,11,24,21.80950386854146
419125,1,12,24,19.826930439562016
419125,1,13,24,19.920728317342192
419125,1,14,24,20.1156368251041
419125,1,15,24,22.955332939883036
419125,1,16,24,25.390511190201405
419125,1,17,24,24.983025381222536
419125,1,18,24,24.974954080574232
419125,1,19,24,24.06966975491677
419125,2,0,24,25.472137899796575
419125,2,1,24,24.14291735907651
419125,2,2,24,26.404017028966788
419125,2,3,24,26.095123345457043
419125,2,4,24,23.985600185590336
419125,2,5,24,23.653681381451143
419125,2,6,24,24.664824472614562
419125,2,7,24,23.9764838236092
419125,2,8,24,25.350121374437194
419125,2,9,24,25.153377054018655
419125,2,10,24,24.94480965669432
419125,2,11,24,24.860756406873477
419125,2,12,24,24.13986369182852
419125,2,13,24,27.22828634952912
419125,2,14,24,26.30937097167257
419125,2,15,24,28.870797453972806
419125,2,16,24,27.591874672837317
419125,2,17,24,27.2227888403567
419125,2,18,24,26.08580102928362
419134,1,0,20,24.742903440656814
419134,1,1,20,25.115963693800936
419134,1,2,20,24.320261042689772
419134,1,3,20,22.77408682634524
419134,1,4,20,21.91084879901094
419134,1,5,20,23.170953010846766
419134,1,6,20,23.084146004817416
419134,1,7,20,23.568800655949083
419134,1,8,20,21.717984876378843
419134,1,9,20,20.997447982593517
419134,1,10,20,20.045097175075856
419134,1,11,20,19.47009853297404
419134,1,12,20,19.852809381376208
419134,1,13,20,19.498796076314445
419134,1,14,20,19.57536218992501
419134,1,15,20,19.085296489604577
419134,1,16,20,20.000626720206743
419134,1,17,20,21.901526824334628
419134,1,18,20,21.613637595064954
419134,1,19,20,20.13298817253013
419134,2,0,24,24.742903440656814
419134,2,1,24,24.950306230712744
419134,2,2,24,23.46225018842174
419134,2,3,24,21.77985718050038
419134,2,4,24,20.50407625304267
419134,2,5,24,21.143430784502225
419134,2,6,24,25.6147813868301
419134,2,7,24,23.9764838236092
419134,2,8,24,23.489123883021414
419134,2,9,24,23.667990754629244
419134,2,10,24,20.34312517064598
419134,2,11,24,26.747809075969354
419134,2,12,24,26.22384959135618
419134,2,13,24,26.328174865483547
419134,2,14,24,25.215725962974123
419134,2,15,24,24.835938399926725
419134,2,16,24,29.57428696675649
419134,2,17,24,27.38563176878347
419137,1,0,45,25.472137899796575
419137,1,1,45,28.936383263684927
419137,1,2,45,27.341176370106144
419137,1,3,45,26.96061636847153
419137,1,4,45,25.341552764126465
419137,1,5,45,28.92945647520202
419137,1,6,45,27.456423739771072
419137,1,7,45,27.99368195831811
419137,1,8,45,27.885953189866807
419137,1,9,45,27.564592884228688
419137,1,10,45,26.79962845605105
419137,1,11,45,26.747809075969354
419137,1,12,45,27.48272633438472
419137,1,13,45,27.22828634952912
419137,1,14,45,26.91021626773807
419137,1,15,45,31.526671719439058
419137,1,16,45,35.79709376750223
419137,1,17,45,40.73948531272737
419137,1,18,45,42.8807878129177
419137,1,19,45,45.319285355785986
419137,2,0,39,29.15646985930138
419137,2,1,39,28.035544894061687
419137,2,2,39,28.274122164763565
419137,2,3,39,26.96061636847153
419137,2,4,39,31.584585982313616
419137,2,5,39,31.188723014008126
419137,2,6,39,30.0386550736029
419137,2,7,39,28.688486240745565
419137,2,8,39,28.5577409303881
419137,2,9,39,32.098892851039
419137,2,10,39,30.884372277942173
419137,2,11,39,30.75765471140531
419137,2,12,39,33.614737003192275
419137,2,13,39,33.40625670572471
419137,2,14,39,38.81821499720107
419137,2,15,39,40.34499122881852
419137,2,16,39,39.68582053745846
419137,2,17,39,42.31378194856996
419137,2,18,39,40.081318477012374
419137,2,19,39,38.88522414560197
419141,1,0,30,29.88090225962828
419141,1,1,30,29.818878019323314
419141,1,2,30,32.23458888215543
419141,1,3,30,38.15634912301541
419141,1,4,30,38.97358215010772
419141,1,5,30,34.55584740670753
419141,1,6,30,35.68168643609958
419141,1,7,30,34.73310395750088
419141,1,8,30,35.08879678300493
419141,1,9,30,34.63934266137901
419141,1,10,30,33.57890489875736
419141,1,11,30,33.6646762198529
419141,1,12,30,31.710409416575086
419141,1,13,30,33.40625670572471
419141,1,14,30,33.51366603254378
419141,1,15,30,32.06822962495638
419141,1,16,30,30.83437790568898
419141,1,17,30,29.379177411408534
419141,1,18,30,31.870434854191554
419141,1,19,30,30.174973415405603
419141,2,0,32,25.472137899796575
419141,2,1,32,28.936383263684927
419141,2,2,32,29.723094033259347
419141,2,3,32,27.630052510715892
419141,2,4,32,27.846919499249395
419141,2,5,32,27.13978917415464
419141,2,6,32,26.858637583725216
419141,2,7,32,26.615281056689756
419141,2,8,32,27.386374793210667
419141,2,9,32,30.57053816384797
419141,2,10,32,33.69586391155677
419141,2,11,32,32.4751891303323
419141,2,12,32,34.6270311458627
419141,2,13,32,35.18726780813298
419141,2,14,32,34.42943586403333
419141,2,15,32,33.529958004549165
419141,2,16,32,35.79709376750223
419141,2,17,32,33.736860811124835
419141,2,18,32,33.95725279525128
419141,2,19,32,32.041293888175936
419142,1,0,21,24.742903440656814
419142,1,1,21,28.035544894061687
419142,1,2,21,27.341176370106144
419142,1,3,21,23.702227394177527
419142,1,4,21,23.858269877491555
419142,1,5,21,22.519580796635488
419142,1,6,21,21.567068813712478
419142,1,7,21,21.352970241600246
419142,1,8,21,20.898841677046786
419142,1,9,21,20.78296815209916
419142,1,10,21,20.03482236278363
419142,1,11,21,19.112971799599464
419142,1,12,21,18.890588613036336
419142,1,13,21,17.222261591106736
419142,1,14,21,17.02432459020358
419142,1,15,21,16.831992432246242
419142,1,16,21,16.086848980877896
419142,1,17,21,16.09056971538134
419142,1,18,21,18.654137873601336
419142,1,19,21,20.854951916891952
419142,2,0,13,29.15646985930138
419142,2,1,13,28.936383263684927
419142,2,2,13,27.341176370106144
419142,2,3,13,26.095123345457043
419142,2,4,13,25.341552764126465
419142,2,5,13,23.653681381451143
419142,2,6,13,23.084146004817416
419142,2,7,13,21.5673308014796
419142,2,8,13,21.093810301034033
419142,2,9,13,20.717752670994727
419142,2,10,13,20.34312517064598
419142,2,11,13,19.112971799599464
419142,2,12,13,17.623784811630347
419142,2,13,13,16.794670427162252
419142,2,14,13,16.19948388298648
419142,2,15,13,16.831992432246242
419142,2,16,13,16.858259550758966
419142,2,17,13,16.09056971538134
419142,2,18,13,14.58288925836769
419142,2,19,13,13.16000940944334
419143,1,0,21,25.472137899796575
419143,1,1,21,24.950306230712744
419143,1,2,21,23.46225018842174
419143,1,3,21,22.77408682634524
419143,1,4,21,21.71542566734072
419143,1,5,21,21.143430784502225
419143,1,6,21,18.84428230279886
419143,1,7,21,19.433627762900244
419143,1,8,21,19.145014585174525
419143,1,9,21,18.09504393042048
419143,1,10,21,20.34312517064598
419143,1,11,21,19.47009853297404
419143,1,12,21,19.852809381376208
419143,1,13,21,19.498796076314445
419143,1,14,21,22.518111672718064
419143,1,15,21,22.129072797710254
419143,1,16,21,21.966935971495587
419143,1,17,21,21.344796219795196
419143,1,18,21,20.861257660337174
419143,1,19,21,20.8184379423375
419143,2,0,25,24.742903440656814
419143,2,1,25,28.035544894061687
419143,2,2,25,27.341176370106144
419143,2,3,25,30.051403768946553
419143,2,4,25,30.014185897749343
419143,2,5,25,28.92945647520202
419143,2,6,25,28.432854594342842
419143,2,7,25,27.43116190788029
419143,2,8,25,30.20533083481143
419143,2,9,25,28.036770517067403
419143,2,10,25,27.233098182048774
419143,2,11,25,33.37627178690628
419143,2,12,25,32.33819898927599
419143,2,13,25,29.81533741906028
419143,2,14,25,32.63681617439688
419150,1,0,25,25.472137899796575
419150,1,1,25,21.142380827709278
419150,1,2,25,21.421224881279574
419150,1,3,25,23.702227394177527
419150,1,4,25,23.858269877491555
419150,1,5,25,23.586478619101754
419150,1,6,25,23.562541030341645
419150,1,7,25,24.83212645329974
419150,1,8,25,23.27778417409242
419150,1,9,25,23.08245798035622
419150,1,10,25,22.453940915806218
419150,1,11,25,24.712824988945453
419150,1,12,25,24.650232675828452
419150,1,13,25,24.516468349412538
419150,1,14,25,24.26431830566878
419150,1,15,25,26.848691443141316
419150,1,16,25,25.390511190201405
419150,1,17,25,23.883902477734228
419150,1,18,25,22.341656336899458
419150,1,19,25,25.078218001148393
419150,2,0,17,24.742903440656814
419150,2,1,17,23.360823407600794
419150,2,2,17,21.83721823967761
419150,2,3,17,21.66116504271487
419150,2,4,17,21.065869242977612
419150,2,5,17,18.706933621537846
419150,2,6,17,18.84428230279886
419150,2,7,17,19.433627762900244
419150,2,8,17,19.145014585174525
419150,2,9,17,18.09504393042048
419150,2,10,17,17.568030213037332
419150,2,11,17,16.85698356642975
419150,2,12,17,16.817238719312304
419150,2,13,17,17.582351297268012
419150,2,14,17,14.96745572423947
419150,2,15,17,13.303152945351977
419150,2,16,17,12.985382664183224
419150,2,17,17,18.164945372837835
419150,2,18,17,19.274725926127438
419150,2,19,17,17.105002276997762
419152,1,0,21,24.742903440656814
419152,1,1,21,23.360823407600794
419152,1,2,21,21.83721823967761
419152,1,3,21,21.77985718050038
419152,1,4,21,20.50407625304267
419152,1,5,21,21.143430784502225
419152,1,6,21,20.142111267480093
419152,1,7,21,19.072849759717258
419152,1,8,21,19.145014585174525
419152,1,9,21,18.09504393042048
419152,1,10,21,19.37319992694193
419152,1,11,21,18.786074680546275
419152,1,12,21,18.740146252053645
419152,1,13,21,17.808220570758596
419152,1,14,21,17.47681727367067
419152,1,15,21,19.891608737123747
419152,1,16,21,18.492201198521734
419152,1,17,21,17.112452954758297
419152,1,18,21,16.794750732716746
419152,1,19,21,20.834438610469345
419152,2,0,20,23.585344252402724
419152,2,1,20,25.115963693800936
419152,2,2,20,24.403222399886783
419152,2,3,20,24.65607675815567
419152,2,4,20,27.846919499249395
419152,2,5,20,27.103211693417126
419152,2,6,20,27.456423739771072
419152,2,7,20,27.43116190788029
419152,2,8,20,27.386374793210667
419152,2,9,20,26.197008875443384
419152,2,10,20,24.94480965669432
419152,2,11,20,22.82360044427452
419152,2,12,20,21.90483740959712
419152,2,13,20,21.696603621399905
419152,2,14,20,22.153224397866857
419152,2,15,20,21.12890065935314
419152,2,16,20,19.043429441003518
419152,2,17,20,18.972309780409514
419152,2,18,20,19.498482022959497
419152,2,19,20,19.883056797534763
419157,1,0,21,24.742903440656814
419157,1,1,21,23.360823407600794
419157,1,2,21,23.46225018842174
419157,1,3,21,21.77985718050038
419157,1,4,21,21.71542566734072
419157,1,5,21,18.663648327908664
419157,1,6,21,15.738707463311497
419157,1,7,21,21.352970241600246
419157,1,8,21,20.898841677046786
419157,1,9,21,22.281335045718894
419157,1,10,21,20.161109962636218
419157,1,11,21,20.54880398301482
419157,1,12,21,18.890588613036336
419157,1,13,21,22.63280396456082
419157,1,14,21,22.153224397866857
419157,1,15,21,21.12890065935314
419157,1,16,21,20.69487528268247
419157,1,17,21,20.36948358025645
419157,1,18,21,22.58972632146498
419157,1,19,21,20.834438610469345
419157,2,0,18,25.472137899796575
419157,2,1,18,24.950306230712744
419157,2,2,18,24.320261042689772
419157,2,3,18,23.486948148137763
419157,2,4,18,21.91084879901094
419157,2,5,18,23.170953010846766
419157,2,6,18,23.084146004817416
419157,2,7,18,23.568800655949083
419157,2,8,18,20.898841677046786
419157,2,9,18,20.008364360026235
419157,2,10,18,20.03482236278363
419157,2,11,18,19.112971799599464
419157,2,12,18,17.976717101468825
419157,2,13,18,18.1881363802133
419157,2,14,18,18.58001699133127
419157,2,15,18,17.147862900802203
419157,2,16,18,17.21900964265096
419157,2,17,18,17.112452954758297
419157,2,18,18,16.066538346979517
419157,2,19,18,18.119016919534392
501209,1,0,29,24.742903440656814
501209,1,1,29,23.360823407600794
501209,1,2,29,21.83721823967761
501209,1,3,29,21.77985718050038
501209,1,4,29,21.71542566734072
501209,1,5,29,21.143430784502225
501209,1,6,29,20.142111267480093
501209,1,7,29,19.433627762900244
501209,1,8,29,21.717984876378843
501209,1,9,29,27.05601379396031
501209,1,10,29,26.081249719974664
501209,1,11,29,24.860756406873477
501209,1,12,29,24.13986369182852
501209,1,13,29,24.160534053477456
501209,1,14,29,23.67811611685336
501209,1,15,29,28.870797453972806
501209,1,16,29,28.717724391098585
501209,1,17,29,27.651556578849352
501209,1,18,29,29.804963803590972
501209,1,19,29,29.285275776217613
501209,2,0,29,24.742903440656814
501209,2,1,29,28.035544894061687
501209,2,2,29,27.341176370106144
501209,2,3,29,27.630052510715892
501209,2,4,29,27.02129537852829
501209,2,5,29,29.278130812174147
501209,2,6,29,29.42374728118146
501209,2,7,29,29.240955932521953
501209,2,8,29,28.70074013748971
501209,2,9,29,28.036770517067403
501209,2,10,29,30.383930651676213
501209,2,11,29,29.594427210976626
501209,2,12,29,29.631980171800283
501209,2,13,29,29.217120097539947
501209,2,14,29,28.835323789714877
501209,2,15,29,33.529958004549165
501209,2,16,29,32.12448502230624
501209,2,17,29,31.467288711491392
501209,2,18,29,30.987444690585555
501210,1,0,34,25.472137899796575
501210,1,1,34,28.936383263684927
501210,1,2,34,27.341176370106144
501210,1,3,34,30.051403768946553
501210,1,4,34,28.94336605969596
501210,1,5,34,28.92945647520202
501210,1,6,34,28.432854594342842
501210,1,7,34,29.240955932521953
501210,1,8,34,27.885953189866807
501210,1,9,34,27.564592884228688
501210,1,10,34,27.233098182048774
501210,1,11,34,26.747809075969354
501210,1,12,34,25.50446264597371
501210,1,13,34,28.183831907383038
501210,1,14,34,32.63681617439688
501210,1,15,34,35.51284883744771
501210,1,16,34,35.823059888714916
501210,1,17,34,33.736860811124835
501210,1,18,34,34.54980751126704
501210,1,19,34,33.95157512471508
501210,2,0,29,25.472137899796575
501210,2,1,29,25.115963693800936
501210,2,2,29,28.274122164763565
501210,2,3,29,26.96061636847153
501210,2,4,29,25.341552764126465
501210,2,5,29,28.92945647520202
501210,2,6,29,27.456423739771072
501210,2,7,29,26.615281056689756
501210,2,8,29,25.350121374437194
501210,2,9,29,25.153377054018655
501210,2,10,29,26.081249719974664
501210,2,11,29,25.375848944973377
501210,2,12,29,25.50446264597371
501210,2,13,29,24.160534053477456
501210,2,14,29,22.518111672718064
501210,2,15,29,26.04902045519517
501210,2,16,29,24.383101320526258
501210,2,17,29,27.2227888403567
501210,2,18,29,30.987444690585555
501212,1,0,19,25.472137899796575
501212,1,1,19,21.142380827709278
501212,1,2,19,21.421224881279574
501212,1,3,19,20.662271181065137
501212,1,4,19,23.858269877491555
501212,1,5,19,25.79418614129953
501212,1,6,19,26.122592976274504
501212,1,7,19,26.608480290475587
501212,1,8,19,25.05881790766175
501212,1,9,19,24.942506788902318
501212,1,10,19,21.45071824699171
501212,1,11,19,20.26066640678736
501212,1,12,19,20.453787459696937
501212,1,13,19,20.46800237946185
501212,1,14,19,20.85910550704635
501212,1,15,19,20.356916864004
501212,1,16,19,19.772372130386472
501212,1,17,19,20.542995689801845
501212,1,18,19,18.708130176256795
501212,1,19,19,18.726618847102948
501212,2,0,26,24.742903440656814
501212,2,1,26,24.950306230712744
501212,2,2,26,24.320261042689772
501212,2,3,26,22.77408682634524
501212,2,4,26,25.341552764126465
501212,2,5,26,25.83650060144446
501212,2,6,26,25.6147813868301
501212,2,7,26,23.9764838236092
501212,2,8,26,27.386374793210667
501212,2,9,26,27.05601379396031
501212,2,10,26,26.79962845605105
501212,2,11,26,27.27921385984329
501212,2,12,26,32.44334416926998
501212,2,13,26,31.23901644407659
501212,2,14,26,31.778996018464174
501212,2,15,26,30.211307160930595
501212,2,16,26,29.5425280379904
501212,2,17,26,29.326207806300825
501221,1,0,34,24.742903440656814
501221,1,1,34,23.360823407600794
501221,1,2,34,23.46225018842174
501221,1,3,34,26.095123345457043
501221,1,4,34,28.94336605969596
501221,1,5,34,33.416008762678715
501221,1,6,34,34.06233107771249
501221,1,7,34,33.412726903522774
501221,1,8,34,33.186321487652314
501221,1,9,34,32.74660861236468
501221,1,10,34,32.07642983885729
501221,1,11,34,33.983286043520316
501221,1,12,34,34.6270311458627
501221,1,13,34,35.18726780813298
501221,1,14,34,32.63681617439688
501221,1,15,34,32.798596972149795
501221,1,16,34,32.12448502230624
501221,1,17,34,36.22628244691205
501221,1,18,34,35.535497544457954
501221,1,19,34,33.95157512471508
501221,2,0,18,24.742903440656814
501221,2,1,18,23.360823407600794
501221,2,2,18,21.83721823967761
501221,2,3,18,21.66116504271487
501221,2,4,18,21.065869242977612
501221,2,5,18,18.706933621537846
501221,2,6,18,18.84428230279886
501221,2,7,18,18.486405624664382
501221,2,8,18,19.145014585174525
501221,2,9,18,18.09504393042048
501221,2,10,18,20.34312517064598
501221,2,11,18,21.041770546430644
501221,2,12,18,21.127344070312464
501221,2,13,18,24.160534053477456
501221,2,14,18,22.518111672718064
501221,2,15,18,21.12890065935314
501221,2,16,18,20.69487528268247
501221,2,17,18,18.972309780409514
501221,2,18,18,17.526977280183353
501221,2,19,18,18.119016919534392
501224,1,0,21,24.742903440656814
501224,1,1,21,23.360823407600794
501224,1,2,21,23.46225018842174
501224,1,3,21,22.77408682634524
501224,1,4,21,21.91084879901094
501224,1,5,21,22.090033533700577
501224,1,6,21,23.084146004817416
501224,1,7,21,23.568800655949083
501224,1,8,21,21.717984876378843
501224,1,9,21,20.717752670994727
501224,1,10,21,19.37319992694193
501224,1,11,21,18.786074680546275
501224,1,12,21,19.852809381376208
501224,1,13,21,19.498796076314445
501224,1,14,21,20.553830099758443
501224,1,15,21,19.891608737123747
501224,1,16,21,20.959696284207652
501224,1,17,21,20.600281210852653
501224,1,18,21,19.274725926127438
501224,1,19,21,20.8184379423375
501224,2,0,19,24.742903440656814
501224,2,1,19,24.950306230712744
501224,2,2,19,23.46225018842174
501224,2,3,19,22.77408682634524
501224,2,4,19,21.91084879901094
501224,2,5,19,21.01327004407686
501224,2,6,19,21.12121111039524
501224,2,7,19,21.09851300490319
501224,2,8,19,19.27493796881548
501224,2,9,19,19.86793156014888
501224,2,10,19,18.357073480172467
501224,2,11,19,18.68926781535919
501224,2,12,19,18.57622389446276
501224,2,13,19,17.808220570758596
501224,2,14,19,16.501310742416997
501224,2,15,19,14.464372332886013
501224,2,16,19,15.14962666831562
501224,2,17,19,17.0273094088747
501224,2,18,19,16.85215986956587
501224,2,19,19,18.963714303419362
501225,1,0,15,24.742903440656814
501225,1,1,15,23.360823407600794
501225,1,2,15,23.46225018842174
501225,1,3,15,22.77408682634524
501225,1,4,15,21.71542566734072
501225,1,5,15,21.01327004407686
501225,1,6,15,21.12121111039524
501225,1,7,15,19.072849759717258
501225,1,8,15,19.27493796881548
501225,1,9,15,19.86793156014888
501225,1,10,15,19.37319992694193
501225,1,11,15,18.786074680546275
501225,1,12,15,18.57622389446276
501225,1,13,15,17.808220570758596
501225,1,14,15,18.53230446939363
501225,1,15,15,16.626179912568677
501225,1,16,15,15.046693873152703
501225,1,17,15,14.444149262842197
501225,1,18,15,16.246095545497578
501225,1,19,15,15.05051533054157
501225,2,0,21,25.472137899796575
501225,2,1,21,24.950306230712744
501225,2,2,21,24.403222399886783
501225,2,3,21,23.486948148137763
501225,2,4,21,23.695912870275997
501225,2,5,21,22.090033533700577
501225,2,6,21,21.533589115534873
501225,2,7,21,21.09851300490319
501225,2,8,21,23.489123883021414
501225,2,9,21,23.667990754629244
501225,2,10,21,20.34312517064598
501225,2,11,21,24.860756406873477
501225,2,12,21,25.50446264597371
501225,2,13,21,26.328174865483547
501225,2,14,21,28.835323789714877
501226,1,0,24,25.472137899796575
501226,1,1,24,28.936383263684927
501226,1,2,24,28.274122164763565
501226,1,3,24,27.630052510715892
501226,1,4,24,27.02129537852829
501226,1,5,24,25.83650060144446
501226,1,6,24,25.6147813868301
501226,1,7,24,25.554103759190756
501226,1,8,24,25.350121374437194
501226,1,9,24,23.08245798035622
501226,1,10,24,22.453940915806218
501226,1,11,24,21.80950386854146
501226,1,12,24,26.171648378072764
501226,1,13,24,26.910717962490004
501226,1,14,24,26.587042677245552
501226,1,15,24,26.003843566063743
501226,1,16,24,24.386918893002797
501226,1,17,24,24.983025381222536
501226,1,18,24,25.774648090156983
501226,1,19,24,24.12359204845307
501226,2,0,9,24.742903440656814
501226,2,1,9,24.950306230712744
501226,2,2,9,23.46225018842174
501226,2,3,9,20.662271181065137
501226,2,4,9,18.836109926440376
501226,2,5,9,16.880367122473753
501226,2,6,9,15.366488257783823
501226,2,7,9,14.86921245325063
501226,2,8,9,13.870622867468784
501226,2,9,9,14.470157508761847
501226,2,10,9,10.66182752501665
501226,2,11,9,12.58199459993446
501226,2,12,9,10.464033083540556
501226,2,13,9,10.159075109691258
501226,2,14,9,10.180375610638668
501226,2,15,9,10.772543053857001
501226,2,16,9,9.975110871570275
501226,2,17,9,10.797511945059155
501226,2,18,9,11.443459031152624
501226,2,19,9,9.532101464802244
501229,1,0,15,20.8219494260387
501229,1,1,15,22.279717160248122
501229,1,2,15,19.91163411093589
501229,1,3,15,19.527388889215956
501229,1,4,15,17.984289508254356
501229,1,5,15,16.351357088939565
501229,1,6,15,15.246589782913489
501229,1,7,15,13.774113714947015
501229,1,8,15,13.25610564171981
501229,1,9,15,12.620085609132248
501229,1,10,15,11.60983014878459
501229,1,11,15,14.662115657099827
501229,1,12,15,15.26905098649
501229,1,13,15,16.512845109761876
501229,1,14,15,13.959685931260788
501229,1,15,15,14.647461531038584
501229,1,16,15,13.044506968945333
501229,1,17,15,12.325019064991084
501229,1,18,15,16.066538346979517
501229,1,19,15,15.05051533054157
501229,2,0,11,24.742903440656814
501229,2,1,11,23.360823407600794
501229,2,2,11,26.404017028966788
501229,2,3,11,23.729051696492967
501229,2,4,11,23.858269877491555
501229,2,5,11,22.519580796635488
501229,2,6,11,23.562541030341645
501229,2,7,11,22.61948136160815
501229,2,8,11,20.898841677046786
501229,2,9,11,20.008364360026235
501229,2,10,11,18.840122850649124
501229,2,11,11,18.558745122217516
501229,2,12,11,17.976717101468825
501229,2,13,11,17.42163594657435
501229,2,14,11,17.192363395817065
501229,2,15,11,15.193527849728627
501229,2,16,11,14.918222362059817
501230,1,0,23,25.472137899796575
501230,1,1,23,28.936383263684927
501230,1,2,23,28.274122164763565
501230,1,3,23,26.96061636847153
501230,1,4,23,30.014185897749343
501230,1,5,23,30.569472604540437
501230,1,6,23,30.0386550736029
501230,1,7,23,29.240955932521953
501230,1,8,23,27.885953189866807
501230,1,9,23,28.036770517067403
501230,1,10,23,29.57848329260944
501230,1,11,23,29.130330315762617
501230,1,12,23,27.48272633438472
501230,1,13,23,27.22828634952912
501230,1,14,23,25.714700508958824
501230,1,15,23,24.09352821330091
501230,1,16,23,23.75569020318456
501230,1,17,23,23.696361138149378
501230,1,18,23,21.31422405103138
501230,1,19,23,23.111147696466926
501230,2,0,26,24.742903440656814
501230,2,1,26,22.279717160248122
501230,2,2,26,21.421224881279574
501230,2,3,26,20.822045774888537
501230,2,4,26,24.479295876893694
501230,2,5,26,24.41749182529953
501230,2,6,26,24.748159065198795
501230,2,7,26,24.83212645329974
501230,2,8,26,23.27778417409242
501230,2,9,26,27.734373549171103
501230,2,10,26,25.77644147603425
501230,2,11,26,26.70476437832041
501230,2,12,26,26.171648378072764
501230,2,13,26,25.391780241777287
501230,2,14,26,25.714700508958824
501230,2,15,26,25.160745437090462
501230,2,16,26,23.75569020318456
501230,2,17,26,28.410201731444744
501230,2,18,26,26.863449593838325
501230,2,19,26,25.965987836684683
501231,1,0,19,25.472137899796575
501231,1,1,19,24.950306230712744
501231,1,2,19,24.320261042689772
501231,1,3,19,26.96061636847153
501231,1,4,19,25.341552764126465
501231,1,5,19,25.83650060144446
501231,1,6,19,25.6147813868301
501231,1,7,19,25.554103759190756
501231,1,8,19,25.350121374437194
501231,1,9,19,23.08245798035622
501231,1,10,19,22.453940915806218
501231,1,11,19,20.54880398301482
501231,1,12,19,18.890588613036336
501231,1,13,19,17.42163594657435
501231,1,14,19,16.276217689777393
501231,1,15,19,15.254340331185633
501231,1,16,19,16.16374603957701
501231,1,17,19,16.127457719001317
501231,1,18,19,14.469510179253392
501231,1,19,19,18.976418035354865
501231,2,0,25,24.742903440656814
501231,2,1,25,23.360823407600794
501231,2,2,25,26.404017028966788
501231,2,3,25,26.095123345457043
501231,2,4,25,23.985600185590336
501231,2,5,25,23.170953010846766
501231,2,6,25,24.664824472614562
501231,2,7,25,23.9764838236092
501231,2,8,25,25.350121374437194
501231,2,9,25,30.57053816384797
501231,2,10,25,33.69586391155677
501231,2,11,25,32.4751891303323
501231,2,12,25,30.76207548896459
501231,2,13,25,29.81533741906028
501231,2,14,25,30.078738170024234
501231,2,15,25,30.003877563615244
501231,2,16,25,29.57428696675649
501231,2,17,25,27.651556578849352
501231,2,18,25,27.024215341265315
501240,1,0,25,26.752551609366243
501240,1,1,25,24.14291735907651
501240,1,2,25,24.403222399886783
501240,1,3,25,23.486948148137763
501240,1,4,25,27.02129537852829
501240,1,5,25,27.13978917415464
501240,1,6,25,26.858637583725216
501240,1,7,25,29.240955932521953
501240,1,8,25,28.70074013748971
501240,1,9,25,28.036770517067403
501240,1,10,25,27.233098182048774
501240,1,11,25,27.27921385984329
501240,1,12,25,27.48272633438472
501240,1,13,25,27.22828634952912
501240,1,14,25,27.875432622192367
501240,1,15,25,27.410959155605966
501240,1,16,25,26.105111665197654
501240,1,17,25,27.2227888403567
501240,1,18,25,26.08580102928362
501240,1,19,25,24.985532661037414
501240,2,0,28,29.15646985930138
501240,2,1,28,28.035544894061687
501240,2,2,28,31.72000787980892
501240,2,3,28,29.883326881934533
501240,2,4,28,27.846919499249395
501240,2,5,28,27.103211693417126
501240,2,6,28,27.456423739771072
501240,2,7,28,26.615281056689756
501240,2,8,28,26.159667123907543
501240,2,9,28,26.197008875443384
501240,2,10,28,31.3815152634542
501240,2,11,28,30.954027188667045
501240,2,12,28,30.76207548896459
501240,2,13,28,29.217120097539947
501240,2,14,28,27.875432622192367
501240,2,15,28,27.410959155605966
501240,2,16,28,28.717724391098585
501240,2,17,28,27.651556578849352
501240,2,18,28,29.804963803590972
501243,1,0,15,24.742903440656814
501243,1,1,15,23.360823407600794
501243,1,2,15,21.83721823967761
501243,1,3,15,21.66116504271487
501243,1,4,15,20.50407625304267
501243,1,5,15,18.706933621537846
501243,1,6,15,18.84428230279886
501243,1,7,15,21.5673308014796
501243,1,8,15,21.093810301034033
501243,1,9,15,19.86793156014888
501243,1,10,15,19.37319992694193
501243,1,11,15,17.781475190197707
501243,1,12,15,15.26905098649
501243,1,13,15,14.146828543536468
501243,1,14,15,13.959685931260788
501243,1,15,15,14.647461531038584
501243,1,16,15,15.046693873152703
501243,1,17,15,14.444149262842197
501243,1,18,15,16.246095545497578
501243,1,19,15,14.995206047462403
501243,2,0,33,29.15646985930138
501243,2,1,33,28.035544894061687
501243,2,2,33,26.404017028966788
501243,2,3,33,26.095123345457043
501243,2,4,33,25.341552764126465
501243,2,5,33,28.92945647520202
501243,2,6,33,28.432854594342842
501243,2,7,33,27.99368195831811
501243,2,8,33,27.885953189866807
501243,2,9,33,28.036770517067403
501243,2,10,33,32.07642983885729
501243,2,11,33,32.4751891303323
501243,2,12,33,34.6270311458627
501243,2,13,33,35.18726780813298
501243,2,14,33,32.63681617439688
501243,2,15,33,32.798596972149795
501243,2,16,33,32.12448502230624
501243,2,17,33,30.357269480702065
501243,2,18,33,34.54980751126704
501250,1,0,33,25.472137899796575
501250,1,1,33,28.936383263684927
501250,1,2,33,28.274122164763565
501250,1,3,33,27.630052510715892
501250,1,4,33,33.253804753132925
501250,1,5,33,38.65717122380908
501250,1,6,33,39.382266999667436
501250,1,7,33,39.12899359063111
501250,1,8,33,40.8674345499148
501250,1,9,33,39.323373252783476
501250,1,10,33,37.54887259158544
501250,1,11,33,36.23105125268429
501250,1,12,33,35.91839848539845
501250,1,13,33,35.015648661118924
501250,1,14,33,34.80733497016366
501250,1,15,33,35.08986231555389
501250,1,16,33,35.60381060314716
501250,1,17,33,33.57289916837815
501250,1,18,33,33.80517171194743
501250,1,19,33,33.092223905179175
501250,2,0,28,29.15646985930138
501250,2,1,28,31.249441490702488
501250,2,2,28,31.72000787980892
501250,2,3,28,29.883326881934533
501250,2,4,28,27.846919499249395
501250,2,5,28,30.569472604540437
501250,2,6,28,29.42374728118146
501250,2,7,28,33.412726903522774
501250,2,8,28,33.186321487652314
501250,2,9,28,32.74660861236468
501250,2,10,28,31.3815152634542
501250,2,11,28,29.594427210976626
501250,2,12,28,28.34069864239359
501250,2,13,28,28.183831907383038
501250,2,14,28,27.875432622192367
501250,2,15,28,28.870797453972806
501250,2,16,28,31.15374144220666
501250,2,17,28,30.357269480702065
501250,2,18,28,29.804963803590972
501254,1,0,13,24.742903440656814
501254,1,1,13,23.360823407600794
501254,1,2,13,21.83721823967761
501254,1,3,13,21.77985718050038
501254,1,4,13,23.695912870275997
501254,1,5,13,23.170953010846766
501254,1,6,13,23.084146004817416
501254,1,7,13,23.568800655949083
501254,1,8,13,23.163667834076374
501254,1,9,13,23.667990754629244
501254,1,10,13,20.34312517064598
501254,1,11,13,19.47009853297404
501254,1,12,13,18.740146252053645
501254,1,13,13,18.602067681229034
501254,1,14,13,18.53230446939363
501254,1,15,13,18.45103349620151
501254,1,16,13,17.114356728168776
501254,1,17,13,15.123665831805853
501254,1,18,13,14.154180168898984
501254,1,19,13,12.880491636347381
501254,2,0,29,25.472137899796575
501254,2,1,29,25.115963693800936
501254,2,2,29,24.320261042689772
501254,2,3,29,23.486948148137763
501254,2,4,29,27.02129537852829
501254,2,5,29,27.13978917415464
501254,2,6,29,25.6147813868301
501254,2,7,29,23.9764838236092
501254,2,8,29,23.163667834076374
501254,2,9,29,27.564592884228688
501254,2,10,29,26.79962845605105
501254,2,11,29,29.594427210976626
501254,2,12,29,29.631980171800283
501254,2,13,29,29.217120097539947
501254,2,14,29,27.590867960126683
501254,2,15,29,26.003843566063743
501254,2,16,29,25.390511190201405
501254,2,17,29,26.94974968236878
501254,2,18,29,30.83420254287502
501256,1,0,20,24.742903440656814
501256,1,1,20,23.360823407600794
501256,1,2,20,23.46225018842174
501256,1,3,20,22.77408682634524
501256,1,4,20,21.71542566734072
501256,1,5,20,21.01327004407686
501256,1,6,20,21.12121111039524
501256,1,7,20,21.09851300490319
501256,1,8,20,21.093810301034033
501256,1,9,20,19.325573721494017
501256,1,10,20,18.840122850649124
501256,1,11,20,18.558745122217516
501256,1,12,20,17.976717101468825
501256,1,13,20,17.42163594657435
501256,1,14,20,17.192363395817065
501256,1,15,20,17.147862900802203
501256,1,16,20,17.21900964265096
501256,1,17,20,18.25814697567422
501256,1,18,20,18.06915038870347
501256,1,19,20,20.13298817253013
501256,2,0,18,24.742903440656814
501256,2,1,18,24.950306230712744
501256,2,2,18,23.46225018842174
501256,2,3,18,20.662271181065137
501256,2,4,18,18.836109926440376
501256,2,5,18,16.880367122473753
501256,2,6,18,15.738707463311497
501256,2,7,18,15.957415931065903
501256,2,8,18,18.21581381833715
501256,2,9,18,17.915551717817248
501256,2,10,18,17.496063889808234
501256,2,11,18,17.781475190197707
501256,2,12,18,15.26905098649
501256,2,13,18,16.512845109761876
501256,2,14,18,21.683994453970755
501256,2,15,18,19.335289174939945
501256,2,16,18,17.791864334024748
501256,2,17,18,20.542995689801845
501256,2,18,18,19.498482022959497
501256,2,19,18,18.119016919534392
501265,1,0,5,24.742903440656814
501265,1,1,5,23.360823407600794
501265,1,2,5,23.46225018842174
501265,1,3,5,22.77408682634524
501265,1,4,5,21.71542566734072
501265,1,5,5,21.01327004407686
501265,1,6,5,21.12121111039524
501265,1,7,5,19.072849759717258
501265,1,8,5,18.21581381833715
501265,1,9,5,17.1129865559547
501265,1,10,5,16.39036182668916
501270,1,0,30,29.15646985930138
501270,1,1,30,28.035544894061687
501270,1,2,30,27.341176370106144
501270,1,3,30,26.095123345457043
501270,1,4,30,23.985600185590336
501270,1,5,30,23.170953010846766
501270,1,6,30,23.084146004817416
501270,1,7,30,23.9764838236092
501270,1,8,30,23.489123883021414
501270,1,9,30,28.036770517067403
501270,1,10,30,27.233098182048774
501270,1,11,30,27.27921385984329
501270,1,12,30,32.44334416926998
501270,1,13,30,32.823453176978944
501270,1,14,30,32.065227255421604
501270,1,15,30,31.526671719439058
501270,1,16,30,31.15374144220666
501270,1,17,30,31.467288711491392
501270,1,18,30,29.804963803590972
501270,1,19,30,30.115648445725018
501270,2,0,17,24.742903440656814
501270,2,1,17,23.360823407600794
501270,2,2,17,23.46225018842174
501270,2,3,17,26.095123345457043
501270,2,4,17,23.985600185590336
501270,2,5,17,27.103211693417126
501270,2,6,17,27.456423739771072
501270,2,7,17,24.719025197379427
501270,2,8,17,24.72887901494665
501270,2,9,17,24.09084063078982
501270,2,10,17,20.678638612091145
501270,2,11,17,20.473498424116695
501270,2,12,17,19.77595453915131
501270,2,13,17,20.46800237946185
501270,2,14,17,22.251231539078784
501270,2,15,17,22.136703622221617
501270,2,16,17,20.177932285425886
501270,2,17,17,19.682585611008218
501270,2,18,17,18.654137873601336
501270,2,19,17,16.963006524054432
548310,1,0,26,25.472137899796575
548310,1,1,26,24.950306230712744
548310,1,2,26,27.341176370106144
548310,1,3,26,23.702227394177527
548310,1,4,26,23.858269877491555
548310,1,5,26,20.372416165807486
548310,1,6,26,20.53223396206124
548310,1,7,26,22.278320393409505
548310,1,8,26,22.125831783287296
548310,1,9,26,23.48525928434863
548310,1,10,26,21.45071824699171
548310,1,11,26,22.04209722977367
548310,1,12,26,25.595538921749228
548310,1,13,26,27.380894717381803
548310,1,14,26,25.857243368398464
548310,1,15,26,25.20261930176652
548310,1,16,26,28.322838126888445
548310,1,17,26,28.40047067700664
548310,1,18,26,27.894561060414162
548310,1,19,26,26.031306910873116
548310,2,0,11,25.472137899796575
548310,2,1,11,24.950306230712744
548310,2,2,11,24.320261042689772
548310,2,3,11,22.77408682634524
548310,2,4,11,21.71542566734072
548310,2,5,11,21.143430784502225
548310,2,6,11,20.142111267480093
548310,2,7,11,19.072849759717258
548310,2,8,11,19.145014585174525
548310,2,9,11,18.316356006256232
548310,2,10,11,18.357073480172467
548310,2,11,11,16.85698356642975
548310,2,12,11,15.76122090955667
548310,2,13,11,15.646827669060503
548310,2,14,11,13.709911915655912
548310,2,15,11,13.303152945351977
548310,2,16,11,13.032947211226972
548310,2,17,11,12.814874633234252
548310,2,18,11,10.96890694639005
548310,2,19,11,10.481387815532377
548311,1,0,37,24.742903440656814
548311,1,1,37,23.360823407600794
548311,1,2,37,23.46225018842174
548311,1,3,37,22.77408682634524
548311,1,4,37,27.846919499249395
548311,1,5,37,27.103211693417126
548311,1,6,37,27.456423739771072
548311,1,7,37,26.615281056689756
548311,1,8,37,28.70074013748971
548311,1,9,37,27.564592884228688
548311,1,10,37,27.233098182048774
548311,1,11,37,27.27921385984329
548311,1,12,37,26.22384959135618
548311,1,13,37,31.739334460244724
548311,1,14,37,31.481842177017896
548311,1,15,37,33.529958004549165
548311,1,16,37,33.114423677515994
548311,1,17,37,33.10738115938722
548311,1,18,37,32.77255397105937
548311,1,19,37,37.308675294541494
548311,2,0,16,24.742903440656814
548311,2,1,16,24.950306230712744
548311,2,2,16,24.320261042689772
548311,2,3,16,20.822045774888537
548311,2,4,16,22.87492845105895
548311,2,5,16,22.519580796635488
548311,2,6,16,22.530694318573886
548311,2,7,16,22.61948136160815
548311,2,8,16,23.002360659815018
548311,2,9,16,22.281335045718894
548311,2,10,16,22.453940915806218
548311,2,11,16,21.80950386854146
548311,2,12,16,21.90483740959712
548311,2,13,16,21.696603621399905
548311,2,14,16,22.153224397866857
548311,2,15,16,21.833330759330096
548311,2,16,16,19.772372130386472
548311,2,17,16,18.230923152558624
548320,1,0,15,24.742903440656814
548320,1,1,15,24.950306230712744
548320,1,2,15,23.46225018842174
548320,1,3,15,22.77408682634524
548320,1,4,15,21.71542566734072
548320,1,5,15,22.090033533700577
548320,1,6,15,21.533589115534873
548320,1,7,15,21.09851300490319
548320,1,8,15,21.093810301034033
548320,1,9,15,20.717752670994727
548320,1,10,15,19.37319992694193
548320,1,11,15,18.786074680546275
548320,1,12,15,18.57622389446276
548320,1,13,15,17.808220570758596
548320,1,14,15,17.47681727367067
548320,1,15,15,16.626179912568677
548320,1,16,15,17.114356728168776
548320,1,17,15,15.123665831805853
548320,1,18,15,16.209905015268752
548320,1,19,15,15.334999074525635
548320,2,0,27,29.15646985930138
548320,2,1,27,28.035544894061687
548320,2,2,27,26.404017028966788
548320,2,3,27,23.729051696492967
548320,2,4,27,22.87492845105895
548320,2,5,27,21.872810395839426
548320,2,6,27,21.567068813712478
548320,2,7,27,24.83212645329974
548320,2,8,27,24.72887901494665
548320,2,9,27,24.09084063078982
548320,2,10,27,22.754989733137677
548320,2,11,27,22.82360044427452
548320,2,12,27,22.297981897652733
548320,2,13,27,22.63280396456082
548320,2,14,27,22.153224397866857
548320,2,15,27,21.833330759330096
548320,2,16,27,20.69487528268247
548320,2,17,27,20.36948358025645
548320,2,18,27,22.58972632146498
548320,2,19,27,26.874511746373564
548327,1,0,34,25.472137899796575
548327,1,1,34,25.115963693800936
548327,1,2,34,24.320261042689772
548327,1,3,34,22.77408682634524
548327,1,4,34,21.91084879901094
548327,1,5,34,25.83650060144446
548327,1,6,34,23.562541030341645
548327,1,7,34,23.591464368401194
548327,1,8,34,23.27778417409242
548327,1,9,34,23.08245798035622
548327,1,10,34,22.453940915806218
548327,1,11,34,24.712824988945453
548327,1,12,34,21.987134702629195
548327,1,13,34,28.890015609877402
548327,1,14,34,28.73113125336412
548327,1,15,34,29.488301670253648
548327,1,16,34,29.219212237119333
548327,1,17,34,27.40096651936777
548327,1,18,34,31.80897953536773
548327,1,19,34,33.89419742181587
548327,2,0,37,25.472137899796575
548327,2,1,37,24.950306230712744
548327,2,2,37,29.723094033259347
548327,2,3,37,35.386576129854255
548327,2,4,37,33.253804753132925
548327,2,5,37,29.563636255606873
548327,2,6,37,30.950654539766163
548327,2,7,37,28.688486240745565
548327,2,8,37,28.5577409303881
548327,2,9,37,27.227493359625523
548327,2,10,37,25.77644147603425
548327,2,11,37,30.75765471140531
548327,2,12,37,35.238826987977454
548327,2,13,37,34.242947385550046
548327,2,14,37,34.348067685611475
548327,2,15,37,34.030238153565776
548327,2,16,37,33.9309565960577
548327,2,17,37,32.92354382325747
548327,2,18,37,32.658573343728015
548327,2,19,37,37.281592922705826
548334,1,0,23,24.742903440656814
548334,1,1,23,24.950306230712744
548334,1,2,23,24.403222399886783
548334,1,3,23,24.65607675815567
548334,1,4,23,23.695912870275997
548334,1,5,23,22.090033533700577
548334,1,6,23,21.12121111039524
548334,1,7,23,21.09851300490319
548334,1,8,23,21.093810301034033
548334,1,9,23,20.717752670994727
548334,1,10,23,20.34312517064598
548334,1,11,23,24.860756406873477
548334,1,12,23,24.13986369182852
548334,1,13,23,22.780309599141333
548334,1,14,23,23.67811611685336
548334,1,15,23,22.129072797710254
548334,1,16,23,21.966935971495587
548334,1,17,23,24.174713686339388
548334,1,18,23,23.579106211753768
548334,1,19,23,23.10075869271065
548334,2,0,30,24.742903440656814
548334,2,1,30,28.035544894061687
548334,2,2,30,26.404017028966788
548334,2,3,30,26.095123345457043
548334,2,4,30,25.341552764126465
548334,2,5,30,25.83650060144446
548334,2,6,30,25.6147813868301
548334,2,7,30,23.9764838236092
548334,2,8,30,23.002360659815018
548334,2,9,30,24.942506788902318
548334,2,10,30,25.108676871908894
548334,2,11,30,24.712824988945453
548334,2,12,30,25.712044790933454
548334,2,13,30,25.391780241777287
548334,2,14,30,31.175082636707337
548334,2,15,30,29.449608769194565
548334,2,16,30,31.632742145195248
548334,2,17,30,29.90675715803814
548334,2,18,30,29.660584989097327
548334,2,19,30,30.13784510471748
548337,1,0,25,24.742903440656814
548337,1,1,25,24.950306230712744
548337,1,2,25,23.46225018842174
548337,1,3,25,21.77985718050038
548337,1,4,25,21.71542566734072
548337,1,5,25,21.01327004407686
548337,1,6,25,21.12121111039524
548337,1,7,25,21.09851300490319
548337,1,8,25,21.093810301034033
548337,1,9,25,19.86793156014888
548337,1,10,25,19.37319992694193
548337,1,11,25,18.786074680546275
548337,1,12,25,18.740146252053645
548337,1,13,25,22.196496790765977
548337,1,14,25,26.91021626773807
548337,1,15,25,26.490042822432816
548337,1,16,25,25.140941810964772
548337,1,17,25,24.174713686339388
548337,1,18,25,25.253670616162832
548337,1,19,25,24.985532661037414
548337,2,0,32,25.472137899796575
548337,2,1,32,25.115963693800936
548337,2,2,32,24.320261042689772
548337,2,3,32,26.96061636847153
548337,2,4,32,25.341552764126465
548337,2,5,32,30.569472604540437
548337,2,6,32,32.50650783260322
548337,2,7,32,34.69217486174198
548337,2,8,32,33.186321487652314
548337,2,9,32,32.74660861236468
548337,2,10,32,37.504592266930125
548337,2,11,32,36.2593706859917
548337,2,12,32,36.74653534007719
548337,2,13,32,35.10481707958828
548337,2,14,32,34.42943586403333
548337,2,15,32,39.88450548503099
548348,1,0,30,25.472137899796575
548348,1,1,30,24.950306230712744
548348,1,2,30,24.320261042689772
548348,1,3,30,22.77408682634524
548348,1,4,30,23.695912870275997
548348,1,5,30,27.13978917415464
548348,1,6,30,25.6147813868301
548348,1,7,30,27.99368195831811
548348,1,8,30,27.885953189866807
548348,1,9,30,27.564592884228688
548348,1,10,30,27.233098182048774
548348,1,11,30,29.130330315762617
548348,1,12,30,32.33819898927599
548348,1,13,30,31.739334460244724
548348,1,14,30,31.481842177017896
548348,1,15,30,30.344310792079913
548348,1,16,30,29.57428696675649
548348,1,17,30,31.467288711491392
548348,1,18,30,29.660584989097327
548348,1,19,30,30.13784510471748
548348,2,0,27,24.742903440656814
548348,2,1,27,25.115963693800936
548348,2,2,27,24.320261042689772
548348,2,3,27,22.77408682634524
548348,2,4,27,21.91084879901094
548348,2,5,27,25.83650060144446
548348,2,6,27,25.6147813868301
548348,2,7,27,25.554103759190756
548348,2,8,27,30.20533083481143
548348,2,9,27,28.036770517067403
548348,2,10,27,27.233098182048774
548348,2,11,27,27.27921385984329
548348,2,12,27,26.22384959135618
548348,2,13,27,24.80330484327676
548348,2,14,27,26.30937097167257
548348,2,15,27,26.04902045519517
548348,2,16,27,25.140941810964772
548348,2,17,27,23.7662909894073
548348,2,18,27,28.04607357540175
548348,2,19,27,26.96666318972173
548353,1,0,25,25.472137899796575
548353,1,1,25,24.14291735907651
548353,1,2,25,26.404017028966788
548353,1,3,25,24.65607675815567
548353,1,4,25,23.985600185590336
548353,1,5,25,27.103211693417126
548353,1,6,25,30.0386550736029
548353,1,7,25,29.996034311037644
548353,1,8,25,30.20533083481143
548353,1,9,25,30.57053816384797
548353,1,10,25,31.3815152634542
548353,1,11,25,30.954027188667045
548353,1,12,25,29.631980171800283
548353,1,13,25,28.183831907383038
548353,1,14,25,27.875432622192367
548353,1,15,25,27.410959155605966
548353,1,16,25,27.591874672837317
548353,1,17,25,27.651556578849352
548353,1,18,25,25.774648090156983
548353,1,19,25,24.93271251577565
548353,2,0,11,25.472137899796575
548353,2,1,11,24.950306230712744
548353,2,2,11,24.320261042689772
548353,2,3,11,22.77408682634524
548353,2,4,11,21.91084879901094
548353,2,5,11,22.090033533700577
548353,2,6,11,21.12121111039524
548353,2,7,11,21.09851300490319
548353,2,8,11,19.27493796881548
548353,2,9,11,19.86793156014888
548353,2,10,11,19.37319992694193
548353,2,11,11,18.786074680546275
548353,2,12,11,18.57622389446276
548353,2,13,11,17.808220570758596
548353,2,14,11,16.501310742416997
548353,2,15,11,14.464372332886013
548353,2,16,11,15.14962666831562
548353,2,17,11,14.351014235395187
548353,2,18,11,13.168966646121518
548353,2,19,11,11.034967474037774
548355,1,0,27,25.472137899796575
548355,1,1,27,28.035544894061687
548355,1,2,27,26.404017028966788
548355,1,3,27,26.095123345457043
548355,1,4,27,23.985600185590336
548355,1,5,27,23.653681381451143
548355,1,6,27,24.664824472614562
548355,1,7,27,23.9764838236092
548355,1,8,27,23.163667834076374
548355,1,9,27,23.667990754629244
548355,1,10,27,27.233098182048774
548355,1,11,27,27.27921385984329
548355,1,12,27,30.76207548896459
548355,1,13,27,29.81533741906028
548355,1,14,27,31.481842177017896
548355,1,15,27,30.344310792079913
548355,1,16,27,30.07993333923848
548355,1,17,27,30.357269480702065
548355,1,18,27,29.07609585490637
548355,1,19,27,26.907917351821713
548355,2,0,31,24.742903440656814
548355,2,1,31,24.950306230712744
548355,2,2,31,24.403222399886783
548355,2,3,31,23.486948148137763
548355,2,4,31,28.94336605969596
548355,2,5,31,31.188723014008126
548355,2,6,31,30.0386550736029
548355,2,7,31,29.996034311037644
548355,2,8,31,28.70074013748971
548355,2,9,31,28.036770517067403
548355,2,10,31,32.07642983885729
548355,2,11,31,32.4751891303323
548355,2,12,31,30.76207548896459
548355,2,13,31,29.81533741906028
548355,2,14,31,32.63681617439688
548355,2,15,31,33.529958004549165
548355,2,16,31,31.632742145195248
548355,2,17,31,29.905803991434766
548355,2,18,31,28.494736893756524
548355,2,19,31,30.577969066456642
548357,1,0,17,24.742903440656814
548357,1,1,17,24.950306230712744
548357,1,2,17,27.341176370106144
548357,1,3,17,26.095123345457043
548357,1,4,17,25.341552764126465
548357,1,5,17,23.653681381451143
548357,1,6,17,27.456423739771072
548357,1,7,17,26.615281056689756
548357,1,8,17,25.350121374437194
548357,1,9,17,23.55667332784838
548357,1,10,17,23.790597345899716
548357,1,11,17,23.197573736455375
548357,1,12,17,21.127344070312464
548357,1,13,17,20.800277136403704
548357,1,14,17,21.882852485125625
548357,1,15,17,22.129072797710254
548357,1,16,17,20.69487528268247
548357,1,17,17,19.755442037679497
548357,1,18,17,19.222069460496442
548357,1,19,17,16.963006524054432
548357,2,0,30,24.742903440656814
548357,2,1,30,25.115963693800936
548357,2,2,30,24.320261042689772
548357,2,3,30,29.883326881934533
548357,2,4,30,30.014185897749343
548357,2,5,30,28.92945647520202
548357,2,6,30,26.122592976274504
548357,2,7,30,24.719025197379427
548357,2,8,30,25.05881790766175
548357,2,9,30,24.942506788902318
548357,2,10,30,25.108676871908894
548357,2,11,30,28.171476614817855
548357,2,12,30,31.843701560030336
548357,2,13,30,29.630699577115674
548357,2,14,30,29.072217927230085
548357,2,15,30,30.192260753421674
548357,2,16,30,32.69290881118519
548357,2,17,30,32.64503745740455
548357,2,18,30,31.870434854191554
548363,1,0,34,25.472137899796575
548363,1,1,34,28.936383263684927
548363,1,2,34,27.341176370106144
548363,1,3,34,26.095123345457043
548363,1,4,34,31.457532419316724
548363,1,5,34,33.416008762678715
548363,1,6,34,32.50650783260322
548363,1,7,34,34.69217486174198
548363,1,8,34,34.46988214918759
548363,1,9,34,32.74660861236468
548363,1,10,34,32.07642983885729
548363,1,11,34,32.4751891303323
548363,1,12,34,32.44334416926998
548363,1,13,34,33.81970591673071
548363,1,14,34,32.63681617439688
548363,1,15,34,31.526671719439058
548363,1,16,34,31.15374144220666
548363,1,17,34,35.701780935760446
548363,1,18,34,34.54980751126704
548363,1,19,34,33.95157512471508
548363,2,0,34,25.472137899796575
548363,2,1,34,24.950306230712744
548363,2,2,34,23.46225018842174
548363,2,3,34,22.77408682634524
548363,2,4,34,21.71542566734072
548363,2,5,34,23.653681381451143
548363,2,6,34,29.42374728118146
548363,2,7,34,29.240955932521953
548363,2,8,34,27.885953189866807
548363,2,9,34,27.564592884228688
548363,2,10,34,27.233098182048774
548363,2,11,34,27.27921385984329
548363,2,12,34,27.48272633438472
548363,2,13,34,27.22828634952912
548363,2,14,34,26.30937097167257
548363,2,15,34,28.870797453972806
548363,2,16,34,28.717724391098585
548363,2,17,34,33.10738115938722
548363,2,18,34,31.923923715113133
548363,2,19,34,33.95157512471508
548375,1,0,29,29.15646985930138
548375,1,1,29,28.936383263684927
548375,1,2,29,28.274122164763565
548375,1,3,29,27.630052510715892
548375,1,4,29,27.02129537852829
548375,1,5,29,27.13978917415464
548375,1,6,29,25.6147813868301
548375,1,7,29,25.554103759190756
548375,1,8,29,23.489123883021414
548375,1,9,29,23.667990754629244
548375,1,10,29,23.790597345899716
548375,1,11,29,25.375848944973377
548375,1,12,29,30.76207548896459
548375,1,13,29,33.81970591673071
548375,1,14,29,32.065227255421604
548375,1,15,29,31.526671719439058
548375,1,16,29,32.12448502230624
548375,1,17,29,30.357269480702065
548375,1,18,29,29.253907090017748
548375,1,19,29,29.285275776217613
548375,2,0,13,23.585344252402724
548375,2,1,13,25.115963693800936
548375,2,2,13,24.320261042689772
548375,2,3,13,23.486948148137763
548375,2,4,13,23.695912870275997
548375,2,5,13,22.090033533700577
548375,2,6,13,21.533589115534873
548375,2,7,13,21.09851300490319
548375,2,8,13,19.27493796881548
548375,2,9,13,19.86793156014888
548375,2,10,13,19.37319992694193
548375,2,11,13,18.786074680546275
548375,2,12,13,18.740146252053645
548375,2,13,13,17.808220570758596
548375,2,14,13,17.47681727367067
548375,2,15,13,16.626179912568677
548375,2,16,13,15.046693873152703
548375,2,17,13,13.5205255604658
548375,2,18,13,13.211723219874798
548375,2,19,13,12.880491636347381
548377,1,0,32,29.15646985930138
548377,1,1,32,28.035544894061687
548377,1,2,32,26.404017028966788
548377,1,3,32,29.883326881934533
548377,1,4,32,30.014185897749343
548377,1,5,32,28.92945647520202
548377,1,6,32,28.432854594342842
548377,1,7,32,27.99368195831811
548377,1,8,32,27.885953189866807
548377,1,9,32,31.690129569759485
548377,1,10,32,31.3815152634542
548377,1,11,32,30.954027188667045
548377,1,12,32,30.76207548896459
548377,1,13,32,29.157980956864066
548377,1,14,32,27.590867960126683
548377,1,15,32,32.06822962495638
548377,1,16,32,31.632742145195248
548377,1,17,32,31.05271941466337
548377,1,18,32,31.870434854191554
548377,1,19,32,32.041293888175936
548377,2,0,27,25.472137899796575
548377,2,1,27,24.950306230712744
548377,2,2,27,23.46225018842174
548377,2,3,27,26.095123345457043
548377,2,4,27,28.94336605969596
548377,2,5,27,27.103211693417126
548377,2,6,27,27.456423739771072
548377,2,7,27,29.240955932521953
548377,2,8,27,27.885953189866807
548377,2,9,27,27.05601379396031
548377,2,10,27,26.79962845605105
548377,2,11,27,26.747809075969354
548377,2,12,27,29.631980171800283
548377,2,13,27,29.217120097539947
548377,2,14,27,28.835323789714877
548377,2,15,27,27.410959155605966
548377,2,16,27,30.07993333923848
548377,2,17,27,29.970253750565234
548377,2,18,27,29.253907090017748
598006,1,0,44,20.8219494260387
598006,1,1,44,21.142380827709278
598006,1,2,44,23.645959086386178
598006,1,3,44,25.55220396627169
598006,1,4,44,24.479295876893694
598006,1,5,44,27.377955113810664
598006,1,6,44,30.363461203092594
598006,1,7,44,33.13663110143428
598006,1,8,44,32.81786154294085
598006,1,9,44,32.098892851039
598006,1,10,44,33.80745772793484
598006,1,11,44,36.99660631842851
598006,1,12,44,35.91839848539845
598006,1,13,44,39.91873494415863
598006,1,14,44,42.28913493724566
598006,1,15,44,41.31881413321612
598006,1,16,44,41.15700393823446
598006,1,17,44,40.71825970675563
598006,1,18,44,40.081318477012374
598006,1,19,44,43.99363615921027
598006,2,0,34,25.472137899796575
598006,2,1,34,28.936383263684927
598006,2,2,34,27.341176370106144
598006,2,3,34,33.32499639724247
598006,2,4,34,31.457532419316724
598006,2,5,34,30.569472604540437
598006,2,6,34,30.0386550736029
598006,2,7,34,29.240955932521953
598006,2,8,34,28.70074013748971
598006,2,9,34,32.74660861236468
598006,2,10,34,31.3815152634542
598006,2,11,34,30.954027188667045
598006,2,12,34,30.76207548896459
598006,2,13,34,29.81533741906028
598006,2,14,34,30.078738170024234
598006,2,15,34,32.798596972149795
598006,2,16,34,32.12448502230624
598006,2,17,34,30.357269480702065
598006,2,18,34,29.804963803590972
598006,2,19,34,33.95157512471508
598013,1,0,30,25.472137899796575
598013,1,1,30,28.936383263684927
598013,1,2,30,28.274122164763565
598013,1,3,30,26.96061636847153
598013,1,4,30,27.02129537852829
598013,1,5,30,25.83650060144446
598013,1,6,30,24.664824472614562
598013,1,7,30,23.9764838236092
598013,1,8,30,27.386374793210667
598013,1,9,30,26.197008875443384
598013,1,10,30,26.081249719974664
598013,1,11,30,24.860756406873477
598013,1,12,30,27.48272633438472
598013,1,13,30,26.328174865483547
598013,1,14,30,28.835323789714877
598013,1,15,30,28.870797453972806
598013,1,16,30,31.15374144220666
598013,1,17,30,30.357269480702065
598013,1,18,30,30.987444690585555
598013,1,19,30,30.13784510471748
598013,2,0,20,29.15646985930138
598013,2,1,20,28.035544894061687
598013,2,2,20,31.72000787980892
598013,2,3,20,30.051403768946553
598013,2,4,20,30.014185897749343
598013,2,5,20,29.278130812174147
598013,2,6,20,28.432854594342842
598013,2,7,20,27.99368195831811
598013,2,8,20,26.233709789650536
598013,2,9,20,25.50549460070744
598013,2,10,20,26.057807751248582
598013,2,11,20,26.70476437832041
598013,2,12,20,26.171648378072764
598013,2,13,20,25.391780241777287
598013,2,14,20,25.714700508958824
598013,2,15,20,25.160745437090462
598013,2,16,20,24.072871574715183
598013,2,17,20,21.597578383731644
598013,2,18,20,21.31422405103138
598013,2,19,20,19.883056797534763
598019,1,0,33,24.742903440656814
598019,1,1,33,28.035544894061687
598019,1,2,33,28.274122164763565
598019,1,3,33,26.96061636847153
598019,1,4,33,31.584585982313616
598019,1,5,33,30.569472604540437
598019,1,6,33,30.0386550736029
598019,1,7,33,31.5399753424018
598019,1,8,33,30.20533083481143
598019,1,9,33,33.263937306296945
598019,1,10,33,32.07642983885729
598019,1,11,33,30.954027188667045
598019,1,12,33,30.76207548896459
598019,1,13,33,29.81533741906028
598019,1,14,33,31.481842177017896
598019,1,15,33,30.344310792079913
598019,1,16,33,30.07993333923848
598019,1,17,33,33.10738115938722
598019,1,18,33,30.987444690585555
598019,1,19,33,33.19735239523042
598019,2,0,16,24.742903440656814
598019,2,1,16,23.360823407600794
598019,2,2,16,21.83721823967761
598019,2,3,16,21.77985718050038
598019,2,4,16,20.50407625304267
598019,2,5,16,18.706933621537846
598019,2,6,16,18.77428115511848
598019,2,7,16,21.09851300490319
598019,2,8,16,21.093810301034033
598019,2,9,16,20.717752670994727
598019,2,10,16,23.41648402510598
598019,2,11,16,23.559499035757746
598019,2,12,16,23.146518101522883
598019,2,13,16,22.196496790765977
598019,2,14,16,21.882852485125625
598019,2,15,16,21.466241361954637
598019,2,16,16,20.000626720206743
598019,2,17,16,19.677945458958668
598019,2,18,16,18.06915038870347
598021,1,0,15,24.742903440656814
598021,1,1,15,25.115963693800936
598021,1,2,15,24.403222399886783
598021,1,3,15,23.486948148137763
598021,1,4,15,21.91084879901094
598021,1,5,15,22.090033533700577
598021,1,6,15,25.6147813868301
598021,1,7,15,25.554103759190756
598021,1,8,15,23.27778417409242
598021,1,9,15,22.281335045718894
598021,1,10,15,22.453940915806218
598021,1,11,15,20.54880398301482
598021,1,12,15,21.90483740959712
598021,1,13,15,19.920728317342192
598021,1,14,15,20.1156368251041
598021,1,15,15,18.51215918914052
598021,1,16,15,17.21900964265096
598021,1,17,15,16.09056971538134
598021,1,18,15,14.58288925836769
598021,1,19,15,15.05051533054157
598021,2,0,19,24.742903440656814
598021,2,1,19,28.035544894061687
598021,2,2,19,26.404017028966788
598021,2,3,19,24.65607675815567
598021,2,4,19,23.695912870275997
598021,2,5,19,23.170953010846766
598021,2,6,19,23.084146004817416
598021,2,7,19,21.5673308014796
598021,2,8,19,21.093810301034033
598021,2,9,19,19.86793156014888
598021,2,10,19,19.37319992694193
598021,2,11,19,18.68926781535919
598021,2,12,19,16.817238719312304
598021,2,13,19,17.582351297268012
598021,2,14,19,16.501310742416997
598021,2,15,19,19.085296489604577
598021,2,16,19,17.890920738405526
598021,2,17,19,16.556430465355405
598021,2,18,19,20.861257660337174
598054,1,0,26,24.742903440656814
598054,1,1,26,22.279717160248122
598054,1,2,26,19.91163411093589
598054,1,3,26,23.729051696492967
598054,1,4,26,20.778436999639982
598054,1,5,26,24.115825437397046
598054,1,6,26,22.806181300915675
598054,1,7,26,22.508990161248114
598054,1,8,26,22.303183706884624
598054,1,9,26,21.513918734164346
598054,1,10,26,20.678638612091145
598054,1,11,26,20.26066640678736
598054,1,12,26,21.987134702629195
598054,1,13,26,22.02208160121046
598054,1,14,26,22.251231539078784
598054,1,15,26,22.136703622221617
598054,1,16,26,22.13661929041854
598054,1,17,26,27.40096651936777
598054,1,18,26,26.840895942275242
598054,1,19,26,26.031306910873116
598054,2,0,32,24.742903440656814
598054,2,1,32,23.360823407600794
598054,2,2,32,23.46225018842174
598054,2,3,32,22.77408682634524
598054,2,4,32,25.341552764126465
598054,2,5,32,23.653681381451143
598054,2,6,32,24.664824472614562
598054,2,7,32,23.9764838236092
598054,2,8,32,25.350121374437194
598054,2,9,32,26.197008875443384
598054,2,10,32,26.081249719974664
598054,2,11,32,26.747809075969354
598054,2,12,32,25.50446264597371
598054,2,13,32,24.80330484327676
598054,2,14,32,25.215725962974123
598054,2,15,32,24.835938399926725
598054,2,16,32,24.383101320526258
598054,2,17,32,25.43244987411615
598054,2,18,32,29.804963803590972
598054,2,19,32,32.047114957195184
598055,1,0,13,24.742903440656814
598055,1,1,13,28.035544894061687
598055,1,2,13,27.341176370106144
598055,1,3,13,26.095123345457043
598055,1,4,13,23.985600185590336
598055,1,5,13,23.653681381451143
598055,1,6,13,24.664824472614562
598055,1,7,13,23.9764838236092
598055,1,8,13,23.163667834076374
598055,1,9,13,20.997447982593517
598055,1,10,13,20.045097175075856
598055,1,11,13,18.786074680546275
598055,1,12,13,17.743370991161022
598055,1,13,13,16.512845109761876
598055,1,14,13,16.129169063633803
598055,1,15,13,15.254340331185633
598055,1,16,13,15.046693873152703
598055,1,17,13,14.444149262842197
598055,1,18,13,14.469510179253392
598055,1,19,13,13.145315972130302
598055,2,0,20,25.472137899796575
598055,2,1,20,24.950306230712744
598055,2,2,20,27.341176370106144
598055,2,3,20,30.051403768946553
598055,2,4,20,28.94336605969596
598055,2,5,20,27.103211693417126
598055,2,6,20,26.858637583725216
598055,2,7,20,25.554103759190756
598055,2,8,20,25.350121374437194
598055,2,9,20,23.55667332784838
598055,2,10,20,23.790597345899716
598055,2,11,20,23.197573736455375
598055,2,12,20,22.402910172004148
598055,2,13,20,22.196496790765977
598055,2,14,20,21.882852485125625
598055,2,15,20,20.293256774141366
598055,2,16,20,19.92422317875714
598055,2,17,20,19.755442037679497
598055,2,18,20,21.537654652524832
598060,1,0,36,29.15646985930138
598060,1,1,36,28.035544894061687
598060,1,2,36,26.404017028966788
598060,1,3,36,26.095123345457043
598060,1,4,36,28.94336605969596
598060,1,5,36,28.92945647520202
598060,1,6,36,28.432854594342842
598060,1,7,36,27.43116190788029
598060,1,8,36,26.159667123907543
598060,1,9,36,26.197008875443384
598060,1,10,36,29.57848329260944
598060,1,11,36,29.130330315762617
598060,1,12,36,27.48272633438472
598060,1,13,36,27.22828634952912
598060,1,14,36,30.078738170024234
598060,1,15,36,30.003877563615244
598060,1,16,36,29.57428696675649
598060,1,17,36,33.225213392719745
598060,1,18,36,31.923923715113133
598060,1,19,36,36.01965845680946
598060,2,0,32,25.472137899796575
598060,2,1,32,24.950306230712744
598060,2,2,32,23.46225018842174
598060,2,3,32,26.095123345457043
598060,2,4,32,25.341552764126465
598060,2,5,32,25.83650060144446
598060,2,6,32,25.6147813868301
598060,2,7,32,27.99368195831811
598060,2,8,32,27.885953189866807
598060,2,9,32,27.564592884228688
598060,2,10,32,27.233098182048774
598060,2,11,32,25.774626565217428
598060,2,12,32,25.712044790933454
598060,2,13,32,24.516468349412538
598060,2,14,32,24.26431830566878
598060,2,15,32,25.160745437090462
598060,2,16,32,29.580267732690245
598060,2,17,32,29.379177411408534
598060,2,18,32,27.918083963302852
598060,2,19,32,32.041293888175936
598061,1,0,34,24.742903440656814
598061,1,1,34,24.950306230712744
598061,1,2,34,29.723094033259347
598061,1,3,34,29.883326881934533
598061,1,4,34,31.584585982313616
598061,1,5,34,31.188723014008126
598061,1,6,34,31.789149689606845
598061,1,7,34,33.412726903522774
598061,1,8,34,33.186321487652314
598061,1,9,34,39.08772623268318
598061,1,10,34,37.504592266930125
598061,1,11,34,37.63236483977145
598061,1,12,34,34.6270311458627
598061,1,13,34,33.81970591673071
598061,1,14,34,32.63681617439688
598061,1,15,34,31.526671719439058
598061,1,16,34,31.15374144220666
598061,1,17,34,35.701780935760446
598061,1,18,34,35.535497544457954
598061,1,19,34,33.88206429803672
598061,2,0,24,24.742903440656814
598061,2,1,24,24.950306230712744
598061,2,2,24,24.320261042689772
598061,2,3,24,20.822045774888537
598061,2,4,24,20.059613160314832
598061,2,5,24,20.840573216202493
598061,2,6,24,19.749144734508697
598061,2,7,24,19.904497534883994
598061,2,8,24,23.002360659815018
598061,2,9,24,20.78296815209916
598061,2,10,24,20.03482236278363
598061,2,11,24,24.712824988945453
598061,2,12,24,24.650232675828452
598061,2,13,24,23.75949323345075
598061,2,14,24,26.587042677245552
598061,2,15,24,25.160745437090462
598061,2,16,24,24.386918893002797
598061,2,17,24,23.84888873885836
598061,2,18,24,23.472208020685635
598061,2,19,24,24.06966975491677
598063,1,0,33,24.742903440656814
598063,1,1,33,24.950306230712744
598063,1,2,33,23.46225018842174
598063,1,3,33,21.77985718050038
598063,1,4,33,20.50407625304267
598063,1,5,33,25.83650060144446
598063,1,6,33,28.432854594342842
598063,1,7,33,27.99368195831811
598063,1,8,33,27.386374793210667
598063,1,9,33,26.197008875443384
598063,1,10,33,26.081249719974664
598063,1,11,33,29.130330315762617
598063,1,12,33,27.48272633438472
598063,1,13,33,27.22828634952912
598063,1,14,33,26.91021626773807
598063,1,15,33,26.490042822432816
598063,1,16,33,27.591874672837317
598063,1,17,33,29.970253750565234
598063,1,18,33,33.95725279525128
598063,1,19,33,33.092223905179175
598063,2,0,27,24.742903440656814
598063,2,1,27,24.950306230712744
598063,2,2,27,24.320261042689772
598063,2,3,27,22.77408682634524
598063,2,4,27,21.91084879901094
598063,2,5,27,22.090033533700577
598063,2,6,27,21.12121111039524
598063,2,7,27,26.615281056689756
598063,2,8,27,26.159667123907543
598063,2,9,27,26.197008875443384
598063,2,10,27,29.57848329260944
598063,2,11,27,29.130330315762617
598063,2,12,27,32.33819898927599
598063,2,13,27,35.18726780813298
598063,2,14,27,34.42943586403333
598063,2,15,27,32.798596972149795
598063,2,16,27,31.15374144220666
598063,2,17,27,29.970253750565234
598063,2,18,27,29.253907090017748
598063,2,19,27,26.96666318972173
598067,1,0,24,29.15646985930138
598067,1,1,24,28.035544894061687
598067,1,2,24,26.404017028966788
598067,1,3,24,26.095123345457043
598067,1,4,24,25.341552764126465
598067,1,5,24,23.653681381451143
598067,1,6,24,24.664824472614562
598067,1,7,24,23.9764838236092
598067,1,8,24,23.163667834076374
598067,1,9,24,20.997447982593517
598067,1,10,24,24.94480965669432
598067,1,11,24,22.82360044427452
598067,1,12,24,21.90483740959712
598067,1,13,24,19.920728317342192
598067,1,14,24,20.1156368251041
598067,1,15,24,20.293256774141366
598067,1,16,24,19.92422317875714
598067,1,17,24,21.829994026549425
598067,1,18,24,21.537654652524832
598067,1,19,24,24.06966975491677
598067,2,0,12,24.742903440656814
598067,2,1,12,23.360823407600794
598067,2,2,12,21.83721823967761
598067,2,3,12,21.66116504271487
598067,2,4,12,21.065869242977612
598067,2,5,12,19.542627095670937
598067,2,6,12,18.77428115511848
598067,2,7,12,18.234531586259305
598067,2,8,12,18.137758290839848
598067,2,9,12,17.927479243286342
598067,2,10,12,16.823470872970102
598067,2,11,12,18.786074680546275
598067,2,12,12,18.740146252053645
598067,2,13,12,18.602067681229034
598067,2,14,12,17.47681727367067
598067,2,15,12,16.69923263043713
598067,2,16,12,14.16277170971935
598067,2,17,12,13.5205255604658
598067,2,18,12,12.473020624305219
598067,2,19,12,11.776209545341251
598068,1,0,28,25.472137899796575
598068,1,1,28,25.115963693800936
598068,1,2,28,31.72000787980892
598068,1,3,28,36.480017260755375
598068,1,4,28,39.606578192188614
598068,1,5,28,39.34640038576929
598068,1,6,28,37.86408325715317
598068,1,7,28,41.20095464963619
598068,2,0,11,25.472137899796575
598068,2,1,11,24.950306230712744
598068,2,2,11,27.341176370106144
598068,2,3,11,23.702227394177527
598068,2,4,11,24.479295876893694
598068,2,5,11,27.377955113810664
598068,2,6,11,27.472073493444086
598068,2,7,11,24.881473605402558
598073,1,0,36,29.15646985930138
598073,1,1,36,29.818878019323314
598073,1,2,36,32.23458888215543
598073,1,3,36,30.592724981757716
598073,1,4,36,31.457532419316724
598073,1,5,36,29.278130812174147
598073,1,6,36,28.432854594342842
598073,1,7,36,29.240955932521953
598073,1,8,36,28.70074013748971
598073,1,9,36,28.036770517067403
598073,1,10,36,27.233098182048774
598073,1,11,36,27.27921385984329
598073,1,12,36,32.44334416926998
598073,1,13,36,32.823453176978944
598073,1,14,36,32.065227255421604
598073,1,15,36,31.526671719439058
598073,1,16,36,30.07993333923848
598073,1,17,36,33.10738115938722
598073,1,18,36,31.923923715113133
598073,1,19,36,36.01965845680946
598073,2,0,12,24.742903440656814
598073,2,1,12,24.950306230712744
598073,2,2,12,23.46225018842174
598073,2,3,12,26.095123345457043
598073,2,4,12,23.985600185590336
598073,2,5,12,22.519580796635488
598073,2,6,12,21.567068813712478
598073,2,7,12,21.254789604802983
598073,2,8,12,19.66576688346766
598073,2,9,12,17.915551717817248
598073,2,10,12,15.322777574166718
598073,2,11,12,14.949927401354365
598073,2,12,12,13.737844808998238
598073,2,13,12,12.284287429263522
598073,2,14,12,11.661837793495833
598073,2,15,12,10.007041052520055
598073,2,16,12,9.611768919182014
598073,2,17,12,9.781449226870825
598073,2,18,12,8.559958601692855
598073,2,19,12,11.887452260118183
729283,1,0,36,25.472137899796575
729283,1,1,36,25.115963693800936
729283,1,2,36,31.72000787980892
729283,1,3,36,30.051403768946553
729283,1,4,36,35.603499970829965
729283,1,5,36,33.416008762678715
729283,1,6,36,32.50650783260322
729283,1,7,36,33.412726903522774
729283,1,8,36,33.186321487652314
729283,1,9,36,32.74660861236468
729283,1,10,36,31.3815152634542
729283,1,11,36,29.594427210976626
729283,1,12,36,32.44334416926998
729283,1,13,36,32.823453176978944
729283,1,14,36,36.99769098688164
729283,1,15,36,35.51284883744771
729283,1,16,36,39.8617338049594
729283,1,17,36,38.631043978808535
729283,1,18,36,38.4601378468524
729283,1,19,36,36.05841194095101
729283,2,0,36,24.742903440656814
729283,2,1,36,25.115963693800936
729283,2,2,36,21.339699686523552
729283,2,3,36,23.729051696492967
729283,2,4,36,27.643839438710618
729283,2,5,36,25.79418614129953
729283,2,6,36,27.472073493444086
729283,2,7,36,32.102766914025835
729283,2,8,36,32.100913859786296
729283,2,9,36,30.93009483133241
729283,2,10,36,33.57890489875736
729283,2,11,36,36.23105125268429
729283,2,12,36,36.62425848976322
729283,2,13,36,35.015648661118924
729283,2,14,36,34.348067685611475
729283,2,15,36,38.08045343020429
729283,2,16,36,37.71032444585101
729283,2,17,36,35.60834243950645
729283,2,18,36,38.58619660924715
729285,1,0,21,24.742903440656814
729285,1,1,21,23.360823407600794
729285,1,2,21,24.320261042689772
729285,1,3,21,26.96061636847153
729285,1,4,21,27.02129537852829
729285,1,5,21,27.13978917415464
729285,1,6,21,26.858637583725216
729285,1,7,21,26.615281056689756
729285,1,8,21,26.159667123907543
729285,1,9,21,25.153377054018655
729285,1,10,21,26.081249719974664
729285,1,11,21,25.375848944973377
729285,1,12,21,24.13986369182852
729285,1,13,21,24.160534053477456
729285,1,14,21,23.67811611685336
729285,1,15,21,23.904362077873273
729285,1,16,21,21.33930376371215
729285,1,17,21,21.1488846636188
729285,1,18,21,21.537654652524832
729285,1,19,21,20.834438610469345
729285,2,0,30,24.742903440656814
729285,2,1,30,25.115963693800936
729285,2,2,30,24.403222399886783
729285,2,3,30,24.65607675815567
729285,2,4,30,23.985600185590336
729285,2,5,30,23.170953010846766
729285,2,6,30,26.858637583725216
729285,2,7,30,26.615281056689756
729285,2,8,30,25.350121374437194
729285,2,9,30,27.564592884228688
729285,2,10,30,29.57848329260944
729285,2,11,30,29.130330315762617
729285,2,12,30,28.34069864239359
729285,2,13,30,31.739334460244724
729285,2,14,30,31.481842177017896
729285,2,15,30,29.449608769194565
729285,2,16,30,28.297867279411
729285,2,17,30,28.410201731444744
729285,2,18,30,27.918083963302852
729285,2,19,30,30.13784510471748
729287,1,0,12,24.742903440656814
729287,1,1,12,24.950306230712744
729287,1,2,12,23.46225018842174
729287,1,3,12,22.77408682634524
729287,1,4,12,21.91084879901094
729287,1,5,12,21.01327004407686
729287,1,6,12,21.12121111039524
729287,1,7,12,21.09851300490319
729287,1,8,12,19.27493796881548
729287,1,9,12,19.86793156014888
729287,1,10,12,19.37319992694193
729287,1,11,12,18.68926781535919
729287,1,12,12,18.57622389446276
729287,1,13,12,17.582351297268012
729287,1,14,12,16.501310742416997
729287,1,15,12,16.69923263043713
729287,1,16,12,15.14962666831562
729287,1,17,12,12.753619337100263
729287,1,18,12,13.168966646121518
729287,1,19,12,12.668167533440533
729287,2,0,19,24.742903440656814
729287,2,1,19,24.950306230712744
729287,2,2,19,21.421224881279574
729287,2,3,19,20.662271181065137
729287,2,4,19,23.858269877491555
729287,2,5,19,22.519580796635488
729287,2,6,19,22.530694318573886
729287,2,7,19,23.591464368401194
729287,2,8,19,23.27778417409242
729287,2,9,19,23.08245798035622
729287,2,10,19,22.754989733137677
729287,2,11,19,21.80950386854146
729287,2,12,19,19.826930439562016
729287,2,13,19,19.920728317342192
729287,2,14,19,20.1156368251041
729287,2,15,19,20.293256774141366
729287,2,16,19,22.024321787348793
729287,2,17,19,21.829994026549425
729289,1,0,13,24.742903440656814
729289,1,1,13,23.360823407600794
729289,1,2,13,21.83721823967761
729289,1,3,13,21.77985718050038
729289,1,4,13,20.50407625304267
729289,1,5,13,21.143430784502225
729289,1,6,13,20.142111267480093
729289,1,7,13,19.072849759717258
729289,1,8,13,19.145014585174525
729289,1,9,13,18.09504393042048
729289,1,10,13,16.39036182668916
729289,1,11,13,14.662115657099827
729289,1,12,13,13.54873816735986
729289,1,13,13,13.330287743602835
729289,1,14,13,12.333210069149683
729289,1,15,13,11.522991089649496
729289,1,16,13,9.611768919182014
729289,1,17,13,9.73762188340906
729289,1,18,13,10.549774454317344
729289,1,19,13,13.145315972130302
729289,2,0,17,24.742903440656814
729289,2,1,17,24.950306230712744
729289,2,2,17,23.46225018842174
729289,2,3,17,20.662271181065137
729289,2,4,17,20.059613160314832
729289,2,5,17,18.663648327908664
729289,2,6,17,15.114818196005581
729289,2,7,17,14.91976621062873
729289,2,8,17,16.156973216941502
729289,2,9,17,16.476842817974042
729289,2,10,17,15.322777574166718
729289,2,11,17,14.949927401354365
729289,2,12,17,17.520266826209294
729289,2,13,17,16.794670427162252
729289,2,14,17,15.797397078093683
729289,2,15,17,16.92844318752406
729289,2,16,17,13.9104050324476
729289,2,17,17,14.84614570369769
729289,2,18,17,13.524427348616245
729289,2,19,17,16.93193806013065
729295,1,0,29,25.472137899796575
729295,1,1,29,24.950306230712744
729295,1,2,29,27.341176370106144
729295,1,3,29,33.32499639724247
729295,1,4,29,31.457532419316724
729295,1,5,29,29.278130812174147
729295,1,6,29,29.42374728118146
729295,1,7,29,29.240955932521953
729295,1,8,29,27.885953189866807
729295,1,9,29,31.690129569759485
729295,1,10,29,29.32522421189348
729295,1,11,29,29.13198449695372
729295,1,12,29,28.284334712790464
729295,1,13,29,31.23901644407659
729295,1,14,29,33.51366603254378
729295,1,15,29,32.73550446517748
729295,1,16,29,32.69290881118519
729295,1,17,29,31.040626212018605
729295,1,18,29,30.79716273586466
729295,1,19,29,28.9064055174897
729295,2,0,31,25.472137899796575
729295,2,1,31,28.936383263684927
729295,2,2,31,31.509233873631572
729295,2,3,31,30.051403768946553
729295,2,4,31,28.94336605969596
729295,2,5,31,28.92945647520202
729295,2,6,31,26.122592976274504
729295,2,7,31,26.608480290475587
729295,2,8,31,26.233709789650536
729295,2,9,31,32.098892851039
729295,2,10,31,31.639883270714357
729295,2,11,31,30.75765471140531
729295,2,12,31,30.438802274563336
729295,2,13,31,29.630699577115674
729295,2,14,31,29.072217927230085
729295,2,15,31,34.030238153565776
729295,2,16,31,33.9309565960577
729295,2,17,31,32.92354382325747
729295,2,18,31,32.658573343728015
729295,2,19,31,30.8857564531587
729311,1,0,29,23.585344252402724
729311,1,1,29,24.14291735907651
729311,1,2,29,24.403222399886783
729311,1,3,29,27.630052510715892
729311,1,4,29,27.846919499249395
729311,1,5,29,27.103211693417126
729311,1,6,29,27.456423739771072
729311,1,7,29,29.996034311037644
729311,1,8,29,30.20533083481143
729311,1,9,29,30.57053816384797
729311,1,10,29,30.383930651676213
729311,1,11,29,29.594427210976626
729311,1,12,29,32.44334416926998
729311,1,13,29,32.823453176978944
729311,1,14,29,31.175082636707337
729311,1,15,29,29.449608769194565
729311,1,16,29,29.24405755716497
729311,1,17,29,28.410201731444744
729311,1,18,29,29.07609585490637
729311,1,19,29,29.185557729301127
729311,2,0,28,24.742903440656814
729311,2,1,28,23.360823407600794
729311,2,2,28,23.46225018842174
729311,2,3,28,22.77408682634524
729311,2,4,28,27.846919499249395
729311,2,5,28,27.103211693417126
729311,2,6,28,27.456423739771072
729311,2,7,28,33.412726903522774
729311,2,8,28,33.186321487652314
729311,2,9,28,32.74660861236468
729311,2,10,28,31.3815152634542
729311,2,11,28,30.954027188667045
729311,2,12,28,30.76207548896459
729311,2,13,28,29.157980956864066
729311,2,14,28,27.590867960126683
729311,2,15,28,26.003843566063743
729311,2,16,28,25.390511190201405
729311,2,17,28,24.983025381222536
729311,2,18,28,25.774648090156983
729311,2,19,28,28.02576162717604
733971,1,0,20,24.742903440656814
733971,1,1,20,23.360823407600794
733971,1,2,20,21.83721823967761
733971,1,3,20,21.66116504271487
733971,1,4,20,20.50407625304267
733971,1,5,20,18.706933621537846
733971,1,6,20,24.664824472614562
733971,1,7,20,23.568800655949083
733971,1,8,20,23.163667834076374
733971,1,9,20,20.997447982593517
733971,1,10,20,20.34312517064598
733971,1,11,20,21.041770546430644
733971,1,12,20,21.127344070312464
733971,1,13,20,20.800277136403704
733971,1,14,20,26.30937097167257
733971,1,15,20,26.04902045519517
733971,1,16,20,25.140941810964772
733971,2,0,17,24.742903440656814
733971,2,1,17,23.360823407600794
733971,2,2,17,21.83721823967761
733971,2,3,17,24.65607675815567
733971,2,4,17,23.985600185590336
733971,2,5,17,23.170953010846766
733971,2,6,17,24.664824472614562
733971,2,7,17,23.9764838236092
733971,2,8,17,23.489123883021414
733971,2,9,17,23.667990754629244
733971,2,10,17,23.790597345899716
733971,2,11,17,23.197573736455375
733971,2,12,17,25.50446264597371
733971,2,13,17,24.160534053477456
733971,2,14,17,22.153224397866857
733971,2,15,17,21.833330759330096
733971,2,16,17,21.33930376371215
733973,1,0,28,25.472137899796575
733973,1,1,28,24.950306230712744
733973,1,2,28,24.320261042689772
733973,1,3,28,22.77408682634524
733973,1,4,28,21.71542566734072
733973,1,5,28,21.143430784502225
733973,1,6,28,18.84428230279886
733973,1,7,28,19.433627762900244
733973,1,8,28,19.145014585174525
733973,1,9,28,20.997447982593517
733973,1,10,28,20.34312517064598
733973,1,11,28,19.47009853297404
733973,1,12,28,19.852809381376208
733973,1,13,28,24.80330484327676
733973,1,14,28,27.875432622192367
733973,1,15,28,27.410959155605966
733973,1,16,28,30.07993333923848
733973,1,17,28,29.970253750565234
733973,1,18,28,29.804963803590972
733973,1,19,28,27.993204168678368
733973,2,0,41,24.742903440656814
733973,2,1,41,28.035544894061687
733973,2,2,41,26.404017028966788
733973,2,3,41,30.592724981757716
733973,2,4,41,38.97358215010772
733973,2,5,41,34.55584740670753
733973,2,6,41,35.68168643609958
733973,2,7,41,34.73310395750088
733973,2,8,41,35.08879678300493
733973,2,9,41,35.32861204416334
733973,2,10,41,34.55411689627376
733973,2,11,41,34.00543438701063
733973,2,12,41,36.74653534007719
733973,2,13,41,35.10481707958828
733973,2,14,41,35.02481446755293
733973,2,15,41,33.529958004549165
733973,2,16,41,33.114423677515994
733973,2,17,41,37.49648121394742
733973,2,18,41,37.12045147009633
733973,2,19,41,40.92148255101075
733977,1,0,28,24.742903440656814
733977,1,1,28,29.818878019323314
733977,1,2,28,28.274122164763565
733977,1,3,28,25.55220396627169
733977,1,4,28,24.479295876893694
733977,1,5,28,27.377955113810664
733977,1,6,28,27.472073493444086
733977,1,7,28,26.608480290475587
733977,1,8,28,26.233709789650536
733977,1,9,28,25.50549460070744
733977,1,10,28,25.108676871908894
733977,1,11,28,23.99362090367843
733977,1,12,28,19.77595453915131
733977,1,13,28,20.46800237946185
733977,1,14,28,20.85910550704635
733977,1,15,28,18.937461277990078
733977,1,16,28,19.87623959353575
733977,1,17,28,26.18638770998015
733977,1,18,28,25.064296221947643
733977,1,19,28,28.05510741951918
733977,2,0,39,24.742903440656814
733977,2,1,39,22.279717160248122
733977,2,2,39,25.61289747519951
733977,2,3,39,23.729051696492967
733977,2,4,39,28.849660362030882
733977,2,5,39,27.377955113810664
733977,2,6,39,26.122592976274504
733977,2,7,39,27.08716258683774
733977,2,8,39,26.233709789650536
733977,2,9,39,32.098892851039
733977,2,10,39,30.884372277942173
733977,2,11,39,37.16867635963929
733977,2,12,39,34.3924277543919
733977,2,13,39,34.83878746617999
733977,2,14,39,34.348067685611475
733977,2,15,39,34.030238153565776
733977,2,16,39,32.69290881118519
733977,2,17,39,32.64503745740455
733977,2,18,39,37.09182788960889
733977,2,19,39,38.88522414560197
734017,1,0,23,23.585344252402724
734017,1,1,23,29.818878019323314
734017,1,2,23,29.723094033259347
734017,1,3,23,27.630052510715892
734017,1,4,23,27.02129537852829
734017,1,5,23,27.13978917415464
734017,1,6,23,29.42374728118146
734017,1,7,23,29.240955932521953
734017,1,8,23,28.70074013748971
734017,1,9,23,28.036770517067403
734017,1,10,23,29.57848329260944
734017,1,11,23,29.130330315762617
734017,1,12,23,27.48272633438472
734017,1,13,23,26.328174865483547
734017,1,14,23,24.26431830566878
734017,1,15,23,26.848691443141316
734017,1,16,23,25.390511190201405
734017,1,17,23,24.983025381222536
734017,1,18,23,24.974954080574232
734017,1,19,23,23.111147696466926
734017,2,0,33,25.472137899796575
734017,2,1,33,28.936383263684927
734017,2,2,33,31.509233873631572
734017,2,3,33,37.09984647429701
734017,2,4,33,35.603499970829965
734017,2,5,33,37.526262188419025
734017,2,6,33,38.34393415511888
734017,2,7,33,35.68040779883829
734017,2,8,33,35.08879678300493
734017,2,9,33,35.32861204416334
734017,2,10,33,34.55411689627376
734017,2,11,33,32.50950339221278
734017,2,12,33,31.710409416575086
734017,2,13,33,31.23901644407659
734017,2,14,33,31.778996018464174
734017,2,15,33,31.19068218723907
734017,2,16,33,35.82721588542375
734017,2,17,33,33.57289916837815
734017,2,18,33,33.80517171194743
734017,2,19,33,33.092223905179175
734039,1,0,19,29.15646985930138
734039,1,1,19,28.035544894061687
734039,1,2,19,31.72000787980892
734039,1,3,19,34.31668541029089
734039,1,4,19,33.253804753132925
734039,1,5,19,29.563636255606873
734039,1,6,19,32.11979193329307
734039,1,7,19,32.926722015217024
734039,1,8,19,32.81786154294085
734039,1,9,19,32.098892851039
734039,1,10,19,30.884372277942173
734039,1,11,19,29.13198449695372
734039,1,12,19,29.495838216858683
734039,1,13,19,28.497024835152054
734039,1,14,19,26.587042677245552
734039,1,15,19,25.160745437090462
734039,1,16,19,24.072871574715183
734039,1,17,19,20.597037173370133
734039,1,18,19,19.71832519516429
734039,2,0,35,29.15646985930138
734039,2,1,35,28.035544894061687
734039,2,2,35,28.274122164763565
734039,2,3,35,27.630052510715892
734039,2,4,35,31.457532419316724
734039,2,5,35,37.526262188419025
734039,2,6,35,34.3052049264552
734039,2,7,35,34.73310395750088
734039,2,8,35,34.46988214918759
734039,2,9,35,35.05706648638563
734039,2,10,35,37.504592266930125
734039,2,11,35,40.85849032938313
734039,2,12,35,39.65456449832763
734039,2,13,35,44.54884376076083
734045,1,0,31,24.742903440656814
734045,1,1,31,24.950306230712744
734045,1,2,31,24.320261042689772
734045,1,3,31,22.77408682634524
734045,1,4,31,21.91084879901094
734045,1,5,31,21.01327004407686
734045,1,6,31,20.142111267480093
734045,1,7,31,21.09851300490319
734045,1,8,31,19.27493796881548
734045,1,9,31,25.153377054018655
734045,1,10,31,24.94480965669432
734045,1,11,31,24.860756406873477
734045,1,12,31,23.146518101522883
734045,1,13,31,26.328174865483547
734045,1,14,31,25.215725962974123
734045,1,15,31,30.003877563615244
734045,1,16,31,29.57428696675649
734045,1,17,31,28.348537132563024
734045,1,18,31,26.863449593838325
734045,1,19,31,30.869728071650044
734045,2,0,38,25.472137899796575
734045,2,1,38,24.950306230712744
734045,2,2,38,24.320261042689772
734045,2,3,38,26.96061636847153
734045,2,4,38,27.02129537852829
734045,2,5,38,29.278130812174147
734045,2,6,38,28.432854594342842
734045,2,7,38,31.5399753424018
734045,2,8,38,32.49648023229994
734045,2,9,38,30.57053816384797
734045,2,10,38,29.57848329260944
734045,2,11,38,27.27921385984329
734045,2,12,38,27.48272633438472
734045,2,13,38,29.81533741906028
734045,2,14,38,35.02481446755293
734045,2,15,38,39.9860725684314
734045,2,16,38,39.8617338049594
734045,2,17,38,37.49648121394742
734045,2,18,38,40.40209767887206
829707,1,0,26,24.742903440656814
829707,1,1,26,23.360823407600794
829707,1,2,26,21.83721823967761
829707,1,3,26,19.527388889215956
829707,1,4,26,22.87492845105895
829707,1,5,26,23.586478619101754
829707,1,6,26,22.530694318573886
829707,1,7,26,22.61948136160815
829707,1,8,26,25.05881790766175
829707,1,9,26,24.942506788902318
829707,1,10,26,26.057807751248582
829707,1,11,26,25.774626565217428
829707,1,12,26,26.171648378072764
829707,1,13,26,25.391780241777287
829707,1,14,26,25.714700508958824
829707,1,15,26,24.09352821330091
829707,1,16,26,22.024321787348793
829707,1,17,26,24.983025381222536
829707,1,18,26,25.774648090156983
829707,1,19,26,25.965987836684683
829707,2,0,19,24.742903440656814
829707,2,1,19,23.360823407600794
829707,2,2,19,19.91163411093589
829707,2,3,19,23.729051696492967
829707,2,4,19,20.778436999639982
829707,2,5,19,20.38477115876755
829707,2,6,19,20.031139082422154
829707,2,7,19,19.874395036888036
829707,2,8,19,19.21425878167136
829707,2,9,19,19.359446371719066
829707,2,10,19,19.18361782549217
829707,2,11,19,18.187769683711206
829707,2,12,19,17.520266826209294
829707,2,13,19,17.222261591106736
829707,2,14,19,17.02432459020358
829707,2,15,19,15.134074622085778
829707,2,16,19,16.086848980877896
829707,2,17,19,16.09056971538134
829707,2,18,19,16.413205563062157
829707,2,19,19,18.941348094693673
829715,1,0,21,25.472137899796575
829715,1,1,21,24.950306230712744
829715,1,2,21,24.320261042689772
829715,1,3,21,26.96061636847153
829715,1,4,21,27.02129537852829
829715,1,5,21,27.13978917415464
829715,1,6,21,25.6147813868301
829715,1,7,21,23.9764838236092
829715,1,8,21,23.489123883021414
829715,1,9,21,23.55667332784838
829715,1,10,21,22.453940915806218
829715,1,11,21,20.54880398301482
829715,1,12,21,18.890588613036336
829715,1,13,21,17.42163594657435
829715,1,14,21,17.192363395817065
829715,1,15,21,17.147862900802203
829715,1,16,21,17.21900964265096
829715,1,17,21,17.112452954758297
829715,1,18,21,16.794750732716746
829715,1,19,21,20.834438610469345
829715,2,0,34,23.585344252402724
829715,2,1,34,25.115963693800936
829715,2,2,34,24.403222399886783
829715,2,3,34,24.65607675815567
829715,2,4,34,22.87492845105895
829715,2,5,34,25.597939690660695
829715,2,6,34,24.97518761903608
829715,2,7,34,26.608480290475587
829715,2,8,34,26.233709789650536
829715,2,9,34,23.48525928434863
829715,2,10,34,21.45071824699171
829715,2,11,34,22.04209722977367
829715,2,12,34,25.595538921749228
829715,2,13,34,27.380894717381803
829715,2,14,34,31.735612897572505
829715,2,15,34,31.330239403369735
829715,2,16,34,30.80164108768524
829715,2,17,34,32.922775858225116
829715,2,18,34,31.80897953536773
829715,2,19,34,33.89419742181587
829721,1,0,20,24.742903440656814
829721,1,1,20,28.035544894061687
829721,1,2,20,26.404017028966788
829721,1,3,20,24.65607675815567
829721,1,4,20,23.695912870275997
829721,1,5,20,22.090033533700577
829721,1,6,20,21.12121111039524
829721,1,7,20,19.072849759717258
829721,1,8,20,19.145014585174525
829721,1,9,20,18.316356006256232
829721,1,10,20,17.13689066250992
829721,1,11,20,18.786074680546275
829721,1,12,20,18.57622389446276
829721,1,13,20,22.780309599141333
829721,1,14,20,22.518111672718064
829721,1,15,20,21.466241361954637
829721,1,16,20,21.966935971495587
829721,1,17,20,21.344796219795196
829721,1,18,20,19.941658883158553
829721,1,19,20,20.13298817253013
829721,2,0,33,24.742903440656814
829721,2,1,33,23.360823407600794
829721,2,2,33,21.83721823967761
829721,2,3,33,22.77408682634524
829721,2,4,33,21.71542566734072
829721,2,5,33,22.090033533700577
829721,2,6,33,21.533589115534873
829721,2,7,33,21.5673308014796
829721,2,8,33,21.717984876378843
829721,2,9,33,20.717752670994727
829721,2,10,33,20.34312517064598
829721,2,11,33,21.041770546430644
829721,2,12,33,24.13986369182852
829721,2,13,33,29.217120097539947
829721,2,14,33,27.875432622192367
829721,2,15,33,27.410959155605966
829721,2,16,33,27.591874672837317
829721,2,17,33,31.467288711491392
829721,2,18,33,33.95725279525128
829721,2,19,33,33.19735239523042
829733,1,0,21,23.585344252402724
829733,1,1,21,25.115963693800936
829733,1,2,21,24.320261042689772
829733,1,3,21,22.77408682634524
829733,1,4,21,21.91084879901094
829733,1,5,21,21.01327004407686
829733,1,6,21,21.12121111039524
829733,1,7,21,21.5673308014796
829733,1,8,21,21.093810301034033
829733,1,9,21,20.997447982593517
829733,1,10,21,20.34312517064598
829733,1,11,21,19.47009853297404
829733,1,12,21,18.740146252053645
829733,1,13,21,16.978483137376397
829733,1,14,21,16.276217689777393
829733,1,15,21,15.193527849728627
829733,1,16,21,21.33930376371215
829733,1,17,21,23.84888873885836
829733,1,18,21,22.341656336899458
829733,1,19,21,20.911875998924216
829733,2,0,30,29.15646985930138
829733,2,1,30,28.936383263684927
829733,2,2,30,27.341176370106144
829733,2,3,30,26.095123345457043
829733,2,4,30,28.94336605969596
829733,2,5,30,33.416008762678715
829733,2,6,30,34.06233107771249
829733,2,7,30,31.5399753424018
829733,2,8,30,30.20533083481143
829733,2,9,30,28.036770517067403
829733,2,10,30,27.233098182048774
829733,2,11,30,27.27921385984329
829733,2,12,30,27.48272633438472
829733,2,13,30,26.328174865483547
829733,2,14,30,28.835323789714877
829733,2,15,30,28.870797453972806
829733,2,16,30,31.15374144220666
829733,2,17,30,33.225213392719745
829737,1,0,41,24.742903440656814
829737,1,1,41,23.360823407600794
829737,1,2,41,23.46225018842174
829737,1,3,41,26.095123345457043
829737,1,4,41,28.94336605969596
829737,1,5,41,28.92945647520202
829737,1,6,41,28.432854594342842
829737,1,7,41,27.43116190788029
829737,1,8,41,26.159667123907543
829737,1,9,41,25.153377054018655
829737,1,10,41,27.233098182048774
829737,1,11,41,27.27921385984329
829737,1,12,41,32.44334416926998
829737,1,13,41,32.823453176978944
829737,1,14,41,36.99769098688164
829737,1,15,41,39.9860725684314
829737,1,16,41,43.809629289295174
829737,1,17,41,43.59943649274979
829737,1,18,41,42.8807878129177
829737,1,19,41,40.84096971432759
829737,2,0,38,24.742903440656814
829737,2,1,38,23.360823407600794
829737,2,2,38,21.83721823967761
829737,2,3,38,21.77985718050038
829737,2,4,38,18.836109926440376
829737,2,5,38,16.880367122473753
829737,2,6,38,15.738707463311497
829737,2,7,38,19.904497534883994
829737,2,8,38,19.66576688346766
829737,2,9,38,19.325573721494017
829737,2,10,38,22.453940915806218
829737,2,11,38,26.70476437832041
829737,2,12,38,30.438802274563336
829737,2,13,38,29.630699577115674
829737,2,14,38,32.17982228500008
829737,2,15,38,35.08986231555389
829737,2,16,38,39.81851982602469
829737,2,17,38,37.495730047849904
829737,2,18,38,35.51858973300041
829737,2,19,38,38.211539201538
829759,1,0,17,24.742903440656814
829759,1,1,17,23.360823407600794
829759,1,2,17,23.46225018842174
829759,1,3,17,21.77985718050038
829759,1,4,17,23.985600185590336
829759,1,5,17,22.519580796635488
829759,1,6,17,22.530694318573886
829759,1,7,17,22.61948136160815
829759,1,8,17,23.002360659815018
829759,1,9,17,20.78296815209916
829759,1,10,17,20.161109962636218
829759,1,11,17,20.54880398301482
829759,1,12,17,19.826930439562016
829759,1,13,17,21.696603621399905
829759,1,14,17,21.683994453970755
829759,1,15,17,20.293256774141366
829759,1,16,17,18.492201198521734
829759,1,17,17,18.25814697567422
829759,1,18,17,18.06915038870347
829759,1,19,17,17.105002276997762
829759,2,0,25,24.742903440656814
829759,2,1,25,23.360823407600794
829759,2,2,25,21.83721823967761
829759,2,3,25,21.77985718050038
829759,2,4,25,20.50407625304267
829759,2,5,25,21.143430784502225
829759,2,6,25,21.12121111039524
829759,2,7,25,21.09851300490319
829759,2,8,25,21.093810301034033
829759,2,9,25,20.717752670994727
829759,2,10,25,20.045097175075856
829759,2,11,25,19.47009853297404
829759,2,12,25,19.852809381376208
829759,2,13,25,19.498796076314445
829759,2,14,25,25.215725962974123
829759,2,15,25,30.003877563615244
829759,2,16,25,29.57428696675649
829759,2,17,25,27.38563176878347
829759,2,18,25,25.774648090156983
829759,2,19,25,24.93271251577565
829767,1,0,28,24.742903440656814
829767,1,1,28,23.360823407600794
829767,1,2,28,19.91163411093589
829767,1,3,28,19.527388889215956
829767,1,4,28,17.984289508254356
829767,1,5,28,21.872810395839426
829767,1,6,28,21.567068813712478
829767,1,7,28,20.028688229186194
829767,1,8,28,19.53665282804952
829767,1,9,28,18.99059112816019
829767,1,10,28,18.241873275471242
829767,1,11,28,18.187769683711206
829767,1,12,28,17.623784811630347
829767,1,13,28,22.02208160121046
829767,1,14,28,20.53024017062332
829767,1,15,28,20.465034380972803
829767,1,16,28,20.177932285425886
829767,1,17,28,20.542995689801845
829767,1,18,28,23.41219258175815
829767,1,19,28,28.059958575764597
829767,2,0,21,25.472137899796575
829767,2,1,21,24.14291735907651
829767,2,2,21,26.404017028966788
829767,2,3,21,26.095123345457043
829767,2,4,21,23.985600185590336
829767,2,5,21,23.653681381451143
829767,2,6,21,24.664824472614562
829767,2,7,21,23.568800655949083
829767,2,8,21,23.163667834076374
829767,2,9,21,27.564592884228688
829767,2,10,21,27.233098182048774
829767,2,11,21,27.27921385984329
829767,2,12,21,30.76207548896459
829767,2,13,21,29.81533741906028
829775,1,0,34,24.742903440656814
829775,1,1,34,24.950306230712744
829775,1,2,34,24.320261042689772
829775,1,3,34,23.486948148137763
829775,1,4,34,23.695912870275997
829775,1,5,34,23.653681381451143
829775,1,6,34,24.664824472614562
829775,1,7,34,27.43116190788029
829775,1,8,34,30.20533083481143
829775,1,9,34,28.036770517067403
829775,1,10,34,27.233098182048774
829775,1,11,34,33.37627178690628
829775,1,12,34,35.57344691393377
829775,1,13,34,35.18726780813298
829775,1,14,34,34.42943586403333
829775,1,15,34,34.66178873276907
829775,1,16,34,34.44109473008995
829775,1,17,34,32.64503745740455
829775,1,18,34,31.870434854191554
829775,1,19,34,33.88206429803672
829775,2,0,27,25.472137899796575
829775,2,1,27,24.950306230712744
829775,2,2,27,26.404017028966788
829775,2,3,27,29.883326881934533
829775,2,4,27,28.94336605969596
829775,2,5,27,27.103211693417126
829775,2,6,27,27.456423739771072
829775,2,7,27,29.996034311037644
829775,2,8,27,30.20533083481143
829775,2,9,27,30.57053816384797
829775,2,10,27,29.57848329260944
829775,2,11,27,32.4751891303323
829775,2,12,27,32.44334416926998
829775,2,13,27,31.739334460244724
829775,2,14,27,32.065227255421604
829775,2,15,27,30.344310792079913
829775,2,16,27,30.07993333923848
829775,2,17,27,29.970253750565234
829775,2,18,27,28.04607357540175
829775,2,19,27,26.874511746373564
829795,1,0,33,24.742903440656814
829795,1,1,33,28.035544894061687
829795,1,2,33,26.404017028966788
829795,1,3,33,24.65607675815567
829795,1,4,33,23.985600185590336
829795,1,5,33,23.170953010846766
829795,1,6,33,23.084146004817416
829795,1,7,33,27.99368195831811
829795,1,8,33,27.885953189866807
829795,1,9,33,27.564592884228688
829795,1,10,33,27.233098182048774
829795,1,11,33,30.954027188667045
829795,1,12,33,29.631980171800283
829795,1,13,33,29.81533741906028
829795,1,14,33,30.078738170024234
829795,1,15,33,32.798596972149795
829795,1,16,33,37.698886763841564
829795,1,17,33,35.701780935760446
829795,1,18,33,34.54980751126704
829795,1,19,33,33.19735239523042
829795,2,0,49,25.472137899796575
829795,2,1,49,24.950306230712744
829795,2,2,49,27.341176370106144
829795,2,3,49,23.702227394177527
829795,2,4,49,26.58890965610257
829795,2,5,49,27.377955113810664
829795,2,6,49,27.472073493444086
829795,2,7,49,28.688486240745565
829795,2,8,49,27.5464771963017
829795,2,9,49,30.93009483133241
829795,2,10,49,36.34626703143165
829795,2,11,49,40.39680462588042
829795,2,12,49,45.81171919265113
829795,2,13,49,44.09891249408233
829795,2,14,49,42.28913493724566
829795,2,15,49,47.36485023671175
829795,2,16,49,46.32770371407132
829795,2,17,49,45.64679183796217
829795,2,18,49,44.02612548477784
829795,2,19,49,48.36858231697608
829807,1,0,21,25.472137899796575
829807,1,1,21,28.936383263684927
829807,1,2,21,28.274122164763565
829807,1,3,21,27.630052510715892
829807,1,4,21,31.457532419316724
829807,1,5,21,30.569472604540437
829807,1,6,21,29.42374728118146
829807,1,7,21,29.996034311037644
829807,1,8,21,35.08879678300493
829807,1,9,21,34.63934266137901
829807,1,10,21,33.57890489875736
829807,2,0,19,24.742903440656814
829807,2,1,19,29.818878019323314
829807,2,2,19,28.274122164763565
829807,2,3,19,34.31668541029089
829807,2,4,19,33.253804753132925
829807,2,5,19,38.65717122380908
829809,1,0,18,24.742903440656814
829809,1,1,18,24.950306230712744
829809,1,2,18,24.320261042689772
829809,1,3,18,24.65607675815567
829809,1,4,18,23.695912870275997
829809,1,5,18,27.13978917415464
829809,1,6,18,26.858637583725216
829809,1,7,18,25.554103759190756
829809,1,8,18,25.350121374437194
829809,1,9,18,25.153377054018655
829809,1,10,18,24.94480965669432
829809,1,11,18,25.375848944973377
829809,1,12,18,24.13986369182852
829809,1,13,18,22.780309599141333
829809,1,14,18,22.518111672718064
829809,1,15,18,21.466241361954637
829809,1,16,18,20.959696284207652
829809,1,17,18,20.600281210852653
829809,1,18,18,19.222069460496442
829809,1,19,18,18.1734912120629
829809,2,0,17,20.8219494260387
829809,2,1,17,22.279717160248122
829809,2,2,17,19.91163411093589
829809,2,3,17,20.662271181065137
829809,2,4,17,23.858269877491555
829809,2,5,17,23.586478619101754
829809,2,6,17,22.530694318573886
829809,2,7,17,23.591464368401194
829809,2,8,17,23.27778417409242
829809,2,9,17,23.08245798035622
829809,2,10,17,22.453940915806218
829809,2,11,17,21.80950386854146
829809,2,12,17,21.90483740959712
829809,2,13,17,19.920728317342192
829809,2,14,17,18.58001699133127
829809,2,15,17,18.51215918914052
829809,2,16,17,21.33930376371215
829811,1,0,24,24.742903440656814
829811,1,1,24,29.818878019323314
829811,1,2,24,28.274122164763565
829811,1,3,24,27.630052510715892
829811,1,4,24,27.02129537852829
829811,1,5,24,25.83650060144446
829811,1,6,24,24.748159065198795
829811,1,7,24,24.83212645329974
829811,1,8,24,27.5464771963017
829811,1,9,24,27.227493359625523
829811,1,10,24,25.77644147603425
829811,1,11,24,25.774626565217428
829811,1,12,24,24.650232675828452
829811,1,13,24,29.630699577115674
829811,1,14,24,29.072217927230085
829811,1,15,24,28.69317506426147
829811,1,16,24,26.808007504097745
829811,1,17,24,24.868168288032813
829811,1,18,24,24.84992403567677
829811,1,19,24,24.190445126945857
829811,2,0,24,20.8219494260387
829811,2,1,24,24.70295166571232
829811,2,2,24,24.51683226811747
829811,2,3,24,21.718625038323225
829811,2,4,24,21.315672519384457
829811,2,5,24,24.115825437397046
829811,2,6,24,22.806181300915675
829811,2,7,24,22.508990161248114
829811,2,8,24,22.125831783287296
829811,2,9,24,21.513918734164346
829811,2,10,24,21.45071824699171
829811,2,11,24,22.04209722977367
829811,2,12,24,21.987134702629195
829811,2,13,24,20.36730445323987
829811,2,14,24,25.857243368398464
829811,2,15,24,24.27376758963587
829811,2,16,24,24.072871574715183
829811,2,17,24,21.597578383731644
829811,2,18,24,24.84992403567677
829811,2,19,24,24.12359204845307
980907,1,0,38,29.15646985930138
980907,1,1,38,28.035544894061687
980907,1,2,38,26.404017028966788
980907,1,3,38,24.65607675815567
980907,1,4,38,23.985600185590336
980907,1,5,38,23.653681381451143
980907,1,6,38,24.664824472614562
980907,1,7,38,23.9764838236092
980907,1,8,38,23.489123883021414
980907,1,9,38,23.667990754629244
980907,1,10,38,23.790597345899716
980907,1,11,38,25.375848944973377
980907,1,12,38,25.50446264597371
980907,1,13,38,24.80330484327676
980907,1,14,38,30.078738170024234
980907,1,15,38,30.003877563615244
980907,1,16,38,34.44109473008995
980907,1,17,38,33.225213392719745
980907,1,18,38,35.535497544457954
980907,1,19,38,38.21971861517553
980907,2,0,22,24.742903440656814
980907,2,1,22,25.115963693800936
980907,2,2,22,31.72000787980892
980907,2,3,22,30.051403768946553
980907,2,4,22,28.94336605969596
980907,2,5,22,27.103211693417126
980907,2,6,22,27.456423739771072
980907,2,7,22,33.412726903522774
980907,2,8,22,32.49648023229994
980907,2,9,22,30.57053816384797
980907,2,10,22,30.383930651676213
980907,2,11,22,29.130330315762617
980907,2,12,22,28.34069864239359
980907,2,13,22,27.22828634952912
980907,2,14,22,26.91021626773807
980907,2,15,22,25.160745437090462
980907,2,16,22,23.75569020318456
980907,2,17,22,23.696361138149378
980907,2,18,22,23.472208020685635
980907,2,19,22,21.937311745337926
980915,1,0,30,24.742903440656814
980915,1,1,30,24.950306230712744
980915,1,2,30,23.46225018842174
980915,1,3,30,22.77408682634524
980915,1,4,30,21.71542566734072
980915,1,5,30,18.663648327908664
980915,1,6,30,19.749144734508697
980915,1,7,30,15.957415931065903
980915,1,8,30,19.66576688346766
980915,1,9,30,17.915551717817248
980915,1,10,30,16.39036182668916
980915,1,11,30,14.662115657099827
980915,1,12,30,13.54873816735986
980915,1,13,30,16.978483137376397
980915,1,14,30,16.129169063633803
980915,1,15,30,15.193527849728627
980915,1,16,30,21.33930376371215
980915,1,17,30,26.94974968236878
980915,1,18,30,30.83420254287502
980915,1,19,30,30.13784510471748
980915,2,0,21,24.742903440656814
980915,2,1,21,23.360823407600794
980915,2,2,21,21.83721823967761
980915,2,3,21,21.66116504271487
980915,2,4,21,21.065869242977612
980915,2,5,21,19.542627095670937
980915,2,6,21,18.84428230279886
980915,2,7,21,18.486405624664382
980915,2,8,21,21.093810301034033
980915,2,9,21,20.717752670994727
980915,2,10,21,20.045097175075856
980915,2,11,21,19.47009853297404
980915,2,12,21,19.852809381376208
980915,2,13,21,22.196496790765977
980915,2,14,21,21.882852485125625
980915,2,15,21,21.466241361954637
980915,2,16,21,20.959696284207652
980915,2,17,21,20.600281210852653
980915,2,18,21,22.791603848024504
980947,1,0,21,23.585344252402724
980947,1,1,21,24.14291735907651
980947,1,2,21,26.404017028966788
980947,1,3,21,24.65607675815567
980947,1,4,21,23.985600185590336
980947,1,5,21,23.653681381451143
980947,1,6,21,23.084146004817416
980947,1,7,21,23.568800655949083
980947,1,8,21,23.163667834076374
980947,1,9,21,23.667990754629244
980947,1,10,21,23.790597345899716
980947,1,11,21,23.197573736455375
980947,1,12,21,23.146518101522883
980947,1,13,21,22.780309599141333
980947,1,14,21,21.882852485125625
980947,1,15,21,19.891608737123747
980947,1,16,21,18.4284779639092
980947,1,17,21,19.677945458958668
980947,1,18,21,21.613637595064954
980947,1,19,21,20.8184379423375
980947,2,0,24,24.742903440656814
980947,2,1,24,24.950306230712744
980947,2,2,24,23.46225018842174
980947,2,3,24,22.77408682634524
980947,2,4,24,21.91084879901094
980947,2,5,24,21.01327004407686
980947,2,6,24,21.12121111039524
980947,2,7,24,19.072849759717258
980947,2,8,24,18.21581381833715
980947,2,9,24,17.915551717817248
980947,2,10,24,17.496063889808234
980947,2,11,24,17.781475190197707
980947,2,12,24,14.694680479578833
980947,2,13,24,17.617123119553256
980947,2,14,24,17.02432459020358
980947,2,15,24,22.136703622221617
980947,2,16,24,22.13661929041854
980947,2,17,24,27.40096651936777
980967,1,0,22,24.742903440656814
980967,1,1,22,23.360823407600794
980967,1,2,22,21.83721823967761
980967,1,3,22,26.96061636847153
980967,1,4,22,24.479295876893694
980967,1,5,22,24.41749182529953
980967,1,6,22,24.748159065198795
980967,1,7,22,24.83212645329974
980967,1,8,22,23.27778417409242
980967,1,9,22,23.08245798035622
980967,1,10,22,22.754989733137677
980967,1,11,22,22.82360044427452
980967,1,12,22,21.90483740959712
980967,1,13,22,19.920728317342192
980967,1,14,22,20.1156368251041
980967,1,15,22,22.955332939883036
980967,1,16,22,22.024321787348793
980967,1,17,22,21.829994026549425
980967,1,18,22,21.537654652524832
980967,1,19,22,21.937311745337926
980967,2,0,25,24.742903440656814
980967,2,1,25,24.950306230712744
980967,2,2,25,24.320261042689772
980967,2,3,25,23.486948148137763
980967,2,4,25,21.91084879901094
980967,2,5,25,25.83650060144446
980967,2,6,25,24.664824472614562
980967,2,7,25,25.554103759190756
980967,2,8,25,25.350121374437194
980967,2,9,25,25.153377054018655
980967,2,10,25,26.081249719974664
980967,2,11,25,25.375848944973377
980967,2,12,25,26.22384959135618
980967,2,13,25,24.516468349412538
980967,2,14,25,27.590867960126683
980967,2,15,25,26.003843566063743
980967,2,16,25,24.386918893002797
980967,2,17,25,23.84888873885836
980967,2,18,25,26.863449593838325
980979,1,0,29,25.472137899796575
980979,1,1,29,25.115963693800936
980979,1,2,29,28.274122164763565
980979,1,3,29,26.96061636847153
980979,1,4,29,25.341552764126465
980979,1,5,29,30.569472604540437
980979,1,6,29,30.0386550736029
980979,1,7,29,29.240955932521953
980979,1,8,29,27.885953189866807
980979,1,9,29,27.564592884228688
980979,1,10,29,27.233098182048774
980979,1,11,29,27.27921385984329
980979,1,12,29,26.22384959135618
980979,1,13,29,31.739334460244724
980979,1,14,29,31.481842177017896
980979,1,15,29,30.003877563615244
980979,1,16,29,32.12448502230624
980979,1,17,29,30.357269480702065
980979,1,18,29,30.987444690585555
980979,1,19,29,29.185557729301127
980979,2,0,16,25.472137899796575
980979,2,1,16,28.936383263684927
980979,2,2,16,28.274122164763565
980979,2,3,16,26.688998458060645
980979,2,4,16,25.87909710550429
980979,2,5,16,24.41749182529953
980979,2,6,16,24.748159065198795
980979,2,7,16,23.591464368401194
980979,2,8,16,23.27778417409242
980979,2,9,16,23.08245798035622
980979,2,10,16,22.754989733137677
980979,2,11,16,20.473498424116695
980979,2,12,16,20.453787459696937
980979,2,13,16,18.702378894750037
980979,2,14,16,18.060621828308808
980979,2,15,16,17.52341421542274
980979,2,16,16,17.51214380329606
980979,2,17,16,17.240784349972902
980979,2,18,16,17.223772644097906
980979,2,19,16,15.820235953945812
980991,1,0,29,25.472137899796575
980991,1,1,29,28.936383263684927
980991,1,2,29,28.274122164763565
980991,1,3,29,27.630052510715892
980991,1,4,29,27.846919499249395
980991,1,5,29,27.103211693417126
980991,1,6,29,26.858637583725216
980991,1,7,29,26.615281056689756
980991,1,8,29,25.350121374437194
980991,1,9,29,27.564592884228688
980991,1,10,29,27.233098182048774
980991,1,11,29,26.747809075969354
980991,1,12,29,25.50446264597371
980991,1,13,29,24.80330484327676
980991,1,14,29,23.67811611685336
980991,1,15,29,23.904362077873273
980991,1,16,29,26.105111665197654
980991,1,17,29,27.2227888403567
980991,1,18,29,25.253670616162832
980991,1,19,29,29.285275776217613
980991,2,0,33,25.472137899796575
980991,2,1,33,25.115963693800936
980991,2,2,33,24.403222399886783
980991,2,3,33,24.65607675815567
980991,2,4,33,23.985600185590336
980991,2,5,33,27.103211693417126
980991,2,6,33,28.432854594342842
980991,2,7,33,27.08716258683774
980991,2,8,33,26.233709789650536
980991,2,9,33,25.50549460070744
980991,2,10,33,26.057807751248582
980991,2,11,33,29.13198449695372
980991,2,12,33,34.3924277543919
980991,2,13,33,34.83878746617999
980991,2,14,33,36.35527794619642
980991,2,15,33,35.033713458209576
980991,2,16,33,34.015152276326674
980991,2,17,33,32.922775858225116
980991,2,18,33,33.75669424585638
980991,2,19,33,33.120545034439814
980993,1,0,36,24.742903440656814
980993,1,1,36,24.950306230712744
980993,1,2,36,23.46225018842174
980993,1,3,36,27.630052510715892
980993,1,4,36,27.846919499249395
980993,1,5,36,27.103211693417126
980993,1,6,36,26.858637583725216
980993,1,7,36,26.615281056689756
980993,1,8,36,28.70074013748971
980993,1,9,36,28.036770517067403
980993,1,10,36,32.07642983885729
980993,1,11,36,30.954027188667045
980993,1,12,36,34.12855705008059
980993,1,13,36,33.81970591673071
980993,1,14,36,32.065227255421604
980993,1,15,36,30.344310792079913
980993,1,16,36,30.07993333923848
980993,1,17,36,33.10738115938722
980993,1,18,36,31.923923715113133
980993,1,19,36,36.01965845680946
980993,2,0,15,25.472137899796575
980993,2,1,15,25.115963693800936
980993,2,2,15,24.403222399886783
980993,2,3,15,27.630052510715892
980993,2,4,15,27.846919499249395
980993,2,5,15,27.13978917415464
980993,2,6,15,26.858637583725216
980993,2,7,15,25.554103759190756
980993,2,8,15,25.350121374437194
980993,2,9,15,25.153377054018655
980993,2,10,15,24.94480965669432
980993,2,11,15,24.860756406873477
980993,2,12,15,22.297981897652733
980993,2,13,15,21.696603621399905
980993,2,14,15,21.683994453970755
980993,2,15,15,21.12890065935314
980993,2,16,15,19.92422317875714
980993,2,17,15,17.564549593041285
980993,2,18,15,16.413205563062157
980993,2,19,15,14.901884344058628
980995,1,0,34,25.472137899796575
980995,1,1,34,28.936383263684927
980995,1,2,34,27.341176370106144
980995,1,3,34,30.051403768946553
980995,1,4,34,30.014185897749343
980995,1,5,34,33.11382459890761
980995,1,6,34,34.3052049264552
980995,1,7,34,35.68040779883829
980995,1,8,34,33.93203012103466
980995,1,9,34,33.263937306296945
980995,1,10,34,32.07642983885729
980995,1,11,34,30.954027188667045
980995,1,12,34,32.33819898927599
980995,1,13,34,31.739334460244724
980995,1,14,34,31.481842177017896
980995,1,15,34,30.344310792079913
980995,1,16,34,30.07993333923848
980995,1,17,34,29.970253750565234
980995,1,18,34,33.95725279525128
980995,1,19,34,33.95157512471508
980995,2,0,47,25.472137899796575
980995,2,1,47,24.950306230712744
980995,2,2,47,29.723094033259347
980995,2,3,47,35.386576129854255
980995,2,4,47,33.95492130723281
980995,2,5,47,39.34640038576929
980995,2,6,47,39.382266999667436
980995,2,7,47,36.16861151242343
980995,2,8,47,35.08879678300493
980995,2,9,47,34.63934266137901
980995,2,10,47,34.236244083653986
980995,2,11,47,33.983286043520316
980995,2,12,47,34.6270311458627
980995,2,13,47,35.18726780813298
980995,2,14,47,39.22897301182
980995,2,15,47,43.98730192410341
980995,2,16,47,43.809629289295174
980995,2,17,47,45.50880052520593
980995,2,18,47,48.32833936537968
980997,1,0,13,24.742903440656814
980997,1,1,13,24.950306230712744
980997,1,2,13,23.46225018842174
980997,1,3,13,21.77985718050038
980997,1,4,13,20.50407625304267
980997,1,5,13,21.143430784502225
980997,1,6,13,20.142111267480093
980997,1,7,13,19.433627762900244
980997,1,8,13,18.747352503080027
980997,1,9,13,12.289780616948974
980997,1,10,13,10.66182752501665
980997,1,11,13,10.878720293139315
980997,1,12,13,11.410163392753743
980997,1,13,13,10.974551474162725
980997,1,14,13,9.857923875564152
980997,1,15,13,9.094406439436995
980997,1,16,13,9.493817787085437
980997,1,17,13,9.478335822429873
980997,1,18,13,8.321893027542169
980997,1,19,13,13.145315972130302
980997,2,0,14,24.742903440656814
980997,2,1,14,28.035544894061687
980997,2,2,14,31.72000787980892
980997,2,3,14,29.883326881934533
980997,2,4,14,27.846919499249395
980997,2,5,14,30.569472604540437
980997,2,6,14,29.42374728118146
980997,2,7,14,29.240955932521953
980997,2,8,14,27.885953189866807
980997,2,9,14,27.05601379396031
980997,2,10,14,26.79962845605105
981009,1,0,20,25.472137899796575
981009,1,1,20,25.115963693800936
981009,1,2,20,24.403222399886783
981009,1,3,20,23.486948148137763
981009,1,4,20,23.695912870275997
981009,1,5,20,21.872810395839426
981009,1,6,20,21.567068813712478
981009,1,7,20,24.83212645329974
981009,1,8,20,24.72887901494665
981009,1,9,20,24.09084063078982
981009,1,10,20,23.709911878896158
981009,1,11,20,23.99362090367843
981009,1,12,20,23.810129776027043
981009,1,13,20,24.516468349412538
981009,1,14,20,23.419449603466408
981009,1,15,20,22.955332939883036
981009,1,16,20,21.33930376371215
981009,1,17,20,21.1488846636188
981009,1,18,20,19.941658883158553
981009,1,19,20,20.13298817253013
981009,2,0,33,25.472137899796575
981009,2,1,33,24.14291735907651
981009,2,2,33,31.509233873631572
981009,2,3,33,30.051403768946553
981009,2,4,33,28.94336605969596
981009,2,5,33,29.278130812174147
981009,2,6,33,28.432854594342842
981009,2,7,33,31.5399753424018
981009,2,8,33,32.49648023229994
981009,2,9,33,30.57053816384797
981009,2,10,33,30.383930651676213
981009,2,11,33,30.954027188667045
981009,2,12,33,30.76207548896459
981009,2,13,33,35.10481707958828
981009,2,14,33,35.68469605972262
981009,2,15,33,35.51284883744771
981009,2,16,33,35.79709376750223
981009,2,17,33,33.57289916837815
981009,2,18,33,33.80517171194743
981009,2,19,33,33.092223905179175
1082591,1,0,27,25.472137899796575
1082591,1,1,27,28.936383263684927
1082591,1,2,27,28.274122164763565
1082591,1,3,27,27.630052510715892
1082591,1,4,27,27.02129537852829
1082591,1,5,27,27.13978917415464
1082591,1,6,27,26.858637583725216
1082591,1,7,27,26.615281056689756
1082591,1,8,27,27.386374793210667
1082591,1,9,27,26.197008875443384
1082591,1,10,27,26.79962845605105
1082591,1,11,27,26.747809075969354
1082591,1,12,27,26.22384959135618
1082591,1,13,27,26.328174865483547
1082591,1,14,27,26.30937097167257
1082591,1,15,27,26.04902045519517
1082591,1,16,27,25.140941810964772
1082591,1,17,27,24.174713686339388
1082591,1,18,27,22.791603848024504
1082591,1,19,27,26.96666318972173
1082591,2,0,38,29.15646985930138
1082591,2,1,38,28.035544894061687
1082591,2,2,38,32.23458888215543
1082591,2,3,38,36.480017260755375
1082591,2,4,38,37.44572712041492
1082591,2,5,38,36.76965307181554
1082591,2,6,38,34.3052049264552
1082591,2,7,38,39.25360909786729
1082591,2,8,38,40.8674345499148
1082591,2,9,38,41.267734963849286
1082591,2,10,38,41.45108272517032
1082591,2,11,38,41.193615418161784
1082591,2,12,38,39.65456449832763
1082591,2,13,38,40.43588965357999
1082591,2,14,38,45.00176158846019
1082591,2,15,38,43.98730192410341
1082591,2,16,38,42.075214081336355
1082591,2,17,38,40.73948531272737
1082591,2,18,38,40.40209767887206
1082591,2,19,38,38.211539201538
1082600,1,0,25,25.472137899796575
1082600,1,1,25,25.115963693800936
1082600,1,2,25,24.320261042689772
1082600,1,3,25,22.77408682634524
1082600,1,4,25,21.71542566734072
1082600,1,5,25,23.653681381451143
1082600,1,6,25,27.456423739771072
1082600,1,7,25,26.615281056689756
1082600,1,8,25,28.70074013748971
1082600,1,9,25,27.564592884228688
1082600,1,10,25,27.233098182048774
1082600,1,11,25,27.27921385984329
1082600,1,12,25,27.48272633438472
1082600,1,13,25,26.328174865483547
1082600,1,14,25,28.835323789714877
1082600,1,15,25,28.870797453972806
1082600,1,16,25,28.717724391098585
1082600,1,17,25,27.2227888403567
1082600,1,18,25,26.08580102928362
1082600,1,19,25,24.985532661037414
1082600,2,0,34,25.472137899796575
1082600,2,1,34,28.936383263684927
1082600,2,2,34,27.341176370106144
1082600,2,3,34,30.051403768946553
1082600,2,4,34,30.014185897749343
1082600,2,5,34,33.11382459890761
1082600,2,6,34,34.06233107771249
1082600,2,7,34,33.412726903522774
1082600,2,8,34,33.186321487652314
1082600,2,9,34,39.08772623268318
1082600,2,10,34,37.504592266930125
1082600,2,11,34,40.85849032938313
1082600,2,12,34,39.65456449832763
1082600,2,13,34,40.43588965357999
1082600,2,14,34,39.22897301182
1082600,2,15,34,39.88450548503099
1082600,2,16,34,39.8617338049594
1082600,2,17,34,36.16245426307821
1082600,2,18,34,35.51858973300041
1082606,1,0,34,25.472137899796575
1082606,1,1,34,25.115963693800936
1082606,1,2,34,24.320261042689772
1082606,1,3,34,23.486948148137763
1082606,1,4,34,23.985600185590336
1082606,1,5,34,25.83650060144446
1082606,1,6,34,24.664824472614562
1082606,1,7,34,25.554103759190756
1082606,1,8,34,27.885953189866807
1082606,1,9,34,27.05601379396031
1082606,1,10,34,26.79962845605105
1082606,1,11,34,26.747809075969354
1082606,1,12,34,26.22384959135618
1082606,1,13,34,24.80330484327676
1082606,1,14,34,28.835323789714877
1082606,1,15,34,28.870797453972806
1082606,1,16,34,31.15374144220666
1082606,1,17,34,29.970253750565234
1082606,1,18,34,33.95725279525128
1082606,1,19,34,33.95157512471508
1082606,2,0,26,25.472137899796575
1082606,2,1,26,25.115963693800936
1082606,2,2,26,24.320261042689772
1082606,2,3,26,23.486948148137763
1082606,2,4,26,23.695912870275997
1082606,2,5,26,23.170953010846766
1082606,2,6,26,25.6147813868301
1082606,2,7,26,23.9764838236092
1082606,2,8,26,28.70074013748971
1082606,2,9,26,28.036770517067403
1082606,2,10,26,27.233098182048774
1082606,2,11,26,30.954027188667045
1082606,2,12,26,29.631980171800283
1082606,2,13,26,29.217120097539947
1082606,2,14,26,27.875432622192367
1082606,2,15,26,27.410959155605966
1082606,2,16,26,27.591874672837317
1082606,2,17,26,27.2227888403567
1082606,2,18,26,26.08580102928362
1082606,2,19,26,26.00606187133574
1082614,1,0,20,24.742903440656814
1082614,1,1,20,23.360823407600794
1082614,1,2,20,23.46225018842174
1082614,1,3,20,20.662271181065137
1082614,1,4,20,23.858269877491555
1082614,1,5,20,23.586478619101754
1082614,1,6,20,23.562541030341645
1082614,1,7,20,22.61948136160815
1082614,1,8,20,20.898841677046786
1082614,1,9,20,20.78296815209916
1082614,1,10,20,20.03482236278363
1082614,1,11,20,19.112971799599464
1082614,1,12,20,17.976717101468825
1082614,1,13,20,21.696603621399905
1082614,1,14,20,21.683994453970755
1082614,1,15,20,21.12890065935314
1082614,1,16,20,20.69487528268247
1082614,1,17,20,20.36948358025645
1082614,1,18,20,18.654137873601336
1082614,1,19,20,19.883056797534763
1082614,2,0,27,29.15646985930138
1082614,2,1,27,28.035544894061687
1082614,2,2,27,28.274122164763565
1082614,2,3,27,25.55220396627169
1082614,2,4,27,24.479295876893694
1082614,2,5,27,24.41749182529953
1082614,2,6,27,24.97518761903608
1082614,2,7,27,28.688486240745565
1082614,2,8,27,28.5577409303881
1082614,2,9,27,27.734373549171103
1082614,2,10,27,28.689158317988312
1082614,2,11,27,26.70476437832041
1082614,2,12,27,25.712044790933454
1082614,2,13,27,25.391780241777287
1082614,2,14,27,25.714700508958824
1082614,2,15,27,25.160745437090462
1082614,2,16,27,23.75569020318456
1082614,2,17,27,28.410201731444744
1082614,2,18,27,27.918083963302852
1082614,2,19,27,26.874511746373564
1082623,1,0,30,24.742903440656814
1082623,1,1,30,24.950306230712744
1082623,1,2,30,24.320261042689772
1082623,1,3,30,23.486948148137763
1082623,1,4,30,21.91084879901094
1082623,1,5,30,23.170953010846766
1082623,1,6,30,28.432854594342842
1082623,1,7,30,27.43116190788029
1082623,1,8,30,27.386374793210667
1082623,1,9,30,24.942506788902318
1082623,1,10,30,25.108676871908894
1082623,1,11,30,24.712824988945453
1082623,1,12,30,30.438802274563336
1082623,1,13,30,29.630699577115674
1082623,1,14,30,29.072217927230085
1082623,1,15,30,29.449608769194565
1082623,1,16,30,29.24405755716497
1082623,1,17,30,27.38563176878347
1082623,1,18,30,29.660584989097327
1082623,1,19,30,30.13784510471748
1082623,2,0,21,29.15646985930138
1082623,2,1,21,31.249441490702488
1082623,2,2,21,31.72000787980892
1082623,2,3,21,29.883326881934533
1082623,2,4,21,27.643839438710618
1082623,2,5,21,25.79418614129953
1082623,2,6,21,26.122592976274504
1082623,2,7,21,24.719025197379427
1082623,2,8,21,25.05881790766175
1082623,2,9,21,24.09084063078982
1082623,2,10,21,23.709911878896158
1082623,2,11,21,23.99362090367843
1082623,2,12,21,22.297981897652733
1082623,2,13,21,25.391780241777287
1082623,2,14,21,23.37415174841086
1082623,2,15,21,24.27376758963587
1082623,2,16,21,24.072871574715183
1082623,2,17,21,23.531263306515463
1082623,2,18,21,22.341656336899458
1082623,2,19,21,20.911875998924216
1082625,1,0,21,25.472137899796575
1082625,1,1,21,21.142380827709278
1082625,1,2,21,21.339699686523552
1082625,1,3,21,20.822045774888537
1082625,1,4,21,20.059613160314832
1082625,1,5,21,18.663648327908664
1082625,1,6,21,19.749144734508697
1082625,1,7,21,19.904497534883994
1082625,1,8,21,18.21581381833715
1082625,1,9,21,20.78296815209916
1082625,1,10,21,22.453940915806218
1082625,1,11,21,20.54880398301482
1082625,1,12,21,21.90483740959712
1082625,1,13,21,19.920728317342192
1082625,1,14,21,20.1156368251041
1082625,1,15,21,18.51215918914052
1082625,1,16,21,18.492201198521734
1082625,1,17,21,18.25814697567422
1082625,1,18,21,16.413205563062157
1082625,1,19,21,20.854951916891952
1082625,2,0,28,29.15646985930138
1082625,2,1,28,28.936383263684927
1082625,2,2,28,31.509233873631572
1082625,2,3,28,25.38036639695664
1082625,2,4,28,28.849660362030882
1082625,2,5,28,30.202651260937845
1082625,2,6,28,30.950654539766163
1082625,2,7,28,28.688486240745565
1082625,2,8,28,28.5577409303881
1082625,2,9,28,27.227493359625523
1082625,2,10,28,25.77644147603425
1082625,2,11,28,26.70476437832041
1082625,2,12,28,30.438802274563336
1082625,2,13,28,29.157980956864066
1082625,2,14,28,28.738653887984114
1082625,2,15,28,28.69317506426147
1082625,2,16,28,28.297867279411
1082625,2,17,28,29.90675715803814
1082625,2,18,28,29.623545182086968
1082625,2,19,28,28.088271788746955
1082625,3,0,0,20.8219494260387
1082625,4,0,1,25.472137899796575
1082627,1,0,33,24.742903440656814
1082627,1,1,33,24.14291735907651
1082627,1,2,33,31.509233873631572
1082627,1,3,33,30.592724981757716
1082627,1,4,33,31.457532419316724
1082627,1,5,33,29.278130812174147
1082627,1,6,33,28.432854594342842
1082627,1,7,33,27.99368195831811
1082627,1,8,33,27.885953189866807
1082627,1,9,33,33.263937306296945
1082627,1,10,33,34.55411689627376
1082627,1,11,33,33.983286043520316
1082627,1,12,33,34.6270311458627
1082627,1,13,33,35.18726780813298
1082627,1,14,33,32.63681617439688
1082627,1,15,33,32.798596972149795
1082627,1,16,33,31.15374144220666
1082627,1,17,33,31.467288711491392
1082627,1,18,33,33.95725279525128
1082627,1,19,33,33.092223905179175
1082627,2,0,29,29.15646985930138
1082627,2,1,29,28.936383263684927
1082627,2,2,29,31.509233873631572
1082627,2,3,29,30.051403768946553
1082627,2,4,29,30.014185897749343
1082627,2,5,29,33.11382459890761
1082627,2,6,29,34.06233107771249
1082627,2,7,29,33.412726903522774
1082627,2,8,29,33.186321487652314
1082627,2,9,29,32.74660861236468
1082627,2,10,29,30.884372277942173
1082627,2,11,29,31.905681372051045
1082627,2,12,29,31.843701560030336
1082627,2,13,29,34.83878746617999
1082627,2,14,29,33.51366603254378
1082627,2,15,29,31.886765246213255
1082627,2,16,29,31.658131911954833
1082627,2,17,29,32.6344821179338
1082627,2,18,29,29.88046177455181
1082627,2,19,29,28.873241148261926
1082638,1,0,26,24.742903440656814
1082638,1,1,26,23.360823407600794
1082638,1,2,26,21.83721823967761
1082638,1,3,26,21.77985718050038
1082638,1,4,26,21.71542566734072
1082638,1,5,26,21.143430784502225
1082638,1,6,26,21.12121111039524
1082638,1,7,26,21.09851300490319
1082638,1,8,26,19.27493796881548
1082638,1,9,26,18.09504393042048
1082638,1,10,26,23.41648402510598
1082638,1,11,26,23.559499035757746
1082638,1,12,26,23.146518101522883
1082638,1,13,26,22.780309599141333
1082638,1,14,26,22.518111672718064
1082638,1,15,26,26.04902045519517
1082638,1,16,26,24.383101320526258
1082638,1,17,26,23.7662909894073
1082638,1,18,26,26.08580102928362
1082638,1,19,26,26.00606187133574
1082638,2,0,21,25.472137899796575
1082638,2,1,21,25.115963693800936
1082638,2,2,21,26.404017028966788
1082638,2,3,21,26.095123345457043
1082638,2,4,21,23.985600185590336
1082638,2,5,21,23.170953010846766
1082638,2,6,21,21.533589115534873
1082638,2,7,21,25.554103759190756
1082638,2,8,21,25.350121374437194
1082638,2,9,21,25.153377054018655
1082638,2,10,21,23.41648402510598
1082638,2,11,21,23.197573736455375
1082638,2,12,21,21.127344070312464
1082638,2,13,21,22.196496790765977
1082638,2,14,21,21.882852485125625
1082638,2,15,21,21.466241361954637
1082638,2,16,21,20.959696284207652
1082638,2,17,21,20.600281210852653
1082638,2,18,21,22.791603848024504
1082639,1,0,19,23.585344252402724
1082639,1,1,19,25.115963693800936
1082639,1,2,19,24.403222399886783
1082639,1,3,19,23.486948148137763
1082639,1,4,19,21.91084879901094
1082639,1,5,19,21.01327004407686
1082639,1,6,19,21.12121111039524
1082639,1,7,19,23.9764838236092
1082639,1,8,19,23.489123883021414
1082639,1,9,19,23.667990754629244
1082639,1,10,19,20.34312517064598
1082639,1,11,19,23.197573736455375
1082639,1,12,19,22.402910172004148
1082639,1,13,19,22.196496790765977
1082639,1,14,19,21.882852485125625
1082639,1,15,19,19.891608737123747
1082639,1,16,19,20.000626720206743
1082639,1,17,19,20.600281210852653
1082639,1,18,19,20.11435484604626
1082639,1,19,19,18.963714303419362
1082639,2,0,20,25.472137899796575
1082639,2,1,20,24.950306230712744
1082639,2,2,20,24.320261042689772
1082639,2,3,20,22.77408682634524
1082639,2,4,20,21.91084879901094
1082639,2,5,20,21.01327004407686
1082639,2,6,20,20.142111267480093
1082639,2,7,20,19.072849759717258
1082639,2,8,20,19.27493796881548
1082639,2,9,20,18.09504393042048
1082639,2,10,20,18.357073480172467
1082639,2,11,20,18.68926781535919
1082639,2,12,20,16.817238719312304
1082639,2,13,20,17.582351297268012
1082639,2,14,20,17.47681727367067
1082639,2,15,20,16.626179912568677
1082639,2,16,20,20.000626720206743
1082639,2,17,20,21.901526824334628
1082639,2,18,20,21.613637595064954
1082639,2,19,20,20.095060353932652
1082642,1,0,31,20.8219494260387
1082642,1,1,31,22.279717160248122
1082642,1,2,31,19.91163411093589
1082642,1,3,31,25.55220396627169
1082642,1,4,31,28.849660362030882
1082642,1,5,31,27.377955113810664
1082642,1,6,31,27.472073493444086
1082642,1,7,31,28.688486240745565
1082642,1,8,31,27.5464771963017
1082642,1,9,31,25.50549460070744
1082642,1,10,31,26.057807751248582
1082642,1,11,31,31.905681372051045
1082642,1,12,31,30.438802274563336
1082642,1,13,31,28.890015609877402
1082642,1,14,31,28.73113125336412
1082642,1,15,31,29.488301670253648
1082642,1,16,31,29.219212237119333
1082642,1,17,31,31.040626212018605
1082642,1,18,31,30.79716273586466
1082642,1,19,31,30.8857564531587
1082642,2,0,23,24.742903440656814
1082642,2,1,23,23.360823407600794
1082642,2,2,23,23.46225018842174
1082642,2,3,23,21.77985718050038
1082642,2,4,23,21.91084879901094
1082642,2,5,23,22.090033533700577
1082642,2,6,23,21.533589115534873
1082642,2,7,23,21.09851300490319
1082642,2,8,23,21.093810301034033
1082642,2,9,23,19.86793156014888
1082642,2,10,23,19.37319992694193
1082642,2,11,23,23.197573736455375
1082642,2,12,23,23.146518101522883
1082642,2,13,23,26.328174865483547
1082642,2,14,23,26.30937097167257
1082642,2,15,23,26.04902045519517
1082642,2,16,23,26.105111665197654
1082642,2,17,23,24.174713686339388
1082642,2,18,23,25.253670616162832
1082642,2,19,23,23.0523284747198
1082647,1,0,20,20.8219494260387
1082647,1,1,20,22.279717160248122
1082647,1,2,20,19.91163411093589
1082647,1,3,20,20.662271181065137
1082647,1,4,20,20.059613160314832
1082647,1,5,20,20.840573216202493
1082647,1,6,20,19.749144734508697
1082647,1,7,20,15.957415931065903
1082647,1,8,20,19.66576688346766
1082647,1,9,20,19.325573721494017
1082647,1,10,20,18.840122850649124
1082647,1,11,20,18.558745122217516
1082647,1,12,20,17.743370991161022
1082647,1,13,20,16.978483137376397
1082647,1,14,20,16.276217689777393
1082647,1,15,20,17.147862900802203
1082647,1,16,20,17.21900964265096
1082647,1,17,20,17.112452954758297
1082647,1,18,20,21.537654652524832
1082647,1,19,20,19.883056797534763
1082647,2,0,34,24.742903440656814
1082647,2,1,34,24.950306230712744
1082647,2,2,34,24.320261042689772
1082647,2,3,34,22.77408682634524
1082647,2,4,34,25.341552764126465
1082647,2,5,34,25.83650060144446
1082647,2,6,34,28.432854594342842
1082647,2,7,34,26.608480290475587
1082647,2,8,34,30.124851364171075
1082647,2,9,34,27.734373549171103
1082647,2,10,34,25.77644147603425
1082647,2,11,34,25.774626565217428
1082647,2,12,34,25.712044790933454
1082647,2,13,34,29.157980956864066
1082647,2,14,34,27.417636272019525
1082647,2,15,34,26.885033387851056
1082647,2,16,34,24.374403458014157
1082647,2,17,34,23.933800327237485
1082647,2,18,34,28.689863404660645
1082647,2,19,34,32.62948942665597
1136565,1,0,38,29.88090225962828
1136565,1,1,38,29.818878019323314
1136565,1,2,38,28.274122164763565
1136565,1,3,38,26.96061636847153
1136565,1,4,38,31.584585982313616
1136565,1,5,38,36.76965307181554
1136565,1,6,38,38.34393415511888
1136565,1,7,38,36.16861151242343
1136565,1,8,38,37.09036183526937
1136565,1,9,38,32.665702654498624
1136565,1,10,38,33.57890489875736
1136565,1,11,38,33.6646762198529
1136565,1,12,38,31.710409416575086
1136565,1,13,38,32.29207810127457
1136565,1,14,38,31.778996018464174
1136565,1,15,38,30.192260753421674
1136565,1,16,38,35.60381060314716
1136565,1,17,38,33.57289916837815
1136565,1,18,38,33.80517171194743
1136565,1,19,38,38.211539201538
1136565,2,0,35,29.15646985930138
1136565,2,1,35,28.936383263684927
1136565,2,2,35,28.274122164763565
1136565,2,3,35,26.96061636847153
1136565,2,4,35,27.02129537852829
1136565,2,5,35,25.83650060144446
1136565,2,6,35,24.664824472614562
1136565,2,7,35,23.9764838236092
1136565,2,8,35,23.489123883021414
1136565,2,9,35,23.667990754629244
1136565,2,10,35,27.233098182048774
1136565,2,11,35,27.27921385984329
1136565,2,12,35,27.48272633438472
1136565,2,13,35,28.183831907383038
1136565,2,14,35,32.63681617439688
1136565,2,15,35,33.529958004549165
1136565,2,16,35,33.114423677515994
1136565,2,17,35,31.467288711491392
1136565,2,18,35,30.987444690585555
1136565,2,19,35,34.77873895337553
1136566,1,0,20,25.472137899796575
1136566,1,1,20,25.115963693800936
1136566,1,2,20,24.320261042689772
1136566,1,3,20,22.77408682634524
1136566,1,4,20,25.341552764126465
1136566,1,5,20,25.83650060144446
1136566,1,6,20,25.6147813868301
1136566,1,7,20,25.554103759190756
1136566,1,8,20,26.159667123907543
1136566,1,9,20,26.197008875443384
1136566,1,10,20,23.709911878896158
1136566,1,11,20,22.82360044427452
1136566,1,12,20,22.297981897652733
1136566,1,13,20,22.63280396456082
1136566,1,14,20,22.153224397866857
1136566,1,15,20,22.955332939883036
1136566,1,16,20,22.024321787348793
1136566,1,17,20,23.696361138149378
1136566,2,0,14,25.472137899796575
1136566,2,1,14,25.115963693800936
1136566,2,2,14,28.274122164763565
1136566,2,3,14,29.883326881934533
1136566,2,4,14,27.643839438710618
1136566,2,5,14,31.424033667307917
1136567,1,0,21,24.742903440656814
1136567,1,1,21,22.279717160248122
1136567,1,2,21,25.61289747519951
1136567,1,3,21,23.729051696492967
1136567,1,4,21,22.87492845105895
1136567,1,5,21,20.38477115876755
1136567,1,6,21,17.95371349049416
1136567,1,7,21,17.016731215948848
1136567,1,8,21,16.156973216941502
1136567,1,9,21,16.476842817974042
1136567,1,10,21,15.322777574166718
1136567,1,11,21,18.5252791030943
1136567,1,12,21,17.623784811630347
1136567,1,13,21,17.222261591106736
1136567,1,14,21,17.02432459020358
1136567,1,15,21,16.831992432246242
1136567,1,16,21,19.772372130386472
1136567,1,17,21,18.972309780409514
1136567,1,18,21,18.654137873601336
1136567,1,19,21,20.854951916891952
1136567,2,0,32,25.472137899796575
1136567,2,1,32,25.115963693800936
1136567,2,2,32,24.320261042689772
1136567,2,3,32,24.65607675815567
1136567,2,4,32,23.985600185590336
1136567,2,5,32,27.103211693417126
1136567,2,6,32,27.456423739771072
1136567,2,7,32,24.719025197379427
1136567,2,8,32,28.5577409303881
1136567,2,9,32,27.734373549171103
1136567,2,10,32,31.639883270714357
1136567,2,11,32,31.905681372051045
1136567,2,12,32,29.70842790784354
1136567,2,13,32,29.41241352676416
1136567,2,14,32,31.735612897572505
1136567,2,15,32,30.211307160930595
1136567,2,16,32,32.720351196658186
1136567,2,17,32,31.040626212018605
1136567,2,18,32,28.689863404660645
1136567,2,19,32,30.781882271609778
1136570,1,0,19,24.742903440656814
1136570,1,1,19,23.360823407600794
1136570,1,2,19,23.46225018842174
1136570,1,3,19,21.77985718050038
1136570,1,4,19,23.985600185590336
1136570,1,5,19,27.103211693417126
1136570,1,6,19,27.456423739771072
1136570,1,7,19,26.615281056689756
1136570,1,8,19,26.159667123907543
1136570,1,9,19,25.153377054018655
1136570,1,10,19,24.94480965669432
1136570,1,11,19,24.860756406873477
1136570,1,12,19,23.146518101522883
1136570,1,13,19,22.196496790765977
1136570,1,14,19,21.882852485125625
1136570,1,15,19,21.466241361954637
1136570,1,16,19,20.000626720206743
1136570,1,17,19,20.600281210852653
1136570,1,18,19,20.861257660337174
1136570,1,19,19,18.976418035354865
1136570,2,0,25,24.742903440656814
1136570,2,1,25,23.360823407600794
1136570,2,2,25,23.46225018842174
1136570,2,3,25,22.77408682634524
1136570,2,4,25,21.71542566734072
1136570,2,5,25,21.143430784502225
1136570,2,6,25,20.142111267480093
1136570,2,7,25,19.072849759717258
1136570,2,8,25,21.093810301034033
1136570,2,9,25,19.86793156014888
1136570,2,10,25,19.37319992694193
1136570,2,11,25,24.860756406873477
1136570,2,12,25,24.13986369182852
1136570,2,13,25,24.160534053477456
1136570,2,14,25,23.67811611685336
1136570,2,15,25,22.129072797710254
1136570,2,16,25,21.966935971495587
1136570,2,17,25,21.901526824334628
1136570,2,18,25,27.024215341265315
1136571,1,0,47,24.742903440656814
1136571,1,1,47,23.360823407600794
1136571,1,2,47,23.46225018842174
1136571,1,3,47,26.095123345457043
1136571,1,4,47,28.94336605969596
1136571,1,5,47,28.92945647520202
1136571,1,6,47,28.432854594342842
1136571,1,7,47,27.99368195831811
1136571,1,8,47,27.885953189866807
1136571,1,9,47,31.690129569759485
1136571,1,10,47,31.3815152634542
1136571,1,11,47,32.4751891303323
1136571,1,12,47,34.6270311458627
1136571,1,13,47,37.67204866850072
1136571,1,14,47,36.99769098688164
1136571,1,15,47,36.72023468279553
1136571,1,16,47,41.283842848686795
1136571,1,17,47,44.75911709049088
1136571,1,18,47,47.700217470096426
1136571,1,19,47,47.35409573502813
1136571,2,0,25,25.472137899796575
1136571,2,1,25,25.115963693800936
1136571,2,2,25,28.274122164763565
1136571,2,3,25,27.630052510715892
1136571,2,4,25,27.02129537852829
1136571,2,5,25,27.103211693417126
1136571,2,6,25,27.456423739771072
1136571,2,7,25,24.719025197379427
1136571,2,8,25,32.100913859786296
1136571,2,9,25,30.93009483133241
1136571,2,10,25,30.884372277942173
1136571,2,11,25,30.75765471140531
1136571,2,12,25,30.438802274563336
1136571,2,13,25,29.157980956864066
1136571,2,14,25,28.738653887984114
1136571,2,15,25,30.192260753421674
1136571,2,16,25,29.24405755716497
1136571,2,17,25,28.410201731444744
1136571,2,18,25,26.863449593838325
1136571,2,19,25,24.93271251577565
1136572,1,0,34,29.15646985930138
1136572,1,1,34,28.035544894061687
1136572,1,2,34,26.404017028966788
1136572,1,3,34,29.883326881934533
1136572,1,4,34,31.584585982313616
1136572,1,5,34,30.569472604540437
1136572,1,6,34,34.3052049264552
1136572,1,7,34,31.48678488894972
1136572,1,8,34,31.949284870147647
1136572,1,9,34,32.95246709408641
1136572,1,10,34,33.435456251741975
1136572,1,11,34,31.905681372051045
1136572,1,12,34,30.438802274563336
1136572,1,13,34,33.40625670572471
1136572,1,14,34,32.17982228500008
1136572,1,15,34,32.73550446517748
1136572,1,16,34,32.69290881118519
1136572,1,17,34,32.64503745740455
1136572,1,18,34,33.80517171194743
1136572,1,19,34,33.88206429803672
1136572,2,0,47,25.472137899796575
1136572,2,1,47,21.142380827709278
1136572,2,2,47,25.81334330187196
1136572,2,3,47,28.276897466200264
1136572,2,4,47,28.849660362030882
1136572,2,5,47,29.5751542013563
1136572,2,6,47,28.810907429956035
1136572,2,7,47,28.688486240745565
1136572,2,8,47,32.81786154294085
1136572,2,9,47,32.098892851039
1136572,2,10,47,31.639883270714357
1136572,2,11,47,32.50950339221278
1136572,2,12,47,31.710409416575086
1136572,2,13,47,31.23901644407659
1136572,2,14,47,31.175082636707337
1136572,2,15,47,31.19068218723907
1136572,2,16,47,33.9309565960577
1136572,2,17,47,38.562885569457386
1136572,2,18,47,42.9181438370381
1136572,2,19,47,47.769008445893526
1136573,1,0,29,24.742903440656814
1136573,1,1,29,23.360823407600794
1136573,1,2,29,26.404017028966788
1136573,1,3,29,24.65607675815567
1136573,1,4,29,27.846919499249395
1136573,1,5,29,27.13978917415464
1136573,1,6,29,25.6147813868301
1136573,1,7,29,25.554103759190756
1136573,1,8,29,25.350121374437194
1136573,1,9,29,23.55667332784838
1136573,1,10,29,23.790597345899716
1136573,1,11,29,21.041770546430644
1136573,1,12,29,21.127344070312464
1136573,1,13,29,19.498796076314445
1136573,1,14,29,25.215725962974123
1136573,1,15,29,24.835938399926725
1136573,1,16,29,29.57428696675649
1136573,1,17,29,28.348537132563024
1136573,1,18,29,30.987444690585555
1136573,1,19,29,29.185557729301127
1136573,2,0,13,24.742903440656814
1136573,2,1,13,23.360823407600794
1136573,2,2,13,19.91163411093589
1136573,2,3,13,23.729051696492967
1136573,2,4,13,22.87492845105895
1136573,2,5,13,22.519580796635488
1136573,2,6,13,22.530694318573886
1136573,2,7,13,21.352970241600246
1136573,2,8,13,20.898841677046786
1136573,2,9,13,20.008364360026235
1136573,2,10,13,20.03482236278363
1136573,2,11,13,19.112971799599464
1136573,2,12,13,22.297981897652733
1136573,2,13,13,21.696603621399905
1136573,2,14,13,19.044283302752113
1136576,1,0,23,25.472137899796575
1136576,1,1,23,24.950306230712744
1136576,1,2,23,23.46225018842174
1136576,1,3,23,21.77985718050038
1136576,1,4,23,21.71542566734072
1136576,1,5,23,23.653681381451143
1136576,1,6,23,23.084146004817416
1136576,1,7,23,21.5673308014796
1136576,1,8,23,21.717984876378843
1136576,1,9,23,20.997447982593517
1136576,1,10,23,20.34312517064598
1136576,1,11,23,21.041770546430644
1136576,1,12,23,21.127344070312464
1136576,1,13,23,22.196496790765977
1136576,1,14,23,21.882852485125625
1136576,1,15,23,21.466241361954637
1136576,1,16,23,20.000626720206743
1136576,1,17,23,24.174713686339388
1136576,1,18,23,23.579106211753768
1136576,1,19,23,23.10075869271065
1136576,2,0,17,24.742903440656814
1136576,2,1,17,28.035544894061687
1136576,2,2,17,26.404017028966788
1136576,2,3,17,24.65607675815567
1136576,2,4,17,22.87492845105895
1136576,2,5,17,21.872810395839426
1136576,2,6,17,21.567068813712478
1136576,2,7,17,21.254789604802983
1136576,2,8,17,20.642131500104572
1136576,2,9,17,19.325573721494017
1136576,2,10,17,18.840122850649124
1136576,2,11,17,18.558745122217516
1136576,2,12,17,21.90483740959712
1136576,2,13,17,19.920728317342192
1136576,2,14,17,18.58001699133127
1136576,2,15,17,18.51215918914052
1136576,2,16,17,17.21900964265096
1136576,2,17,17,17.112452954758297
1136576,2,18,17,18.06915038870347
1136576,2,19,17,17.105002276997762
1136583,1,0,14,24.742903440656814
1136583,1,1,14,22.279717160248122
1136583,1,2,14,21.421224881279574
1136583,1,3,14,23.702227394177527
1136583,1,4,14,24.479295876893694
1136583,1,5,14,27.377955113810664
1136583,1,6,14,26.122592976274504
1136583,1,7,14,26.608480290475587
1136583,1,8,14,25.05881790766175
1136583,1,9,14,24.09084063078982
1136583,1,10,14,22.754989733137677
1136583,1,11,14,22.82360044427452
1136583,1,12,14,22.297981897652733
1136583,1,13,14,21.696603621399905
1136583,1,14,14,20.1156368251041
1136583,1,15,14,18.51215918914052
1136583,1,16,14,17.21900964265096
1136583,1,17,14,17.112452954758297
1136583,1,18,14,16.066538346979517
1136583,2,0,11,24.742903440656814
1136583,2,1,11,23.360823407600794
1136583,2,2,11,21.83721823967761
1136583,2,3,11,19.527388889215956
1136583,2,4,11,17.984289508254356
1136583,2,5,11,16.351357088939565
1136583,2,6,11,15.246589782913489
1136583,2,7,11,14.86921245325063
1136583,2,8,11,20.642131500104572
1136583,2,9,11,20.008364360026235
1136583,2,10,11,20.03482236278363
1136583,2,11,11,19.112971799599464
1136583,2,12,11,19.826930439562016
1136583,2,13,11,18.1881363802133
1136583,2,14,11,17.192363395817065
1136583,2,15,11,15.134074622085778
1136583,2,16,11,14.918222362059817
1136583,2,17,11,13.515904241597275
1136583,2,18,11,13.524427348616245
1136584,1,0,25,24.742903440656814
1136584,1,1,25,24.950306230712744
1136584,1,2,25,24.320261042689772
1136584,1,3,25,22.77408682634524
1136584,1,4,25,21.71542566734072
1136584,1,5,25,21.143430784502225
1136584,1,6,25,20.142111267480093
1136584,1,7,25,19.072849759717258
1136584,1,8,25,21.093810301034033
1136584,1,9,25,20.717752670994727
1136584,1,10,25,20.34312517064598
1136584,1,11,25,26.747809075969354
1136584,1,12,25,25.50446264597371
1136584,1,13,25,24.160534053477456
1136584,1,14,25,22.153224397866857
1136584,1,15,25,21.12890065935314
1136584,1,16,25,21.33930376371215
1136584,1,17,25,23.84888873885836
1136584,1,18,25,22.341656336899458
1136584,1,19,25,25.078218001148393
1136584,2,0,31,20.8219494260387
1136584,2,1,31,21.142380827709278
1136584,2,2,31,21.339699686523552
1136584,2,3,31,20.822045774888537
1136584,2,4,31,24.479295876893694
1136584,2,5,31,24.41749182529953
1136584,2,6,31,24.748159065198795
1136584,2,7,31,24.83212645329974
1136584,2,8,31,20.572303441543045
1136584,2,9,31,20.645537033996234
1136584,2,10,31,18.993431483769314
1136584,2,11,31,19.290684120870424
1136584,2,12,31,18.65884465383204
1136584,2,13,31,17.617123119553256
1136584,2,14,31,17.8022427880206
1136584,2,15,31,24.27376758963587
1136584,2,16,31,26.785663574431958
1136584,2,17,31,26.98464299447185
1136584,2,18,31,26.840895942275242
1136584,2,19,31,30.8857564531587
1136588,1,0,25,25.472137899796575
1136588,1,1,25,25.115963693800936
1136588,1,2,25,24.403222399886783
1136588,1,3,25,23.486948148137763
1136588,1,4,25,21.91084879901094
1136588,1,5,25,23.170953010846766
1136588,1,6,25,23.084146004817416
1136588,1,7,25,23.568800655949083
1136588,1,8,25,26.159667123907543
1136588,1,9,25,25.153377054018655
1136588,1,10,25,27.233098182048774
1136588,1,11,25,27.27921385984329
1136588,1,12,25,26.22384959135618
1136588,1,13,25,27.22828634952912
1136588,1,14,25,30.078738170024234
1136588,1,15,25,30.344310792079913
1136588,1,16,25,29.57428696675649
1136588,1,17,25,27.38563176878347
1136588,1,18,25,25.774648090156983
1136588,1,19,25,24.93271251577565
1136588,2,0,21,24.742903440656814
1136588,2,1,21,28.035544894061687
1136588,2,2,21,27.341176370106144
1136588,2,3,21,26.96061636847153
1136588,2,4,21,27.02129537852829
1136588,2,5,21,27.13978917415464
1136588,2,6,21,26.858637583725216
1136588,2,7,21,26.615281056689756
1136588,2,8,21,26.159667123907543
1136588,2,9,21,25.153377054018655
1136588,2,10,21,24.94480965669432
1136588,2,11,21,25.375848944973377
1136588,2,12,21,26.22384959135618
1136588,2,13,21,24.516468349412538
1136588,2,14,21,24.26431830566878
1136588,2,15,21,24.09352821330091
1136588,2,16,21,23.75569020318456
1136588,2,17,21,23.696361138149378
1136588,2,18,21,21.537654652524832
1136588,2,19,21,20.834438610469345
1136597,1,0,29,24.742903440656814
1136597,1,1,29,25.115963693800936
1136597,1,2,29,24.403222399886783
1136597,1,3,29,27.630052510715892
1136597,1,4,29,27.846919499249395
1136597,1,5,29,27.13978917415464
1136597,1,6,29,25.6147813868301
1136597,1,7,29,27.99368195831811
1136597,1,8,29,32.49648023229994
1136597,1,9,29,31.690129569759485
1136597,1,10,29,30.383930651676213
1136597,1,11,29,30.954027188667045
1136597,1,12,29,30.76207548896459
1136597,1,13,29,29.81533741906028
1136597,1,14,29,30.078738170024234
1136597,1,15,29,32.798596972149795
1136597,1,16,29,31.15374144220666
1136597,1,17,29,30.357269480702065
1136597,1,18,29,29.804963803590972
1136597,1,19,29,29.285275776217613
1136597,2,0,35,24.742903440656814
1136597,2,1,35,28.035544894061687
1136597,2,2,35,26.404017028966788
1136597,2,3,35,24.65607675815567
1136597,2,4,35,30.014185897749343
1136597,2,5,35,28.92945647520202
1136597,2,6,35,28.432854594342842
1136597,2,7,35,34.69217486174198
1136597,2,8,35,37.09036183526937
1136597,2,9,35,34.63934266137901
1136597,2,10,35,34.236244083653986
1136597,2,11,35,34.00543438701063
1136597,2,12,35,34.12855705008059
1136597,2,13,35,33.81970591673071
1136597,2,14,35,32.63681617439688
1136597,2,15,35,31.526671719439058
1136597,2,16,35,34.44109473008995
1136597,2,17,35,33.225213392719745
1136597,2,18,35,35.535497544457954
1136597,2,19,35,34.77873895337553
1136606,1,0,13,24.742903440656814
1136606,1,1,13,23.360823407600794
1136606,1,2,13,21.83721823967761
1136606,1,3,13,21.66116504271487
1136606,1,4,13,20.50407625304267
1136606,1,5,13,21.143430784502225
1136606,1,6,13,20.142111267480093
1136606,1,7,13,19.072849759717258
1136606,1,8,13,19.145014585174525
1136606,1,9,13,18.316356006256232
1136606,1,10,13,17.13689066250992
1136606,1,11,13,16.324325120960165
1136606,1,12,13,16.817238719312304
1136606,1,13,13,17.582351297268012
1136606,1,14,13,14.96745572423947
1136606,1,15,13,13.412407455647124
1136606,1,16,13,13.475252553298466
1136606,1,17,13,12.641359750519015
1136606,1,18,13,12.473020624305219
1136606,1,19,13,12.880491636347381
1136606,2,0,34,25.472137899796575
1136606,2,1,34,25.115963693800936
1136606,2,2,34,31.72000787980892
1136606,2,3,34,30.051403768946553
1136606,2,4,34,30.014185897749343
1136606,2,5,34,29.278130812174147
1136606,2,6,34,28.432854594342842
1136606,2,7,34,27.99368195831811
1136606,2,8,34,27.386374793210667
1136606,2,9,34,30.57053816384797
1136606,2,10,34,30.383930651676213
1136606,2,11,34,29.130330315762617
1136606,2,12,34,32.33819898927599
1136606,2,13,34,31.739334460244724
1136606,2,14,34,31.481842177017896
1136606,2,15,34,33.529958004549165
1136606,2,16,34,32.12448502230624
1136606,2,17,34,36.22628244691205
1136606,2,18,34,35.535497544457954
1136608,1,0,19,24.742903440656814
1136608,1,1,19,29.818878019323314
1136608,1,2,19,28.274122164763565
1136608,1,3,19,30.592724981757716
1136608,1,4,19,28.849660362030882
1136608,1,5,19,29.5751542013563
1136608,1,6,19,27.472073493444086
1136608,1,7,19,33.13663110143428
1136608,1,8,19,32.81786154294085
1136608,1,9,19,32.098892851039
1136608,1,10,19,30.884372277942173
1136608,1,11,19,29.225068481327888
1136608,1,12,19,28.53811197783354
1136608,1,13,19,24.85948178434254
1136608,1,14,19,24.49154277329567
1136608,1,15,19,22.352506889939676
1136608,2,0,25,29.15646985930138
1136608,2,1,25,29.818878019323314
1136608,2,2,25,28.274122164763565
1136608,2,3,25,26.96061636847153
1136608,2,4,25,30.014185897749343
1136608,2,5,25,34.55584740670753
1136608,2,6,25,39.382266999667436
1136608,2,7,25,39.12899359063111
1136608,2,8,25,39.9935469155317
1136611,1,0,22,20.8219494260387
1136611,1,1,22,21.142380827709278
1136611,1,2,22,21.421224881279574
1136611,1,3,22,20.822045774888537
1136611,1,4,22,21.61389867942259
1136611,1,5,22,20.840573216202493
1136611,1,6,22,21.36751097058006
1136611,1,7,22,21.254789604802983
1136611,1,8,22,19.66576688346766
1136611,1,9,22,19.325573721494017
1136611,1,10,22,18.840122850649124
1136611,1,11,22,18.558745122217516
1136611,1,12,22,17.976717101468825
1136611,1,13,22,17.42163594657435
1136611,1,14,22,16.276217689777393
1136611,1,15,22,15.254340331185633
1136611,1,16,22,20.69487528268247
1136611,1,17,22,20.36948358025645
1136611,1,18,22,19.941658883158553
1136611,1,19,22,21.937311745337926
1136611,2,0,43,23.585344252402724
1136611,2,1,43,24.14291735907651
1136611,2,2,43,24.403222399886783
1136611,2,3,43,23.486948148137763
1136611,2,4,43,28.94336605969596
1136611,2,5,43,31.188723014008126
1136611,2,6,43,31.789149689606845
1136611,2,7,43,30.245000643082868
1136611,2,8,43,30.124851364171075
1136611,2,9,43,30.129041335160533
1136611,2,10,43,28.689158317988312
1136611,2,11,43,26.70476437832041
1136611,2,12,43,31.710409416575086
1136611,2,13,43,36.59274249426366
1136611,2,14,43,42.28913493724566
1136611,2,15,43,43.779176185479606
1136611,2,16,43,41.94925337197445
1136611,2,17,43,42.31378194856996
1136611,2,18,43,44.072057250077926
1136611,2,19,43,43.18975080248359
1175358,1,0,39,24.742903440656814
1175358,1,1,39,23.360823407600794
1175358,1,2,39,26.404017028966788
1175358,1,3,39,29.883326881934533
1175358,1,4,39,28.94336605969596
1175358,1,5,39,28.92945647520202
1175358,1,6,39,29.42374728118146
1175358,1,7,39,29.240955932521953
1175358,1,8,39,28.70074013748971
1175358,1,9,39,27.564592884228688
1175358,1,10,39,27.233098182048774
1175358,1,11,39,27.27921385984329
1175358,1,12,39,25.712044790933454
1175358,1,13,39,25.391780241777287
1175358,1,14,39,31.175082636707337
1175358,1,15,39,35.08986231555389
1175358,1,16,39,39.81851982602469
1175358,1,17,39,37.495730047849904
1175358,1,18,39,40.081318477012374
1175358,1,19,39,38.88522414560197
1175358,2,0,33,25.472137899796575
1175358,2,1,33,24.950306230712744
1175358,2,2,33,24.320261042689772
1175358,2,3,33,22.77408682634524
1175358,2,4,33,21.71542566734072
1175358,2,5,33,21.01327004407686
1175358,2,6,33,20.142111267480093
1175358,2,7,33,25.554103759190756
1175358,2,8,33,25.350121374437194
1175358,2,9,33,27.564592884228688
1175358,2,10,33,26.79962845605105
1175358,2,11,33,27.27921385984329
1175358,2,12,33,27.48272633438472
1175358,2,13,33,27.22828634952912
1175358,2,14,33,25.714700508958824
1175358,2,15,33,30.192260753421674
1175358,2,16,33,32.69290881118519
1175358,2,17,33,35.60834243950645
1175358,2,18,33,34.34541023577085
1175358,2,19,33,33.120545034439814
1175359,1,0,23,24.742903440656814
1175359,1,1,23,23.360823407600794
1175359,1,2,23,23.46225018842174
1175359,1,3,23,22.77408682634524
1175359,1,4,23,21.91084879901094
1175359,1,5,23,21.01327004407686
1175359,1,6,23,20.142111267480093
1175359,1,7,23,19.433627762900244
1175359,1,8,23,19.145014585174525
1175359,1,9,23,20.997447982593517
1175359,1,10,23,20.045097175075856
1175359,1,11,23,18.786074680546275
1175359,1,12,23,18.740146252053645
1175359,1,13,23,18.602067681229034
1175359,1,14,23,21.882852485125625
1175359,1,15,23,21.466241361954637
1175359,1,16,23,20.000626720206743
1175359,1,17,23,19.677945458958668
1175359,1,18,23,19.274725926127438
1175359,1,19,23,23.10075869271065
1175359,2,0,29,29.15646985930138
1175359,2,1,29,28.035544894061687
1175359,2,2,29,26.404017028966788
1175359,2,3,29,30.592724981757716
1175359,2,4,29,30.014185897749343
1175359,2,5,29,33.11382459890761
1175359,2,6,29,34.06233107771249
1175359,2,7,29,35.68040779883829
1175359,2,8,29,35.08879678300493
1175359,2,9,29,34.63934266137901
1175359,2,10,29,34.236244083653986
1175359,2,11,29,33.983286043520316
1175359,2,12,29,35.57344691393377
1175359,2,13,29,35.18726780813298
1175359,2,14,29,34.42943586403333
1175359,2,15,29,33.529958004549165
1175359,2,16,29,31.632742145195248
1175359,2,17,29,29.905803991434766
1175359,2,18,29,29.623545182086968
1175359,2,19,29,29.22268603998925
1175362,1,0,26,24.742903440656814
1175362,1,1,26,28.035544894061687
1175362,1,2,26,27.341176370106144
1175362,1,3,26,26.095123345457043
1175362,1,4,26,28.94336605969596
1175362,1,5,26,31.188723014008126
1175362,1,6,26,31.789149689606845
1175362,1,7,26,29.996034311037644
1175362,1,8,26,30.20533083481143
1175362,1,9,26,30.57053816384797
1175362,1,10,26,30.383930651676213
1175362,1,11,26,29.594427210976626
1175362,1,12,26,32.44334416926998
1175362,1,13,26,32.823453176978944
1175362,1,14,26,32.065227255421604
1175362,1,15,26,30.192260753421674
1175362,1,16,26,29.580267732690245
1175362,1,17,26,28.410201731444744
1175362,1,18,26,26.863449593838325
1175362,1,19,26,25.965987836684683
1175362,2,0,34,25.472137899796575
1175362,2,1,34,25.115963693800936
1175362,2,2,34,31.72000787980892
1175362,2,3,34,34.31668541029089
1175362,2,4,34,38.97358215010772
1175362,2,5,34,34.55584740670753
1175362,2,6,34,32.50650783260322
1175362,2,7,34,34.69217486174198
1175362,2,8,34,33.186321487652314
1175362,2,9,34,32.74660861236468
1175362,2,10,34,32.07642983885729
1175362,2,11,34,36.2593706859917
1175362,2,12,34,36.74653534007719
1175362,2,13,34,35.10481707958828
1175362,2,14,34,35.02481446755293
1175362,2,15,34,39.9860725684314
1175362,2,16,34,39.8617338049594
1175362,2,17,34,36.22628244691205
1175362,2,18,34,35.535497544457954
1175362,2,19,34,33.95157512471508
1175365,1,0,35,23.585344252402724
1175365,1,1,35,24.14291735907651
1175365,1,2,35,24.403222399886783
1175365,1,3,35,24.65607675815567
1175365,1,4,35,23.695912870275997
1175365,1,5,35,21.872810395839426
1175365,1,6,35,24.748159065198795
1175365,1,7,35,24.83212645329974
1175365,1,8,35,27.5464771963017
1175365,1,9,35,25.50549460070744
1175365,1,10,35,26.057807751248582
1175365,1,11,35,31.905681372051045
1175365,1,12,35,30.438802274563336
1175365,1,13,35,29.630699577115674
1175365,1,14,35,34.348067685611475
1175365,1,15,35,39.27822071859661
1175365,1,16,35,39.66622239751491
1175365,1,17,35,37.495730047849904
1175365,1,18,35,35.51858973300041
1175365,1,19,35,34.82483530464026
1175365,2,0,31,29.15646985930138
1175365,2,1,31,31.249441490702488
1175365,2,2,31,31.72000787980892
1175365,2,3,31,30.051403768946553
1175365,2,4,31,28.94336605969596
1175365,2,5,31,27.103211693417126
1175365,2,6,31,27.456423739771072
1175365,2,7,31,33.412726903522774
1175365,2,8,31,33.186321487652314
1175365,2,9,31,32.74660861236468
1175365,2,10,31,34.236244083653986
1175365,2,11,31,33.6646762198529
1175365,2,12,31,34.3924277543919
1175365,2,13,31,33.40625670572471
1175365,2,14,31,33.51366603254378
1175365,2,15,31,32.73550446517748
1175365,2,16,31,32.69290881118519
1175365,2,17,31,32.64503745740455
1175365,2,18,31,31.870434854191554
1175365,2,19,31,30.8857564531587
1175365,3,0,1,25.472137899796575
1175365,4,0,1,25.472137899796575
1175369,1,0,26,25.472137899796575
1175369,1,1,26,25.115963693800936
1175369,1,2,26,24.403222399886783
1175369,1,3,26,27.630052510715892
1175369,1,4,26,27.846919499249395
1175369,1,5,26,27.103211693417126
1175369,1,6,26,26.858637583725216
1175369,1,7,26,29.240955932521953
1175369,1,8,26,27.885953189866807
1175369,1,9,26,27.564592884228688
1175369,1,10,26,26.79962845605105
1175369,1,11,26,26.747809075969354
1175369,1,12,26,25.50446264597371
1175369,1,13,26,24.160534053477456
1175369,1,14,26,23.67811611685336
1175369,1,15,26,23.904362077873273
1175369,1,16,26,26.105111665197654
1175369,1,17,26,25.43244987411615
1175369,1,18,26,23.579106211753768
1175369,1,19,26,26.00606187133574
1175369,2,0,31,25.472137899796575
1175369,2,1,31,24.950306230712744
1175369,2,2,31,27.341176370106144
1175369,2,3,31,26.095123345457043
1175369,2,4,31,25.341552764126465
1175369,2,5,31,25.83650060144446
1175369,2,6,31,25.6147813868301
1175369,2,7,31,25.554103759190756
1175369,2,8,31,27.885953189866807
1175369,2,9,31,28.036770517067403
1175369,2,10,31,27.233098182048774
1175369,2,11,31,29.130330315762617
1175369,2,12,31,27.48272633438472
1175369,2,13,31,26.328174865483547
1175369,2,14,31,26.30937097167257
1175369,2,15,31,26.04902045519517
1175369,2,16,31,30.07993333923848
1175369,2,17,31,28.348537132563024
1175369,2,18,31,26.863449593838325
1175369,2,19,31,30.869728071650044
1178399,1,0,27,24.742903440656814
1178399,1,1,27,23.360823407600794
1178399,1,2,27,23.46225018842174
1178399,1,3,27,22.77408682634524
1178399,1,4,27,27.846919499249395
1178399,1,5,27,27.13978917415464
1178399,1,6,27,26.858637583725216
1178399,1,7,27,25.554103759190756
1178399,1,8,27,23.489123883021414
1178399,1,9,27,28.036770517067403
1178399,1,10,27,27.233098182048774
1178399,1,11,27,27.27921385984329
1178399,1,12,27,27.48272633438472
1178399,1,13,27,26.328174865483547
1178399,1,14,27,24.26431830566878
1178399,1,15,27,24.09352821330091
1178399,1,16,27,24.386918893002797
1178399,1,17,27,23.84888873885836
1178399,1,18,27,24.974954080574232
1178399,1,19,27,26.874511746373564
1178399,2,0,28,24.742903440656814
1178399,2,1,28,24.950306230712744
1178399,2,2,28,26.404017028966788
1178399,2,3,28,24.65607675815567
1178399,2,4,28,27.846919499249395
1178399,2,5,28,27.103211693417126
1178399,2,6,28,26.858637583725216
1178399,2,7,28,26.615281056689756
1178399,2,8,28,25.350121374437194
1178399,2,9,28,25.153377054018655
1178399,2,10,28,30.383930651676213
1178399,2,11,28,28.171476614817855
1178399,2,12,28,28.284334712790464
1178399,2,13,28,29.157980956864066
1178399,2,14,28,27.590867960126683
1178399,2,15,28,26.003843566063743
1178399,2,16,28,30.83437790568898
1178399,2,17,28,29.379177411408534
1178399,2,18,28,27.918083963302852
1178399,2,19,28,28.02576162717604
1178405,1,0,21,24.742903440656814
1178405,1,1,21,24.950306230712744
1178405,1,2,21,23.46225018842174
1178405,1,3,21,21.77985718050038
1178405,1,4,21,23.985600185590336
1178405,1,5,21,23.170953010846766
1178405,1,6,21,23.084146004817416
1178405,1,7,21,21.352970241600246
1178405,1,8,21,20.898841677046786
1178405,1,9,21,20.008364360026235
1178405,1,10,21,22.754989733137677
1178405,1,11,21,25.774626565217428
1178405,1,12,21,25.712044790933454
1178405,1,13,21,25.391780241777287
1178405,1,14,21,25.714700508958824
1178405,1,15,21,25.160745437090462
1178405,1,16,21,23.75569020318456
1178405,1,17,21,21.597578383731644
1178405,1,18,21,21.31422405103138
1178405,1,19,21,20.854951916891952
1178405,2,0,13,25.472137899796575
1178405,2,1,13,25.115963693800936
1178405,2,2,13,24.403222399886783
1178405,2,3,13,23.486948148137763
1178405,2,4,13,23.695912870275997
1178405,2,5,13,23.170953010846766
1178405,2,6,13,23.084146004817416
1178405,2,7,13,21.5673308014796
1178405,2,8,13,21.717984876378843
1178405,2,9,13,20.997447982593517
1178405,2,10,13,20.045097175075856
1178405,2,11,13,19.47009853297404
1178405,2,12,13,18.740146252053645
1178405,2,13,13,18.602067681229034
1178405,2,14,13,18.53230446939363
1178405,2,15,13,18.45103349620151
1178405,2,16,13,17.890920738405526
1178405,2,17,13,16.127457719001317
1178405,2,18,13,14.58288925836769
1178409,1,0,30,23.585344252402724
1178409,1,1,30,24.14291735907651
1178409,1,2,30,24.403222399886783
1178409,1,3,30,30.051403768946553
1178409,1,4,30,30.014185897749343
1178409,1,5,30,29.278130812174147
1178409,1,6,30,29.42374728118146
1178409,1,7,30,29.240955932521953
1178409,1,8,30,33.186321487652314
1178409,1,9,30,32.74660861236468
1178409,1,10,30,31.3815152634542
1178409,1,11,30,30.954027188667045
1178409,1,12,30,29.631980171800283
1178409,1,13,30,28.183831907383038
1178409,1,14,30,27.875432622192367
1178409,1,15,30,26.490042822432816
1178409,1,16,30,29.57428696675649
1178409,1,17,30,28.348537132563024
1178409,1,18,30,30.987444690585555
1178409,1,19,30,30.115648445725018
1178409,2,0,22,24.742903440656814
1178409,2,1,22,25.115963693800936
1178409,2,2,22,24.403222399886783
1178409,2,3,22,30.051403768946553
1178409,2,4,22,30.014185897749343
1178409,2,5,22,28.92945647520202
1178409,2,6,22,28.432854594342842
1178409,2,7,22,27.99368195831811
1178409,2,8,22,27.386374793210667
1178409,2,9,22,27.05601379396031
1178409,2,10,22,26.79962845605105
1178409,2,11,22,25.375848944973377
1178409,2,12,22,26.22384959135618
1178409,2,13,22,24.80330484327676
1178409,2,14,22,27.875432622192367
1178409,2,15,22,26.490042822432816
1178409,2,16,22,24.386918893002797
1178409,2,17,22,23.696361138149378
1178409,2,18,22,22.58972632146498
1178409,2,19,22,21.937311745337926
1178422,1,0,35,24.742903440656814
1178422,1,1,35,24.950306230712744
1178422,1,2,35,24.320261042689772
1178422,1,3,35,23.486948148137763
1178422,1,4,35,23.695912870275997
1178422,1,5,35,27.13978917415464
1178422,1,6,35,26.858637583725216
1178422,1,7,35,26.615281056689756
1178422,1,8,35,28.70074013748971
1178422,1,9,35,27.564592884228688
1178422,1,10,35,27.233098182048774
1178422,1,11,35,27.27921385984329
1178422,1,12,35,26.22384959135618
1178422,1,13,35,31.739334460244724
1178422,1,14,35,31.481842177017896
1178422,1,15,35,33.529958004549165
1178422,1,16,35,32.12448502230624
1178422,1,17,35,31.467288711491392
1178422,1,18,35,30.987444690585555
1178422,1,19,35,34.77873895337553
1178422,2,0,25,29.15646985930138
1178422,2,1,25,28.035544894061687
1178422,2,2,25,27.341176370106144
1178422,2,3,25,26.095123345457043
1178422,2,4,25,23.985600185590336
1178422,2,5,25,23.653681381451143
1178422,2,6,25,27.456423739771072
1178422,2,7,25,27.43116190788029
1178422,2,8,25,26.159667123907543
1178422,2,9,25,26.197008875443384
1178422,2,10,25,26.081249719974664
1178422,2,11,25,30.954027188667045
1178422,2,12,25,29.631980171800283
1178422,2,13,25,29.217120097539947
1178422,2,14,25,28.835323789714877
1178422,2,15,25,28.870797453972806
1178422,2,16,25,29.57428696675649
1178422,2,17,25,27.38563176878347
1178422,2,18,25,25.774648090156983
1178422,2,19,25,24.93271251577565
1178427,1,0,26,29.15646985930138
1178427,1,1,26,28.035544894061687
1178427,1,2,26,27.341176370106144
1178427,1,3,26,26.96061636847153
1178427,1,4,26,27.846919499249395
1178427,1,5,26,27.13978917415464
1178427,1,6,26,26.858637583725216
1178427,1,7,26,26.615281056689756
1178427,1,8,26,26.159667123907543
1178427,1,9,26,25.153377054018655
1178427,1,10,26,24.94480965669432
1178427,1,11,26,24.860756406873477
1178427,1,12,26,24.13986369182852
1178427,1,13,26,24.80330484327676
1178427,1,14,26,25.215725962974123
1178427,1,15,26,23.904362077873273
1178427,1,16,26,26.105111665197654
1178427,1,17,26,25.43244987411615
1178427,1,18,26,23.579106211753768
1178427,1,19,26,26.00606187133574
1178427,2,0,26,24.742903440656814
1178427,2,1,26,24.950306230712744
1178427,2,2,26,23.46225018842174
1178427,2,3,26,23.486948148137763
1178427,2,4,26,23.985600185590336
1178427,2,5,26,22.519580796635488
1178427,2,6,26,22.530694318573886
1178427,2,7,26,22.61948136160815
1178427,2,8,26,23.002360659815018
1178427,2,9,26,23.08245798035622
1178427,2,10,26,22.754989733137677
1178427,2,11,26,21.80950386854146
1178427,2,12,26,21.90483740959712
1178427,2,13,26,26.910717962490004
1178427,2,14,26,26.587042677245552
1178427,2,15,26,26.848691443141316
1178427,2,16,26,26.808007504097745
1178427,2,17,26,29.379177411408534
1178428,1,0,12,25.472137899796575
1178428,1,1,12,21.142380827709278
1178428,1,2,12,21.339699686523552
1178428,1,3,12,25.55220396627169
1178428,1,4,12,24.479295876893694
1178428,1,5,12,23.586478619101754
1178428,1,6,12,23.562541030341645
1178428,1,7,12,22.61948136160815
1178428,1,8,12,23.002360659815018
1178428,1,9,12,22.281335045718894
1178428,1,10,12,20.161109962636218
1178428,1,11,12,19.112971799599464
1178428,1,12,12,17.976717101468825
1178428,1,13,12,17.42163594657435
1178428,1,14,12,16.276217689777393
1178428,1,15,12,15.193527849728627
1178428,1,16,12,16.16374603957701
1178428,1,17,12,14.444149262842197
1178428,1,18,12,13.211723219874798
1178428,1,19,12,11.887452260118183
1178428,2,0,25,25.472137899796575
1178428,2,1,25,24.950306230712744
1178428,2,2,25,27.341176370106144
1178428,2,3,25,26.095123345457043
1178428,2,4,25,23.985600185590336
1178428,2,5,25,27.103211693417126
1178428,2,6,25,27.456423739771072
1178428,2,7,25,27.43116190788029
1178428,2,8,25,26.159667123907543
1178428,2,9,25,26.197008875443384
1178428,2,10,25,26.081249719974664
1178428,2,11,25,24.860756406873477
1178428,2,12,25,24.13986369182852
1178428,2,13,25,22.780309599141333
1178428,2,14,25,26.30937097167257
1178428,2,15,25,26.04902045519517
1178428,2,16,25,30.07993333923848
1178431,1,0,26,25.472137899796575
1178431,1,1,26,25.115963693800936
1178431,1,2,26,31.72000787980892
1178431,1,3,26,29.883326881934533
1178431,1,4,26,27.846919499249395
1178431,1,5,26,27.13978917415464
1178431,1,6,26,25.6147813868301
1178431,1,7,26,23.9764838236092
1178431,1,8,26,23.163667834076374
1178431,1,9,26,23.667990754629244
1178431,1,10,26,20.34312517064598
1178431,1,11,26,21.041770546430644
1178431,1,12,26,19.852809381376208
1178431,1,13,26,24.80330484327676
1178431,1,14,26,25.215725962974123
1178431,1,15,26,24.835938399926725
1178431,1,16,26,29.57428696675649
1178431,1,17,26,28.348537132563024
1178431,1,18,26,28.04607357540175
1178431,1,19,26,25.965987836684683
1178431,2,0,20,25.472137899796575
1178431,2,1,20,24.14291735907651
1178431,2,2,20,26.404017028966788
1178431,2,3,20,24.65607675815567
1178431,2,4,20,23.695912870275997
1178431,2,5,20,23.170953010846766
1178431,2,6,20,21.533589115534873
1178431,2,7,20,21.5673308014796
1178431,2,8,20,21.093810301034033
1178431,2,9,20,20.717752670994727
1178431,2,10,20,19.37319992694193
1178431,2,11,20,18.68926781535919
1178431,2,12,20,18.57622389446276
1178431,2,13,20,20.800277136403704
1178431,2,14,20,20.553830099758443
1178431,2,15,20,19.891608737123747
1178431,2,16,20,25.140941810964772
1216499,1,0,26,24.742903440656814
1216499,1,1,26,23.360823407600794
1216499,1,2,26,21.83721823967761
1216499,1,3,26,21.66116504271487
1216499,1,4,26,23.695912870275997
1216499,1,5,26,27.13978917415464
1216499,1,6,26,26.858637583725216
1216499,1,7,26,27.43116190788029
1216499,1,8,26,27.386374793210667
1216499,1,9,26,26.197008875443384
1216499,1,10,26,29.57848329260944
1216499,1,11,26,29.130330315762617
1216499,1,12,26,28.34069864239359
1216499,1,13,26,27.22828634952912
1216499,1,14,26,26.30937097167257
1216499,1,15,26,26.04902045519517
1216499,1,16,26,24.383101320526258
1216499,1,17,26,27.2227888403567
1216499,1,18,26,26.08580102928362
1216499,1,19,26,26.00606187133574
1216499,2,0,39,24.742903440656814
1216499,2,1,39,25.115963693800936
1216499,2,2,39,28.274122164763565
1216499,2,3,39,34.31668541029089
1216499,2,4,39,31.584585982313616
1216499,2,5,39,34.55584740670753
1216499,2,6,39,35.68168643609958
1216499,2,7,39,34.73310395750088
1216499,2,8,39,33.93203012103466
1216499,2,9,39,33.263937306296945
1216499,2,10,39,33.69586391155677
1216499,2,11,39,37.44921304734449
1216499,2,12,39,36.74653534007719
1216499,2,13,39,35.10481707958828
1216499,2,14,39,34.42943586403333
1216499,2,15,39,33.529958004549165
1216499,2,16,39,35.79709376750223
1216499,2,17,39,33.736860811124835
1216499,2,18,39,37.12045147009633
1216499,2,19,39,38.92037347463539
1216502,1,0,18,25.472137899796575
1216502,1,1,18,28.936383263684927
1216502,1,2,18,27.341176370106144
1216502,1,3,18,30.051403768946553
1216502,1,4,18,28.94336605969596
1216502,1,5,18,27.103211693417126
1216502,1,6,18,26.858637583725216
1216502,1,7,18,27.43116190788029
1216502,1,8,18,27.386374793210667
1216502,1,9,18,27.05601379396031
1216502,1,10,18,25.108676871908894
1216502,1,11,18,23.99362090367843
1216502,1,12,18,23.810129776027043
1216502,1,13,18,22.63280396456082
1216502,1,14,18,22.153224397866857
1216502,1,15,18,21.12890065935314
1216502,1,16,18,20.69487528268247
1216502,1,17,18,19.755442037679497
1216502,1,18,18,19.222069460496442
1216502,1,19,18,18.1734912120629
1216502,2,0,15,24.742903440656814
1216502,2,1,15,24.950306230712744
1216502,2,2,15,23.46225018842174
1216502,2,3,15,22.77408682634524
1216502,2,4,15,25.341552764126465
1216502,2,5,15,23.653681381451143
1216502,2,6,15,23.084146004817416
1216502,2,7,15,21.5673308014796
1216502,2,8,15,21.717984876378843
1216502,2,9,15,20.717752670994727
1216502,2,10,15,18.840122850649124
1216502,2,11,15,17.781475190197707
1216502,2,12,15,17.743370991161022
1216502,2,13,15,16.978483137376397
1216502,2,14,15,22.153224397866857
1216505,1,0,18,24.742903440656814
1216505,1,1,18,25.115963693800936
1216505,1,2,18,24.320261042689772
1216505,1,3,18,23.486948148137763
1216505,1,4,18,23.695912870275997
1216505,1,5,18,22.090033533700577
1216505,1,6,18,21.12121111039524
1216505,1,7,18,21.09851300490319
1216505,1,8,18,21.093810301034033
1216505,1,9,18,19.86793156014888
1216505,1,10,18,19.37319992694193
1216505,1,11,18,19.47009853297404
1216505,1,12,18,18.740146252053645
1216505,1,13,18,18.602067681229034
1216505,1,14,18,19.57536218992501
1216505,1,15,18,17.147862900802203
1216505,1,16,18,17.21900964265096
1216505,1,17,18,20.36948358025645
1216505,1,18,18,18.654137873601336
1216505,1,19,18,18.119016919534392
1216505,2,0,24,24.742903440656814
1216505,2,1,24,23.360823407600794
1216505,2,2,24,24.320261042689772
1216505,2,3,24,23.486948148137763
1216505,2,4,24,23.695912870275997
1216505,2,5,24,23.170953010846766
1216505,2,6,24,24.664824472614562
1216505,2,7,24,25.554103759190756
1216505,2,8,24,23.489123883021414
1216505,2,9,24,23.55667332784838
1216505,2,10,24,23.41648402510598
1216505,2,11,24,26.747809075969354
1216505,2,12,24,26.22384959135618
1216505,2,13,24,26.328174865483547
1216505,2,14,24,26.30937097167257
1216505,2,15,24,26.04902045519517
1216505,2,16,24,25.140941810964772
1216505,2,17,24,23.7662909894073
1216505,2,18,24,26.08580102928362
1216511,1,0,27,29.15646985930138
1216511,1,1,27,28.936383263684927
1216511,1,2,27,27.341176370106144
1216511,1,3,27,26.96061636847153
1216511,1,4,27,27.02129537852829
1216511,1,5,27,25.83650060144446
1216511,1,6,27,25.6147813868301
1216511,1,7,27,23.9764838236092
1216511,1,8,27,27.386374793210667
1216511,1,9,27,27.05601379396031
1216511,1,10,27,26.081249719974664
1216511,1,11,27,25.375848944973377
1216511,1,12,27,25.50446264597371
1216511,1,13,27,23.75949323345075
1216511,1,14,27,23.419449603466408
1216511,1,15,27,22.955332939883036
1216511,1,16,27,25.390511190201405
1216511,1,17,27,28.410201731444744
1216511,1,18,27,27.918083963302852
1216511,1,19,27,26.874511746373564
1216511,2,0,18,25.472137899796575
1216511,2,1,18,24.950306230712744
1216511,2,2,18,23.46225018842174
1216511,2,3,18,21.77985718050038
1216511,2,4,18,21.71542566734072
1216511,2,5,18,21.01327004407686
1216511,2,6,18,21.12121111039524
1216511,2,7,18,21.09851300490319
1216511,2,8,18,21.093810301034033
1216511,2,9,18,19.86793156014888
1216511,2,10,18,19.37319992694193
1216511,2,11,18,18.786074680546275
1216511,2,12,18,18.740146252053645
1216511,2,13,18,22.196496790765977
1216511,2,14,18,25.215725962974123
1216511,2,15,18,23.904362077873273
1216511,2,16,18,22.9313599680253
1216511,2,17,18,21.1488846636188
1216511,2,18,18,19.498482022959497
1216512,1,0,26,24.742903440656814
1216512,1,1,26,25.115963693800936
1216512,1,2,26,24.403222399886783
1216512,1,3,26,27.630052510715892
1216512,1,4,26,27.02129537852829
1216512,1,5,26,24.41749182529953
1216512,1,6,26,24.748159065198795
1216512,1,7,26,24.83212645329974
1216512,1,8,26,24.72887901494665
1216512,1,9,26,24.09084063078982
1216512,1,10,26,23.709911878896158
1216512,1,11,26,23.99362090367843
1216512,1,12,26,23.810129776027043
1216512,1,13,26,22.63280396456082
1216512,1,14,26,20.85910550704635
1216512,1,15,26,20.356916864004
1216512,1,16,26,24.072871574715183
1216512,1,17,26,23.531263306515463
1216512,1,18,26,27.894561060414162
1216512,1,19,26,26.031306910873116
1216512,2,0,27,23.585344252402724
1216512,2,1,27,29.818878019323314
1216512,2,2,27,28.274122164763565
1216512,2,3,27,30.592724981757716
1216512,2,4,27,33.95492130723281
1216512,2,5,27,36.76965307181554
1216512,2,6,27,38.34393415511888
1216512,2,7,27,35.68040779883829
1216512,2,8,27,33.93203012103466
1216512,2,9,27,33.263937306296945
1216512,2,10,27,33.69586391155677
1216512,2,11,27,32.4751891303323
1216512,2,12,27,30.76207548896459
1216512,2,13,27,29.81533741906028
1216512,2,14,27,30.078738170024234
1216512,2,15,27,28.870797453972806
1216512,2,16,27,29.57428696675649
1216512,2,17,27,29.970253750565234
1216512,2,18,27,27.918083963302852
1216512,2,19,27,26.874511746373564
1216512,3,0,0,20.8219494260387
1216512,4,0,2,23.585344252402724
1216515,1,0,32,25.472137899796575
1216515,1,1,32,24.950306230712744
1216515,1,2,32,24.320261042689772
1216515,1,3,32,22.77408682634524
1216515,1,4,32,21.91084879901094
1216515,1,5,32,22.090033533700577
1216515,1,6,32,21.12121111039524
1216515,1,7,32,23.9764838236092
1216515,1,8,32,23.163667834076374
1216515,1,9,32,23.667990754629244
1216515,1,10,32,23.790597345899716
1216515,1,11,32,25.375848944973377
1216515,1,12,32,25.50446264597371
1216515,1,13,32,28.183831907383038
1216515,1,14,32,27.875432622192367
1216515,1,15,32,30.344310792079913
1216515,1,16,32,30.07993333923848
1216515,1,17,32,28.348537132563024
1216515,1,18,32,32.77255397105937
1216515,1,19,32,32.047114957195184
1216515,2,0,31,25.472137899796575
1216515,2,1,31,24.950306230712744
1216515,2,2,31,29.723094033259347
1216515,2,3,31,27.630052510715892
1216515,2,4,31,27.02129537852829
1216515,2,5,31,27.13978917415464
1216515,2,6,31,26.858637583725216
1216515,2,7,31,29.240955932521953
1216515,2,8,31,28.70074013748971
1216515,2,9,31,27.564592884228688
1216515,2,10,31,29.57848329260944
1216515,2,11,31,29.130330315762617
1216515,2,12,31,28.34069864239359
1216515,2,13,31,28.183831907383038
1216515,2,14,31,26.91021626773807
1216515,2,15,31,26.490042822432816
1216515,2,16,31,31.15374144220666
1216515,2,17,31,33.225213392719745
1216515,2,18,31,31.923923715113133
1216515,2,19,31,30.856798819907922
1216527,1,0,34,24.742903440656814
1216527,1,1,34,24.950306230712744
1216527,1,2,34,23.46225018842174
1216527,1,3,34,22.77408682634524
1216527,1,4,34,25.341552764126465
1216527,1,5,34,23.653681381451143
1216527,1,6,34,24.664824472614562
1216527,1,7,34,23.9764838236092
1216527,1,8,34,23.163667834076374
1216527,1,9,34,23.667990754629244
1216527,1,10,34,23.41648402510598
1216527,1,11,34,26.747809075969354
1216527,1,12,34,26.22384959135618
1216527,1,13,34,29.217120097539947
1216527,1,14,34,32.065227255421604
1216527,1,15,34,31.526671719439058
1216527,1,16,34,31.15374144220666
1216527,1,17,34,29.379177411408534
1216527,1,18,34,29.660584989097327
1216527,1,19,34,33.88206429803672
1216527,2,0,28,24.742903440656814
1216527,2,1,28,23.360823407600794
1216527,2,2,28,21.83721823967761
1216527,2,3,28,23.486948148137763
1216527,2,4,28,21.91084879901094
1216527,2,5,28,25.83650060144446
1216527,2,6,28,26.858637583725216
1216527,2,7,28,26.615281056689756
1216527,2,8,28,24.72887901494665
1216527,2,9,28,24.09084063078982
1216527,2,10,28,23.709911878896158
1216527,2,11,28,22.82360044427452
1216527,2,12,28,21.90483740959712
1216527,2,13,28,21.696603621399905
1216527,2,14,28,20.1156368251041
1216527,2,15,28,20.293256774141366
1216527,2,16,28,22.024321787348793
1216527,2,17,28,27.38563176878347
1216527,2,18,28,25.79574955380947
1216527,2,19,28,28.059958575764597
1216530,1,0,41,24.742903440656814
1216530,1,1,41,28.035544894061687
1216530,1,2,41,26.404017028966788
1216530,1,3,41,29.883326881934533
1216530,1,4,41,33.95492130723281
1216530,1,5,41,36.76965307181554
1216530,1,6,41,34.3052049264552
1216530,1,7,41,35.68040779883829
1216530,1,8,41,31.949284870147647
1216530,1,9,41,32.95246709408641
1216530,1,10,41,33.435456251741975
1216530,1,11,41,30.332779185487116
1216530,1,12,41,29.70842790784354
1216530,1,13,41,33.17609003771024
1216530,1,14,41,33.03139254729454
1216530,1,15,41,33.00999786812714
1216530,1,16,41,35.74861793910834
1216530,1,17,41,33.606336403470685
1216530,1,18,41,37.09292592876855
1216530,1,19,41,40.44723126951588
1216530,2,0,16,20.8219494260387
1216530,2,1,16,21.142380827709278
1216530,2,2,16,20.939927700661944
1216530,2,3,16,22.45656388119432
1216530,2,4,16,22.338092598585717
1216530,2,5,16,18.217651454795924
1216530,2,6,16,18.03868885746107
1216530,2,7,16,19.686230297082552
1216530,2,8,16,19.783330549100686
1216530,2,9,16,20.10548366441033
1216530,2,10,16,19.576044485719862
1216530,2,11,16,19.902541710668427
1216530,2,12,16,18.76593252106291
1216530,2,13,16,17.459238640106868
1216530,2,14,16,17.29426376536527
1216530,2,15,16,16.545000900557806
1216530,2,16,16,18.587763850959462
1216530,2,17,16,18.230923152558624
1216530,2,18,16,17.223772644097906
1216530,2,19,16,15.85340032317358
1216531,1,0,28,29.88090225962828
1216531,1,1,28,32.48897443434313
1216531,1,2,28,31.72000787980892
1216531,1,3,28,30.051403768946553
1216531,1,4,28,30.014185897749343
1216531,1,5,28,28.92945647520202
1216531,1,6,28,28.432854594342842
1216531,1,7,28,27.99368195831811
1216531,1,8,28,27.885953189866807
1216531,1,9,28,27.564592884228688
1216531,1,10,28,27.233098182048774
1216531,1,11,28,27.27921385984329
1216531,1,12,28,26.22384959135618
1216531,1,13,28,26.328174865483547
1216531,1,14,28,26.91021626773807
1216531,1,15,28,25.160745437090462
1216531,1,16,28,24.386918893002797
1216531,1,17,28,23.84888873885836
1216531,1,18,28,23.472208020685635
1216531,1,19,28,28.02576162717604
1216531,2,0,36,24.742903440656814
1216531,2,1,36,23.360823407600794
1216531,2,2,36,23.46225018842174
1216531,2,3,36,26.095123345457043
1216531,2,4,36,28.94336605969596
1216531,2,5,36,28.92945647520202
1216531,2,6,36,28.432854594342842
1216531,2,7,36,26.608480290475587
1216531,2,8,36,26.233709789650536
1216531,2,9,36,24.942506788902318
1216531,2,10,36,25.108676871908894
1216531,2,11,36,30.75765471140531
1216531,2,12,36,35.238826987977454
1216531,2,13,36,34.242947385550046
1216531,2,14,36,34.348067685611475
1216531,2,15,36,34.030238153565776
1216531,2,16,36,33.9309565960577
1216531,2,17,36,32.64503745740455
1216531,2,18,36,31.870434854191554
1216531,2,19,36,36.05841194095101
1216540,1,0,28,23.585344252402724
1216540,1,1,28,24.14291735907651
1216540,1,2,28,24.403222399886783
1216540,1,3,28,24.65607675815567
1216540,1,4,28,23.985600185590336
1216540,1,5,28,27.103211693417126
1216540,1,6,28,27.456423739771072
1216540,1,7,28,27.43116190788029
1216540,1,8,28,27.386374793210667
1216540,1,9,28,27.05601379396031
1216540,1,10,28,27.233098182048774
1216540,1,11,28,27.27921385984329
1216540,1,12,28,27.48272633438472
1216540,1,13,28,27.22828634952912
1216540,1,14,28,27.875432622192367
1216540,1,15,28,30.344310792079913
1216540,1,16,28,30.07993333923848
1216540,1,17,28,28.348537132563024
1216540,1,18,28,29.253907090017748
1216540,1,19,28,27.993204168678368
1216540,2,0,14,25.472137899796575
1216540,2,1,14,25.115963693800936
1216540,2,2,14,24.403222399886783
1216540,2,3,14,21.6071990664238
1216540,2,4,14,26.58890965610257
1216540,2,5,14,25.79418614129953
1216540,2,6,14,24.97518761903608
1216540,2,7,14,22.278320393409505
1216540,2,8,14,20.572303441543045
1216540,2,9,14,20.786872380038393
1216540,2,10,14,20.97173719329392
1216540,2,11,14,20.473498424116695
1216540,2,12,14,18.65884465383204
1216540,2,13,14,18.702378894750037
1216540,2,14,14,19.044283302752113
1216540,2,15,14,17.871844764870207
1216540,2,16,14,16.576799989517163
1216540,2,17,14,15.845807617035861
1216540,2,18,14,13.889970966151433
1216540,2,19,14,14.184397797574116
1216541,1,0,42,23.585344252402724
1216541,1,1,42,24.14291735907651
1216541,1,2,42,24.403222399886783
1216541,1,3,42,24.65607675815567
1216541,1,4,42,27.846919499249395
1216541,1,5,42,27.13978917415464
1216541,1,6,42,26.858637583725216
1216541,1,7,42,26.615281056689756
1216541,1,8,42,28.70074013748971
1216541,1,9,42,32.74660861236468
1216541,1,10,42,32.07642983885729
1216541,1,11,42,32.4751891303323
1216541,1,12,42,30.438802274563336
1216541,1,13,42,29.630699577115674
1216541,1,14,42,29.072217927230085
1216541,1,15,42,29.449608769194565
1216541,1,16,42,33.9309565960577
1216541,1,17,42,38.562885569457386
1216541,1,18,42,38.58619660924715
1216541,1,19,42,41.716214148849005
1216541,2,0,37,25.472137899796575
1216541,2,1,37,24.950306230712744
1216541,2,2,37,27.341176370106144
1216541,2,3,37,26.095123345457043
1216541,2,4,37,23.985600185590336
1216541,2,5,37,27.103211693417126
1216541,2,6,37,26.858637583725216
1216541,2,7,37,26.615281056689756
1216541,2,8,37,26.159667123907543
1216541,2,9,37,28.036770517067403
1216541,2,10,37,29.57848329260944
1216541,2,11,37,27.27921385984329
1216541,2,12,37,30.76207548896459
1216541,2,13,37,35.10481707958828
1216541,2,14,37,35.68469605972262
1216541,2,15,37,35.51284883744771
1216541,2,16,37,39.8617338049594
1216541,2,17,37,36.22628244691205
1216541,2,18,37,39.26151267987265
1237181,1,0,25,24.742903440656814
1237181,1,1,25,23.360823407600794
1237181,1,2,25,21.83721823967761
1237181,1,3,25,21.77985718050038
1237181,1,4,25,21.71542566734072
1237181,1,5,25,21.143430784502225
1237181,1,6,25,18.84428230279886
1237181,1,7,25,19.433627762900244
1237181,1,8,25,19.27493796881548
1237181,1,9,25,19.86793156014888
1237181,1,10,25,19.37319992694193
1237181,1,11,25,24.860756406873477
1237181,1,12,25,24.13986369182852
1237181,1,13,25,27.22828634952912
1237181,1,14,25,25.714700508958824
1237181,1,15,25,28.69317506426147
1237181,1,16,25,28.297867279411
1237181,1,17,25,27.38563176878347
1237181,1,18,25,25.774648090156983
1237181,1,19,25,25.078218001148393
1237181,2,0,33,25.472137899796575
1237181,2,1,33,28.936383263684927
1237181,2,2,33,31.509233873631572
1237181,2,3,33,37.09984647429701
1237181,2,4,33,39.05884317080495
1237181,2,5,33,36.76965307181554
1237181,2,6,33,38.34393415511888
1237181,2,7,33,35.68040779883829
1237181,2,8,33,35.08879678300493
1237181,2,9,33,34.63934266137901
1237181,2,10,33,34.236244083653986
1237181,2,11,33,37.44921304734449
1237181,2,12,33,40.82436829920959
1237181,2,13,33,37.67204866850072
1237181,2,14,33,36.99769098688164
1237181,2,15,33,36.72023468279553
1237181,2,16,33,35.79709376750223
1237181,2,17,33,35.701780935760446
1237181,2,18,33,34.54980751126704
1254063,1,0,16,25.472137899796575
1254063,1,1,16,25.115963693800936
1254063,1,2,16,24.403222399886783
1254063,1,3,16,24.65607675815567
1254063,1,4,16,23.985600185590336
1254063,1,5,16,23.170953010846766
1254063,1,6,16,21.533589115534873
1254063,1,7,16,21.09851300490319
1254063,1,8,16,21.093810301034033
1254063,1,9,16,19.86793156014888
1254063,1,10,16,19.37319992694193
1254063,1,11,16,18.786074680546275
1254063,1,12,16,18.57622389446276
1254063,1,13,16,17.808220570758596
1254063,1,14,16,17.47681727367067
1254063,1,15,16,16.626179912568677
1254063,1,16,16,17.114356728168776
1254063,1,17,16,15.123665831805853
1254063,1,18,16,17.9408725490512
1254063,1,19,16,16.003376347923805
1254063,2,0,22,29.15646985930138
1254063,2,1,22,28.035544894061687
1254063,2,2,22,27.341176370106144
1254063,2,3,22,33.32499639724247
1254063,2,4,22,31.457532419316724
1254063,2,5,22,30.569472604540437
1254063,2,6,22,29.42374728118146
1254063,2,7,22,27.99368195831811
1254063,2,8,22,27.386374793210667
1254063,2,9,22,27.05601379396031
1254063,2,10,22,26.081249719974664
1254063,2,11,22,25.375848944973377
1254063,2,12,22,25.50446264597371
1254063,2,13,22,28.183831907383038
1254063,2,14,22,27.875432622192367
1254063,2,15,22,27.410959155605966
1254063,2,16,22,25.390511190201405
1254063,2,17,22,23.883902477734228
1254063,2,18,22,22.341656336899458
1254063,2,19,22,21.90224084954201
1254073,1,0,31,29.15646985930138
1254073,1,1,31,28.936383263684927
1254073,1,2,31,27.341176370106144
1254073,1,3,31,26.96061636847153
1254073,1,4,31,25.341552764126465
1254073,1,5,31,23.653681381451143
1254073,1,6,31,24.664824472614562
1254073,1,7,31,25.554103759190756
1254073,1,8,31,23.489123883021414
1254073,1,9,31,23.55667332784838
1254073,1,10,31,23.790597345899716
1254073,1,11,31,25.375848944973377
1254073,1,12,31,24.13986369182852
1254073,1,13,31,27.22828634952912
1254073,1,14,31,26.91021626773807
1254073,1,15,31,26.490042822432816
1254073,1,16,31,29.57428696675649
1254073,1,17,31,33.225213392719745
1254073,1,18,31,31.870434854191554
1254073,1,19,31,30.869728071650044
1254073,2,0,39,24.742903440656814
1254073,2,1,39,23.360823407600794
1254073,2,2,39,23.46225018842174
1254073,2,3,39,26.095123345457043
1254073,2,4,39,31.457532419316724
1254073,2,5,39,37.526262188419025
1254073,2,6,39,35.68168643609958
1254073,2,7,39,41.00337812770004
1254073,2,8,39,45.32027032082188
1254073,2,9,39,44.302408316444854
1254073,2,10,39,46.06318679107409
1254073,2,11,39,47.116179211067916
1254073,2,12,39,45.090055443249824
1254073,2,13,39,44.45289011782683
1254073,2,14,39,42.65092764260245
1254073,2,15,39,41.02967020510869
1254073,2,16,39,43.809629289295174
1254077,1,0,20,24.742903440656814
1254077,1,1,20,28.035544894061687
1254077,1,2,20,32.23458888215543
1254077,1,3,20,33.32499639724247
1254077,1,4,20,31.584585982313616
1254077,1,5,20,30.569472604540437
1254077,1,6,20,29.42374728118146
1254077,1,7,20,29.240955932521953
1254077,1,8,20,27.885953189866807
1254077,1,9,20,27.564592884228688
1254077,1,10,20,26.79962845605105
1254077,1,11,20,25.375848944973377
1254077,1,12,20,25.50446264597371
1254077,1,13,20,24.80330484327676
1254077,1,14,20,25.215725962974123
1254077,1,15,20,24.835938399926725
1254077,1,16,20,22.9313599680253
1254077,1,17,20,21.901526824334628
1254077,1,18,20,20.98788457904782
1254077,1,19,20,20.13298817253013
1254077,2,0,21,24.742903440656814
1254077,2,1,21,23.360823407600794
1254077,2,2,21,23.46225018842174
1254077,2,3,21,21.77985718050038
1254077,2,4,21,20.50407625304267
1254077,2,5,21,18.706933621537846
1254077,2,6,21,18.84428230279886
1254077,2,7,21,18.486405624664382
1254077,2,8,21,18.175190666541095
1254077,2,9,21,17.927479243286342
1254077,2,10,21,14.441667591749143
1254077,2,11,21,15.174612256459643
1254077,2,12,21,15.734614402626063
1254077,2,13,21,17.808220570758596
1254077,2,14,21,18.53230446939363
1254077,2,15,21,19.085296489604577
1254077,2,16,21,18.4284779639092
1254077,2,17,21,19.677945458958668
1254077,2,18,21,21.613637595064954
1254077,2,19,21,20.8184379423375
1254077,3,0,1,25.472137899796575
1254077,4,0,1,25.472137899796575
1254082,1,0,39,24.742903440656814
1254082,1,1,39,24.950306230712744
1254082,1,2,39,24.320261042689772
1254082,1,3,39,22.77408682634524
1254082,1,4,39,25.341552764126465
1254082,1,5,39,25.83650060144446
1254082,1,6,39,25.6147813868301
1254082,1,7,39,29.996034311037644
1254082,1,8,39,30.20533083481143
1254082,1,9,39,30.57053816384797
1254082,1,10,39,29.57848329260944
1254082,1,11,39,27.27921385984329
1254082,1,12,39,25.712044790933454
1254082,1,13,39,25.391780241777287
1254082,1,14,39,31.175082636707337
1254082,1,15,39,30.192260753421674
1254082,1,16,39,29.580267732690245
1254082,1,17,39,29.90675715803814
1254082,1,18,39,34.34541023577085
1254082,1,19,39,38.88522414560197
1254082,2,0,21,29.15646985930138
1254082,2,1,21,29.818878019323314
1254082,2,2,21,28.274122164763565
1254082,2,3,21,29.883326881934533
1254082,2,4,21,31.584585982313616
1254082,2,5,21,30.569472604540437
1254082,2,6,21,29.42374728118146
1254082,2,7,21,27.99368195831811
1254082,2,8,21,27.885953189866807
1254082,2,9,21,27.564592884228688
1254082,2,10,21,27.233098182048774
1254082,2,11,21,27.27921385984329
1254082,2,12,21,27.48272633438472
1254082,2,13,21,26.328174865483547
1254082,2,14,21,25.215725962974123
1254082,2,15,21,23.904362077873273
1254082,2,16,21,26.105111665197654
1254093,1,0,14,24.742903440656814
1254093,1,1,14,28.035544894061687
1254093,1,2,14,26.404017028966788
1254093,1,3,14,29.883326881934533
1254093,1,4,14,28.94336605969596
1254093,1,5,14,27.103211693417126
1254093,1,6,14,26.858637583725216
1254093,1,7,14,26.615281056689756
1254093,1,8,14,25.350121374437194
1254093,1,9,14,23.55667332784838
1254093,1,10,14,23.41648402510598
1254093,1,11,14,23.197573736455375
1254093,1,12,14,22.402910172004148
1254093,1,13,14,22.196496790765977
1254093,1,14,14,20.1156368251041
1254093,1,15,14,17.871844764870207
1254093,1,16,14,16.858259550758966
1254093,1,17,14,16.09056971538134
1254093,1,18,14,14.58288925836769
1254093,1,19,14,14.25380771826955
1254093,2,0,14,23.585344252402724
1254093,2,1,14,25.115963693800936
1254093,2,2,14,24.403222399886783
1254093,2,3,14,26.96061636847153
1254093,2,4,14,25.341552764126465
1254093,2,5,14,23.653681381451143
1254093,2,6,14,24.664824472614562
1254093,2,7,14,23.9764838236092
1254093,2,8,14,28.70074013748971
1254096,1,0,31,24.742903440656814
1254096,1,1,31,24.950306230712744
1254096,1,2,31,27.341176370106144
1254096,1,3,31,26.095123345457043
1254096,1,4,31,31.457532419316724
1254096,1,5,31,31.188723014008126
1254096,1,6,31,31.789149689606845
1254096,1,7,31,29.996034311037644
1254096,1,8,31,32.49648023229994
1254096,1,9,31,31.690129569759485
1254096,1,10,31,31.3815152634542
1254096,1,11,31,30.954027188667045
1254096,1,12,31,30.76207548896459
1254096,1,13,31,33.81970591673071
1254096,1,14,31,32.065227255421604
1254096,1,15,31,32.798596972149795
1254096,1,16,31,32.12448502230624
1254096,1,17,31,30.357269480702065
1254096,1,18,31,29.253907090017748
1254096,1,19,31,30.856798819907922
1254096,2,0,28,23.585344252402724
1254096,2,1,28,29.818878019323314
1254096,2,2,28,27.24502633716027
1254096,2,3,28,26.688998458060645
1254096,2,4,28,25.87909710550429
1254096,2,5,28,25.597939690660695
1254096,2,6,28,24.97518761903608
1254096,2,7,28,24.83212645329974
1254096,2,8,28,27.5464771963017
1254096,2,9,28,27.227493359625523
1254096,2,10,28,28.689158317988312
1254096,2,11,28,26.70476437832041
1254096,2,12,28,31.710409416575086
1254096,2,13,28,31.23901644407659
1254096,2,14,28,31.778996018464174
1254096,2,15,28,34.030238153565776
1254098,1,0,30,20.8219494260387
1254098,1,1,30,21.142380827709278
1254098,1,2,30,23.645959086386178
1254098,1,3,30,25.55220396627169
1254098,1,4,30,25.87909710550429
1254098,1,5,30,24.41749182529953
1254098,1,6,30,24.97518761903608
1254098,1,7,30,24.83212645329974
1254098,1,8,30,23.27778417409242
1254098,1,9,30,24.09084063078982
1254098,1,10,30,23.709911878896158
1254098,1,11,30,22.82360044427452
1254098,1,12,30,22.297981897652733
1254098,1,13,30,22.63280396456082
1254098,1,14,30,27.590867960126683
1254098,1,15,30,26.003843566063743
1254098,1,16,30,25.390511190201405
1254098,1,17,30,24.983025381222536
1254098,1,18,30,27.918083963302852
1254098,1,19,30,30.13784510471748
1254098,2,0,25,24.742903440656814
1254098,2,1,25,23.360823407600794
1254098,2,2,25,21.83721823967761
1254098,2,3,25,21.66116504271487
1254098,2,4,25,20.50407625304267
1254098,2,5,25,18.706933621537846
1254098,2,6,25,20.142111267480093
1254098,2,7,25,19.072849759717258
1254098,2,8,25,19.27493796881548
1254098,2,9,25,25.153377054018655
1254098,2,10,25,24.94480965669432
1254098,2,11,25,25.375848944973377
1254098,2,12,25,25.50446264597371
1254098,2,13,25,24.160534053477456
1254098,2,14,25,23.67811611685336
1254098,2,15,25,23.904362077873273
1254098,2,16,25,24.383101320526258
1254098,2,17,25,23.7662909894073
1254098,2,18,25,26.08580102928362
1254098,2,19,25,24.985532661037414
1254102,1,0,27,29.15646985930138
1254102,1,1,27,28.936383263684927
1254102,1,2,27,29.723094033259347
1254102,1,3,27,33.32499639724247
1254102,1,4,27,31.584585982313616
1254102,1,5,27,33.11382459890761
1254102,1,6,27,34.06233107771249
1254102,1,7,27,34.69217486174198
1254102,1,8,27,34.46988214918759
1254102,1,9,27,33.263937306296945
1254102,1,10,27,33.69586391155677
1254102,1,11,27,33.37627178690628
1254102,1,12,27,32.44334416926998
1254102,1,13,27,32.823453176978944
1254102,1,14,27,32.065227255421604
1254102,1,15,27,31.526671719439058
1254102,1,16,27,31.15374144220666
1254102,1,17,27,30.357269480702065
1254102,1,18,27,29.253907090017748
1254102,1,19,27,26.874511746373564
1254102,2,0,31,24.742903440656814
1254102,2,1,31,24.950306230712744
1254102,2,2,31,23.46225018842174
1254102,2,3,31,26.095123345457043
1254102,2,4,31,25.341552764126465
1254102,2,5,31,27.13978917415464
1254102,2,6,31,26.858637583725216
1254102,2,7,31,31.5399753424018
1254102,2,8,31,32.49648023229994
1254102,2,9,31,30.57053816384797
1254102,2,10,31,29.57848329260944
1254102,2,11,31,29.130330315762617
1254102,2,12,31,28.34069864239359
1254102,2,13,31,28.183831907383038
1254102,2,14,31,27.875432622192367
1254102,2,15,31,26.490042822432816
1254102,2,16,31,25.140941810964772
1254102,2,17,31,24.174713686339388
1254102,2,18,31,27.024215341265315
1254102,2,19,31,30.856798819907922
1254105,1,0,18,29.15646985930138
1254105,1,1,18,28.035544894061687
1254105,1,2,18,27.341176370106144
1254105,1,3,18,26.095123345457043
1254105,1,4,18,23.858269877491555
1254105,1,5,18,22.519580796635488
1254105,1,6,18,22.530694318573886
1254105,1,7,18,22.61948136160815
1254105,1,8,18,23.002360659815018
1254105,1,9,18,22.281335045718894
1254105,1,10,18,20.161109962636218
1254105,1,11,18,20.54880398301482
1254105,1,12,18,18.211132130662662
1254105,1,13,18,17.617123119553256
1254105,1,14,18,17.02432459020358
1254105,1,15,18,16.831992432246242
1254105,1,16,18,22.13661929041854
1254105,1,17,18,20.542995689801845
1254105,1,18,18,19.498482022959497
1254105,1,19,18,17.914095950597545
1254105,2,0,20,23.585344252402724
1254105,2,1,20,25.115963693800936
1254105,2,2,20,24.320261042689772
1254105,2,3,20,22.77408682634524
1254105,2,4,20,21.91084879901094
1254105,2,5,20,21.01327004407686
1254105,2,6,20,20.142111267480093
1254105,2,7,20,19.433627762900244
1254105,2,8,20,18.747352503080027
1254105,2,9,20,16.392899491001273
1254105,2,10,20,17.13689066250992
1254105,2,11,20,16.324325120960165
1254105,2,12,20,15.76122090955667
1254105,2,13,20,15.646827669060503
1254105,2,14,20,13.709911915655912
1254105,2,15,20,13.303152945351977
1254105,2,16,20,18.4284779639092
1254105,2,17,20,23.7662909894073
1254112,1,0,20,24.742903440656814
1254112,1,1,20,28.035544894061687
1254112,1,2,20,26.404017028966788
1254112,1,3,20,26.095123345457043
1254112,1,4,20,23.985600185590336
1254112,1,5,20,23.653681381451143
1254112,1,6,20,24.664824472614562
1254112,1,7,20,23.9764838236092
1254112,1,8,20,23.489123883021414
1254112,1,9,20,23.55667332784838
1254112,1,10,20,23.41648402510598
1254112,1,11,20,23.559499035757746
1254112,1,12,20,22.402910172004148
1254112,1,13,20,20.800277136403704
1254112,1,14,20,19.57536218992501
1254112,1,15,20,18.45103349620151
1254112,1,16,20,17.890920738405526
1254112,1,17,20,16.556430465355405
1254112,1,18,20,16.209905015268752
1254112,1,19,20,20.095060353932652
1254112,2,0,38,29.15646985930138
1254112,2,1,38,24.70295166571232
1254112,2,2,38,30.403641123119527
1254112,2,3,38,29.811221283150633
1254112,2,4,38,28.101508561964497
1254112,2,5,38,30.55226201486999
1254112,2,6,38,32.11979193329307
1254112,2,7,38,32.926722015217024
1254112,2,8,38,32.81786154294085
1254112,2,9,38,32.098892851039
1254112,2,10,38,33.80745772793484
1254112,2,11,38,33.755249656541515
1254112,2,12,38,34.3924277543919
1254112,2,13,38,34.83878746617999
1254112,2,14,38,33.51366603254378
1254112,2,15,38,32.73550446517748
1254112,2,16,38,31.632742145195248
1254112,2,17,38,33.57289916837815
1254112,2,18,38,33.80517171194743
1254112,2,19,38,38.211539201538
1254113,1,0,24,29.15646985930138
1254113,1,1,24,28.936383263684927
1254113,1,2,24,27.341176370106144
1254113,1,3,24,26.96061636847153
1254113,1,4,24,27.02129537852829
1254113,1,5,24,27.13978917415464
1254113,1,6,24,25.6147813868301
1254113,1,7,24,25.554103759190756
1254113,1,8,24,25.350121374437194
1254113,1,9,24,23.55667332784838
1254113,1,10,24,23.41648402510598
1254113,1,11,24,23.559499035757746
1254113,1,12,24,23.146518101522883
1254113,1,13,24,22.780309599141333
1254113,1,14,24,22.518111672718064
1254113,1,15,24,23.904362077873273
1254113,1,16,24,21.33930376371215
1254113,1,17,24,26.94974968236878
1254113,1,18,24,25.774648090156983
1254113,1,19,24,24.12359204845307
1254113,2,0,36,25.472137899796575
1254113,2,1,36,24.950306230712744
1254113,2,2,36,24.320261042689772
1254113,2,3,36,29.883326881934533
1254113,2,4,36,28.94336605969596
1254113,2,5,36,31.188723014008126
1254113,2,6,36,31.789149689606845
1254113,2,7,36,31.5399753424018
1254113,2,8,36,30.20533083481143
1254113,2,9,36,30.57053816384797
1254113,2,10,36,30.383930651676213
1254113,2,11,36,33.983286043520316
1254113,2,12,36,34.6270311458627
1254113,2,13,36,33.40625670572471
1254113,2,14,36,31.778996018464174
1254113,2,15,36,31.19068218723907
1254113,2,16,36,35.82721588542375
1254113,2,17,36,38.562885569457386
1254113,2,18,36,38.58619660924715
1304048,1,0,38,29.88090225962828
1304048,1,1,38,29.818878019323314
1304048,1,2,38,35.13098492581318
1304048,1,3,38,34.31668541029089
1304048,1,4,38,38.97358215010772
1304048,1,5,38,37.526262188419025
1304048,1,6,38,35.68168643609958
1304048,1,7,38,34.73310395750088
1304048,1,8,38,34.46988214918759
1304048,1,9,38,33.263937306296945
1304048,1,10,38,33.69586391155677
1304048,1,11,38,33.37627178690628
1304048,1,12,38,35.57344691393377
1304048,1,13,38,38.661595624246914
1304048,1,14,38,36.99769098688164
1304048,1,15,38,36.72023468279553
1304048,1,16,38,35.79709376750223
1304048,1,17,38,40.73948531272737
1304048,1,18,38,39.21123610251545
1304048,1,19,38,38.211539201538
1304048,2,0,51,25.472137899796575
1304048,2,1,51,25.115963693800936
1304048,2,2,51,24.320261042689772
1304048,2,3,51,23.486948148137763
1304048,2,4,51,21.91084879901094
1304048,2,5,51,25.83650060144446
1304048,2,6,51,24.664824472614562
1304048,2,7,51,25.554103759190756
1304048,2,8,51,27.885953189866807
1304048,2,9,51,31.690129569759485
1304048,2,10,51,34.55411689627376
1304048,2,11,51,34.00543438701063
1304048,2,12,51,36.74653534007719
1304048,2,13,51,41.64888373264604
1304048,2,14,51,45.00176158846019
1304048,2,15,51,43.98730192410341
1304048,2,16,51,45.02919472210628
1304048,2,17,51,49.95128126742911
1304048,2,18,51,50.79675397902094
1304049,1,0,21,24.742903440656814
1304049,1,1,21,23.360823407600794
1304049,1,2,21,21.83721823967761
1304049,1,3,21,21.66116504271487
1304049,1,4,21,20.50407625304267
1304049,1,5,21,23.170953010846766
1304049,1,6,21,21.567068813712478
1304049,1,7,21,21.254789604802983
1304049,1,8,21,19.66576688346766
1304049,1,9,21,17.915551717817248
1304049,1,10,21,18.840122850649124
1304049,1,11,21,19.112971799599464
1304049,1,12,21,18.890588613036336
1304049,1,13,21,17.42163594657435
1304049,1,14,21,17.192363395817065
1304049,1,15,21,22.955332939883036
1304049,1,16,21,23.75569020318456
1304049,1,17,21,23.696361138149378
1304049,1,18,21,21.537654652524832
1304049,1,19,21,20.834438610469345
1304049,2,0,34,29.15646985930138
1304049,2,1,34,28.936383263684927
1304049,2,2,34,28.274122164763565
1304049,2,3,34,27.630052510715892
1304049,2,4,34,31.457532419316724
1304049,2,5,34,29.278130812174147
1304049,2,6,34,29.42374728118146
1304049,2,7,34,29.996034311037644
1304049,2,8,34,28.70074013748971
1304049,2,9,34,27.564592884228688
1304049,2,10,34,33.69586391155677
1304049,2,11,34,32.4751891303323
1304049,2,12,34,32.33819898927599
1304049,2,13,34,31.739334460244724
1304049,2,14,34,30.078738170024234
1304049,2,15,34,28.870797453972806
1304049,2,16,34,29.57428696675649
1304049,2,17,34,33.225213392719745
1304049,2,18,34,35.535497544457954
1304051,1,0,21,24.742903440656814
1304051,1,1,21,23.360823407600794
1304051,1,2,21,21.83721823967761
1304051,1,3,21,26.96061636847153
1304051,1,4,21,27.02129537852829
1304051,1,5,21,25.83650060144446
1304051,1,6,21,24.664824472614562
1304051,1,7,21,29.240955932521953
1304051,1,8,21,28.70074013748971
1304051,1,9,21,27.564592884228688
1304051,1,10,21,26.79962845605105
1304051,1,11,21,26.747809075969354
1304051,1,12,21,26.22384959135618
1304051,1,13,21,26.328174865483547
1304051,1,14,21,24.26431830566878
1304051,1,15,21,25.160745437090462
1304051,1,16,21,23.75569020318456
1304051,1,17,21,23.696361138149378
1304051,1,18,21,22.58972632146498
1304051,1,19,21,20.854951916891952
1304051,2,0,30,24.742903440656814
1304051,2,1,30,23.360823407600794
1304051,2,2,30,21.83721823967761
1304051,2,3,30,21.66116504271487
1304051,2,4,30,23.695912870275997
1304051,2,5,30,22.090033533700577
1304051,2,6,30,21.533589115534873
1304051,2,7,30,25.554103759190756
1304051,2,8,30,25.350121374437194
1304051,2,9,30,25.153377054018655
1304051,2,10,30,23.41648402510598
1304051,2,11,30,23.559499035757746
1304051,2,12,30,23.146518101522883
1304051,2,13,30,28.183831907383038
1304051,2,14,30,26.91021626773807
1304051,2,15,30,26.490042822432816
1304051,2,16,30,29.57428696675649
1304051,2,17,30,31.467288711491392
1304051,2,18,30,30.987444690585555
1304051,2,19,30,30.115648445725018
1304054,1,0,20,20.8219494260387
1304054,1,1,20,24.70295166571232
1304054,1,2,20,23.645959086386178
1304054,1,3,20,23.702227394177527
1304054,1,4,20,23.858269877491555
1304054,1,5,20,22.519580796635488
1304054,1,6,20,22.530694318573886
1304054,1,7,20,22.61948136160815
1304054,1,8,20,19.21425878167136
1304054,1,9,20,18.99059112816019
1304054,1,10,20,18.241873275471242
1304054,1,11,20,22.04209722977367
1304054,1,12,20,19.77595453915131
1304054,1,13,20,20.46800237946185
1304054,1,14,20,19.044283302752113
1304054,1,15,20,19.335289174939945
1304054,1,16,20,17.791864334024748
1304054,1,17,20,23.531263306515463
1304054,1,18,20,21.00762171476843
1304054,2,0,25,24.742903440656814
1304054,2,1,25,22.279717160248122
1304054,2,2,25,25.61289747519951
1304054,2,3,25,23.702227394177527
1304054,2,4,25,23.858269877491555
1304054,2,5,25,22.519580796635488
1304054,2,6,25,20.031139082422154
1304054,2,7,25,20.028688229186194
1304054,2,8,25,17.53736778234615
1304054,2,9,25,17.975709664840704
1304054,2,10,25,18.241873275471242
1304054,2,11,25,22.04209722977367
1304054,2,12,25,19.77595453915131
1304054,2,13,25,28.851837741660532
1304054,2,14,25,31.866473909325233
1304062,1,0,41,25.472137899796575
1304062,1,1,41,21.142380827709278
1304062,1,2,41,21.421224881279574
1304062,1,3,41,23.702227394177527
1304062,1,4,41,26.58890965610257
1304062,1,5,41,27.377955113810664
1304062,1,6,41,28.810907429956035
1304062,1,7,41,28.688486240745565
1304062,1,8,41,27.5464771963017
1304062,1,9,41,30.93009483133241
1304062,1,10,41,29.32522421189348
1304062,1,11,41,29.13198449695372
1304062,1,12,41,34.3924277543919
1304062,1,13,41,34.83878746617999
1304062,1,14,41,36.35527794619642
1304062,1,15,41,36.706638962500094
1304062,1,16,41,37.71032444585101
1304062,1,17,41,37.495730047849904
1304062,1,18,41,40.081318477012374
1304062,1,19,41,40.84096971432759
1304062,2,0,24,24.742903440656814
1304062,2,1,24,24.950306230712744
1304062,2,2,24,23.46225018842174
1304062,2,3,24,21.77985718050038
1304062,2,4,24,21.71542566734072
1304062,2,5,24,21.01327004407686
1304062,2,6,24,21.533589115534873
1304062,2,7,24,21.5673308014796
1304062,2,8,24,21.717984876378843
1304062,2,9,24,20.717752670994727
1304062,2,10,24,20.045097175075856
1304062,2,11,24,19.47009853297404
1304062,2,12,24,19.852809381376208
1304062,2,13,24,18.602067681229034
1304062,2,14,24,18.53230446939363
1304062,2,15,24,21.466241361954637
1304062,2,16,24,21.966935971495587
1304062,2,17,24,20.600281210852653
1304062,2,18,24,20.11435484604626
1304062,2,19,24,24.191962046771273
1304066,1,0,20,24.742903440656814
1304066,1,1,20,28.035544894061687
1304066,1,2,20,27.341176370106144
1304066,1,3,20,26.96061636847153
1304066,1,4,20,25.341552764126465
1304066,1,5,20,23.653681381451143
1304066,1,6,20,23.084146004817416
1304066,1,7,20,21.5673308014796
1304066,1,8,20,21.093810301034033
1304066,1,9,20,19.86793156014888
1304066,1,10,20,18.357073480172467
1304066,1,11,20,23.559499035757746
1304066,1,12,20,23.146518101522883
1304066,1,13,20,22.196496790765977
1304066,1,14,20,21.882852485125625
1304066,1,15,20,21.466241361954637
1304066,1,16,20,20.959696284207652
1304066,1,17,20,20.600281210852653
1304066,1,18,20,20.11435484604626
1304066,1,19,20,20.095060353932652
1304066,2,0,43,29.15646985930138
1304066,2,1,43,28.035544894061687
1304066,2,2,43,31.72000787980892
1304066,2,3,43,30.051403768946553
1304066,2,4,43,30.014185897749343
1304066,2,5,43,28.92945647520202
1304066,2,6,43,27.456423739771072
1304066,2,7,43,27.43116190788029
1304066,2,8,43,27.386374793210667
1304066,2,9,43,30.57053816384797
1304066,2,10,43,30.383930651676213
1304066,2,11,43,28.171476614817855
1304066,2,12,43,28.284334712790464
1304066,2,13,43,28.497024835152054
1304066,2,14,43,26.587042677245552
1304066,2,15,43,29.449608769194565
1304066,2,16,43,29.580267732690245
1304066,2,17,43,33.57289916837815
1304066,2,18,43,39.21123610251545
1304066,2,19,43,43.18975080248359
1304067,1,0,25,24.742903440656814
1304067,1,1,25,24.950306230712744
1304067,1,2,25,24.320261042689772
1304067,1,3,25,23.486948148137763
1304067,1,4,25,21.91084879901094
1304067,1,5,25,25.83650060144446
1304067,1,6,25,25.6147813868301
1304067,1,7,25,23.591464368401194
1304067,1,8,25,23.002360659815018
1304067,1,9,25,23.08245798035622
1304067,1,10,25,22.754989733137677
1304067,1,11,25,22.82360044427452
1304067,1,12,25,22.297981897652733
1304067,1,13,25,22.63280396456082
1304067,1,14,25,22.153224397866857
1304067,1,15,25,25.160745437090462
1304067,1,16,25,24.386918893002797
1304067,1,17,25,27.38563176878347
1304067,1,18,25,26.863449593838325
1304067,1,19,25,25.078218001148393
1304067,2,0,25,24.742903440656814
1304067,2,1,25,23.360823407600794
1304067,2,2,25,23.46225018842174
1304067,2,3,25,22.77408682634524
1304067,2,4,25,21.91084879901094
1304067,2,5,25,22.090033533700577
1304067,2,6,25,21.12121111039524
1304067,2,7,25,21.5673308014796
1304067,2,8,25,23.163667834076374
1304067,2,9,25,20.997447982593517
1304067,2,10,25,20.045097175075856
1304067,2,11,25,19.47009853297404
1304067,2,12,25,19.852809381376208
1304067,2,13,25,19.498796076314445
1304067,2,14,25,19.57536218992501
1304067,2,15,25,19.085296489604577
1304067,2,16,25,18.4284779639092
1304067,2,17,25,18.164945372837835
1304067,2,18,25,20.861257660337174
1304067,2,19,25,24.985532661037414
1304068,1,0,27,24.742903440656814
1304068,1,1,27,23.360823407600794
1304068,1,2,27,23.46225018842174
1304068,1,3,27,21.77985718050038
1304068,1,4,27,23.985600185590336
1304068,1,5,27,23.653681381451143
1304068,1,6,27,24.664824472614562
1304068,1,7,27,23.568800655949083
1304068,1,8,27,23.163667834076374
1304068,1,9,27,23.667990754629244
1304068,1,10,27,23.790597345899716
1304068,1,11,27,23.197573736455375
1304068,1,12,27,27.48272633438472
1304068,1,13,27,27.22828634952912
1304068,1,14,27,30.078738170024234
1304068,1,15,27,30.344310792079913
1304068,1,16,27,30.07993333923848
1304068,1,17,27,29.970253750565234
1304068,1,18,27,27.918083963302852
1304068,1,19,27,26.874511746373564
1304068,2,0,21,24.742903440656814
1304068,2,1,21,23.360823407600794
1304068,2,2,21,21.83721823967761
1304068,2,3,21,21.66116504271487
1304068,2,4,21,20.50407625304267
1304068,2,5,21,16.880367122473753
1304068,2,6,21,15.366488257783823
1304068,2,7,21,14.86921245325063
1304068,2,8,21,20.642131500104572
1304068,2,9,21,20.78296815209916
1304068,2,10,21,20.03482236278363
1304068,2,11,21,19.112971799599464
1304068,2,12,21,18.890588613036336
1304068,2,13,21,18.1881363802133
1304068,2,14,21,17.192363395817065
1304068,2,15,21,15.193527849728627
1304068,2,16,21,16.16374603957701
1304068,2,17,21,16.127457719001317
1304068,2,18,21,19.222069460496442
1304068,2,19,21,20.834438610469345
1304084,1,0,15,24.742903440656814
1304084,1,1,15,24.950306230712744
1304084,1,2,15,23.46225018842174
1304084,1,3,15,22.77408682634524
1304084,1,4,15,21.71542566734072
1304084,1,5,15,21.143430784502225
1304084,1,6,15,18.84428230279886
1304084,1,7,15,18.486405624664382
1304084,1,8,15,18.747352503080027
1304084,1,9,15,16.392899491001273
1304084,1,10,15,17.568030213037332
1304084,1,11,15,16.85698356642975
1304084,1,12,15,16.817238719312304
1304084,1,13,15,17.582351297268012
1304084,1,14,15,14.96745572423947
1304084,1,15,15,13.303152945351977
1304084,1,16,15,12.985382664183224
1304084,1,17,15,12.753619337100263
1304084,1,18,15,16.209905015268752
1304084,1,19,15,14.995206047462403
1304084,2,0,24,29.15646985930138
1304084,2,1,24,28.936383263684927
1304084,2,2,24,28.274122164763565
1304084,2,3,24,26.96061636847153
1304084,2,4,24,25.341552764126465
1304084,2,5,24,23.653681381451143
1304084,2,6,24,22.530694318573886
1304084,2,7,24,21.352970241600246
1304084,2,8,24,26.233709789650536
1304084,2,9,24,25.50549460070744
1304084,2,10,24,26.057807751248582
1304084,2,11,24,24.712824988945453
1304084,2,12,24,23.810129776027043
1304084,2,13,24,23.75949323345075
1304084,2,14,24,23.419449603466408
1304084,2,15,24,26.003843566063743
1304084,2,16,24,26.808007504097745
1304084,2,17,24,24.983025381222536
1304084,2,18,24,24.974954080574232
1304084,2,19,24,24.06966975491677
1304090,1,0,19,24.742903440656814
1304090,1,1,19,23.360823407600794
1304090,1,2,19,21.83721823967761
1304090,1,3,19,21.66116504271487
1304090,1,4,19,23.695912870275997
1304090,1,5,19,23.170953010846766
1304090,1,6,19,28.432854594342842
1304090,1,7,19,27.43116190788029
1304090,1,8,19,27.386374793210667
1304090,1,9,19,27.05601379396031
1304090,1,10,19,26.79962845605105
1304090,1,11,19,26.747809075969354
1304090,1,12,19,26.22384959135618
1304090,1,13,19,24.80330484327676
1304090,1,14,19,23.67811611685336
1304090,1,15,19,21.833330759330096
1304090,1,16,19,21.33930376371215
1304090,1,17,19,20.36948358025645
1304090,1,18,19,19.941658883158553
1304090,1,19,19,18.976418035354865
1304090,2,0,29,29.15646985930138
1304090,2,1,29,28.936383263684927
1304090,2,2,29,27.341176370106144
1304090,2,3,29,26.095123345457043
1304090,2,4,29,27.02129537852829
1304090,2,5,29,25.83650060144446
1304090,2,6,29,28.432854594342842
1304090,2,7,29,27.43116190788029
1304090,2,8,29,26.159667123907543
1304090,2,9,29,26.197008875443384
1304090,2,10,29,26.081249719974664
1304090,2,11,29,25.375848944973377
1304090,2,12,29,24.13986369182852
1304090,2,13,29,29.217120097539947
1304090,2,14,29,27.590867960126683
1304090,2,15,29,26.003843566063743
1304090,2,16,29,25.390511190201405
1304090,2,17,29,24.983025381222536
1304090,2,18,29,24.974954080574232
1304090,2,19,29,29.185557729301127
1304099,1,0,22,24.742903440656814
1304099,1,1,22,25.115963693800936
1304099,1,2,22,24.403222399886783
1304099,1,3,22,26.095123345457043
1304099,1,4,22,23.985600185590336
1304099,1,5,22,23.653681381451143
1304099,1,6,22,23.084146004817416
1304099,1,7,22,23.9764838236092
1304099,1,8,22,23.163667834076374
1304099,1,9,22,23.667990754629244
1304099,1,10,22,23.790597345899716
1304099,1,11,22,23.197573736455375
1304099,1,12,22,22.402910172004148
1304099,1,13,22,22.196496790765977
1304099,1,14,22,21.882852485125625
1304099,1,15,22,19.891608737123747
1304099,1,16,22,18.4284779639092
1304099,1,17,22,19.677945458958668
1304099,1,18,22,23.579106211753768
1304099,1,19,22,21.937311745337926
1304099,2,0,10,20.8219494260387
1304099,2,1,10,21.142380827709278
1304099,2,2,10,21.421224881279574
1304099,2,3,10,20.662271181065137
1304099,2,4,10,18.836109926440376
1304099,2,5,10,18.663648327908664
1304099,2,6,10,15.738707463311497
1304099,2,7,10,14.86921245325063
1304099,2,8,10,20.642131500104572
1304099,2,9,10,20.008364360026235
1304099,2,10,10,18.840122850649124
1304099,2,11,10,17.781475190197707
1304099,2,12,10,17.743370991161022
1304099,2,13,10,16.512845109761876
1304099,2,14,10,16.19948388298648
1304100,1,0,39,24.742903440656814
1304100,1,1,39,23.360823407600794
1304100,1,2,39,21.83721823967761
1304100,1,3,39,21.77985718050038
1304100,1,4,39,20.50407625304267
1304100,1,5,39,23.170953010846766
1304100,1,6,39,24.664824472614562
1304100,1,7,39,29.240955932521953
1304100,1,8,39,28.70074013748971
1304100,1,9,39,32.74660861236468
1304100,1,10,39,32.07642983885729
1304100,1,11,39,32.4751891303323
1304100,1,12,39,30.76207548896459
1304100,1,13,39,29.217120097539947
1304100,1,14,39,28.835323789714877
1304100,1,15,39,33.529958004549165
1304100,1,16,39,33.114423677515994
1304100,1,17,39,33.10738115938722
1304100,1,18,39,37.12045147009633
1304100,1,19,39,38.92037347463539
1304100,2,0,16,24.742903440656814
1304100,2,1,16,23.360823407600794
1304100,2,2,16,21.83721823967761
1304100,2,3,16,21.66116504271487
1304100,2,4,16,21.065869242977612
1304100,2,5,16,21.143430784502225
1304100,2,6,16,18.84428230279886
1304100,2,7,16,19.433627762900244
1304100,2,8,16,21.717984876378843
1304100,2,9,16,25.153377054018655
1304100,2,10,16,24.94480965669432
1304100,2,11,16,24.860756406873477
1304100,2,12,16,24.13986369182852
1304100,2,13,16,24.160534053477456
1304100,2,14,16,23.67811611685336
1304100,2,15,16,22.129072797710254
1304100,2,16,16,20.959696284207652
1304100,2,17,16,19.677945458958668
1304100,2,18,16,17.9408725490512
1304100,2,19,16,16.003376347923805
1359476,1,0,31,25.472137899796575
1359476,1,1,31,21.142380827709278
1359476,1,2,31,21.421224881279574
1359476,1,3,31,20.662271181065137
1359476,1,4,31,25.87909710550429
1359476,1,5,31,29.5751542013563
1359476,1,6,31,28.810907429956035
1359476,1,7,31,30.245000643082868
1359476,1,8,31,28.5577409303881
1359476,1,9,31,27.734373549171103
1359476,1,10,31,25.009268629579797
1359476,1,11,31,30.812363199906848
1359476,1,12,31,30.222349149278024
1359476,1,13,31,32.44536221007059
1359476,1,14,31,31.735612897572505
1359476,1,15,31,30.211307160930595
1359476,1,16,31,35.61728122590297
1359476,1,17,31,32.922775858225116
1359476,1,18,31,32.581107920322744
1359476,1,19,31,30.8857564531587
1359476,2,0,27,29.15646985930138
1359476,2,1,27,24.70295166571232
1359476,2,2,27,23.645959086386178
1359476,2,3,27,25.55220396627169
1359476,2,4,27,24.479295876893694
1359476,2,5,27,27.377955113810664
1359476,2,6,27,27.472073493444086
1359476,2,7,27,27.08716258683774
1359476,2,8,27,26.233709789650536
1359476,2,9,27,25.50549460070744
1359476,2,10,27,25.108676871908894
1359476,2,11,27,24.712824988945453
1359476,2,12,27,23.810129776027043
1359476,2,13,27,23.75949323345075
1359476,2,14,27,28.738653887984114
1359476,2,15,27,32.73550446517748
1359479,1,0,30,24.742903440656814
1359479,1,1,30,24.950306230712744
1359479,1,2,30,23.46225018842174
1359479,1,3,30,22.77408682634524
1359479,1,4,30,21.71542566734072
1359479,1,5,30,22.090033533700577
1359479,1,6,30,21.533589115534873
1359479,1,7,30,21.09851300490319
1359479,1,8,30,23.489123883021414
1359479,1,9,30,23.55667332784838
1359479,1,10,30,23.790597345899716
1359479,1,11,30,23.559499035757746
1359479,1,12,30,23.146518101522883
1359479,1,13,30,22.780309599141333
1359479,1,14,30,21.882852485125625
1359479,1,15,30,24.835938399926725
1359479,1,16,30,25.140941810964772
1359479,1,17,30,27.651556578849352
1359479,1,18,30,26.08580102928362
1359479,1,19,30,30.115648445725018
1359479,2,0,25,24.742903440656814
1359479,2,1,25,23.360823407600794
1359479,2,2,25,21.83721823967761
1359479,2,3,25,21.66116504271487
1359479,2,4,25,20.50407625304267
1359479,2,5,25,21.143430784502225
1359479,2,6,25,20.142111267480093
1359479,2,7,25,25.554103759190756
1359479,2,8,25,23.489123883021414
1359479,2,9,25,23.55667332784838
1359479,2,10,25,24.94480965669432
1359479,2,11,25,23.559499035757746
1359479,2,12,25,23.146518101522883
1359479,2,13,25,22.196496790765977
1359479,2,14,25,20.553830099758443
1359479,2,15,25,26.04902045519517
1359479,2,16,25,30.07993333923848
1359480,1,0,32,25.472137899796575
1359480,1,1,32,25.115963693800936
1359480,1,2,32,24.403222399886783
1359480,1,3,32,24.65607675815567
1359480,1,4,32,30.014185897749343
1359480,1,5,32,28.92945647520202
1359480,1,6,32,28.432854594342842
1359480,1,7,32,34.69217486174198
1359480,1,8,32,34.46988214918759
1359480,1,9,32,34.63934266137901
1359480,1,10,32,34.55411689627376
1359480,1,11,32,33.37627178690628
1359480,1,12,32,35.57344691393377
1359480,1,13,32,35.18726780813298
1359480,1,14,32,36.99769098688164
1359480,1,15,32,35.51284883744771
1359480,1,16,32,33.9309565960577
1359480,1,17,32,32.92354382325747
1359480,1,18,32,32.658573343728015
1359480,1,19,32,32.041293888175936
1359480,2,0,22,24.742903440656814
1359480,2,1,22,24.950306230712744
1359480,2,2,22,23.46225018842174
1359480,2,3,22,21.77985718050038
1359480,2,4,22,23.985600185590336
1359480,2,5,22,23.653681381451143
1359480,2,6,22,22.530694318573886
1359480,2,7,22,22.61948136160815
1359480,2,8,22,23.002360659815018
1359480,2,9,22,19.359446371719066
1359480,2,10,22,18.993431483769314
1359480,2,11,22,18.5252791030943
1359480,2,12,22,17.623784811630347
1359480,2,13,22,17.222261591106736
1359480,2,14,22,17.02432459020358
1359480,2,15,22,15.257430210387474
1359480,2,16,22,16.576799989517163
1359480,2,17,22,16.26423075001268
1359480,2,18,22,17.223772644097906
1359480,2,19,22,22.026688143574223
1359482,1,0,27,24.742903440656814
1359482,1,1,27,23.360823407600794
1359482,1,2,27,23.46225018842174
1359482,1,3,27,26.095123345457043
1359482,1,4,27,23.985600185590336
1359482,1,5,27,23.653681381451143
1359482,1,6,27,24.664824472614562
1359482,1,7,27,25.554103759190756
1359482,1,8,27,23.489123883021414
1359482,1,9,27,23.55667332784838
1359482,1,10,27,23.790597345899716
1359482,1,11,27,27.27921385984329
1359482,1,12,27,28.34069864239359
1359482,1,13,27,31.739334460244724
1359482,1,14,27,31.481842177017896
1359482,1,15,27,30.003877563615244
1359482,1,16,27,30.07993333923848
1359482,1,17,27,29.970253750565234
1359482,1,18,27,28.04607357540175
1359482,1,19,27,26.96666318972173
1359482,2,0,34,24.742903440656814
1359482,2,1,34,23.360823407600794
1359482,2,2,34,23.46225018842174
1359482,2,3,34,27.630052510715892
1359482,2,4,34,27.02129537852829
1359482,2,5,34,25.83650060144446
1359482,2,6,34,26.858637583725216
1359482,2,7,34,26.615281056689756
1359482,2,8,34,26.159667123907543
1359482,2,9,34,26.197008875443384
1359482,2,10,34,23.709911878896158
1359482,2,11,34,24.712824988945453
1359482,2,12,34,30.438802274563336
1359482,2,13,34,29.157980956864066
1359482,2,14,34,27.417636272019525
1359482,2,15,34,26.885033387851056
1359482,2,16,34,26.785663574431958
1359482,2,17,34,31.040626212018605
1359482,2,18,34,31.80897953536773
1359482,2,19,34,33.89419742181587
1359485,1,0,32,29.15646985930138
1359485,1,1,32,31.249441490702488
1359485,1,2,32,31.509233873631572
1359485,1,3,32,33.32499639724247
1359485,1,4,32,31.584585982313616
1359485,1,5,32,30.569472604540437
1359485,1,6,32,30.0386550736029
1359485,1,7,32,34.69217486174198
1359485,1,8,32,33.186321487652314
1359485,1,9,32,31.690129569759485
1359485,1,10,32,31.3815152634542
1359485,1,11,32,32.4751891303323
1359485,1,12,32,32.33819898927599
1359485,1,13,32,29.81533741906028
1359485,1,14,32,30.078738170024234
1359485,1,15,32,32.798596972149795
1359485,1,16,32,32.12448502230624
1359485,1,17,32,33.736860811124835
1359485,1,18,32,33.95725279525128
1359485,1,19,32,32.047114957195184
1359485,2,0,27,24.742903440656814
1359485,2,1,27,23.360823407600794
1359485,2,2,27,21.83721823967761
1359485,2,3,27,21.77985718050038
1359485,2,4,27,23.985600185590336
1359485,2,5,27,25.83650060144446
1359485,2,6,27,25.6147813868301
1359485,2,7,27,25.554103759190756
1359485,2,8,27,26.159667123907543
1359485,2,9,27,26.197008875443384
1359485,2,10,27,26.79962845605105
1359485,2,11,27,26.747809075969354
1359485,2,12,27,24.650232675828452
1359485,2,13,27,28.497024835152054
1359485,2,14,27,28.738653887984114
1359485,2,15,27,26.848691443141316
1359485,2,16,27,26.808007504097745
1359485,2,17,27,29.379177411408534
1359485,2,18,27,27.894561060414162
1359485,2,19,27,26.907917351821713
1359492,1,0,32,24.742903440656814
1359492,1,1,32,28.035544894061687
1359492,1,2,32,26.404017028966788
1359492,1,3,32,26.095123345457043
1359492,1,4,32,31.457532419316724
1359492,1,5,32,30.569472604540437
1359492,1,6,32,32.50650783260322
1359492,1,7,32,34.69217486174198
1359492,1,8,32,33.186321487652314
1359492,1,9,32,31.690129569759485
1359492,1,10,32,30.383930651676213
1359492,1,11,32,29.130330315762617
1359492,1,12,32,27.48272633438472
1359492,1,13,32,26.328174865483547
1359492,1,14,32,26.30937097167257
1359492,1,15,32,26.04902045519517
1359492,1,16,32,30.07993333923848
1359492,1,17,32,33.736860811124835
1359492,1,18,32,33.95725279525128
1359492,1,19,32,32.041293888175936
1359492,2,0,31,24.742903440656814
1359492,2,1,31,28.035544894061687
1359492,2,2,31,26.404017028966788
1359492,2,3,31,26.095123345457043
1359492,2,4,31,28.94336605969596
1359492,2,5,31,28.92945647520202
1359492,2,6,31,28.432854594342842
1359492,2,7,31,27.99368195831811
1359492,2,8,31,27.386374793210667
1359492,2,9,31,26.197008875443384
1359492,2,10,31,26.081249719974664
1359492,2,11,31,24.860756406873477
1359492,2,12,31,24.13986369182852
1359492,2,13,31,27.22828634952912
1359492,2,14,31,27.875432622192367
1359492,2,15,31,27.410959155605966
1359492,2,16,31,27.591874672837317
1359492,2,17,31,29.970253750565234
1359492,2,18,31,29.253907090017748
1359492,2,19,31,30.856798819907922
1359497,1,0,33,24.742903440656814
1359497,1,1,33,23.360823407600794
1359497,1,2,33,26.404017028966788
1359497,1,3,33,26.095123345457043
1359497,1,4,33,23.858269877491555
1359497,1,5,33,25.79418614129953
1359497,1,6,33,26.122592976274504
1359497,1,7,33,32.926722015217024
1359497,1,8,33,32.81786154294085
1359497,1,9,33,32.95246709408641
1359497,1,10,33,33.435456251741975
1359497,1,11,33,33.6646762198529
1359497,1,12,33,31.710409416575086
1359497,1,13,33,32.29207810127457
1359497,1,14,33,31.778996018464174
1359497,1,15,33,31.19068218723907
1359497,1,16,33,35.82721588542375
1359497,1,17,33,35.60834243950645
1359497,1,18,33,33.75669424585638
1359497,1,19,33,33.120545034439814
1359497,2,0,34,24.742903440656814
1359497,2,1,34,24.950306230712744
1359497,2,2,34,23.46225018842174
1359497,2,3,34,26.095123345457043
1359497,2,4,34,25.341552764126465
1359497,2,5,34,23.653681381451143
1359497,2,6,34,24.664824472614562
1359497,2,7,34,23.9764838236092
1359497,2,8,34,23.489123883021414
1359497,2,9,34,23.55667332784838
1359497,2,10,34,29.57848329260944
1359497,2,11,34,29.130330315762617
1359497,2,12,34,28.34069864239359
1359497,2,13,34,28.183831907383038
1359497,2,14,34,26.587042677245552
1359497,2,15,34,31.19068218723907
1359497,2,16,34,30.83437790568898
1359497,2,17,34,31.05271941466337
1359497,2,18,34,29.660584989097327
1359497,2,19,34,33.88206429803672
1359500,1,0,27,24.742903440656814
1359500,1,1,27,28.035544894061687
1359500,1,2,27,26.404017028966788
1359500,1,3,27,26.095123345457043
1359500,1,4,27,27.02129537852829
1359500,1,5,27,27.13978917415464
1359500,1,6,27,27.456423739771072
1359500,1,7,27,29.996034311037644
1359500,1,8,27,30.20533083481143
1359500,1,9,27,30.57053816384797
1359500,1,10,27,29.57848329260944
1359500,1,11,27,29.130330315762617
1359500,1,12,27,28.34069864239359
1359500,1,13,27,27.22828634952912
1359500,1,14,27,26.91021626773807
1359500,1,15,27,27.410959155605966
1359500,1,16,27,28.717724391098585
1359500,1,17,27,27.651556578849352
1359500,1,18,27,28.04607357540175
1359500,1,19,27,26.874511746373564
1359500,2,0,24,24.742903440656814
1359500,2,1,24,29.818878019323314
1359500,2,2,24,29.723094033259347
1359500,2,3,24,29.883326881934533
1359500,2,4,24,27.846919499249395
1359500,2,5,24,30.569472604540437
1359500,2,6,24,30.0386550736029
1359500,2,7,24,29.996034311037644
1359500,2,8,24,30.20533083481143
1359500,2,9,24,30.57053816384797
1359500,2,10,24,30.383930651676213
1359500,2,11,24,30.954027188667045
1359500,2,12,24,30.76207548896459
1359500,2,13,24,29.81533741906028
1359500,2,14,24,28.835323789714877
1359500,2,15,24,28.870797453972806
1359500,2,16,24,27.591874672837317
1359500,2,17,24,27.2227888403567
1359500,2,18,24,25.253670616162832
1359500,2,19,24,24.191962046771273
1359506,1,0,27,25.472137899796575
1359506,1,1,27,25.115963693800936
1359506,1,2,27,26.404017028966788
1359506,1,3,27,29.883326881934533
1359506,1,4,27,28.94336605969596
1359506,1,5,27,28.92945647520202
1359506,1,6,27,27.456423739771072
1359506,1,7,27,27.43116190788029
1359506,1,8,27,27.386374793210667
1359506,1,9,27,30.57053816384797
1359506,1,10,27,30.383930651676213
1359506,1,11,27,33.37627178690628
1359506,1,12,27,32.44334416926998
1359506,1,13,27,32.823453176978944
1359506,1,14,27,31.175082636707337
1359506,1,15,27,30.192260753421674
1359506,1,16,27,29.580267732690245
1359506,1,17,27,28.410201731444744
1359506,1,18,27,29.07609585490637
1359506,1,19,27,26.874511746373564
1359506,2,0,22,24.742903440656814
1359506,2,1,22,24.950306230712744
1359506,2,2,22,23.46225018842174
1359506,2,3,22,22.77408682634524
1359506,2,4,22,21.91084879901094
1359506,2,5,22,21.01327004407686
1359506,2,6,22,21.12121111039524
1359506,2,7,22,23.9764838236092
1359506,2,8,22,27.386374793210667
1359506,2,9,22,26.197008875443384
1359506,2,10,22,26.081249719974664
1359506,2,11,22,25.375848944973377
1359506,2,12,22,25.50446264597371
1359506,2,13,22,24.160534053477456
1359506,2,14,22,22.518111672718064
1359506,2,15,22,22.129072797710254
1359506,2,16,22,21.966935971495587
1359506,2,17,22,21.901526824334628
1359506,2,18,22,22.791603848024504
1359506,2,19,22,22.057366904199302
1359514,1,0,54,24.742903440656814
1359514,1,1,54,28.035544894061687
1359514,1,2,54,31.72000787980892
1359514,1,3,54,36.480017260755375
1359514,1,4,54,35.603499970829965
1359514,1,5,54,38.65717122380908
1359514,1,6,54,38.6286336207836
1359514,1,7,54,39.25056428278927
1359514,1,8,54,39.9935469155317
1359514,1,9,54,39.24273819611316
1359514,1,10,54,46.44385679049671
1359514,1,11,54,45.920307996393234
1359514,1,12,54,46.40644395005351
1359514,1,13,54,48.22250202772236
1359514,1,14,54,47.42131748090894
1359514,1,15,54,48.89717774393367
1359514,1,16,54,52.036829915306605
1359514,1,17,54,52.71516071345884
1359514,1,18,54,54.70871226114788
1359514,1,19,54,52.96293063564326
1359514,2,0,28,24.742903440656814
1359514,2,1,28,23.360823407600794
1359514,2,2,28,26.404017028966788
1359514,2,3,28,26.095123345457043
1359514,2,4,28,25.341552764126465
1359514,2,5,28,25.83650060144446
1359514,2,6,28,28.432854594342842
1359514,2,7,28,27.99368195831811
1359514,2,8,28,27.386374793210667
1359514,2,9,28,27.05601379396031
1359514,2,10,28,27.233098182048774
1359514,2,11,28,26.747809075969354
1359514,2,12,28,26.22384959135618
1359514,2,13,28,26.328174865483547
1359514,2,14,28,25.215725962974123
1359514,2,15,28,23.904362077873273
1359514,2,16,28,22.9313599680253
1359514,2,17,28,23.7662909894073
1359514,2,18,28,26.08580102928362
1359514,2,19,28,27.993204168678368
1359520,1,0,33,29.15646985930138
1359520,1,1,33,31.249441490702488
1359520,1,2,33,31.72000787980892
1359520,1,3,33,34.31668541029089
1359520,1,4,33,33.253804753132925
1359520,1,5,33,33.11382459890761
1359520,1,6,33,34.06233107771249
1359520,1,7,33,31.5399753424018
1359520,1,8,33,30.20533083481143
1359520,1,9,33,30.57053816384797
1359520,1,10,33,31.3815152634542
1359520,1,11,33,30.954027188667045
1359520,1,12,33,34.12855705008059
1359520,1,13,33,33.81970591673071
1359520,1,14,33,35.68469605972262
1359520,1,15,33,34.66178873276907
1359520,1,16,33,34.44109473008995
1359520,1,17,33,33.10738115938722
1359520,1,18,33,32.77255397105937
1359520,1,19,33,33.19735239523042
1359520,2,0,47,24.742903440656814
1359520,2,1,47,28.035544894061687
1359520,2,2,47,26.404017028966788
1359520,2,3,47,29.883326881934533
1359520,2,4,47,31.584585982313616
1359520,2,5,47,30.202651260937845
1359520,2,6,47,28.810907429956035
1359520,2,7,47,27.08716258683774
1359520,2,8,47,27.5464771963017
1359520,2,9,47,32.95246709408641
1359520,2,10,47,33.435456251741975
1359520,2,11,47,37.16867635963929
1359520,2,12,47,35.238826987977454
1359520,2,13,47,34.242947385550046
1359520,2,14,47,38.81821499720107
1359520,2,15,47,40.34499122881852
1359520,2,16,47,47.051906853880915
1359520,2,17,47,44.46820595099239
1359520,2,18,47,48.566301425455805
1359526,1,0,41,24.742903440656814
1359526,1,1,41,29.818878019323314
1359526,1,2,41,29.723094033259347
1359526,1,3,41,27.630052510715892
1359526,1,4,41,25.87909710550429
1359526,1,5,41,25.79418614129953
1359526,1,6,41,30.950654539766163
1359526,1,7,41,30.245000643082868
1359526,1,8,41,32.20517718264668
1359526,1,9,41,32.665702654498624
1359526,1,10,41,37.649614779649994
1359526,1,11,41,36.99660631842851
1359526,1,12,41,35.91839848539845
1359526,1,13,41,41.74177730160536
1359526,1,14,41,41.61472371456485
1359526,1,15,41,39.27822071859661
1359526,1,16,41,39.66622239751491
1359526,1,17,41,39.74328316502987
1359526,1,18,41,39.21123610251545
1359526,1,19,41,40.84096971432759
1359526,2,0,38,23.585344252402724
1359526,2,1,38,25.115963693800936
1359526,2,2,38,28.274122164763565
1359526,2,3,38,27.630052510715892
1359526,2,4,38,31.457532419316724
1359526,2,5,38,30.569472604540437
1359526,2,6,38,30.0386550736029
1359526,2,7,38,34.69217486174198
1359526,2,8,38,34.46988214918759
1359526,2,9,38,33.263937306296945
1359526,2,10,38,32.07642983885729
1359526,2,11,38,32.4751891303323
1359526,2,12,38,32.33819898927599
1359526,2,13,38,29.81533741906028
1359526,2,14,38,32.63681617439688
1359526,2,15,38,32.798596972149795
1359526,2,16,38,35.823059888714916
1359526,2,17,38,33.225213392719745
1359526,2,18,38,33.95725279525128
1359526,2,19,38,38.21971861517553
1359533,1,0,16,24.742903440656814
1359533,1,1,16,23.360823407600794
1359533,1,2,16,23.46225018842174
1359533,1,3,16,21.77985718050038
1359533,1,4,16,20.50407625304267
1359533,1,5,16,18.706933621537846
1359533,1,6,16,18.77428115511848
1359533,1,7,16,18.486405624664382
1359533,1,8,16,18.175190666541095
1359533,1,9,16,16.392899491001273
1359533,1,10,16,17.13689066250992
1359533,1,11,16,15.174612256459643
1359533,1,12,16,15.734614402626063
1359533,1,13,16,15.646827669060503
1359533,1,14,16,13.709911915655912
1359533,1,15,16,16.626179912568677
1359533,1,16,16,17.114356728168776
1359533,1,17,16,16.556430465355405
1359533,1,18,16,16.209905015268752
1359533,1,19,16,15.848652730256747
1359533,2,0,22,24.742903440656814
1359533,2,1,22,23.360823407600794
1359533,2,2,22,21.83721823967761
1359533,2,3,22,24.65607675815567
1359533,2,4,22,23.695912870275997
1359533,2,5,22,23.170953010846766
1359533,2,6,22,21.533589115534873
1359533,2,7,22,21.5673308014796
1359533,2,8,22,20.642131500104572
1359533,2,9,22,20.008364360026235
1359533,2,10,22,18.840122850649124
1359533,2,11,22,17.781475190197707
1359533,2,12,22,15.26905098649
1359533,2,13,22,18.1881363802133
1359533,2,14,22,24.26431830566878
1359533,2,15,22,24.09352821330091
1359533,2,16,22,23.75569020318456
1359533,2,17,22,23.696361138149378
1359533,2,18,22,22.58972632146498
1359533,2,19,22,21.937311745337926
1359536,1,0,27,25.472137899796575
1359536,1,1,27,24.950306230712744
1359536,1,2,27,27.341176370106144
1359536,1,3,27,30.051403768946553
1359536,1,4,27,31.457532419316724
1359536,1,5,27,30.569472604540437
1359536,1,6,27,30.0386550736029
1359536,1,7,27,29.996034311037644
1359536,1,8,27,30.20533083481143
1359536,1,9,27,33.263937306296945
1359536,1,10,27,32.07642983885729
1359536,1,11,27,30.954027188667045
1359536,1,12,27,30.76207548896459
1359536,1,13,27,29.81533741906028
1359536,1,14,27,30.078738170024234
1359536,1,15,27,30.003877563615244
1359536,1,16,27,29.57428696675649
1359536,1,17,27,28.348537132563024
1359536,1,18,27,28.04607357540175
1359536,1,19,27,26.96666318972173
1359536,2,0,16,24.742903440656814
1359536,2,1,16,23.360823407600794
1359536,2,2,16,23.46225018842174
1359536,2,3,16,22.77408682634524
1359536,2,4,16,27.846919499249395
1359536,2,5,16,27.103211693417126
1359536,2,6,16,26.858637583725216
1359536,2,7,16,26.615281056689756
1359536,2,8,16,24.72887901494665
1359536,2,9,16,24.09084063078982
1359536,2,10,16,23.709911878896158
1359536,2,11,16,23.99362090367843
1359536,2,12,16,23.810129776027043
1359536,2,13,16,23.75949323345075
1359536,2,14,16,22.153224397866857
1359536,2,15,16,21.12890065935314
1359536,2,16,16,19.92422317875714
1359536,2,17,16,19.755442037679497
1359536,2,18,16,18.06915038870347
1359536,2,19,16,16.003376347923805
1359537,1,0,29,24.742903440656814
1359537,1,1,29,29.818878019323314
1359537,1,2,29,29.723094033259347
1359537,1,3,29,27.630052510715892
1359537,1,4,29,27.846919499249395
1359537,1,5,29,27.13978917415464
1359537,1,6,29,26.858637583725216
1359537,1,7,29,26.615281056689756
1359537,1,8,29,26.159667123907543
1359537,1,9,29,26.197008875443384
1359537,1,10,29,26.081249719974664
1359537,1,11,29,25.375848944973377
1359537,1,12,29,26.22384959135618
1359537,1,13,29,26.328174865483547
1359537,1,14,29,26.30937097167257
1359537,1,15,29,24.09352821330091
1359537,1,16,29,23.75569020318456
1359537,1,17,29,26.94974968236878
1359537,1,18,29,24.974954080574232
1359537,1,19,29,29.185557729301127
1359537,2,0,28,25.472137899796575
1359537,2,1,28,28.936383263684927
1359537,2,2,28,27.341176370106144
1359537,2,3,28,26.96061636847153
1359537,2,4,28,27.02129537852829
1359537,2,5,28,27.13978917415464
1359537,2,6,28,25.6147813868301
1359537,2,7,28,26.615281056689756
1359537,2,8,28,25.350121374437194
1359537,2,9,28,23.55667332784838
1359537,2,10,28,23.41648402510598
1359537,2,11,28,23.559499035757746
1359537,2,12,28,22.402910172004148
1359537,2,13,28,22.196496790765977
1359537,2,14,28,25.215725962974123
1359537,2,15,28,24.835938399926725
1359537,2,16,28,22.9313599680253
1359537,2,17,28,23.7662909894073
1359537,2,18,28,28.04607357540175
1359537,2,19,28,27.993204168678368
1359541,1,0,23,24.742903440656814
1359541,1,1,23,23.360823407600794
1359541,1,2,23,26.404017028966788
1359541,1,3,23,26.095123345457043
1359541,1,4,23,23.985600185590336
1359541,1,5,23,23.170953010846766
1359541,1,6,23,23.084146004817416
1359541,1,7,23,23.9764838236092
1359541,1,8,23,23.489123883021414
1359541,1,9,23,23.667990754629244
1359541,1,10,23,23.790597345899716
1359541,1,11,23,21.041770546430644
1359541,1,12,23,26.22384959135618
1359541,1,13,23,24.80330484327676
1359541,1,14,23,25.215725962974123
1359541,1,15,23,24.835938399926725
1359541,1,16,23,22.9313599680253
1359541,1,17,23,21.1488846636188
1359541,1,18,23,23.472208020685635
1359541,1,19,23,23.0523284747198
1359541,2,0,20,24.742903440656814
1359541,2,1,20,23.360823407600794
1359541,2,2,20,21.83721823967761
1359541,2,3,20,21.77985718050038
1359541,2,4,20,20.50407625304267
1359541,2,5,20,25.83650060144446
1359541,2,6,20,25.6147813868301
1359541,2,7,20,25.554103759190756
1359541,2,8,20,25.350121374437194
1359541,2,9,20,25.153377054018655
1359541,2,10,20,24.94480965669432
1359541,2,11,20,23.559499035757746
1359541,2,12,20,22.402910172004148
1359541,2,13,20,22.196496790765977
1359541,2,14,20,20.553830099758443
1359541,2,15,20,23.904362077873273
1359541,2,16,20,22.9313599680253
1359541,2,17,20,21.901526824334628
1359541,2,18,20,21.613637595064954
1359541,2,19,20,20.095060353932652
1359542,1,0,35,24.742903440656814
1359542,1,1,35,24.950306230712744
1359542,1,2,35,24.320261042689772
1359542,1,3,35,29.883326881934533
1359542,1,4,35,31.584585982313616
1359542,1,5,35,34.55584740670753
1359542,1,6,35,32.50650783260322
1359542,1,7,35,33.412726903522774
1359542,1,8,35,32.49648023229994
1359542,1,9,35,31.690129569759485
1359542,1,10,35,30.383930651676213
1359542,1,11,35,29.594427210976626
1359542,1,12,35,30.76207548896459
1359542,1,13,35,33.81970591673071
1359542,1,14,35,35.68469605972262
1359542,1,15,35,35.51284883744771
1359542,1,16,35,35.823059888714916
1359542,1,17,35,32.92354382325747
1359542,1,18,35,32.658573343728015
1359542,1,19,35,34.80150941640386
1359542,2,0,29,29.15646985930138
1359542,2,1,29,28.936383263684927
1359542,2,2,29,27.341176370106144
1359542,2,3,29,26.96061636847153
1359542,2,4,29,25.341552764126465
1359542,2,5,29,23.653681381451143
1359542,2,6,29,24.664824472614562
1359542,2,7,29,27.43116190788029
1359542,2,8,29,27.386374793210667
1359542,2,9,29,24.942506788902318
1359542,2,10,29,25.108676871908894
1359542,2,11,29,24.712824988945453
1359542,2,12,29,24.650232675828452
1359542,2,13,29,23.75949323345075
1359542,2,14,29,26.587042677245552
1359542,2,15,29,26.003843566063743
1359542,2,16,29,26.808007504097745
1359542,2,17,29,26.98464299447185
1359542,2,18,29,24.84992403567677
1359542,2,19,29,29.22268603998925
1370350,1,0,21,25.472137899796575
1370350,1,1,21,24.950306230712744
1370350,1,2,21,23.46225018842174
1370350,1,3,21,26.095123345457043
1370350,1,4,21,25.341552764126465
1370350,1,5,21,23.653681381451143
1370350,1,6,21,24.664824472614562
1370350,1,7,21,23.9764838236092
1370350,1,8,21,23.489123883021414
1370350,1,9,21,23.55667332784838
1370350,1,10,21,23.790597345899716
1370350,1,11,21,23.197573736455375
1370350,1,12,21,22.402910172004148
1370350,1,13,21,22.196496790765977
1370350,1,14,21,25.215725962974123
1370350,1,15,21,24.835938399926725
1370350,1,16,21,24.383101320526258
1370350,1,17,21,21.829994026549425
1370350,1,18,21,22.58972632146498
1370350,1,19,21,20.854951916891952
1370350,2,0,22,25.472137899796575
1370350,2,1,22,28.936383263684927
1370350,2,2,22,23.645959086386178
1370350,2,3,22,23.702227394177527
1370350,2,4,22,26.58890965610257
1370350,2,5,22,25.79418614129953
1370350,2,6,22,26.122592976274504
1370350,2,7,22,26.608480290475587
1370350,2,8,22,30.124851364171075
1370350,2,9,22,30.93009483133241
1370350,2,10,22,29.32522421189348
1370350,2,11,22,28.171476614817855
1370350,2,12,22,26.171648378072764
1370350,2,13,22,25.391780241777287
1370350,2,14,22,25.714700508958824
1370350,2,15,22,28.69317506426147
1370350,2,16,22,26.808007504097745
1370350,2,17,22,24.983025381222536
1370350,2,18,22,23.472208020685635
1370350,2,19,22,21.90224084954201
1370351,1,0,28,24.742903440656814
1370351,1,1,28,28.035544894061687
1370351,1,2,28,27.341176370106144
1370351,1,3,28,26.095123345457043
1370351,1,4,28,31.457532419316724
1370351,1,5,28,30.569472604540437
1370351,1,6,28,30.0386550736029
1370351,1,7,28,29.996034311037644
1370351,1,8,28,35.08879678300493
1370351,1,9,28,34.63934266137901
1370351,1,10,28,33.57890489875736
1370351,1,11,28,33.6646762198529
1370351,1,12,28,33.614737003192275
1370351,1,13,28,33.40625670572471
1370351,1,14,28,32.17982228500008
1370351,1,15,28,32.06822962495638
1370351,1,16,28,31.632742145195248
1370351,1,17,28,31.05271941466337
1370351,1,18,28,29.660584989097327
1370351,1,19,28,28.059958575764597
1370351,2,0,11,25.472137899796575
1370351,2,1,11,24.950306230712744
1370351,2,2,11,24.320261042689772
1370351,2,3,11,22.77408682634524
1370351,2,4,11,21.91084879901094
1370351,2,5,11,21.01327004407686
1370351,2,6,11,20.142111267480093
1370351,2,7,11,19.433627762900244
1370351,2,8,11,21.717984876378843
1370351,2,9,11,20.997447982593517
1370351,2,10,11,20.045097175075856
1370351,2,11,11,19.47009853297404
1370351,2,12,11,19.852809381376208
1370351,2,13,11,19.498796076314445
1370351,2,14,11,18.53230446939363
1370351,2,15,11,16.626179912568677
1370351,2,16,11,15.046693873152703
1422120,1,0,16,24.742903440656814
1422120,1,1,16,23.360823407600794
1422120,1,2,16,21.83721823967761
1422120,1,3,16,21.77985718050038
1422120,1,4,16,20.50407625304267
1422120,1,5,16,21.143430784502225
1422120,1,6,16,23.084146004817416
1422120,1,7,16,21.352970241600246
1422120,1,8,16,20.898841677046786
1422120,1,9,16,20.78296815209916
1422120,1,10,16,20.161109962636218
1422120,1,11,16,20.54880398301482
1422120,1,12,16,18.890588613036336
1422120,1,13,16,17.42163594657435
1422120,1,14,16,16.276217689777393
1422120,1,15,16,15.254340331185633
1422120,1,16,16,15.046693873152703
1422120,1,17,16,18.25814697567422
1422120,1,18,16,16.794750732716746
1422120,1,19,16,15.888278536785782
1422120,2,0,39,29.15646985930138
1422120,2,1,39,28.936383263684927
1422120,2,2,39,28.274122164763565
1422120,2,3,39,26.96061636847153
1422120,2,4,39,30.014185897749343
1422120,2,5,39,29.278130812174147
1422120,2,6,39,29.42374728118146
1422120,2,7,39,27.99368195831811
1422120,2,8,39,27.386374793210667
1422120,2,9,39,27.05601379396031
1422120,2,10,39,26.79962845605105
1422120,2,11,39,26.747809075969354
1422120,2,12,39,26.22384959135618
1422120,2,13,39,26.328174865483547
1422120,2,14,39,31.481842177017896
1422120,2,15,39,30.344310792079913
1422120,2,16,39,30.07993333923848
1422120,2,17,39,33.736860811124835
1422120,2,18,39,34.54980751126704
1422120,2,19,39,38.92037347463539
1422123,1,0,27,23.585344252402724
1422123,1,1,27,29.818878019323314
1422123,1,2,27,28.274122164763565
1422123,1,3,27,25.55220396627169
1422123,1,4,27,29.207754374156988
1422123,1,5,27,31.424033667307917
1422123,1,6,27,30.363461203092594
1422123,1,7,27,33.13663110143428
1422123,1,8,27,32.81786154294085
1422123,1,9,27,32.098892851039
1422123,1,10,27,33.435456251741975
1422123,1,11,27,30.332779185487116
1422123,1,12,27,29.70842790784354
1422123,1,13,27,29.41241352676416
1422123,1,14,27,29.058216679086748
1422123,1,15,27,28.734369355700405
1422123,1,16,27,28.322838126888445
1422123,1,17,27,27.40096651936777
1422123,1,18,27,26.840895942275242
1422123,1,19,27,26.907917351821713
1422123,2,0,19,25.472137899796575
1422123,2,1,19,28.936383263684927
1422123,2,2,19,23.645959086386178
1422123,2,3,19,23.702227394177527
1422123,2,4,19,23.858269877491555
1422123,2,5,19,22.519580796635488
1422123,2,6,19,22.530694318573886
1422123,2,7,19,21.352970241600246
1422123,2,8,19,20.898841677046786
1422123,2,9,19,24.09084063078982
1422123,2,10,19,23.709911878896158
1422123,2,11,19,23.99362090367843
1422123,2,12,19,23.810129776027043
1422123,2,13,19,24.516468349412538
1422123,2,14,19,23.419449603466408
1422123,2,15,19,22.955332939883036
1422123,2,16,19,22.024321787348793
1422123,2,17,19,20.542995689801845
1422123,2,18,19,18.708130176256795
1422123,2,19,19,18.726618847102948
1422131,1,0,28,29.15646985930138
1422131,1,1,28,28.035544894061687
1422131,1,2,28,26.404017028966788
1422131,1,3,28,24.65607675815567
1422131,1,4,28,23.985600185590336
1422131,1,5,28,23.653681381451143
1422131,1,6,28,24.664824472614562
1422131,1,7,28,23.9764838236092
1422131,1,8,28,23.489123883021414
1422131,1,9,28,23.55667332784838
1422131,1,10,28,23.790597345899716
1422131,1,11,28,25.375848944973377
1422131,1,12,28,25.50446264597371
1422131,1,13,28,29.81533741906028
1422131,1,14,28,28.738653887984114
1422131,1,15,28,31.19068218723907
1422131,1,16,28,29.580267732690245
1422131,1,17,28,29.379177411408534
1422131,1,18,28,29.07609585490637
1422131,1,19,28,28.02576162717604
1422131,2,0,28,20.8219494260387
1422131,2,1,28,21.142380827709278
1422131,2,2,28,21.421224881279574
1422131,2,3,28,23.702227394177527
1422131,2,4,28,23.858269877491555
1422131,2,5,28,23.586478619101754
1422131,2,6,28,23.562541030341645
1422131,2,7,28,23.591464368401194
1422131,2,8,28,23.27778417409242
1422131,2,9,28,23.08245798035622
1422131,2,10,28,22.754989733137677
1422131,2,11,28,22.82360044427452
1422131,2,12,28,22.297981897652733
1422131,2,13,28,22.63280396456082
1422131,2,14,28,22.153224397866857
1422131,2,15,28,21.833330759330096
1422131,2,16,28,24.386918893002797
1422131,2,17,28,23.696361138149378
1422131,2,18,28,23.472208020685635
1422131,2,19,28,28.02576162717604
1422133,1,0,24,29.15646985930138
1422133,1,1,24,28.936383263684927
1422133,1,2,24,27.341176370106144
1422133,1,3,24,26.095123345457043
1422133,1,4,24,27.02129537852829
1422133,1,5,24,27.13978917415464
1422133,1,6,24,26.858637583725216
1422133,1,7,24,25.554103759190756
1422133,1,8,24,23.489123883021414
1422133,1,9,24,23.55667332784838
1422133,1,10,24,23.41648402510598
1422133,1,11,24,29.130330315762617
1422133,1,12,24,32.33819898927599
1422133,1,13,24,29.81533741906028
1422133,1,14,24,28.835323789714877
1422133,1,15,24,28.870797453972806
1422133,1,16,24,27.591874672837317
1422133,1,17,24,24.983025381222536
1422133,1,18,24,24.974954080574232
1422133,1,19,24,24.06966975491677
1422133,2,0,31,25.472137899796575
1422133,2,1,31,25.115963693800936
1422133,2,2,31,28.274122164763565
1422133,2,3,31,30.592724981757716
1422133,2,4,31,31.457532419316724
1422133,2,5,31,33.416008762678715
1422133,2,6,31,32.50650783260322
1422133,2,7,31,34.69217486174198
1422133,2,8,31,33.186321487652314
1422133,2,9,31,31.690129569759485
1422133,2,10,31,31.3815152634542
1422133,2,11,31,34.00543438701063
1422133,2,12,31,32.44334416926998
1422133,2,13,31,32.823453176978944
1422133,2,14,31,32.065227255421604
1422133,2,15,31,31.526671719439058
1422133,2,16,31,30.07993333923848
1422133,2,17,31,28.348537132563024
1422133,2,18,31,32.77255397105937
1422133,2,19,31,30.869728071650044
1422136,1,0,29,24.742903440656814
1422136,1,1,29,24.950306230712744
1422136,1,2,29,27.341176370106144
1422136,1,3,29,26.095123345457043
1422136,1,4,29,23.985600185590336
1422136,1,5,29,29.278130812174147
1422136,1,6,29,29.42374728118146
1422136,1,7,29,29.240955932521953
1422136,1,8,29,28.70074013748971
1422136,1,9,29,27.564592884228688
1422136,1,10,29,27.233098182048774
1422136,1,11,29,26.747809075969354
1422136,1,12,29,27.48272633438472
1422136,1,13,29,27.22828634952912
1422136,1,14,29,25.714700508958824
1422136,1,15,29,25.160745437090462
1422136,1,16,29,24.386918893002797
1422136,1,17,29,27.38563176878347
1422136,1,18,29,26.863449593838325
1422136,1,19,29,29.185557729301127
1422136,2,0,31,29.88090225962828
1422136,2,1,31,34.24267231116749
1422136,2,2,31,32.23458888215543
1422136,2,3,31,36.480017260755375
1422136,2,4,31,35.603499970829965
1422136,2,5,31,34.55584740670753
1422136,2,6,31,32.50650783260322
1422136,2,7,31,34.69217486174198
1422136,2,8,31,34.46988214918759
1422136,2,9,31,33.263937306296945
1422136,2,10,31,34.55411689627376
1422136,2,11,31,34.00543438701063
1422136,2,12,31,34.12855705008059
1422136,2,13,31,32.29207810127457
1422136,2,14,31,31.175082636707337
1422136,2,15,31,30.192260753421674
1422136,2,16,31,29.580267732690245
1422136,2,17,31,28.410201731444744
1422136,2,18,31,32.658573343728015
1422139,1,0,19,24.742903440656814
1422139,1,1,19,24.14291735907651
1422139,1,2,19,24.403222399886783
1422139,1,3,19,27.630052510715892
1422139,1,4,19,27.846919499249395
1422139,1,5,19,27.13978917415464
1422139,1,6,19,25.6147813868301
1422139,1,7,19,23.9764838236092
1422139,1,8,19,23.489123883021414
1422139,1,9,19,23.667990754629244
1422139,1,10,19,23.790597345899716
1422139,1,11,19,23.197573736455375
1422139,1,12,19,22.402910172004148
1422139,1,13,19,22.196496790765977
1422139,1,14,19,22.518111672718064
1422139,1,15,19,21.466241361954637
1422139,1,16,19,20.959696284207652
1422139,1,17,19,20.600281210852653
1422139,1,18,19,20.11435484604626
1422139,1,19,19,18.963714303419362
1422139,2,0,17,25.472137899796575
1422139,2,1,17,28.936383263684927
1422139,2,2,17,29.723094033259347
1422139,2,3,17,33.32499639724247
1422139,2,4,17,31.584585982313616
1422139,2,5,17,30.202651260937845
1422139,2,6,17,30.950654539766163
1422139,2,7,17,28.688486240745565
1422139,2,8,17,27.5464771963017
1422139,2,9,17,27.227493359625523
1422139,2,10,17,26.057807751248582
1422139,2,11,17,25.774626565217428
1422139,2,12,17,24.650232675828452
1422139,2,13,17,24.516468349412538
1422139,2,14,17,23.419449603466408
1422139,2,15,17,20.465034380972803
1422139,2,16,17,19.772372130386472
1422139,2,17,17,19.682585611008218
1422139,2,18,17,17.993110417337313
1426266,1,0,22,23.585344252402724
1426266,1,1,22,24.14291735907651
1426266,1,2,22,29.723094033259347
1426266,1,3,22,27.630052510715892
1426266,1,4,22,27.02129537852829
1426266,1,5,22,29.278130812174147
1426266,1,6,22,29.42374728118146
1426266,1,7,22,29.240955932521953
1426266,1,8,22,28.70074013748971
1426266,1,9,22,27.564592884228688
1426266,1,10,22,29.57848329260944
1426266,1,11,22,27.27921385984329
1426266,1,12,22,27.48272633438472
1426266,1,13,22,26.328174865483547
1426266,1,14,22,26.30937097167257
1426266,1,15,22,26.04902045519517
1426266,1,16,22,24.383101320526258
1426266,1,17,22,24.174713686339388
1426266,1,18,22,23.579106211753768
1426266,1,19,22,21.937311745337926
1426266,2,0,31,29.88090225962828
1426266,2,1,31,35.67761858933529
1426266,2,2,31,34.82975143169456
1426266,2,3,31,35.386576129854255
1426266,2,4,31,33.253804753132925
1426266,2,5,31,31.188723014008126
1426266,2,6,31,34.06233107771249
1426266,2,7,31,33.412726903522774
1426266,2,8,31,33.186321487652314
1426266,2,9,31,31.690129569759485
1426266,2,10,31,30.383930651676213
1426266,2,11,31,33.37627178690628
1426266,2,12,31,35.57344691393377
1426266,2,13,31,35.10481707958828
1426266,2,14,31,35.02481446755293
1426266,2,15,31,38.02600030231543
1426271,1,0,36,29.15646985930138
1426271,1,1,36,28.035544894061687
1426271,1,2,36,27.341176370106144
1426271,1,3,36,26.095123345457043
1426271,1,4,36,25.341552764126465
1426271,1,5,36,30.569472604540437
1426271,1,6,36,29.42374728118146
1426271,1,7,36,29.240955932521953
1426271,1,8,36,28.70074013748971
1426271,1,9,36,28.036770517067403
1426271,1,10,36,29.57848329260944
1426271,1,11,36,29.130330315762617
1426271,1,12,36,28.34069864239359
1426271,1,13,36,28.183831907383038
1426271,1,14,36,31.481842177017896
1426271,1,15,36,35.51284883744771
1426271,1,16,36,39.94148143894056
1426271,1,17,36,38.562885569457386
1426271,1,18,36,38.58619660924715
1426271,1,19,36,36.08570025114714
1426271,2,0,23,24.742903440656814
1426271,2,1,23,22.279717160248122
1426271,2,2,23,25.61289747519951
1426271,2,3,23,23.729051696492967
1426271,2,4,23,27.643839438710618
1426271,2,5,23,25.597939690660695
1426271,2,6,23,24.97518761903608
1426271,2,7,23,24.719025197379427
1426271,2,8,23,25.05881790766175
1426271,2,9,23,25.50549460070744
1426271,2,10,23,25.108676871908894
1426271,2,11,23,24.712824988945453
1426271,2,12,23,24.650232675828452
1426271,2,13,23,23.75949323345075
1426271,2,14,23,22.153224397866857
1426271,2,15,23,26.848691443141316
1426271,2,16,23,25.390511190201405
1426271,2,17,23,23.84888873885836
1426271,2,18,23,23.472208020685635
1426271,2,19,23,23.111147696466926
1426274,1,0,34,25.472137899796575
1426274,1,1,34,24.14291735907651
1426274,1,2,34,24.403222399886783
1426274,1,3,34,27.630052510715892
1426274,1,4,34,27.846919499249395
1426274,1,5,34,25.597939690660695
1426274,1,6,34,24.97518761903608
1426274,1,7,34,24.83212645329974
1426274,1,8,34,24.72887901494665
1426274,1,9,34,24.942506788902318
1426274,1,10,34,25.108676871908894
1426274,1,11,34,24.712824988945453
1426274,1,12,34,28.284334712790464
1426274,1,13,34,28.497024835152054
1426274,1,14,34,27.590867960126683
1426274,1,15,34,26.848691443141316
1426274,1,16,34,29.580267732690245
1426274,1,17,34,32.64503745740455
1426274,1,18,34,31.870434854191554
1426274,1,19,34,33.88206429803672
1426274,2,0,44,29.88090225962828
1426274,2,1,44,34.24267231116749
1426274,2,2,44,32.23458888215543
1426274,2,3,44,36.480017260755375
1426274,2,4,44,35.603499970829965
1426274,2,5,44,38.65717122380908
1426274,2,6,44,38.34393415511888
1426274,2,7,44,35.68040779883829
1426274,2,8,44,40.8674345499148
1426274,2,9,44,41.267734963849286
1426274,2,10,44,45.79593067796554
1426274,2,11,44,45.31146417692966
1426274,2,12,44,47.4644972013905
1426274,2,13,44,52.49418322932288
1426274,2,14,44,51.932784242213515
1426274,2,15,44,50.38642019506578
1426274,2,16,44,46.284411547070476
1426274,2,17,44,46.30861465321944
1426274,2,18,44,43.51949169532397
1426274,2,19,44,48.01930464568448
1426279,1,0,27,23.585344252402724
1426279,1,1,27,29.818878019323314
1426279,1,2,27,31.72000787980892
1426279,1,3,27,30.051403768946553
1426279,1,4,27,28.94336605969596
1426279,1,5,27,28.92945647520202
1426279,1,6,27,26.122592976274504
1426279,1,7,27,24.719025197379427
1426279,1,8,27,25.05881790766175
1426279,1,9,27,24.942506788902318
1426279,1,10,27,25.108676871908894
1426279,1,11,27,24.712824988945453
1426279,1,12,27,24.650232675828452
1426279,1,13,27,23.75949323345075
1426279,1,14,27,24.26431830566878
1426279,1,15,27,26.848691443141316
1426279,1,16,27,26.808007504097745
1426279,1,17,27,29.379177411408534
1426279,1,18,27,29.07609585490637
1426279,1,19,27,26.907917351821713
1426279,2,0,22,20.8219494260387
1426279,2,1,22,22.279717160248122
1426279,2,2,22,27.24502633716027
1426279,2,3,22,25.55220396627169
1426279,2,4,22,21.315672519384457
1426279,2,5,22,22.253856816183145
1426279,2,6,22,22.256698427117577
1426279,2,7,22,20.76969613559776
1426279,2,8,22,20.572303441543045
1426279,2,9,22,20.786872380038393
1426279,2,10,22,27.77778657438921
1426279,2,11,22,29.225068481327888
1426279,2,12,22,29.41339678307102
1426279,2,13,22,28.851837741660532
1426279,2,14,22,26.96760919812044
1426279,2,15,22,25.20261930176652
1426279,2,16,22,24.072871574715183
1426279,2,17,22,23.883902477734228
1426279,2,18,22,22.341656336899458
1426279,2,19,22,21.90224084954201
1426286,1,0,20,24.742903440656814
1426286,1,1,20,24.950306230712744
1426286,1,2,20,24.320261042689772
1426286,1,3,20,22.77408682634524
1426286,1,4,20,21.71542566734072
1426286,1,5,20,21.143430784502225
1426286,1,6,20,18.84428230279886
1426286,1,7,20,18.486405624664382
1426286,1,8,20,18.747352503080027
1426286,1,9,20,16.392899491001273
1426286,1,10,20,19.37319992694193
1426286,1,11,20,18.786074680546275
1426286,1,12,20,18.740146252053645
1426286,1,13,20,16.978483137376397
1426286,1,14,20,20.1156368251041
1426286,1,15,20,21.12890065935314
1426286,1,16,20,20.69487528268247
1426286,1,17,20,19.755442037679497
1426286,1,18,20,19.222069460496442
1426286,1,19,20,20.13298817253013
1426286,2,0,27,24.742903440656814
1426286,2,1,27,28.035544894061687
1426286,2,2,27,27.341176370106144
1426286,2,3,27,30.051403768946553
1426286,2,4,27,33.253804753132925
1426286,2,5,27,31.188723014008126
1426286,2,6,27,30.0386550736029
1426286,2,7,27,29.240955932521953
1426286,2,8,27,28.70074013748971
1426286,2,9,27,28.036770517067403
1426286,2,10,27,32.07642983885729
1426286,2,11,27,32.4751891303323
1426286,2,12,27,32.33819898927599
1426286,2,13,27,31.739334460244724
1426286,2,14,27,31.481842177017896
1426286,2,15,27,30.344310792079913
1426286,2,16,27,29.57428696675649
1426286,2,17,27,28.348537132563024
1426286,2,18,27,28.04607357540175
1426286,2,19,27,26.96666318972173
1426291,1,0,18,24.742903440656814
1426291,1,1,18,24.950306230712744
1426291,1,2,18,23.46225018842174
1426291,1,3,18,22.77408682634524
1426291,1,4,18,21.71542566734072
1426291,1,5,18,23.653681381451143
1426291,1,6,18,24.664824472614562
1426291,1,7,18,23.9764838236092
1426291,1,8,18,23.163667834076374
1426291,1,9,18,20.997447982593517
1426291,1,10,18,24.94480965669432
1426291,1,11,18,24.860756406873477
1426291,1,12,18,24.13986369182852
1426291,1,13,18,24.160534053477456
1426291,1,14,18,23.67811611685336
1426291,1,15,18,21.833330759330096
1426291,1,16,18,21.33930376371215
1426291,1,17,18,20.36948358025645
1426291,1,18,18,19.222069460496442
1426291,1,19,18,18.1734912120629
1426291,2,0,25,24.742903440656814
1426291,2,1,25,22.279717160248122
1426291,2,2,25,21.421224881279574
1426291,2,3,25,20.662271181065137
1426291,2,4,25,18.836109926440376
1426291,2,5,25,18.663648327908664
1426291,2,6,25,22.530694318573886
1426291,2,7,25,19.874395036888036
1426291,2,8,25,19.48992551933334
1426291,2,9,25,20.10548366441033
1426291,2,10,25,19.576044485719862
1426291,2,11,25,18.5869513479927
1426291,2,12,25,18.76593252106291
1426291,2,13,25,18.183612086441926
1426291,2,14,25,17.29426376536527
1426291,2,15,25,19.83370032258272
1426291,2,16,25,19.92435676154214
1426291,2,17,25,20.251330115772927
1426291,2,18,25,25.138433985527158
1426291,2,19,25,25.1086636365017
1426297,1,0,43,25.472137899796575
1426297,1,1,43,28.936383263684927
1426297,1,2,43,31.509233873631572
1426297,1,3,43,30.592724981757716
1426297,1,4,43,31.457532419316724
1426297,1,5,43,30.569472604540437
1426297,1,6,43,30.0386550736029
1426297,1,7,43,29.996034311037644
1426297,1,8,43,30.20533083481143
1426297,1,9,43,31.690129569759485
1426297,1,10,43,36.92337585759839
1426297,1,11,43,37.63236483977145
1426297,1,12,43,41.54783540417492
1426297,1,13,43,40.351270679569666
1426297,1,14,43,42.3935420935357
1426297,1,15,43,41.02967020510869
1426297,1,16,43,45.92094541027825
1426297,1,17,43,44.38222311197116
1426297,1,18,43,44.072057250077926
1426297,1,19,43,42.671003393805044
1426297,2,0,27,20.8219494260387
1426297,2,1,27,22.279717160248122
1426297,2,2,27,19.91163411093589
1426297,2,3,27,23.729051696492967
1426297,2,4,27,22.87492845105895
1426297,2,5,27,22.519580796635488
1426297,2,6,27,22.530694318573886
1426297,2,7,27,24.719025197379427
1426297,2,8,27,25.05881790766175
1426297,2,9,27,24.942506788902318
1426297,2,10,27,25.108676871908894
1426297,2,11,27,24.712824988945453
1426297,2,12,27,24.650232675828452
1426297,2,13,27,23.75949323345075
1426297,2,14,27,26.587042677245552
1426297,2,15,27,26.003843566063743
1426297,2,16,27,26.808007504097745
1426297,2,17,27,26.94974968236878
1426297,2,18,27,24.974954080574232
1426297,2,19,27,26.874511746373564
1426302,1,0,26,24.742903440656814
1426302,1,1,26,23.360823407600794
1426302,1,2,26,26.404017028966788
1426302,1,3,26,26.96061636847153
1426302,1,4,26,25.341552764126465
1426302,1,5,26,28.92945647520202
1426302,1,6,26,28.432854594342842
1426302,1,7,26,27.43116190788029
1426302,1,8,26,26.159667123907543
1426302,1,9,26,26.197008875443384
1426302,1,10,26,26.081249719974664
1426302,1,11,26,24.860756406873477
1426302,1,12,26,23.146518101522883
1426302,1,13,26,22.196496790765977
1426302,1,14,26,20.553830099758443
1426302,1,15,26,23.904362077873273
1426302,1,16,26,24.383101320526258
1426302,1,17,26,27.2227888403567
1426302,1,18,26,26.08580102928362
1426302,1,19,26,26.00606187133574
1426302,2,0,22,24.742903440656814
1426302,2,1,22,23.360823407600794
1426302,2,2,22,21.83721823967761
1426302,2,3,22,26.96061636847153
1426302,2,4,22,25.341552764126465
1426302,2,5,22,23.653681381451143
1426302,2,6,22,23.084146004817416
1426302,2,7,22,23.568800655949083
1426302,2,8,22,21.717984876378843
1426302,2,9,22,25.153377054018655
1426302,2,10,22,23.41648402510598
1426302,2,11,22,23.197573736455375
1426302,2,12,22,21.127344070312464
1426302,2,13,22,26.328174865483547
1426302,2,14,22,26.30937097167257
1426302,2,15,22,26.04902045519517
1426302,2,16,22,23.75569020318456
1426302,2,17,22,23.696361138149378
1426302,2,18,22,23.472208020685635
1426302,2,19,22,21.937311745337926
1426306,1,0,35,25.472137899796575
1426306,1,1,35,32.48897443434313
1426306,1,2,35,31.72000787980892
1426306,1,3,35,30.051403768946553
1426306,1,4,35,28.94336605969596
1426306,1,5,35,27.103211693417126
1426306,1,6,35,27.456423739771072
1426306,1,7,35,27.43116190788029
1426306,1,8,35,27.386374793210667
1426306,1,9,35,26.197008875443384
1426306,1,10,35,31.3815152634542
1426306,1,11,35,30.954027188667045
1426306,1,12,35,29.495838216858683
1426306,1,13,35,29.157980956864066
1426306,1,14,35,27.590867960126683
1426306,1,15,35,30.192260753421674
1426306,1,16,35,35.60381060314716
1426306,1,17,35,33.57289916837815
1426306,1,18,35,37.09182788960889
1426306,1,19,35,34.80150941640386
1426306,2,0,35,29.15646985930138
1426306,2,1,35,28.035544894061687
1426306,2,2,35,27.341176370106144
1426306,2,3,35,29.883326881934533
1426306,2,4,35,28.94336605969596
1426306,2,5,35,28.92945647520202
1426306,2,6,35,28.432854594342842
1426306,2,7,35,31.5399753424018
1426306,2,8,35,32.49648023229994
1426306,2,9,35,31.690129569759485
1426306,2,10,35,31.3815152634542
1426306,2,11,35,29.594427210976626
1426306,2,12,35,29.495838216858683
1426306,2,13,35,32.29207810127457
1426306,2,14,35,31.104639566652043
1426306,2,15,35,33.00999786812714
1426306,2,16,35,32.720351196658186
1426306,2,17,35,32.6344821179338
1426306,2,18,35,37.09292592876855
1426306,2,19,35,34.82483530464026
1426309,1,0,21,29.15646985930138
1426309,1,1,21,28.035544894061687
1426309,1,2,21,26.404017028966788
1426309,1,3,21,26.095123345457043
1426309,1,4,21,23.858269877491555
1426309,1,5,21,23.586478619101754
1426309,1,6,21,23.562541030341645
1426309,1,7,21,23.591464368401194
1426309,1,8,21,26.233709789650536
1426309,1,9,21,25.50549460070744
1426309,1,10,21,23.903657010671587
1426309,1,11,21,23.95538508102029
1426309,1,12,21,23.499944427749845
1426309,1,13,21,22.02208160121046
1426309,1,14,21,20.53024017062332
1426309,1,15,21,18.83901525818725
1426309,1,16,21,18.587763850959462
1426309,1,17,21,18.793469993385493
1426309,1,18,21,21.967623302022492
1426309,1,19,21,20.878711629696443
1426309,2,0,27,24.742903440656814
1426309,2,1,27,23.360823407600794
1426309,2,2,27,24.320261042689772
1426309,2,3,27,22.77408682634524
1426309,2,4,27,21.71542566734072
1426309,2,5,27,21.01327004407686
1426309,2,6,27,20.142111267480093
1426309,2,7,27,19.072849759717258
1426309,2,8,27,19.27493796881548
1426309,2,9,27,25.153377054018655
1426309,2,10,27,27.233098182048774
1426309,2,11,27,26.747809075969354
1426309,2,12,27,32.33819898927599
1426309,2,13,27,35.780974112515175
1473438,1,0,20,24.742903440656814
1473438,1,1,20,23.360823407600794
1473438,1,2,20,21.83721823967761
1473438,1,3,20,21.66116504271487
1473438,1,4,20,23.695912870275997
1473438,1,5,20,23.170953010846766
1473438,1,6,20,23.084146004817416
1473438,1,7,20,21.5673308014796
1473438,1,8,20,25.350121374437194
1473438,1,9,20,23.08245798035622
1473438,1,10,20,22.453940915806218
1473438,1,11,20,24.712824988945453
1473438,1,12,20,24.650232675828452
1473438,1,13,20,24.516468349412538
1473438,1,14,20,22.251231539078784
1473438,1,15,20,22.136703622221617
1473438,1,16,20,20.177932285425886
1473438,1,17,20,20.542995689801845
1473438,1,18,20,20.35656929962519
1473438,1,19,20,19.883056797534763
1473438,2,0,35,23.585344252402724
1473438,2,1,35,24.14291735907651
1473438,2,2,35,29.723094033259347
1473438,2,3,35,33.32499639724247
1473438,2,4,35,35.603499970829965
1473438,2,5,35,34.55584740670753
1473438,2,6,35,32.50650783260322
1473438,2,7,35,34.69217486174198
1473438,2,8,35,34.46988214918759
1473438,2,9,35,35.05706648638563
1473438,2,10,35,36.92337585759839
1473438,2,11,35,37.63236483977145
1473438,2,12,35,35.57344691393377
1473438,2,13,35,35.10481707958828
1473438,2,14,35,39.20825001229064
1473438,2,15,35,38.02600030231543
1473438,2,16,35,39.94148143894056
1473442,1,0,43,24.742903440656814
1473442,1,1,43,28.035544894061687
1473442,1,2,43,31.72000787980892
1473442,1,3,43,30.592724981757716
1473442,1,4,43,31.584585982313616
1473442,1,5,43,34.55584740670753
1473442,1,6,43,32.50650783260322
1473442,1,7,43,34.69217486174198
1473442,1,8,43,33.186321487652314
1473442,1,9,43,31.690129569759485
1473442,1,10,43,30.383930651676213
1473442,1,11,43,29.130330315762617
1473442,1,12,43,27.48272633438472
1473442,1,13,43,32.823453176978944
1473442,1,14,43,36.99769098688164
1473442,1,15,43,36.72023468279553
1473442,1,16,43,37.698886763841564
1473442,1,17,43,41.88198571837589
1473442,1,18,43,40.256939168722056
1473442,1,19,43,43.216845527079485
1473442,2,0,52,25.472137899796575
1473442,2,1,52,32.48897443434313
1473442,2,2,52,31.72000787980892
1473442,2,3,52,34.31668541029089
1473442,2,4,52,37.44572712041492
1473442,2,5,52,36.76965307181554
1473442,2,6,52,37.86408325715317
1473442,2,7,52,39.25056428278927
1473442,2,8,52,40.395912834275116
1473442,2,9,52,41.267734963849286
1473442,2,10,52,45.79593067796554
1473442,2,11,52,47.116179211067916
1473442,2,12,52,45.40792239391701
1473442,2,13,52,44.848337569099314
1473442,2,14,52,44.617285865612764
1473442,2,15,52,45.77651689805486
1473442,2,16,52,45.92094541027825
1473442,2,17,52,44.38222311197116
1473442,2,18,52,48.31045381575011
1473442,2,19,52,53.00465353368397
1473444,1,0,34,25.472137899796575
1473444,1,1,34,28.936383263684927
1473444,1,2,34,31.509233873631572
1473444,1,3,34,35.386576129854255
1473444,1,4,34,35.603499970829965
1473444,1,5,34,33.416008762678715
1473444,1,6,34,34.06233107771249
1473444,1,7,34,31.5399753424018
1473444,1,8,34,32.49648023229994
1473444,1,9,34,31.690129569759485
1473444,1,10,34,30.383930651676213
1473444,1,11,34,28.171476614817855
1473444,1,12,34,33.614737003192275
1473444,1,13,34,33.40625670572471
1473444,1,14,34,33.51366603254378
1473444,1,15,34,31.886765246213255
1473444,1,16,34,37.47390041315991
1473444,1,17,34,36.21120733319077
1473444,1,18,34,34.33288000350802
1473444,1,19,34,33.89419742181587
1473444,2,0,22,24.742903440656814
1473444,2,1,22,23.360823407600794
1473444,2,2,22,23.46225018842174
1473444,2,3,22,22.77408682634524
1473444,2,4,22,27.846919499249395
1473444,2,5,22,27.103211693417126
1473444,2,6,22,26.858637583725216
1473444,2,7,22,26.615281056689756
1473444,2,8,22,25.350121374437194
1473444,2,9,22,25.153377054018655
1473444,2,10,22,23.41648402510598
1473444,2,11,22,23.197573736455375
1473444,2,12,22,19.826930439562016
1473444,2,13,22,19.920728317342192
1473444,2,14,22,25.714700508958824
1473444,2,15,22,24.09352821330091
1473444,2,16,22,26.808007504097745
1473447,1,0,11,24.742903440656814
1473447,1,1,11,28.035544894061687
1473447,1,2,11,26.404017028966788
1473447,1,3,11,24.65607675815567
1473447,1,4,11,23.695912870275997
1473447,1,5,11,23.170953010846766
1473447,1,6,11,23.084146004817416
1473447,1,7,11,23.568800655949083
1473447,1,8,11,23.163667834076374
1473447,1,9,11,20.997447982593517
1473447,1,10,11,20.34312517064598
1473447,1,11,11,19.112971799599464
1473447,1,12,11,17.976717101468825
1473447,1,13,11,16.794670427162252
1473447,1,14,11,15.797397078093683
1473447,1,15,11,15.109709223752533
1473447,1,16,11,13.852239215790766
1473447,1,17,11,13.515904241597275
1473447,1,18,11,13.524427348616245
1473447,2,0,28,25.472137899796575
1473447,2,1,28,25.115963693800936
1473447,2,2,28,24.320261042689772
1473447,2,3,28,26.96061636847153
1473447,2,4,28,27.02129537852829
1473447,2,5,28,25.83650060144446
1473447,2,6,28,26.858637583725216
1473447,2,7,28,25.554103759190756
1473447,2,8,28,26.159667123907543
1473447,2,9,28,24.09084063078982
1473447,2,10,28,23.709911878896158
1473447,2,11,28,23.99362090367843
1473447,2,12,28,23.810129776027043
1473447,2,13,28,26.910717962490004
1473447,2,14,28,29.072217927230085
1473447,2,15,28,34.030238153565776
1473449,1,0,14,24.742903440656814
1473449,1,1,14,28.035544894061687
1473449,1,2,14,26.404017028966788
1473449,1,3,14,26.095123345457043
1473449,1,4,14,23.985600185590336
1473449,1,5,14,23.170953010846766
1473449,1,6,14,21.567068813712478
1473449,1,7,14,26.608480290475587
1473449,1,8,14,25.05881790766175
1473449,1,9,14,24.942506788902318
1473449,1,10,14,21.45071824699171
1473449,1,11,14,22.04209722977367
1473449,1,12,14,21.987134702629195
1473449,1,13,14,20.36730445323987
1473449,1,14,14,20.85910550704635
1473449,1,15,14,19.335289174939945
1473449,1,16,14,17.51214380329606
1473449,2,0,26,24.742903440656814
1473449,2,1,26,25.115963693800936
1473449,2,2,26,24.403222399886783
1473449,2,3,26,27.630052510715892
1473449,2,4,26,27.02129537852829
1473449,2,5,26,27.13978917415464
1473449,2,6,26,29.42374728118146
1473449,2,7,26,27.99368195831811
1473449,2,8,26,27.386374793210667
1473449,2,9,26,27.05601379396031
1473449,2,10,26,32.07642983885729
1473449,2,11,26,32.4751891303323
1473449,2,12,26,36.74653534007719
1473450,1,0,28,25.472137899796575
1473450,1,1,28,24.950306230712744
1473450,1,2,28,24.320261042689772
1473450,1,3,28,23.486948148137763
1473450,1,4,28,23.695912870275997
1473450,1,5,28,22.090033533700577
1473450,1,6,28,21.533589115534873
1473450,1,7,28,21.09851300490319
1473450,1,8,28,19.27493796881548
1473450,1,9,28,18.09504393042048
1473450,1,10,28,20.34312517064598
1473450,1,11,28,21.041770546430644
1473450,1,12,28,26.22384959135618
1473450,1,13,28,24.80330484327676
1473450,1,14,28,25.215725962974123
1473450,1,15,28,30.003877563615244
1473450,1,16,28,29.57428696675649
1473450,1,17,28,28.348537132563024
1473450,1,18,28,28.04607357540175
1473450,1,19,28,27.993204168678368
1473450,2,0,40,25.472137899796575
1473450,2,1,40,25.115963693800936
1473450,2,2,40,24.403222399886783
1473450,2,3,40,24.65607675815567
1473450,2,4,40,27.846919499249395
1473450,2,5,40,27.103211693417126
1473450,2,6,40,27.456423739771072
1473450,2,7,40,29.996034311037644
1473450,2,8,40,30.20533083481143
1473450,2,9,40,30.57053816384797
1473450,2,10,40,33.69586391155677
1473450,2,11,40,33.37627178690628
1473450,2,12,40,32.44334416926998
1473450,2,13,40,37.67204866850072
1473450,2,14,40,42.65092764260245
1473450,2,15,40,41.02967020510869
1473450,2,16,40,45.92094541027825
1473453,1,0,25,24.742903440656814
1473453,1,1,25,24.950306230712744
1473453,1,2,25,23.46225018842174
1473453,1,3,25,21.77985718050038
1473453,1,4,25,21.71542566734072
1473453,1,5,25,23.653681381451143
1473453,1,6,25,22.530694318573886
1473453,1,7,25,22.61948136160815
1473453,1,8,25,23.002360659815018
1473453,1,9,25,20.78296815209916
1473453,1,10,25,20.03482236278363
1473453,1,11,25,20.54880398301482
1473453,1,12,25,19.826930439562016
1473453,1,13,25,19.920728317342192
1473453,1,14,25,20.1156368251041
1473453,1,15,25,20.293256774141366
1473453,1,16,25,19.92422317875714
1473453,1,17,25,21.829994026549425
1473453,1,18,25,24.974954080574232
1473453,1,19,25,24.93271251577565
1473453,2,0,32,29.15646985930138
1473453,2,1,32,28.035544894061687
1473453,2,2,32,26.404017028966788
1473453,2,3,32,24.65607675815567
1473453,2,4,32,30.014185897749343
1473453,2,5,32,29.278130812174147
1473453,2,6,32,30.0386550736029
1473453,2,7,32,29.996034311037644
1473453,2,8,32,30.20533083481143
1473453,2,9,32,33.263937306296945
1473453,2,10,32,32.07642983885729
1473453,2,11,32,32.4751891303323
1473453,2,12,32,32.44334416926998
1473453,2,13,32,32.823453176978944
1473453,2,14,32,32.065227255421604
1473453,2,15,32,31.526671719439058
1473453,2,16,32,34.44109473008995
1473453,2,17,32,33.225213392719745
1473453,2,18,32,33.95725279525128
1473453,2,19,32,32.047114957195184
1473454,1,0,30,25.472137899796575
1473454,1,1,30,25.115963693800936
1473454,1,2,30,24.320261042689772
1473454,1,3,30,22.77408682634524
1473454,1,4,30,21.91084879901094
1473454,1,5,30,22.090033533700577
1473454,1,6,30,27.456423739771072
1473454,1,7,30,29.996034311037644
1473454,1,8,30,28.70074013748971
1473454,1,9,30,28.036770517067403
1473454,1,10,30,29.57848329260944
1473454,1,11,30,32.4751891303323
1473454,1,12,30,30.76207548896459
1473454,1,13,30,29.217120097539947
1473454,1,14,30,34.42943586403333
1473454,1,15,30,32.798596972149795
1473454,1,16,30,32.12448502230624
1473454,1,17,30,31.467288711491392
1473454,1,18,30,29.804963803590972
1473454,1,19,30,30.115648445725018
1473454,2,0,21,29.15646985930138
1473454,2,1,21,28.936383263684927
1473454,2,2,21,27.341176370106144
1473454,2,3,21,26.96061636847153
1473454,2,4,21,27.02129537852829
1473454,2,5,21,25.83650060144446
1473454,2,6,21,25.6147813868301
1473454,2,7,21,23.9764838236092
1473454,2,8,21,23.489123883021414
1473454,2,9,21,23.55667332784838
1473454,2,10,21,23.41648402510598
1473454,2,11,21,23.197573736455375
1473454,2,12,21,22.402910172004148
1473454,2,13,21,22.196496790765977
1473454,2,14,21,25.215725962974123
1473454,2,15,21,24.835938399926725
1473454,2,16,21,24.383101320526258
1473454,2,17,21,23.7662909894073
1473454,2,18,21,21.613637595064954
1473454,2,19,21,20.8184379423375
1473460,1,0,29,29.15646985930138
1473460,1,1,29,28.035544894061687
1473460,1,2,29,26.404017028966788
1473460,1,3,29,24.65607675815567
1473460,1,4,29,27.846919499249395
1473460,1,5,29,27.103211693417126
1473460,1,6,29,30.0386550736029
1473460,1,7,29,34.69217486174198
1473460,1,8,29,33.186321487652314
1473460,1,9,29,30.93009483133241
1473460,1,10,29,31.639883270714357
1473460,1,11,29,31.905681372051045
1473460,1,12,29,31.843701560030336
1473460,1,13,29,29.630699577115674
1473460,1,14,29,29.072217927230085
1473460,1,15,29,29.449608769194565
1473460,1,16,29,29.24405755716497
1473460,1,17,29,28.410201731444744
1473460,1,18,29,26.840895942275242
1473460,1,19,29,29.22268603998925
1473460,2,0,28,23.585344252402724
1473460,2,1,28,25.115963693800936
1473460,2,2,28,24.320261042689772
1473460,2,3,28,26.96061636847153
1473460,2,4,28,25.341552764126465
1473460,2,5,28,28.92945647520202
1473460,2,6,28,31.789149689606845
1473460,2,7,28,31.5399753424018
1473460,2,8,28,32.49648023229994
1473460,2,9,28,31.690129569759485
1473460,2,10,28,34.55411689627376
1473460,2,11,28,34.00543438701063
1473460,2,12,28,32.44334416926998
1473460,2,13,28,33.81970591673071
1473460,2,14,28,32.63681617439688
1473460,2,15,28,31.19068218723907
1473460,2,16,28,31.632742145195248
1473460,2,17,28,29.90675715803814
1473460,2,18,28,29.660584989097327
1473460,2,19,28,28.059958575764597
1473463,1,0,26,24.742903440656814
1473463,1,1,26,24.950306230712744
1473463,1,2,26,24.320261042689772
1473463,1,3,26,26.96061636847153
1473463,1,4,26,27.02129537852829
1473463,1,5,26,27.13978917415464
1473463,1,6,26,25.6147813868301
1473463,1,7,26,25.554103759190756
1473463,1,8,26,25.350121374437194
1473463,1,9,26,26.197008875443384
1473463,1,10,26,29.57848329260944
1473463,1,11,26,32.4751891303323
1473463,1,12,26,30.76207548896459
1473463,1,13,26,29.157980956864066
1473463,1,14,26,28.738653887984114
1473463,1,15,26,26.848691443141316
1473463,1,16,26,26.808007504097745
1473463,1,17,26,26.94974968236878
1473463,1,18,26,25.774648090156983
1473463,1,19,26,25.965987836684683
1473463,2,0,26,29.15646985930138
1473463,2,1,26,28.035544894061687
1473463,2,2,26,26.404017028966788
1473463,2,3,26,24.65607675815567
1473463,2,4,26,23.695912870275997
1473463,2,5,26,23.170953010846766
1473463,2,6,26,21.533589115534873
1473463,2,7,26,23.568800655949083
1473463,2,8,26,23.163667834076374
1473463,2,9,26,27.564592884228688
1473463,2,10,26,26.79962845605105
1473463,2,11,26,25.375848944973377
1473463,2,12,26,26.22384959135618
1473463,2,13,26,26.328174865483547
1473463,2,14,26,25.215725962974123
1473463,2,15,26,23.904362077873273
1473463,2,16,26,22.9313599680253
1473463,2,17,26,21.901526824334628
1473463,2,18,26,21.613637595064954
1473463,2,19,26,26.00606187133574
1473466,1,0,37,25.472137899796575
1473466,1,1,37,25.115963693800936
1473466,1,2,37,28.274122164763565
1473466,1,3,37,30.592724981757716
1473466,1,4,37,28.849660362030882
1473466,1,5,37,27.377955113810664
1473466,1,6,37,27.472073493444086
1473466,1,7,37,26.608480290475587
1473466,1,8,37,25.05881790766175
1473466,1,9,37,24.09084063078982
1473466,1,10,37,25.77644147603425
1473466,1,11,37,32.50950339221278
1473466,1,12,37,31.843701560030336
1473466,1,13,37,29.630699577115674
1473466,1,14,37,28.738653887984114
1473466,1,15,37,29.449608769194565
1473466,1,16,37,28.297867279411
1473466,1,17,37,29.90675715803814
1473466,1,18,37,34.34541023577085
1473466,1,19,37,37.281592922705826
1473466,2,0,22,24.742903440656814
1473466,2,1,22,23.360823407600794
1473466,2,2,22,23.46225018842174
1473466,2,3,22,26.095123345457043
1473466,2,4,22,23.985600185590336
1473466,2,5,22,25.83650060144446
1473466,2,6,22,24.664824472614562
1473466,2,7,22,23.568800655949083
1473466,2,8,22,23.163667834076374
1473466,2,9,22,26.197008875443384
1473466,2,10,22,29.57848329260944
1473466,2,11,22,29.130330315762617
1473466,2,12,22,27.48272633438472
1473466,2,13,22,27.22828634952912
1473466,2,14,22,26.91021626773807
1473466,2,15,22,26.490042822432816
1473466,2,16,22,26.105111665197654
1473466,2,17,22,25.43244987411615
1473466,2,18,22,23.472208020685635
1473469,1,0,20,25.472137899796575
1473469,1,1,20,25.115963693800936
1473469,1,2,20,24.320261042689772
1473469,1,3,20,23.486948148137763
1473469,1,4,20,21.91084879901094
1473469,1,5,20,22.090033533700577
1473469,1,6,20,21.533589115534873
1473469,1,7,20,21.5673308014796
1473469,1,8,20,21.093810301034033
1473469,1,9,20,23.55667332784838
1473469,1,10,20,23.41648402510598
1473469,1,11,20,24.860756406873477
1473469,1,12,20,23.146518101522883
1473469,1,13,20,22.780309599141333
1473469,1,14,20,22.518111672718064
1473469,1,15,20,23.904362077873273
1473469,1,16,20,21.33930376371215
1473469,1,17,20,21.1488846636188
1473469,1,18,20,20.98788457904782
1473469,1,19,20,20.13298817253013
1473469,2,0,28,25.472137899796575
1473469,2,1,28,24.950306230712744
1473469,2,2,28,24.320261042689772
1473469,2,3,28,23.486948148137763
1473469,2,4,28,23.695912870275997
1473469,2,5,28,23.653681381451143
1473469,2,6,28,23.084146004817416
1473469,2,7,28,27.99368195831811
1473469,2,8,28,27.885953189866807
1473469,2,9,28,27.05601379396031
1473469,2,10,28,26.79962845605105
1473469,2,11,28,26.747809075969354
1473469,2,12,28,25.50446264597371
1473469,2,13,28,24.80330484327676
1473469,2,14,28,27.875432622192367
1473469,2,15,28,27.410959155605966
1473469,2,16,28,30.07993333923848
1473469,2,17,28,29.970253750565234
1473469,2,18,28,29.253907090017748
1473469,2,19,28,28.02576162717604
1473469,3,0,1,20.66794094179165
1473469,4,0,6,29.88090225962828
1473472,1,0,35,24.742903440656814
1473472,1,1,35,23.360823407600794
1473472,1,2,35,28.274122164763565
1473472,1,3,35,27.630052510715892
1473472,1,4,35,27.02129537852829
1473472,1,5,35,27.13978917415464
1473472,1,6,35,29.42374728118146
1473472,1,7,35,29.240955932521953
1473472,1,8,35,28.70074013748971
1473472,1,9,35,30.57053816384797
1473472,1,10,35,30.383930651676213
1473472,1,11,35,29.594427210976626
1473472,1,12,35,28.34069864239359
1473472,1,13,35,27.22828634952912
1473472,1,14,35,26.91021626773807
1473472,1,15,35,31.526671719439058
1473472,1,16,35,34.44109473008995
1473472,1,17,35,33.225213392719745
1473472,1,18,35,32.77255397105937
1473472,1,19,35,34.77873895337553
1473472,2,0,22,29.15646985930138
1473472,2,1,22,31.249441490702488
1473472,2,2,22,31.72000787980892
1473472,2,3,22,29.883326881934533
1473472,2,4,22,27.846919499249395
1473472,2,5,22,27.103211693417126
1473472,2,6,22,27.456423739771072
1473472,2,7,22,27.43116190788029
1473472,2,8,22,26.159667123907543
1473472,2,9,22,26.197008875443384
1473472,2,10,22,24.94480965669432
1473472,2,11,22,24.860756406873477
1473472,2,12,22,24.13986369182852
1473472,2,13,22,22.780309599141333
1473472,2,14,22,21.882852485125625
1473472,2,15,22,21.466241361954637
1473472,2,16,22,20.959696284207652
1473472,2,17,22,20.600281210852653
1473472,2,18,22,20.11435484604626
1473472,2,19,22,22.057366904199302
1473473,1,0,31,25.472137899796575
1473473,1,1,31,25.115963693800936
1473473,1,2,31,24.320261042689772
1473473,1,3,31,23.486948148137763
1473473,1,4,31,27.02129537852829
1473473,1,5,31,25.83650060144446
1473473,1,6,31,24.664824472614562
1473473,1,7,31,23.568800655949083
1473473,1,8,31,23.163667834076374
1473473,1,9,31,27.564592884228688
1473473,1,10,31,29.57848329260944
1473473,1,11,31,29.594427210976626
1473473,1,12,31,30.76207548896459
1473473,1,13,31,29.81533741906028
1473473,1,14,31,28.835323789714877
1473473,1,15,31,28.870797453972806
1473473,1,16,31,28.717724391098585
1473473,1,17,31,27.651556578849352
1473473,1,18,31,27.024215341265315
1473473,1,19,31,30.856798819907922
1473473,2,0,31,25.472137899796575
1473473,2,1,31,28.936383263684927
1473473,2,2,31,28.274122164763565
1473473,2,3,31,26.96061636847153
1473473,2,4,31,25.341552764126465
1473473,2,5,31,30.569472604540437
1473473,2,6,31,29.42374728118146
1473473,2,7,31,34.73310395750088
1473473,2,8,31,33.93203012103466
1473473,2,9,31,32.95246709408641
1473473,2,10,31,33.435456251741975
1473473,2,11,31,37.16867635963929
1473473,2,12,31,34.3924277543919
1473473,2,13,31,33.40625670572471
1473473,2,14,31,32.17982228500008
1473473,2,15,31,32.06822962495638
1473473,2,16,31,30.83437790568898
1473473,2,17,31,29.326207806300825
1473473,2,18,31,31.80897953536773
1473473,2,19,31,30.8857564531587
1473478,1,0,21,24.742903440656814
1473478,1,1,21,29.818878019323314
1473478,1,2,21,31.72000787980892
1473478,1,3,21,29.883326881934533
1473478,1,4,21,27.846919499249395
1473478,1,5,21,28.92945647520202
1473478,1,6,21,28.432854594342842
1473478,1,7,21,27.99368195831811
1473478,1,8,21,27.885953189866807
1473478,1,9,21,27.564592884228688
1473478,1,10,21,27.233098182048774
1473478,1,11,21,26.747809075969354
1473478,1,12,21,26.22384959135618
1473478,1,13,21,26.328174865483547
1473478,1,14,21,26.30937097167257
1473478,1,15,21,26.04902045519517
1473478,1,16,21,25.140941810964772
1473478,1,17,21,24.174713686339388
1473478,1,18,21,22.58972632146498
1473478,1,19,21,20.854951916891952
1473478,2,0,24,25.472137899796575
1473478,2,1,24,24.950306230712744
1473478,2,2,24,29.723094033259347
1473478,2,3,24,29.883326881934533
1473478,2,4,24,27.846919499249395
1473478,2,5,24,27.103211693417126
1473478,2,6,24,27.456423739771072
1473478,2,7,24,27.43116190788029
1473478,2,8,24,26.159667123907543
1473478,2,9,24,26.197008875443384
1473478,2,10,24,24.94480965669432
1473478,2,11,24,24.860756406873477
1473478,2,12,24,23.146518101522883
1473478,2,13,24,22.780309599141333
1473478,2,14,24,27.875432622192367
1473478,2,15,24,30.344310792079913
1473483,1,0,28,25.472137899796575
1473483,1,1,28,28.936383263684927
1473483,1,2,28,29.723094033259347
1473483,1,3,28,33.32499639724247
1473483,1,4,28,31.584585982313616
1473483,1,5,28,30.569472604540437
1473483,1,6,28,30.0386550736029
1473483,1,7,28,29.996034311037644
1473483,1,8,28,28.70074013748971
1473483,1,9,28,27.564592884228688
1473483,1,10,28,31.3815152634542
1473483,1,11,28,30.954027188667045
1473483,1,12,28,30.76207548896459
1473483,1,13,28,29.81533741906028
1473483,1,14,28,30.078738170024234
1473483,1,15,28,30.344310792079913
1473483,1,16,28,29.57428696675649
1473483,1,17,28,27.651556578849352
1473483,1,18,28,29.804963803590972
1473483,1,19,28,27.993204168678368
1473483,2,0,28,25.472137899796575
1473483,2,1,28,28.936383263684927
1473483,2,2,28,27.341176370106144
1473483,2,3,28,23.702227394177527
1473483,2,4,28,24.479295876893694
1473483,2,5,28,23.586478619101754
1473483,2,6,28,24.748159065198795
1473483,2,7,28,24.719025197379427
1473483,2,8,28,25.05881790766175
1473483,2,9,28,24.942506788902318
1473483,2,10,28,25.108676871908894
1473483,2,11,28,23.99362090367843
1473483,2,12,28,24.650232675828452
1473483,2,13,28,24.516468349412538
1473483,2,14,28,27.590867960126683
1473483,2,15,28,28.69317506426147
1473483,2,16,28,28.297867279411
1473483,2,17,28,27.38563176878347
1473483,2,18,28,29.660584989097327
1473488,1,0,46,25.472137899796575
1473488,1,1,46,25.115963693800936
1473488,1,2,46,28.274122164763565
1473488,1,3,46,34.31668541029089
1473488,1,4,46,38.97358215010772
1473488,1,5,46,34.55584740670753
1473488,1,6,46,34.3052049264552
1473488,1,7,46,35.68040779883829
1473488,1,8,46,33.93203012103466
1473488,1,9,46,35.32861204416334
1473488,1,10,46,37.504592266930125
1473488,1,11,46,36.2593706859917
1473488,1,12,46,35.238826987977454
1473488,1,13,46,35.015648661118924
1473488,1,14,46,34.80733497016366
1473488,1,15,46,36.706638962500094
1473488,1,16,46,39.66622239751491
1473488,1,17,46,44.38222311197116
1473488,1,18,46,48.31045381575011
1473488,1,19,46,45.57538960292819
1473488,2,0,27,25.472137899796575
1473488,2,1,27,32.48897443434313
1473488,2,2,27,29.723094033259347
1473488,2,3,27,27.630052510715892
1473488,2,4,27,27.02129537852829
1473488,2,5,27,27.13978917415464
1473488,2,6,27,26.858637583725216
1473488,2,7,27,26.615281056689756
1473488,2,8,27,26.159667123907543
1473488,2,9,27,26.197008875443384
1473488,2,10,27,26.081249719974664
1473488,2,11,27,25.375848944973377
1473488,2,12,27,25.50446264597371
1473488,2,13,27,24.160534053477456
1473488,2,14,27,22.153224397866857
1473488,2,15,27,21.833330759330096
1473488,2,16,27,24.386918893002797
1473488,2,17,27,23.84888873885836
1473488,2,18,27,29.07609585490637
1473488,2,19,27,26.874511746373564
1473493,1,0,28,24.742903440656814
1473493,1,1,28,23.360823407600794
1473493,1,2,28,21.83721823967761
1473493,1,3,28,21.77985718050038
1473493,1,4,28,23.985600185590336
1473493,1,5,28,23.170953010846766
1473493,1,6,28,28.432854594342842
1473493,1,7,28,31.5399753424018
1473493,1,8,28,32.49648023229994
1473493,1,9,28,31.690129569759485
1473493,1,10,28,31.3815152634542
1473493,1,11,28,30.954027188667045
1473493,1,12,28,30.76207548896459
1473493,1,13,28,29.81533741906028
1473493,1,14,28,30.078738170024234
1473493,1,15,28,28.870797453972806
1473493,1,16,28,28.717724391098585
1473493,1,17,28,27.2227888403567
1473493,1,18,28,26.08580102928362
1473493,1,19,28,27.993204168678368
1473493,2,0,22,24.742903440656814
1473493,2,1,22,23.360823407600794
1473493,2,2,22,21.83721823967761
1473493,2,3,22,21.66116504271487
1473493,2,4,22,21.065869242977612
1473493,2,5,22,19.542627095670937
1473493,2,6,22,21.12121111039524
1473493,2,7,22,19.072849759717258
1473493,2,8,22,19.27493796881548
1473493,2,9,22,19.86793156014888
1473493,2,10,22,20.045097175075856
1473493,2,11,22,18.786074680546275
1473493,2,12,22,24.13986369182852
1473493,2,13,22,24.80330484327676
1473493,2,14,22,23.67811611685336
1473493,2,15,22,23.904362077873273
1473493,2,16,22,21.966935971495587
1473493,2,17,22,24.174713686339388
1473493,2,18,22,23.579106211753768
1473498,1,0,24,29.15646985930138
1473498,1,1,24,28.936383263684927
1473498,1,2,24,27.341176370106144
1473498,1,3,24,26.095123345457043
1473498,1,4,24,25.341552764126465
1473498,1,5,24,25.83650060144446
1473498,1,6,24,25.6147813868301
1473498,1,7,24,25.554103759190756
1473498,1,8,24,30.20533083481143
1473498,1,9,24,28.036770517067403
1473498,1,10,24,30.383930651676213
1473498,1,11,24,28.171476614817855
1473498,1,12,24,28.284334712790464
1473498,1,13,24,26.910717962490004
1473498,1,14,24,26.587042677245552
1473498,1,15,24,26.003843566063743
1473498,1,16,24,25.390511190201405
1473498,1,17,24,24.983025381222536
1473498,1,18,24,25.774648090156983
1473498,1,19,24,24.06966975491677
1473498,2,0,32,29.88090225962828
1473498,2,1,32,34.24267231116749
1473498,2,2,32,37.18596447064662
1473498,2,3,32,35.386576129854255
1473498,2,4,32,33.95492130723281
1473498,2,5,32,33.416008762678715
1473498,2,6,32,32.50650783260322
1473498,2,7,32,34.69217486174198
1473498,2,8,32,33.186321487652314
1473498,2,9,32,31.690129569759485
1473498,2,10,32,31.3815152634542
1473498,2,11,32,30.954027188667045
1473498,2,12,32,34.12855705008059
1473498,2,13,32,33.81970591673071
1473498,2,14,32,32.065227255421604
1473498,2,15,32,30.344310792079913
1473498,2,16,32,30.07993333923848
1473498,2,17,32,29.970253750565234
1473498,2,18,32,33.95725279525128
1473500,1,0,16,24.742903440656814
1473500,1,1,16,22.279717160248122
1473500,1,2,16,19.91163411093589
1473500,1,3,16,23.729051696492967
1473500,1,4,16,24.479295876893694
1473500,1,5,16,23.586478619101754
1473500,1,6,16,22.530694318573886
1473500,1,7,16,21.352970241600246
1473500,1,8,16,20.898841677046786
1473500,1,9,16,20.008364360026235
1473500,1,10,16,18.840122850649124
1473500,1,11,16,18.558745122217516
1473500,1,12,16,17.976717101468825
1473500,1,13,16,16.978483137376397
1473500,1,14,16,16.276217689777393
1473500,1,15,16,17.147862900802203
1473500,1,16,16,17.21900964265096
1473500,1,17,16,16.127457719001317
1473500,1,18,16,16.246095545497578
1473500,1,19,16,16.003376347923805
1473500,2,0,32,24.742903440656814
1473500,2,1,32,23.360823407600794
1473500,2,2,32,23.46225018842174
1473500,2,3,32,22.77408682634524
1473500,2,4,32,21.91084879901094
1473500,2,5,32,25.83650060144446
1473500,2,6,32,24.664824472614562
1473500,2,7,32,27.43116190788029
1473500,2,8,32,27.386374793210667
1473500,2,9,32,27.05601379396031
1473500,2,10,32,26.79962845605105
1473500,2,11,32,25.375848944973377
1473500,2,12,32,28.34069864239359
1473500,2,13,32,26.910717962490004
1473500,2,14,32,26.587042677245552
1473500,2,15,32,26.003843566063743
1473500,2,16,32,30.83437790568898
1473500,2,17,32,35.60834243950645
1527686,1,0,22,29.15646985930138
1527686,1,1,22,28.035544894061687
1527686,1,2,22,27.341176370106144
1527686,1,3,22,26.095123345457043
1527686,1,4,22,23.858269877491555
1527686,1,5,22,25.79418614129953
1527686,1,6,22,26.122592976274504
1527686,1,7,22,32.926722015217024
1527686,1,8,22,32.81786154294085
1527686,1,9,22,32.098892851039
1527686,1,10,22,33.80745772793484
1527686,2,0,18,20.8219494260387
1527686,2,1,18,22.279717160248122
1527686,2,2,18,21.421224881279574
1527686,2,3,18,20.822045774888537
1527686,2,4,18,17.135505075212528
1527686,2,5,18,20.38477115876755
1527686,2,6,18,22.256698427117577
1527686,2,7,18,22.278320393409505
1527686,2,8,18,25.281042308405304
1527686,2,9,18,29.10602480968924
1527686,2,10,18,30.195098173148764
1527687,1,0,24,24.742903440656814
1527687,1,1,24,24.950306230712744
1527687,1,2,24,24.320261042689772
1527687,1,3,24,23.486948148137763
1527687,1,4,24,23.695912870275997
1527687,1,5,24,23.170953010846766
1527687,1,6,24,21.533589115534873
1527687,1,7,24,25.554103759190756
1527687,1,8,24,25.350121374437194
1527687,1,9,24,25.153377054018655
1527687,1,10,24,24.94480965669432
1527687,1,11,24,23.559499035757746
1527687,1,12,24,23.146518101522883
1527687,1,13,24,22.780309599141333
1527687,1,14,24,22.518111672718064
1527687,1,15,24,21.466241361954637
1527687,1,16,24,20.000626720206743
1527687,1,17,24,19.677945458958668
1527687,1,18,24,21.613637595064954
1527687,1,19,24,24.191962046771273
1527687,2,0,25,29.15646985930138
1527687,2,1,25,28.035544894061687
1527687,2,2,25,26.404017028966788
1527687,2,3,25,24.65607675815567
1527687,2,4,25,23.985600185590336
1527687,2,5,25,27.103211693417126
1527687,2,6,25,30.0386550736029
1527687,2,7,25,29.996034311037644
1527687,2,8,25,34.46988214918759
1527687,2,9,25,32.098892851039
1527687,2,10,25,30.884372277942173
1527687,2,11,25,30.75765471140531
1527687,2,12,25,33.614737003192275
1527687,2,13,25,31.009766482687525
1527687,2,14,25,31.104639566652043
1527687,2,15,25,29.488301670253648
1527687,2,16,25,26.927317727006287
1527687,2,17,25,26.18638770998015
1527687,2,18,25,26.16363425450894
1527687,2,19,25,25.075499267273926
1527689,1,0,29,29.15646985930138
1527689,1,1,29,28.936383263684927
1527689,1,2,29,23.645959086386178
1527689,1,3,29,25.38036639695664
1527689,1,4,29,26.58890965610257
1527689,1,5,29,27.377955113810664
1527689,1,6,29,27.472073493444086
1527689,1,7,29,27.08716258683774
1527689,1,8,29,32.100913859786296
1527689,1,9,29,30.129041335160533
1527689,1,10,29,27.77778657438921
1527689,1,11,29,27.539820670582646
1527689,1,12,29,28.53811197783354
1527689,1,13,29,24.85948178434254
1527689,1,14,29,24.49154277329567
1527689,1,15,29,21.91504277838215
1527689,1,16,29,23.09804301380593
1527689,1,17,29,23.10073157888002
1527689,1,18,29,24.295585074721995
1527689,1,19,29,28.9064055174897
1527689,2,0,41,29.15646985930138
1527689,2,1,41,24.70295166571232
1527689,2,2,41,30.403641123119527
1527689,2,3,41,39.8483713733857
1527689,2,4,41,41.53856261729795
1527689,2,5,41,45.22188212789333
1527689,2,6,41,49.62246855398279
1527689,2,7,41,48.71881537720993
1527689,2,8,41,51.4608095940148
1527689,2,9,41,50.77630817272912
1527689,2,10,41,50.67621750051677
1527689,2,11,41,48.78049936903175
1527689,2,12,41,50.57212490476526
1527689,2,13,41,49.07747208471487
1527689,2,14,41,48.137469544786626
1527689,2,15,41,46.20162089949739
1527689,2,16,41,47.051906853880915
1527689,2,17,41,44.46820595099239
1527691,1,0,43,25.472137899796575
1527691,1,1,43,28.936383263684927
1527691,1,2,43,28.274122164763565
1527691,1,3,43,30.592724981757716
1527691,1,4,43,30.014185897749343
1527691,1,5,43,29.278130812174147
1527691,1,6,43,29.42374728118146
1527691,1,7,43,33.412726903522774
1527691,1,8,43,32.49648023229994
1527691,1,9,43,31.690129569759485
1527691,1,10,43,31.3815152634542
1527691,1,11,43,37.63236483977145
1527691,1,12,43,35.57344691393377
1527691,1,13,43,35.10481707958828
1527691,1,14,43,35.02481446755293
1527691,1,15,43,38.02600030231543
1527691,1,16,43,35.79709376750223
1527691,1,17,43,38.631043978808535
1527691,1,18,43,42.8807878129177
1527691,1,19,43,43.216845527079485
1527691,2,0,22,24.742903440656814
1527691,2,1,22,24.950306230712744
1527691,2,2,22,23.46225018842174
1527691,2,3,22,22.77408682634524
1527691,2,4,22,20.059613160314832
1527691,2,5,22,18.663648327908664
1527691,2,6,22,15.738707463311497
1527691,2,7,22,15.78125331326035
1527691,2,8,22,14.092792816010771
1527691,2,9,22,15.947942039283156
1527691,2,10,22,19.18361782549217
1527691,2,11,22,19.290684120870424
1527691,2,12,22,18.65884465383204
1527691,2,13,22,17.617123119553256
1527691,2,14,22,20.53024017062332
1527691,2,15,22,20.465034380972803
1527691,2,16,22,20.177932285425886
1527691,2,17,22,23.883902477734228
1527691,2,18,22,23.41219258175815
1527691,2,19,22,22.026688143574223
1529270,1,0,27,24.742903440656814
1529270,1,1,27,24.950306230712744
1529270,1,2,27,24.320261042689772
1529270,1,3,27,26.96061636847153
1529270,1,4,27,31.584585982313616
1529270,1,5,27,30.202651260937845
1529270,1,6,27,30.950654539766163
1529270,1,7,27,25.67982423686942
1529270,1,8,27,25.281042308405304
1529270,1,9,27,26.50478070176158
1529270,1,10,27,25.009268629579797
1529270,1,11,27,30.812363199906848
1529270,1,12,27,30.920877584183064
1529270,1,13,27,30.797211529877874
1529270,1,14,27,29.058216679086748
1529270,1,15,27,28.734369355700405
1529270,1,16,27,30.80164108768524
1529270,1,17,27,29.326207806300825
1529270,1,18,27,29.05893778104814
1529270,1,19,27,26.92430813807822
1529270,2,0,35,29.15646985930138
1529270,2,1,35,31.249441490702488
1529270,2,2,35,35.13098492581318
1529270,2,3,35,38.15634912301541
1529270,2,4,35,38.97358215010772
1529270,2,5,35,37.526262188419025
1529270,2,6,35,34.3052049264552
1529270,2,7,35,35.68040779883829
1529270,2,8,35,40.8674345499148
1529270,2,9,35,39.323373252783476
1529270,2,10,35,37.504592266930125
1529270,2,11,35,36.2593706859917
1529270,2,12,35,36.74653534007719
1529270,2,13,35,40.43588965357999
1529270,2,14,35,39.20825001229064
1529270,2,15,35,36.72023468279553
1529270,2,16,35,35.79709376750223
1529270,2,17,35,35.701780935760446
1529270,2,18,35,35.535497544457954
1529270,2,19,35,34.77873895337553
1529275,1,0,28,25.472137899796575
1529275,1,1,28,24.950306230712744
1529275,1,2,28,21.421224881279574
1529275,1,3,28,22.45656388119432
1529275,1,4,28,21.595918763947108
1529275,1,5,28,16.26414865591048
1529275,1,6,28,22.256698427117577
1529275,1,7,28,22.278320393409505
1529275,1,8,28,21.307999397873584
1529275,1,9,28,20.826775304545627
1529275,1,10,28,21.036068744595575
1529275,1,11,28,19.902541710668427
1529275,1,12,28,18.76593252106291
1529275,1,13,28,18.183612086441926
1529275,1,14,28,20.250126707216562
1529275,1,15,28,18.83901525818725
1529275,1,16,28,19.92435676154214
1529275,1,17,28,20.251330115772927
1529275,1,18,28,22.982730568385158
1529275,1,19,28,28.088271788746955
1529275,2,0,26,20.8219494260387
1529275,2,1,26,22.279717160248122
1529275,2,2,26,25.61289747519951
1529275,2,3,26,23.729051696492967
1529275,2,4,26,22.87492845105895
1529275,2,5,26,22.519580796635488
1529275,2,6,26,24.97518761903608
1529275,2,7,26,24.719025197379427
1529275,2,8,26,25.05881790766175
1529275,2,9,26,24.09084063078982
1529275,2,10,26,22.754989733137677
1529275,2,11,26,22.82360044427452
1529275,2,12,26,22.297981897652733
1529275,2,13,26,22.63280396456082
1529275,2,14,26,27.590867960126683
1529275,2,15,26,32.06822962495638
1529275,2,16,26,30.83437790568898
1529275,2,17,26,29.326207806300825
1529276,1,0,18,24.742903440656814
1529276,1,1,18,24.950306230712744
1529276,1,2,18,21.421224881279574
1529276,1,3,18,23.702227394177527
1529276,1,4,18,24.479295876893694
1529276,1,5,18,23.586478619101754
1529276,1,6,18,23.562541030341645
1529276,1,7,18,23.591464368401194
1529276,1,8,18,23.27778417409242
1529276,1,9,18,22.281335045718894
1529276,1,10,18,18.993431483769314
1529276,1,11,18,18.5252791030943
1529276,1,12,18,18.211132130662662
1529276,1,13,18,17.617123119553256
1529276,1,14,18,17.02432459020358
1529276,1,15,18,16.831992432246242
1529276,1,16,18,16.858259550758966
1529276,1,17,18,15.845807617035861
1529276,1,18,18,15.694122195678888
1529276,1,19,18,17.914095950597545
1529276,2,0,16,20.8219494260387
1529276,2,1,16,24.70295166571232
1529276,2,2,16,25.61289747519951
1529276,2,3,16,23.729051696492967
1529276,2,4,16,22.87492845105895
1529276,2,5,16,22.519580796635488
1529276,2,6,16,21.567068813712478
1529276,2,7,16,21.352970241600246
1529276,2,8,16,24.72887901494665
1529276,2,9,16,24.09084063078982
1529276,2,10,16,25.108676871908894
1529276,2,11,16,24.712824988945453
1529276,2,12,16,24.650232675828452
1529276,2,13,16,24.516468349412538
1529276,2,14,16,23.419449603466408
1529276,2,15,16,21.833330759330096
1529276,2,16,16,19.772372130386472
1529276,2,17,16,18.972309780409514
1529276,2,18,16,17.223772644097906
1529285,1,0,18,29.15646985930138
1529285,1,1,18,28.936383263684927
1529285,1,2,18,27.341176370106144
1529285,1,3,18,26.095123345457043
1529285,1,4,18,28.94336605969596
1529285,1,5,18,28.92945647520202
1529285,1,6,18,28.432854594342842
1529285,1,7,18,27.99368195831811
1529285,1,8,18,27.885953189866807
1529285,1,9,18,27.05601379396031
1529285,1,10,18,26.79962845605105
1529285,1,11,18,25.375848944973377
1529285,1,12,18,25.50446264597371
1529285,1,13,18,23.75949323345075
1529285,1,14,18,23.419449603466408
1529285,1,15,18,21.833330759330096
1529285,1,16,18,20.69487528268247
1529285,1,17,18,20.36948358025645
1529285,1,18,18,19.941658883158553
1529285,1,19,18,18.119016919534392
1529285,2,0,38,24.742903440656814
1529285,2,1,38,29.818878019323314
1529285,2,2,38,27.24502633716027
1529285,2,3,38,33.56496963465479
1529285,2,4,38,25.10531113711501
1529285,2,5,38,35.334969464117826
1529285,2,6,38,34.17418662860775
1529285,2,7,38,30.94050301674643
1529285,2,8,38,41.93013814389732
1529285,2,9,38,41.83761204563351
1529285,2,10,38,48.226025977117445
1529285,2,11,38,47.755122602597964
1529285,2,12,38,46.85825217766285
1529285,2,13,38,43.36470550550349
1529285,2,14,38,41.89445490703037
1529285,2,15,38,45.054163627527984
