match_id,innings,over,ball_in_over,bowler,w15_actual,w15_predicted_prob
335983,1,0,1,B Lee,0,0.00022788765775121653
335983,1,0,2,B Lee,0,0.0002379210368682717
335983,1,0,3,B Lee,0,0.0040549190902696465
335983,1,0,4,B Lee,0,0.0033394159990101442
335983,1,0,5,B Lee,0,0.15759967229228952
335983,1,0,6,B Lee,0,0.13136098638701776
335983,1,1,1,S Sreesanth,1,0.9995505753712428
335983,1,1,2,S Sreesanth,1,0.9995372855667223
335983,1,1,3,S Sreesanth,1,0.999545422436749
335983,1,1,4,S Sreesanth,1,0.9892423846914887
335983,1,1,5,S Sreesanth,1,0.9892423846914887
335983,1,1,6,S Sreesanth,1,0.9772086131627575
335983,1,1,7,S Sreesanth,1,0.9452820666597952
335983,1,2,1,B Lee,0,0.06706066184411834
335983,1,2,2,B Lee,0,0.5029994458481595
335983,1,2,3,B Lee,0,0.43920272751639455
335983,1,2,4,B Lee,0,0.2995875119410391
335983,1,2,5,B Lee,0,0.2870333744875818
335983,1,2,6,B Lee,0,0.2731375299907995
335983,1,2,7,B Lee,0,0.26045500482354916
335983,1,3,1,S Sreesanth,1,0.8864196673518886
335983,1,3,2,S Sreesanth,0,0.7565373175954371
335983,1,3,3,S Sreesanth,0,0.7331476666607358
335983,1,3,4,S Sreesanth,0,0.621400095119639
335983,1,3,5,S Sreesanth,0,0.5022670970988936
335983,1,3,6,S Sreesanth,0,0.7331476666607358
335983,1,4,1,B Lee,0,0.1823492737324185
335983,1,4,2,B Lee,0,0.1783688493003057
335983,1,4,3,B Lee,0,0.2559450423119248
335983,1,4,4,B Lee,0,0.4556412496573606
335983,1,4,5,B Lee,0,0.3239803089173854
335983,1,4,6,B Lee,0,0.24589078995059083
335983,1,5,1,JR Hopes,1,0.9995275383714597
335983,1,5,2,JR Hopes,1,0.9995954598880779
335983,1,5,3,JR Hopes,1,0.9914380617961845
335983,1,5,4,JR Hopes,1,0.9729023393353751
335983,1,5,5,JR Hopes,0,0.8875899440923798
335983,1,5,6,JR Hopes,0,0.7598520970587145
335983,2,0,1,JDP Oram,1,0.9995218895473705
335983,2,0,2,JDP Oram,1,0.9353917083451263
335983,2,0,3,JDP Oram,0,0.6362065826865411
335983,2,0,4,JDP Oram,0,0.48978986272045977
335983,2,0,5,JDP Oram,0,0.26469841819035117
335983,2,0,6,JDP Oram,0,0.6838297725198531
335983,2,1,1,MS Gony,0,0.01591018229788669
335983,2,1,2,MS Gony,0,0.04302722861657243
335983,2,1,3,MS Gony,0,0.034845828038754856
335983,2,1,4,MS Gony,0,0.058832986168195434
335983,2,1,5,MS Gony,0,0.3807566936471651
335983,2,1,6,MS Gony,0,0.3269527007349917
335983,2,2,1,JDP Oram,0,0.6217710621442739
335983,2,2,2,JDP Oram,1,0.8396302009659417
335983,2,2,3,JDP Oram,1,0.7153043223843587
335983,2,2,4,JDP Oram,1,0.8506702363321675
335983,2,2,5,JDP Oram,1,0.8019110412817809
335983,2,2,6,JDP Oram,1,0.7932502115356531
335983,2,3,1,MS Gony,0,0.21028084989208867
335983,2,3,2,MS Gony,0,0.20755631021080875
335983,2,3,3,MS Gony,0,0.16240602576471083
335983,2,3,4,MS Gony,0,0.15939202923717272
335983,2,3,5,MS Gony,0,0.16356746255659171
335983,2,3,6,MS Gony,0,0.45543244953982553
335983,2,4,1,JDP Oram,0,0.667919654622904
335983,2,4,2,JDP Oram,0,0.6102698450796109
335983,2,4,3,JDP Oram,0,0.5547509901071878
335983,2,4,4,JDP Oram,0,0.5493538271025311
335983,2,4,5,JDP Oram,0,0.6989377785169868
335983,2,4,6,JDP Oram,1,0.8442119193577192
335983,2,5,1,MS Gony,0,0.3814079582602368
335983,2,5,2,MS Gony,0,0.6458982913896306
335983,2,5,3,MS Gony,0,0.639543588475041
335983,2,5,4,MS Gony,0,0.6757647428902304
335983,2,5,5,MS Gony,0,0.6574699748137348
335983,2,5,6,MS Gony,0,0.7173049001570474
335983,2,5,7,MS Gony,0,0.7396530052792267
335983,2,5,8,MS Gony,1,0.8027052014973576
335990,1,0,1,MM Patel,0,0.00023385367754407538
335990,1,0,2,MM Patel,0,0.9316012725685708
335990,1,0,3,MM Patel,0,0.5478288089557426
335990,1,0,4,MM Patel,0,0.29860415427953235
335990,1,0,5,MM Patel,0,0.7762644842288966
335990,1,0,6,MM Patel,0,0.9149909905204479
335990,1,1,1,SR Watson,0,0.015748574782369584
335990,1,1,2,SR Watson,0,0.019257878527649284
335990,1,1,3,SR Watson,1,0.9095175381255287
335990,1,1,4,SR Watson,1,0.7134960349080577
335990,1,1,5,SR Watson,0,0.42779495692624386
335990,1,1,6,SR Watson,1,0.7935468637535822
335990,1,2,1,YK Pathan,0,0.0003301769089828378
335990,1,2,2,YK Pathan,0,0.00032813599666572707
335990,1,2,3,YK Pathan,0,0.00033249632363766034
335990,1,2,4,YK Pathan,0,0.5127558492934698
335990,1,2,5,YK Pathan,1,0.9231490997717403
335990,1,2,6,YK Pathan,1,0.8717113917471462
335990,1,3,1,SR Watson,1,0.6700523343291128
335990,1,3,2,SR Watson,1,0.5000239692962146
335990,1,3,3,SR Watson,0,0.3876710568906038
335990,1,3,4,SR Watson,0,0.323625758426382
335990,1,3,5,SR Watson,0,0.2979405867307162
335990,1,3,6,SR Watson,0,0.24769831091605368
335990,1,4,1,MM Patel,0,0.8214415270065015
335990,1,4,2,MM Patel,0,0.9075836806616351
335990,1,4,3,MM Patel,0,0.9227096339678469
335990,1,4,4,MM Patel,0,0.9061992532543702
335990,1,4,5,MM Patel,0,0.8923148843228654
335990,1,4,6,MM Patel,0,0.9136223124517309
335990,1,5,1,SR Watson,0,0.19813444759135185
335990,1,5,2,SR Watson,0,0.3445190278367914
335990,1,5,3,SR Watson,0,0.31773400534308943
335990,1,5,4,SR Watson,0,0.3258972610184066
335990,1,5,5,SR Watson,0,0.3458814965264096
335990,1,5,6,SR Watson,0,0.38195651515647616
335990,1,5,7,SR Watson,0,0.3928097704141528
335990,2,0,1,WPUJC Vaas,0,0.0005216660216185118
335990,2,0,2,WPUJC Vaas,0,0.0005439200485959568
335990,2,0,3,WPUJC Vaas,0,0.4999786490392204
335990,2,0,4,WPUJC Vaas,0,0.46851209820534484
335990,2,0,5,WPUJC Vaas,0,0.2814912987321797
335990,2,0,6,WPUJC Vaas,0,0.18443212623754274
335990,2,1,1,RP Singh,1,0.9993463786441985
335990,2,1,2,RP Singh,1,0.9750980359810476
335990,2,1,3,RP Singh,1,0.8662794977615116
335990,2,1,4,RP Singh,0,0.7611243699279217
335990,2,1,5,RP Singh,0,0.49600350562428946
335990,2,1,6,RP Singh,0,0.3985894415205799
335990,2,2,1,WPUJC Vaas,0,0.254907327068345
335990,2,2,2,WPUJC Vaas,0,0.17595597502318444
335990,2,2,3,WPUJC Vaas,0,0.14338643650698307
335990,2,2,4,WPUJC Vaas,0,0.23261550330223232
335990,2,2,5,WPUJC Vaas,0,0.21773086545004003
335990,2,2,6,WPUJC Vaas,0,0.3327718571692659
335990,2,3,1,RP Singh,0,0.30266782349340443
335990,2,3,2,RP Singh,0,0.4853143944001885
335990,2,3,3,RP Singh,1,0.7878926098496942
335990,2,3,4,RP Singh,1,0.8409076493931312
335990,2,3,5,RP Singh,0,0.7554533509999528
335990,2,3,6,RP Singh,0,0.693074101307782
335990,2,3,7,RP Singh,1,0.7915845842254235
335990,2,4,1,WPUJC Vaas,0,0.534328213752646
335990,2,4,2,WPUJC Vaas,0,0.7281119932562241
335990,2,4,3,WPUJC Vaas,0,0.830793688279682
335990,2,4,4,WPUJC Vaas,0,0.7579892454476168
335990,2,4,5,WPUJC Vaas,1,0.7728822051932037
335990,2,4,6,WPUJC Vaas,1,0.7775664489979882
335990,2,5,1,PP Ojha,1,0.9993750752342735
335990,2,5,2,PP Ojha,1,0.9991675956959959
335990,2,5,3,PP Ojha,1,0.9813217463551053
335990,2,5,4,PP Ojha,1,0.9768667142376881
335990,2,5,5,PP Ojha,1,0.9469793644969219
335990,2,5,6,PP Ojha,1,0.9436402698714411
335995,1,0,1,B Lee,0,0.0002473773670762407
335995,1,0,2,B Lee,0,0.01709157366655692
335995,1,0,3,B Lee,0,0.01900706108289073
335995,1,0,4,B Lee,0,0.02178865151063542
335995,1,0,5,B Lee,0,0.5332186593115753
335995,1,0,6,B Lee,0,0.5339471355430188
335995,1,1,1,IK Pathan,0,0.0014239070955424729
335995,1,1,2,IK Pathan,0,0.012171795661912304
335995,1,1,3,IK Pathan,0,0.020785997154628862
335995,1,1,4,IK Pathan,0,0.01995523512347903
335995,1,1,5,IK Pathan,0,0.013926162198339628
335995,1,1,6,IK Pathan,0,0.008280960943921025
335995,1,1,7,IK Pathan,0,0.0027899287949336173
335995,1,2,1,B Lee,0,0.2610256265899717
335995,1,2,2,B Lee,0,0.25564138999063557
335995,1,2,3,B Lee,0,0.17356482160155273
335995,1,2,4,B Lee,0,0.6152523871135686
335995,1,2,5,B Lee,0,0.5306562848186365
335995,1,2,6,B Lee,0,0.4466378083009868
335995,1,3,1,IK Pathan,0,0.012840964493483837
335995,1,3,2,IK Pathan,0,0.005104484473779264
335995,1,3,3,IK Pathan,0,0.097031579664339
335995,1,3,4,IK Pathan,1,0.4099089040924914
335995,1,3,5,IK Pathan,1,0.41643509217760377
335995,1,3,6,IK Pathan,1,0.5061650763963172
335995,1,3,7,IK Pathan,1,0.5147272791212687
335995,1,4,1,S Sreesanth,1,0.9995457985536421
335995,1,4,2,S Sreesanth,1,0.9627931112865872
335995,1,4,3,S Sreesanth,0,0.8685447347800183
335995,1,4,4,S Sreesanth,0,0.7091363372386239
335995,1,4,5,S Sreesanth,1,0.8896337413112475
335995,1,4,6,S Sreesanth,0,0.8291759759241928
335995,1,5,1,VRV Singh,0,0.00037688779578992843
335995,1,5,2,VRV Singh,0,0.000393478732754918
335995,1,5,3,VRV Singh,1,0.6495276146446046
335995,1,5,4,VRV Singh,0,0.27643246445401437
335995,1,5,5,VRV Singh,0,0.27800431388098207
335995,1,5,6,VRV Singh,0,0.20963428995687955
335995,2,0,1,GD McGrath,0,0.01166869183290534
335995,2,0,2,GD McGrath,0,0.01821287070835239
335995,2,0,3,GD McGrath,0,0.031529778709708335
335995,2,0,4,GD McGrath,0,0.020026763030555
335995,2,0,5,GD McGrath,0,0.00726532777725266
335995,2,0,6,GD McGrath,0,0.0005850845410122225
335995,2,1,1,Mohammad Asif,0,0.0002990502253272568
335995,2,1,2,Mohammad Asif,0,0.00031522990374390847
335995,2,1,3,Mohammad Asif,0,0.012151044983738653
335995,2,1,4,Mohammad Asif,0,0.019971068479752784
335995,2,1,5,Mohammad Asif,0,0.5195948691232338
335995,2,1,6,Mohammad Asif,0,0.5352250179455689
335995,2,2,1,GD McGrath,0,0.0004465005256423775
335995,2,2,2,GD McGrath,0,0.0004152417492997419
335995,2,2,3,GD McGrath,0,0.09169761251185019
335995,2,2,4,GD McGrath,0,0.21253368272946982
335995,2,2,5,GD McGrath,0,0.21443856676082246
335995,2,2,6,GD McGrath,0,0.17706510377302218
335995,2,3,1,Mohammad Asif,0,0.2893579165012869
335995,2,3,2,Mohammad Asif,0,0.20970143558554025
335995,2,3,3,Mohammad Asif,0,0.1842537077661301
335995,2,3,4,Mohammad Asif,0,0.5216967424917043
335995,2,3,5,Mohammad Asif,0,0.6688584376395256
335995,2,3,6,Mohammad Asif,1,0.8055447548291067
335995,2,4,1,GD McGrath,0,0.18741089574673084
335995,2,4,2,GD McGrath,0,0.09319032256608262
335995,2,4,3,GD McGrath,0,0.09780917072130638
335995,2,4,4,GD McGrath,0,0.10553192830922353
335995,2,4,5,GD McGrath,0,0.22436802269430398
335995,2,4,6,GD McGrath,0,0.25322093917732263
335995,2,5,1,MF Maharoof,0,0.014626750985545263
335995,2,5,2,MF Maharoof,1,0.9889020658366139
335995,2,5,3,MF Maharoof,1,0.9425558692176064
335995,2,5,4,MF Maharoof,0,0.842213521963472
335995,2,5,5,MF Maharoof,0,0.6271321030369359
335995,2,5,6,MF Maharoof,1,0.8758803521084156
335996,1,0,1,DW Steyn,0,0.028615410850110972
335996,1,0,2,DW Steyn,0,0.010731293475510151
335996,1,0,3,DW Steyn,0,0.006213920029160916
335996,1,0,4,DW Steyn,0,0.004528786146042221
335996,1,0,5,DW Steyn,0,0.0034351144413273197
335996,1,0,6,DW Steyn,0,0.0008345167846256536
335996,1,1,1,Z Khan,0,0.000792660974261907
335996,1,1,2,Z Khan,0,0.00840728772349238
335996,1,1,3,Z Khan,0,0.0033877594570038546
335996,1,1,4,Z Khan,0,0.43859586949632506
335996,1,1,5,Z Khan,0,0.3752564462955514
335996,1,1,6,Z Khan,1,0.615422866458055
335996,1,2,1,DW Steyn,0,0.0038149844856741866
335996,1,2,2,DW Steyn,0,0.004845124164723811
335996,1,2,3,DW Steyn,0,0.0047083405239056395
335996,1,2,4,DW Steyn,0,0.014127462931673813
335996,1,2,5,DW Steyn,0,0.01260377315711289
335996,1,2,6,DW Steyn,0,0.01663726756513245
335996,1,2,7,DW Steyn,0,0.027975750819494445
335996,1,2,8,DW Steyn,0,0.03486837252992671
335996,1,3,1,Z Khan,0,0.3835583744370288
335996,1,3,2,Z Khan,0,0.3940295231484885
335996,1,3,3,Z Khan,0,0.27301148490574384
335996,1,3,4,Z Khan,0,0.2680673832641043
335996,1,3,5,Z Khan,0,0.3868388960596129
335996,1,3,6,Z Khan,0,0.35174844211138795
335996,1,4,1,P Kumar,0,0.002249103502776158
335996,1,4,2,P Kumar,0,0.0023080983829402097
335996,1,4,3,P Kumar,0,0.0022691854651804397
335996,1,4,4,P Kumar,0,0.004082358554977207
335996,1,4,5,P Kumar,0,0.00811846943035291
335996,1,4,6,P Kumar,0,0.011362069055621352
335996,1,5,1,Z Khan,0,0.28781235244273257
335996,1,5,2,Z Khan,0,0.3661544263598116
335996,1,5,3,Z Khan,0,0.38488409057370787
335996,1,5,4,Z Khan,0,0.34190949610166455
335996,1,5,5,Z Khan,0,0.339902924020736
335996,1,5,6,Z Khan,0,0.3170892612290386
335996,2,0,1,JDP Oram,0,0.1821859952964884
335996,2,0,2,JDP Oram,0,0.08984118411635053
335996,2,0,3,JDP Oram,0,0.14948450053902912
335996,2,0,4,JDP Oram,0,0.20600309765599092
335996,2,0,5,JDP Oram,0,0.2427895882143721
335996,2,0,6,JDP Oram,0,0.28752987588214923
335996,2,0,7,JDP Oram,0,0.326823876508533
335996,2,0,8,JDP Oram,0,0.36432219516836617
335996,2,1,1,MS Gony,0,0.14305440586260745
335996,2,1,2,MS Gony,0,0.2014015291000302
335996,2,1,3,MS Gony,0,0.0539076052327957
335996,2,1,4,MS Gony,0,0.5446756978618977
335996,2,1,5,MS Gony,0,0.4333896110434473
335996,2,1,6,MS Gony,0,0.47727652926196834
335996,2,2,1,JDP Oram,0,0.292313319852379
335996,2,2,2,JDP Oram,0,0.34448336527899953
335996,2,2,3,JDP Oram,0,0.34023678649089334
335996,2,2,4,JDP Oram,0,0.35042578025369286
335996,2,2,5,JDP Oram,0,0.38993913540353875
335996,2,2,6,JDP Oram,0,0.483554787549856
335996,2,3,1,MS Gony,0,0.3753339504674101
335996,2,3,2,MS Gony,0,0.4794766891049981
335996,2,3,3,MS Gony,0,0.4669577026963218
335996,2,3,4,MS Gony,0,0.5770794929686924
335996,2,3,5,MS Gony,0,0.6114246004070728
335996,2,3,6,MS Gony,0,0.5695126726654819
335996,2,4,1,JDP Oram,0,0.45614645991941893
335996,2,4,2,JDP Oram,0,0.4617179478455438
335996,2,4,3,JDP Oram,0,0.4240585117862273
335996,2,4,4,JDP Oram,0,0.5411010348372105
335996,2,4,5,JDP Oram,0,0.5261523015954919
335996,2,4,6,JDP Oram,0,0.48161003481774844
335996,2,5,1,MS Gony,0,0.5566160881587358
335996,2,5,2,MS Gony,0,0.5536911606105286
335996,2,5,3,MS Gony,0,0.6009030453116121
335996,2,5,4,MS Gony,0,0.5982381794872236
335996,2,5,5,MS Gony,0,0.6280557036942157
335996,2,5,6,MS Gony,1,0.6660192267223173
336002,1,0,1,A Kumble,0,0.012659515464758032
336002,1,0,2,A Kumble,0,0.0037672960906481342
336002,1,0,3,A Kumble,0,0.05366101361765364
336002,1,0,4,A Kumble,0,0.054494312644915326
336002,1,0,5,A Kumble,0,0.049621420064079075
336002,1,0,6,A Kumble,0,0.055218985060641275
336002,1,0,7,A Kumble,0,0.03561968228045618
336002,1,1,1,DW Steyn,0,0.0117894163717135
336002,1,1,2,DW Steyn,0,0.004130513901376193
336002,1,1,3,DW Steyn,0,0.013049117567456716
336002,1,1,4,DW Steyn,0,0.02758438842495415
336002,1,1,5,DW Steyn,1,0.8227887178876746
336002,1,1,6,DW Steyn,1,0.6586765121278639
336002,1,1,7,DW Steyn,1,0.6127554740038401
336002,1,2,1,A Kumble,0,0.03372697956143497
336002,1,2,2,A Kumble,0,0.037632722353086054
336002,1,2,3,A Kumble,0,0.02406885840253006
336002,1,2,4,A Kumble,0,0.019033614139957977
336002,1,2,5,A Kumble,0,0.02449487997370332
336002,1,2,6,A Kumble,0,0.020244664457183977
336002,1,3,1,DW Steyn,1,0.3124405383348467
336002,1,3,2,DW Steyn,1,0.27323180811383646
336002,1,3,3,DW Steyn,1,0.21704291707100262
336002,1,3,4,DW Steyn,1,0.1450868879058792
336002,1,3,5,DW Steyn,1,0.1458658431325741
336002,1,3,6,DW Steyn,1,0.1708652635149675
336002,1,4,1,JH Kallis,0,0.00046372096282179325
336002,1,4,2,JH Kallis,0,0.003931152488195684
336002,1,4,3,JH Kallis,0,0.008463424718482675
336002,1,4,4,JH Kallis,0,0.7252755972193912
336002,1,4,5,JH Kallis,0,0.9020245497106723
336002,1,4,6,JH Kallis,0,0.9029796109031957
336002,1,4,7,JH Kallis,0,0.8740282032473241
336002,1,5,1,DW Steyn,0,0.07498650685794553
336002,1,5,2,DW Steyn,0,0.07216031413191087
336002,1,5,3,DW Steyn,0,0.08420435934161763
336002,1,5,4,DW Steyn,0,0.06219741786928175
336002,1,5,5,DW Steyn,0,0.044674103028778084
336002,1,5,6,DW Steyn,1,0.24444029337210968
336002,2,0,1,WPUJC Vaas,0,0.0011672074189208145
336002,2,0,2,WPUJC Vaas,0,0.0012391441162930726
336002,2,0,3,WPUJC Vaas,0,0.0012555948694534527
336002,2,0,4,WPUJC Vaas,0,0.28622905801634063
336002,2,0,5,WPUJC Vaas,1,0.7360588961092874
336002,2,0,6,WPUJC Vaas,1,0.7600055521111334
336002,2,1,1,RP Singh,0,0.13639590611285451
336002,2,1,2,RP Singh,0,0.13346609886527908
336002,2,1,3,RP Singh,0,0.25235950104522864
336002,2,1,4,RP Singh,0,0.32602247525840217
336002,2,1,5,RP Singh,0,0.2385453837166771
336002,2,1,6,RP Singh,1,0.3425870481393572
336002,2,2,1,WPUJC Vaas,0,0.5178949394325391
336002,2,2,2,WPUJC Vaas,1,0.77780833280714
336002,2,2,3,WPUJC Vaas,1,0.6437864920922179
336002,2,2,4,WPUJC Vaas,0,0.5906116236984722
336002,2,2,5,WPUJC Vaas,1,0.7621727748449062
336002,2,2,6,WPUJC Vaas,1,0.7060046628969006
336002,2,3,1,RP Singh,1,0.24043561225545043
336002,2,3,2,RP Singh,1,0.4360128881353273
336002,2,3,3,RP Singh,1,0.4342954145900497
336002,2,3,4,RP Singh,1,0.36252186995632485
336002,2,3,5,RP Singh,1,0.333885941483739
336002,2,3,6,RP Singh,1,0.3365707866152707
336002,2,4,1,SB Bangar,0,0.003633920480783217
336002,2,4,2,SB Bangar,0,0.30690149517894294
336002,2,4,3,SB Bangar,0,0.15153192209602961
336002,2,4,4,SB Bangar,0,0.052280788738117125
336002,2,4,5,SB Bangar,0,0.023134931091063737
336002,2,4,6,SB Bangar,0,0.23217409126599425
336002,2,5,1,DP Vijaykumar,0,0.00143385755509557
336002,2,5,2,DP Vijaykumar,0,0.23496888905202873
336002,2,5,3,DP Vijaykumar,0,0.10147909336085492
336002,2,5,4,DP Vijaykumar,0,0.25229707878720625
336002,2,5,5,DP Vijaykumar,0,0.4633814460456169
336002,2,5,6,DP Vijaykumar,0,0.35172277392660944
336003,1,0,1,I Sharma,0,0.00021469406362884351
336003,1,0,2,I Sharma,0,0.00022952199868957958
336003,1,0,3,I Sharma,0,0.5741174480243121
336003,1,0,4,I Sharma,0,0.24183229147185448
336003,1,0,5,I Sharma,0,0.09914903377645308
336003,1,0,6,I Sharma,0,0.12025441845371766
336003,1,1,1,AB Agarkar,0,0.024644730450838905
336003,1,1,2,AB Agarkar,1,0.9603575333451297
336003,1,1,3,AB Agarkar,1,0.9905934596406061
336003,1,1,4,AB Agarkar,1,0.9317629330457835
336003,1,1,5,AB Agarkar,1,0.857410105603284
336003,1,1,6,AB Agarkar,1,0.7752673919008319
336003,1,2,1,I Sharma,0,0.10987930399989924
336003,1,2,2,I Sharma,0,0.053715863232797735
336003,1,2,3,I Sharma,0,0.25060822871169475
336003,1,2,4,I Sharma,0,0.2177890208840071
336003,1,2,5,I Sharma,0,0.23751313044495617
336003,1,2,6,I Sharma,0,0.23617709290760464
336003,1,3,1,AB Dinda,0,0.000285742013432161
336003,1,3,2,AB Dinda,0,0.0003054754055062371
336003,1,3,3,AB Dinda,1,0.6407225927409769
336003,1,3,4,AB Dinda,0,0.30164796477166433
336003,1,3,5,AB Dinda,0,0.18242807378692177
336003,1,3,6,AB Dinda,1,0.7162705501361167
336003,1,4,1,AB Agarkar,1,0.6709706127365926
336003,1,4,2,AB Agarkar,1,0.5918794973071141
336003,1,4,3,AB Agarkar,1,0.6793748373230349
336003,1,4,4,AB Agarkar,1,0.4995970454019054
336003,1,4,5,AB Agarkar,1,0.7273470689103184
336003,1,4,6,AB Agarkar,1,0.6712953470832853
336003,1,4,7,AB Agarkar,1,0.7764526859543373
336003,1,5,1,AB Dinda,1,0.8601881646133461
336003,1,5,2,AB Dinda,1,0.7442353446562243
336003,1,5,3,AB Dinda,1,0.7711096656949831
336003,1,5,4,AB Dinda,1,0.7054789893095829
336003,1,5,5,AB Dinda,0,0.6318771825874051
336003,1,5,6,AB Dinda,0,0.5458305462954486
336003,1,5,7,AB Dinda,0,0.4215788514538428
336003,2,0,1,S Sreesanth,0,0.013830299244739759
336003,2,0,2,S Sreesanth,0,0.014234964642707078
336003,2,0,3,S Sreesanth,0,0.056359704724785804
336003,2,0,4,S Sreesanth,1,0.9416385701371871
336003,2,0,5,S Sreesanth,1,0.7991269952172716
336003,2,0,6,S Sreesanth,1,0.46666773616016993
336003,2,0,7,S Sreesanth,1,0.4843626595632367
336003,2,1,1,IK Pathan,0,0.00026927176459693537
336003,2,1,2,IK Pathan,0,0.0002811266801709827
336003,2,1,3,IK Pathan,0,0.00028560083105468167
336003,2,1,4,IK Pathan,1,0.4794064786518353
336003,2,1,5,IK Pathan,1,0.26018335294819017
336003,2,1,6,IK Pathan,1,0.13315773083663268
336003,2,2,1,S Sreesanth,1,0.2733061477373457
336003,2,2,2,S Sreesanth,1,0.2565986978934972
336003,2,2,3,S Sreesanth,1,0.4976479527718475
336003,2,2,4,S Sreesanth,1,0.46920182460536314
336003,2,2,5,S Sreesanth,1,0.5248548505345656
336003,2,2,6,S Sreesanth,1,0.5500073517511086
336003,2,3,1,IK Pathan,1,0.09252227169255607
336003,2,3,2,IK Pathan,1,0.029088534356082017
336003,2,3,3,IK Pathan,1,0.09303390812645225
336003,2,3,4,IK Pathan,0,0.08405355573864279
336003,2,3,5,IK Pathan,0,0.10927939826854724
336003,2,3,6,IK Pathan,0,0.08053648339654029
336003,2,4,1,S Sreesanth,1,0.34033029059056513
336003,2,4,2,S Sreesanth,1,0.26732190265651395
336003,2,4,3,S Sreesanth,1,0.24130100645163638
336003,2,4,4,S Sreesanth,1,0.5780906183849926
336003,2,4,5,S Sreesanth,1,0.46151722400442524
336003,2,4,6,S Sreesanth,1,0.48056169233461743
336003,2,5,1,IK Pathan,0,0.10956682401353192
336003,2,5,2,IK Pathan,0,0.12651159002831702
336003,2,5,3,IK Pathan,0,0.14194293816460687
336003,2,5,4,IK Pathan,0,0.11285415725224908
336003,2,5,5,IK Pathan,0,0.16238362775600862
336003,2,5,6,IK Pathan,0,0.16514210074801083
336003,2,5,7,IK Pathan,0,0.1476558392069145
336016,1,0,1,S Sreesanth,0,0.02079112466831785
336016,1,0,2,S Sreesanth,0,0.02880846779837421
336016,1,0,3,S Sreesanth,0,0.0067011625905899945
336016,1,0,4,S Sreesanth,0,0.037797642570642304
336016,1,0,5,S Sreesanth,0,0.030416498487315424
336016,1,0,6,S Sreesanth,0,0.030531328478421955
336016,1,1,1,IK Pathan,0,0.0003422940019945048
336016,1,1,2,IK Pathan,0,0.000367993248651341
336016,1,1,3,IK Pathan,0,0.00037384937009340925
336016,1,1,4,IK Pathan,0,0.00037384937009340925
336016,1,1,5,IK Pathan,0,0.00037384937009340925
336016,1,1,6,IK Pathan,0,0.0003340632234469206
336016,1,2,1,S Sreesanth,0,0.021312458428350285
336016,1,2,2,S Sreesanth,0,0.04314420917111646
336016,1,2,3,S Sreesanth,0,0.03831370958706431
336016,1,2,4,S Sreesanth,0,0.04479288283571944
336016,1,2,5,S Sreesanth,0,0.13005988187373976
336016,1,2,6,S Sreesanth,0,0.19194850633506702
336016,1,3,1,IK Pathan,0,0.01983372650826572
336016,1,3,2,IK Pathan,1,0.1204094358602168
336016,1,3,3,IK Pathan,0,0.10799435365700522
336016,1,3,4,IK Pathan,0,0.0754011355324949
336016,1,3,5,IK Pathan,0,0.08581451501812644
336016,1,3,6,IK Pathan,0,0.09562364718371656
336016,1,4,1,S Sreesanth,1,0.3905658066663285
336016,1,4,2,S Sreesanth,1,0.36124063605868056
336016,1,4,3,S Sreesanth,1,0.37848653093342216
336016,1,4,4,S Sreesanth,1,0.3696964081831448
336016,1,4,5,S Sreesanth,1,0.3861479583373907
336016,1,4,6,S Sreesanth,1,0.443028968862658
336016,1,5,1,PP Chawla,0,0.00284557537561192
336016,1,5,2,PP Chawla,1,0.9996058373313437
336016,1,5,3,PP Chawla,1,0.9996099772060995
336016,1,5,4,PP Chawla,1,0.9920242729159823
336016,1,5,5,PP Chawla,1,0.9842183489645079
336016,1,5,6,PP Chawla,1,0.939437952066055
336016,1,5,7,PP Chawla,1,0.9068880789652037
336016,2,0,1,DW Steyn,0,0.0024124751353745157
336016,2,0,2,DW Steyn,0,0.01089729623833055
336016,2,0,3,DW Steyn,0,0.009151301387389022
336016,2,0,4,DW Steyn,0,0.8973558787554704
336016,2,0,5,DW Steyn,0,0.736665616418916
336016,2,0,6,DW Steyn,0,0.39734444523846413
336016,2,0,7,DW Steyn,0,0.3717927474061675
336016,2,1,1,Z Khan,0,0.0002917027675567223
336016,2,1,2,Z Khan,0,0.0003074850447034941
336016,2,1,3,Z Khan,0,0.00032072675331747553
336016,2,1,4,Z Khan,0,0.00032072675331747553
336016,2,1,5,Z Khan,0,0.0003265006213681366
336016,2,1,6,Z Khan,0,0.0006258230482437799
336016,2,2,1,P Kumar,0,0.0004289712522531879
336016,2,2,2,P Kumar,0,0.018922528742050818
336016,2,2,3,P Kumar,0,0.01706564339794897
336016,2,2,4,P Kumar,0,0.014863585695046684
336016,2,2,5,P Kumar,0,0.027452526026645576
336016,2,2,6,P Kumar,0,0.033092942014344366
336016,2,3,1,Z Khan,0,0.00044464271719952435
336016,2,3,2,Z Khan,0,0.0003802126587970395
336016,2,3,3,Z Khan,0,0.00035898159806318895
336016,2,3,4,Z Khan,0,0.04896550145444796
336016,2,3,5,Z Khan,0,0.05053790559352562
336016,2,3,6,Z Khan,0,0.04370544302655013
336016,2,4,1,P Kumar,0,0.04214205952548575
336016,2,4,2,P Kumar,0,0.048864258662424255
336016,2,4,3,P Kumar,1,0.13312712115295905
336016,2,4,4,P Kumar,1,0.13312712115295905
336016,2,4,5,P Kumar,1,0.125233369911626
336016,2,4,6,P Kumar,1,0.11426078008978441
336016,2,5,1,Z Khan,0,0.07739188559808527
336016,2,5,2,Z Khan,0,0.07739188559808527
336016,2,5,3,Z Khan,0,0.0744947829920322
336016,2,5,4,Z Khan,0,0.0670552732188704
336016,2,5,5,Z Khan,0,0.10845054195149108
336016,2,5,6,Z Khan,0,0.11768067349218261
336018,1,0,1,SM Pollock,0,0.00037404826090010104
336018,1,0,2,SM Pollock,1,0.005950922907833207
336018,1,0,3,SM Pollock,0,0.001944539837752847
336018,1,0,4,SM Pollock,0,0.001474185055907752
336018,1,0,5,SM Pollock,0,0.0011904833434497465
336018,1,0,6,SM Pollock,0,0.000538299128582055
336018,1,1,1,A Nehra,1,0.9994055393008987
336018,1,1,2,A Nehra,1,0.8162314872134158
336018,1,1,3,A Nehra,1,0.3220239602254985
336018,1,1,4,A Nehra,1,0.8200346436850647
336018,1,1,5,A Nehra,1,0.4778677988711428
336018,1,1,6,A Nehra,1,0.799703747234052
336018,1,2,1,SM Pollock,0,0.0023115902173603585
336018,1,2,2,SM Pollock,1,0.0028621796239961662
336018,1,2,3,SM Pollock,1,0.005753117057718877
336018,1,2,4,SM Pollock,1,0.017592460068929866
336018,1,2,5,SM Pollock,1,0.016212215310962577
336018,1,2,6,SM Pollock,1,0.014288098382981762
336018,1,3,1,A Nehra,1,0.49121813451213153
336018,1,3,2,A Nehra,1,0.42267222927428166
336018,1,3,3,A Nehra,1,0.3314026536996284
336018,1,3,4,A Nehra,1,0.34452955497455473
336018,1,3,5,A Nehra,0,0.3020573114242967
336018,1,3,6,A Nehra,0,0.25355474291506264
336018,1,4,1,SM Pollock,1,0.014392439560636367
336018,1,4,2,SM Pollock,1,0.008247407858827232
336018,1,4,3,SM Pollock,1,0.016074653000927266
336018,1,4,4,SM Pollock,1,0.02000230518084107
336018,1,4,5,SM Pollock,1,0.023022960330565362
336018,1,4,6,SM Pollock,1,0.026192267794330724
336018,1,5,1,DJ Bravo,1,0.9993837680670954
336018,1,5,2,DJ Bravo,1,0.8195609978227215
336018,1,5,3,DJ Bravo,0,0.39691620349416656
336018,1,5,4,DJ Bravo,0,0.43372469256030455
336018,1,5,5,DJ Bravo,0,0.2313825226213666
336018,1,5,6,DJ Bravo,0,0.13979669779069023
336018,2,0,1,MS Gony,0,0.0005244507483796861
336018,2,0,2,MS Gony,0,0.0005220869185258237
336018,2,0,3,MS Gony,0,0.02160724711513532
336018,2,0,4,MS Gony,0,0.020907459710443457
336018,2,0,5,MS Gony,0,0.012993968487879547
336018,2,0,6,MS Gony,0,0.33959943197787057
336018,2,1,1,JA Morkel,0,0.0006478852361173437
336018,2,1,2,JA Morkel,1,0.9994720456206154
336018,2,1,3,JA Morkel,1,0.896011584627279
336018,2,1,4,JA Morkel,0,0.5755090087616122
336018,2,1,5,JA Morkel,1,0.9322372044536394
336018,2,1,6,JA Morkel,0,0.7310496953960013
336018,2,1,7,JA Morkel,0,0.6111606790654758
336018,2,2,1,MS Gony,0,0.28066285620882236
336018,2,2,2,MS Gony,0,0.21428494496110342
336018,2,2,3,MS Gony,0,0.15090184508103627
336018,2,2,4,MS Gony,0,0.12745303753650328
336018,2,2,5,MS Gony,0,0.19477844088952628
336018,2,2,6,MS Gony,0,0.17469146011235512
336018,2,2,7,MS Gony,0,0.23767267376344905
336018,2,2,8,MS Gony,0,0.19092629017475632
336018,2,3,1,JA Morkel,0,0.7773780159496086
336018,2,3,2,JA Morkel,0,0.7163251006968013
336018,2,3,3,JA Morkel,0,0.6421427683640192
336018,2,3,4,JA Morkel,0,0.7550637415628912
336018,2,3,5,JA Morkel,0,0.7274577669840235
336018,2,3,6,JA Morkel,0,0.6421427683640192
336018,2,4,1,MS Gony,0,0.10919985455421054
336018,2,4,2,MS Gony,0,0.42463703237372846
336018,2,4,3,MS Gony,0,0.37243916059798443
336018,2,4,4,MS Gony,0,0.5461849019160221
336018,2,4,5,MS Gony,0,0.615779224386857
336018,2,4,6,MS Gony,1,0.7263166504402734
336018,2,5,1,JA Morkel,0,0.8070410203043848
336018,2,5,2,JA Morkel,0,0.840996107646383
336018,2,5,3,JA Morkel,1,0.926367574692341
336018,2,5,4,JA Morkel,1,0.926367574692341
336018,2,5,5,JA Morkel,0,0.8658092427927483
336018,2,5,6,JA Morkel,1,0.9521060091778347
336022,1,0,1,S Sreesanth,0,0.0003543588663951794
336022,1,0,2,S Sreesanth,0,0.024218773173700015
336022,1,0,3,S Sreesanth,0,0.02395137907765812
336022,1,0,4,S Sreesanth,0,0.023812845667771358
336022,1,0,5,S Sreesanth,0,0.029750541814319256
336022,1,0,6,S Sreesanth,0,0.012865684018120554
336022,1,0,7,S Sreesanth,0,0.058226645441864115
336022,1,0,8,S Sreesanth,1,0.6455420519591161
336022,1,0,9,S Sreesanth,0,0.6596301064994262
336022,1,1,1,IK Pathan,0,0.0004839028036186207
336022,1,1,2,IK Pathan,0,0.0005032121665881989
336022,1,1,3,IK Pathan,1,0.5162849770863369
336022,1,1,4,IK Pathan,0,0.2654991467693634
336022,1,1,5,IK Pathan,0,0.15571238466865264
336022,1,1,6,IK Pathan,0,0.10509745002790373
336022,1,2,1,S Sreesanth,0,0.435756313855701
336022,1,2,2,S Sreesanth,0,0.43956642664302004
336022,1,2,3,S Sreesanth,1,0.679143886247666
336022,1,2,4,S Sreesanth,0,0.6445810612262362
336022,1,2,5,S Sreesanth,0,0.6417753736369065
336022,1,2,6,S Sreesanth,0,0.6624595364228052
336022,1,3,1,IK Pathan,0,0.032852803046041996
336022,1,3,2,IK Pathan,0,0.2336103213809958
336022,1,3,3,IK Pathan,0,0.17933420858173202
336022,1,3,4,IK Pathan,1,0.25254412949429633
336022,1,3,5,IK Pathan,1,0.2269429634300515
336022,1,4,1,S Sreesanth,0,0.4249178229087502
336022,1,4,2,S Sreesanth,0,0.4230815887660534
336022,1,4,3,S Sreesanth,0,0.43747821793727926
336022,1,4,4,S Sreesanth,0,0.4951953438494075
336022,1,4,5,S Sreesanth,0,0.5206205903004337
336022,1,4,6,S Sreesanth,0,0.5039562673414761
336022,1,5,1,VRV Singh,0,0.01894223329186028
336022,1,5,2,VRV Singh,0,0.9643661898286938
336022,1,5,3,VRV Singh,0,0.8783570867411199
336022,1,5,4,VRV Singh,1,0.9613482851282145
336022,1,5,5,VRV Singh,1,0.970454522312677
336022,1,5,6,VRV Singh,1,0.9868861182893487
336022,2,0,1,GD McGrath,0,0.01485078781061799
336022,2,0,2,GD McGrath,0,0.008693615799913307
336022,2,0,3,GD McGrath,0,0.013079108086145201
336022,2,0,4,GD McGrath,0,0.009734416010586291
336022,2,0,5,GD McGrath,0,0.007803188739034219
336022,2,0,6,GD McGrath,0,0.010623741707989765
336022,2,1,1,PJ Sangwan,0,0.00024867166976661804
336022,2,1,2,PJ Sangwan,0,0.009624099205910536
336022,2,1,3,PJ Sangwan,0,0.0133817074344652
336022,2,1,4,PJ Sangwan,1,0.8261345937824827
336022,2,1,5,PJ Sangwan,1,0.942051201384827
336022,2,1,6,PJ Sangwan,1,0.8847814993843346
336022,2,2,1,GD McGrath,0,0.019193502276976308
336022,2,2,2,GD McGrath,0,0.021950073838752426
336022,2,2,3,GD McGrath,0,0.022476356944474772
336022,2,2,4,GD McGrath,0,0.2543145898816551
336022,2,2,5,GD McGrath,1,0.5926005121647046
336022,2,3,1,A Mishra,0,0.0003887047857458558
336022,2,3,2,A Mishra,0,0.007442794121029751
336022,2,3,3,A Mishra,0,0.005374331269490273
336022,2,3,4,A Mishra,0,0.009644733961267558
336022,2,3,5,A Mishra,0,0.015263436715743532
336022,2,3,6,A Mishra,0,0.022018715807712412
336022,2,4,1,V Sehwag,1,0.999302641964828
336022,2,4,2,V Sehwag,1,0.999358844362659
336022,2,4,3,V Sehwag,1,0.9993702796274587
336022,2,4,4,V Sehwag,1,0.9992104635085614
336022,2,4,5,V Sehwag,0,0.9789439695590021
336022,2,4,6,V Sehwag,1,0.9758386630983455
336022,2,5,1,A Mishra,0,0.040093547463163466
336022,2,5,2,A Mishra,0,0.377447040237418
336022,2,5,3,A Mishra,0,0.24299852037111672
336022,2,5,4,A Mishra,1,0.6427927857975202
336022,2,5,5,A Mishra,1,0.6367768155280545
336036,1,0,1,Sohail Tanvir,0,0.0004094374015870576
336036,1,0,2,Sohail Tanvir,0,0.00043697636092427793
336036,1,0,3,Sohail Tanvir,0,0.00044392976902181706
336036,1,0,4,Sohail Tanvir,0,0.00044392976902181706
336036,1,0,5,Sohail Tanvir,0,0.0010440698498024527
336036,1,0,6,Sohail Tanvir,0,0.0007643787489023357
336036,1,0,7,Sohail Tanvir,0,0.002474477718758692
336036,1,1,1,SR Watson,0,0.001000878188584287
336036,1,1,2,SR Watson,0,0.013895950548629783
336036,1,1,3,SR Watson,0,0.007950974950485055
336036,1,1,4,SR Watson,0,0.018470450485269237
336036,1,1,5,SR Watson,0,0.024893334977511124
336036,1,1,6,SR Watson,0,0.023518519326850403
336036,1,1,7,SR Watson,0,0.029877600685750263
336036,1,2,1,Sohail Tanvir,0,0.004486982224325998
336036,1,2,2,Sohail Tanvir,0,0.0024386427004687767
336036,1,2,3,Sohail Tanvir,0,0.006527625949960936
336036,1,2,4,Sohail Tanvir,0,0.020183558122175798
336036,1,2,5,Sohail Tanvir,1,0.11744897804111334
336036,1,2,6,Sohail Tanvir,1,0.12821184993923837
336036,1,3,1,SR Watson,0,0.019609784698948498
336036,1,3,2,SR Watson,0,0.018186881355743614
336036,1,3,3,SR Watson,0,0.0208528775083328
336036,1,3,4,SR Watson,0,0.016082576068333323
336036,1,3,5,SR Watson,0,0.007454056971508036
336036,1,3,6,SR Watson,0,0.006682946813057851
336036,1,4,1,Pankaj Singh,0,0.015346938787602708
336036,1,4,2,Pankaj Singh,1,0.9828502758907159
336036,1,4,3,Pankaj Singh,1,0.9258066240693005
336036,1,4,4,Pankaj Singh,1,0.8732853161641939
336036,1,4,5,Pankaj Singh,0,0.6470314486297806
336036,1,4,6,Pankaj Singh,0,0.656578251754644
336036,1,4,7,Pankaj Singh,0,0.5716945229081937
336036,1,5,1,YK Pathan,0,0.0010716358585309937
336036,1,5,2,YK Pathan,0,0.0009913640715701918
336036,1,5,3,YK Pathan,0,0.0010071303132051415
336036,1,5,4,YK Pathan,0,0.0010252207963799512
336036,1,5,5,YK Pathan,0,0.0010252207963799512
336036,1,5,6,YK Pathan,0,0.001085963757285629
336036,2,0,1,SM Pollock,0,0.00023879938147284486
336036,2,0,2,SM Pollock,0,0.0002563429831148964
336036,2,0,3,SM Pollock,0,0.00024416252084670477
336036,2,0,4,SM Pollock,0,0.00024416252084670477
336036,2,0,5,SM Pollock,0,0.00024855838766979716
336036,2,0,6,SM Pollock,0,0.00047243398130885256
336036,2,1,1,A Nehra,1,0.9986129031907806
336036,2,1,2,A Nehra,1,0.8932490574691256
336036,2,1,3,A Nehra,1,0.9440060049169268
336036,2,1,4,A Nehra,1,0.8958159122404133
336036,2,1,5,A Nehra,1,0.6883665647778199
336036,2,1,6,A Nehra,1,0.5323440706129421
336036,2,2,1,SM Pollock,0,0.0027097500551263734
336036,2,2,2,SM Pollock,0,0.0017891779501336019
336036,2,2,3,SM Pollock,0,0.0028825774776672516
336036,2,2,4,SM Pollock,0,0.007045511940018001
336036,2,2,5,SM Pollock,0,0.10962465484362893
336036,2,2,6,SM Pollock,0,0.300223106564249
336036,2,3,1,A Nehra,1,0.28344692373087255
336036,2,3,2,A Nehra,1,0.23393611757791966
336036,2,3,3,A Nehra,1,0.2198399921904504
336036,2,3,4,A Nehra,0,0.17363717530170053
336036,2,3,5,A Nehra,1,0.20664409616919804
336036,2,3,6,A Nehra,0,0.17783746292091857
336036,2,3,7,A Nehra,0,0.21347723396862228
336036,2,4,1,SM Pollock,1,0.327183804711388
336036,2,4,2,SM Pollock,0,0.2558368843953279
336036,2,4,3,SM Pollock,0,0.24978882161465307
336036,2,4,4,SM Pollock,0,0.24766182737341294
336036,2,4,5,SM Pollock,1,0.4266067808517563
336036,2,4,6,SM Pollock,1,0.41026925417251653
336036,2,4,7,SM Pollock,1,0.44023508050213656
336036,2,5,1,CRD Fernando,0,0.00038953755686247824
336036,2,5,2,CRD Fernando,0,0.0004228353684523993
336036,2,5,3,CRD Fernando,0,0.003924170036841476
336036,2,5,4,CRD Fernando,0,0.001069198911427058
336036,2,5,5,CRD Fernando,0,0.0008560348418020716
336036,2,5,6,CRD Fernando,0,0.004402316688165546
336036,2,5,7,CRD Fernando,0,0.01546399306612556
392188,1,0,1,P Kumar,0,0.00036925309474299594
392188,1,0,2,P Kumar,1,0.8792924116414205
392188,1,0,3,P Kumar,1,0.9369655685210928
392188,1,0,4,P Kumar,1,0.9423015228233529
392188,1,0,5,P Kumar,1,0.8926317872479644
392188,1,0,6,P Kumar,1,0.8882218645850517
392188,1,1,1,DW Steyn,0,0.06966069551058643
392188,1,1,2,DW Steyn,1,0.9115290636844492
392188,1,1,3,DW Steyn,1,0.7985875448757868
392188,1,1,4,DW Steyn,1,0.8736647895601333
392188,1,1,5,DW Steyn,1,0.8233275484974741
392188,1,1,6,DW Steyn,1,0.8943171822163581
392188,1,2,1,JH Kallis,1,0.9988150024562443
392188,1,2,2,JH Kallis,1,0.906300928709698
392188,1,2,3,JH Kallis,1,0.780626223195335
392188,1,2,4,JH Kallis,0,0.5196316168926484
392188,1,2,5,JH Kallis,0,0.5006800392920671
392188,1,2,6,JH Kallis,0,0.5405169642064728
392188,1,3,1,P Kumar,1,0.7930485690369531
392188,1,3,2,P Kumar,0,0.7628764650091108
392188,1,3,3,P Kumar,0,0.6886528417508812
392188,1,3,4,P Kumar,1,0.8159573495351166
392188,1,3,5,P Kumar,1,0.8286912604634243
392188,1,3,6,P Kumar,1,0.8305457173420334
392188,1,4,1,DW Steyn,1,0.8297396438309236
392188,1,4,2,DW Steyn,1,0.8170005384635369
392188,1,4,3,DW Steyn,1,0.8218452754301135
392188,1,4,4,DW Steyn,1,0.7824066991995104
392188,1,4,5,DW Steyn,1,0.7508635910287818
392188,1,4,6,DW Steyn,1,0.6515070398697899
392188,1,5,1,JH Kallis,0,0.39521880307912083
392188,1,5,2,JH Kallis,0,0.7442926770518186
392188,1,5,3,JH Kallis,1,0.8255632843780037
392188,1,5,4,JH Kallis,1,0.7861593127658912
392188,1,5,5,JH Kallis,1,0.7703326336786165
392188,2,0,1,FH Edwards,0,0.0009909951005896288
392188,2,0,2,FH Edwards,0,0.574298385495722
392188,2,0,3,FH Edwards,0,0.4121138550176376
392188,2,0,4,FH Edwards,0,0.47608210716098853
392188,2,0,5,FH Edwards,0,0.5334218639021344
392188,2,0,6,FH Edwards,1,0.7500138290758512
392188,2,1,1,RP Singh,0,0.21764957581282435
392188,2,1,2,RP Singh,0,0.3567516067580191
392188,2,1,3,RP Singh,0,0.16743421196658398
392188,2,1,4,RP Singh,0,0.3754512666884067
392188,2,1,5,RP Singh,0,0.30962626266852017
392188,2,1,6,RP Singh,0,0.44401602839167104
392188,2,2,1,FH Edwards,0,0.5879352772640588
392188,2,2,2,FH Edwards,0,0.5676884884957599
392188,2,2,3,FH Edwards,0,0.5461056516634634
392188,2,2,4,FH Edwards,0,0.5356604080152269
392188,2,2,5,FH Edwards,0,0.5391418372185797
392188,2,2,6,FH Edwards,0,0.5347357850588048
392188,2,3,1,RP Singh,0,0.5470139726876947
392188,2,3,2,RP Singh,1,0.4873616116049922
392188,2,3,3,RP Singh,1,0.2918086305453415
392188,2,3,4,RP Singh,0,0.30498718114164325
392188,2,3,5,RP Singh,0,0.2537702218936871
392188,2,3,6,RP Singh,0,0.27147131727373053
392188,2,4,1,Harmeet Singh,0,0.23366394367191257
392188,2,4,2,Harmeet Singh,0,0.08151616884606867
392188,2,4,3,Harmeet Singh,0,0.10183787150224576
392188,2,4,4,Harmeet Singh,0,0.27735183783873185
392188,2,4,5,Harmeet Singh,0,0.35400566204335804
392188,2,4,6,Harmeet Singh,0,0.3747695668314142
392188,2,4,7,Harmeet Singh,0,0.19571165642851446
392188,2,4,8,Harmeet Singh,0,0.40580661556076913
392188,2,5,1,RP Singh,0,0.19499413921517256
392188,2,5,2,RP Singh,0,0.24598811897911285
392188,2,5,3,RP Singh,0,0.29969735988508645
392188,2,5,4,RP Singh,1,0.34880366609262126
392188,2,5,5,RP Singh,0,0.2975412824505393
392188,2,5,6,RP Singh,1,0.2836272668262586
392212,1,0,1,SL Malinga,0,0.0002491348690171604
392212,1,0,2,SL Malinga,0,0.008429718322774884
392212,1,0,3,SL Malinga,1,0.9646978089924108
392212,1,0,4,SL Malinga,1,0.7957610358880797
392212,1,0,5,SL Malinga,1,0.7363016729270263
392212,1,0,6,SL Malinga,1,0.5660093383498243
392212,1,0,7,SL Malinga,1,0.40617421002888254
392212,1,1,1,DS Kulkarni,0,0.0002162586868165595
392212,1,1,2,DS Kulkarni,0,0.008098031263311803
392212,1,1,3,DS Kulkarni,0,0.0017195409202842454
392212,1,1,4,DS Kulkarni,0,0.0006803577661234935
392212,1,1,5,DS Kulkarni,0,0.0004348258818074452
392212,1,1,6,DS Kulkarni,0,0.00034017878478837297
392212,1,1,7,DS Kulkarni,0,0.00019403581156244955
392212,1,2,1,SL Malinga,1,0.5277622312028127
392212,1,2,2,SL Malinga,1,0.280380385848135
392212,1,2,3,SL Malinga,0,0.17928242873985145
392212,1,2,4,SL Malinga,0,0.07096038643622092
392212,1,2,5,SL Malinga,0,0.053306511922071816
392212,1,2,6,SL Malinga,1,0.4585285544033617
392212,1,2,7,SL Malinga,0,0.35143317114770156
392212,1,3,1,DS Kulkarni,0,0.001029145895079424
392212,1,3,2,DS Kulkarni,1,0.20701448094829308
392212,1,3,3,DS Kulkarni,0,0.06644595694188488
392212,1,3,4,DS Kulkarni,0,0.049854934483676894
392212,1,3,5,DS Kulkarni,0,0.0761698529483836
392212,1,3,6,DS Kulkarni,0,0.1260974059352132
392212,1,4,1,Harbhajan Singh,0,0.01309935322850709
392212,1,4,2,Harbhajan Singh,1,0.9680633124381793
392212,1,4,3,Harbhajan Singh,1,0.9088338093012857
392212,1,4,4,Harbhajan Singh,1,0.7950694995654497
392212,1,4,5,Harbhajan Singh,1,0.8489712171341353
392212,1,4,6,Harbhajan Singh,1,0.8479716638166909
392212,1,5,1,DJ Bravo,0,0.015470209517306837
392212,1,5,2,DJ Bravo,0,0.003983681284820691
392212,1,5,3,DJ Bravo,0,0.0015560786691514996
392212,1,5,4,DJ Bravo,0,0.0010760027760389368
392212,1,5,5,DJ Bravo,0,0.0007863492326897106
392212,1,5,6,DJ Bravo,0,0.00042125546470811074
392212,2,0,1,RJ Harris,0,0.006832410014449308
392212,2,0,2,RJ Harris,0,0.00501171069482504
392212,2,0,3,RJ Harris,0,0.005404179416610918
392212,2,0,4,RJ Harris,0,0.0055190594892137726
392212,2,0,5,RJ Harris,1,0.43376540404989156
392212,2,0,6,RJ Harris,0,0.3387492783110307
392212,2,1,1,RP Singh,0,0.00621652680316258
392212,2,1,2,RP Singh,0,0.00437019521507888
392212,2,1,3,RP Singh,0,0.0014007179741656421
392212,2,1,4,RP Singh,0,0.001195102396354955
392212,2,1,5,RP Singh,0,0.0013865826436224163
392212,2,1,6,RP Singh,0,0.0003666732806932307
392212,2,2,1,RJ Harris,0,0.2418046654308347
392212,2,2,2,RJ Harris,0,0.16909601571354935
392212,2,2,3,RJ Harris,0,0.12116294363853539
392212,2,2,4,RJ Harris,0,0.08205059120329206
392212,2,2,5,RJ Harris,0,0.08919274613058563
392212,2,2,6,RJ Harris,0,0.12242428732822251
392212,2,3,1,RP Singh,0,0.0004677051528050768
392212,2,3,2,RP Singh,0,0.0004177253820037694
392212,2,3,3,RP Singh,0,0.0011465745939940328
392212,2,3,4,RP Singh,0,0.23944210317862022
392212,2,3,5,RP Singh,0,0.17706537101193712
392212,2,3,6,RP Singh,0,0.08828604669357336
392212,2,3,7,RP Singh,1,0.42136568552041104
392212,2,4,1,Harmeet Singh,0,0.0006968645521654871
392212,2,4,2,Harmeet Singh,0,0.0006712141976784843
392212,2,4,3,Harmeet Singh,0,0.0006393332094662346
392212,2,4,4,Harmeet Singh,0,0.2685127103975456
392212,2,4,5,Harmeet Singh,0,0.27096676548915755
392212,2,4,6,Harmeet Singh,0,0.4127115438932468
392212,2,5,1,DR Smith,1,0.9993631492665515
392212,2,5,2,DR Smith,1,0.9552898541084835
392212,2,5,3,DR Smith,0,0.7359782650520075
392212,2,5,4,DR Smith,0,0.5719805885397866
392212,2,5,5,DR Smith,1,0.8277713770643395
392216,1,0,1,B Lee,0,0.00018182885471981682
392216,1,0,2,B Lee,0,0.00019391628730127482
392216,1,0,3,B Lee,0,0.00019700275215857207
392216,1,0,4,B Lee,0,0.0004910533443710819
392216,1,0,5,B Lee,1,0.4213279091695381
392216,1,0,6,B Lee,1,0.3339948966191495
392216,1,0,7,B Lee,1,0.33116555626924454
392216,1,1,1,IK Pathan,0,0.009548619008914613
392216,1,1,2,IK Pathan,0,0.003899955507138849
392216,1,1,3,IK Pathan,0,0.8033551951510408
392216,1,1,4,IK Pathan,0,0.4315933239479987
392216,1,1,5,IK Pathan,1,0.8472662518863906
392216,1,1,6,IK Pathan,0,0.6482602973216302
392216,1,2,1,B Lee,1,0.16938757527029497
392216,1,2,2,B Lee,1,0.16137060175371917
392216,1,2,3,B Lee,1,0.21462999432642213
392216,1,2,4,B Lee,1,0.10932043785660589
392216,1,2,5,B Lee,1,0.12885537619849285
392216,1,2,6,B Lee,1,0.39548980801795397
392216,1,2,7,B Lee,1,0.33796074151411426
392216,1,3,1,S Sreesanth,1,0.9996228814192172
392216,1,3,2,S Sreesanth,1,0.9877726444506855
392216,1,3,3,S Sreesanth,1,0.8979035566986671
392216,1,3,4,S Sreesanth,0,0.67063705568491
392216,1,3,5,S Sreesanth,0,0.3225019757993366
392216,1,3,6,S Sreesanth,0,0.19081230059241416
392216,1,4,1,IK Pathan,0,0.5783477533843289
392216,1,4,2,IK Pathan,0,0.37956380876583495
392216,1,4,3,IK Pathan,1,0.7744732262173386
392216,1,4,4,IK Pathan,1,0.7059081792441847
392216,1,4,5,IK Pathan,1,0.6873227908597781
392216,1,4,6,IK Pathan,1,0.6686869227391268
392216,1,5,1,S Sreesanth,0,0.057034254258794596
392216,1,5,2,S Sreesanth,0,0.3887708882407185
392216,1,5,3,S Sreesanth,0,0.25791509661264017
392216,1,5,4,S Sreesanth,0,0.2564775333824093
392216,1,5,5,S Sreesanth,0,0.2596320860541777
392216,1,5,6,S Sreesanth,0,0.3081581675282222
392216,2,0,1,RJ Harris,0,0.0006369531800362667
392216,2,0,2,RJ Harris,0,0.011837374088542017
392216,2,0,3,RJ Harris,0,0.012190064906306199
392216,2,0,4,RJ Harris,1,0.8689687302411553
392216,2,0,5,RJ Harris,1,0.7648207995277089
392216,2,0,6,RJ Harris,0,0.4739265485312008
392216,2,0,7,RJ Harris,0,0.4356792727164594
392216,2,1,1,RP Singh,1,0.9995329753735429
392216,2,1,2,RP Singh,1,0.9994722938321812
392216,2,1,3,RP Singh,1,0.9827330707598712
392216,2,1,4,RP Singh,1,0.9359525170788561
392216,2,1,5,RP Singh,1,0.8797650670308549
392216,2,1,6,RP Singh,1,0.8493525507338906
392216,2,2,1,Shoaib Ahmed,0,0.01492171381114508
392216,2,2,2,Shoaib Ahmed,0,0.005928024730023137
392216,2,2,3,Shoaib Ahmed,0,0.008670372624668328
392216,2,2,4,Shoaib Ahmed,0,0.006464227468274885
392216,2,2,5,Shoaib Ahmed,0,0.009170411459783406
392216,2,2,6,Shoaib Ahmed,1,0.5710571388066099
392216,2,3,1,RJ Harris,0,0.27192914723365164
392216,2,3,2,RJ Harris,0,0.3016405309343729
392216,2,3,3,RJ Harris,0,0.15921330087190502
392216,2,3,4,RJ Harris,0,0.15329427113916927
392216,2,3,5,RJ Harris,0,0.4338556028384298
392216,2,3,6,RJ Harris,0,0.5639036925168217
392216,2,4,1,RG Sharma,0,0.0003158212464548918
392216,2,4,2,RG Sharma,0,0.0003134365984437225
392216,2,4,3,RG Sharma,0,0.000364691426228819
392216,2,4,4,RG Sharma,0,0.001772630340724581
392216,2,4,5,RG Sharma,0,0.0012333502335257539
392216,2,4,6,RG Sharma,0,0.0006493005629573971
392216,2,5,1,Y Venugopal Rao,0,0.0002987525740798572
392216,2,5,2,Y Venugopal Rao,0,0.00029649676700018156
392216,2,5,3,Y Venugopal Rao,0,0.004226518052614996
392216,2,5,4,Y Venugopal Rao,1,0.011917597748296739
392216,2,5,5,Y Venugopal Rao,1,0.01591994604158545
392220,1,0,1,M Morkel,0,0.011645810722386426
392220,1,0,2,M Morkel,0,0.010214815196137131
392220,1,0,3,M Morkel,0,0.00989458670417528
392220,1,0,4,M Morkel,0,0.007507096003521869
392220,1,0,5,M Morkel,0,0.0034911103341769187
392220,1,0,6,M Morkel,0,0.0013982651103842413
392220,1,0,7,M Morkel,1,0.48925641104640677
392220,1,1,1,MM Patel,0,0.00016030383384379651
392220,1,1,2,MM Patel,0,0.00017335114497179192
392220,1,1,3,MM Patel,1,0.008832362461641449
392220,1,1,4,MM Patel,1,0.0038887380426494487
392220,1,1,5,MM Patel,1,0.009833530077387001
392220,1,2,1,M Morkel,1,0.22567978697519228
392220,1,2,2,M Morkel,1,0.5846141604240228
392220,1,2,3,M Morkel,1,0.5448287013672085
392220,1,2,4,M Morkel,1,0.5131699440560321
392220,1,2,5,M Morkel,1,0.5109478180384777
392220,1,2,6,M Morkel,1,0.5045246034702716
392220,1,3,1,YK Pathan,0,0.0002155330177096412
392220,1,3,2,YK Pathan,0,0.010956991919102762
392220,1,3,3,YK Pathan,0,0.008937546941049455
392220,1,3,4,YK Pathan,0,0.004252192538217733
392220,1,3,5,YK Pathan,0,0.01011451426130464
392220,1,3,6,YK Pathan,1,0.6637949204932334
392220,1,4,1,M Morkel,1,0.31784734206500215
392220,1,4,2,M Morkel,1,0.30783699141456966
392220,1,4,3,M Morkel,1,0.3106564871033708
392220,1,4,4,M Morkel,1,0.3389448059094446
392220,1,4,5,M Morkel,1,0.3389448059094446
392220,1,5,1,SK Trivedi,0,0.00021962069744466736
392220,1,5,2,SK Trivedi,1,0.9366648773349702
392220,1,5,3,SK Trivedi,1,0.9061672728625021
392220,1,5,4,SK Trivedi,1,0.9673756813933914
392220,1,5,5,SK Trivedi,1,0.916345617928083
392220,1,5,6,SK Trivedi,0,0.809504551927772
392220,2,0,1,RP Singh,0,0.0001628871215542652
392220,2,0,2,RP Singh,0,0.005067703327954668
392220,2,0,3,RP Singh,0,0.002546950174289563
392220,2,0,4,RP Singh,0,0.0016647846164289531
392220,2,0,5,RP Singh,0,0.0011352288275496072
392220,2,0,6,RP Singh,0,0.16421919929549447
392220,2,1,1,WPUJC Vaas,0,0.00034230725690041454
392220,2,1,2,WPUJC Vaas,0,0.00036152460844901015
392220,2,1,3,WPUJC Vaas,0,0.00018645397861932734
392220,2,1,4,WPUJC Vaas,0,0.009984532416624926
392220,2,1,5,WPUJC Vaas,0,0.007061642706820685
392220,2,1,6,WPUJC Vaas,0,0.0028214018222852966
392220,2,2,1,RP Singh,0,0.0739195128949259
392220,2,2,2,RP Singh,0,0.04638321715707775
392220,2,2,3,RP Singh,0,0.0729699861240808
392220,2,2,4,RP Singh,0,0.0925876109636044
392220,2,2,5,RP Singh,1,0.3398447853348015
392220,2,2,6,RP Singh,1,0.32193969913330434
392220,2,2,7,RP Singh,1,0.2538379833952768
392220,2,3,1,WPUJC Vaas,0,0.0012962449294810152
392220,2,3,2,WPUJC Vaas,0,0.0038843688352215113
392220,2,3,3,WPUJC Vaas,1,0.16977159114656545
392220,2,3,4,WPUJC Vaas,1,0.06899785606980761
392220,2,3,5,WPUJC Vaas,1,0.04992202473689604
392220,2,3,6,WPUJC Vaas,0,0.05732286859319196
392220,2,3,7,WPUJC Vaas,0,0.09812002274179978
392220,2,4,1,A Symonds,0,0.00028818236367997085
392220,2,4,2,A Symonds,0,0.00028274198391068116
392220,2,4,3,A Symonds,0,0.0002872418350805897
392220,2,4,4,A Symonds,0,0.2824956733057014
392220,2,4,5,A Symonds,0,0.3165572263844151
392220,2,4,6,A Symonds,0,0.1664285233496285
392220,2,5,1,WPUJC Vaas,0,0.04080438843240556
392220,2,5,2,WPUJC Vaas,1,0.23548024848392257
392220,2,5,3,WPUJC Vaas,1,0.27758585755901655
392220,2,5,4,WPUJC Vaas,1,0.2673057105501903
392220,2,5,5,WPUJC Vaas,1,0.22947107504512806
392220,2,5,6,WPUJC Vaas,0,0.11788983298711606
392223,1,0,1,RP Singh,0,0.00039805693806487316
392223,1,0,2,RP Singh,0,0.01845248728082493
392223,1,0,3,RP Singh,0,0.004414381727907398
392223,1,0,4,RP Singh,0,0.03009338362914722
392223,1,0,5,RP Singh,0,0.04211400155457444
392223,1,0,6,RP Singh,0,0.05621815380238977
392223,1,0,7,RP Singh,0,0.07150137863450143
392223,1,1,1,WPUJC Vaas,0,0.01984264022353453
392223,1,1,2,WPUJC Vaas,0,0.041398939345977444
392223,1,1,3,WPUJC Vaas,0,0.027038032156095574
392223,1,1,4,WPUJC Vaas,0,0.009646503127797081
392223,1,1,5,WPUJC Vaas,0,0.0635264609299098
392223,1,1,6,WPUJC Vaas,0,0.6053956867955281
392223,1,1,7,WPUJC Vaas,0,0.8127931781654462
392223,1,2,1,RP Singh,0,0.055241314258271494
392223,1,2,2,RP Singh,0,0.044216101041560624
392223,1,2,3,RP Singh,0,0.06357453118893729
392223,1,2,4,RP Singh,0,0.05120548455408391
392223,1,2,5,RP Singh,0,0.04787656711137881
392223,1,2,6,RP Singh,0,0.0345725608179303
392223,1,3,1,WPUJC Vaas,1,0.9196052957017657
392223,1,3,2,WPUJC Vaas,1,0.8389554379258661
392223,1,3,3,WPUJC Vaas,0,0.8111002819832375
392223,1,3,4,WPUJC Vaas,0,0.7081438864914208
392223,1,3,5,WPUJC Vaas,0,0.665224099222615
392223,1,3,6,WPUJC Vaas,0,0.6397757588500987
392223,1,4,1,A Symonds,0,0.0004779877648445448
392223,1,4,2,A Symonds,0,0.00046190706485077764
392223,1,4,3,A Symonds,1,0.5279875989885396
392223,1,4,4,A Symonds,0,0.38165388796032484
392223,1,4,5,A Symonds,1,0.6171755867318508
392223,1,4,6,A Symonds,1,0.450944814594883
392223,1,4,7,A Symonds,0,0.49463941182292676
392223,1,5,1,Shoaib Ahmed,1,0.9991943710240149
392223,1,5,2,Shoaib Ahmed,1,0.9991343269710443
392223,1,5,3,Shoaib Ahmed,0,0.9722995591779416
392223,1,5,4,Shoaib Ahmed,0,0.9678353118670252
392223,1,5,5,Shoaib Ahmed,0,0.9640205964843978
392223,2,0,1,A Nehra,0,0.02462705363170307
392223,2,0,2,A Nehra,1,0.9270856525615322
392223,2,0,3,A Nehra,1,0.9678141313945583
392223,2,0,4,A Nehra,1,0.9161440284875484
392223,2,0,5,A Nehra,1,0.9021496474830812
392223,2,0,6,A Nehra,1,0.948899991037008
392223,2,1,1,DP Nannes,0,0.00024842020960775065
392223,2,1,2,DP Nannes,0,0.007637046561691684
392223,2,1,3,DP Nannes,1,0.7457783647547607
392223,2,1,4,DP Nannes,0,0.433227544318164
392223,2,1,5,DP Nannes,1,0.8352064955412928
392223,2,1,6,DP Nannes,1,0.8398483543270725
392223,2,1,7,DP Nannes,1,0.8302880186497616
392223,2,2,1,PJ Sangwan,0,0.0002899500849881842
392223,2,2,2,PJ Sangwan,0,0.0003208733346630576
392223,2,2,3,PJ Sangwan,0,0.003362789508453495
392223,2,2,4,PJ Sangwan,0,0.010882088472559188
392223,2,2,5,PJ Sangwan,0,0.01975364564192796
392223,2,2,6,PJ Sangwan,0,0.020188920154507854
392223,2,2,7,PJ Sangwan,0,0.011049336550334285
392223,2,3,1,DP Nannes,1,0.685651870199102
392223,2,3,2,DP Nannes,1,0.6231914215138634
392223,2,3,3,DP Nannes,1,0.5791132385704567
392223,2,3,4,DP Nannes,0,0.5127452532932906
392223,2,3,5,DP Nannes,1,0.6736400828856435
392223,2,3,6,DP Nannes,1,0.6200987680130647
392223,2,4,1,PJ Sangwan,0,0.008514758137764405
392223,2,4,2,PJ Sangwan,0,0.006083040231898786
392223,2,4,3,PJ Sangwan,0,0.004607684447710622
392223,2,4,4,PJ Sangwan,0,0.004135186572418487
392223,2,4,5,PJ Sangwan,0,0.0035046655463169853
392223,2,4,6,PJ Sangwan,0,0.0026303918688247224
392223,2,5,1,A Nehra,1,0.9563757824338903
392223,2,5,2,A Nehra,1,0.9754314617895455
392223,2,5,3,A Nehra,1,0.9298613932194039
392223,2,5,4,A Nehra,1,0.9042377582162886
392223,2,5,5,A Nehra,1,0.9126910195635057
392223,2,5,6,A Nehra,1,0.9142217615549091
392223,2,5,7,A Nehra,1,0.9079577926495543
392228,1,0,1,RJ Harris,0,0.0003064792432023446
392228,1,0,2,RJ Harris,0,0.00033545178823366574
392228,1,0,3,RJ Harris,1,0.688212714691529
392228,1,0,4,RJ Harris,1,0.38533695197680257
392228,1,0,5,RJ Harris,0,0.13347498007547368
392228,1,0,6,RJ Harris,0,0.04910419664294739
392228,1,1,1,RP Singh,1,0.9994657915441959
392228,1,1,2,RP Singh,1,0.9377063531799954
392228,1,1,3,RP Singh,0,0.6751028654336991
392228,1,1,4,RP Singh,0,0.5952782497466572
392228,1,1,5,RP Singh,0,0.3525635879967251
392228,1,1,6,RP Singh,0,0.15675800431839645
392228,1,2,1,RJ Harris,1,0.15334789200687932
392228,1,2,2,RJ Harris,1,0.2018883226649497
392228,1,2,3,RJ Harris,0,0.10284530095489688
392228,1,2,4,RJ Harris,0,0.12376813388781609
392228,1,2,5,RJ Harris,0,0.23136347088490689
392228,1,2,6,RJ Harris,0,0.16063345336069199
392228,1,3,1,RP Singh,0,0.07025977309278669
392228,1,3,2,RP Singh,0,0.16259871801936698
392228,1,3,3,RP Singh,0,0.3463827959607088
392228,1,3,4,RP Singh,0,0.6316593575478511
392228,1,3,5,RP Singh,0,0.5401367475308994
392228,1,3,6,RP Singh,0,0.47693479354479246
392228,1,3,7,RP Singh,0,0.47693479354479246
392228,1,4,1,RJ Harris,0,0.08708770753642801
392228,1,4,2,RJ Harris,0,0.08171918995328861
392228,1,4,3,RJ Harris,0,0.11814108345517832
392228,1,4,4,RJ Harris,0,0.11388222485239329
392228,1,4,5,RJ Harris,0,0.11023796560930504
392228,1,4,6,RJ Harris,0,0.10923776312327822
392228,1,5,1,A Symonds,0,0.0004955680791589503
392228,1,5,2,A Symonds,0,0.0005038853982315839
392228,1,5,3,A Symonds,0,0.000563874644351329
392228,1,5,4,A Symonds,0,0.000563874644351329
392228,1,5,5,A Symonds,0,0.021632422166302977
392228,1,5,6,A Symonds,0,0.007994210242295668
392228,2,0,1,I Sharma,0,0.00035631874563152576
392228,2,0,2,I Sharma,0,0.00039431743781810467
392228,2,0,3,I Sharma,1,0.7250341680370564
392228,2,0,4,I Sharma,1,0.6397189566999836
392228,2,0,5,I Sharma,1,0.3888732850822471
392228,2,0,6,I Sharma,0,0.19735590277473486
392228,2,1,1,Mashrafe Mortaza,0,0.0003632545869044011
392228,2,1,2,Mashrafe Mortaza,0,0.0004019926365250879
392228,2,1,3,Mashrafe Mortaza,0,0.9119780826431646
392228,2,1,4,Mashrafe Mortaza,1,0.9815571112971517
392228,2,1,5,Mashrafe Mortaza,1,0.9199524148797615
392228,2,1,6,Mashrafe Mortaza,1,0.9049638211240922
392228,2,2,1,I Sharma,0,0.11731585929350172
392228,2,2,2,I Sharma,0,0.0940195288455754
392228,2,2,3,I Sharma,1,0.3684783617283314
392228,2,2,4,I Sharma,1,0.5865840700964784
392228,2,2,5,I Sharma,1,0.5127239191715474
392228,2,2,6,I Sharma,1,0.4051394883039916
392228,2,3,1,Mashrafe Mortaza,1,0.9077759196833078
392228,2,3,2,Mashrafe Mortaza,0,0.8369565945976685
392228,2,3,3,Mashrafe Mortaza,0,0.8233060100009967
392228,2,3,4,Mashrafe Mortaza,0,0.6965171410431157
392228,2,3,5,Mashrafe Mortaza,0,0.844605516359174
392228,2,3,6,Mashrafe Mortaza,0,0.835871142738537
392228,2,3,7,Mashrafe Mortaza,0,0.8973229295874663
392228,2,4,1,M Kartik,0,0.0007014353693937457
392228,2,4,2,M Kartik,0,0.0007762095545631763
392228,2,4,3,M Kartik,0,0.000809620331103107
392228,2,4,4,M Kartik,0,0.000809620331103107
392228,2,4,5,M Kartik,0,0.006363266058911546
392228,2,4,6,M Kartik,0,0.0016514638035078424
392228,2,5,1,BJ Hodge,0,0.0007984223251454566
392228,2,5,2,BJ Hodge,1,0.9260203038464474
392228,2,5,3,BJ Hodge,1,0.8698427748192549
392228,2,5,4,BJ Hodge,1,0.9214548131749246
392228,2,5,5,BJ Hodge,1,0.8751637859196334
392228,2,5,6,BJ Hodge,1,0.822206503457636
392236,1,0,1,RJ Harris,0,0.008866638488055828
392236,1,0,2,RJ Harris,0,0.012229245460121194
392236,1,0,3,RJ Harris,0,0.01267652306662447
392236,1,0,4,RJ Harris,0,0.011913234718060174
392236,1,0,5,RJ Harris,0,0.016202000100279414
392236,1,0,6,RJ Harris,0,0.01857500989540089
392236,1,1,1,RP Singh,0,0.008204685511182083
392236,1,1,2,RP Singh,0,0.008172019186829846
392236,1,1,3,RP Singh,0,0.010277371739456467
392236,1,1,4,RP Singh,0,0.011289409727452807
392236,1,1,5,RP Singh,0,0.010785588653123259
392236,1,1,6,RP Singh,0,0.012700278845755279
392236,1,2,1,RJ Harris,0,0.012744980431620763
392236,1,2,2,RJ Harris,0,0.008659189023011408
392236,1,2,3,RJ Harris,0,0.10571262044180245
392236,1,2,4,RJ Harris,1,0.42891265542288
392236,1,2,5,RJ Harris,1,0.33338857126885324
392236,1,2,6,RJ Harris,0,0.2798265020262994
392236,1,3,1,RP Singh,0,0.00747832071877655
392236,1,3,2,RP Singh,0,0.004145598072722379
392236,1,3,3,RP Singh,0,0.003784772632544777
392236,1,3,4,RP Singh,0,0.0175360243726543
392236,1,3,5,RP Singh,0,0.22850466357084329
392236,1,3,6,RP Singh,0,0.507568309653224
392236,1,4,1,RJ Harris,1,0.2200195544411559
392236,1,4,2,RJ Harris,1,0.20839042498543592
392236,1,4,3,RJ Harris,0,0.20111652892557777
392236,1,4,4,RJ Harris,0,0.17221899792751
392236,1,4,5,RJ Harris,0,0.1762650950592527
392236,1,4,6,RJ Harris,0,0.14386328635671125
392236,1,5,1,A Symonds,0,0.00029072908735199184
392236,1,5,2,A Symonds,0,0.005045176404970511
392236,1,5,3,A Symonds,0,0.002479816629757149
392236,1,5,4,A Symonds,0,0.0012622182947702018
392236,1,5,5,A Symonds,0,0.0008261197669192123
392236,1,5,6,A Symonds,0,0.002318064199240103
392236,2,0,1,A Kumble,0,0.00017386091542609237
392236,2,0,2,A Kumble,0,0.0001896162773786984
392236,2,0,3,A Kumble,1,0.6529418874146287
392236,2,0,4,A Kumble,1,0.29779575501382166
392236,2,0,5,A Kumble,0,0.08934337891585023
392236,2,0,6,A Kumble,0,0.03350239341462914
392236,2,1,1,JH Kallis,0,0.00016348653630788448
392236,2,1,2,JH Kallis,1,0.9229906925767503
392236,2,1,3,JH Kallis,1,0.8273739978288537
392236,2,1,4,JH Kallis,1,0.7073683294056916
392236,2,1,5,JH Kallis,1,0.565523706625169
392236,2,2,1,P Kumar,0,0.0058715183039080845
392236,2,2,2,P Kumar,0,0.0022411204286812147
392236,2,2,3,P Kumar,0,0.008728505098553198
392236,2,2,4,P Kumar,0,0.004533123025670367
392236,2,2,5,P Kumar,0,0.004410299889990141
392236,2,2,6,P Kumar,0,0.002754116826708197
392236,2,3,1,A Kumble,0,0.014247117928104193
392236,2,3,2,A Kumble,1,0.3056005088837357
392236,2,3,3,A Kumble,1,0.30618097539450634
392236,2,3,4,A Kumble,0,0.18441261333611833
392236,2,3,5,A Kumble,0,0.19944102999046354
392236,2,3,6,A Kumble,0,0.1549536410423954
392236,2,4,1,P Kumar,0,0.3217732746247708
392236,2,4,2,P Kumar,1,0.5615122236714852
392236,2,4,3,P Kumar,1,0.7551584548152522
392236,2,4,4,P Kumar,1,0.67557555423417
392236,2,4,5,P Kumar,1,0.67557555423417
392236,2,4,6,P Kumar,1,0.8303639605493665
392236,2,4,7,P Kumar,1,0.7883182646014396
392236,2,5,1,RE van der Merwe,0,0.006143837580442493
392236,2,5,2,RE van der Merwe,0,0.007206553634955804
392236,2,5,3,RE van der Merwe,0,0.005818182120700484
392236,2,5,4,RE van der Merwe,1,0.7320420531049863
392236,2,5,5,RE van der Merwe,1,0.7827022963748919
392236,2,5,6,RE van der Merwe,1,0.7460112465864261
392236,2,5,7,RE van der Merwe,1,0.8377371345142622
392237,1,0,1,RJ Harris,0,0.00017209247501905658
392237,1,0,2,RJ Harris,0,0.00017943653628340193
392237,1,0,3,RJ Harris,0,0.000182292576482621
392237,1,0,4,RJ Harris,0,0.000182292576482621
392237,1,0,5,RJ Harris,0,0.00020178857107233593
392237,1,0,6,RJ Harris,0,0.00021668070239119376
392237,1,1,1,RP Singh,0,0.00016991547025038367
392237,1,1,2,RP Singh,0,0.007346212153191515
392237,1,1,3,RP Singh,0,0.0037786774257432625
392237,1,1,4,RP Singh,0,0.004692703765365646
392237,1,1,5,RP Singh,0,0.6211805252124263
392237,1,1,6,RP Singh,1,0.8070578044834941
392237,1,2,1,RJ Harris,0,0.00018403888957075495
392237,1,2,2,RJ Harris,0,0.012743171016489824
392237,1,2,3,RJ Harris,0,0.006813365037649059
392237,1,2,4,RJ Harris,0,0.07273509073531655
392237,1,2,5,RJ Harris,0,0.038841460778625804
392237,1,2,6,RJ Harris,0,0.317639257611805
392237,1,3,1,RP Singh,1,0.8733891272073665
392237,1,3,2,RP Singh,1,0.728887915670745
392237,1,3,3,RP Singh,1,0.6389387296567348
392237,1,3,4,RP Singh,1,0.6212140906807152
392237,1,3,5,RP Singh,1,0.6249694121112291
392237,1,3,6,RP Singh,1,0.6007730011611752
392237,1,3,7,RP Singh,1,0.6274055848279175
392237,1,4,1,RJ Harris,0,0.33580523386157646
392237,1,4,2,RJ Harris,0,0.3025463793419821
392237,1,4,3,RJ Harris,0,0.31380572162636305
392237,1,4,4,RJ Harris,0,0.28886625190219306
392237,1,4,5,RJ Harris,0,0.3617038966915899
392237,1,4,6,RJ Harris,0,0.32799874489832015
392237,1,4,7,RJ Harris,0,0.22483239736216176
392237,1,5,1,PP Ojha,0,0.0002929931441053368
392237,1,5,2,PP Ojha,1,0.8641871392063919
392237,1,5,3,PP Ojha,0,0.5045778464190647
392237,1,5,4,PP Ojha,0,0.24504835935878658
392237,1,5,5,PP Ojha,1,0.6510294294785159
392237,1,5,6,PP Ojha,0,0.49573083191615935
392237,2,0,1,DP Nannes,0,0.00024022818611408607
392237,2,0,2,DP Nannes,0,0.005631060748430884
392237,2,0,3,DP Nannes,1,0.9729802703002304
392237,2,0,4,DP Nannes,1,0.9814661489178762
392237,2,0,5,DP Nannes,1,0.9791382436401618
392237,2,0,6,DP Nannes,1,0.9716173180381156
392237,2,0,7,DP Nannes,1,0.9764052088015955
392237,2,1,1,A Nehra,0,0.0007846817679585397
392237,2,1,2,A Nehra,0,0.006309471103264045
392237,2,1,3,A Nehra,0,0.0029978531175581372
392237,2,1,4,A Nehra,0,0.0008427874759190305
392237,2,1,5,A Nehra,0,0.0007299170647097214
392237,2,1,6,A Nehra,0,0.0032662845543995427
392237,2,1,7,A Nehra,0,0.012710535646396027
392237,2,2,1,PJ Sangwan,1,0.9991619368411998
392237,2,2,2,PJ Sangwan,1,0.9989934506209531
392237,2,2,3,PJ Sangwan,1,0.998538214515609
392237,2,2,4,PJ Sangwan,1,0.9643254667971651
392237,2,2,5,PJ Sangwan,1,0.9372209015245829
392237,2,2,6,PJ Sangwan,1,0.94603784712181
392237,2,2,7,PJ Sangwan,1,0.9377273154959282
392237,2,3,1,A Nehra,0,0.004678684202998273
392237,2,3,2,A Nehra,0,0.003926904084508085
392237,2,3,3,A Nehra,0,0.006290207929646963
392237,2,3,4,A Nehra,0,0.02771060249947518
392237,2,3,5,A Nehra,0,0.3792699460289717
392237,2,3,6,A Nehra,0,0.805115338058089
392237,2,3,7,A Nehra,0,0.8084567962344672
392237,2,4,1,TM Dilshan,0,0.0003082469476797678
392237,2,4,2,TM Dilshan,0,0.009677195311131804
392237,2,4,3,TM Dilshan,0,0.003445033463210631
392237,2,4,4,TM Dilshan,0,0.010915782823226113
392237,2,4,5,TM Dilshan,0,0.005302333117900183
392237,2,4,6,TM Dilshan,0,0.01147881229820981
392237,2,5,1,V Sehwag,0,0.00032414405190008054
392237,2,5,2,V Sehwag,1,0.9973805141408101
392237,2,5,3,V Sehwag,1,0.9988878727126513
392237,2,5,4,V Sehwag,1,0.9987747434338992
392237,2,5,5,V Sehwag,1,0.9991546709988848
392237,2,5,6,V Sehwag,1,0.9688377444458742
419110,1,0,1,JA Morkel,0,0.01565821295823953
419110,1,0,2,JA Morkel,0,0.01805145874217986
419110,1,0,3,JA Morkel,0,0.016028192250379596
419110,1,0,4,JA Morkel,0,0.021851861209403724
419110,1,0,5,JA Morkel,0,0.016883636509284258
419110,1,0,6,JA Morkel,0,0.5376324082195397
419110,1,0,7,JA Morkel,0,0.4542033888982497
419110,1,1,1,S Tyagi,0,0.016087608117498285
419110,1,1,2,S Tyagi,0,0.017345207850739813
419110,1,1,3,S Tyagi,0,0.936129071945172
419110,1,1,4,S Tyagi,0,0.9798175160169983
419110,1,1,5,S Tyagi,0,0.9751344377811875
419110,1,1,6,S Tyagi,0,0.9810765892207662
419110,1,2,1,JA Morkel,0,0.370105403243146
419110,1,2,2,JA Morkel,0,0.2828146389446288
419110,1,2,3,JA Morkel,0,0.4290678206968496
419110,1,2,4,JA Morkel,0,0.6277603033070173
419110,1,2,5,JA Morkel,1,0.7963360750367938
419110,1,2,6,JA Morkel,1,0.772513950858663
419110,1,3,1,M Muralitharan,0,0.016467057598595573
419110,1,3,2,M Muralitharan,0,0.018305771971488926
419110,1,3,3,M Muralitharan,0,0.021955021724114
419110,1,3,4,M Muralitharan,0,0.008488331743609212
419110,1,3,5,M Muralitharan,1,0.5664752776358367
419110,1,3,6,M Muralitharan,0,0.45997260050311
419110,1,4,1,R Ashwin,0,0.018641606324179046
419110,1,4,2,R Ashwin,0,0.02071801639052862
419110,1,4,3,R Ashwin,0,0.014945430253845893
419110,1,4,4,R Ashwin,1,0.9335470623315503
419110,1,4,5,R Ashwin,1,0.9520082230561622
419110,1,4,6,R Ashwin,1,0.8785464295090434
419110,1,4,7,R Ashwin,1,0.7538685259067079
419110,1,4,8,R Ashwin,1,0.658772410173858
419110,1,5,1,M Muralitharan,0,0.42587746945836746
419110,1,5,2,M Muralitharan,0,0.32642349235810775
419110,1,5,3,M Muralitharan,0,0.2070093350272252
419110,1,5,4,M Muralitharan,0,0.2895712327967638
419110,1,5,5,M Muralitharan,0,0.19064543962330566
419110,1,5,6,M Muralitharan,0,0.2232548861543269
419110,1,5,7,M Muralitharan,0,0.21041693347426335
419110,2,0,1,WPUJC Vaas,0,0.00025091796687935254
419110,2,0,2,WPUJC Vaas,0,0.010805301605325654
419110,2,0,3,WPUJC Vaas,0,0.026100705480772087
419110,2,0,4,WPUJC Vaas,0,0.053957183404939255
419110,2,0,5,WPUJC Vaas,0,0.03611874365976479
419110,2,0,6,WPUJC Vaas,0,0.03036478927238437
419110,2,1,1,RG Sharma,0,0.0003231342045117184
419110,2,1,2,RG Sharma,0,0.00034849578722241236
419110,2,1,3,RG Sharma,0,0.0003426090478581176
419110,2,1,4,RG Sharma,0,0.008305569935574804
419110,2,1,5,RG Sharma,1,0.48728024340808895
419110,2,1,6,RG Sharma,1,0.38341817280491597
419110,2,2,1,WPUJC Vaas,0,0.024525026349190373
419110,2,2,2,WPUJC Vaas,0,0.017157406399919167
419110,2,2,3,WPUJC Vaas,1,0.23412539124925977
419110,2,2,4,WPUJC Vaas,1,0.28654691130407506
419110,2,2,5,WPUJC Vaas,1,0.24784945910591927
419110,2,2,6,WPUJC Vaas,1,0.39377486709176424
419110,2,3,1,RP Singh,0,0.027107597952761183
419110,2,3,2,RP Singh,0,0.026100924938618906
419110,2,3,3,RP Singh,1,0.9201999488988127
419110,2,3,4,RP Singh,1,0.7930881119485443
419110,2,3,5,RP Singh,0,0.6017896334593917
419110,2,3,6,RP Singh,0,0.5166589160135701
419110,2,4,1,WPUJC Vaas,1,0.5226904533698239
419110,2,4,2,WPUJC Vaas,1,0.5195982067549433
419110,2,4,3,WPUJC Vaas,1,0.40926718445240073
419110,2,4,4,WPUJC Vaas,1,0.313915455280535
419110,2,4,5,WPUJC Vaas,0,0.23725126437776875
419110,2,4,6,WPUJC Vaas,0,0.16989572032194178
419110,2,5,1,PP Ojha,0,0.029080593162635008
419110,2,5,2,PP Ojha,0,0.014207232056983383
419110,2,5,3,PP Ojha,0,0.004991630991333082
419110,2,5,4,PP Ojha,0,0.011149903407710418
419110,2,5,5,PP Ojha,0,0.005662093824495962
419110,2,5,6,PP Ojha,0,0.012566493169544276
419112,1,0,1,P Kumar,0,0.001384425297400016
419112,1,0,2,P Kumar,0,0.001429836927628986
419112,1,0,3,P Kumar,0,0.027075603902563184
419112,1,0,4,P Kumar,0,0.01593486440609636
419112,1,0,5,P Kumar,0,0.010348845416363318
419112,1,0,6,P Kumar,0,0.0012487020100828863
419112,1,1,1,DW Steyn,0,0.045296179114198434
419112,1,1,2,DW Steyn,0,0.0643913840671739
419112,1,1,3,DW Steyn,0,0.08245180478958206
419112,1,1,4,DW Steyn,0,0.059511928336246946
419112,1,1,5,DW Steyn,0,0.1743594416650586
419112,1,1,6,DW Steyn,1,0.43482940164397205
419112,1,1,7,DW Steyn,1,0.4015217792126883
419112,1,2,1,P Kumar,0,0.005687768366824243
419112,1,2,2,P Kumar,0,0.004166079347820516
419112,1,2,3,P Kumar,0,0.002926417256101784
419112,1,2,4,P Kumar,0,0.1036145905735388
419112,1,2,5,P Kumar,0,0.08015569491934833
419112,1,2,6,P Kumar,0,0.11650168799523863
419112,1,2,7,P Kumar,0,0.11586716892534703
419112,1,2,8,P Kumar,0,0.13732411111714496
419112,1,3,1,JH Kallis,0,0.0664307239976044
419112,1,3,2,JH Kallis,0,0.03387712967639616
419112,1,3,3,JH Kallis,1,0.8794775788568527
419112,1,3,4,JH Kallis,1,0.6081987187314273
419112,1,3,5,JH Kallis,1,0.6882458469774919
419112,1,3,6,JH Kallis,0,0.45622903926940706
419112,1,3,7,JH Kallis,0,0.3932237499193882
419112,1,4,1,DW Steyn,0,0.3116263826434164
419112,1,4,2,DW Steyn,0,0.32966228173373513
419112,1,4,3,DW Steyn,0,0.3431174261990205
419112,1,4,4,DW Steyn,0,0.3633533236806779
419112,1,4,5,DW Steyn,1,0.3772720727843319
419112,1,4,6,DW Steyn,1,0.35837523585456094
419112,1,4,7,DW Steyn,0,0.3331406927778655
419112,1,5,1,JH Kallis,1,0.6130697390480975
419112,1,5,2,JH Kallis,1,0.4704100751363802
419112,1,5,3,JH Kallis,1,0.7461484021624062
419112,1,5,4,JH Kallis,1,0.5127977317210131
419112,1,5,5,JH Kallis,1,0.7457660055409433
419112,1,5,6,JH Kallis,1,0.6421025623484555
419112,2,0,1,IK Pathan,0,0.0009194211540897074
419112,2,0,2,IK Pathan,0,0.0009231114528489914
419112,2,0,3,IK Pathan,0,0.008194147498099932
419112,2,0,4,IK Pathan,0,0.00469452553195152
419112,2,0,5,IK Pathan,0,0.003037468119062074
419112,2,0,6,IK Pathan,0,0.09231761935819746
419112,2,1,1,S Sreesanth,0,0.05526972758992273
419112,2,1,2,S Sreesanth,0,0.02809916404476768
419112,2,1,3,S Sreesanth,0,0.029191935499301234
419112,2,1,4,S Sreesanth,0,0.05916787494931976
419112,2,1,5,S Sreesanth,0,0.09199946004733608
419112,2,1,6,S Sreesanth,0,0.09963236624618955
419112,2,1,7,S Sreesanth,0,0.065596395239629
419112,2,2,1,IK Pathan,0,0.26746823888316573
419112,2,2,2,IK Pathan,0,0.2530467588231395
419112,2,2,3,IK Pathan,0,0.4569888848066931
419112,2,2,4,IK Pathan,0,0.315899592961463
419112,2,2,5,IK Pathan,0,0.2703493189658146
419112,2,2,6,IK Pathan,0,0.2530467588231395
419112,2,3,1,S Sreesanth,0,0.05839356418087958
419112,2,3,2,S Sreesanth,0,0.10919766122487574
419112,2,3,3,S Sreesanth,0,0.22256501903966527
419112,2,3,4,S Sreesanth,0,0.14670217259283097
419112,2,3,5,S Sreesanth,0,0.12551159249920016
419112,2,3,6,S Sreesanth,0,0.13140930141196278
419112,2,3,7,S Sreesanth,0,0.14810781920007865
419112,2,3,8,S Sreesanth,0,0.12665119132565594
419112,2,3,9,S Sreesanth,0,0.11962526896573963
419112,2,4,1,YA Abdulla,0,0.0007580305273636174
419112,2,4,2,YA Abdulla,0,0.017509408797093687
419112,2,4,3,YA Abdulla,0,0.6009734175722667
419112,2,4,4,YA Abdulla,0,0.255526277368892
419112,2,4,5,YA Abdulla,1,0.8053771201152408
419112,2,4,6,YA Abdulla,0,0.6648869501335493
419112,2,5,1,IK Pathan,0,0.37097816802665057
419112,2,5,2,IK Pathan,0,0.703855034806742
419112,2,5,3,IK Pathan,0,0.6424437764935255
419112,2,5,4,IK Pathan,0,0.5121603637662415
419112,2,5,5,IK Pathan,0,0.496615129850679
419113,1,0,1,SE Bond,0,0.0002576261199764493
419113,1,0,2,SE Bond,0,0.00027655246153386853
419113,1,0,3,SE Bond,0,0.0038840058447244053
419113,1,0,4,SE Bond,0,0.0024678736246299044
419113,1,0,5,SE Bond,0,0.0017445634091574546
419113,1,0,6,SE Bond,0,0.0005157180617540515
419113,1,1,1,I Sharma,1,0.9994497400144119
419113,1,1,2,I Sharma,1,0.8721109604278173
419113,1,1,3,I Sharma,0,0.458373886371474
419113,1,1,4,I Sharma,1,0.8737803314906932
419113,1,1,5,I Sharma,1,0.6347169127168901
419113,1,1,6,I Sharma,0,0.5645932553319385
419113,1,2,1,SE Bond,0,0.05573130948313903
419113,1,2,2,SE Bond,0,0.07124880799810873
419113,1,2,3,SE Bond,0,0.0625171113971159
419113,1,2,4,SE Bond,0,0.046273120219497824
419113,1,2,5,SE Bond,0,0.041087591932910936
419113,1,2,6,SE Bond,0,0.05078507101638523
419113,1,3,1,I Sharma,0,0.3993527743566757
419113,1,3,2,I Sharma,0,0.2707745282191322
419113,1,3,3,I Sharma,0,0.24893043415253385
419113,1,3,4,I Sharma,0,0.27441724091922093
419113,1,3,5,I Sharma,0,0.20698196884561648
419113,1,3,6,I Sharma,0,0.22831668693477172
419113,1,4,1,AD Mathews,0,0.07656211434776135
419113,1,4,2,AD Mathews,0,0.0907625141466425
419113,1,4,3,AD Mathews,0,0.06754273329944331
419113,1,4,4,AD Mathews,0,0.07765187300490886
419113,1,4,5,AD Mathews,0,0.07113643301929543
419113,1,4,6,AD Mathews,0,0.11805753288491884
419113,1,5,1,LR Shukla,0,0.0005596215879178503
419113,1,5,2,LR Shukla,1,0.8962881039156415
419113,1,5,3,LR Shukla,0,0.5606806678058561
419113,1,5,4,LR Shukla,0,0.332548995600303
419113,1,5,5,LR Shukla,0,0.3350790113259697
419113,1,5,6,LR Shukla,0,0.6415007545417175
419113,2,0,1,JA Morkel,0,0.0002767589187584918
419113,2,0,2,JA Morkel,0,0.0003241971179309807
419113,2,0,3,JA Morkel,0,0.00032935651203315605
419113,2,0,4,JA Morkel,0,0.00032935651203315605
419113,2,0,5,JA Morkel,0,0.00032935651203315605
419113,2,0,6,JA Morkel,0,0.0003144343800118331
419113,2,1,1,MS Gony,1,0.9994892849344867
419113,2,1,2,MS Gony,1,0.9994295780747332
419113,2,1,3,MS Gony,1,0.9824283416419705
419113,2,1,4,MS Gony,1,0.9190701460952734
419113,2,1,5,MS Gony,1,0.8722767693349541
419113,2,1,6,MS Gony,0,0.7836065373532592
419113,2,2,1,JA Morkel,0,0.0002652814049434795
419113,2,2,2,JA Morkel,0,0.0002652814049434795
419113,2,2,3,JA Morkel,0,0.0002652814049434795
419113,2,2,4,JA Morkel,0,0.0006667243714364701
419113,2,2,5,JA Morkel,1,0.10289645915016712
419113,2,2,6,JA Morkel,1,0.06487687103204347
419113,2,3,1,MS Gony,1,0.9018071454877257
419113,2,3,2,MS Gony,1,0.9401265043057503
419113,2,3,3,MS Gony,1,0.9011179105341691
419113,2,3,4,MS Gony,0,0.8091329798627356
419113,2,3,5,MS Gony,0,0.7436169105361087
419113,2,3,6,MS Gony,1,0.8579853004254645
419113,2,4,1,L Balaji,0,0.00036977486539589146
419113,2,4,2,L Balaji,0,0.0003827214335204672
419113,2,4,3,L Balaji,0,0.0004282918846096883
419113,2,4,4,L Balaji,0,0.005486872703216639
419113,2,4,5,L Balaji,1,0.4096394360586259
419113,2,4,6,L Balaji,1,0.35645212493795775
419113,2,5,1,MS Gony,0,0.8083755303972147
419113,2,5,2,MS Gony,0,0.7657781528046981
419113,2,5,3,MS Gony,0,0.7604680686125506
419113,2,5,4,MS Gony,0,0.846374915228128
419113,2,5,5,MS Gony,0,0.8487315624844987
419121,1,0,1,JA Morkel,0,0.04949689391149014
419121,1,0,2,JA Morkel,0,0.05328308863048509
419121,1,0,3,JA Morkel,0,0.03822222946359538
419121,1,0,4,JA Morkel,0,0.01403772446816967
419121,1,0,5,JA Morkel,0,0.006649290470414532
419121,1,0,6,JA Morkel,0,0.004180253889623441
419121,1,1,1,MS Gony,1,0.9994841165350217
419121,1,1,2,MS Gony,1,0.9994369180598233
419121,1,1,3,MS Gony,1,0.9846035287934909
419121,1,1,4,MS Gony,1,0.9645980677028576
419121,1,1,5,MS Gony,1,0.9034051560568332
419121,1,1,6,MS Gony,1,0.7844753410362442
419121,1,2,1,JA Morkel,0,0.0034709039822383783
419121,1,2,2,JA Morkel,0,0.1346274188362777
419121,1,2,3,JA Morkel,0,0.13645649918862113
419121,1,2,4,JA Morkel,0,0.15175727998055877
419121,1,2,5,JA Morkel,0,0.10947347187341266
419121,1,2,6,JA Morkel,0,0.1011565696864758
419121,1,3,1,R Ashwin,0,0.02329291187189738
419121,1,3,2,R Ashwin,0,0.047478876058949175
419121,1,3,3,R Ashwin,0,0.05493376963099563
419121,1,3,4,R Ashwin,0,0.037165538468047814
419121,1,3,5,R Ashwin,0,0.03265062875024531
419121,1,3,6,R Ashwin,0,0.017892531907321714
419121,1,4,1,MS Gony,1,0.8992992949174321
419121,1,4,2,MS Gony,1,0.7808260238764375
419121,1,4,3,MS Gony,1,0.8941712144747866
419121,1,4,4,MS Gony,1,0.7945473114804866
419121,1,4,5,MS Gony,1,0.7702144092011488
419121,1,5,1,L Balaji,0,0.00036019129159953835
419121,1,5,2,L Balaji,0,0.0003900600515562444
419121,1,5,3,L Balaji,0,0.007479596802196621
419121,1,5,4,L Balaji,1,0.615550575854396
419121,1,5,5,L Balaji,1,0.5918259706814493
419121,1,5,6,L Balaji,1,0.5573586731698127
419121,2,0,1,IK Pathan,0,0.000734790704127122
419121,2,0,2,IK Pathan,0,0.01025678365069346
419121,2,0,3,IK Pathan,0,0.002155859548541542
419121,2,0,4,IK Pathan,0,0.008231991003698933
419121,2,0,5,IK Pathan,0,0.004998388561127549
419121,2,0,6,IK Pathan,0,0.002032006699032369
419121,2,0,7,IK Pathan,0,0.16124335924116115
419121,2,1,1,RR Powar,0,0.0002353017647072919
419121,2,1,2,RR Powar,0,0.000251908269489261
419121,2,1,3,RR Powar,0,0.0002476526680117503
419121,2,1,4,RR Powar,0,0.0015707661454213123
419121,2,1,5,RR Powar,0,0.004812763045501356
419121,2,1,6,RR Powar,0,0.0022622137213064338
419121,2,1,7,RR Powar,0,0.001190510844570452
419121,2,2,1,SJ Srivastava,1,0.9995776767294955
419121,2,2,2,SJ Srivastava,1,0.9244882800375138
419121,2,2,3,SJ Srivastava,1,0.7325373477898718
419121,2,2,4,SJ Srivastava,1,0.5697273596794239
419121,2,2,5,SJ Srivastava,0,0.30752798816709603
419121,2,2,6,SJ Srivastava,0,0.19228407962882166
419121,2,3,1,RR Powar,0,0.0008127670166992787
419121,2,3,2,RR Powar,1,0.11508769802293432
419121,2,3,3,RR Powar,1,0.31330797524879084
419121,2,3,4,RR Powar,1,0.22213656529958836
419121,2,3,5,RR Powar,1,0.16307353179832804
419121,2,3,6,RR Powar,1,0.16101684601446853
419121,2,4,1,SJ Srivastava,0,0.13419589912614321
419121,2,4,2,SJ Srivastava,0,0.1576548122595878
419121,2,4,3,SJ Srivastava,0,0.3166510304354888
419121,2,4,4,SJ Srivastava,1,0.3626197076869689
419121,2,4,5,SJ Srivastava,1,0.33379792371080336
419121,2,4,6,SJ Srivastava,0,0.3115607617895925
419121,2,4,7,SJ Srivastava,0,0.297795372171015
419121,2,5,1,J Theron,1,0.9995754393490087
419121,2,5,2,J Theron,1,0.9995779354195329
419121,2,5,3,J Theron,1,0.9652345404279151
419121,2,5,4,J Theron,1,0.7500443341612005
419121,2,5,5,J Theron,1,0.37630274153077253
419121,2,5,6,J Theron,1,0.28680861532569923
419121,2,5,7,J Theron,1,0.20035756840958566
419121,3,0,1,J Theron,0,0.022151187802719987
419121,3,0,2,J Theron,0,0.005686827835093383
419121,3,0,3,J Theron,0,0.02807702468440456
419121,3,0,4,J Theron,1,0.7603623787351135
419121,4,0,1,M Muralitharan,1,0.9988752493549261
419121,4,0,2,M Muralitharan,1,0.9852730281770116
419121,4,0,3,M Muralitharan,0,0.8869716056992516
419125,1,0,1,R McLaren,0,0.03173518289456516
419125,1,0,2,R McLaren,0,0.02282024907557187
419125,1,0,3,R McLaren,0,0.03215347012884606
419125,1,0,4,R McLaren,0,0.031685034371069225
419125,1,0,5,R McLaren,0,0.019770826218865677
419125,1,0,6,R McLaren,0,0.04265117816926165
419125,1,0,7,R McLaren,0,0.02598033004250324
419125,1,1,1,Z Khan,0,0.001282800591960416
419125,1,1,2,Z Khan,0,0.019239767351094155
419125,1,1,3,Z Khan,1,0.9260178734484668
419125,1,1,4,Z Khan,1,0.9860715213428342
419125,1,1,5,Z Khan,1,0.986256977827097
419125,1,1,6,Z Khan,1,0.9824857502596277
419125,1,1,7,Z Khan,1,0.9699155615353413
419125,1,2,1,R McLaren,0,0.0139530362344282
419125,1,2,2,R McLaren,0,0.012973321903637699
419125,1,2,3,R McLaren,0,0.014533551369445175
419125,1,2,4,R McLaren,0,0.013806102923508597
419125,1,2,5,R McLaren,0,0.015114716891190495
419125,1,2,6,R McLaren,0,0.020552911061992078
419125,1,2,7,R McLaren,1,0.11449979217624734
419125,1,3,1,Harbhajan Singh,0,0.0008498689084424282
419125,1,3,2,Harbhajan Singh,0,0.013934673877174147
419125,1,3,3,Harbhajan Singh,0,0.0020995447750128213
419125,1,3,4,Harbhajan Singh,0,0.0010056143376681677
419125,1,3,5,Harbhajan Singh,0,0.013166717002724555
419125,1,3,6,Harbhajan Singh,0,0.011023229980983821
419125,1,3,7,Harbhajan Singh,0,0.024198856333870245
419125,1,4,1,R McLaren,0,0.056213594687885254
419125,1,4,2,R McLaren,0,0.04043936046247222
419125,1,4,3,R McLaren,0,0.0386585388291309
419125,1,4,4,R McLaren,0,0.03665076637793218
419125,1,4,5,R McLaren,0,0.03728913285686636
419125,1,4,6,R McLaren,0,0.03394300510428268
419125,1,5,1,DJ Bravo,1,0.9995651466903991
419125,1,5,2,DJ Bravo,1,0.999610980539633
419125,1,5,3,DJ Bravo,1,0.9902698487076214
419125,1,5,4,DJ Bravo,1,0.9729352564393842
419125,1,5,5,DJ Bravo,1,0.8530796717762225
419125,1,5,6,DJ Bravo,1,0.8190938636307424
419125,2,0,1,JA Morkel,0,0.000377241766416191
419125,2,0,2,JA Morkel,0,0.006186698592632719
419125,2,0,3,JA Morkel,0,0.0020305053746020006
419125,2,0,4,JA Morkel,0,0.0019382985180002046
419125,2,0,5,JA Morkel,0,0.16879989853036706
419125,2,0,6,JA Morkel,0,0.10318074119415281
419125,2,1,1,L Balaji,0,0.01370891009828504
419125,2,1,2,L Balaji,0,0.005096909552669698
419125,2,1,3,L Balaji,0,0.6357319667102245
419125,2,1,4,L Balaji,1,0.876261304010831
419125,2,1,5,L Balaji,1,0.7652301051536917
419125,2,1,6,L Balaji,0,0.387278665816073
419125,2,1,7,L Balaji,0,0.3334339084942986
419125,2,2,1,JA Morkel,0,0.1280866254609983
419125,2,2,2,JA Morkel,1,0.15171982729155103
419125,2,2,3,JA Morkel,0,0.12779073929927295
419125,2,2,4,JA Morkel,0,0.11605358401480957
419125,2,2,5,JA Morkel,0,0.08587766917201789
419125,2,2,6,JA Morkel,0,0.11733600341636155
419125,2,2,7,JA Morkel,0,0.1272352989323876
419125,2,2,8,JA Morkel,0,0.1280324649350183
419125,2,3,1,L Balaji,0,0.29748861531236354
419125,2,3,2,L Balaji,0,0.30539143275953345
419125,2,3,3,L Balaji,0,0.23421825526724385
419125,2,3,4,L Balaji,0,0.19849839119052085
419125,2,3,5,L Balaji,0,0.44369807171653586
419125,2,3,6,L Balaji,0,0.44369807171653586
419125,2,4,1,Joginder Sharma,0,0.029513327724641873
419125,2,4,2,Joginder Sharma,1,0.9087009241129691
419125,2,4,3,Joginder Sharma,0,0.6482214534053582
419125,2,4,4,Joginder Sharma,1,0.9853051319648787
419125,2,4,5,Joginder Sharma,1,0.9842708042545273
419125,2,4,6,Joginder Sharma,1,0.9866223945827425
419125,2,4,7,Joginder Sharma,1,0.9590575111532718
419125,2,4,8,Joginder Sharma,1,0.9064896700382808
419125,2,5,1,L Balaji,0,0.3199809351719872
419125,2,5,2,L Balaji,0,0.3108748985994267
419125,2,5,3,L Balaji,0,0.3031812044321309
419125,2,5,4,L Balaji,0,0.522695490990148
419125,2,5,5,L Balaji,0,0.5643240429839943
419125,2,5,6,L Balaji,0,0.5779570963159095
419134,1,0,1,YK Pathan,0,0.000331568557592947
419134,1,0,2,YK Pathan,0,0.006637834096754677
419134,1,0,3,YK Pathan,0,0.0024099354462547985
419134,1,0,4,YK Pathan,1,0.7768667967760761
419134,1,0,5,YK Pathan,1,0.9193036688543846
419134,1,0,6,YK Pathan,1,0.8188041578692785
419134,1,1,1,S Narwal,0,0.0004510657449198677
419134,1,1,2,S Narwal,0,0.009197831833490022
419134,1,1,3,S Narwal,0,0.013624787408731203
419134,1,1,4,S Narwal,0,0.010133527201486383
419134,1,1,5,S Narwal,0,0.004875923630385973
419134,1,1,6,S Narwal,0,0.0265756870728237
419134,1,2,1,AC Voges,0,0.00035069670012738706
419134,1,2,2,AC Voges,1,0.9270721742909046
419134,1,2,3,AC Voges,1,0.9676999067598381
419134,1,2,4,AC Voges,1,0.7721079747002947
419134,1,2,5,AC Voges,1,0.9448495289166327
419134,1,2,6,AC Voges,1,0.8265071074627415
419134,1,3,1,S Narwal,0,0.016939875145134387
419134,1,3,2,S Narwal,0,0.01683607243636765
419134,1,3,3,S Narwal,0,0.03790723911017598
419134,1,3,4,S Narwal,0,0.15851081163740582
419134,1,3,5,S Narwal,0,0.1471137208153993
419134,1,3,6,S Narwal,0,0.13849867840113192
419134,1,3,7,S Narwal,0,0.1471137208153993
419134,1,4,1,SW Tait,1,0.9995505526293602
419134,1,4,2,SW Tait,1,0.9838070633000365
419134,1,4,3,SW Tait,1,0.9229250894125786
419134,1,4,4,SW Tait,0,0.7455965411563038
419134,1,4,5,SW Tait,0,0.9090689436836349
419134,1,4,6,SW Tait,0,0.8533988776379621
419134,1,5,1,S Narwal,0,0.3017502597077058
419134,1,5,2,S Narwal,0,0.28342745974238975
419134,1,5,3,S Narwal,0,0.2888503944256118
419134,1,5,4,S Narwal,0,0.484450836550216
419134,1,5,5,S Narwal,0,0.5308038332475984
419134,1,5,6,S Narwal,0,0.38341971133402036
419134,2,0,1,MF Maharoof,0,0.0002992302932748305
419134,2,0,2,MF Maharoof,0,0.00023274037346117054
419134,2,0,3,MF Maharoof,0,0.0017968984484737008
419134,2,0,4,MF Maharoof,0,0.0014680758300972367
419134,2,0,5,MF Maharoof,0,0.0013889561769361999
419134,2,0,6,MF Maharoof,0,0.00044475297128460827
419134,2,1,1,AB McDonald,0,0.015932731072851685
419134,2,1,2,AB McDonald,0,0.006879454901476196
419134,2,1,3,AB McDonald,0,0.011236075044444795
419134,2,1,4,AB McDonald,1,0.6638816428102988
419134,2,1,5,AB McDonald,1,0.6157795230457203
419134,2,1,6,AB McDonald,1,0.5810518104437046
419134,2,2,1,MF Maharoof,0,0.0003715205200247349
419134,2,2,2,MF Maharoof,0,0.0002837362458711613
419134,2,2,3,MF Maharoof,0,0.0002653624480400378
419134,2,2,4,MF Maharoof,0,0.07337559473524691
419134,2,2,5,MF Maharoof,1,0.20539579248102208
419134,2,2,6,MF Maharoof,1,0.1394845017401429
419134,2,3,1,A Mishra,0,0.015108058077890438
419134,2,3,2,A Mishra,1,0.9473404962509254
419134,2,3,3,A Mishra,1,0.9760917262782418
419134,2,3,4,A Mishra,1,0.886187714027372
419134,2,3,5,A Mishra,1,0.8075890255689353
419134,2,3,6,A Mishra,1,0.8158307856589639
419134,2,3,7,A Mishra,1,0.6947194805395781
419134,2,4,1,MF Maharoof,1,0.3298538492109401
419134,2,4,2,MF Maharoof,1,0.3042179592713504
419134,2,4,3,MF Maharoof,1,0.16496261294907807
419134,2,4,4,MF Maharoof,1,0.23981058717200315
419134,2,4,5,MF Maharoof,1,0.1656426670178672
419134,2,5,1,UT Yadav,0,0.02578762064377775
419134,2,5,2,UT Yadav,1,0.9413878649525645
419134,2,5,3,UT Yadav,1,0.7251516783087488
419134,2,5,4,UT Yadav,1,0.46290630207151495
419134,2,5,5,UT Yadav,0,0.24745824280851478
419134,2,5,6,UT Yadav,0,0.29566703944466816
419137,1,0,1,YK Pathan,0,0.020000432050914053
419137,1,0,2,YK Pathan,0,0.02157212556896593
419137,1,0,3,YK Pathan,1,0.7565255964494095
419137,1,0,4,YK Pathan,0,0.5074651618784044
419137,1,0,5,YK Pathan,0,0.3505315472184368
419137,1,0,6,YK Pathan,0,0.3327096675378984
419137,1,1,1,S Narwal,0,0.021305106672977227
419137,1,1,2,S Narwal,0,0.004303297117218516
419137,1,1,3,S Narwal,0,0.0018948687709230035
419137,1,1,4,S Narwal,0,0.5381008379938397
419137,1,1,5,S Narwal,0,0.7854050460086192
419137,1,1,6,S Narwal,0,0.9405669135281657
419137,1,2,1,YK Pathan,0,0.22635575277228995
419137,1,2,2,YK Pathan,0,0.22333805393652437
419137,1,2,3,YK Pathan,0,0.20838501622791475
419137,1,2,4,YK Pathan,0,0.44399743237893596
419137,1,2,5,YK Pathan,0,0.3890462395751477
419137,1,2,6,YK Pathan,0,0.3787295664089253
419137,1,3,1,SW Tait,0,0.00027384332697622806
419137,1,3,2,SW Tait,0,0.004610264875058109
419137,1,3,3,SW Tait,0,0.0018768181722966172
419137,1,3,4,SW Tait,0,0.001508783362618764
419137,1,3,5,SW Tait,0,0.3194818334210092
419137,1,3,6,SW Tait,0,0.3205513072627072
419137,1,4,1,SR Watson,0,0.00027292936003992305
419137,1,4,2,SR Watson,1,0.9225364812851867
419137,1,4,3,SR Watson,1,0.8434398190354924
419137,1,4,4,SR Watson,1,0.9839676525890712
419137,1,4,5,SR Watson,1,0.9064074709191109
419137,1,4,6,SR Watson,1,0.8347373358935677
419137,1,5,1,SB Wagh,0,0.0002857417314592302
419137,1,5,2,SB Wagh,0,0.9188089509418096
419137,1,5,3,SB Wagh,1,0.9825845010904755
419137,1,5,4,SB Wagh,1,0.9912098202099809
419137,1,5,5,SB Wagh,0,0.9530484601847057
419137,2,0,1,JA Morkel,0,0.00020423518428976732
419137,2,0,2,JA Morkel,0,0.8996582680588462
419137,2,0,3,JA Morkel,0,0.8153604364616702
419137,2,0,4,JA Morkel,1,0.9369930618590716
419137,2,0,5,JA Morkel,0,0.8117259057995765
419137,2,0,6,JA Morkel,1,0.9159074136502123
419137,2,1,1,DE Bollinger,0,0.0002369586093469141
419137,2,1,2,DE Bollinger,0,0.0002536820168512831
419137,2,1,3,DE Bollinger,0,0.0002570532410684318
419137,2,1,4,DE Bollinger,0,0.0022037421044831464
419137,2,1,5,DE Bollinger,0,0.0015054261170497152
419137,2,1,6,DE Bollinger,0,0.0004298398749922293
419137,2,2,1,S Tyagi,0,0.0008005865506114486
419137,2,2,2,S Tyagi,0,0.017925651757800556
419137,2,2,3,S Tyagi,0,0.002587886502334892
419137,2,2,4,S Tyagi,0,0.000818482336489774
419137,2,2,5,S Tyagi,0,0.0007269417843635349
419137,2,2,6,S Tyagi,0,0.3295665539513335
419137,2,2,7,S Tyagi,0,0.4186954962344172
419137,2,3,1,DE Bollinger,0,0.0026356889227196604
419137,2,3,2,DE Bollinger,0,0.0020369796003799393
419137,2,3,3,DE Bollinger,0,0.0014148449152071516
419137,2,3,4,DE Bollinger,0,0.0014148449152071516
419137,2,3,5,DE Bollinger,0,0.0030464674872744215
419137,2,3,6,DE Bollinger,0,0.0025283973872629187
419137,2,4,1,S Tyagi,0,0.5697071309327446
419137,2,4,2,S Tyagi,0,0.5311773401571244
419137,2,4,3,S Tyagi,1,0.7937984582083745
419137,2,4,4,S Tyagi,1,0.6408391205985385
419137,2,4,5,S Tyagi,0,0.592516149001718
419137,2,4,6,S Tyagi,1,0.7956327929809072
419137,2,5,1,JA Morkel,1,0.9443469262305348
419137,2,5,2,JA Morkel,1,0.9279515412244047
419137,2,5,3,JA Morkel,0,0.8935404415021888
419137,2,5,4,JA Morkel,1,0.9311830342547597
419137,2,5,5,JA Morkel,1,0.9357564840879545
419137,2,5,6,JA Morkel,1,0.9221276754460043
419141,1,0,1,RJ Harris,0,0.00033883412862116124
419141,1,0,2,RJ Harris,0,0.0003624830003339151
419141,1,0,3,RJ Harris,0,0.00036825146583099904
419141,1,0,4,RJ Harris,0,0.00036825146583099904
419141,1,0,5,RJ Harris,0,0.00036825146583099904
419141,1,0,6,RJ Harris,0,0.5163881641032407
419141,1,1,1,DR Smith,0,0.023689405823218178
419141,1,1,2,DR Smith,1,0.9635975857562163
419141,1,1,3,DR Smith,1,0.9912237867193464
419141,1,1,4,DR Smith,1,0.9628691657139212
419141,1,1,5,DR Smith,1,0.9168376614849438
419141,1,1,6,DR Smith,1,0.8457573126027291
419141,1,2,1,RP Singh,0,0.0012697093530564232
419141,1,2,2,RP Singh,0,0.021405645105527192
419141,1,2,3,RP Singh,0,0.004885232800898797
419141,1,2,4,RP Singh,0,0.0009545552254191647
419141,1,2,5,RP Singh,0,0.0006924941684169452
419141,1,2,6,RP Singh,0,0.003937425005152567
419141,1,2,7,RP Singh,0,0.0015908420673626754
419141,1,3,1,Harmeet Singh,0,0.023667194808730717
419141,1,3,2,Harmeet Singh,0,0.012700285010092509
419141,1,3,3,Harmeet Singh,1,0.831682512892132
419141,1,3,4,Harmeet Singh,1,0.6955074995233324
419141,1,3,5,Harmeet Singh,1,0.6956635838051314
419141,1,3,6,Harmeet Singh,1,0.8932163770921613
419141,1,4,1,RP Singh,0,0.001565021760497352
419141,1,4,2,RP Singh,0,0.023639536361058457
419141,1,4,3,RP Singh,0,0.05411749515201337
419141,1,4,4,RP Singh,0,0.038977741419907196
419141,1,4,5,RP Singh,0,0.020969750284843422
419141,1,4,6,RP Singh,0,0.019947967722787407
419141,1,5,1,A Symonds,0,0.017282293711980163
419141,1,5,2,A Symonds,0,0.02345489667135752
419141,1,5,3,A Symonds,0,0.04178262447104802
419141,1,5,4,A Symonds,0,0.06505744961451741
419141,1,5,5,A Symonds,1,0.7153663447940619
419141,1,5,6,A Symonds,1,0.811885528736554
419141,2,0,1,YK Pathan,0,0.00035555508820339
419141,2,0,2,YK Pathan,0,0.0003770004798996781
419141,2,0,3,YK Pathan,0,0.0003829998844876731
419141,2,0,4,YK Pathan,0,0.0003829998844876731
419141,2,0,5,YK Pathan,0,0.0024015014608730315
419141,2,0,6,YK Pathan,1,0.007198192107052811
419141,2,1,1,SR Watson,0,0.002214183543612894
419141,2,1,2,SR Watson,0,0.002652257909574145
419141,2,1,3,SR Watson,0,0.009048165305942265
419141,2,1,4,SR Watson,0,0.029383086777004706
419141,2,1,5,SR Watson,0,0.029383086777004706
419141,2,1,6,SR Watson,0,0.039573947981635875
419141,2,1,7,SR Watson,1,0.9227682374114191
419141,2,1,8,SR Watson,0,0.8746752509537723
419141,2,1,9,SR Watson,1,0.9369344594980407
419141,2,1,10,SR Watson,1,0.9759247912089812
419141,2,2,1,AP Dole,0,0.0006530124874317297
419141,2,2,2,AP Dole,1,0.8662961975210429
419141,2,2,3,AP Dole,0,0.6901903724809625
419141,2,2,4,AP Dole,0,0.6752486060506799
419141,2,2,5,AP Dole,0,0.5740543099476669
419141,2,2,6,AP Dole,0,0.735121649434725
419141,2,3,1,YK Pathan,1,0.008731331170210027
419141,2,3,2,YK Pathan,1,0.00671633884313247
419141,2,3,3,YK Pathan,0,0.0036214899672999987
419141,2,3,4,YK Pathan,0,0.0036214899672999987
419141,2,3,5,YK Pathan,1,0.010421008779801294
419141,2,4,1,AP Dole,0,0.5296692113971642
419141,2,4,2,AP Dole,0,0.746723877569125
419141,2,4,3,AP Dole,1,0.8488331664281202
419141,2,4,4,AP Dole,1,0.8896226728875104
419141,2,4,5,AP Dole,1,0.8892343901952943
419141,2,4,6,AP Dole,1,0.8918481205223789
419141,2,4,7,AP Dole,1,0.8829178416477692
419141,2,5,1,M Morkel,1,0.9994679326518531
419141,2,5,2,M Morkel,1,0.8539457047016628
419141,2,5,3,M Morkel,1,0.6978159784053771
419141,2,5,4,M Morkel,0,0.5607792313424066
419141,2,5,5,M Morkel,0,0.3587625548798691
419141,2,5,6,M Morkel,0,0.19416442587745858
419142,1,0,1,R McLaren,0,0.00034400751057587966
419142,1,0,2,R McLaren,0,0.00036419119751650715
419142,1,0,3,R McLaren,0,0.00036760744209929445
419142,1,0,4,R McLaren,0,0.012211155128043813
419142,1,0,5,R McLaren,0,0.27808183972342043
419142,1,0,6,R McLaren,0,0.19632634554751802
419142,1,1,1,Harbhajan Singh,0,0.0003818769129924539
419142,1,1,2,Harbhajan Singh,0,0.015344637589884125
419142,1,1,3,Harbhajan Singh,0,0.004424128111709921
419142,1,1,4,Harbhajan Singh,0,0.0030000211316520368
419142,1,1,5,Harbhajan Singh,0,0.00600490886786343
419142,1,1,6,Harbhajan Singh,1,0.1947616778217332
419142,1,2,1,SL Malinga,1,0.9995073493307393
419142,1,2,2,SL Malinga,1,0.9184404720850289
419142,1,2,3,SL Malinga,1,0.7390887455583088
419142,1,2,4,SL Malinga,0,0.4459964354816004
419142,1,2,5,SL Malinga,0,0.20108639061223746
419142,1,2,6,SL Malinga,1,0.5522173624409767
419142,1,2,7,SL Malinga,1,0.5506376017326732
419142,1,3,1,Harbhajan Singh,1,0.18472811786960516
419142,1,3,2,Harbhajan Singh,0,0.1246652005079953
419142,1,3,3,Harbhajan Singh,0,0.04041978134888099
419142,1,3,4,Harbhajan Singh,0,0.05087856628980906
419142,1,3,5,Harbhajan Singh,0,0.03630370871476661
419142,1,3,6,Harbhajan Singh,0,0.08541754916341229
419142,1,3,7,Harbhajan Singh,0,0.05530268670038778
419142,1,4,1,SL Malinga,0,0.36662313750700837
419142,1,4,2,SL Malinga,0,0.3262926972678195
419142,1,4,3,SL Malinga,0,0.26367949685887454
419142,1,4,4,SL Malinga,1,0.5073811704339297
419142,1,4,5,SL Malinga,1,0.5132105541751417
419142,1,4,6,SL Malinga,1,0.4635400595449426
419142,1,5,1,Harbhajan Singh,0,0.08989993685635411
419142,1,5,2,Harbhajan Singh,0,0.15450319589419317
419142,1,5,3,Harbhajan Singh,1,0.1933651073035822
419142,1,5,4,Harbhajan Singh,0,0.14306063856921866
419142,1,5,5,Harbhajan Singh,0,0.14374015154287076
419142,1,5,6,Harbhajan Singh,0,0.11410944585033675
419142,2,0,1,S Tyagi,0,0.07482882459038144
419142,2,0,2,S Tyagi,0,0.02292855749303087
419142,2,0,3,S Tyagi,0,0.005664268420764761
419142,2,0,4,S Tyagi,0,0.022405371473401006
419142,2,0,5,S Tyagi,0,0.05408595820625274
419142,2,0,6,S Tyagi,1,0.3251730213652396
419142,2,1,1,DE Bollinger,0,0.0004039077967242545
419142,2,1,2,DE Bollinger,0,0.0004299860394111858
419142,2,1,3,DE Bollinger,0,0.45434088276926465
419142,2,1,4,DE Bollinger,1,0.8718388939447973
419142,2,1,5,DE Bollinger,0,0.5845304793997845
419142,2,1,6,DE Bollinger,0,0.5384152333244135
419142,2,2,1,S Tyagi,1,0.2836530263018951
419142,2,2,2,S Tyagi,1,0.506313700095984
419142,2,2,3,S Tyagi,1,0.4136684634792158
419142,2,2,4,S Tyagi,1,0.41346339180973507
419142,2,2,5,S Tyagi,1,0.3933135305455658
419142,2,2,6,S Tyagi,1,0.3863265894789755
419142,2,3,1,R Ashwin,0,0.0013412326688984565
419142,2,3,2,R Ashwin,0,0.04012577450077327
419142,2,3,3,R Ashwin,0,0.013512090448381982
419142,2,3,4,R Ashwin,0,0.03991117753341511
419142,2,3,5,R Ashwin,0,0.05808902667451887
419142,2,3,6,R Ashwin,1,0.5990952210081221
419142,2,3,7,R Ashwin,1,0.5209933359845468
419142,2,3,8,R Ashwin,1,0.4296575855706194
419142,2,4,1,DE Bollinger,0,0.43448010273359705
419142,2,4,2,DE Bollinger,0,0.4120416993170798
419142,2,4,3,DE Bollinger,0,0.34094782188782763
419142,2,4,4,DE Bollinger,0,0.5341593269365623
419142,2,4,5,DE Bollinger,0,0.44454290454502843
419142,2,4,6,DE Bollinger,0,0.4516926479358598
419142,2,5,1,R Ashwin,1,0.3496613873466006
419142,2,5,2,R Ashwin,1,0.3864053977166654
419142,2,5,3,R Ashwin,1,0.4434326636094571
419142,2,5,4,R Ashwin,1,0.5055764529830051
419142,2,5,5,R Ashwin,1,0.4480761103726967
419142,2,5,6,R Ashwin,1,0.46266623706366805
419143,1,0,1,AP Dole,0,0.00023844801788236818
419143,1,0,2,AP Dole,1,0.9069342142780543
419143,1,0,3,AP Dole,1,0.7416341565417026
419143,1,0,4,AP Dole,1,0.8595187147932449
419143,1,0,5,AP Dole,1,0.700906668950299
419143,1,0,6,AP Dole,1,0.7690449976923158
419143,1,0,7,AP Dole,1,0.9129143635737386
419143,1,0,8,AP Dole,1,0.8907612660232858
419143,1,1,1,SR Watson,1,0.9987920992023285
419143,1,1,2,SR Watson,1,0.9069342142780543
419143,1,1,3,SR Watson,1,0.8595187147932449
419143,1,1,4,SR Watson,1,0.9529621998673173
419143,1,1,5,SR Watson,1,0.8666372435686176
419143,1,1,6,SR Watson,1,0.7275397322999843
419143,1,2,1,YK Pathan,0,0.0003178129776036564
419143,1,2,2,YK Pathan,1,0.9138209031152543
419143,1,2,3,YK Pathan,1,0.5616333106160978
419143,1,2,4,YK Pathan,1,0.46435033634024436
419143,1,2,5,YK Pathan,0,0.28061092513326763
419143,1,2,6,YK Pathan,0,0.22390142340535535
419143,1,3,1,SR Watson,1,0.5063779925274653
419143,1,3,2,SR Watson,1,0.3870579741506595
419143,1,3,3,SR Watson,1,0.2895091679485386
419143,1,3,4,SR Watson,1,0.2569056529266151
419143,1,3,5,SR Watson,1,0.26426076106226487
419143,1,3,6,SR Watson,1,0.2997112201223517
419143,1,4,1,AP Dole,1,0.937137266583046
419143,1,4,2,AP Dole,1,0.945451201318616
419143,1,4,3,AP Dole,1,0.9253951555829824
419143,1,4,4,AP Dole,1,0.8769392167517538
419143,1,4,5,AP Dole,1,0.8713878136591845
419143,1,4,6,AP Dole,1,0.8050144094969778
419143,1,5,1,YK Pathan,0,0.3855775990956342
419143,1,5,2,YK Pathan,1,0.24144802794682615
419143,1,5,3,YK Pathan,1,0.24144802794682615
419143,1,5,4,YK Pathan,0,0.17494846923959165
419143,1,5,5,YK Pathan,1,0.4572328026203307
419143,1,5,6,YK Pathan,1,0.4441270446107301
419143,1,5,7,YK Pathan,1,0.41649913973514024
419143,2,0,1,S Sreesanth,0,0.0002460345536803129
419143,2,0,2,S Sreesanth,0,0.008328282439643713
419143,2,0,3,S Sreesanth,1,0.9461029198164067
419143,2,0,4,S Sreesanth,0,0.6947101988722685
419143,2,0,5,S Sreesanth,0,0.26958879228567967
419143,2,0,6,S Sreesanth,0,0.7789446311715408
419143,2,0,7,S Sreesanth,0,0.5420954128467631
419143,2,1,1,RR Powar,0,0.01003111735074529
419143,2,1,2,RR Powar,0,0.010567277609932308
419143,2,1,3,RR Powar,1,0.6980344125230873
419143,2,1,4,RR Powar,0,0.2987340077452025
419143,2,1,5,RR Powar,0,0.164723711169988
419143,2,1,6,RR Powar,1,0.5471500598777093
419143,2,2,1,S Sreesanth,0,0.4446527014521515
419143,2,2,2,S Sreesanth,0,0.5193516511376015
419143,2,2,3,S Sreesanth,0,0.4433743003074423
419143,2,2,4,S Sreesanth,0,0.4525149718831588
419143,2,2,5,S Sreesanth,0,0.6819007746921629
419143,2,2,6,S Sreesanth,0,0.744613258325071
419143,2,2,7,S Sreesanth,0,0.744613258325071
419143,2,2,8,S Sreesanth,1,0.8864521289635018
419143,2,2,9,S Sreesanth,0,0.8737209204794504
419143,2,3,1,J Theron,1,0.998942473649614
419143,2,3,2,J Theron,1,0.9566480295167318
419143,2,3,3,J Theron,1,0.8718869005056604
419143,2,3,4,J Theron,1,0.9533399866404265
419143,2,3,5,J Theron,1,0.9404714065242157
419143,2,3,6,J Theron,1,0.9596049656354619
419143,2,4,1,RR Powar,0,0.33963918362919493
419143,2,4,2,RR Powar,1,0.591867038775046
419143,2,4,3,RR Powar,1,0.7939234930274565
419143,2,4,4,RR Powar,1,0.7470334793391242
419143,2,4,5,RR Powar,1,0.5912370408320039
419143,2,5,1,PP Chawla,0,0.0003698639771730929
419143,2,5,2,PP Chawla,1,0.9018711250877339
419143,2,5,3,PP Chawla,1,0.4393124243988591
419143,2,5,4,PP Chawla,1,0.3746002201443403
419143,2,5,5,PP Chawla,0,0.20585306979578272
419143,2,5,6,PP Chawla,0,0.1418796123034696
419150,1,0,1,YK Pathan,0,0.0010061452715507716
419150,1,0,2,YK Pathan,0,0.012417793562996394
419150,1,0,3,YK Pathan,1,0.9783163383105539
419150,1,0,4,YK Pathan,1,0.8551872411191443
419150,1,0,5,YK Pathan,1,0.9531279706467691
419150,1,0,6,YK Pathan,1,0.8588979243164063
419150,1,0,7,YK Pathan,1,0.7670150036289509
419150,1,1,1,SR Watson,0,0.00038135020351812913
419150,1,1,2,SR Watson,0,0.009791928283779332
419150,1,1,3,SR Watson,0,0.0018730022827541037
419150,1,1,4,SR Watson,0,0.0015338451748187932
419150,1,1,5,SR Watson,0,0.0012348106150543536
419150,1,1,6,SR Watson,0,0.0008327375053403539
419150,1,2,1,AP Dole,0,0.026343444676283696
419150,1,2,2,AP Dole,0,0.012237342124983808
419150,1,2,3,AP Dole,0,0.015029960451861375
419150,1,2,4,AP Dole,1,0.982725050466972
419150,1,2,5,AP Dole,1,0.9282248240675813
419150,1,2,6,AP Dole,1,0.9733185087725692
419150,1,2,7,AP Dole,1,0.9262678314715337
419150,1,2,8,AP Dole,1,0.8597652138208665
419150,1,3,1,SR Watson,0,0.0041282548650875455
419150,1,3,2,SR Watson,0,0.002292262244507661
419150,1,3,3,SR Watson,0,0.1917475311044902
419150,1,3,4,SR Watson,0,0.19227624435265317
419150,1,3,5,SR Watson,0,0.17872098314413756
419150,1,3,6,SR Watson,0,0.514189954286131
419150,1,4,1,YK Pathan,1,0.6223555754524852
419150,1,4,2,YK Pathan,1,0.525800055184286
419150,1,4,3,YK Pathan,1,0.44492247910219834
419150,1,4,4,YK Pathan,1,0.64522120935539
419150,1,4,5,YK Pathan,1,0.5516205899256528
419150,1,4,6,YK Pathan,1,0.4464788140787438
419150,1,5,1,AA Jhunjhunwala,0,0.02469818172529238
419150,1,5,2,AA Jhunjhunwala,0,0.00898216924438188
419150,1,5,3,AA Jhunjhunwala,0,0.0020623970670315146
419150,1,5,4,AA Jhunjhunwala,1,0.5676475211878302
419150,1,5,5,AA Jhunjhunwala,1,0.3788936132590507
419150,2,0,1,Z Khan,0,0.00023879938147284486
419150,2,0,2,Z Khan,0,0.0002563429831148964
419150,2,0,3,Z Khan,0,0.00024416252084670477
419150,2,0,4,Z Khan,0,0.00024416252084670477
419150,2,0,5,Z Khan,0,0.00024855838766979716
419150,2,0,6,Z Khan,0,0.00024112117228546482
419150,2,1,1,DS Kulkarni,1,0.9986129031907806
419150,2,1,2,DS Kulkarni,1,0.8932490574691256
419150,2,1,3,DS Kulkarni,1,0.9440060049169268
419150,2,1,4,DS Kulkarni,1,0.8930333863973743
419150,2,1,5,DS Kulkarni,0,0.6559121389732572
419150,2,1,6,DS Kulkarni,0,0.4793845588614248
419150,2,2,1,Z Khan,0,0.0002353283948025676
419150,2,2,2,Z Khan,0,0.0002508098383483349
419150,2,2,3,Z Khan,0,0.0009520271733794958
419150,2,2,4,Z Khan,0,0.001078418697114029
419150,2,2,5,Z Khan,0,0.00047180368044209625
419150,2,2,6,Z Khan,0,0.0004739266586432382
419150,2,3,1,DS Kulkarni,0,0.28344692373087255
419150,2,3,2,DS Kulkarni,0,0.267761360502376
419150,2,3,3,DS Kulkarni,0,0.5519959679827643
419150,2,3,4,DS Kulkarni,0,0.4852793827726325
419150,2,3,5,DS Kulkarni,0,0.4198746900334327
419150,2,3,6,DS Kulkarni,0,0.337516156114116
419150,2,4,1,SL Malinga,0,0.00038616036016212194
419150,2,4,2,SL Malinga,0,0.00041916960880838646
419150,2,4,3,SL Malinga,0,0.004107123326341582
419150,2,4,4,SL Malinga,0,0.02660118597778177
419150,2,4,5,SL Malinga,0,0.04010610977731171
419150,2,4,6,SL Malinga,0,0.02355831742853089
419150,2,5,1,DS Kulkarni,0,0.353161056044401
419150,2,5,2,DS Kulkarni,0,0.3820721056000992
419150,2,5,3,DS Kulkarni,0,0.5669771211411831
419150,2,5,4,DS Kulkarni,0,0.5391052682067088
419150,2,5,5,DS Kulkarni,0,0.48299508413872266
419150,2,5,6,DS Kulkarni,0,0.6434312396686094
419150,2,5,7,DS Kulkarni,0,0.6333506506675786
419152,1,0,1,A Nehra,1,0.9995478420945383
419152,1,0,2,A Nehra,1,0.8874192276353958
419152,1,0,3,A Nehra,1,0.20591391231416273
419152,1,0,4,A Nehra,1,0.8892686631176692
419152,1,0,5,A Nehra,1,0.3915113039910741
419152,1,0,6,A Nehra,1,0.21782941831104766
419152,1,1,1,PJ Sangwan,0,0.011720477976681448
419152,1,1,2,PJ Sangwan,1,0.9825925208389213
419152,1,1,3,PJ Sangwan,1,0.7383368211912382
419152,1,1,4,PJ Sangwan,1,0.5417086680910195
419152,1,1,5,PJ Sangwan,1,0.32806747863926333
419152,1,1,6,PJ Sangwan,0,0.22547058127465158
419152,1,2,1,A Nehra,0,0.11731118283134431
419152,1,2,2,A Nehra,0,0.12945140055624912
419152,1,2,3,A Nehra,0,0.13360806719458518
419152,1,2,4,A Nehra,0,0.1279668976414106
419152,1,2,5,A Nehra,0,0.07823444370875639
419152,1,2,6,A Nehra,0,0.07053790575534329
419152,1,3,1,PJ Sangwan,0,0.1545736471829263
419152,1,3,2,PJ Sangwan,0,0.22410244626903217
419152,1,3,3,PJ Sangwan,1,0.5229632048028318
419152,1,3,4,PJ Sangwan,1,0.3450881069412081
419152,1,3,5,PJ Sangwan,1,0.436742553933038
419152,1,3,6,PJ Sangwan,1,0.5085556961705099
419152,1,3,7,PJ Sangwan,1,0.5318029647851179
419152,1,3,8,PJ Sangwan,1,0.4903054789147301
419152,1,3,9,PJ Sangwan,1,0.47716855865492136
419152,1,3,10,PJ Sangwan,1,0.5061179746743318
419152,1,4,1,A Mishra,1,0.9994854575668645
419152,1,4,2,A Mishra,1,0.895573712592373
419152,1,4,3,A Mishra,1,0.5629854984753706
419152,1,4,4,A Mishra,0,0.20812165107005884
419152,1,4,5,A Mishra,0,0.09549497706295616
419152,1,4,6,A Mishra,0,0.054832599143003306
419152,1,5,1,AB McDonald,0,0.0006941877383640199
419152,1,5,2,AB McDonald,0,0.005296388096035795
419152,1,5,3,AB McDonald,0,0.0015130833207838475
419152,1,5,4,AB McDonald,0,0.005212774347280705
419152,1,5,5,AB McDonald,0,0.012107655540984936
419152,1,5,6,AB McDonald,0,0.015779995552454955
419152,2,0,1,Z Khan,0,0.00022504588993240584
419152,2,0,2,Z Khan,0,0.00023742650235422107
419152,2,0,3,Z Khan,0,0.0013782707256361675
419152,2,0,4,Z Khan,0,0.31820337873715926
419152,2,0,5,Z Khan,0,0.18870876714638962
419152,2,0,6,Z Khan,0,0.27087413899222934
419152,2,1,1,CRD Fernando,0,0.0002792123716776567
419152,2,1,2,CRD Fernando,0,0.0002945720059705276
419152,2,1,3,CRD Fernando,0,0.0016834184668838678
419152,2,1,4,CRD Fernando,0,0.0011157370459032485
419152,2,1,5,CRD Fernando,0,0.18360570134884988
419152,2,1,6,CRD Fernando,0,0.10285849364092028
419152,2,2,1,Z Khan,0,0.5508823637088403
419152,2,2,2,Z Khan,0,0.7255906826145717
419152,2,2,3,Z Khan,1,0.9309542789028724
419152,2,2,4,Z Khan,1,0.8737124390537573
419152,2,2,5,Z Khan,1,0.816412158964711
419152,2,3,1,CRD Fernando,0,0.2977143648125692
419152,2,3,2,CRD Fernando,0,0.24252683356398153
419152,2,3,3,CRD Fernando,1,0.38745663460751917
419152,2,3,4,CRD Fernando,0,0.23836909382916066
419152,2,3,5,CRD Fernando,1,0.37929490890434125
419152,2,3,6,CRD Fernando,1,0.37546129304526515
419152,2,4,1,Harbhajan Singh,0,0.04037030382933389
419152,2,4,2,Harbhajan Singh,0,0.012267891658620774
419152,2,4,3,Harbhajan Singh,0,0.025196943300388408
419152,2,4,4,Harbhajan Singh,1,0.4448415669034646
419152,2,4,5,Harbhajan Singh,1,0.2432954274843065
419152,2,4,6,Harbhajan Singh,1,0.6618031751648006
419152,2,5,1,DJ Bravo,0,0.04857857947597261
419152,2,5,2,DJ Bravo,1,0.9472848855481372
419152,2,5,3,DJ Bravo,1,0.8462585029703095
419152,2,5,4,DJ Bravo,1,0.9578737435517223
419152,2,5,5,DJ Bravo,1,0.8569529286390919
419152,2,5,6,DJ Bravo,1,0.8751849252946582
419152,2,5,7,DJ Bravo,1,0.8728110422631358
419157,1,0,1,DW Steyn,0,0.13939978855382051
419157,1,0,2,DW Steyn,0,0.07325157081732996
419157,1,0,3,DW Steyn,0,0.14342247496362737
419157,1,0,4,DW Steyn,0,0.1457101956229033
419157,1,0,5,DW Steyn,0,0.23103647512341033
419157,1,0,6,DW Steyn,0,0.22826593074173276
419157,1,1,1,R Vinay Kumar,0,0.003422952458017944
419157,1,1,2,R Vinay Kumar,1,0.9107077794883472
419157,1,1,3,R Vinay Kumar,1,0.9454952882817106
419157,1,1,4,R Vinay Kumar,1,0.9187096584280566
419157,1,1,5,R Vinay Kumar,1,0.6766556142029964
419157,1,1,6,R Vinay Kumar,1,0.4975333939426203
419157,1,2,1,DW Steyn,0,0.11331681839594333
419157,1,2,2,DW Steyn,0,0.0869841458995895
419157,1,2,3,DW Steyn,0,0.12397418772992118
419157,1,2,4,DW Steyn,0,0.1738966688467744
419157,1,2,5,DW Steyn,0,0.13165427707688623
419157,1,2,6,DW Steyn,0,0.13664706483162248
419157,1,2,7,DW Steyn,0,0.14615675301118208
419157,1,3,1,R Vinay Kumar,0,0.4492149127687663
419157,1,3,2,R Vinay Kumar,1,0.659731882847029
419157,1,3,3,R Vinay Kumar,1,0.5239111049013446
419157,1,3,4,R Vinay Kumar,0,0.44308047670944223
419157,1,3,5,R Vinay Kumar,0,0.4363441846863196
419157,1,3,6,R Vinay Kumar,0,0.39798996400942616
419157,1,4,1,Pankaj Singh,0,0.03344546855435156
419157,1,4,2,Pankaj Singh,0,0.10017443718334454
419157,1,4,3,Pankaj Singh,0,0.11576295571086997
419157,1,4,4,Pankaj Singh,0,0.08247547923231745
419157,1,4,5,Pankaj Singh,0,0.0823221352768683
419157,1,4,6,Pankaj Singh,0,0.3890200044628428
419157,1,4,7,Pankaj Singh,0,0.3591640780557978
419157,1,5,1,JH Kallis,0,0.07677512760415381
419157,1,5,2,JH Kallis,0,0.09131272917732752
419157,1,5,3,JH Kallis,0,0.1973390560698163
419157,1,5,4,JH Kallis,0,0.16087415237563332
419157,1,5,5,JH Kallis,0,0.18873122724558664
419157,1,5,6,JH Kallis,0,0.19734570031486484
419157,2,0,1,Z Khan,0,0.0006602186435488289
419157,2,0,2,Z Khan,0,0.0006751721194686712
419157,2,0,3,Z Khan,0,0.024648775370123454
419157,2,0,4,Z Khan,0,0.017884517925442066
419157,2,0,5,Z Khan,0,0.031217415673742217
419157,2,0,6,Z Khan,0,0.0418102297437024
419157,2,1,1,CRD Fernando,0,0.0006227601793691384
419157,2,1,2,CRD Fernando,0,0.0006368657887805694
419157,2,1,3,CRD Fernando,0,0.006157463449812557
419157,2,1,4,CRD Fernando,0,0.002994328750588737
419157,2,1,5,CRD Fernando,0,0.002072562546945245
419157,2,1,6,CRD Fernando,0,0.0007274588751666868
419157,2,2,1,R McLaren,0,0.0351601025332775
419157,2,2,2,R McLaren,0,0.043320621805638226
419157,2,2,3,R McLaren,0,0.11872791319197967
419157,2,2,4,R McLaren,0,0.09496005987751097
419157,2,2,5,R McLaren,0,0.11520128866070073
419157,2,2,6,R McLaren,0,0.13843636112737456
419157,2,3,1,Z Khan,0,0.0357758670490273
419157,2,3,2,Z Khan,0,0.035437499429560086
419157,2,3,3,Z Khan,0,0.035217780638442026
419157,2,3,4,Z Khan,0,0.34423338341597237
419157,2,3,5,Z Khan,0,0.3392750019408688
419157,2,3,6,Z Khan,0,0.3449696212233576
419157,2,4,1,CRD Fernando,0,0.04683447764216834
419157,2,4,2,CRD Fernando,0,0.03305991112641249
419157,2,4,3,CRD Fernando,0,0.028882252611641922
419157,2,4,4,CRD Fernando,0,0.17252506362660122
419157,2,4,5,CRD Fernando,0,0.1259057927084917
419157,2,4,6,CRD Fernando,0,0.056760057060797564
419157,2,5,1,R McLaren,0,0.1815804299543503
419157,2,5,2,R McLaren,0,0.18181210120760005
419157,2,5,3,R McLaren,0,0.11998037424643627
419157,2,5,4,R McLaren,0,0.1150187406447276
419157,2,5,5,R McLaren,0,0.15921588215396687
419157,2,5,6,R McLaren,0,0.23791742078449146
501209,1,0,1,B Lee,0,0.00019299443120708636
501209,1,0,2,B Lee,0,0.0092933531655851
501209,1,0,3,B Lee,0,0.0017925339536245966
501209,1,0,4,B Lee,0,0.0005728623877972314
501209,1,0,5,B Lee,0,0.0005024070576824479
501209,1,0,6,B Lee,0,0.29948021347461645
501209,1,0,7,B Lee,0,0.21981588312048592
501209,1,1,1,L Balaji,0,0.00019299443120708636
501209,1,1,2,L Balaji,0,0.009472023479713857
501209,1,1,3,L Balaji,0,0.001928213131976143
501209,1,1,4,L Balaji,1,0.7535605324985556
501209,1,1,5,L Balaji,1,0.8613922145531239
501209,1,1,6,L Balaji,1,0.612027792617879
501209,1,1,7,L Balaji,0,0.4031292397382486
501209,1,1,8,L Balaji,0,0.28884187513788473
501209,1,2,1,JH Kallis,0,0.0005237518044074117
501209,1,2,2,JH Kallis,1,0.9993597298234216
501209,1,2,3,JH Kallis,1,0.9778637158173451
501209,1,2,4,JH Kallis,1,0.8778284059637473
501209,1,2,5,JH Kallis,1,0.9572260745239689
501209,1,2,6,JH Kallis,1,0.8836542645849458
501209,1,2,7,JH Kallis,1,0.7717579083468913
501209,1,3,1,L Balaji,0,0.20762416446357476
501209,1,3,2,L Balaji,0,0.19700693465995875
501209,1,3,3,L Balaji,0,0.12350237986526237
501209,1,3,4,L Balaji,0,0.10971959982625895
501209,1,3,5,L Balaji,0,0.09315910069866046
501209,1,3,6,L Balaji,0,0.10016675485842322
501209,1,4,1,Shakib Al Hasan,0,0.0003032776949891402
501209,1,4,2,Shakib Al Hasan,0,0.01158669445689706
501209,1,4,3,Shakib Al Hasan,0,0.002277222446344974
501209,1,4,4,Shakib Al Hasan,0,0.0019030975609625122
501209,1,4,5,Shakib Al Hasan,0,0.005229561375556119
501209,1,4,6,Shakib Al Hasan,0,0.023795886943337573
501209,1,4,7,Shakib Al Hasan,0,0.03750885922425265
501209,1,5,1,B Lee,0,0.04437467130913432
501209,1,5,2,B Lee,0,0.022643920682742145
501209,1,5,3,B Lee,0,0.07771566018406807
501209,1,5,4,B Lee,0,0.08253996329971536
501209,1,5,5,B Lee,0,0.07184524678964677
501209,1,5,6,B Lee,0,0.06570301831349486
501209,2,0,1,AL Menaria,0,0.013354320186056761
501209,2,0,2,AL Menaria,0,0.010495700338396337
501209,2,0,3,AL Menaria,0,0.02218398197073147
501209,2,0,4,AL Menaria,0,0.028208886527900538
501209,2,0,5,AL Menaria,0,0.027333170806749678
501209,2,0,6,AL Menaria,0,0.022290250298344517
501209,2,0,7,AL Menaria,0,0.02207959642944083
501209,2,1,1,A Singh,0,0.00039201432019457034
501209,2,1,2,A Singh,0,0.01071054425078117
501209,2,1,3,A Singh,0,0.0035789667018411926
501209,2,1,4,A Singh,0,0.0014154179715921299
501209,2,1,5,A Singh,0,0.001241466943040589
501209,2,1,6,A Singh,0,0.0010258879916949812
501209,2,1,7,A Singh,0,0.30482137066237375
501209,2,2,1,AL Menaria,0,0.33709900685152255
501209,2,2,2,AL Menaria,0,0.3187833364814
501209,2,2,3,AL Menaria,1,0.5807107300283961
501209,2,2,4,AL Menaria,1,0.586075806761975
501209,2,2,5,AL Menaria,1,0.5498711077058581
501209,2,3,1,SR Watson,1,0.9992361791116667
501209,2,3,2,SR Watson,1,0.9656812930259148
501209,2,3,3,SR Watson,1,0.798520173795737
501209,2,3,4,SR Watson,1,0.6953344972685872
501209,2,3,5,SR Watson,0,0.4924319095681839
501209,2,3,6,SR Watson,0,0.5507883285402786
501209,2,4,1,ND Doshi,0,0.028381460921308048
501209,2,4,2,ND Doshi,1,0.9663498702472926
501209,2,4,3,ND Doshi,1,0.9025067439459472
501209,2,4,4,ND Doshi,1,0.9732447130651252
501209,2,4,5,ND Doshi,1,0.948429920528895
501209,2,4,6,ND Doshi,1,0.9123961298037068
501209,2,5,1,A Singh,0,0.5829916090449324
501209,2,5,2,A Singh,0,0.6082610039552745
501209,2,5,3,A Singh,0,0.7802642935519613
501209,2,5,4,A Singh,1,0.8212959252751343
501209,2,5,5,A Singh,0,0.7864827741190576
501209,2,5,6,A Singh,1,0.8703251231431808
501210,1,0,1,RP Singh,0,0.0005363863525347733
501210,1,0,2,RP Singh,0,0.00706078056115869
501210,1,0,3,RP Singh,0,0.0024337874345655855
501210,1,0,4,RP Singh,1,0.453231156891818
501210,1,0,5,RP Singh,1,0.28813239063477214
501210,1,0,6,RP Singh,1,0.21698006976203196
501210,1,1,1,R Vinay Kumar,0,0.0004914685558097712
501210,1,1,2,R Vinay Kumar,0,0.0004903538298830152
501210,1,1,3,R Vinay Kumar,0,0.46605581371294447
501210,1,1,4,R Vinay Kumar,0,0.5572359774138028
501210,1,1,5,R Vinay Kumar,0,0.6383728746357172
501210,1,1,6,R Vinay Kumar,0,0.43858656887901204
501210,1,1,7,R Vinay Kumar,0,0.360857100883931
501210,1,2,1,RP Singh,1,0.15624479918835904
501210,1,2,2,RP Singh,1,0.17764397221494516
501210,1,2,3,RP Singh,1,0.14574336308230992
501210,1,2,4,RP Singh,1,0.1184480530826877
501210,1,2,5,RP Singh,1,0.10194456763837295
501210,1,2,6,RP Singh,0,0.08476844028408281
501210,1,3,1,R Vinay Kumar,0,0.32218317474673597
501210,1,3,2,R Vinay Kumar,0,0.24973689646333655
501210,1,3,3,R Vinay Kumar,0,0.1832902743980491
501210,1,3,4,R Vinay Kumar,0,0.18940709342692705
501210,1,3,5,R Vinay Kumar,0,0.4206668900367927
501210,1,3,6,R Vinay Kumar,0,0.49574449776304713
501210,1,4,1,RP Singh,0,0.043878336406471576
501210,1,4,2,RP Singh,0,0.038107385996094825
501210,1,4,3,RP Singh,0,0.03432132235409204
501210,1,4,4,RP Singh,0,0.038664031269628724
501210,1,4,5,RP Singh,0,0.04005448910408685
501210,1,4,6,RP Singh,0,0.03532143794363168
501210,1,5,1,NLTC Perera,1,0.9996748864251249
501210,1,5,2,NLTC Perera,1,0.9996511967393477
501210,1,5,3,NLTC Perera,1,0.9832306415791683
501210,1,5,4,NLTC Perera,1,0.9013932837553614
501210,1,5,5,NLTC Perera,1,0.6873278993078298
501210,1,5,6,NLTC Perera,0,0.5625892801049348
501210,2,0,1,SL Malinga,0,0.00024348822233659318
501210,2,0,2,SL Malinga,0,0.0002429358170628812
501210,2,0,3,SL Malinga,0,0.00022391927358594686
501210,2,0,4,SL Malinga,0,0.20093134082651906
501210,2,0,5,SL Malinga,0,0.11524394721738754
501210,2,0,6,SL Malinga,0,0.17441869386281575
501210,2,1,1,MM Patel,0,0.0002781177406102267
501210,2,1,2,MM Patel,0,0.0002774867926503321
501210,2,1,3,MM Patel,0,0.00025576635788320006
501210,2,1,4,MM Patel,0,0.00025576635788320006
501210,2,1,5,MM Patel,0,0.00025576635788320006
501210,2,1,6,MM Patel,0,0.0004182251237138455
501210,2,2,1,SL Malinga,0,0.4454352118216745
501210,2,2,2,SL Malinga,0,0.5837669683606526
501210,2,2,3,SL Malinga,0,0.49244309211685566
501210,2,2,4,SL Malinga,0,0.6411311583510834
501210,2,2,5,SL Malinga,0,0.5919212734725656
501210,2,2,6,SL Malinga,1,0.700081673334388
501210,2,3,1,MM Patel,0,0.0003079028928417373
501210,2,3,2,MM Patel,0,0.0010048967154334626
501210,2,3,3,MM Patel,0,0.0627271737903185
501210,2,3,4,MM Patel,0,0.057110516582732945
501210,2,3,5,MM Patel,0,0.0557154922831317
501210,2,3,6,MM Patel,0,0.037915807106274325
501210,2,4,1,AG Murtaza,0,0.027877329921325987
501210,2,4,2,AG Murtaza,0,0.027061639039253398
501210,2,4,3,AG Murtaza,0,0.015273869200183424
501210,2,4,4,AG Murtaza,0,0.007472604718116426
501210,2,4,5,AG Murtaza,0,0.003559716731599954
501210,2,4,6,AG Murtaza,0,0.002316114520471046
501210,2,5,1,KA Pollard,0,0.02785281659014005
501210,2,5,2,KA Pollard,0,0.02703782301903266
501210,2,5,3,KA Pollard,0,0.12197891915275623
501210,2,5,4,KA Pollard,0,0.9224758281254771
501210,2,5,5,KA Pollard,0,0.8367064015105814
501210,2,5,6,KA Pollard,1,0.8826718544308532
501210,2,5,7,KA Pollard,1,0.8845810743442487
501210,2,5,8,KA Pollard,1,0.9678029845796899
501212,1,0,1,P Kumar,1,0.9992545421668149
501212,1,0,2,P Kumar,1,0.9639942312255003
501212,1,0,3,P Kumar,1,0.9201526689463371
501212,1,0,4,P Kumar,1,0.7637279107971859
501212,1,0,5,P Kumar,1,0.5765246476336044
501212,1,0,6,P Kumar,1,0.5138029618133887
501212,1,1,1,RJ Harris,0,0.012111897749622359
501212,1,1,2,RJ Harris,0,0.004600172655333397
501212,1,1,3,RJ Harris,0,0.0014077137090396754
501212,1,1,4,RJ Harris,0,0.009441259878940034
501212,1,1,5,RJ Harris,0,0.01639154991258408
501212,1,1,6,RJ Harris,0,0.011614621922144772
501212,1,2,1,P Kumar,0,0.1894500569583241
501212,1,2,2,P Kumar,0,0.14345514151960226
501212,1,2,3,P Kumar,0,0.13210556340678917
501212,1,2,4,P Kumar,0,0.12368393443429981
501212,1,2,5,P Kumar,1,0.26229419167698903
501212,1,2,6,P Kumar,0,0.2060215294295917
501212,1,3,1,RJ Harris,0,0.007172554199316071
501212,1,3,2,RJ Harris,0,0.22417879317325695
501212,1,3,3,RJ Harris,0,0.18079696553589633
501212,1,3,4,RJ Harris,0,0.1887301327769119
501212,1,3,5,RJ Harris,0,0.3853101214425095
501212,1,3,6,RJ Harris,0,0.3138746445643373
501212,1,4,1,P Kumar,0,0.1403799735358029
501212,1,4,2,P Kumar,0,0.14383210985363945
501212,1,4,3,P Kumar,0,0.14159055771383283
501212,1,4,4,P Kumar,1,0.23754578416670843
501212,1,4,5,P Kumar,0,0.1899004181657946
501212,1,4,6,P Kumar,1,0.249841191587786
501212,1,5,1,R McLaren,0,0.0002210662005333395
501212,1,5,2,R McLaren,0,0.00022880736839334755
501212,1,5,3,R McLaren,0,0.4581938395345739
501212,1,5,4,R McLaren,0,0.17089660161897036
501212,1,5,5,R McLaren,0,0.15838780348750944
501212,1,5,6,R McLaren,0,0.6432278983892583
501212,2,0,1,DW Steyn,1,0.999237405915188
501212,2,0,2,DW Steyn,1,0.8860916486823441
501212,2,0,3,DW Steyn,1,0.7356857062919784
501212,2,0,4,DW Steyn,0,0.3806022551932677
501212,2,0,5,DW Steyn,1,0.7799844927049818
501212,2,0,6,DW Steyn,1,0.5685354207151281
501212,2,1,1,I Sharma,0,0.00042565172425550326
501212,2,1,2,I Sharma,0,0.0004493742099274078
501212,2,1,3,I Sharma,0,0.05536089625710912
501212,2,1,4,I Sharma,0,0.02398241666897338
501212,2,1,5,I Sharma,1,0.26980041145116407
501212,2,1,6,I Sharma,1,0.18669265861530274
501212,2,2,1,DW Steyn,1,0.4518066898086405
501212,2,2,2,DW Steyn,1,0.7522711593631889
501212,2,2,3,DW Steyn,1,0.8090368441377711
501212,2,2,4,DW Steyn,1,0.7473792606021701
501212,2,2,5,DW Steyn,1,0.6481026619146366
501212,2,2,6,DW Steyn,1,0.6003347986269383
501212,2,2,7,DW Steyn,1,0.5421793533024685
501212,2,3,1,I Sharma,1,0.19867745348901777
501212,2,3,2,I Sharma,1,0.21340928052450409
501212,2,3,3,I Sharma,1,0.19978191030484846
501212,2,3,4,I Sharma,0,0.1404635380421951
501212,2,3,5,I Sharma,1,0.369831684849436
501212,2,3,6,I Sharma,1,0.3225656880579031
501212,2,3,7,I Sharma,1,0.39714683558900243
501212,2,3,8,I Sharma,1,0.3580123049455608
501212,2,4,1,MS Gony,1,0.9993720476570128
501212,2,4,2,MS Gony,1,0.999403411238797
501212,2,4,3,MS Gony,1,0.9993445245749906
501212,2,4,4,MS Gony,1,0.9809969329598036
501212,2,4,5,MS Gony,1,0.976596749761388
501212,2,4,6,MS Gony,1,0.975239534977511
501212,2,4,7,MS Gony,1,0.9824461315001914
501212,2,5,1,I Sharma,1,0.32852507410038295
501212,2,5,2,I Sharma,1,0.26490490526626714
501212,2,5,3,I Sharma,1,0.24256799385043282
501212,2,5,4,I Sharma,1,0.20619046640925306
501212,2,5,5,I Sharma,1,0.19134445751891405
501212,2,5,6,I Sharma,1,0.20685865020874308
501221,1,0,1,JA Morkel,0,0.00046422396526654995
501221,1,0,2,JA Morkel,0,0.00046213146697641306
501221,1,0,3,JA Morkel,0,0.00042596402471049876
501221,1,0,4,JA Morkel,0,0.00042596402471049876
501221,1,0,5,JA Morkel,0,0.00040320841968654437
501221,1,0,6,JA Morkel,0,0.00039098080277157694
501221,1,1,1,DE Bollinger,0,0.0004323800624115187
501221,1,1,2,DE Bollinger,0,0.00043043103930338954
501221,1,1,3,DE Bollinger,0,0.03732245689409919
501221,1,1,4,DE Bollinger,0,0.04044098874905594
501221,1,1,5,DE Bollinger,1,0.6958705055433257
501221,1,1,6,DE Bollinger,1,0.4558874940137894
501221,1,1,7,DE Bollinger,1,0.48607778166295823
501221,1,2,1,JA Morkel,0,0.00032872193593428957
501221,1,2,2,JA Morkel,0,0.00032872193593428957
501221,1,2,3,JA Morkel,0,0.00019209048865274464
501221,1,2,4,JA Morkel,0,0.00019209048865274464
501221,1,2,5,JA Morkel,0,0.00019209048865274464
501221,1,2,6,JA Morkel,0,0.00019209048865274464
501221,1,3,1,DE Bollinger,0,0.36807301819517757
501221,1,3,2,DE Bollinger,0,0.382224802603222
501221,1,3,3,DE Bollinger,0,0.23734072191622174
501221,1,3,4,DE Bollinger,0,0.22224903926045525
501221,1,3,5,DE Bollinger,1,0.4579217554564553
501221,1,3,6,DE Bollinger,1,0.5517937641525137
501221,1,4,1,JA Morkel,0,0.00042530634249238376
501221,1,4,2,JA Morkel,0,0.00045758514593196583
501221,1,4,3,JA Morkel,0,0.00941903214027551
501221,1,4,4,JA Morkel,0,0.009711092006422064
501221,1,4,5,JA Morkel,0,0.012284193685053976
501221,1,4,6,JA Morkel,0,0.05602134366100367
501221,1,5,1,Joginder Sharma,0,0.0006960034721481426
501221,1,5,2,Joginder Sharma,0,0.03974269197165523
501221,1,5,3,Joginder Sharma,0,0.028864318189668788
501221,1,5,4,Joginder Sharma,0,0.011263730315388853
501221,1,5,5,Joginder Sharma,0,0.007610396464806191
501221,1,5,6,Joginder Sharma,0,0.013057481018710189
501221,1,5,7,Joginder Sharma,0,0.5551461924062188
501221,2,0,1,MM Patel,1,0.9993912290877809
501221,2,0,2,MM Patel,1,0.7984417403487415
501221,2,0,3,MM Patel,0,0.30361240344050927
501221,2,0,4,MM Patel,0,0.15608877708025992
501221,2,0,5,MM Patel,0,0.2849465924250108
501221,2,0,6,MM Patel,0,0.1567165882966292
501221,2,0,7,MM Patel,0,0.1070241297316123
501221,2,1,1,SL Malinga,0,0.01467988064295671
501221,2,1,2,SL Malinga,0,0.014130050949638939
501221,2,1,3,SL Malinga,0,0.016195305974804675
501221,2,1,4,SL Malinga,0,0.012780866374636603
501221,2,1,5,SL Malinga,0,0.025859457516730563
501221,2,1,6,SL Malinga,0,0.033443590141129076
501221,2,1,7,SL Malinga,0,0.025842403107319774
501221,2,2,1,AN Ahmed,0,0.00029765901289654573
501221,2,2,2,AN Ahmed,0,0.015194608655552406
501221,2,2,3,AN Ahmed,1,0.9085750755825878
501221,2,2,4,AN Ahmed,1,0.5832181557438204
501221,2,2,5,AN Ahmed,0,0.3292762631774068
501221,2,2,6,AN Ahmed,1,0.7293964568342499
501221,2,2,7,AN Ahmed,1,0.5931384886012719
501221,2,3,1,MM Patel,0,0.3026271592667352
501221,2,3,2,MM Patel,0,0.42040202728778986
501221,2,3,3,MM Patel,0,0.4054427831299229
501221,2,3,4,MM Patel,0,0.357270482497003
501221,2,3,5,MM Patel,0,0.4771539209004902
501221,2,3,6,MM Patel,0,0.44224063978814293
501221,2,4,1,Harbhajan Singh,0,0.0005084795640656906
501221,2,4,2,Harbhajan Singh,0,0.011627936412749432
501221,2,4,3,Harbhajan Singh,0,0.022783698887433958
501221,2,4,4,Harbhajan Singh,0,0.0312317783638011
501221,2,4,5,Harbhajan Singh,0,0.02272834283085976
501221,2,4,6,Harbhajan Singh,0,0.011785740920389977
501221,2,5,1,MM Patel,0,0.3932445824629818
501221,2,5,2,MM Patel,0,0.3855509757663707
501221,2,5,3,MM Patel,0,0.3658058385816012
501221,2,5,4,MM Patel,0,0.4372914578075752
501221,2,5,5,MM Patel,0,0.42367286015600303
501221,2,5,6,MM Patel,0,0.4102077192038169
501224,1,0,1,A Mishra,0,0.10316817823651254
501224,1,0,2,A Mishra,0,0.080438929423197
501224,1,0,3,A Mishra,0,0.1178966549924529
501224,1,0,4,A Mishra,0,0.08530994118435942
501224,1,0,5,A Mishra,1,0.3162068778616485
501224,1,0,6,A Mishra,1,0.2121365492544112
501224,1,1,1,DW Steyn,1,0.9995330237450799
501224,1,1,2,DW Steyn,1,0.9148132131354219
501224,1,1,3,DW Steyn,1,0.9838666275328957
501224,1,1,4,DW Steyn,1,0.9360579471538354
501224,1,1,5,DW Steyn,1,0.7954552499864833
501224,1,1,6,DW Steyn,0,0.6028706237189324
501224,1,2,1,PP Ojha,0,0.051089345954269574
501224,1,2,2,PP Ojha,0,0.05746915576953784
501224,1,2,3,PP Ojha,0,0.09223145031645029
501224,1,2,4,PP Ojha,0,0.13483107096671054
501224,1,2,5,PP Ojha,1,0.6930065205324116
501224,1,2,6,PP Ojha,1,0.6569882450936293
501224,1,3,1,I Sharma,0,0.0015430067595102225
501224,1,3,2,I Sharma,0,0.04612024071269771
501224,1,3,3,I Sharma,0,0.06320223484315876
501224,1,3,4,I Sharma,0,0.6673215760487543
501224,1,3,5,I Sharma,1,0.8647224356187542
501224,1,3,6,I Sharma,1,0.7873490317700053
501224,1,4,1,DT Christian,0,0.14099093603806548
501224,1,4,2,DT Christian,0,0.0777734157538602
501224,1,4,3,DT Christian,0,0.09517614279897349
501224,1,4,4,DT Christian,0,0.6659446203693407
501224,1,4,5,DT Christian,1,0.8621631656332484
501224,1,4,6,DT Christian,0,0.7804352156022354
501224,1,5,1,I Sharma,0,0.7229398608565176
501224,1,5,2,I Sharma,0,0.6024343569232102
501224,1,5,3,I Sharma,1,0.7745562721179219
501224,1,5,4,I Sharma,1,0.8243431997476847
501224,1,5,5,I Sharma,1,0.872398331114701
501224,1,5,6,I Sharma,1,0.8015434813409827
501224,1,5,7,I Sharma,1,0.7770182602170276
501224,2,0,1,MM Patel,0,0.014992167454802629
501224,2,0,2,MM Patel,0,0.00495517534990729
501224,2,0,3,MM Patel,1,0.8319416799892188
501224,2,0,4,MM Patel,0,0.523009720718752
501224,2,0,5,MM Patel,0,0.28182308009227536
501224,2,0,6,MM Patel,0,0.12835813391613954
501224,2,1,1,Harbhajan Singh,0,0.011936778757032503
501224,2,1,2,Harbhajan Singh,0,0.06622414435773925
501224,2,1,3,Harbhajan Singh,0,0.06689082447480942
501224,2,1,4,Harbhajan Singh,1,0.8999663324483413
501224,2,1,5,Harbhajan Singh,1,0.8084662149866065
501224,2,1,6,Harbhajan Singh,1,0.7881498074503754
501224,2,2,1,MM Patel,0,0.13446623528184862
501224,2,2,2,MM Patel,0,0.5046643855570564
501224,2,2,3,MM Patel,1,0.738707015067335
501224,2,2,4,MM Patel,0,0.5585024061122866
501224,2,2,5,MM Patel,0,0.5526014242985006
501224,2,2,6,MM Patel,0,0.5046643855570564
501224,2,3,1,Harbhajan Singh,1,0.549231930688518
501224,2,3,2,Harbhajan Singh,1,0.4587805661769713
501224,2,3,3,Harbhajan Singh,1,0.7469071236820628
501224,2,3,4,Harbhajan Singh,1,0.6415364491718272
501224,2,3,5,Harbhajan Singh,1,0.63120557042242
501224,2,3,6,Harbhajan Singh,1,0.5992857889953415
501224,2,4,1,AN Ahmed,1,0.9992609623556717
501224,2,4,2,AN Ahmed,1,0.936275687239802
501224,2,4,3,AN Ahmed,1,0.9056196632180742
501224,2,4,4,AN Ahmed,1,0.8282158938593143
501224,2,4,5,AN Ahmed,1,0.6205393647442711
501224,2,4,6,AN Ahmed,1,0.5284759555251534
501224,2,5,1,SL Malinga,1,0.022373068669027798
501224,2,5,2,SL Malinga,1,0.025587959269129452
501224,2,5,3,SL Malinga,1,0.014402949754983603
501224,2,5,4,SL Malinga,1,0.00899515280270188
501224,2,5,5,SL Malinga,1,0.004594741544396479
501224,2,5,6,SL Malinga,0,0.001931716677132117
501225,1,0,1,A Singh,0,0.016851864617418087
501225,1,0,2,A Singh,0,0.013609478479958768
501225,1,0,3,A Singh,0,0.004125259786135297
501225,1,0,4,A Singh,0,0.0032092677861568926
501225,1,0,5,A Singh,0,0.2969758087151492
501225,1,0,6,A Singh,0,0.2343914827718606
501225,1,1,1,SR Watson,0,0.0003841913080678299
501225,1,1,2,SR Watson,0,0.011404093314114848
501225,1,1,3,SR Watson,0,0.003851515359617822
501225,1,1,4,SR Watson,0,0.003326278327389722
501225,1,1,5,SR Watson,0,0.0023496220318235898
501225,1,1,6,SR Watson,0,0.0009593918823460007
501225,1,2,1,A Singh,0,0.20609501178085937
501225,1,2,2,A Singh,0,0.20744138437076584
501225,1,2,3,A Singh,1,0.2118169753849724
501225,1,2,4,A Singh,1,0.49029697523757526
501225,1,2,5,A Singh,1,0.4412737391900087
501225,1,2,6,A Singh,1,0.43878017876457265
501225,1,2,7,A Singh,1,0.4515388595084338
501225,1,3,1,SR Watson,0,0.0004519056814156583
501225,1,3,2,SR Watson,0,0.06876875018380285
501225,1,3,3,SR Watson,0,0.03842949551239906
501225,1,3,4,SR Watson,0,0.028400052561521862
501225,1,3,5,SR Watson,0,0.048875060709108194
501225,1,3,6,SR Watson,0,0.05931952205425118
501225,1,4,1,J Botha,0,0.00041720616126679087
501225,1,4,2,J Botha,0,0.00797859124162339
501225,1,4,3,J Botha,0,0.0028759838265399146
501225,1,4,4,J Botha,0,0.002174016482602032
501225,1,4,5,J Botha,0,0.0015455676445790597
501225,1,4,6,J Botha,0,0.0009811634719097445
501225,1,5,1,A Singh,1,0.32649115645070914
501225,1,5,2,A Singh,1,0.2922696200037535
501225,1,5,3,A Singh,0,0.29131523042314633
501225,1,5,4,A Singh,0,0.2880406349321319
501225,1,5,5,A Singh,0,0.2815277000007526
501225,1,5,6,A Singh,0,0.1768211337400182
501225,2,0,1,RP Singh,1,0.9989874737996669
501225,2,0,2,RP Singh,1,0.9634142139133876
501225,2,0,3,RP Singh,1,0.8865830823186165
501225,2,0,4,RP Singh,1,0.6226756134926108
501225,2,0,5,RP Singh,1,0.49423793952581785
501225,2,0,6,RP Singh,1,0.4815148859617984
501225,2,1,1,R Vinay Kumar,0,0.007593586867828185
501225,2,1,2,R Vinay Kumar,0,0.014044217659054082
501225,2,1,3,R Vinay Kumar,0,0.014470245944552648
501225,2,1,4,R Vinay Kumar,0,0.025157284934072707
501225,2,1,5,R Vinay Kumar,0,0.5820414257305992
501225,2,1,6,R Vinay Kumar,0,0.47200992740655057
501225,2,2,1,RP Singh,1,0.25055894765398984
501225,2,2,2,RP Singh,1,0.2389859693530983
501225,2,2,3,RP Singh,1,0.16378049277095283
501225,2,2,4,RP Singh,0,0.15130846951495255
501225,2,2,5,RP Singh,0,0.15583710233774115
501225,2,3,1,M Muralitharan,0,0.0007719092919195396
501225,2,3,2,M Muralitharan,0,0.008906874589371725
501225,2,3,3,M Muralitharan,0,0.012439117675848946
501225,2,3,4,M Muralitharan,0,0.01847685601974741
501225,2,3,5,M Muralitharan,0,0.027470553961188242
501225,2,3,6,M Muralitharan,0,0.017787388066791383
501225,2,3,7,M Muralitharan,0,0.011155828973413176
501225,2,4,1,R Vinay Kumar,0,0.35293061728985864
501225,2,4,2,R Vinay Kumar,1,0.643034725104374
501225,2,4,3,R Vinay Kumar,0,0.5641347480000504
501225,2,4,4,R Vinay Kumar,1,0.710467325099518
501225,2,4,5,R Vinay Kumar,1,0.6359811525724076
501225,2,4,6,R Vinay Kumar,1,0.6051518686496914
501225,2,5,1,M Muralitharan,0,0.006485520991063583
501225,2,5,2,M Muralitharan,0,0.0036521260825485946
501225,2,5,3,M Muralitharan,0,0.10851520508557912
501225,2,5,4,M Muralitharan,0,0.1324546933790105
501225,2,5,5,M Muralitharan,0,0.10773709252969463
501225,2,5,6,M Muralitharan,0,0.11359705935600826
501226,1,0,1,NL McCullum,0,0.0003495939363541661
501226,1,0,2,NL McCullum,0,0.00037283502004979485
501226,1,0,3,NL McCullum,0,0.00037633231627574247
501226,1,0,4,NL McCullum,0,0.00037633231627574247
501226,1,0,5,NL McCullum,0,0.0027213467785171903
501226,1,0,6,NL McCullum,0,0.00413168682927853
501226,1,1,1,JE Taylor,0,0.0014531377837305012
501226,1,1,2,JE Taylor,0,0.0238699572973849
501226,1,1,3,JE Taylor,0,0.043356139232236586
501226,1,1,4,JE Taylor,0,0.024639369982280217
501226,1,1,5,JE Taylor,0,0.0828112669227968
501226,1,1,6,JE Taylor,0,0.055804251771247114
501226,1,1,7,JE Taylor,1,0.37355265883136674
501226,1,2,1,NL McCullum,1,0.18729601168667123
501226,1,2,2,NL McCullum,1,0.186789701860331
501226,1,2,3,NL McCullum,1,0.1526573868229512
501226,1,2,4,NL McCullum,0,0.10865692622972264
501226,1,2,5,NL McCullum,1,0.18010848820320796
501226,1,3,1,AC Thomas,0,0.02383701711459255
501226,1,3,2,AC Thomas,1,0.9859450344049985
501226,1,3,3,AC Thomas,1,0.8871714021669008
501226,1,3,4,AC Thomas,1,0.6631479099663374
501226,1,3,5,AC Thomas,1,0.6005022533256785
501226,1,3,6,AC Thomas,1,0.5559044754430383
501226,1,4,1,JE Taylor,0,0.22245329951365586
501226,1,4,2,JE Taylor,0,0.18029530335331814
501226,1,4,3,JE Taylor,0,0.14599563919788358
501226,1,4,4,JE Taylor,1,0.3574547390568721
501226,1,4,5,JE Taylor,1,0.3533763267529032
501226,1,4,6,JE Taylor,0,0.31205883189112366
501226,1,5,1,M Kartik,0,0.00048705249395789084
501226,1,5,2,M Kartik,0,0.022949819387770767
501226,1,5,3,M Kartik,0,0.05747895774283663
501226,1,5,4,M Kartik,1,0.670670224197084
501226,1,5,5,M Kartik,1,0.8911881374207976
501226,1,5,6,M Kartik,1,0.7570393883937108
501226,2,0,1,JA Morkel,0,0.00011668192100494098
501226,2,0,2,JA Morkel,0,0.0001270724210192513
501226,2,0,3,JA Morkel,0,0.00012492546503676107
501226,2,0,4,JA Morkel,0,0.0001285856137734787
501226,2,0,5,JA Morkel,0,0.0016712427338981522
501226,2,0,6,JA Morkel,0,0.000716808456575309
501226,2,1,1,DE Bollinger,0,0.01920928454352553
501226,2,1,2,DE Bollinger,0,0.020883397014840738
501226,2,1,3,DE Bollinger,1,0.9196246870036955
501226,2,1,4,DE Bollinger,1,0.8387013059511816
501226,2,1,5,DE Bollinger,1,0.6297270611883444
501226,2,1,6,DE Bollinger,1,0.4630502740495474
501226,2,2,1,JA Morkel,0,0.004193328505740239
501226,2,2,2,JA Morkel,0,0.02526992456588836
501226,2,2,3,JA Morkel,0,0.37792672260601534
501226,2,2,4,JA Morkel,0,0.24799508089956834
501226,2,2,5,JA Morkel,0,0.24007547090745726
501226,2,2,6,JA Morkel,0,0.2329114328695903
501226,2,3,1,R Ashwin,0,0.00023443925865911368
501226,2,3,2,R Ashwin,0,0.009746063111147101
501226,2,3,3,R Ashwin,0,0.0032324477219623387
501226,2,3,4,R Ashwin,0,0.009963449357090872
501226,2,3,5,R Ashwin,1,0.713555122899379
501226,2,3,6,R Ashwin,1,0.5626892361319317
501226,2,4,1,JA Morkel,0,0.1079385099469761
501226,2,4,2,JA Morkel,0,0.17594284722256678
501226,2,4,3,JA Morkel,0,0.23662707357702362
501226,2,4,4,JA Morkel,0,0.347193199358539
501226,2,4,5,JA Morkel,1,0.34003728722138726
501226,2,4,6,JA Morkel,1,0.4472222499143248
501226,2,4,7,JA Morkel,1,0.4339200801760805
501226,2,5,1,R Ashwin,1,0.42765295148773574
501226,2,5,2,R Ashwin,1,0.4140764687977459
501226,2,5,3,R Ashwin,1,0.3522025973792452
501226,2,5,4,R Ashwin,1,0.22164857566161153
501226,2,5,5,R Ashwin,0,0.22144118094547927
501226,2,5,6,R Ashwin,0,0.20705545945593917
501229,1,0,1,RP Singh,0,0.008506698017473698
501229,1,0,2,RP Singh,0,0.008976247426086529
501229,1,0,3,RP Singh,0,0.011744508515654561
501229,1,0,4,RP Singh,0,0.010416778971186862
501229,1,0,5,RP Singh,0,0.011727733631300025
501229,1,0,6,RP Singh,0,0.012883507276372157
501229,1,0,7,RP Singh,0,0.014443995532030055
501229,1,1,1,S Sreesanth,0,0.0003618373040071148
501229,1,1,2,S Sreesanth,0,0.00040135785810989176
501229,1,1,3,S Sreesanth,0,0.00040774471621124307
501229,1,1,4,S Sreesanth,0,0.00040774471621124307
501229,1,1,5,S Sreesanth,0,0.0025949173019630704
501229,1,1,6,S Sreesanth,0,0.0011332144931101903
501229,1,2,1,RP Singh,0,0.025417199081031516
501229,1,2,2,RP Singh,0,0.06728224200899087
501229,1,2,3,RP Singh,0,0.06889811219061577
501229,1,2,4,RP Singh,0,0.07197290307692418
501229,1,2,5,RP Singh,0,0.07935105126506378
501229,1,2,6,RP Singh,0,0.06990357631498158
501229,1,3,1,S Sreesanth,0,0.0005483737989272222
501229,1,3,2,S Sreesanth,0,0.0004223268532707957
501229,1,3,3,S Sreesanth,0,0.11699686117394696
501229,1,3,4,S Sreesanth,0,0.17965410930391557
501229,1,3,5,S Sreesanth,0,0.18314603009754782
501229,1,3,6,S Sreesanth,0,0.18037903919120685
501229,1,3,7,S Sreesanth,0,0.16141682953199069
501229,1,3,8,S Sreesanth,0,0.19101917274075697
501229,1,3,9,S Sreesanth,0,0.14730796666039536
501229,1,4,1,RP Singh,0,0.10662783957082407
501229,1,4,2,RP Singh,0,0.12213877390303153
501229,1,4,3,RP Singh,0,0.10926662800225188
501229,1,4,4,RP Singh,0,0.10715779418428685
501229,1,4,5,RP Singh,0,0.11527239977697026
501229,1,4,6,RP Singh,0,0.1227115916022787
501229,1,5,1,R Vinay Kumar,0,0.01175659394782406
501229,1,5,2,R Vinay Kumar,0,0.018971611181952206
501229,1,5,3,R Vinay Kumar,0,0.009020356725757883
501229,1,5,4,R Vinay Kumar,0,0.007007858619142667
501229,1,5,5,R Vinay Kumar,0,0.004323309614086783
501229,1,5,6,R Vinay Kumar,0,0.0026978512395386986
501229,2,0,1,DW Steyn,0,0.00022885722781821458
501229,2,0,2,DW Steyn,0,0.00023728602077894559
501229,2,0,3,DW Steyn,0,0.0002260108695599373
501229,2,0,4,DW Steyn,0,0.0002496839677332573
501229,2,0,5,DW Steyn,0,0.00023634326785560475
501229,2,0,6,DW Steyn,0,0.00022257940944427803
501229,2,1,1,I Sharma,0,0.0002621805879701215
501229,2,1,2,I Sharma,0,0.0005305579063380126
501229,2,1,3,I Sharma,0,0.00030016605207933145
501229,2,1,4,I Sharma,0,0.00030016605207933145
501229,2,1,5,I Sharma,0,0.0009788296047102201
501229,2,1,6,I Sharma,0,0.0007076304782373565
501229,2,1,7,I Sharma,0,0.0002660994453238674
501229,2,2,1,DW Steyn,0,0.00019339055349015604
501229,2,2,2,DW Steyn,0,0.00019339055349015604
501229,2,2,3,DW Steyn,0,0.00019339055349015604
501229,2,2,4,DW Steyn,0,0.00019339055349015604
501229,2,2,5,DW Steyn,0,0.00019339055349015604
501229,2,2,6,DW Steyn,0,0.007203975558753732
501229,2,3,1,I Sharma,0,0.00022524187004433933
501229,2,3,2,I Sharma,0,0.00022524187004433933
501229,2,3,3,I Sharma,0,0.00022524187004433933
501229,2,3,4,I Sharma,0,0.02921783727827578
501229,2,3,5,I Sharma,0,0.1586615592086547
501229,2,3,6,I Sharma,0,0.12216338878982179
501229,2,4,1,DW Steyn,0,0.009211249867383201
501229,2,4,2,DW Steyn,0,0.07131855211621274
501229,2,4,3,DW Steyn,1,0.17258115672887508
501229,2,4,4,DW Steyn,1,0.15466493958349456
501229,2,4,5,DW Steyn,1,0.18662930599756336
501229,2,4,6,DW Steyn,1,0.14876913873653735
501229,2,4,7,DW Steyn,1,0.19248597461643177
501229,2,4,8,DW Steyn,1,0.22027048022327825
501229,2,5,1,I Sharma,0,0.22466360035390068
501229,2,5,2,I Sharma,0,0.30456291294412546
501229,2,5,3,I Sharma,0,0.23789104260577423
501229,2,5,4,I Sharma,0,0.27375839911802413
501229,2,5,5,I Sharma,1,0.3224003696431412
501230,1,0,1,IK Pathan,0,0.010038165828064445
501230,1,0,2,IK Pathan,0,0.003423878165319893
501230,1,0,3,IK Pathan,0,0.006150082815442043
501230,1,0,4,IK Pathan,0,0.00385085248049053
501230,1,0,5,IK Pathan,0,0.0069452127297151165
501230,1,0,6,IK Pathan,0,0.010270603954191201
501230,1,1,1,M Morkel,0,0.0005128433697938494
501230,1,1,2,M Morkel,0,0.009989211100118613
501230,1,1,3,M Morkel,0,0.0017626361529720362
501230,1,1,4,M Morkel,0,0.0007802639095924034
501230,1,1,5,M Morkel,0,0.3974562067373604
501230,1,1,6,M Morkel,0,0.21283749986937012
501230,1,1,7,M Morkel,0,0.6485928317502326
501230,1,2,1,IK Pathan,0,0.009206641617450434
501230,1,2,2,IK Pathan,0,0.0061923050765571456
501230,1,2,3,IK Pathan,0,0.009796853999899116
501230,1,2,4,IK Pathan,0,0.006590562063039489
501230,1,2,5,IK Pathan,0,0.004916923054244868
501230,1,2,6,IK Pathan,0,0.0071079343897580746
501230,1,3,1,M Morkel,0,0.3842992452058404
501230,1,3,2,M Morkel,0,0.6510792818379916
501230,1,3,3,M Morkel,0,0.6434671690866385
501230,1,3,4,M Morkel,1,0.7713689983495099
501230,1,3,5,M Morkel,1,0.8878622047869756
501230,1,3,6,M Morkel,1,0.8403247071056199
501230,1,4,1,IK Pathan,0,0.011145780464972211
501230,1,4,2,IK Pathan,0,0.00850372642247764
501230,1,4,3,IK Pathan,0,0.009766105697536921
501230,1,4,4,IK Pathan,0,0.007706316152410293
501230,1,4,5,IK Pathan,0,0.010200737971213784
501230,1,4,6,IK Pathan,1,0.026135826073878123
501230,1,5,1,UT Yadav,0,0.0003886506981341428
501230,1,5,2,UT Yadav,0,0.004461076111633734
501230,1,5,3,UT Yadav,0,0.00226426113021148
501230,1,5,4,UT Yadav,0,0.004933509318970506
501230,1,5,5,UT Yadav,0,0.45695554603789185
501230,1,5,6,UT Yadav,1,0.49689916304611925
501230,2,0,1,B Lee,0,0.0009227626853093982
501230,2,0,2,B Lee,0,0.02430127617032242
501230,2,0,3,B Lee,1,0.980123234537279
501230,2,0,4,B Lee,1,0.917219703908304
501230,2,0,5,B Lee,1,0.7992048550158801
501230,2,0,6,B Lee,1,0.5802761118115218
501230,2,0,7,B Lee,1,0.4065446540231066
501230,2,1,1,L Balaji,0,0.0005535651547700581
501230,2,1,2,L Balaji,1,0.9258616838850853
501230,2,1,3,L Balaji,1,0.8026317235346673
501230,2,1,4,L Balaji,0,0.7358433747450903
501230,2,1,5,L Balaji,0,0.584308278186793
501230,2,1,6,L Balaji,0,0.4546921326756113
501230,2,2,1,B Lee,1,0.23350691673687463
501230,2,2,2,B Lee,0,0.18572305844014267
501230,2,2,3,B Lee,0,0.10633897487730276
501230,2,2,4,B Lee,0,0.10466294457131249
501230,2,2,5,B Lee,0,0.11409329117497191
501230,2,2,6,B Lee,0,0.100817515305604
501230,2,3,1,L Balaji,0,0.2508134224270472
501230,2,3,2,L Balaji,1,0.7257262285781083
501230,2,3,3,L Balaji,1,0.824765680667319
501230,2,3,4,L Balaji,1,0.7226867439041764
501230,2,3,5,L Balaji,1,0.6456666382111601
501230,2,3,6,L Balaji,1,0.6230768296439461
501230,2,4,1,JD Unadkat,0,0.03256923923610499
501230,2,4,2,JD Unadkat,0,0.016514658823900512
501230,2,4,3,JD Unadkat,0,0.005299490815451666
501230,2,4,4,JD Unadkat,0,0.003509459119554509
501230,2,4,5,JD Unadkat,0,0.00906824271666914
501230,2,4,6,JD Unadkat,1,0.2971973484409658
501230,2,5,1,Iqbal Abdulla,0,0.0009425325192729674
501230,2,5,2,Iqbal Abdulla,0,0.046206799835382444
501230,2,5,3,Iqbal Abdulla,0,0.009932018043605807
501230,2,5,4,Iqbal Abdulla,0,0.06653375741960314
501230,2,5,5,Iqbal Abdulla,0,0.028945534231509695
501230,2,5,6,Iqbal Abdulla,1,0.38975345088472735
501230,2,5,7,Iqbal Abdulla,1,0.4355018306488476
501231,1,0,1,AL Menaria,0,0.022081334758142192
501231,1,0,2,AL Menaria,1,0.9629077500896961
501231,1,0,3,AL Menaria,1,0.8725157837730303
501231,1,0,4,AL Menaria,1,0.5859426137474296
501231,1,0,5,AL Menaria,1,0.3570884758420172
501231,1,0,6,AL Menaria,1,0.34558448195958485
501231,1,1,1,A Singh,0,0.008421829552686534
501231,1,1,2,A Singh,0,0.012573018349361047
501231,1,1,3,A Singh,0,0.007950974950485055
501231,1,1,4,A Singh,0,0.013810220742138252
501231,1,1,5,A Singh,0,0.01950067657019379
501231,1,1,6,A Singh,0,0.023518519326850403
501231,1,1,7,A Singh,0,0.029877600685750263
501231,1,2,1,SR Watson,0,0.00046195851093002355
501231,1,2,2,SR Watson,0,0.01033495405266403
501231,1,2,3,SR Watson,0,0.017729925299506132
501231,1,2,4,SR Watson,1,0.8126804051125331
501231,1,2,5,SR Watson,1,0.601403880410746
501231,1,2,6,SR Watson,1,0.5753352782694451
501231,1,3,1,A Singh,0,0.016790703641504107
501231,1,3,2,A Singh,0,0.01424770475408789
501231,1,3,3,A Singh,0,0.017814989713401886
501231,1,3,4,A Singh,0,0.015706488223764088
501231,1,3,5,A Singh,0,0.01644140850160919
501231,1,3,6,A Singh,1,0.09649350710509819
501231,1,4,1,AL Menaria,1,0.18320984423520006
501231,1,4,2,AL Menaria,1,0.15828950529354532
501231,1,4,3,AL Menaria,0,0.08199394603817042
501231,1,4,4,AL Menaria,0,0.08220408176159652
501231,1,4,5,AL Menaria,0,0.08396006285516303
501231,1,4,6,AL Menaria,0,0.0752447008706718
501231,1,5,1,A Singh,1,0.044140645111446435
501231,1,5,2,A Singh,1,0.0407110719379106
501231,1,5,3,A Singh,1,0.040225739504994876
501231,1,5,4,A Singh,1,0.04246385368808415
501231,1,5,5,A Singh,1,0.04461043171236313
501231,1,5,6,A Singh,1,0.045050736518698536
501231,2,0,1,SL Malinga,0,0.00023879938147284486
501231,2,0,2,SL Malinga,0,0.013113892772828114
501231,2,0,3,SL Malinga,0,0.014031105982738946
501231,2,0,4,SL Malinga,0,0.020361021482457855
501231,2,0,5,SL Malinga,0,0.01444107879135421
501231,2,0,6,SL Malinga,0,0.008816575649040183
501231,2,1,1,MM Patel,0,0.00027055336553762234
501231,2,1,2,MM Patel,1,0.8932490574691256
501231,2,1,3,MM Patel,1,0.5148357044802554
501231,2,1,4,MM Patel,1,0.2468875344786578
501231,2,1,5,MM Patel,1,0.13946422281253984
501231,2,1,6,MM Patel,0,0.09678534681855677
501231,2,2,1,SL Malinga,0,0.004752905320060097
501231,2,2,2,SL Malinga,0,0.002474257472501443
501231,2,2,3,SL Malinga,0,0.0022674583665798186
501231,2,2,4,SL Malinga,0,0.0022674583665798186
501231,2,2,5,SL Malinga,0,0.00434405274774135
501231,2,2,6,SL Malinga,0,0.11329810310341393
501231,2,3,1,AG Murtaza,0,0.0011004074478639949
501231,2,3,2,AG Murtaza,0,0.0011943980690886557
501231,2,3,3,AG Murtaza,0,0.018534089142763412
501231,2,3,4,AG Murtaza,0,0.027111755982547964
501231,2,3,5,AG Murtaza,0,0.03649889816582639
501231,2,3,6,AG Murtaza,0,0.03297237920417551
501231,2,4,1,MM Patel,0,0.02349961552595356
501231,2,4,2,MM Patel,0,0.014217944373681544
501231,2,4,3,MM Patel,0,0.005611323995592695
501231,2,4,4,MM Patel,0,0.005482621468626466
501231,2,4,5,MM Patel,0,0.004722858444868577
501231,2,4,6,MM Patel,0,0.004898282788947843
501231,2,5,1,AG Murtaza,0,0.05329435212044411
501231,2,5,2,AG Murtaza,0,0.047713769033005275
501231,2,5,3,AG Murtaza,0,0.046320527890053545
501231,2,5,4,AG Murtaza,0,0.04400436171001067
501231,2,5,5,AG Murtaza,0,0.036584059281592564
501231,2,5,6,AG Murtaza,0,0.03055569418139908
501240,1,0,1,JA Morkel,0,0.00020074539885905562
501240,1,0,2,JA Morkel,0,0.007766324227518569
501240,1,0,3,JA Morkel,0,0.02438252484254126
501240,1,0,4,JA Morkel,0,0.008382459888911281
501240,1,0,5,JA Morkel,0,0.003605439027131508
501240,1,0,6,JA Morkel,0,0.04358891996815101
501240,1,1,1,DE Bollinger,0,0.00022234328427011744
501240,1,1,2,DE Bollinger,0,0.008303528221219146
501240,1,1,3,DE Bollinger,0,0.0030377434241790633
501240,1,1,4,DE Bollinger,0,0.00881733935028943
501240,1,1,5,DE Bollinger,1,0.40560736115685136
501240,1,1,6,DE Bollinger,0,0.35945322641128996
501240,1,2,1,JA Morkel,0,0.04386300600029196
501240,1,2,2,JA Morkel,0,0.029274794083178166
501240,1,2,3,JA Morkel,0,0.04642310090803935
501240,1,2,4,JA Morkel,0,0.03509068494146029
501240,1,2,5,JA Morkel,0,0.03427921857919664
501240,1,2,6,JA Morkel,0,0.024564513814507003
501240,1,3,1,DE Bollinger,1,0.4938375454419625
501240,1,3,2,DE Bollinger,1,0.4422758121346916
501240,1,3,3,DE Bollinger,0,0.40776076873325173
501240,1,3,4,DE Bollinger,0,0.3981494285411615
501240,1,3,5,DE Bollinger,0,0.3967090832245989
501240,1,3,6,DE Bollinger,0,0.34969658425792144
501240,1,4,1,JA Morkel,0,0.2775671169016872
501240,1,4,2,JA Morkel,0,0.274403939577734
501240,1,4,3,JA Morkel,1,0.42346287429974316
501240,1,4,4,JA Morkel,0,0.40255242133540403
501240,1,4,5,JA Morkel,0,0.4110514656677326
501240,1,4,6,JA Morkel,1,0.47646531884871385
501240,1,5,1,R Ashwin,0,0.03354363798917843
501240,1,5,2,R Ashwin,0,0.012780888444741552
501240,1,5,3,R Ashwin,1,0.7547690100751916
501240,1,5,4,R Ashwin,1,0.6743769276781388
501240,1,5,5,R Ashwin,1,0.8715311457716916
501240,1,5,6,R Ashwin,1,0.7853630800579149
501240,2,0,1,ND Doshi,0,0.0001747596268999584
501240,2,0,2,ND Doshi,0,0.004132741074213163
501240,2,0,3,ND Doshi,0,0.0016456225331785328
501240,2,0,4,ND Doshi,0,0.0011870586321203948
501240,2,0,5,ND Doshi,0,0.0008523585157657007
501240,2,0,6,ND Doshi,0,0.15598677136029482
501240,2,1,1,J Botha,0,0.0211771341681921
501240,2,1,2,J Botha,0,0.02136729857041408
501240,2,1,3,J Botha,0,0.012021460135921497
501240,2,1,4,J Botha,0,0.013283059712737777
501240,2,1,5,J Botha,0,0.00877515737918999
501240,2,1,6,J Botha,0,0.0045907612347297925
501240,2,2,1,SR Watson,0,0.0002113125900380632
501240,2,2,2,SR Watson,0,0.004556262628064345
501240,2,2,3,SR Watson,0,0.011917479183559402
501240,2,2,4,SR Watson,0,0.04054374190964974
501240,2,2,5,SR Watson,0,0.02671237298995374
501240,2,2,6,SR Watson,1,0.3822268458968815
501240,2,3,1,J Botha,0,0.009755547473954051
501240,2,3,2,J Botha,1,0.2068458485824963
501240,2,3,3,J Botha,1,0.217519569605462
501240,2,3,4,J Botha,1,0.2015101833794278
501240,2,3,5,J Botha,1,0.2220427423907982
501240,2,3,6,J Botha,1,0.19167916419394523
501240,2,4,1,SK Trivedi,0,0.032643341065557184
501240,2,4,2,SK Trivedi,0,0.013312406106197024
501240,2,4,3,SK Trivedi,0,0.028617058512191075
501240,2,4,4,SK Trivedi,1,0.9294482445710152
501240,2,4,5,SK Trivedi,1,0.9334570042528888
501240,2,4,6,SK Trivedi,1,0.8580481514198188
501240,2,4,7,SK Trivedi,1,0.6291347260115714
501240,2,4,8,SK Trivedi,1,0.51693608396973
501240,2,5,1,J Botha,1,0.132636454991546
501240,2,5,2,J Botha,1,0.1314752732250072
501240,2,5,3,J Botha,1,0.1101888168749506
501240,2,5,4,J Botha,1,0.13729535971174994
501240,2,5,5,J Botha,1,0.10336876790982669
501240,2,5,6,J Botha,1,0.144879531553002
501243,1,0,1,M Morkel,1,0.9992913450422501
501243,1,0,2,M Morkel,1,0.999307563532837
501243,1,0,3,M Morkel,1,0.9817840093798916
501243,1,0,4,M Morkel,1,0.9351220415555708
501243,1,0,5,M Morkel,1,0.786862669031227
501243,1,0,6,M Morkel,0,0.5052087288653794
501243,1,1,1,IK Pathan,0,0.022306677607424587
501243,1,1,2,IK Pathan,0,0.02794646261745401
501243,1,1,3,IK Pathan,0,0.01225938455914924
501243,1,1,4,IK Pathan,0,0.015365090363536706
501243,1,1,5,IK Pathan,0,0.03067721551464966
501243,1,1,6,IK Pathan,0,0.015123952123760276
501243,1,2,1,AM Salvi,1,0.9992154056410735
501243,1,2,2,AM Salvi,1,0.970991182991665
501243,1,2,3,AM Salvi,1,0.8549644000464574
501243,1,2,4,AM Salvi,1,0.5040205776559828
501243,1,2,5,AM Salvi,0,0.3684751439767202
501243,1,2,6,AM Salvi,0,0.1820356623193152
501243,1,3,1,IK Pathan,0,0.012188224701384453
501243,1,3,2,IK Pathan,1,0.21097523096483842
501243,1,3,3,IK Pathan,1,0.2111724704537918
501243,1,3,4,IK Pathan,0,0.12603017923057222
501243,1,3,5,IK Pathan,0,0.08003288542447033
501243,1,3,6,IK Pathan,0,0.05853668824050447
501243,1,4,1,AM Salvi,0,0.15243059747130666
501243,1,4,2,AM Salvi,0,0.0669097493367984
501243,1,4,3,AM Salvi,0,0.04542126421922471
501243,1,4,4,AM Salvi,0,0.3468616650869682
501243,1,4,5,AM Salvi,0,0.23820301865390575
501243,1,4,6,AM Salvi,0,0.2529847060640832
501243,1,5,1,M Morkel,0,0.23537446137667892
501243,1,5,2,M Morkel,0,0.6970449448464947
501243,1,5,3,M Morkel,1,0.8647842681644073
501243,1,5,4,M Morkel,1,0.915918158132264
501243,1,5,5,M Morkel,1,0.871001234870996
501243,1,5,6,M Morkel,1,0.8618945481462976
501243,2,0,1,DW Steyn,0,0.00043963713608646
501243,2,0,2,DW Steyn,0,0.0009025408583515636
501243,2,0,3,DW Steyn,0,0.0004643982157725289
501243,2,0,4,DW Steyn,0,0.0004643982157725289
501243,2,0,5,DW Steyn,0,0.012670289790503775
501243,2,0,6,DW Steyn,0,0.1485920335073632
501243,2,1,1,I Sharma,0,0.09524314645639712
501243,2,1,2,I Sharma,0,0.06811755932050484
501243,2,1,3,I Sharma,0,0.02244014982054792
501243,2,1,4,I Sharma,0,0.11113768017742585
501243,2,1,5,I Sharma,0,0.04631949736145793
501243,2,1,6,I Sharma,0,0.16481118933740987
501243,2,1,7,I Sharma,0,0.10301236392987632
501243,2,2,1,DW Steyn,1,0.2943001163408888
501243,2,2,2,DW Steyn,0,0.16779013931787273
501243,2,2,3,DW Steyn,0,0.21051320981581315
501243,2,2,4,DW Steyn,0,0.11633874497154625
501243,2,2,5,DW Steyn,0,0.1425951300219546
501243,2,2,6,DW Steyn,0,0.1312993265515126
501243,2,2,7,DW Steyn,0,0.15455741217970762
501243,2,3,1,I Sharma,1,0.2769934058240222
501243,2,3,2,I Sharma,1,0.21844138646710506
501243,2,3,3,I Sharma,1,0.1258961757711737
501243,2,3,4,I Sharma,1,0.15393381781648016
501243,2,3,5,I Sharma,0,0.1514336198324074
501243,2,3,6,I Sharma,1,0.1666624062022868
501243,2,4,1,DT Christian,0,0.003547025510849146
501243,2,4,2,DT Christian,0,0.07915309923718916
501243,2,4,3,DT Christian,0,0.15386148087118456
501243,2,4,4,DT Christian,0,0.1151117393487465
501243,2,4,5,DT Christian,0,0.143935260309534
501243,2,4,6,DT Christian,0,0.16617382221657584
501243,2,4,7,DT Christian,0,0.1991268846156967
501243,2,4,8,DT Christian,0,0.1627841890523983
501243,2,4,9,DT Christian,0,0.15598139437166808
501243,2,5,1,I Sharma,1,0.16892383263180058
501243,2,5,2,I Sharma,0,0.26153830243599496
501243,2,5,3,I Sharma,0,0.26777655686973645
501243,2,5,4,I Sharma,0,0.25360628084982234
501243,2,5,5,I Sharma,0,0.3027932610986871
501243,2,5,6,I Sharma,0,0.23852302623642277
501243,2,5,7,I Sharma,1,0.26464417729645606
501250,1,0,1,B Kumar,0,0.00024440416784892
501250,1,0,2,B Kumar,0,0.00027310167148923443
501250,1,0,3,B Kumar,0,0.0033509958739499717
501250,1,0,4,B Kumar,0,0.011965842626889534
501250,1,0,5,B Kumar,0,0.01783409125546351
501250,1,0,6,B Kumar,0,0.023942695751512835
501250,1,1,1,SB Wagh,0,0.0002535180451658699
501250,1,1,2,SB Wagh,0,0.00028328538087838117
501250,1,1,3,SB Wagh,0,0.00028704989636713074
501250,1,1,4,SB Wagh,0,0.00028704989636713074
501250,1,1,5,SB Wagh,0,0.18483587857437245
501250,1,2,1,B Kumar,0,0.019731333917575082
501250,1,2,2,B Kumar,0,0.19251552433992505
501250,1,2,3,B Kumar,0,0.17177009088275963
501250,1,2,4,B Kumar,0,0.1806725479051697
501250,1,2,5,B Kumar,0,0.17934680311308412
501250,1,2,6,B Kumar,0,0.17934680311308412
501250,1,3,1,WD Parnell,0,0.018868622297961594
501250,1,3,2,WD Parnell,0,0.0195322137246169
501250,1,3,3,WD Parnell,0,0.016991080786235287
501250,1,3,4,WD Parnell,0,0.022727057165146704
501250,1,3,5,WD Parnell,0,0.03573718790889998
501250,1,3,6,WD Parnell,1,0.7035763310612988
501250,1,3,7,WD Parnell,0,0.6259394159482434
501250,1,4,1,R Sharma,0,0.02688373278323706
501250,1,4,2,R Sharma,0,0.02782121482188834
501250,1,4,3,R Sharma,0,0.023448052936627595
501250,1,4,4,R Sharma,0,0.02955956998073635
501250,1,4,5,R Sharma,0,0.053734816230205956
501250,1,4,6,R Sharma,1,0.6841972382213516
501250,1,5,1,WD Parnell,0,0.23485080316216728
501250,1,5,2,WD Parnell,1,0.6810301154421949
501250,1,5,3,WD Parnell,0,0.4792694768781526
501250,1,5,4,WD Parnell,0,0.4513738831610724
501250,1,5,5,WD Parnell,0,0.3521978362908275
501250,1,5,6,WD Parnell,1,0.6872277099358175
501250,2,0,1,DW Steyn,0,0.0003097381229647586
501250,2,0,2,DW Steyn,0,0.0003229543267939226
501250,2,0,3,DW Steyn,0,0.0002976759549403219
501250,2,0,4,DW Steyn,0,0.2204675105717798
501250,2,0,5,DW Steyn,1,0.9054543229528332
501250,2,0,6,DW Steyn,1,0.9226763507597366
501250,2,0,7,DW Steyn,1,0.9706508282151008
501250,2,1,1,I Sharma,0,0.00037800059162745577
501250,2,1,2,I Sharma,0,0.00039412833572777527
501250,2,1,3,I Sharma,0,0.012370663754441076
501250,2,1,4,I Sharma,0,0.006569942712415361
501250,2,1,5,I Sharma,0,0.27430169700152657
501250,2,1,6,I Sharma,1,0.7745986985663033
501250,2,2,1,PP Ojha,0,0.0004669506357762916
501250,2,2,2,PP Ojha,1,0.9446072986033841
501250,2,2,3,PP Ojha,1,0.6166231394159739
501250,2,2,4,PP Ojha,1,0.5759279381669814
501250,2,2,5,PP Ojha,1,0.4965797896694244
501250,2,2,6,PP Ojha,1,0.3575251048718763
501250,2,3,1,JP Duminy,0,0.047960402210658
501250,2,3,2,JP Duminy,0,0.04118807736777741
501250,2,3,3,JP Duminy,0,0.03747515753412115
501250,2,3,4,JP Duminy,0,0.8677845879023268
501250,2,3,5,JP Duminy,0,0.7072887255695846
501250,2,3,6,JP Duminy,0,0.5740796035634964
501250,2,4,1,DT Christian,1,0.9996101351926118
501250,2,4,2,DT Christian,1,0.9436564316046945
501250,2,4,3,DT Christian,1,0.6149407267099632
501250,2,4,4,DT Christian,1,0.6005553359303718
501250,2,4,5,DT Christian,0,0.32348015805315705
501250,2,4,6,DT Christian,0,0.19089656784854384
501250,2,5,1,A Mishra,0,0.000637282561427067
501250,2,5,2,A Mishra,1,0.938038792030972
501250,2,5,3,A Mishra,1,0.6352264251028843
501250,2,5,4,A Mishra,0,0.27560807943599347
501250,2,5,5,A Mishra,0,0.29554005313062714
501250,2,5,6,A Mishra,1,0.7869073454476049
501254,1,0,1,RJ Harris,0,0.0005000201742774013
501254,1,0,2,RJ Harris,0,0.03298752235601453
501254,1,0,3,RJ Harris,0,0.03914073275825292
501254,1,0,4,RJ Harris,0,0.04973953163945638
501254,1,0,5,RJ Harris,0,0.028657301799698557
501254,1,0,6,RJ Harris,1,0.579602533691867
501254,1,0,7,RJ Harris,1,0.7329594656002091
501254,1,0,8,RJ Harris,1,0.6033417944856757
501254,1,1,1,BA Bhatt,0,0.0015083540169824922
501254,1,1,2,BA Bhatt,0,0.016912210856424192
501254,1,1,3,BA Bhatt,0,0.004952829909367556
501254,1,1,4,BA Bhatt,0,0.0015082176652537142
501254,1,1,5,BA Bhatt,0,0.013147651386253515
501254,1,1,6,BA Bhatt,0,0.19654780811770958
501254,1,1,7,BA Bhatt,0,0.1949115318067793
501254,1,2,1,Bipul Sharma,0,0.00031784084049515
501254,1,2,2,Bipul Sharma,0,0.0003286740179162626
501254,1,2,3,Bipul Sharma,1,0.24899653404770822
501254,1,2,4,Bipul Sharma,0,0.24313274347180847
501254,1,2,5,Bipul Sharma,1,0.5277405055489645
501254,1,2,6,Bipul Sharma,1,0.3253490593993553
501254,1,3,1,SJ Srivastava,0,0.01690501952150516
501254,1,3,2,SJ Srivastava,0,0.016316172246114157
501254,1,3,3,SJ Srivastava,0,0.019249355887388398
501254,1,3,4,SJ Srivastava,0,0.017593322459330242
501254,1,3,5,SJ Srivastava,0,0.01802830781961155
501254,1,3,6,SJ Srivastava,0,0.024177503348068615
501254,1,3,7,SJ Srivastava,0,0.022564516911906283
501254,1,4,1,BA Bhatt,0,0.13499807512316483
501254,1,4,2,BA Bhatt,0,0.1436678090962894
501254,1,4,3,BA Bhatt,0,0.0632906239752607
501254,1,4,4,BA Bhatt,0,0.06316043350210905
501254,1,4,5,BA Bhatt,0,0.17554845403872898
501254,1,4,6,BA Bhatt,0,0.2234630879776244
501254,1,5,1,SJ Srivastava,0,0.020857320035834594
501254,1,5,2,SJ Srivastava,0,0.014040913412434027
501254,1,5,3,SJ Srivastava,0,0.18946558395840837
501254,1,5,4,SJ Srivastava,0,0.13044505162309955
501254,1,5,5,SJ Srivastava,0,0.10665495094011189
501254,1,5,6,SJ Srivastava,1,0.2863039320439659
501254,1,5,7,SJ Srivastava,1,0.29397266118685184
501254,2,0,1,RP Singh,0,0.0011327332732843347
501254,2,0,2,RP Singh,0,0.01387455340720674
501254,2,0,3,RP Singh,0,0.011774826354076718
501254,2,0,4,RP Singh,0,0.01268813461190037
501254,2,0,5,RP Singh,0,0.004134304462147972
501254,2,0,6,RP Singh,0,0.0022879195003396267
501254,2,0,7,RP Singh,1,0.3495391942397644
501254,2,0,8,RP Singh,1,0.3704430053382123
501254,2,1,1,S Sreesanth,0,0.02923141643315044
501254,2,1,2,S Sreesanth,0,0.01384892375609616
501254,2,1,3,S Sreesanth,1,0.6904024180108057
501254,2,1,4,S Sreesanth,0,0.42488265528693403
501254,2,1,5,S Sreesanth,0,0.36936827504266867
501254,2,1,6,S Sreesanth,0,0.3843108122158088
501254,2,2,1,RP Singh,1,0.5798464864423373
501254,2,2,2,RP Singh,1,0.5250001419809748
501254,2,2,3,RP Singh,1,0.7319082625807627
501254,2,2,4,RP Singh,1,0.5834106552779073
501254,2,2,5,RP Singh,1,0.570389948618309
501254,2,2,6,RP Singh,1,0.5222948140315609
501254,2,3,1,S Sreesanth,0,0.2616818692335877
501254,2,3,2,S Sreesanth,0,0.325872771403034
501254,2,3,3,S Sreesanth,0,0.2400296443488587
501254,2,3,4,S Sreesanth,0,0.24551897218460508
501254,2,3,5,S Sreesanth,0,0.22184725973404074
501254,2,3,6,S Sreesanth,0,0.22517752489085463
501254,2,3,7,S Sreesanth,0,0.23181372740090445
501254,2,4,1,RP Singh,1,0.4564704214790995
501254,2,4,2,RP Singh,1,0.4371565377112831
501254,2,4,3,RP Singh,1,0.3906021460017819
501254,2,4,4,RP Singh,1,0.3926308691537958
501254,2,4,5,RP Singh,1,0.378146198535661
501254,2,4,6,RP Singh,1,0.4349402386817934
501254,2,5,1,S Sreesanth,0,0.27808782443863767
501254,2,5,2,S Sreesanth,0,0.28606705706618474
501254,2,5,3,S Sreesanth,0,0.45189735704435047
501254,2,5,4,S Sreesanth,0,0.5153825275395206
501254,2,5,5,S Sreesanth,0,0.5039555175869196
501254,2,5,6,S Sreesanth,0,0.556166285374626
501256,1,0,1,SL Malinga,0,0.00041283203313226816
501256,1,0,2,SL Malinga,0,0.0003975224787885063
501256,1,0,3,SL Malinga,0,0.0004028044536289375
501256,1,0,4,SL Malinga,0,0.0017100097344955403
501256,1,0,5,SL Malinga,0,0.0013300568947856551
501256,1,0,6,SL Malinga,0,0.00068278318482962
501256,1,1,1,MM Patel,0,0.00043411145814048756
501256,1,1,2,MM Patel,0,0.00043885253956158003
501256,1,1,3,MM Patel,0,0.0004446834323572745
501256,1,1,4,MM Patel,0,0.0004446834323572745
501256,1,1,5,MM Patel,0,0.0015046070861475182
501256,1,1,6,MM Patel,0,0.0008096844960830492
501256,1,2,1,Harbhajan Singh,0,0.0003663297797106427
501256,1,2,2,Harbhajan Singh,0,0.00037970995860932456
501256,1,2,3,Harbhajan Singh,0,0.002392787555588264
501256,1,2,4,Harbhajan Singh,0,0.001685552246371351
501256,1,2,5,Harbhajan Singh,0,0.003100084753702373
501256,1,2,6,Harbhajan Singh,0,0.007451525895477565
501256,1,3,1,MM Patel,0,0.0018161810504691083
501256,1,3,2,MM Patel,0,0.4228710776361499
501256,1,3,3,MM Patel,0,0.26131609387041527
501256,1,3,4,MM Patel,0,0.18220100987388463
501256,1,3,5,MM Patel,0,0.13288842507129184
501256,1,3,6,MM Patel,0,0.2401080330134457
501256,1,4,1,Harbhajan Singh,1,0.5100477647516394
501256,1,4,2,Harbhajan Singh,1,0.5177903304802132
501256,1,4,3,Harbhajan Singh,0,0.40818893824331415
501256,1,4,4,Harbhajan Singh,0,0.3890666967414132
501256,1,4,5,Harbhajan Singh,0,0.3890666967414132
501256,1,4,6,Harbhajan Singh,0,0.390150975678461
501256,1,5,1,DS Kulkarni,0,0.02914014538164166
501256,1,5,2,DS Kulkarni,0,0.028495974464636524
501256,1,5,3,DS Kulkarni,1,0.887741021079922
501256,1,5,4,DS Kulkarni,1,0.8717746404020006
501256,1,5,5,DS Kulkarni,1,0.8086595375601504
501256,1,5,6,DS Kulkarni,1,0.7799472330497909
501256,2,0,1,JP Duminy,0,0.0013124389993643276
501256,2,0,2,JP Duminy,0,0.0013065281534180408
501256,2,0,3,JP Duminy,1,0.008975549225950962
501256,2,0,4,JP Duminy,1,0.006631873955848723
501256,2,0,5,JP Duminy,0,0.004428550338672741
501256,2,0,6,JP Duminy,0,0.0019129162142779929
501256,2,1,1,I Sharma,0,0.0011493350356945272
501256,2,1,2,I Sharma,0,0.032171595205790306
501256,2,1,3,I Sharma,0,0.03354157712084062
501256,2,1,4,I Sharma,0,0.04301689029913588
501256,2,1,5,I Sharma,0,0.03459079625355542
501256,2,1,6,I Sharma,0,0.06105666510474613
501256,2,2,1,JP Duminy,0,0.0013999566556258467
501256,2,2,2,JP Duminy,0,0.0011145550572038807
501256,2,2,3,JP Duminy,1,0.0059697274715045535
501256,2,2,4,JP Duminy,1,0.005510345360639915
501256,2,2,5,JP Duminy,1,0.004089112695326877
501256,2,3,1,I Sharma,0,0.04832202744474376
501256,2,3,2,I Sharma,0,0.06129471645915697
501256,2,3,3,I Sharma,0,0.3730050823702051
501256,2,3,4,I Sharma,0,0.2567495487093486
501256,2,3,5,I Sharma,0,0.2475878976682093
501256,2,3,6,I Sharma,0,0.2477205046202194
501256,2,3,7,I Sharma,0,0.23505701445577878
501256,2,4,1,PP Ojha,0,0.0550871053841029
501256,2,4,2,PP Ojha,0,0.022219211217442275
501256,2,4,3,PP Ojha,0,0.006547043543641038
501256,2,4,4,PP Ojha,0,0.004293775868589053
501256,2,4,5,PP Ojha,1,0.37796431219543997
501256,2,4,6,PP Ojha,1,0.25507762916638
501256,2,5,1,I Sharma,0,0.09609624354643956
501256,2,5,2,I Sharma,0,0.08805560075957426
501256,2,5,3,I Sharma,0,0.09018787889400091
501256,2,5,4,I Sharma,0,0.10819231464926296
501256,2,5,5,I Sharma,0,0.09282316908377136
501256,2,5,6,I Sharma,0,0.07238969878550662
501265,1,0,1,AC Thomas,0,0.02253129162688153
501265,1,0,2,AC Thomas,0,0.014241755567013355
501265,1,0,3,AC Thomas,0,0.004617536613167779
501265,1,0,4,AC Thomas,0,0.002986437405259368
501265,1,0,5,AC Thomas,0,0.0021841941922260306
501265,1,0,6,AC Thomas,0,0.0008914804140770544
501265,1,1,1,JP Faulkner,0,0.00047317891646171797
501265,1,1,2,JP Faulkner,0,0.0004855239252713073
501265,1,1,3,JP Faulkner,0,0.0004932494676939438
501265,1,1,4,JP Faulkner,0,0.0004932494676939438
501265,1,1,5,JP Faulkner,0,0.0004932494676939438
501265,1,1,6,JP Faulkner,0,0.0004904385841684335
501265,1,2,1,AC Thomas,0,0.0004921420013311278
501265,1,2,2,AC Thomas,0,0.07812948862519338
501265,1,2,3,AC Thomas,1,0.3269915704466507
501265,1,2,4,AC Thomas,1,0.3313112679407696
501265,1,2,5,AC Thomas,1,0.3540009776688619
501265,1,2,6,AC Thomas,1,0.3815989918622535
501265,1,3,1,JP Faulkner,1,0.1338223291795941
501265,1,3,2,JP Faulkner,1,0.15540696785429747
501265,1,3,3,JP Faulkner,1,0.11401641172188252
501265,1,3,4,JP Faulkner,1,0.06822933833825479
501265,1,3,5,JP Faulkner,0,0.06763871446304467
501265,1,4,1,AC Thomas,1,0.26470280035833216
501265,1,4,2,AC Thomas,1,0.25400619661868906
501265,1,4,3,AC Thomas,1,0.2617439196682616
501265,1,4,4,AC Thomas,1,0.2725861664136419
501265,1,4,5,AC Thomas,1,0.22896646599511705
501265,1,5,1,SS Mundhe,0,0.0004393187301764217
501265,1,5,2,SS Mundhe,0,0.00044853153255954096
501265,1,5,3,SS Mundhe,0,0.005963701608241282
501265,1,5,4,SS Mundhe,0,0.0018709316617491773
501265,1,5,5,SS Mundhe,1,0.4121447333031802
501265,1,5,6,SS Mundhe,1,0.17167572887223945
501270,1,0,1,AN Ahmed,0,0.001078580282860589
501270,1,0,2,AN Ahmed,0,0.014180303963736577
501270,1,0,3,AN Ahmed,1,0.9846233157844126
501270,1,0,4,AN Ahmed,1,0.9903434710021856
501270,1,0,5,AN Ahmed,1,0.9904153522731988
501270,1,0,6,AN Ahmed,1,0.9886987777626434
501270,1,0,7,AN Ahmed,1,0.9628361450895503
501270,1,0,8,AN Ahmed,1,0.9854518417120919
501270,1,1,1,Harbhajan Singh,0,0.0003011424532650285
501270,1,1,2,Harbhajan Singh,1,0.9173728427137765
501270,1,1,3,Harbhajan Singh,0,0.5227830599028719
501270,1,1,4,Harbhajan Singh,1,0.7365105765406262
501270,1,1,5,Harbhajan Singh,1,0.9347289693879155
501270,1,1,6,Harbhajan Singh,1,0.7626848153743857
501270,1,1,7,Harbhajan Singh,0,0.6317033165717115
501270,1,2,1,SL Malinga,1,0.9995204583348959
501270,1,2,2,SL Malinga,1,0.9274406151573186
501270,1,2,3,SL Malinga,1,0.9831891475291931
501270,1,2,4,SL Malinga,1,0.9280852215674995
501270,1,2,5,SL Malinga,1,0.8008226084838511
501270,1,2,6,SL Malinga,1,0.7328067928119876
501270,1,3,1,Harbhajan Singh,0,0.4068756892709887
501270,1,3,2,Harbhajan Singh,1,0.7250571303125942
501270,1,3,3,Harbhajan Singh,1,0.8717232018497388
501270,1,3,4,Harbhajan Singh,1,0.7435966491016839
501270,1,3,5,Harbhajan Singh,1,0.7107499769412768
501270,1,3,6,Harbhajan Singh,1,0.6818698544029883
501270,1,4,1,MM Patel,0,0.0003225881195419457
501270,1,4,2,MM Patel,0,0.01646429510583756
501270,1,4,3,MM Patel,1,0.8030020816632593
501270,1,4,4,MM Patel,1,0.9531092855130266
501270,1,4,5,MM Patel,1,0.8888607896449388
501270,1,4,6,MM Patel,1,0.7584773111972675
501270,1,5,1,SL Malinga,1,0.5281244302859358
501270,1,5,2,SL Malinga,1,0.4283178841794208
501270,1,5,3,SL Malinga,1,0.26428419605918524
501270,1,5,4,SL Malinga,1,0.2765330423434413
501270,1,5,5,SL Malinga,1,0.24522737949793838
501270,1,5,6,SL Malinga,0,0.17706653563624974
501270,2,0,1,Z Khan,1,0.9994497609759454
501270,2,0,2,Z Khan,1,0.9416310741235551
501270,2,0,3,Z Khan,1,0.7934461680855919
501270,2,0,4,Z Khan,1,0.48977029082226653
501270,2,0,5,Z Khan,1,0.7802089685190348
501270,2,0,6,Z Khan,1,0.6457974318402654
501270,2,1,1,S Aravind,1,0.9994497609759454
501270,2,1,2,S Aravind,1,0.9994432879204664
501270,2,1,3,S Aravind,1,0.9726762099989658
501270,2,1,4,S Aravind,1,0.8861651240664801
501270,2,1,5,S Aravind,1,0.7802089685190348
501270,2,1,6,S Aravind,1,0.6457974318402654
501270,2,2,1,CH Gayle,0,0.0006360276891063258
501270,2,2,2,CH Gayle,0,0.0006813757561718453
501270,2,2,3,CH Gayle,0,0.0006877652590799902
501270,2,2,4,CH Gayle,0,0.0007001231979700962
501270,2,2,5,CH Gayle,0,0.0026825861078573383
501270,2,2,6,CH Gayle,0,0.005123882325367423
501270,2,3,1,S Aravind,0,0.47069505935267164
501270,2,3,2,S Aravind,0,0.41868343378762174
501270,2,3,3,S Aravind,0,0.24076257979158083
501270,2,3,4,S Aravind,0,0.188136925300985
501270,2,3,5,S Aravind,0,0.1752839756399762
501270,2,3,6,S Aravind,0,0.38139699599800975
501270,2,4,1,A Mithun,1,0.999506706483734
501270,2,4,2,A Mithun,1,0.9479213252710513
501270,2,4,3,A Mithun,0,0.8310340212640961
501270,2,4,4,A Mithun,1,0.9741181122806357
501270,2,4,5,A Mithun,1,0.8853496180892995
501270,2,4,6,A Mithun,1,0.8354024471937691
501270,2,5,1,S Aravind,0,0.28832709133292767
501270,2,5,2,S Aravind,0,0.2895492371137302
501270,2,5,3,S Aravind,0,0.28187866978010373
501270,2,5,4,S Aravind,0,0.34933461238445657
501270,2,5,5,S Aravind,0,0.3328270221936814
501270,2,5,6,S Aravind,0,0.3190879869360251
548310,1,0,1,IK Pathan,0,0.000922868774310442
548310,1,0,2,IK Pathan,0,0.03215542463965759
548310,1,0,3,IK Pathan,0,0.04112164386587916
548310,1,0,4,IK Pathan,0,0.017958391219474703
548310,1,0,5,IK Pathan,0,0.041810649644669
548310,1,0,6,IK Pathan,0,0.046772169025900326
548310,1,1,1,DAJ Bracewell,0,0.029967661318225487
548310,1,1,2,DAJ Bracewell,0,0.02383218222148877
548310,1,1,3,DAJ Bracewell,0,0.015746085666904303
548310,1,1,4,DAJ Bracewell,1,0.6517239130008851
548310,1,1,5,DAJ Bracewell,1,0.4454074192997265
548310,1,1,6,DAJ Bracewell,0,0.31492709061697094
548310,1,2,1,IK Pathan,0,0.03667573725766444
548310,1,2,2,IK Pathan,0,0.03755879077160732
548310,1,2,3,IK Pathan,0,0.1625355877246319
548310,1,2,4,IK Pathan,0,0.4039441604145627
548310,1,2,5,IK Pathan,0,0.5593282457980773
548310,1,2,6,IK Pathan,0,0.6768055954338624
548310,1,3,1,M Morkel,0,0.0013469241142214576
548310,1,3,2,M Morkel,1,0.9049965351758996
548310,1,3,3,M Morkel,1,0.4862965712936383
548310,1,3,4,M Morkel,1,0.5610186208460194
548310,1,3,5,M Morkel,1,0.6234450740783681
548310,1,3,6,M Morkel,1,0.4125747802172835
548310,1,3,7,M Morkel,0,0.3558361809320604
548310,1,4,1,UT Yadav,0,0.0020994697314401824
548310,1,4,2,UT Yadav,0,0.0021545481337817457
548310,1,4,3,UT Yadav,0,0.012187609573897796
548310,1,4,4,UT Yadav,0,0.014668985533120607
548310,1,4,5,UT Yadav,0,0.01994002777220721
548310,1,4,6,UT Yadav,0,0.010856969189438938
548310,1,5,1,M Morkel,0,0.17321189047038546
548310,1,5,2,M Morkel,0,0.10026956068777469
548310,1,5,3,M Morkel,0,0.08889645194514462
548310,1,5,4,M Morkel,0,0.3620094515497398
548310,1,5,5,M Morkel,0,0.2815388885458111
548310,1,5,6,M Morkel,0,0.31057426318863995
548310,2,0,1,Z Khan,1,0.9988539243602902
548310,2,0,2,Z Khan,1,0.9985755455031646
548310,2,0,3,Z Khan,1,0.9982250591605166
548310,2,0,4,Z Khan,1,0.944164843110762
548310,2,0,5,Z Khan,1,0.945679212730854
548310,2,0,6,Z Khan,1,0.9316568881527816
548310,2,1,1,R Vinay Kumar,0,0.0014078179919393234
548310,2,1,2,R Vinay Kumar,0,0.001440990207480595
548310,2,1,3,R Vinay Kumar,0,0.0014601167316158998
548310,2,1,4,R Vinay Kumar,0,0.2821541184485956
548310,2,1,5,R Vinay Kumar,1,0.8381528316142919
548310,2,1,6,R Vinay Kumar,1,0.6763876813312113
548310,2,2,1,Z Khan,1,0.8489313863099267
548310,2,2,2,Z Khan,1,0.6303680977891445
548310,2,2,3,Z Khan,1,0.5821600289922766
548310,2,2,4,Z Khan,1,0.603134876745794
548310,2,2,5,Z Khan,1,0.5269695141288672
548310,2,2,6,Z Khan,1,0.4940577111135958
548310,2,2,7,Z Khan,1,0.47796424276351884
548310,2,3,1,R Vinay Kumar,1,0.522227452995306
548310,2,3,2,R Vinay Kumar,1,0.49071551586546763
548310,2,3,3,R Vinay Kumar,1,0.4175624634856261
548310,2,3,4,R Vinay Kumar,1,0.3829167968159273
548310,2,3,5,R Vinay Kumar,1,0.35268940180725866
548310,2,3,6,R Vinay Kumar,0,0.3393273976685309
548310,2,4,1,Z Khan,0,0.4442824066103293
548310,2,4,2,Z Khan,0,0.40065693351650716
548310,2,4,3,Z Khan,1,0.43319148566746746
548310,2,4,4,Z Khan,1,0.468592736537677
548310,2,4,5,Z Khan,1,0.5482194827684387
548310,2,4,6,Z Khan,1,0.5610967782869933
548310,2,5,1,AB McDonald,0,0.010268083387793916
548310,2,5,2,AB McDonald,0,0.031830849252676895
548310,2,5,3,AB McDonald,0,0.008987899299441255
548310,2,5,4,AB McDonald,1,0.4256812293581283
548310,2,5,5,AB McDonald,1,0.3854128292906406
548310,2,5,6,AB McDonald,1,0.33139648612950906
548311,1,0,1,Ankit Sharma,0,0.014984491367884704
548311,1,0,2,Ankit Sharma,0,0.017219414962514334
548311,1,0,3,Ankit Sharma,0,0.018401945037412416
548311,1,0,4,Ankit Sharma,0,0.015360515556426492
548311,1,0,5,Ankit Sharma,0,0.00762495745846458
548311,1,0,6,Ankit Sharma,0,0.003843275575395572
548311,1,1,1,DW Steyn,0,0.000442417924176065
548311,1,1,2,DW Steyn,0,0.0004452301066053007
548311,1,1,3,DW Steyn,0,0.007843274060785868
548311,1,1,4,DW Steyn,1,0.43612729023202584
548311,1,1,5,DW Steyn,1,0.5077054019331988
548311,1,1,6,DW Steyn,1,0.4682308888714077
548311,1,1,7,DW Steyn,1,0.5010471339468944
548311,1,2,1,MS Gony,1,0.9996230574454515
548311,1,2,2,MS Gony,0,0.937449936627486
548311,1,2,3,MS Gony,0,0.7162561051821322
548311,1,2,4,MS Gony,0,0.44225470115057747
548311,1,2,5,MS Gony,0,0.4010385433103729
548311,1,2,6,MS Gony,0,0.4186410603474886
548311,1,3,1,DW Steyn,1,0.2891900426765991
548311,1,3,2,DW Steyn,0,0.2791374870206211
548311,1,3,3,DW Steyn,0,0.20605333994191077
548311,1,3,4,DW Steyn,0,0.20839466719518557
548311,1,3,5,DW Steyn,0,0.20825732333921745
548311,1,3,6,DW Steyn,0,0.20825732333921745
548311,1,4,1,MS Gony,0,0.24548128638329142
548311,1,4,2,MS Gony,0,0.2643650469989016
548311,1,4,3,MS Gony,0,0.19960986360336533
548311,1,4,4,MS Gony,0,0.4503983190389111
548311,1,4,5,MS Gony,0,0.4794972163466251
548311,1,4,6,MS Gony,0,0.8210147540851138
548311,1,5,1,DT Christian,1,0.9994636492539445
548311,1,5,2,DT Christian,1,0.9155888437028424
548311,1,5,3,DT Christian,1,0.47562105079822165
548311,1,5,4,DT Christian,1,0.41525824478388484
548311,1,5,5,DT Christian,0,0.3982164408867725
548311,1,5,6,DT Christian,0,0.41173417698404247
548311,2,0,1,R Ashwin,1,0.9994394320942428
548311,2,0,2,R Ashwin,1,0.9162941932670513
548311,2,0,3,R Ashwin,1,0.5685850648481304
548311,2,0,4,R Ashwin,1,0.3323604232893441
548311,2,0,5,R Ashwin,1,0.3117258887992219
548311,2,0,6,R Ashwin,1,0.1590665230060212
548311,2,1,1,JA Morkel,0,0.0009110615473953429
548311,2,1,2,JA Morkel,0,0.009634183944806312
548311,2,1,3,JA Morkel,0,0.010008844510211444
548311,2,1,4,JA Morkel,0,0.014601436251164779
548311,2,1,5,JA Morkel,1,0.7281243397942918
548311,2,1,6,JA Morkel,1,0.929661468865216
548311,2,1,7,JA Morkel,1,0.9057603666855008
548311,2,2,1,R Ashwin,1,0.3051132141286101
548311,2,2,2,R Ashwin,1,0.3292568195545602
548311,2,2,3,R Ashwin,1,0.31124566060064185
548311,2,2,4,R Ashwin,1,0.2941088537034821
548311,2,2,5,R Ashwin,1,0.29265503176521246
548311,2,2,6,R Ashwin,1,0.3824963009338089
548311,2,3,1,DE Bollinger,0,0.00031436724740804215
548311,2,3,2,DE Bollinger,0,0.01212614673310114
548311,2,3,3,DE Bollinger,0,0.008284755822110022
548311,2,3,4,DE Bollinger,0,0.01270567191335557
548311,2,3,5,DE Bollinger,0,0.01753157346086482
548311,2,3,6,DE Bollinger,0,0.764199519218357
548311,2,3,7,DE Bollinger,1,0.9456622066380639
548311,2,3,8,DE Bollinger,1,0.8953564766158543
548311,2,4,1,R Ashwin,1,0.20169642895537265
548311,2,4,2,R Ashwin,1,0.15771113004774065
548311,2,4,3,R Ashwin,1,0.15275125819676233
548311,2,4,4,R Ashwin,0,0.19516254471401068
548311,2,4,5,R Ashwin,0,0.1967796958393126
548311,2,5,1,DE Bollinger,0,0.7397112228209414
548311,2,5,2,DE Bollinger,0,0.6391599968475133
548311,2,5,3,DE Bollinger,1,0.8310909532703237
548311,2,5,4,DE Bollinger,0,0.7392994581993744
548311,2,5,5,DE Bollinger,1,0.8383137411125265
548311,2,5,6,DE Bollinger,1,0.8303201632825554
548320,1,0,1,L Balaji,0,0.00022246254102173028
548320,1,0,2,L Balaji,1,0.8913904320071032
548320,1,0,3,L Balaji,1,0.530320494514641
548320,1,0,4,L Balaji,0,0.29657087420623374
548320,1,0,5,L Balaji,0,0.13946158718561477
548320,1,0,6,L Balaji,0,0.056925418237775
548320,1,1,1,JH Kallis,0,0.00022850762686776898
548320,1,1,2,JH Kallis,1,0.8913904320071032
548320,1,1,3,JH Kallis,1,0.7351987676800402
548320,1,1,4,JH Kallis,0,0.4788263361456982
548320,1,1,5,JH Kallis,0,0.49803419423593737
548320,1,1,6,JH Kallis,0,0.4895877832955852
548320,1,2,1,L Balaji,0,0.01348617884072647
548320,1,2,2,L Balaji,0,0.009332642101204592
548320,1,2,3,L Balaji,0,0.03851349439171233
548320,1,2,4,L Balaji,0,0.2333856457916482
548320,1,2,5,L Balaji,0,0.19238266418191388
548320,1,2,6,L Balaji,0,0.12276172991391288
548320,1,3,1,JH Kallis,0,0.3230584838714659
548320,1,3,2,JH Kallis,0,0.3407053295250761
548320,1,3,3,JH Kallis,0,0.16966083095033743
548320,1,3,4,JH Kallis,0,0.5045777618440442
548320,1,3,5,JH Kallis,0,0.4984135135988559
548320,1,3,6,JH Kallis,0,0.4984135135988559
548320,1,4,1,SP Narine,0,0.06320455705344737
548320,1,4,2,SP Narine,0,0.016912311821243923
548320,1,4,3,SP Narine,0,0.044980340555654204
548320,1,4,4,SP Narine,1,0.741249699060624
548320,1,4,5,SP Narine,1,0.8784905351512741
548320,1,4,6,SP Narine,1,0.7830776467342495
548320,1,5,1,JH Kallis,0,0.5059388939021181
548320,1,5,2,JH Kallis,0,0.5606801394224873
548320,1,5,3,JH Kallis,0,0.5606801394224873
548320,1,5,4,JH Kallis,0,0.5788080919965901
548320,1,5,5,JH Kallis,0,0.5649589504064625
548320,2,0,1,J Botha,0,0.00032873649842062296
548320,2,0,2,J Botha,0,0.011471851842715972
548320,2,0,3,J Botha,0,0.030013886352116815
548320,2,0,4,J Botha,0,0.02147112831292274
548320,2,0,5,J Botha,1,0.5962427221698878
548320,2,0,6,J Botha,1,0.45356457974294445
548320,2,0,7,J Botha,1,0.7417445341600318
548320,2,1,1,A Singh,0,0.0002875141984635296
548320,2,1,2,A Singh,0,0.011938094065849373
548320,2,1,3,A Singh,0,0.020734425440426075
548320,2,1,4,A Singh,0,0.025330206002435133
548320,2,1,5,A Singh,0,0.019126575373875607
548320,2,1,6,A Singh,0,0.014191855425373216
548320,2,2,1,J Botha,1,0.8626519324960152
548320,2,2,2,J Botha,1,0.727610974139162
548320,2,2,3,J Botha,1,0.6348723975787787
548320,2,2,4,J Botha,1,0.4667125157092268
548320,2,2,5,J Botha,1,0.4857566605345812
548320,2,2,6,J Botha,1,0.4547138886708637
548320,2,3,1,A Singh,0,0.025745965183062495
548320,2,3,2,A Singh,0,0.029488619147356794
548320,2,3,3,A Singh,0,0.03702638997395516
548320,2,3,4,A Singh,0,0.029940446578162375
548320,2,3,5,A Singh,0,0.03380495172386252
548320,2,3,6,A Singh,0,0.03754821532433301
548320,2,4,1,AA Chavan,0,0.14411533015665098
548320,2,4,2,AA Chavan,0,0.020246188532218216
548320,2,4,3,AA Chavan,0,0.05832392524679395
548320,2,4,4,AA Chavan,0,0.07839376295356076
548320,2,4,5,AA Chavan,0,0.05954047328269784
548320,2,4,6,AA Chavan,0,0.10026594200132304
548320,2,4,7,AA Chavan,0,0.08305933720776248
548320,2,5,1,A Singh,0,0.3931968751845054
548320,2,5,2,A Singh,0,0.44608932874134827
548320,2,5,3,A Singh,0,0.29226174655817677
548320,2,5,4,A Singh,0,0.6443330049488531
548320,2,5,5,A Singh,0,0.6441483503559031
548320,2,5,6,A Singh,0,0.5898709575317203
548327,1,0,1,Z Khan,0,0.0013133958601066456
548327,1,0,2,Z Khan,0,0.024577806919702055
548327,1,0,3,Z Khan,0,0.02176032525601677
548327,1,0,4,Z Khan,0,0.027824995598222727
548327,1,0,5,Z Khan,0,0.015391262460643271
548327,1,0,6,Z Khan,0,0.030257071339958596
548327,1,0,7,Z Khan,0,0.0417742378266303
548327,1,1,1,TM Dilshan,0,0.019485622878257256
548327,1,1,2,TM Dilshan,0,0.01001541550143578
548327,1,1,3,TM Dilshan,1,0.9165823616436528
548327,1,1,4,TM Dilshan,1,0.96898110549318
548327,1,1,5,TM Dilshan,1,0.9095836973739544
548327,1,1,6,TM Dilshan,1,0.8720058259422676
548327,1,2,1,Z Khan,0,0.10388474784425925
548327,1,2,2,Z Khan,0,0.49838143648039396
548327,1,2,3,Z Khan,0,0.4265816777918058
548327,1,2,4,Z Khan,0,0.3981682323041015
548327,1,2,5,Z Khan,1,0.6321517828834798
548327,1,2,6,Z Khan,1,0.5800285334667177
548327,1,3,1,R Vinay Kumar,0,0.0012471518807694968
548327,1,3,2,R Vinay Kumar,0,0.0012913043073026146
548327,1,3,3,R Vinay Kumar,0,0.5950356022912654
548327,1,3,4,R Vinay Kumar,1,0.7505479310948907
548327,1,3,5,R Vinay Kumar,1,0.6522797969950498
548327,1,3,6,R Vinay Kumar,0,0.5266592698378881
548327,1,3,7,R Vinay Kumar,0,0.5179125797714033
548327,1,4,1,HV Patel,1,0.9983029491951433
548327,1,4,2,HV Patel,1,0.9781922053908116
548327,1,4,3,HV Patel,1,0.9157229990656168
548327,1,4,4,HV Patel,1,0.9624202460781446
548327,1,4,5,HV Patel,1,0.8801870280592624
548327,1,4,6,HV Patel,1,0.8083590383637724
548327,1,5,1,DL Vettori,0,0.02488986877151366
548327,1,5,2,DL Vettori,0,0.013433124621075182
548327,1,5,3,DL Vettori,1,0.775837519577123
548327,1,5,4,DL Vettori,1,0.6554040137489221
548327,1,5,5,DL Vettori,0,0.5294705665587642
548327,1,5,6,DL Vettori,1,0.7458961820811929
548327,2,0,1,AB Dinda,0,0.0008067676229627058
548327,2,0,2,AB Dinda,0,0.044684764578023575
548327,2,0,3,AB Dinda,0,0.04282956285895044
548327,2,0,4,AB Dinda,0,0.052138268015575376
548327,2,0,5,AB Dinda,0,0.028710476204755468
548327,2,0,6,AB Dinda,0,0.06293106015863521
548327,2,1,1,A Nehra,0,0.04194384082364851
548327,2,1,2,A Nehra,0,0.04108124088036015
548327,2,1,3,A Nehra,0,0.011239073979262297
548327,2,1,4,A Nehra,0,0.005750534510328099
548327,2,1,5,A Nehra,0,0.0036137353104327345
548327,2,1,6,A Nehra,0,0.0010524796164902578
548327,2,2,1,AB Dinda,0,0.059419313812611854
548327,2,2,2,AB Dinda,0,0.052690433066643665
548327,2,2,3,AB Dinda,0,0.05946717453535608
548327,2,2,4,AB Dinda,0,0.08446732169795558
548327,2,2,5,AB Dinda,0,0.13467322026728096
548327,2,2,6,AB Dinda,0,0.12987104946087324
548327,2,2,7,AB Dinda,0,0.14384069623296747
548327,2,2,8,AB Dinda,0,0.13368626398691535
548327,2,2,9,AB Dinda,1,0.2340448876688359
548327,2,3,1,A Nehra,0,0.009904577575456413
548327,2,3,2,A Nehra,0,0.0046982988084965215
548327,2,3,3,A Nehra,0,0.013749278041292601
548327,2,3,4,A Nehra,0,0.06354750885302153
548327,2,3,5,A Nehra,0,0.32209582555350713
548327,2,3,6,A Nehra,0,0.45992913115346956
548327,2,4,1,B Kumar,0,0.04182860907592559
548327,2,4,2,B Kumar,0,0.032922432630554395
548327,2,4,3,B Kumar,0,0.010247665859966339
548327,2,4,4,B Kumar,1,0.3986175429751978
548327,2,4,5,B Kumar,0,0.2572732967992342
548327,2,4,6,B Kumar,0,0.18329470635503267
548327,2,5,1,MN Samuels,0,0.0006289547548345181
548327,2,5,2,MN Samuels,0,0.00064547998130956
548327,2,5,3,MN Samuels,0,0.00966457007208683
548327,2,5,4,MN Samuels,0,0.004503704895018298
548327,2,5,5,MN Samuels,0,0.022945114311006466
548327,2,5,6,MN Samuels,0,0.011147979139554714
548334,1,0,1,P Kumar,0,0.0005750246286577101
548334,1,0,2,P Kumar,0,0.0005724329803113737
548334,1,0,3,P Kumar,0,0.000527637651805794
548334,1,0,4,P Kumar,0,0.000527637651805794
548334,1,0,5,P Kumar,0,0.000499453210740355
548334,1,0,6,P Kumar,0,0.00048383339469254853
548334,1,1,1,BA Bhatt,0,0.0004976493380781191
548334,1,1,2,BA Bhatt,0,0.006634131705566915
548334,1,1,3,BA Bhatt,0,0.008703058667862308
548334,1,1,4,BA Bhatt,0,0.00730471403844125
548334,1,1,5,BA Bhatt,0,0.002633464430071385
548334,1,1,6,BA Bhatt,0,0.007685704175634802
548334,1,2,1,P Kumar,0,0.00038487599846954296
548334,1,2,2,P Kumar,0,0.04493650618425816
548334,1,2,3,P Kumar,0,0.009020462789438594
548334,1,2,4,P Kumar,0,0.007068027243571958
548334,1,2,5,P Kumar,0,0.030881942744309093
548334,1,2,6,P Kumar,0,0.07699470805297516
548334,1,3,1,BA Bhatt,0,0.0026855999382047967
548334,1,3,2,BA Bhatt,0,0.007564964782112278
548334,1,3,3,BA Bhatt,0,0.013087740371557903
548334,1,3,4,BA Bhatt,0,0.07709727523463991
548334,1,3,5,BA Bhatt,0,0.24215144683939138
548334,1,3,6,BA Bhatt,0,0.24215144683939138
548334,1,4,1,P Awana,0,0.01705699537377375
548334,1,4,2,P Awana,0,0.0065984003256024226
548334,1,4,3,P Awana,0,0.009903990557806606
548334,1,4,4,P Awana,0,0.007996464580410036
548334,1,4,5,P Awana,1,0.2954843455944198
548334,1,4,6,P Awana,1,0.21785864756707832
548334,1,5,1,Azhar Mahmood,0,0.0012405568851609147
548334,1,5,2,Azhar Mahmood,0,0.005679857098963343
548334,1,5,3,Azhar Mahmood,0,0.009128421766868951
548334,1,5,4,Azhar Mahmood,0,0.5118774375010671
548334,1,5,5,Azhar Mahmood,1,0.7110249974275415
548334,1,5,6,Azhar Mahmood,1,0.74263145883644
548334,1,5,7,Azhar Mahmood,1,0.5622358916472876
548334,2,0,1,MM Patel,0,0.013469162085324927
548334,2,0,2,MM Patel,1,0.917421931045916
548334,2,0,3,MM Patel,0,0.647774756141595
548334,2,0,4,MM Patel,1,0.807575062160677
548334,2,0,5,MM Patel,1,0.7715065146543666
548334,2,0,6,MM Patel,0,0.6317162454993412
548334,2,1,1,RP Singh,0,0.00033816928393688896
548334,2,1,2,RP Singh,0,0.005937713162496176
548334,2,1,3,RP Singh,0,0.0019273058395403665
548334,2,1,4,RP Singh,0,0.0061993683812936705
548334,2,1,5,RP Singh,0,0.00293858938256041
548334,2,1,6,RP Singh,0,0.20457046319619668
548334,2,2,1,MM Patel,1,0.7440697700439382
548334,2,2,2,MM Patel,1,0.6759389792146403
548334,2,2,3,MM Patel,1,0.7523798375071241
548334,2,2,4,MM Patel,1,0.6840790540930071
548334,2,2,5,MM Patel,1,0.6688824825381895
548334,2,2,6,MM Patel,0,0.6254963526825212
548334,2,3,1,RP Singh,0,0.15318746099416963
548334,2,3,2,RP Singh,0,0.19120944912167778
548334,2,3,3,RP Singh,0,0.09058681911144321
548334,2,3,4,RP Singh,0,0.2282119185312125
548334,2,3,5,RP Singh,0,0.2076096557773171
548334,2,3,6,RP Singh,0,0.21976605553674833
548334,2,4,1,PP Ojha,1,0.9994572224174798
548334,2,4,2,PP Ojha,1,0.9389329606702196
548334,2,4,3,PP Ojha,1,0.8285230001767407
548334,2,4,4,PP Ojha,1,0.8011479869411683
548334,2,4,5,PP Ojha,1,0.6681320362319294
548334,2,4,6,PP Ojha,1,0.6127340296840332
548334,2,5,1,KA Pollard,0,0.030379301046697275
548334,2,5,2,KA Pollard,0,0.010896654658622999
548334,2,5,3,KA Pollard,0,0.0031490937834167307
548334,2,5,4,KA Pollard,1,0.48962923247808265
548334,2,5,5,KA Pollard,1,0.24820457162636803
548334,2,5,6,KA Pollard,1,0.2775519252560722
548337,1,0,1,IK Pathan,0,0.0002557812799221379
548337,1,0,2,IK Pathan,0,0.00023668941567101564
548337,1,0,3,IK Pathan,0,0.00023269085340392128
548337,1,0,4,IK Pathan,0,0.0031020628166796797
548337,1,0,5,IK Pathan,0,0.0018436022374463277
548337,1,0,6,IK Pathan,0,0.0004119938356024477
548337,1,1,1,M Morkel,0,0.0002294539160363538
548337,1,1,2,M Morkel,0,0.00020182857442494335
548337,1,1,3,M Morkel,0,0.00019841882420598808
548337,1,1,4,M Morkel,0,0.00019841882420598808
548337,1,1,5,M Morkel,0,0.0001855982646060093
548337,1,1,6,M Morkel,0,0.0003513223259518484
548337,1,2,1,IK Pathan,0,0.00019964211167672525
548337,1,2,2,IK Pathan,0,0.00017358365838319485
548337,1,2,3,IK Pathan,0,0.001070492828124419
548337,1,2,4,IK Pathan,0,0.001070492828124419
548337,1,2,5,IK Pathan,0,0.05496619909111646
548337,1,2,6,IK Pathan,0,0.05129323850075278
548337,1,3,1,UT Yadav,0,0.00029003917480273524
548337,1,3,2,UT Yadav,0,0.009222485734535608
548337,1,3,3,UT Yadav,0,0.012716532057578476
548337,1,3,4,UT Yadav,0,0.0136125736321643
548337,1,3,5,UT Yadav,0,0.6790217513264029
548337,1,3,6,UT Yadav,0,0.4750272367434165
548337,1,4,1,IK Pathan,0,0.03326690290905669
548337,1,4,2,IK Pathan,0,0.019433194892052384
548337,1,4,3,IK Pathan,0,0.02287443821749955
548337,1,4,4,IK Pathan,0,0.033887932763739845
548337,1,4,5,IK Pathan,0,0.03590005343144597
548337,1,4,6,IK Pathan,0,0.035643763189748066
548337,1,5,1,M Morkel,0,0.16458469804668505
548337,1,5,2,M Morkel,0,0.09909078947864813
548337,1,5,3,M Morkel,0,0.06173944306139731
548337,1,5,4,M Morkel,0,0.06836392363877132
548337,1,5,5,M Morkel,0,0.08200573240450836
548337,1,5,6,M Morkel,0,0.10087236909588027
548337,2,0,1,AC Thomas,0,0.00035913203755724986
548337,2,0,2,AC Thomas,0,0.0224262600778675
548337,2,0,3,AC Thomas,0,0.03635847929166675
548337,2,0,4,AC Thomas,0,0.044696283753847196
548337,2,0,5,AC Thomas,1,0.8225174054396647
548337,2,0,6,AC Thomas,1,0.6718926448302349
548337,2,0,7,AC Thomas,1,0.5174978880159303
548337,2,1,1,A Nehra,0,0.03501115992620064
548337,2,1,2,A Nehra,0,0.036111264476779474
548337,2,1,3,A Nehra,0,0.03376846992539618
548337,2,1,4,A Nehra,0,0.023693026137572935
548337,2,1,5,A Nehra,0,0.5639138526494225
548337,2,1,6,A Nehra,0,0.5333735028553205
548337,2,2,1,AC Thomas,0,0.23540264904259386
548337,2,2,2,AC Thomas,1,0.6414417312867498
548337,2,2,3,AC Thomas,1,0.6235843644702214
548337,2,2,4,AC Thomas,1,0.5947836538637978
548337,2,2,5,AC Thomas,1,0.460482461245617
548337,2,3,1,A Nehra,0,0.7400193213567581
548337,2,3,2,A Nehra,0,0.7124168511237117
548337,2,3,3,A Nehra,0,0.6424724754918967
548337,2,3,4,A Nehra,0,0.5848515647371526
548337,2,3,5,A Nehra,0,0.5765441041579746
548337,2,3,6,A Nehra,0,0.7019911776205878
548337,2,4,1,LJ Wright,0,0.08782286602435299
548337,2,4,2,LJ Wright,1,0.9532218319947091
548337,2,4,3,LJ Wright,1,0.9905849360270822
548337,2,4,4,LJ Wright,1,0.9771208487907587
548337,2,4,5,LJ Wright,1,0.8937131688256538
548337,2,4,6,LJ Wright,1,0.8810715837756812
548337,2,5,1,A Nehra,0,0.7772915845689644
548337,2,5,2,A Nehra,0,0.7593068027398286
548337,2,5,3,A Nehra,0,0.7095992290624824
548337,2,5,4,A Nehra,0,0.731397442432342
548337,2,5,5,A Nehra,0,0.8108719579205755
548348,1,0,1,MN Samuels,0,0.00041913328465635423
548348,1,0,2,MN Samuels,0,0.02367007305661859
548348,1,0,3,MN Samuels,0,0.01456848730603379
548348,1,0,4,MN Samuels,0,0.018771160696656138
548348,1,0,5,MN Samuels,0,0.018319421877982293
548348,1,0,6,MN Samuels,0,0.029617190503698213
548348,1,1,1,WD Parnell,0,0.00035887131097888736
548348,1,1,2,WD Parnell,0,0.00036505171490133125
548348,1,1,3,WD Parnell,0,0.00037978731423592453
548348,1,1,4,WD Parnell,0,0.00037978731423592453
548348,1,1,5,WD Parnell,0,0.00037978731423592453
548348,1,1,6,WD Parnell,0,0.0003811997935652992
548348,1,2,1,MN Samuels,0,0.025225537808382204
548348,1,2,2,MN Samuels,0,0.026077791638501362
548348,1,2,3,MN Samuels,0,0.22815397541848123
548348,1,2,4,MN Samuels,0,0.20840792577605358
548348,1,2,5,MN Samuels,0,0.4773423892693046
548348,1,2,6,MN Samuels,0,0.4950098198241115
548348,1,3,1,A Nehra,0,0.018574146108039397
548348,1,3,2,A Nehra,1,0.9740428478442624
548348,1,3,3,A Nehra,0,0.8693286282826865
548348,1,3,4,A Nehra,0,0.7570289149389845
548348,1,3,5,A Nehra,0,0.45624110692746606
548348,1,3,6,A Nehra,0,0.5118993252426207
548348,1,4,1,B Kumar,0,0.00044666145261378407
548348,1,4,2,B Kumar,0,0.013140334293408511
548348,1,4,3,B Kumar,0,0.028455081403403134
548348,1,4,4,B Kumar,0,0.01368315168373235
548348,1,4,5,B Kumar,0,0.027323405742929418
548348,1,4,6,B Kumar,0,0.07491996269940981
548348,1,5,1,WD Parnell,0,0.0005894360673132405
548348,1,5,2,WD Parnell,0,0.0005894360673132405
548348,1,5,3,WD Parnell,0,0.0012416751121897785
548348,1,5,4,WD Parnell,0,0.0012416751121897785
548348,1,5,5,WD Parnell,0,0.003969070858472032
548348,1,5,6,WD Parnell,0,0.1227696146363344
548348,2,0,1,Ankit Sharma,0,0.000285208004349178
548348,2,0,2,Ankit Sharma,0,0.00024015193407351705
548348,2,0,3,Ankit Sharma,0,0.002895747367166154
548348,2,0,4,Ankit Sharma,0,0.007202513424919191
548348,2,0,5,Ankit Sharma,0,0.009585530902244654
548348,2,0,6,Ankit Sharma,0,0.006361580869396838
548348,2,1,1,JP Duminy,0,0.00024386551944299807
548348,2,1,2,JP Duminy,0,0.009160122556464239
548348,2,1,3,JP Duminy,1,0.9203162895735099
548348,2,1,4,JP Duminy,1,0.8605777583137648
548348,2,1,5,JP Duminy,0,0.7087307158659156
548348,2,1,6,JP Duminy,0,0.6752203340505365
548348,2,2,1,V Pratap Singh,1,0.9997461110612899
548348,2,2,2,V Pratap Singh,1,0.971980203767022
548348,2,2,3,V Pratap Singh,1,0.9617087231073841
548348,2,2,4,V Pratap Singh,1,0.9840941206663918
548348,2,2,5,V Pratap Singh,1,0.9654236949198243
548348,2,2,6,V Pratap Singh,1,0.9376715110855611
548348,2,3,1,DW Steyn,0,0.00038288177243361296
548348,2,3,2,DW Steyn,0,0.0004007785034424225
548348,2,3,3,DW Steyn,0,0.0004340164889514179
548348,2,3,4,DW Steyn,0,0.6315745281465671
548348,2,3,5,DW Steyn,0,0.9255205199096938
548348,2,3,6,DW Steyn,0,0.8124274813949277
548348,2,4,1,V Pratap Singh,1,0.8359325424830111
548348,2,4,2,V Pratap Singh,0,0.772392125125794
548348,2,4,3,V Pratap Singh,0,0.7721831170686728
548348,2,4,4,V Pratap Singh,0,0.723526204398083
548348,2,4,5,V Pratap Singh,0,0.5967351682795173
548348,2,4,6,V Pratap Singh,0,0.6889052301747497
548348,2,5,1,DW Steyn,0,0.9267740950414945
548348,2,5,2,DW Steyn,0,0.9076032400237346
548348,2,5,3,DW Steyn,0,0.847782675467083
548348,2,5,4,DW Steyn,0,0.9330866472062137
548348,2,5,5,DW Steyn,0,0.9474670353334146
548348,2,5,6,DW Steyn,1,0.9711233151819189
548353,1,0,1,M Kartik,0,0.0003373887108800868
548353,1,0,2,M Kartik,1,0.9214264576437523
548353,1,0,3,M Kartik,1,0.9680950123305684
548353,1,0,4,M Kartik,1,0.7802605288841928
548353,1,0,5,M Kartik,1,0.37172038931899165
548353,1,0,6,M Kartik,1,0.3249722670557191
548353,1,0,7,M Kartik,1,0.3389273493610311
548353,1,1,1,AB Dinda,0,0.00041271557000993776
548353,1,1,2,AB Dinda,0,0.00044629778881606825
548353,1,1,3,AB Dinda,0,0.00045339945731789904
548353,1,1,4,AB Dinda,0,0.004614356973931921
548353,1,1,5,AB Dinda,0,0.3926293070777234
548353,1,1,6,AB Dinda,0,0.5013622094060993
548353,1,2,1,M Kartik,1,0.5640519026266434
548353,1,2,2,M Kartik,1,0.40019088125839275
548353,1,2,3,M Kartik,1,0.3093570142926743
548353,1,2,4,M Kartik,1,0.2457650154257862
548353,1,2,5,M Kartik,1,0.2519242956110351
548353,1,2,6,M Kartik,1,0.2604989859887494
548353,1,3,1,B Kumar,0,0.0048671851647602874
548353,1,3,2,B Kumar,0,0.005446047777481815
548353,1,3,3,B Kumar,0,0.16620385634019635
548353,1,3,4,B Kumar,0,0.2084333628641899
548353,1,3,5,B Kumar,0,0.25350458136412574
548353,1,3,6,B Kumar,0,0.27215466128485805
548353,1,3,7,B Kumar,0,0.24465451410736597
548353,1,3,8,B Kumar,0,0.18451113976369973
548353,1,3,9,B Kumar,0,0.13776585924912554
548353,1,4,1,WD Parnell,1,0.9996212918774651
548353,1,4,2,WD Parnell,1,0.973097344349126
548353,1,4,3,WD Parnell,1,0.8095918605134754
548353,1,4,4,WD Parnell,1,0.9797089601409117
548353,1,4,5,WD Parnell,1,0.9351220051690471
548353,1,4,6,WD Parnell,1,0.9107099066400866
548353,1,5,1,AB Dinda,0,0.6522174068256177
548353,1,5,2,AB Dinda,0,0.47671047766316454
548353,1,5,3,AB Dinda,0,0.4738503783237083
548353,1,5,4,AB Dinda,0,0.6076425979866309
548353,1,5,5,AB Dinda,0,0.6105417241787648
548353,1,5,6,AB Dinda,0,0.7953024761777885
548353,2,0,1,Iqbal Abdulla,0,0.000279068253598737
548353,2,0,2,Iqbal Abdulla,0,0.025158886046347893
548353,2,0,3,Iqbal Abdulla,0,0.0586845850866007
548353,2,0,4,Iqbal Abdulla,1,0.8022862714221675
548353,2,0,5,Iqbal Abdulla,1,0.6886766962513692
548353,2,0,6,Iqbal Abdulla,1,0.6708137148821195
548353,2,1,1,M de Lange,0,0.00027057296921381805
548353,2,1,2,M de Lange,0,0.01433865767766781
548353,2,1,3,M de Lange,0,0.03214386953584896
548353,2,1,4,M de Lange,0,0.03244524110018191
548353,2,1,5,M de Lange,0,0.07071608006601522
548353,2,1,6,M de Lange,0,0.07678224397913373
548353,2,1,7,M de Lange,0,0.7373121892663996
548353,2,1,8,M de Lange,0,0.6404213967623846
548353,2,2,1,Iqbal Abdulla,1,0.4513877510852365
548353,2,2,2,Iqbal Abdulla,1,0.481357406143451
548353,2,2,3,Iqbal Abdulla,1,0.3636483101457331
548353,2,2,4,Iqbal Abdulla,1,0.3946059209087528
548353,2,2,5,Iqbal Abdulla,1,0.3536731377171315
548353,2,2,6,Iqbal Abdulla,1,0.38789504286518783
548353,2,2,7,Iqbal Abdulla,1,0.37734332991971364
548353,2,3,1,M de Lange,1,0.7217152142302582
548353,2,3,2,M de Lange,1,0.6887900323193656
548353,2,3,3,M de Lange,1,0.7147599304874179
548353,2,3,4,M de Lange,0,0.6835093853220042
548353,2,3,5,M de Lange,0,0.6671784225619756
548353,2,3,6,M de Lange,0,0.6591039335227529
548353,2,4,1,Iqbal Abdulla,0,0.26900490351967393
548353,2,4,2,Iqbal Abdulla,0,0.336308868470103
548353,2,4,3,Iqbal Abdulla,0,0.3460067609108031
548353,2,4,4,Iqbal Abdulla,1,0.48908935582049357
548353,2,4,5,Iqbal Abdulla,1,0.4944340255997326
548353,2,4,6,Iqbal Abdulla,1,0.4245685631537876
548353,2,5,1,M de Lange,0,0.6727523011687085
548353,2,5,2,M de Lange,0,0.666329751490175
548353,2,5,3,M de Lange,0,0.7002430734514977
548353,2,5,4,M de Lange,0,0.7286779031838889
548353,2,5,5,M de Lange,0,0.6495847557963335
548353,2,5,6,M de Lange,0,0.6495847557963335
548353,2,5,7,M de Lange,0,0.6442612980879541
548355,1,0,1,RJ Peterson,1,0.9994055393008987
548355,1,0,2,RJ Peterson,1,0.8162314872134158
548355,1,0,3,RJ Peterson,0,0.3220239602254985
548355,1,0,4,RJ Peterson,0,0.47908142312083596
548355,1,0,5,RJ Peterson,0,0.2454531581857938
548355,1,0,6,RJ Peterson,0,0.2728108434957327
548355,1,1,1,RP Singh,1,0.9994055393008987
548355,1,1,2,RP Singh,1,0.8162314872134158
548355,1,1,3,RP Singh,1,0.3220239602254985
548355,1,1,4,RP Singh,1,0.3376992198168505
548355,1,1,5,RP Singh,0,0.16866862964825874
548355,1,1,6,RP Singh,1,0.34499366563926254
548355,1,2,1,MM Patel,0,0.00034170757385313056
548355,1,2,2,MM Patel,0,0.006386958422194156
548355,1,2,3,MM Patel,0,0.0019903919334075537
548355,1,2,4,MM Patel,0,0.006841118506000307
548355,1,2,5,MM Patel,0,0.014082975253444948
548355,1,2,6,MM Patel,0,0.006896618731580249
548355,1,3,1,SL Malinga,0,0.0013579646241534953
548355,1,3,2,SL Malinga,0,0.01758326527488941
548355,1,3,3,SL Malinga,0,0.0026825851982875083
548355,1,3,4,SL Malinga,0,0.008982871514968226
548355,1,3,5,SL Malinga,0,0.0053266254592381915
548355,1,3,6,SL Malinga,0,0.009309901121714427
548355,1,3,7,SL Malinga,0,0.016462555355533485
548355,1,4,1,MM Patel,0,0.01704694993781102
548355,1,4,2,MM Patel,0,0.023133516547726225
548355,1,4,3,MM Patel,0,0.28892413326817923
548355,1,4,4,MM Patel,0,0.4949649541792006
548355,1,4,5,MM Patel,1,0.614659436628653
548355,1,4,6,MM Patel,1,0.6969157849581299
548355,1,4,7,MM Patel,1,0.6072206574550792
548355,1,5,1,SL Malinga,0,0.020492673570560366
548355,1,5,2,SL Malinga,0,0.016130543937335637
548355,1,5,3,SL Malinga,0,0.15392502475876102
548355,1,5,4,SL Malinga,0,0.12179706521270386
548355,1,5,5,SL Malinga,0,0.10581540713448204
548355,1,5,6,SL Malinga,0,0.12104799770024312
548355,2,0,1,BW Hilfenhaus,0,0.0005244507483796861
548355,2,0,2,BW Hilfenhaus,0,0.0005220869185258237
548355,2,0,3,BW Hilfenhaus,0,0.00048122948760985555
548355,2,0,4,BW Hilfenhaus,0,0.00048122948760985555
548355,2,0,5,BW Hilfenhaus,0,0.0004555228682677085
548355,2,0,6,BW Hilfenhaus,0,0.00044170947501970525
548355,2,1,1,JA Morkel,0,0.0004973111891737678
548355,2,1,2,JA Morkel,0,0.017793832704861935
548355,2,1,3,JA Morkel,0,0.010244473628789571
548355,2,1,4,JA Morkel,0,0.4584318360428854
548355,2,1,5,JA Morkel,0,0.38275382955853143
548355,2,1,6,JA Morkel,0,0.3957028143240405
548355,2,2,1,BW Hilfenhaus,0,0.00046733898888435085
548355,2,2,2,BW Hilfenhaus,0,0.0004273774541061498
548355,2,2,3,BW Hilfenhaus,0,0.00024975063307628836
548355,2,2,4,BW Hilfenhaus,0,0.006218317113069028
548355,2,2,5,BW Hilfenhaus,0,0.005834622314512098
548355,2,2,6,BW Hilfenhaus,0,0.031172656340442785
548355,2,3,1,JA Morkel,0,0.5383346367016064
548355,2,3,2,JA Morkel,0,0.5045235832662915
548355,2,3,3,JA Morkel,0,0.6139505310019882
548355,2,3,4,JA Morkel,0,0.5211037042764053
548355,2,3,5,JA Morkel,0,0.6057656002917435
548355,2,3,6,JA Morkel,0,0.5924390624078727
548355,2,4,1,BW Hilfenhaus,0,0.015676027012693314
548355,2,4,2,BW Hilfenhaus,0,0.09298409983264314
548355,2,4,3,BW Hilfenhaus,0,0.07787412351325156
548355,2,4,4,BW Hilfenhaus,0,0.09954375212802151
548355,2,4,5,BW Hilfenhaus,0,0.11793892496250855
548355,2,4,6,BW Hilfenhaus,0,0.38050487605550914
548355,2,5,1,R Ashwin,0,0.030056234453846656
548355,2,5,2,R Ashwin,0,0.007111712937314187
548355,2,5,3,R Ashwin,0,0.0024699719383215204
548355,2,5,4,R Ashwin,0,0.008217276515184316
548355,2,5,5,R Ashwin,0,0.03869386520803613
548355,2,5,6,R Ashwin,1,0.5118266146114516
548357,1,0,1,B Lee,0,0.00040207297837470315
548357,1,0,2,B Lee,0,0.00040905506749004135
548357,1,0,3,B Lee,0,0.00041556436133131567
548357,1,0,4,B Lee,0,0.00041556436133131567
548357,1,0,5,B Lee,0,0.00041556436133131567
548357,1,0,6,B Lee,0,0.0004028110930223796
548357,1,1,1,PJ Sangwan,1,0.9995103101590811
548357,1,1,2,PJ Sangwan,1,0.968467218068768
548357,1,1,3,PJ Sangwan,1,0.8883368503862202
548357,1,1,4,PJ Sangwan,1,0.9637585059318617
548357,1,1,5,PJ Sangwan,1,0.966306079250984
548357,1,1,6,PJ Sangwan,1,0.9699026735803589
548357,1,2,1,B Lee,0,0.0005550529135063545
548357,1,2,2,B Lee,0,0.005205183149442804
548357,1,2,3,B Lee,0,0.1529293840862329
548357,1,2,4,B Lee,0,0.18613393746825432
548357,1,2,5,B Lee,0,0.1761769129872959
548357,1,2,6,B Lee,0,0.379646922775802
548357,1,3,1,JH Kallis,0,0.02331635144159905
548357,1,3,2,JH Kallis,1,0.9777252644536634
548357,1,3,3,JH Kallis,1,0.863818519007601
548357,1,3,4,JH Kallis,1,0.6501891185010109
548357,1,3,5,JH Kallis,1,0.49588402867512993
548357,1,3,6,JH Kallis,1,0.3465547571017108
548357,1,4,1,SP Narine,0,0.0004372108585267679
548357,1,4,2,SP Narine,0,0.0004265319273215776
548357,1,4,3,SP Narine,0,0.003714459322823774
548357,1,4,4,SP Narine,0,0.0029064323580190055
548357,1,4,5,SP Narine,0,0.00206922973463795
548357,1,4,6,SP Narine,0,0.003941706931463729
548357,1,5,1,JH Kallis,1,0.2654139035946055
548357,1,5,2,JH Kallis,1,0.2897310487803952
548357,1,5,3,JH Kallis,1,0.5635993109709647
548357,1,5,4,JH Kallis,1,0.4799078176265619
548357,1,5,5,JH Kallis,1,0.4637952794468554
548357,1,5,6,JH Kallis,1,0.41136311929576125
548357,2,0,1,IK Pathan,0,0.01197732698924433
548357,2,0,2,IK Pathan,0,0.00421024858265262
548357,2,0,3,IK Pathan,0,0.007206943814776136
548357,2,0,4,IK Pathan,0,0.6790877185806992
548357,2,0,5,IK Pathan,1,0.8508306607487707
548357,2,0,6,IK Pathan,1,0.7314677704775289
548357,2,1,1,S Nadeem,0,0.0002770040900242954
548357,2,1,2,S Nadeem,0,0.00421024858265262
548357,2,1,3,S Nadeem,0,0.007206943814776136
548357,2,1,4,S Nadeem,0,0.0047348212144070435
548357,2,1,5,S Nadeem,0,0.002547431071765217
548357,2,1,6,S Nadeem,0,0.011513083260744966
548357,2,2,1,M Morkel,0,0.00036123135080435995
548357,2,2,2,M Morkel,0,0.004209190744422317
548357,2,2,3,M Morkel,0,0.011859271683848538
548357,2,2,4,M Morkel,0,0.006363003918390892
548357,2,2,5,M Morkel,1,0.6587088923062556
548357,2,2,6,M Morkel,0,0.5096835086532082
548357,2,2,7,M Morkel,0,0.3845188893669228
548357,2,3,1,S Nadeem,0,0.21859983090635265
548357,2,3,2,S Nadeem,0,0.24105155403465073
548357,2,3,3,S Nadeem,0,0.2264906409825553
548357,2,3,4,S Nadeem,0,0.2253497398409183
548357,2,3,5,S Nadeem,0,0.4389393124146776
548357,2,3,6,S Nadeem,1,0.6449836032361892
548357,2,4,1,M Morkel,0,0.23190759443132575
548357,2,4,2,M Morkel,1,0.6185880898068091
548357,2,4,3,M Morkel,1,0.6467484071923956
548357,2,4,4,M Morkel,1,0.6121226164751339
548357,2,4,5,M Morkel,1,0.6241510067843893
548357,2,4,6,M Morkel,1,0.6332905303185586
548357,2,5,1,UT Yadav,0,0.00045056631843639234
548357,2,5,2,UT Yadav,0,0.015457454254801188
548357,2,5,3,UT Yadav,1,0.8649955219480917
548357,2,5,4,UT Yadav,1,0.9549632622686476
548357,2,5,5,UT Yadav,1,0.8600745852724642
548357,2,5,6,UT Yadav,1,0.7500899776502848
548363,1,0,1,Shakib Al Hasan,0,0.00042121589120114306
548363,1,0,2,Shakib Al Hasan,0,0.0004462555692455056
548363,1,0,3,Shakib Al Hasan,0,0.0004533565662373903
548363,1,0,4,Shakib Al Hasan,0,0.0004533565662373903
548363,1,0,5,Shakib Al Hasan,0,0.0004533565662373903
548363,1,0,6,Shakib Al Hasan,0,0.0006631717188639483
548363,1,1,1,B Lee,0,0.00045634133851891817
548363,1,1,2,B Lee,0,0.00048346808048121357
548363,1,1,3,B Lee,0,0.4349417717604113
548363,1,1,4,B Lee,0,0.2396092264498044
548363,1,1,5,B Lee,0,0.626061125218361
548363,1,1,6,B Lee,1,0.8688130515259427
548363,1,2,1,Shakib Al Hasan,0,0.008107666906738661
548363,1,2,2,Shakib Al Hasan,0,0.006037422563212254
548363,1,2,3,Shakib Al Hasan,0,0.004703922781865849
548363,1,2,4,Shakib Al Hasan,0,0.012284604408606037
548363,1,2,5,Shakib Al Hasan,0,0.048633139330340004
548363,1,2,6,Shakib Al Hasan,0,0.03415452826804935
548363,1,3,1,B Lee,0,0.7215488773706222
548363,1,3,2,B Lee,0,0.5921449053626058
548363,1,3,3,B Lee,1,0.8031775073645175
548363,1,3,4,B Lee,1,0.6682930988200717
548363,1,3,5,B Lee,1,0.8017236131620403
548363,1,3,6,B Lee,1,0.7274030304301895
548363,1,4,1,Shakib Al Hasan,0,0.07446361902976972
548363,1,4,2,Shakib Al Hasan,0,0.07982359355084682
548363,1,4,3,Shakib Al Hasan,0,0.07981137057792365
548363,1,4,4,Shakib Al Hasan,0,0.29580470729989816
548363,1,4,5,Shakib Al Hasan,0,0.2793890101617532
548363,1,4,6,Shakib Al Hasan,0,0.39314384080422726
548363,1,5,1,SP Narine,0,0.0008162315184765554
548363,1,5,2,SP Narine,0,0.0008744166762698961
548363,1,5,3,SP Narine,0,0.0008883246890172835
548363,1,5,4,SP Narine,0,0.003471949813762118
548363,1,5,5,SP Narine,0,0.014900934636981214
548363,1,5,6,SP Narine,0,0.33858186892305425
548363,2,0,1,MM Patel,0,0.017945932260816137
548363,2,0,2,MM Patel,0,0.007493897699153718
548363,2,0,3,MM Patel,0,0.002263299078732624
548363,2,0,4,MM Patel,0,0.0014485117613582388
548363,2,0,5,MM Patel,0,0.0011892896611028793
548363,2,0,6,MM Patel,0,0.0022552109968449305
548363,2,1,1,PP Ojha,0,0.0188186601665843
548363,2,1,2,PP Ojha,0,0.008033946847827052
548363,2,1,3,PP Ojha,0,0.0027991121806011346
548363,2,1,4,PP Ojha,0,0.008946862512332987
548363,2,1,5,PP Ojha,0,0.004178293897034117
548363,2,1,6,PP Ojha,0,0.0027891146799896528
548363,2,2,1,MM Patel,0,0.002489577209732916
548363,2,2,2,MM Patel,0,0.0016101272001197708
548363,2,2,3,MM Patel,0,0.07627354697769567
548363,2,2,4,MM Patel,0,0.060512630948856894
548363,2,2,5,MM Patel,0,0.185290822263069
548363,2,2,6,MM Patel,0,0.1689792434113407
548363,2,3,1,SL Malinga,0,0.00033378701919803855
548363,2,3,2,SL Malinga,0,0.0003623209819567942
548363,2,3,3,SL Malinga,0,0.0003680868700825816
548363,2,3,4,SL Malinga,0,0.0019829810611358173
548363,2,3,5,SL Malinga,0,0.004666890558601535
548363,2,3,6,SL Malinga,0,0.012154912530896976
548363,2,4,1,MM Patel,0,0.26933125107141037
548363,2,4,2,MM Patel,0,0.1898489249696928
548363,2,4,3,MM Patel,0,0.23550779393402527
548363,2,4,4,MM Patel,0,0.263612909509429
548363,2,4,5,MM Patel,0,0.3016202315509136
548363,2,4,6,MM Patel,0,0.25452019560311373
548363,2,5,1,PP Ojha,0,0.013913022472802612
548363,2,5,2,PP Ojha,0,0.04107414926829336
548363,2,5,3,PP Ojha,0,0.06044133037797689
548363,2,5,4,PP Ojha,0,0.10001149786812549
548363,2,5,5,PP Ojha,0,0.10417500992459823
548363,2,5,6,PP Ojha,0,0.30712379994214867
548375,1,0,1,A Nehra,0,0.0005535440297979859
548375,1,0,2,A Nehra,0,0.0005913317262615967
548375,1,0,3,A Nehra,0,0.0005813454235628662
548375,1,0,4,A Nehra,0,0.4013764420789676
548375,1,0,5,A Nehra,0,0.1730883943126463
548375,1,0,6,A Nehra,0,0.6827712952160309
548375,1,1,1,AG Murtaza,0,0.0328977665460651
548375,1,1,2,AG Murtaza,0,0.021874980290596632
548375,1,1,3,AG Murtaza,0,0.005229700344171577
548375,1,1,4,AG Murtaza,0,0.021582876303145242
548375,1,1,5,AG Murtaza,0,0.05496973609549272
548375,1,1,6,AG Murtaza,0,0.050425315616701855
548375,1,2,1,WD Parnell,0,0.0005485433909330868
548375,1,2,2,WD Parnell,0,0.000585989918814138
548375,1,2,3,WD Parnell,0,0.0005760937755875095
548375,1,2,4,WD Parnell,0,0.004706866687480428
548375,1,2,5,WD Parnell,0,0.003429406480096868
548375,1,2,6,WD Parnell,0,0.004742250168237654
548375,1,3,1,AG Murtaza,0,0.048384063710805954
548375,1,3,2,AG Murtaza,0,0.04715332635086326
548375,1,3,3,AG Murtaza,0,0.04847444030381057
548375,1,3,4,AG Murtaza,0,0.04646621736109509
548375,1,3,5,AG Murtaza,0,0.0848670617464222
548375,1,4,1,WD Parnell,0,0.006304545894560136
548375,1,4,2,WD Parnell,0,0.004305011703669537
548375,1,4,3,WD Parnell,0,0.002286187894856827
548375,1,4,4,WD Parnell,0,0.005964017600503608
548375,1,4,5,WD Parnell,0,0.006106300904883807
548375,1,4,6,WD Parnell,0,0.004325822658571457
548375,1,5,1,B Kumar,0,0.0005521737035066115
548375,1,5,2,B Kumar,0,0.0005898679098230578
548375,1,5,3,B Kumar,1,0.6764499002262607
548375,1,5,4,B Kumar,1,0.3592068537075966
548375,1,5,5,B Kumar,0,0.16487856506786752
548375,1,5,6,B Kumar,0,0.18185177152754586
548375,2,0,1,L Balaji,1,0.9996164983218873
548375,2,0,2,L Balaji,1,0.9744764330822688
548375,2,0,3,L Balaji,1,0.90281902400939
548375,2,0,4,L Balaji,1,0.9394380492310758
548375,2,0,5,L Balaji,1,0.8440463885246858
548375,2,0,6,L Balaji,1,0.6068505508400501
548375,2,0,7,L Balaji,1,0.7279913758707803
548375,2,1,1,Shakib Al Hasan,0,0.00020757425596806565
548375,2,1,2,Shakib Al Hasan,0,0.00021986337539420215
548375,2,1,3,Shakib Al Hasan,0,0.0024859380309265335
548375,2,1,4,Shakib Al Hasan,0,0.0020937497590751168
548375,2,1,5,Shakib Al Hasan,0,0.004024282648240338
548375,2,1,6,Shakib Al Hasan,0,0.0025727746358821567
548375,2,2,1,Iqbal Abdulla,0,0.0002544875911844867
548375,2,2,2,Iqbal Abdulla,0,0.00022834654595473862
548375,2,2,3,Iqbal Abdulla,0,0.0031294983793842854
548375,2,2,4,Iqbal Abdulla,0,0.002376924616738326
548375,2,2,5,Iqbal Abdulla,0,0.0051404755516751555
548375,2,2,6,Iqbal Abdulla,0,0.0030943206405446245
548375,2,3,1,Shakib Al Hasan,0,0.005064862405388176
548375,2,3,2,Shakib Al Hasan,1,0.4163575355862821
548375,2,3,3,Shakib Al Hasan,1,0.25060992362577644
548375,2,3,4,Shakib Al Hasan,1,0.1770357724936799
548375,2,3,5,Shakib Al Hasan,1,0.1784439432471704
548375,2,3,6,Shakib Al Hasan,1,0.18633776447995706
548375,2,4,1,Iqbal Abdulla,0,0.014348787591702807
548375,2,4,2,Iqbal Abdulla,1,0.44691121733383143
548375,2,4,3,Iqbal Abdulla,1,0.29338267974037757
548375,2,4,4,Iqbal Abdulla,0,0.3324816724421889
548375,2,4,5,Iqbal Abdulla,1,0.38191237135944744
548375,2,4,6,Iqbal Abdulla,1,0.31902037240872866
548375,2,4,7,Iqbal Abdulla,1,0.30065635925900897
548375,2,5,1,SP Narine,1,0.044109002933767544
548375,2,5,2,SP Narine,1,0.052472174994048604
548375,2,5,3,SP Narine,1,0.056210399170338356
548375,2,5,4,SP Narine,1,0.1200426130534994
548375,2,5,5,SP Narine,1,0.1346691955981464
548375,2,5,6,SP Narine,1,0.08409371072738603
548377,1,0,1,RP Singh,0,0.011397551704485953
548377,1,0,2,RP Singh,0,0.008942442572711125
548377,1,0,3,RP Singh,0,0.001988207579466123
548377,1,0,4,RP Singh,0,0.010552878793461772
548377,1,0,5,RP Singh,0,0.02042067751333758
548377,1,0,6,RP Singh,0,0.013256098190982326
548377,1,0,7,RP Singh,0,0.3327215890940734
548377,1,1,1,DS Kulkarni,0,0.00026039461319158426
548377,1,1,2,DS Kulkarni,0,0.010671959033829101
548377,1,1,3,DS Kulkarni,0,0.013485834734981649
548377,1,1,4,DS Kulkarni,0,0.015556515158039365
548377,1,1,5,DS Kulkarni,0,0.004761027494119761
548377,1,1,6,DS Kulkarni,0,0.0021109831185927275
548377,1,1,7,DS Kulkarni,0,0.0011975947078205788
548377,1,2,1,RP Singh,0,0.20982637374385363
548377,1,2,2,RP Singh,0,0.5211869257405428
548377,1,2,3,RP Singh,0,0.607501716549212
548377,1,2,4,RP Singh,1,0.7906163290831334
548377,1,2,5,RP Singh,0,0.65536401841444
548377,1,2,6,RP Singh,0,0.6083026400734972
548377,1,2,7,RP Singh,0,0.5090238772089172
548377,1,3,1,DS Kulkarni,0,0.0007730009839785703
548377,1,3,2,DS Kulkarni,0,0.0005164703041000105
548377,1,3,3,DS Kulkarni,0,0.0012912459660119131
548377,1,3,4,DS Kulkarni,0,0.003434979745427075
548377,1,3,5,DS Kulkarni,0,0.01579513071461926
548377,1,3,6,DS Kulkarni,1,0.08812102798443547
548377,1,4,1,SL Malinga,0,0.0003375729411369491
548377,1,4,2,SL Malinga,0,0.01580260740736592
548377,1,4,3,SL Malinga,0,0.003473174745287845
548377,1,4,4,SL Malinga,0,0.0224455670688298
548377,1,4,5,SL Malinga,0,0.03706530873738542
548377,1,4,6,SL Malinga,0,0.0673632165285123
548377,1,5,1,DS Kulkarni,1,0.08588903961104104
548377,1,5,2,DS Kulkarni,0,0.16545137236301902
548377,1,5,3,DS Kulkarni,0,0.14759058036648726
548377,1,5,4,DS Kulkarni,0,0.17559130533242173
548377,1,5,5,DS Kulkarni,0,0.1517709923446678
548377,1,5,6,DS Kulkarni,0,0.1237590241254151
548377,2,0,1,A Chandila,0,0.0004255386179032058
548377,2,0,2,A Chandila,0,0.0004541600608575966
548377,2,0,3,A Chandila,0,0.00243792579347944
548377,2,0,4,A Chandila,0,0.0019966788222983397
548377,2,0,5,A Chandila,0,0.42462606255205937
548377,2,0,6,A Chandila,0,0.3969020582474907
548377,2,1,1,SR Watson,0,0.0004035155502863434
548377,2,1,2,SR Watson,0,0.000430656374620186
548377,2,1,3,SR Watson,0,0.0004375092596392994
548377,2,1,4,SR Watson,0,0.0004375092596392994
548377,2,1,5,SR Watson,0,0.18773984019165946
548377,2,1,6,SR Watson,0,0.23282780066391615
548377,2,2,1,SW Tait,0,0.027310350398573102
548377,2,2,2,SW Tait,0,0.024859433792470215
548377,2,2,3,SW Tait,0,0.01619239504826907
548377,2,2,4,SW Tait,0,0.03469362800220696
548377,2,2,5,SW Tait,0,0.05161917536228168
548377,2,2,6,SW Tait,1,0.9226172346912568
548377,2,2,7,SW Tait,1,0.8406699621876645
548377,2,2,8,SW Tait,1,0.6270387000898052
548377,2,2,9,SW Tait,0,0.5136639407595134
548377,2,3,1,SR Watson,0,0.07331216734517147
548377,2,3,2,SR Watson,0,0.09382775271228397
548377,2,3,3,SR Watson,0,0.09508690651247619
548377,2,3,4,SR Watson,0,0.08346874951479351
548377,2,3,5,SR Watson,0,0.0820091483547147
548377,2,3,6,SR Watson,0,0.2048404908894822
548377,2,4,1,SW Tait,1,0.6292383054046703
548377,2,4,2,SW Tait,0,0.2998635224942973
548377,2,4,3,SW Tait,0,0.28671253565862487
548377,2,4,4,SW Tait,0,0.1648956523162389
548377,2,4,5,SW Tait,0,0.1571294144666313
548377,2,4,6,SW Tait,0,0.49570047557803626
548377,2,4,7,SW Tait,1,0.6482980267161775
548377,2,5,1,GB Hogg,0,0.0011735034043468284
548377,2,5,2,GB Hogg,1,0.9152105622753945
548377,2,5,3,GB Hogg,1,0.6281447234501158
548377,2,5,4,GB Hogg,1,0.5810315291241336
548377,2,5,5,GB Hogg,0,0.4008401660040261
548377,2,5,6,GB Hogg,0,0.25813157503552214
598006,1,0,1,IK Pathan,0,0.0004983305615051937
598006,1,0,2,IK Pathan,0,0.0005014645090343804
598006,1,0,3,IK Pathan,0,0.0004929951189215285
598006,1,0,4,IK Pathan,0,0.0004929951189215285
598006,1,0,5,IK Pathan,0,0.00046666028912735377
598006,1,0,6,IK Pathan,0,0.00043934006644824337
598006,1,1,1,A Nehra,0,0.013608658029489169
598006,1,1,2,A Nehra,0,0.00613056640016033
598006,1,1,3,A Nehra,0,0.001444532295085511
598006,1,1,4,A Nehra,0,0.001231330642631454
598006,1,1,5,A Nehra,0,0.13186409328007231
598006,1,1,6,A Nehra,0,0.1494108609130923
598006,1,2,1,M Morkel,1,0.9995815561170902
598006,1,2,2,M Morkel,1,0.8548341301093592
598006,1,2,3,M Morkel,0,0.423527999791516
598006,1,2,4,M Morkel,0,0.18134169354489754
598006,1,2,5,M Morkel,0,0.08726506845352394
598006,1,2,6,M Morkel,0,0.4092327638157881
598006,1,3,1,IK Pathan,0,0.0004944676046232174
598006,1,3,2,IK Pathan,0,0.0010119523287723633
598006,1,3,3,IK Pathan,0,0.0016731293368516167
598006,1,3,4,IK Pathan,0,0.0016731293368516167
598006,1,3,5,IK Pathan,0,0.0013491255482551779
598006,1,3,6,IK Pathan,0,0.003066223629712174
598006,1,4,1,UT Yadav,0,0.01954026663697492
598006,1,4,2,UT Yadav,0,0.006891020139595705
598006,1,4,3,UT Yadav,0,0.0019021339685956794
598006,1,4,4,UT Yadav,0,0.0014769562927778263
598006,1,4,5,UT Yadav,0,0.0010678641433891432
598006,1,4,6,UT Yadav,0,0.0035270538306368462
598006,1,4,7,UT Yadav,0,0.0027122013795167345
598006,1,5,1,A Nehra,0,0.060313690253347166
598006,1,5,2,A Nehra,0,0.4211327649142749
598006,1,5,3,A Nehra,0,0.5234836364381997
598006,1,5,4,A Nehra,0,0.46842358256909455
598006,1,5,5,A Nehra,0,0.420716257952165
598006,1,5,6,A Nehra,0,0.5143576162110458
598006,2,0,1,Harbhajan Singh,0,0.00036262983337164887
598006,2,0,2,Harbhajan Singh,0,0.00036384579281656425
598006,2,0,3,Harbhajan Singh,0,0.0015095315933433449
598006,2,0,4,Harbhajan Singh,0,0.001232211931905634
598006,2,0,5,Harbhajan Singh,0,0.0008862670500140094
598006,2,0,6,Harbhajan Singh,0,0.0014936809075868117
598006,2,1,1,SL Malinga,0,0.0004588725991539936
598006,2,1,2,SL Malinga,0,0.0004604111283079512
598006,2,1,3,SL Malinga,0,0.0004665283294587437
598006,2,1,4,SL Malinga,1,0.22737209787160154
598006,2,1,5,SL Malinga,0,0.13784776167973545
598006,2,1,6,SL Malinga,1,0.36762775366919004
598006,2,2,1,MG Johnson,0,0.00040102652987329316
598006,2,2,2,MG Johnson,0,0.0004125614046128036
598006,2,2,3,MG Johnson,0,0.008224060779409783
598006,2,2,4,MG Johnson,0,0.01569448905738296
598006,2,2,5,MG Johnson,0,0.014080736552068259
598006,2,2,6,MG Johnson,0,0.5141953877472709
598006,2,2,7,MG Johnson,0,0.38044106885286016
598006,2,3,1,Harbhajan Singh,0,0.0028810162045068595
598006,2,3,2,Harbhajan Singh,0,0.008769406332425999
598006,2,3,3,Harbhajan Singh,0,0.015475559233205082
598006,2,3,4,Harbhajan Singh,0,0.015058420632259631
598006,2,3,5,Harbhajan Singh,0,0.017003770658121316
598006,2,3,6,Harbhajan Singh,0,0.18524683127693567
598006,2,4,1,MG Johnson,0,0.5484399948707933
598006,2,4,2,MG Johnson,0,0.6144097283266137
598006,2,4,3,MG Johnson,0,0.6108267297938004
598006,2,4,4,MG Johnson,0,0.7208313430619385
598006,2,4,5,MG Johnson,0,0.7170617917469642
598006,2,4,6,MG Johnson,0,0.6234406283022972
598006,2,5,1,SL Malinga,1,0.25787499947317366
598006,2,5,2,SL Malinga,1,0.29976986206710676
598006,2,5,3,SL Malinga,1,0.3270232798224685
598006,2,5,4,SL Malinga,1,0.33357697483696847
598006,2,5,5,SL Malinga,1,0.2708259347822148
598006,2,5,6,SL Malinga,1,0.2996090518464694
598013,1,0,1,DW Steyn,0,0.00015766872995839673
598013,1,0,2,DW Steyn,0,0.00016925300765675914
598013,1,0,3,DW Steyn,0,0.0001719469874092675
598013,1,0,4,DW Steyn,0,0.0009550855872497218
598013,1,0,5,DW Steyn,0,0.0020773308729906265
598013,1,0,6,DW Steyn,0,0.005314642107186569
598013,1,1,1,GH Vihari,1,0.9995669754744221
598013,1,1,2,GH Vihari,1,0.9994965833778683
598013,1,1,3,GH Vihari,1,0.982084946846366
598013,1,1,4,GH Vihari,1,0.9626787596582824
598013,1,1,5,GH Vihari,0,0.8525737614809934
598013,1,2,1,DW Steyn,0,0.002958727281052137
598013,1,2,2,DW Steyn,0,0.00880590996280225
598013,1,2,3,DW Steyn,0,0.020099591628655277
598013,1,2,4,DW Steyn,0,0.02400747450948493
598013,1,2,5,DW Steyn,0,0.01924676559650252
598013,1,2,6,DW Steyn,0,0.03270343825010812
598013,1,3,1,I Sharma,0,0.03268208914958747
598013,1,3,2,I Sharma,0,0.021847049362408052
598013,1,3,3,I Sharma,0,0.010117082064663318
598013,1,3,4,I Sharma,0,0.004015662137952864
598013,1,3,5,I Sharma,0,0.26097045413288333
598013,1,3,6,I Sharma,0,0.15991877074617372
598013,1,4,1,NLTC Perera,0,0.0002476376305589042
598013,1,4,2,NLTC Perera,1,0.9274522445813869
598013,1,4,3,NLTC Perera,1,0.982339566791273
598013,1,4,4,NLTC Perera,1,0.9290450407964382
598013,1,4,5,NLTC Perera,0,0.83616037600163
598013,1,4,6,NLTC Perera,0,0.7696450774714789
598013,1,5,1,I Sharma,1,0.46267012453300993
598013,1,5,2,I Sharma,1,0.4464497557895012
598013,1,5,3,I Sharma,0,0.275156342229142
598013,1,5,4,I Sharma,0,0.17751944950415216
598013,1,5,5,I Sharma,0,0.2005716740369888
598013,1,5,6,I Sharma,0,0.15782161817042295
598013,2,0,1,L Balaji,0,0.01138635285454716
598013,2,0,2,L Balaji,0,0.005781205556321872
598013,2,0,3,L Balaji,0,0.003362324548836427
598013,2,0,4,L Balaji,0,0.0017716582321797545
598013,2,0,5,L Balaji,0,0.0012352678984761775
598013,2,0,6,L Balaji,0,0.11685861737277364
598013,2,1,1,SMSM Senanayake,0,0.0003047745645192356
598013,2,1,2,SMSM Senanayake,0,0.012925093355088228
598013,2,1,3,SMSM Senanayake,0,0.012718842941618118
598013,2,1,4,SMSM Senanayake,1,0.014127077375027768
598013,2,1,5,SMSM Senanayake,1,0.028216111118128585
598013,2,1,6,SMSM Senanayake,0,0.022464549212772408
598013,2,2,1,L Balaji,0,0.09746995259185282
598013,2,2,2,L Balaji,0,0.1264989292910651
598013,2,2,3,L Balaji,0,0.045738075071403456
598013,2,2,4,L Balaji,0,0.0553637906942337
598013,2,2,5,L Balaji,1,0.4078383558541067
598013,2,2,6,L Balaji,1,0.5893394902756036
598013,2,3,1,SMSM Senanayake,0,0.013357846066308215
598013,2,3,2,SMSM Senanayake,0,0.013415451575698907
598013,2,3,3,SMSM Senanayake,0,0.01377876851816302
598013,2,3,4,SMSM Senanayake,0,0.013206134322810427
598013,2,3,5,SMSM Senanayake,0,0.01484971375275276
598013,2,3,6,SMSM Senanayake,0,0.01467137838038737
598013,2,4,1,SP Narine,0,0.025444093283274016
598013,2,4,2,SP Narine,0,0.010565356316918417
598013,2,4,3,SP Narine,0,0.01605772973693492
598013,2,4,4,SP Narine,0,0.011141617855638004
598013,2,4,5,SP Narine,0,0.01778348577207989
598013,2,4,6,SP Narine,0,0.029184920241931995
598013,2,5,1,SMSM Senanayake,1,0.03580698434959352
598013,2,5,2,SMSM Senanayake,1,0.03458516935716271
598013,2,5,3,SMSM Senanayake,0,0.03364668973590877
598013,2,5,4,SMSM Senanayake,0,0.04359247929882608
598013,2,5,5,SMSM Senanayake,1,0.046639186232520856
598013,2,5,6,SMSM Senanayake,1,0.046639186232520856
598013,2,5,7,SMSM Senanayake,1,0.046639186232520856
598019,1,0,1,MG Johnson,0,0.011397551704485953
598019,1,0,2,MG Johnson,0,0.008942442572711125
598019,1,0,3,MG Johnson,0,0.013045207307732046
598019,1,0,4,MG Johnson,0,0.015050272735008063
598019,1,0,5,MG Johnson,0,0.02042067751333758
598019,1,0,6,MG Johnson,0,0.013256098190982326
598019,1,0,7,MG Johnson,0,0.008242166207808339
598019,1,1,1,SL Malinga,0,0.00026039461319158426
598019,1,1,2,SL Malinga,1,0.9021802308161776
598019,1,1,3,SL Malinga,1,0.5342842498651674
598019,1,1,4,SL Malinga,0,0.2622856219878013
598019,1,1,5,SL Malinga,0,0.14169258886223388
598019,1,1,6,SL Malinga,1,0.5517019086494674
598019,1,2,1,MG Johnson,0,0.20982637374385363
598019,1,2,2,MG Johnson,0,0.17714554786738945
598019,1,2,3,MG Johnson,0,0.11479114334827244
598019,1,2,4,MG Johnson,0,0.3608773575878791
598019,1,2,5,MG Johnson,0,0.3056531571109576
598019,1,2,6,MG Johnson,0,0.36937210110708246
598019,1,3,1,R Dhawan,0,0.0010316216530983622
598019,1,3,2,R Dhawan,0,0.0011197435643002793
598019,1,3,3,R Dhawan,1,0.8725718942239951
598019,1,3,4,R Dhawan,1,0.7591878793007556
598019,1,3,5,R Dhawan,0,0.516635637863193
598019,1,3,6,R Dhawan,0,0.3641701397299704
598019,1,4,1,PP Ojha,0,0.0003375729411369491
598019,1,4,2,PP Ojha,0,0.01580260740736592
598019,1,4,3,PP Ojha,1,0.773708067535823
598019,1,4,4,PP Ojha,0,0.4915391570488074
598019,1,4,5,PP Ojha,0,0.4296454698222752
598019,1,4,6,PP Ojha,1,0.8767065844224439
598019,1,5,1,SL Malinga,0,0.411575100728667
598019,1,5,2,SL Malinga,1,0.7036319765305659
598019,1,5,3,SL Malinga,1,0.8457008953917488
598019,1,5,4,SL Malinga,1,0.7152621822693033
598019,1,5,5,SL Malinga,1,0.8490962882846873
598019,1,5,6,SL Malinga,1,0.8111984502195068
598019,2,0,1,A Chandila,1,0.022497750566793123
598019,2,0,2,A Chandila,1,0.026012627096549158
598019,2,0,3,A Chandila,1,0.018859854618299598
598019,2,0,4,A Chandila,1,0.017754978884806823
598019,2,0,5,A Chandila,0,0.0047315499567279744
598019,2,0,6,A Chandila,0,0.0029426390342968006
598019,2,1,1,AA Chavan,0,0.018262903281626962
598019,2,1,2,AA Chavan,0,0.010932654571200762
598019,2,1,3,AA Chavan,0,0.002062492223295102
598019,2,1,4,AA Chavan,0,0.01173381871786202
598019,2,1,5,AA Chavan,0,0.003292109025122361
598019,2,1,6,AA Chavan,0,0.0021095042477215736
598019,2,2,1,A Chandila,0,0.004721384049885945
598019,2,2,2,A Chandila,1,0.01889240090153118
598019,2,2,3,A Chandila,1,0.027439753598262607
598019,2,2,4,A Chandila,1,0.021737433149886777
598019,2,2,5,A Chandila,1,0.04337845297737691
598019,2,3,1,AA Chavan,0,0.0019403043291706201
598019,2,3,2,AA Chavan,0,0.0014729418293042119
598019,2,3,3,AA Chavan,0,0.00111505074927707
598019,2,3,4,AA Chavan,0,0.0020386149042653802
598019,2,3,5,AA Chavan,0,0.0020386149042653802
598019,2,3,6,AA Chavan,1,0.08663044202129506
598019,2,3,7,AA Chavan,1,0.08925436766285072
598019,2,4,1,JP Faulkner,1,0.9986961525805818
598019,2,4,2,JP Faulkner,1,0.9166777369745726
598019,2,4,3,JP Faulkner,1,0.5732553493797888
598019,2,4,4,JP Faulkner,1,0.5168781437541323
598019,2,4,5,JP Faulkner,1,0.6519794401870784
598019,2,4,6,JP Faulkner,1,0.5377690992977652
598019,2,4,7,JP Faulkner,1,0.42402598529450986
598019,2,5,1,AA Chavan,1,0.05141833388890111
598019,2,5,2,AA Chavan,1,0.04668585386652035
598019,2,5,3,AA Chavan,1,0.04588277055543255
598019,2,5,4,AA Chavan,1,0.06215616848513593
598019,2,5,5,AA Chavan,1,0.056423486611754316
598021,1,0,1,GH Vihari,0,0.0003389012235351284
598021,1,0,2,GH Vihari,0,0.00035826825772790067
598021,1,0,3,GH Vihari,1,0.006825046258395617
598021,1,0,4,GH Vihari,0,0.003919616815126131
598021,1,0,5,GH Vihari,1,0.009690398347160734
598021,1,1,1,DW Steyn,0,0.000247701478444529
598021,1,1,2,DW Steyn,0,0.0002618581274562149
598021,1,1,3,DW Steyn,0,0.004997122775196908
598021,1,1,4,DW Steyn,0,0.00286759555005116
598021,1,1,5,DW Steyn,0,0.007100546157616007
598021,1,1,6,DW Steyn,0,0.02876535790928659
598021,1,2,1,I Sharma,1,0.9991343046065279
598021,1,2,2,I Sharma,1,0.9991544995632603
598021,1,2,3,I Sharma,1,0.936785520231484
598021,1,2,4,I Sharma,1,0.8856434830215412
598021,1,2,5,I Sharma,1,0.7886701012802451
598021,1,2,6,I Sharma,1,0.745918637591136
598021,1,2,7,I Sharma,1,0.7117534822334098
598021,1,3,1,DW Steyn,0,0.020364322260240535
598021,1,3,2,DW Steyn,0,0.013586178539584924
598021,1,3,3,DW Steyn,0,0.021743048731043674
598021,1,3,4,DW Steyn,0,0.013963107697347476
598021,1,3,5,DW Steyn,0,0.010199799902409684
598021,1,3,6,DW Steyn,0,0.015552446375162622
598021,1,4,1,NLTC Perera,1,0.9990660853400262
598021,1,4,2,NLTC Perera,1,0.8867266521476266
598021,1,4,3,NLTC Perera,1,0.9652854778695019
598021,1,4,4,NLTC Perera,1,0.9569241210768753
598021,1,4,5,NLTC Perera,1,0.8972863223273991
598021,1,4,6,NLTC Perera,1,0.8595173107963879
598021,1,5,1,I Sharma,1,0.437470271826561
598021,1,5,2,I Sharma,1,0.4616774507452319
598021,1,5,3,I Sharma,1,0.683399043403318
598021,1,5,4,I Sharma,1,0.6068814576876624
598021,1,5,5,I Sharma,1,0.5636710719410603
598021,1,5,6,I Sharma,1,0.526338189869196
598021,2,0,1,P Kumar,0,0.000153812722053904
598021,2,0,2,P Kumar,0,0.0001591992216556106
598021,2,0,3,P Kumar,0,0.00015124192334733236
598021,2,0,4,P Kumar,0,0.0001793052377041639
598021,2,0,5,P Kumar,0,0.0001793052377041639
598021,2,0,6,P Kumar,0,0.00016478853698917055
598021,2,1,1,AD Mascarenhas,0,0.012054275857983163
598021,2,1,2,AD Mascarenhas,0,0.004726208075528535
598021,2,1,3,AD Mascarenhas,0,0.006733257072611277
598021,2,1,4,AD Mascarenhas,0,0.007681519768768283
598021,2,1,5,AD Mascarenhas,0,0.01573406380087114
598021,2,1,6,AD Mascarenhas,1,0.3225498643185317
598021,2,2,1,P Kumar,0,0.0001707335294543325
598021,2,2,2,P Kumar,0,0.0001707335294543325
598021,2,2,3,P Kumar,0,0.0001707335294543325
598021,2,2,4,P Kumar,0,0.0003793803944763035
598021,2,2,5,P Kumar,0,0.0014301179833822386
598021,2,2,6,P Kumar,0,0.0011934448402442753
598021,2,3,1,AD Mascarenhas,1,0.1657024304378769
598021,2,3,2,AD Mascarenhas,1,0.16917849760235604
598021,2,3,3,AD Mascarenhas,1,0.1392583858732435
598021,2,3,4,AD Mascarenhas,1,0.15576314863882723
598021,2,3,5,AD Mascarenhas,1,0.15576314863882723
598021,2,3,6,AD Mascarenhas,1,0.14289028959930708
598021,2,4,1,P Kumar,0,0.004871422856671008
598021,2,4,2,P Kumar,0,0.019840884056431425
598021,2,4,3,P Kumar,1,0.02064980776886831
598021,2,4,4,P Kumar,1,0.015929324002876652
598021,2,4,5,P Kumar,1,0.01709813299203718
598021,2,5,1,Azhar Mahmood,1,0.9993918194550286
598021,2,5,2,Azhar Mahmood,1,0.9124824519522322
598021,2,5,3,Azhar Mahmood,1,0.7896210619210811
598021,2,5,4,Azhar Mahmood,0,0.3543401769347771
598021,2,5,5,Azhar Mahmood,0,0.40768054413636184
598021,2,5,6,Azhar Mahmood,0,0.34672364183330756
598054,1,0,1,M Morkel,0,0.016029048956838387
598054,1,0,2,M Morkel,0,0.009241791774528106
598054,1,0,3,M Morkel,0,0.004689707241505971
598054,1,0,4,M Morkel,0,0.003778419463449744
598054,1,0,5,M Morkel,0,0.0027166725418684115
598054,1,0,6,M Morkel,0,0.0005351873687677548
598054,1,1,1,IK Pathan,0,0.0002448172578242075
598054,1,1,2,IK Pathan,0,0.000253101148686409
598054,1,1,3,IK Pathan,0,0.00025712938598501526
598054,1,1,4,IK Pathan,0,0.0024536210183186604
598054,1,1,5,IK Pathan,1,0.20200472131327638
598054,1,1,6,IK Pathan,0,0.05399453431646368
598054,1,2,1,M Morkel,0,0.04496171587613388
598054,1,2,2,M Morkel,0,0.058176793637641874
598054,1,2,3,M Morkel,0,0.09717790337310166
598054,1,2,4,M Morkel,0,0.05045187732210067
598054,1,2,5,M Morkel,0,0.20388288937224885
598054,1,2,6,M Morkel,0,0.19097515641360324
598054,1,2,7,M Morkel,0,0.115725347450099
598054,1,3,1,IK Pathan,1,0.10191704637250724
598054,1,3,2,IK Pathan,0,0.05829019237003771
598054,1,3,3,IK Pathan,0,0.03238922861237865
598054,1,3,4,IK Pathan,0,0.031689504322366294
598054,1,3,5,IK Pathan,0,0.028310034590369865
598054,1,3,6,IK Pathan,0,0.028483367517308716
598054,1,3,7,IK Pathan,1,0.1219174783832595
598054,1,4,1,S Kaul,1,0.9992902846906914
598054,1,4,2,S Kaul,1,0.951095719378813
598054,1,4,3,S Kaul,1,0.7189266656684591
598054,1,4,4,S Kaul,0,0.4319494127245177
598054,1,4,5,S Kaul,1,0.729079782381925
598054,1,4,6,S Kaul,1,0.5310268226076172
598054,1,5,1,UT Yadav,0,0.0003856670769420808
598054,1,5,2,UT Yadav,0,0.0065957994402945745
598054,1,5,3,UT Yadav,0,0.0032095807253494425
598054,1,5,4,UT Yadav,0,0.01385254096112169
598054,1,5,5,UT Yadav,0,0.01809443940263477
598054,1,5,6,UT Yadav,0,0.46441539684616673
598054,2,0,1,R Rampaul,0,0.0005278560962194808
598054,2,0,2,R Rampaul,0,0.012916768191362069
598054,2,0,3,R Rampaul,0,0.025305986142463818
598054,2,0,4,R Rampaul,1,0.7887936365591379
598054,2,0,5,R Rampaul,0,0.5476050271270637
598054,2,0,6,R Rampaul,0,0.38344746571404775
598054,2,1,1,MC Henriques,0,0.0006529598781666357
598054,2,1,2,MC Henriques,1,0.9353179862286292
598054,2,1,3,MC Henriques,1,0.9836651526383008
598054,2,1,4,MC Henriques,1,0.9466725459474626
598054,2,1,5,MC Henriques,1,0.8539771344027802
598054,2,1,6,MC Henriques,0,0.6923488110103193
598054,2,2,1,R Rampaul,1,0.6450190321493384
598054,2,2,2,R Rampaul,1,0.7939355197806232
598054,2,2,3,R Rampaul,1,0.7407547317425169
598054,2,2,4,R Rampaul,1,0.6078308676104835
598054,2,2,5,R Rampaul,0,0.4489681393596224
598054,2,2,6,R Rampaul,0,0.4616346046086373
598054,2,3,1,JD Unadkat,0,0.0005609013086085884
598054,2,3,2,JD Unadkat,0,0.0175295372036283
598054,2,3,3,JD Unadkat,0,0.005470015629952416
598054,2,3,4,JD Unadkat,0,0.001722138135563678
598054,2,3,5,JD Unadkat,0,0.0013671812843425754
598054,2,3,6,JD Unadkat,0,0.1553613212176912
598054,2,3,7,JD Unadkat,0,0.1828866968557665
598054,2,4,1,R Vinay Kumar,0,0.0006321839433054222
598054,2,4,2,R Vinay Kumar,1,0.9170866086792814
598054,2,4,3,R Vinay Kumar,0,0.7830847724766884
598054,2,4,4,R Vinay Kumar,1,0.9340872317292538
598054,2,4,5,R Vinay Kumar,1,0.9493778863655656
598054,2,4,6,R Vinay Kumar,1,0.9671031180322271
598054,2,5,1,JD Unadkat,0,0.19342859376717605
598054,2,5,2,JD Unadkat,0,0.2521427727614809
598054,2,5,3,JD Unadkat,0,0.12903117291967392
598054,2,5,4,JD Unadkat,0,0.13372312879899356
598054,2,5,5,JD Unadkat,0,0.14354981425312652
598054,2,5,6,JD Unadkat,0,0.136851610560642
598055,1,0,1,MG Johnson,0,0.00023588491478141688
598055,1,0,2,MG Johnson,0,0.00024565497250826683
598055,1,0,3,MG Johnson,0,0.00022642562703573116
598055,1,0,4,MG Johnson,0,0.0021416593296583373
598055,1,0,5,MG Johnson,0,0.0016888072757766139
598055,1,0,6,MG Johnson,0,0.0004361815471346597
598055,1,1,1,AN Ahmed,0,0.022328556549156005
598055,1,1,2,AN Ahmed,0,0.0429132834497303
598055,1,1,3,AN Ahmed,0,0.020946777485200543
598055,1,1,4,AN Ahmed,1,0.8735508784979905
598055,1,1,5,AN Ahmed,1,0.7874619808151404
598055,1,1,6,AN Ahmed,1,0.9084560055546018
598055,1,2,1,MG Johnson,0,0.0025783996070587348
598055,1,2,2,MG Johnson,0,0.0019993176036851705
598055,1,2,3,MG Johnson,0,0.0015486710210949666
598055,1,2,4,MG Johnson,0,0.0015486710210949666
598055,1,2,5,MG Johnson,0,0.0004355760549259815
598055,1,2,6,MG Johnson,0,0.0018072651463448002
598055,1,3,1,AN Ahmed,1,0.8338981456307479
598055,1,3,2,AN Ahmed,1,0.7825483688030459
598055,1,3,3,AN Ahmed,1,0.6897856043087732
598055,1,3,4,AN Ahmed,1,0.75718364557284
598055,1,3,5,AN Ahmed,1,0.7276937653908376
598055,1,3,6,AN Ahmed,1,0.6978765838892181
598055,1,4,1,SL Malinga,0,0.07318786347919366
598055,1,4,2,SL Malinga,0,0.07158048663764788
598055,1,4,3,SL Malinga,0,0.10314016545622601
598055,1,4,4,SL Malinga,1,0.9595503401272211
598055,1,4,5,SL Malinga,1,0.8549199911290202
598055,1,4,6,SL Malinga,1,0.9401257382948723
598055,1,4,7,SL Malinga,1,0.8778649532293906
598055,1,5,1,AN Ahmed,1,0.3896875118686522
598055,1,5,2,AN Ahmed,1,0.4277314698515572
598055,1,5,3,AN Ahmed,1,0.37382199871508415
598055,1,5,4,AN Ahmed,0,0.34370133113809836
598055,1,5,5,AN Ahmed,1,0.6087377544612891
598055,1,5,6,AN Ahmed,1,0.6202460640369738
598055,2,0,1,AB Dinda,0,0.0006002919236619375
598055,2,0,2,AB Dinda,0,0.000512993854570832
598055,2,0,3,AB Dinda,0,0.0005043298400078509
598055,2,0,4,AB Dinda,0,0.009644026331593157
598055,2,0,5,AB Dinda,0,0.06020274144601471
598055,2,0,6,AB Dinda,0,0.07287666270890172
598055,2,1,1,B Kumar,0,0.0005645030808674242
598055,2,1,2,B Kumar,0,0.0005996605293760337
598055,2,1,3,B Kumar,0,0.03755919744297498
598055,2,1,4,B Kumar,0,0.02977020156525874
598055,2,1,5,B Kumar,0,0.02294208604060239
598055,2,1,6,B Kumar,0,0.07281819543863984
598055,2,1,7,B Kumar,0,0.08168051122361414
598055,2,1,8,B Kumar,0,0.0772264145247601
598055,2,2,1,AB Dinda,0,0.0662346623742353
598055,2,2,2,AB Dinda,0,0.06620554090915731
598055,2,2,3,AB Dinda,0,0.08041782654923525
598055,2,2,4,AB Dinda,0,0.05320590695668284
598055,2,2,5,AB Dinda,0,0.05265010526625331
598055,2,2,6,AB Dinda,0,0.20304718553509313
598055,2,3,1,KW Richardson,0,0.03783851337187236
598055,2,3,2,KW Richardson,0,0.06622427108513719
598055,2,3,3,KW Richardson,0,0.08600900198682347
598055,2,3,4,KW Richardson,0,0.11490292058464881
598055,2,3,5,KW Richardson,0,0.11202850797716672
598055,2,3,6,KW Richardson,0,0.4868728735447028
598055,2,4,1,BAW Mendis,0,0.0017740797282641237
598055,2,4,2,BAW Mendis,0,0.1384300740196224
598055,2,4,3,BAW Mendis,0,0.014182147800757341
598055,2,4,4,BAW Mendis,0,0.11117427539767191
598055,2,4,5,BAW Mendis,0,0.026054189581007955
598055,2,4,6,BAW Mendis,0,0.0122238495179754
598055,2,5,1,KW Richardson,0,0.2332519769298441
598055,2,5,2,KW Richardson,1,0.6878356317745371
598055,2,5,3,KW Richardson,1,0.6073079791798501
598055,2,5,4,KW Richardson,1,0.5758493275907121
598055,2,5,5,KW Richardson,1,0.7192001232448675
598055,2,5,6,KW Richardson,1,0.6876375135269318
598060,1,0,1,MG Johnson,1,0.9995909714796061
598060,1,0,2,MG Johnson,1,0.983585844292912
598060,1,0,3,MG Johnson,1,0.8295551232591861
598060,1,0,4,MG Johnson,1,0.8799400063035416
598060,1,0,5,MG Johnson,1,0.9628832642112712
598060,1,0,6,MG Johnson,1,0.9692558630267105
598060,1,0,7,MG Johnson,1,0.9851197917151929
598060,1,1,1,DS Kulkarni,0,0.001516510649412963
598060,1,1,2,DS Kulkarni,0,0.019402922958348695
598060,1,1,3,DS Kulkarni,0,0.0045289459809143865
598060,1,1,4,DS Kulkarni,1,0.8733136082345735
598060,1,1,5,DS Kulkarni,0,0.7955069310082197
598060,1,1,6,DS Kulkarni,1,0.8664979115862487
598060,1,1,7,DS Kulkarni,1,0.8136769853260067
598060,1,2,1,Harbhajan Singh,0,0.023080567040345015
598060,1,2,2,Harbhajan Singh,0,0.02864192469833344
598060,1,2,3,Harbhajan Singh,0,0.054698270364020925
598060,1,2,4,Harbhajan Singh,0,0.08416240373582111
598060,1,2,5,Harbhajan Singh,0,0.050474956978671985
598060,1,2,6,Harbhajan Singh,0,0.051360959971225306
598060,1,2,7,Harbhajan Singh,0,0.02858816665669105
598060,1,3,1,SL Malinga,0,0.0014383224852777274
598060,1,3,2,SL Malinga,0,0.00586536639150994
598060,1,3,3,SL Malinga,0,0.010906572300532706
598060,1,3,4,SL Malinga,0,0.006051272518672068
598060,1,3,5,SL Malinga,0,0.003622826696791038
598060,1,3,6,SL Malinga,0,0.004229579683904802
598060,1,4,1,MG Johnson,1,0.9430049624606858
598060,1,4,2,MG Johnson,1,0.8930189440115913
598060,1,4,3,MG Johnson,1,0.7714284140568475
598060,1,4,4,MG Johnson,1,0.7846532453354932
598060,1,4,5,MG Johnson,1,0.7123637069310397
598060,1,4,6,MG Johnson,1,0.7487821765362496
598060,1,5,1,Harbhajan Singh,0,0.018282081273735765
598060,1,5,2,Harbhajan Singh,0,0.02829324578035236
598060,1,5,3,Harbhajan Singh,0,0.021573870465816762
598060,1,5,4,Harbhajan Singh,0,0.039626806362518995
598060,1,5,5,Harbhajan Singh,0,0.030450867754116543
598060,1,5,6,Harbhajan Singh,1,0.28102472276959906
598060,1,5,7,Harbhajan Singh,1,0.28085770751991834
598060,2,0,1,DW Steyn,0,0.00031315830516410553
598060,2,0,2,DW Steyn,0,0.00031244788775753246
598060,2,0,3,DW Steyn,1,0.4199201218821982
598060,2,0,4,DW Steyn,1,0.19434616660313098
598060,2,0,5,DW Steyn,0,0.07385008378861854
598060,2,0,6,DW Steyn,0,0.10451651972401549
598060,2,1,1,I Sharma,1,0.999518707539218
598060,2,1,2,I Sharma,1,0.8419253194145042
598060,2,1,3,I Sharma,1,0.7476029093947092
598060,2,1,4,I Sharma,1,0.5021073317265063
598060,2,1,5,I Sharma,1,0.5735285156012377
598060,2,1,6,I Sharma,1,0.48130228583593804
598060,2,1,7,I Sharma,1,0.41646107889153827
598060,2,2,1,DW Steyn,1,0.4500309556483172
598060,2,2,2,DW Steyn,1,0.5714856118970335
598060,2,2,3,DW Steyn,1,0.5813557983522162
598060,2,2,4,DW Steyn,1,0.560924638434018
598060,2,2,5,DW Steyn,1,0.4930751121364088
598060,2,2,6,DW Steyn,1,0.4773676751414724
598060,2,3,1,I Sharma,0,0.3584051192834201
598060,2,3,2,I Sharma,0,0.36086711151566
598060,2,3,3,I Sharma,0,0.1282540825138064
598060,2,3,4,I Sharma,0,0.11853472116973211
598060,2,3,5,I Sharma,0,0.10861920467977863
598060,2,3,6,I Sharma,0,0.3232033889408877
598060,2,4,1,NLTC Perera,0,0.001382743923697046
598060,2,4,2,NLTC Perera,0,0.00136326135494412
598060,2,4,3,NLTC Perera,0,0.0013402563271973226
598060,2,4,4,NLTC Perera,0,0.001337730755243862
598060,2,4,5,NLTC Perera,0,0.09533592530171281
598060,2,4,6,NLTC Perera,0,0.13478308150916318
598060,2,5,1,I Sharma,0,0.18552306679792815
598060,2,5,2,I Sharma,0,0.1863488116746485
598060,2,5,3,I Sharma,0,0.17963752396489124
598060,2,5,4,I Sharma,0,0.18797414660010014
598060,2,5,5,I Sharma,0,0.19011046285711938
598060,2,5,6,I Sharma,0,0.14445489584039886
598061,1,0,1,L Balaji,0,0.0001877615647919928
598061,1,0,2,L Balaji,0,0.0001973172532198149
598061,1,0,3,L Balaji,0,0.762459554534805
598061,1,0,4,L Balaji,0,0.5186104986398354
598061,1,0,5,L Balaji,0,0.6173774910614095
598061,1,0,6,L Balaji,0,0.5702791289277104
598061,1,1,1,SMSM Senanayake,0,0.011235675213083262
598061,1,1,2,SMSM Senanayake,0,0.012227737816599511
598061,1,1,3,SMSM Senanayake,1,0.9475564936512688
598061,1,1,4,SMSM Senanayake,1,0.8181699987971442
598061,1,1,5,SMSM Senanayake,1,0.8036126894380283
598061,1,1,6,SMSM Senanayake,1,0.7942511430361177
598061,1,2,1,L Balaji,0,0.36294602413845584
598061,1,2,2,L Balaji,0,0.8006270370360105
598061,1,2,3,L Balaji,0,0.8015455536812096
598061,1,2,4,L Balaji,0,0.7484726623521707
598061,1,2,5,L Balaji,0,0.7541350021221603
598061,1,2,6,L Balaji,0,0.8260948523094611
598061,1,3,1,SMSM Senanayake,1,0.5669650236138937
598061,1,3,2,SMSM Senanayake,1,0.5841201607937456
598061,1,3,3,SMSM Senanayake,1,0.4247377286086111
598061,1,3,4,SMSM Senanayake,1,0.4151248922781357
598061,1,3,5,SMSM Senanayake,1,0.4151248922781357
598061,1,3,6,SMSM Senanayake,1,0.3979979457816378
598061,1,4,1,SP Narine,0,0.00025619724245935516
598061,1,4,2,SP Narine,0,0.0002692348677502961
598061,1,4,3,SP Narine,0,0.00027351981138374156
598061,1,4,4,SP Narine,0,0.00027351981138374156
598061,1,4,5,SP Narine,0,0.0019237206278926045
598061,1,4,6,SP Narine,0,0.4243051046892023
598061,1,5,1,SMSM Senanayake,1,0.19229967666672643
598061,1,5,2,SMSM Senanayake,1,0.2346904607744289
598061,1,5,3,SMSM Senanayake,1,0.25982087524688247
598061,1,5,4,SMSM Senanayake,1,0.2591703107524203
598061,1,5,5,SMSM Senanayake,1,0.18791880982116063
598061,1,5,6,SMSM Senanayake,1,0.19726725829512684
598061,2,0,1,B Kumar,0,0.00015709620095301745
598061,2,0,2,B Kumar,0,0.005047726336066378
598061,2,0,3,B Kumar,0,0.002350831755015884
598061,2,0,4,B Kumar,0,0.04834294011996144
598061,2,0,5,B Kumar,0,0.032554641183286825
598061,2,0,6,B Kumar,0,0.07214974170429622
598061,2,0,7,B Kumar,0,0.04341357692907986
598061,2,1,1,WD Parnell,0,0.00017751677301004843
598061,2,1,2,WD Parnell,0,0.005027875879802535
598061,2,1,3,WD Parnell,0,0.05267535920528525
598061,2,1,4,WD Parnell,0,0.04259593306692857
598061,2,1,5,WD Parnell,0,0.05421434650955321
598061,2,1,6,WD Parnell,0,0.048985334122665355
598061,2,1,7,WD Parnell,0,0.027246281138670746
598061,2,1,8,WD Parnell,0,0.03247109885469873
598061,2,2,1,B Kumar,0,0.061253286541026034
598061,2,2,2,B Kumar,0,0.052198046656292414
598061,2,2,3,B Kumar,0,0.05511233246967978
598061,2,2,4,B Kumar,0,0.049816689571836006
598061,2,2,5,B Kumar,0,0.04225893044618916
598061,2,2,6,B Kumar,0,0.05078744725503985
598061,2,3,1,WD Parnell,0,0.032957375678922575
598061,2,3,2,WD Parnell,0,0.03450038275529985
598061,2,3,3,WD Parnell,0,0.03522473888752851
598061,2,3,4,WD Parnell,0,0.03223969324114669
598061,2,3,5,WD Parnell,0,0.026422865284346356
598061,2,3,6,WD Parnell,0,0.02961213391011435
598061,2,4,1,IC Pandey,1,0.9995234553751889
598061,2,4,2,IC Pandey,1,0.935939276385924
598061,2,4,3,IC Pandey,0,0.5870371401476274
598061,2,4,4,IC Pandey,0,0.32128346475097097
598061,2,4,5,IC Pandey,0,0.3304338337576015
598061,2,4,6,IC Pandey,0,0.22504500821972853
598061,2,5,1,AD Mathews,0,0.00022224066604990906
598061,2,5,2,AD Mathews,0,0.006073541080183466
598061,2,5,3,AD Mathews,0,0.0024118826433816086
598061,2,5,4,AD Mathews,0,0.0017386516060769368
598061,2,5,5,AD Mathews,0,0.0051746982495383355
598061,2,5,6,AD Mathews,0,0.0077444034360171585
598063,1,0,1,AA Chavan,0,0.0008922250937153953
598063,1,0,2,AA Chavan,0,0.000897833976583058
598063,1,0,3,AA Chavan,0,0.0008826760911689111
598063,1,0,4,AA Chavan,0,0.0033952259224308496
598063,1,0,5,AA Chavan,0,0.0041883018087354165
598063,1,0,6,AA Chavan,0,0.0028044410415999413
598063,1,1,1,JP Faulkner,0,0.03179014253855241
598063,1,1,2,JP Faulkner,0,0.009377114141210684
598063,1,1,3,JP Faulkner,0,0.0022918419171611693
598063,1,1,4,JP Faulkner,1,0.49961515297421166
598063,1,1,5,JP Faulkner,1,0.31940005954662903
598063,1,1,6,JP Faulkner,1,0.3048288557314262
598063,1,2,1,AA Chavan,0,0.190127594942757
598063,1,2,2,AA Chavan,0,0.2324520041364356
598063,1,2,3,AA Chavan,1,0.3968574216665163
598063,1,2,4,AA Chavan,0,0.3827059815419255
598063,1,2,5,AA Chavan,0,0.3862744095907178
598063,1,2,6,AA Chavan,0,0.33279184526661953
598063,1,3,1,SR Watson,0,0.0007109072334557449
598063,1,3,2,SR Watson,0,0.0006946694294109803
598063,1,3,3,SR Watson,0,0.0006829391709019056
598063,1,3,4,SR Watson,0,0.0017339503603874958
598063,1,3,5,SR Watson,0,0.0014091223004680312
598063,1,3,6,SR Watson,0,0.0008990386463450629
598063,1,4,1,AA Chavan,0,0.2478844770714456
598063,1,4,2,AA Chavan,0,0.25166463911831927
598063,1,4,3,AA Chavan,0,0.34512939882918325
598063,1,4,4,AA Chavan,1,0.5610811945634085
598063,1,4,5,AA Chavan,1,0.5063914077196972
598063,1,5,1,SR Watson,0,0.006039531473002652
598063,1,5,2,SR Watson,0,0.002626436870109425
598063,1,5,3,SR Watson,0,0.07951149745193871
598063,1,5,4,SR Watson,0,0.05743996889950327
598063,1,5,5,SR Watson,0,0.04640379424860159
598063,1,5,6,SR Watson,0,0.05445546129355862
598063,1,5,7,SR Watson,0,0.3109061417068449
598063,2,0,1,MG Johnson,0,0.0006300272898142643
598063,2,0,2,MG Johnson,0,0.009633089968060116
598063,2,0,3,MG Johnson,0,0.0017927841426875857
598063,2,0,4,MG Johnson,1,0.5950994538318664
598063,2,0,5,MG Johnson,1,0.34727780587031754
598063,2,0,6,MG Johnson,1,0.17792635459754408
598063,2,0,7,MG Johnson,0,0.12935120406138545
598063,2,1,1,DS Kulkarni,0,0.0002588250065345713
598063,2,1,2,DS Kulkarni,1,0.8139333208851632
598063,2,1,3,DS Kulkarni,1,0.38321490808451286
598063,2,1,4,DS Kulkarni,1,0.2026507817696548
598063,2,1,5,DS Kulkarni,0,0.16492301451039254
598063,2,1,6,DS Kulkarni,0,0.19342081985939702
598063,2,2,1,MG Johnson,0,0.07194937838288623
598063,2,2,2,MG Johnson,1,0.23450205987979053
598063,2,2,3,MG Johnson,1,0.2902183131060174
598063,2,2,4,MG Johnson,1,0.2854729760762149
598063,2,2,5,MG Johnson,1,0.27181493407184776
598063,2,2,6,MG Johnson,1,0.2791288241897354
598063,2,3,1,DS Kulkarni,0,0.24138344967508676
598063,2,3,2,DS Kulkarni,0,0.2034511035594536
598063,2,3,3,DS Kulkarni,1,0.23051960156132364
598063,2,3,4,DS Kulkarni,1,0.17468175381750914
598063,2,3,5,DS Kulkarni,0,0.18548392873993613
598063,2,3,6,DS Kulkarni,0,0.179291261208154
598063,2,4,1,MG Johnson,1,0.36593409525074594
598063,2,4,2,MG Johnson,1,0.35922946318926047
598063,2,4,3,MG Johnson,1,0.3441480680831945
598063,2,4,4,MG Johnson,1,0.384271603754461
598063,2,4,5,MG Johnson,0,0.39911468871982914
598063,2,4,6,MG Johnson,0,0.40528352129143475
598063,2,5,1,DS Kulkarni,0,0.08263478883994392
598063,2,5,2,DS Kulkarni,0,0.09403826858416156
598063,2,5,3,DS Kulkarni,0,0.09009531315173602
598063,2,5,4,DS Kulkarni,0,0.1125688820501357
598063,2,5,5,DS Kulkarni,0,0.10615326846513097
598063,2,5,6,DS Kulkarni,0,0.09187342381727959
598067,1,0,1,IK Pathan,0,0.0002557812799221379
598067,1,0,2,IK Pathan,0,0.012995928357027278
598067,1,0,3,IK Pathan,1,0.9124833375163308
598067,1,0,4,IK Pathan,1,0.7601943281579572
598067,1,0,5,IK Pathan,0,0.6228021497283893
598067,1,0,6,IK Pathan,1,0.8616908529702033
598067,1,1,1,M Morkel,0,0.0002294539160363538
598067,1,1,2,M Morkel,0,0.01886430777978926
598067,1,1,3,M Morkel,0,0.029773665473412324
598067,1,1,4,M Morkel,0,0.03076251964907603
598067,1,1,5,M Morkel,0,0.024721836037726153
598067,1,1,6,M Morkel,0,0.01621418179128772
598067,1,2,1,S Kaul,0,0.01407393888226626
598067,1,2,2,S Kaul,0,0.009179465104973557
598067,1,2,3,S Kaul,0,0.010020863451197216
598067,1,2,4,S Kaul,0,0.010878909507941218
598067,1,2,5,S Kaul,1,0.7111642390134423
598067,1,2,6,S Kaul,1,0.6689402634617638
598067,1,3,1,M Morkel,0,0.2894115507237577
598067,1,3,2,M Morkel,0,0.32088588758695397
598067,1,3,3,M Morkel,0,0.13252280366945718
598067,1,3,4,M Morkel,0,0.12022443125202502
598067,1,3,5,M Morkel,0,0.12971432434611768
598067,1,3,6,M Morkel,0,0.10905303694766595
598067,1,4,1,S Kaul,1,0.3108984167021652
598067,1,4,2,S Kaul,1,0.21604524692449228
598067,1,4,3,S Kaul,0,0.13879574010732923
598067,1,4,4,S Kaul,0,0.08620797040868025
598067,1,4,5,S Kaul,1,0.38529647510529186
598067,1,4,6,S Kaul,1,0.4023399530776298
598067,1,5,1,UT Yadav,0,0.0024085072485475504
598067,1,5,2,UT Yadav,0,0.01182843046629271
598067,1,5,3,UT Yadav,0,0.004203324692518574
598067,1,5,4,UT Yadav,0,0.023100441921237863
598067,1,5,5,UT Yadav,0,0.014050432202056668
598067,1,5,6,UT Yadav,0,0.0062847872142412714
598067,1,5,7,UT Yadav,0,0.0023187418950607664
598067,2,0,1,WD Parnell,0,0.0031735051168142966
598067,2,0,2,WD Parnell,0,0.06282821248607216
598067,2,0,3,WD Parnell,0,0.06607035997764373
598067,2,0,4,WD Parnell,0,0.059946184279261565
598067,2,0,5,WD Parnell,1,0.9132787986821623
598067,2,0,6,WD Parnell,0,0.8597526641314169
598067,2,0,7,WD Parnell,0,0.5087191384575249
598067,2,0,8,WD Parnell,0,0.6437275061198523
598067,2,1,1,B Kumar,0,0.0004920175183527043
598067,2,1,2,B Kumar,0,0.0005123553493224873
598067,2,1,3,B Kumar,0,0.0055638062786699935
598067,2,1,4,B Kumar,0,0.0039048213098162106
598067,2,1,5,B Kumar,0,0.41164427346160626
598067,2,1,6,B Kumar,0,0.1974170452198294
598067,2,2,1,WD Parnell,0,0.34151283269211424
598067,2,2,2,WD Parnell,0,0.3283281933794409
598067,2,2,3,WD Parnell,0,0.6908977115245779
598067,2,2,4,WD Parnell,0,0.526913634711734
598067,2,2,5,WD Parnell,0,0.5050854262768584
598067,2,2,6,WD Parnell,0,0.7676394454384436
598067,2,2,7,WD Parnell,0,0.7022203680862384
598067,2,3,1,AB Dinda,0,0.0005464202374478196
598067,2,3,2,AB Dinda,0,0.00056900555633703
598067,2,3,3,AB Dinda,1,0.7397103915250158
598067,2,3,4,AB Dinda,1,0.44121965699165083
598067,2,3,5,AB Dinda,0,0.17002353640879161
598067,2,3,6,AB Dinda,0,0.11766428532232033
598067,2,4,1,AG Murtaza,0,0.08782286602435299
598067,2,4,2,AG Murtaza,0,0.03914078728367196
598067,2,4,3,AG Murtaza,0,0.09262593330054501
598067,2,4,4,AG Murtaza,0,0.10333253195144339
598067,2,4,5,AG Murtaza,0,0.08705747963569306
598067,2,4,6,AG Murtaza,0,0.06902330409787304
598067,2,4,7,AG Murtaza,0,0.038212666229686415
598067,2,5,1,B Kumar,0,0.12582970883314762
598067,2,5,2,B Kumar,1,0.6226203690930521
598067,2,5,3,B Kumar,1,0.4483548166305684
598067,2,5,4,B Kumar,1,0.43938619803030554
598067,2,5,5,B Kumar,1,0.432296140976179
598067,2,5,6,B Kumar,0,0.42626558559205785
598068,1,0,1,R Ashwin,0,0.0013584420625249608
598068,1,0,2,R Ashwin,1,0.9260699793488023
598068,1,0,3,R Ashwin,0,0.5791325305324844
598068,1,0,4,R Ashwin,0,0.5289229234210968
598068,1,0,5,R Ashwin,0,0.39538854650353555
598068,1,0,6,R Ashwin,0,0.44147923810502326
598068,1,1,1,CH Morris,0,0.09359371693460956
598068,1,1,2,CH Morris,0,0.08475138286698367
598068,1,1,3,CH Morris,0,0.07169127762987945
598068,1,1,4,CH Morris,1,0.876385219465251
598068,1,1,5,CH Morris,1,0.7286851789434621
598068,1,1,6,CH Morris,0,0.533628871327823
598068,1,1,7,CH Morris,0,0.4988171295071813
598068,1,2,1,R Ashwin,0,0.25846586967123325
598068,1,2,2,R Ashwin,0,0.4661168903380549
598068,1,2,3,R Ashwin,0,0.4476429972981886
598068,1,2,4,R Ashwin,0,0.4111029941490974
598068,1,2,5,R Ashwin,0,0.4606613141194806
598068,1,3,1,CH Morris,0,0.372303268494652
598068,1,3,2,CH Morris,0,0.5941492405514298
598068,1,3,3,CH Morris,0,0.4991915222685472
598068,1,3,4,CH Morris,0,0.47721404864269873
598068,1,3,5,CH Morris,0,0.4635070489205714
598068,1,4,1,JO Holder,0,0.0714052527699513
598068,1,4,2,JO Holder,0,0.059161035594972225
598068,1,4,3,JO Holder,0,0.06192286165288344
598068,1,4,4,JO Holder,0,0.7144871084583436
598068,1,4,5,JO Holder,0,0.9139365186254308
598068,1,5,1,DJ Bravo,0,0.0773285295263758
598068,1,5,2,DJ Bravo,0,0.1316991684607714
598068,1,5,3,DJ Bravo,0,0.7038684739175031
598068,1,5,4,DJ Bravo,0,0.6469861852316698
598068,1,5,5,DJ Bravo,0,0.8659489926639728
598068,1,5,6,DJ Bravo,0,0.6920529263107447
598068,2,0,1,R Rampaul,1,0.9990890919815718
598068,2,0,2,R Rampaul,1,0.9486014771860648
598068,2,0,3,R Rampaul,1,0.7780341055522209
598068,2,0,4,R Rampaul,0,0.4632208401628875
598068,2,0,5,R Rampaul,0,0.3622356614434893
598068,2,0,6,R Rampaul,0,0.37224672734723935
598068,2,1,1,Z Khan,0,0.020483474891321594
598068,2,1,2,Z Khan,0,0.027541705547142116
598068,2,1,3,Z Khan,0,0.040754720918797414
598068,2,1,4,Z Khan,0,0.02121750791853473
598068,2,1,5,Z Khan,0,0.02236462798587921
598068,2,1,6,Z Khan,0,0.024604277052610504
598068,2,2,1,JD Unadkat,0,0.0014136854740598424
598068,2,2,2,JD Unadkat,0,0.028969651952415444
598068,2,2,3,JD Unadkat,0,0.008512120698579151
598068,2,2,4,JD Unadkat,0,0.015107794581697451
598068,2,2,5,JD Unadkat,0,0.016948119179190316
598068,2,2,6,JD Unadkat,0,0.03799443717061431
598068,2,2,7,JD Unadkat,1,0.36236957977047457
598068,2,3,1,R Vinay Kumar,0,0.019129392790881397
598068,2,3,2,R Vinay Kumar,0,0.026842809981212926
598068,2,3,3,R Vinay Kumar,0,0.03441174890323954
598068,2,3,4,R Vinay Kumar,0,0.0701125982482415
598068,2,3,5,R Vinay Kumar,1,0.383095540429658
598068,2,4,1,JD Unadkat,0,0.28689580500736117
598068,2,4,2,JD Unadkat,0,0.2614019159437981
598068,2,4,3,JD Unadkat,1,0.3418364998864588
598068,2,4,4,JD Unadkat,1,0.36100625844965367
598068,2,4,5,JD Unadkat,1,0.3509434405598648
598068,2,5,1,RP Singh,1,0.9984089589482947
598068,2,5,2,RP Singh,1,0.9637944129127274
598068,2,5,3,RP Singh,0,0.8303426417832102
598068,2,5,4,RP Singh,1,0.9411602099789966
598068,2,5,5,RP Singh,0,0.7700255253715806
598073,1,0,1,MM Sharma,0,0.00035738823286707554
598073,1,0,2,MM Sharma,0,0.00036782879976556394
598073,1,0,3,MM Sharma,1,0.44407203660363914
598073,1,0,4,MM Sharma,0,0.2579455895759409
598073,1,0,5,MM Sharma,0,0.12693107699044376
598073,1,0,6,MM Sharma,1,0.5065053005424789
598073,1,1,1,JA Morkel,0,0.000290175417416701
598073,1,1,2,JA Morkel,0,0.0002986530482698944
598073,1,1,3,JA Morkel,0,0.002867505449731928
598073,1,1,4,JA Morkel,0,0.001785330403999214
598073,1,1,5,JA Morkel,0,0.0013043653055924765
598073,1,1,6,JA Morkel,0,0.0004246789159093257
598073,1,2,1,MM Sharma,1,0.4833642803566742
598073,1,2,2,MM Sharma,1,0.33838876596980266
598073,1,2,3,MM Sharma,0,0.3041096784518178
598073,1,2,4,MM Sharma,0,0.21312810888591657
598073,1,2,5,MM Sharma,0,0.16538587230749824
598073,1,2,6,MM Sharma,1,0.32418697543247993
598073,1,3,1,JA Morkel,0,0.0003150839269586267
598073,1,3,2,JA Morkel,0,0.0002783070218406529
598073,1,3,3,JA Morkel,0,0.0014469941855239496
598073,1,3,4,JA Morkel,0,0.0040620844528395945
598073,1,3,5,JA Morkel,0,0.0037608289257450673
598073,1,3,6,JA Morkel,0,0.002679930809835916
598073,1,4,1,MM Sharma,1,0.5168553354040154
598073,1,4,2,MM Sharma,1,0.46575748745961937
598073,1,4,3,MM Sharma,1,0.3824389453501847
598073,1,4,4,MM Sharma,1,0.3803891103446837
598073,1,4,5,MM Sharma,1,0.38471045898519685
598073,1,4,6,MM Sharma,1,0.38281121240745986
598073,1,5,1,JA Morkel,0,0.004528592806939375
598073,1,5,2,JA Morkel,0,0.01985925180196563
598073,1,5,3,JA Morkel,0,0.08777252355408162
598073,1,5,4,JA Morkel,0,0.0937681971057349
598073,1,5,5,JA Morkel,1,0.2176802720962822
598073,2,0,1,SL Malinga,0,0.019281507674694564
598073,2,0,2,SL Malinga,0,0.010122801994961789
598073,2,0,3,SL Malinga,0,0.020634891549436506
598073,2,0,4,SL Malinga,0,0.008243932947736121
598073,2,0,5,SL Malinga,0,0.003704890920141606
598073,2,0,6,SL Malinga,0,0.002422433435595445
598073,2,1,1,MG Johnson,0,0.0002716549848728763
598073,2,1,2,MG Johnson,0,0.012139194602698215
598073,2,1,3,MG Johnson,0,0.0037767171940949157
598073,2,1,4,MG Johnson,0,0.0020630667722001087
598073,2,1,5,MG Johnson,0,0.00159069986159827
598073,2,1,6,MG Johnson,0,0.003894511777584774
598073,2,1,7,MG Johnson,0,0.0018314530285429163
598073,2,2,1,SL Malinga,0,0.012552033697715995
598073,2,2,2,SL Malinga,0,0.005672566473452697
598073,2,2,3,SL Malinga,0,0.0034589404412152707
598073,2,2,4,SL Malinga,0,0.010787852517831086
598073,2,2,5,SL Malinga,0,0.008593551530605235
598073,2,2,6,SL Malinga,0,0.055812053411001074
598073,2,2,7,SL Malinga,0,0.05454282148356946
598073,2,3,1,MG Johnson,0,0.0011592467414568112
598073,2,3,2,MG Johnson,0,0.01266428411176457
598073,2,3,3,MG Johnson,1,0.07216721426266585
598073,2,3,4,MG Johnson,1,0.04600752777764637
598073,2,3,5,MG Johnson,0,0.03218159304696933
598073,2,3,6,MG Johnson,1,0.15251624150639617
598073,2,4,1,PP Ojha,1,0.9995980180368327
598073,2,4,2,PP Ojha,1,0.9641448134264634
598073,2,4,3,PP Ojha,1,0.8509702886107836
598073,2,4,4,PP Ojha,1,0.6091429256262167
598073,2,4,5,PP Ojha,1,0.47559710632118085
598073,2,4,6,PP Ojha,1,0.3587864485816245
598073,2,5,1,R Dhawan,1,0.9995755156003889
598073,2,5,2,R Dhawan,1,0.9041700916232306
598073,2,5,3,R Dhawan,1,0.7427595808444883
598073,2,5,4,R Dhawan,1,0.6182453772601789
598073,2,5,5,R Dhawan,1,0.41132489639786063
729283,1,0,1,AR Patel,0,0.014863299322414886
729283,1,0,2,AR Patel,0,0.014521278753562752
729283,1,0,3,AR Patel,0,0.05630553766009812
729283,1,0,4,AR Patel,0,0.05891486299783
729283,1,0,5,AR Patel,0,0.04411139626293769
729283,1,0,6,AR Patel,0,0.033952635023525524
729283,1,0,7,AR Patel,0,0.02834736109875724
729283,1,1,1,P Awana,0,0.00046727367580654564
729283,1,1,2,P Awana,1,0.9269991694101973
729283,1,1,3,P Awana,1,0.9845292368131076
729283,1,1,4,P Awana,1,0.9266789864148939
729283,1,1,5,P Awana,1,0.9395971760288049
729283,1,1,6,P Awana,0,0.713222171400723
729283,1,1,7,P Awana,0,0.5971158437518016
729283,1,2,1,MG Johnson,0,0.010325294127028782
729283,1,2,2,MG Johnson,1,0.9653512164898894
729283,1,2,3,MG Johnson,0,0.6755790652462911
729283,1,2,4,MG Johnson,0,0.6821845446049314
729283,1,2,5,MG Johnson,0,0.48822656187198626
729283,1,2,6,MG Johnson,1,0.8086329930484987
729283,1,3,1,L Balaji,0,0.00038425487783253924
729283,1,3,2,L Balaji,1,0.9202720705055341
729283,1,3,3,L Balaji,1,0.961290529232972
729283,1,3,4,L Balaji,0,0.6456973393637955
729283,1,3,5,L Balaji,0,0.41082579740423264
729283,1,3,6,L Balaji,0,0.38536272380486897
729283,1,3,7,L Balaji,0,0.3607444544751377
729283,1,4,1,P Awana,1,0.833828631831105
729283,1,4,2,P Awana,1,0.9000858655434777
729283,1,4,3,P Awana,1,0.8256017948842382
729283,1,4,4,P Awana,0,0.6104822065149444
729283,1,4,5,P Awana,1,0.7456197154955118
729283,1,4,6,P Awana,1,0.7106910763128268
729283,1,4,7,P Awana,1,0.8456270059530093
729283,1,5,1,MG Johnson,0,0.46461969627516314
729283,1,5,2,MG Johnson,0,0.4618382298085785
729283,1,5,3,MG Johnson,1,0.6840438785916493
729283,1,5,4,MG Johnson,0,0.47558855083525486
729283,1,5,5,MG Johnson,1,0.7041515442342262
729283,1,5,6,MG Johnson,1,0.6857519515346371
729283,2,0,1,A Nehra,0,0.0005649851720326551
729283,2,0,2,A Nehra,0,0.004423199036844651
729283,2,0,3,A Nehra,0,0.004686797711017735
729283,2,0,4,A Nehra,0,0.003695867292583923
729283,2,0,5,A Nehra,0,0.004969718040556251
729283,2,0,6,A Nehra,0,0.003913876282522375
729283,2,1,1,MM Sharma,0,0.01127949015043707
729283,2,1,2,MM Sharma,1,0.965548153575165
729283,2,1,3,MM Sharma,0,0.7148409373791704
729283,2,1,4,MM Sharma,1,0.9263967555014879
729283,2,1,5,MM Sharma,0,0.7793719269128108
729283,2,1,6,MM Sharma,0,0.7227664501657237
729283,2,2,1,A Nehra,0,0.2819984457396276
729283,2,2,2,A Nehra,1,0.45728835744828245
729283,2,2,3,A Nehra,1,0.4563349104772641
729283,2,2,4,A Nehra,1,0.5101908359506455
729283,2,2,5,A Nehra,1,0.6745106624488171
729283,2,2,6,A Nehra,1,0.6666998415653203
729283,2,3,1,R Ashwin,0,0.010508855398941955
729283,2,3,2,R Ashwin,1,0.9645992092259243
729283,2,3,3,R Ashwin,1,0.983569568504144
729283,2,3,4,R Ashwin,1,0.911818556544324
729283,2,3,5,R Ashwin,1,0.7847603766903773
729283,2,3,6,R Ashwin,0,0.6125040151042365
729283,2,3,7,R Ashwin,0,0.5851391228337856
729283,2,4,1,MM Sharma,1,0.864037981545525
729283,2,4,2,MM Sharma,0,0.6624736074771412
729283,2,4,3,MM Sharma,0,0.5984410766842373
729283,2,4,4,MM Sharma,0,0.43986874965152956
729283,2,4,5,MM Sharma,0,0.6115982230701092
729283,2,4,6,MM Sharma,0,0.77381001859875
729283,2,5,1,R Ashwin,0,0.5381528432640921
729283,2,5,2,R Ashwin,0,0.5435772793968044
729283,2,5,3,R Ashwin,0,0.5859171123672584
729283,2,5,4,R Ashwin,1,0.7000066810814463
729283,2,5,5,R Ashwin,1,0.7005294364748054
729283,2,5,6,R Ashwin,1,0.8037015297683053
729283,2,5,7,R Ashwin,1,0.6731591712101248
729283,2,5,8,R Ashwin,1,0.6826379366316073
729285,1,0,1,DS Kulkarni,0,0.0012465477269903808
729285,1,0,2,DS Kulkarni,0,0.0013060665911067222
729285,1,0,3,DS Kulkarni,0,0.006649394045646265
729285,1,0,4,DS Kulkarni,0,0.0057672032283039645
729285,1,0,5,DS Kulkarni,0,0.01931609655387935
729285,1,0,6,DS Kulkarni,0,0.0033434792413393863
729285,1,1,1,KW Richardson,0,0.0013475555576115824
729285,1,1,2,KW Richardson,0,0.01682441558306395
729285,1,1,3,KW Richardson,0,0.0049329699957380325
729285,1,1,4,KW Richardson,0,0.003588277653019702
729285,1,1,5,KW Richardson,0,0.005805270940264998
729285,1,1,6,KW Richardson,0,0.006320076667232652
729285,1,1,7,KW Richardson,0,0.0027798494789890247
729285,1,2,1,JP Faulkner,0,0.019347782690294742
729285,1,2,2,JP Faulkner,0,0.012188417754313608
729285,1,2,3,JP Faulkner,0,0.031465195368828025
729285,1,2,4,JP Faulkner,0,0.03467032233139845
729285,1,2,5,JP Faulkner,0,0.041009504760124785
729285,1,2,6,JP Faulkner,0,0.036249818450701826
729285,1,2,7,JP Faulkner,0,0.029576883080230713
729285,1,3,1,DS Kulkarni,0,0.005244283512243266
729285,1,3,2,DS Kulkarni,0,0.005018093680469078
729285,1,3,3,DS Kulkarni,0,0.004546565405036607
729285,1,3,4,DS Kulkarni,0,0.005819865074268853
729285,1,3,5,DS Kulkarni,0,0.005369350464189945
729285,1,3,6,DS Kulkarni,0,0.04758505647955144
729285,1,4,1,KW Richardson,0,0.14263925472319622
729285,1,4,2,KW Richardson,0,0.1811751097442309
729285,1,4,3,KW Richardson,0,0.2534537711463372
729285,1,4,4,KW Richardson,0,0.1145811036046646
729285,1,4,5,KW Richardson,0,0.12233879124663863
729285,1,4,6,KW Richardson,0,0.1323729878990527
729285,1,4,7,KW Richardson,0,0.15667835162055116
729285,1,5,1,JP Faulkner,0,0.019554961985409965
729285,1,5,2,JP Faulkner,0,0.020651794905038254
729285,1,5,3,JP Faulkner,0,0.022319664808998475
729285,1,5,4,JP Faulkner,0,0.19505227860335178
729285,1,5,5,JP Faulkner,0,0.2070631437069582
729285,1,5,6,JP Faulkner,0,0.21741164891934645
729285,2,0,1,DW Steyn,1,0.9992545796576869
729285,2,0,2,DW Steyn,1,0.9168360531935367
729285,2,0,3,DW Steyn,1,0.5907408460712522
729285,2,0,4,DW Steyn,0,0.3151583117460907
729285,2,0,5,DW Steyn,0,0.0697832348718577
729285,2,0,6,DW Steyn,0,0.022942164883008976
729285,2,1,1,B Kumar,0,0.0001477601540228961
729285,2,1,2,B Kumar,1,0.918291182269085
729285,2,1,3,B Kumar,1,0.5019078170632904
729285,2,1,4,B Kumar,1,0.23678991704401714
729285,2,1,5,B Kumar,0,0.05698216910406313
729285,2,1,6,B Kumar,1,0.268577082624216
729285,2,2,1,DW Steyn,0,0.00722296628023062
729285,2,2,2,DW Steyn,0,0.015123321919206062
729285,2,2,3,DW Steyn,0,0.011097808018570961
729285,2,2,4,DW Steyn,0,0.013730008643505145
729285,2,2,5,DW Steyn,0,0.012925840666271992
729285,2,2,6,DW Steyn,0,0.014453040454696909
729285,2,3,1,B Kumar,1,0.2306865981570275
729285,2,3,2,B Kumar,0,0.2347844257270386
729285,2,3,3,B Kumar,0,0.10193694900443079
729285,2,3,4,B Kumar,0,0.10891131394311034
729285,2,3,5,B Kumar,0,0.061130322765755155
729285,2,3,6,B Kumar,0,0.09423955120593522
729285,2,4,1,I Sharma,0,0.00022396113734616534
729285,2,4,2,I Sharma,0,0.0002378606923439867
729285,2,4,3,I Sharma,0,0.002051486470110487
729285,2,4,4,I Sharma,1,0.5783483023006205
729285,2,4,5,I Sharma,1,0.6720794644119941
729285,2,4,6,I Sharma,1,0.5735143853673137
729285,2,4,7,I Sharma,1,0.5433542665159647
729285,2,5,1,B Kumar,0,0.013585299822873667
729285,2,5,2,B Kumar,0,0.009949366976447504
729285,2,5,3,B Kumar,0,0.009699506490580883
729285,2,5,4,B Kumar,0,0.01161869624064754
729285,2,5,5,B Kumar,0,0.01186214156938597
729285,2,5,6,B Kumar,0,0.012225640983058237
729287,1,0,1,MA Starc,0,0.0978811487871598
729287,1,0,2,MA Starc,0,0.0967717875294934
729287,1,0,3,MA Starc,0,0.0728707283802252
729287,1,0,4,MA Starc,0,0.1152117659568354
729287,1,0,5,MA Starc,1,0.41388259184133586
729287,1,0,6,MA Starc,1,0.393043228633922
729287,1,1,1,JA Morkel,0,0.0015200178566130726
729287,1,1,2,JA Morkel,0,0.001535762829051394
729287,1,1,3,JA Morkel,0,0.005511123768663823
729287,1,1,4,JA Morkel,0,0.003546800533338946
729287,1,1,5,JA Morkel,0,0.0023100463587427114
729287,1,1,6,JA Morkel,0,0.004875787740369384
729287,1,2,1,MA Starc,1,0.2429516575127605
729287,1,2,2,MA Starc,1,0.5153623163356813
729287,1,2,3,MA Starc,1,0.444769319358363
729287,1,2,4,MA Starc,1,0.444769319358363
729287,1,2,5,MA Starc,1,0.3855806300399347
729287,1,2,6,MA Starc,1,0.3985499784248736
729287,1,3,1,JA Morkel,0,0.00949476661692566
729287,1,3,2,JA Morkel,0,0.005871941689484349
729287,1,3,3,JA Morkel,0,0.01605922705285844
729287,1,3,4,JA Morkel,0,0.012422306278975129
729287,1,3,5,JA Morkel,0,0.010545533671473581
729287,1,3,6,JA Morkel,0,0.006070348881616673
729287,1,3,7,JA Morkel,0,0.011579412207766013
729287,1,4,1,VR Aaron,0,0.05914792537564574
729287,1,4,2,VR Aaron,0,0.02470497720504495
729287,1,4,3,VR Aaron,0,0.024103342449059276
729287,1,4,4,VR Aaron,0,0.03941128171533767
729287,1,4,5,VR Aaron,0,0.04676007802886991
729287,1,4,6,VR Aaron,0,0.07303816938948887
729287,1,4,7,VR Aaron,0,0.07671990227005812
729287,1,5,1,JA Morkel,0,0.05570668465342141
729287,1,5,2,JA Morkel,0,0.09061238328589273
729287,1,5,3,JA Morkel,0,0.26788776398542646
729287,1,5,4,JA Morkel,0,0.3912525078870366
729287,1,5,5,JA Morkel,1,0.4771207117813952
729287,1,5,6,JA Morkel,1,0.4608577869524464
729287,2,0,1,Z Khan,0,0.0007953444813067154
729287,2,0,2,Z Khan,1,0.8610928238235342
729287,2,0,3,Z Khan,1,0.7126834785970337
729287,2,0,4,Z Khan,1,0.6592883881507535
729287,2,0,5,Z Khan,1,0.3939122456009906
729287,2,0,6,Z Khan,1,0.4246397620408234
729287,2,1,1,Harbhajan Singh,1,0.016519873832924904
729287,2,1,2,Harbhajan Singh,1,0.013489983585406935
729287,2,1,3,Harbhajan Singh,1,0.03048173053700005
729287,2,1,4,Harbhajan Singh,1,0.018258455756642318
729287,2,1,5,Harbhajan Singh,1,0.01156970997056369
729287,2,1,6,Harbhajan Singh,1,0.022891495115763418
729287,2,2,1,SL Malinga,0,0.0012405935940168597
729287,2,2,2,SL Malinga,0,0.013400818351491407
729287,2,2,3,SL Malinga,0,0.00490376607381773
729287,2,2,4,SL Malinga,0,0.0023505475040339423
729287,2,2,5,SL Malinga,0,0.3026555232946449
729287,2,2,6,SL Malinga,0,0.23513642471915217
729287,2,3,1,Z Khan,1,0.25659740628120714
729287,2,3,2,Z Khan,1,0.26149775685243004
729287,2,3,3,Z Khan,1,0.17638360023342478
729287,2,3,4,Z Khan,0,0.1468237826969811
729287,2,3,5,Z Khan,0,0.07599157348934656
729287,2,3,6,Z Khan,0,0.062106974794907246
729287,2,4,1,SL Malinga,0,0.04044291866217239
729287,2,4,2,SL Malinga,0,0.09233849196074602
729287,2,4,3,SL Malinga,0,0.053785426447122635
729287,2,4,4,SL Malinga,0,0.18000834831779558
729287,2,4,5,SL Malinga,0,0.06957139976740412
729287,2,4,6,SL Malinga,0,0.44559327422894984
729287,2,5,1,Z Khan,0,0.06920299943977994
729287,2,5,2,Z Khan,0,0.06703628485217357
729287,2,5,3,Z Khan,0,0.049741924740860255
729287,2,5,4,Z Khan,0,0.0867437209951868
729287,2,5,5,Z Khan,0,0.39311549891364117
729287,2,5,6,Z Khan,0,0.23061763671236868
729289,1,0,1,Mohammed Shami,0,0.0012006465070082493
729289,1,0,2,Mohammed Shami,0,0.023942614344585098
729289,1,0,3,Mohammed Shami,0,0.0862204164513995
729289,1,0,4,Mohammed Shami,0,0.08697670816847669
729289,1,0,5,Mohammed Shami,0,0.12187089667449193
729289,1,0,6,Mohammed Shami,0,0.08836885682301447
729289,1,0,7,Mohammed Shami,0,0.06578201417525752
729289,1,0,8,Mohammed Shami,0,0.07772265529834577
729289,1,0,9,Mohammed Shami,0,0.08677457481481257
729289,1,1,1,NM Coulter-Nile,0,0.0005414340589628783
729289,1,1,2,NM Coulter-Nile,0,0.0038279686564822685
729289,1,1,3,NM Coulter-Nile,0,0.0020063133274040097
729289,1,1,4,NM Coulter-Nile,0,0.0016551612193220675
729289,1,1,5,NM Coulter-Nile,0,0.0011196849277057216
729289,1,1,6,NM Coulter-Nile,0,0.0005641934417163993
729289,1,2,1,Mohammed Shami,0,0.05976299960788552
729289,1,2,2,Mohammed Shami,0,0.061943113917950106
729289,1,2,3,Mohammed Shami,0,0.05976299960788552
729289,1,2,4,Mohammed Shami,0,0.04998657418016358
729289,1,2,5,Mohammed Shami,0,0.04333394564246015
729289,1,2,6,Mohammed Shami,0,0.05084078325707145
729289,1,2,7,Mohammed Shami,0,0.0413758626051935
729289,1,2,8,Mohammed Shami,0,0.04715632873970865
729289,1,3,1,NM Coulter-Nile,0,0.0005981341315824012
729289,1,3,2,NM Coulter-Nile,0,0.0005981341315824012
729289,1,3,3,NM Coulter-Nile,0,0.0004933366502710628
729289,1,3,4,NM Coulter-Nile,0,0.0004933366502710628
729289,1,3,5,NM Coulter-Nile,0,0.0005811133726727259
729289,1,3,6,NM Coulter-Nile,0,0.0020099540583651734
729289,1,4,1,Mohammed Shami,0,0.03906729824632801
729289,1,4,2,Mohammed Shami,0,0.04890234362542499
729289,1,4,3,Mohammed Shami,0,0.07206617150429327
729289,1,4,4,Mohammed Shami,0,0.25686538928691316
729289,1,4,5,Mohammed Shami,0,0.2766297652573003
729289,1,4,6,Mohammed Shami,0,0.2646670873403874
729289,1,5,1,JD Unadkat,0,0.020017540618709136
729289,1,5,2,JD Unadkat,0,0.01958719016309653
729289,1,5,3,JD Unadkat,0,0.02016111841104785
729289,1,5,4,JD Unadkat,0,0.007223199355852613
729289,1,5,5,JD Unadkat,0,0.0065148911289262985
729289,1,5,6,JD Unadkat,0,0.008893514457992474
729289,2,0,1,R Vinay Kumar,0,0.0006770669345826453
729289,2,0,2,R Vinay Kumar,1,0.8267820594548583
729289,2,0,3,R Vinay Kumar,1,0.9338615711132309
729289,2,0,4,R Vinay Kumar,1,0.8304499163292686
729289,2,0,5,R Vinay Kumar,1,0.7042254345035273
729289,2,0,6,R Vinay Kumar,1,0.5983172898030864
729289,2,1,1,M Morkel,0,0.0006961519728873541
729289,2,1,2,M Morkel,0,0.020158431171560284
729289,2,1,3,M Morkel,0,0.03522634884754309
729289,2,1,4,M Morkel,1,0.8006482826524232
729289,2,1,5,M Morkel,1,0.641570666717551
729289,2,1,6,M Morkel,0,0.3917336281715839
729289,2,1,7,M Morkel,0,0.3862433043775528
729289,2,2,1,R Vinay Kumar,1,0.5860691940724415
729289,2,2,2,R Vinay Kumar,1,0.8057490115656146
729289,2,2,3,R Vinay Kumar,1,0.692897934174332
729289,2,2,4,R Vinay Kumar,1,0.6754293099017176
729289,2,2,5,R Vinay Kumar,1,0.8169891785972354
729289,2,2,6,R Vinay Kumar,1,0.6888392388999951
729289,2,3,1,M Morkel,1,0.6157230099164402
729289,2,3,2,M Morkel,1,0.6592493163111051
729289,2,3,3,M Morkel,0,0.4988358006679082
729289,2,3,4,M Morkel,0,0.4315570519461024
729289,2,3,5,M Morkel,0,0.47131511244858193
729289,2,3,6,M Morkel,0,0.44393623888777767
729289,2,4,1,R Vinay Kumar,1,0.631663428273297
729289,2,4,2,R Vinay Kumar,1,0.624162252288329
729289,2,4,3,R Vinay Kumar,1,0.6595502510342127
729289,2,4,4,R Vinay Kumar,1,0.6993151913128972
729289,2,4,5,R Vinay Kumar,1,0.6349508511432594
729289,2,4,6,R Vinay Kumar,0,0.6214570528432157
729289,2,5,1,Shakib Al Hasan,0,0.06549897020731471
729289,2,5,2,Shakib Al Hasan,0,0.06743283798391543
729289,2,5,3,Shakib Al Hasan,1,0.8032439561342711
729289,2,5,4,Shakib Al Hasan,1,0.5573738706207221
729289,2,5,5,Shakib Al Hasan,0,0.40856023886060366
729289,2,5,6,Shakib Al Hasan,0,0.39802887223991806
729295,1,0,1,DW Steyn,0,0.07262778435732323
729295,1,0,2,DW Steyn,0,0.006610035815013404
729295,1,0,3,DW Steyn,0,0.003371066355932458
729295,1,0,4,DW Steyn,0,0.002278236902623432
729295,1,0,5,DW Steyn,0,0.0015678468903132894
729295,1,0,6,DW Steyn,0,0.003297578890490492
729295,1,1,1,B Kumar,0,0.043532778901554776
729295,1,1,2,B Kumar,0,0.004055706528246264
729295,1,1,3,B Kumar,0,0.0017805513570884474
729295,1,1,4,B Kumar,0,0.0012027114872889251
729295,1,1,5,B Kumar,0,0.0008274090564900508
729295,1,1,6,B Kumar,0,0.0002054307857536551
729295,1,2,1,IK Pathan,0,0.04759315794285762
729295,1,2,2,IK Pathan,0,0.06295453086344666
729295,1,2,3,IK Pathan,0,0.96199444419611
729295,1,2,4,IK Pathan,1,0.98639472447443
729295,1,2,5,IK Pathan,0,0.9199724828537731
729295,1,2,6,IK Pathan,1,0.9603718239978182
729295,1,3,1,B Kumar,0,0.001590312325299143
729295,1,3,2,B Kumar,0,0.0011270505384524876
729295,1,3,3,B Kumar,0,0.0007753395470510892
729295,1,3,4,B Kumar,0,0.0007753395470510892
729295,1,3,5,B Kumar,0,0.0002738321171757669
729295,1,3,6,B Kumar,0,0.027848188110973282
729295,1,4,1,DW Steyn,0,0.11254986344172778
729295,1,4,2,DW Steyn,0,0.033912214564439186
729295,1,4,3,DW Steyn,1,0.3459701114099818
729295,1,4,4,DW Steyn,1,0.6558359209959896
729295,1,4,5,DW Steyn,1,0.6062369365246162
729295,1,4,6,DW Steyn,1,0.44300165996228635
729295,1,5,1,KV Sharma,0,0.0003458355406189966
729295,1,5,2,KV Sharma,0,0.0003687890445029365
729295,1,5,3,KV Sharma,0,0.00037224840248548026
729295,1,5,4,KV Sharma,0,0.00037224840248548026
729295,1,5,5,KV Sharma,0,0.10327187346188449
729295,1,5,6,KV Sharma,0,0.02671647366884641
729295,2,0,1,Sandeep Sharma,0,0.00017427994231007725
729295,2,0,2,Sandeep Sharma,0,0.00018301851193213027
729295,2,0,3,Sandeep Sharma,1,0.924787934057462
729295,2,0,4,Sandeep Sharma,1,0.8790516556588591
729295,2,0,5,Sandeep Sharma,1,0.7339012266777396
729295,2,0,6,Sandeep Sharma,1,0.6973064334357261
729295,2,0,7,Sandeep Sharma,1,0.724341999327278
729295,2,1,1,MG Johnson,0,0.00017106884845727362
729295,2,1,2,MG Johnson,0,0.00015602643397816718
729295,2,1,3,MG Johnson,0,0.0001581001014852906
729295,2,1,4,MG Johnson,0,0.0005193646609995987
729295,2,1,5,MG Johnson,0,0.0003698654619336885
729295,2,1,6,MG Johnson,0,0.16117628465598338
729295,2,2,1,Sandeep Sharma,1,0.46981980138993873
729295,2,2,2,Sandeep Sharma,1,0.3848934215146125
729295,2,2,3,Sandeep Sharma,1,0.29112225177185336
729295,2,2,4,Sandeep Sharma,1,0.30062673266091244
729295,2,2,5,Sandeep Sharma,1,0.29112225177185336
729295,2,2,6,Sandeep Sharma,1,0.5469973442282424
729295,2,3,1,MG Johnson,0,0.03071146868415174
729295,2,3,2,MG Johnson,0,0.11129212738107731
729295,2,3,3,MG Johnson,0,0.13783516733460888
729295,2,3,4,MG Johnson,0,0.21578585246038537
729295,2,3,5,MG Johnson,0,0.17497644878454469
729295,2,3,6,MG Johnson,1,0.4474544985611281
729295,2,3,7,MG Johnson,1,0.4463389434815366
729295,2,3,8,MG Johnson,1,0.38515137063176447
729295,2,4,1,L Balaji,0,0.00021769574898062693
729295,2,4,2,L Balaji,0,0.00022861073257234076
729295,2,4,3,L Balaji,0,0.0002260019555389346
729295,2,4,4,L Balaji,0,0.000500181931681876
729295,2,4,5,L Balaji,0,0.0018429540253034832
729295,2,4,6,L Balaji,0,0.0011779165158236613
729295,2,4,7,L Balaji,0,0.0008830444426900703
729295,2,5,1,R Dhawan,0,0.02399164786924751
729295,2,5,2,R Dhawan,0,0.036112780305517275
729295,2,5,3,R Dhawan,0,0.028175728784957634
729295,2,5,4,R Dhawan,1,0.8572422177173987
729295,2,5,5,R Dhawan,1,0.926661476778047
729295,2,5,6,R Dhawan,1,0.9201689219145242
729311,1,0,1,BW Hilfenhaus,0,0.011044123297882643
729311,1,0,2,BW Hilfenhaus,0,0.0019278776184528522
729311,1,0,3,BW Hilfenhaus,0,0.0009352394915801355
729311,1,0,4,BW Hilfenhaus,0,0.45901849057616545
729311,1,0,5,BW Hilfenhaus,0,0.3445794984477733
729311,1,0,6,BW Hilfenhaus,0,0.21668232073461477
729311,1,1,1,IC Pandey,0,0.010365830455129064
729311,1,1,2,IC Pandey,0,0.001985571551654948
729311,1,1,3,IC Pandey,1,0.8163519160659415
729311,1,1,4,IC Pandey,1,0.7022953757255281
729311,1,1,5,IC Pandey,0,0.3445794984477733
729311,1,1,6,IC Pandey,0,0.3670090307728609
729311,1,2,1,BW Hilfenhaus,0,0.12721025614292
729311,1,2,2,BW Hilfenhaus,0,0.04808848414543959
729311,1,2,3,BW Hilfenhaus,0,0.039709808463720374
729311,1,2,4,BW Hilfenhaus,0,0.05610352005078677
729311,1,2,5,BW Hilfenhaus,0,0.09127831795516991
729311,1,2,6,BW Hilfenhaus,0,0.07901011470429242
729311,1,3,1,IC Pandey,0,0.29984575889945225
729311,1,3,2,IC Pandey,0,0.272350841356529
729311,1,3,3,IC Pandey,0,0.31338669059392726
729311,1,3,4,IC Pandey,0,0.28910662341427046
729311,1,3,5,IC Pandey,0,0.29466547732202036
729311,1,3,6,IC Pandey,0,0.3835121699317012
729311,1,4,1,MM Sharma,0,0.00018623867777221184
729311,1,4,2,MM Sharma,0,0.00019557675299009398
729311,1,4,3,MM Sharma,1,0.6133468530889006
729311,1,4,4,MM Sharma,0,0.23479426539310425
729311,1,4,5,MM Sharma,0,0.07621959990416563
729311,1,4,6,MM Sharma,0,0.14694852005348194
729311,1,5,1,R Ashwin,1,0.01638988985320372
729311,1,5,2,R Ashwin,1,0.01708964891128071
729311,1,5,3,R Ashwin,1,0.019284407732994138
729311,1,5,4,R Ashwin,1,0.00680876420183537
729311,1,5,5,R Ashwin,0,0.004823807049785766
729311,1,5,6,R Ashwin,0,0.008988280434219268
729311,2,0,1,DW Steyn,0,0.00027614727527908904
729311,2,0,2,DW Steyn,0,0.04840209643765636
729311,2,0,3,DW Steyn,0,0.009958550831897584
729311,2,0,4,DW Steyn,1,0.7237342346245254
729311,2,0,5,DW Steyn,1,0.4803413492317438
729311,2,0,6,DW Steyn,1,0.3481227299049183
729311,2,1,1,B Kumar,0,0.05521383219592107
729311,2,1,2,B Kumar,0,0.005819448044415182
729311,2,1,3,B Kumar,1,0.8448876448516713
729311,2,1,4,B Kumar,1,0.6125716839408188
729311,2,1,5,B Kumar,1,0.3293595778828033
729311,2,1,6,B Kumar,0,0.13777038489729157
729311,2,2,1,DW Steyn,1,0.09784232139190346
729311,2,2,2,DW Steyn,0,0.026894523116025745
729311,2,2,3,DW Steyn,0,0.017383894548811687
729311,2,2,4,DW Steyn,1,0.4115000486903576
729311,2,2,5,DW Steyn,1,0.31198045042243144
729311,2,2,6,DW Steyn,1,0.3092108218648362
729311,2,3,1,KV Sharma,0,0.05317089223164813
729311,2,3,2,KV Sharma,0,0.06516689789343096
729311,2,3,3,KV Sharma,0,0.24179412220128688
729311,2,3,4,KV Sharma,0,0.14142773809299644
729311,2,3,5,KV Sharma,0,0.05346751922867093
729311,2,3,6,KV Sharma,0,0.071290883565805
729311,2,4,1,B Kumar,1,0.6004546426304119
729311,2,4,2,B Kumar,1,0.37498102255878446
729311,2,4,3,B Kumar,1,0.3372800047883866
729311,2,4,4,B Kumar,0,0.17670778895100883
729311,2,4,5,B Kumar,0,0.19742259949021235
729311,2,4,6,B Kumar,1,0.5806116173780941
729311,2,5,1,KV Sharma,0,0.3988918744507644
729311,2,5,2,KV Sharma,0,0.3486155144555371
729311,2,5,3,KV Sharma,0,0.32477115901790093
729311,2,5,4,KV Sharma,0,0.5686143493329734
729311,2,5,5,KV Sharma,0,0.5642423376233076
729311,2,5,6,KV Sharma,0,0.5642423376233076
733971,1,0,1,Shakib Al Hasan,0,0.00015236348353308725
733971,1,0,2,Shakib Al Hasan,0,0.0001587021306743821
733971,1,0,3,Shakib Al Hasan,1,0.5918413505640309
733971,1,0,4,Shakib Al Hasan,1,0.614280178889134
733971,1,0,5,Shakib Al Hasan,1,0.8137855921030607
733971,1,0,6,Shakib Al Hasan,1,0.6542094511619898
733971,1,1,1,SP Narine,1,0.9993995410681475
733971,1,1,2,SP Narine,1,0.9281062904444375
733971,1,1,3,SP Narine,1,0.5918413505640309
733971,1,1,4,SP Narine,1,0.614280178889134
733971,1,1,5,SP Narine,0,0.4606713149094164
733971,1,1,6,SP Narine,0,0.2936504852822223
733971,1,2,1,Shakib Al Hasan,1,0.641491221522968
733971,1,2,2,Shakib Al Hasan,1,0.8196838765046084
733971,1,2,3,Shakib Al Hasan,1,0.80073821469713
733971,1,2,4,Shakib Al Hasan,1,0.6762926044758619
733971,1,2,5,Shakib Al Hasan,1,0.6722073244096751
733971,1,2,6,Shakib Al Hasan,1,0.7110161888846795
733971,1,3,1,SP Narine,0,0.4330547190863223
733971,1,3,2,SP Narine,1,0.6165447630829718
733971,1,3,3,SP Narine,1,0.6307928711834205
733971,1,3,4,SP Narine,1,0.6141487244399849
733971,1,3,5,SP Narine,1,0.6267637346950272
733971,1,3,6,SP Narine,1,0.5995994403991938
733971,1,4,1,Shakib Al Hasan,1,0.6441713255686474
733971,1,4,2,Shakib Al Hasan,1,0.6386491282493774
733971,1,4,3,Shakib Al Hasan,1,0.6386491282493774
733971,1,4,4,Shakib Al Hasan,1,0.6271433265941072
733971,1,4,5,Shakib Al Hasan,1,0.6535160414074329
733971,1,4,6,Shakib Al Hasan,1,0.6657220491248469
733971,1,5,1,PP Chawla,1,0.9995000551380782
733971,1,5,2,PP Chawla,1,0.9374593870642959
733971,1,5,3,PP Chawla,1,0.9851390703342852
733971,1,5,4,PP Chawla,1,0.9609935272138219
733971,1,5,5,PP Chawla,1,0.9043501377904862
733971,1,5,6,PP Chawla,0,0.802165355524205
733971,2,0,1,BW Hilfenhaus,0,0.00014233359487978375
733971,2,0,2,BW Hilfenhaus,0,0.00014809042618476023
733971,2,0,3,BW Hilfenhaus,0,0.0019871282275938174
733971,2,0,4,BW Hilfenhaus,0,0.0015039082184180276
733971,2,0,5,BW Hilfenhaus,0,0.007648663271616055
733971,2,0,6,BW Hilfenhaus,0,0.006963327678696379
733971,2,0,7,BW Hilfenhaus,0,0.002801779736506898
733971,2,1,1,IC Pandey,0,0.0001625789826033117
733971,2,1,2,IC Pandey,1,0.9279717563419561
733971,2,1,3,IC Pandey,0,0.5849534726478018
733971,2,1,4,IC Pandey,1,0.9309512500509977
733971,2,1,5,IC Pandey,1,0.9516456957193563
733971,2,1,6,IC Pandey,1,0.9298616779181166
733971,2,2,1,BW Hilfenhaus,0,0.022611814819952288
733971,2,2,2,BW Hilfenhaus,0,0.009932280475502844
733971,2,2,3,BW Hilfenhaus,0,0.03490322964000028
733971,2,2,4,BW Hilfenhaus,0,0.029682362252390865
733971,2,2,5,BW Hilfenhaus,0,0.039945702473077216
733971,2,2,6,BW Hilfenhaus,0,0.03826340209694136
733971,2,3,1,MM Sharma,0,0.0001798797370027618
733971,2,3,2,MM Sharma,1,0.9358983246355564
733971,2,3,3,MM Sharma,1,0.9927352572406325
733971,2,3,4,MM Sharma,1,0.9725057232963132
733971,2,3,5,MM Sharma,1,0.9365996707456025
733971,2,3,6,MM Sharma,1,0.9596679494221988
733971,2,4,1,R Ashwin,0,0.0100482261221885
733971,2,4,2,R Ashwin,0,0.0057883948102095345
733971,2,4,3,R Ashwin,0,0.0027480736733651355
733971,2,4,4,R Ashwin,0,0.0017619293797523027
733971,2,4,5,R Ashwin,0,0.004103001726663192
733971,2,4,6,R Ashwin,0,0.007174184753352776
733971,2,5,1,RA Jadeja,0,0.00023750019319435247
733971,2,5,2,RA Jadeja,0,0.0002472234010344512
733971,2,5,3,RA Jadeja,0,0.003234613326093189
733971,2,5,4,RA Jadeja,0,0.0016610777427050086
733971,2,5,5,RA Jadeja,0,0.0012720884169230384
733971,2,5,6,RA Jadeja,0,0.0007941188709553253
733973,1,0,1,Z Khan,0,0.00027379962053621955
733973,1,0,2,Z Khan,1,0.8326055529845764
733973,1,0,3,Z Khan,1,0.3979225554956301
733973,1,0,4,Z Khan,0,0.1693968319642402
733973,1,0,5,Z Khan,0,0.0874650552698752
733973,1,0,6,Z Khan,0,0.14000874054676057
733973,1,1,1,JJ Bumrah,0,0.0003616384554191807
733973,1,1,2,JJ Bumrah,0,0.020187731157344752
733973,1,1,3,JJ Bumrah,0,0.021348155233483823
733973,1,1,4,JJ Bumrah,0,0.014214036435370241
733973,1,1,5,JJ Bumrah,1,0.6435188650092134
733973,1,1,6,JJ Bumrah,1,0.7194038433839697
733973,1,1,7,JJ Bumrah,1,0.45373801134061514
733973,1,1,8,JJ Bumrah,1,0.3327251587952163
733973,1,2,1,Z Khan,0,0.08971404372155733
733973,1,2,2,Z Khan,0,0.10486189301522043
733973,1,2,3,Z Khan,0,0.10029884811557756
733973,1,2,4,Z Khan,0,0.2608367745721958
733973,1,2,5,Z Khan,0,0.24568005113859684
733973,1,2,6,Z Khan,0,0.2593360565828624
733973,1,3,1,CJ Anderson,1,0.999490624344658
733973,1,3,2,CJ Anderson,1,0.8714666519848175
733973,1,3,3,CJ Anderson,0,0.4913735780149764
733973,1,3,4,CJ Anderson,0,0.232107230458802
733973,1,3,5,CJ Anderson,1,0.6575783236098159
733973,1,3,6,CJ Anderson,1,0.7642933870076704
733973,1,3,7,CJ Anderson,1,0.5909671818171679
733973,1,4,1,JJ Bumrah,1,0.2232889386761112
733973,1,4,2,JJ Bumrah,0,0.2072115240251199
733973,1,4,3,JJ Bumrah,0,0.16030858814724794
733973,1,4,4,JJ Bumrah,0,0.18587610537330257
733973,1,4,5,JJ Bumrah,0,0.19699414162041098
733973,1,4,6,JJ Bumrah,0,0.19118666562810382
733973,1,5,1,SL Malinga,0,0.033080948428939
733973,1,5,2,SL Malinga,0,0.009593701544207182
733973,1,5,3,SL Malinga,1,0.7035021760872802
733973,1,5,4,SL Malinga,1,0.4820404180637853
733973,1,5,5,SL Malinga,0,0.24257911508042737
733973,1,5,6,SL Malinga,0,0.1724509637666962
733973,2,0,1,Sandeep Sharma,1,0.9993964600037236
733973,2,0,2,Sandeep Sharma,1,0.766101362313261
733973,2,0,3,Sandeep Sharma,1,0.525695415863238
733973,2,0,4,Sandeep Sharma,0,0.333671665850331
733973,2,0,5,Sandeep Sharma,0,0.1327433460007985
733973,2,0,6,Sandeep Sharma,0,0.08563910425617459
733973,2,1,1,L Balaji,0,0.0005128284129711503
733973,2,1,2,L Balaji,0,0.011098046248424111
733973,2,1,3,L Balaji,0,0.012237039562658847
733973,2,1,4,L Balaji,1,0.4969626115730679
733973,2,1,5,L Balaji,0,0.3243141376874691
733973,2,1,6,L Balaji,1,0.5249902873424896
733973,2,2,1,Sandeep Sharma,0,0.16265202798268816
733973,2,2,2,Sandeep Sharma,0,0.32757608717897513
733973,2,2,3,Sandeep Sharma,0,0.2648592638016062
733973,2,2,4,Sandeep Sharma,0,0.16255759974110812
733973,2,2,5,Sandeep Sharma,0,0.16833478632016277
733973,2,2,6,Sandeep Sharma,0,0.16935956841485475
733973,2,2,7,Sandeep Sharma,0,0.12771680615377215
733973,2,3,1,MG Johnson,0,0.012336886115432166
733973,2,3,2,MG Johnson,0,0.005856458761122427
733973,2,3,3,MG Johnson,0,0.001531239167971567
733973,2,3,4,MG Johnson,0,0.0013373138415368054
733973,2,3,5,MG Johnson,0,0.0009309949001527793
733973,2,3,6,MG Johnson,0,0.2614115893207983
733973,2,4,1,Sandeep Sharma,0,0.11371547508128249
733973,2,4,2,Sandeep Sharma,0,0.08200822087906617
733973,2,4,3,Sandeep Sharma,0,0.06913270206157061
733973,2,4,4,Sandeep Sharma,0,0.20383915991724827
733973,2,4,5,Sandeep Sharma,0,0.21176110156055292
733973,2,4,6,Sandeep Sharma,0,0.3328004262848517
733973,2,5,1,MG Johnson,0,0.18206712687969923
733973,2,5,2,MG Johnson,0,0.18228268737350423
733973,2,5,3,MG Johnson,0,0.11454326562955383
733973,2,5,4,MG Johnson,0,0.11148612148058079
733973,2,5,5,MG Johnson,0,0.11669983676115274
733973,2,5,6,MG Johnson,0,0.32334448242171315
733973,2,5,7,MG Johnson,0,0.290080773617535
733977,1,0,1,MA Starc,0,0.0006270465311790605
733977,1,0,2,MA Starc,0,0.0055658356446836995
733977,1,0,3,MA Starc,0,0.008540819330834788
733977,1,0,4,MA Starc,0,0.009751862509736706
733977,1,0,5,MA Starc,0,0.008197244850925966
733977,1,0,6,MA Starc,0,0.006946022193604804
733977,1,1,1,AB Dinda,0,0.015212792594926352
733977,1,1,2,AB Dinda,0,0.00669977107810289
733977,1,1,3,AB Dinda,0,0.008701746774424455
733977,1,1,4,AB Dinda,0,0.006960380136278488
733977,1,1,5,AB Dinda,0,0.3791605301401948
733977,1,1,6,AB Dinda,1,0.8278970717330256
733977,1,2,1,MA Starc,0,0.006276183640841652
733977,1,2,2,MA Starc,0,0.004556247164911274
733977,1,2,3,MA Starc,0,0.05632274958004228
733977,1,2,4,MA Starc,0,0.07071846388060098
733977,1,2,5,MA Starc,0,0.08069264311574226
733977,1,2,6,MA Starc,0,0.08541419103068845
733977,1,3,1,AB Dinda,1,0.7115869921222099
733977,1,3,2,AB Dinda,1,0.5283401959018158
733977,1,3,3,AB Dinda,1,0.796535379256479
733977,1,3,4,AB Dinda,1,0.6176021869980313
733977,1,3,5,AB Dinda,1,0.5733730535541147
733977,1,3,6,AB Dinda,1,0.6418051996964201
733977,1,4,1,VR Aaron,0,0.01743143303397358
733977,1,4,2,VR Aaron,1,0.9542095745080842
733977,1,4,3,VR Aaron,1,0.9649501549123931
733977,1,4,4,VR Aaron,1,0.8360548222363282
733977,1,4,5,VR Aaron,1,0.8925713516713311
733977,1,4,6,VR Aaron,1,0.5982922514214508
733977,1,4,7,VR Aaron,1,0.4908319182061588
733977,1,4,8,VR Aaron,1,0.4786941877007574
733977,1,5,1,HV Patel,0,0.01856512924053448
733977,1,5,2,HV Patel,0,0.019059947354470516
733977,1,5,3,HV Patel,0,0.020906993955728845
733977,1,5,4,HV Patel,0,0.04596276293431659
733977,1,5,5,HV Patel,0,0.05116439275348785
733977,1,5,6,HV Patel,0,0.05659507730286355
733977,1,5,7,HV Patel,1,0.4925447126683455
733977,2,0,1,DW Steyn,0,0.002178278292970652
733977,2,0,2,DW Steyn,0,0.07585195955384771
733977,2,0,3,DW Steyn,0,0.07170576033405479
733977,2,0,4,DW Steyn,0,0.23955396041413385
733977,2,0,5,DW Steyn,0,0.1635516518782767
733977,2,0,6,DW Steyn,0,0.27951327519935054
733977,2,0,7,DW Steyn,0,0.11066800725352427
733977,2,1,1,B Kumar,0,0.0010825642030462736
733977,2,1,2,B Kumar,0,0.09058043695092934
733977,2,1,3,B Kumar,0,0.022920584519105586
733977,2,1,4,B Kumar,0,0.005171371824046316
733977,2,1,5,B Kumar,0,0.0036617038156436053
733977,2,1,6,B Kumar,0,0.002472701351372211
733977,2,1,7,B Kumar,0,0.0011227724588878378
733977,2,2,1,DW Steyn,0,0.07417478481961698
733977,2,2,2,DW Steyn,0,0.09082551985799622
733977,2,2,3,DW Steyn,0,0.21242884879333168
733977,2,2,4,DW Steyn,0,0.1343102133429579
733977,2,2,5,DW Steyn,0,0.09874128324380375
733977,2,2,6,DW Steyn,0,0.24619265509180746
733977,2,3,1,B Kumar,0,0.0012159557963713759
733977,2,3,2,B Kumar,0,0.004650274192754325
733977,2,3,3,B Kumar,0,0.0025769452784549867
733977,2,3,4,B Kumar,0,0.015253735168239016
733977,2,3,5,B Kumar,0,0.01177286519352207
733977,2,3,6,B Kumar,0,0.00666317488776752
733977,2,4,1,I Sharma,0,0.0008367280958369233
733977,2,4,2,I Sharma,0,0.0008205416766238641
733977,2,4,3,I Sharma,0,0.0008314397320401252
733977,2,4,4,I Sharma,0,0.23075867683006224
733977,2,4,5,I Sharma,1,0.8462739070287896
733977,2,4,6,I Sharma,1,0.9223673383573069
733977,2,5,1,B Kumar,0,0.004974730486466994
733977,2,5,2,B Kumar,0,0.09267839715966092
733977,2,5,3,B Kumar,0,0.09447218052941307
733977,2,5,4,B Kumar,0,0.10253570421936627
733977,2,5,5,B Kumar,0,0.11182562355984353
733977,2,5,6,B Kumar,0,0.07184663012167829
734017,1,0,1,Ankit Sharma,0,0.023601951463857358
734017,1,0,2,Ankit Sharma,0,0.003399389654972306
734017,1,0,3,Ankit Sharma,0,0.0009751585284020249
734017,1,0,4,Ankit Sharma,0,0.0008961123443662301
734017,1,0,5,Ankit Sharma,0,0.0014233570363097264
734017,1,0,6,Ankit Sharma,0,0.009582767751097761
734017,1,1,1,DS Kulkarni,0,0.00015514392427935618
734017,1,1,2,DS Kulkarni,0,0.0001572698179315467
734017,1,1,3,DS Kulkarni,0,0.00015461273979796352
734017,1,1,4,DS Kulkarni,0,0.00015461273979796352
734017,1,1,5,DS Kulkarni,0,0.00015461273979796352
734017,1,1,6,DS Kulkarni,0,0.042009779704254194
734017,1,2,1,Ankit Sharma,0,0.007687358122918926
734017,1,2,2,Ankit Sharma,0,0.01068109749437278
734017,1,2,3,Ankit Sharma,0,0.008094308494624005
734017,1,2,4,Ankit Sharma,0,0.027295315764395933
734017,1,2,5,Ankit Sharma,0,0.01730998506443014
734017,1,2,6,Ankit Sharma,0,0.022942032676570957
734017,1,3,1,DS Kulkarni,1,0.43357095730814565
734017,1,3,2,DS Kulkarni,0,0.3658719328432192
734017,1,3,3,DS Kulkarni,0,0.34888426059462835
734017,1,3,4,DS Kulkarni,0,0.1623733608151533
734017,1,3,5,DS Kulkarni,0,0.33693608123913255
734017,1,3,6,DS Kulkarni,0,0.33567557790691066
734017,1,3,7,DS Kulkarni,0,0.18979810948222575
734017,1,4,1,JP Faulkner,1,0.9995470404835286
734017,1,4,2,JP Faulkner,1,0.95197719292944
734017,1,4,3,JP Faulkner,0,0.8570541278017345
734017,1,4,4,JP Faulkner,1,0.9553864718366486
734017,1,4,5,JP Faulkner,1,0.9630203542444401
734017,1,4,6,JP Faulkner,1,0.9493691126087532
734017,1,5,1,KK Cooper,0,0.027967154935606274
734017,1,5,2,KK Cooper,1,0.9715039133448377
734017,1,5,3,KK Cooper,1,0.8601414649074806
734017,1,5,4,KK Cooper,1,0.9165241343024754
734017,1,5,5,KK Cooper,1,0.7847280082759823
734017,1,5,6,KK Cooper,0,0.6957832307374775
734017,1,5,7,KK Cooper,0,0.6457869672439958
734017,2,0,1,JJ Bumrah,0,0.03608008999040408
734017,2,0,2,JJ Bumrah,0,0.007547051490105916
734017,2,0,3,JJ Bumrah,0,0.0018767953982003008
734017,2,0,4,JJ Bumrah,0,0.001197373138365756
734017,2,0,5,JJ Bumrah,0,0.003073075130372936
734017,2,0,6,JJ Bumrah,0,0.012805300339419632
734017,2,0,7,JJ Bumrah,0,0.02521068815003408
734017,2,1,1,K Santokie,0,0.03395739175063938
734017,2,1,2,K Santokie,0,0.059701904008769444
734017,2,1,3,K Santokie,0,0.026541795126454625
734017,2,1,4,K Santokie,0,0.04334866705722137
734017,2,1,5,K Santokie,1,0.7994850672064273
734017,2,1,6,K Santokie,0,0.7246432450841405
734017,2,1,7,K Santokie,1,0.8969045188231582
734017,2,2,1,PP Ojha,0,0.0001518131762623714
734017,2,2,2,PP Ojha,0,0.00015394560113042664
734017,2,2,3,PP Ojha,0,0.0001788690758885974
734017,2,2,4,PP Ojha,0,0.008632056675647377
734017,2,2,5,PP Ojha,0,0.5212163766659524
734017,2,2,6,PP Ojha,1,0.8914229968641237
734017,2,3,1,KA Pollard,0,0.0001803147812961594
734017,2,3,2,KA Pollard,0,0.00018284747719564924
734017,2,3,3,KA Pollard,0,0.7123441241973225
734017,2,3,4,KA Pollard,0,0.6088034919195203
734017,2,3,5,KA Pollard,0,0.28064909439220204
734017,2,4,1,PP Ojha,1,0.799868494564069
734017,2,4,2,PP Ojha,1,0.6847271261175963
734017,2,4,3,PP Ojha,0,0.5460832699995763
734017,2,4,4,PP Ojha,1,0.6830694273760047
734017,2,4,5,PP Ojha,0,0.5560767334360225
734017,2,4,6,PP Ojha,0,0.44204655135152837
734017,2,5,1,K Santokie,0,0.878187441425218
734017,2,5,2,K Santokie,0,0.811342734351585
734017,2,5,3,K Santokie,0,0.7815707462332955
734017,2,5,4,K Santokie,0,0.8027543445401614
734017,2,5,5,K Santokie,0,0.775437095733734
734017,2,5,6,K Santokie,0,0.7948660414781922
734017,2,5,7,K Santokie,0,0.8010314347821641
734039,1,0,1,P Awana,0,0.0002473773670762407
734039,1,0,2,P Awana,0,0.01709157366655692
734039,1,0,3,P Awana,0,0.01900706108289073
734039,1,0,4,P Awana,0,0.019196807771437726
734039,1,0,5,P Awana,0,0.006448135834972895
734039,1,0,6,P Awana,1,0.33367960700730825
734039,1,1,1,AR Patel,0,0.01741177371625681
734039,1,1,2,AR Patel,0,0.023095005989504373
734039,1,1,3,AR Patel,1,0.7795410855294759
734039,1,1,4,AR Patel,1,0.6509688808331147
734039,1,1,5,AR Patel,0,0.4462154178067509
734039,1,1,6,AR Patel,0,0.33367960700730825
734039,1,2,1,MG Johnson,0,0.019459384411759345
734039,1,2,2,MG Johnson,0,0.01527824319686244
734039,1,2,3,MG Johnson,1,0.7725202858781788
734039,1,2,4,MG Johnson,0,0.6156300712433809
734039,1,2,5,MG Johnson,0,0.32023720650640763
734039,1,2,6,MG Johnson,1,0.7349946586432903
734039,1,3,1,P Awana,0,0.16205430454412642
734039,1,3,2,P Awana,0,0.13213432221455745
734039,1,3,3,P Awana,0,0.11445604540143411
734039,1,3,4,P Awana,1,0.3385613734494326
734039,1,3,5,P Awana,1,0.3597067557860949
734039,1,3,6,P Awana,1,0.5766238722434286
734039,1,4,1,MG Johnson,1,0.8283015835584188
734039,1,4,2,MG Johnson,1,0.7227841511159245
734039,1,4,3,MG Johnson,1,0.7698671517365798
734039,1,4,4,MG Johnson,1,0.725258159275432
734039,1,4,5,MG Johnson,1,0.7806989747008507
734039,1,4,6,MG Johnson,1,0.7623231563586014
734039,1,5,1,P Awana,1,0.47823296578242286
734039,1,5,2,P Awana,1,0.4569499790247683
734039,1,5,3,P Awana,1,0.42241915174316585
734039,1,5,4,P Awana,1,0.443485625534775
734039,1,5,5,P Awana,1,0.39393667118225706
734039,2,0,1,Mohammed Shami,0,0.01166869183290534
734039,2,0,2,Mohammed Shami,0,0.01233476737306821
734039,2,0,3,Mohammed Shami,0,0.013702539732321332
734039,2,0,4,Mohammed Shami,0,0.025059686608018047
734039,2,0,5,Mohammed Shami,0,0.2949424695477985
734039,2,0,6,Mohammed Shami,1,0.7026498416899757
734039,2,1,1,JD Unadkat,1,0.007800095369480829
734039,2,1,2,JD Unadkat,1,0.012234679584470408
734039,2,1,3,JD Unadkat,1,0.012151044983738653
734039,2,1,4,JD Unadkat,1,0.017428964226399
734039,2,1,5,JD Unadkat,1,0.017738384137699466
734039,2,1,6,JD Unadkat,1,0.005944798304863082
734039,2,2,1,Mohammed Shami,1,0.7981397312605888
734039,2,2,2,Mohammed Shami,1,0.6006374300305721
734039,2,2,3,Mohammed Shami,0,0.6012761820591196
734039,2,2,4,Mohammed Shami,0,0.44498356780204107
734039,2,2,5,Mohammed Shami,0,0.2916825299890226
734039,2,2,6,Mohammed Shami,0,0.2694340539903197
734039,2,2,7,Mohammed Shami,0,0.2721403620500852
734039,2,3,1,JD Unadkat,1,0.002763711337202821
734039,2,3,2,JD Unadkat,1,0.002223180290201242
734039,2,3,3,JD Unadkat,0,0.0012450077527102108
734039,2,3,4,JD Unadkat,0,0.0012450077527102108
734039,2,3,5,JD Unadkat,0,0.0005259842722707412
734039,2,4,1,Mohammed Shami,0,0.23290858987067667
734039,2,4,2,Mohammed Shami,0,0.22726992344202337
734039,2,4,3,Mohammed Shami,0,0.2308031398866843
734039,2,4,4,Mohammed Shami,0,0.2439144819796084
734039,2,4,5,Mohammed Shami,0,0.5481876482759537
734039,2,4,6,Mohammed Shami,0,0.5029615105638389
734039,2,5,1,JDS Neesham,0,0.0008435940739935355
734039,2,5,2,JDS Neesham,0,0.9302961615936512
734039,2,5,3,JDS Neesham,0,0.6581864061717219
734039,2,5,4,JDS Neesham,0,0.9318198539502971
734039,2,5,5,JDS Neesham,0,0.737691156764965
734045,1,0,1,A Nehra,0,0.010653792379335536
734045,1,0,2,A Nehra,0,0.011776566172018344
734045,1,0,3,A Nehra,1,0.742387430242987
734045,1,0,4,A Nehra,1,0.34088791216209025
734045,1,0,5,A Nehra,0,0.1417468930840549
734045,1,0,6,A Nehra,0,0.12154152247307906
734045,1,1,1,IC Pandey,0,0.00015359874875389316
734045,1,1,2,IC Pandey,0,0.00016096238910415125
734045,1,1,3,IC Pandey,0,0.00016352442966143467
734045,1,1,4,IC Pandey,0,0.08230403633377761
734045,1,1,5,IC Pandey,0,0.0925254785534386
734045,1,1,6,IC Pandey,0,0.12154152247307906
734045,1,2,1,A Nehra,0,0.062002726422014987
734045,1,2,2,A Nehra,0,0.03421348878844292
734045,1,2,3,A Nehra,0,0.03980300183772457
734045,1,2,4,A Nehra,0,0.05547650560347317
734045,1,2,5,A Nehra,0,0.08571938564330969
734045,1,2,6,A Nehra,0,0.08651641277733559
734045,1,3,1,MM Sharma,0,0.009714268139935343
734045,1,3,2,MM Sharma,0,0.0020706652149473583
734045,1,3,3,MM Sharma,0,0.5641789401187673
734045,1,3,4,MM Sharma,0,0.2207832077272265
734045,1,3,5,MM Sharma,0,0.1651353075890307
734045,1,3,6,MM Sharma,0,0.13562874650556875
734045,1,4,1,IC Pandey,1,0.4013256748940418
734045,1,4,2,IC Pandey,1,0.642788696399946
734045,1,4,3,IC Pandey,1,0.4287503550586549
734045,1,4,4,IC Pandey,1,0.31457647698605445
734045,1,4,5,IC Pandey,0,0.297783836297935
734045,1,4,6,IC Pandey,0,0.3051783542933618
734045,1,5,1,MM Sharma,0,0.4169809710863481
734045,1,5,2,MM Sharma,0,0.33995588553154504
734045,1,5,3,MM Sharma,0,0.5789207565605885
734045,1,5,4,MM Sharma,1,0.7910581243338273
734045,1,5,5,MM Sharma,1,0.9214018724836959
734045,1,5,6,MM Sharma,1,0.897579186315158
734045,2,0,1,P Kumar,0,0.00022232239176722668
734045,2,0,2,P Kumar,1,0.8943996107542717
734045,2,0,3,P Kumar,1,0.29498712932786925
734045,2,0,4,P Kumar,0,0.21155736060370967
734045,2,0,5,P Kumar,0,0.07302253075002398
734045,2,0,6,P Kumar,0,0.027460621933305566
734045,2,1,1,CJ Anderson,1,0.9995377550100486
734045,2,1,2,CJ Anderson,1,0.9552909810251984
734045,2,1,3,CJ Anderson,1,0.7966314403660684
734045,2,1,4,CJ Anderson,0,0.38251380529014656
734045,2,1,5,CJ Anderson,1,0.7777915690244052
734045,2,1,6,CJ Anderson,0,0.6191106497511238
734045,2,2,1,P Kumar,0,0.012486591007746411
734045,2,2,2,P Kumar,0,0.033766078518413366
734045,2,2,3,P Kumar,0,0.04559057257439865
734045,2,2,4,P Kumar,0,0.03899815530996817
734045,2,2,5,P Kumar,0,0.0481927278191489
734045,2,2,6,P Kumar,0,0.05133863077013586
734045,2,3,1,CJ Anderson,0,0.42738904443636994
734045,2,3,2,CJ Anderson,0,0.401342719694311
734045,2,3,3,CJ Anderson,0,0.6468887580841234
734045,2,3,4,CJ Anderson,0,0.6368405234499
734045,2,3,5,CJ Anderson,1,0.795572357100013
734045,2,3,6,CJ Anderson,1,0.8782144891681782
734045,2,4,1,P Kumar,0,0.03989701487654372
734045,2,4,2,P Kumar,0,0.040352755039283664
734045,2,4,3,P Kumar,0,0.039604348241438186
734045,2,4,4,P Kumar,0,0.04779714795309361
734045,2,4,5,P Kumar,0,0.04909532318862969
734045,2,4,6,P Kumar,0,0.053906899287297076
734045,2,5,1,JJ Bumrah,0,0.00040805516340758623
734045,2,5,2,JJ Bumrah,1,0.8976944084739878
734045,2,5,3,JJ Bumrah,1,0.9796224748151844
734045,2,5,4,JJ Bumrah,1,0.9890335995090892
734045,2,5,5,JJ Bumrah,1,0.9466565413649884
734045,2,5,6,JJ Bumrah,1,0.9864636407163936
829707,1,0,1,JA Morkel,0,0.00024084420874977285
829707,1,0,2,JA Morkel,1,0.8893226723621384
829707,1,0,3,JA Morkel,0,0.4035431949979767
829707,1,0,4,JA Morkel,1,0.8877503027348614
829707,1,0,5,JA Morkel,1,0.9264989187198198
829707,1,0,6,JA Morkel,1,0.8737363218329066
829707,1,1,1,NM Coulter-Nile,1,0.9994068795047214
829707,1,1,2,NM Coulter-Nile,1,0.8889633937444777
829707,1,1,3,NM Coulter-Nile,1,0.9532510756088404
829707,1,1,4,NM Coulter-Nile,1,0.7583638729711315
829707,1,1,5,NM Coulter-Nile,1,0.6907002972762935
829707,1,1,6,NM Coulter-Nile,1,0.4735531088681895
829707,1,1,7,NM Coulter-Nile,1,0.41925753367175644
829707,1,2,1,DJ Muthuswami,0,0.0002516589842496251
829707,1,2,2,DJ Muthuswami,0,0.0002731741063240267
829707,1,2,3,DJ Muthuswami,0,0.0002757368133174059
829707,1,2,4,DJ Muthuswami,1,0.1745703799095443
829707,1,2,5,DJ Muthuswami,1,0.2520056125743377
829707,1,2,6,DJ Muthuswami,1,0.15770857443676395
829707,1,3,1,NM Coulter-Nile,0,0.21982859050939219
829707,1,3,2,NM Coulter-Nile,0,0.18860856510518545
829707,1,3,3,NM Coulter-Nile,0,0.1050354634443458
829707,1,3,4,NM Coulter-Nile,0,0.0953521916585945
829707,1,3,5,NM Coulter-Nile,0,0.07007482674428223
829707,1,3,6,NM Coulter-Nile,0,0.08954207636321813
829707,1,4,1,DJ Muthuswami,0,0.06968637742258799
829707,1,4,2,DJ Muthuswami,0,0.08436114978805895
829707,1,4,3,DJ Muthuswami,0,0.0694625404761685
829707,1,4,4,DJ Muthuswami,1,0.2643832647596812
829707,1,4,5,DJ Muthuswami,1,0.25961569173581045
829707,1,4,6,DJ Muthuswami,1,0.41009982878241275
829707,1,5,1,JA Morkel,1,0.711449581860102
829707,1,5,2,JA Morkel,1,0.8618100927867639
829707,1,5,3,JA Morkel,1,0.7944016915066072
829707,1,5,4,JA Morkel,1,0.6112777443230611
829707,1,5,5,JA Morkel,1,0.5865785909896729
829707,1,5,6,JA Morkel,1,0.58891105875904
829707,1,5,7,JA Morkel,1,0.5951597509127011
829707,2,0,1,A Nehra,0,0.0002659197760542757
829707,2,0,2,A Nehra,0,0.0002895960259557516
829707,2,0,3,A Nehra,0,0.00029344437756718077
829707,2,0,4,A Nehra,0,0.3326024298376312
829707,2,0,5,A Nehra,0,0.14577485907923898
829707,2,0,6,A Nehra,0,0.06928848596370729
829707,2,1,1,MM Sharma,0,0.041696403425690164
829707,2,1,2,MM Sharma,0,0.021508723386989052
829707,2,1,3,MM Sharma,0,0.05620585273962769
829707,2,1,4,MM Sharma,0,0.052206825223954416
829707,2,1,5,MM Sharma,1,0.6112472643958784
829707,2,1,6,MM Sharma,1,0.5550277742687366
829707,2,2,1,A Nehra,0,0.14995478165364282
829707,2,2,2,A Nehra,0,0.08788518839609376
829707,2,2,3,A Nehra,0,0.08386759857705826
829707,2,2,4,A Nehra,0,0.10423879220358297
829707,2,2,5,A Nehra,0,0.3503641016503162
829707,2,2,6,A Nehra,0,0.3500119476331157
829707,2,3,1,MM Sharma,0,0.36305067306583444
829707,2,3,2,MM Sharma,0,0.3843620741878354
829707,2,3,3,MM Sharma,1,0.590686893363251
829707,2,3,4,MM Sharma,1,0.5810328576996864
829707,2,3,5,MM Sharma,1,0.5642357548040416
829707,2,3,6,MM Sharma,1,0.5809820054845833
829707,2,3,7,MM Sharma,1,0.6356547414395368
829707,2,4,1,A Nehra,1,0.40568225952818554
829707,2,4,2,A Nehra,1,0.47110799055960856
829707,2,4,3,A Nehra,1,0.4887622101761915
829707,2,4,4,A Nehra,1,0.5055717560344918
829707,2,4,5,A Nehra,0,0.5148689240171732
829707,2,4,6,A Nehra,0,0.6455068722132637
829707,2,5,1,MM Sharma,1,0.63358720513023
829707,2,5,2,MM Sharma,1,0.5997411750396844
829707,2,5,3,MM Sharma,1,0.5906457125598961
829707,2,5,4,MM Sharma,1,0.573868438813453
829707,2,5,5,MM Sharma,0,0.5577794334138513
829707,2,5,6,MM Sharma,0,0.5305305930618999
829715,1,0,1,TG Southee,0,0.013407172955337028
829715,1,0,2,TG Southee,0,0.010893834058351558
829715,1,0,3,TG Southee,0,0.014287189047571706
829715,1,0,4,TG Southee,0,0.015644220100552643
829715,1,0,5,TG Southee,0,0.012871400483657928
829715,1,0,6,TG Southee,0,0.54433380777149
829715,1,0,7,TG Southee,0,0.45029655736033364
829715,1,1,1,CH Morris,0,0.0004510657449198677
829715,1,1,2,CH Morris,1,0.9439016039416224
829715,1,1,3,CH Morris,0,0.5079236008987269
829715,1,1,4,CH Morris,0,0.4428949849819012
829715,1,1,5,CH Morris,0,0.2814056721154967
829715,1,1,6,CH Morris,0,0.18426414241814332
829715,1,2,1,TG Southee,1,0.7972634092460051
829715,1,2,2,TG Southee,1,0.6920264612162232
829715,1,2,3,TG Southee,1,0.6232497858832322
829715,1,2,4,TG Southee,1,0.750253300323301
829715,1,2,5,TG Southee,1,0.7216351887928605
829715,1,2,6,TG Southee,1,0.7001270481842096
829715,1,3,1,DS Kulkarni,0,0.00039102557957733
829715,1,3,2,DS Kulkarni,0,0.926458893019094
829715,1,3,3,DS Kulkarni,0,0.9827105240931799
829715,1,3,4,DS Kulkarni,1,0.9867855944833395
829715,1,3,5,DS Kulkarni,0,0.9727788653329459
829715,1,4,1,PV Tambe,0,0.0004094573390477559
829715,1,4,2,PV Tambe,0,0.006687397886660605
829715,1,4,3,PV Tambe,0,0.0027700775209743224
829715,1,4,4,PV Tambe,0,0.002238161119618516
829715,1,4,5,PV Tambe,0,0.0015645704689899122
829715,1,4,6,PV Tambe,0,0.0031270161426750313
829715,1,5,1,DJ Hooda,1,0.013025145451041976
829715,1,5,2,DJ Hooda,1,0.012804906936302124
829715,1,5,3,DJ Hooda,1,0.014533850907071905
829715,1,5,4,DJ Hooda,0,0.01093053729102038
829715,1,5,5,DJ Hooda,0,0.017320116700289594
829715,1,5,6,DJ Hooda,1,0.020474576146907873
829715,2,0,1,JD Unadkat,0,0.0002992302932748305
829715,2,0,2,JD Unadkat,0,0.0003093547903705608
829715,2,0,3,JD Unadkat,0,0.0003142780523832224
829715,2,0,4,JD Unadkat,0,0.0003142780523832224
829715,2,0,5,JD Unadkat,0,0.0003142780523832224
829715,2,0,6,JD Unadkat,0,0.0017908486979956546
829715,2,1,1,NM Coulter-Nile,1,0.9991594847687275
829715,2,1,2,NM Coulter-Nile,1,0.9110114233871242
829715,2,1,3,NM Coulter-Nile,1,0.83917427203378
829715,2,1,4,NM Coulter-Nile,0,0.6348408052497826
829715,2,1,5,NM Coulter-Nile,0,0.607845586535469
829715,2,1,6,NM Coulter-Nile,0,0.46177168890826303
829715,2,2,1,JD Unadkat,0,0.22885744700308897
829715,2,2,2,JD Unadkat,0,0.5324424917150303
829715,2,2,3,JD Unadkat,0,0.4333088801227264
829715,2,2,4,JD Unadkat,0,0.40323842931626114
829715,2,2,5,JD Unadkat,0,0.42502163633370366
829715,2,2,6,JD Unadkat,0,0.4232077024113497
829715,2,3,1,NM Coulter-Nile,0,0.23390745949494607
829715,2,3,2,NM Coulter-Nile,0,0.6466292097851662
829715,2,3,3,NM Coulter-Nile,0,0.5650475018122512
829715,2,3,4,NM Coulter-Nile,1,0.6539635579859872
829715,2,3,5,NM Coulter-Nile,0,0.6003840572039877
829715,2,3,6,NM Coulter-Nile,0,0.6101991834314949
829715,2,4,1,AD Mathews,0,0.0004332572200065993
829715,2,4,2,AD Mathews,0,0.0004456795903104064
829715,2,4,3,AD Mathews,0,0.003358112030710119
829715,2,4,4,AD Mathews,0,0.002697018047234105
829715,2,4,5,AD Mathews,0,0.005170722704283204
829715,2,4,6,AD Mathews,0,0.002736452163535697
829715,2,5,1,NM Coulter-Nile,0,0.5777527601752411
829715,2,5,2,NM Coulter-Nile,0,0.5726764080115228
829715,2,5,3,NM Coulter-Nile,0,0.48422900669081104
829715,2,5,4,NM Coulter-Nile,0,0.4984989368115258
829715,2,5,5,NM Coulter-Nile,0,0.417723612919363
829715,2,5,6,NM Coulter-Nile,0,0.4944453419609659
829721,1,0,1,TG Southee,0,0.0001652647233706664
829721,1,0,2,TG Southee,0,0.003399389654972306
829721,1,0,3,TG Southee,0,0.005955979132478449
829721,1,0,4,TG Southee,0,0.6999920984826774
829721,1,0,5,TG Southee,0,0.41149784105057824
829721,1,0,6,TG Southee,0,0.3281223728072442
829721,1,1,1,CH Morris,1,0.9994886230915051
829721,1,1,2,CH Morris,1,0.9374260527369573
829721,1,1,3,CH Morris,1,0.904214633859413
829721,1,1,4,CH Morris,1,0.7517927870040659
829721,1,1,5,CH Morris,0,0.5685322565348863
829721,1,1,6,CH Morris,1,0.8388033742773761
829721,1,2,1,DS Kulkarni,1,0.9996322939999899
829721,1,2,2,DS Kulkarni,1,0.9706761605003027
829721,1,2,3,DS Kulkarni,1,0.851487413727514
829721,1,2,4,DS Kulkarni,1,0.6325359021636416
829721,1,2,5,DS Kulkarni,1,0.3546331539526784
829721,1,2,6,DS Kulkarni,1,0.12272363871317445
829721,1,3,1,STR Binny,0,0.018634413990457472
829721,1,3,2,STR Binny,0,0.0030139627064991767
829721,1,3,3,STR Binny,0,0.007122829816759265
829721,1,3,4,STR Binny,0,0.004642321826094946
829721,1,3,5,STR Binny,0,0.020175644252917357
829721,1,3,6,STR Binny,0,0.011316247777885528
829721,1,4,1,DS Kulkarni,0,0.030355935955196693
829721,1,4,2,DS Kulkarni,0,0.027876222821391967
829721,1,4,3,DS Kulkarni,0,0.030919306016974044
829721,1,4,4,DS Kulkarni,0,0.03918898116332747
829721,1,4,5,DS Kulkarni,0,0.035757316456688656
829721,1,4,6,DS Kulkarni,0,0.024041712876355106
829721,1,5,1,TG Southee,0,0.08660791569599122
829721,1,5,2,TG Southee,0,0.036998524345649736
829721,1,5,3,TG Southee,0,0.029828616969926263
829721,1,5,4,TG Southee,0,0.025875372373773065
829721,1,5,5,TG Southee,0,0.18019376679443103
829721,1,5,6,TG Southee,0,0.14437800097706313
829721,2,0,1,R Vinay Kumar,0,0.00012516485154093513
829721,2,0,2,R Vinay Kumar,0,0.000126923011551606
829721,2,0,3,R Vinay Kumar,0,0.00012380184461875557
829721,2,0,4,R Vinay Kumar,0,0.001197373138365756
829721,2,0,5,R Vinay Kumar,0,0.000607563710728593
829721,2,0,6,R Vinay Kumar,0,0.00019865632570864063
829721,2,1,1,P Suyal,0,0.03395739175063938
829721,2,1,2,P Suyal,1,0.9636797188976783
829721,2,1,3,P Suyal,1,0.9759144127330046
829721,2,1,4,P Suyal,1,0.9826393118132165
829721,2,1,5,P Suyal,1,0.9539480011045687
829721,2,1,6,P Suyal,1,0.9051508641287267
829721,2,1,7,P Suyal,0,0.872831047945008
829721,2,2,1,R Vinay Kumar,0,0.00023569684137327487
829721,2,2,2,R Vinay Kumar,0,0.00019956107172441824
829721,2,2,3,R Vinay Kumar,0,0.0010000628770847045
829721,2,2,4,R Vinay Kumar,0,0.003570131244185615
829721,2,2,5,R Vinay Kumar,0,0.006253335526771852
829721,2,2,6,R Vinay Kumar,0,0.005993209594248747
829721,2,3,1,P Suyal,0,0.8258535508991184
829721,2,3,2,P Suyal,0,0.7581694990764362
829721,2,3,3,P Suyal,0,0.6902045046812908
829721,2,3,4,P Suyal,0,0.6718883434404936
829721,2,3,5,P Suyal,0,0.8260469962559919
829721,2,3,6,P Suyal,0,0.8068235104806994
829721,2,4,1,R Vinay Kumar,0,0.005391443417345847
829721,2,4,2,R Vinay Kumar,0,0.060465536229251875
829721,2,4,3,R Vinay Kumar,0,0.06437201876262569
829721,2,4,4,R Vinay Kumar,0,0.08509180301556023
829721,2,4,5,R Vinay Kumar,1,0.1501416231925933
829721,2,5,1,SL Malinga,0,0.12449649419368275
829721,2,5,2,SL Malinga,0,0.12117189164536693
829721,2,5,3,SL Malinga,0,0.0585856771039332
829721,2,5,4,SL Malinga,0,0.8151940131479133
829721,2,5,5,SL Malinga,0,0.7309173217725121
829721,2,5,6,SL Malinga,0,0.7678763889103039
829733,1,0,1,UT Yadav,0,0.0001706391753489682
829733,1,0,2,UT Yadav,0,0.00018047863828862682
829733,1,0,3,UT Yadav,0,0.0001833512622866455
829733,1,0,4,UT Yadav,0,0.00022690287470077754
829733,1,0,5,UT Yadav,0,0.00022690287470077754
829733,1,0,6,UT Yadav,0,0.0011967561908131528
829733,1,1,1,M Morkel,0,0.006915255222285081
829733,1,1,2,M Morkel,0,0.001780467063684361
829733,1,1,3,M Morkel,0,0.003690955844156321
829733,1,1,4,M Morkel,0,0.004302137463923775
829733,1,1,5,M Morkel,0,0.003491095905208751
829733,1,1,6,M Morkel,0,0.0021135010754373563
829733,1,2,1,UT Yadav,0,0.0009147368190037557
829733,1,2,2,UT Yadav,0,0.0007049443169688677
829733,1,2,3,UT Yadav,0,0.07539974353909262
829733,1,2,4,UT Yadav,0,0.13608370565585742
829733,1,2,5,UT Yadav,0,0.6154961144674705
829733,1,2,6,UT Yadav,0,0.466734653970303
829733,1,3,1,M Morkel,0,0.0013724660408100968
829733,1,3,2,M Morkel,0,0.0011477913009445507
829733,1,3,3,M Morkel,0,0.042935366503892645
829733,1,3,4,M Morkel,0,0.06322176863297009
829733,1,3,5,M Morkel,0,0.07034595892462536
829733,1,3,6,M Morkel,0,0.0736321861468554
829733,1,4,1,AD Russell,1,0.9995692729226181
829733,1,4,2,AD Russell,1,0.9696727655316363
829733,1,4,3,AD Russell,1,0.9882731296574854
829733,1,4,4,AD Russell,1,0.9923725877650487
829733,1,4,5,AD Russell,1,0.969420727361276
829733,1,4,6,AD Russell,1,0.9599242710482259
829733,1,5,1,M Morkel,0,0.4703153098180682
829733,1,5,2,M Morkel,1,0.6353916816223545
829733,1,5,3,M Morkel,1,0.6351665456363854
829733,1,5,4,M Morkel,1,0.5067691887948185
829733,1,5,5,M Morkel,0,0.44997677408703185
829733,1,5,6,M Morkel,0,0.4526421289463192
829733,2,0,1,Sandeep Sharma,0,0.013579145231488104
829733,2,0,2,Sandeep Sharma,0,0.012732317629373402
829733,2,0,3,Sandeep Sharma,0,0.005949752089915478
829733,2,0,4,Sandeep Sharma,0,0.008052676529438548
829733,2,0,5,Sandeep Sharma,0,0.012695391528071002
829733,2,0,6,Sandeep Sharma,1,0.34995263363645923
829733,2,1,1,Anureet Singh,0,0.0003886987495720469
829733,2,1,2,Anureet Singh,0,0.0004223174275987589
829733,2,1,3,Anureet Singh,0,0.3540083726863562
829733,2,1,4,Anureet Singh,0,0.3654366748155227
829733,2,1,5,Anureet Singh,0,0.320800668478217
829733,2,1,6,Anureet Singh,0,0.3001285815921188
829733,2,2,1,Sandeep Sharma,0,0.19752862606022573
829733,2,2,2,Sandeep Sharma,0,0.29927365226274705
829733,2,2,3,Sandeep Sharma,0,0.28505619903016444
829733,2,2,4,Sandeep Sharma,0,0.34010618715899227
829733,2,2,5,Sandeep Sharma,0,0.28505619903016444
829733,2,2,6,Sandeep Sharma,0,0.2935367255718668
829733,2,3,1,Anureet Singh,0,0.18043233662136268
829733,2,3,2,Anureet Singh,0,0.19916461821630896
829733,2,3,3,Anureet Singh,0,0.12939952497432386
829733,2,3,4,Anureet Singh,0,0.2770814176466726
829733,2,3,5,Anureet Singh,0,0.2348168751278411
829733,2,3,6,Anureet Singh,0,0.254449737387273
829733,2,4,1,Sandeep Sharma,0,0.3898043600155521
829733,2,4,2,Sandeep Sharma,1,0.5488895597233358
829733,2,4,3,Sandeep Sharma,1,0.5430305288551666
829733,2,4,4,Sandeep Sharma,1,0.53255569513572
829733,2,4,5,Sandeep Sharma,1,0.4613809238329721
829733,2,4,6,Sandeep Sharma,1,0.544278485691392
829733,2,5,1,MG Johnson,0,0.00043391857626405626
829733,2,5,2,MG Johnson,0,0.005136433032067149
829733,2,5,3,MG Johnson,1,0.8854346748629536
829733,2,5,4,MG Johnson,0,0.8285765442073706
829733,2,5,5,MG Johnson,0,0.6507016848257169
829733,2,5,6,MG Johnson,1,0.865762695368942
829737,1,0,1,Iqbal Abdulla,0,0.13939978855382051
829737,1,0,2,Iqbal Abdulla,0,0.15062339787347698
829737,1,0,3,Iqbal Abdulla,0,0.14342247496362737
829737,1,0,4,Iqbal Abdulla,0,0.07443497452065845
829737,1,0,5,Iqbal Abdulla,0,0.08798162006331248
829737,1,0,6,Iqbal Abdulla,0,0.03137601665691886
829737,1,1,1,VR Aaron,0,0.0028451744655193243
829737,1,1,2,VR Aaron,0,0.00893555198833752
829737,1,1,3,VR Aaron,0,0.1756232226571193
829737,1,1,4,VR Aaron,0,0.15981074401286563
829737,1,1,5,VR Aaron,0,0.22732781250132172
829737,1,1,6,VR Aaron,0,0.2511764257418591
829737,1,1,7,VR Aaron,0,0.3578304647568578
829737,1,1,8,VR Aaron,0,0.4022409394087912
829737,1,2,1,AN Ahmed,1,0.9990507289936907
829737,1,2,2,AN Ahmed,1,0.9988200970132967
829737,1,2,3,AN Ahmed,1,0.9365259500902049
829737,1,2,4,AN Ahmed,0,0.8963094283835265
829737,1,2,5,AN Ahmed,0,0.6661312858109262
829737,1,2,6,AN Ahmed,0,0.5956814911787038
829737,1,3,1,VR Aaron,0,0.3678111947598446
829737,1,3,2,VR Aaron,0,0.36115635428161974
829737,1,3,3,VR Aaron,0,0.3691017264921189
829737,1,3,4,VR Aaron,0,0.4494555089169824
829737,1,3,5,VR Aaron,0,0.6939738787659638
829737,1,3,6,VR Aaron,0,0.5444871650863625
829737,1,3,7,VR Aaron,0,0.766910722340148
829737,1,4,1,AN Ahmed,0,0.4476007032520344
829737,1,4,2,AN Ahmed,0,0.4475148160298319
829737,1,4,3,AN Ahmed,0,0.379899797668736
829737,1,4,4,AN Ahmed,0,0.3192369142701834
829737,1,4,5,AN Ahmed,0,0.44921805382345414
829737,1,4,6,AN Ahmed,0,0.5304155131645265
829737,1,5,1,D Wiese,0,0.016075386057730876
829737,1,5,2,D Wiese,0,0.016369560871839012
829737,1,5,3,D Wiese,0,0.016097406554246383
829737,1,5,4,D Wiese,0,0.014977648371494557
829737,1,5,5,D Wiese,0,0.012311699528721158
829737,1,5,6,D Wiese,0,0.015384833980780544
829737,2,0,1,MJ McClenaghan,0,0.0006602186435488289
829737,2,0,2,MJ McClenaghan,0,0.0006751721194686712
829737,2,0,3,MJ McClenaghan,0,0.009460707843688321
829737,2,0,4,MJ McClenaghan,0,0.03924573567527858
829737,2,0,5,MJ McClenaghan,0,0.01921606431689889
829737,2,0,6,MJ McClenaghan,0,0.04683817549716059
829737,2,0,7,MJ McClenaghan,0,0.02973568826869363
829737,2,0,8,MJ McClenaghan,0,0.06111043585142094
829737,2,0,9,MJ McClenaghan,0,0.03206902729095427
829737,2,1,1,SL Malinga,0,0.0006227601793691384
829737,2,1,2,SL Malinga,0,0.0006368657887805694
829737,2,1,3,SL Malinga,0,0.0006453259214865366
829737,2,1,4,SL Malinga,0,0.0006453259214865366
829737,2,1,5,SL Malinga,0,0.0006453259214865366
829737,2,1,6,SL Malinga,0,0.0005872723552594601
829737,2,2,1,MJ McClenaghan,0,0.25557075216188896
829737,2,2,2,MJ McClenaghan,0,0.2354539505672279
829737,2,2,3,MJ McClenaghan,0,0.40410488501139125
829737,2,2,4,MJ McClenaghan,0,0.34276117949332824
829737,2,2,5,MJ McClenaghan,0,0.2753995342357339
829737,2,2,6,MJ McClenaghan,0,0.26131000877152866
829737,2,3,1,SL Malinga,0,0.0006632397877738658
829737,2,3,2,SL Malinga,0,0.0005621354864278422
829737,2,3,3,SL Malinga,0,0.00061776989817234
829737,2,3,4,SL Malinga,0,0.0018651833381602833
829737,2,3,5,SL Malinga,0,0.005639232671474441
829737,2,3,6,SL Malinga,0,0.013962838067740105
829737,2,4,1,Harbhajan Singh,1,0.9977902196092373
829737,2,4,2,Harbhajan Singh,1,0.9086106754133434
829737,2,4,3,Harbhajan Singh,1,0.504335268079618
829737,2,4,4,Harbhajan Singh,1,0.9451360309212902
829737,2,4,5,Harbhajan Singh,1,0.8445348113672234
829737,2,4,6,Harbhajan Singh,1,0.7282910762586228
829737,2,5,1,JJ Bumrah,0,0.00136599713286409
829737,2,5,2,JJ Bumrah,0,0.0014510155939967116
829737,2,5,3,JJ Bumrah,0,0.0021100286932554608
829737,2,5,4,JJ Bumrah,0,0.003686161504900999
829737,2,5,5,JJ Bumrah,0,0.10791561875751354
829737,2,5,6,JJ Bumrah,0,0.10562421254391048
829737,2,5,7,JJ Bumrah,0,0.16653062910704788
829737,2,5,8,JJ Bumrah,0,0.16523573244384765
829737,2,5,9,JJ Bumrah,0,0.1507345420511991
829737,2,5,10,JJ Bumrah,0,0.1489850046028403
829759,1,0,1,Sandeep Sharma,0,0.00018244242568332445
829759,1,0,2,Sandeep Sharma,0,0.0001904753350241426
829759,1,0,3,Sandeep Sharma,0,0.00019350704263072004
829759,1,0,4,Sandeep Sharma,0,0.00019350704263072004
829759,1,0,5,Sandeep Sharma,0,0.00019350704263072004
829759,1,0,6,Sandeep Sharma,0,0.0001890262789376782
829759,1,1,1,MG Johnson,0,0.006905422629233598
829759,1,1,2,MG Johnson,1,0.9626180880156779
829759,1,1,3,MG Johnson,1,0.9906519966268374
829759,1,1,4,MG Johnson,1,0.9599169654101286
829759,1,1,5,MG Johnson,1,0.9015350734984193
829759,1,1,6,MG Johnson,1,0.8084565537434993
829759,1,2,1,Sandeep Sharma,0,0.00024337336594628916
829759,1,2,2,Sandeep Sharma,0,0.00024337336594628916
829759,1,2,3,Sandeep Sharma,0,0.00024337336594628916
829759,1,2,4,Sandeep Sharma,0,0.014718165996572873
829759,1,2,5,Sandeep Sharma,0,0.010616249377718502
829759,1,2,6,Sandeep Sharma,0,0.08586598294992612
829759,1,3,1,MG Johnson,1,0.9325746337503555
829759,1,3,2,MG Johnson,1,0.9711105606420701
829759,1,3,3,MG Johnson,1,0.9682274309445602
829759,1,3,4,MG Johnson,1,0.9740766135881879
829759,1,3,5,MG Johnson,1,0.9502077650283922
829759,1,3,6,MG Johnson,1,0.9382160575831782
829759,1,4,1,Sandeep Sharma,0,0.10078050432200107
829759,1,4,2,Sandeep Sharma,0,0.09364668278641411
829759,1,4,3,Sandeep Sharma,0,0.20474013779971617
829759,1,4,4,Sandeep Sharma,0,0.2569927026001286
829759,1,4,5,Sandeep Sharma,0,0.23324423348651727
829759,1,4,6,Sandeep Sharma,0,0.3974556824233545
829759,1,5,1,Anureet Singh,1,0.9995630565681052
829759,1,5,2,Anureet Singh,1,0.9699442606326107
829759,1,5,3,Anureet Singh,1,0.7834326622280766
829759,1,5,4,Anureet Singh,1,0.4070953058730784
829759,1,5,5,Anureet Singh,1,0.8321572842123778
829759,1,5,6,Anureet Singh,1,0.7640968240840748
829759,2,0,1,TA Boult,0,0.00019554391150014322
829759,2,0,2,TA Boult,0,0.024713019197838425
829759,2,0,3,TA Boult,0,0.02583067204836924
829759,2,0,4,TA Boult,0,0.046464633141895785
829759,2,0,5,TA Boult,0,0.02632947228943897
829759,2,0,6,TA Boult,0,0.018983034937955987
829759,2,1,1,B Kumar,1,0.999463559271157
829759,2,1,2,B Kumar,1,0.9994920285416578
829759,2,1,3,B Kumar,1,0.9615621235357532
829759,2,1,4,B Kumar,1,0.7572098330008962
829759,2,1,5,B Kumar,1,0.388822326363884
829759,2,1,6,B Kumar,1,0.1500426987399105
829759,2,1,7,B Kumar,0,0.05687718205911245
829759,2,2,1,TA Boult,0,0.02795478826911074
829759,2,2,2,TA Boult,0,0.0408622342226469
829759,2,2,3,TA Boult,0,0.037598027964616136
829759,2,2,4,TA Boult,0,0.08921726867254788
829759,2,2,5,TA Boult,0,0.038746300508636686
829759,2,2,6,TA Boult,0,0.04272987126110328
829759,2,2,7,TA Boult,0,0.0456620473105416
829759,2,2,8,TA Boult,0,0.051607815536887036
829759,2,3,1,B Kumar,0,0.020635504545398427
829759,2,3,2,B Kumar,0,0.041065399913304795
829759,2,3,3,B Kumar,0,0.039596213623720795
829759,2,3,4,B Kumar,0,0.04642565064214309
829759,2,3,5,B Kumar,0,0.04456802233487034
829759,2,3,6,B Kumar,0,0.04210927954520839
829759,2,4,1,TA Boult,0,0.07812493703000217
829759,2,4,2,TA Boult,0,0.08201300555770782
829759,2,4,3,TA Boult,0,0.07057056369862885
829759,2,4,4,TA Boult,0,0.06753358770305028
829759,2,4,5,TA Boult,0,0.07185476843538906
829759,2,4,6,TA Boult,0,0.07688297814477053
829759,2,5,1,P Kumar,1,0.999565309781937
829759,2,5,2,P Kumar,1,0.9995883813082741
829759,2,5,3,P Kumar,1,0.9754838969624874
829759,2,5,4,P Kumar,1,0.9890001305962524
829759,2,5,5,P Kumar,1,0.993092328395641
829759,2,5,6,P Kumar,1,0.97434722623668
829759,2,5,7,P Kumar,1,0.9786898544482804
829759,2,5,8,P Kumar,1,0.9618311826569159
829767,1,0,1,Z Khan,0,0.0132780465770835
829767,1,0,2,Z Khan,0,0.007515295604912408
829767,1,0,3,Z Khan,1,0.7763215793140775
829767,1,0,4,Z Khan,1,0.45034450140746984
829767,1,0,5,Z Khan,1,0.43629497512573334
829767,1,0,6,Z Khan,1,0.25602195946648787
829767,1,1,1,JP Duminy,0,0.00022453781902682357
829767,1,1,2,JP Duminy,0,0.00668834686379281
829767,1,1,3,JP Duminy,0,0.0035735527239385847
829767,1,1,4,JP Duminy,0,0.007490890271988449
829767,1,1,5,JP Duminy,0,0.014573654015768805
829767,1,1,6,JP Duminy,0,0.007558965413938139
829767,1,2,1,Z Khan,1,0.11173461281231474
829767,1,2,2,Z Khan,1,0.08719042024196674
829767,1,2,3,Z Khan,1,0.08293563830569954
829767,1,2,4,Z Khan,0,0.0861568616860978
829767,1,2,5,Z Khan,0,0.09009114153891853
829767,1,2,6,Z Khan,0,0.17423017810221225
829767,1,3,1,NM Coulter-Nile,0,0.0003566113435382004
829767,1,3,2,NM Coulter-Nile,0,0.0003620504145366174
829767,1,3,3,NM Coulter-Nile,0,0.0003574627917153438
829767,1,3,4,NM Coulter-Nile,0,0.0003574627917153438
829767,1,3,5,NM Coulter-Nile,0,0.0019596228043331203
829767,1,3,6,NM Coulter-Nile,0,0.0007001676790243257
829767,1,4,1,Z Khan,1,0.3699387521563132
829767,1,4,2,Z Khan,1,0.22246865274384098
829767,1,4,3,Z Khan,1,0.2061387377918371
829767,1,4,4,Z Khan,1,0.20859596325519703
829767,1,4,5,Z Khan,0,0.18752086001463722
829767,1,4,6,Z Khan,0,0.17291956382866067
829767,1,5,1,NM Coulter-Nile,0,0.0006429818465981731
829767,1,5,2,NM Coulter-Nile,0,0.059098152576634054
829767,1,5,3,NM Coulter-Nile,0,0.05547255298554397
829767,1,5,4,NM Coulter-Nile,0,0.06880964196504029
829767,1,5,5,NM Coulter-Nile,0,0.0726176016409939
829767,1,5,6,NM Coulter-Nile,0,0.07426153321407294
829767,1,5,7,NM Coulter-Nile,1,0.16402469514467974
829767,2,0,1,Sandeep Sharma,0,0.00047682613913996454
829767,2,0,2,Sandeep Sharma,0,0.0004958532592853616
829767,2,0,3,Sandeep Sharma,0,0.0005037430768052576
829767,2,0,4,Sandeep Sharma,0,0.0026586703844101826
829767,2,0,5,Sandeep Sharma,0,0.0020167410977009184
829767,2,0,6,Sandeep Sharma,0,0.00374213913733869
829767,2,1,1,SN Thakur,0,0.0006820407847113404
829767,2,1,2,SN Thakur,0,0.0007092509147702717
829767,2,1,3,SN Thakur,0,0.8777465780861813
829767,2,1,4,SN Thakur,1,0.9668565164441777
829767,2,1,5,SN Thakur,1,0.9668256136543202
829767,2,1,6,SN Thakur,1,0.9551822642597976
829767,2,1,7,SN Thakur,1,0.9736629551702344
829767,2,2,1,Sandeep Sharma,0,0.004608416980579196
829767,2,2,2,Sandeep Sharma,0,0.006068622585472196
829767,2,2,3,Sandeep Sharma,0,0.005318986137280096
829767,2,2,4,Sandeep Sharma,0,0.005318986137280096
829767,2,2,5,Sandeep Sharma,0,0.005307512135179331
829767,2,2,6,Sandeep Sharma,0,0.004084186492146633
829767,2,3,1,Anureet Singh,0,0.0006191082306446582
829767,2,3,2,Anureet Singh,0,0.0006438092735549909
829767,2,3,3,Anureet Singh,0,0.0006540517670899281
829767,2,3,4,Anureet Singh,0,0.0033589912406984854
829767,2,3,5,Anureet Singh,0,0.0182716118523564
829767,2,3,6,Anureet Singh,0,0.006878826747549183
829767,2,3,7,Anureet Singh,0,0.02133900866130675
829767,2,4,1,Sandeep Sharma,0,0.004680571685096598
829767,2,4,2,Sandeep Sharma,1,0.08351377612096186
829767,2,4,3,Sandeep Sharma,1,0.07698817046524255
829767,2,4,4,Sandeep Sharma,1,0.07508382087073807
829767,2,4,5,Sandeep Sharma,1,0.07457718705718133
829767,2,5,1,Anureet Singh,0,0.23745369109477787
829767,2,5,2,Anureet Singh,0,0.2536333317148925
829767,2,5,3,Anureet Singh,0,0.10268560176290988
829767,2,5,4,Anureet Singh,0,0.10994455996880192
829767,2,5,5,Anureet Singh,0,0.11274189984176686
829767,2,5,6,Anureet Singh,0,0.13282346588265026
829775,1,0,1,Sandeep Sharma,0,0.0003573243577145035
829775,1,0,2,Sandeep Sharma,1,0.9049319400368417
829775,1,0,3,Sandeep Sharma,1,0.9833524407775063
829775,1,0,4,Sandeep Sharma,1,0.9296714471022565
829775,1,0,5,Sandeep Sharma,1,0.7786275796543115
829775,1,0,6,Sandeep Sharma,1,0.6484790643261967
829775,1,1,1,Anureet Singh,0,0.0003458732212602265
829775,1,1,2,Anureet Singh,0,0.00035907617922330216
829775,1,1,3,Anureet Singh,1,0.5607837169694159
829775,1,1,4,Anureet Singh,1,0.5534723597523389
829775,1,1,5,Anureet Singh,0,0.31298412173097123
829775,1,1,6,Anureet Singh,0,0.2229758865627148
829775,1,2,1,Sandeep Sharma,1,0.6361999727649135
829775,1,2,2,Sandeep Sharma,0,0.5547627420607784
829775,1,2,3,Sandeep Sharma,0,0.2891829610294207
829775,1,2,4,Sandeep Sharma,1,0.6313450509109325
829775,1,2,5,Sandeep Sharma,0,0.5952429681819047
829775,1,2,6,Sandeep Sharma,0,0.5547627420607784
829775,1,3,1,Anureet Singh,0,0.14931314626262607
829775,1,3,2,Anureet Singh,1,0.5256254029785203
829775,1,3,3,Anureet Singh,0,0.2792917082929801
829775,1,3,4,Anureet Singh,0,0.2664098261823333
829775,1,3,5,Anureet Singh,0,0.23760179170962475
829775,1,3,6,Anureet Singh,0,0.2521101489401582
829775,1,4,1,MG Johnson,0,0.019325733297784833
829775,1,4,2,MG Johnson,1,0.9846071171877756
829775,1,4,3,MG Johnson,1,0.9920107396321026
829775,1,4,4,MG Johnson,1,0.9836608248699987
829775,1,4,5,MG Johnson,1,0.9815940898962554
829775,1,4,6,MG Johnson,1,0.9836309353085037
829775,1,5,1,AR Patel,0,0.0006181747570719385
829775,1,5,2,AR Patel,0,0.020503756253036076
829775,1,5,3,AR Patel,0,0.004514237640316461
829775,1,5,4,AR Patel,0,0.024302714275972113
829775,1,5,5,AR Patel,0,0.025810530476475815
829775,1,5,6,AR Patel,0,0.03413679466672934
829775,2,0,1,MJ McClenaghan,0,0.030879433527145922
829775,2,0,2,MJ McClenaghan,0,0.03763466135161562
829775,2,0,3,MJ McClenaghan,0,0.03132691890813984
829775,2,0,4,MJ McClenaghan,0,0.043985018924838845
829775,2,0,5,MJ McClenaghan,0,0.04251486690257514
829775,2,0,6,MJ McClenaghan,0,0.035241368446854354
829775,2,0,7,MJ McClenaghan,0,0.05288077887554799
829775,2,1,1,SL Malinga,0,0.000549654302076121
829775,2,1,2,SL Malinga,0,0.0005793846923748487
829775,2,1,3,SL Malinga,0,0.031599875756768266
829775,2,1,4,SL Malinga,0,0.04033492004572085
829775,2,1,5,SL Malinga,1,0.5153199092109845
829775,2,1,6,SL Malinga,0,0.37743294845887587
829775,2,2,1,MJ McClenaghan,0,0.0657390006759804
829775,2,2,2,MJ McClenaghan,0,0.06969658848106865
829775,2,2,3,MJ McClenaghan,0,0.0731401402184143
829775,2,2,4,MJ McClenaghan,0,0.11944308903330413
829775,2,2,5,MJ McClenaghan,1,0.31035820972406625
829775,2,2,6,MJ McClenaghan,1,0.43362860671315173
829775,2,3,1,R Vinay Kumar,0,0.0005190042848299098
829775,2,3,2,R Vinay Kumar,0,0.0005470777460728311
829775,2,3,3,R Vinay Kumar,0,0.0005706315197457016
829775,2,3,4,R Vinay Kumar,0,0.0005695553975982213
829775,2,3,5,R Vinay Kumar,0,0.003360115876707713
829775,2,3,6,R Vinay Kumar,0,0.129406365435855
829775,2,4,1,J Suchith,0,0.04847089306764627
829775,2,4,2,J Suchith,1,0.9678635516761028
829775,2,4,3,J Suchith,1,0.8348354441627651
829775,2,4,4,J Suchith,1,0.7491689332541563
829775,2,4,5,J Suchith,1,0.6435138100530804
829775,2,4,6,J Suchith,1,0.6091214756599443
829775,2,5,1,R Vinay Kumar,0,0.050729883087134685
829775,2,5,2,R Vinay Kumar,0,0.058506428514760324
829775,2,5,3,R Vinay Kumar,0,0.06098609488586224
829775,2,5,4,R Vinay Kumar,0,0.061502024481595106
829775,2,5,5,R Vinay Kumar,0,0.05963211397771159
829775,2,5,6,R Vinay Kumar,0,0.06559754221655653
829795,1,0,1,MJ McClenaghan,0,0.0002546787402842445
829795,1,0,2,MJ McClenaghan,0,0.00025746067966756213
829795,1,0,3,MJ McClenaghan,0,0.0020318319361809166
829795,1,0,4,MJ McClenaghan,1,0.8132168745334831
829795,1,0,5,MJ McClenaghan,1,0.6231399584884789
829795,1,0,6,MJ McClenaghan,0,0.5221655686658555
829795,1,0,7,MJ McClenaghan,0,0.36922646835127854
829795,1,1,1,SL Malinga,0,0.0002908993395745338
829795,1,1,2,SL Malinga,0,0.00029407681205880767
829795,1,1,3,SL Malinga,0,0.002890145889396201
829795,1,1,4,SL Malinga,0,0.007180073788263588
829795,1,1,5,SL Malinga,0,0.0036701818245907774
829795,1,1,6,SL Malinga,0,0.22770260976548765
829795,1,2,1,MJ McClenaghan,0,0.24449565887611716
829795,1,2,2,MJ McClenaghan,0,0.5164518397747746
829795,1,2,3,MJ McClenaghan,0,0.5150171640457619
829795,1,2,4,MJ McClenaghan,0,0.4889561098067649
829795,1,2,5,MJ McClenaghan,0,0.41499576180119085
829795,1,2,6,MJ McClenaghan,0,0.33670522647677065
829795,1,3,1,SL Malinga,0,0.10692315827992546
829795,1,3,2,SL Malinga,0,0.06306134768316798
829795,1,3,3,SL Malinga,0,0.046003983583206245
829795,1,3,4,SL Malinga,0,0.0401115442378651
829795,1,3,5,SL Malinga,0,0.03389903224373913
829795,1,3,6,SL Malinga,0,0.022181218327079626
829795,1,4,1,JJ Bumrah,0,0.0009549032046716488
829795,1,4,2,JJ Bumrah,0,0.03943455689897611
829795,1,4,3,JJ Bumrah,0,0.04273917625355983
829795,1,4,4,JJ Bumrah,0,0.03770186924818784
829795,1,4,5,JJ Bumrah,0,0.7438525730716545
829795,1,4,6,JJ Bumrah,0,0.664553900390506
829795,1,4,7,JJ Bumrah,0,0.6219040801129195
829795,1,5,1,J Suchith,0,0.029759570474950002
829795,1,5,2,J Suchith,0,0.029691278157910516
829795,1,5,3,J Suchith,0,0.013930701086194479
829795,1,5,4,J Suchith,0,0.7007262441073656
829795,1,5,5,J Suchith,1,0.8077433465884596
829795,1,5,6,J Suchith,0,0.6703229417512567
829795,2,0,1,MA Starc,0,0.0010513623807723602
829795,2,0,2,MA Starc,0,0.013940782703352878
829795,2,0,3,MA Starc,0,0.017487261733840985
829795,2,0,4,MA Starc,0,0.03287067751422755
829795,2,0,5,MA Starc,1,0.5749289593955141
829795,2,0,6,MA Starc,0,0.326332237331574
829795,2,0,7,MA Starc,0,0.3373321995383334
829795,2,1,1,S Aravind,0,0.0005627623245194865
829795,2,1,2,S Aravind,0,0.0005663012469233127
829795,2,1,3,S Aravind,0,0.0016439473741489206
829795,2,1,4,S Aravind,0,0.005026233566758874
829795,2,1,5,S Aravind,0,0.00286988081826875
829795,2,1,6,S Aravind,0,0.0017021583959701365
829795,2,2,1,MA Starc,0,0.28713765782902195
829795,2,2,2,MA Starc,1,0.4377438734295602
829795,2,2,3,MA Starc,0,0.37097005662971044
829795,2,2,4,MA Starc,1,0.49635672828955674
829795,2,2,5,MA Starc,1,0.4452363174169325
829795,2,2,6,MA Starc,1,0.5508321486340775
829795,2,3,1,S Aravind,0,0.003636682569082032
829795,2,3,2,S Aravind,0,0.007872097913254078
829795,2,3,3,S Aravind,0,0.0130235966076263
829795,2,3,4,S Aravind,0,0.013767432445578306
829795,2,3,5,S Aravind,0,0.012138024158781627
829795,2,3,6,S Aravind,0,0.007010461915143063
829795,2,4,1,D Wiese,0,0.0027767877658615866
829795,2,4,2,D Wiese,0,0.007304798957546329
829795,2,4,3,D Wiese,0,0.019393461235785465
829795,2,4,4,D Wiese,0,0.010383131806119427
829795,2,4,5,D Wiese,0,0.009551837073722157
829795,2,4,6,D Wiese,0,0.0065832692750294455
829795,2,4,7,D Wiese,0,0.20281196601625887
829795,2,5,1,HV Patel,0,0.001892957214411074
829795,2,5,2,HV Patel,0,0.0019530117497493958
829795,2,5,3,HV Patel,1,0.7599722933851606
829795,2,5,4,HV Patel,1,0.6588000025083365
829795,2,5,5,HV Patel,1,0.4627797076470864
829795,2,5,6,HV Patel,1,0.46048181741839717
829807,1,0,1,MA Starc,0,0.00017522480117408573
829807,1,0,2,MA Starc,0,0.010878644816812886
829807,1,0,3,MA Starc,0,0.016975323367756773
829807,1,0,4,MA Starc,0,0.00974100198233014
829807,1,0,5,MA Starc,0,0.014060797063316087
829807,1,0,6,MA Starc,0,0.01791689292952463
829807,1,1,1,HV Patel,0,0.0001868774554854423
829807,1,1,2,HV Patel,0,0.011227410827641218
829807,1,1,3,HV Patel,0,0.01751608571285358
829807,1,1,4,HV Patel,0,0.008781163807972888
829807,1,1,5,HV Patel,0,0.027810678937703063
829807,1,1,6,HV Patel,0,0.5673002242171284
829807,1,2,1,D Wiese,1,0.9993561698613042
829807,1,2,2,D Wiese,1,0.945909834533616
829807,1,2,3,D Wiese,1,0.9787974157695906
829807,1,2,4,D Wiese,1,0.9871725639567394
829807,1,2,5,D Wiese,1,0.9647681455117096
829807,1,2,6,D Wiese,1,0.915529112218253
829807,1,2,7,D Wiese,1,0.9078277904950298
829807,1,3,1,AB Dinda,0,0.012817077864774798
829807,1,3,2,AB Dinda,0,0.01399043177055378
829807,1,3,3,AB Dinda,0,0.017420104485345214
829807,1,3,4,AB Dinda,0,0.029482473068450882
829807,1,3,5,AB Dinda,0,0.021487141022293158
829807,1,3,6,AB Dinda,0,0.024129707792569274
829807,1,4,1,YS Chahal,1,0.9993382890527811
829807,1,4,2,YS Chahal,0,0.9633821679162936
829807,1,4,3,YS Chahal,0,0.9124257240486106
829807,1,4,4,YS Chahal,0,0.8287194209340473
829807,1,4,5,YS Chahal,0,0.9273038241131901
829807,1,4,6,YS Chahal,1,0.9453080760952133
829807,1,5,1,AB Dinda,0,0.04329150950071194
829807,1,5,2,AB Dinda,0,0.049529710552679636
829807,1,5,3,AB Dinda,0,0.06717474875679896
829807,1,5,4,AB Dinda,0,0.08302253866451646
829807,1,5,5,AB Dinda,0,0.07468905294551323
829807,1,5,6,AB Dinda,0,0.45810349828789687
829807,1,5,7,AB Dinda,1,0.5332083215701665
829807,2,0,1,DW Steyn,1,0.9995037758722913
829807,2,0,2,DW Steyn,1,0.9995180512004881
829807,2,0,3,DW Steyn,1,0.988892610850442
829807,2,0,4,DW Steyn,1,0.9834332659517404
829807,2,0,5,DW Steyn,1,0.9604610318118392
829807,2,1,1,B Kumar,1,0.999411790701181
829807,2,1,2,B Kumar,1,0.9994287107374654
829807,2,1,3,B Kumar,0,0.9788657085887176
829807,2,1,4,B Kumar,0,0.9803279233269444
829807,2,1,5,B Kumar,1,0.9777513385220415
829807,2,1,6,B Kumar,1,0.9803715125766924
829807,2,2,1,MC Henriques,0,0.0002708545155858925
829807,2,2,2,MC Henriques,1,0.033805963851792256
829807,2,2,3,MC Henriques,1,0.07731318142818262
829807,2,2,4,MC Henriques,1,0.06489761515778505
829807,2,2,5,MC Henriques,1,0.03607612178101906
829807,2,2,6,MC Henriques,1,0.12205916183362442
829807,2,3,1,KV Sharma,0,0.056545570893309936
829807,2,3,2,KV Sharma,0,0.09048379306769673
829807,2,3,3,KV Sharma,0,0.12700350232081362
829807,2,3,4,KV Sharma,0,0.18840205456951314
829807,2,3,5,KV Sharma,0,0.2173183944728827
829807,2,4,1,P Kumar,0,0.0005979355670707542
829807,2,4,2,P Kumar,0,0.0006356566708107
829807,2,4,3,P Kumar,0,0.0938002117444867
829807,2,4,4,P Kumar,1,0.8943598977904517
829807,2,4,5,P Kumar,1,0.8134783174066336
829807,2,5,1,B Kumar,0,0.9808364767608089
829807,2,5,2,B Kumar,0,0.9554405015036812
829807,2,5,3,B Kumar,0,0.9687414100846554
829807,2,5,4,B Kumar,0,0.969571412488189
829809,1,0,1,P Negi,0,0.00041748167818139205
829809,1,0,2,P Negi,0,0.0004539236327236496
829809,1,0,3,P Negi,0,0.0004611465907136425
829809,1,0,4,P Negi,0,0.30775090400653504
829809,1,0,5,P Negi,0,0.3108680099277446
829809,1,0,6,P Negi,0,0.22246214915904963
829809,1,1,1,IC Pandey,0,0.0006889121930140936
829809,1,1,2,IC Pandey,0,0.0007490295491616903
829809,1,1,3,IC Pandey,0,0.027018434559762307
829809,1,1,4,IC Pandey,0,0.07155557996078106
829809,1,1,5,IC Pandey,1,0.5334525455971529
829809,1,1,6,IC Pandey,1,0.4624094665069099
829809,1,2,1,P Negi,0,0.2326921540200824
829809,1,2,2,P Negi,0,0.3219615875576273
829809,1,2,3,P Negi,0,0.2608392112004525
829809,1,2,4,P Negi,0,0.3006197569929557
829809,1,2,5,P Negi,1,0.570729591881795
829809,1,2,6,P Negi,1,0.558334317376216
829809,1,3,1,IC Pandey,1,0.7672674742770171
829809,1,3,2,IC Pandey,1,0.5760626375898592
829809,1,3,3,IC Pandey,1,0.47767139259622254
829809,1,3,4,IC Pandey,1,0.4485412967565382
829809,1,3,5,IC Pandey,1,0.4150641154764371
829809,1,3,6,IC Pandey,1,0.4496541247051971
829809,1,4,1,A Nehra,0,0.012748960868418662
829809,1,4,2,A Nehra,0,0.013846905785769938
829809,1,4,3,A Nehra,0,0.014064242936519483
829809,1,4,4,A Nehra,0,0.014038077394206762
829809,1,4,5,A Nehra,0,0.26128787036820883
829809,1,4,6,A Nehra,0,0.12879471279635857
829809,1,5,1,IC Pandey,0,0.4642651569695401
829809,1,5,2,IC Pandey,0,0.4080414049488138
829809,1,5,3,IC Pandey,0,0.4080414049488138
829809,1,5,4,IC Pandey,0,0.4172947313279126
829809,1,5,5,IC Pandey,0,0.41831199332992464
829809,2,0,1,Sandeep Sharma,0,0.014607672194326678
829809,2,0,2,Sandeep Sharma,0,0.013309681647139067
829809,2,0,3,Sandeep Sharma,0,0.014035732960453583
829809,2,0,4,Sandeep Sharma,0,0.017083933221439317
829809,2,0,5,Sandeep Sharma,0,0.006717036445338004
829809,2,0,6,Sandeep Sharma,0,0.004302027791525464
829809,2,1,1,BE Hendricks,0,0.01286869396928119
829809,2,1,2,BE Hendricks,0,0.018222023389957886
829809,2,1,3,BE Hendricks,0,0.020311044774009707
829809,2,1,4,BE Hendricks,1,0.7198054618546925
829809,2,1,5,BE Hendricks,1,0.4515484090940024
829809,2,1,6,BE Hendricks,0,0.4227144147926708
829809,2,2,1,Sandeep Sharma,0,0.005498876063519079
829809,2,2,2,Sandeep Sharma,0,0.006925206088138426
829809,2,2,3,Sandeep Sharma,0,0.006291099819117629
829809,2,2,4,Sandeep Sharma,0,0.03150632124629111
829809,2,2,5,Sandeep Sharma,1,0.1099229408044883
829809,2,3,1,BE Hendricks,1,0.6165014507370307
829809,2,3,2,BE Hendricks,1,0.4841786022543821
829809,2,3,3,BE Hendricks,1,0.41682408048011715
829809,2,3,4,BE Hendricks,1,0.4278508880275977
829809,2,3,5,BE Hendricks,1,0.4340295081225397
829809,2,3,6,BE Hendricks,1,0.4627529164777206
829809,2,3,7,BE Hendricks,1,0.43489446564281314
829809,2,4,1,Gurkeerat Singh,0,0.00027179560428983266
829809,2,4,2,Gurkeerat Singh,1,0.9189811963194711
829809,2,4,3,Gurkeerat Singh,1,0.8450125406412192
829809,2,4,4,Gurkeerat Singh,1,0.6617404262873425
829809,2,4,5,Gurkeerat Singh,1,0.4624540788223879
829809,2,4,6,Gurkeerat Singh,1,0.8410987180901105
829809,2,5,1,R Dhawan,0,0.00028361170882155155
829809,2,5,2,R Dhawan,0,0.0002960977654977579
829809,2,5,3,R Dhawan,1,0.5625035572984904
829809,2,5,4,R Dhawan,1,0.20642335786447746
829809,2,5,5,R Dhawan,1,0.18501389909766136
829809,2,5,6,R Dhawan,1,0.3137118782191404
829809,2,5,7,R Dhawan,1,0.33487242007466655
829811,1,0,1,Azhar Mahmood,0,0.004755486352000837
829811,1,0,2,Azhar Mahmood,0,0.0015087766158108805
829811,1,0,3,Azhar Mahmood,0,0.0006906433521262013
829811,1,0,4,Azhar Mahmood,0,0.18397063120536342
829811,1,0,5,Azhar Mahmood,0,0.5946437846673689
829811,1,0,6,Azhar Mahmood,0,0.3323779223950955
829811,1,1,1,M Morkel,0,0.008728243085050078
829811,1,1,2,M Morkel,0,0.005574439991113919
829811,1,1,3,M Morkel,0,0.0025605723702051457
829811,1,1,4,M Morkel,0,0.0019037779757531393
829811,1,1,5,M Morkel,0,0.007906786706622846
829811,1,1,6,M Morkel,1,0.47199692201723237
829811,1,2,1,UT Yadav,1,0.9994521372157058
829811,1,2,2,UT Yadav,1,0.9484074388748697
829811,1,2,3,UT Yadav,1,0.7633988830242516
829811,1,2,4,UT Yadav,1,0.6494191688598018
829811,1,2,5,UT Yadav,0,0.43679262482915077
829811,1,2,6,UT Yadav,0,0.25799252916985094
829811,1,3,1,M Morkel,1,0.6714943715519205
829811,1,3,2,M Morkel,1,0.6516337354984109
829811,1,3,3,M Morkel,1,0.7579981642672013
829811,1,3,4,M Morkel,1,0.6718557811794502
829811,1,3,5,M Morkel,1,0.5728198293288356
829811,1,3,6,M Morkel,1,0.5695740405617227
829811,1,4,1,UT Yadav,0,0.32354677987517894
829811,1,4,2,UT Yadav,1,0.5882313284529633
829811,1,4,3,UT Yadav,1,0.5086291707972811
829811,1,4,4,UT Yadav,0,0.39782663778329846
829811,1,4,5,UT Yadav,0,0.39801761988479833
829811,1,4,6,UT Yadav,0,0.31435445511932386
829811,1,5,1,Shakib Al Hasan,0,0.0002719274968394713
829811,1,5,2,Shakib Al Hasan,0,0.036855055078203316
829811,1,5,3,Shakib Al Hasan,0,0.14588545939694197
829811,1,5,4,Shakib Al Hasan,1,0.7247687778704158
829811,1,5,5,Shakib Al Hasan,1,0.8754246941161696
829811,1,5,6,Shakib Al Hasan,1,0.8457778784719018
829811,2,0,1,CH Morris,0,0.00017111058049716524
829811,2,0,2,CH Morris,0,0.005204818037132995
829811,2,0,3,CH Morris,0,0.004550412994392851
829811,2,0,4,CH Morris,0,0.0076757296365852845
829811,2,0,5,CH Morris,1,0.6160952605816552
829811,2,0,6,CH Morris,1,0.43759710251846373
829811,2,0,7,CH Morris,1,0.2986974660594033
829811,2,1,1,BB Sran,0,0.006626420986938111
829811,2,1,2,BB Sran,0,0.00215477150145937
829811,2,1,3,BB Sran,0,0.001053685119683906
829811,2,1,4,BB Sran,0,0.0009049682192289199
829811,2,1,5,BB Sran,0,0.0011906835899264054
829811,2,1,6,BB Sran,0,0.1841767309639676
829811,2,2,1,DS Kulkarni,0,0.008510340735240566
829811,2,2,2,DS Kulkarni,1,0.9544950408866764
829811,2,2,3,DS Kulkarni,1,0.6185610627091752
829811,2,2,4,DS Kulkarni,0,0.26097143908344617
829811,2,2,5,DS Kulkarni,0,0.20264642958222048
829811,2,2,6,DS Kulkarni,0,0.2080991214032271
829811,2,3,1,BB Sran,0,0.06269397408902692
829811,2,3,2,BB Sran,0,0.02726753185143817
829811,2,3,3,BB Sran,0,0.17554174767470804
829811,2,3,4,BB Sran,0,0.3003823093576976
829811,2,3,5,BB Sran,0,0.29148715231781963
829811,2,3,6,BB Sran,0,0.5633960379656279
829811,2,3,7,BB Sran,0,0.584924615562434
829811,2,4,1,CH Morris,1,0.42558810902992983
829811,2,4,2,CH Morris,1,0.5660371612478191
829811,2,4,3,CH Morris,1,0.3926545336319861
829811,2,4,4,CH Morris,1,0.3869062910258425
829811,2,4,5,CH Morris,1,0.3244022286023077
829811,2,4,6,CH Morris,1,0.24367278984389804
829811,2,4,7,CH Morris,1,0.25669513619013296
829811,2,5,1,DS Kulkarni,0,0.06754650653674704
829811,2,5,2,DS Kulkarni,0,0.025261427128880486
829811,2,5,3,DS Kulkarni,0,0.2508171467757645
829811,2,5,4,DS Kulkarni,0,0.16735061535820178
829811,2,5,5,DS Kulkarni,0,0.1605932394049796
829811,2,5,6,DS Kulkarni,0,0.124361890871369
829811,2,5,7,DS Kulkarni,0,0.16310894833922343
980907,1,0,1,A Nehra,0,0.000823029638148241
980907,1,0,2,A Nehra,0,0.034681297024072945
980907,1,0,3,A Nehra,0,0.008584501383343055
980907,1,0,4,A Nehra,0,0.0051103043538468125
980907,1,0,5,A Nehra,0,0.003470853104106338
980907,1,0,6,A Nehra,0,0.12658151686416239
980907,1,1,1,B Kumar,0,0.0018160818680668341
980907,1,1,2,B Kumar,0,0.055978888966122055
980907,1,1,3,B Kumar,0,0.019161565835518757
980907,1,1,4,B Kumar,0,0.004429277454203528
980907,1,1,5,B Kumar,0,0.02805668705660786
980907,1,1,6,B Kumar,0,0.05651413145094289
980907,1,1,7,B Kumar,0,0.046534781850737804
980907,1,2,1,Mustafizur Rahman,0,0.08015925375148862
980907,1,2,2,Mustafizur Rahman,0,0.12018804121810094
980907,1,2,3,Mustafizur Rahman,0,0.30124051625580317
980907,1,2,4,Mustafizur Rahman,0,0.23156872874037301
980907,1,2,5,Mustafizur Rahman,0,0.12861516163430625
980907,1,2,6,Mustafizur Rahman,0,0.06611616981383994
980907,1,3,1,A Nehra,0,0.05901884735015773
980907,1,3,2,A Nehra,0,0.2576233304522904
980907,1,3,3,A Nehra,1,0.6434856516166042
980907,1,3,4,A Nehra,1,0.7006857851987409
980907,1,3,5,A Nehra,0,0.49256168491032315
980907,1,3,6,A Nehra,1,0.7063246699157891
980907,1,3,7,A Nehra,1,0.649487955574861
980907,1,4,1,B Kumar,0,0.24667724586281434
980907,1,4,2,B Kumar,0,0.24327969573515856
980907,1,4,3,B Kumar,0,0.12446909258428956
980907,1,4,4,B Kumar,0,0.4714696612244151
980907,1,4,5,B Kumar,0,0.5923875193082292
980907,1,4,6,B Kumar,0,0.5577237143717232
980907,1,5,1,Mustafizur Rahman,0,0.05981508322837567
980907,1,5,2,Mustafizur Rahman,0,0.06581343494216123
980907,1,5,3,Mustafizur Rahman,0,0.24468215187932904
980907,1,5,4,Mustafizur Rahman,0,0.12830657923220684
980907,1,5,5,Mustafizur Rahman,0,0.09520570505691639
980907,1,5,6,Mustafizur Rahman,0,0.12366174328053904
980907,2,0,1,AF Milne,0,0.0040747522006758675
980907,2,0,2,AF Milne,0,0.07445606960989633
980907,2,0,3,AF Milne,0,0.10165774005999324
980907,2,0,4,AF Milne,1,0.8645494257903886
980907,2,0,5,AF Milne,1,0.643908222678327
980907,2,0,6,AF Milne,0,0.3344274068684127
980907,2,0,7,AF Milne,0,0.41715058820717626
980907,2,1,1,SR Watson,0,0.014893655143809893
980907,2,1,2,SR Watson,0,0.021396954055783103
980907,2,1,3,SR Watson,0,0.025493876157409178
980907,2,1,4,SR Watson,1,0.6174845020100237
980907,2,1,5,SR Watson,1,0.49689985215498034
980907,2,1,6,SR Watson,1,0.5149577019910134
980907,2,2,1,AF Milne,0,0.37034469047032914
980907,2,2,2,AF Milne,0,0.3594736913073387
980907,2,2,3,AF Milne,0,0.32149478512963664
980907,2,2,4,AF Milne,0,0.3360714205199033
980907,2,2,5,AF Milne,0,0.4896369175168307
980907,2,2,6,AF Milne,1,0.6771090087911261
980907,2,3,1,Parvez Rasool,0,0.006282884401314875
980907,2,3,2,Parvez Rasool,0,0.008667249621044561
980907,2,3,3,Parvez Rasool,0,0.011067773233731506
980907,2,3,4,Parvez Rasool,0,0.011278085185783073
980907,2,3,5,Parvez Rasool,0,0.011537116260528925
980907,2,3,6,Parvez Rasool,0,0.014134231943669683
980907,2,4,1,HV Patel,0,0.002774966765861318
980907,2,4,2,HV Patel,0,0.010867213141597339
980907,2,4,3,HV Patel,1,0.889962788105522
980907,2,4,4,HV Patel,1,0.6027824686091192
980907,2,4,5,HV Patel,1,0.8703739074453535
980907,2,4,6,HV Patel,1,0.7475849336944016
980907,2,5,1,Parvez Rasool,0,0.02506692446626706
980907,2,5,2,Parvez Rasool,0,0.01749605396556824
980907,2,5,3,Parvez Rasool,0,0.04747495234707468
980907,2,5,4,Parvez Rasool,0,0.3272604179274567
980907,2,5,5,Parvez Rasool,0,0.22132489059129273
980907,2,5,6,Parvez Rasool,0,0.19551300729028964
980915,1,0,1,M Morkel,0,0.014162250708926833
980915,1,0,2,M Morkel,0,0.012297723556193123
980915,1,0,3,M Morkel,0,0.01819541914876252
980915,1,0,4,M Morkel,0,0.019938880906936397
980915,1,0,5,M Morkel,0,0.009179636161799185
980915,1,0,6,M Morkel,0,0.029338583182232147
980915,1,0,7,M Morkel,0,0.03450624482606413
980915,1,0,8,M Morkel,1,0.6468089874751846
980915,1,0,9,M Morkel,1,0.5526311275159645
980915,1,1,1,UT Yadav,0,0.00013070239585829488
980915,1,1,2,UT Yadav,0,0.004441690323380192
980915,1,1,3,UT Yadav,0,0.001825700263355322
980915,1,1,4,UT Yadav,0,0.011086685753641077
980915,1,1,5,UT Yadav,0,0.01774700784501657
980915,1,1,6,UT Yadav,0,0.019602622573800525
980915,1,2,1,M Morkel,1,0.7200044809035429
980915,1,2,2,M Morkel,1,0.615355600317668
980915,1,2,3,M Morkel,0,0.4667717594498556
980915,1,2,4,M Morkel,0,0.5320949158700526
980915,1,2,5,M Morkel,0,0.6210818837317278
980915,1,2,6,M Morkel,0,0.5359604753167139
980915,1,2,7,M Morkel,0,0.48190442506623266
980915,1,3,1,UT Yadav,1,0.2695949431822414
980915,1,3,2,UT Yadav,0,0.3829677328342788
980915,1,3,3,UT Yadav,0,0.29897079820157035
980915,1,3,4,UT Yadav,0,0.3742048418466393
980915,1,3,5,UT Yadav,0,0.328877374244406
980915,1,3,6,UT Yadav,0,0.3396762518839719
980915,1,4,1,Shakib Al Hasan,0,0.022539725928968666
980915,1,4,2,Shakib Al Hasan,0,0.006755764276014583
980915,1,4,3,Shakib Al Hasan,0,0.0021044948342452325
980915,1,4,4,Shakib Al Hasan,0,0.00746337369303461
980915,1,4,5,Shakib Al Hasan,0,0.033307590102149974
980915,1,4,6,Shakib Al Hasan,0,0.01719048001783545
980915,1,5,1,UT Yadav,1,0.4749734716558787
980915,1,5,2,UT Yadav,0,0.4182504670179825
980915,1,5,3,UT Yadav,0,0.43527202573863083
980915,1,5,4,UT Yadav,0,0.3788571933041006
980915,1,5,5,UT Yadav,0,0.40119413911944707
980915,1,5,6,UT Yadav,0,0.40203284411149715
980915,2,0,1,B Kumar,0,0.037083454251064234
980915,2,0,2,B Kumar,0,0.03465872357290762
980915,2,0,3,B Kumar,1,0.8432428076494404
980915,2,0,4,B Kumar,1,0.7356683626723084
980915,2,0,5,B Kumar,1,0.5216437178546396
980915,2,0,6,B Kumar,0,0.3776263844752565
980915,2,1,1,BB Sran,0,0.0007517833707050624
980915,2,1,2,BB Sran,0,0.037083454251064234
980915,2,1,3,BB Sran,0,0.03508518282284575
980915,2,1,4,BB Sran,0,0.01030917438873655
980915,2,1,5,BB Sran,0,0.005320017962840993
980915,2,1,6,BB Sran,0,0.3710747724820158
980915,2,1,7,BB Sran,0,0.23386435761765526
980915,2,2,1,B Kumar,0,0.2485393450996428
980915,2,2,2,B Kumar,0,0.1246949371548464
980915,2,2,3,B Kumar,0,0.03833375660305461
980915,2,2,4,B Kumar,0,0.2632849840082885
980915,2,2,5,B Kumar,0,0.36842023836552695
980915,2,2,6,B Kumar,0,0.24478396246211628
980915,2,3,1,BB Sran,0,0.2550725784210682
980915,2,3,2,BB Sran,0,0.12852954139265768
980915,2,3,3,BB Sran,0,0.3863093791775114
980915,2,3,4,BB Sran,0,0.39446360906678946
980915,2,3,5,BB Sran,0,0.2918650070527881
980915,2,3,6,BB Sran,0,0.2401410889899399
980915,2,4,1,Mustafizur Rahman,0,0.07793071607972502
980915,2,4,2,Mustafizur Rahman,0,0.1013434640840003
980915,2,4,3,Mustafizur Rahman,0,0.03867844355943193
980915,2,4,4,Mustafizur Rahman,0,0.0455396990216712
980915,2,4,5,Mustafizur Rahman,0,0.04544422953215125
980915,2,4,6,Mustafizur Rahman,0,0.01763400418532283
980915,2,5,1,BB Sran,0,0.26451477833893017
980915,2,5,2,BB Sran,0,0.17208271475589185
980915,2,5,3,BB Sran,0,0.2727992862887596
980915,2,5,4,BB Sran,0,0.39851106990063334
980915,2,5,5,BB Sran,0,0.3845462266187681
980915,2,5,6,BB Sran,0,0.30270751697906095
980947,1,0,1,TG Southee,0,0.024844336766857864
980947,1,0,2,TG Southee,0,0.011370853918665788
980947,1,0,3,TG Southee,0,0.0038446555895979007
980947,1,0,4,TG Southee,0,0.0028853056495675294
980947,1,0,5,TG Southee,0,0.005104568201930069
980947,1,0,6,TG Southee,0,0.03856769984436816
980947,1,1,1,MJ McClenaghan,1,0.9996105952678996
980947,1,1,2,MJ McClenaghan,1,0.9538324286189671
980947,1,1,3,MJ McClenaghan,1,0.9391570357787854
980947,1,1,4,MJ McClenaghan,1,0.8116398516709135
980947,1,1,5,MJ McClenaghan,1,0.7272228108401626
980947,1,1,6,MJ McClenaghan,1,0.7250471383640289
980947,1,2,1,TG Southee,0,0.4073806060320326
980947,1,2,2,TG Southee,0,0.42269807854591396
980947,1,2,3,TG Southee,0,0.6211848398334343
980947,1,2,4,TG Southee,0,0.6574301186340779
980947,1,2,5,TG Southee,1,0.6864476524761653
980947,1,2,6,TG Southee,1,0.6928115655266465
980947,1,3,1,MJ McClenaghan,0,0.5471946019074833
980947,1,3,2,MJ McClenaghan,0,0.516531197714466
980947,1,3,3,MJ McClenaghan,0,0.40060248811436316
980947,1,3,4,MJ McClenaghan,0,0.4247137539847219
980947,1,3,5,MJ McClenaghan,0,0.41012010253410097
980947,1,3,6,MJ McClenaghan,0,0.4163098443092934
980947,1,4,1,JJ Bumrah,0,0.0008300717323347669
980947,1,4,2,JJ Bumrah,1,0.98516126306249
980947,1,4,3,JJ Bumrah,1,0.9485824099398317
980947,1,4,4,JJ Bumrah,1,0.8555805062371229
980947,1,4,5,JJ Bumrah,1,0.7986080904863497
980947,1,4,6,JJ Bumrah,1,0.7126075559962822
980947,1,5,1,Harbhajan Singh,0,0.05123071775402292
980947,1,5,2,Harbhajan Singh,1,0.9847115191342851
980947,1,5,3,Harbhajan Singh,1,0.9454163069011916
980947,1,5,4,Harbhajan Singh,1,0.8710225854088205
980947,1,5,5,Harbhajan Singh,1,0.8038760933380239
980947,1,5,6,Harbhajan Singh,1,0.7790411505125435
980947,2,0,1,JD Unadkat,0,0.000687485259702122
980947,2,0,2,JD Unadkat,1,0.9615156156998133
980947,2,0,3,JD Unadkat,0,0.6794469422640175
980947,2,0,4,JD Unadkat,0,0.5486730441567286
980947,2,0,5,JD Unadkat,0,0.4559325650049238
980947,2,0,6,JD Unadkat,0,0.40793013204594825
980947,2,1,1,UT Yadav,0,0.0007833929039795804
980947,2,1,2,UT Yadav,1,0.8149218875225346
980947,2,1,3,UT Yadav,1,0.9043479521969677
980947,2,1,4,UT Yadav,1,0.7044993195701938
980947,2,1,5,UT Yadav,1,0.5725220656606677
980947,2,1,6,UT Yadav,0,0.42154748218041727
980947,2,1,7,UT Yadav,0,0.46052006033105997
980947,2,2,1,Shakib Al Hasan,0,0.0007802005090056795
980947,2,2,2,Shakib Al Hasan,0,0.0007981378971401566
980947,2,2,3,Shakib Al Hasan,0,0.0007846618314784378
980947,2,2,4,Shakib Al Hasan,0,0.3264632343320235
980947,2,2,5,Shakib Al Hasan,1,0.7390887542293505
980947,2,2,6,Shakib Al Hasan,1,0.5959563624251313
980947,2,3,1,UT Yadav,0,0.3217486414688976
980947,2,3,2,UT Yadav,0,0.3121234974617292
980947,2,3,3,UT Yadav,0,0.46952182964602684
980947,2,3,4,UT Yadav,1,0.49830542166874414
980947,2,3,5,UT Yadav,0,0.49227067611358216
980947,2,3,6,UT Yadav,1,0.4916580511527118
980947,2,4,1,SP Narine,0,0.07363830448006664
980947,2,4,2,SP Narine,1,0.9283060661676633
980947,2,4,3,SP Narine,1,0.6697887928529275
980947,2,4,4,SP Narine,1,0.652286389511983
980947,2,4,5,SP Narine,1,0.5591846351388674
980947,2,4,6,SP Narine,1,0.549098778091938
980947,2,5,1,JD Unadkat,0,0.6511619556437009
980947,2,5,2,JD Unadkat,0,0.5568692873811949
980947,2,5,3,JD Unadkat,0,0.6726642235784788
980947,2,5,4,JD Unadkat,0,0.6570168316520054
980947,2,5,5,JD Unadkat,0,0.8022315590548872
980947,2,5,6,JD Unadkat,0,0.7330762944530326
980967,1,0,1,B Kumar,0,0.0003262795574364464
980967,1,0,2,B Kumar,0,0.00035384851746197884
980967,1,0,3,B Kumar,0,0.0003478713920337225
980967,1,0,4,B Kumar,0,0.0003478713920337225
980967,1,0,5,B Kumar,0,0.00035413375703567906
980967,1,0,6,B Kumar,0,0.0003175386973990507
980967,1,1,1,A Nehra,0,0.00031092017833694294
980967,1,1,2,A Nehra,0,0.0003371917868399531
980967,1,1,3,A Nehra,0,0.00033149592966077323
980967,1,1,4,A Nehra,0,0.00033149592966077323
980967,1,1,5,A Nehra,0,0.0003374636038483555
980967,1,1,6,A Nehra,0,0.00030259066354809265
980967,1,2,1,B Kumar,0,0.0003006460805099429
980967,1,2,2,B Kumar,0,0.00030629180852025795
980967,1,2,3,B Kumar,0,0.0013464669952039415
980967,1,2,4,B Kumar,0,0.0015084632742925852
980967,1,2,5,B Kumar,0,0.0034809299031734273
980967,1,2,6,B Kumar,0,0.002486066690598969
980967,1,3,1,A Nehra,0,0.0003825326757188996
980967,1,3,2,A Nehra,0,0.0003825326757188996
980967,1,3,3,A Nehra,0,0.000337971599080021
980967,1,3,4,A Nehra,0,0.000337971599080021
980967,1,3,5,A Nehra,0,0.0005100537771354815
980967,1,3,6,A Nehra,0,0.05271447352420235
980967,1,4,1,B Kumar,0,0.007667989523735316
980967,1,4,2,B Kumar,0,0.024066641744128165
980967,1,4,3,B Kumar,0,0.16575941920579426
980967,1,4,4,B Kumar,0,0.4419542651576585
980967,1,4,5,B Kumar,0,0.39644034108889403
980967,1,4,6,B Kumar,0,0.35795224389661917
980967,1,5,1,Mustafizur Rahman,0,0.12450153643914595
980967,1,5,2,Mustafizur Rahman,0,0.021522248777444374
980967,1,5,3,Mustafizur Rahman,0,0.004224943338138986
980967,1,5,4,Mustafizur Rahman,0,0.003544213315474015
980967,1,5,5,Mustafizur Rahman,0,0.0025705956691817952
980967,1,5,6,Mustafizur Rahman,0,0.004802072161272982
980967,2,0,1,P Kumar,0,0.00011845677548589168
980967,2,0,2,P Kumar,0,0.0001253824783461802
980967,2,0,3,P Kumar,0,0.007578903906632351
980967,2,0,4,P Kumar,1,0.6473002269011413
980967,2,0,5,P Kumar,1,0.40071903476574966
980967,2,0,6,P Kumar,1,0.23207404958469727
980967,2,1,1,PJ Sangwan,0,0.008587164308193439
980967,2,1,2,PJ Sangwan,0,0.004653998158870504
980967,2,1,3,PJ Sangwan,1,0.9630816484129061
980967,2,1,4,PJ Sangwan,1,0.8921740230016458
980967,2,1,5,PJ Sangwan,0,0.8491028508816509
980967,2,1,6,PJ Sangwan,1,0.8953728019788129
980967,2,1,7,PJ Sangwan,1,0.9131721177031399
980967,2,2,1,P Kumar,0,0.13361075939288056
980967,2,2,2,P Kumar,0,0.15927285200869737
980967,2,2,3,P Kumar,0,0.11341260668951568
980967,2,2,4,P Kumar,0,0.07934366023541765
980967,2,2,5,P Kumar,0,0.08317278990463903
980967,2,2,6,P Kumar,0,0.07652629309167346
980967,2,3,1,DS Kulkarni,0,0.0008370749891925237
980967,2,3,2,DS Kulkarni,0,0.000759462115914559
980967,2,3,3,DS Kulkarni,0,0.0007695495656221443
980967,2,3,4,DS Kulkarni,0,0.0007783392082489751
980967,2,3,5,DS Kulkarni,1,0.12200055122401555
980967,2,3,6,DS Kulkarni,1,0.13068399532842792
980967,2,4,1,P Kumar,0,0.02322858646693926
980967,2,4,2,P Kumar,0,0.018794752764128658
980967,2,4,3,P Kumar,0,0.022416382726755783
980967,2,4,4,P Kumar,0,0.02421304502564425
980967,2,4,5,P Kumar,0,0.03743847183890558
980967,2,4,6,P Kumar,0,0.04204721697367729
980967,2,5,1,DS Kulkarni,1,0.07659784879653914
980967,2,5,2,DS Kulkarni,0,0.06507992860127705
980967,2,5,3,DS Kulkarni,0,0.09101181425084659
980967,2,5,4,DS Kulkarni,0,0.08192746611026722
980967,2,5,5,DS Kulkarni,0,0.05804977359027528
980967,2,5,6,DS Kulkarni,1,0.14660466286659657
980979,1,0,1,AB Dinda,0,0.00015028282157928224
980979,1,0,2,AB Dinda,0,0.0001507806455260225
980979,1,0,3,AB Dinda,0,0.003045732093321491
980979,1,0,4,AB Dinda,0,0.0034676551406655266
980979,1,0,5,AB Dinda,0,0.0020780905847706398
980979,1,0,6,AB Dinda,0,0.0037619723718493466
980979,1,1,1,RP Singh,0,0.00965775719347113
980979,1,1,2,RP Singh,0,0.011731396119180885
980979,1,1,3,RP Singh,0,0.0031998594988531894
980979,1,1,4,RP Singh,0,0.0020663063360466336
980979,1,1,5,RP Singh,0,0.008371586791086499
980979,1,1,6,RP Singh,1,0.2757852474417418
980979,1,1,7,RP Singh,1,0.22912300447996464
980979,1,2,1,AB Dinda,0,0.002077864408154579
980979,1,2,2,AB Dinda,0,0.014659026170527936
980979,1,2,3,AB Dinda,0,0.008362302369335458
980979,1,2,4,AB Dinda,0,0.019761176776535234
980979,1,2,5,AB Dinda,0,0.011313337587040692
980979,1,2,6,AB Dinda,0,0.17679876640606815
980979,1,3,1,RP Singh,0,0.06806110084801416
980979,1,3,2,RP Singh,0,0.10781627143430497
980979,1,3,3,RP Singh,0,0.08956391771497259
980979,1,3,4,RP Singh,0,0.12865367851641776
980979,1,3,5,RP Singh,0,0.13091231574119402
980979,1,3,6,RP Singh,0,0.12337045127056112
980979,1,4,1,AB Dinda,0,0.22567497551386093
980979,1,4,2,AB Dinda,0,0.2188490994484502
980979,1,4,3,AB Dinda,0,0.24199969999476642
980979,1,4,4,AB Dinda,0,0.18616936480664142
980979,1,4,5,AB Dinda,0,0.19257419856949698
980979,1,4,6,AB Dinda,0,0.19424039853563224
980979,1,4,7,AB Dinda,0,0.19655305199639186
980979,1,5,1,RP Singh,0,0.11745526320539507
980979,1,5,2,RP Singh,0,0.2231210671327181
980979,1,5,3,RP Singh,0,0.315297643144016
980979,1,5,4,RP Singh,0,0.09986082464718277
980979,1,5,5,RP Singh,0,0.10737730406723607
980979,2,0,1,B Kumar,0,0.00014265439074681867
980979,2,0,2,B Kumar,0,0.00014773097666183078
980979,2,0,3,B Kumar,0,0.0001705708991397113
980979,2,0,4,B Kumar,0,0.0001705708991397113
980979,2,0,5,B Kumar,0,0.00017364206313597047
980979,2,0,6,B Kumar,0,0.00015950502179224
980979,2,1,1,A Nehra,0,0.00015591756513024763
980979,2,1,2,A Nehra,0,0.00016146606621438966
980979,2,1,3,A Nehra,0,0.0001636120172602806
980979,2,1,4,A Nehra,0,0.0001636120172602806
980979,2,1,5,A Nehra,0,0.00016655790603474445
980979,2,1,6,A Nehra,0,0.035121270558774405
980979,2,2,1,B Kumar,0,0.00015910254778707546
980979,2,2,2,B Kumar,0,0.00015910254778707546
980979,2,2,3,B Kumar,0,0.0001405650964332384
980979,2,2,4,B Kumar,0,0.000615627628149992
980979,2,2,5,B Kumar,0,0.0011823083640205441
980979,2,2,6,B Kumar,0,0.0023246966450230183
980979,2,3,1,A Nehra,0,0.050016413475808055
980979,2,3,2,A Nehra,0,0.03855451371418975
980979,2,3,3,A Nehra,0,0.17001161880168858
980979,2,3,4,A Nehra,1,0.33958419911755977
980979,2,3,5,A Nehra,0,0.33024763381419486
980979,2,3,6,A Nehra,0,0.31941849610731127
980979,2,4,1,B Kumar,0,0.0045107294254656954
980979,2,4,2,B Kumar,0,0.005874892291602294
980979,2,4,3,B Kumar,0,0.006172980784172057
980979,2,4,4,B Kumar,0,0.006895616123808565
980979,2,4,5,B Kumar,0,0.008712263222106461
980979,2,4,6,B Kumar,0,0.008471857482229542
980979,2,5,1,BB Sran,0,0.00042318365301217747
980979,2,5,2,BB Sran,1,0.9164327829398182
980979,2,5,3,BB Sran,1,0.708554289370908
980979,2,5,4,BB Sran,1,0.3466118631683844
980979,2,5,5,BB Sran,0,0.1861718071999323
980979,2,5,6,BB Sran,0,0.10693090042331832
980991,1,0,1,B Kumar,0,0.0003314352206479779
980991,1,0,2,B Kumar,1,0.9171517180016299
980991,1,0,3,B Kumar,1,0.7411192445573526
980991,1,0,4,B Kumar,0,0.49192121844549835
980991,1,0,5,B Kumar,0,0.34545288986113504
980991,1,0,6,B Kumar,0,0.20107604178829047
980991,1,1,1,A Nehra,0,0.00027143596710466094
980991,1,1,2,A Nehra,0,0.9244078928061008
980991,1,1,3,A Nehra,1,0.9831198737707566
980991,1,1,4,A Nehra,0,0.923066183804789
980991,1,1,5,A Nehra,0,0.6871260104811067
980991,1,1,6,A Nehra,0,0.9283443929125861
980991,1,2,1,B Kumar,0,0.14604382059133328
980991,1,2,2,B Kumar,0,0.16269835843000216
980991,1,2,3,B Kumar,0,0.06415472636746519
980991,1,2,4,B Kumar,0,0.031009656775868963
980991,1,2,5,B Kumar,0,0.022313379074490214
980991,1,2,6,B Kumar,0,0.02752465370880834
980991,1,3,1,A Nehra,0,0.8412305494971978
980991,1,3,2,A Nehra,0,0.7783163913466921
980991,1,3,3,A Nehra,0,0.7390869500951492
980991,1,3,4,A Nehra,1,0.8705052384805652
980991,1,3,5,A Nehra,0,0.8621996332101657
980991,1,3,6,A Nehra,0,0.7882557858969189
980991,1,4,1,Mustafizur Rahman,0,0.0003440722063467201
980991,1,4,2,Mustafizur Rahman,0,0.0003829064499446247
980991,1,4,3,Mustafizur Rahman,0,0.0041633707383453185
980991,1,4,4,Mustafizur Rahman,0,0.0018771301226618946
980991,1,4,5,Mustafizur Rahman,0,0.06778316942090953
980991,1,4,6,Mustafizur Rahman,0,0.060878587213159564
980991,1,5,1,BCJ Cutting,1,0.9994944739728097
980991,1,5,2,BCJ Cutting,1,0.9344220059844557
980991,1,5,3,BCJ Cutting,1,0.7724902536609096
980991,1,5,4,BCJ Cutting,1,0.9442431535165389
980991,1,5,5,BCJ Cutting,1,0.8373380024255297
980991,1,5,6,BCJ Cutting,1,0.753759943302261
980991,2,0,1,Sandeep Sharma,0,0.00017770446627014087
980991,2,0,2,Sandeep Sharma,0,0.005163110172625068
980991,2,0,3,Sandeep Sharma,0,0.007355477389301696
980991,2,0,4,Sandeep Sharma,1,0.5319566938008577
980991,2,0,5,Sandeep Sharma,0,0.43458341878011275
980991,2,0,6,Sandeep Sharma,0,0.4123266897849695
980991,2,1,1,M Vijay,0,0.015334173241362247
980991,2,1,2,M Vijay,1,0.9649631444212787
980991,2,1,3,M Vijay,1,0.7197515917907308
980991,2,1,4,M Vijay,1,0.5319566938008577
980991,2,1,5,M Vijay,0,0.257537164091454
980991,2,1,6,M Vijay,1,0.4227429959005135
980991,2,2,1,MM Sharma,0,0.0002127747757508695
980991,2,2,2,MM Sharma,0,0.005802040987406357
980991,2,2,3,MM Sharma,0,0.001755290594601736
980991,2,2,4,MM Sharma,0,0.006395543147229945
980991,2,2,5,MM Sharma,0,0.008361345073460364
980991,2,2,6,MM Sharma,0,0.009783876869699441
980991,2,3,1,Anureet Singh,1,0.9995583151762226
980991,2,3,2,Anureet Singh,1,0.9314718493869921
980991,2,3,3,Anureet Singh,1,0.7626053579923643
980991,2,3,4,Anureet Singh,1,0.9489965451426255
980991,2,3,5,Anureet Singh,1,0.8456056955832583
980991,2,3,6,Anureet Singh,1,0.7674956970876738
980991,2,4,1,MP Stoinis,1,0.9995702348610055
980991,2,4,2,MP Stoinis,1,0.9718761982330072
980991,2,4,3,MP Stoinis,1,0.8944284512913782
980991,2,4,4,MP Stoinis,0,0.6233025593016441
980991,2,4,5,MP Stoinis,1,0.9319793023401477
980991,2,4,6,MP Stoinis,1,0.9126613601119754
980991,2,5,1,GJ Maxwell,0,0.0003193180037013294
980991,2,5,2,GJ Maxwell,0,0.02200233028105271
980991,2,5,3,GJ Maxwell,0,0.013151973043049017
980991,2,5,4,GJ Maxwell,0,0.018014803249678028
980991,2,5,5,GJ Maxwell,0,0.5353934752522483
980993,1,0,1,S Nadeem,0,0.0003116181508411178
980993,1,0,2,S Nadeem,0,0.000331031054425762
980993,1,0,3,S Nadeem,0,0.4890796376154759
980993,1,0,4,S Nadeem,1,0.9677688901032926
980993,1,0,5,S Nadeem,1,0.9002708363916386
980993,1,0,6,S Nadeem,1,0.7315800920768566
980993,1,1,1,CH Morris,0,0.015811349818348745
980993,1,1,2,CH Morris,0,0.016099328973430773
980993,1,1,3,CH Morris,0,0.003052785013131993
980993,1,1,4,CH Morris,0,0.019226072732050122
980993,1,1,5,CH Morris,0,0.0055605634364133075
980993,1,1,6,CH Morris,0,0.017200322425552146
980993,1,2,1,Z Khan,0,0.00035438748599982736
980993,1,2,2,Z Khan,0,0.017115823142912073
980993,1,2,3,Z Khan,0,0.01430574456324901
980993,1,2,4,Z Khan,0,0.020064829077077653
980993,1,2,5,Z Khan,0,0.01824789333825452
980993,1,2,6,Z Khan,0,0.01840202539222878
980993,1,3,1,CH Morris,0,0.03417295794165349
980993,1,3,2,CH Morris,0,0.2344991489836547
980993,1,3,3,CH Morris,0,0.19108579310908214
980993,1,3,4,CH Morris,0,0.17643434771714478
980993,1,3,5,CH Morris,0,0.17075509191284163
980993,1,3,6,CH Morris,0,0.46656777755650986
980993,1,4,1,Z Khan,0,0.008925295418380072
980993,1,4,2,Z Khan,0,0.006191757631269633
980993,1,4,3,Z Khan,0,0.004745220084729593
980993,1,4,4,Z Khan,0,0.004745220084729593
980993,1,4,5,Z Khan,0,0.008706014425156937
980993,1,4,6,Z Khan,0,0.021858713546403723
980993,1,5,1,S Nadeem,0,0.580109926129728
980993,1,5,2,S Nadeem,1,0.6628346385781002
980993,1,5,3,S Nadeem,1,0.8987670582112206
980993,1,5,4,S Nadeem,1,0.8458350714453385
980993,1,5,5,S Nadeem,1,0.7823198864480219
980993,1,5,6,S Nadeem,1,0.6617676030020817
980993,2,0,1,Harbhajan Singh,0,0.014529268778596373
980993,2,0,2,Harbhajan Singh,0,0.013815264099768665
980993,2,0,3,Harbhajan Singh,0,0.012595776506726773
980993,2,0,4,Harbhajan Singh,1,0.8185144139040436
980993,2,0,5,Harbhajan Singh,1,0.7349796311293155
980993,2,0,6,Harbhajan Singh,1,0.6856502409144276
980993,2,1,1,R Vinay Kumar,0,0.00026038124299257345
980993,2,1,2,R Vinay Kumar,0,0.01081443143180741
980993,2,1,3,R Vinay Kumar,0,0.002676170874266953
980993,2,1,4,R Vinay Kumar,0,0.001926203203719714
980993,2,1,5,R Vinay Kumar,0,0.004716615535236081
980993,2,1,6,R Vinay Kumar,0,0.009715930023127818
980993,2,2,1,MJ McClenaghan,0,0.00023408551745520329
980993,2,2,2,MJ McClenaghan,1,0.9816345365676816
980993,2,2,3,MJ McClenaghan,1,0.8847826571355573
980993,2,2,4,MJ McClenaghan,1,0.5427085977726332
980993,2,2,5,MJ McClenaghan,0,0.5151270998334664
980993,2,2,6,MJ McClenaghan,0,0.48210456127044016
980993,2,3,1,R Vinay Kumar,0,0.005024864912433013
980993,2,3,2,R Vinay Kumar,0,0.016940553756358712
980993,2,3,3,R Vinay Kumar,0,0.1289232119602026
980993,2,3,4,R Vinay Kumar,0,0.45399645069553596
980993,2,3,5,R Vinay Kumar,1,0.5356167567753384
980993,2,3,6,R Vinay Kumar,1,0.723048705167839
980993,2,4,1,Harbhajan Singh,0,0.3406201677041516
980993,2,4,2,Harbhajan Singh,0,0.2899166539284976
980993,2,4,3,Harbhajan Singh,1,0.6678660873931991
980993,2,4,4,Harbhajan Singh,1,0.537341673979308
980993,2,4,5,Harbhajan Singh,1,0.4875956587561086
980993,2,4,6,Harbhajan Singh,1,0.45959365434569693
980993,2,5,1,JJ Bumrah,0,0.0003288946879656894
980993,2,5,2,JJ Bumrah,0,0.020383512471438974
980993,2,5,3,JJ Bumrah,1,0.03347520038539197
980993,2,5,4,JJ Bumrah,0,0.023999595572967287
980993,2,5,5,JJ Bumrah,0,0.008092502227955281
980993,2,5,6,JJ Bumrah,0,0.0037281324103387047
980995,1,0,1,STR Binny,0,0.010729141358038267
980995,1,0,2,STR Binny,0,0.007207988347229993
980995,1,0,3,STR Binny,0,0.003173231774214817
980995,1,0,4,STR Binny,0,0.02019924120317592
980995,1,0,5,STR Binny,1,0.3855050089830702
980995,1,1,1,S Aravind,0,0.0002144061019489318
980995,1,1,2,S Aravind,0,0.0061780671190842205
980995,1,1,3,S Aravind,0,0.011043975506803487
980995,1,1,4,S Aravind,0,0.0067854365590838475
980995,1,1,5,S Aravind,0,0.0034379181739330076
980995,1,1,6,S Aravind,0,0.18621384765809532
980995,1,2,1,Iqbal Abdulla,0,0.00025210330256343914
980995,1,2,2,Iqbal Abdulla,0,0.00027453737175773727
980995,1,2,3,Iqbal Abdulla,1,0.5509199499959467
980995,1,2,4,Iqbal Abdulla,1,0.22435821154782745
980995,1,2,5,Iqbal Abdulla,0,0.07687917961041632
980995,1,2,6,Iqbal Abdulla,0,0.030900462090879006
980995,1,3,1,S Aravind,0,0.20990342936956707
980995,1,3,2,S Aravind,0,0.21667353900079
980995,1,3,3,S Aravind,0,0.33371820445084077
980995,1,3,4,S Aravind,0,0.3258737608550866
980995,1,3,5,S Aravind,0,0.48333054652070956
980995,1,3,6,S Aravind,1,0.6931433191045192
980995,1,4,1,Iqbal Abdulla,0,0.06134700430915908
980995,1,4,2,Iqbal Abdulla,0,0.08492507297612951
980995,1,4,3,Iqbal Abdulla,0,0.10802285558198793
980995,1,4,4,Iqbal Abdulla,0,0.11903693808278613
980995,1,4,5,Iqbal Abdulla,1,0.2522538974198967
980995,1,4,6,Iqbal Abdulla,1,0.2559432161777839
980995,1,5,1,SR Watson,0,0.00033994001706081516
980995,1,5,2,SR Watson,0,0.0003689997779934702
980995,1,5,3,SR Watson,0,0.5456595808515006
980995,1,5,4,SR Watson,0,0.47057216523634465
980995,1,5,5,SR Watson,0,0.2344370988393647
980995,1,5,6,SR Watson,0,0.6774808882938714
980995,2,0,1,AD Russell,0,0.0003310161127725546
980995,2,0,2,AD Russell,0,0.00035533208790354385
980995,2,0,3,AD Russell,0,0.005881971587924262
980995,2,0,4,AD Russell,0,0.35138818132488986
980995,2,0,5,AD Russell,0,0.3220288812236297
980995,2,0,6,AD Russell,0,0.20527343722678848
980995,2,1,1,M Morkel,0,0.0003474167901481268
980995,2,1,2,M Morkel,0,0.000372937086373555
980995,2,1,3,M Morkel,0,0.000378871852576552
980995,2,1,4,M Morkel,0,0.1649320529929464
980995,2,1,5,M Morkel,0,0.6097302503364325
980995,2,1,6,M Morkel,0,0.36250298805903397
980995,2,2,1,AD Russell,0,0.0878385398071256
980995,2,2,2,AD Russell,0,0.3306049013609877
980995,2,2,3,AD Russell,0,0.29256036137993646
980995,2,2,4,AD Russell,0,0.22085475771821747
980995,2,2,5,AD Russell,0,0.4762239104481064
980995,2,2,6,AD Russell,0,0.5634910372634867
980995,2,3,1,M Morkel,0,0.15913492683401476
980995,2,3,2,M Morkel,0,0.1495219996242408
980995,2,3,3,M Morkel,0,0.15467322937973385
980995,2,3,4,M Morkel,0,0.27491843150941075
980995,2,3,5,M Morkel,0,0.3119860939443372
980995,2,4,1,SP Narine,0,0.0004331413646619137
980995,2,4,2,SP Narine,0,0.00047016469243804074
980995,2,4,3,SP Narine,0,0.46599868768245123
980995,2,4,4,SP Narine,1,0.8601028826633565
980995,2,4,5,SP Narine,1,0.690749815021584
980995,2,4,6,SP Narine,1,0.6017596107362848
980995,2,5,1,PP Chawla,0,0.07367591269973785
980995,2,5,2,PP Chawla,0,0.0935007279392768
980995,2,5,3,PP Chawla,0,0.1329855522365869
980995,2,5,4,PP Chawla,0,0.23730309413445191
980995,2,5,5,PP Chawla,0,0.1777887998643082
980995,2,5,6,PP Chawla,0,0.5838848555197939
980997,1,0,1,AB Dinda,0,0.00013064750017997292
980997,1,0,2,AB Dinda,0,0.00012626867640870275
980997,1,0,3,AB Dinda,0,0.0013635838613589178
980997,1,0,4,AB Dinda,0,0.001217425542575397
980997,1,0,5,AB Dinda,0,0.002314719090778802
980997,1,0,6,AB Dinda,0,0.0014916365453129495
980997,1,1,1,DL Chahar,0,0.00015291560268199445
980997,1,1,2,DL Chahar,0,0.00014779054431928614
980997,1,1,3,DL Chahar,0,0.0016316641287218814
980997,1,1,4,DL Chahar,0,0.0010808065165124044
980997,1,1,5,DL Chahar,0,0.0008037927788734703
980997,1,1,6,DL Chahar,0,0.0017052970467494645
980997,1,2,1,AB Dinda,0,0.0026290863173602705
980997,1,2,2,AB Dinda,0,0.0017921141391514864
980997,1,2,3,AB Dinda,0,0.0013330335538564526
980997,1,2,4,AB Dinda,0,0.0012720137728981266
980997,1,2,5,AB Dinda,0,0.0005572846742458603
980997,1,2,6,AB Dinda,0,0.00034724144856548877
980997,1,3,1,DL Chahar,0,0.0501584886090603
980997,1,3,2,DL Chahar,0,0.12885589483676468
980997,1,3,3,DL Chahar,0,0.09279015763047826
980997,1,3,4,DL Chahar,1,0.11493951192066523
980997,1,3,5,DL Chahar,1,0.13048083525148435
980997,1,4,1,AB Dinda,0,0.002241865666695056
980997,1,4,2,AB Dinda,0,0.10723049581415711
980997,1,4,3,AB Dinda,0,0.155666704097599
980997,1,4,4,AB Dinda,0,0.1338114422732029
980997,1,4,5,AB Dinda,0,0.15877408982674587
980997,1,4,6,AB Dinda,0,0.15559175534454422
980997,1,5,1,NLTC Perera,0,0.00024729729152220546
980997,1,5,2,NLTC Perera,0,0.010601619833205242
980997,1,5,3,NLTC Perera,0,0.002473203119426131
980997,1,5,4,NLTC Perera,0,0.0016342514348416516
980997,1,5,5,NLTC Perera,0,0.005039237435397186
980997,1,5,6,NLTC Perera,0,0.012761169788766732
980997,2,0,1,Z Khan,0,0.010821201514766834
980997,2,0,2,Z Khan,0,0.006725673581354997
980997,2,0,3,Z Khan,0,0.009407079910805069
980997,2,0,4,Z Khan,0,0.013732407004443906
980997,2,0,5,Z Khan,0,0.010570148940803506
980997,2,0,6,Z Khan,0,0.01778239836537515
980997,2,0,7,Z Khan,0,0.008433410807112884
980997,2,0,8,Z Khan,0,0.007772144890061251
980997,2,1,1,NM Coulter-Nile,0,0.0006229102828135499
980997,2,1,2,NM Coulter-Nile,1,0.9995463753900298
980997,2,1,3,NM Coulter-Nile,1,0.9861228159173705
980997,2,1,4,NM Coulter-Nile,1,0.8453174310404552
980997,2,1,5,NM Coulter-Nile,1,0.7858418112275996
980997,2,1,6,NM Coulter-Nile,1,0.42871419389807186
980997,2,1,7,NM Coulter-Nile,1,0.8047118593417214
980997,2,2,1,Z Khan,0,0.007961709386690543
980997,2,2,2,Z Khan,0,0.09433015421263741
980997,2,2,3,Z Khan,1,0.2530095267798732
980997,2,2,4,Z Khan,1,0.23107405755067068
980997,2,2,5,Z Khan,1,0.22436545518964218
980997,2,2,6,Z Khan,1,0.34139536183297886
980997,2,3,1,CH Morris,0,0.009202570761486478
980997,2,3,2,CH Morris,0,0.004637057187260278
980997,2,3,3,CH Morris,0,0.002119840903250386
980997,2,3,4,CH Morris,0,0.002107737924367246
980997,2,3,5,CH Morris,0,0.0013648073390938231
980997,2,3,6,CH Morris,0,0.004572107073991768
980997,2,3,7,CH Morris,0,0.0016246718064485848
980997,2,4,1,Z Khan,1,0.29310510854417493
980997,2,4,2,Z Khan,1,0.23207453261781066
980997,2,4,3,Z Khan,1,0.2401767197696916
980997,2,4,4,Z Khan,1,0.24051376517758502
980997,2,4,5,Z Khan,1,0.1688038060590213
980997,2,5,1,CH Morris,0,0.0013925652890405592
980997,2,5,2,CH Morris,0,0.006648325485353917
980997,2,5,3,CH Morris,0,0.005422584528719665
980997,2,5,4,CH Morris,0,0.013678028206518254
980997,2,5,5,CH Morris,0,0.07172832176984742
980997,2,5,6,CH Morris,0,0.07767877498682722
981009,1,0,1,B Kumar,0,0.00015766872995839673
981009,1,0,2,B Kumar,1,0.9095286387358535
981009,1,0,3,B Kumar,1,0.9816095058643901
981009,1,0,4,B Kumar,1,0.9149499703953669
981009,1,0,5,B Kumar,1,0.9499357457122806
981009,1,0,6,B Kumar,1,0.9364934827958783
981009,1,1,1,BB Sran,1,0.9995669754744221
981009,1,1,2,BB Sran,1,0.9158502545665541
981009,1,1,3,BB Sran,1,0.8341444039305175
981009,1,1,4,BB Sran,1,0.7227817475771451
981009,1,1,5,BB Sran,1,0.5314298298847924
981009,1,1,6,BB Sran,1,0.49698293377414754
981009,1,2,1,B Kumar,1,0.8641487337112709
981009,1,2,2,B Kumar,1,0.7384301065679465
981009,1,2,3,B Kumar,1,0.7257802883394188
981009,1,2,4,B Kumar,1,0.6312084906946086
981009,1,2,5,B Kumar,1,0.5809873489412382
981009,1,2,6,B Kumar,1,0.5195226342977903
981009,1,3,1,BB Sran,1,0.6359445836970293
981009,1,3,2,BB Sran,1,0.539599222331966
981009,1,3,3,BB Sran,1,0.423713251840963
981009,1,3,4,BB Sran,1,0.41139963755263453
981009,1,3,5,BB Sran,0,0.39575111353958736
981009,1,3,6,BB Sran,0,0.30674761905363856
981009,1,4,1,KS Williamson,0,0.0002476376305589042
981009,1,4,2,KS Williamson,0,0.01305909410942344
981009,1,4,3,KS Williamson,0,0.0026957473319778
981009,1,4,4,KS Williamson,1,0.45672951922629745
981009,1,4,5,KS Williamson,1,0.38260541563177236
981009,1,5,1,DJ Hooda,0,0.06254108414535099
981009,1,5,2,DJ Hooda,0,0.0744442437664119
981009,1,5,3,DJ Hooda,0,0.08950631772474286
981009,1,5,4,DJ Hooda,0,0.04458230571660439
981009,1,5,5,DJ Hooda,1,0.5363015067938272
981009,1,5,6,DJ Hooda,0,0.4412414594215653
981009,2,0,1,YK Pathan,1,0.01138635285454716
981009,2,0,2,YK Pathan,0,0.005781205556321872
981009,2,0,3,YK Pathan,1,0.015150014922543495
981009,2,0,4,YK Pathan,1,0.010073713556963628
981009,2,0,5,YK Pathan,0,0.011906111945196345
981009,2,1,1,AS Rajpoot,0,0.01285729285186172
981009,2,1,2,AS Rajpoot,0,0.012925093355088228
981009,2,1,3,AS Rajpoot,0,0.012718842941618118
981009,2,1,4,AS Rajpoot,0,0.030501486524133
981009,2,1,5,AS Rajpoot,0,0.03286083915909621
981009,2,1,6,AS Rajpoot,0,0.033744171127106634
981009,2,2,1,Shakib Al Hasan,1,0.9995744952693532
981009,2,2,2,Shakib Al Hasan,1,0.8984539321487472
981009,2,2,3,Shakib Al Hasan,0,0.5486892970225095
981009,2,2,4,Shakib Al Hasan,0,0.22961630825977294
981009,2,2,5,Shakib Al Hasan,0,0.23278198692904173
981009,2,2,6,Shakib Al Hasan,1,0.7692393854498263
981009,2,3,1,SP Narine,0,0.0012915603588951124
981009,2,3,2,SP Narine,1,0.9868287582327517
981009,2,3,3,SP Narine,1,0.884882592607897
981009,2,3,4,SP Narine,1,0.7270160620800297
981009,2,3,5,SP Narine,1,0.5866248318207941
981009,2,3,6,SP Narine,1,0.4337328967735715
981009,2,4,1,AS Rajpoot,0,0.06358487644468601
981009,2,4,2,AS Rajpoot,0,0.0432641336108037
981009,2,4,3,AS Rajpoot,1,0.24382981171612883
981009,2,4,4,AS Rajpoot,0,0.24382981171612883
981009,2,4,5,AS Rajpoot,1,0.5087394639986692
981009,2,4,6,AS Rajpoot,1,0.44536859732386513
981009,2,5,1,SP Narine,1,0.6715475722914375
981009,2,5,2,SP Narine,1,0.6920271969799613
981009,2,5,3,SP Narine,1,0.6513903240850585
981009,2,5,4,SP Narine,1,0.5136018482097255
981009,2,5,5,SP Narine,1,0.47875867728006144
981009,2,5,6,SP Narine,1,0.5046836679353888
1082591,1,0,1,TS Mills,0,0.00017522480117408573
1082591,1,0,2,TS Mills,0,0.00019110373550245964
1082591,1,0,3,TS Mills,1,0.5146882212272036
1082591,1,0,4,TS Mills,0,0.1650932492299793
1082591,1,0,5,TS Mills,1,0.6481687664981507
1082591,1,0,6,TS Mills,0,0.26895313573833
1082591,1,0,7,TS Mills,0,0.10932081276675297
1082591,1,1,1,A Choudhary,0,0.012290255420823461
1082591,1,1,2,A Choudhary,1,0.9587458829415251
1082591,1,1,3,A Choudhary,1,0.9759533311047921
1082591,1,1,4,A Choudhary,1,0.9866660311701015
1082591,1,1,5,A Choudhary,1,0.9705143836474351
1082591,1,1,6,A Choudhary,1,0.9124683113327783
1082591,1,1,7,A Choudhary,1,0.9514289149900671
1082591,1,2,1,TS Mills,0,0.2152684450112101
1082591,1,2,2,TS Mills,0,0.13085573749947077
1082591,1,2,3,TS Mills,0,0.05520168644790369
1082591,1,2,4,TS Mills,0,0.2324116035750785
1082591,1,2,5,TS Mills,0,0.24459349844030107
1082591,1,2,6,TS Mills,0,0.2500619292710557
1082591,1,3,1,YS Chahal,0,0.000907622320983051
1082591,1,3,2,YS Chahal,0,0.003983410465986536
1082591,1,3,3,YS Chahal,0,0.0020784180514922517
1082591,1,3,4,YS Chahal,0,0.004504121382047516
1082591,1,3,5,YS Chahal,0,0.008207440983450179
1082591,1,3,6,YS Chahal,0,0.012114184566094076
1082591,1,4,1,S Aravind,0,0.01878553730927547
1082591,1,4,2,S Aravind,0,0.020493937538332067
1082591,1,4,3,S Aravind,0,0.025844934948091938
1082591,1,4,4,S Aravind,0,0.031915802627513756
1082591,1,4,5,S Aravind,0,0.7428729659340404
1082591,1,4,6,S Aravind,0,0.6144543099874
1082591,1,5,1,SR Watson,1,0.9993648831340943
1082591,1,5,2,SR Watson,1,0.9994924130272143
1082591,1,5,3,SR Watson,1,0.9808354041242755
1082591,1,5,4,SR Watson,1,0.9823581679135838
1082591,1,5,5,SR Watson,1,0.9776705170370352
1082591,1,5,6,SR Watson,1,0.9644097373464698
1082591,2,0,1,A Nehra,0,0.07419451610967367
1082591,2,0,2,A Nehra,0,0.03903682476498186
1082591,2,0,3,A Nehra,0,0.009988984269641637
1082591,2,0,4,A Nehra,0,0.07646489876993037
1082591,2,0,5,A Nehra,0,0.5663144042492163
1082591,2,0,6,A Nehra,1,0.8115072000933968
1082591,2,1,1,B Kumar,0,0.00027730809571034637
1082591,2,1,2,B Kumar,0,0.00029480820055531105
1082591,2,1,3,B Kumar,0,0.008819109300714686
1082591,2,1,4,B Kumar,0,0.004015511502326793
1082591,2,1,5,B Kumar,0,0.0023642655221545574
1082591,2,1,6,B Kumar,0,0.0004556584838447648
1082591,2,2,1,A Nehra,0,0.6570550451637209
1082591,2,2,2,A Nehra,1,0.7861331536911159
1082591,2,2,3,A Nehra,1,0.7819184144757395
1082591,2,2,4,A Nehra,1,0.8436330259153112
1082591,2,2,5,A Nehra,1,0.7902488525105603
1082591,2,2,6,A Nehra,1,0.865590303927501
1082591,2,3,1,B Kumar,0,0.007635833217705469
1082591,2,3,2,B Kumar,0,0.26894692991631297
1082591,2,3,3,B Kumar,0,0.3123620286049832
1082591,2,3,4,B Kumar,0,0.3405255042355057
1082591,2,3,5,B Kumar,0,0.31456974399992993
1082591,2,3,6,B Kumar,0,0.3193834957282034
1082591,2,3,7,B Kumar,1,0.5234316241124446
1082591,2,4,1,BCJ Cutting,0,0.00035400204834595486
1082591,2,4,2,BCJ Cutting,0,0.0003763402628127675
1082591,2,4,3,BCJ Cutting,0,0.0003813408919308046
1082591,2,4,4,BCJ Cutting,0,0.0018810962758049586
1082591,2,4,5,BCJ Cutting,0,0.0013920787469903762
1082591,2,4,6,BCJ Cutting,0,0.0009914378069789708
1082591,2,4,7,BCJ Cutting,0,0.09168383745651061
1082591,2,5,1,Rashid Khan,0,0.0003398595376343948
1082591,2,5,2,Rashid Khan,1,0.9298459278328858
1082591,2,5,3,Rashid Khan,0,0.6073889777550115
1082591,2,5,4,Rashid Khan,0,0.4432177243527737
1082591,2,5,5,Rashid Khan,0,0.5540261980193142
1082591,2,5,6,Rashid Khan,0,0.4010777654793684
1082600,1,0,1,Harbhajan Singh,0,0.0004121393203411606
1082600,1,0,2,Harbhajan Singh,0,0.00041664053646648785
1082600,1,0,3,Harbhajan Singh,0,0.0003958205725295718
1082600,1,0,4,Harbhajan Singh,0,0.0003958205725295718
1082600,1,0,5,Harbhajan Singh,0,0.001553994643380405
1082600,1,0,6,Harbhajan Singh,0,0.0022727653907988078
1082600,1,1,1,SL Malinga,0,0.023952252528256526
1082600,1,1,2,SL Malinga,0,0.010561724579471708
1082600,1,1,3,SL Malinga,0,0.004796245558838568
1082600,1,1,4,SL Malinga,0,0.009598566593185205
1082600,1,1,5,SL Malinga,0,0.007191522007436556
1082600,1,1,6,SL Malinga,0,0.003249041344573304
1082600,1,2,1,Harbhajan Singh,0,0.20984982191362705
1082600,1,2,2,Harbhajan Singh,1,0.4949308380154149
1082600,1,2,3,Harbhajan Singh,1,0.34839924323033183
1082600,1,2,4,Harbhajan Singh,1,0.32341267397650625
1082600,1,2,5,Harbhajan Singh,0,0.2862578344064826
1082600,1,2,6,Harbhajan Singh,0,0.2527146083895354
1082600,1,3,1,JJ Bumrah,0,0.0014383224852777274
1082600,1,3,2,JJ Bumrah,0,0.022176447247726872
1082600,1,3,3,JJ Bumrah,0,0.019945056931482325
1082600,1,3,4,JJ Bumrah,0,0.009897917249284129
1082600,1,3,5,JJ Bumrah,0,0.021702725412822785
1082600,1,3,6,JJ Bumrah,0,0.01459753854663926
1082600,1,4,1,SL Malinga,0,0.19882987677317937
1082600,1,4,2,SL Malinga,0,0.11781763333633558
1082600,1,4,3,SL Malinga,0,0.34364363801009457
1082600,1,4,4,SL Malinga,0,0.34809808472930054
1082600,1,4,5,SL Malinga,0,0.3233960244752257
1082600,1,4,6,SL Malinga,0,0.2844573387167831
1082600,1,5,1,JJ Bumrah,0,0.018282081273735765
1082600,1,5,2,JJ Bumrah,0,0.019323253884681008
1082600,1,5,3,JJ Bumrah,0,0.01636940182021731
1082600,1,5,4,JJ Bumrah,0,0.018257058692497042
1082600,1,5,5,JJ Bumrah,0,0.02184632799693155
1082600,1,5,6,JJ Bumrah,1,0.27192562235477574
1082600,2,0,1,B Kumar,0,0.00031315830516410553
1082600,2,0,2,B Kumar,0,0.0040097111559708075
1082600,2,0,3,B Kumar,0,0.0010356229898067346
1082600,2,0,4,B Kumar,0,0.0008664459598545237
1082600,2,0,5,B Kumar,1,0.19740855956401626
1082600,2,0,6,B Kumar,0,0.10451651972401549
1082600,2,1,1,A Nehra,1,0.999518707539218
1082600,2,1,2,A Nehra,1,0.935377237944897
1082600,2,1,3,A Nehra,1,0.9844994685171348
1082600,2,1,4,A Nehra,1,0.9493353749661139
1082600,2,1,5,A Nehra,1,0.745069869291902
1082600,2,1,6,A Nehra,1,0.899468905407211
1082600,2,2,1,B Kumar,1,0.4500309556483172
1082600,2,2,2,B Kumar,1,0.2792262381625117
1082600,2,2,3,B Kumar,1,0.24274578233725738
1082600,2,2,4,B Kumar,1,0.25501053090896936
1082600,2,2,5,B Kumar,1,0.2931766935195132
1082600,2,2,6,B Kumar,1,0.260631503537177
1082600,2,3,1,A Nehra,1,0.7253277587922539
1082600,2,3,2,A Nehra,0,0.5774566888008984
1082600,2,3,3,A Nehra,1,0.685611397888463
1082600,2,3,4,A Nehra,1,0.6729688867545482
1082600,2,3,5,A Nehra,1,0.6745603270788217
1082600,2,3,6,A Nehra,1,0.7619223961748814
1082600,2,4,1,Rashid Khan,0,0.044531944371304415
1082600,2,4,2,Rashid Khan,0,0.009659795894230423
1082600,2,4,3,Rashid Khan,0,0.002278503464434583
1082600,2,4,4,Rashid Khan,0,0.012139204995855683
1082600,2,4,5,Rashid Khan,0,0.0033428163279534597
1082600,2,4,6,Rashid Khan,0,0.010642723843577537
1082600,2,5,1,Mustafizur Rahman,1,0.999548737603151
1082600,2,5,2,Mustafizur Rahman,1,0.9786802224895057
1082600,2,5,3,Mustafizur Rahman,1,0.8595278406399065
1082600,2,5,4,Mustafizur Rahman,1,0.9469312739149381
1082600,2,5,5,Mustafizur Rahman,1,0.9646132088074056
1082600,2,5,6,Mustafizur Rahman,1,0.9874784867988184
1082606,1,0,1,MJ McClenaghan,0,0.0009482157252166845
1082606,1,0,2,MJ McClenaghan,0,0.0182496857326604
1082606,1,0,3,MJ McClenaghan,0,0.0063546180903522416
1082606,1,0,4,MJ McClenaghan,0,0.004099006679184234
1082606,1,0,5,MJ McClenaghan,0,0.0033229634731477987
1082606,1,0,6,MJ McClenaghan,0,0.0022191721923968165
1082606,1,0,7,MJ McClenaghan,0,0.002843333284980048
1082606,1,1,1,SL Malinga,0,0.0005876052231778399
1082606,1,1,2,SL Malinga,0,0.006187522031161029
1082606,1,1,3,SL Malinga,0,0.002398505495004808
1082606,1,1,4,SL Malinga,0,0.8054264710175544
1082606,1,1,5,SL Malinga,1,0.9287898706833212
1082606,1,1,6,SL Malinga,1,0.8420465566169416
1082606,1,1,7,SL Malinga,0,0.8166921887686298
1082606,1,2,1,MJ McClenaghan,1,0.1994088678379911
1082606,1,2,2,MJ McClenaghan,1,0.2033874946058421
1082606,1,2,3,MJ McClenaghan,1,0.1314744562664411
1082606,1,2,4,MJ McClenaghan,0,0.09438995304905484
1082606,1,2,5,MJ McClenaghan,0,0.08166148027252572
1082606,1,2,6,MJ McClenaghan,0,0.0641660656099633
1082606,1,3,1,Harbhajan Singh,0,0.0006179224305576801
1082606,1,3,2,Harbhajan Singh,0,0.0006321312856132533
1082606,1,3,3,Harbhajan Singh,0,0.001675843477256303
1082606,1,3,4,Harbhajan Singh,0,0.0013809726369437647
1082606,1,3,5,Harbhajan Singh,0,0.0029473403096283352
1082606,1,3,6,Harbhajan Singh,0,0.004885611270729645
1082606,1,4,1,JJ Bumrah,0,0.001426978034547395
1082606,1,4,2,JJ Bumrah,0,0.006519524727787152
1082606,1,4,3,JJ Bumrah,0,0.0021345995237176513
1082606,1,4,4,JJ Bumrah,0,0.5608235854467644
1082606,1,4,5,JJ Bumrah,0,0.33762101463530236
1082606,1,4,6,JJ Bumrah,0,0.5016777786000689
1082606,1,5,1,SL Malinga,0,0.7208432900086323
1082606,1,5,2,SL Malinga,1,0.8432231777538303
1082606,1,5,3,SL Malinga,0,0.8045562352969012
1082606,1,5,4,SL Malinga,1,0.8901609086734785
1082606,1,5,5,SL Malinga,1,0.855652723234012
1082606,1,5,6,SL Malinga,1,0.8568856212401835
1082606,2,0,1,P Kumar,0,0.00048768495226089796
1082606,2,0,2,P Kumar,0,0.0004946146866196323
1082606,2,0,3,P Kumar,0,0.0004862609290055579
1082606,2,0,4,P Kumar,0,0.0004918164975477842
1082606,2,0,5,P Kumar,0,0.0012246210858008425
1082606,2,0,6,P Kumar,0,0.29754814374467564
1082606,2,0,7,P Kumar,0,0.31112462270522895
1082606,2,1,1,Basil Thampi,0,0.000523586431786227
1082606,2,1,2,Basil Thampi,0,0.01571412351061601
1082606,2,1,3,Basil Thampi,0,0.0046172931156440965
1082606,2,1,4,Basil Thampi,1,0.5691177992487696
1082606,2,1,5,Basil Thampi,1,0.4777273884337148
1082606,2,1,6,Basil Thampi,0,0.3607795363161884
1082606,2,1,7,Basil Thampi,0,0.36151446397668335
1082606,2,2,1,P Kumar,0,0.18487400058987347
1082606,2,2,2,P Kumar,0,0.20070156445746368
1082606,2,2,3,P Kumar,0,0.22625100920106053
1082606,2,2,4,P Kumar,0,0.21727732655551882
1082606,2,2,5,P Kumar,0,0.2372406740366034
1082606,2,2,6,P Kumar,0,0.31197261291866474
1082606,2,2,7,P Kumar,0,0.17241103021658855
1082606,2,2,8,P Kumar,0,0.1565859586325234
1082606,2,2,9,P Kumar,0,0.15289888016229625
1082606,2,2,10,P Kumar,0,0.14790804414681608
1082606,2,3,1,MM Patel,0,0.000630618543407472
1082606,2,3,2,MM Patel,0,0.0037190638667096887
1082606,2,3,3,MM Patel,1,0.5456537142317434
1082606,2,3,4,MM Patel,0,0.2702951095704938
1082606,2,3,5,MM Patel,0,0.2549500706941752
1082606,2,3,6,MM Patel,0,0.24083037881040553
1082606,2,4,1,Basil Thampi,0,0.1595480441063555
1082606,2,4,2,Basil Thampi,1,0.4744833031151418
1082606,2,4,3,Basil Thampi,1,0.38517656697968605
1082606,2,4,4,Basil Thampi,1,0.41615777177484436
1082606,2,4,5,Basil Thampi,1,0.6405243280076239
1082606,2,4,6,Basil Thampi,1,0.507966404861382
1082606,2,5,1,AJ Tye,0,0.017596181604524617
1082606,2,5,2,AJ Tye,0,0.020110428811721377
1082606,2,5,3,AJ Tye,0,0.009439621310092527
1082606,2,5,4,AJ Tye,0,0.005825323393148334
1082606,2,5,5,AJ Tye,1,0.42641372622097923
1082606,2,5,6,AJ Tye,1,0.3612942703972923
1082614,1,0,1,K Rabada,0,0.0004983305615051937
1082614,1,0,2,K Rabada,0,0.08021972299718494
1082614,1,0,3,K Rabada,0,0.10166329418189932
1082614,1,0,4,K Rabada,0,0.07745546356524456
1082614,1,0,5,K Rabada,0,0.06347666764159691
1082614,1,0,6,K Rabada,0,0.05396166942245358
1082614,1,0,7,K Rabada,0,0.03403270170641044
1082614,1,1,1,CH Morris,0,0.0004216326311392758
1082614,1,1,2,CH Morris,0,0.014352443082184196
1082614,1,1,3,CH Morris,0,0.005994306176241891
1082614,1,1,4,CH Morris,0,0.007222598287668915
1082614,1,1,5,CH Morris,1,0.6367771694958999
1082614,1,1,6,CH Morris,1,0.7955046212005581
1082614,1,1,7,CH Morris,1,0.7035350522447492
1082614,1,2,1,Z Khan,1,0.9995815561170902
1082614,1,2,2,Z Khan,1,0.9477745702746343
1082614,1,2,3,Z Khan,1,0.7832329584703629
1082614,1,2,4,Z Khan,1,0.5347724577491515
1082614,1,2,5,Z Khan,0,0.42211766694813563
1082614,1,2,6,Z Khan,0,0.48608975685690137
1082614,1,2,7,Z Khan,0,0.3788959419082452
1082614,1,3,1,K Rabada,0,0.034820800845567546
1082614,1,3,2,K Rabada,1,0.2770609315032186
1082614,1,3,3,K Rabada,1,0.1645620261879235
1082614,1,3,4,K Rabada,1,0.16603361929430513
1082614,1,3,5,K Rabada,1,0.1362279246031643
1082614,1,3,6,K Rabada,1,0.1605394875583943
1082614,1,3,7,K Rabada,1,0.11911124528624072
1082614,1,4,1,Z Khan,0,0.14372210239483008
1082614,1,4,2,Z Khan,0,0.13498808288835665
1082614,1,4,3,Z Khan,0,0.3472121470601717
1082614,1,4,4,Z Khan,0,0.33763794155263527
1082614,1,4,5,Z Khan,0,0.3245939316263112
1082614,1,4,6,Z Khan,1,0.4522061345340193
1082614,1,5,1,CH Morris,1,0.47096671876990076
1082614,1,5,2,CH Morris,1,0.4043126689950201
1082614,1,5,3,CH Morris,0,0.2982337794560324
1082614,1,5,4,CH Morris,0,0.2118169790152545
1082614,1,5,5,CH Morris,0,0.15129757959717494
1082614,1,5,6,CH Morris,0,0.1471375506439318
1082614,2,0,1,MG Johnson,0,0.0003474246448199595
1082614,2,0,2,MG Johnson,0,0.00034858963646367403
1082614,2,0,3,MG Johnson,0,0.0014139124026989153
1082614,2,0,4,MG Johnson,0,0.001232211931905634
1082614,2,0,5,MG Johnson,1,0.2683091946748227
1082614,2,0,6,MG Johnson,1,0.5219439886323503
1082614,2,1,1,MJ McClenaghan,0,0.011802287591694554
1082614,2,1,2,MJ McClenaghan,0,0.005989664731658299
1082614,2,1,3,MJ McClenaghan,0,0.0021068277379814337
1082614,2,1,4,MJ McClenaghan,0,0.0016270227444896406
1082614,2,1,5,MJ McClenaghan,1,0.2683091946748227
1082614,2,1,6,MJ McClenaghan,0,0.18256842304471055
1082614,2,2,1,MG Johnson,1,0.39018566522222503
1082614,2,2,2,MG Johnson,1,0.478572495533463
1082614,2,2,3,MG Johnson,1,0.42032166042329827
1082614,2,2,4,MG Johnson,1,0.42946054781608994
1082614,2,2,5,MG Johnson,1,0.359399153531986
1082614,2,2,6,MG Johnson,1,0.44853067207538694
1082614,2,3,1,MJ McClenaghan,0,0.11151321749121676
1082614,2,3,2,MJ McClenaghan,0,0.13250790441082777
1082614,2,3,3,MJ McClenaghan,0,0.11162893986015997
1082614,2,3,4,MJ McClenaghan,0,0.10104242288737916
1082614,2,3,5,MJ McClenaghan,0,0.1051863428017055
1082614,2,3,6,MJ McClenaghan,0,0.11899441349501454
1082614,2,3,7,MJ McClenaghan,0,0.11273781522375595
1082614,2,4,1,MG Johnson,1,0.3224637972810223
1082614,2,4,2,MG Johnson,1,0.3149831695025594
1082614,2,4,3,MG Johnson,0,0.30914938156717
1082614,2,4,4,MG Johnson,0,0.3695502490492215
1082614,2,4,5,MG Johnson,0,0.34890060344921825
1082614,2,4,6,MG Johnson,0,0.2112072119662372
1082614,2,5,1,JJ Bumrah,0,0.0005494828932852627
1082614,2,5,2,JJ Bumrah,0,0.0005447862205893443
1082614,2,5,3,JJ Bumrah,0,0.0006471966571210677
1082614,2,5,4,JJ Bumrah,0,0.002023677053211666
1082614,2,5,5,JJ Bumrah,0,0.001453524063183742
1082614,2,5,6,JJ Bumrah,0,0.0010812057694510897
1082614,2,5,7,JJ Bumrah,0,0.004292782974935902
1082623,1,0,1,I Sharma,0,0.00018559795408947346
1082623,1,0,2,I Sharma,0,0.01820744870228781
1082623,1,0,3,I Sharma,0,0.0075694994844528905
1082623,1,0,4,I Sharma,0,0.005019547566576754
1082623,1,0,5,I Sharma,0,0.002464855238008469
1082623,1,0,6,I Sharma,0,0.00111954165609666
1082623,1,1,1,Anureet Singh,0,0.017227670502711477
1082623,1,1,2,Anureet Singh,1,0.9619174309581786
1082623,1,1,3,Anureet Singh,1,0.9903609281038609
1082623,1,1,4,Anureet Singh,1,0.934877779888611
1082623,1,1,5,Anureet Singh,0,0.786922128424298
1082623,1,1,6,Anureet Singh,0,0.6948629122735033
1082623,1,2,1,I Sharma,0,0.0008013150091687486
1082623,1,2,2,I Sharma,0,0.1407322907802283
1082623,1,2,3,I Sharma,0,0.12519718914301142
1082623,1,2,4,I Sharma,0,0.12461997539423285
1082623,1,2,5,I Sharma,0,0.0925586816936947
1082623,1,2,6,I Sharma,0,0.10419956465774315
1082623,1,3,1,MM Sharma,0,0.020707145001732236
1082623,1,3,2,MM Sharma,0,0.006866096582460727
1082623,1,3,3,MM Sharma,0,0.7498053855886702
1082623,1,3,4,MM Sharma,0,0.5766604900401987
1082623,1,3,5,MM Sharma,1,0.8995097833868612
1082623,1,3,6,MM Sharma,0,0.8212344731088864
1082623,1,4,1,AR Patel,0,0.02306373341531229
1082623,1,4,2,AR Patel,0,0.010495261528927246
1082623,1,4,3,AR Patel,0,0.7498053855886702
1082623,1,4,4,AR Patel,1,0.975100930160026
1082623,1,4,5,AR Patel,1,0.9815852145793965
1082623,1,4,6,AR Patel,1,0.9791199109942386
1082623,1,5,1,I Sharma,0,0.20944428288615546
1082623,1,5,2,I Sharma,0,0.20903224871661463
1082623,1,5,3,I Sharma,0,0.20903224871661463
1082623,1,5,4,I Sharma,0,0.2797959662925329
1082623,1,5,5,I Sharma,0,0.21001622960450567
1082623,1,5,6,I Sharma,0,0.20282860557446422
1082623,2,0,1,B Kumar,0,0.00018129913101230208
1082623,2,0,2,B Kumar,0,0.008948882145371713
1082623,2,0,3,B Kumar,0,0.018230444415310132
1082623,2,0,4,B Kumar,1,0.5377196440946375
1082623,2,0,5,B Kumar,1,0.3304180399034895
1082623,2,0,6,B Kumar,1,0.7119787374133181
1082623,2,1,1,A Nehra,0,0.04397089744037467
1082623,2,1,2,A Nehra,0,0.00882527191213235
1082623,2,1,3,A Nehra,1,0.9019544594227014
1082623,2,1,4,A Nehra,1,0.9702589415507461
1082623,2,1,5,A Nehra,1,0.9003568035620925
1082623,2,1,6,A Nehra,1,0.9523308166733778
1082623,2,2,1,B Kumar,1,0.5909389443672628
1082623,2,2,2,B Kumar,1,0.48096471833580723
1082623,2,2,3,B Kumar,1,0.31617144193181645
1082623,2,2,4,B Kumar,0,0.19425393799976312
1082623,2,2,5,B Kumar,0,0.17763600470472496
1082623,2,2,6,B Kumar,0,0.17304056255067418
1082623,2,3,1,A Nehra,1,0.9584403416735975
1082623,2,3,2,A Nehra,1,0.9359227612082508
1082623,2,3,3,A Nehra,1,0.9532103760262441
1082623,2,3,4,A Nehra,1,0.922043399129682
1082623,2,3,5,A Nehra,1,0.8974988223718284
1082623,2,3,6,A Nehra,1,0.8708597252237513
1082623,2,4,1,S Kaul,0,0.0003075717096042228
1082623,2,4,2,S Kaul,0,0.0003291302146993281
1082623,2,4,3,S Kaul,0,0.0003343680896884041
1082623,2,4,4,S Kaul,0,0.26053968533731453
1082623,2,4,5,S Kaul,0,0.23034958138836276
1082623,2,4,6,S Kaul,0,0.0922757482987764
1082623,2,5,1,DJ Hooda,1,0.9994578328209622
1082623,2,5,2,DJ Hooda,0,0.930498385047385
1082623,2,5,3,DJ Hooda,1,0.9898099797604419
1082623,2,5,4,DJ Hooda,1,0.9895454760830582
1082623,2,5,5,DJ Hooda,1,0.9833324705308927
1082625,1,0,1,MJ McClenaghan,0,0.0006538574484234086
1082625,1,0,2,MJ McClenaghan,0,0.007157711795985032
1082625,1,0,3,MJ McClenaghan,0,0.0029211628962641264
1082625,1,0,4,MJ McClenaghan,0,0.7780851990519725
1082625,1,0,5,MJ McClenaghan,0,0.34896232766961277
1082625,1,0,6,MJ McClenaghan,0,0.33843358863429707
1082625,1,0,7,MJ McClenaghan,0,0.40241496806251514
1082625,1,1,1,SL Malinga,0,0.013224871220083251
1082625,1,1,2,SL Malinga,0,0.011572385569752446
1082625,1,1,3,SL Malinga,0,0.010095969360129714
1082625,1,1,4,SL Malinga,1,0.9277670903385479
1082625,1,1,5,SL Malinga,1,0.9321729978044817
1082625,1,1,6,SL Malinga,1,0.8512407241998067
1082625,1,1,7,SL Malinga,1,0.9342286468074885
1082625,1,1,8,SL Malinga,1,0.8260414558104309
1082625,1,2,1,MJ McClenaghan,0,0.7926608473309806
1082625,1,2,2,MJ McClenaghan,1,0.890504937731693
1082625,1,2,3,MJ McClenaghan,1,0.9395232465656742
1082625,1,2,4,MJ McClenaghan,1,0.904263443345455
1082625,1,2,5,MJ McClenaghan,0,0.8603083669136697
1082625,1,2,6,MJ McClenaghan,0,0.8543183369876388
1082625,1,3,1,Harbhajan Singh,1,0.9995272140684365
1082625,1,3,2,Harbhajan Singh,1,0.9423786918571294
1082625,1,3,3,Harbhajan Singh,1,0.8362267600325923
1082625,1,3,4,Harbhajan Singh,1,0.733213299419192
1082625,1,3,5,Harbhajan Singh,1,0.9111019973680311
1082625,1,3,6,Harbhajan Singh,1,0.8421228145349892
1082625,1,4,1,JJ Bumrah,0,0.00045339644175837875
1082625,1,4,2,JJ Bumrah,0,0.0003717663132897946
1082625,1,4,3,JJ Bumrah,0,0.0003654866353526768
1082625,1,4,4,JJ Bumrah,0,0.000376307206054412
1082625,1,4,5,JJ Bumrah,0,0.000808929591039546
1082625,1,4,6,JJ Bumrah,0,0.00048296181438946517
1082625,1,5,1,SL Malinga,1,0.7141557907004834
1082625,1,5,2,SL Malinga,1,0.6404278662208169
1082625,1,5,3,SL Malinga,1,0.6942608073483773
1082625,1,5,4,SL Malinga,1,0.6055863477014242
1082625,1,5,5,SL Malinga,0,0.49362636979149205
1082625,1,5,6,SL Malinga,0,0.4023188153642435
1082625,2,0,1,Basil Thampi,1,0.9995045141009381
1082625,2,0,2,Basil Thampi,1,0.9093333490630136
1082625,2,0,3,Basil Thampi,1,0.7198192315659153
1082625,2,0,4,Basil Thampi,1,0.8669232122446516
1082625,2,0,5,Basil Thampi,1,0.7773829238433227
1082625,2,0,6,Basil Thampi,1,0.9200925786421725
1082625,2,1,1,JP Faulkner,1,0.9994461441781447
1082625,2,1,2,JP Faulkner,1,0.9646695716272783
1082625,2,1,3,JP Faulkner,1,0.8192277420917129
1082625,2,1,4,JP Faulkner,1,0.896252878489337
1082625,2,1,5,JP Faulkner,1,0.8419785951570028
1082625,2,1,6,JP Faulkner,1,0.7743239109725034
1082625,2,2,1,IK Pathan,0,0.00026353055312675495
1082625,2,2,2,IK Pathan,0,0.8953081171850662
1082625,2,2,3,IK Pathan,1,0.9895460020898807
1082625,2,2,4,IK Pathan,1,0.9482235402635624
1082625,2,2,5,IK Pathan,1,0.8687688488765452
1082625,2,2,6,IK Pathan,1,0.9534533027320751
1082625,2,3,1,Ankit Soni,0,0.0003913522609350522
1082625,2,3,2,Ankit Soni,0,0.0003640294688088516
1082625,2,3,3,Ankit Soni,0,0.003960058266990166
1082625,2,3,4,Ankit Soni,0,0.01836833201473586
1082625,2,3,5,Ankit Soni,0,0.02337552796121282
1082625,2,3,6,Ankit Soni,0,0.017581229829229765
1082625,2,4,1,SK Raina,0,0.0011702484293376696
1082625,2,4,2,SK Raina,0,0.019479455996187275
1082625,2,4,3,SK Raina,0,0.008011975694704212
1082625,2,4,4,SK Raina,1,0.642743467799091
1082625,2,4,5,SK Raina,1,0.4376125994720765
1082625,2,4,6,SK Raina,1,0.3949864774599009
1082625,2,5,1,AJ Tye,1,0.999552195308996
1082625,2,5,2,AJ Tye,1,0.9716959737601311
1082625,2,5,3,AJ Tye,1,0.8201507366040021
1082625,2,5,4,AJ Tye,1,0.46406444533120206
1082625,2,5,5,AJ Tye,0,0.3112060802193783
1082625,3,0,1,JP Faulkner,0,0.01846404019417178
1082625,3,0,2,JP Faulkner,1,0.9184520779721812
1082625,3,0,3,JP Faulkner,1,0.988975206343083
1082625,3,0,4,JP Faulkner,1,0.957961122739081
1082625,4,0,1,JJ Bumrah,0,0.0006445832823568171
1082625,4,0,2,JJ Bumrah,1,0.007056839845561823
1082625,4,0,3,JJ Bumrah,1,0.006523538012471761
1082625,4,0,4,JJ Bumrah,1,0.007547731299488225
1082625,4,0,5,JJ Bumrah,1,0.003505948415179409
1082625,4,0,6,JJ Bumrah,0,0.0028964543978128557
1082625,4,0,7,JJ Bumrah,0,0.006444780019565086
1082627,1,0,1,NM Coulter-Nile,0,0.00013070239585829488
1082627,1,0,2,NM Coulter-Nile,0,0.015342365757449326
1082627,1,0,3,NM Coulter-Nile,0,0.007767370911188068
1082627,1,0,4,NM Coulter-Nile,1,0.6765391906476724
1082627,1,0,5,NM Coulter-Nile,0,0.3232618818476424
1082627,1,0,6,NM Coulter-Nile,0,0.20118208870870938
1082627,1,1,1,UT Yadav,0,0.00013070239585829488
1082627,1,1,2,UT Yadav,0,0.004441690323380192
1082627,1,1,3,UT Yadav,1,0.9117307482215916
1082627,1,1,4,UT Yadav,1,0.8188959307809928
1082627,1,1,5,UT Yadav,1,0.6837696536764082
1082627,1,1,6,UT Yadav,1,0.5782405749305244
1082627,1,2,1,CR Woakes,1,0.9994645663494549
1082627,1,2,2,CR Woakes,1,0.9995194761972291
1082627,1,2,3,CR Woakes,1,0.9889791680906939
1082627,1,2,4,CR Woakes,1,0.9669563000044104
1082627,1,2,5,CR Woakes,1,0.8897736621920331
1082627,1,2,6,CR Woakes,1,0.9505247144341409
1082627,1,3,1,YK Pathan,0,0.0005538962583306773
1082627,1,3,2,YK Pathan,0,0.9311110306157887
1082627,1,3,3,YK Pathan,0,0.9830827904076865
1082627,1,3,4,YK Pathan,1,0.987297126307473
1082627,1,3,5,YK Pathan,1,0.9604664139531492
1082627,1,4,1,SP Narine,1,0.9995352297350002
1082627,1,4,2,SP Narine,1,0.9995352297350002
1082627,1,4,3,SP Narine,1,0.9823185340969409
1082627,1,4,4,SP Narine,1,0.9903059373869321
1082627,1,4,5,SP Narine,1,0.9772502780088653
1082627,1,4,6,SP Narine,1,0.9511069648447196
1082627,1,4,7,SP Narine,1,0.9040091933843308
1082627,1,5,1,Kuldeep Yadav,1,0.9995000000477505
1082627,1,5,2,Kuldeep Yadav,1,0.9315648082482867
1082627,1,5,3,Kuldeep Yadav,1,0.983246655964952
1082627,1,5,4,Kuldeep Yadav,1,0.9902632430005457
1082627,1,5,5,Kuldeep Yadav,1,0.9715136836752937
1082627,1,5,6,Kuldeep Yadav,1,0.9048158422605581
1082627,1,5,7,Kuldeep Yadav,1,0.9158562817176603
1082627,1,5,8,Kuldeep Yadav,1,0.8714192166308811
1082627,2,0,1,B Kumar,0,0.000203557692371482
1082627,2,0,2,B Kumar,0,0.0065643332806988065
1082627,2,0,3,B Kumar,0,0.002305563660119749
1082627,2,0,4,B Kumar,1,0.47853650588139207
1082627,2,0,5,B Kumar,0,0.24098801085647262
1082627,2,0,6,B Kumar,1,0.6399313301368763
1082627,2,1,1,Mohammed Siraj,0,0.00020190914756172457
1082627,2,1,2,Mohammed Siraj,0,0.0002477586955076891
1082627,2,1,3,Mohammed Siraj,0,0.0002435731776001881
1082627,2,1,4,Mohammed Siraj,0,0.006450846526769281
1082627,2,1,5,Mohammed Siraj,0,0.005445626539044554
1082627,2,1,6,Mohammed Siraj,0,0.00898851134276737
1082627,2,2,1,S Kaul,0,0.00022823310867117465
1082627,2,2,2,S Kaul,0,0.00024891447893378205
1082627,2,2,3,S Kaul,0,0.00026657513341997636
1082627,2,2,4,S Kaul,0,0.00026657513341997636
1082627,2,2,5,S Kaul,0,0.0002713744041585259
1082627,2,2,6,S Kaul,0,0.03804090548865666
1082627,2,3,1,Mohammed Siraj,0,0.009524162430880848
1082627,2,3,2,Mohammed Siraj,0,0.012088671349763346
1082627,2,3,3,Mohammed Siraj,0,0.012687847179585751
1082627,2,3,4,Mohammed Siraj,0,0.0720740935029467
1082627,2,3,5,Mohammed Siraj,1,0.3701500039601993
1082627,2,3,6,Mohammed Siraj,0,0.32539024100192215
1082627,2,4,1,S Kaul,0,0.01437221826770572
1082627,2,4,2,S Kaul,0,0.3837966282902527
1082627,2,4,3,S Kaul,0,0.37598902379350135
1082627,2,4,4,S Kaul,0,0.3312516850675903
1082627,2,4,5,S Kaul,1,0.5287012437800239
1082627,2,4,6,S Kaul,1,0.5721899164863063
1082627,2,5,1,MC Henriques,0,0.00030243569412575914
1082627,2,5,2,MC Henriques,0,0.012752543140006465
1082627,2,5,3,MC Henriques,0,0.03504259896632367
1082627,2,5,4,MC Henriques,0,0.04128658386453449
1082627,2,5,5,MC Henriques,0,0.10035082443582563
1082627,2,5,6,MC Henriques,0,0.5408798217345939
1082638,1,0,1,B Kumar,0,0.09935726251130617
1082638,1,0,2,B Kumar,0,0.08023014114107611
1082638,1,0,3,B Kumar,0,0.07584380490215839
1082638,1,0,4,B Kumar,0,0.03272668643341943
1082638,1,0,5,B Kumar,0,0.06486631017486978
1082638,1,0,6,B Kumar,0,0.042480617521815804
1082638,1,0,7,B Kumar,0,0.024859115425270546
1082638,1,1,1,Mohammad Nabi,0,0.00037863855068006366
1082638,1,1,2,Mohammad Nabi,0,0.02275101127791067
1082638,1,1,3,Mohammad Nabi,0,0.00539153263955332
1082638,1,1,4,Mohammad Nabi,0,0.004418951230547123
1082638,1,1,5,Mohammad Nabi,0,0.002949672287656493
1082638,1,1,6,Mohammad Nabi,0,0.0006554441047143985
1082638,1,2,1,Mohammed Siraj,0,0.00039731469800593334
1082638,1,2,2,Mohammed Siraj,1,0.975759540705885
1082638,1,2,3,Mohammed Siraj,1,0.9238529948441612
1082638,1,2,4,Mohammed Siraj,1,0.9650970160422105
1082638,1,2,5,Mohammed Siraj,1,0.9695732088783673
1082638,1,2,6,Mohammed Siraj,1,0.9510180342695244
1082638,1,2,7,Mohammed Siraj,1,0.9473274988411071
1082638,1,3,1,Mohammad Nabi,0,0.006424688420826456
1082638,1,3,2,Mohammad Nabi,0,0.004289496448588402
1082638,1,3,3,Mohammad Nabi,0,0.0028126310083398517
1082638,1,3,4,Mohammad Nabi,0,0.0028126310083398517
1082638,1,3,5,Mohammad Nabi,0,0.0008841565929205213
1082638,1,3,6,Mohammad Nabi,0,0.006368826109763525
1082638,1,4,1,S Kaul,0,0.0011401698564466375
1082638,1,4,2,S Kaul,0,0.2529733784113803
1082638,1,4,3,S Kaul,0,0.46089144362533474
1082638,1,4,4,S Kaul,0,0.4640069610257949
1082638,1,4,5,S Kaul,0,0.5480385450374722
1082638,1,4,6,S Kaul,0,0.5626360140341601
1082638,1,5,1,Mohammad Nabi,0,0.03173878159068007
1082638,1,5,2,Mohammad Nabi,1,0.11652984344974388
1082638,1,5,3,Mohammad Nabi,1,0.11242503398402506
1082638,1,5,4,Mohammad Nabi,1,0.10770491503906408
1082638,1,5,5,Mohammad Nabi,1,0.11780743690509878
1082638,1,5,6,Mohammad Nabi,1,0.10648934839373585
1082638,2,0,1,Harbhajan Singh,0,0.0002500955725894289
1082638,2,0,2,Harbhajan Singh,1,0.9339740100358147
1082638,2,0,3,Harbhajan Singh,1,0.829696147631599
1082638,2,0,4,Harbhajan Singh,1,0.7527047260116605
1082638,2,0,5,Harbhajan Singh,1,0.46273056969108084
1082638,2,0,6,Harbhajan Singh,1,0.44375687092612115
1082638,2,1,1,MJ McClenaghan,0,0.0003350716467982101
1082638,2,1,2,MJ McClenaghan,0,0.013079178588905251
1082638,2,1,3,MJ McClenaghan,0,0.005229314720991832
1082638,2,1,4,MJ McClenaghan,0,0.003247802282356726
1082638,2,1,5,MJ McClenaghan,0,0.010760679420271544
1082638,2,1,6,MJ McClenaghan,0,0.009666897850443749
1082638,2,2,1,SL Malinga,0,0.021057579807832526
1082638,2,2,2,SL Malinga,0,0.02771883905649217
1082638,2,2,3,SL Malinga,0,0.05597574547760439
1082638,2,2,4,SL Malinga,0,0.05734984077814875
1082638,2,2,5,SL Malinga,1,0.8026194683518465
1082638,2,2,6,SL Malinga,1,0.789436392170938
1082638,2,3,1,Harbhajan Singh,1,0.39768610241925056
1082638,2,3,2,Harbhajan Singh,1,0.3774156422462273
1082638,2,3,3,Harbhajan Singh,1,0.3675651852804428
1082638,2,3,4,Harbhajan Singh,1,0.3569155323445037
1082638,2,3,5,Harbhajan Singh,1,0.3148103226271618
1082638,2,3,6,Harbhajan Singh,1,0.3225199853334031
1082638,2,4,1,JJ Bumrah,0,0.0004015620205081113
1082638,2,4,2,JJ Bumrah,0,0.04176182285868645
1082638,2,4,3,JJ Bumrah,1,0.9110835569513948
1082638,2,4,4,JJ Bumrah,1,0.8423181395147933
1082638,2,4,5,JJ Bumrah,1,0.9187955887021038
1082638,2,4,6,JJ Bumrah,1,0.8530264112937691
1082638,2,5,1,MJ McClenaghan,0,0.010561941603397833
1082638,2,5,2,MJ McClenaghan,0,0.25817621589165507
1082638,2,5,3,MJ McClenaghan,0,0.2306303301510358
1082638,2,5,4,MJ McClenaghan,0,0.1369505420715125
1082638,2,5,5,MJ McClenaghan,0,0.22168490060873475
1082638,2,5,6,MJ McClenaghan,0,0.11759501530610991
1082639,1,0,1,UT Yadav,0,0.07891026603018922
1082639,1,0,2,UT Yadav,0,0.09651536623302351
1082639,1,0,3,UT Yadav,0,0.03215483464827695
1082639,1,0,4,UT Yadav,1,0.5920348998319489
1082639,1,0,5,UT Yadav,0,0.37085537548408326
1082639,1,0,6,UT Yadav,0,0.5135962775198675
1082639,1,1,1,C de Grandhomme,0,0.0003474398199570525
1082639,1,1,2,C de Grandhomme,0,0.020685203516802596
1082639,1,1,3,C de Grandhomme,0,0.004637190544072992
1082639,1,1,4,C de Grandhomme,0,0.02476969377481865
1082639,1,1,5,C de Grandhomme,0,0.062230875981856
1082639,1,1,6,C de Grandhomme,0,0.031412573692860796
1082639,1,2,1,UT Yadav,0,0.33753846972272905
1082639,1,2,2,UT Yadav,0,0.38248313395607114
1082639,1,2,3,UT Yadav,0,0.37527464060072
1082639,1,2,4,UT Yadav,0,0.2711856690595315
1082639,1,2,5,UT Yadav,0,0.26394434015137025
1082639,1,2,6,UT Yadav,0,0.25848231680151945
1082639,1,2,7,UT Yadav,0,0.25848231680151945
1082639,1,3,1,SP Narine,0,0.0003921977281518386
1082639,1,3,2,SP Narine,1,0.9296769996143813
1082639,1,3,3,SP Narine,1,0.9859218184518844
1082639,1,3,4,SP Narine,1,0.9418343969616513
1082639,1,3,5,SP Narine,1,0.8361928233440928
1082639,1,3,6,SP Narine,1,0.6706654504608444
1082639,1,4,1,UT Yadav,0,0.17720200894385546
1082639,1,4,2,UT Yadav,0,0.4105189246393336
1082639,1,4,3,UT Yadav,0,0.40719915905967813
1082639,1,4,4,UT Yadav,1,0.6583128504792225
1082639,1,4,5,UT Yadav,1,0.6639868652887191
1082639,1,4,6,UT Yadav,1,0.664603518123378
1082639,1,5,1,SP Narine,1,0.5799636412856778
1082639,1,5,2,SP Narine,1,0.5564733001151312
1082639,1,5,3,SP Narine,1,0.47747503100080435
1082639,1,5,4,SP Narine,0,0.3511516906948447
1082639,1,5,5,SP Narine,0,0.32065371175927454
1082639,1,5,6,SP Narine,0,0.211233102452036
1082639,2,0,1,Sandeep Sharma,1,0.9994798969694878
1082639,2,0,2,Sandeep Sharma,1,0.9994807355919886
1082639,2,0,3,Sandeep Sharma,1,0.9788358248632384
1082639,2,0,4,Sandeep Sharma,1,0.920687305613832
1082639,2,0,5,Sandeep Sharma,1,0.9441156533541509
1082639,2,0,6,Sandeep Sharma,1,0.9393582627170057
1082639,2,1,1,MJ Henry,1,0.9994798969694878
1082639,2,1,2,MJ Henry,1,0.9821691723662234
1082639,2,1,3,MJ Henry,1,0.8216218811462678
1082639,2,1,4,MJ Henry,1,0.9501384623093759
1082639,2,1,5,MJ Henry,1,0.8768064422958086
1082639,2,1,6,MJ Henry,1,0.7216729403989587
1082639,2,2,1,Sandeep Sharma,1,0.8800296565276251
1082639,2,2,2,Sandeep Sharma,1,0.935996434103008
1082639,2,2,3,Sandeep Sharma,1,0.87898028622588
1082639,2,2,4,Sandeep Sharma,1,0.7434757960125803
1082639,2,2,5,Sandeep Sharma,1,0.6406296945823524
1082639,2,2,6,Sandeep Sharma,1,0.6264428215097482
1082639,2,3,1,MM Sharma,0,0.00034646811814994496
1082639,2,3,2,MM Sharma,1,0.9170823993557589
1082639,2,3,3,MM Sharma,1,0.9832031930554268
1082639,2,3,4,MM Sharma,1,0.9317059559578915
1082639,2,3,5,MM Sharma,1,0.6617888968802824
1082639,2,3,6,MM Sharma,1,0.5224928311043551
1082639,2,4,1,AR Patel,1,0.999505549823349
1082639,2,4,2,AR Patel,1,0.9995251600798996
1082639,2,4,3,AR Patel,1,0.9899621653219982
1082639,2,4,4,AR Patel,1,0.9360077783614147
1082639,2,4,5,AR Patel,1,0.8014411356651241
1082639,2,4,6,AR Patel,1,0.7107178731713134
1082639,2,5,1,MJ Henry,0,0.5615712523956399
1082639,2,5,2,MJ Henry,0,0.4800952616260081
1082639,2,5,3,MJ Henry,1,0.7055273988673334
1082639,2,5,4,MJ Henry,1,0.8771554967412166
1082639,2,5,5,MJ Henry,1,0.8159119698236756
1082639,2,5,6,MJ Henry,1,0.7170673867806318
1082642,1,0,1,JD Unadkat,0,0.0004749982311594633
1082642,1,0,2,JD Unadkat,0,0.018304624983830727
1082642,1,0,3,JD Unadkat,0,0.03053579657346633
1082642,1,0,4,JD Unadkat,0,0.019307812371336497
1082642,1,0,5,JD Unadkat,0,0.033580633032194274
1082642,1,0,6,JD Unadkat,0,0.021715659215627594
1082642,1,1,1,SN Thakur,0,0.026878336310716257
1082642,1,1,2,SN Thakur,0,0.032387684458972686
1082642,1,1,3,SN Thakur,0,0.04226654737443555
1082642,1,1,4,SN Thakur,0,0.04211657954468283
1082642,1,1,5,SN Thakur,0,0.08415478422770574
1082642,1,1,6,SN Thakur,0,0.08977597968441495
1082642,1,2,1,JD Unadkat,0,0.013753932658527266
1082642,1,2,2,JD Unadkat,0,0.009392781828666761
1082642,1,2,3,JD Unadkat,0,0.035231198442677004
1082642,1,2,4,JD Unadkat,0,0.06286954152091723
1082642,1,2,5,JD Unadkat,0,0.033798880271536186
1082642,1,2,6,JD Unadkat,0,0.0387038448189641
1082642,1,3,1,Washington Sundar,1,0.9995161077391178
1082642,1,3,2,Washington Sundar,1,0.909775165047971
1082642,1,3,3,Washington Sundar,1,0.9829906568077977
1082642,1,3,4,Washington Sundar,1,0.9306742214425182
1082642,1,3,5,Washington Sundar,1,0.8312408335694241
1082642,1,3,6,Washington Sundar,1,0.9517772564687101
1082642,1,4,1,BA Stokes,1,0.9994977227182692
1082642,1,4,2,BA Stokes,1,0.909775165047971
1082642,1,4,3,BA Stokes,1,0.4577264912700154
1082642,1,4,4,BA Stokes,0,0.4317600570167752
1082642,1,4,5,BA Stokes,1,0.8339045095877896
1082642,1,4,6,BA Stokes,1,0.9341369655477166
1082642,1,5,1,SN Thakur,0,0.3849179311043114
1082642,1,5,2,SN Thakur,0,0.7434737354558922
1082642,1,5,3,SN Thakur,0,0.669099396752571
1082642,1,5,4,SN Thakur,0,0.6300917958125254
1082642,1,5,5,SN Thakur,0,0.7078081063597992
1082642,1,5,6,SN Thakur,0,0.6563564566852547
1082642,2,0,1,Z Khan,0,0.00035992870550598103
1082642,2,0,2,Z Khan,0,0.011937343565824996
1082642,2,0,3,Z Khan,0,0.0035168028268047955
1082642,2,0,4,Z Khan,1,0.540089307265247
1082642,2,0,5,Z Khan,1,0.4594492859563258
1082642,2,0,6,Z Khan,1,0.7133732983291895
1082642,2,0,7,Z Khan,1,0.5086035997502256
1082642,2,1,1,Mohammed Shami,0,0.012998321330310956
1082642,2,1,2,Mohammed Shami,0,0.015316879852066105
1082642,2,1,3,Mohammed Shami,0,0.031754814875728385
1082642,2,1,4,Mohammed Shami,1,0.7327204413359805
1082642,2,1,5,Mohammed Shami,1,0.5695829375940333
1082642,2,1,6,Mohammed Shami,0,0.3625167649852812
1082642,2,2,1,Z Khan,1,0.38890682478658734
1082642,2,2,2,Z Khan,1,0.2386781509230728
1082642,2,2,3,Z Khan,1,0.1602622196977705
1082642,2,2,4,Z Khan,1,0.17257263747704496
1082642,2,2,5,Z Khan,1,0.1690801306188993
1082642,2,2,6,Z Khan,1,0.18536663928761554
1082642,2,3,1,S Nadeem,0,0.00048034935318150095
1082642,2,3,2,S Nadeem,0,0.00048767476767395105
1082642,2,3,3,S Nadeem,1,0.390323631989459
1082642,2,3,4,S Nadeem,1,0.9105051814596755
1082642,2,3,5,S Nadeem,1,0.8933120609868191
1082642,2,3,6,S Nadeem,1,0.8693373407842495
1082642,2,4,1,Z Khan,1,0.15956127401050757
1082642,2,4,2,Z Khan,1,0.1688981007354507
1082642,2,4,3,Z Khan,0,0.16328787047589957
1082642,2,4,4,Z Khan,0,0.16690458367612324
1082642,2,4,5,Z Khan,0,0.20384592194536416
1082642,2,4,6,Z Khan,1,0.18450020791322572
1082642,2,5,1,Mohammed Shami,0,0.23562719116839184
1082642,2,5,2,Mohammed Shami,0,0.2768520492573511
1082642,2,5,3,Mohammed Shami,0,0.2700956827061385
1082642,2,5,4,Mohammed Shami,0,0.1768642451869299
1082642,2,5,5,Mohammed Shami,0,0.5257313268084208
1082642,2,5,6,Mohammed Shami,1,0.5778860536373494
1082642,2,5,7,Mohammed Shami,1,0.5889994623090421
1082647,1,0,1,MJ McClenaghan,0,0.00040620003680730407
1082647,1,0,2,MJ McClenaghan,0,0.011393468944223238
1082647,1,0,3,MJ McClenaghan,0,0.014437414775168472
1082647,1,0,4,MJ McClenaghan,0,0.007694218742941247
1082647,1,0,5,MJ McClenaghan,0,0.023178011894307397
1082647,1,0,6,MJ McClenaghan,0,0.028391775057772572
1082647,1,0,7,MJ McClenaghan,0,0.012479173308001986
1082647,1,1,1,SL Malinga,0,0.0004878736416207519
1082647,1,1,2,SL Malinga,0,0.004935352599110074
1082647,1,1,3,SL Malinga,0,0.009032679721076279
1082647,1,1,4,SL Malinga,0,0.010609043246571923
1082647,1,1,5,SL Malinga,0,0.006554579642665998
1082647,1,1,6,SL Malinga,0,0.0032395059399873655
1082647,1,2,1,MJ McClenaghan,0,0.008805255336861821
1082647,1,2,2,MJ McClenaghan,0,0.008690984266404536
1082647,1,2,3,MJ McClenaghan,0,0.08852420751758495
1082647,1,2,4,MJ McClenaghan,0,0.1949181104555253
1082647,1,2,5,MJ McClenaghan,0,0.22606716022181608
1082647,1,2,6,MJ McClenaghan,0,0.19056292417376727
1082647,1,3,1,JJ Bumrah,0,0.018795494585694888
1082647,1,3,2,JJ Bumrah,0,0.017377990747412225
1082647,1,3,3,JJ Bumrah,0,0.009120582692959012
1082647,1,3,4,JJ Bumrah,0,0.01136293237264209
1082647,1,3,5,JJ Bumrah,0,0.023664816842282586
1082647,1,3,6,JJ Bumrah,0,0.028264695815664265
1082647,1,4,1,KV Sharma,0,0.0005666200600249226
1082647,1,4,2,KV Sharma,0,0.0005586300709099919
1082647,1,4,3,KV Sharma,0,0.0025157724466429096
1082647,1,4,4,KV Sharma,1,0.3706329735686334
1082647,1,4,5,KV Sharma,0,0.3314646729946457
1082647,1,4,6,KV Sharma,0,0.2852916740893352
1082647,1,5,1,SL Malinga,0,0.0022951948529577096
1082647,1,5,2,SL Malinga,0,0.005243843130287042
1082647,1,5,3,SL Malinga,0,0.003148936324926783
1082647,1,5,4,SL Malinga,0,0.0032919647226633234
1082647,1,5,5,SL Malinga,0,0.0025952444728477805
1082647,1,5,6,SL Malinga,0,0.004087685847256565
1082647,2,0,1,JD Unadkat,0,0.0006467135851836089
1082647,2,0,2,JD Unadkat,0,0.0006507800900686685
1082647,2,0,3,JD Unadkat,0,0.0005998574450326451
1082647,2,0,4,JD Unadkat,0,0.0017714020611673004
1082647,2,0,5,JD Unadkat,0,0.001309422919111421
1082647,2,0,6,JD Unadkat,0,0.0007029408574546083
1082647,2,1,1,Washington Sundar,0,0.0005979075979588856
1082647,2,1,2,Washington Sundar,0,0.0006016673978358263
1082647,2,1,3,Washington Sundar,0,0.0017487735806335993
1082647,2,1,4,Washington Sundar,0,0.001363828306371423
1082647,2,1,5,Washington Sundar,1,0.3431584118649017
1082647,2,1,6,Washington Sundar,1,0.3233531046820646
1082647,2,2,1,JD Unadkat,1,0.26976293132797957
1082647,2,2,2,JD Unadkat,1,0.281535305219549
1082647,2,2,3,JD Unadkat,1,0.1965170583128123
1082647,2,2,4,JD Unadkat,0,0.164403694114156
1082647,2,2,5,JD Unadkat,0,0.16563973169966373
1082647,2,2,6,JD Unadkat,0,0.19704597638429153
1082647,2,3,1,LH Ferguson,0,0.001403189982943423
1082647,2,3,2,LH Ferguson,0,0.03987360670975195
1082647,2,3,3,LH Ferguson,0,0.032691597257867536
1082647,2,3,4,LH Ferguson,1,0.9146974916090636
1082647,2,3,5,LH Ferguson,1,0.7767544617141018
1082647,2,3,6,LH Ferguson,1,0.6149778236939327
1082647,2,3,7,LH Ferguson,1,0.61377797474825
1082647,2,3,8,LH Ferguson,1,0.5884066152370605
1082647,2,4,1,SN Thakur,1,0.9996306216296184
1082647,2,4,2,SN Thakur,1,0.9834565343096059
1082647,2,4,3,SN Thakur,1,0.8303037625203465
1082647,2,4,4,SN Thakur,1,0.7189009125346805
1082647,2,4,5,SN Thakur,0,0.6179762504181541
1082647,2,4,6,SN Thakur,1,0.795408345096911
1082647,2,5,1,Washington Sundar,1,0.34773043285776356
1082647,2,5,2,Washington Sundar,1,0.34748152152057904
1082647,2,5,3,Washington Sundar,1,0.15992310574971721
1082647,2,5,4,Washington Sundar,1,0.0871882149139316
1082647,2,5,5,Washington Sundar,1,0.06779973450030881
1082647,2,5,6,Washington Sundar,1,0.07821488151623793
1136565,1,0,1,DL Chahar,0,0.0004976563346995185
1136565,1,0,2,DL Chahar,0,0.8899002703441483
1136565,1,0,3,DL Chahar,0,0.6655311567143454
1136565,1,0,4,DL Chahar,0,0.8293965301491932
1136565,1,0,5,DL Chahar,0,0.5104677609162105
1136565,1,0,6,DL Chahar,0,0.9100856630585344
1136565,1,1,1,Harbhajan Singh,0,0.0005755161728281916
1136565,1,1,2,Harbhajan Singh,0,0.028481715505306277
1136565,1,1,3,Harbhajan Singh,0,0.02139660361784836
1136565,1,1,4,Harbhajan Singh,0,0.025738183465463513
1136565,1,1,5,Harbhajan Singh,0,0.03155566229768556
1136565,1,1,6,Harbhajan Singh,0,0.023556697873181612
1136565,1,2,1,SR Watson,1,0.9995853047063233
1136565,1,2,2,SR Watson,1,0.9596656165527049
1136565,1,2,3,SR Watson,1,0.9917495204359724
1136565,1,2,4,SR Watson,1,0.9237542199822184
1136565,1,2,5,SR Watson,1,0.9499472722541291
1136565,1,2,6,SR Watson,1,0.9191946886901711
1136565,1,3,1,RA Jadeja,0,0.055412684276331
1136565,1,3,2,RA Jadeja,0,0.020064297118236755
1136565,1,3,3,RA Jadeja,0,0.04070858225043356
1136565,1,3,4,RA Jadeja,0,0.023814187204584995
1136565,1,3,5,RA Jadeja,0,0.022639492620588963
1136565,1,3,6,RA Jadeja,0,0.018609207906997244
1136565,1,4,1,Imran Tahir,0,0.0005633925377922988
1136565,1,4,2,Imran Tahir,0,0.0005366266952511251
1136565,1,4,3,Imran Tahir,0,0.025307084499278508
1136565,1,4,4,Imran Tahir,1,0.4988157942906688
1136565,1,4,5,Imran Tahir,1,0.5627203473204392
1136565,1,4,6,Imran Tahir,1,0.8470078096165261
1136565,1,5,1,RA Jadeja,0,0.2520987358812781
1136565,1,5,2,RA Jadeja,0,0.13578968394935806
1136565,1,5,3,RA Jadeja,0,0.13840789074161658
1136565,1,5,4,RA Jadeja,0,0.1567945615871029
1136565,1,5,5,RA Jadeja,0,0.6195765198651491
1136565,2,0,1,R Vinay Kumar,0,0.0003625985224264046
1136565,2,0,2,R Vinay Kumar,0,0.0003840620930987621
1136565,2,0,3,R Vinay Kumar,0,0.03970180533288303
1136565,2,0,4,R Vinay Kumar,0,0.5202476269931702
1136565,2,0,5,R Vinay Kumar,0,0.9155358169410813
1136565,2,0,6,R Vinay Kumar,0,0.9566492818600975
1136565,2,1,1,PP Chawla,0,0.1744575755775945
1136565,2,1,2,PP Chawla,1,0.986835325373759
1136565,2,1,3,PP Chawla,1,0.9126252869280367
1136565,2,1,4,PP Chawla,0,0.6896186340509867
1136565,2,1,5,PP Chawla,1,0.9219344830387365
1136565,2,1,6,PP Chawla,1,0.8892116089967179
1136565,2,2,1,AD Russell,0,0.00045357280803198167
1136565,2,2,2,AD Russell,0,0.03145106936635979
1136565,2,2,3,AD Russell,0,0.01985195346324727
1136565,2,2,4,AD Russell,0,0.4765860138053902
1136565,2,2,5,AD Russell,0,0.4465577427849673
1136565,2,2,6,AD Russell,0,0.45634817775797887
1136565,2,3,1,PP Chawla,1,0.9450835987351026
1136565,2,3,2,PP Chawla,1,0.8683573719617558
1136565,2,3,3,PP Chawla,1,0.9495904281977715
1136565,2,3,4,PP Chawla,1,0.9767790336431014
1136565,2,3,5,PP Chawla,1,0.9478705868076017
1136565,2,3,6,PP Chawla,1,0.9111989435409018
1136565,2,4,1,AD Russell,0,0.2921460233791615
1136565,2,4,2,AD Russell,0,0.32433224965326535
1136565,2,4,3,AD Russell,0,0.30766717606078114
1136565,2,4,4,AD Russell,0,0.46012188508020135
1136565,2,4,5,AD Russell,0,0.45467577350424
1136565,2,4,6,AD Russell,0,0.46616398318291824
1136565,2,5,1,TK Curran,1,0.9995748099121107
1136565,2,5,2,TK Curran,1,0.999578993579611
1136565,2,5,3,TK Curran,1,0.9919022650158846
1136565,2,5,4,TK Curran,1,0.984420785363653
1136565,2,5,5,TK Curran,1,0.9288511450015896
1136565,2,5,6,TK Curran,0,0.850491195616977
1136566,1,0,1,TA Boult,0,0.00023482077641763448
1136566,1,0,2,TA Boult,0,0.008759049855193319
1136566,1,0,3,TA Boult,0,0.005383650682871554
1136566,1,0,4,TA Boult,0,0.00349476719809198
1136566,1,0,5,TA Boult,0,0.01684442775839866
1136566,1,0,6,TA Boult,0,0.017213570494750835
1136566,1,1,1,S Nadeem,1,0.9989113191995472
1136566,1,1,2,S Nadeem,1,0.9661220962480037
1136566,1,1,3,S Nadeem,1,0.8892114704600391
1136566,1,1,4,S Nadeem,1,0.6223526703568097
1136566,1,1,5,S Nadeem,0,0.45280484606033805
1136566,1,1,6,S Nadeem,0,0.40043419582395473
1136566,1,2,1,TA Boult,0,0.0115839696956759
1136566,1,2,2,TA Boult,0,0.008475963226266075
1136566,1,2,3,TA Boult,0,0.10065855082231263
1136566,1,2,4,TA Boult,0,0.10894629002027892
1136566,1,2,5,TA Boult,0,0.10124304506795892
1136566,1,2,6,TA Boult,0,0.07142147176126522
1136566,1,3,1,CH Morris,0,0.0008985829891368362
1136566,1,3,2,CH Morris,0,0.008313170330350233
1136566,1,3,3,CH Morris,0,0.005720651001117827
1136566,1,3,4,CH Morris,1,0.7784059602493144
1136566,1,3,5,CH Morris,0,0.6060290084940274
1136566,1,3,6,CH Morris,0,0.5010830149965907
1136566,1,4,1,TA Boult,0,0.02989965438673889
1136566,1,4,2,TA Boult,0,0.021279972169019
1136566,1,4,3,TA Boult,0,0.1536491050107935
1136566,1,4,4,TA Boult,0,0.39501817213455215
1136566,1,4,5,TA Boult,0,0.3860178898157103
1136566,1,5,1,CH Morris,0,0.3692546483132268
1136566,1,5,2,CH Morris,0,0.3487282815281933
1136566,1,5,3,CH Morris,0,0.2219419576636487
1136566,1,5,4,CH Morris,0,0.23136839310469404
1136566,1,5,5,CH Morris,0,0.2147266100267838
1136566,1,5,6,CH Morris,0,0.21826866547360965
1136566,2,0,1,K Gowtham,0,0.0004216867345130501
1136566,2,0,2,K Gowtham,0,0.012723437792570395
1136566,2,0,3,K Gowtham,1,0.6737800264741761
1136566,2,0,4,K Gowtham,0,0.37249978273534207
1136566,2,0,5,K Gowtham,1,0.71505436575074
1136566,2,1,1,DS Kulkarni,0,0.0005003515628757115
1136566,2,1,2,DS Kulkarni,0,0.01610253641818549
1136566,2,1,3,DS Kulkarni,1,0.011539233438729661
1136566,2,1,4,DS Kulkarni,1,0.021071912183623333
1136566,2,1,5,DS Kulkarni,1,0.02184396341101682
1136566,2,1,6,DS Kulkarni,0,0.024503322496049227
1136566,2,2,1,JD Unadkat,0,0.0005136411938922758
1136566,2,2,2,JD Unadkat,0,0.00047782344521656424
1136566,2,2,3,JD Unadkat,0,0.0004854265189203505
1136566,2,2,4,JD Unadkat,0,0.30813805058960364
1136566,2,2,5,JD Unadkat,0,0.8248325355691697
1136566,2,2,6,JD Unadkat,1,0.9106114586504046
1136566,2,3,1,B Laughlin,0,0.007965058822925945
1136566,2,3,2,B Laughlin,0,0.0231280714704388
1136566,2,3,3,B Laughlin,0,0.02419770791199401
1136566,2,3,4,B Laughlin,0,0.013193090553395475
1136566,2,3,5,B Laughlin,0,0.019843669215767187
1136566,2,3,6,B Laughlin,0,0.011508626934670191
1136566,2,4,1,JD Unadkat,1,0.8491199929120054
1136566,2,4,2,JD Unadkat,1,0.8950268841326565
1136566,2,4,3,JD Unadkat,1,0.8565545668068737
1136566,2,4,4,JD Unadkat,1,0.890562906337759
1136566,2,4,5,JD Unadkat,1,0.8553224266519198
1136566,2,5,1,B Laughlin,0,0.016688929907100716
1136566,2,5,2,B Laughlin,0,0.024623046894554756
1136566,2,5,3,B Laughlin,0,0.028642594162044357
1136566,2,5,4,B Laughlin,0,0.04252052465438323
1136566,2,5,5,B Laughlin,0,0.1924971212351364
1136567,1,0,1,Sandeep Sharma,0,0.0003633720294684186
1136567,1,0,2,Sandeep Sharma,0,0.00036254774068721773
1136567,1,0,3,Sandeep Sharma,0,0.00036831723606679296
1136567,1,0,4,Sandeep Sharma,0,0.002531059425742459
1136567,1,0,5,Sandeep Sharma,0,0.0021772262135501407
1136567,1,0,6,Sandeep Sharma,0,0.00045849655439129407
1136567,1,1,1,B Stanlake,0,0.00036673622580209745
1136567,1,1,2,B Stanlake,1,0.9820827767140533
1136567,1,1,3,B Stanlake,1,0.828087418491761
1136567,1,1,4,B Stanlake,0,0.6081730449566982
1136567,1,1,5,B Stanlake,1,0.8513072700092132
1136567,1,1,6,B Stanlake,0,0.836466915597189
1136567,1,2,1,Sandeep Sharma,0,0.277556435120757
1136567,1,2,2,Sandeep Sharma,1,0.3260275657612154
1136567,1,2,3,Sandeep Sharma,0,0.24568257842445587
1136567,1,2,4,Sandeep Sharma,0,0.2604361328247635
1136567,1,2,5,Sandeep Sharma,1,0.5829227068086983
1136567,1,2,6,Sandeep Sharma,1,0.7012180267523647
1136567,1,3,1,B Stanlake,1,0.9281501275040409
1136567,1,3,2,B Stanlake,1,0.8640486113823554
1136567,1,3,3,B Stanlake,0,0.8054352639520592
1136567,1,3,4,B Stanlake,1,0.8803191638469374
1136567,1,3,5,B Stanlake,1,0.8855859862808761
1136567,1,3,6,B Stanlake,1,0.9481849865776781
1136567,1,3,7,B Stanlake,1,0.9375801450310215
1136567,1,4,1,Rashid Khan,0,0.0008968234039091254
1136567,1,4,2,Rashid Khan,0,0.0008841812903238348
1136567,1,4,3,Rashid Khan,0,0.0008982444742685804
1136567,1,4,4,Rashid Khan,0,0.0008965510793574544
1136567,1,4,5,Rashid Khan,0,0.0034241886592672973
1136567,1,4,6,Rashid Khan,0,0.000747677008983614
1136567,1,5,1,S Kaul,0,0.0008876183977791529
1136567,1,5,2,S Kaul,0,0.001695749255459517
1136567,1,5,3,S Kaul,0,0.0017226984286800278
1136567,1,5,4,S Kaul,0,0.5425704642693608
1136567,1,5,5,S Kaul,0,0.672214955525892
1136567,1,5,6,S Kaul,0,0.6403343139185433
1136567,2,0,1,PJ Sangwan,0,0.019620548202318955
1136567,2,0,2,PJ Sangwan,1,0.9407824223486349
1136567,2,0,3,PJ Sangwan,1,0.8021336781748589
1136567,2,0,4,PJ Sangwan,0,0.571529490726015
1136567,2,0,5,PJ Sangwan,0,0.3736997309246765
1136567,2,0,6,PJ Sangwan,0,0.3723968021842437
1136567,2,1,1,JJ Bumrah,0,0.00026228991049263037
1136567,2,1,2,JJ Bumrah,0,0.01247546469796283
1136567,2,1,3,JJ Bumrah,0,0.020407203214809613
1136567,2,1,4,JJ Bumrah,0,0.01970723848628779
1136567,2,1,5,JJ Bumrah,1,0.4476179244739864
1136567,2,1,6,JJ Bumrah,1,0.4422205168754761
1136567,2,2,1,PJ Sangwan,0,0.635256189230717
1136567,2,2,2,PJ Sangwan,0,0.5021064311900366
1136567,2,2,3,PJ Sangwan,1,0.7222603375650436
1136567,2,2,4,PJ Sangwan,0,0.6343470738607239
1136567,2,2,5,PJ Sangwan,1,0.7319220881816667
1136567,2,3,1,BCJ Cutting,0,0.01887607768690144
1136567,2,3,2,BCJ Cutting,0,0.01829844310296382
1136567,2,3,3,BCJ Cutting,0,0.020878639794092758
1136567,2,3,4,BCJ Cutting,1,0.7171561236458034
1136567,2,3,5,BCJ Cutting,0,0.6343777772820945
1136567,2,3,6,BCJ Cutting,0,0.646620458544089
1136567,2,4,1,KH Pandya,1,0.055405081958211394
1136567,2,4,2,KH Pandya,0,0.022301936951048082
1136567,2,4,3,KH Pandya,0,0.05300892647515401
1136567,2,4,4,KH Pandya,0,0.025459615630504015
1136567,2,4,5,KH Pandya,0,0.04868305094937076
1136567,2,4,6,KH Pandya,0,0.060082459020938214
1136567,2,5,1,JJ Bumrah,1,0.7140299367540309
1136567,2,5,2,JJ Bumrah,1,0.6517573903967472
1136567,2,5,3,JJ Bumrah,1,0.5986327971921044
1136567,2,5,4,JJ Bumrah,1,0.5647348889833694
1136567,2,5,5,JJ Bumrah,1,0.6966395274172935
1136567,2,5,6,JJ Bumrah,1,0.7715286670281677
1136570,1,0,1,B Kumar,0,0.00015766872995839673
1136570,1,0,2,B Kumar,0,0.00016925300765675914
1136570,1,0,3,B Kumar,0,0.0001719469874092675
1136570,1,0,4,B Kumar,0,0.0001719469874092675
1136570,1,0,5,B Kumar,0,0.0007671066717255861
1136570,1,0,6,B Kumar,0,0.0002657395058792913
1136570,1,1,1,B Stanlake,0,0.014081538573202407
1136570,1,1,2,B Stanlake,0,0.004318587373375847
1136570,1,1,3,B Stanlake,1,0.7356777933880105
1136570,1,1,4,B Stanlake,1,0.9385297595920195
1136570,1,1,5,B Stanlake,1,0.7928124164456611
1136570,1,1,6,B Stanlake,1,0.6294315744523397
1136570,1,2,1,B Kumar,0,0.001474132584692702
1136570,1,2,2,B Kumar,0,0.028767381521998633
1136570,1,2,3,B Kumar,0,0.03379017576322367
1136570,1,2,4,B Kumar,0,0.034284639633902415
1136570,1,2,5,B Kumar,0,0.18794202796953885
1136570,1,2,6,B Kumar,0,0.19655492833008326
1136570,1,3,1,B Stanlake,1,0.4450231676810154
1136570,1,3,2,B Stanlake,1,0.4015669971319306
1136570,1,3,3,B Stanlake,1,0.2502037145779832
1136570,1,3,4,B Stanlake,1,0.1821361679723028
1136570,1,3,5,B Stanlake,1,0.15576312138749784
1136570,1,3,6,B Stanlake,1,0.08994093361738219
1136570,1,4,1,S Kaul,0,0.0002476376305589042
1136570,1,4,2,S Kaul,1,0.9274522445813869
1136570,1,4,3,S Kaul,1,0.982339566791273
1136570,1,4,4,S Kaul,1,0.9680420752533943
1136570,1,4,5,S Kaul,1,0.8852284463642008
1136570,1,4,6,S Kaul,1,0.9508122840311771
1136570,1,5,1,Rashid Khan,0,0.00024333961348804267
1136570,1,5,2,Rashid Khan,0,0.012979323731576583
1136570,1,5,3,Rashid Khan,0,0.04003887967399636
1136570,1,5,4,Rashid Khan,1,0.7868782085121349
1136570,1,5,5,Rashid Khan,1,0.6378351315726029
1136570,1,5,6,Rashid Khan,1,0.852989748318147
1136570,2,0,1,MG Johnson,0,0.0005023580813037737
1136570,2,0,2,MG Johnson,0,0.007280235308578961
1136570,2,0,3,MG Johnson,0,0.0016289273262372892
1136570,2,0,4,MG Johnson,0,0.007863635349256631
1136570,2,0,5,MG Johnson,0,0.0024193904212123003
1136570,2,0,6,MG Johnson,0,0.0016660280494116754
1136570,2,0,7,MG Johnson,0,0.31022806695999594
1136570,2,0,8,MG Johnson,0,0.1467759440220441
1136570,2,1,1,AD Russell,0,0.01285729285186172
1136570,2,1,2,AD Russell,1,0.9555831818000396
1136570,2,1,3,AD Russell,0,0.8306601283173773
1136570,2,1,4,AD Russell,0,0.6395478485293766
1136570,2,1,5,AD Russell,0,0.8424238138119376
1136570,2,1,6,AD Russell,0,0.7569840399733263
1136570,2,2,1,MG Johnson,0,0.17424721920138034
1136570,2,2,2,MG Johnson,0,0.15081892935082325
1136570,2,2,3,MG Johnson,0,0.392630977214232
1136570,2,2,4,MG Johnson,0,0.42337975732678845
1136570,2,2,5,MG Johnson,1,0.6168324443481835
1136570,2,2,6,MG Johnson,1,0.7320181506486905
1136570,2,2,7,MG Johnson,1,0.7338396441459142
1136570,2,3,1,SP Narine,0,0.001539397939628462
1136570,2,3,2,SP Narine,0,0.001670821943734455
1136570,2,3,3,SP Narine,0,0.0016973756408810122
1136570,2,3,4,SP Narine,0,0.003121752306307491
1136570,2,3,5,SP Narine,0,0.006948780448119554
1136570,2,3,6,SP Narine,0,0.010271713887499024
1136570,2,4,1,PP Chawla,0,0.025444093283274016
1136570,2,4,2,PP Chawla,0,0.028309629407584188
1136570,2,4,3,PP Chawla,1,0.871792861639587
1136570,2,4,4,PP Chawla,1,0.9635315877839699
1136570,2,4,5,PP Chawla,1,0.8814627809705015
1136570,2,4,6,PP Chawla,1,0.7963558484572242
1136570,2,5,1,SP Narine,0,0.09510817525440293
1136570,2,5,2,SP Narine,0,0.06670483487811292
1136570,2,5,3,SP Narine,0,0.06467687742773626
1136570,2,5,4,SP Narine,0,0.04796894558188948
1136570,2,5,5,SP Narine,0,0.041415186847318625
1136570,2,5,6,SP Narine,0,0.02749015756636012
1136570,2,5,7,SP Narine,0,0.020924935306152803
1136571,1,0,1,Washington Sundar,0,0.0006914024064340804
1136571,1,0,2,Washington Sundar,0,0.002954670481771218
1136571,1,0,3,Washington Sundar,0,0.0028616422003196248
1136571,1,0,4,Washington Sundar,0,0.002646311316767051
1136571,1,0,5,Washington Sundar,0,0.0026664127382853096
1136571,1,0,6,Washington Sundar,0,0.00056924787163543
1136571,1,1,1,CR Woakes,0,0.0006546410895053619
1136571,1,1,2,CR Woakes,0,0.009606526387851805
1136571,1,1,3,CR Woakes,1,0.9450467893835465
1136571,1,1,4,CR Woakes,0,0.7515907837682813
1136571,1,1,5,CR Woakes,0,0.5520932370532454
1136571,1,1,6,CR Woakes,0,0.41456295839313295
1136571,1,1,7,CR Woakes,0,0.2911138271498765
1136571,1,2,1,Washington Sundar,0,0.001904221457119546
1136571,1,2,2,Washington Sundar,0,0.0022804233358765893
1136571,1,2,3,Washington Sundar,0,0.0033419888324487377
1136571,1,2,4,Washington Sundar,0,0.050200850677003715
1136571,1,2,5,Washington Sundar,1,0.495114433287535
1136571,1,2,6,Washington Sundar,1,0.495114433287535
1136571,1,3,1,UT Yadav,0,0.0067312415397384785
1136571,1,3,2,UT Yadav,0,0.0024425071370096215
1136571,1,3,3,UT Yadav,0,0.004703554066258772
1136571,1,3,4,UT Yadav,0,0.6379831596131315
1136571,1,3,5,UT Yadav,0,0.39168454955077
1136571,1,3,6,UT Yadav,0,0.4938742363308128
1136571,1,3,7,UT Yadav,0,0.720397613983626
1136571,1,4,1,YS Chahal,0,0.009549597444831167
1136571,1,4,2,YS Chahal,0,0.0030615396065509586
1136571,1,4,3,YS Chahal,1,0.6871516299229903
1136571,1,4,4,YS Chahal,1,0.6280957476922215
1136571,1,4,5,YS Chahal,1,0.4062370494766088
1136571,1,4,6,YS Chahal,1,0.6952369336037229
1136571,1,5,1,CR Woakes,0,0.22991092227224483
1136571,1,5,2,CR Woakes,0,0.24820859589034494
1136571,1,5,3,CR Woakes,0,0.571307041771935
1136571,1,5,4,CR Woakes,0,0.5120331725772757
1136571,1,5,5,CR Woakes,0,0.6246337592905425
1136571,1,5,6,CR Woakes,0,0.6126915010298736
1136571,1,5,7,CR Woakes,0,0.6001037746050786
1136571,2,0,1,K Gowtham,1,0.9994380447010163
1136571,2,0,2,K Gowtham,1,0.8221169006234583
1136571,2,0,3,K Gowtham,0,0.5698184186188509
1136571,2,0,4,K Gowtham,0,0.4486404005727929
1136571,2,0,5,K Gowtham,0,0.12165960776196079
1136571,2,0,6,K Gowtham,0,0.17898915400620186
1136571,2,1,1,DS Kulkarni,1,0.9994118859066021
1136571,2,1,2,DS Kulkarni,0,0.8221169006234583
1136571,2,1,3,DS Kulkarni,1,0.9648217289432746
1136571,2,1,4,DS Kulkarni,1,0.9821214915293851
1136571,2,1,5,DS Kulkarni,1,0.8975431460108622
1136571,2,2,1,K Gowtham,0,0.12239488793665779
1136571,2,2,2,K Gowtham,0,0.708277493579957
1136571,2,2,3,K Gowtham,0,0.4671611838562902
1136571,2,2,4,K Gowtham,0,0.46437472229185006
1136571,2,2,5,K Gowtham,0,0.4289380625397768
1136571,2,2,6,K Gowtham,0,0.7024461804665082
1136571,2,3,1,JD Unadkat,0,0.010039647029678958
1136571,2,3,2,JD Unadkat,0,0.010309215556228034
1136571,2,3,3,JD Unadkat,1,0.8806438308662736
1136571,2,3,4,JD Unadkat,0,0.6651621325744612
1136571,2,3,5,JD Unadkat,0,0.6080092690172074
1136571,2,3,6,JD Unadkat,0,0.6194619213239276
1136571,2,4,1,K Gowtham,0,0.5694614748518587
1136571,2,4,2,K Gowtham,0,0.5516756160396066
1136571,2,4,3,K Gowtham,0,0.5595922870083899
1136571,2,4,4,K Gowtham,0,0.6510128671105484
1136571,2,4,5,K Gowtham,1,0.7428376386470381
1136571,2,4,6,K Gowtham,0,0.6615657247195748
1136571,2,5,1,BA Stokes,1,0.9992441473094369
1136571,2,5,2,BA Stokes,1,0.924170455811093
1136571,2,5,3,BA Stokes,1,0.7896933345942857
1136571,2,5,4,BA Stokes,1,0.7329725405727513
1136571,2,5,5,BA Stokes,1,0.8584022371138752
1136571,2,5,6,BA Stokes,1,0.8774068471993446
1136571,2,5,7,BA Stokes,1,0.8818591993542638
1136572,1,0,1,DL Chahar,0,0.0001675225588451501
1136572,1,0,2,DL Chahar,0,0.9351354326064093
1136572,1,0,3,DL Chahar,0,0.8991266440652288
1136572,1,0,4,DL Chahar,0,0.6473499963975328
1136572,1,0,5,DL Chahar,0,0.2797226772184671
1136572,1,0,6,DL Chahar,0,0.8037671390334478
1136572,1,1,1,Harbhajan Singh,1,0.9995461567179643
1136572,1,1,2,Harbhajan Singh,1,0.9285669078410366
1136572,1,1,3,Harbhajan Singh,0,0.631826555308451
1136572,1,1,4,Harbhajan Singh,0,0.18296073479391428
1136572,1,1,5,Harbhajan Singh,0,0.17534104194961597
1136572,1,1,6,Harbhajan Singh,0,0.06373780177037798
1136572,1,2,1,DL Chahar,0,0.6207455545666829
1136572,1,2,2,DL Chahar,0,0.4324167626439676
1136572,1,2,3,DL Chahar,0,0.184685671471117
1136572,1,2,4,DL Chahar,0,0.18794099972049202
1136572,1,2,5,DL Chahar,0,0.5812089673477217
1136572,1,2,6,DL Chahar,0,0.4324167626439676
1136572,1,3,1,Harbhajan Singh,0,0.5163956952747656
1136572,1,3,2,Harbhajan Singh,1,0.8463489360370253
1136572,1,3,3,Harbhajan Singh,1,0.832579102944429
1136572,1,3,4,Harbhajan Singh,1,0.8870065665298532
1136572,1,3,5,Harbhajan Singh,1,0.8413493288597128
1136572,1,3,6,Harbhajan Singh,1,0.8973036464840033
1136572,1,4,1,SN Thakur,1,0.9996079457386218
1136572,1,4,2,SN Thakur,1,0.9474535984172819
1136572,1,4,3,SN Thakur,0,0.8498000420286979
1136572,1,4,4,SN Thakur,1,0.9573870019346077
1136572,1,4,5,SN Thakur,1,0.9227654176328831
1136572,1,4,6,SN Thakur,1,0.9523172981565554
1136572,1,5,1,DL Chahar,0,0.3058076941446064
1136572,1,5,2,DL Chahar,0,0.6979069351671237
1136572,1,5,3,DL Chahar,0,0.8278220807698737
1136572,1,5,4,DL Chahar,0,0.8304309489318201
1136572,1,5,5,DL Chahar,0,0.8268555105770127
1136572,1,5,6,DL Chahar,1,0.9002199808633591
1136572,2,0,1,BB Sran,0,0.0014929813618380753
1136572,2,0,2,BB Sran,0,0.3563312995608717
1136572,2,0,3,BB Sran,0,0.3563312995608717
1136572,2,0,4,BB Sran,0,0.2563614497126289
1136572,2,0,5,BB Sran,0,0.19516379098816922
1136572,2,0,6,BB Sran,0,0.25182107141763976
1136572,2,0,7,BB Sran,0,0.3491359111732873
1136572,2,0,8,BB Sran,0,0.35332255378301136
1136572,2,1,1,MM Sharma,0,0.0003692219132909594
1136572,2,1,2,MM Sharma,1,0.9627954904731981
1136572,2,1,3,MM Sharma,1,0.9887280548619026
1136572,2,1,4,MM Sharma,1,0.9626259808692623
1136572,2,1,5,MM Sharma,0,0.8396411083416904
1136572,2,1,6,MM Sharma,0,0.6697904682316571
1136572,2,2,1,BB Sran,0,0.18923918064132925
1136572,2,2,2,BB Sran,0,0.23397784260260543
1136572,2,2,3,BB Sran,0,0.41669485219819175
1136572,2,2,4,BB Sran,0,0.41970141887773993
1136572,2,2,5,BB Sran,0,0.4362835145254508
1136572,2,2,6,BB Sran,1,0.709535320566087
1136572,2,3,1,MM Sharma,0,0.38306464236353516
1136572,2,3,2,MM Sharma,0,0.37190524493106386
1136572,2,3,3,MM Sharma,0,0.3547650550130676
1136572,2,3,4,MM Sharma,0,0.5866244179004098
1136572,2,3,5,MM Sharma,0,0.5443933898231793
1136572,2,3,6,MM Sharma,0,0.5101918237542484
1136572,2,4,1,AJ Tye,0,0.00038085407361867265
1136572,2,4,2,AJ Tye,1,0.9468090172983735
1136572,2,4,3,AJ Tye,0,0.812604423312275
1136572,2,4,4,AJ Tye,0,0.6049291285700221
1136572,2,4,5,AJ Tye,0,0.32937694838828524
1136572,2,4,6,AJ Tye,0,0.46770800340254887
1136572,2,5,1,Mujeeb Ur Rahman,0,0.07875160828930684
1136572,2,5,2,Mujeeb Ur Rahman,1,0.977737967356023
1136572,2,5,3,Mujeeb Ur Rahman,1,0.933937629529665
1136572,2,5,4,Mujeeb Ur Rahman,1,0.761520306542478
1136572,2,5,5,Mujeeb Ur Rahman,1,0.5941595228781543
1136572,2,5,6,Mujeeb Ur Rahman,1,0.5559371026315215
1136573,1,0,1,TA Boult,0,0.0001573866741479415
1136573,1,0,2,TA Boult,0,0.00016895023207061724
1136573,1,0,3,TA Boult,0,0.00017163939340787297
1136573,1,0,4,TA Boult,0,0.00017163939340787297
1136573,1,0,5,TA Boult,0,0.00017163939340787297
1136573,1,0,6,TA Boult,0,0.00016349998519271476
1136573,1,1,1,CH Morris,0,0.010636426619250006
1136573,1,1,2,CH Morris,0,0.003661541562676978
1136573,1,1,3,CH Morris,0,0.001634204187816704
1136573,1,1,4,CH Morris,0,0.6788739454819609
1136573,1,1,5,CH Morris,0,0.4411164370503835
1136573,1,1,6,CH Morris,0,0.25858972129016033
1136573,1,2,1,TA Boult,0,0.00019430657145624397
1136573,1,2,2,TA Boult,0,0.00019430657145624397
1136573,1,2,3,TA Boult,0,0.00019135343436832962
1136573,1,2,4,TA Boult,0,0.00019135343436832962
1136573,1,2,5,TA Boult,0,0.00016741128769583432
1136573,1,2,6,TA Boult,0,0.005383266908328376
1136573,1,3,1,S Nadeem,0,0.010297814785762893
1136573,1,3,2,S Nadeem,0,0.003526834790055432
1136573,1,3,3,S Nadeem,0,0.7794344004733245
1136573,1,3,4,S Nadeem,0,0.6607227684878639
1136573,1,3,5,S Nadeem,0,0.5194640019159862
1136573,1,3,6,S Nadeem,0,0.34193094384087197
1136573,1,4,1,TA Boult,0,0.005430890862268278
1136573,1,4,2,TA Boult,0,0.005123463526860316
1136573,1,4,3,TA Boult,0,0.03935680774302022
1136573,1,4,4,TA Boult,0,0.050359625749105054
1136573,1,4,5,TA Boult,0,0.11087593336131715
1136573,1,4,6,TA Boult,0,0.24819333710059505
1136573,1,5,1,S Nadeem,0,0.18588217533410875
1136573,1,5,2,S Nadeem,0,0.5865237287515888
1136573,1,5,3,S Nadeem,0,0.5979772451676854
1136573,1,5,4,S Nadeem,1,0.7364063310662947
1136573,1,5,5,S Nadeem,1,0.8518196730762667
1136573,1,5,6,S Nadeem,1,0.8082393588536293
1136573,2,0,1,PP Chawla,0,0.023453151283844002
1136573,2,0,2,PP Chawla,0,0.013303410536013296
1136573,2,0,3,PP Chawla,0,0.01683437659437392
1136573,2,0,4,PP Chawla,0,0.018546028417717124
1136573,2,0,5,PP Chawla,0,0.02051171260345387
1136573,2,0,6,PP Chawla,0,0.02547097723688108
1136573,2,0,7,PP Chawla,0,0.025002200573013746
1136573,2,1,1,AD Russell,0,0.00037958782482416835
1136573,2,1,2,AD Russell,0,0.8763054918852959
1136573,2,1,3,AD Russell,0,0.7538404497953054
1136573,2,1,4,AD Russell,1,0.8629642043056058
1136573,2,1,5,AD Russell,0,0.7194187823400077
1136573,2,1,6,AD Russell,0,0.7969377626456925
1136573,2,1,7,AD Russell,0,0.8138631455361948
1136573,2,1,8,AD Russell,0,0.6653541067455597
1136573,2,2,1,Shivam Mavi,0,0.024203112159815264
1136573,2,2,2,Shivam Mavi,0,0.0157530076397566
1136573,2,2,3,Shivam Mavi,0,0.032210262485972294
1136573,2,2,4,Shivam Mavi,0,0.06475174006380524
1136573,2,2,5,Shivam Mavi,1,0.7583054606028536
1136573,2,2,6,Shivam Mavi,1,0.6684392582890162
1136573,2,2,7,Shivam Mavi,1,0.5840749629516789
1136573,2,3,1,AD Russell,0,0.5231208366633576
1136573,2,3,2,AD Russell,0,0.6381902931681073
1136573,2,3,3,AD Russell,0,0.7196872292778841
1136573,2,3,4,AD Russell,1,0.8229541025467969
1136573,2,3,5,AD Russell,0,0.7341678156700058
1136573,2,3,6,AD Russell,0,0.620771967613669
1136573,2,4,1,Shivam Mavi,0,0.27079183670638995
1136573,2,4,2,Shivam Mavi,0,0.22732625370283713
1136573,2,4,3,Shivam Mavi,0,0.15704532222274012
1136573,2,4,4,Shivam Mavi,0,0.17278319025995456
1136573,2,4,5,Shivam Mavi,1,0.38174225294533304
1136573,2,5,1,SP Narine,0,0.09893544583200407
1136573,2,5,2,SP Narine,0,0.12043772164554144
1136573,2,5,3,SP Narine,1,0.8367303930877736
1136573,2,5,4,SP Narine,1,0.9187287595705126
1136573,2,5,5,SP Narine,1,0.8500203265439915
1136573,2,5,6,SP Narine,1,0.7646516246824735
1136576,1,0,1,B Kumar,0,0.0003546751790724861
1136576,1,0,2,B Kumar,0,0.00037576075257634114
1136576,1,0,3,B Kumar,0,0.0003694136276392622
1136576,1,0,4,B Kumar,0,0.0003694136276392622
1136576,1,0,5,B Kumar,0,0.0013337991596537727
1136576,1,0,6,B Kumar,0,0.0031248496679524033
1136576,1,1,1,CJ Jordan,0,0.0002478430254480732
1136576,1,1,2,CJ Jordan,0,0.0002625790553110481
1136576,1,1,3,CJ Jordan,0,0.00025814323392013246
1136576,1,1,4,CJ Jordan,0,0.00025814323392013246
1136576,1,1,5,CJ Jordan,0,0.002152013963507823
1136576,1,1,6,CJ Jordan,0,0.001063227504748831
1136576,1,2,1,B Kumar,0,0.10558956595302889
1136576,1,2,2,B Kumar,0,0.02911194933008243
1136576,1,2,3,B Kumar,0,0.023372658813196924
1136576,1,2,4,B Kumar,0,0.01983956759016706
1136576,1,2,5,B Kumar,0,0.022652060370398453
1136576,1,2,6,B Kumar,0,0.02215938875591951
1136576,1,3,1,CJ Jordan,0,0.000909870936310063
1136576,1,3,2,CJ Jordan,0,0.0024580960798291003
1136576,1,3,3,CJ Jordan,0,0.32361220297047266
1136576,1,3,4,CJ Jordan,1,0.5189660201121591
1136576,1,3,5,CJ Jordan,0,0.5322729198579267
1136576,1,3,6,CJ Jordan,0,0.4493714706368583
1136576,1,4,1,Rashid Khan,0,0.00032867883014074694
1136576,1,4,2,Rashid Khan,1,0.989709858116668
1136576,1,4,3,Rashid Khan,0,0.933903959388328
1136576,1,4,4,Rashid Khan,0,0.7312268179250986
1136576,1,4,5,Rashid Khan,1,0.9472419349544882
1136576,1,4,6,Rashid Khan,0,0.931128772989233
1136576,1,5,1,S Kaul,0,0.082057792736907
1136576,1,5,2,S Kaul,0,0.007963918644128013
1136576,1,5,3,S Kaul,0,0.02322643467829344
1136576,1,5,4,S Kaul,0,0.04419139214567812
1136576,1,5,5,S Kaul,1,0.6544554825802249
1136576,1,5,6,S Kaul,1,0.8744693748930764
1136576,2,0,1,BB Sran,0,0.0004406234018426988
1136576,2,0,2,BB Sran,0,0.010706755521060242
1136576,2,0,3,BB Sran,0,0.001555329294565522
1136576,2,0,4,BB Sran,0,0.0006594387598488073
1136576,2,0,5,BB Sran,0,0.002532332303025403
1136576,2,0,6,BB Sran,0,0.0010925658571253397
1136576,2,0,7,BB Sran,0,0.0005568232831794214
1136576,2,1,1,MM Sharma,0,0.02429047417012109
1136576,2,1,2,MM Sharma,1,0.9811356196707516
1136576,2,1,3,MM Sharma,1,0.9673681534311306
1136576,2,1,4,MM Sharma,1,0.989372603851616
1136576,2,1,5,MM Sharma,1,0.9348401020890988
1136576,2,1,6,MM Sharma,1,0.9649632012483366
1136576,2,2,1,BB Sran,0,0.0014441633575550997
1136576,2,2,2,BB Sran,0,0.0009650993039277607
1136576,2,2,3,BB Sran,0,0.0016862430418874191
1136576,2,2,4,BB Sran,0,0.0036881638865281113
1136576,2,2,5,BB Sran,0,0.005180787350917775
1136576,2,2,6,BB Sran,0,0.004278755231218993
1136576,2,3,1,AJ Tye,0,0.0002475916854826643
1136576,2,3,2,AJ Tye,0,0.0032179568778316838
1136576,2,3,3,AJ Tye,0,0.007211679528878184
1136576,2,3,4,AJ Tye,1,0.7886251144478107
1136576,2,3,5,AJ Tye,1,0.659023170026004
1136576,2,3,6,AJ Tye,1,0.48217398262580896
1136576,2,4,1,MM Sharma,1,0.9676368639815883
1136576,2,4,2,MM Sharma,1,0.9511861924976751
1136576,2,4,3,MM Sharma,1,0.9241816117839756
1136576,2,4,4,MM Sharma,0,0.8831067532705197
1136576,2,4,5,MM Sharma,0,0.8776121502044921
1136576,2,4,6,MM Sharma,0,0.8681633759684084
1136576,2,5,1,BB Sran,0,0.004305107223965684
1136576,2,5,2,BB Sran,0,0.004886250612492017
1136576,2,5,3,BB Sran,0,0.005059816578556378
1136576,2,5,4,BB Sran,0,0.0047425980633277265
1136576,2,5,5,BB Sran,0,0.005363635119570083
1136576,2,5,6,BB Sran,0,0.005756428741390527
1136583,1,0,1,JJ Bumrah,0,0.0004121393203411606
1136583,1,0,2,JJ Bumrah,0,0.008013095747701976
1136583,1,0,3,JJ Bumrah,1,0.7365759830526982
1136583,1,0,4,JJ Bumrah,1,0.8930354591983424
1136583,1,0,5,JJ Bumrah,1,0.8452274214637565
1136583,1,0,6,JJ Bumrah,1,0.7409930408535662
1136583,1,1,1,MJ McClenaghan,0,0.023952252528256526
1136583,1,1,2,MJ McClenaghan,0,0.09101860257465183
1136583,1,1,3,MJ McClenaghan,1,0.9818126177395075
1136583,1,1,4,MJ McClenaghan,1,0.9269844744836602
1136583,1,1,5,MJ McClenaghan,1,0.8243855875299736
1136583,1,1,6,MJ McClenaghan,1,0.6300362020276672
1136583,1,1,7,MJ McClenaghan,1,0.6450979405658368
1136583,1,2,1,JJ Bumrah,1,0.5834754798432045
1136583,1,2,2,JJ Bumrah,1,0.5555196879152028
1136583,1,2,3,JJ Bumrah,1,0.6901462471345639
1136583,1,2,4,JJ Bumrah,1,0.6423962548008737
1136583,1,2,5,JJ Bumrah,1,0.6453030360712375
1136583,1,2,6,JJ Bumrah,1,0.6705909885406748
1136583,1,3,1,MJ McClenaghan,0,0.4213743278278211
1136583,1,3,2,MJ McClenaghan,1,0.6576378723285506
1136583,1,3,3,MJ McClenaghan,1,0.5674009092185973
1136583,1,3,4,MJ McClenaghan,1,0.5175241009974889
1136583,1,3,5,MJ McClenaghan,1,0.5615156797284465
1136583,1,3,6,MJ McClenaghan,1,0.6602056472420399
1136583,1,4,1,HH Pandya,1,0.9995740337406248
1136583,1,4,2,HH Pandya,1,0.9995740337406248
1136583,1,4,3,HH Pandya,1,0.9853511181937453
1136583,1,4,4,HH Pandya,1,0.8533029898680955
1136583,1,4,5,HH Pandya,1,0.6873118844425412
1136583,1,4,6,HH Pandya,1,0.4259207701035872
1136583,1,4,7,HH Pandya,1,0.42511678843881506
1136583,1,5,1,MJ McClenaghan,1,0.6364170894954804
1136583,1,5,2,MJ McClenaghan,1,0.6418970128749246
1136583,1,5,3,MJ McClenaghan,1,0.6552857607914057
1136583,1,5,4,MJ McClenaghan,1,0.7376585962333245
1136583,1,5,5,MJ McClenaghan,1,0.6757671680578409
1136583,2,0,1,Sandeep Sharma,0,0.0005124570806334355
1136583,2,0,2,Sandeep Sharma,0,0.01549402086571272
1136583,2,0,3,Sandeep Sharma,0,0.00579184201769727
1136583,2,0,4,Sandeep Sharma,0,0.004799502212981059
1136583,2,0,5,Sandeep Sharma,0,0.0035219333995692233
1136583,2,0,6,Sandeep Sharma,0,0.0014964726154481525
1136583,2,0,7,Sandeep Sharma,0,0.001290763802950808
1136583,2,1,1,Mohammad Nabi,1,0.999518707539218
1136583,2,1,2,Mohammad Nabi,1,0.935377237944897
1136583,2,1,3,Mohammad Nabi,1,0.7736540176601334
1136583,2,1,4,Mohammad Nabi,1,0.5206667546681675
1136583,2,1,5,Mohammad Nabi,0,0.3510943421965028
1136583,2,1,6,Mohammad Nabi,0,0.23294669283953545
1136583,2,2,1,Sandeep Sharma,1,0.10938305562909985
1136583,2,2,2,Sandeep Sharma,1,0.07324119178102904
1136583,2,2,3,Sandeep Sharma,1,0.04567092711710231
1136583,2,2,4,Sandeep Sharma,1,0.04085758978656484
1136583,2,2,5,Sandeep Sharma,1,0.024090348241601334
1136583,2,2,6,Sandeep Sharma,1,0.016473336063923438
1136583,2,3,1,Mohammad Nabi,0,0.10528926298764517
1136583,2,3,2,Mohammad Nabi,0,0.058804008554436536
1136583,2,3,3,Mohammad Nabi,0,0.28012882737918043
1136583,2,3,4,Mohammad Nabi,0,0.29315975223468294
1136583,2,3,5,Mohammad Nabi,0,0.25658763445577626
1136583,2,3,6,Mohammad Nabi,0,0.09957866185903724
1136583,2,4,1,Sandeep Sharma,1,0.017310563231598193
1136583,2,4,2,Sandeep Sharma,1,0.012373790206774522
1136583,2,4,3,Sandeep Sharma,0,0.01227962021494399
1136583,2,4,4,Sandeep Sharma,0,0.007655312549242281
1136583,2,4,5,Sandeep Sharma,1,0.014529776737827018
1136583,2,5,1,Shakib Al Hasan,0,0.030248850123083856
1136583,2,5,2,Shakib Al Hasan,0,0.006936263514163704
1136583,2,5,3,Shakib Al Hasan,0,0.020506323963347003
1136583,2,5,4,Shakib Al Hasan,0,0.008722772496939625
1136583,2,5,5,Shakib Al Hasan,0,0.0029851259852096542
1136583,2,5,6,Shakib Al Hasan,0,0.0018852009071338716
1136584,1,0,1,DL Chahar,0,0.0006232037972850083
1136584,1,0,2,DL Chahar,0,0.005460953903039564
1136584,1,0,3,DL Chahar,0,0.00497032586704911
1136584,1,0,4,DL Chahar,0,0.4084032376650092
1136584,1,0,5,DL Chahar,0,0.13456881952490332
1136584,1,0,6,DL Chahar,0,0.059707807208386844
1136584,1,1,1,SN Thakur,0,0.000633557037768773
1136584,1,1,2,SN Thakur,0,0.004855277787244006
1136584,1,1,3,SN Thakur,0,0.6710310150772117
1136584,1,1,4,SN Thakur,0,0.5680819413222258
1136584,1,1,5,SN Thakur,0,0.4153438805878527
1136584,1,1,6,SN Thakur,0,0.3840369593197931
1136584,1,2,1,DL Chahar,0,0.04491197249618199
1136584,1,2,2,DL Chahar,0,0.1145956387296452
1136584,1,2,3,DL Chahar,0,0.4196968037929984
1136584,1,2,4,DL Chahar,0,0.4227014258219232
1136584,1,2,5,DL Chahar,1,0.49156140508034457
1136584,1,3,1,Harbhajan Singh,0,0.0005838115288276609
1136584,1,3,2,Harbhajan Singh,0,0.0033667477262044575
1136584,1,3,3,Harbhajan Singh,0,0.0027155514002051404
1136584,1,3,4,Harbhajan Singh,0,0.0014880246570899232
1136584,1,3,5,Harbhajan Singh,0,0.3932862117161615
1136584,1,3,6,Harbhajan Singh,0,0.21739897032001423
1136584,1,4,1,SN Thakur,0,0.14711643435500507
1136584,1,4,2,SN Thakur,0,0.17681880968652677
1136584,1,4,3,SN Thakur,0,0.05526133116129171
1136584,1,4,4,SN Thakur,0,0.03404240295607244
1136584,1,4,5,SN Thakur,0,0.025440867350646733
1136584,1,4,6,SN Thakur,0,0.023088253911409905
1136584,1,5,1,Harbhajan Singh,0,0.18332732617199454
1136584,1,5,2,Harbhajan Singh,0,0.5299949408279857
1136584,1,5,3,Harbhajan Singh,0,0.49613033569326587
1136584,1,5,4,Harbhajan Singh,0,0.6149340890116658
1136584,1,5,5,Harbhajan Singh,1,0.6898261399061211
1136584,2,0,1,P Negi,0,0.007551658460224656
1136584,2,0,2,P Negi,0,0.00286534118341728
1136584,2,0,3,P Negi,0,0.0038507692356193183
1136584,2,0,4,P Negi,0,0.002990988152600747
1136584,2,0,5,P Negi,0,0.47283382731372636
1136584,2,0,6,P Negi,0,0.427418793038761
1136584,2,1,1,UT Yadav,0,0.0006478646998168987
1136584,2,1,2,UT Yadav,0,0.0006581929947085031
1136584,2,1,3,UT Yadav,0,0.0018528990313373475
1136584,2,1,4,UT Yadav,0,0.001457344091921399
1136584,2,1,5,UT Yadav,0,0.0014167366884693872
1136584,2,1,6,UT Yadav,0,0.001789208049133059
1136584,2,2,1,Washington Sundar,0,0.007052850777699722
1136584,2,2,2,Washington Sundar,0,0.0019767710369603493
1136584,2,2,3,Washington Sundar,1,0.7889977855547651
1136584,2,2,4,Washington Sundar,1,0.9676823733497214
1136584,2,2,5,Washington Sundar,1,0.7969603913293268
1136584,2,3,1,UT Yadav,1,0.20096929845381128
1136584,2,3,2,UT Yadav,1,0.16669605131180928
1136584,2,3,3,UT Yadav,0,0.055710377022154055
1136584,2,3,4,UT Yadav,0,0.058138376030494564
1136584,2,3,5,UT Yadav,1,0.34011840066065524
1136584,2,3,6,UT Yadav,1,0.2306149782106641
1136584,2,4,1,Mohammed Siraj,0,0.008232752445529987
1136584,2,4,2,Mohammed Siraj,1,0.7983288242339842
1136584,2,4,3,Mohammed Siraj,0,0.6212259193764483
1136584,2,4,4,Mohammed Siraj,1,0.6872803844072891
1136584,2,4,5,Mohammed Siraj,1,0.8903822595477857
1136584,2,4,6,Mohammed Siraj,1,0.7131462156539453
1136584,2,4,7,Mohammed Siraj,1,0.899721425134156
1136584,2,5,1,UT Yadav,1,0.20373633741927077
1136584,2,5,2,UT Yadav,0,0.11827181545391194
1136584,2,5,3,UT Yadav,1,0.2976157564085185
1136584,2,5,4,UT Yadav,1,0.22041772012691258
1136584,2,5,5,UT Yadav,1,0.20698182616956173
1136584,2,5,6,UT Yadav,1,0.20698182616956173
1136588,1,0,1,K Gowtham,1,0.01092435971626597
1136588,1,0,2,K Gowtham,1,0.013004355830139933
1136588,1,0,3,K Gowtham,0,0.012155534890735089
1136588,1,0,4,K Gowtham,0,0.0073599328799827035
1136588,1,0,5,K Gowtham,0,0.003280383836073768
1136588,1,0,6,K Gowtham,0,0.007701906627414483
1136588,1,1,1,DS Kulkarni,1,0.9990813470212639
1136588,1,1,2,DS Kulkarni,1,0.9011461359280151
1136588,1,1,3,DS Kulkarni,1,0.9400380001850746
1136588,1,1,4,DS Kulkarni,1,0.921605697314976
1136588,1,1,5,DS Kulkarni,1,0.9419793414604269
1136588,1,1,6,DS Kulkarni,1,0.93121256071876
1136588,1,2,1,K Gowtham,0,0.003358287022217018
1136588,1,2,2,K Gowtham,0,0.008313173479812265
1136588,1,2,3,K Gowtham,0,0.012296436348675301
1136588,1,2,4,K Gowtham,0,0.008975530007885273
1136588,1,2,5,K Gowtham,0,0.005182064250567882
1136588,1,2,6,K Gowtham,0,0.008869062491871745
1136588,1,3,1,DS Kulkarni,1,0.9423057983764499
1136588,1,3,2,DS Kulkarni,1,0.8953825017832904
1136588,1,3,3,DS Kulkarni,1,0.8552854889086511
1136588,1,3,4,DS Kulkarni,1,0.776106183905497
1136588,1,3,5,DS Kulkarni,1,0.7581773694525302
1136588,1,4,1,JC Archer,0,0.017814490205800306
1136588,1,4,2,JC Archer,1,0.9635963720566808
1136588,1,4,3,JC Archer,1,0.7843377864417155
1136588,1,4,4,JC Archer,1,0.6893048630922173
1136588,1,4,5,JC Archer,1,0.5375849636114475
1136588,1,4,6,JC Archer,1,0.42069837797257076
1136588,1,5,1,JD Unadkat,0,0.00031358351960331354
1136588,1,5,2,JD Unadkat,0,0.007706278316648829
1136588,1,5,3,JD Unadkat,0,0.0024982716390030313
1136588,1,5,4,JD Unadkat,0,0.008440678864091163
1136588,1,5,5,JD Unadkat,0,0.02636252148423086
1136588,1,5,6,JD Unadkat,0,0.03177799094839089
1136588,2,0,1,Sandeep Sharma,0,0.00013476125738865033
1136588,2,0,2,Sandeep Sharma,0,0.00014466271485379193
1136588,2,0,3,Sandeep Sharma,1,0.5104543653135708
1136588,2,0,4,Sandeep Sharma,1,0.23070668177846726
1136588,2,0,5,Sandeep Sharma,1,0.061977675113459176
1136588,2,0,6,Sandeep Sharma,1,0.04395957424354514
1136588,2,1,1,Shakib Al Hasan,0,0.008777602508815917
1136588,2,1,2,Shakib Al Hasan,0,0.011653056675459518
1136588,2,1,3,Shakib Al Hasan,0,0.013494399393969863
1136588,2,1,4,Shakib Al Hasan,0,0.02509932905387897
1136588,2,1,5,Shakib Al Hasan,0,0.026966014445853736
1136588,2,1,6,Shakib Al Hasan,1,0.5530680319309916
1136588,2,2,1,Sandeep Sharma,0,0.011459133222649473
1136588,2,2,2,Sandeep Sharma,0,0.004782696515930881
1136588,2,2,3,Sandeep Sharma,0,0.00222003192028101
1136588,2,2,4,Sandeep Sharma,0,0.0021689431336864417
1136588,2,2,5,Sandeep Sharma,0,0.002066925848338952
1136588,2,2,6,Sandeep Sharma,0,0.0046494083245652
1136588,2,3,1,Basil Thampi,1,0.9989201424248361
1136588,2,3,2,Basil Thampi,1,0.9979101539467837
1136588,2,3,3,Basil Thampi,1,0.9277436450154455
1136588,2,3,4,Basil Thampi,1,0.9117918420161552
1136588,2,3,5,Basil Thampi,1,0.9579106184796328
1136588,2,3,6,Basil Thampi,1,0.94443135848236
1136588,2,4,1,Sandeep Sharma,0,0.002472302886488777
1136588,2,4,2,Sandeep Sharma,0,0.006707011039548331
1136588,2,4,3,Sandeep Sharma,0,0.014727716672892802
1136588,2,4,4,Sandeep Sharma,0,0.01125484277162641
1136588,2,4,5,Sandeep Sharma,0,0.020892148279347215
1136588,2,4,6,Sandeep Sharma,0,0.0210293638703228
1136588,2,5,1,S Kaul,0,0.0002762370715448202
1136588,2,5,2,S Kaul,0,0.011197520837883676
1136588,2,5,3,S Kaul,1,0.7857867825128108
1136588,2,5,4,S Kaul,1,0.8097900471594863
1136588,2,5,5,S Kaul,1,0.6037094063326889
1136588,2,5,6,S Kaul,1,0.5920756277004766
1136597,1,0,1,N Rana,0,0.023231687233579143
1136597,1,0,2,N Rana,0,0.009006388200936633
1136597,1,0,3,N Rana,0,0.0026036012726300866
1136597,1,0,4,N Rana,0,0.002242990487387336
1136597,1,0,5,N Rana,0,0.0017774916730572462
1136597,1,0,6,N Rana,0,0.001015755528848903
1136597,1,1,1,M Prasidh Krishna,0,0.0006134164968623811
1136597,1,1,2,M Prasidh Krishna,1,0.7880467383621864
1136597,1,1,3,M Prasidh Krishna,0,0.4167591700632578
1136597,1,1,4,M Prasidh Krishna,0,0.28346169506715513
1136597,1,1,5,M Prasidh Krishna,0,0.2794605258863935
1136597,1,1,6,M Prasidh Krishna,0,0.40613753390139223
1136597,1,2,1,MG Johnson,0,0.0006452514277451932
1136597,1,2,2,MG Johnson,1,0.9790871400339708
1136597,1,2,3,MG Johnson,1,0.9881304495195014
1136597,1,2,4,MG Johnson,1,0.9159122146749763
1136597,1,2,5,MG Johnson,1,0.950398373323258
1136597,1,2,6,MG Johnson,1,0.8834624628754393
1136597,1,3,1,SP Narine,0,0.0007423679333541958
1136597,1,3,2,SP Narine,0,0.0007594361835983464
1136597,1,3,3,SP Narine,0,0.002340847120643056
1136597,1,3,4,SP Narine,0,0.002012758000137553
1136597,1,3,5,SP Narine,0,0.3653199400652364
1136597,1,3,6,SP Narine,1,0.5640006432334629
1136597,1,4,1,M Prasidh Krishna,0,0.30710757873408795
1136597,1,4,2,M Prasidh Krishna,0,0.30609204181667776
1136597,1,4,3,M Prasidh Krishna,0,0.20522576308827323
1136597,1,4,4,M Prasidh Krishna,0,0.22387124179529772
1136597,1,4,5,M Prasidh Krishna,0,0.5043422160454278
1136597,1,4,6,M Prasidh Krishna,0,0.4824067608877565
1136597,1,5,1,PP Chawla,1,0.9995434675319291
1136597,1,5,2,PP Chawla,1,0.9995311851651018
1136597,1,5,3,PP Chawla,1,0.999532276353979
1136597,1,5,4,PP Chawla,1,0.988716136864061
1136597,1,5,5,PP Chawla,1,0.9568033990123899
1136597,1,5,6,PP Chawla,1,0.8749117848604064
1136597,2,0,1,MJ McClenaghan,0,0.01803342365005373
1136597,2,0,2,MJ McClenaghan,0,0.017715989312207678
1136597,2,0,3,MJ McClenaghan,0,0.015488393046942776
1136597,2,0,4,MJ McClenaghan,0,0.00963464280800963
1136597,2,0,5,MJ McClenaghan,0,0.004564240569925246
1136597,2,0,6,MJ McClenaghan,0,0.003042194297052184
1136597,2,1,1,JJ Bumrah,0,0.01803342365005373
1136597,2,1,2,JJ Bumrah,0,0.010492889919765226
1136597,2,1,3,JJ Bumrah,0,0.0037086867017081626
1136597,2,1,4,JJ Bumrah,0,0.4605588255154877
1136597,2,1,5,JJ Bumrah,1,0.7441072972179199
1136597,2,1,6,JJ Bumrah,1,0.6127336867117776
1136597,2,2,1,MJ McClenaghan,0,0.36190432311256565
1136597,2,2,2,MJ McClenaghan,0,0.435400896731151
1136597,2,2,3,MJ McClenaghan,0,0.5146167225897567
1136597,2,2,4,MJ McClenaghan,1,0.5979387387829386
1136597,2,2,5,MJ McClenaghan,1,0.5669670931796464
1136597,2,2,6,MJ McClenaghan,1,0.5139537502724095
1136597,2,3,1,HH Pandya,0,0.0006543066585637502
1136597,2,3,2,HH Pandya,0,0.010746728848758711
1136597,2,3,3,HH Pandya,0,0.004195640291062178
1136597,2,3,4,HH Pandya,1,0.5653287545294222
1136597,2,3,5,HH Pandya,1,0.3906825929001808
1136597,2,3,6,HH Pandya,1,0.3192864250551846
1136597,2,4,1,MJ McClenaghan,1,0.5698262764192491
1136597,2,4,2,MJ McClenaghan,0,0.5158889658068063
1136597,2,4,3,MJ McClenaghan,0,0.5328557694039694
1136597,2,4,4,MJ McClenaghan,1,0.5775468072542519
1136597,2,4,5,MJ McClenaghan,0,0.6009777118788362
1136597,2,4,6,MJ McClenaghan,1,0.7284386272109052
1136597,2,5,1,HH Pandya,0,0.19050169204777329
1136597,2,5,2,HH Pandya,0,0.168674600949542
1136597,2,5,3,HH Pandya,0,0.12234281093870132
1136597,2,5,4,HH Pandya,0,0.21385243955173194
1136597,2,5,5,HH Pandya,0,0.2115638065236635
1136597,2,5,6,HH Pandya,0,0.23794111582490468
1136597,2,5,7,HH Pandya,0,0.2540096222419988
1136606,1,0,1,DL Chahar,0,0.007432059561169917
1136606,1,0,2,DL Chahar,0,0.0029410832247474955
1136606,1,0,3,DL Chahar,0,0.0015548724181125922
1136606,1,0,4,DL Chahar,0,0.0014626958582881393
1136606,1,0,5,DL Chahar,0,0.0013233027835757424
1136606,1,0,6,DL Chahar,0,0.0004618818276146595
1136606,1,1,1,SN Thakur,1,0.9995328164321026
1136606,1,1,2,SN Thakur,1,0.9097949391066137
1136606,1,1,3,SN Thakur,1,0.45175281121845207
1136606,1,1,4,SN Thakur,0,0.2252532658565414
1136606,1,1,5,SN Thakur,0,0.25332751631854106
1136606,1,1,6,SN Thakur,0,0.18049381047039664
1136606,1,2,1,DJ Willey,0,0.00027389619999979427
1136606,1,2,2,DJ Willey,0,0.0028912073391534378
1136606,1,2,3,DJ Willey,0,0.005394948110933967
1136606,1,2,4,DJ Willey,0,0.6701461879656019
1136606,1,2,5,DJ Willey,0,0.8559178389625356
1136606,1,2,6,DJ Willey,0,0.7468953604876459
1136606,1,3,1,DL Chahar,0,0.001452799715063371
1136606,1,3,2,DL Chahar,0,0.0016763035909193795
1136606,1,3,3,DL Chahar,0,0.0019250273256275227
1136606,1,3,4,DL Chahar,0,0.0019250273256275227
1136606,1,3,5,DL Chahar,0,0.0020945871154847574
1136606,1,3,6,DL Chahar,0,0.0019348005231014983
1136606,1,4,1,SN Thakur,0,0.1912327136459263
1136606,1,4,2,SN Thakur,0,0.4130041788985452
1136606,1,4,3,SN Thakur,0,0.324153600684559
1136606,1,4,4,SN Thakur,0,0.30025474655118695
1136606,1,4,5,SN Thakur,0,0.33167698980918536
1136606,1,4,6,SN Thakur,0,0.34869711834173284
1136606,1,5,1,DL Chahar,0,0.002862478341925941
1136606,1,5,2,DL Chahar,0,0.002320324108042201
1136606,1,5,3,DL Chahar,0,0.0024487686048090397
1136606,1,5,4,DL Chahar,0,0.0068223230986055984
1136606,1,5,5,DL Chahar,0,0.006126341169316625
1136606,1,5,6,DL Chahar,0,0.009764558046276073
1136606,1,5,7,DL Chahar,0,0.011035177714732126
1136606,2,0,1,Sandeep Sharma,0,0.008924485887319035
1136606,2,0,2,Sandeep Sharma,0,0.009807252856170475
1136606,2,0,3,Sandeep Sharma,1,0.760949238086381
1136606,2,0,4,Sandeep Sharma,1,0.4744303273984665
1136606,2,0,5,Sandeep Sharma,0,0.30818555360931277
1136606,2,0,6,Sandeep Sharma,0,0.33190844746876974
1136606,2,1,1,B Kumar,0,0.0003083270182310826
1136606,2,1,2,B Kumar,1,0.9756568523598971
1136606,2,1,3,B Kumar,1,0.7602782866892606
1136606,2,1,4,B Kumar,0,0.45087991743728556
1136606,2,1,5,B Kumar,0,0.4094573552836341
1136606,2,1,6,B Kumar,0,0.3787708449298615
1136606,2,2,1,Sandeep Sharma,0,0.233534762813209
1136606,2,2,2,Sandeep Sharma,0,0.13118690881919684
1136606,2,2,3,Sandeep Sharma,0,0.027177520332330795
1136606,2,2,4,Sandeep Sharma,0,0.044407048241823247
1136606,2,2,5,Sandeep Sharma,0,0.36983220813092904
1136606,2,2,6,Sandeep Sharma,1,0.528395741486376
1136606,2,3,1,B Kumar,0,0.2296082787754335
1136606,2,3,2,B Kumar,1,0.5010003988254901
1136606,2,3,3,B Kumar,0,0.44810854951460843
1136606,2,3,4,B Kumar,0,0.44810854951460843
1136606,2,3,5,B Kumar,0,0.3766140847116189
1136606,2,3,6,B Kumar,0,0.37372014897471595
1136606,2,4,1,Rashid Khan,0,0.04178361277434778
1136606,2,4,2,Rashid Khan,0,0.00742377036721117
1136606,2,4,3,Rashid Khan,0,0.0029083054162798026
1136606,2,4,4,Rashid Khan,1,0.42580808655059105
1136606,2,4,5,Rashid Khan,1,0.4466129496063235
1136606,2,4,6,Rashid Khan,1,0.42583627935801843
1136606,2,5,1,Shakib Al Hasan,1,0.999442386717699
1136606,2,5,2,Shakib Al Hasan,1,0.8981320026181739
1136606,2,5,3,Shakib Al Hasan,0,0.6402875263211425
1136606,2,5,4,Shakib Al Hasan,1,0.9062760359495999
1136606,2,5,5,Shakib Al Hasan,1,0.6809479949651653
1136606,2,5,6,Shakib Al Hasan,0,0.599136425741455
1136608,1,0,1,UT Yadav,0,0.00037410822607753083
1136608,1,0,2,UT Yadav,0,0.0003817188093452533
1136608,1,0,3,UT Yadav,0,0.007171448417773152
1136608,1,0,4,UT Yadav,0,0.0042099770501239555
1136608,1,0,5,UT Yadav,0,0.003072500029202477
1136608,1,0,6,UT Yadav,0,0.0006620073148287421
1136608,1,1,1,TG Southee,0,0.0002784652199648125
1136608,1,1,2,TG Southee,0,0.00028413066512696615
1136608,1,1,3,TG Southee,0,0.00027933086809097903
1136608,1,1,4,TG Southee,0,0.00027933086809097903
1136608,1,1,5,TG Southee,0,0.00027933086809097903
1136608,1,1,6,TG Southee,0,0.18241758173698086
1136608,1,2,1,UT Yadav,0,0.00035922722026522934
1136608,1,2,2,UT Yadav,0,0.0003128938430551109
1136608,1,2,3,UT Yadav,0,0.00028691751027917826
1136608,1,2,4,UT Yadav,0,0.0018380862350206898
1136608,1,2,5,UT Yadav,0,0.06045875641431368
1136608,1,2,6,UT Yadav,0,0.062393903823681866
1136608,1,3,1,TG Southee,0,0.40162507590487095
1136608,1,3,2,TG Southee,0,0.2873004774146044
1136608,1,3,3,TG Southee,0,0.22272041110347846
1136608,1,3,4,TG Southee,0,0.1882046445961532
1136608,1,3,5,TG Southee,0,0.3552048700752384
1136608,1,4,1,UT Yadav,0,0.05414983424195762
1136608,1,4,2,UT Yadav,1,0.19122696361360547
1136608,1,4,3,UT Yadav,1,0.1722408602319408
1136608,1,4,4,UT Yadav,1,0.1863112237413325
1136608,1,4,5,UT Yadav,1,0.2134445988894444
1136608,1,4,6,UT Yadav,1,0.32691138224445143
1136608,1,5,1,Mohammed Siraj,0,0.000472786618854549
1136608,1,5,2,Mohammed Siraj,0,0.0005226979993911863
1136608,1,5,3,Mohammed Siraj,0,0.005607821303478469
1136608,1,5,4,Mohammed Siraj,0,0.0037280705230739643
1136608,1,5,5,Mohammed Siraj,1,0.22151374964634063
1136608,1,5,6,Mohammed Siraj,1,0.2167062732635115
1136608,2,0,1,R Ashwin,0,0.11332306506584139
1136608,2,0,2,R Ashwin,0,0.11046597909280109
1136608,2,0,3,R Ashwin,0,0.11029975779233307
1136608,2,0,4,R Ashwin,0,0.08963363477324952
1136608,2,0,5,R Ashwin,0,0.0941967688079118
1136608,2,1,1,AJ Tye,0,0.0005968539974566226
1136608,2,1,2,AJ Tye,0,0.0006206676973344932
1136608,2,1,3,AJ Tye,0,0.0171974448972039
1136608,2,1,4,AJ Tye,0,0.25837988296596354
1136608,2,1,5,AJ Tye,1,0.555840564070849
1136608,2,1,6,AJ Tye,1,0.5112204810217499
1136608,2,2,1,AS Rajpoot,1,0.9995214498065372
1136608,2,2,2,AS Rajpoot,1,0.9994869794939059
1136608,2,2,3,AS Rajpoot,1,0.9860326525499825
1136608,2,2,4,AS Rajpoot,1,0.9886669627081509
1136608,2,2,5,AS Rajpoot,1,0.985567174354496
1136608,2,2,6,AS Rajpoot,1,0.9551974650476791
1136608,2,2,7,AS Rajpoot,0,0.9256197681923167
1136608,2,3,1,AJ Tye,1,0.3347503268854621
1136608,2,3,2,AJ Tye,1,0.25605929528931304
1136608,2,3,3,AJ Tye,1,0.2197203997482264
1136608,2,3,4,AJ Tye,0,0.18131509064396437
1136608,2,3,5,AJ Tye,0,0.15636253035962405
1136608,2,3,6,AJ Tye,0,0.1603391907094851
1136608,2,4,1,MM Sharma,0,0.07023045325057371
1136608,2,4,2,MM Sharma,1,0.9282053119350819
1136608,2,4,3,MM Sharma,0,0.7368671378068122
1136608,2,4,4,MM Sharma,0,0.5708100858640993
1136608,2,4,5,MM Sharma,0,0.7505952245511013
1136608,2,5,1,AJ Tye,0,0.1591482258031212
1136608,2,5,2,AJ Tye,0,0.15898851261967387
1136608,2,5,3,AJ Tye,0,0.1613138369747701
1136608,2,5,4,AJ Tye,0,0.1947322692579625
1136608,2,5,5,AJ Tye,0,0.21641743676325384
1136608,2,5,6,AJ Tye,1,0.3437827409970875
1136611,1,0,1,Sandeep Sharma,0,0.0005883798454627014
1136611,1,0,2,Sandeep Sharma,0,0.0006143245385936756
1136611,1,0,3,Sandeep Sharma,0,0.0027712859082244267
1136611,1,0,4,Sandeep Sharma,0,0.5373033567131826
1136611,1,0,5,Sandeep Sharma,0,0.3965987361328974
1136611,1,0,6,Sandeep Sharma,0,0.35822473632309293
1136611,1,1,1,Shakib Al Hasan,1,0.9994450483194832
1136611,1,1,2,Shakib Al Hasan,1,0.9994420962197952
1136611,1,1,3,Shakib Al Hasan,1,0.9707401827221679
1136611,1,1,4,Shakib Al Hasan,1,0.8920331179022255
1136611,1,1,5,Shakib Al Hasan,1,0.8201300994771081
1136611,1,1,6,Shakib Al Hasan,1,0.7592403102567788
1136611,1,2,1,Sandeep Sharma,0,0.634382214795703
1136611,1,2,2,Sandeep Sharma,1,0.7183578021401388
1136611,1,2,3,Sandeep Sharma,0,0.7190079476833084
1136611,1,2,4,Sandeep Sharma,0,0.5990869885083451
1136611,1,2,5,Sandeep Sharma,0,0.5982995675449908
1136611,1,2,6,Sandeep Sharma,0,0.6322125195288583
1136611,1,3,1,Shakib Al Hasan,1,0.8132275584776736
1136611,1,3,2,Shakib Al Hasan,1,0.7040230471148988
1136611,1,3,3,Shakib Al Hasan,1,0.7063305649754015
1136611,1,3,4,Shakib Al Hasan,1,0.6489994574460392
1136611,1,3,5,Shakib Al Hasan,1,0.6518372557382672
1136611,1,3,6,Shakib Al Hasan,1,0.607611195409385
1136611,1,4,1,Rashid Khan,0,0.0006289474810986477
1136611,1,4,2,Rashid Khan,0,0.0006328684137820955
1136611,1,4,3,Rashid Khan,0,0.0006412754793852655
1136611,1,4,4,Rashid Khan,0,0.21975864491107358
1136611,1,4,5,Rashid Khan,0,0.07534344834293077
1136611,1,4,6,Rashid Khan,0,0.09534989001408262
1136611,1,5,1,S Kaul,0,0.000566639501245305
1136611,1,5,2,S Kaul,0,0.0005701722202572303
1136611,1,5,3,S Kaul,0,0.0017803994846118108
1136611,1,5,4,S Kaul,0,0.5147163853172735
1136611,1,5,5,S Kaul,0,0.18780665532662036
1136611,1,5,6,S Kaul,0,0.06615351104211155
1136611,2,0,1,UT Yadav,0,0.0005681355215499705
1136611,2,0,2,UT Yadav,0,0.0005772597726139534
1136611,2,0,3,UT Yadav,0,0.000548417900844735
1136611,2,0,4,UT Yadav,0,0.0019012555213665046
1136611,2,0,5,UT Yadav,0,0.0019768244742575333
1136611,2,0,6,UT Yadav,0,0.002142391613749942
1136611,2,1,1,TG Southee,1,0.9994333769468821
1136611,2,1,2,TG Southee,1,0.9731904217554925
1136611,2,1,3,TG Southee,1,0.7844432408649321
1136611,2,1,4,TG Southee,0,0.6257414593696564
1136611,2,1,5,TG Southee,1,0.8542001305554558
1136611,2,1,6,TG Southee,1,0.8466161778873789
1136611,2,2,1,UT Yadav,0,0.12211530760624757
1136611,2,2,2,UT Yadav,1,0.6488478952525009
1136611,2,2,3,UT Yadav,1,0.5190149475638113
1136611,2,2,4,UT Yadav,1,0.49427391678860927
1136611,2,2,5,UT Yadav,0,0.46884259754628604
1136611,2,2,6,UT Yadav,0,0.2997477454339634
1136611,2,3,1,YS Chahal,0,0.006850185282908305
1136611,2,3,2,YS Chahal,0,0.001866631650053131
1136611,2,3,3,YS Chahal,0,0.0031555422749245986
1136611,2,3,4,YS Chahal,0,0.0032441448709029227
1136611,2,3,5,YS Chahal,0,0.004568410155335378
1136611,2,3,6,YS Chahal,0,0.0036040385771997033
1136611,2,4,1,Mohammed Siraj,1,0.99924083601458
1136611,2,4,2,Mohammed Siraj,1,0.9724686722153514
1136611,2,4,3,Mohammed Siraj,1,0.9000906589343493
1136611,2,4,4,Mohammed Siraj,1,0.6562544676185423
1136611,2,4,5,Mohammed Siraj,0,0.5044805158954728
1136611,2,4,6,Mohammed Siraj,1,0.8551130960637228
1136611,2,5,1,YS Chahal,0,0.005827301577043245
1136611,2,5,2,YS Chahal,0,0.004644065955248602
1136611,2,5,3,YS Chahal,0,0.06974956598342237
1136611,2,5,4,YS Chahal,0,0.08424876078049134
1136611,2,5,5,YS Chahal,0,0.07053048681121418
1136611,2,5,6,YS Chahal,0,0.27916878504885034
1175358,1,0,1,Rasikh Salam,0,0.0008309403979931018
1175358,1,0,2,Rasikh Salam,0,0.019275136676576633
1175358,1,0,3,Rasikh Salam,0,0.05533681944670567
1175358,1,0,4,Rasikh Salam,0,0.036317867878235655
1175358,1,0,5,Rasikh Salam,0,0.03460503576584039
1175358,1,0,6,Rasikh Salam,0,0.0347803576264848
1175358,1,0,7,Rasikh Salam,0,0.03571568492429319
1175358,1,1,1,MJ McClenaghan,0,0.0002767286722115178
1175358,1,1,2,MJ McClenaghan,1,0.846997426654534
1175358,1,1,3,MJ McClenaghan,0,0.4009556069870451
1175358,1,1,4,MJ McClenaghan,0,0.21946603422558947
1175358,1,1,5,MJ McClenaghan,0,0.24689507646530326
1175358,1,1,6,MJ McClenaghan,0,0.15817767916610262
1175358,1,2,1,Rasikh Salam,0,0.03084492304099827
1175358,1,2,2,Rasikh Salam,0,0.021143950803345787
1175358,1,2,3,Rasikh Salam,0,0.2568842258819825
1175358,1,2,4,Rasikh Salam,0,0.2673410401989946
1175358,1,2,5,Rasikh Salam,0,0.26523645480737235
1175358,1,2,6,Rasikh Salam,0,0.29095644695297573
1175358,1,2,7,Rasikh Salam,0,0.52134657466383
1175358,1,3,1,MJ McClenaghan,0,0.1543243655388261
1175358,1,3,2,MJ McClenaghan,0,0.10401636736784782
1175358,1,3,3,MJ McClenaghan,0,0.4124036173727878
1175358,1,3,4,MJ McClenaghan,0,0.34432555679804444
1175358,1,3,5,MJ McClenaghan,0,0.28979253190938375
1175358,1,3,6,MJ McClenaghan,0,0.4157410504773201
1175358,1,4,1,JJ Bumrah,0,0.025337917051616338
1175358,1,4,2,JJ Bumrah,0,0.00739607000439862
1175358,1,4,3,JJ Bumrah,0,0.015109642155928207
1175358,1,4,4,JJ Bumrah,0,0.008788896439684219
1175358,1,4,5,JJ Bumrah,0,0.003944803854066278
1175358,1,4,6,JJ Bumrah,0,0.009667383903627206
1175358,1,5,1,HH Pandya,1,0.9994267926194735
1175358,1,5,2,HH Pandya,1,0.9465688854280164
1175358,1,5,3,HH Pandya,1,0.842584151496456
1175358,1,5,4,HH Pandya,1,0.7920273296959177
1175358,1,5,5,HH Pandya,0,0.7111092830716869
1175358,1,5,6,HH Pandya,0,0.6584907536756317
1175358,2,0,1,TA Boult,0,0.025086301304289103
1175358,2,0,2,TA Boult,0,0.026033583433329052
1175358,2,0,3,TA Boult,0,0.011637344854901855
1175358,2,0,4,TA Boult,0,0.0071216167545092
1175358,2,0,5,TA Boult,0,0.023187567396604415
1175358,2,0,6,TA Boult,0,0.03172717620153673
1175358,2,1,1,I Sharma,0,0.0005262852418934687
1175358,2,1,2,I Sharma,0,0.0052448716968390326
1175358,2,1,3,I Sharma,0,0.009034938378577512
1175358,2,1,4,I Sharma,0,0.0055233986281915705
1175358,2,1,5,I Sharma,0,0.34955198397983167
1175358,2,1,6,I Sharma,0,0.2726966502701438
1175358,2,2,1,TA Boult,0,0.030685101003796216
1175358,2,2,2,TA Boult,0,0.030565135623599006
1175358,2,2,3,TA Boult,0,0.21810510618520473
1175358,2,2,4,TA Boult,0,0.48517286412952193
1175358,2,2,5,TA Boult,0,0.5479364704622717
1175358,2,2,6,TA Boult,0,0.5413297888521474
1175358,2,3,1,I Sharma,0,0.17204439338464053
1175358,2,3,2,I Sharma,0,0.4322096635379225
1175358,2,3,3,I Sharma,0,0.257664687541715
1175358,2,3,4,I Sharma,0,0.2360184500701462
1175358,2,3,5,I Sharma,0,0.15723904815788345
1175358,2,3,6,I Sharma,0,0.12720773230789106
1175358,2,4,1,K Rabada,0,0.002037761652783456
1175358,2,4,2,K Rabada,0,0.001955130771440521
1175358,2,4,3,K Rabada,0,0.0032886881092702245
1175358,2,4,4,K Rabada,0,0.01460548959286443
1175358,2,4,5,K Rabada,0,0.03535861202468896
1175358,2,4,6,K Rabada,0,0.015553824320430842
1175358,2,5,1,I Sharma,0,0.06886391695165868
1175358,2,5,2,I Sharma,0,0.23766341685772258
1175358,2,5,3,I Sharma,0,0.2943263173086782
1175358,2,5,4,I Sharma,0,0.2469945437755439
1175358,2,5,5,I Sharma,0,0.38789363077376593
1175358,2,5,6,I Sharma,0,0.4140337566312416
1175359,1,0,1,DS Kulkarni,0,0.00023844801788236818
1175359,1,0,2,DS Kulkarni,1,0.9069342142780543
1175359,1,0,3,DS Kulkarni,1,0.5325305858920726
1175359,1,0,4,DS Kulkarni,0,0.31869363182360894
1175359,1,0,5,DS Kulkarni,1,0.423041977312158
1175359,1,0,6,DS Kulkarni,0,0.3547232371293759
1175359,1,0,7,DS Kulkarni,0,0.30039484994700155
1175359,1,1,1,K Gowtham,0,0.00031494912585146697
1175359,1,1,2,K Gowtham,1,0.9753858333635216
1175359,1,1,3,K Gowtham,1,0.9089784932292663
1175359,1,1,4,K Gowtham,1,0.6881071445709549
1175359,1,1,5,K Gowtham,1,0.4945596545715519
1175359,1,1,6,K Gowtham,1,0.38162138197625173
1175359,1,2,1,DS Kulkarni,0,0.15332901327121698
1175359,1,2,2,DS Kulkarni,0,0.13775298849945097
1175359,1,2,3,DS Kulkarni,0,0.130955731527551
1175359,1,2,4,DS Kulkarni,0,0.28274478755404403
1175359,1,2,5,DS Kulkarni,0,0.29028170449060675
1175359,1,2,6,DS Kulkarni,0,0.3069841313071737
1175359,1,2,7,DS Kulkarni,0,0.3114389275259131
1175359,1,3,1,JC Archer,0,0.0003286401508583862
1175359,1,3,2,JC Archer,0,0.00030400614591323007
1175359,1,3,3,JC Archer,0,0.0003402071966283181
1175359,1,3,4,JC Archer,0,0.0003463222892466835
1175359,1,3,5,JC Archer,0,0.0003463222892466835
1175359,1,3,6,JC Archer,0,0.000741254918352885
1175359,1,4,1,BA Stokes,1,0.99834352892044
1175359,1,4,2,BA Stokes,1,0.9192001385328847
1175359,1,4,3,BA Stokes,0,0.7601434887630648
1175359,1,4,4,BA Stokes,0,0.7583117646129433
1175359,1,4,5,BA Stokes,0,0.8164500888389539
1175359,1,4,6,BA Stokes,0,0.5818409880341068
1175359,1,4,7,BA Stokes,0,0.5239240218450262
1175359,1,5,1,JC Archer,0,0.00037695997496347677
1175359,1,5,2,JC Archer,0,0.00029210753636469365
1175359,1,5,3,JC Archer,0,0.00133155214481407
1175359,1,5,4,JC Archer,0,0.00133155214481407
1175359,1,5,5,JC Archer,0,0.0005907658864551411
1175359,1,5,6,JC Archer,0,0.0008142656700604364
1175359,2,0,1,SM Curran,0,0.0002460345536803129
1175359,2,0,2,SM Curran,0,0.0002546498261377585
1175359,2,0,3,SM Curran,0,0.36603135158997485
1175359,2,0,4,SM Curran,0,0.17983349236021864
1175359,2,0,5,SM Curran,0,0.621777719031348
1175359,2,0,6,SM Curran,0,0.8897544380448796
1175359,2,1,1,Mujeeb Ur Rahman,1,0.998889651031511
1175359,2,1,2,Mujeeb Ur Rahman,1,0.9577612241181769
1175359,2,1,3,Mujeeb Ur Rahman,1,0.6980344125230873
1175359,2,1,4,Mujeeb Ur Rahman,1,0.5069342311685144
1175359,2,1,5,Mujeeb Ur Rahman,0,0.21008329843490675
1175359,2,1,6,Mujeeb Ur Rahman,0,0.19302755936246282
1175359,2,2,1,Mohammed Shami,0,0.011060546344788135
1175359,2,2,2,Mohammed Shami,1,0.9584128230611993
1175359,2,2,3,Mohammed Shami,1,0.6934739128497737
1175359,2,2,4,Mohammed Shami,1,0.9199958333930517
1175359,2,2,5,Mohammed Shami,1,0.7896154196516686
1175359,2,2,6,Mohammed Shami,1,0.5658602121204324
1175359,2,3,1,Mujeeb Ur Rahman,0,0.14132398835989934
1175359,2,3,2,Mujeeb Ur Rahman,0,0.12409804080540444
1175359,2,3,3,Mujeeb Ur Rahman,0,0.09168145381120198
1175359,2,3,4,Mujeeb Ur Rahman,0,0.18201798419233195
1175359,2,3,5,Mujeeb Ur Rahman,0,0.1780866955956953
1175359,2,3,6,Mujeeb Ur Rahman,1,0.32592175544383084
1175359,2,4,1,Mohammed Shami,0,0.33963918362919493
1175359,2,4,2,Mohammed Shami,1,0.591867038775046
1175359,2,4,3,Mohammed Shami,1,0.5188676230138908
1175359,2,4,4,Mohammed Shami,1,0.38706713603387227
1175359,2,4,5,Mohammed Shami,1,0.4496292756348654
1175359,2,4,6,Mohammed Shami,0,0.3342089582363592
1175359,2,5,1,SM Curran,0,0.8077264128046546
1175359,2,5,2,SM Curran,0,0.8947465499674192
1175359,2,5,3,SM Curran,0,0.816665898222206
1175359,2,5,4,SM Curran,1,0.9088179429198814
1175359,2,5,5,SM Curran,1,0.9441848547932111
1175359,2,5,6,SM Curran,1,0.9521715003084711
1175362,1,0,1,UT Yadav,0,0.0011782535510076416
1175362,1,0,2,UT Yadav,0,0.003086387234380717
1175362,1,0,3,UT Yadav,1,0.7114603080703583
1175362,1,0,4,UT Yadav,1,0.5195826981598217
1175362,1,0,5,UT Yadav,1,0.7298184800167643
1175362,1,0,6,UT Yadav,1,0.6772732237444339
1175362,1,1,1,Navdeep Saini,0,0.0011706620755568135
1175362,1,1,2,Navdeep Saini,0,0.0020706936405709016
1175362,1,1,3,Navdeep Saini,1,0.7076050602437683
1175362,1,1,4,Navdeep Saini,0,0.5225298010662536
1175362,1,1,5,Navdeep Saini,0,0.15443499397183058
1175362,1,1,6,Navdeep Saini,0,0.6731710294665878
1175362,1,2,1,UT Yadav,1,0.5761823057026744
1175362,1,2,2,UT Yadav,1,0.520695178815486
1175362,1,2,3,UT Yadav,1,0.23252530885468137
1175362,1,2,4,UT Yadav,1,0.20788650408100356
1175362,1,2,5,UT Yadav,1,0.5556136375249849
1175362,1,2,6,UT Yadav,1,0.526331491597781
1175362,1,3,1,Navdeep Saini,0,0.5749723549279729
1175362,1,3,2,Navdeep Saini,0,0.519458933467192
1175362,1,3,3,Navdeep Saini,1,0.6839536252261502
1175362,1,3,4,Navdeep Saini,0,0.6333560591173124
1175362,1,3,5,Navdeep Saini,0,0.6022295683516761
1175362,1,3,6,Navdeep Saini,0,0.5273601945343777
1175362,1,4,1,Mohammed Siraj,0,0.008605165194321241
1175362,1,4,2,Mohammed Siraj,0,0.00867277921151961
1175362,1,4,3,Mohammed Siraj,1,0.7321732545248115
1175362,1,4,4,Mohammed Siraj,1,0.5451025316701831
1175362,1,4,5,Mohammed Siraj,0,0.4507610632719504
1175362,1,4,6,Mohammed Siraj,1,0.6661125912012853
1175362,1,5,1,Navdeep Saini,0,0.3824177888416207
1175362,1,5,2,Navdeep Saini,0,0.28293094783798695
1175362,1,5,3,Navdeep Saini,0,0.5305332124949038
1175362,1,5,4,Navdeep Saini,0,0.5246974896687491
1175362,1,5,5,Navdeep Saini,0,0.3415414242061242
1175362,1,5,6,Navdeep Saini,0,0.6113940965200129
1175362,2,0,1,MJ McClenaghan,0,0.011004325751871826
1175362,2,0,2,MJ McClenaghan,0,0.004102804954069132
1175362,2,0,3,MJ McClenaghan,0,0.0042590741290994645
1175362,2,0,4,MJ McClenaghan,0,0.6135401180500984
1175362,2,0,5,MJ McClenaghan,0,0.3349614817302501
1175362,2,0,6,MJ McClenaghan,0,0.3562706444743951
1175362,2,1,1,SL Malinga,0,0.009719241104423251
1175362,2,1,2,SL Malinga,0,0.003591631651591126
1175362,2,1,3,SL Malinga,0,0.0037285039581554996
1175362,2,1,4,SL Malinga,0,0.003026391619766619
1175362,2,1,5,SL Malinga,0,0.0027384852819738936
1175362,2,1,6,SL Malinga,0,0.0033737727412096233
1175362,2,2,1,MJ McClenaghan,0,0.19384880308940275
1175362,2,2,2,MJ McClenaghan,0,0.20097796163823634
1175362,2,2,3,MJ McClenaghan,0,0.552931121084231
1175362,2,2,4,MJ McClenaghan,0,0.5267297332388127
1175362,2,2,5,MJ McClenaghan,0,0.6446118412955611
1175362,2,3,1,JJ Bumrah,0,0.0009689406560458116
1175362,2,3,2,JJ Bumrah,0,0.00044989408598813154
1175362,2,3,3,JJ Bumrah,0,0.0004558716173579818
1175362,2,3,4,JJ Bumrah,1,0.21351572047145415
1175362,2,3,5,JJ Bumrah,1,0.6865534630681609
1175362,2,3,6,JJ Bumrah,1,0.8118239139257396
1175362,2,4,1,HH Pandya,0,0.009292798199525006
1175362,2,4,2,HH Pandya,0,0.0027309714802246144
1175362,2,4,3,HH Pandya,0,0.0017833844657102443
1175362,2,4,4,HH Pandya,0,0.0008101974741840738
1175362,2,4,5,HH Pandya,0,0.14138068581769273
1175362,2,4,6,HH Pandya,0,0.6334742069737219
1175362,2,5,1,KH Pandya,1,0.9992776565983535
1175362,2,5,2,KH Pandya,1,0.9993838189524429
1175362,2,5,3,KH Pandya,1,0.983540504413745
1175362,2,5,4,KH Pandya,1,0.9473795005768626
1175362,2,5,5,KH Pandya,1,0.8000270801496008
1175362,2,5,6,KH Pandya,1,0.7112381922441585
1175365,1,0,1,K Rabada,1,0.9996450966308122
1175365,1,0,2,K Rabada,1,0.9995431358252624
1175365,1,0,3,K Rabada,1,0.9787120159839386
1175365,1,0,4,K Rabada,1,0.9220582225280866
1175365,1,0,5,K Rabada,0,0.667130130804866
1175365,1,0,6,K Rabada,1,0.9240661544089529
1175365,1,0,7,K Rabada,1,0.9063475523111447
1175365,1,1,1,S Lamichhane,0,0.00018005426002383227
1175365,1,1,2,S Lamichhane,0,0.00019074530600257487
1175365,1,1,3,S Lamichhane,0,0.00019378130977922475
1175365,1,1,4,S Lamichhane,0,0.00022150599502925245
1175365,1,1,5,S Lamichhane,0,0.00022150599502925245
1175365,1,1,6,S Lamichhane,0,0.0003228151988036324
1175365,1,2,1,CH Morris,0,0.0001810781005226671
1175365,1,2,2,CH Morris,0,0.0026536328394872583
1175365,1,2,3,CH Morris,0,0.0010814151777881003
1175365,1,2,4,CH Morris,0,0.00278555122177106
1175365,1,2,5,CH Morris,0,0.001377675972393936
1175365,1,2,6,CH Morris,0,0.0011054593837581995
1175365,1,3,1,S Lamichhane,0,0.0011582741769339303
1175365,1,3,2,S Lamichhane,0,0.0009207444122067665
1175365,1,3,3,S Lamichhane,0,0.0006923179026652825
1175365,1,3,4,S Lamichhane,0,0.0005718945698920376
1175365,1,3,5,S Lamichhane,0,0.01417817694474825
1175365,1,3,6,S Lamichhane,0,0.019321884157549398
1175365,1,4,1,CH Morris,0,0.002315560741080679
1175365,1,4,2,CH Morris,0,0.001595603560289945
1175365,1,4,3,CH Morris,0,0.04211479592802148
1175365,1,4,4,CH Morris,0,0.03126442454050847
1175365,1,4,5,CH Morris,0,0.23022277476685477
1175365,1,4,6,CH Morris,0,0.16308774743058527
1175365,1,5,1,HV Patel,0,0.019644707957904513
1175365,1,5,2,HV Patel,0,0.0036245099007376574
1175365,1,5,3,HV Patel,0,0.0015605713905325485
1175365,1,5,4,HV Patel,0,0.004127042094955
1175365,1,5,5,HV Patel,0,0.31892059107659354
1175365,1,5,6,HV Patel,0,0.2057073788905539
1175365,2,0,1,M Prasidh Krishna,0,0.0003746866919540502
1175365,2,0,2,M Prasidh Krishna,0,0.00040546441191589106
1175365,2,0,3,M Prasidh Krishna,0,0.0027130390740485078
1175365,2,0,4,M Prasidh Krishna,0,0.001868003740252544
1175365,2,0,5,M Prasidh Krishna,0,0.003941982073548603
1175365,2,0,6,M Prasidh Krishna,0,0.3235650690339358
1175365,2,1,1,LH Ferguson,0,0.0003867447362735497
1175365,2,1,2,LH Ferguson,0,0.006822453096751537
1175365,2,1,3,LH Ferguson,0,0.002608551056665324
1175365,2,1,4,LH Ferguson,0,0.5094581862991524
1175365,2,1,5,LH Ferguson,0,0.4099187707616342
1175365,2,1,6,LH Ferguson,1,0.8242962615596833
1175365,2,2,1,PP Chawla,0,0.019468404550104897
1175365,2,2,2,PP Chawla,1,0.9658729589260763
1175365,2,2,3,PP Chawla,1,0.9907562466654484
1175365,2,2,4,PP Chawla,1,0.9663103778483607
1175365,2,2,5,PP Chawla,1,0.8943813698606625
1175365,2,2,6,PP Chawla,1,0.8227611042403222
1175365,2,3,1,AD Russell,0,0.0004620277302717102
1175365,2,3,2,AD Russell,0,0.006921842036985608
1175365,2,3,3,AD Russell,0,0.002621829050004869
1175365,2,3,4,AD Russell,0,0.0018051516495809737
1175365,2,3,5,AD Russell,0,0.001353173399458898
1175365,2,3,6,AD Russell,0,0.002668174243169031
1175365,2,4,1,M Prasidh Krishna,0,0.14736816051171364
1175365,2,4,2,M Prasidh Krishna,0,0.1795266386185374
1175365,2,4,3,M Prasidh Krishna,0,0.0695245786032006
1175365,2,4,4,M Prasidh Krishna,0,0.09396897162647172
1175365,2,4,5,M Prasidh Krishna,0,0.17605903604643422
1175365,2,4,6,M Prasidh Krishna,0,0.18699507048248248
1175365,2,4,7,M Prasidh Krishna,0,0.18648169653698138
1175365,2,5,1,AD Russell,0,0.005204015783672311
1175365,2,5,2,AD Russell,0,0.18407424319957116
1175365,2,5,3,AD Russell,0,0.5804411753266255
1175365,2,5,4,AD Russell,0,0.47620462139112785
1175365,2,5,5,AD Russell,0,0.4514345923624299
1175365,2,5,6,AD Russell,0,0.41849325706461465
1175365,3,0,1,M Prasidh Krishna,0,0.01960159493573946
1175365,3,0,2,M Prasidh Krishna,1,0.9641951732469554
1175365,3,0,3,M Prasidh Krishna,1,0.851143221949431
1175365,3,0,4,M Prasidh Krishna,1,0.8175361082922343
1175365,3,0,5,M Prasidh Krishna,1,0.7518813018584855
1175365,4,0,1,K Rabada,1,0.9996214176999165
1175365,4,0,2,K Rabada,1,0.951655849812831
1175365,4,0,3,K Rabada,1,0.5308098583291571
1175365,4,0,4,K Rabada,1,0.38089159311958715
1175365,4,0,5,K Rabada,1,0.2529275077799977
1175369,1,0,1,K Gowtham,0,0.012142797987409325
1175369,1,0,2,K Gowtham,0,0.016581350282027812
1175369,1,0,3,K Gowtham,0,0.032517169601048584
1175369,1,0,4,K Gowtham,1,0.8078027171360221
1175369,1,0,5,K Gowtham,1,0.6632655806272584
1175369,1,0,6,K Gowtham,1,0.5249874993371499
1175369,1,1,1,DS Kulkarni,0,0.01929222876591262
1175369,1,1,2,DS Kulkarni,0,0.009309580713006062
1175369,1,1,3,DS Kulkarni,0,0.017646996982964073
1175369,1,1,4,DS Kulkarni,1,0.8683880578990534
1175369,1,1,5,DS Kulkarni,1,0.6086442517849449
1175369,1,1,6,DS Kulkarni,0,0.3801134003792909
1175369,1,1,7,DS Kulkarni,0,0.37390810481794967
1175369,1,2,1,K Gowtham,1,0.3045375284143411
1175369,1,2,2,K Gowtham,1,0.2776460086778425
1175369,1,2,3,K Gowtham,1,0.15409495259053904
1175369,1,2,4,K Gowtham,1,0.14040906778606718
1175369,1,2,5,K Gowtham,1,0.14353169814615888
1175369,1,2,6,K Gowtham,1,0.14510641016151613
1175369,1,3,1,DS Kulkarni,1,0.5547983366230804
1175369,1,3,2,DS Kulkarni,0,0.4231382333248359
1175369,1,3,3,DS Kulkarni,0,0.34453268436938983
1175369,1,3,4,DS Kulkarni,0,0.29377095282120164
1175369,1,3,5,DS Kulkarni,0,0.29842376553378247
1175369,1,3,6,DS Kulkarni,0,0.42667721398755465
1175369,1,4,1,JC Archer,0,0.00048809756821278737
1175369,1,4,2,JC Archer,1,0.9099920698750126
1175369,1,4,3,JC Archer,1,0.8915407782776202
1175369,1,4,4,JC Archer,1,0.9132022884831743
1175369,1,4,5,JC Archer,1,0.9357150744827114
1175369,1,4,6,JC Archer,1,0.92504585274048
1175369,1,5,1,K Gowtham,1,0.08235433158848345
1175369,1,5,2,K Gowtham,1,0.08565075401659386
1175369,1,5,3,K Gowtham,1,0.08380071689346885
1175369,1,5,4,K Gowtham,1,0.1250203944068892
1175369,1,5,5,K Gowtham,1,0.13483736838790253
1175369,1,5,6,K Gowtham,1,0.1342085599753879
1175369,2,0,1,UT Yadav,0,0.016811216015497846
1175369,2,0,2,UT Yadav,0,0.023782641399712243
1175369,2,0,3,UT Yadav,0,0.7587407376927354
1175369,2,0,4,UT Yadav,1,0.7321735031049662
1175369,2,0,5,UT Yadav,0,0.4610418942642149
1175369,2,0,6,UT Yadav,0,0.4387561628846124
1175369,2,1,1,Navdeep Saini,0,0.0004306470971302363
1175369,2,1,2,Navdeep Saini,0,0.00046227843893539855
1175369,2,1,3,Navdeep Saini,0,0.004682335744374342
1175369,2,1,4,Navdeep Saini,0,0.4666162113928375
1175369,2,1,5,Navdeep Saini,1,0.8277583545672766
1175369,2,1,6,Navdeep Saini,1,0.6489463507810564
1175369,2,2,1,UT Yadav,0,0.5474505785283753
1175369,2,2,2,UT Yadav,0,0.29510813990794815
1175369,2,2,3,UT Yadav,0,0.31940008351848365
1175369,2,2,4,UT Yadav,0,0.21328477776200636
1175369,2,2,5,UT Yadav,0,0.21328477776200636
1175369,2,2,6,UT Yadav,0,0.5691029055603904
1175369,2,2,7,UT Yadav,1,0.6638833388264154
1175369,2,3,1,Navdeep Saini,1,0.8242224026539194
1175369,2,3,2,Navdeep Saini,1,0.6549856852596899
1175369,2,3,3,Navdeep Saini,0,0.5585117909106841
1175369,2,3,4,Navdeep Saini,0,0.4804260470890592
1175369,2,3,5,Navdeep Saini,1,0.603501718250886
1175369,2,3,6,Navdeep Saini,0,0.5204186791819697
1175369,2,4,1,Mohammed Siraj,0,0.0007475041299588994
1175369,2,4,2,Mohammed Siraj,0,0.0008113762169330855
1175369,2,4,3,Mohammed Siraj,0,0.0007728430334490439
1175369,2,4,4,Mohammed Siraj,0,0.000786728467655557
1175369,2,4,5,Mohammed Siraj,0,0.000800884788383587
1175369,2,4,6,Mohammed Siraj,0,0.0014680765685340551
1175369,2,5,1,Navdeep Saini,0,0.5860068242052915
1175369,2,5,2,Navdeep Saini,0,0.5437164487015458
1175369,2,5,3,Navdeep Saini,0,0.6005055884315035
1175369,2,5,4,Navdeep Saini,0,0.6053226313400333
1175369,2,5,5,Navdeep Saini,1,0.7403878543066165
1175369,2,5,6,Navdeep Saini,0,0.7267837889311793
1178399,1,0,1,JP Behrendorff,0,0.00027379962053621955
1178399,1,0,2,JP Behrendorff,0,0.0002731784661427513
1178399,1,0,3,JP Behrendorff,0,0.0002517951831180767
1178399,1,0,4,JP Behrendorff,0,0.0002517951831180767
1178399,1,0,5,JP Behrendorff,0,0.000856194254940048
1178399,1,0,6,JP Behrendorff,0,0.0003632497286210129
1178399,1,1,1,JJ Bumrah,0,0.0003616384554191807
1178399,1,1,2,JJ Bumrah,0,0.006133342651754651
1178399,1,1,3,JJ Bumrah,0,0.01170655957507842
1178399,1,1,4,JJ Bumrah,0,0.012297050423139685
1178399,1,1,5,JJ Bumrah,0,0.012435387219961437
1178399,1,1,6,JJ Bumrah,0,0.007169564425511276
1178399,1,2,1,JP Behrendorff,0,0.0868027560624159
1178399,1,2,2,JP Behrendorff,0,0.0670280678819174
1178399,1,2,3,JP Behrendorff,0,0.055471870239890635
1178399,1,2,4,JP Behrendorff,0,0.08001959913045029
1178399,1,2,5,JP Behrendorff,0,0.09440382011727834
1178399,1,2,6,JP Behrendorff,0,0.10427842368660699
1178399,1,3,1,AS Joseph,0,0.0003183463010461573
1178399,1,3,2,AS Joseph,0,0.004997018764731962
1178399,1,3,3,AS Joseph,0,0.0015881416288889693
1178399,1,3,4,AS Joseph,0,0.0053528762890343575
1178399,1,3,5,AS Joseph,0,0.558392995596394
1178399,1,3,6,AS Joseph,0,0.5130524485845023
1178399,1,4,1,JP Behrendorff,0,0.06791963527908067
1178399,1,4,2,JP Behrendorff,0,0.24561682636966242
1178399,1,4,3,JP Behrendorff,0,0.4273230843133632
1178399,1,4,4,JP Behrendorff,0,0.41669817247597535
1178399,1,4,5,JP Behrendorff,1,0.47912264275537186
1178399,1,4,6,JP Behrendorff,1,0.6758821179206094
1178399,1,5,1,JJ Bumrah,0,0.02233144082852017
1178399,1,5,2,JJ Bumrah,0,0.014445272549085095
1178399,1,5,3,JJ Bumrah,0,0.025416682565344333
1178399,1,5,4,JJ Bumrah,0,0.21023377009387278
1178399,1,5,5,JJ Bumrah,0,0.21183985692499124
1178399,1,5,6,JJ Bumrah,0,0.2017249322637986
1178399,2,0,1,AS Rajpoot,0,0.0005820377872653639
1178399,2,0,2,AS Rajpoot,0,0.009178202111842048
1178399,2,0,3,AS Rajpoot,0,0.7638737680252102
1178399,2,0,4,AS Rajpoot,1,0.8992346854142007
1178399,2,0,5,AS Rajpoot,1,0.7047058132712635
1178399,2,0,6,AS Rajpoot,0,0.5289464712419888
1178399,2,1,1,Mohammed Shami,0,0.0005128284129711503
1178399,2,1,2,Mohammed Shami,0,0.00683520299147027
1178399,2,1,3,Mohammed Shami,0,0.0017218387653212906
1178399,2,1,4,Mohammed Shami,0,0.0015066497673419576
1178399,2,1,5,Mohammed Shami,0,0.002713612302215082
1178399,2,1,6,Mohammed Shami,0,0.007918393099440845
1178399,2,2,1,AS Rajpoot,0,0.4815430565242479
1178399,2,2,2,AS Rajpoot,0,0.41926440494627426
1178399,2,2,3,AS Rajpoot,0,0.5248283224647248
1178399,2,2,4,AS Rajpoot,0,0.646056657733369
1178399,2,2,5,AS Rajpoot,0,0.6329942559694711
1178399,2,2,6,AS Rajpoot,0,0.7110362762592879
1178399,2,3,1,Mohammed Shami,0,0.003223725684412653
1178399,2,3,2,Mohammed Shami,0,0.002099241498937924
1178399,2,3,3,Mohammed Shami,0,0.0016846492310376299
1178399,2,3,4,Mohammed Shami,0,0.0012765330120046597
1178399,2,3,5,Mohammed Shami,0,0.0019405947779879216
1178399,2,3,6,Mohammed Shami,0,0.0018722529245449896
1178399,2,4,1,AS Rajpoot,1,0.7126142640848918
1178399,2,4,2,AS Rajpoot,0,0.7038837837563576
1178399,2,4,3,AS Rajpoot,0,0.6067829773642935
1178399,2,4,4,AS Rajpoot,0,0.7400614727661105
1178399,2,4,5,AS Rajpoot,0,0.6845465046273563
1178399,2,4,6,AS Rajpoot,0,0.7877442769571867
1178399,2,5,1,GC Viljoen,0,0.014189303879775376
1178399,2,5,2,GC Viljoen,1,0.8785190652971585
1178399,2,5,3,GC Viljoen,1,0.7248797879825299
1178399,2,5,4,GC Viljoen,1,0.5813645631652847
1178399,2,5,5,GC Viljoen,1,0.45537977975814103
1178399,2,5,6,GC Viljoen,1,0.4227777009965863
1178405,1,0,1,B Kumar,0,0.038445120198300424
1178405,1,0,2,B Kumar,0,0.02559450332819125
1178405,1,0,3,B Kumar,1,0.8665837820924022
1178405,1,0,4,B Kumar,1,0.6778715430136428
1178405,1,0,5,B Kumar,1,0.5225343129976636
1178405,1,0,6,B Kumar,0,0.4106592121662321
1178405,1,1,1,KK Ahmed,0,0.0002454432139066707
1178405,1,1,2,KK Ahmed,0,0.02388953753062088
1178405,1,1,3,KK Ahmed,0,0.0658732849184081
1178405,1,1,4,KK Ahmed,0,0.07584349308715357
1178405,1,1,5,KK Ahmed,0,0.058497229334731816
1178405,1,1,6,KK Ahmed,0,0.05110548087843148
1178405,1,2,1,Sandeep Sharma,0,0.000284195531597324
1178405,1,2,2,Sandeep Sharma,1,0.893066449017585
1178405,1,2,3,Sandeep Sharma,1,0.6059200381361741
1178405,1,2,4,Sandeep Sharma,0,0.35477902212669865
1178405,1,2,5,Sandeep Sharma,1,0.7485152108671352
1178405,1,2,6,Sandeep Sharma,1,0.5872516044856916
1178405,1,3,1,KK Ahmed,0,0.057372198383099385
1178405,1,3,2,KK Ahmed,0,0.059637604318453066
1178405,1,3,3,KK Ahmed,0,0.026913997051654596
1178405,1,3,4,KK Ahmed,0,0.32207575235267955
1178405,1,3,5,KK Ahmed,1,0.6865266907348011
1178405,1,3,6,KK Ahmed,0,0.6193456677302653
1178405,1,4,1,B Kumar,0,0.3719795066264191
1178405,1,4,2,B Kumar,0,0.3165463246003495
1178405,1,4,3,B Kumar,0,0.28387181182779253
1178405,1,4,4,B Kumar,0,0.3100398400423859
1178405,1,4,5,B Kumar,0,0.3032308934929251
1178405,1,4,6,B Kumar,0,0.31181484876263965
1178405,1,4,7,B Kumar,0,0.5609119015923197
1178405,1,5,1,KK Ahmed,1,0.7734983128360898
1178405,1,5,2,KK Ahmed,1,0.758294558798542
1178405,1,5,3,KK Ahmed,1,0.7603112195644055
1178405,1,5,4,KK Ahmed,1,0.8185706078062588
1178405,1,5,5,KK Ahmed,1,0.8156100349401145
1178405,1,5,6,KK Ahmed,1,0.8278492995349769
1178405,2,0,1,I Sharma,0,0.00010467273430205677
1178405,2,0,2,I Sharma,0,0.00010345089669195759
1178405,2,0,3,I Sharma,0,0.0030261010763757063
1178405,2,0,4,I Sharma,0,0.0015902567610689559
1178405,2,0,5,I Sharma,0,0.000847208182216009
1178405,2,0,6,I Sharma,0,0.0021885785218439826
1178405,2,1,1,K Rabada,1,0.999392918607554
1178405,2,1,2,K Rabada,1,0.8503164354828168
1178405,2,1,3,K Rabada,1,0.4832845392094544
1178405,2,1,4,K Rabada,1,0.34076549708822934
1178405,2,1,5,K Rabada,1,0.7501698879232898
1178405,2,1,6,K Rabada,1,0.6820298965449346
1178405,2,2,1,I Sharma,0,0.0013615221425725451
1178405,2,2,2,I Sharma,0,0.0009436291876118576
1178405,2,2,3,I Sharma,0,0.04946442780405307
1178405,2,2,4,I Sharma,1,0.3058543680737694
1178405,2,2,5,I Sharma,1,0.31155450869125406
1178405,2,2,6,I Sharma,1,0.31809464197009824
1178405,2,3,1,CH Morris,0,0.014143228960240527
1178405,2,3,2,CH Morris,0,0.002860265395385396
1178405,2,3,3,CH Morris,0,0.0010594802364078772
1178405,2,3,4,CH Morris,1,0.6593112891292586
1178405,2,3,5,CH Morris,1,0.4218206812156438
1178405,2,3,6,CH Morris,0,0.32145597600432885
1178405,2,4,1,I Sharma,1,0.2801491949103987
1178405,2,4,2,I Sharma,1,0.26938575407634885
1178405,2,4,3,I Sharma,1,0.26593417618849097
1178405,2,4,4,I Sharma,1,0.2710255357361346
1178405,2,4,5,I Sharma,1,0.2887546688564827
1178405,2,4,6,I Sharma,1,0.28743792253121403
1178405,2,5,1,K Rabada,1,0.5842064774571867
1178405,2,5,2,K Rabada,1,0.493788338367569
1178405,2,5,3,K Rabada,1,0.5176689382234898
1178405,2,5,4,K Rabada,1,0.45945486263126445
1178405,2,5,5,K Rabada,1,0.4192802782079497
1178405,2,5,6,K Rabada,1,0.4217419480376869
1178409,1,0,1,I Sharma,0,0.0002828238230697762
1178409,1,0,2,I Sharma,0,0.0038503706610793346
1178409,1,0,3,I Sharma,0,0.0013699918549745396
1178409,1,0,4,I Sharma,0,0.0042560268691404736
1178409,1,0,5,I Sharma,0,0.0018150280493271134
1178409,1,0,6,I Sharma,0,0.009715354174183661
1178409,1,1,1,K Rabada,0,0.018851007896289552
1178409,1,1,2,K Rabada,0,0.0031865334144909148
1178409,1,1,3,K Rabada,0,0.005511620342965045
1178409,1,1,4,K Rabada,0,0.7125513160725068
1178409,1,1,5,K Rabada,0,0.26077208318969547
1178409,1,1,6,K Rabada,0,0.27499676425989344
1178409,1,2,1,I Sharma,0,0.00898849942753001
1178409,1,2,2,I Sharma,0,0.011988427819151335
1178409,1,2,3,I Sharma,0,0.009335946613037596
1178409,1,2,4,I Sharma,0,0.01017804529554782
1178409,1,2,5,I Sharma,0,0.012480751392506772
1178409,1,2,6,I Sharma,0,0.011553675363746714
1178409,1,3,1,CH Morris,0,0.01800456893002647
1178409,1,3,2,CH Morris,1,0.9815285214330489
1178409,1,3,3,CH Morris,0,0.9370098046906816
1178409,1,3,4,CH Morris,1,0.9803699055688171
1178409,1,3,5,CH Morris,0,0.924350129417782
1178409,1,3,6,CH Morris,1,0.9747811292759644
1178409,1,4,1,I Sharma,0,0.02030704190755176
1178409,1,4,2,I Sharma,0,0.026591771924932627
1178409,1,4,3,I Sharma,0,0.14303349148188965
1178409,1,4,4,I Sharma,0,0.18594022751930978
1178409,1,4,5,I Sharma,0,0.18594022751930978
1178409,1,5,1,KMA Paul,0,0.0005386511110455047
1178409,1,5,2,KMA Paul,0,0.004378685817076831
1178409,1,5,3,KMA Paul,1,0.9490763191567335
1178409,1,5,4,KMA Paul,0,0.7809938751188382
1178409,1,5,5,KMA Paul,0,0.6276437812622869
1178409,1,5,6,KMA Paul,1,0.9596457816673216
1178409,1,5,7,KMA Paul,1,0.9505374093610269
1178409,2,0,1,HH Pandya,0,0.0003780258597519353
1178409,2,0,2,HH Pandya,1,0.9546235150069858
1178409,2,0,3,HH Pandya,1,0.9877649780351749
1178409,2,0,4,HH Pandya,1,0.9549777777210038
1178409,2,0,5,HH Pandya,1,0.8759482015451694
1178409,2,0,6,HH Pandya,0,0.7181237392396425
1178409,2,1,1,RD Chahar,0,0.00038703187987224394
1178409,2,1,2,RD Chahar,1,0.9537725214624557
1178409,2,1,3,RD Chahar,1,0.7203338566269819
1178409,2,1,4,RD Chahar,1,0.9541331088239156
1178409,2,1,5,RD Chahar,1,0.8738167569787199
1178409,2,1,6,RD Chahar,1,0.8960686053024077
1178409,2,2,1,SL Malinga,0,0.024407815061630686
1178409,2,2,2,SL Malinga,0,0.006179881574172862
1178409,2,2,3,SL Malinga,1,0.8819618977680335
1178409,2,2,4,SL Malinga,0,0.6003364944143275
1178409,2,2,5,SL Malinga,1,0.8996048630192004
1178409,2,2,6,SL Malinga,1,0.884668725864998
1178409,2,3,1,J Yadav,0,0.0005080097674966473
1178409,2,3,2,J Yadav,0,0.024733821979081982
1178409,2,3,3,J Yadav,0,0.03192466504886144
1178409,2,3,4,J Yadav,0,0.013258276753368393
1178409,2,3,5,J Yadav,0,0.030307149212887977
1178409,2,3,6,J Yadav,1,0.7501547765887246
1178409,2,4,1,JJ Bumrah,0,0.0005340635932495688
1178409,2,4,2,JJ Bumrah,0,0.006505363529679236
1178409,2,4,3,JJ Bumrah,0,0.001809885483739346
1178409,2,4,4,JJ Bumrah,0,0.00713213847221001
1178409,2,4,5,JJ Bumrah,0,0.012421819937959109
1178409,2,4,6,JJ Bumrah,0,0.01569846662199014
1178409,2,5,1,J Yadav,1,0.6240181120128977
1178409,2,5,2,J Yadav,1,0.5297163606589527
1178409,2,5,3,J Yadav,1,0.42640885585193317
1178409,2,5,4,J Yadav,1,0.45106540215319313
1178409,2,5,5,J Yadav,1,0.6701421633425456
1178409,2,5,6,J Yadav,1,0.5926322829489609
1178422,1,0,1,BB Sran,1,0.9995917189230944
1178422,1,0,2,BB Sran,1,0.99956038240576
1178422,1,0,3,BB Sran,1,0.9843067059184795
1178422,1,0,4,BB Sran,1,0.9888769106787402
1178422,1,0,5,BB Sran,1,0.9773703386716738
1178422,1,0,6,BB Sran,1,0.9421476350859777
1178422,1,1,1,KH Pandya,0,0.00029815740375415897
1178422,1,1,2,KH Pandya,0,0.0003200603974311434
1178422,1,1,3,KH Pandya,0,0.0003251539796301077
1178422,1,1,4,KH Pandya,0,0.0003251539796301077
1178422,1,1,5,KH Pandya,0,0.0016147451464358293
1178422,1,1,6,KH Pandya,0,0.0031304919393323675
1178422,1,2,1,SL Malinga,0,0.020149092184479852
1178422,1,2,2,SL Malinga,0,0.008979484734671347
1178422,1,2,3,SL Malinga,0,0.017649985215806366
1178422,1,2,4,SL Malinga,0,0.00997585442627651
1178422,1,2,5,SL Malinga,0,0.004144622699987981
1178422,1,2,6,SL Malinga,0,0.011045097717866782
1178422,1,3,1,KH Pandya,0,0.00445894513647261
1178422,1,3,2,KH Pandya,0,0.16455558400672157
1178422,1,3,3,KH Pandya,0,0.140544081048186
1178422,1,3,4,KH Pandya,0,0.20208563946059913
1178422,1,3,5,KH Pandya,0,0.35849095742414633
1178422,1,3,6,KH Pandya,0,0.3633640018581433
1178422,1,4,1,JJ Bumrah,0,0.06780687529208694
1178422,1,4,2,JJ Bumrah,0,0.07717089871138301
1178422,1,4,3,JJ Bumrah,1,0.8876912307687131
1178422,1,4,4,JJ Bumrah,0,0.6787440731892056
1178422,1,4,5,JJ Bumrah,0,0.5600840420724266
1178422,1,4,6,JJ Bumrah,0,0.498545024168211
1178422,1,5,1,SL Malinga,0,0.04564690146529638
1178422,1,5,2,SL Malinga,0,0.03489316181101397
1178422,1,5,3,SL Malinga,0,0.05146616484118705
1178422,1,5,4,SL Malinga,0,0.23026140498183137
1178422,1,5,5,SL Malinga,0,0.249819392451102
1178422,1,5,6,SL Malinga,0,0.4070632341559799
1178422,2,0,1,S Sandeep Warrier,0,0.0004884351939163228
1178422,2,0,2,S Sandeep Warrier,0,0.0005174687344647543
1178422,2,0,3,S Sandeep Warrier,0,0.0005257023078291417
1178422,2,0,4,S Sandeep Warrier,0,0.23039558380253936
1178422,2,0,5,S Sandeep Warrier,0,0.13824256750086178
1178422,2,0,6,S Sandeep Warrier,1,0.4330536364344279
1178422,2,1,1,SP Narine,0,0.0005291631319941022
1178422,2,1,2,SP Narine,0,0.0006688770947899608
1178422,2,1,3,SP Narine,0,0.0006795181262522651
1178422,2,1,4,SP Narine,0,0.3870693510594689
1178422,2,1,5,SP Narine,0,0.1905932812650267
1178422,2,1,6,SP Narine,0,0.11344493400209348
1178422,2,2,1,S Sandeep Warrier,0,0.2450534831476436
1178422,2,2,2,S Sandeep Warrier,0,0.2296166094529684
1178422,2,2,3,S Sandeep Warrier,0,0.1511298192720071
1178422,2,2,4,S Sandeep Warrier,0,0.10298023731193792
1178422,2,2,5,S Sandeep Warrier,1,0.35896927632716935
1178422,2,2,6,S Sandeep Warrier,1,0.3502879640280241
1178422,2,3,1,HF Gurney,0,0.0006594236776145189
1178422,2,3,2,HF Gurney,0,0.015238436186846555
1178422,2,3,3,HF Gurney,0,0.005107102126985472
1178422,2,3,4,HF Gurney,0,0.0038521488993908345
1178422,2,3,5,HF Gurney,0,0.0033385836927909865
1178422,2,3,6,HF Gurney,0,0.0012247677379009754
1178422,2,4,1,S Sandeep Warrier,0,0.2798178621847028
1178422,2,4,2,S Sandeep Warrier,0,0.249640844714657
1178422,2,4,3,S Sandeep Warrier,0,0.26555036579623
1178422,2,4,4,S Sandeep Warrier,1,0.3778432988279447
1178422,2,4,5,S Sandeep Warrier,1,0.372378171001121
1178422,2,4,6,S Sandeep Warrier,1,0.34769635889756345
1178422,2,5,1,HF Gurney,0,0.0774267697534237
1178422,2,5,2,HF Gurney,0,0.09717693340906887
1178422,2,5,3,HF Gurney,0,0.07902804001676389
1178422,2,5,4,HF Gurney,0,0.10138234907570319
1178422,2,5,5,HF Gurney,0,0.44248506180600167
1178422,2,5,6,HF Gurney,0,0.4455655891283508
1178427,1,0,1,S Sandeep Warrier,0,0.00017548892789712576
1178427,1,0,2,S Sandeep Warrier,0,0.0029255001764130852
1178427,1,0,3,S Sandeep Warrier,0,0.0013142919569824189
1178427,1,0,4,S Sandeep Warrier,0,0.0030940491093100083
1178427,1,0,5,S Sandeep Warrier,0,0.35388726050880487
1178427,1,0,6,S Sandeep Warrier,1,0.7832352848400904
1178427,1,1,1,HF Gurney,0,0.00018013165771089607
1178427,1,1,2,HF Gurney,0,0.002723456506373566
1178427,1,1,3,HF Gurney,0,0.0012233865468305259
1178427,1,1,4,HF Gurney,0,0.009967556167271666
1178427,1,1,5,HF Gurney,0,0.008106875657289488
1178427,1,1,6,HF Gurney,0,0.003939899320496854
1178427,1,2,1,S Sandeep Warrier,1,0.6145553637542995
1178427,1,2,2,S Sandeep Warrier,0,0.4935942814950562
1178427,1,2,3,S Sandeep Warrier,0,0.2368680499088237
1178427,1,2,4,S Sandeep Warrier,1,0.6538549870489991
1178427,1,2,5,S Sandeep Warrier,1,0.618051672380541
1178427,1,2,6,S Sandeep Warrier,1,0.5615423876299076
1178427,1,3,1,SP Narine,0,0.026881122618998936
1178427,1,3,2,SP Narine,0,0.0030856111134188267
1178427,1,3,3,SP Narine,0,0.0074205690319108855
1178427,1,3,4,SP Narine,0,0.0033661992355062554
1178427,1,3,5,SP Narine,0,0.0014066806652091055
1178427,1,3,6,SP Narine,0,0.004928063426195345
1178427,1,4,1,S Sandeep Warrier,0,0.4610381555899131
1178427,1,4,2,S Sandeep Warrier,0,0.3323500858300116
1178427,1,4,3,S Sandeep Warrier,0,0.3171872612976429
1178427,1,4,4,S Sandeep Warrier,0,0.2829829587583302
1178427,1,4,5,S Sandeep Warrier,0,0.4342892164545106
1178427,1,4,6,S Sandeep Warrier,0,0.40879858398449426
1178427,1,5,1,HF Gurney,0,0.023091506903229083
1178427,1,5,2,HF Gurney,0,0.02967358445896789
1178427,1,5,3,HF Gurney,0,0.08605751153501055
1178427,1,5,4,HF Gurney,0,0.17519572820129015
1178427,1,5,5,HF Gurney,0,0.4822185385182149
1178427,1,5,6,HF Gurney,0,0.4194147562996946
1178427,2,0,1,Mohammed Shami,0,0.00027687394128102726
1178427,2,0,2,Mohammed Shami,0,0.0071338889273654905
1178427,2,0,3,Mohammed Shami,0,0.018832414493224824
1178427,2,0,4,Mohammed Shami,0,0.029046164204014572
1178427,2,0,5,Mohammed Shami,0,0.02038182262538173
1178427,2,0,6,Mohammed Shami,0,0.008908345791361778
1178427,2,1,1,Arshdeep Singh,0,0.000263719444891686
1178427,2,1,2,Arshdeep Singh,0,0.0002871998439037725
1178427,2,1,3,Arshdeep Singh,0,0.002176590599196614
1178427,2,1,4,Arshdeep Singh,0,0.015822633087121292
1178427,2,1,5,Arshdeep Singh,0,0.7172544620514336
1178427,2,1,6,Arshdeep Singh,0,0.6559681595925879
1178427,2,2,1,Mohammed Shami,0,0.013674340666505904
1178427,2,2,2,Mohammed Shami,0,0.007847317110412226
1178427,2,2,3,Mohammed Shami,1,0.10499987904471585
1178427,2,2,4,Mohammed Shami,0,0.13646655303405233
1178427,2,2,5,Mohammed Shami,0,0.1503085421723611
1178427,2,2,6,Mohammed Shami,0,0.12374780370666268
1178427,2,3,1,Arshdeep Singh,0,0.43624692304240326
1178427,2,3,2,Arshdeep Singh,0,0.7359431857776566
1178427,2,3,3,Arshdeep Singh,1,0.8887026609452909
1178427,2,3,4,Arshdeep Singh,1,0.9208930185018094
1178427,2,3,5,Arshdeep Singh,1,0.88990352148904
1178427,2,4,1,R Ashwin,1,0.9996442057760204
1178427,2,4,2,R Ashwin,1,0.9560209770748942
1178427,2,4,3,R Ashwin,1,0.9933684202758519
1178427,2,4,4,R Ashwin,1,0.9765118782635936
1178427,2,4,5,R Ashwin,1,0.9308229998485412
1178427,2,4,6,R Ashwin,1,0.9142593165879075
1178427,2,5,1,AJ Tye,1,0.9996442057760204
1178427,2,5,2,AJ Tye,0,0.9563513014242898
1178427,2,5,3,AJ Tye,0,0.8667213611387857
1178427,2,5,4,AJ Tye,1,0.981767041226638
1178427,2,5,5,AJ Tye,1,0.9836067580592222
1178427,2,5,6,AJ Tye,1,0.9710373999913439
1178428,1,0,1,TA Boult,0,0.009088837492763792
1178428,1,0,2,TA Boult,0,0.01119254606801697
1178428,1,0,3,TA Boult,0,0.012917133968586715
1178428,1,0,4,TA Boult,0,0.004695737799175902
1178428,1,0,5,TA Boult,0,0.003291495251827419
1178428,1,0,6,TA Boult,0,0.0045461749426531336
1178428,1,1,1,I Sharma,0,0.0001414115677358508
1178428,1,1,2,I Sharma,0,0.0001511449739761856
1178428,1,1,3,I Sharma,1,0.9295186386631998
1178428,1,1,4,I Sharma,1,0.8138490486126619
1178428,1,1,5,I Sharma,0,0.47243266832732383
1178428,1,1,6,I Sharma,0,0.2079564036178253
1178428,1,2,1,TA Boult,0,0.0050350118917803525
1178428,1,2,2,TA Boult,0,0.004190166589034234
1178428,1,2,3,TA Boult,0,0.005253791739686637
1178428,1,2,4,TA Boult,0,0.007387767216753499
1178428,1,2,5,TA Boult,0,0.00587939195105888
1178428,1,2,6,TA Boult,0,0.0050786319838145855
1178428,1,2,7,TA Boult,0,0.006500086709412681
1178428,1,3,1,I Sharma,0,0.13411555941578954
1178428,1,3,2,I Sharma,0,0.14722122861625486
1178428,1,3,3,I Sharma,0,0.32561197412565895
1178428,1,3,4,I Sharma,0,0.1911348871763949
1178428,1,3,5,I Sharma,0,0.16635779585710275
1178428,1,3,6,I Sharma,0,0.3399849083953139
1178428,1,4,1,AR Patel,0,0.012813563557938465
1178428,1,4,2,AR Patel,0,0.01207987856311434
1178428,1,4,3,AR Patel,0,0.0048580749786447715
1178428,1,4,4,AR Patel,0,0.0024948872240085408
1178428,1,4,5,AR Patel,0,0.0013398129937142599
1178428,1,4,6,AR Patel,0,0.000624713059878716
1178428,1,5,1,I Sharma,0,0.6728685221524309
1178428,1,5,2,I Sharma,0,0.6668802198846034
1178428,1,5,3,I Sharma,0,0.5150785851036522
1178428,1,5,4,I Sharma,0,0.45618092928722953
1178428,1,5,5,I Sharma,0,0.3306302598080423
1178428,1,5,6,I Sharma,0,0.2937331652424408
1178428,2,0,1,K Gowtham,1,0.021297758301390014
1178428,2,0,2,K Gowtham,1,0.02423607884173767
1178428,2,0,3,K Gowtham,1,0.028195299446284558
1178428,2,0,4,K Gowtham,1,0.05336152146103917
1178428,2,0,5,K Gowtham,1,0.060876898979156574
1178428,2,0,6,K Gowtham,1,0.06533122840534702
1178428,2,1,1,VR Aaron,0,0.019539288286403857
1178428,2,1,2,VR Aaron,0,0.02224051663218852
1178428,2,1,3,VR Aaron,0,0.007642129581067676
1178428,2,1,4,VR Aaron,0,0.029949424935534458
1178428,2,1,5,VR Aaron,0,0.05245975614951613
1178428,2,1,6,VR Aaron,0,0.025493659261786487
1178428,2,2,1,O Thomas,1,0.9994679413668621
1178428,2,2,2,O Thomas,0,0.9061546488177104
1178428,2,2,3,O Thomas,1,0.9803050562312162
1178428,2,2,4,O Thomas,1,0.9328078415574498
1178428,2,2,5,O Thomas,0,0.7855703172722759
1178428,2,3,1,IS Sodhi,0,0.0003129538204347943
1178428,2,3,2,IS Sodhi,0,0.00029741203629376296
1178428,2,3,3,IS Sodhi,0,0.00030214529143251926
1178428,2,3,4,IS Sodhi,0,0.00030214529143251926
1178428,2,3,5,IS Sodhi,0,0.00030214529143251926
1178428,2,3,6,IS Sodhi,0,0.0002961311016152764
1178428,2,4,1,S Gopal,0,0.019723512901460256
1178428,2,4,2,S Gopal,0,0.005934780192759279
1178428,2,4,3,S Gopal,0,0.0020906289393769306
1178428,2,4,4,S Gopal,0,0.0013082354687390337
1178428,2,4,5,S Gopal,0,0.0009624895698406499
1178428,2,4,6,S Gopal,0,0.0005475098838986406
1178428,2,5,1,IS Sodhi,0,0.00033556278874235444
1178428,2,5,2,IS Sodhi,0,0.04942868595236929
1178428,2,5,3,IS Sodhi,0,0.4599773801453448
1178428,2,5,4,IS Sodhi,0,0.39880529407368853
1178428,2,5,5,IS Sodhi,0,0.41472531322099726
1178428,2,5,6,IS Sodhi,1,0.5471637000246694
1178431,1,0,1,MJ McClenaghan,0,0.024844336766857864
1178431,1,0,2,MJ McClenaghan,0,0.011370853918665788
1178431,1,0,3,MJ McClenaghan,0,0.01990343698021925
1178431,1,0,4,MJ McClenaghan,0,0.010768725364396296
1178431,1,0,5,MJ McClenaghan,0,0.005104568201930069
1178431,1,0,6,MJ McClenaghan,0,0.011249261514303431
1178431,1,1,1,KH Pandya,0,0.0005969948376427679
1178431,1,1,2,KH Pandya,0,0.012972583589212754
1178431,1,1,3,KH Pandya,0,0.00475305536850627
1178431,1,1,4,KH Pandya,0,0.003567845928045719
1178431,1,1,5,KH Pandya,0,0.0025174790213937843
1178431,1,1,6,KH Pandya,0,0.004354516940788557
1178431,1,2,1,MJ McClenaghan,0,0.04008296988412888
1178431,1,2,2,MJ McClenaghan,0,0.02831747346903297
1178431,1,2,3,MJ McClenaghan,0,0.04595406124481221
1178431,1,2,4,MJ McClenaghan,0,0.031648277274644705
1178431,1,2,5,MJ McClenaghan,0,0.04386633306588339
1178431,1,2,6,MJ McClenaghan,1,0.37203408508963176
1178431,1,3,1,SL Malinga,0,0.048407962218208374
1178431,1,3,2,SL Malinga,0,0.0546256614813941
1178431,1,3,3,SL Malinga,1,0.9240445958523877
1178431,1,3,4,SL Malinga,1,0.7990057085210062
1178431,1,3,5,SL Malinga,1,0.917305444722856
1178431,1,3,6,SL Malinga,1,0.8690611977821608
1178431,1,4,1,JJ Bumrah,0,0.0593057931270589
1178431,1,4,2,JJ Bumrah,0,0.11274456151024632
1178431,1,4,3,JJ Bumrah,1,0.9811283289124365
1178431,1,4,4,JJ Bumrah,1,0.950559024584388
1178431,1,4,5,JJ Bumrah,1,0.8895144834398739
1178431,1,4,6,JJ Bumrah,1,0.7986080904863497
1178431,1,4,7,JJ Bumrah,1,0.7126075559962822
1178431,1,5,1,RD Chahar,0,0.0007754411504441441
1178431,1,5,2,RD Chahar,1,0.984672332576506
1178431,1,5,3,RD Chahar,1,0.8668179436884179
1178431,1,5,4,RD Chahar,1,0.9814457496731342
1178431,1,5,5,RD Chahar,1,0.8991857777365386
1178431,2,0,1,S Sandeep Warrier,0,0.000687485259702122
1178431,2,0,2,S Sandeep Warrier,0,0.0006859262429913846
1178431,2,0,3,S Sandeep Warrier,1,0.6794469422640175
1178431,2,0,4,S Sandeep Warrier,1,0.6348928281053319
1178431,2,0,5,S Sandeep Warrier,1,0.41852106406948997
1178431,2,0,6,S Sandeep Warrier,1,0.45187540585292973
1178431,2,1,1,HF Gurney,0,0.021764201580548
1178431,2,1,2,HF Gurney,0,0.009664301321147898
1178431,2,1,3,HF Gurney,0,0.0028012771948881876
1178431,2,1,4,HF Gurney,0,0.01715036652455864
1178431,2,1,5,HF Gurney,0,0.014967370085300498
1178431,2,1,6,HF Gurney,0,0.005638983850732997
1178431,2,1,7,HF Gurney,0,0.03579315104987963
1178431,2,2,1,S Sandeep Warrier,1,0.5682398436131323
1178431,2,2,2,S Sandeep Warrier,1,0.369944248598262
1178431,2,2,3,S Sandeep Warrier,1,0.3599160021900546
1178431,2,2,4,S Sandeep Warrier,1,0.2519160695952905
1178431,2,2,5,S Sandeep Warrier,1,0.2647472877346062
1178431,2,2,6,S Sandeep Warrier,1,0.24066216040921418
1178431,2,2,7,S Sandeep Warrier,1,0.248721826825593
1178431,2,3,1,AD Russell,1,0.999541643194154
1178431,2,3,2,AD Russell,0,0.9292621508117279
1178431,2,3,3,AD Russell,1,0.9891410736498262
1178431,2,3,4,AD Russell,1,0.9903758686838318
1178431,2,3,5,AD Russell,1,0.9860152583990676
1178431,2,3,6,AD Russell,1,0.9840931724856719
1178431,2,4,1,S Sandeep Warrier,0,0.14490627644409992
1178431,2,4,2,S Sandeep Warrier,0,0.14490627644409992
1178431,2,4,3,S Sandeep Warrier,0,0.1332602484615453
1178431,2,4,4,S Sandeep Warrier,0,0.16340328098503823
1178431,2,4,5,S Sandeep Warrier,1,0.4800101663926295
1178431,2,4,6,S Sandeep Warrier,1,0.2741232626246832
1178431,2,5,1,SP Narine,0,0.0025219851151017676
1178431,2,5,2,SP Narine,0,0.002486490847060757
1178431,2,5,3,SP Narine,0,0.0024445777268925235
1178431,2,5,4,SP Narine,0,0.002439976261868331
1178431,2,5,5,SP Narine,0,0.002439976261868331
1178431,2,5,6,SP Narine,0,0.001649126170698102
1216499,1,0,1,TA Boult,0,0.0012448731994744808
1216499,1,0,2,TA Boult,0,0.01696831045253168
1216499,1,0,3,TA Boult,0,0.011552175979320716
1216499,1,0,4,TA Boult,0,0.00748892917822453
1216499,1,0,5,TA Boult,0,0.23865409142865618
1216499,1,0,6,TA Boult,0,0.1092261220715768
1216499,1,1,1,JJ Bumrah,0,0.001024198711611779
1216499,1,1,2,JJ Bumrah,0,0.001093159786191751
1216499,1,1,3,JJ Bumrah,0,0.0011105431448484892
1216499,1,1,4,JJ Bumrah,1,0.20041921427677425
1216499,1,1,5,JJ Bumrah,1,0.23743306805918768
1216499,1,1,6,JJ Bumrah,1,0.10857285691902899
1216499,1,2,1,KH Pandya,0,0.01649058321052188
1216499,1,2,2,KH Pandya,0,0.020409972819876925
1216499,1,2,3,KH Pandya,1,0.9158833659110652
1216499,1,2,4,KH Pandya,1,0.9763753489716377
1216499,1,2,5,KH Pandya,1,0.9084907199686533
1216499,1,2,6,KH Pandya,1,0.8131530283144797
1216499,1,3,1,JL Pattinson,1,0.9994530742392067
1216499,1,3,2,JL Pattinson,1,0.9200237284393976
1216499,1,3,3,JL Pattinson,0,0.7054700512690514
1216499,1,3,4,JL Pattinson,1,0.9400627282764178
1216499,1,3,5,JL Pattinson,1,0.852727978585717
1216499,1,3,6,JL Pattinson,0,0.6665087195423185
1216499,1,4,1,TA Boult,0,0.021969762042856195
1216499,1,4,2,TA Boult,0,0.38938776648455936
1216499,1,4,3,TA Boult,0,0.3767505657669372
1216499,1,4,4,TA Boult,0,0.27505694943831765
1216499,1,4,5,TA Boult,0,0.244736013634498
1216499,1,4,6,TA Boult,0,0.36703683122208625
1216499,1,5,1,JL Pattinson,1,0.8391047910826211
1216499,1,5,2,JL Pattinson,1,0.7426680343291735
1216499,1,5,3,JL Pattinson,0,0.60137547171623
1216499,1,5,4,JL Pattinson,0,0.556945262396436
1216499,1,5,5,JL Pattinson,0,0.46057066053675816
1216499,1,5,6,JL Pattinson,0,0.60137547171623
1216499,2,0,1,CH Morris,0,0.00044010749394601985
1216499,2,0,2,CH Morris,0,0.0004551316108178567
1216499,2,0,3,CH Morris,0,0.00488482196293489
1216499,2,0,4,CH Morris,0,0.004098852980017747
1216499,2,0,5,CH Morris,0,0.20698782666775692
1216499,2,0,6,CH Morris,0,0.097500338672879
1216499,2,1,1,DW Steyn,0,0.0005472782507516841
1216499,2,1,2,DW Steyn,0,0.002494473218633594
1216499,2,1,3,DW Steyn,0,0.002450942720500424
1216499,2,1,4,DW Steyn,0,0.5706822713253318
1216499,2,1,5,DW Steyn,0,0.40457539344738047
1216499,2,1,6,DW Steyn,0,0.4428173704523449
1216499,2,2,1,Washington Sundar,0,0.0008175968520984503
1216499,2,2,2,Washington Sundar,0,0.0008412795468117074
1216499,2,2,3,Washington Sundar,0,0.0008546609486220971
1216499,2,2,4,Washington Sundar,0,0.0029674689123386166
1216499,2,2,5,Washington Sundar,0,0.004494764037667645
1216499,2,2,6,Washington Sundar,1,0.23192970376320263
1216499,2,3,1,DW Steyn,0,0.3018718258417306
1216499,2,3,2,DW Steyn,0,0.313069836579551
1216499,2,3,3,DW Steyn,0,0.20632921646468189
1216499,2,3,4,DW Steyn,0,0.20435149194847166
1216499,2,3,5,DW Steyn,0,0.21631929523773588
1216499,2,3,6,DW Steyn,0,0.4203961253107026
1216499,2,4,1,Washington Sundar,1,0.193718776931563
1216499,2,4,2,Washington Sundar,1,0.12426064939363712
1216499,2,4,3,Washington Sundar,0,0.04010921745606485
1216499,2,4,4,Washington Sundar,1,0.08940361327720005
1216499,2,4,5,Washington Sundar,1,0.16266604039484128
1216499,2,4,6,Washington Sundar,1,0.1171583151565641
1216499,2,5,1,Mohammed Siraj,0,0.008047775856556885
1216499,2,5,2,Mohammed Siraj,0,0.002602478710606149
1216499,2,5,3,Mohammed Siraj,0,0.003765892464348016
1216499,2,5,4,Mohammed Siraj,0,0.004511500537125778
1216499,2,5,5,Mohammed Siraj,0,0.004801874192360963
1216499,2,5,6,Mohammed Siraj,0,0.02241240010065058
1216499,2,5,7,Mohammed Siraj,0,0.4915910218291588
1216502,1,0,1,Sandeep Sharma,0,0.0003172931562538426
1216502,1,0,2,Sandeep Sharma,0,0.01544633459542371
1216502,1,0,3,Sandeep Sharma,0,0.004939904903402697
1216502,1,0,4,Sandeep Sharma,0,0.0029857105091119283
1216502,1,0,5,Sandeep Sharma,0,0.006496179625787595
1216502,1,0,6,Sandeep Sharma,0,0.019090018172380274
1216502,1,1,1,JO Holder,0,0.0002490620319641439
1216502,1,1,2,JO Holder,0,0.010654163719852451
1216502,1,1,3,JO Holder,0,0.0032616921423529103
1216502,1,1,4,JO Holder,0,0.0019700734447406307
1216502,1,1,5,JO Holder,0,0.001232605141740415
1216502,1,1,6,JO Holder,0,0.1481698539400549
1216502,1,2,1,Sandeep Sharma,0,0.00492839737333591
1216502,1,2,2,Sandeep Sharma,0,0.0034311536619094627
1216502,1,2,3,Sandeep Sharma,0,0.05543457487229884
1216502,1,2,4,Sandeep Sharma,0,0.07487309004491699
1216502,1,2,5,Sandeep Sharma,0,0.031006755792141794
1216502,1,2,6,Sandeep Sharma,0,0.030076668589945413
1216502,1,3,1,JO Holder,0,0.41083944476937595
1216502,1,3,2,JO Holder,0,0.3553342089827337
1216502,1,3,3,JO Holder,1,0.38285424073733737
1216502,1,3,4,JO Holder,0,0.41187000293131615
1216502,1,3,5,JO Holder,0,0.36363587786626034
1216502,1,3,6,JO Holder,0,0.3935130602301292
1216502,1,3,7,JO Holder,1,0.6123665938649651
1216502,1,4,1,Sandeep Sharma,0,0.044490374414773444
1216502,1,4,2,Sandeep Sharma,0,0.04642119096641485
1216502,1,4,3,Sandeep Sharma,0,0.09689851847599924
1216502,1,4,4,Sandeep Sharma,0,0.11260158267865382
1216502,1,4,5,Sandeep Sharma,0,0.12445812176634104
1216502,1,4,6,Sandeep Sharma,0,0.09712037774805804
1216502,1,5,1,T Natarajan,0,0.0002767387057108151
1216502,1,5,2,T Natarajan,0,0.00029677039102136684
1216502,1,5,3,T Natarajan,0,0.00030875061235940374
1216502,1,5,4,T Natarajan,0,0.0018356020867659165
1216502,1,5,5,T Natarajan,0,0.0010966219811878967
1216502,1,5,6,T Natarajan,0,0.0003196902171841369
1216502,2,0,1,CH Morris,0,0.0008339619389222467
1216502,2,0,2,CH Morris,0,0.029001087555044287
1216502,2,0,3,CH Morris,0,0.02442507218395955
1216502,2,0,4,CH Morris,0,0.03684385247044436
1216502,2,0,5,CH Morris,0,0.016326006933238647
1216502,2,0,6,CH Morris,0,0.03632274032813178
1216502,2,0,7,CH Morris,0,0.018218195765140412
1216502,2,1,1,Washington Sundar,1,0.9996188126362409
1216502,2,1,2,Washington Sundar,1,0.980724915040026
1216502,2,1,3,Washington Sundar,1,0.9004594367891129
1216502,2,1,4,Washington Sundar,1,0.7096652095584526
1216502,2,1,5,Washington Sundar,1,0.39501948017209265
1216502,2,1,6,Washington Sundar,1,0.4080140519748488
1216502,2,2,1,Navdeep Saini,0,0.0006345172906660838
1216502,2,2,2,Navdeep Saini,0,0.9559684880818144
1216502,2,2,3,Navdeep Saini,0,0.7476501758942564
1216502,2,2,4,Navdeep Saini,1,0.9712378708165036
1216502,2,2,5,Navdeep Saini,0,0.9262663873717707
1216502,2,2,6,Navdeep Saini,0,0.8939070750000445
1216502,2,3,1,Washington Sundar,1,0.5011579956954432
1216502,2,3,2,Washington Sundar,1,0.4428554142143189
1216502,2,3,3,Washington Sundar,1,0.6222302135662311
1216502,2,3,4,Washington Sundar,1,0.6212504825850653
1216502,2,3,5,Washington Sundar,1,0.5303171378545732
1216502,2,3,6,Washington Sundar,1,0.5379905193873047
1216502,2,4,1,CH Morris,0,0.49644941653747715
1216502,2,4,2,CH Morris,0,0.5860143097795729
1216502,2,4,3,CH Morris,0,0.5067034300599612
1216502,2,4,4,CH Morris,0,0.537125543392429
1216502,2,4,5,CH Morris,0,0.5885320274004685
1216502,2,4,6,CH Morris,0,0.6536322203796245
1216502,2,4,7,CH Morris,0,0.6641743933761306
1216502,2,4,8,CH Morris,0,0.6551603033887053
1216502,2,5,1,Mohammed Siraj,0,0.0005481048983194798
1216502,2,5,2,Mohammed Siraj,1,0.9558714883243711
1216502,2,5,3,Mohammed Siraj,1,0.9315362928282905
1216502,2,5,4,Mohammed Siraj,0,0.8243079272106059
1216502,2,5,5,Mohammed Siraj,1,0.9373544426674005
1216505,1,0,1,DR Sams,0,0.002015019965700283
1216505,1,0,2,DR Sams,0,0.018732223140269087
1216505,1,0,3,DR Sams,0,0.010468966591765074
1216505,1,0,4,DR Sams,0,0.027112464435235337
1216505,1,0,5,DR Sams,0,0.014613704073938596
1216505,1,0,6,DR Sams,0,0.008562444444859695
1216505,1,1,1,R Ashwin,0,0.01857606706119782
1216505,1,1,2,R Ashwin,0,0.010556688708097145
1216505,1,1,3,R Ashwin,0,0.007711171840874509
1216505,1,1,4,R Ashwin,0,0.008238202775109794
1216505,1,1,5,R Ashwin,0,0.01481056855609268
1216505,1,1,6,R Ashwin,0,0.023800092661719906
1216505,1,2,1,DR Sams,0,0.014248957525414625
1216505,1,2,2,DR Sams,0,0.007519079745111155
1216505,1,2,3,DR Sams,0,0.22938418465201338
1216505,1,2,4,DR Sams,0,0.12657795491872725
1216505,1,2,5,DR Sams,0,0.07479658140714314
1216505,1,2,6,DR Sams,0,0.07944390914158943
1216505,1,2,7,DR Sams,0,0.06944820322936601
1216505,1,3,1,A Nortje,0,0.016498417054087687
1216505,1,3,2,A Nortje,1,0.9742693593065554
1216505,1,3,3,A Nortje,1,0.7109382996407312
1216505,1,3,4,A Nortje,1,0.7864394759998724
1216505,1,3,5,A Nortje,0,0.5750233131672176
1216505,1,3,6,A Nortje,0,0.5229862868691321
1216505,1,4,1,K Rabada,0,0.0022087653713642155
1216505,1,4,2,K Rabada,0,0.002391420063327598
1216505,1,4,3,K Rabada,1,0.5833623750943207
1216505,1,4,4,K Rabada,0,0.3969704446083958
1216505,1,4,5,K Rabada,0,0.452027160360124
1216505,1,4,6,K Rabada,0,0.47837023414288166
1216505,1,5,1,A Nortje,0,0.30910693647047693
1216505,1,5,2,A Nortje,0,0.30398134465369286
1216505,1,5,3,A Nortje,1,0.44661793660345783
1216505,1,5,4,A Nortje,0,0.44542658107681576
1216505,1,5,5,A Nortje,1,0.4469360306026951
1216505,1,5,6,A Nortje,1,0.4327857782782659
1216505,2,0,1,CH Morris,0,0.0069285589022901346
1216505,2,0,2,CH Morris,1,0.9525528269858503
1216505,2,0,3,CH Morris,1,0.8932265086132236
1216505,2,0,4,CH Morris,1,0.9691467968025188
1216505,2,0,5,CH Morris,1,0.8501681334046772
1216505,2,0,6,CH Morris,1,0.6705152047757545
1216505,2,1,1,Mohammed Siraj,1,0.9994607378870491
1216505,2,1,2,Mohammed Siraj,1,0.9013009590998603
1216505,2,1,3,Mohammed Siraj,1,0.978081232358346
1216505,2,1,4,Mohammed Siraj,1,0.9026560727281795
1216505,2,1,5,Mohammed Siraj,0,0.6615866957503174
1216505,2,1,6,Mohammed Siraj,0,0.53239831577398
1216505,2,2,1,CH Morris,1,0.8070018267969274
1216505,2,2,2,CH Morris,1,0.5834591230586893
1216505,2,2,3,CH Morris,1,0.5845303450366175
1216505,2,2,4,CH Morris,1,0.4649007667412299
1216505,2,2,5,CH Morris,0,0.45366066238024655
1216505,2,3,1,Mohammed Siraj,1,0.7205828220386937
1216505,2,3,2,Mohammed Siraj,0,0.5255809316848752
1216505,2,3,3,Mohammed Siraj,0,0.5058243884048924
1216505,2,3,4,Mohammed Siraj,0,0.44836118864213437
1216505,2,3,5,Mohammed Siraj,0,0.3538127772122964
1216505,2,3,6,Mohammed Siraj,0,0.2930693627418094
1216505,2,4,1,Washington Sundar,0,0.001418971172311984
1216505,2,4,2,Washington Sundar,1,0.9016435087444341
1216505,2,4,3,Washington Sundar,1,0.7097228205016382
1216505,2,4,4,Washington Sundar,1,0.6200732676128722
1216505,2,4,5,Washington Sundar,1,0.5076398662569395
1216505,2,4,6,Washington Sundar,1,0.4809996222026623
1216505,2,5,1,I Udana,0,0.007887918375216506
1216505,2,5,2,I Udana,1,0.9490849069540099
1216505,2,5,3,I Udana,0,0.7146323361509136
1216505,2,5,4,I Udana,1,0.9231225720114118
1216505,2,5,5,I Udana,1,0.8391598408356685
1216505,2,5,6,I Udana,0,0.7113533708765978
1216511,1,0,1,AS Rajpoot,1,0.999639228252278
1216511,1,0,2,AS Rajpoot,1,0.999639228252278
1216511,1,0,3,AS Rajpoot,1,0.9663639613933631
1216511,1,0,4,AS Rajpoot,0,0.8506733759406505
1216511,1,0,5,AS Rajpoot,0,0.5526039960151286
1216511,1,0,6,AS Rajpoot,0,0.48292927961638055
1216511,1,0,7,AS Rajpoot,0,0.6550587799339521
1216511,1,1,1,S Gopal,0,0.022451644249275825
1216511,1,1,2,S Gopal,0,0.0055859517637235675
1216511,1,1,3,S Gopal,0,0.00677830555818701
1216511,1,1,4,S Gopal,0,0.005019253084204339
1216511,1,1,5,S Gopal,0,0.007311726457177024
1216511,1,1,6,S Gopal,0,0.008353324666006558
1216511,1,2,1,AS Rajpoot,0,0.42916030682230394
1216511,1,2,2,AS Rajpoot,0,0.7822214336897038
1216511,1,2,3,AS Rajpoot,0,0.9065996215855482
1216511,1,2,4,AS Rajpoot,0,0.8095103629291749
1216511,1,2,5,AS Rajpoot,0,0.9130406182513251
1216511,1,2,6,AS Rajpoot,0,0.8789024657823182
1216511,1,3,1,JC Archer,0,0.01980572435262014
1216511,1,3,2,JC Archer,0,0.004269129257473587
1216511,1,3,3,JC Archer,1,0.6993970022340835
1216511,1,3,4,JC Archer,1,0.9749567197171456
1216511,1,3,5,JC Archer,1,0.9004408170696346
1216511,1,3,6,JC Archer,1,0.8337097942512322
1216511,1,4,1,Kartik Tyagi,0,0.017504141776371905
1216511,1,4,2,Kartik Tyagi,0,0.0045485423620913335
1216511,1,4,3,Kartik Tyagi,1,0.9085517141145464
1216511,1,4,4,Kartik Tyagi,1,0.7925876777024736
1216511,1,4,5,Kartik Tyagi,1,0.6886939497948625
1216511,1,4,6,Kartik Tyagi,1,0.6578942327499755
1216511,1,5,1,TK Curran,0,0.01814653286878338
1216511,1,5,2,TK Curran,0,0.0038228862522239064
1216511,1,5,3,TK Curran,0,0.0035453712999461294
1216511,1,5,4,TK Curran,0,0.004641206721136399
1216511,1,5,5,TK Curran,0,0.39408854205804356
1216511,1,5,6,TK Curran,0,0.5314913782747461
1216511,1,5,7,TK Curran,0,0.4073212223948892
1216511,2,0,1,TA Boult,0,0.00024171847322806118
1216511,2,0,2,TA Boult,0,0.00025287692182755463
1216511,2,0,3,TA Boult,0,0.0002569015913553365
1216511,2,0,4,TA Boult,0,0.2943600883273416
1216511,2,0,5,TA Boult,0,0.09148110316041749
1216511,2,0,6,TA Boult,0,0.14853919249207187
1216511,2,1,1,JJ Bumrah,0,0.00026639036471120864
1216511,2,1,2,JJ Bumrah,0,0.002089656507307472
1216511,2,1,3,JJ Bumrah,0,0.003938164511601053
1216511,2,1,4,JJ Bumrah,0,0.0022785601765184928
1216511,2,1,5,JJ Bumrah,0,0.001967117191069143
1216511,2,1,6,JJ Bumrah,0,0.0014290542750535634
1216511,2,2,1,TA Boult,1,0.43181158440454853
1216511,2,2,2,TA Boult,1,0.37296518695612013
1216511,2,2,3,TA Boult,0,0.37933062225782976
1216511,2,2,4,TA Boult,0,0.3897788041869732
1216511,2,2,5,TA Boult,0,0.3373194676664168
1216511,2,2,6,TA Boult,0,0.24321361735133543
1216511,2,3,1,JJ Bumrah,0,0.001227336309042985
1216511,2,3,2,JJ Bumrah,0,0.0009112842238048087
1216511,2,3,3,JJ Bumrah,0,0.000692225694747698
1216511,2,3,4,JJ Bumrah,0,0.027312612916540233
1216511,2,3,5,JJ Bumrah,0,0.02551484738419541
1216511,2,3,6,JJ Bumrah,0,0.02095237416408945
1216511,2,4,1,TA Boult,0,0.15114759168985825
1216511,2,4,2,TA Boult,0,0.09099403181769816
1216511,2,4,3,TA Boult,0,0.12321862022424704
1216511,2,4,4,TA Boult,0,0.5420798641417314
1216511,2,4,5,TA Boult,0,0.5439542723998022
1216511,2,4,6,TA Boult,0,0.5759358566312223
1216511,2,5,1,JL Pattinson,0,0.010068154425270343
1216511,2,5,2,JL Pattinson,1,0.9762984385658846
1216511,2,5,3,JL Pattinson,1,0.8306397259984813
1216511,2,5,4,JL Pattinson,1,0.6875309175364278
1216511,2,5,5,JL Pattinson,1,0.5507730999184107
1216511,2,5,6,JL Pattinson,1,0.5230264784963806
1216512,1,0,1,Sandeep Sharma,0,0.00029881784182668534
1216512,1,0,2,Sandeep Sharma,0,0.0019491396833001553
1216512,1,0,3,Sandeep Sharma,1,0.6574519970596617
1216512,1,0,4,Sandeep Sharma,1,0.4146051277021579
1216512,1,0,5,Sandeep Sharma,1,0.33582686513189436
1216512,1,0,6,Sandeep Sharma,0,0.20752562440174635
1216512,1,1,1,Basil Thampi,0,0.009145187488793206
1216512,1,1,2,Basil Thampi,0,0.0015942577055555894
1216512,1,1,3,Basil Thampi,0,0.00234280114220989
1216512,1,1,4,Basil Thampi,0,0.002960877328423192
1216512,1,1,5,Basil Thampi,0,0.00565396040835197
1216512,1,1,6,Basil Thampi,0,0.01687884625504816
1216512,1,2,1,Sandeep Sharma,0,0.04725335682822301
1216512,1,2,2,Sandeep Sharma,0,0.014304979794229893
1216512,1,2,3,Sandeep Sharma,0,0.013485067227493912
1216512,1,2,4,Sandeep Sharma,0,0.010234929974344045
1216512,1,2,5,Sandeep Sharma,0,0.011475276666660622
1216512,1,2,6,Sandeep Sharma,0,0.014623496307160602
1216512,1,3,1,T Natarajan,0,0.009888581305600086
1216512,1,3,2,T Natarajan,1,0.9794515418309739
1216512,1,3,3,T Natarajan,1,0.9278059359320808
1216512,1,3,4,T Natarajan,1,0.738144817138773
1216512,1,3,5,T Natarajan,0,0.592533569759882
1216512,1,3,6,T Natarajan,1,0.8340595270149866
1216512,1,4,1,Basil Thampi,0,0.30100246117077945
1216512,1,4,2,Basil Thampi,0,0.498518828324838
1216512,1,4,3,Basil Thampi,1,0.7152109101167582
1216512,1,4,4,Basil Thampi,0,0.5004493034526853
1216512,1,4,5,Basil Thampi,0,0.4911898552895875
1216512,1,4,6,Basil Thampi,0,0.4615653617693809
1216512,1,5,1,T Natarajan,1,0.4750969206978086
1216512,1,5,2,T Natarajan,0,0.4133820964117641
1216512,1,5,3,T Natarajan,0,0.4516429647510259
1216512,1,5,4,T Natarajan,1,0.4824878593278249
1216512,1,5,5,T Natarajan,1,0.437080354061232
1216512,1,5,6,T Natarajan,0,0.4874774293436264
1216512,2,0,1,PJ Cummins,0,0.00034116989890043206
1216512,2,0,2,PJ Cummins,0,0.0003641582242010361
1216512,2,0,3,PJ Cummins,0,0.0003699533389333634
1216512,2,0,4,PJ Cummins,0,0.0003699533389333634
1216512,2,0,5,PJ Cummins,0,0.0003699533389333634
1216512,2,0,6,PJ Cummins,0,0.0008471064202483507
1216512,2,1,1,Shivam Mavi,0,0.0003660436317288641
1216512,2,1,2,Shivam Mavi,0,0.00039070731578391596
1216512,2,1,3,Shivam Mavi,0,0.0018708099010517193
1216512,2,1,4,Shivam Mavi,0,0.002456849113843085
1216512,2,1,5,Shivam Mavi,0,0.49762949783095184
1216512,2,1,6,Shivam Mavi,0,0.6958481830798279
1216512,2,2,1,CV Varun,0,0.00031015659326772923
1216512,2,2,2,CV Varun,1,0.9326789948083428
1216512,2,2,3,CV Varun,1,0.9858369028122309
1216512,2,2,4,CV Varun,1,0.9392334497447604
1216512,2,2,5,CV Varun,1,0.880777485241556
1216512,2,2,6,CV Varun,1,0.7279706304169526
1216512,2,3,1,AD Russell,1,0.9995398693943149
1216512,2,3,2,AD Russell,0,0.9345546719919592
1216512,2,3,3,AD Russell,0,0.7582878576747187
1216512,2,3,4,AD Russell,0,0.5575867637022899
1216512,2,3,5,AD Russell,0,0.8040883742744062
1216512,2,3,6,AD Russell,0,0.9328228752732726
1216512,2,4,1,PJ Cummins,0,0.0031197891297590143
1216512,2,4,2,PJ Cummins,0,0.19199757096464573
1216512,2,4,3,PJ Cummins,0,0.07098309690710546
1216512,2,4,4,PJ Cummins,0,0.07604250047328731
1216512,2,4,5,PJ Cummins,0,0.05392385235494132
1216512,2,4,6,PJ Cummins,0,0.2757982686717943
1216512,2,5,1,Shivam Mavi,0,0.47747712397965736
1216512,2,5,2,Shivam Mavi,1,0.7479114829297688
1216512,2,5,3,Shivam Mavi,1,0.7438109644127138
1216512,2,5,4,Shivam Mavi,1,0.6399223857310641
1216512,2,5,5,Shivam Mavi,0,0.5459461128940026
1216512,2,5,6,Shivam Mavi,0,0.5225657643245138
1216512,2,5,7,Shivam Mavi,0,0.6475639884680542
1216512,3,0,1,LH Ferguson,0,0.0004705435682578181
1216512,3,0,2,LH Ferguson,1,0.019361511998028793
1216512,4,0,1,Rashid Khan,0,0.0003108805352924051
1216512,4,0,2,Rashid Khan,1,0.0020276875252724
1216512,4,0,3,Rashid Khan,1,0.0014580930538151756
1216515,1,0,1,PJ Cummins,0,0.04860591162925943
1216515,1,0,2,PJ Cummins,0,0.06404351805013957
1216515,1,0,3,PJ Cummins,0,0.012443359035818474
1216515,1,0,4,PJ Cummins,0,0.7822237830416402
1216515,1,0,5,PJ Cummins,0,0.6364039278066075
1216515,1,0,6,PJ Cummins,0,0.5922396723753769
1216515,1,1,1,Shivam Mavi,1,0.999562409755461
1216515,1,1,2,Shivam Mavi,1,0.9612515056085557
1216515,1,1,3,Shivam Mavi,0,0.9312004715603706
1216515,1,1,4,Shivam Mavi,0,0.8831636119237688
1216515,1,1,5,Shivam Mavi,0,0.7232307311430263
1216515,1,1,6,Shivam Mavi,0,0.5465949594146651
1216515,1,2,1,PJ Cummins,0,0.3119455360152423
1216515,1,2,2,PJ Cummins,0,0.31732260797795664
1216515,1,2,3,PJ Cummins,0,0.3452078705742715
1216515,1,2,4,PJ Cummins,0,0.5638495531377873
1216515,1,2,5,PJ Cummins,0,0.7504037764805791
1216515,1,2,6,PJ Cummins,0,0.7529164609629536
1216515,1,3,1,CV Varun,0,0.035375613286242634
1216515,1,3,2,CV Varun,0,0.005634263917585072
1216515,1,3,3,CV Varun,0,0.01147237665733947
1216515,1,3,4,CV Varun,0,0.014055681146643456
1216515,1,3,5,CV Varun,0,0.6204116989430525
1216515,1,3,6,CV Varun,0,0.46472031811796294
1216515,1,4,1,SP Narine,0,0.04189184418464496
1216515,1,4,2,SP Narine,1,0.9864846735079081
1216515,1,4,3,SP Narine,1,0.9916616194886102
1216515,1,4,4,SP Narine,1,0.9836392736285021
1216515,1,4,5,SP Narine,1,0.940200118190286
1216515,1,4,6,SP Narine,1,0.9100159322364271
1216515,1,5,1,CV Varun,0,0.7569068931130859
1216515,1,5,2,CV Varun,0,0.6227795779323839
1216515,1,5,3,CV Varun,0,0.5927379297072236
1216515,1,5,4,CV Varun,0,0.5063120899856579
1216515,1,5,5,CV Varun,0,0.41416839398298305
1216515,1,5,6,CV Varun,0,0.4050184768578522
1216515,2,0,1,K Rabada,0,0.0002928192692327661
1216515,2,0,2,K Rabada,0,0.00030746438030932924
1216515,2,0,3,K Rabada,0,0.0015743473274398747
1216515,2,0,4,K Rabada,0,0.0010808700962608195
1216515,2,0,5,K Rabada,0,0.007759519114711241
1216515,2,0,6,K Rabada,0,0.012215831002233061
1216515,2,1,1,A Nortje,0,0.0002928192692327661
1216515,2,1,2,A Nortje,0,0.00025136774154086187
1216515,2,1,3,A Nortje,0,0.0002471212691917894
1216515,2,1,4,A Nortje,0,0.006548545564367441
1216515,2,1,5,A Nortje,0,0.01723491956499779
1216515,2,1,6,A Nortje,0,0.009294752447986799
1216515,2,2,1,R Ashwin,0,0.03837526904084236
1216515,2,2,2,R Ashwin,1,0.9903444927359999
1216515,2,2,3,R Ashwin,1,0.9481880773256908
1216515,2,2,4,R Ashwin,0,0.8879973081231135
1216515,2,2,5,R Ashwin,0,0.8015075251544405
1216515,2,2,6,R Ashwin,1,0.9425550410965268
1216515,2,3,1,A Nortje,0,0.4351669428111966
1216515,2,3,2,A Nortje,0,0.458780446797743
1216515,2,3,3,A Nortje,0,0.43252405512483993
1216515,2,3,4,A Nortje,1,0.704814037237102
1216515,2,3,5,A Nortje,0,0.6178165069650823
1216515,2,3,6,A Nortje,0,0.5660865366701843
1216515,2,4,1,MP Stoinis,0,0.042083338241516596
1216515,2,4,2,MP Stoinis,1,0.9788759582847301
1216515,2,4,3,MP Stoinis,1,0.9437999725727589
1216515,2,4,4,MP Stoinis,0,0.8885743589559568
1216515,2,4,5,MP Stoinis,0,0.8112456768466741
1216515,2,4,6,MP Stoinis,0,0.666114705561518
1216515,2,5,1,HV Patel,0,0.006278144726829229
1216515,2,5,2,HV Patel,0,0.061381844200720244
1216515,2,5,3,HV Patel,1,0.9905029906233928
1216515,2,5,4,HV Patel,1,0.9936415832939887
1216515,2,5,5,HV Patel,1,0.9752915083474542
1216515,2,5,6,HV Patel,1,0.9456986017630591
1216515,2,5,7,HV Patel,1,0.9327028967193692
1216527,1,0,1,JD Unadkat,0,0.01320153685347856
1216527,1,0,2,JD Unadkat,0,0.0018380291617181885
1216527,1,0,3,JD Unadkat,0,0.003624970694480029
1216527,1,0,4,JD Unadkat,0,0.0018147948685855125
1216527,1,0,5,JD Unadkat,0,0.003410136972880881
1216527,1,0,6,JD Unadkat,0,0.0020186928723689274
1216527,1,1,1,AS Rajpoot,0,0.00017710654872984678
1216527,1,1,2,AS Rajpoot,0,0.0018343567393495838
1216527,1,1,3,AS Rajpoot,1,0.9001007568724197
1216527,1,1,4,AS Rajpoot,1,0.7190581663302432
1216527,1,1,5,AS Rajpoot,0,0.5039266061124614
1216527,1,1,6,AS Rajpoot,0,0.46028572157787945
1216527,1,2,1,JD Unadkat,0,0.1663338202527754
1216527,1,2,2,JD Unadkat,0,0.19088807511831798
1216527,1,2,3,JD Unadkat,0,0.19084495621300163
1216527,1,2,4,JD Unadkat,0,0.2024493286085731
1216527,1,2,5,JD Unadkat,0,0.2658721886285087
1216527,1,2,6,JD Unadkat,1,0.5550077785691903
1216527,1,2,7,JD Unadkat,1,0.5785027369127078
1216527,1,3,1,JC Archer,1,0.9995260228051572
1216527,1,3,2,JC Archer,1,0.9995054037744445
1216527,1,3,3,JC Archer,1,0.9994803329772964
1216527,1,3,4,JC Archer,1,0.987676379972481
1216527,1,3,5,JC Archer,1,0.9332228670814062
1216527,1,3,6,JC Archer,1,0.9140514865626894
1216527,1,4,1,AS Rajpoot,0,0.2975243275568132
1216527,1,4,2,AS Rajpoot,1,0.6618475254764616
1216527,1,4,3,AS Rajpoot,1,0.7708050343016999
1216527,1,4,4,AS Rajpoot,1,0.7237448069420558
1216527,1,4,5,AS Rajpoot,1,0.6910954608652701
1216527,1,4,6,AS Rajpoot,1,0.7078318913911158
1216527,1,4,7,AS Rajpoot,1,0.7964554544685187
1216527,1,5,1,JC Archer,0,0.8378909195210292
1216527,1,5,2,JC Archer,0,0.7275462701420751
1216527,1,5,3,JC Archer,0,0.6953069945745908
1216527,1,5,4,JC Archer,0,0.5977593939154693
1216527,1,5,5,JC Archer,0,0.5854608295324885
1216527,1,5,6,JC Archer,0,0.5476438873249801
1216527,2,0,1,SS Cottrell,0,0.05404428736085664
1216527,2,0,2,SS Cottrell,0,0.005403598981183272
1216527,2,0,3,SS Cottrell,0,0.0016126021025362407
1216527,2,0,4,SS Cottrell,0,0.5486843049645054
1216527,2,0,5,SS Cottrell,0,0.6633004487678225
1216527,2,0,6,SS Cottrell,0,0.77743815077991
1216527,2,0,7,SS Cottrell,0,0.8968831904000567
1216527,2,0,8,SS Cottrell,0,0.83016536130435
1216527,2,1,1,Mohammed Shami,0,0.03463969287057926
1216527,2,1,2,Mohammed Shami,0,0.024929269890886313
1216527,2,1,3,Mohammed Shami,0,0.026275378901557483
1216527,2,1,4,Mohammed Shami,0,0.02823745668810814
1216527,2,1,5,Mohammed Shami,0,0.06209037717913514
1216527,2,1,6,Mohammed Shami,0,0.5751066129013616
1216527,2,1,7,Mohammed Shami,0,0.46489739387654583
1216527,2,2,1,SS Cottrell,0,0.6182511289283104
1216527,2,2,2,SS Cottrell,0,0.3716181289322464
1216527,2,2,3,SS Cottrell,0,0.4404955705593862
1216527,2,2,4,SS Cottrell,0,0.8021284837089497
1216527,2,2,5,SS Cottrell,0,0.6589713458891913
1216527,2,2,6,SS Cottrell,0,0.8102651867517541
1216527,2,2,7,SS Cottrell,0,0.7271386601406844
1216527,2,3,1,Mohammed Shami,0,0.7946645196187804
1216527,2,3,2,Mohammed Shami,0,0.672838307236529
1216527,2,3,3,Mohammed Shami,0,0.8488563075795396
1216527,2,3,4,Mohammed Shami,0,0.7278851444480279
1216527,2,3,5,Mohammed Shami,0,0.6644358134014493
1216527,2,3,6,Mohammed Shami,0,0.6967022245613866
1216527,2,4,1,Ravi Bishnoi,0,0.00025259189649522276
1216527,2,4,2,Ravi Bishnoi,0,0.015040594213756463
1216527,2,4,3,Ravi Bishnoi,0,0.002258637098229015
1216527,2,4,4,Ravi Bishnoi,1,0.9007581618597336
1216527,2,4,5,Ravi Bishnoi,1,0.7369370179023774
1216527,2,4,6,Ravi Bishnoi,1,0.8807285836293033
1216527,2,4,7,Ravi Bishnoi,1,0.8039101375596356
1216527,2,5,1,JDS Neesham,0,0.00023970427845305945
1216527,2,5,2,JDS Neesham,1,0.9282978881835243
1216527,2,5,3,JDS Neesham,0,0.6060992902004656
1216527,2,5,4,JDS Neesham,0,0.6501498364138781
1216527,2,5,5,JDS Neesham,1,0.886765987696698
1216527,2,5,6,JDS Neesham,1,0.9288980410767408
1216530,1,0,1,JC Archer,0,0.019798502357562444
1216530,1,0,2,JC Archer,0,0.010442235341993377
1216530,1,0,3,JC Archer,0,0.005102963455895272
1216530,1,0,4,JC Archer,0,0.003954497321115707
1216530,1,0,5,JC Archer,0,0.003016123468346721
1216530,1,0,6,JC Archer,0,0.0007304320069445631
1216530,1,1,1,VR Aaron,0,0.0005333614708004725
1216530,1,1,2,VR Aaron,0,0.0005419275537635051
1216530,1,1,3,VR Aaron,0,0.46402733492149856
1216530,1,1,4,VR Aaron,0,0.2850889621334972
1216530,1,1,5,VR Aaron,0,0.6000885141375844
1216530,1,1,6,VR Aaron,1,0.8475957707566748
1216530,1,2,1,JC Archer,0,0.000488229559308312
1216530,1,2,2,JC Archer,0,0.0004772785787309131
1216530,1,2,3,JC Archer,0,0.001109532925482927
1216530,1,2,4,JC Archer,0,0.001109532925482927
1216530,1,2,5,JC Archer,0,0.0018204419783777977
1216530,1,2,6,JC Archer,0,0.0016627110602732958
1216530,1,3,1,S Gopal,1,0.9992160611787259
1216530,1,3,2,S Gopal,1,0.9991439804510007
1216530,1,3,3,S Gopal,1,0.9617030934773619
1216530,1,3,4,S Gopal,1,0.9686370040743388
1216530,1,3,5,S Gopal,1,0.9261988580202538
1216530,1,3,6,S Gopal,1,0.9515333446576208
1216530,1,4,1,BA Stokes,0,0.0004131566119769521
1216530,1,4,2,BA Stokes,0,0.013773892550885049
1216530,1,4,3,BA Stokes,0,0.015378677903392746
1216530,1,4,4,BA Stokes,0,0.028159532249787414
1216530,1,4,5,BA Stokes,0,0.034307173407142434
1216530,1,4,6,BA Stokes,0,0.5386977180712972
1216530,1,5,1,VR Aaron,1,0.7659091822142828
1216530,1,5,2,VR Aaron,1,0.8675099035819382
1216530,1,5,3,VR Aaron,1,0.7760027275343994
1216530,1,5,4,VR Aaron,0,0.7243007369288803
1216530,1,5,5,VR Aaron,0,0.6138537140490398
1216530,2,0,1,PJ Cummins,1,0.9982966328420948
1216530,2,0,2,PJ Cummins,1,0.9980499422469371
1216530,2,0,3,PJ Cummins,1,0.9466178561432893
1216530,2,0,4,PJ Cummins,1,0.9563970101318752
1216530,2,0,5,PJ Cummins,1,0.8603288363760443
1216530,2,0,6,PJ Cummins,1,0.9031221458523662
1216530,2,0,7,PJ Cummins,1,0.9700589923748644
1216530,2,1,1,Shivam Mavi,0,0.00037949860689200023
1216530,2,1,2,Shivam Mavi,0,0.0003823152195894889
1216530,2,1,3,Shivam Mavi,0,0.004002139034483718
1216530,2,1,4,Shivam Mavi,0,0.001169587530885125
1216530,2,1,5,Shivam Mavi,0,0.01221770973804476
1216530,2,1,6,Shivam Mavi,1,0.4199979740606634
1216530,2,1,7,Shivam Mavi,1,0.4332031993137432
1216530,2,2,1,PJ Cummins,1,0.9649032381187498
1216530,2,2,2,PJ Cummins,1,0.9313275669183684
1216530,2,2,3,PJ Cummins,1,0.900472289764268
1216530,2,2,4,PJ Cummins,1,0.9206331172377497
1216530,2,2,5,PJ Cummins,1,0.8804361863793541
1216530,2,2,6,PJ Cummins,1,0.8998241427910059
1216530,2,3,1,Shivam Mavi,1,0.25173083451368317
1216530,2,3,2,Shivam Mavi,1,0.2620715098565838
1216530,2,3,3,Shivam Mavi,1,0.284045165315802
1216530,2,3,4,Shivam Mavi,1,0.14436193456253177
1216530,2,3,5,Shivam Mavi,1,0.09960152811719533
1216530,2,3,6,Shivam Mavi,1,0.08720244861896698
1216530,2,4,1,PJ Cummins,1,0.9090828550306006
1216530,2,4,2,PJ Cummins,1,0.8970724627718867
1216530,2,4,3,PJ Cummins,1,0.8349665034198289
1216530,2,4,4,PJ Cummins,1,0.8572604729245371
1216530,2,4,5,PJ Cummins,1,0.8635807068816115
1216530,2,4,6,PJ Cummins,1,0.7994899580884455
1216530,2,5,1,CV Varun,0,0.045480656724106186
1216530,2,5,2,CV Varun,0,0.00719582455572879
1216530,2,5,3,CV Varun,0,0.0024867929039245804
1216530,2,5,4,CV Varun,0,0.008577822575025363
1216530,2,5,5,CV Varun,0,0.011629165922588296
1216530,2,5,6,CV Varun,0,0.017514100236242666
1216531,1,0,1,GJ Maxwell,0,0.08898944881749023
1216531,1,0,2,GJ Maxwell,0,0.01076250315765587
1216531,1,0,3,GJ Maxwell,0,0.0033851735004469005
1216531,1,0,4,GJ Maxwell,0,0.011787108593078657
1216531,1,0,5,GJ Maxwell,0,0.005310095431766184
1216531,1,0,6,GJ Maxwell,1,0.43982247859722806
1216531,1,1,1,Mohammed Shami,0,0.04627822251643975
1216531,1,1,2,Mohammed Shami,0,0.006142913599383067
1216531,1,1,3,Mohammed Shami,0,0.0020365826271649917
1216531,1,1,4,Mohammed Shami,0,0.0012995881239853053
1216531,1,1,5,Mohammed Shami,0,0.28024687523972763
1216531,1,1,6,Mohammed Shami,0,0.2708007934461155
1216531,1,2,1,Arshdeep Singh,0,0.0001921092393249849
1216531,1,2,2,Arshdeep Singh,0,0.00020094473265022732
1216531,1,2,3,Arshdeep Singh,0,0.0016252071407976884
1216531,1,2,4,Arshdeep Singh,0,0.012208660457296608
1216531,1,2,5,Arshdeep Singh,0,0.4354480831335626
1216531,1,2,6,Arshdeep Singh,0,0.5352223818414182
1216531,1,2,7,Arshdeep Singh,0,0.4882485551021312
1216531,1,3,1,Mohammed Shami,0,0.16982060764850587
1216531,1,3,2,Mohammed Shami,0,0.195338709042766
1216531,1,3,3,Mohammed Shami,0,0.1959087988748434
1216531,1,3,4,Mohammed Shami,0,0.1940298768476466
1216531,1,3,5,Mohammed Shami,0,0.40824855351288636
1216531,1,3,6,Mohammed Shami,0,0.3968445259221737
1216531,1,4,1,Arshdeep Singh,0,0.1622500024289652
1216531,1,4,2,Arshdeep Singh,0,0.16588046140426901
1216531,1,4,3,Arshdeep Singh,0,0.1586212658787923
1216531,1,4,4,Arshdeep Singh,0,0.35525478698544444
1216531,1,4,5,Arshdeep Singh,1,0.5734027037807462
1216531,1,5,1,Ravi Bishnoi,0,0.00022511731091281022
1216531,1,5,2,Ravi Bishnoi,0,0.003562471527405415
1216531,1,5,3,Ravi Bishnoi,0,0.0013002378028672899
1216531,1,5,4,Ravi Bishnoi,0,0.5136617862926182
1216531,1,5,5,Ravi Bishnoi,0,0.6455125858646655
1216531,1,5,6,Ravi Bishnoi,0,0.4632587575998105
1216531,1,5,7,Ravi Bishnoi,0,0.3715561548019627
1216531,2,0,1,CH Morris,0,0.0004949969334621625
1216531,2,0,2,CH Morris,0,0.0005157125922149816
1216531,2,0,3,CH Morris,0,0.0068861512615081425
1216531,2,0,4,CH Morris,0,0.003641652818481331
1216531,2,0,5,CH Morris,0,0.0022270254713232067
1216531,2,0,6,CH Morris,0,0.00045616151717801635
1216531,2,1,1,Navdeep Saini,0,0.00036276124575241193
1216531,2,1,2,Navdeep Saini,1,0.9375056992578205
1216531,2,1,3,Navdeep Saini,1,0.6826313857243459
1216531,2,1,4,Navdeep Saini,1,0.30219207797907666
1216531,2,1,5,Navdeep Saini,0,0.07927495273870247
1216531,2,1,6,Navdeep Saini,0,0.041898040896881344
1216531,2,2,1,CH Morris,0,0.0017660581637990156
1216531,2,2,2,CH Morris,0,0.028146290029532495
1216531,2,2,3,CH Morris,0,0.033112744327927456
1216531,2,2,4,CH Morris,0,0.06566463534183467
1216531,2,2,5,CH Morris,0,0.04932058851520212
1216531,2,2,6,CH Morris,1,0.42734266802377663
1216531,2,2,7,CH Morris,1,0.42734266802377663
1216531,2,3,1,YS Chahal,0,0.0006614020107963084
1216531,2,3,2,YS Chahal,0,0.010155208132098718
1216531,2,3,3,YS Chahal,1,0.9155976701905714
1216531,2,3,4,YS Chahal,0,0.7773589682313798
1216531,2,3,5,YS Chahal,1,0.912762093630965
1216531,2,3,6,YS Chahal,1,0.951974828748941
1216531,2,4,1,Navdeep Saini,1,0.6669607494129693
1216531,2,4,2,Navdeep Saini,1,0.5968882834029114
1216531,2,4,3,Navdeep Saini,1,0.4385491831111458
1216531,2,4,4,Navdeep Saini,1,0.42901507891466684
1216531,2,4,5,Navdeep Saini,1,0.4012656155580647
1216531,2,4,6,Navdeep Saini,1,0.6054713320464127
1216531,2,5,1,I Udana,0,0.08464770682324749
1216531,2,5,2,I Udana,0,0.08786801754698702
1216531,2,5,3,I Udana,0,0.10104118784609648
1216531,2,5,4,I Udana,0,0.04663061495876198
1216531,2,5,5,I Udana,1,0.7127567839060913
1216531,2,5,6,I Udana,1,0.7129017094679769
1216540,1,0,1,PJ Cummins,0,0.0003398347485289224
1216540,1,0,2,PJ Cummins,1,0.9319925907954513
1216540,1,0,3,PJ Cummins,1,0.8309402259659562
1216540,1,0,4,PJ Cummins,0,0.7721838986992862
1216540,1,0,5,PJ Cummins,0,0.5248843983966284
1216540,1,0,6,PJ Cummins,0,0.5603737507553204
1216540,1,1,1,M Prasidh Krishna,0,0.09651048839900661
1216540,1,1,2,M Prasidh Krishna,0,0.1251613502253692
1216540,1,1,3,M Prasidh Krishna,0,0.146739639257623
1216540,1,1,4,M Prasidh Krishna,1,0.8700023625030656
1216540,1,1,5,M Prasidh Krishna,0,0.7433215265708317
1216540,1,1,6,M Prasidh Krishna,0,0.7608079272252771
1216540,1,2,1,PJ Cummins,0,0.2753753108683331
1216540,1,2,2,PJ Cummins,0,0.6577202124904206
1216540,1,2,3,PJ Cummins,1,0.7581627909805578
1216540,1,2,4,PJ Cummins,1,0.6887890508423786
1216540,1,2,5,PJ Cummins,0,0.6442283284308024
1216540,1,2,6,PJ Cummins,0,0.5344421560890082
1216540,1,3,1,M Prasidh Krishna,0,0.5458598285090835
1216540,1,3,2,M Prasidh Krishna,0,0.4567060131869948
1216540,1,3,3,M Prasidh Krishna,0,0.38935052772967926
1216540,1,3,4,M Prasidh Krishna,0,0.668240736166574
1216540,1,3,5,M Prasidh Krishna,1,0.7415977956367215
1216540,1,3,6,M Prasidh Krishna,1,0.742417780010612
1216540,1,4,1,PJ Cummins,0,0.41964533491433204
1216540,1,4,2,PJ Cummins,0,0.42958719632989434
1216540,1,4,3,PJ Cummins,0,0.34221323061954406
1216540,1,4,4,PJ Cummins,0,0.3422645899372926
1216540,1,4,5,PJ Cummins,0,0.3568625093412364
1216540,1,4,6,PJ Cummins,0,0.34792867536973265
1216540,1,5,1,AD Russell,0,0.0003523009694305932
1216540,1,5,2,AD Russell,0,0.01224050960368398
1216540,1,5,3,AD Russell,0,0.03085150806581188
1216540,1,5,4,AD Russell,0,0.015011193955159392
1216540,1,5,5,AD Russell,0,0.00712088240021609
1216540,1,5,6,AD Russell,0,0.4329036651255597
1216540,2,0,1,CH Morris,0,0.061839938999889855
1216540,2,0,2,CH Morris,0,0.017571105444623678
1216540,2,0,3,CH Morris,1,0.8573671224388383
1216540,2,0,4,CH Morris,1,0.6523636623412824
1216540,2,0,5,CH Morris,1,0.6014809509680585
1216540,2,0,6,CH Morris,1,0.5976162990782221
1216540,2,1,1,Navdeep Saini,0,0.001195943657454451
1216540,2,1,2,Navdeep Saini,0,0.04035173041303279
1216540,2,1,3,Navdeep Saini,0,0.04212200800277318
1216540,2,1,4,Navdeep Saini,0,0.01802044784508644
1216540,2,1,5,Navdeep Saini,0,0.028395112164601614
1216540,2,1,6,Navdeep Saini,0,0.024322378091391858
1216540,2,1,7,Navdeep Saini,0,0.06115870247648868
1216540,2,1,8,Navdeep Saini,0,0.09561000050876846
1216540,2,2,1,Mohammed Siraj,0,0.042983027786951934
1216540,2,2,2,Mohammed Siraj,0,0.04617135649767309
1216540,2,2,3,Mohammed Siraj,0,0.01974156724845167
1216540,2,2,4,Mohammed Siraj,0,0.010411599798135678
1216540,2,2,5,Mohammed Siraj,0,0.02651577310104299
1216540,2,2,6,Mohammed Siraj,0,0.04109361963573777
1216540,2,3,1,Navdeep Saini,1,0.6187760356070011
1216540,2,3,2,Navdeep Saini,1,0.6319614613379084
1216540,2,3,3,Navdeep Saini,1,0.6758514940620689
1216540,2,3,4,Navdeep Saini,1,0.6773682174446786
1216540,2,3,5,Navdeep Saini,1,0.681788870753958
1216540,2,3,6,Navdeep Saini,1,0.5423864888579958
1216540,2,4,1,Mohammed Siraj,0,0.07352975806149778
1216540,2,4,2,Mohammed Siraj,0,0.6531062183561922
1216540,2,4,3,Mohammed Siraj,0,0.6549261976459408
1216540,2,4,4,Mohammed Siraj,0,0.7167234921678785
1216540,2,4,5,Mohammed Siraj,0,0.6559699356053864
1216540,2,4,6,Mohammed Siraj,1,0.7700047878118658
1216540,2,5,1,Washington Sundar,0,0.07182038228669994
1216540,2,5,2,Washington Sundar,0,0.08027371319444841
1216540,2,5,3,Washington Sundar,0,0.034297056461001736
1216540,2,5,4,Washington Sundar,0,0.044426107019727885
1216540,2,5,5,Washington Sundar,0,0.037006880099780266
1216540,2,5,6,Washington Sundar,0,0.021272913175700004
1216541,1,0,1,JC Archer,0,0.037335401208255195
1216541,1,0,2,JC Archer,0,0.009097391116935942
1216541,1,0,3,JC Archer,0,0.01014289889576141
1216541,1,0,4,JC Archer,1,0.6692479645752628
1216541,1,0,5,JC Archer,1,0.6608575342414384
1216541,1,0,6,JC Archer,1,0.6601116626286486
1216541,1,0,7,JC Archer,1,0.713717408747277
1216541,1,1,1,AS Rajpoot,0,0.000999601927226377
1216541,1,1,2,AS Rajpoot,0,0.013839547242342968
1216541,1,1,3,AS Rajpoot,1,0.9678443285040357
1216541,1,1,4,AS Rajpoot,0,0.6997693602488394
1216541,1,1,5,AS Rajpoot,0,0.4650262049988829
1216541,1,1,6,AS Rajpoot,0,0.7496900152855759
1216541,1,1,7,AS Rajpoot,0,0.6593926431999452
1216541,1,2,1,JC Archer,0,0.48680251879049186
1216541,1,2,2,JC Archer,0,0.500082029707799
1216541,1,2,3,JC Archer,0,0.3081555900288871
1216541,1,2,4,JC Archer,0,0.2909064882839764
1216541,1,2,5,JC Archer,0,0.31903644431144074
1216541,1,2,6,JC Archer,0,0.27350093872354775
1216541,1,3,1,AS Rajpoot,0,0.42860209243731595
1216541,1,3,2,AS Rajpoot,0,0.45502167454694753
1216541,1,3,3,AS Rajpoot,0,0.4619644116874022
1216541,1,3,4,AS Rajpoot,0,0.4582188118307754
1216541,1,3,5,AS Rajpoot,0,0.45662260728429593
1216541,1,3,6,AS Rajpoot,0,0.5982921199526768
1216541,1,3,7,AS Rajpoot,0,0.49263361226818986
1216541,1,3,8,AS Rajpoot,0,0.4788233219026438
1216541,1,4,1,Kartik Tyagi,0,0.017504141776371905
1216541,1,4,2,Kartik Tyagi,0,0.014716471121510045
1216541,1,4,3,Kartik Tyagi,0,0.005242868545752231
1216541,1,4,4,Kartik Tyagi,0,0.008033360492375094
1216541,1,4,5,Kartik Tyagi,0,0.5143462118940413
1216541,1,4,6,Kartik Tyagi,0,0.7042932054112238
1216541,1,5,1,AS Rajpoot,0,0.4297530357257597
1216541,1,5,2,AS Rajpoot,0,0.5757512365504365
1216541,1,5,3,AS Rajpoot,0,0.5631984001045731
1216541,1,5,4,AS Rajpoot,0,0.546115421674796
1216541,1,5,5,AS Rajpoot,0,0.6190811170456811
1216541,1,5,6,AS Rajpoot,0,0.6064238517687577
1216541,2,0,1,TA Boult,0,0.008153226862167257
1216541,2,0,2,TA Boult,0,0.02427588437199072
1216541,2,0,3,TA Boult,0,0.01864078980159139
1216541,2,0,4,TA Boult,0,0.014941976763447336
1216541,2,0,5,TA Boult,0,0.009530297826980352
1216541,2,0,6,TA Boult,0,0.01023345734615748
1216541,2,1,1,JL Pattinson,1,0.9993152310790956
1216541,2,1,2,JL Pattinson,1,0.9210262200273625
1216541,2,1,3,JL Pattinson,0,0.4876841171042092
1216541,2,1,4,JL Pattinson,1,0.9216081638879596
1216541,2,1,5,JL Pattinson,0,0.6525482055155581
1216541,2,1,6,JL Pattinson,0,0.5148590496292885
1216541,2,2,1,TA Boult,0,0.004054731953875586
1216541,2,2,2,TA Boult,0,0.3027001270431843
1216541,2,2,3,TA Boult,0,0.19196621237930211
1216541,2,2,4,TA Boult,0,0.45494493135201064
1216541,2,2,5,TA Boult,0,0.4320500335129434
1216541,2,2,6,TA Boult,1,0.5994095696264351
1216541,2,3,1,JJ Bumrah,1,0.9993347289639856
1216541,2,3,2,JJ Bumrah,1,0.9198472079123793
1216541,2,3,3,JJ Bumrah,1,0.6736942159618642
1216541,2,3,4,JJ Bumrah,0,0.5775633945392441
1216541,2,3,5,JJ Bumrah,1,0.8755456450831549
1216541,2,3,6,JJ Bumrah,1,0.8022740806116041
1216541,2,4,1,JL Pattinson,0,0.4785636633400932
1216541,2,4,2,JL Pattinson,0,0.5272410526963679
1216541,2,4,3,JL Pattinson,0,0.5286446260354919
1216541,2,4,4,JL Pattinson,0,0.5033832278903227
1216541,2,4,5,JL Pattinson,0,0.4626976926969273
1216541,2,4,6,JL Pattinson,0,0.486846869401462
1216541,2,4,7,JL Pattinson,0,0.4720901039985316
1216541,2,5,1,KH Pandya,0,0.010068154425270343
1216541,2,5,2,KH Pandya,0,0.011518292173126665
1216541,2,5,3,KH Pandya,0,0.0042366799488893405
1216541,2,5,4,KH Pandya,0,0.003152000546009359
1216541,2,5,5,KH Pandya,0,0.46986104094805015
1216541,2,5,6,KH Pandya,1,0.6518028077857313
1237181,1,0,1,TA Boult,0,0.0008215963331048688
1237181,1,0,2,TA Boult,0,0.021695127148482422
1237181,1,0,3,TA Boult,0,0.00554580499743371
1237181,1,0,4,TA Boult,1,0.6306238582864516
1237181,1,0,5,TA Boult,0,0.4906393760438362
1237181,1,0,6,TA Boult,0,0.3116625399773692
1237181,1,1,1,JJ Bumrah,0,0.04809411333093126
1237181,1,1,2,JJ Bumrah,0,0.01605610265912826
1237181,1,1,3,JJ Bumrah,1,0.7662203506543773
1237181,1,1,4,JJ Bumrah,1,0.6018580399110052
1237181,1,1,5,JJ Bumrah,1,0.5126745795609171
1237181,1,1,6,JJ Bumrah,0,0.48919676970056236
1237181,1,2,1,TA Boult,1,0.5984401636392596
1237181,1,2,2,TA Boult,0,0.5296983022211449
1237181,1,2,3,TA Boult,0,0.5050427554454531
1237181,1,2,4,TA Boult,0,0.5289930837550046
1237181,1,2,5,TA Boult,1,0.6438071402792832
1237181,1,2,6,TA Boult,0,0.6137334049480248
1237181,1,3,1,J Yadav,0,0.041282360681192176
1237181,1,3,2,J Yadav,0,0.039568444375756566
1237181,1,3,3,J Yadav,0,0.01742512839471463
1237181,1,3,4,J Yadav,0,0.012749100084874732
1237181,1,3,5,J Yadav,0,0.037426125790979696
1237181,1,3,6,J Yadav,0,0.057963896842915544
1237181,1,4,1,TA Boult,0,0.5640560109163265
1237181,1,4,2,TA Boult,1,0.5977257840129473
1237181,1,4,3,TA Boult,1,0.6235099342451083
1237181,1,4,4,TA Boult,0,0.69472959308039
1237181,1,4,5,TA Boult,1,0.6714310091714952
1237181,1,4,6,TA Boult,1,0.6344311221150697
1237181,1,5,1,NM Coulter-Nile,0,0.0010312829303411367
1237181,1,5,2,NM Coulter-Nile,0,0.0009798023456939232
1237181,1,5,3,NM Coulter-Nile,0,0.005268525829489722
1237181,1,5,4,NM Coulter-Nile,0,0.020011437815181044
1237181,1,5,5,NM Coulter-Nile,0,0.5849041783118102
1237181,1,5,6,NM Coulter-Nile,0,0.5020043593750179
1237181,2,0,1,R Ashwin,0,0.0016120424453531556
1237181,2,0,2,R Ashwin,0,0.0016424242983618933
1237181,2,0,3,R Ashwin,1,0.8674656276731176
1237181,2,0,4,R Ashwin,1,0.709820916946881
1237181,2,0,5,R Ashwin,1,0.439641809721557
1237181,2,0,6,R Ashwin,1,0.46560988556368893
1237181,2,1,1,K Rabada,0,0.0014151427307865778
1237181,2,1,2,K Rabada,1,0.9179566226987601
1237181,2,1,3,K Rabada,0,0.5414608151606511
1237181,2,1,4,K Rabada,0,0.40618158749305683
1237181,2,1,5,K Rabada,1,0.8788739930472347
1237181,2,1,6,K Rabada,1,0.9562198011833101
1237181,2,2,1,R Ashwin,1,0.3142914983620145
1237181,2,2,2,R Ashwin,1,0.334007775877353
1237181,2,2,3,R Ashwin,0,0.26650567361241856
1237181,2,2,4,R Ashwin,0,0.3162590894075192
1237181,2,2,5,R Ashwin,0,0.27087648201867753
1237181,2,2,6,R Ashwin,1,0.5019434292850804
1237181,2,3,1,A Nortje,0,0.05042922955569516
1237181,2,3,2,A Nortje,0,0.08093451020311325
1237181,2,3,3,A Nortje,0,0.03632797843927124
1237181,2,3,4,A Nortje,0,0.583082548122613
1237181,2,3,5,A Nortje,0,0.43927714169481324
1237181,2,3,6,A Nortje,1,0.8682168355053254
1237181,2,4,1,MP Stoinis,0,0.005818990780304555
1237181,2,4,2,MP Stoinis,1,0.9242373859298724
1237181,2,4,3,MP Stoinis,1,0.9765876207267201
1237181,2,4,4,MP Stoinis,1,0.9695272268779145
1237181,2,4,5,MP Stoinis,1,0.9274087467866694
1237181,2,4,6,MP Stoinis,1,0.9237174270145434
1237181,2,5,1,AR Patel,0,0.003820053980755394
1237181,2,5,2,AR Patel,0,0.003751206836877599
1237181,2,5,3,AR Patel,0,0.0034585196699327683
1237181,2,5,4,AR Patel,0,0.006779828022412276
1237181,2,5,5,AR Patel,0,0.01680346541859664
1237181,2,5,6,AR Patel,0,0.03941505972879674
1254063,1,0,1,B Kumar,0,0.0002585471831829242
1254063,1,0,2,B Kumar,1,0.8996363165143676
1254063,1,0,3,B Kumar,1,0.717861185775103
1254063,1,0,4,B Kumar,1,0.4071814188614553
1254063,1,0,5,B Kumar,0,0.17745730167843152
1254063,1,0,6,B Kumar,0,0.20086044743753365
1254063,1,1,1,JO Holder,1,0.9995508337958261
1254063,1,1,2,JO Holder,1,0.9051445813697293
1254063,1,1,3,JO Holder,1,0.5049238883208681
1254063,1,1,4,JO Holder,0,0.19250221398763254
1254063,1,1,5,JO Holder,1,0.3559644898949181
1254063,1,1,6,JO Holder,1,0.7286758415366968
1254063,1,1,7,JO Holder,1,0.6770258870296643
1254063,1,2,1,B Kumar,0,0.14133431439185862
1254063,1,2,2,B Kumar,0,0.14939534831685802
1254063,1,2,3,B Kumar,0,0.04709868481027971
1254063,1,2,4,B Kumar,0,0.023213752721258467
1254063,1,2,5,B Kumar,0,0.04716824031997529
1254063,1,2,6,B Kumar,0,0.04724784558357255
1254063,1,2,7,B Kumar,0,0.055124681574984985
1254063,1,3,1,JO Holder,1,0.5313246852638505
1254063,1,3,2,JO Holder,1,0.4055968787188222
1254063,1,3,3,JO Holder,1,0.3761738509572151
1254063,1,3,4,JO Holder,0,0.27635551266890424
1254063,1,3,5,JO Holder,1,0.37402983617557806
1254063,1,3,6,JO Holder,1,0.37824250740262627
1254063,1,4,1,S Nadeem,0,0.00029612515392452997
1254063,1,4,2,S Nadeem,0,0.007895434707241182
1254063,1,4,3,S Nadeem,1,0.9138718369732022
1254063,1,4,4,S Nadeem,1,0.8012017920502233
1254063,1,4,5,S Nadeem,0,0.6382292233073523
1254063,1,4,6,S Nadeem,0,0.5684687754709614
1254063,1,5,1,T Natarajan,0,0.00029612515392452997
1254063,1,5,2,T Natarajan,1,0.9081800331710891
1254063,1,5,3,T Natarajan,1,0.7389685894936473
1254063,1,5,4,T Natarajan,1,0.6544447657365161
1254063,1,5,5,T Natarajan,1,0.8582997552122595
1254063,1,5,6,T Natarajan,1,0.6842057786016903
1254063,2,0,1,Mohammed Siraj,0,0.0002767779390900174
1254063,2,0,2,Mohammed Siraj,0,0.0002930182735249801
1254063,2,0,3,Mohammed Siraj,0,0.000304847073116968
1254063,2,0,4,Mohammed Siraj,0,0.000304847073116968
1254063,2,0,5,Mohammed Siraj,0,0.000304847073116968
1254063,2,0,6,Mohammed Siraj,0,0.000293813186392694
1254063,2,1,1,KA Jamieson,0,0.0005647548047846038
1254063,2,1,2,KA Jamieson,0,0.006321005679898211
1254063,2,1,3,KA Jamieson,0,0.012315907748583415
1254063,2,1,4,KA Jamieson,0,0.016103425843108476
1254063,2,1,5,KA Jamieson,0,0.03256350655765241
1254063,2,1,6,KA Jamieson,0,0.5958367697862613
1254063,2,1,7,KA Jamieson,0,0.5149757467174385
1254063,2,2,1,Mohammed Siraj,0,0.0003200061659377722
1254063,2,2,2,Mohammed Siraj,0,0.00030342626821950035
1254063,2,2,3,Mohammed Siraj,0,0.00030342626821950035
1254063,2,2,4,Mohammed Siraj,0,0.00030342626821950035
1254063,2,2,5,Mohammed Siraj,0,0.0002416304248241531
1254063,2,2,6,Mohammed Siraj,0,0.0002460316948833934
1254063,2,2,7,Mohammed Siraj,0,0.00027966725124005756
1254063,2,3,1,KA Jamieson,0,0.27447797104566385
1254063,2,3,2,KA Jamieson,0,0.6514807373407523
1254063,2,3,3,KA Jamieson,0,0.5771726714677111
1254063,2,3,4,KA Jamieson,1,0.7739477735791995
1254063,2,3,5,KA Jamieson,0,0.697471468377518
1254063,2,3,6,KA Jamieson,1,0.8761062711141678
1254063,2,4,1,Washington Sundar,0,0.0004886129162226669
1254063,2,4,2,Washington Sundar,0,0.0005303752319541252
1254063,2,4,3,Washington Sundar,0,0.0005517805613633697
1254063,2,4,4,Washington Sundar,0,0.3101641764941697
1254063,2,4,5,Washington Sundar,1,0.46953766599849034
1254063,2,4,6,Washington Sundar,1,0.47437731161558905
1254063,2,4,7,Washington Sundar,0,0.33831583461291614
1254063,2,5,1,Mohammed Siraj,0,0.0006006856788462143
1254063,2,5,2,Mohammed Siraj,0,0.0009361927317126276
1254063,2,5,3,Mohammed Siraj,0,0.004934967671557067
1254063,2,5,4,Mohammed Siraj,0,0.01734940921050281
1254063,2,5,5,Mohammed Siraj,0,0.06874525566420377
1254063,2,5,6,Mohammed Siraj,0,0.053203285701513385
1254073,1,0,1,Mohammed Siraj,0,0.0002781730330178472
1254073,1,0,2,Mohammed Siraj,0,0.00027969879078319944
1254073,1,0,3,Mohammed Siraj,0,0.000291744245766105
1254073,1,0,4,Mohammed Siraj,0,0.000291744245766105
1254073,1,0,5,Mohammed Siraj,0,0.09413332159879363
1254073,1,0,6,Mohammed Siraj,1,0.3623570860982771
1254073,1,1,1,KA Jamieson,0,0.0003306870247901355
1254073,1,1,2,KA Jamieson,0,0.00033250072197682306
1254073,1,1,3,KA Jamieson,0,0.0003468193460232359
1254073,1,1,4,KA Jamieson,0,0.0003468193460232359
1254073,1,1,5,KA Jamieson,0,0.09073807819974629
1254073,1,1,6,KA Jamieson,0,0.13552143830427968
1254073,1,2,1,Mohammed Siraj,1,0.3174307499235636
1254073,1,2,2,Mohammed Siraj,1,0.2749642567881526
1254073,1,2,3,Mohammed Siraj,0,0.3124037392136159
1254073,1,2,4,Mohammed Siraj,0,0.21361442302988268
1254073,1,2,5,Mohammed Siraj,0,0.19000846075594177
1254073,1,2,6,Mohammed Siraj,0,0.1121331191698022
1254073,1,3,1,KA Jamieson,0,0.11793610103795832
1254073,1,3,2,KA Jamieson,0,0.08422887299476423
1254073,1,3,3,KA Jamieson,0,0.06618294820932089
1254073,1,3,4,KA Jamieson,0,0.0695853574660107
1254073,1,3,5,KA Jamieson,0,0.06468861994773746
1254073,1,3,6,KA Jamieson,0,0.06720969373098343
1254073,1,4,1,Mohammed Siraj,0,0.10621631055399483
1254073,1,4,2,Mohammed Siraj,0,0.09380622303468722
1254073,1,4,3,Mohammed Siraj,0,0.105499024576689
1254073,1,4,4,Mohammed Siraj,0,0.10887755924845229
1254073,1,4,5,Mohammed Siraj,0,0.3159602134928134
1254073,1,4,6,Mohammed Siraj,0,0.2296490979761912
1254073,1,5,1,KW Richardson,1,0.9993641077228728
1254073,1,5,2,KW Richardson,1,0.9994698877208145
1254073,1,5,3,KW Richardson,1,0.9994659098293738
1254073,1,5,4,KW Richardson,1,0.9824029444014727
1254073,1,5,5,KW Richardson,1,0.9186619496367958
1254073,1,5,6,KW Richardson,1,0.7663666082511449
1254073,1,5,7,KW Richardson,1,0.6146459549043977
1254073,2,0,1,S Gopal,0,0.0003333837024275054
1254073,2,0,2,S Gopal,0,0.0003403552657090886
1254073,2,0,3,S Gopal,0,0.0003457717176711227
1254073,2,0,4,S Gopal,0,0.4389837261672007
1254073,2,0,5,S Gopal,0,0.38131924446349097
1254073,2,0,6,S Gopal,0,0.2774157541659288
1254073,2,1,1,C Sakariya,0,0.0003654795197077498
1254073,2,1,2,C Sakariya,0,0.014610608645004141
1254073,2,1,3,C Sakariya,0,0.012344401003585272
1254073,2,1,4,C Sakariya,1,0.47108600807555884
1254073,2,1,5,C Sakariya,0,0.20059405424161364
1254073,2,1,6,C Sakariya,0,0.1825291280739725
1254073,2,2,1,S Gopal,0,0.16764122130945613
1254073,2,2,2,S Gopal,0,0.37280406936303584
1254073,2,2,3,S Gopal,0,0.3379644862158172
1254073,2,2,4,S Gopal,0,0.46860219135406
1254073,2,2,5,S Gopal,0,0.39083220743397884
1254073,2,2,6,S Gopal,0,0.37600766449849093
1254073,2,3,1,CH Morris,1,0.9994489794863999
1254073,2,3,2,CH Morris,1,0.9994724054193859
1254073,2,3,3,CH Morris,1,0.9847038433707125
1254073,2,3,4,CH Morris,1,0.9413229646514055
1254073,2,3,5,CH Morris,1,0.8086343118539795
1254073,2,3,6,CH Morris,1,0.9356176396777497
1254073,2,4,1,Mustafizur Rahman,0,0.00023532467480403226
1254073,2,4,2,Mustafizur Rahman,0,0.0002396641680168767
1254073,2,4,3,Mustafizur Rahman,0,0.34723684342387695
1254073,2,4,4,Mustafizur Rahman,0,0.16098281545268656
1254073,2,4,5,Mustafizur Rahman,0,0.06893755378671625
1254073,2,4,6,Mustafizur Rahman,1,0.5790910503531925
1254073,2,5,1,C Sakariya,0,0.16361356111316477
1254073,2,5,2,C Sakariya,0,0.16279326526482818
1254073,2,5,3,C Sakariya,0,0.07957041815975385
1254073,2,5,4,C Sakariya,0,0.05551671037286272
1254073,2,5,5,C Sakariya,0,0.07146841709796552
1254073,2,5,6,C Sakariya,0,0.08023719090499354
1254073,2,5,7,C Sakariya,0,0.3157470055096799
1254077,1,0,1,KK Ahmed,1,0.9995708754202939
1254077,1,0,2,KK Ahmed,1,0.9994953021361079
1254077,1,0,3,KK Ahmed,1,0.9994752883281842
1254077,1,0,4,KK Ahmed,1,0.9909268756058159
1254077,1,0,5,KK Ahmed,1,0.9400396722995554
1254077,1,0,6,KK Ahmed,1,0.9044398518074511
1254077,1,1,1,Abhishek Sharma,0,0.0003072135657811964
1254077,1,1,2,Abhishek Sharma,0,0.01358203298414555
1254077,1,1,3,Abhishek Sharma,1,0.959148424146532
1254077,1,1,4,Abhishek Sharma,0,0.8656467165938044
1254077,1,1,5,Abhishek Sharma,1,0.9563292058128037
1254077,1,1,6,Abhishek Sharma,0,0.8737420356053006
1254077,1,2,1,S Kaul,0,0.00029423766103425564
1254077,1,2,2,S Kaul,0,0.007646731665433547
1254077,1,2,3,S Kaul,0,0.0018685364595921164
1254077,1,2,4,S Kaul,0,0.0013792035879818248
1254077,1,2,5,S Kaul,0,0.0011445555680643755
1254077,1,2,6,S Kaul,0,0.39779916128179804
1254077,1,3,1,KK Ahmed,1,0.7872540883766871
1254077,1,3,2,KK Ahmed,1,0.741206777287991
1254077,1,3,3,KK Ahmed,1,0.7208520510419036
1254077,1,3,4,KK Ahmed,0,0.6139520374153805
1254077,1,3,5,KK Ahmed,0,0.5771539586046018
1254077,1,3,6,KK Ahmed,0,0.5677083910851441
1254077,1,4,1,S Kaul,0,0.23719209626169038
1254077,1,4,2,S Kaul,0,0.23665110613946183
1254077,1,4,3,S Kaul,0,0.18069485141766903
1254077,1,4,4,S Kaul,0,0.2011670795252492
1254077,1,4,5,S Kaul,1,0.4848495431374764
1254077,1,4,6,S Kaul,1,0.506720841052436
1254077,1,5,1,J Suchith,0,0.061413227074736884
1254077,1,5,2,J Suchith,0,0.07249541494039485
1254077,1,5,3,J Suchith,0,0.034547855967718054
1254077,1,5,4,J Suchith,0,0.038878584512485395
1254077,1,5,5,J Suchith,0,0.03935043049757499
1254077,1,5,6,J Suchith,0,0.015103814571211023
1254077,2,0,1,K Rabada,0,0.00027032614323191503
1254077,2,0,2,K Rabada,0,0.013920121726949973
1254077,2,0,3,K Rabada,0,0.0154396727470338
1254077,2,0,4,K Rabada,0,0.0262286683798554
1254077,2,0,5,K Rabada,0,0.03176069428236958
1254077,2,0,6,K Rabada,0,0.013729033245294387
1254077,2,1,1,R Ashwin,0,0.0002747969280632496
1254077,2,1,2,R Ashwin,0,0.0033515349813092983
1254077,2,1,3,R Ashwin,0,0.0013949944609719846
1254077,2,1,4,R Ashwin,0,0.0009244856103686513
1254077,2,1,5,R Ashwin,0,0.3534643096002654
1254077,2,1,6,R Ashwin,0,0.12653106381802726
1254077,2,2,1,MP Stoinis,0,0.0002489010401311581
1254077,2,2,2,MP Stoinis,0,0.002956734732427799
1254077,2,2,3,MP Stoinis,0,0.8081128048664407
1254077,2,2,4,MP Stoinis,1,0.9764343492844271
1254077,2,2,5,MP Stoinis,1,0.9314256265268629
1254077,2,3,1,R Ashwin,1,0.6610034752427202
1254077,2,3,2,R Ashwin,1,0.5437165911152281
1254077,2,3,3,R Ashwin,1,0.8321550880188732
1254077,2,3,4,R Ashwin,1,0.8501744874144845
1254077,2,3,5,R Ashwin,1,0.7494133265507885
1254077,2,3,6,R Ashwin,1,0.7343825928165354
1254077,2,3,7,R Ashwin,1,0.5717383539107352
1254077,2,4,1,AR Patel,0,0.0004440873850360161
1254077,2,4,2,AR Patel,0,0.00048361916958042416
1254077,2,4,3,AR Patel,0,0.0029892738248619684
1254077,2,4,4,AR Patel,1,0.5590279517972401
1254077,2,4,5,AR Patel,1,0.9350339942351882
1254077,2,4,6,AR Patel,1,0.8204860286810307
1254077,2,5,1,Avesh Khan,1,0.9996430047578592
1254077,2,5,2,Avesh Khan,1,0.9764433759191041
1254077,2,5,3,Avesh Khan,1,0.9938115156461477
1254077,2,5,4,Avesh Khan,1,0.9819637691650177
1254077,2,5,5,Avesh Khan,1,0.950954173268459
1254077,2,5,6,Avesh Khan,1,0.8678416385960498
1254077,3,0,1,AR Patel,0,0.00023700889246037367
1254077,3,0,2,AR Patel,0,0.0029848112535714876
1254077,3,0,3,AR Patel,1,0.7908060291628869
1254077,3,0,4,AR Patel,1,0.47732564412218387
1254077,3,0,5,AR Patel,1,0.34128935359603585
1254077,4,0,1,Rashid Khan,0,0.0257241631857228
1254077,4,0,2,Rashid Khan,0,0.007115441198199949
1254077,4,0,3,Rashid Khan,1,0.7564796733381951
1254077,4,0,4,Rashid Khan,1,0.5308694163247226
1254077,4,0,5,Rashid Khan,1,0.2917365297636152
1254082,1,0,1,I Sharma,0,0.14516927620327807
1254082,1,0,2,I Sharma,0,0.1779768224505888
1254082,1,0,3,I Sharma,0,0.22695670222846703
1254082,1,0,4,I Sharma,0,0.05678831709874611
1254082,1,0,5,I Sharma,0,0.13198637242355726
1254082,1,0,6,I Sharma,0,0.06543175899402703
1254082,1,1,1,K Rabada,0,0.131243219397644
1254082,1,1,2,K Rabada,0,0.013673194603194197
1254082,1,1,3,K Rabada,0,0.0035329209804689896
1254082,1,1,4,K Rabada,0,0.0031677494983145807
1254082,1,1,5,K Rabada,0,0.47462003095649674
1254082,1,1,6,K Rabada,0,0.504128258353167
1254082,1,2,1,I Sharma,0,0.04817185723919075
1254082,1,2,2,I Sharma,0,0.05071154040543382
1254082,1,2,3,I Sharma,0,0.061793816594823435
1254082,1,2,4,I Sharma,0,0.24385110942057003
1254082,1,2,5,I Sharma,0,0.2628769645024966
1254082,1,2,6,I Sharma,0,0.2628769645024966
1254082,1,3,1,AR Patel,0,0.0003629692018270206
1254082,1,3,2,AR Patel,0,0.011113668284622163
1254082,1,3,3,AR Patel,1,0.9067245233153919
1254082,1,3,4,AR Patel,1,0.7151065270274671
1254082,1,3,5,AR Patel,1,0.5480755577865258
1254082,1,3,6,AR Patel,0,0.5234511586448399
1254082,1,4,1,Avesh Khan,0,0.00036561879682228075
1254082,1,4,2,Avesh Khan,0,0.01948062818767441
1254082,1,4,3,Avesh Khan,0,0.07198015067762945
1254082,1,4,4,Avesh Khan,0,0.024462044529324455
1254082,1,4,5,Avesh Khan,0,0.08710808980812998
1254082,1,4,6,Avesh Khan,0,0.5193402460246191
1254082,1,5,1,I Sharma,0,0.38778627996882864
1254082,1,5,2,I Sharma,0,0.3801846600670859
1254082,1,5,3,I Sharma,0,0.38462715098705247
1254082,1,5,4,I Sharma,0,0.4233665262468054
1254082,1,5,5,I Sharma,0,0.5749482427415326
1254082,1,5,6,I Sharma,0,0.6052960665311391
1254082,2,0,1,Shivam Mavi,0,0.0008632123198146798
1254082,2,0,2,Shivam Mavi,1,0.9993349774140197
1254082,2,0,3,Shivam Mavi,1,0.9990504257350495
1254082,2,0,4,Shivam Mavi,1,0.9992217727454241
1254082,2,0,5,Shivam Mavi,1,0.9989907281290648
1254082,2,0,6,Shivam Mavi,1,0.9989126022011798
1254082,2,1,1,CV Varun,0,0.05277454737971194
1254082,2,1,2,CV Varun,0,0.06983802998444476
1254082,2,1,3,CV Varun,0,0.1047116118180915
1254082,2,1,4,CV Varun,0,0.18502137099109092
1254082,2,1,5,CV Varun,1,0.7150042289478223
1254082,2,1,6,CV Varun,1,0.47177301887760403
1254082,2,1,7,CV Varun,1,0.5370068311984614
1254082,2,2,1,M Prasidh Krishna,1,0.999517471567007
1254082,2,2,2,M Prasidh Krishna,1,0.7976592162794516
1254082,2,2,3,M Prasidh Krishna,1,0.7585716361051866
1254082,2,2,4,M Prasidh Krishna,0,0.5102705010948683
1254082,2,2,5,M Prasidh Krishna,0,0.4693855197262628
1254082,2,2,6,M Prasidh Krishna,0,0.3829536373060046
1254082,2,3,1,SP Narine,0,0.04323364747784181
1254082,2,3,2,SP Narine,0,0.01624941831346345
1254082,2,3,3,SP Narine,0,0.025327952706170807
1254082,2,3,4,SP Narine,1,0.6816157243434406
1254082,2,3,5,SP Narine,1,0.8240851919341321
1254082,2,3,6,SP Narine,1,0.8139596615578648
1254082,2,4,1,M Prasidh Krishna,1,0.4818016624332654
1254082,2,4,2,M Prasidh Krishna,0,0.4172544590528118
1254082,2,4,3,M Prasidh Krishna,0,0.36124994708678704
1254082,2,4,4,M Prasidh Krishna,0,0.3598777342465448
1254082,2,4,5,M Prasidh Krishna,0,0.36832510960778064
1254082,2,4,6,M Prasidh Krishna,0,0.392166604304228
1254082,2,5,1,PJ Cummins,0,0.00039223988097386727
1254082,2,5,2,PJ Cummins,0,0.0004193249489875502
1254082,2,5,3,PJ Cummins,0,0.0004373808868148368
1254082,2,5,4,PJ Cummins,0,0.0004373808868148368
1254082,2,5,5,PJ Cummins,0,0.0020134841085520704
1254082,2,5,6,PJ Cummins,0,0.0004947612975415299
1254093,1,0,1,TA Boult,0,0.00032924787623510895
1254093,1,0,2,TA Boult,0,0.00035055140190515043
1254093,1,0,3,TA Boult,0,0.00036470189825511346
1254093,1,0,4,TA Boult,0,0.001288798120911518
1254093,1,0,5,TA Boult,0,0.007296114338571898
1254093,1,0,6,TA Boult,1,0.6517929574433841
1254093,1,0,7,TA Boult,1,0.5930975044082983
1254093,1,1,1,J Yadav,0,0.0002969425741926635
1254093,1,1,2,J Yadav,1,0.9889782085776637
1254093,1,1,3,J Yadav,1,0.9452298973314446
1254093,1,1,4,J Yadav,1,0.86214662410348
1254093,1,1,5,J Yadav,1,0.9342808179277363
1254093,1,1,6,J Yadav,1,0.962801845476889
1254093,1,2,1,JJ Bumrah,1,0.9995166092352402
1254093,1,2,2,JJ Bumrah,1,0.9493439733526166
1254093,1,2,3,JJ Bumrah,1,0.7476730820021168
1254093,1,2,4,JJ Bumrah,1,0.6975274062739412
1254093,1,2,5,JJ Bumrah,1,0.5158576607140039
1254093,1,2,6,JJ Bumrah,1,0.2620195044514872
1254093,1,3,1,NM Coulter-Nile,0,0.0005713442986518491
1254093,1,3,2,NM Coulter-Nile,0,0.0054475366085006225
1254093,1,3,3,NM Coulter-Nile,0,0.001807266415567345
1254093,1,3,4,NM Coulter-Nile,0,0.000784040696345462
1254093,1,3,5,NM Coulter-Nile,0,0.0018226731748072597
1254093,1,3,6,NM Coulter-Nile,1,0.4388693604158759
1254093,1,4,1,TA Boult,1,0.6075666574048245
1254093,1,4,2,TA Boult,1,0.597064943726984
1254093,1,4,3,TA Boult,1,0.6107368650618606
1254093,1,4,4,TA Boult,1,0.5938687984978415
1254093,1,4,5,TA Boult,0,0.42099053637217154
1254093,1,4,6,TA Boult,0,0.4120334090158764
1254093,1,4,7,TA Boult,0,0.5023623177509576
1254093,1,5,1,JJ Bumrah,1,0.744854867972631
1254093,1,5,2,JJ Bumrah,1,0.6278091252469296
1254093,1,5,3,JJ Bumrah,1,0.5040050376776485
1254093,1,5,4,JJ Bumrah,1,0.30960595091899784
1254093,1,5,5,JJ Bumrah,1,0.18166801352496034
1254093,1,5,6,JJ Bumrah,1,0.11025156637086568
1254093,2,0,1,Mustafizur Rahman,0,0.00032083869529724956
1254093,2,0,2,Mustafizur Rahman,0,0.00034218979798040713
1254093,2,0,3,Mustafizur Rahman,0,0.5970162075931063
1254093,2,0,4,Mustafizur Rahman,0,0.6781696656521635
1254093,2,0,5,Mustafizur Rahman,1,0.8982413593682226
1254093,2,0,6,Mustafizur Rahman,0,0.8741729327780159
1254093,2,1,1,C Sakariya,0,0.00029028067530157824
1254093,2,1,2,C Sakariya,0,0.00030959883940691443
1254093,2,1,3,C Sakariya,0,0.0003043689414872257
1254093,2,1,4,C Sakariya,0,0.0003043689414872257
1254093,2,1,5,C Sakariya,0,0.0003043689414872257
1254093,2,1,6,C Sakariya,0,0.0002824221751863005
1254093,2,2,1,S Gopal,0,0.0007076389537494661
1254093,2,2,2,S Gopal,1,0.9826157914192711
1254093,2,2,3,S Gopal,1,0.8612671115546255
1254093,2,2,4,S Gopal,1,0.7437019192876394
1254093,2,2,5,S Gopal,1,0.6390710503039082
1254093,2,3,1,C Sakariya,0,0.00036330711971883516
1254093,2,3,2,C Sakariya,0,0.0003076030011383946
1254093,2,3,3,C Sakariya,0,0.0029278150248496808
1254093,2,3,4,C Sakariya,0,0.007984463156385097
1254093,2,3,5,C Sakariya,0,0.08102028869996114
1254093,2,3,6,C Sakariya,0,0.2324948750715617
1254093,2,4,1,K Yadav,1,0.9995738646211615
1254093,2,4,2,K Yadav,1,0.9995746114263979
1254093,2,4,3,K Yadav,1,0.9912817345352684
1254093,2,4,4,K Yadav,1,0.9911606195001603
1254093,2,4,5,K Yadav,1,0.9498143210870427
1254093,2,4,6,K Yadav,1,0.9135724655245481
1254093,2,5,1,Mustafizur Rahman,0,0.8314049382658896
1254093,2,5,2,Mustafizur Rahman,0,0.764063364256213
1254093,2,5,3,Mustafizur Rahman,0,0.781182714495941
1254093,2,5,4,Mustafizur Rahman,0,0.8735532299257506
1254093,2,5,5,Mustafizur Rahman,0,0.7696622137485207
1254093,2,5,6,Mustafizur Rahman,0,0.7781323085512762
1254093,2,5,7,Mustafizur Rahman,0,0.7061696965846268
1254096,1,0,1,N Rana,1,0.9995669996349967
1254096,1,0,2,N Rana,1,0.8092132267677766
1254096,1,0,3,N Rana,1,0.395152498958732
1254096,1,0,4,N Rana,1,0.23136607409837887
1254096,1,0,5,N Rana,1,0.2294086421642589
1254096,1,1,1,CV Varun,0,0.0005110833316130651
1254096,1,1,2,CV Varun,0,0.0005066618084307581
1254096,1,1,3,CV Varun,0,0.007420442194903142
1254096,1,1,4,CV Varun,0,0.03134319345764558
1254096,1,1,5,CV Varun,0,0.012850465253953267
1254096,1,1,6,CV Varun,0,0.025936226150732097
1254096,1,1,7,CV Varun,0,0.034001318644301434
1254096,1,2,1,SP Narine,0,0.09136402242705613
1254096,1,2,2,SP Narine,0,0.09031687447244718
1254096,1,2,3,SP Narine,1,0.7036039717547952
1254096,1,2,4,SP Narine,1,0.5936773016738011
1254096,1,2,5,SP Narine,1,0.5126058182366933
1254096,1,2,6,SP Narine,1,0.5827025684081837
1254096,1,3,1,CV Varun,1,0.24003413665132808
1254096,1,3,2,CV Varun,1,0.5005585794106933
1254096,1,3,3,CV Varun,1,0.4597339910317954
1254096,1,3,4,CV Varun,1,0.4672382589831524
1254096,1,3,5,CV Varun,1,0.39929069401502243
1254096,1,3,6,CV Varun,1,0.31409635853538237
1254096,1,4,1,LH Ferguson,0,0.12432557661433756
1254096,1,4,2,LH Ferguson,0,0.015869716028333557
1254096,1,4,3,LH Ferguson,0,0.03690204189769463
1254096,1,4,4,LH Ferguson,0,0.15161158034569147
1254096,1,4,5,LH Ferguson,0,0.17189532509569644
1254096,1,4,6,LH Ferguson,1,0.50418023405862
1254096,1,5,1,M Prasidh Krishna,0,0.11397443144627552
1254096,1,5,2,M Prasidh Krishna,0,0.017426549441410314
1254096,1,5,3,M Prasidh Krishna,1,0.7507959885108167
1254096,1,5,4,M Prasidh Krishna,0,0.5502995411584775
1254096,1,5,5,M Prasidh Krishna,1,0.6283184912542514
1254096,1,5,6,M Prasidh Krishna,1,0.860057658009942
1254096,1,5,7,M Prasidh Krishna,1,0.842463011234874
1254096,2,0,1,TA Boult,0,0.0003409665659838713
1254096,2,0,2,TA Boult,1,0.9768100600265945
1254096,2,0,3,TA Boult,1,0.7674859420497685
1254096,2,0,4,TA Boult,1,0.9738369393937808
1254096,2,0,5,TA Boult,1,0.8067231893718667
1254096,2,0,6,TA Boult,1,0.7794353108027472
1254096,2,1,1,AF Milne,0,0.00034588477739893643
1254096,2,1,2,AF Milne,0,0.013498731474447717
1254096,2,1,3,AF Milne,1,0.7663450066286875
1254096,2,1,4,AF Milne,1,0.9583435652157047
1254096,2,1,5,AF Milne,1,0.7404298341166995
1254096,2,1,6,AF Milne,1,0.9251739259395496
1254096,2,2,1,JJ Bumrah,1,0.9995464421550819
1254096,2,2,2,JJ Bumrah,1,0.8665736850729291
1254096,2,2,3,JJ Bumrah,0,0.6416225352825812
1254096,2,2,4,JJ Bumrah,1,0.8941264829173745
1254096,2,2,5,JJ Bumrah,1,0.715657557365765
1254096,2,2,6,JJ Bumrah,0,0.640668820937071
1254096,2,3,1,TA Boult,1,0.6658594033668912
1254096,2,3,2,TA Boult,1,0.6594033602621657
1254096,2,3,3,TA Boult,0,0.48505238150125773
1254096,2,3,4,TA Boult,0,0.5183299628824986
1254096,2,3,5,TA Boult,1,0.5540585117653142
1254096,2,4,1,KH Pandya,0,0.06697850635733195
1254096,2,4,2,KH Pandya,0,0.07026545660025676
1254096,2,4,3,KH Pandya,0,0.04077143394415984
1254096,2,4,4,KH Pandya,0,0.03939396190445467
1254096,2,4,5,KH Pandya,0,0.036005394479282624
1254096,2,4,6,KH Pandya,0,0.024293919913566362
1254096,2,5,1,AF Milne,1,0.8553108490413628
1254096,2,5,2,AF Milne,1,0.9450864080559548
1254096,2,5,3,AF Milne,1,0.8524138701765493
1254096,2,5,4,AF Milne,1,0.88397023960396
1254096,2,5,5,AF Milne,1,0.8539411746115539
1254096,2,5,6,AF Milne,1,0.7998021292406698
1254096,2,5,7,AF Milne,1,0.812309900759016
1254098,1,0,1,DL Chahar,0,0.05640486474898016
1254098,1,0,2,DL Chahar,0,0.045726903313651805
1254098,1,0,3,DL Chahar,1,0.6541060410626525
1254098,1,0,4,DL Chahar,1,0.9135851579652267
1254098,1,0,5,DL Chahar,1,0.621074161015073
1254098,1,0,6,DL Chahar,1,0.5336231778888048
1254098,1,1,1,SM Curran,0,0.0010228855073473326
1254098,1,1,2,SM Curran,0,0.015629869519886642
1254098,1,1,3,SM Curran,0,0.0168562406915049
1254098,1,1,4,SM Curran,0,0.036581311005484896
1254098,1,1,5,SM Curran,0,0.04937203849659114
1254098,1,1,6,SM Curran,0,0.4783629671203416
1254098,1,1,7,SM Curran,0,0.5090505032367286
1254098,1,2,1,DL Chahar,1,0.47619073595704864
1254098,1,2,2,DL Chahar,1,0.49241244730733974
1254098,1,2,3,DL Chahar,1,0.5191958233422918
1254098,1,2,4,DL Chahar,0,0.5479014416740774
1254098,1,2,5,DL Chahar,0,0.5191019376768783
1254098,1,2,6,DL Chahar,1,0.48462612287274853
1254098,1,3,1,SM Curran,0,0.36492241617830207
1254098,1,3,2,SM Curran,0,0.4741051563692384
1254098,1,3,3,SM Curran,0,0.5121362818856902
1254098,1,3,4,SM Curran,0,0.5121362818856902
1254098,1,3,5,SM Curran,0,0.5029403634111809
1254098,1,3,6,SM Curran,0,0.4778782563427439
1254098,1,3,7,SM Curran,0,0.40810288599077954
1254098,1,4,1,JR Hazlewood,0,0.06585835265128283
1254098,1,4,2,JR Hazlewood,1,0.9362133307763796
1254098,1,4,3,JR Hazlewood,1,0.5595965496540568
1254098,1,4,4,JR Hazlewood,1,0.8840243822307886
1254098,1,4,5,JR Hazlewood,1,0.6053228055244113
1254098,1,4,6,JR Hazlewood,1,0.5962164513308469
1254098,1,5,1,SN Thakur,0,0.0005808918689080303
1254098,1,5,2,SN Thakur,0,0.0005574909764359794
1254098,1,5,3,SN Thakur,0,0.0005480758567598874
1254098,1,5,4,SN Thakur,0,0.0005579252227313661
1254098,1,5,5,SN Thakur,0,0.0005579252227313661
1254098,1,5,6,SN Thakur,0,0.0005770730542682366
1254098,2,0,1,M Prasidh Krishna,0,0.00035539915181822336
1254098,2,0,2,M Prasidh Krishna,0,0.0003543091727364944
1254098,2,0,3,M Prasidh Krishna,0,0.4331017572357232
1254098,2,0,4,M Prasidh Krishna,0,0.27790913678440066
1254098,2,0,5,M Prasidh Krishna,0,0.27971413994492245
1254098,2,0,6,M Prasidh Krishna,0,0.14710866664061398
1254098,2,1,1,LH Ferguson,0,0.034578937863747335
1254098,2,1,2,LH Ferguson,0,0.04192326241355501
1254098,2,1,3,LH Ferguson,0,0.06942933380829663
1254098,2,1,4,LH Ferguson,0,0.08931461832883078
1254098,2,1,5,LH Ferguson,0,0.03856529347687556
1254098,2,1,6,LH Ferguson,0,0.0291964062292066
1254098,2,2,1,M Prasidh Krishna,0,0.4717347227206606
1254098,2,2,2,M Prasidh Krishna,0,0.3713586154479595
1254098,2,2,3,M Prasidh Krishna,0,0.487328935382007
1254098,2,2,4,M Prasidh Krishna,0,0.45768789019242506
1254098,2,2,5,M Prasidh Krishna,0,0.47588493085603994
1254098,2,2,6,M Prasidh Krishna,0,0.4628293160158048
1254098,2,3,1,CV Varun,0,0.000553602654153163
1254098,2,3,2,CV Varun,0,0.012858795144933134
1254098,2,3,3,CV Varun,1,0.5939125931070355
1254098,2,3,4,CV Varun,1,0.8763860644514332
1254098,2,3,5,CV Varun,1,0.6088031884187157
1254098,2,3,6,CV Varun,1,0.5823639402817029
1254098,2,4,1,SP Narine,0,0.0666211930979997
1254098,2,4,2,SP Narine,1,0.9773891205918811
1254098,2,4,3,SP Narine,1,0.6948870760564266
1254098,2,4,4,SP Narine,1,0.9730493439683631
1254098,2,4,5,SP Narine,1,0.7912329977686202
1254098,2,4,6,SP Narine,1,0.755983684170828
1254098,2,5,1,LH Ferguson,0,0.32392207689302777
1254098,2,5,2,LH Ferguson,0,0.35420563935888566
1254098,2,5,3,LH Ferguson,0,0.28255494187064156
1254098,2,5,4,LH Ferguson,1,0.5992782271954973
1254098,2,5,5,LH Ferguson,0,0.5812985750430617
1254098,2,5,6,LH Ferguson,0,0.5379912206386116
1254102,1,0,1,FA Allen,1,0.9992269921190571
1254102,1,0,2,FA Allen,1,0.8912140984518215
1254102,1,0,3,FA Allen,0,0.49916228300292814
1254102,1,0,4,FA Allen,0,0.3967653590574015
1254102,1,0,5,FA Allen,0,0.26262356321255065
1254102,1,0,6,FA Allen,1,0.7344112331288695
1254102,1,1,1,Mohammed Shami,0,0.013589261631498342
1254102,1,1,2,Mohammed Shami,0,0.0026183482679509973
1254102,1,1,3,Mohammed Shami,0,0.0032926977431579794
1254102,1,1,4,Mohammed Shami,0,0.0024061130438866865
1254102,1,1,5,Mohammed Shami,1,0.23181712285375874
1254102,1,1,6,Mohammed Shami,1,0.2341768883748432
1254102,1,2,1,Arshdeep Singh,0,0.00031550024873393414
1254102,1,2,2,Arshdeep Singh,0,0.011109629062639558
1254102,1,2,3,Arshdeep Singh,0,0.0019469272728868034
1254102,1,2,4,Arshdeep Singh,0,0.01105772570289812
1254102,1,2,5,Arshdeep Singh,0,0.0030066540752005403
1254102,1,2,6,Arshdeep Singh,0,0.021105424369225356
1254102,1,2,7,Arshdeep Singh,0,0.007771639857723357
1254102,1,2,8,Arshdeep Singh,0,0.026373248706118416
1254102,1,3,1,Mohammed Shami,1,0.15097401142496258
1254102,1,3,2,Mohammed Shami,1,0.13387348781898867
1254102,1,3,3,Mohammed Shami,1,0.11113145480645586
1254102,1,3,4,Mohammed Shami,1,0.11522773760843384
1254102,1,3,5,Mohammed Shami,0,0.07858495598489171
1254102,1,3,6,Mohammed Shami,1,0.24839457724985214
1254102,1,4,1,Arshdeep Singh,0,0.020215617521760123
1254102,1,4,2,Arshdeep Singh,0,0.008841145857951845
1254102,1,4,3,Arshdeep Singh,0,0.16314725000680172
1254102,1,4,4,Arshdeep Singh,0,0.17243361905666593
1254102,1,4,5,Arshdeep Singh,0,0.16884541437959552
1254102,1,4,6,Arshdeep Singh,0,0.15613334024464662
1254102,1,5,1,NT Ellis,0,0.00038254763545723746
1254102,1,5,2,NT Ellis,1,0.8803944947761865
1254102,1,5,3,NT Ellis,1,0.9202868984262397
1254102,1,5,4,NT Ellis,1,0.8811074581902739
1254102,1,5,5,NT Ellis,0,0.7588860052492232
1254102,1,5,6,NT Ellis,0,0.747332461410893
1254102,2,0,1,TG Southee,0,0.04308791870757233
1254102,2,0,2,TG Southee,0,0.010233324154435947
1254102,2,0,3,TG Southee,0,0.014962957247642544
1254102,2,0,4,TG Southee,0,0.02089402633270285
1254102,2,0,5,TG Southee,0,0.2902119246370156
1254102,2,0,6,TG Southee,0,0.30179644027555474
1254102,2,1,1,Shivam Mavi,0,0.0006787451598007146
1254102,2,1,2,Shivam Mavi,0,0.0006928838853103703
1254102,2,1,3,Shivam Mavi,0,0.0007020876402883013
1254102,2,1,4,Shivam Mavi,0,0.0007020876402883013
1254102,2,1,5,Shivam Mavi,0,0.10903501446653288
1254102,2,1,6,Shivam Mavi,0,0.16277365583258088
1254102,2,2,1,TG Southee,0,0.22626247595959498
1254102,2,2,2,TG Southee,0,0.23639955917536754
1254102,2,2,3,TG Southee,0,0.3462515091690735
1254102,2,2,4,TG Southee,0,0.34710084165395255
1254102,2,2,5,TG Southee,1,0.5906407520317095
1254102,2,2,6,TG Southee,0,0.46789925816944233
1254102,2,3,1,Shivam Mavi,0,0.057975160630656455
1254102,2,3,2,Shivam Mavi,0,0.04104710910498531
1254102,2,3,3,Shivam Mavi,0,0.07749383004260992
1254102,2,3,4,Shivam Mavi,0,0.06328605694574158
1254102,2,3,5,Shivam Mavi,0,0.04020499358866436
1254102,2,3,6,Shivam Mavi,0,0.1921519398248845
1254102,2,4,1,CV Varun,0,0.07814823668858538
1254102,2,4,2,CV Varun,0,0.024303746081179457
1254102,2,4,3,CV Varun,0,0.008047752524306633
1254102,2,4,4,CV Varun,0,0.00410512305328066
1254102,2,4,5,CV Varun,0,0.015143539251097233
1254102,2,4,6,CV Varun,0,0.02597260403646814
1254102,2,5,1,SP Narine,0,0.08623851603091279
1254102,2,5,2,SP Narine,1,0.9661963389190992
1254102,2,5,3,SP Narine,1,0.9190400268892123
1254102,2,5,4,SP Narine,1,0.8476790557445115
1254102,2,5,5,SP Narine,1,0.5890614508956509
1254102,2,5,6,SP Narine,1,0.6080240226234069
1254105,1,0,1,A Nortje,0,0.0003535856881947637
1254105,1,0,2,A Nortje,0,0.00036228804839401644
1254105,1,0,3,A Nortje,0,0.00044419583874614105
1254105,1,0,4,A Nortje,1,0.005047776193438582
1254105,1,0,5,A Nortje,0,0.003082016184810864
1254105,1,0,6,A Nortje,0,0.0015900257957677892
1254105,1,1,1,Avesh Khan,0,0.0003147259707464858
1254105,1,1,2,Avesh Khan,0,0.003172693362534097
1254105,1,1,3,Avesh Khan,0,0.007335146721222091
1254105,1,1,4,Avesh Khan,0,0.0035379040392527735
1254105,1,1,5,Avesh Khan,1,0.38052105463766955
1254105,1,1,6,Avesh Khan,0,0.32171079583881573
1254105,1,2,1,A Nortje,0,0.002442565171813059
1254105,1,2,2,A Nortje,1,0.005010345086285402
1254105,1,2,3,A Nortje,0,0.0029574134067488138
1254105,1,2,4,A Nortje,1,0.005037464418118594
1254105,1,2,5,A Nortje,0,0.003069558979834709
1254105,1,2,6,A Nortje,0,0.002933157866526801
1254105,1,3,1,AR Patel,1,0.9993248331714141
1254105,1,3,2,AR Patel,1,0.9624712179529883
1254105,1,3,3,AR Patel,1,0.7518659139844184
1254105,1,3,4,AR Patel,1,0.580294130037797
1254105,1,3,5,AR Patel,1,0.40963641208630497
1254105,1,3,6,AR Patel,1,0.4004196020072053
1254105,1,4,1,K Rabada,1,0.9993049962608315
1254105,1,4,2,K Rabada,1,0.9829148017188846
1254105,1,4,3,K Rabada,1,0.8700846203161869
1254105,1,4,4,K Rabada,0,0.5752207665369417
1254105,1,4,5,K Rabada,0,0.3504239586616762
1254105,1,4,6,K Rabada,0,0.3838429936569268
1254105,1,5,1,Avesh Khan,0,0.11864293802838712
1254105,1,5,2,Avesh Khan,0,0.2660249739286432
1254105,1,5,3,Avesh Khan,0,0.23136445676597414
1254105,1,5,4,Avesh Khan,0,0.14265204136710966
1254105,1,5,5,Avesh Khan,0,0.10365689216602525
1254105,1,5,6,Avesh Khan,0,0.06423104538176062
1254105,2,0,1,KK Ahmed,0,0.04042854579197276
1254105,2,0,2,KK Ahmed,0,0.008364157692488087
1254105,2,0,3,KK Ahmed,0,0.0024821093597932145
1254105,2,0,4,KK Ahmed,0,0.008841066857572149
1254105,2,0,5,KK Ahmed,0,0.003674887338450782
1254105,2,0,6,KK Ahmed,0,0.01255739169881214
1254105,2,1,1,B Kumar,0,0.00039847232575261404
1254105,2,1,2,B Kumar,1,0.9186796419165661
1254105,2,1,3,B Kumar,1,0.5956354600103264
1254105,2,1,4,B Kumar,1,0.9192907999501703
1254105,2,1,5,B Kumar,1,0.7384599467660184
1254105,2,1,6,B Kumar,1,0.5797772055528323
1254105,2,2,1,KK Ahmed,0,0.2025405747838927
1254105,2,2,2,KK Ahmed,0,0.1889666397681447
1254105,2,2,3,KK Ahmed,0,0.4575791180269222
1254105,2,2,4,KK Ahmed,0,0.4002480319973372
1254105,2,2,5,KK Ahmed,0,0.35845185965514964
1254105,2,2,6,KK Ahmed,0,0.3291775972493938
1254105,2,3,1,JO Holder,0,0.028543756587352236
1254105,2,3,2,JO Holder,0,0.033917865315664854
1254105,2,3,3,JO Holder,0,0.03650665897219815
1254105,2,3,4,JO Holder,1,0.7243809702600065
1254105,2,3,5,JO Holder,0,0.4801117304868649
1254105,2,3,6,JO Holder,0,0.38117550905743863
1254105,2,4,1,B Kumar,0,0.42151929917464603
1254105,2,4,2,B Kumar,0,0.3918664470362993
1254105,2,4,3,B Kumar,0,0.21586704114898966
1254105,2,4,4,B Kumar,0,0.20085973732517304
1254105,2,4,5,B Kumar,0,0.10328923846181966
1254105,2,4,6,B Kumar,0,0.15570330524131273
1254105,2,5,1,Rashid Khan,0,0.05950811217791884
1254105,2,5,2,Rashid Khan,0,0.06635934805323748
1254105,2,5,3,Rashid Khan,1,0.9612505041115617
1254105,2,5,4,Rashid Khan,1,0.8961457595797541
1254105,2,5,5,Rashid Khan,1,0.7216805944896633
1254105,2,5,6,Rashid Khan,1,0.6197210947170237
1254112,1,0,1,A Nortje,1,0.9997157949810791
1254112,1,0,2,A Nortje,1,0.9545509145233088
1254112,1,0,3,A Nortje,1,0.6775431324358656
1254112,1,0,4,A Nortje,1,0.7603005882415783
1254112,1,0,5,A Nortje,1,0.6302558784511568
1254112,1,0,6,A Nortje,1,0.4025364088343114
1254112,1,1,1,Avesh Khan,0,0.00036420056214708075
1254112,1,1,2,Avesh Khan,0,0.00038031548961885977
1254112,1,1,3,Avesh Khan,0,0.0003738914575758797
1254112,1,1,4,Avesh Khan,0,0.0011400513844867304
1254112,1,1,5,Avesh Khan,0,0.0008876624719950076
1254112,1,1,6,Avesh Khan,0,0.000606976348464912
1254112,1,1,7,Avesh Khan,1,0.10654396759343515
1254112,1,2,1,R Ashwin,0,0.06458084425188051
1254112,1,2,2,R Ashwin,0,0.07023665589046096
1254112,1,2,3,R Ashwin,0,0.011480342232836113
1254112,1,2,4,R Ashwin,1,0.888259560765496
1254112,1,2,5,R Ashwin,0,0.7884905894446074
1254112,1,2,6,R Ashwin,0,0.6975971361897404
1254112,1,3,1,Avesh Khan,1,0.03699110175942126
1254112,1,3,2,Avesh Khan,1,0.024604234238106322
1254112,1,3,3,Avesh Khan,0,0.013851960819228282
1254112,1,3,4,Avesh Khan,0,0.023603625482506156
1254112,1,3,5,Avesh Khan,0,0.015100202872645678
1254112,1,3,6,Avesh Khan,0,0.026644380792356478
1254112,1,4,1,K Rabada,1,0.9997014779656191
1254112,1,4,2,K Rabada,1,0.9894233346794016
1254112,1,4,3,K Rabada,1,0.9636212864809207
1254112,1,4,4,K Rabada,1,0.8840562349146198
1254112,1,4,5,K Rabada,1,0.78722669490893
1254112,1,4,6,K Rabada,1,0.7157815968269657
1254112,1,5,1,A Nortje,1,0.37680094054078583
1254112,1,5,2,A Nortje,1,0.3735172863260518
1254112,1,5,3,A Nortje,0,0.38046077548707724
1254112,1,5,4,A Nortje,0,0.2558480104804317
1254112,1,5,5,A Nortje,0,0.2228398411198904
1254112,1,5,6,A Nortje,0,0.23570978988017596
1254112,2,0,1,TA Boult,0,0.0004630819745114565
1254112,2,0,2,TA Boult,0,0.012938855949370616
1254112,2,0,3,TA Boult,0,0.003516005669638494
1254112,2,0,4,TA Boult,0,0.013749449017893137
1254112,2,0,5,TA Boult,0,0.005009457153217266
1254112,2,0,6,TA Boult,1,0.591481687941955
1254112,2,1,1,J Yadav,0,0.0589604918072119
1254112,2,1,2,J Yadav,0,0.07067589193565954
1254112,2,1,3,J Yadav,1,0.9693951586295947
1254112,2,1,4,J Yadav,1,0.9052064858998599
1254112,2,1,5,J Yadav,1,0.7967100554456054
1254112,2,1,6,J Yadav,1,0.6675881374630922
1254112,2,2,1,KH Pandya,0,0.0003916313163632923
1254112,2,2,2,KH Pandya,0,0.009709376773068662
1254112,2,2,3,KH Pandya,0,0.002632155045197336
1254112,2,2,4,KH Pandya,0,0.0012647446107928925
1254112,2,2,5,KH Pandya,0,0.0008693632259578857
1254112,2,2,6,KH Pandya,0,0.5678847274718926
1254112,2,3,1,JJ Bumrah,0,0.0004422382827018576
1254112,2,3,2,JJ Bumrah,0,0.008335916407443756
1254112,2,3,3,JJ Bumrah,0,0.015382755490315732
1254112,2,3,4,JJ Bumrah,1,0.8972511804824073
1254112,2,3,5,JJ Bumrah,1,0.7834489475756888
1254112,2,3,6,JJ Bumrah,1,0.7635615759919517
1254112,2,4,1,NM Coulter-Nile,0,0.0004729632959972715
1254112,2,4,2,NM Coulter-Nile,0,0.00620533050596491
1254112,2,4,3,NM Coulter-Nile,0,0.0019809899684875747
1254112,2,4,4,NM Coulter-Nile,1,0.7331034545596271
1254112,2,4,5,NM Coulter-Nile,1,0.47061727584884744
1254112,2,4,6,NM Coulter-Nile,1,0.2048763210191771
1254112,2,5,1,JJ Bumrah,0,0.6791916579305963
1254112,2,5,2,JJ Bumrah,0,0.6269315535115183
1254112,2,5,3,JJ Bumrah,0,0.6479385818156183
1254112,2,5,4,JJ Bumrah,1,0.8018122688401311
1254112,2,5,5,JJ Bumrah,1,0.7623053391304923
1254112,2,5,6,JJ Bumrah,1,0.8323638576264442
1254113,1,0,1,DL Chahar,1,0.9994682062837796
1254113,1,0,2,DL Chahar,1,0.9994543767140485
1254113,1,0,3,DL Chahar,1,0.9910805951425853
1254113,1,0,4,DL Chahar,1,0.9209829910741046
1254113,1,0,5,DL Chahar,1,0.8300432865835257
1254113,1,0,6,DL Chahar,1,0.9045132727369398
1254113,1,1,1,JR Hazlewood,0,0.0002571244121524517
1254113,1,1,2,JR Hazlewood,0,0.012838700608526838
1254113,1,1,3,JR Hazlewood,0,0.020857144640357206
1254113,1,1,4,JR Hazlewood,0,0.08048956143065127
1254113,1,1,5,JR Hazlewood,0,0.05516786053406314
1254113,1,1,6,JR Hazlewood,0,0.06783458300787726
1254113,1,2,1,DL Chahar,1,0.8832546836744308
1254113,1,2,2,DL Chahar,1,0.7761615011061211
1254113,1,2,3,DL Chahar,1,0.880043965281965
1254113,1,2,4,DL Chahar,1,0.7972406519990377
1254113,1,2,5,DL Chahar,1,0.8811116726733371
1254113,1,2,6,DL Chahar,1,0.8364994454779817
1254113,1,3,1,JR Hazlewood,0,0.0332031033141938
1254113,1,3,2,JR Hazlewood,0,0.48471625091701365
1254113,1,3,3,JR Hazlewood,0,0.3952779159020686
1254113,1,3,4,JR Hazlewood,0,0.416176989001445
1254113,1,3,5,JR Hazlewood,0,0.37156341272381316
1254113,1,3,6,JR Hazlewood,0,0.36386495151791187
1254113,1,4,1,SN Thakur,0,0.00026254075902728456
1254113,1,4,2,SN Thakur,0,0.008866185661512854
1254113,1,4,3,SN Thakur,0,0.015118675141007823
1254113,1,4,4,SN Thakur,1,0.8159647029073576
1254113,1,4,5,SN Thakur,1,0.705761333604544
1254113,1,4,6,SN Thakur,1,0.7134099054512516
1254113,1,5,1,JR Hazlewood,0,0.49289876547468264
1254113,1,5,2,JR Hazlewood,0,0.4562342258802931
1254113,1,5,3,JR Hazlewood,0,0.49042216221707013
1254113,1,5,4,JR Hazlewood,0,0.5665848085304513
1254113,1,5,5,JR Hazlewood,0,0.5818978277753857
1254113,1,5,6,JR Hazlewood,0,0.551802014554392
1254113,1,5,7,JR Hazlewood,0,0.6061308619219862
1254113,2,0,1,Mohammed Siraj,0,0.045218008177407155
1254113,2,0,2,Mohammed Siraj,0,0.012291619137800582
1254113,2,0,3,Mohammed Siraj,0,0.02133307510108445
1254113,2,0,4,Mohammed Siraj,1,0.7124155610551417
1254113,2,0,5,Mohammed Siraj,1,0.5487786386242366
1254113,2,0,6,Mohammed Siraj,1,0.5407469369816511
1254113,2,1,1,Navdeep Saini,0,0.0003938601139351944
1254113,2,1,2,Navdeep Saini,1,0.9883906659852484
1254113,2,1,3,Navdeep Saini,0,0.9050237438564436
1254113,2,1,4,Navdeep Saini,0,0.765227575403935
1254113,2,1,5,Navdeep Saini,0,0.6591223360301789
1254113,2,1,6,Navdeep Saini,0,0.6266180739143102
1254113,2,2,1,Mohammed Siraj,0,0.4355617807331055
1254113,2,2,2,Mohammed Siraj,0,0.37903740412987286
1254113,2,2,3,Mohammed Siraj,0,0.3976061890775535
1254113,2,2,4,Mohammed Siraj,0,0.40096791857563757
1254113,2,2,5,Mohammed Siraj,0,0.4128874830025129
1254113,2,2,6,Mohammed Siraj,0,0.4119606299058139
1254113,2,3,1,PWH de Silva,1,0.9995785818090616
1254113,2,3,2,PWH de Silva,1,0.9679073673818469
1254113,2,3,3,PWH de Silva,1,0.8082856279880452
1254113,2,3,4,PWH de Silva,0,0.6860151951287542
1254113,2,3,5,PWH de Silva,0,0.4300441016671349
1254113,2,3,6,PWH de Silva,1,0.8796268641541691
1254113,2,4,1,HV Patel,0,0.042043168132596134
1254113,2,4,2,HV Patel,0,0.04692594999199138
1254113,2,4,3,HV Patel,1,0.9858309426764813
1254113,2,4,4,HV Patel,1,0.9215619283133734
1254113,2,4,5,HV Patel,1,0.7665827444091813
1254113,2,4,6,HV Patel,1,0.5478704730066308
1254113,2,4,7,HV Patel,1,0.5687169828927734
1254113,2,5,1,Navdeep Saini,0,0.8206944872127554
1254113,2,5,2,Navdeep Saini,0,0.7384388113532776
1254113,2,5,3,Navdeep Saini,1,0.8630985494186978
1254113,2,5,4,Navdeep Saini,0,0.8166333469386602
1254113,2,5,5,Navdeep Saini,0,0.7632364640769154
1304048,1,0,1,SN Thakur,0,0.00032334857539262135
1304048,1,0,2,SN Thakur,0,0.00034422731591134446
1304048,1,0,3,SN Thakur,0,0.3213622590635429
1304048,1,0,4,SN Thakur,0,0.15003832228164396
1304048,1,0,5,SN Thakur,0,0.07444093843706788
1304048,1,0,6,SN Thakur,0,0.570232460242726
1304048,1,1,1,KK Ahmed,0,0.014626825739200308
1304048,1,1,2,KK Ahmed,0,0.005883438480488409
1304048,1,1,3,KK Ahmed,0,0.0011872417684878431
1304048,1,1,4,KK Ahmed,0,0.006801672282226496
1304048,1,1,5,KK Ahmed,0,0.21058512261340254
1304048,1,1,6,KK Ahmed,0,0.14013945654565507
1304048,1,2,1,SN Thakur,0,0.346766702494752
1304048,1,2,2,SN Thakur,0,0.22580538271559586
1304048,1,2,3,SN Thakur,0,0.23842259199684934
1304048,1,2,4,SN Thakur,0,0.22658870331233474
1304048,1,2,5,SN Thakur,0,0.16999618257555718
1304048,1,2,6,SN Thakur,0,0.355822241321516
1304048,1,3,1,AR Patel,0,0.019152979575976427
1304048,1,3,2,AR Patel,0,0.025286854919390134
1304048,1,3,3,AR Patel,0,0.026207545954201387
1304048,1,3,4,AR Patel,0,0.019231051698017764
1304048,1,3,5,AR Patel,0,0.36510626908507643
1304048,1,3,6,AR Patel,0,0.21223401431567437
1304048,1,4,1,KL Nagarkoti,1,0.9996257382466018
1304048,1,4,2,KL Nagarkoti,0,0.8902851538127949
1304048,1,4,3,KL Nagarkoti,1,0.9900895052539488
1304048,1,4,4,KL Nagarkoti,1,0.9917023805143788
1304048,1,4,5,KL Nagarkoti,1,0.9646118548605713
1304048,1,4,6,KL Nagarkoti,0,0.8859836901396422
1304048,1,4,7,KL Nagarkoti,1,0.947758927098562
1304048,1,5,1,KK Ahmed,0,0.08915281980858186
1304048,1,5,2,KK Ahmed,0,0.05998375225093725
1304048,1,5,3,KK Ahmed,0,0.04836053732662345
1304048,1,5,4,KK Ahmed,0,0.04168736677407014
1304048,1,5,5,KK Ahmed,0,0.1188065839588215
1304048,1,5,6,KK Ahmed,0,0.12859624065716696
1304048,2,0,1,DR Sams,0,0.00017021369932751954
1304048,2,0,2,DR Sams,0,0.0001841638036624712
1304048,2,0,3,DR Sams,0,0.0020269533140909166
1304048,2,0,4,DR Sams,0,0.009183109635181205
1304048,2,0,5,DR Sams,0,0.4788159830265761
1304048,2,0,6,DR Sams,0,0.76577844463031
1304048,2,0,7,DR Sams,0,0.7885794693322227
1304048,2,0,8,DR Sams,0,0.7204766566138217
1304048,2,1,1,JJ Bumrah,0,0.0001611163934570754
1304048,2,1,2,JJ Bumrah,0,0.0001743210452227233
1304048,2,1,3,JJ Bumrah,0,0.3841706403145671
1304048,2,1,4,JJ Bumrah,0,0.1912006939406946
1304048,2,1,5,JJ Bumrah,0,0.5030982026071207
1304048,2,1,6,JJ Bumrah,0,0.459101698883566
1304048,2,2,1,Basil Thampi,0,0.00015758911498964516
1304048,2,2,2,Basil Thampi,0,0.015937521813178278
1304048,2,2,3,Basil Thampi,0,0.011902408321538443
1304048,2,2,4,Basil Thampi,1,0.7112514170794141
1304048,2,2,5,Basil Thampi,1,0.45413482873315403
1304048,2,2,6,Basil Thampi,1,0.32273218006232196
1304048,2,3,1,M Ashwin,0,0.0001817531962754967
1304048,2,3,2,M Ashwin,0,0.0001956674059482373
1304048,2,3,3,M Ashwin,0,0.0001890429475589225
1304048,2,3,4,M Ashwin,0,0.0001946407564252244
1304048,2,3,5,M Ashwin,0,0.00019540198069477395
1304048,2,3,6,M Ashwin,0,0.00028142641389947295
1304048,2,4,1,TS Mills,0,0.0006084192898699205
1304048,2,4,2,TS Mills,0,0.01597360457783505
1304048,2,4,3,TS Mills,0,0.02232614210084601
1304048,2,4,4,TS Mills,1,0.8930540642662542
1304048,2,4,5,TS Mills,1,0.710905350985658
1304048,2,4,6,TS Mills,1,0.5230748386382278
1304048,2,4,7,TS Mills,1,0.38846028304396846
1304048,2,5,1,M Ashwin,0,0.00032036687683646226
1304048,2,5,2,M Ashwin,0,0.0012377696341885746
1304048,2,5,3,M Ashwin,0,0.000714278992164258
1304048,2,5,4,M Ashwin,0,0.000714278992164258
1304048,2,5,5,M Ashwin,0,0.0026862213498709503
1304048,2,5,6,M Ashwin,1,0.053262278856127054
1304049,1,0,1,Sandeep Sharma,0,0.0003087001121250638
1304049,1,0,2,Sandeep Sharma,0,0.0003243248747432256
1304049,1,0,3,Sandeep Sharma,0,0.0003294863013449402
1304049,1,0,4,Sandeep Sharma,0,0.0003294863013449402
1304049,1,0,5,Sandeep Sharma,0,0.002593639526915398
1304049,1,0,6,Sandeep Sharma,0,0.0005166243295733385
1304049,1,1,1,Arshdeep Singh,0,0.002155322179358354
1304049,1,1,2,Arshdeep Singh,0,0.02026877968149438
1304049,1,1,3,Arshdeep Singh,0,0.022558043348306474
1304049,1,1,4,Arshdeep Singh,0,0.019808029432351743
1304049,1,1,5,Arshdeep Singh,0,0.016339953066291477
1304049,1,1,6,Arshdeep Singh,0,0.01830388170708917
1304049,1,1,7,Arshdeep Singh,0,0.01669137056991286
1304049,1,1,8,Arshdeep Singh,0,0.017546077585992807
1304049,1,2,1,Sandeep Sharma,0,0.0002747646275139482
1304049,1,2,2,Sandeep Sharma,0,0.09215940349575635
1304049,1,2,3,Sandeep Sharma,0,0.1144147158808599
1304049,1,2,4,Sandeep Sharma,0,0.30851805351592076
1304049,1,2,5,Sandeep Sharma,0,0.24576970519168148
1304049,1,2,6,Sandeep Sharma,0,0.23837548239723888
1304049,1,3,1,OF Smith,0,0.01102136076466387
1304049,1,3,2,OF Smith,0,0.007393638617492618
1304049,1,3,3,OF Smith,0,0.012207059730214685
1304049,1,3,4,OF Smith,0,0.008284826716448004
1304049,1,3,5,OF Smith,0,0.004216228564544821
1304049,1,3,6,OF Smith,0,0.0029884579551627843
1304049,1,4,1,Arshdeep Singh,0,0.02596832790330547
1304049,1,4,2,Arshdeep Singh,0,0.02203591566325018
1304049,1,4,3,Arshdeep Singh,0,0.02686413026063122
1304049,1,4,4,Arshdeep Singh,0,0.025679172783296234
1304049,1,4,5,Arshdeep Singh,0,0.03268879934743669
1304049,1,4,6,Arshdeep Singh,0,0.032689686257349616
1304049,1,4,7,Arshdeep Singh,0,0.03165296073552616
1304049,1,5,1,OF Smith,0,0.003443529544281543
1304049,1,5,2,OF Smith,0,0.0023991870812552947
1304049,1,5,3,OF Smith,0,0.0016363278408827186
1304049,1,5,4,OF Smith,0,0.008944836338930642
1304049,1,5,5,OF Smith,0,0.10513792909303174
1304049,1,5,6,OF Smith,0,0.2072879759739735
1304049,2,0,1,DJ Willey,0,0.044839269861084496
1304049,2,0,2,DJ Willey,0,0.02026531613254204
1304049,2,0,3,DJ Willey,0,0.0046468795666055485
1304049,2,0,4,DJ Willey,0,0.023935692116836223
1304049,2,0,5,DJ Willey,0,0.051958627540996165
1304049,2,0,6,DJ Willey,0,0.44346440318283725
1304049,2,1,1,Mohammed Siraj,0,0.0003411467886480375
1304049,2,1,2,Mohammed Siraj,0,0.0003505697585091164
1304049,2,1,3,Mohammed Siraj,0,0.044758677330667254
1304049,2,1,4,Mohammed Siraj,0,0.04277228014463771
1304049,2,1,5,Mohammed Siraj,0,0.03752950479232026
1304049,2,1,6,Mohammed Siraj,0,0.6793767891290065
1304049,2,1,7,Mohammed Siraj,0,0.6445585835289781
1304049,2,1,8,Mohammed Siraj,0,0.6998742269879437
1304049,2,2,1,DJ Willey,0,0.26597201977082524
1304049,2,2,2,DJ Willey,0,0.28013472166031816
1304049,2,2,3,DJ Willey,0,0.3595319773725686
1304049,2,2,4,DJ Willey,0,0.3898809939713274
1304049,2,2,5,DJ Willey,0,0.3850543600172444
1304049,2,2,6,DJ Willey,0,0.357013951448202
1304049,2,3,1,Mohammed Siraj,0,0.4941204037886393
1304049,2,3,2,Mohammed Siraj,0,0.5194663672613459
1304049,2,3,3,Mohammed Siraj,0,0.7047678336743438
1304049,2,3,4,Mohammed Siraj,0,0.5613615866649269
1304049,2,3,5,Mohammed Siraj,0,0.8595649576783717
1304049,2,3,6,Mohammed Siraj,0,0.7897987510462591
1304049,2,4,1,DJ Willey,0,0.5171562530853508
1304049,2,4,2,DJ Willey,0,0.46733533022810325
1304049,2,4,3,DJ Willey,0,0.5756707247191045
1304049,2,4,4,DJ Willey,0,0.5982464466529863
1304049,2,4,5,DJ Willey,0,0.5068345776204571
1304049,2,5,1,Shahbaz Ahmed,0,0.04756378004967777
1304049,2,5,2,Shahbaz Ahmed,1,0.9659060073347497
1304049,2,5,3,Shahbaz Ahmed,1,0.7969361320334248
1304049,2,5,4,Shahbaz Ahmed,1,0.6756635314898594
1304049,2,5,5,Shahbaz Ahmed,1,0.4156429369900386
1304051,1,0,1,B Kumar,0,0.00014283226914584745
1304051,1,0,2,B Kumar,0,0.00014895583538711055
1304051,1,0,3,B Kumar,0,0.00015132679638852747
1304051,1,0,4,B Kumar,0,0.00015132679638852747
1304051,1,0,5,B Kumar,0,0.0007759556913226441
1304051,1,0,6,B Kumar,0,0.00032648081997966834
1304051,1,0,7,B Kumar,0,0.00017823122917020475
1304051,1,1,1,R Shepherd,0,0.00013081120916082247
1304051,1,1,2,R Shepherd,0,0.002907945138301377
1304051,1,1,3,R Shepherd,0,0.0032297484745429598
1304051,1,1,4,R Shepherd,0,0.0017841397043803324
1304051,1,1,5,R Shepherd,0,0.19629548200902777
1304051,1,1,6,R Shepherd,0,0.11785507408938188
1304051,1,2,1,B Kumar,0,0.001641883237116936
1304051,1,2,2,B Kumar,0,0.008158440526979172
1304051,1,2,3,B Kumar,0,0.006139816327114809
1304051,1,2,4,B Kumar,0,0.011069233982968475
1304051,1,2,5,B Kumar,0,0.07386847613873597
1304051,1,2,6,B Kumar,0,0.06154687945858412
1304051,1,2,7,B Kumar,0,0.056807348248963406
1304051,1,3,1,Umran Malik,1,0.9994299385748878
1304051,1,3,2,Umran Malik,1,0.9994979436881231
1304051,1,3,3,Umran Malik,1,0.9993430190561817
1304051,1,3,4,Umran Malik,1,0.999263910877436
1304051,1,3,5,Umran Malik,1,0.9876320778092047
1304051,1,3,6,Umran Malik,1,0.9778926436345309
1304051,1,3,7,Umran Malik,1,0.9880435081811827
1304051,1,4,1,Washington Sundar,0,0.0010375115736238163
1304051,1,4,2,Washington Sundar,0,0.04064616185266969
1304051,1,4,3,Washington Sundar,1,0.9842246680296726
1304051,1,4,4,Washington Sundar,1,0.9492255007402667
1304051,1,4,5,Washington Sundar,1,0.9785611070429457
1304051,1,4,6,Washington Sundar,1,0.9441818971701345
1304051,1,4,7,Washington Sundar,1,0.9414532038192822
1304051,1,5,1,T Natarajan,1,0.9993993128505452
1304051,1,5,2,T Natarajan,1,0.9212883059460777
1304051,1,5,3,T Natarajan,1,0.9628845440556977
1304051,1,5,4,T Natarajan,1,0.8474569386127377
1304051,1,5,5,T Natarajan,0,0.503091283181407
1304051,1,5,6,T Natarajan,0,0.2625183610895815
1304051,1,5,7,T Natarajan,0,0.21200840440183813
1304051,2,0,1,TA Boult,0,0.00030474463304213246
1304051,2,0,2,TA Boult,0,0.00032050752527669946
1304051,2,0,3,TA Boult,0,0.004198097140531531
1304051,2,0,4,TA Boult,0,0.0032468647661225993
1304051,2,0,5,TA Boult,0,0.00852574828177728
1304051,2,0,6,TA Boult,0,0.0038778097876660993
1304051,2,1,1,M Prasidh Krishna,0,0.0003107045429147227
1304051,2,1,2,M Prasidh Krishna,0,0.0003267756102521055
1304051,2,1,3,M Prasidh Krishna,0,0.0056201883090880415
1304051,2,1,4,M Prasidh Krishna,0,0.0038976781599187253
1304051,2,1,5,M Prasidh Krishna,0,0.0021979973183989263
1304051,2,1,6,M Prasidh Krishna,0,0.0006454269061862249
1304051,2,2,1,TA Boult,0,0.002094768595851305
1304051,2,2,2,TA Boult,0,0.00152596610348279
1304051,2,2,3,TA Boult,0,0.0007303652279427316
1304051,2,2,4,TA Boult,0,0.0007303652279427316
1304051,2,2,5,TA Boult,0,0.00041169502688915584
1304051,2,2,6,TA Boult,0,0.00041169502688915584
1304051,2,3,1,M Prasidh Krishna,0,0.0004467369085034401
1304051,2,3,2,M Prasidh Krishna,0,0.00038518823975334853
1304051,2,3,3,M Prasidh Krishna,0,0.00037808880218736943
1304051,2,3,4,M Prasidh Krishna,0,0.00037808880218736943
1304051,2,3,5,M Prasidh Krishna,0,0.0003849746885906114
1304051,2,3,6,M Prasidh Krishna,0,0.0003849746885906114
1304051,2,4,1,TA Boult,0,0.0022638131632686897
1304051,2,4,2,TA Boult,0,0.001440021737037977
1304051,2,4,3,TA Boult,0,0.0012708421000924446
1304051,2,4,4,TA Boult,0,0.006326601008927458
1304051,2,4,5,TA Boult,0,0.009175025862416452
1304051,2,4,6,TA Boult,0,0.010390655141566266
1304051,2,4,7,TA Boult,0,0.03689379403054739
1304051,2,5,1,M Prasidh Krishna,0,0.0005569874180772604
1304051,2,5,2,M Prasidh Krishna,0,0.0007001066938068307
1304051,2,5,3,M Prasidh Krishna,0,0.0007497484307251367
1304051,2,5,4,M Prasidh Krishna,0,0.0010963502015767907
1304051,2,5,5,M Prasidh Krishna,0,0.0013410972009466225
1304051,2,5,6,M Prasidh Krishna,0,0.0013410972009466225
1304054,1,0,1,UT Yadav,0,0.0002788207723744883
1304054,1,0,2,UT Yadav,0,0.00028463117238647525
1304054,1,0,3,UT Yadav,0,0.003983456538676994
1304054,1,0,4,UT Yadav,0,0.00948145507381963
1304054,1,0,5,UT Yadav,0,0.005093823318762691
1304054,1,0,6,UT Yadav,0,0.004053884860351255
1304054,1,1,1,TG Southee,0,0.00028424852347206715
1304054,1,1,2,TG Southee,0,0.0002901720006086513
1304054,1,1,3,TG Southee,0,0.0003026683563031553
1304054,1,1,4,TG Southee,0,0.0003026683563031553
1304054,1,1,5,TG Southee,0,0.002004029009647287
1304054,1,1,6,TG Southee,0,0.1044153588613935
1304054,1,2,1,UT Yadav,0,0.007987834353827395
1304054,1,2,2,UT Yadav,0,0.229438063287515
1304054,1,2,3,UT Yadav,0,0.16182228195877071
1304054,1,2,4,UT Yadav,1,0.39524682577396897
1304054,1,2,5,UT Yadav,1,0.39843892344876225
1304054,1,2,6,UT Yadav,1,0.35585598899093773
1304054,1,3,1,Shivam Mavi,1,0.9995067114285783
1304054,1,3,2,Shivam Mavi,1,0.999469126594193
1304054,1,3,3,Shivam Mavi,1,0.9992765056811442
1304054,1,3,4,Shivam Mavi,1,0.9991983447303062
1304054,1,3,5,Shivam Mavi,1,0.9701241166688482
1304054,1,3,6,Shivam Mavi,1,0.9798951620195024
1304054,1,4,1,CV Varun,0,0.0009365090028775099
1304054,1,4,2,CV Varun,1,0.012008715947998665
1304054,1,4,3,CV Varun,1,0.045474383922263585
1304054,1,4,4,CV Varun,1,0.027679668348859834
1304054,1,4,5,CV Varun,1,0.031083612530032424
1304054,1,4,6,CV Varun,1,0.026521749786627552
1304054,1,4,7,CV Varun,1,0.02079016720032765
1304054,1,4,8,CV Varun,1,0.020839725195530765
1304054,1,5,1,TG Southee,0,0.08927024884369844
1304054,1,5,2,TG Southee,0,0.2225312405119805
1304054,1,5,3,TG Southee,0,0.18279765314956797
1304054,1,5,4,TG Southee,1,0.2853279694022622
1304054,1,5,5,TG Southee,0,0.35028861774530073
1304054,1,5,6,TG Southee,0,0.3374968841108078
1304054,2,0,1,Arshdeep Singh,0,0.00010404360740463865
1304054,2,0,2,Arshdeep Singh,1,0.8617175269685696
1304054,2,0,3,Arshdeep Singh,0,0.33042253443725655
1304054,2,0,4,Arshdeep Singh,1,0.8589901688208812
1304054,2,0,5,Arshdeep Singh,0,0.5134396491894416
1304054,2,0,6,Arshdeep Singh,0,0.3060927160952746
1304054,2,1,1,K Rabada,0,0.004964162576803354
1304054,2,1,2,K Rabada,0,0.0013749556941836819
1304054,2,1,3,K Rabada,1,0.6037560012498333
1304054,2,1,4,K Rabada,1,0.7172155975708205
1304054,2,1,5,K Rabada,1,0.43282422133601994
1304054,2,1,6,K Rabada,0,0.15416759508371433
1304054,2,1,7,K Rabada,0,0.1499599654180613
1304054,2,2,1,Arshdeep Singh,0,0.15293012029256287
1304054,2,2,2,Arshdeep Singh,0,0.1539716008475835
1304054,2,2,3,Arshdeep Singh,0,0.14397704520918014
1304054,2,2,4,Arshdeep Singh,0,0.13385893231281568
1304054,2,2,5,Arshdeep Singh,0,0.2531319026066581
1304054,2,2,6,Arshdeep Singh,0,0.4489657873580975
1304054,2,3,1,K Rabada,0,0.05337655897920295
1304054,2,3,2,K Rabada,0,0.020343114877895703
1304054,2,3,3,K Rabada,0,0.01827422340148093
1304054,2,3,4,K Rabada,0,0.05349509919102437
1304054,2,3,5,K Rabada,0,0.18586653767184047
1304054,2,3,6,K Rabada,0,0.17683145936416564
1304054,2,4,1,OF Smith,1,0.9994926363752146
1304054,2,4,2,OF Smith,0,0.9298823976726341
1304054,2,4,3,OF Smith,0,0.6198692089376834
1304054,2,4,4,OF Smith,0,0.8766839029222268
1304054,2,4,5,OF Smith,0,0.6749169256735257
1304054,2,4,6,OF Smith,0,0.5145963731758089
1304054,2,5,1,K Rabada,1,0.3877796033536637
1304054,2,5,2,K Rabada,1,0.3700277874287905
1304054,2,5,3,K Rabada,1,0.37448696120697966
1304054,2,5,4,K Rabada,1,0.37690065283540153
1304054,2,5,5,K Rabada,1,0.3694737196088707
1304062,1,0,1,Mohammed Shami,0,0.0007036652699940772
1304062,1,0,2,Mohammed Shami,0,0.0007619948001626999
1304062,1,0,3,Mohammed Shami,0,0.0007741160749756815
1304062,1,0,4,Mohammed Shami,0,0.1745321591124068
1304062,1,0,5,Mohammed Shami,0,0.07217842777415835
1304062,1,0,6,Mohammed Shami,0,0.08742445248316773
1304062,1,1,1,HH Pandya,0,0.0004745501357953198
1304062,1,1,2,HH Pandya,1,0.8018255982006102
1304062,1,1,3,HH Pandya,0,0.26599467339462163
1304062,1,1,4,HH Pandya,0,0.2138560507279238
1304062,1,1,5,HH Pandya,0,0.1597691823225544
1304062,1,1,6,HH Pandya,0,0.13647594407817934
1304062,1,2,1,Mohammed Shami,0,0.16474742974396178
1304062,1,2,2,Mohammed Shami,0,0.1411283819819068
1304062,1,2,3,Mohammed Shami,0,0.15242109227192188
1304062,1,2,4,Mohammed Shami,0,0.18737139028997776
1304062,1,2,5,Mohammed Shami,0,0.15556634681041115
1304062,1,2,6,Mohammed Shami,0,0.13233547051896025
1304062,1,3,1,HH Pandya,0,0.04686229538248364
1304062,1,3,2,HH Pandya,0,0.03448261599833366
1304062,1,3,3,HH Pandya,0,0.054040186081699665
1304062,1,3,4,HH Pandya,0,0.04410048251484608
1304062,1,3,5,HH Pandya,0,0.040307422678534106
1304062,1,3,6,HH Pandya,0,0.1359994895076236
1304062,1,4,1,LH Ferguson,1,0.9995173332195288
1304062,1,4,2,LH Ferguson,1,0.9995057073912424
1304062,1,4,3,LH Ferguson,1,0.981137534783842
1304062,1,4,4,LH Ferguson,1,0.8755217693885543
1304062,1,4,5,LH Ferguson,1,0.7328098407367241
1304062,1,4,6,LH Ferguson,1,0.8644711382705549
1304062,1,5,1,Rashid Khan,0,0.17856309101084303
1304062,1,5,2,Rashid Khan,0,0.2190236733984574
1304062,1,5,3,Rashid Khan,0,0.18119619193076042
1304062,1,5,4,Rashid Khan,0,0.22620812047118533
1304062,1,5,5,Rashid Khan,0,0.1686260188102006
1304062,1,5,6,Rashid Khan,0,0.14513857107061315
1304062,2,0,1,VG Arora,0,0.004918007448295827
1304062,2,0,2,VG Arora,1,0.8979276151630032
1304062,2,0,3,VG Arora,1,0.9822922165061292
1304062,2,0,4,VG Arora,1,0.8602257085247249
1304062,2,0,5,VG Arora,1,0.7916005930000842
1304062,2,0,6,VG Arora,1,0.6346341051889728
1304062,2,1,1,Arshdeep Singh,0,0.00048233673386545125
1304062,2,1,2,Arshdeep Singh,1,0.9995367110764162
1304062,2,1,3,Arshdeep Singh,1,0.9044747158618524
1304062,2,1,4,Arshdeep Singh,1,0.9839927047184576
1304062,2,1,5,Arshdeep Singh,1,0.8613208555731872
1304062,2,1,6,Arshdeep Singh,1,0.8841466782498258
1304062,2,1,7,Arshdeep Singh,1,0.8270285215054679
1304062,2,2,1,VG Arora,1,0.36605437960241327
1304062,2,2,2,VG Arora,1,0.5905831896103676
1304062,2,2,3,VG Arora,1,0.5786328869368086
1304062,2,2,4,VG Arora,1,0.4618999777357365
1304062,2,2,5,VG Arora,1,0.33897342535303043
1304062,2,2,6,VG Arora,1,0.20829869843170473
1304062,2,3,1,K Rabada,0,0.005802684111684145
1304062,2,3,2,K Rabada,0,0.004623389735335252
1304062,2,3,3,K Rabada,0,0.0022087726765282812
1304062,2,3,4,K Rabada,0,0.3667347804613164
1304062,2,3,5,K Rabada,0,0.26309558839418334
1304062,2,3,6,K Rabada,0,0.2358190719613236
1304062,2,4,1,VG Arora,0,0.20505040208290043
1304062,2,4,2,VG Arora,1,0.3587447591393743
1304062,2,4,3,VG Arora,1,0.31534548389595907
1304062,2,4,4,VG Arora,1,0.2332594620646798
1304062,2,4,5,VG Arora,0,0.17829047686151792
1304062,2,4,6,VG Arora,0,0.17692397447906968
1304062,2,5,1,K Rabada,0,0.1936218734053512
1304062,2,5,2,K Rabada,0,0.12647424943843424
1304062,2,5,3,K Rabada,0,0.2913045834936975
1304062,2,5,4,K Rabada,0,0.3034759951713539
1304062,2,5,5,K Rabada,0,0.3034759951713539
1304062,2,5,6,K Rabada,0,0.2616656751808944
1304066,1,0,1,PVD Chameera,0,0.01805666846391826
1304066,1,0,2,PVD Chameera,1,0.9236372478816688
1304066,1,0,3,PVD Chameera,1,0.9824615254259539
1304066,1,0,4,PVD Chameera,1,0.8278588147640907
1304066,1,0,5,PVD Chameera,1,0.6299167689607242
1304066,1,0,6,PVD Chameera,1,0.3434162223700551
1304066,1,1,1,JO Holder,0,0.0002590442375985323
1304066,1,1,2,JO Holder,0,0.00025398403938609325
1304066,1,1,3,JO Holder,0,0.0002649223612351185
1304066,1,1,4,JO Holder,0,0.0002649223612351185
1304066,1,1,5,JO Holder,0,0.1722722701208437
1304066,1,1,6,JO Holder,0,0.5165945128208147
1304066,1,2,1,PVD Chameera,1,0.599626904914472
1304066,1,2,2,PVD Chameera,1,0.3513068410718246
1304066,1,2,3,PVD Chameera,1,0.3320678120844434
1304066,1,2,4,PVD Chameera,1,0.22418551317676094
1304066,1,2,5,PVD Chameera,1,0.27759927141756396
1304066,1,2,6,PVD Chameera,1,0.21365463732892404
1304066,1,2,7,PVD Chameera,1,0.19431639766818606
1304066,1,3,1,Ravi Bishnoi,0,0.015809712120445893
1304066,1,3,2,Ravi Bishnoi,0,0.0101582669132283
1304066,1,3,3,Ravi Bishnoi,0,0.01539509515178604
1304066,1,3,4,Ravi Bishnoi,1,0.8215565952284241
1304066,1,3,5,Ravi Bishnoi,1,0.9445254648129855
1304066,1,3,6,Ravi Bishnoi,1,0.7420503902203409
1304066,1,3,7,Ravi Bishnoi,1,0.7237339812008388
1304066,1,4,1,PVD Chameera,1,0.1615220683990208
1304066,1,4,2,PVD Chameera,1,0.17822530715964063
1304066,1,4,3,PVD Chameera,1,0.17761154690685232
1304066,1,4,4,PVD Chameera,1,0.18928009689425518
1304066,1,4,5,PVD Chameera,1,0.175755207612636
1304066,1,4,6,PVD Chameera,1,0.16760922549165153
1304066,1,4,7,PVD Chameera,1,0.18091951050900934
1304066,1,5,1,Avesh Khan,0,0.0003231641220717056
1304066,1,5,2,Avesh Khan,0,0.018901698918669788
1304066,1,5,3,Avesh Khan,0,0.010908093861030345
1304066,1,5,4,Avesh Khan,0,0.004646051106961282
1304066,1,5,5,Avesh Khan,0,0.0035406887532533717
1304066,1,5,6,Avesh Khan,0,0.002559488682349507
1304066,2,0,1,TA Boult,0,0.0003429901582363863
1304066,2,0,2,TA Boult,0,0.009585515093973807
1304066,2,0,3,TA Boult,0,0.0020011860257606578
1304066,2,0,4,TA Boult,0,0.0010512923438402231
1304066,2,0,5,TA Boult,0,0.0008386502170421484
1304066,2,0,6,TA Boult,0,0.0006255314746738476
1304066,2,0,7,TA Boult,0,0.09879735612556884
1304066,2,1,1,M Prasidh Krishna,0,0.0002792920556472101
1304066,2,1,2,M Prasidh Krishna,0,0.009597263572331744
1304066,2,1,3,M Prasidh Krishna,0,0.005420628378321999
1304066,2,1,4,M Prasidh Krishna,0,0.0032231899222676663
1304066,2,1,5,M Prasidh Krishna,0,0.0022112017635264594
1304066,2,1,6,M Prasidh Krishna,0,0.0006697302464734594
1304066,2,2,1,TA Boult,0,0.02127900962587542
1304066,2,2,2,TA Boult,0,0.22666327589703444
1304066,2,2,3,TA Boult,0,0.1332613128321337
1304066,2,2,4,TA Boult,0,0.0779823680124117
1304066,2,2,5,TA Boult,0,0.05346261506472423
1304066,2,2,6,TA Boult,0,0.21975965324375252
1304066,2,3,1,M Prasidh Krishna,0,0.0002801619371659671
1304066,2,3,2,M Prasidh Krishna,0,0.00023108941888340948
1304066,2,3,3,M Prasidh Krishna,0,0.00021753244905199062
1304066,2,3,4,M Prasidh Krishna,0,0.017222011489656477
1304066,2,3,5,M Prasidh Krishna,0,0.01072949788891678
1304066,2,3,6,M Prasidh Krishna,0,0.020095503758529056
1304066,2,4,1,TA Boult,0,0.20535993809863037
1304066,2,4,2,TA Boult,0,0.22002863871488404
1304066,2,4,3,TA Boult,0,0.21008530495411343
1304066,2,4,4,TA Boult,0,0.21005168822564796
1304066,2,4,5,TA Boult,0,0.2221189107492761
1304066,2,4,6,TA Boult,0,0.25249717718003917
1304066,2,5,1,R Ashwin,1,0.009455650741114771
1304066,2,5,2,R Ashwin,1,0.009455625970154768
1304066,2,5,3,R Ashwin,1,0.011197966626312752
1304066,2,5,4,R Ashwin,1,0.02026761933164754
1304066,2,5,5,R Ashwin,1,0.02170621627973612
1304066,2,5,6,R Ashwin,1,0.018812179699842464
1304067,1,0,1,B Kumar,1,0.9990130799696997
1304067,1,0,2,B Kumar,1,0.9983461159116334
1304067,1,0,3,B Kumar,1,0.9696736544901309
1304067,1,0,4,B Kumar,1,0.9696736544901309
1304067,1,0,5,B Kumar,1,0.9391480235120532
1304067,1,0,6,B Kumar,1,0.8867971754325863
1304067,1,0,7,B Kumar,1,0.8164233787626813
1304067,1,0,8,B Kumar,1,0.7151883186682787
1304067,1,0,9,B Kumar,1,0.8338023854292352
1304067,1,1,1,M Jansen,0,0.00019288576199089116
1304067,1,1,2,M Jansen,1,0.9454292729823642
1304067,1,1,3,M Jansen,1,0.6787549761415188
1304067,1,1,4,M Jansen,1,0.6269986199710706
1304067,1,1,5,M Jansen,1,0.5445396176309433
1304067,1,1,6,M Jansen,1,0.5483886930072188
1304067,1,2,1,B Kumar,1,0.6415169933940196
1304067,1,2,2,B Kumar,1,0.7794789364523067
1304067,1,2,3,B Kumar,0,0.6883778584472726
1304067,1,2,4,B Kumar,0,0.632546998788855
1304067,1,2,5,B Kumar,1,0.8710619722736334
1304067,1,2,6,B Kumar,1,0.8769937251699329
1304067,1,3,1,Washington Sundar,0,0.000211819182698934
1304067,1,3,2,Washington Sundar,0,0.00022064852161394802
1304067,1,3,3,Washington Sundar,0,0.000230151514374003
1304067,1,3,4,Washington Sundar,1,0.4147753784284625
1304067,1,3,5,Washington Sundar,1,0.40664332208726545
1304067,1,3,6,Washington Sundar,1,0.43420515838849577
1304067,1,4,1,M Jansen,0,0.35145540835347155
1304067,1,4,2,M Jansen,1,0.6468361653587362
1304067,1,4,3,M Jansen,1,0.6532516592775934
1304067,1,4,4,M Jansen,1,0.6073372731586206
1304067,1,4,5,M Jansen,1,0.5974051087086303
1304067,1,4,6,M Jansen,0,0.5370742610875916
1304067,1,5,1,T Natarajan,0,0.0002472470380929729
1304067,1,5,2,T Natarajan,0,0.009738165247224343
1304067,1,5,3,T Natarajan,1,0.8019685129740433
1304067,1,5,4,T Natarajan,0,0.7197026357722647
1304067,1,5,5,T Natarajan,0,0.4999085596234441
1304067,1,5,6,T Natarajan,1,0.7858606574817497
1304067,2,0,1,Mohammed Shami,0,0.01487125878530229
1304067,2,0,2,Mohammed Shami,0,0.018870111254419942
1304067,2,0,3,Mohammed Shami,0,0.01588033954025194
1304067,2,0,4,Mohammed Shami,0,0.007976192731018027
1304067,2,0,5,Mohammed Shami,0,0.014816596002039833
1304067,2,0,6,Mohammed Shami,0,0.010028987312601987
1304067,2,1,1,HH Pandya,0,0.0001427254425853071
1304067,2,1,2,HH Pandya,0,0.0001419565667894312
1304067,2,1,3,HH Pandya,0,0.0001480709199234992
1304067,2,1,4,HH Pandya,0,0.0001480709199234992
1304067,2,1,5,HH Pandya,0,0.0007039543774672
1304067,2,1,6,HH Pandya,0,0.0002471483218952841
1304067,2,2,1,Mohammed Shami,0,0.01056175687414931
1304067,2,2,2,Mohammed Shami,0,0.010955749278351176
1304067,2,2,3,Mohammed Shami,0,0.008701601072854196
1304067,2,2,4,Mohammed Shami,0,0.007059931633722281
1304067,2,2,5,Mohammed Shami,0,0.00422774837245098
1304067,2,2,6,Mohammed Shami,0,0.008825222729068327
1304067,2,3,1,HH Pandya,0,0.00020677593658359442
1304067,2,3,2,HH Pandya,0,0.000956825026190592
1304067,2,3,3,HH Pandya,0,0.0007175619185050965
1304067,2,3,4,HH Pandya,0,0.0017458621059744845
1304067,2,3,5,HH Pandya,0,0.002762036336622751
1304067,2,3,6,HH Pandya,0,0.004064703726714538
1304067,2,4,1,Mohammed Shami,0,0.02075851192242713
1304067,2,4,2,Mohammed Shami,0,0.1941557752470237
1304067,2,4,3,Mohammed Shami,0,0.1974861456167385
1304067,2,4,4,Mohammed Shami,0,0.1836587471613064
1304067,2,4,5,Mohammed Shami,0,0.20160665914275228
1304067,2,4,6,Mohammed Shami,0,0.15211816568574438
1304067,2,5,1,LH Ferguson,1,0.9993924544954327
1304067,2,5,2,LH Ferguson,1,0.9993888143849866
1304067,2,5,3,LH Ferguson,1,0.9993845687196768
1304067,2,5,4,LH Ferguson,1,0.9783999418711236
1304067,2,5,5,LH Ferguson,1,0.9772634234161683
1304067,2,5,6,LH Ferguson,1,0.9790505803978912
1304068,1,0,1,Mohammed Siraj,0,0.0004328815473036923
1304068,1,0,2,Mohammed Siraj,0,0.03214576957767758
1304068,1,0,3,Mohammed Siraj,0,0.06431870943200488
1304068,1,0,4,Mohammed Siraj,0,0.6515401140229061
1304068,1,0,5,Mohammed Siraj,0,0.47572832408426896
1304068,1,0,6,Mohammed Siraj,0,0.3335943199958458
1304068,1,1,1,JR Hazlewood,0,0.0004153578168931433
1304068,1,1,2,JR Hazlewood,0,0.0004166642755074811
1304068,1,1,3,JR Hazlewood,0,0.007043462381733118
1304068,1,1,4,JR Hazlewood,0,0.028727220376024227
1304068,1,1,5,JR Hazlewood,0,0.009477469552845218
1304068,1,1,6,JR Hazlewood,0,0.006586161418332997
1304068,1,2,1,Mohammed Siraj,0,0.11896533457008984
1304068,1,2,2,Mohammed Siraj,0,0.5265309839622307
1304068,1,2,3,Mohammed Siraj,0,0.33975408117141503
1304068,1,2,4,Mohammed Siraj,0,0.41951498910703566
1304068,1,2,5,Mohammed Siraj,0,0.3204608497505515
1304068,1,2,6,Mohammed Siraj,0,0.3189538347972747
1304068,1,3,1,JR Hazlewood,0,0.12134475264612023
1304068,1,3,2,JR Hazlewood,0,0.07281182316347148
1304068,1,3,3,JR Hazlewood,0,0.05631799742567702
1304068,1,3,4,JR Hazlewood,0,0.05788149552284971
1304068,1,3,5,JR Hazlewood,0,0.05364954694035437
1304068,1,3,6,JR Hazlewood,0,0.043778317450397765
1304068,1,4,1,Mohammed Siraj,0,0.2616546421815262
1304068,1,4,2,Mohammed Siraj,0,0.23959382786764327
1304068,1,4,3,Mohammed Siraj,0,0.24756813649329296
1304068,1,4,4,Mohammed Siraj,0,0.2686134552984382
1304068,1,4,5,Mohammed Siraj,0,0.20976163983080387
1304068,1,4,6,Mohammed Siraj,0,0.3397668346410811
1304068,1,5,1,Akash Deep,0,0.031669732617530436
1304068,1,5,2,Akash Deep,0,0.03322688717449109
1304068,1,5,3,Akash Deep,0,0.040330528234473736
1304068,1,5,4,Akash Deep,0,0.06780428058288657
1304068,1,5,5,Akash Deep,0,0.5986568874138273
1304068,1,5,6,Akash Deep,0,0.5226323963638734
1304068,2,0,1,MM Ali,0,0.0002573713591847694
1304068,2,0,2,MM Ali,0,0.028958438127577223
1304068,2,0,3,MM Ali,0,0.006982987549745814
1304068,2,0,4,MM Ali,0,0.00381801552641096
1304068,2,0,5,MM Ali,0,0.0021421956102118628
1304068,2,0,6,MM Ali,0,0.000483025893034146
1304068,2,1,1,Mukesh Choudhary,0,0.00028215131286997533
1304068,2,1,2,Mukesh Choudhary,0,0.01988175885355061
1304068,2,1,3,Mukesh Choudhary,0,0.04962257311887845
1304068,2,1,4,Mukesh Choudhary,0,0.07561519586519476
1304068,2,1,5,Mukesh Choudhary,0,0.0835425252849815
1304068,2,1,6,Mukesh Choudhary,0,0.06590647731731229
1304068,2,2,1,M Theekshana,0,0.026100226153898665
1304068,2,2,2,M Theekshana,0,0.027129865056006397
1304068,2,2,3,M Theekshana,0,0.031444097939654574
1304068,2,2,4,M Theekshana,0,0.05301303631390854
1304068,2,2,5,M Theekshana,0,0.04171030408132952
1304068,2,2,6,M Theekshana,0,0.0370848814926851
1304068,2,3,1,MM Ali,0,0.00035924803874956714
1304068,2,3,2,MM Ali,0,0.14955440621878335
1304068,2,3,3,MM Ali,0,0.1003601420671386
1304068,2,3,4,MM Ali,0,0.15985968196648911
1304068,2,3,5,MM Ali,0,0.19670934775564972
1304068,2,3,6,MM Ali,0,0.18214884143941362
1304068,2,4,1,Mukesh Choudhary,0,0.07432062426468865
1304068,2,4,2,Mukesh Choudhary,0,0.08362408611044328
1304068,2,4,3,Mukesh Choudhary,0,0.08120598461269375
1304068,2,4,4,Mukesh Choudhary,0,0.08247056554233005
1304068,2,4,5,Mukesh Choudhary,0,0.4733623642260678
1304068,2,4,6,Mukesh Choudhary,0,0.4568303585439157
1304068,2,5,1,M Theekshana,0,0.0664434844479778
1304068,2,5,2,M Theekshana,0,0.0756514326998828
1304068,2,5,3,M Theekshana,0,0.40262966258129346
1304068,2,5,4,M Theekshana,1,0.7355436004647492
1304068,2,5,5,M Theekshana,1,0.7129988278996872
1304068,2,5,6,M Theekshana,1,0.772728799541616
1304084,1,0,1,Mukesh Choudhary,0,0.014783856323006618
1304084,1,0,2,Mukesh Choudhary,0,0.01417473509066581
1304084,1,0,3,Mukesh Choudhary,0,0.013862433990562554
1304084,1,0,4,Mukesh Choudhary,0,0.01786657187997454
1304084,1,0,5,Mukesh Choudhary,0,0.016340349180995056
1304084,1,0,6,Mukesh Choudhary,0,0.01873590770723333
1304084,1,1,1,M Theekshana,0,0.019936194191410243
1304084,1,1,2,M Theekshana,0,0.015434537517953125
1304084,1,1,3,M Theekshana,0,0.017117458304545214
1304084,1,1,4,M Theekshana,0,0.0187043691824069
1304084,1,1,5,M Theekshana,1,0.2494052488822914
1304084,1,1,6,M Theekshana,1,0.31618597832742373
1304084,1,1,7,M Theekshana,1,0.3093763305673155
1304084,1,2,1,MJ Santner,0,0.014768480720606929
1304084,1,2,2,MJ Santner,0,0.009212223525532224
1304084,1,2,3,MJ Santner,0,0.013945844045140479
1304084,1,2,4,MJ Santner,0,0.009140263110339454
1304084,1,2,5,MJ Santner,0,0.00453984563313695
1304084,1,2,6,MJ Santner,0,0.00343148417674183
1304084,1,3,1,Mukesh Choudhary,0,0.02090006059383163
1304084,1,3,2,Mukesh Choudhary,0,0.018289727457113464
1304084,1,3,3,Mukesh Choudhary,0,0.019317347597861856
1304084,1,3,4,Mukesh Choudhary,0,0.01422360189815815
1304084,1,3,5,Mukesh Choudhary,0,0.020754369609495605
1304084,1,3,6,Mukesh Choudhary,0,0.021562233852542263
1304084,1,3,7,Mukesh Choudhary,0,0.025811987015465315
1304084,1,4,1,MJ Santner,1,0.12132017413794431
1304084,1,4,2,MJ Santner,1,0.117962166111667
1304084,1,4,3,MJ Santner,1,0.09501993591859223
1304084,1,4,4,MJ Santner,1,0.09622044007233113
1304084,1,4,5,MJ Santner,1,0.10641752510261102
1304084,1,5,1,M Theekshana,1,0.2482190600407445
1304084,1,5,2,M Theekshana,1,0.5617149796432427
1304084,1,5,3,M Theekshana,1,0.43691437358250196
1304084,1,5,4,M Theekshana,1,0.4510756474151098
1304084,1,5,5,M Theekshana,1,0.42230035483004413
1304084,1,5,6,M Theekshana,1,0.3567372950443827
1304084,2,0,1,K Rabada,0,0.00016767511702489693
1304084,2,0,2,K Rabada,0,0.003792612556666014
1304084,2,0,3,K Rabada,0,0.0020540651141807992
1304084,2,0,4,K Rabada,0,0.004092020625330546
1304084,2,0,5,K Rabada,1,0.15251477890857756
1304084,2,0,6,K Rabada,1,0.5370001895121929
1304084,2,1,1,Sandeep Sharma,0,0.00017574784381887775
1304084,2,1,2,Sandeep Sharma,0,0.00017651570261282597
1304084,2,1,3,Sandeep Sharma,0,0.000179325261073442
1304084,2,1,4,Sandeep Sharma,0,0.000179325261073442
1304084,2,1,5,Sandeep Sharma,0,0.0001763055019542786
1304084,2,1,6,Sandeep Sharma,0,0.00033975850996144727
1304084,2,2,1,K Rabada,1,0.2714843902612063
1304084,2,2,2,K Rabada,1,0.1879275539425196
1304084,2,2,3,K Rabada,1,0.1348191575783592
1304084,2,2,4,K Rabada,1,0.1307696018159126
1304084,2,2,5,K Rabada,1,0.12672029689440964
1304084,2,2,6,K Rabada,1,0.12013608748832277
1304084,2,3,1,Sandeep Sharma,0,0.0002066745617917954
1304084,2,3,2,Sandeep Sharma,0,0.00017088532333230403
1304084,2,3,3,Sandeep Sharma,0,0.00034650489862305463
1304084,2,3,4,Sandeep Sharma,0,0.0002534151654134188
1304084,2,3,5,Sandeep Sharma,0,0.0014385711565319521
1304084,2,3,6,Sandeep Sharma,0,0.001856222572840282
1304084,2,3,7,Sandeep Sharma,0,0.0020646363343092074
1304084,2,4,1,R Dhawan,0,0.00019700553445124226
1304084,2,4,2,R Dhawan,0,0.00019786625170659057
1304084,2,4,3,R Dhawan,0,0.004868341349867993
1304084,2,4,4,R Dhawan,0,0.0034547946715239174
1304084,2,4,5,R Dhawan,0,0.002761976858170513
1304084,2,4,6,R Dhawan,0,0.004761600525019087
1304084,2,4,7,R Dhawan,0,0.002432611670547223
1304084,2,5,1,Arshdeep Singh,0,0.010541217074194005
1304084,2,5,2,Arshdeep Singh,1,0.9265255946381263
1304084,2,5,3,Arshdeep Singh,1,0.5794421256731581
1304084,2,5,4,Arshdeep Singh,1,0.24989728349098442
1304084,2,5,5,Arshdeep Singh,1,0.3855467704315108
1304084,2,5,6,Arshdeep Singh,1,0.26170187007491913
1304084,2,5,7,Arshdeep Singh,1,0.16736818470831863
1304090,1,0,1,DR Sams,0,0.03336207947996912
1304090,1,0,2,DR Sams,0,0.03259300006344412
1304090,1,0,3,DR Sams,0,0.04219983823237058
1304090,1,0,4,DR Sams,0,0.0428718238965363
1304090,1,0,5,DR Sams,0,0.03376703404710903
1304090,1,0,6,DR Sams,0,0.020286372983335525
1304090,1,1,1,JJ Bumrah,0,0.0003258202697373503
1304090,1,1,2,JJ Bumrah,0,0.00032695596065894137
1304090,1,1,3,JJ Bumrah,0,0.00031974389708658784
1304090,1,1,4,JJ Bumrah,0,0.399624598109651
1304090,1,1,5,JJ Bumrah,0,0.28900130246695277
1304090,1,1,6,JJ Bumrah,0,0.15403149809114805
1304090,1,2,1,DR Sams,0,0.00930793467105923
1304090,1,2,2,DR Sams,0,0.29689208094034736
1304090,1,2,3,DR Sams,0,0.5741064251534336
1304090,1,2,4,DR Sams,1,0.7590859084016325
1304090,1,2,5,DR Sams,1,0.6917261668283237
1304090,1,2,6,DR Sams,0,0.6366562984481092
1304090,1,3,1,JJ Bumrah,0,0.3632509213303563
1304090,1,3,2,JJ Bumrah,0,0.274545271299141
1304090,1,3,3,JJ Bumrah,1,0.37324222943909785
1304090,1,3,4,JJ Bumrah,0,0.2589192637217383
1304090,1,3,5,JJ Bumrah,0,0.28518915544735396
1304090,1,3,6,JJ Bumrah,0,0.3084971825811824
1304090,1,3,7,JJ Bumrah,0,0.27702815819789517
1304090,1,4,1,HR Shokeen,0,0.00033336426895622817
1304090,1,4,2,HR Shokeen,0,0.00037981109418722765
1304090,1,4,3,HR Shokeen,0,0.0003714335741185675
1304090,1,4,4,HR Shokeen,0,0.03825701708363154
1304090,1,4,5,HR Shokeen,0,0.7276862437910686
1304090,1,4,6,HR Shokeen,0,0.8672630132942452
1304090,1,5,1,RP Meredith,0,0.029482874741768895
1304090,1,5,2,RP Meredith,0,0.019179048120880927
1304090,1,5,3,RP Meredith,0,0.024661854516599597
1304090,1,5,4,RP Meredith,0,0.024056361298400525
1304090,1,5,5,RP Meredith,0,0.010599253138100017
1304090,1,5,6,RP Meredith,0,0.0040820996611825614
1304090,1,5,7,RP Meredith,0,0.016010700355333616
1304090,2,0,1,TA Boult,0,0.018007904402341134
1304090,2,0,2,TA Boult,1,0.9755947208750443
1304090,2,0,3,TA Boult,1,0.9242178500534894
1304090,2,0,4,TA Boult,1,0.9410981521722136
1304090,2,0,5,TA Boult,1,0.7990239396929264
1304090,2,0,6,TA Boult,1,0.6331677865948956
1304090,2,0,7,TA Boult,1,0.8591269697303624
1304090,2,1,1,M Prasidh Krishna,0,0.000144732969361258
1304090,2,1,2,M Prasidh Krishna,0,0.004749130561327721
1304090,2,1,3,M Prasidh Krishna,0,0.001131138259800904
1304090,2,1,4,M Prasidh Krishna,1,0.5302716077329217
1304090,2,1,5,M Prasidh Krishna,1,0.8209702219833078
1304090,2,1,6,M Prasidh Krishna,1,0.7751960651146723
1304090,2,2,1,R Ashwin,0,0.016179554802290372
1304090,2,2,2,R Ashwin,0,0.004923746127765271
1304090,2,2,3,R Ashwin,0,0.0016108287796056905
1304090,2,2,4,R Ashwin,0,0.008456590869625583
1304090,2,2,5,R Ashwin,0,0.0029423857552550465
1304090,2,2,6,R Ashwin,0,0.0017982169043384074
1304090,2,3,1,M Prasidh Krishna,1,0.632350189507524
1304090,2,3,2,M Prasidh Krishna,1,0.5396371201435939
1304090,2,3,3,M Prasidh Krishna,1,0.7229260306587384
1304090,2,3,4,M Prasidh Krishna,1,0.6820646829767271
1304090,2,3,5,M Prasidh Krishna,1,0.7837060359221745
1304090,2,3,6,M Prasidh Krishna,1,0.731885930397037
1304090,2,4,1,R Ashwin,0,0.0017009719989457882
1304090,2,4,2,R Ashwin,0,0.0013556970558930652
1304090,2,4,3,R Ashwin,0,0.0022186191700350913
1304090,2,4,4,R Ashwin,0,0.0022186191700350913
1304090,2,4,5,R Ashwin,0,0.0022186191700350913
1304090,2,4,6,R Ashwin,0,0.006753944929636098
1304090,2,5,1,TA Boult,1,0.6990284048465801
1304090,2,5,2,TA Boult,1,0.8624649514823736
1304090,2,5,3,TA Boult,1,0.8112598396592698
1304090,2,5,4,TA Boult,1,0.7953498346576806
1304090,2,5,5,TA Boult,1,0.7603679832523298
1304090,2,5,6,TA Boult,0,0.7317460644212753
1304099,1,0,1,TG Southee,0,0.0003662406837616244
1304099,1,0,2,TG Southee,0,0.00038022082958965225
1304099,1,0,3,TG Southee,0,0.000386271461473329
1304099,1,0,4,TG Southee,0,0.019321121617084245
1304099,1,0,5,TG Southee,0,0.030296413157697252
1304099,1,0,6,TG Southee,0,0.013931048323599912
1304099,1,1,1,Shivam Mavi,0,0.0003246621061771236
1304099,1,1,2,Shivam Mavi,0,0.00033705564895951536
1304099,1,1,3,Shivam Mavi,0,0.0003424196084363835
1304099,1,1,4,Shivam Mavi,0,0.1947970466355585
1304099,1,1,5,Shivam Mavi,0,0.40426083313917294
1304099,1,1,6,Shivam Mavi,0,0.5142500764358999
1304099,1,2,1,TG Southee,0,0.17014601211497163
1304099,1,2,2,TG Southee,1,0.32729581727193263
1304099,1,2,3,TG Southee,1,0.4409490392224301
1304099,1,2,4,TG Southee,1,0.32100079378876906
1304099,1,2,5,TG Southee,1,0.3519157967354562
1304099,1,2,6,TG Southee,1,0.3581428691531644
1304099,1,3,1,SP Narine,0,0.01557089231253686
1304099,1,3,2,SP Narine,0,0.022653290758037216
1304099,1,3,3,SP Narine,1,0.8190620888462203
1304099,1,3,4,SP Narine,1,0.6234254485088346
1304099,1,3,5,SP Narine,1,0.32618013689766584
1304099,1,3,6,SP Narine,1,0.394125230782954
1304099,1,4,1,AS Roy,0,0.0003890958176294814
1304099,1,4,2,AS Roy,0,0.024291583480171377
1304099,1,4,3,AS Roy,1,0.5185300187872821
1304099,1,4,4,AS Roy,1,0.38934104436277545
1304099,1,4,5,AS Roy,1,0.727369298336436
1304099,1,4,6,AS Roy,1,0.5038873373493107
1304099,1,5,1,Harshit Rana,1,0.9994988009353785
1304099,1,5,2,Harshit Rana,0,0.8443543456762443
1304099,1,5,3,Harshit Rana,0,0.3563094849302914
1304099,1,5,4,Harshit Rana,1,0.9314378413459735
1304099,1,5,5,Harshit Rana,1,0.9678703558010554
1304099,1,5,6,Harshit Rana,1,0.9674678381404318
1304099,2,0,1,Mohsin Khan,0,0.0002504239460561712
1304099,2,0,2,Mohsin Khan,0,0.00025713079657106903
1304099,2,0,3,Mohsin Khan,0,0.0002612231510680644
1304099,2,0,4,Mohsin Khan,0,0.0002612231510680644
1304099,2,0,5,Mohsin Khan,0,0.0002612231510680644
1304099,2,0,6,Mohsin Khan,0,0.0002880503184924798
1304099,2,1,1,PVD Chameera,0,0.00024714541043324077
1304099,2,1,2,PVD Chameera,0,0.0002537644775418733
1304099,2,1,3,PVD Chameera,0,0.005868791425357216
1304099,2,1,4,PVD Chameera,0,0.004938425851257663
1304099,2,1,5,PVD Chameera,0,0.008867768154868727
1304099,2,1,6,PVD Chameera,0,0.016616778294873076
1304099,2,2,1,Mohsin Khan,0,0.00035741074673591514
1304099,2,2,2,Mohsin Khan,0,0.00035741074673591514
1304099,2,2,3,Mohsin Khan,0,0.00028489804310773636
1304099,2,2,4,Mohsin Khan,0,0.0002492545104717994
1304099,2,2,5,Mohsin Khan,0,0.0002537946171101268
1304099,2,2,6,Mohsin Khan,0,0.0002537946171101268
1304099,2,3,1,PVD Chameera,0,0.017336570639819016
1304099,2,3,2,PVD Chameera,1,0.2065635654284757
1304099,2,3,3,PVD Chameera,1,0.20296627689137772
1304099,2,3,4,PVD Chameera,0,0.27355646508493187
1304099,2,3,5,PVD Chameera,0,0.282717369854679
1304099,2,3,6,PVD Chameera,0,0.18085386306589052
1304099,2,4,1,Avesh Khan,0,0.009399341327625302
1304099,2,4,2,Avesh Khan,0,0.04094494308853524
1304099,2,4,3,Avesh Khan,0,0.08223057370298266
1304099,2,4,4,Avesh Khan,1,0.9204476045736368
1304099,2,4,5,Avesh Khan,1,0.8563616308424471
1304099,2,4,6,Avesh Khan,1,0.4781938857015414
1304099,2,4,7,Avesh Khan,1,0.4473606904738109
1304099,2,5,1,JO Holder,0,0.011082720536467873
1304099,2,5,2,JO Holder,0,0.012927681780925071
1304099,2,5,3,JO Holder,0,0.007127551637929246
1304099,2,5,4,JO Holder,0,0.008484409239090763
1304099,2,5,5,JO Holder,0,0.00974695350817162
1304099,2,5,6,JO Holder,0,0.01541866579109081
1304100,1,0,1,J Suchith,0,0.0002954632979023077
1304100,1,0,2,J Suchith,0,0.013547012162505485
1304100,1,0,3,J Suchith,0,0.022433696313922342
1304100,1,0,4,J Suchith,0,0.009509310584700045
1304100,1,0,5,J Suchith,0,0.006393584832959157
1304100,1,0,6,J Suchith,0,0.0033491550097635016
1304100,1,0,7,J Suchith,0,0.001357946682942915
1304100,1,1,1,B Kumar,0,0.0003103090577290474
1304100,1,1,2,B Kumar,0,0.010897431946144396
1304100,1,1,3,B Kumar,0,0.01688354613946677
1304100,1,1,4,B Kumar,0,0.010679426138004017
1304100,1,1,5,B Kumar,0,0.0049091066082293
1304100,1,1,6,B Kumar,0,0.003490879435804762
1304100,1,2,1,J Suchith,0,0.00826377281422331
1304100,1,2,2,J Suchith,0,0.023882946292799207
1304100,1,2,3,J Suchith,0,0.02376757385576314
1304100,1,2,4,J Suchith,0,0.016040898597909217
1304100,1,2,5,J Suchith,0,0.13751255222160044
1304100,1,2,6,J Suchith,0,0.13703534082623492
1304100,1,2,7,J Suchith,0,0.11677582296665565
1304100,1,3,1,B Kumar,0,0.0025064072305606994
1304100,1,3,2,B Kumar,0,0.0028074574541069167
1304100,1,3,3,B Kumar,0,0.00404142049453467
1304100,1,3,4,B Kumar,0,0.009845618425056596
1304100,1,3,5,B Kumar,0,0.08502441017856047
1304100,1,3,6,B Kumar,0,0.08535892369779552
1304100,1,4,1,Fazalhaq Farooqi,0,0.0002596639544874593
1304100,1,4,2,Fazalhaq Farooqi,1,0.849070843385765
1304100,1,4,3,Fazalhaq Farooqi,0,0.5953194096717559
1304100,1,4,4,Fazalhaq Farooqi,0,0.2945249390003441
1304100,1,4,5,Fazalhaq Farooqi,0,0.21655388476505288
1304100,1,4,6,Fazalhaq Farooqi,0,0.14232058935610287
1304100,1,5,1,Kartik Tyagi,1,0.9995281031285562
1304100,1,5,2,Kartik Tyagi,1,0.9779070769042667
1304100,1,5,3,Kartik Tyagi,1,0.9894528083772045
1304100,1,5,4,Kartik Tyagi,1,0.9567307251929517
1304100,1,5,5,Kartik Tyagi,1,0.7665974338219714
1304100,1,5,6,Kartik Tyagi,1,0.7949807945014045
1304100,1,5,7,Kartik Tyagi,1,0.9434449380322112
1304100,2,0,1,GJ Maxwell,0,0.0002937227673107647
1304100,2,0,2,GJ Maxwell,0,0.0002953337889811321
1304100,2,0,3,GJ Maxwell,0,0.004137369337229287
1304100,2,0,4,GJ Maxwell,0,0.0024473663361652687
1304100,2,0,5,GJ Maxwell,0,0.0024378190621757575
1304100,2,0,6,GJ Maxwell,0,0.0005171865308531459
1304100,2,1,1,JR Hazlewood,0,0.01638819652399344
1304100,2,1,2,JR Hazlewood,0,0.00917062504887948
1304100,2,1,3,JR Hazlewood,0,0.0047071556261358205
1304100,2,1,4,JR Hazlewood,0,0.0026060013443296145
1304100,2,1,5,JR Hazlewood,0,0.005927004207634465
1304100,2,1,6,JR Hazlewood,0,0.0034244288391911534
1304100,2,2,1,GJ Maxwell,0,0.07550016141948386
1304100,2,2,2,GJ Maxwell,1,0.4864581371604394
1304100,2,2,3,GJ Maxwell,1,0.4437704837593384
1304100,2,2,4,GJ Maxwell,1,0.3934110315349504
1304100,2,2,5,GJ Maxwell,1,0.31988564808055703
1304100,2,3,1,JR Hazlewood,1,0.06538635554339314
1304100,2,3,2,JR Hazlewood,1,0.03895476402850799
1304100,2,3,3,JR Hazlewood,1,0.0334541672283649
1304100,2,3,4,JR Hazlewood,0,0.029574243871141884
1304100,2,3,5,JR Hazlewood,0,0.02841407031699315
1304100,2,3,6,JR Hazlewood,0,0.026812838819781817
1304100,2,4,1,Shahbaz Ahmed,0,0.025916705887808724
1304100,2,4,2,Shahbaz Ahmed,0,0.025315421484269785
1304100,2,4,3,Shahbaz Ahmed,1,0.748672474120765
1304100,2,4,4,Shahbaz Ahmed,1,0.5791789961272333
1304100,2,4,5,Shahbaz Ahmed,0,0.4410408159424649
1304100,2,4,6,Shahbaz Ahmed,0,0.31595159834188113
1304100,2,5,1,Mohammed Siraj,0,0.0003857078818267571
1304100,2,5,2,Mohammed Siraj,0,0.018980698569805127
1304100,2,5,3,Mohammed Siraj,0,0.016537086032488924
1304100,2,5,4,Mohammed Siraj,0,0.022934025825096047
1304100,2,5,5,Mohammed Siraj,1,0.4702590534989654
1304100,2,5,6,Mohammed Siraj,1,0.44079485729478723
1359476,1,0,1,UT Yadav,0,0.00015547106567688444
1359476,1,0,2,UT Yadav,0,0.01013864355322382
1359476,1,0,3,UT Yadav,0,0.015068178499058936
1359476,1,0,4,UT Yadav,1,0.5270221331444465
1359476,1,0,5,UT Yadav,1,0.2554189282130633
1359476,1,0,6,UT Yadav,1,0.2205345525605212
1359476,1,1,1,TG Southee,1,0.9995691446902428
1359476,1,1,2,TG Southee,1,0.9995051939403817
1359476,1,1,3,TG Southee,1,0.9815877759884334
1359476,1,1,4,TG Southee,0,0.8464042168600484
1359476,1,1,5,TG Southee,1,0.9553153733488031
1359476,1,1,6,TG Southee,1,0.924348399812892
1359476,1,2,1,UT Yadav,1,0.10984746797483691
1359476,1,2,2,UT Yadav,1,0.10322958597199328
1359476,1,2,3,UT Yadav,0,0.08029245998779373
1359476,1,2,4,UT Yadav,0,0.08515941476679023
1359476,1,2,5,UT Yadav,0,0.08893894379366903
1359476,1,2,6,UT Yadav,0,0.08199930259431049
1359476,1,3,1,TG Southee,1,0.9263535526044434
1359476,1,3,2,TG Southee,1,0.9401222265393452
1359476,1,3,3,TG Southee,1,0.9191917866404147
1359476,1,3,4,TG Southee,1,0.919240664780847
1359476,1,3,5,TG Southee,1,0.8079105358082969
1359476,1,3,6,TG Southee,0,0.796027048720158
1359476,1,4,1,SP Narine,0,0.00022211166572738415
1359476,1,4,2,SP Narine,0,0.0002341437516403119
1359476,1,4,3,SP Narine,0,0.34608779524700944
1359476,1,4,4,SP Narine,1,0.8485589435291553
1359476,1,4,5,SP Narine,0,0.40642467497415385
1359476,1,4,6,SP Narine,1,0.8831716381814433
1359476,1,5,1,CV Varun,0,0.00020624798398524165
1359476,1,5,2,CV Varun,0,0.00021742089993087663
1359476,1,5,3,CV Varun,0,0.003346058085737073
1359476,1,5,4,CV Varun,0,0.0029400232799062895
1359476,1,5,5,CV Varun,0,0.007917295003533366
1359476,1,5,6,CV Varun,0,0.24164261536225648
1359476,2,0,1,SM Curran,0,0.00010810219460579509
1359476,2,0,2,SM Curran,0,0.003010371357532695
1359476,2,0,3,SM Curran,0,0.003992693049213848
1359476,2,0,4,SM Curran,0,0.004219549420957244
1359476,2,0,5,SM Curran,0,0.39450309944367196
1359476,2,0,6,SM Curran,1,0.7639852081849162
1359476,2,1,1,Arshdeep Singh,0,0.00010103011404607292
1359476,2,1,2,Arshdeep Singh,0,0.00011004817617382438
1359476,2,1,3,Arshdeep Singh,1,0.4595242562235623
1359476,2,1,4,Arshdeep Singh,0,0.26943926572270294
1359476,2,1,5,Arshdeep Singh,0,0.08759407911536625
1359476,2,1,6,Arshdeep Singh,0,0.034191811077340865
1359476,2,2,1,SM Curran,1,0.8467034060947716
1359476,2,2,2,SM Curran,1,0.6466231760898681
1359476,2,2,3,SM Curran,0,0.6301654224544038
1359476,2,2,4,SM Curran,0,0.4750691825972848
1359476,2,2,5,SM Curran,0,0.43258673983631146
1359476,2,2,6,SM Curran,0,0.36558383030102076
1359476,2,3,1,Arshdeep Singh,0,0.007061815228167637
1359476,2,3,2,Arshdeep Singh,0,0.0054471964759005105
1359476,2,3,3,Arshdeep Singh,0,0.003020611310348791
1359476,2,3,4,Arshdeep Singh,0,0.0029511535730033832
1359476,2,3,5,Arshdeep Singh,0,0.04983172103728645
1359476,2,3,6,Arshdeep Singh,0,0.0809186993560697
1359476,2,4,1,NT Ellis,0,0.0001576483620339203
1359476,2,4,2,NT Ellis,0,0.00016793248350705666
1359476,2,4,3,NT Ellis,0,0.00017060544822210374
1359476,2,4,4,NT Ellis,0,0.2606703355825155
1359476,2,4,5,NT Ellis,0,0.26038331772147333
1359476,2,4,6,NT Ellis,0,0.22124243001267735
1359476,2,5,1,Sikandar Raza,0,0.00017190420042829534
1359476,2,5,2,Sikandar Raza,0,0.003481570312341925
1359476,2,5,3,Sikandar Raza,0,0.005030863782601078
1359476,2,5,4,Sikandar Raza,0,0.008568481280993157
1359476,2,5,5,Sikandar Raza,0,0.005383929126571389
1359476,2,5,6,Sikandar Raza,1,0.3296349322491981
1359476,2,5,7,Sikandar Raza,1,0.6103381444137924
1359479,1,0,1,Mohammed Siraj,0,0.017846909943295013
1359479,1,0,2,Mohammed Siraj,0,0.012936525454121304
1359479,1,0,3,Mohammed Siraj,0,0.013293813857007137
1359479,1,0,4,Mohammed Siraj,0,0.01200108643745078
1359479,1,0,5,Mohammed Siraj,0,0.02176538881181673
1359479,1,0,6,Mohammed Siraj,0,0.01109631840715649
1359479,1,1,1,RJW Topley,1,0.9994377972689445
1359479,1,1,2,RJW Topley,1,0.6500124496833999
1359479,1,1,3,RJW Topley,1,0.2217147199681827
1359479,1,1,4,RJW Topley,1,0.6494088864795381
1359479,1,1,5,RJW Topley,1,0.31934018428577404
1359479,1,1,6,RJW Topley,1,0.3193302860610891
1359479,1,2,1,Mohammed Siraj,0,0.006283842043697188
1359479,1,2,2,Mohammed Siraj,0,0.0053399199173252655
1359479,1,2,3,Mohammed Siraj,0,0.0037386009344964844
1359479,1,2,4,Mohammed Siraj,0,0.006582829125452592
1359479,1,2,5,Mohammed Siraj,0,0.007494524367679585
1359479,1,2,6,Mohammed Siraj,0,0.0064809821110372
1359479,1,3,1,RJW Topley,1,0.3887399852683244
1359479,1,3,2,RJW Topley,1,0.30145756746389607
1359479,1,3,3,RJW Topley,1,0.3755061321092943
1359479,1,3,4,RJW Topley,1,0.2637301700442908
1359479,1,3,5,RJW Topley,1,0.1937085282146875
1359479,1,4,1,Mohammed Siraj,0,0.009489694490147079
1359479,1,4,2,Mohammed Siraj,0,0.02935483991420785
1359479,1,4,3,Mohammed Siraj,0,0.014897905281217304
1359479,1,4,4,Mohammed Siraj,0,0.015511901927500647
1359479,1,4,5,Mohammed Siraj,0,0.018690529292921684
1359479,1,4,6,Mohammed Siraj,0,0.019554635109306186
1359479,1,4,7,Mohammed Siraj,0,0.019489179163808608
1359479,1,5,1,Akash Deep,0,0.021494733752768787
1359479,1,5,2,Akash Deep,0,0.01887339833199934
1359479,1,5,3,Akash Deep,0,0.00979799600896007
1359479,1,5,4,Akash Deep,1,0.5018847201391683
1359479,1,5,5,Akash Deep,0,0.4043314352543162
1359479,1,5,6,Akash Deep,0,0.4542365043766462
1359479,2,0,1,JP Behrendorff,0,0.015359591731100521
1359479,2,0,2,JP Behrendorff,0,0.010715175159451236
1359479,2,0,3,JP Behrendorff,0,0.011189383593886791
1359479,2,0,4,JP Behrendorff,0,0.011765141571277617
1359479,2,0,5,JP Behrendorff,0,0.02265830221283837
1359479,2,0,6,JP Behrendorff,0,0.016694552768755137
1359479,2,1,1,Arshad Khan,0,0.001037419203689366
1359479,2,1,2,Arshad Khan,0,0.0009743519334305539
1359479,2,1,3,Arshad Khan,0,0.0011547787005782365
1359479,2,1,4,Arshad Khan,0,0.005868923445578096
1359479,2,1,5,Arshad Khan,1,0.9423500987731065
1359479,2,1,6,Arshad Khan,1,0.6619625766321862
1359479,2,1,7,Arshad Khan,0,0.5035026877909652
1359479,2,1,8,Arshad Khan,0,0.27527047121768294
1359479,2,1,9,Arshad Khan,0,0.22391851073941205
1359479,2,2,1,JP Behrendorff,0,0.17103109317075152
1359479,2,2,2,JP Behrendorff,0,0.1417016370421328
1359479,2,2,3,JP Behrendorff,0,0.3276992173066849
1359479,2,2,4,JP Behrendorff,0,0.482192047668894
1359479,2,2,5,JP Behrendorff,0,0.4068479184079408
1359479,2,2,6,JP Behrendorff,0,0.39505853410106007
1359479,2,3,1,JC Archer,0,0.0005275917992698098
1359479,2,3,2,JC Archer,1,0.7212736537584186
1359479,2,3,3,JC Archer,0,0.3321120168808974
1359479,2,3,4,JC Archer,0,0.15511165705508265
1359479,2,3,5,JC Archer,1,0.6611824035152817
1359479,2,3,6,JC Archer,1,0.533061755283353
1359479,2,4,1,PP Chawla,0,0.0003087418074295492
1359479,2,4,2,PP Chawla,0,0.0003190114919493522
1359479,2,4,3,PP Chawla,0,0.00033274941673805755
1359479,2,4,4,PP Chawla,0,0.16017685659296688
1359479,2,4,5,PP Chawla,0,0.06344434112997155
1359479,2,4,6,PP Chawla,0,0.10178310171776442
1359479,2,5,1,JC Archer,1,0.4280245851489655
1359479,2,5,2,JC Archer,1,0.36224585545966737
1359479,2,5,3,JC Archer,1,0.48893953279141056
1359479,2,5,4,JC Archer,1,0.4328722264531799
1359479,2,5,5,JC Archer,1,0.42896204117685754
1359479,2,5,6,JC Archer,1,0.4298154148144655
1359480,1,0,1,KR Mayers,0,0.009489636310436854
1359480,1,0,2,KR Mayers,0,0.011594135388053766
1359480,1,0,3,KR Mayers,0,0.010383296665987932
1359480,1,0,4,KR Mayers,0,0.013624123547091973
1359480,1,0,5,KR Mayers,0,0.020761262526687738
1359480,1,0,6,KR Mayers,0,0.022197128962983148
1359480,1,0,7,KR Mayers,0,0.02161980937931688
1359480,1,1,1,Avesh Khan,0,0.0007872916724888584
1359480,1,1,2,Avesh Khan,0,0.038697201265623614
1359480,1,1,3,Avesh Khan,0,0.042748611217881344
1359480,1,1,4,Avesh Khan,1,0.854887146571123
1359480,1,1,5,Avesh Khan,1,0.971253621337468
1359480,1,1,6,Avesh Khan,1,0.9067057943905624
1359480,1,1,7,Avesh Khan,1,0.8990736679696242
1359480,1,2,1,KR Mayers,0,0.01998771085900255
1359480,1,2,2,KR Mayers,1,0.14269736573527333
1359480,1,2,3,KR Mayers,1,0.0979092581216805
1359480,1,2,4,KR Mayers,1,0.09900610701970013
1359480,1,2,5,KR Mayers,1,0.09200729081023536
1359480,1,3,1,KH Pandya,0,0.01081903858975631
1359480,1,3,2,KH Pandya,0,0.00221488026450864
1359480,1,3,3,KH Pandya,0,0.0047329312367663445
1359480,1,3,4,KH Pandya,0,0.0023030978742572396
1359480,1,3,5,KH Pandya,0,0.1788252526720655
1359480,1,3,6,KH Pandya,0,0.1749929985405914
1359480,1,4,1,K Gowtham,0,0.0001942941586160184
1359480,1,4,2,K Gowtham,0,0.9834039580585962
1359480,1,4,3,K Gowtham,0,0.802904209069038
1359480,1,4,4,K Gowtham,0,0.9816376670088439
1359480,1,4,5,K Gowtham,0,0.9436396615227785
1359480,1,5,1,MA Wood,1,0.9995140844115209
1359480,1,5,2,MA Wood,0,0.8883294066543903
1359480,1,5,3,MA Wood,1,0.9783603724842521
1359480,1,5,4,MA Wood,1,0.927298258784364
1359480,1,5,5,MA Wood,1,0.980930200946662
1359480,1,5,6,MA Wood,1,0.9508568749676847
1359480,2,0,1,DL Chahar,0,0.0002449842247704342
1359480,2,0,2,DL Chahar,0,0.00026077431982801376
1359480,2,0,3,DL Chahar,0,0.008748907136435396
1359480,2,0,4,DL Chahar,0,0.44637808012664854
1359480,2,0,5,DL Chahar,0,0.31353012500923266
1359480,2,0,6,DL Chahar,0,0.2534277713218276
1359480,2,1,1,BA Stokes,0,0.010854354844749392
1359480,2,1,2,BA Stokes,0,0.01301808366883068
1359480,2,1,3,BA Stokes,0,0.861825176811748
1359480,2,1,4,BA Stokes,0,0.9521401828097067
1359480,2,1,5,BA Stokes,1,0.9601585010068215
1359480,2,2,1,DL Chahar,0,0.16864069198973175
1359480,2,2,2,DL Chahar,0,0.3706895478647852
1359480,2,2,3,DL Chahar,0,0.2916897667919357
1359480,2,2,4,DL Chahar,0,0.32452069921418436
1359480,2,2,5,DL Chahar,0,0.49440200404421075
1359480,2,2,6,DL Chahar,0,0.6316259536560953
1359480,2,2,7,DL Chahar,0,0.597686562253527
1359480,2,3,1,TU Deshpande,0,0.0014592482271998453
1359480,2,3,2,TU Deshpande,0,0.006960970018980278
1359480,2,3,3,TU Deshpande,0,0.020151974384235122
1359480,2,3,4,TU Deshpande,0,0.03449278395833123
1359480,2,3,5,TU Deshpande,0,0.033982622138557794
1359480,2,3,6,TU Deshpande,0,0.042430910225043236
1359480,2,3,7,TU Deshpande,0,0.06445475143628739
1359480,2,3,8,TU Deshpande,1,0.8522246990212543
1359480,2,3,9,TU Deshpande,1,0.8639276946283038
1359480,2,3,10,TU Deshpande,1,0.9230441141884304
1359480,2,3,11,TU Deshpande,1,0.9061551723309808
1359480,2,4,1,DL Chahar,0,0.5493759324219591
1359480,2,4,2,DL Chahar,0,0.5096327442991657
1359480,2,4,3,DL Chahar,0,0.6539737088116874
1359480,2,4,4,DL Chahar,0,0.5965731936135801
1359480,2,4,5,DL Chahar,0,0.6755612265982455
1359480,2,4,6,DL Chahar,0,0.6092967830481292
1359480,2,4,7,DL Chahar,0,0.6666120586627546
1359480,2,5,1,MM Ali,1,0.9994292557207151
1359480,2,5,2,MM Ali,1,0.9690854061610977
1359480,2,5,3,MM Ali,1,0.7809122893953538
1359480,2,5,4,MM Ali,1,0.5174573088189227
1359480,2,5,5,MM Ali,1,0.3186093016291675
1359480,2,5,6,MM Ali,1,0.30769365136203836
1359482,1,0,1,TA Boult,0,0.009139094769214562
1359482,1,0,2,TA Boult,0,0.006079572098985377
1359482,1,0,3,TA Boult,0,0.009000727320854869
1359482,1,0,4,TA Boult,1,0.8158045175557344
1359482,1,0,5,TA Boult,1,0.6058421871721137
1359482,1,0,6,TA Boult,0,0.38241553139443485
1359482,1,0,7,TA Boult,0,0.2650650379017086
1359482,1,1,1,KM Asif,0,0.00018803656535995415
1359482,1,1,2,KM Asif,0,0.007119706785163964
1359482,1,1,3,KM Asif,0,0.007051484992979314
1359482,1,1,4,KM Asif,0,0.007936531975399393
1359482,1,1,5,KM Asif,0,0.5328761780260726
1359482,1,1,6,KM Asif,0,0.4826116883774823
1359482,1,2,1,TA Boult,0,0.1562936457413411
1359482,1,2,2,TA Boult,0,0.43335139528486594
1359482,1,2,3,TA Boult,1,0.7149113931281256
1359482,1,2,4,TA Boult,0,0.6143399898559742
1359482,1,2,5,TA Boult,0,0.5384589606775542
1359482,1,2,6,TA Boult,0,0.4548603824437461
1359482,1,3,1,KM Asif,0,0.6538113301086045
1359482,1,3,2,KM Asif,0,0.5884350889151034
1359482,1,3,3,KM Asif,0,0.7493787243184397
1359482,1,3,4,KM Asif,1,0.7580642908308787
1359482,1,3,5,KM Asif,0,0.7775907061336271
1359482,1,3,6,KM Asif,0,0.7427414504557234
1359482,1,3,7,KM Asif,1,0.8673292875114196
1359482,1,4,1,R Ashwin,0,0.009492138152403677
1359482,1,4,2,R Ashwin,1,0.9538704468755808
1359482,1,4,3,R Ashwin,1,0.9785774020916596
1359482,1,4,4,R Ashwin,1,0.9822894923077106
1359482,1,4,5,R Ashwin,1,0.957373637543311
1359482,1,4,6,R Ashwin,1,0.8359091399898165
1359482,1,4,7,R Ashwin,1,0.7889818446913266
1359482,1,5,1,JO Holder,0,0.000277531675584536
1359482,1,5,2,JO Holder,1,0.9292657803350758
1359482,1,5,3,JO Holder,1,0.5757823079855786
1359482,1,5,4,JO Holder,1,0.4732554822832405
1359482,1,5,5,JO Holder,0,0.37425744544838385
1359482,1,5,6,JO Holder,0,0.35489331042357103
1359482,2,0,1,SM Curran,1,0.9984536611090415
1359482,2,0,2,SM Curran,1,0.9740802516440468
1359482,2,0,3,SM Curran,1,0.7596794751026787
1359482,2,0,4,SM Curran,0,0.5003696498634137
1359482,2,0,5,SM Curran,0,0.33334138552185294
1359482,2,0,6,SM Curran,0,0.20125846289723914
1359482,2,1,1,Arshdeep Singh,1,0.9990963676418799
1359482,2,1,2,Arshdeep Singh,1,0.999149335953545
1359482,2,1,3,Arshdeep Singh,1,0.9444838596088557
1359482,2,1,4,Arshdeep Singh,1,0.972905697689569
1359482,2,1,5,Arshdeep Singh,1,0.7005904633211045
1359482,2,1,6,Arshdeep Singh,0,0.4975092766121819
1359482,2,1,7,Arshdeep Singh,0,0.38549983964086376
1359482,2,1,8,Arshdeep Singh,0,0.33606388966153683
1359482,2,2,1,SM Curran,0,0.16897382935316138
1359482,2,2,2,SM Curran,0,0.22288624899006032
1359482,2,2,3,SM Curran,0,0.47704224846460697
1359482,2,2,4,SM Curran,0,0.4577145342583201
1359482,2,2,5,SM Curran,0,0.35694828796513195
1359482,2,2,6,SM Curran,0,0.3372283936816838
1359482,2,3,1,Arshdeep Singh,0,0.16030533925883358
1359482,2,3,2,Arshdeep Singh,0,0.16057294340325218
1359482,2,3,3,Arshdeep Singh,0,0.09741195674663342
1359482,2,3,4,Arshdeep Singh,0,0.443432361831642
1359482,2,3,5,Arshdeep Singh,0,0.4022442105348278
1359482,2,3,6,Arshdeep Singh,0,0.4968306044680761
1359482,2,4,1,Harpreet Brar,0,0.0002242510006796792
1359482,2,4,2,Harpreet Brar,1,0.9100405331034823
1359482,2,4,3,Harpreet Brar,1,0.9777779359164538
1359482,2,4,4,Harpreet Brar,1,0.9137421853464753
1359482,2,4,5,Harpreet Brar,1,0.7913588279558361
1359482,2,4,6,Harpreet Brar,1,0.7153483633853616
1359482,2,5,1,NT Ellis,1,0.999351028392022
1359482,2,5,2,NT Ellis,1,0.9990967287005571
1359482,2,5,3,NT Ellis,1,0.9736256681020571
1359482,2,5,4,NT Ellis,1,0.8764518270716684
1359482,2,5,5,NT Ellis,1,0.7473202036121782
1359482,2,5,6,NT Ellis,1,0.6625827249073529
1359485,1,0,1,KK Ahmed,1,0.9990889640640676
1359485,1,0,2,KK Ahmed,1,0.9991006001582268
1359485,1,0,3,KK Ahmed,1,0.9988203179770122
1359485,1,0,4,KK Ahmed,1,0.9760119252696489
1359485,1,0,5,KK Ahmed,1,0.962780286006831
1359485,1,0,6,KK Ahmed,1,0.9827466178437776
1359485,1,1,1,A Nortje,0,0.0001022984035429808
1359485,1,1,2,A Nortje,0,0.00010795467640001104
1359485,1,1,3,A Nortje,0,0.43688562313265744
1359485,1,1,4,A Nortje,0,0.13204328103430418
1359485,1,1,5,A Nortje,0,0.6457622872453833
1359485,1,1,6,A Nortje,1,0.8783742557652537
1359485,1,2,1,Mukesh Kumar,0,0.00010970940709782316
1359485,1,2,2,Mukesh Kumar,0,0.0011816746930734426
1359485,1,2,3,Mukesh Kumar,0,0.0005199368527520187
1359485,1,2,4,Mukesh Kumar,0,0.33708718363778384
1359485,1,2,5,Mukesh Kumar,0,0.24962657618090162
1359485,1,2,6,Mukesh Kumar,0,0.239940136772947
1359485,1,3,1,KK Ahmed,1,0.998168598982162
1359485,1,3,2,KK Ahmed,1,0.9987428533267806
1359485,1,3,3,KK Ahmed,1,0.9578771704922939
1359485,1,3,4,KK Ahmed,1,0.9558354683872462
1359485,1,3,5,KK Ahmed,1,0.9128578710260435
1359485,1,3,6,KK Ahmed,0,0.9117346784308523
1359485,1,3,7,KK Ahmed,1,0.9032699976725634
1359485,1,4,1,AR Patel,0,0.00018727711228459627
1359485,1,4,2,AR Patel,0,0.00019763109051543416
1359485,1,4,3,AR Patel,0,0.5280777108016242
1359485,1,4,4,AR Patel,1,0.917696631710307
1359485,1,4,5,AR Patel,1,0.9266207801810503
1359485,1,4,6,AR Patel,1,0.909771105925549
1359485,1,5,1,A Nortje,0,0.7628975951309279
1359485,1,5,2,A Nortje,0,0.6395916925247561
1359485,1,5,3,A Nortje,0,0.5807216318683641
1359485,1,5,4,A Nortje,0,0.6958837435940017
1359485,1,5,5,A Nortje,0,0.6522825079805955
1359485,1,5,6,A Nortje,0,0.5519606412055273
1359485,2,0,1,TA Boult,0,0.00028200386873074166
1359485,2,0,2,TA Boult,0,0.00030695790123802996
1359485,2,0,3,TA Boult,0,0.00029162204046339154
1359485,2,0,4,TA Boult,0,0.00030718325087207007
1359485,2,0,5,TA Boult,0,0.00030718325087207007
1359485,2,0,6,TA Boult,0,0.0002781960422107608
1359485,2,1,1,Sandeep Sharma,0,0.000751712278032294
1359485,2,1,2,Sandeep Sharma,0,0.006362548485640463
1359485,2,1,3,Sandeep Sharma,0,0.0022434038448308573
1359485,2,1,4,Sandeep Sharma,0,0.0007289533926803801
1359485,2,1,5,Sandeep Sharma,0,0.0007129443263676126
1359485,2,1,6,Sandeep Sharma,1,0.30278694216703667
1359485,2,1,7,Sandeep Sharma,1,0.1328543468994791
1359485,2,2,1,TA Boult,0,0.04109455897481066
1359485,2,2,2,TA Boult,0,0.12085215741592834
1359485,2,2,3,TA Boult,0,0.4762475606225505
1359485,2,2,4,TA Boult,0,0.4334697299873426
1359485,2,2,5,TA Boult,0,0.35678747723708
1359485,2,2,6,TA Boult,0,0.297038252271058
1359485,2,3,1,R Ashwin,0,0.0003483265450668873
1359485,2,3,2,R Ashwin,0,0.00032862331125613263
1359485,2,3,3,R Ashwin,0,0.0026779704757882512
1359485,2,3,4,R Ashwin,1,0.5494787649253254
1359485,2,3,5,R Ashwin,1,0.4476584865116903
1359485,2,3,6,R Ashwin,1,0.4148521134991901
1359485,2,4,1,JO Holder,0,0.010202668590723902
1359485,2,4,2,JO Holder,1,0.960862686747845
1359485,2,4,3,JO Holder,1,0.7937158131551789
1359485,2,4,4,JO Holder,0,0.5528105016009667
1359485,2,4,5,JO Holder,0,0.45530932930335044
1359485,2,4,6,JO Holder,0,0.5933878366637684
1359485,2,4,7,JO Holder,1,0.7732136707600227
1359485,2,5,1,R Ashwin,0,0.24909640647387857
1359485,2,5,2,R Ashwin,1,0.2412535133058553
1359485,2,5,3,R Ashwin,1,0.2155792938402321
1359485,2,5,4,R Ashwin,1,0.17256352623545435
1359485,2,5,5,R Ashwin,1,0.14862160714816294
1359485,2,5,6,R Ashwin,0,0.16583702074398235
1359485,2,5,7,R Ashwin,1,0.15963111025098117
1359492,1,0,1,Mohammed Shami,0,0.00015440830932411713
1359492,1,0,2,Mohammed Shami,0,0.0001717133400755287
1359492,1,0,3,Mohammed Shami,0,0.00017444647381041164
1359492,1,0,4,Mohammed Shami,0,0.35155396944331874
1359492,1,0,5,Mohammed Shami,0,0.4623888351292333
1359492,1,0,6,Mohammed Shami,0,0.3850384408797408
1359492,1,1,1,J Little,0,0.0001522155571797243
1359492,1,1,2,J Little,0,0.00016484083269750806
1359492,1,1,3,J Little,1,0.34623362230158833
1359492,1,1,4,J Little,0,0.25382771731142895
1359492,1,1,5,J Little,0,0.10002664894913522
1359492,1,1,6,J Little,1,0.2855960099903807
1359492,1,2,1,Mohammed Shami,0,0.3188940905650964
1359492,1,2,2,Mohammed Shami,0,0.29040241845861653
1359492,1,2,3,Mohammed Shami,0,0.29725761092840425
1359492,1,2,4,Mohammed Shami,0,0.32535772912006966
1359492,1,2,5,Mohammed Shami,0,0.3221129337101221
1359492,1,2,6,Mohammed Shami,0,0.499762769691025
1359492,1,2,7,Mohammed Shami,0,0.360530290212464
1359492,1,3,1,J Little,1,0.3061485779048725
1359492,1,3,2,J Little,0,0.2399571608551607
1359492,1,3,3,J Little,0,0.29282568385956564
1359492,1,3,4,J Little,0,0.31709333991363925
1359492,1,3,5,J Little,0,0.24683779214330517
1359492,1,3,6,J Little,0,0.19572014118369974
1359492,1,3,7,J Little,0,0.15930878975519877
1359492,1,4,1,AS Joseph,0,0.00023790532521961538
1359492,1,4,2,AS Joseph,0,0.016494295903723186
1359492,1,4,3,AS Joseph,0,0.0024025295975534685
1359492,1,4,4,AS Joseph,1,0.5184967185329564
1359492,1,4,5,AS Joseph,0,0.3330247461028516
1359492,1,4,6,AS Joseph,0,0.2367053988843597
1359492,1,4,7,AS Joseph,0,0.27076004861846953
1359492,1,4,8,AS Joseph,1,0.6437443592828925
1359492,1,5,1,J Little,0,0.06352043906751065
1359492,1,5,2,J Little,0,0.12265408938389617
1359492,1,5,3,J Little,0,0.12003270411336209
1359492,1,5,4,J Little,0,0.14934852835553594
1359492,1,5,5,J Little,0,0.2820038732949899
1359492,1,5,6,J Little,0,0.2820038732949899
1359492,1,5,7,J Little,0,0.2717035745904293
1359492,2,0,1,Arshdeep Singh,0,0.005787100154125712
1359492,2,0,2,Arshdeep Singh,1,0.9371511659177717
1359492,2,0,3,Arshdeep Singh,1,0.7496317180075136
1359492,2,0,4,Arshdeep Singh,1,0.559266369676426
1359492,2,0,5,Arshdeep Singh,0,0.23085553066546752
1359492,2,0,6,Arshdeep Singh,0,0.17991599299253436
1359492,2,1,1,K Rabada,0,0.0001232271449662045
1359492,2,1,2,K Rabada,1,0.8851429261513633
1359492,2,1,3,K Rabada,0,0.35011454360874383
1359492,2,1,4,K Rabada,0,0.2424954296664607
1359492,2,1,5,K Rabada,0,0.22934203697536634
1359492,2,1,6,K Rabada,1,0.5848436218432325
1359492,2,2,1,Arshdeep Singh,1,0.3926344931908328
1359492,2,2,2,Arshdeep Singh,1,0.5539755794495588
1359492,2,2,3,Arshdeep Singh,1,0.5455434951275677
1359492,2,2,4,Arshdeep Singh,1,0.6385102600547242
1359492,2,2,5,Arshdeep Singh,1,0.7974957280577807
1359492,2,2,6,Arshdeep Singh,1,0.7528227919143518
1359492,2,3,1,Harpreet Brar,1,0.9995332063013801
1359492,2,3,2,Harpreet Brar,1,0.9207303580273413
1359492,2,3,3,Harpreet Brar,1,0.5945687561373988
1359492,2,3,4,Harpreet Brar,1,0.36294118160502425
1359492,2,3,5,Harpreet Brar,1,0.20904809534851185
1359492,2,3,6,Harpreet Brar,1,0.17490925415444275
1359492,2,4,1,K Rabada,0,0.3527125504752588
1359492,2,4,2,K Rabada,1,0.3134664723618617
1359492,2,4,3,K Rabada,0,0.2632153653370588
1359492,2,4,4,K Rabada,0,0.25933594860186787
1359492,2,4,5,K Rabada,0,0.24074339685019056
1359492,2,4,6,K Rabada,1,0.38522381637486985
1359492,2,5,1,SM Curran,0,0.008853606971452708
1359492,2,5,2,SM Curran,0,0.007713300643078258
1359492,2,5,3,SM Curran,0,0.00686574212870756
1359492,2,5,4,SM Curran,0,0.006834416168234906
1359492,2,5,5,SM Curran,0,0.008058018802001318
1359492,2,5,6,SM Curran,0,0.009894797300037292
1359497,1,0,1,TA Boult,0,0.0005880840908181846
1359497,1,0,2,TA Boult,0,0.0061493993658950025
1359497,1,0,3,TA Boult,1,0.892690052754851
1359497,1,0,4,TA Boult,0,0.6067693910404908
1359497,1,0,5,TA Boult,0,0.3369488498117646
1359497,1,0,6,TA Boult,0,0.3001847935140018
1359497,1,0,7,TA Boult,0,0.3808599791486186
1359497,1,1,1,Sandeep Sharma,0,0.0002482400044062511
1359497,1,1,2,Sandeep Sharma,0,0.00025962121675110407
1359497,1,1,3,Sandeep Sharma,1,0.31854681826001785
1359497,1,1,4,Sandeep Sharma,1,0.2591524088720682
1359497,1,1,5,Sandeep Sharma,0,0.305856564244057
1359497,1,1,6,Sandeep Sharma,0,0.26475315169567537
1359497,1,2,1,TA Boult,0,0.33691933129565954
1359497,1,2,2,TA Boult,0,0.4346421046268125
1359497,1,2,3,TA Boult,0,0.35902325925465994
1359497,1,2,4,TA Boult,0,0.30826018386969584
1359497,1,2,5,TA Boult,0,0.39109792033126717
1359497,1,2,6,TA Boult,0,0.32877068092858575
1359497,1,2,7,TA Boult,0,0.3999827944016887
1359497,1,3,1,Sandeep Sharma,0,0.21843500801346666
1359497,1,3,2,Sandeep Sharma,0,0.1786734131874311
1359497,1,3,3,Sandeep Sharma,0,0.09798406308771504
1359497,1,3,4,Sandeep Sharma,0,0.16177503616042485
1359497,1,3,5,Sandeep Sharma,0,0.1886985716361898
1359497,1,3,6,Sandeep Sharma,0,0.1619282096370785
1359497,1,4,1,A Zampa,0,0.011869199294641948
1359497,1,4,2,A Zampa,0,0.017373431616058137
1359497,1,4,3,A Zampa,0,0.025132124029910493
1359497,1,4,4,A Zampa,0,0.02454732404614852
1359497,1,4,5,A Zampa,0,0.033692075065341595
1359497,1,4,6,A Zampa,0,0.02184513177248496
1359497,1,5,1,R Ashwin,1,0.9983178653311845
1359497,1,5,2,R Ashwin,1,0.9078602862357921
1359497,1,5,3,R Ashwin,1,0.6382341494454562
1359497,1,5,4,R Ashwin,0,0.4265128382209296
1359497,1,5,5,R Ashwin,0,0.38655559384448906
1359497,1,5,6,R Ashwin,1,0.6506093228693207
1359497,2,0,1,Mohammed Shami,0,0.0006556265888962029
1359497,2,0,2,Mohammed Shami,0,0.014328112016800646
1359497,2,0,3,Mohammed Shami,0,0.0017418312484832948
1359497,2,0,4,Mohammed Shami,0,0.0006615156677722021
1359497,2,0,5,Mohammed Shami,0,0.004972417460112622
1359497,2,0,6,Mohammed Shami,0,0.001956586757088643
1359497,2,0,7,Mohammed Shami,0,0.0008365964997300531
1359497,2,1,1,HH Pandya,0,0.00018726841489295453
1359497,2,1,2,HH Pandya,0,0.0001975711584391708
1359497,2,1,3,HH Pandya,0,0.00016740575711416056
1359497,2,1,4,HH Pandya,0,0.000169318997894556
1359497,2,1,5,HH Pandya,0,0.0001723676250382846
1359497,2,1,6,HH Pandya,0,0.0001771126611222349
1359497,2,2,1,Mohammed Shami,0,0.0007910178886908805
1359497,2,2,2,Mohammed Shami,0,0.0005975874062411824
1359497,2,2,3,Mohammed Shami,0,0.0004466667207023824
1359497,2,2,4,Mohammed Shami,0,0.0004466667207023824
1359497,2,2,5,Mohammed Shami,0,0.00019069350988554812
1359497,2,2,6,Mohammed Shami,0,0.00019608483169016356
1359497,2,3,1,HH Pandya,0,0.023014032190469772
1359497,2,3,2,HH Pandya,0,0.030564136031440526
1359497,2,3,3,HH Pandya,0,0.02388675178659404
1359497,2,3,4,HH Pandya,0,0.021132026213190054
1359497,2,3,5,HH Pandya,0,0.019711767786470043
1359497,2,3,6,HH Pandya,0,0.12059282445821026
1359497,2,4,1,Mohammed Shami,0,0.000288549886144949
1359497,2,4,2,Mohammed Shami,0,0.00032280985810958243
1359497,2,4,3,Mohammed Shami,0,0.0003549268562147515
1359497,2,4,4,Mohammed Shami,0,0.0005518700692411063
1359497,2,4,5,Mohammed Shami,0,0.009599356775091291
1359497,2,4,6,Mohammed Shami,0,0.01058504804896565
1359497,2,5,1,HH Pandya,0,0.04271099351280188
1359497,2,5,2,HH Pandya,0,0.032837333837036985
1359497,2,5,3,HH Pandya,0,0.03173384298263817
1359497,2,5,4,HH Pandya,1,0.4656530188661375
1359497,2,5,5,HH Pandya,0,0.3572879506278703
1359497,2,5,6,HH Pandya,0,0.27943150264623745
1359500,1,0,1,TA Boult,0,0.00013283118233206536
1359500,1,0,2,TA Boult,0,0.00013544273297238485
1359500,1,0,3,TA Boult,0,0.00013759863271376092
1359500,1,0,4,TA Boult,0,0.00014163003568774232
1359500,1,0,5,TA Boult,0,0.00014163003568774232
1359500,1,0,6,TA Boult,0,0.0001378188381171877
1359500,1,1,1,Sandeep Sharma,0,0.00013440169485924447
1359500,1,1,2,Sandeep Sharma,1,0.723354878983803
1359500,1,1,3,Sandeep Sharma,1,0.8455976207466464
1359500,1,1,4,Sandeep Sharma,1,0.4798613817662968
1359500,1,1,5,Sandeep Sharma,1,0.2843980672865308
1359500,1,1,6,Sandeep Sharma,1,0.27939427666907135
1359500,1,1,7,Sandeep Sharma,1,0.6468077001869269
1359500,1,2,1,TA Boult,0,0.0001528304610509086
1359500,1,2,2,TA Boult,0,0.00033551676806446533
1359500,1,2,3,TA Boult,0,0.00025442771619111064
1359500,1,2,4,TA Boult,0,0.00025442771619111064
1359500,1,2,5,TA Boult,0,0.00013993323505994502
1359500,1,2,6,TA Boult,0,0.00013993323505994502
1359500,1,3,1,Sandeep Sharma,1,0.3389844254369466
1359500,1,3,2,Sandeep Sharma,1,0.23422122998854575
1359500,1,3,3,Sandeep Sharma,1,0.21568203543677741
1359500,1,3,4,Sandeep Sharma,1,0.16651025134971872
1359500,1,3,5,Sandeep Sharma,1,0.15690211671028267
1359500,1,3,6,Sandeep Sharma,1,0.15020408496184212
1359500,1,4,1,TA Boult,0,0.00016233997102037438
1359500,1,4,2,TA Boult,0,0.00696993840579528
1359500,1,4,3,TA Boult,0,0.005339503106989782
1359500,1,4,4,TA Boult,0,0.004843869944920052
1359500,1,4,5,TA Boult,1,0.0429308721719343
1359500,1,4,6,TA Boult,1,0.055655413920922235
1359500,1,5,1,R Ashwin,0,0.009349447217469529
1359500,1,5,2,R Ashwin,0,0.00437913576581083
1359500,1,5,3,R Ashwin,0,0.0018915785545401739
1359500,1,5,4,R Ashwin,0,0.0012288968831072958
1359500,1,5,5,R Ashwin,1,0.11804392983080181
1359500,1,5,6,R Ashwin,1,0.1256207744230743
1359500,2,0,1,Naveen-ul-Haq,0,0.00023366797902992008
1359500,2,0,2,Naveen-ul-Haq,0,0.005844623682060473
1359500,2,0,3,Naveen-ul-Haq,0,0.014250432594576439
1359500,2,0,4,Naveen-ul-Haq,0,0.0065871204119857
1359500,2,0,5,Naveen-ul-Haq,0,0.0028193985931984585
1359500,2,0,6,Naveen-ul-Haq,0,0.0021882641139935634
1359500,2,1,1,Yudhvir Singh,0,0.000248012774834451
1359500,2,1,2,Yudhvir Singh,0,0.014851540165818196
1359500,2,1,3,Yudhvir Singh,0,0.008425943541974443
1359500,2,1,4,Yudhvir Singh,0,0.010860650822735553
1359500,2,1,5,Yudhvir Singh,0,0.015427695332506104
1359500,2,1,6,Yudhvir Singh,0,0.33283073549354697
1359500,2,1,7,Yudhvir Singh,1,0.6856599978241859
1359500,2,2,1,Naveen-ul-Haq,0,0.005972245712142776
1359500,2,2,2,Naveen-ul-Haq,0,0.016120267915216892
1359500,2,2,3,Naveen-ul-Haq,0,0.00951919568816534
1359500,2,2,4,Naveen-ul-Haq,0,0.00671891699336649
1359500,2,2,5,Naveen-ul-Haq,0,0.005024894646060239
1359500,2,2,6,Naveen-ul-Haq,0,0.008916864315949433
1359500,2,3,1,Avesh Khan,0,0.0003684904039363364
1359500,2,3,2,Avesh Khan,0,0.0003596236526514993
1359500,2,3,3,Avesh Khan,0,0.0003751098450502528
1359500,2,3,4,Avesh Khan,0,0.0022137841853656624
1359500,2,3,5,Avesh Khan,0,0.0017068305698528159
1359500,2,3,6,Avesh Khan,0,0.0030588039776841326
1359500,2,4,1,Yudhvir Singh,1,0.776701241844718
1359500,2,4,2,Yudhvir Singh,1,0.6022581493665224
1359500,2,4,3,Yudhvir Singh,1,0.544945576936339
1359500,2,4,4,Yudhvir Singh,1,0.7498816119830793
1359500,2,4,5,Yudhvir Singh,1,0.6312227532938611
1359500,2,5,1,Avesh Khan,0,0.08417449289495983
1359500,2,5,2,Avesh Khan,1,0.1103588174487794
1359500,2,5,3,Avesh Khan,1,0.09467102995382795
1359500,2,5,4,Avesh Khan,1,0.091693063347911
1359500,2,5,5,Avesh Khan,0,0.0952907167452292
1359500,2,5,6,Avesh Khan,1,0.10966862695956446
1359506,1,0,1,TA Boult,0,0.0005754407497192018
1359506,1,0,2,TA Boult,0,0.00048301392593437493
1359506,1,0,3,TA Boult,0,0.02114961351248296
1359506,1,0,4,TA Boult,0,0.024731887385929123
1359506,1,0,5,TA Boult,0,0.021221710863845507
1359506,1,0,6,TA Boult,0,0.010665695613246044
1359506,1,1,1,Sandeep Sharma,0,0.0002767113574313063
1359506,1,1,2,Sandeep Sharma,0,0.7106159753036333
1359506,1,1,3,Sandeep Sharma,0,0.2671481636076504
1359506,1,1,4,Sandeep Sharma,0,0.7074146983160498
1359506,1,1,5,Sandeep Sharma,0,0.5285573952225507
1359506,1,1,6,Sandeep Sharma,0,0.5053044057074947
1359506,1,2,1,TA Boult,0,0.008274856721859902
1359506,1,2,2,TA Boult,0,0.15779824132253484
1359506,1,2,3,TA Boult,0,0.12232069800964568
1359506,1,2,4,TA Boult,0,0.09886049111032759
1359506,1,2,5,TA Boult,0,0.3738155994307202
1359506,1,2,6,TA Boult,0,0.3494860117720254
1359506,1,3,1,Sandeep Sharma,0,0.3159716358833725
1359506,1,3,2,Sandeep Sharma,0,0.22870479463848042
1359506,1,3,3,Sandeep Sharma,0,0.47657212282311684
1359506,1,3,4,Sandeep Sharma,1,0.6334793770056624
1359506,1,3,5,Sandeep Sharma,0,0.5840833163409047
1359506,1,3,6,Sandeep Sharma,1,0.6142452701878055
1359506,1,4,1,TA Boult,0,0.40657873127643757
1359506,1,4,2,TA Boult,0,0.4033384711289314
1359506,1,4,3,TA Boult,0,0.39632926581129757
1359506,1,4,4,TA Boult,0,0.4675463176401931
1359506,1,4,5,TA Boult,0,0.44701839760728707
1359506,1,4,6,TA Boult,0,0.4699911197295385
1359506,1,5,1,R Ashwin,0,0.04181242796444507
1359506,1,5,2,R Ashwin,0,0.012053107229463615
1359506,1,5,3,R Ashwin,1,0.623925251958312
1359506,1,5,4,R Ashwin,0,0.3448082617460559
1359506,1,5,5,R Ashwin,1,0.7548258674644293
1359506,1,5,6,R Ashwin,1,0.7277766596622047
1359506,2,0,1,Mohammed Siraj,0,0.00032157069728626863
1359506,2,0,2,Mohammed Siraj,0,0.01232997347091561
1359506,2,0,3,Mohammed Siraj,0,0.009290249748588778
1359506,2,0,4,Mohammed Siraj,0,0.00856765229069498
1359506,2,0,5,Mohammed Siraj,0,0.007196192182448023
1359506,2,0,6,Mohammed Siraj,0,0.0005777350799122499
1359506,2,1,1,DJ Willey,0,0.0003514712889930154
1359506,2,1,2,DJ Willey,1,0.6692163160049838
1359506,2,1,3,DJ Willey,1,0.26100997247712115
1359506,2,1,4,DJ Willey,0,0.12738752810873502
1359506,2,1,5,DJ Willey,0,0.06621156623859772
1359506,2,1,6,DJ Willey,0,0.08865079895614968
1359506,2,2,1,Mohammed Siraj,0,0.05312207582075176
1359506,2,2,2,Mohammed Siraj,0,0.22660544969412233
1359506,2,2,3,Mohammed Siraj,0,0.23643350839096655
1359506,2,2,4,Mohammed Siraj,0,0.19588874927769984
1359506,2,2,5,Mohammed Siraj,0,0.1943623309315388
1359506,2,2,6,Mohammed Siraj,0,0.16330723338762806
1359506,2,3,1,DJ Willey,0,0.0832939915409272
1359506,2,3,2,DJ Willey,1,0.210757526630957
1359506,2,3,3,DJ Willey,1,0.16382318609940627
1359506,2,3,4,DJ Willey,1,0.17544331429063406
1359506,2,3,5,DJ Willey,0,0.15614074043759843
1359506,2,3,6,DJ Willey,0,0.15990104081235668
1359506,2,4,1,Vijaykumar Vyshak,1,0.9994496672977113
1359506,2,4,2,Vijaykumar Vyshak,1,0.999403467997394
1359506,2,4,3,Vijaykumar Vyshak,1,0.944336737200583
1359506,2,4,4,Vijaykumar Vyshak,1,0.9688977480924794
1359506,2,4,5,Vijaykumar Vyshak,1,0.7675769732876101
1359506,2,4,6,Vijaykumar Vyshak,1,0.7201140439638868
1359506,2,5,1,GJ Maxwell,1,0.9994082311642482
1359506,2,5,2,GJ Maxwell,1,0.8540645388230489
1359506,2,5,3,GJ Maxwell,0,0.524266307640186
1359506,2,5,4,GJ Maxwell,1,0.8911318174432274
1359506,2,5,5,GJ Maxwell,1,0.7106827934767891
1359506,2,5,6,GJ Maxwell,0,0.5712629112373485
1359514,1,0,1,I Sharma,0,0.00013791299752866193
1359514,1,0,2,I Sharma,1,0.7680106833681146
1359514,1,0,3,I Sharma,1,0.91769864531967
1359514,1,0,4,I Sharma,1,0.7585494836340474
1359514,1,0,5,I Sharma,0,0.4611360052188597
1359514,1,0,6,I Sharma,0,0.29924557653820627
1359514,1,1,1,A Nortje,0,0.0004951494876236175
1359514,1,1,2,A Nortje,1,0.9989761121264188
1359514,1,1,3,A Nortje,1,0.8429813572630142
1359514,1,1,4,A Nortje,1,0.9216400098802725
1359514,1,1,5,A Nortje,1,0.7473977610786314
1359514,1,1,6,A Nortje,0,0.49527515014687296
1359514,1,1,7,A Nortje,0,0.3965580369224104
1359514,1,1,8,A Nortje,1,0.6596794277069197
1359514,1,2,1,I Sharma,0,0.2067208799770261
1359514,1,2,2,I Sharma,0,0.18901670791432207
1359514,1,2,3,I Sharma,0,0.15023839806913056
1359514,1,2,4,I Sharma,0,0.16187593943725387
1359514,1,2,5,I Sharma,0,0.21624468716759243
1359514,1,2,6,I Sharma,0,0.3093208104952473
1359514,1,3,1,Mukesh Kumar,0,0.007569005050749193
1359514,1,3,2,Mukesh Kumar,0,0.8747723244806996
1359514,1,3,3,Mukesh Kumar,0,0.7491373636223514
1359514,1,3,4,Mukesh Kumar,0,0.5255590604746253
1359514,1,3,5,Mukesh Kumar,0,0.462443375753146
1359514,1,3,6,Mukesh Kumar,0,0.7312247535620165
1359514,1,4,1,MR Marsh,0,0.00024808033330098433
1359514,1,4,2,MR Marsh,0,0.0002561698794852755
1359514,1,4,3,MR Marsh,0,0.0038159663021038424
1359514,1,4,4,MR Marsh,0,0.006201289468507826
1359514,1,4,5,MR Marsh,0,0.00435402284537457
1359514,1,4,6,MR Marsh,0,0.006187835127771173
1359514,1,4,7,MR Marsh,0,0.0079402434554096
1359514,1,5,1,I Sharma,0,0.43460822261825355
1359514,1,5,2,I Sharma,0,0.3429033353136951
1359514,1,5,3,I Sharma,0,0.467513695517274
1359514,1,5,4,I Sharma,0,0.3975551981518695
1359514,1,5,5,I Sharma,0,0.6008865621608246
1359514,2,0,1,B Kumar,0,0.0002796292708001403
1359514,2,0,2,B Kumar,0,0.00030393530124761076
1359514,2,0,3,B Kumar,0,0.017865886393022355
1359514,2,0,4,B Kumar,0,0.5743296796548437
1359514,2,0,5,B Kumar,0,0.4665880315966429
1359514,2,0,6,B Kumar,0,0.44877121378442264
1359514,2,1,1,AJ Hosein,0,0.01054274146736604
1359514,2,1,2,AJ Hosein,1,0.8861023748268407
1359514,2,1,3,AJ Hosein,1,0.7748721350130934
1359514,2,1,4,AJ Hosein,1,0.6383957381201663
1359514,2,1,5,AJ Hosein,0,0.5434096259682182
1359514,2,1,6,AJ Hosein,0,0.433265289564078
1359514,2,2,1,B Kumar,0,0.22163343655661813
1359514,2,2,2,B Kumar,0,0.2517227345293184
1359514,2,2,3,B Kumar,0,0.15962436021815868
1359514,2,2,4,B Kumar,0,0.13789610058180923
1359514,2,2,5,B Kumar,0,0.1530533014105336
1359514,2,2,6,B Kumar,0,0.4372655113476454
1359514,2,3,1,AJ Hosein,0,0.28364678716125635
1359514,2,3,2,AJ Hosein,1,0.5175466222136671
1359514,2,3,3,AJ Hosein,0,0.4421801856116867
1359514,2,3,4,AJ Hosein,0,0.42237143874045774
1359514,2,3,5,AJ Hosein,0,0.5269583461808891
1359514,2,3,6,AJ Hosein,0,0.49653049477514577
1359514,2,4,1,T Natarajan,0,0.00041681052233200164
1359514,2,4,2,T Natarajan,0,0.0141407527873046
1359514,2,4,3,T Natarajan,0,0.02906394975486688
1359514,2,4,4,T Natarajan,1,0.7483086082428463
1359514,2,4,5,T Natarajan,1,0.49030785308560526
1359514,2,4,6,T Natarajan,1,0.49600779673129347
1359514,2,5,1,AJ Hosein,1,0.5619661289395737
1359514,2,5,2,AJ Hosein,1,0.6313469274842566
1359514,2,5,3,AJ Hosein,1,0.6443139798769322
1359514,2,5,4,AJ Hosein,1,0.6559225017570606
1359514,2,5,5,AJ Hosein,1,0.6603639643581432
1359514,2,5,6,AJ Hosein,1,0.6540021852313239
1359520,1,0,1,C Green,0,0.00020474757620187552
1359520,1,0,2,C Green,0,0.0002169218311902949
1359520,1,0,3,C Green,0,0.011736687151461296
1359520,1,0,4,C Green,0,0.023509283595003067
1359520,1,0,5,C Green,0,0.03407259860904498
1359520,1,0,6,C Green,1,0.2250481603653125
1359520,1,1,1,Arshad Khan,1,0.9995260663955041
1359520,1,1,2,Arshad Khan,1,0.8437228373475061
1359520,1,1,3,Arshad Khan,0,0.38616500361815054
1359520,1,1,4,Arshad Khan,0,0.29271904890047573
1359520,1,1,5,Arshad Khan,0,0.12132507921002858
1359520,1,1,6,Arshad Khan,0,0.3491708245051171
1359520,1,2,1,C Green,0,0.10804810400557487
1359520,1,2,2,C Green,0,0.11135024107104735
1359520,1,2,3,C Green,0,0.09994055541916962
1359520,1,2,4,C Green,0,0.09559168758944839
1359520,1,2,5,C Green,1,0.18528041040320894
1359520,1,3,1,Arshad Khan,0,0.3459550034020502
1359520,1,3,2,Arshad Khan,0,0.30247946545249416
1359520,1,3,3,Arshad Khan,0,0.2691845335657848
1359520,1,3,4,Arshad Khan,0,0.25235091209368776
1359520,1,3,5,Arshad Khan,0,0.31636002046122164
1359520,1,3,6,Arshad Khan,0,0.4752914325966317
1359520,1,4,1,JC Archer,0,0.016594577370355895
1359520,1,4,2,JC Archer,0,0.0175993664076414
1359520,1,4,3,JC Archer,0,0.021729542066129752
1359520,1,4,4,JC Archer,0,0.026790881426070456
1359520,1,4,5,JC Archer,0,0.036875988822420984
1359520,1,4,6,JC Archer,0,0.04131492398448948
1359520,1,5,1,PP Chawla,1,0.9995006673984848
1359520,1,5,2,PP Chawla,1,0.9995005734899931
1359520,1,5,3,PP Chawla,1,0.9885336071354579
1359520,1,5,4,PP Chawla,1,0.8960357364050725
1359520,1,5,5,PP Chawla,1,0.6049276848166225
1359520,1,5,6,PP Chawla,1,0.5250955149320423
1359520,2,0,1,R Dhawan,0,0.00020151089541413996
1359520,2,0,2,R Dhawan,0,0.00021456554667012117
1359520,2,0,3,R Dhawan,0,0.0002603813206900416
1359520,2,0,4,R Dhawan,0,0.0002633568772945301
1359520,2,0,5,R Dhawan,0,0.0010649316699373088
1359520,2,0,6,R Dhawan,0,0.00044350659437892133
1359520,2,1,1,Arshdeep Singh,0,0.0006625015104413889
1359520,2,1,2,Arshdeep Singh,1,0.9995460637145253
1359520,2,1,3,Arshdeep Singh,0,0.9772811557497723
1359520,2,1,4,Arshdeep Singh,0,0.8252849952662266
1359520,2,1,5,Arshdeep Singh,0,0.6025601183698043
1359520,2,1,6,Arshdeep Singh,0,0.7931799291384601
1359520,2,1,7,Arshdeep Singh,0,0.9338835274993563
1359520,2,2,1,R Dhawan,0,0.0002813568882611204
1359520,2,2,2,R Dhawan,0,0.00021722257017677278
1359520,2,2,3,R Dhawan,0,0.00016329887142740954
1359520,2,2,4,R Dhawan,0,0.0010624690224750122
1359520,2,2,5,R Dhawan,0,0.0020195854286329663
1359520,2,2,6,R Dhawan,0,0.0017026763558440482
1359520,2,3,1,SM Curran,0,0.00026155142142602597
1359520,2,3,2,SM Curran,0,0.00023751408258355594
1359520,2,3,3,SM Curran,0,0.0011853245770353927
1359520,2,3,4,SM Curran,0,0.2873221746738732
1359520,2,3,5,SM Curran,0,0.1635109476495449
1359520,2,3,6,SM Curran,0,0.4096484103651041
1359520,2,4,1,R Dhawan,0,0.016781909964893846
1359520,2,4,2,R Dhawan,0,0.01592874364199508
1359520,2,4,3,R Dhawan,0,0.13858468014067685
1359520,2,4,4,R Dhawan,0,0.12686615631574663
1359520,2,4,5,R Dhawan,0,0.11719886144595908
1359520,2,5,1,NT Ellis,0,0.00045017913961783963
1359520,2,5,2,NT Ellis,0,0.005128966278583834
1359520,2,5,3,NT Ellis,0,0.0094596634224368
1359520,2,5,4,NT Ellis,0,0.007675639489073185
1359520,2,5,5,NT Ellis,0,0.02087347356146391
1359520,2,5,6,NT Ellis,0,0.018851298487037052
1359526,1,0,1,B Kumar,1,0.9994610760290824
1359526,1,0,2,B Kumar,1,0.7304681474364151
1359526,1,0,3,B Kumar,0,0.2294567702600148
1359526,1,0,4,B Kumar,1,0.7361956918302638
1359526,1,0,5,B Kumar,0,0.5804373376138399
1359526,1,0,6,B Kumar,0,0.3393547378239466
1359526,1,1,1,M Jansen,0,0.024478798250715077
1359526,1,1,2,M Jansen,0,0.007084814445869431
1359526,1,1,3,M Jansen,0,0.001603120186112682
1359526,1,1,4,M Jansen,0,0.20551061341582294
1359526,1,1,5,M Jansen,0,0.2128772587035203
1359526,1,1,6,M Jansen,0,0.2658755132442231
1359526,1,1,7,M Jansen,1,0.6664519375246705
1359526,1,2,1,T Natarajan,0,0.0001932759131115128
1359526,1,2,2,T Natarajan,0,0.0001987023832457659
1359526,1,2,3,T Natarajan,0,0.0018720652587005317
1359526,1,2,4,T Natarajan,0,0.011489325938082688
1359526,1,2,5,T Natarajan,0,0.017491159666813885
1359526,1,2,6,T Natarajan,0,0.29021330585680544
1359526,1,2,7,T Natarajan,0,0.27922301655598286
1359526,1,3,1,B Kumar,0,0.28036877986435027
1359526,1,3,2,B Kumar,0,0.5347479076257282
1359526,1,3,3,B Kumar,1,0.6570487540274677
1359526,1,3,4,B Kumar,1,0.6675673848061902
1359526,1,3,5,B Kumar,0,0.5393967980439113
1359526,1,3,6,B Kumar,0,0.4833993389154016
1359526,1,4,1,M Jansen,0,0.6011518532925777
1359526,1,4,2,M Jansen,1,0.6435743848206799
1359526,1,4,3,M Jansen,1,0.6260521132440221
1359526,1,4,4,M Jansen,1,0.6222127020391433
1359526,1,4,5,M Jansen,1,0.6509248266758297
1359526,1,4,6,M Jansen,1,0.5954279281694808
1359526,1,5,1,T Natarajan,0,0.14766568879283473
1359526,1,5,2,T Natarajan,0,0.1318364721525739
1359526,1,5,3,T Natarajan,0,0.12034641585787526
1359526,1,5,4,T Natarajan,0,0.09439666571068395
1359526,1,5,5,T Natarajan,0,0.20166294695958267
1359526,1,5,6,T Natarajan,0,0.23255501790740113
1359526,2,0,1,Sandeep Sharma,0,0.00011189644842576112
1359526,2,0,2,Sandeep Sharma,0,0.00011473947985709048
1359526,2,0,3,Sandeep Sharma,0,0.00011656587550817437
1359526,2,0,4,Sandeep Sharma,0,0.0005349165866780678
1359526,2,0,5,Sandeep Sharma,0,0.0010558290187831082
1359526,2,0,6,Sandeep Sharma,0,0.005845850994496876
1359526,2,1,1,K Yadav,0,0.006255487573305496
1359526,2,1,2,K Yadav,0,0.0025755739193045937
1359526,2,1,3,K Yadav,0,0.0008289492914760344
1359526,2,1,4,K Yadav,0,0.5370968428827447
1359526,2,1,5,K Yadav,0,0.4141372934989607
1359526,2,1,6,K Yadav,0,0.24034157608261503
1359526,2,2,1,Sandeep Sharma,0,0.005050730926900795
1359526,2,2,2,Sandeep Sharma,0,0.004252778949531813
1359526,2,2,3,Sandeep Sharma,0,0.005963659333311336
1359526,2,2,4,Sandeep Sharma,0,0.0869095498568088
1359526,2,2,5,Sandeep Sharma,0,0.08814407987247706
1359526,2,2,6,Sandeep Sharma,0,0.1569165834818099
1359526,2,3,1,R Ashwin,0,0.005820915129994147
1359526,2,3,2,R Ashwin,0,0.0022502821122801562
1359526,2,3,3,R Ashwin,0,0.003959111570714022
1359526,2,3,4,R Ashwin,0,0.004373335011440625
1359526,2,3,5,R Ashwin,0,0.3666233262478007
1359526,2,3,6,R Ashwin,0,0.3060490229868369
1359526,2,4,1,Sandeep Sharma,0,0.28500200885229315
1359526,2,4,2,Sandeep Sharma,0,0.2839922902205359
1359526,2,4,3,Sandeep Sharma,0,0.37693265256678105
1359526,2,4,4,Sandeep Sharma,0,0.3970961366313397
1359526,2,4,5,Sandeep Sharma,0,0.4184010206462243
1359526,2,4,6,Sandeep Sharma,0,0.42333765080753516
1359526,2,5,1,YS Chahal,0,0.0001686779709357744
1359526,2,5,2,YS Chahal,0,0.0001749017096331319
1359526,2,5,3,YS Chahal,1,0.27449339432535846
1359526,2,5,4,YS Chahal,1,0.48572640464694905
1359526,2,5,5,YS Chahal,0,0.2713610745775559
1359526,2,5,6,YS Chahal,0,0.24865880880983696
1359533,1,0,1,KK Ahmed,0,0.00017795278034863775
1359533,1,0,2,KK Ahmed,0,0.007342068083428766
1359533,1,0,3,KK Ahmed,0,0.009017484128444178
1359533,1,0,4,KK Ahmed,0,0.005879848223893767
1359533,1,0,5,KK Ahmed,0,0.008836713957035636
1359533,1,0,6,KK Ahmed,0,0.005445671556396634
1359533,1,0,7,KK Ahmed,0,0.008979659575612076
1359533,1,0,8,KK Ahmed,0,0.008824085810361747
1359533,1,1,1,I Sharma,1,0.9985144929952061
1359533,1,1,2,I Sharma,1,0.8422014966798471
1359533,1,1,3,I Sharma,1,0.6088924025245074
1359533,1,1,4,I Sharma,1,0.724601099811722
1359533,1,1,5,I Sharma,1,0.5528761630903074
1359533,1,1,6,I Sharma,1,0.4271966656403399
1359533,1,2,1,KK Ahmed,0,0.007928249607461092
1359533,1,2,2,KK Ahmed,0,0.006280484648055748
1359533,1,2,3,KK Ahmed,0,0.09136842947831281
1359533,1,2,4,KK Ahmed,0,0.05292388894397701
1359533,1,2,5,KK Ahmed,0,0.14060115507106255
1359533,1,2,6,KK Ahmed,0,0.14222439396770237
1359533,1,3,1,AR Patel,0,0.00019639511640729616
1359533,1,3,2,AR Patel,1,0.7314627819462464
1359533,1,3,3,AR Patel,1,0.2863629634315142
1359533,1,3,4,AR Patel,0,0.20911447372324424
1359533,1,3,5,AR Patel,0,0.09960628024331863
1359533,1,3,6,AR Patel,1,0.34446787554804636
1359533,1,3,7,AR Patel,1,0.2134717038703222
1359533,1,4,1,I Sharma,0,0.3162295587137982
1359533,1,4,2,I Sharma,0,0.30526472136159083
1359533,1,4,3,I Sharma,0,0.28795779552048173
1359533,1,4,4,I Sharma,0,0.22695364835829498
1359533,1,4,5,I Sharma,0,0.2942357310512903
1359533,1,4,6,I Sharma,0,0.3207854241918432
1359533,1,5,1,AR Patel,1,0.57258430822441
1359533,1,5,2,AR Patel,1,0.41775328832002584
1359533,1,5,3,AR Patel,1,0.37015060809536127
1359533,1,5,4,AR Patel,1,0.34944315270029097
1359533,1,5,5,AR Patel,1,0.3158710896421191
1359533,1,5,6,AR Patel,1,0.25959913703582643
1359533,2,0,1,R Dhawan,1,0.9990427639818715
1359533,2,0,2,R Dhawan,1,0.9989736941388548
1359533,2,0,3,R Dhawan,1,0.921053216268552
1359533,2,0,4,R Dhawan,1,0.7326542294965546
1359533,2,0,5,R Dhawan,1,0.6635873467525799
1359533,2,1,1,SM Curran,0,0.0074983193765441125
1359533,2,1,2,SM Curran,0,0.00749439331436076
1359533,2,1,3,SM Curran,1,0.5927896140963619
1359533,2,1,4,SM Curran,1,0.43014071333544646
1359533,2,1,5,SM Curran,0,0.23607420569099674
1359533,2,1,6,SM Curran,0,0.2142285532204248
1359533,2,2,1,Harpreet Brar,1,0.999099713395121
1359533,2,2,2,Harpreet Brar,1,0.82622420423427
1359533,2,2,3,Harpreet Brar,1,0.9438492319734381
1359533,2,2,4,Harpreet Brar,1,0.9263241418710259
1359533,2,2,5,Harpreet Brar,1,0.783624399366016
1359533,2,2,6,Harpreet Brar,1,0.7061438667718842
1359533,2,3,1,SM Curran,0,0.30299153393324163
1359533,2,3,2,SM Curran,0,0.25060818676061547
1359533,2,3,3,SM Curran,0,0.24126779637692852
1359533,2,3,4,SM Curran,0,0.20712161909211585
1359533,2,3,5,SM Curran,0,0.20593323829166657
1359533,2,4,1,NT Ellis,0,0.008308635202646818
1359533,2,4,2,NT Ellis,0,0.010401370796644297
1359533,2,4,3,NT Ellis,1,0.7445703085276095
1359533,2,4,4,NT Ellis,1,0.8672508571806187
1359533,2,4,5,NT Ellis,1,0.7203645963518819
1359533,2,4,6,NT Ellis,1,0.6630340707285513
1359533,2,5,1,Arshdeep Singh,0,0.0004279556036457286
1359533,2,5,2,Arshdeep Singh,1,0.7614599305535829
1359533,2,5,3,Arshdeep Singh,1,0.9056306345452696
1359533,2,5,4,Arshdeep Singh,1,0.8507277665969828
1359533,2,5,5,Arshdeep Singh,1,0.7582690383005936
1359533,2,5,6,Arshdeep Singh,1,0.7031822762411505
1359536,1,0,1,B Kumar,0,0.0002716799891332581
1359536,1,0,2,B Kumar,0,0.00029706318709679875
1359536,1,0,3,B Kumar,0,0.0003123801406207175
1359536,1,0,4,B Kumar,0,0.002618829723734138
1359536,1,0,5,B Kumar,0,0.03762807395710195
1359536,1,0,6,B Kumar,0,0.04890190016714866
1359536,1,1,1,M Jansen,0,0.00019780798886296817
1359536,1,1,2,M Jansen,0,0.011649263369896109
1359536,1,1,3,M Jansen,1,0.8901064927383372
1359536,1,1,4,M Jansen,1,0.7006640214046357
1359536,1,1,5,M Jansen,0,0.408709463992066
1359536,1,1,6,M Jansen,0,0.4981092622245566
1359536,1,1,7,M Jansen,0,0.36224799014385417
1359536,1,1,8,M Jansen,0,0.3774443724517507
1359536,1,1,9,M Jansen,1,0.47136719362961427
1359536,1,1,10,M Jansen,1,0.4445967372976426
1359536,1,2,1,B Kumar,0,0.24261909540499105
1359536,1,2,2,B Kumar,0,0.26431063627804785
1359536,1,2,3,B Kumar,1,0.6090370145276123
1359536,1,2,4,B Kumar,1,0.4989701197383305
1359536,1,2,5,B Kumar,1,0.4642842521832749
1359536,1,2,6,B Kumar,1,0.636109748699919
1359536,1,3,1,Fazalhaq Farooqi,0,0.00023628864113381458
1359536,1,3,2,Fazalhaq Farooqi,0,0.02061217684700391
1359536,1,3,3,Fazalhaq Farooqi,1,0.8122116704153224
1359536,1,3,4,Fazalhaq Farooqi,1,0.8526921681584209
1359536,1,3,5,Fazalhaq Farooqi,1,0.8389074100858024
1359536,1,3,6,Fazalhaq Farooqi,1,0.917593298271238
1359536,1,4,1,M Jansen,0,0.322047823244948
1359536,1,4,2,M Jansen,0,0.3391257277527188
1359536,1,4,3,M Jansen,0,0.25126055459142044
1359536,1,4,4,M Jansen,0,0.21323449220552804
1359536,1,4,5,M Jansen,0,0.21590805368431243
1359536,1,4,6,M Jansen,0,0.22116455018089248
1359536,1,5,1,T Natarajan,0,0.0002908637574571701
1359536,1,5,2,T Natarajan,1,0.7823220295478638
1359536,1,5,3,T Natarajan,1,0.7119450038646917
1359536,1,5,4,T Natarajan,0,0.5066183301956542
1359536,1,5,5,T Natarajan,1,0.7410329277850481
1359536,1,5,6,T Natarajan,1,0.7302794397852549
1359536,2,0,1,Mohammed Shami,0,0.00013975674383815404
1359536,2,0,2,Mohammed Shami,0,0.0032840322850455784
1359536,2,0,3,Mohammed Shami,0,0.005646691367573517
1359536,2,0,4,Mohammed Shami,1,0.41822363053236594
1359536,2,0,5,Mohammed Shami,1,0.28651850133489554
1359536,2,0,6,Mohammed Shami,1,0.25769759363922734
1359536,2,1,1,Yash Dayal,1,0.9993555166111541
1359536,2,1,2,Yash Dayal,1,0.8376591809707569
1359536,2,1,3,Yash Dayal,1,0.9244272399088839
1359536,2,1,4,Yash Dayal,1,0.6573812950116159
1359536,2,1,5,Yash Dayal,0,0.32924692683065016
1359536,2,1,6,Yash Dayal,0,0.28070338296798353
1359536,2,1,7,Yash Dayal,0,0.28024911652728013
1359536,2,2,1,Mohammed Shami,0,0.27824139759145644
1359536,2,2,2,Mohammed Shami,0,0.10320559653092644
1359536,2,2,3,Mohammed Shami,0,0.10223333880529918
1359536,2,2,4,Mohammed Shami,0,0.08291106941209922
1359536,2,2,5,Mohammed Shami,1,0.206136439090616
1359536,2,2,6,Mohammed Shami,1,0.20374949777108942
1359536,2,3,1,Yash Dayal,1,0.39552143119340305
1359536,2,3,2,Yash Dayal,1,0.31430667025001413
1359536,2,3,3,Yash Dayal,0,0.25073129249862675
1359536,2,3,4,Yash Dayal,1,0.28291576562177184
1359536,2,3,5,Yash Dayal,1,0.3802148608958769
1359536,2,3,6,Yash Dayal,1,0.36149241986568253
1359536,2,4,1,Mohammed Shami,0,0.10390646372639217
1359536,2,4,2,Mohammed Shami,0,0.11562329747553496
1359536,2,4,3,Mohammed Shami,0,0.10159825033659324
1359536,2,4,4,Mohammed Shami,0,0.08875260374717363
1359536,2,4,5,Mohammed Shami,0,0.07608810199823436
1359536,2,4,6,Mohammed Shami,1,0.35473544033331206
1359536,2,5,1,Rashid Khan,0,0.00024414688245953333
1359536,2,5,2,Rashid Khan,0,0.000257578040879517
1359536,2,5,3,Rashid Khan,0,0.008900777375159654
1359536,2,5,4,Rashid Khan,1,0.6975885216427745
1359536,2,5,5,Rashid Khan,1,0.5656256344759322
1359536,2,5,6,Rashid Khan,1,0.5635331823876936
1359537,1,0,1,JP Behrendorff,0,0.001045632781736294
1359537,1,0,2,JP Behrendorff,0,0.13764216713863192
1359537,1,0,3,JP Behrendorff,0,0.04288295038732375
1359537,1,0,4,JP Behrendorff,0,0.10500494481506915
1359537,1,0,5,JP Behrendorff,0,0.09393376612717247
1359537,1,0,6,JP Behrendorff,0,0.08928204943074604
1359537,1,1,1,CJ Jordan,0,0.06481811653678828
1359537,1,1,2,CJ Jordan,0,0.08572064403929462
1359537,1,1,3,CJ Jordan,0,0.09577095181973229
1359537,1,1,4,CJ Jordan,0,0.08461336341822774
1359537,1,1,5,CJ Jordan,0,0.058404217696880534
1359537,1,1,6,CJ Jordan,0,0.4801935911197971
1359537,1,2,1,JP Behrendorff,0,0.023517104334694405
1359537,1,2,2,JP Behrendorff,0,0.009477278142430092
1359537,1,2,3,JP Behrendorff,0,0.01890971391291217
1359537,1,2,4,JP Behrendorff,0,0.018170218839485715
1359537,1,2,5,JP Behrendorff,0,0.01888222121595566
1359537,1,2,6,JP Behrendorff,0,0.019186085203212525
1359537,1,3,1,HR Shokeen,1,0.9994724790371907
1359537,1,3,2,HR Shokeen,1,0.9100466800549828
1359537,1,3,3,HR Shokeen,1,0.5440121207688537
1359537,1,3,4,HR Shokeen,1,0.6014639415884326
1359537,1,3,5,HR Shokeen,1,0.5239975957400994
1359537,1,3,6,HR Shokeen,0,0.3792814875201122
1359537,1,4,1,CJ Jordan,0,0.2986415094920525
1359537,1,4,2,CJ Jordan,0,0.6875565685264226
1359537,1,4,3,CJ Jordan,0,0.6676040463729275
1359537,1,4,4,CJ Jordan,0,0.601956796767341
1359537,1,4,5,CJ Jordan,0,0.48617322747977587
1359537,1,4,6,CJ Jordan,0,0.48583232246610875
1359537,1,5,1,HR Shokeen,0,0.293170446966957
1359537,1,5,2,HR Shokeen,0,0.17752424460193086
1359537,1,5,3,HR Shokeen,0,0.0736648872906739
1359537,1,5,4,HR Shokeen,0,0.05675402470262236
1359537,1,5,5,HR Shokeen,0,0.12257617894749175
1359537,1,5,6,HR Shokeen,0,0.08109496093278491
1359537,2,0,1,KH Pandya,0,0.00028928817306483055
1359537,2,0,2,KH Pandya,1,0.7862280930827641
1359537,2,0,3,KH Pandya,1,0.28793175506230095
1359537,2,0,4,KH Pandya,1,0.338882157915319
1359537,2,0,5,KH Pandya,1,0.27444457813444706
1359537,2,0,6,KH Pandya,1,0.27694581399195023
1359537,2,1,1,Mohsin Khan,0,0.000260020477630659
1359537,2,1,2,Mohsin Khan,1,0.955153004931099
1359537,2,1,3,Mohsin Khan,1,0.7990366490051752
1359537,2,1,4,Mohsin Khan,1,0.648466939742429
1359537,2,1,5,Mohsin Khan,1,0.343905479094703
1359537,2,1,6,Mohsin Khan,1,0.44897770896686406
1359537,2,1,7,Mohsin Khan,1,0.7567026604688233
1359537,2,2,1,Naveen-ul-Haq,0,0.021612090669755935
1359537,2,2,2,Naveen-ul-Haq,0,0.022186501454948993
1359537,2,2,3,Naveen-ul-Haq,0,0.02283602662806004
1359537,2,2,4,Naveen-ul-Haq,1,0.6339979705455854
1359537,2,2,5,Naveen-ul-Haq,0,0.3665603078808315
1359537,2,2,6,Naveen-ul-Haq,0,0.32222050809627517
1359537,2,3,1,Yash Thakur,1,0.9993994487265303
1359537,2,3,2,Yash Thakur,1,0.9681277710691664
1359537,2,3,3,Yash Thakur,1,0.7566968206165479
1359537,2,3,4,Yash Thakur,1,0.600247521061093
1359537,2,3,5,Yash Thakur,1,0.5425725733506181
1359537,2,3,6,Yash Thakur,1,0.545225454743879
1359537,2,3,7,Yash Thakur,1,0.4905392237403858
1359537,2,4,1,Naveen-ul-Haq,0,0.1958680655839643
1359537,2,4,2,Naveen-ul-Haq,0,0.1746000180858365
1359537,2,4,3,Naveen-ul-Haq,1,0.36206783912108964
1359537,2,4,4,Naveen-ul-Haq,0,0.30591966867875986
1359537,2,4,5,Naveen-ul-Haq,0,0.3008423457014034
1359537,2,4,6,Naveen-ul-Haq,0,0.32151623353188435
1359537,2,5,1,Yash Thakur,0,0.34717912914319665
1359537,2,5,2,Yash Thakur,0,0.3491416284334112
1359537,2,5,3,Yash Thakur,0,0.3650448907930768
1359537,2,5,4,Yash Thakur,0,0.212191980378276
1359537,2,5,5,Yash Thakur,0,0.212191980378276
1359537,2,5,6,Yash Thakur,1,0.535669214816367
1359537,2,5,7,Yash Thakur,1,0.5449175037151275
1359541,1,0,1,KK Ahmed,0,0.007468162810504591
1359541,1,0,2,KK Ahmed,0,0.0034232631184153025
1359541,1,0,3,KK Ahmed,0,0.0035665737023399995
1359541,1,0,4,KK Ahmed,0,0.0030327352501932463
1359541,1,0,5,KK Ahmed,0,0.16079357385109286
1359541,1,0,6,KK Ahmed,0,0.1172360857158131
1359541,1,1,1,Lalit Yadav,0,0.00802962461384732
1359541,1,1,2,Lalit Yadav,0,0.869087500402272
1359541,1,1,3,Lalit Yadav,0,0.6946645546147981
1359541,1,1,4,Lalit Yadav,1,0.8999265871145242
1359541,1,1,5,Lalit Yadav,0,0.7303389112579902
1359541,1,1,6,Lalit Yadav,0,0.6423484608632712
1359541,1,2,1,KK Ahmed,0,0.10226800904488825
1359541,1,2,2,KK Ahmed,0,0.03149899575048978
1359541,1,2,3,KK Ahmed,0,0.12966519458920756
1359541,1,2,4,KK Ahmed,0,0.08575407257725953
1359541,1,2,5,KK Ahmed,0,0.042616853793505625
1359541,1,2,6,KK Ahmed,0,0.16309158488795752
1359541,1,2,7,KK Ahmed,0,0.2129020908128588
1359541,1,3,1,AR Patel,0,0.009106116585402807
1359541,1,3,2,AR Patel,0,0.00973987920571942
1359541,1,3,3,AR Patel,1,0.8445053241280458
1359541,1,3,4,AR Patel,1,0.6561860399577938
1359541,1,3,5,AR Patel,1,0.38352047735593325
1359541,1,3,6,AR Patel,1,0.35522181166103506
1359541,1,4,1,A Nortje,0,0.0002403635025067234
1359541,1,4,2,A Nortje,0,0.005908498074373847
1359541,1,4,3,A Nortje,0,0.6286404435523918
1359541,1,4,4,A Nortje,1,0.8474392794709863
1359541,1,4,5,A Nortje,1,0.6617561297561203
1359541,1,4,6,A Nortje,0,0.3947090440790358
1359541,1,5,1,C Sakariya,0,0.00027461653342676444
1359541,1,5,2,C Sakariya,0,0.00672986504498349
1359541,1,5,3,C Sakariya,0,0.012129431905688094
1359541,1,5,4,C Sakariya,0,0.008534029887617464
1359541,1,5,5,C Sakariya,0,0.006515329956036925
1359541,1,5,6,C Sakariya,0,0.006066763830669916
1359541,2,0,1,DL Chahar,0,0.0003353188012938582
1359541,2,0,2,DL Chahar,0,0.00034934051283386415
1359541,2,0,3,DL Chahar,1,0.4543330258288408
1359541,2,0,4,DL Chahar,1,0.4661089069665688
1359541,2,0,5,DL Chahar,1,0.323694998558888
1359541,2,0,6,DL Chahar,0,0.20025970454102965
1359541,2,1,1,TU Deshpande,0,0.00036102472885329596
1359541,2,1,2,TU Deshpande,0,0.0003761209565993424
1359541,2,1,3,TU Deshpande,0,0.00034385029882884376
1359541,2,1,4,TU Deshpande,0,0.00034385029882884376
1359541,2,1,5,TU Deshpande,0,0.006135671524994902
1359541,2,1,6,TU Deshpande,0,0.0009643093296196979
1359541,2,2,1,DL Chahar,0,0.12825349553229598
1359541,2,2,2,DL Chahar,0,0.1432955684585951
1359541,2,2,3,DL Chahar,0,0.09627150291412902
1359541,2,2,4,DL Chahar,0,0.08331942017066314
1359541,2,2,5,DL Chahar,0,0.11354947194434041
1359541,2,2,6,DL Chahar,0,0.09644679032707339
1359541,2,3,1,TU Deshpande,0,0.02324083457092673
1359541,2,3,2,TU Deshpande,0,0.1530889520653927
1359541,2,3,3,TU Deshpande,0,0.09802324554219063
1359541,2,3,4,TU Deshpande,0,0.08309413295344534
1359541,2,3,5,TU Deshpande,0,0.06397618975137133
1359541,2,3,6,TU Deshpande,0,0.09790996793959078
1359541,2,4,1,DL Chahar,1,0.2930613330783948
1359541,2,4,2,DL Chahar,1,0.39797343335505964
1359541,2,4,3,DL Chahar,1,0.40454871128974246
1359541,2,4,4,DL Chahar,1,0.48355703715781545
1359541,2,4,5,DL Chahar,1,0.5732665467813614
1359541,2,4,6,DL Chahar,1,0.5923968742541135
1359541,2,5,1,M Theekshana,0,0.010630101774462115
1359541,2,5,2,M Theekshana,0,0.013367116817967777
1359541,2,5,3,M Theekshana,0,0.01990427168095492
1359541,2,5,4,M Theekshana,0,0.01346159714668581
1359541,2,5,5,M Theekshana,0,0.030472475656148152
1359541,2,5,6,M Theekshana,1,0.5587630110650618
1359542,1,0,1,Harshit Rana,0,0.004572500334394875
1359542,1,0,2,Harshit Rana,0,0.0033920805182817253
1359542,1,0,3,Harshit Rana,0,0.001991535383992596
1359542,1,0,4,Harshit Rana,0,0.0009431592292513891
1359542,1,0,5,Harshit Rana,0,0.0007592674356113934
1359542,1,0,6,Harshit Rana,0,0.00028031555645923194
1359542,1,1,1,VG Arora,0,0.00019595771934922525
1359542,1,1,2,VG Arora,0,0.0027919438504512123
1359542,1,1,3,VG Arora,0,0.00468892355386648
1359542,1,1,4,VG Arora,0,0.006993554839959896
1359542,1,1,5,VG Arora,0,0.00695788978376789
1359542,1,1,6,VG Arora,0,0.00726876311334848
1359542,1,2,1,Harshit Rana,0,0.05005028022376279
1359542,1,2,2,Harshit Rana,0,0.05345563130352721
1359542,1,2,3,Harshit Rana,0,0.027339401731409942
1359542,1,2,4,Harshit Rana,0,0.022187064771547797
1359542,1,2,5,Harshit Rana,0,0.013498386216911438
1359542,1,2,6,Harshit Rana,0,0.0187736648849172
1359542,1,3,1,VG Arora,0,0.005292974016814825
1359542,1,3,2,VG Arora,0,0.008440939091586908
1359542,1,3,3,VG Arora,0,0.008785079115453431
1359542,1,3,4,VG Arora,0,0.008782179208225889
1359542,1,3,5,VG Arora,0,0.008782179208225889
1359542,1,3,6,VG Arora,0,0.009146660203485518
1359542,1,3,7,VG Arora,1,0.08202878232513815
1359542,1,4,1,Harshit Rana,0,0.061260810325940315
1359542,1,4,2,Harshit Rana,0,0.04579209985298002
1359542,1,4,3,Harshit Rana,0,0.04368661644828647
1359542,1,4,4,Harshit Rana,0,0.0915272967792161
1359542,1,4,5,Harshit Rana,0,0.09362824864861999
1359542,1,5,1,CV Varun,0,0.010106827693873471
1359542,1,5,2,CV Varun,0,0.0036533499769371065
1359542,1,5,3,CV Varun,1,0.4569077936427301
1359542,1,5,4,CV Varun,0,0.2144915991774795
1359542,1,5,5,CV Varun,0,0.2401695916517644
1359542,1,5,6,CV Varun,1,0.4401995678546251
1359542,2,0,1,Mohsin Khan,0,0.00014822755703583447
1359542,2,0,2,Mohsin Khan,0,0.0009553897581975452
1359542,2,0,3,Mohsin Khan,0,0.4534377209785778
1359542,2,0,4,Mohsin Khan,0,0.11958197111550947
1359542,2,0,5,Mohsin Khan,0,0.6480066692906108
1359542,2,1,1,Naveen-ul-Haq,0,0.00014702387833125062
1359542,2,1,2,Naveen-ul-Haq,1,0.7879203951028853
1359542,2,1,3,Naveen-ul-Haq,1,0.953762057493722
1359542,2,1,4,Naveen-ul-Haq,1,0.9350715192708727
1359542,2,1,5,Naveen-ul-Haq,1,0.8798708617642269
1359542,2,1,6,Naveen-ul-Haq,1,0.8854449038183547
1359542,2,2,1,KH Pandya,1,0.9990818035388745
1359542,2,2,2,KH Pandya,1,0.9081290381042584
1359542,2,2,3,KH Pandya,1,0.4731869160672332
1359542,2,2,4,KH Pandya,1,0.3122819180736104
1359542,2,2,5,KH Pandya,0,0.09036884883651865
1359542,2,2,6,KH Pandya,0,0.06928748843057447
1359542,2,3,1,K Gowtham,0,0.0030247148686296946
1359542,2,3,2,K Gowtham,1,0.8166565486707639
1359542,2,3,3,K Gowtham,1,0.1988753070768634
1359542,2,3,4,K Gowtham,1,0.3097684771070921
1359542,2,3,5,K Gowtham,1,0.17757005253069383
1359542,2,3,6,K Gowtham,1,0.27595702078313034
1359542,2,3,7,K Gowtham,1,0.24171928517336033
1359542,2,4,1,KH Pandya,1,0.24798029232983262
1359542,2,4,2,KH Pandya,1,0.3975856335864369
1359542,2,4,3,KH Pandya,1,0.6347972253177052
1359542,2,4,4,KH Pandya,1,0.4243914464183795
1359542,2,4,5,KH Pandya,1,0.4011777327390406
1359542,2,4,6,KH Pandya,1,0.38091896904397665
1359542,2,5,1,K Gowtham,1,0.08792510235793101
1359542,2,5,2,K Gowtham,1,0.08499811788921173
1359542,2,5,3,K Gowtham,1,0.06541141075479484
1359542,2,5,4,K Gowtham,1,0.06252093903794487
1359542,2,5,5,K Gowtham,0,0.0646179406292322
1359542,2,5,6,K Gowtham,0,0.046586409649633134
1370350,1,0,1,Mohammed Shami,0,0.00022191980734629087
1370350,1,0,2,Mohammed Shami,0,0.00023758210021607048
1370350,1,0,3,Mohammed Shami,0,0.0066389015220819116
1370350,1,0,4,Mohammed Shami,0,0.003219568734504691
1370350,1,0,5,Mohammed Shami,0,0.0017179218046444675
1370350,1,0,6,Mohammed Shami,0,0.004146898553841218
1370350,1,1,1,DG Nalkande,0,0.022145734523574972
1370350,1,1,2,DG Nalkande,0,0.004270848053272557
1370350,1,1,3,DG Nalkande,0,0.021538813852153973
1370350,1,1,4,DG Nalkande,1,0.8939984245007743
1370350,1,1,5,DG Nalkande,1,0.9781478702898825
1370350,1,1,6,DG Nalkande,1,0.9099573276050755
1370350,1,1,7,DG Nalkande,1,0.8364185024537878
1370350,1,2,1,Mohammed Shami,0,0.0028387994217973314
1370350,1,2,2,Mohammed Shami,0,0.00635956001743925
1370350,1,2,3,Mohammed Shami,0,0.0034526004699394087
1370350,1,2,4,Mohammed Shami,0,0.03593047833283665
1370350,1,2,5,Mohammed Shami,0,0.022580126301777977
1370350,1,2,6,Mohammed Shami,0,0.02103995544810312
1370350,1,3,1,DG Nalkande,1,0.6869482600413556
1370350,1,3,2,DG Nalkande,1,0.6415381223132958
1370350,1,3,3,DG Nalkande,0,0.45404195079055193
1370350,1,3,4,DG Nalkande,0,0.4527751747275304
1370350,1,3,5,DG Nalkande,0,0.4130063714876033
1370350,1,3,6,DG Nalkande,1,0.5129315006046935
1370350,1,4,1,Rashid Khan,0,0.0003021687258728219
1370350,1,4,2,Rashid Khan,0,0.047577938645544604
1370350,1,4,3,Rashid Khan,0,0.015697140690263074
1370350,1,4,4,Rashid Khan,0,0.09633573407900546
1370350,1,4,5,Rashid Khan,1,0.5074773725268915
1370350,1,4,6,Rashid Khan,0,0.4655044941365459
1370350,1,5,1,Noor Ahmad,1,0.9995514277487366
1370350,1,5,2,Noor Ahmad,1,0.9011786767703949
1370350,1,5,3,Noor Ahmad,1,0.6671737112164974
1370350,1,5,4,Noor Ahmad,1,0.9348789390851964
1370350,1,5,5,Noor Ahmad,1,0.7198033409036986
1370350,1,5,6,Noor Ahmad,1,0.5598993503687568
1370350,2,0,1,DL Chahar,0,0.009183085585175268
1370350,2,0,2,DL Chahar,0,0.0025261707182933557
1370350,2,0,3,DL Chahar,0,0.003360142578890168
1370350,2,0,4,DL Chahar,0,0.0025408197999636085
1370350,2,0,5,DL Chahar,0,0.001449819226292148
1370350,2,0,6,DL Chahar,0,0.0027151308666580813
1370350,2,1,1,TU Deshpande,0,0.00021163228818563202
1370350,2,1,2,TU Deshpande,0,0.0002265426708505054
1370350,2,1,3,TU Deshpande,0,0.0012541186390867343
1370350,2,1,4,TU Deshpande,0,0.0008305253544847778
1370350,2,1,5,TU Deshpande,0,0.0015326556647220664
1370350,2,1,6,TU Deshpande,0,0.5418977395049912
1370350,2,2,1,DL Chahar,1,0.4045753619408244
1370350,2,2,2,DL Chahar,0,0.4216294371423431
1370350,2,2,3,DL Chahar,0,0.35162850354740705
1370350,2,2,4,DL Chahar,0,0.31367046435595797
1370350,2,2,5,DL Chahar,1,0.6000431931554349
1370350,2,2,6,DL Chahar,1,0.6618434761462733
1370350,2,3,1,TU Deshpande,0,0.17027795482235575
1370350,2,3,2,TU Deshpande,0,0.21178519809459528
1370350,2,3,3,TU Deshpande,0,0.6375884236546562
1370350,2,3,4,TU Deshpande,0,0.5827428712365444
1370350,2,3,5,TU Deshpande,0,0.6616295250385166
1370350,2,3,6,TU Deshpande,0,0.6149877171741277
1370350,2,4,1,DL Chahar,1,0.5695942693828391
1370350,2,4,2,DL Chahar,1,0.5314963604782226
1370350,2,4,3,DL Chahar,0,0.5173996252397871
1370350,2,4,4,DL Chahar,0,0.563324569757446
1370350,2,4,5,DL Chahar,0,0.5994875186679971
1370350,2,4,6,DL Chahar,1,0.7339012120782742
1370350,2,5,1,M Theekshana,0,0.0139389560183839
1370350,2,5,2,M Theekshana,0,0.003436780356010942
1370350,2,5,3,M Theekshana,0,0.006478848507835811
1370350,2,5,4,M Theekshana,0,0.003643805997935602
1370350,2,5,5,M Theekshana,0,0.0023624859406029567
1370350,2,5,6,M Theekshana,0,0.0016802817878307304
1370351,1,0,1,KH Pandya,1,0.9995634005272214
1370351,1,0,2,KH Pandya,1,0.9474025442309226
1370351,1,0,3,KH Pandya,1,0.6325417497120915
1370351,1,0,4,KH Pandya,0,0.32257958575398393
1370351,1,0,5,KH Pandya,0,0.18923950079469737
1370351,1,0,6,KH Pandya,0,0.08335705277954943
1370351,1,1,1,K Gowtham,0,0.00022337485305126855
1370351,1,1,2,K Gowtham,0,0.0002427653083516428
1370351,1,1,3,K Gowtham,0,0.0002450428135769901
1370351,1,1,4,K Gowtham,0,0.0002450428135769901
1370351,1,1,5,K Gowtham,0,0.05555816082552529
1370351,1,2,1,KH Pandya,0,0.5914131807469293
1370351,1,2,2,KH Pandya,0,0.420663585171057
1370351,1,2,3,KH Pandya,1,0.7049326144974736
1370351,1,2,4,KH Pandya,0,0.584271032534142
1370351,1,2,5,KH Pandya,0,0.5308314473601295
1370351,1,2,6,KH Pandya,0,0.4597651765635321
1370351,1,3,1,Naveen-ul-Haq,0,0.02117440101202246
1370351,1,3,2,Naveen-ul-Haq,0,0.0038697268779092422
1370351,1,3,3,Naveen-ul-Haq,1,0.7718291331108555
1370351,1,3,4,Naveen-ul-Haq,0,0.4916145535302289
1370351,1,3,5,Naveen-ul-Haq,1,0.8084720290920618
1370351,1,3,6,Naveen-ul-Haq,0,0.6991210056391574
1370351,1,4,1,Yash Thakur,0,0.0006189972983951183
1370351,1,4,2,Yash Thakur,0,0.0008705465795513039
1370351,1,4,3,Yash Thakur,0,0.01132081020599604
1370351,1,4,4,Yash Thakur,0,0.00521615014742309
1370351,1,4,5,Yash Thakur,0,0.0029492575417890596
1370351,1,4,6,Yash Thakur,0,0.4246035699845317
1370351,1,5,1,KH Pandya,1,0.5968952067856921
1370351,1,5,2,KH Pandya,1,0.5682038358103205
1370351,1,5,3,KH Pandya,1,0.6944785808545546
1370351,1,5,4,KH Pandya,1,0.7087805519155922
1370351,1,5,5,KH Pandya,1,0.7300731909424534
1370351,1,5,6,KH Pandya,1,0.7301962027049188
1370351,2,0,1,JP Behrendorff,0,0.0003857901282994692
1370351,2,0,2,JP Behrendorff,0,0.00040309536525418537
1370351,2,0,3,JP Behrendorff,1,0.45802971562005923
1370351,2,0,4,JP Behrendorff,1,0.8576159541916278
1370351,2,0,5,JP Behrendorff,1,0.7021123838556674
1370351,2,0,6,JP Behrendorff,1,0.6458302411886842
1370351,2,1,1,Akash Madhwal,0,0.0004107436454783179
1370351,2,1,2,Akash Madhwal,0,0.00042916773203139
1370351,2,1,3,Akash Madhwal,0,0.00043319321577795427
1370351,2,1,4,Akash Madhwal,1,0.0058596875275238255
1370351,2,1,5,Akash Madhwal,1,0.0024175021796574905
1370351,2,1,6,Akash Madhwal,1,0.0012823623091740685
1370351,2,2,1,JP Behrendorff,1,0.8200701883238732
1370351,2,2,2,JP Behrendorff,1,0.6736489397278187
1370351,2,2,3,JP Behrendorff,1,0.5501572661348462
1370351,2,2,4,JP Behrendorff,1,0.565689919333276
1370351,2,2,5,JP Behrendorff,1,0.47681099865514853
1370351,2,2,6,JP Behrendorff,1,0.4211357780248058
1370351,2,3,1,CJ Jordan,0,0.025457871491910214
1370351,2,3,2,CJ Jordan,0,0.019638516483262265
1370351,2,3,3,CJ Jordan,0,0.00865752770939825
1370351,2,3,4,CJ Jordan,1,0.5147511420173633
1370351,2,3,5,CJ Jordan,1,0.3688808384034918
1370351,2,3,6,CJ Jordan,1,0.3210201035290109
1370351,2,4,1,C Green,0,0.04678203843812225
1370351,2,4,2,C Green,0,0.05027477300064805
1370351,2,4,3,C Green,1,0.8332799968511708
1370351,2,4,4,C Green,1,0.5804939455430389
1370351,2,4,5,C Green,1,0.4483299823530478
1370351,2,4,6,C Green,1,0.4185363499847367
1370351,2,5,1,HR Shokeen,0,0.03989527926968711
1370351,2,5,2,HR Shokeen,0,0.9223260147628627
1370351,2,5,3,HR Shokeen,1,0.9804585633755835
1370351,2,5,4,HR Shokeen,1,0.9820110303044464
1370351,2,5,5,HR Shokeen,1,0.9836500376306208
1370351,2,5,6,HR Shokeen,1,0.9691412535947111
1422120,1,0,1,SM Curran,0,0.010290664200687862
1422120,1,0,2,SM Curran,1,0.9565922694971323
1422120,1,0,3,SM Curran,1,0.9871130456146607
1422120,1,0,4,SM Curran,1,0.9161013897061759
1422120,1,0,5,SM Curran,1,0.945720050669832
1422120,1,0,6,SM Curran,1,0.8453469248408337
1422120,1,1,1,Arshdeep Singh,0,0.00022459244959470169
1422120,1,1,2,Arshdeep Singh,0,0.0002293663169338258
1422120,1,1,3,Arshdeep Singh,1,0.855515664008054
1422120,1,1,4,Arshdeep Singh,1,0.9450348409886534
1422120,1,1,5,Arshdeep Singh,1,0.8456712791506351
1422120,1,1,6,Arshdeep Singh,1,0.882682809436657
1422120,1,1,7,Arshdeep Singh,1,0.7484186579964334
1422120,1,2,1,K Rabada,0,0.0006939932283722897
1422120,1,2,2,K Rabada,1,0.9994755251518868
1422120,1,2,3,K Rabada,1,0.9813504759423943
1422120,1,2,4,K Rabada,1,0.9214097146135675
1422120,1,2,5,K Rabada,1,0.6664576256720142
1422120,1,2,6,K Rabada,0,0.33591771618081223
1422120,1,2,7,K Rabada,0,0.15634166853891582
1422120,1,3,1,Arshdeep Singh,1,0.9134312519753809
1422120,1,3,2,Arshdeep Singh,1,0.7998172151164639
1422120,1,3,3,Arshdeep Singh,1,0.7377374743138279
1422120,1,3,4,Arshdeep Singh,1,0.6041678349754676
1422120,1,3,5,Arshdeep Singh,1,0.47525625269756894
1422120,1,3,6,Arshdeep Singh,1,0.41389403780135725
1422120,1,4,1,K Rabada,0,0.08751482227641051
1422120,1,4,2,K Rabada,0,0.1073989702213161
1422120,1,4,3,K Rabada,0,0.03655903067843182
1422120,1,4,4,K Rabada,0,0.2002967249721416
1422120,1,4,5,K Rabada,1,0.5558254824499885
1422120,1,4,6,K Rabada,1,0.44158764707019205
1422120,1,5,1,Harpreet Brar,0,0.000363906315676135
1422120,1,5,2,Harpreet Brar,0,0.0003810525351065624
1422120,1,5,3,Harpreet Brar,0,0.0021467222794261443
1422120,1,5,4,Harpreet Brar,0,0.0010685547484230158
1422120,1,5,5,Harpreet Brar,0,0.0030047072724767323
1422120,1,5,6,Harpreet Brar,0,0.006249255841653072
1422120,2,0,1,KK Ahmed,1,0.9990320406934513
1422120,2,0,2,KK Ahmed,1,0.9041387117525781
1422120,2,0,3,KK Ahmed,1,0.9753878781300386
1422120,2,0,4,KK Ahmed,1,0.9274965935161026
1422120,2,0,5,KK Ahmed,1,0.9483452174621212
1422120,2,0,6,KK Ahmed,1,0.9696941161542056
1422120,2,1,1,I Sharma,0,0.0005952607116421832
1422120,2,1,2,I Sharma,0,0.0005504881418764478
1422120,2,1,3,I Sharma,1,0.998976488610498
1422120,2,1,4,I Sharma,1,0.998976488610498
1422120,2,1,5,I Sharma,1,0.9450402804782737
1422120,2,1,6,I Sharma,1,0.9299868436795882
1422120,2,1,7,I Sharma,1,0.684223751409467
1422120,2,1,8,I Sharma,0,0.35476382330117134
1422120,2,1,9,I Sharma,0,0.3268390784169176
1422120,2,2,1,MR Marsh,1,0.9990683564754085
1422120,2,2,2,MR Marsh,1,0.9656285117898247
1422120,2,2,3,MR Marsh,0,0.9257791500893231
1422120,2,2,4,MR Marsh,0,0.8558678236288403
1422120,2,2,5,MR Marsh,0,0.6244031228543142
1422120,2,2,6,MR Marsh,0,0.5662579617696901
1422120,2,3,1,I Sharma,0,0.28376866121930894
1422120,2,3,2,I Sharma,1,0.6898239503052107
1422120,2,3,3,I Sharma,1,0.898321383124237
1422120,2,3,4,I Sharma,1,0.802740989193557
1422120,2,3,5,I Sharma,1,0.7766314147020598
1422120,2,4,1,KK Ahmed,1,0.9488706479854216
1422120,2,4,2,KK Ahmed,1,0.9163678863022777
1422120,2,4,3,KK Ahmed,1,0.8987260345237991
1422120,2,4,4,KK Ahmed,1,0.9016853924227958
1422120,2,4,5,KK Ahmed,1,0.9025886726501674
1422120,2,4,6,KK Ahmed,1,0.906422430984569
1422120,2,5,1,MR Marsh,0,0.8422307438703045
1422120,2,5,2,MR Marsh,0,0.8152581274887862
1422120,2,5,3,MR Marsh,0,0.7202340409127215
1422120,2,5,4,MR Marsh,0,0.6525770875922847
1422120,2,5,5,MR Marsh,0,0.5392905130455101
1422120,2,5,6,MR Marsh,0,0.5622392825716966
1422123,1,0,1,HH Pandya,1,0.9990228152634443
1422123,1,0,2,HH Pandya,1,0.8474253376703202
1422123,1,0,3,HH Pandya,1,0.5766803905849491
1422123,1,0,4,HH Pandya,1,0.6803798941803719
1422123,1,0,5,HH Pandya,1,0.6021703290693015
1422123,1,0,6,HH Pandya,1,0.6331212464850731
1422123,1,1,1,L Wood,0,0.0003522947525237561
1422123,1,1,2,L Wood,0,0.015303308730602318
1422123,1,1,3,L Wood,0,0.013705526088362884
1422123,1,1,4,L Wood,0,0.0178280386739994
1422123,1,1,5,L Wood,0,0.007090803808252737
1422123,1,1,6,L Wood,0,0.42966265778765494
1422123,1,2,1,HH Pandya,1,0.6372019704980251
1422123,1,2,2,HH Pandya,1,0.7802295577733243
1422123,1,2,3,HH Pandya,1,0.6842221844380294
1422123,1,2,4,HH Pandya,1,0.6977039763206488
1422123,1,2,5,HH Pandya,1,0.624846739825685
1422123,1,2,6,HH Pandya,1,0.6157514458864689
1422123,1,3,1,JJ Bumrah,0,0.0008681594996872762
1422123,1,3,2,JJ Bumrah,0,0.0004107406223241881
1422123,1,3,3,JJ Bumrah,0,0.0004284270814556097
1422123,1,3,4,JJ Bumrah,1,0.3431744383268074
1422123,1,3,5,JJ Bumrah,1,0.19335262927634642
1422123,1,3,6,JJ Bumrah,1,0.10713661518010471
1422123,1,4,1,SZ Mulani,0,0.03282771512080919
1422123,1,4,2,SZ Mulani,0,0.034547184039998555
1422123,1,4,3,SZ Mulani,0,0.023787083112894552
1422123,1,4,4,SZ Mulani,1,0.39871915631648414
1422123,1,4,5,SZ Mulani,0,0.35445947730103206
1422123,1,4,6,SZ Mulani,1,0.7304623967029189
1422123,1,5,1,PP Chawla,0,0.03418021138569377
1422123,1,5,2,PP Chawla,0,0.00838707208932305
1422123,1,5,3,PP Chawla,0,0.018110204355587193
1422123,1,5,4,PP Chawla,0,0.00978210099758788
1422123,1,5,5,PP Chawla,0,0.005293091034159231
1422123,1,5,6,PP Chawla,0,0.03650670897666851
1422123,2,0,1,Azmatullah Omarzai,0,0.00020936702515100502
1422123,2,0,2,Azmatullah Omarzai,0,0.00021964751731638911
1422123,2,0,3,Azmatullah Omarzai,0,0.00022910740823896375
1422123,2,0,4,Azmatullah Omarzai,0,0.00019980840873560265
1422123,2,0,5,Azmatullah Omarzai,0,0.0006644975868784333
1422123,2,0,6,Azmatullah Omarzai,0,0.0005080397419742961
1422123,2,0,7,Azmatullah Omarzai,0,0.0011742543955662538
1422123,2,1,1,UT Yadav,0,0.00021051943511269983
1422123,2,1,2,UT Yadav,0,0.004701704558839712
1422123,2,1,3,UT Yadav,0,0.5476528360189575
1422123,2,1,4,UT Yadav,0,0.2981279881555853
1422123,2,1,5,UT Yadav,0,0.19235005111255568
1422123,2,1,6,UT Yadav,0,0.4147079944265889
1422123,2,2,1,Azmatullah Omarzai,0,0.07169675356661828
1422123,2,2,2,Azmatullah Omarzai,0,0.2826078657921566
1422123,2,2,3,Azmatullah Omarzai,0,0.3041642856907043
1422123,2,2,4,Azmatullah Omarzai,1,0.45478472165197403
1422123,2,2,5,Azmatullah Omarzai,1,0.3286071786201576
1422123,2,2,6,Azmatullah Omarzai,1,0.48061332625633724
1422123,2,2,7,Azmatullah Omarzai,1,0.5098690663803311
1422123,2,3,1,UT Yadav,0,0.2943758854119738
1422123,2,3,2,UT Yadav,0,0.4338206091497262
1422123,2,3,3,UT Yadav,0,0.4047559326521568
1422123,2,3,4,UT Yadav,1,0.5452165846098276
1422123,2,3,5,UT Yadav,1,0.49719276105311583
1422123,2,3,6,UT Yadav,0,0.43216205905189975
1422123,2,4,1,Azmatullah Omarzai,1,0.457734669164841
1422123,2,4,2,Azmatullah Omarzai,1,0.47226205770271273
1422123,2,4,3,Azmatullah Omarzai,1,0.47494835569913063
1422123,2,4,4,Azmatullah Omarzai,1,0.4486878304549161
1422123,2,4,5,Azmatullah Omarzai,1,0.3754218448613043
1422123,2,5,1,Rashid Khan,0,0.06693115440896596
1422123,2,5,2,Rashid Khan,0,0.006780405983714568
1422123,2,5,3,Rashid Khan,0,0.017588634033352202
1422123,2,5,4,Rashid Khan,1,0.48080007187857093
1422123,2,5,5,Rashid Khan,1,0.3357807753359068
1422123,2,5,6,Rashid Khan,1,0.27795013330235757
1422131,1,0,1,DL Chahar,0,0.00021823465822942272
1422131,1,0,2,DL Chahar,0,0.019093934610667114
1422131,1,0,3,DL Chahar,0,0.018750159288062687
1422131,1,0,4,DL Chahar,0,0.017599892035900358
1422131,1,0,5,DL Chahar,0,0.016864916756224594
1422131,1,0,6,DL Chahar,0,0.23627490762938116
1422131,1,1,1,TU Deshpande,0,0.00021843583711509467
1422131,1,1,2,TU Deshpande,0,0.012290899135660293
1422131,1,1,3,TU Deshpande,0,0.004379946655246717
1422131,1,1,4,TU Deshpande,0,0.01356332552118396
1422131,1,1,5,TU Deshpande,0,0.012108842718339181
1422131,1,1,6,TU Deshpande,0,0.010847684080516437
1422131,1,2,1,DL Chahar,0,0.11761289857892623
1422131,1,2,2,DL Chahar,1,0.46662757083331763
1422131,1,2,3,DL Chahar,0,0.39771123410002174
1422131,1,2,4,DL Chahar,0,0.31052635864040967
1422131,1,2,5,DL Chahar,0,0.3388265023836081
1422131,1,2,6,DL Chahar,0,0.32380708049642387
1422131,1,3,1,TU Deshpande,0,0.009435661636716988
1422131,1,3,2,TU Deshpande,0,0.08529908665050441
1422131,1,3,3,TU Deshpande,0,0.044889417633654796
1422131,1,3,4,TU Deshpande,0,0.03793847537905384
1422131,1,3,5,TU Deshpande,0,0.05390762968751678
1422131,1,3,6,TU Deshpande,0,0.044289292287061126
1422131,1,4,1,DL Chahar,0,0.23866458517025566
1422131,1,4,2,DL Chahar,0,0.25207911373895237
1422131,1,4,3,DL Chahar,0,0.41163775832599525
1422131,1,4,4,DL Chahar,1,0.4621213227570166
1422131,1,4,5,DL Chahar,1,0.6590748898502882
1422131,1,4,6,DL Chahar,1,0.67622269596967
1422131,1,5,1,Mustafizur Rahman,1,0.9995588915392908
1422131,1,5,2,Mustafizur Rahman,1,0.9996257076974294
1422131,1,5,3,Mustafizur Rahman,1,0.9996328165685466
1422131,1,5,4,Mustafizur Rahman,1,0.999636503307453
1422131,1,5,5,Mustafizur Rahman,1,0.9995296016373356
1422131,1,5,6,Mustafizur Rahman,1,0.9833543468995842
1422131,1,5,7,Mustafizur Rahman,1,0.9829429401836635
1422131,2,0,1,KK Ahmed,0,0.006968341303366916
1422131,2,0,2,KK Ahmed,0,0.00274513589311771
1422131,2,0,3,KK Ahmed,0,0.0007621732728345415
1422131,2,0,4,KK Ahmed,0,0.0006235633412907551
1422131,2,0,5,KK Ahmed,0,0.0013015545886809344
1422131,2,0,6,KK Ahmed,0,0.003449408010996798
1422131,2,0,7,KK Ahmed,0,0.0025995600875848863
1422131,2,1,1,I Sharma,0,0.0001044315250054179
1422131,2,1,2,I Sharma,0,0.00010890893741657603
1422131,2,1,3,I Sharma,0,0.0001106425341547128
1422131,2,1,4,I Sharma,0,0.0006665377838623188
1422131,2,1,5,I Sharma,0,0.0004443198869107453
1422131,2,1,6,I Sharma,0,0.0011137085055777179
1422131,2,1,7,I Sharma,0,0.0028627359672934085
1422131,2,2,1,KK Ahmed,0,0.001608525161911253
1422131,2,2,2,KK Ahmed,0,0.0007742354297525537
1422131,2,2,3,KK Ahmed,0,0.0007117254115786156
1422131,2,2,4,KK Ahmed,0,0.0007117254115786156
1422131,2,2,5,KK Ahmed,0,0.000696684165196317
1422131,2,2,6,KK Ahmed,0,0.0005978624696378501
1422131,2,3,1,I Sharma,0,0.0024000603348883955
1422131,2,3,2,I Sharma,0,0.0011557022601449665
1422131,2,3,3,I Sharma,0,0.0038047194882392683
1422131,2,3,4,I Sharma,0,0.005563944734723491
1422131,2,3,5,I Sharma,0,0.043157510559012555
1422131,2,3,6,I Sharma,0,0.2425890668942957
1422131,2,4,1,KK Ahmed,0,0.0021489578473769533
1422131,2,4,2,KK Ahmed,0,0.003825643973370708
1422131,2,4,3,KK Ahmed,0,0.01612285585922541
1422131,2,4,4,KK Ahmed,0,0.018250129056839412
1422131,2,4,5,KK Ahmed,0,0.0184049885562726
1422131,2,4,6,KK Ahmed,0,0.016447602283871827
1422131,2,5,1,A Nortje,0,0.0001930812861091683
1422131,2,5,2,A Nortje,1,0.9566557765167973
1422131,2,5,3,A Nortje,1,0.784233488486342
1422131,2,5,4,A Nortje,1,0.5822831189529061
1422131,2,5,5,A Nortje,0,0.39246416567779424
1422131,2,5,6,A Nortje,0,0.3552702063464612
1422133,1,0,1,RJW Topley,0,0.00045983318479802615
1422133,1,0,2,RJW Topley,0,0.0004832286336938162
1422133,1,0,3,RJW Topley,0,0.3780916543285518
1422133,1,0,4,RJW Topley,0,0.19491276354096707
1422133,1,0,5,RJW Topley,0,0.5253605872466804
1422133,1,0,6,RJW Topley,1,0.8185806588373191
1422133,1,1,1,Yash Dayal,0,0.00033853258750277826
1422133,1,1,2,Yash Dayal,0,0.008421670165573976
1422133,1,1,3,Yash Dayal,1,0.6355271115576763
1422133,1,1,4,Yash Dayal,1,0.30225524175422125
1422133,1,1,5,Yash Dayal,1,0.2036025174354495
1422133,1,1,6,Yash Dayal,1,0.20251155553482106
1422133,1,2,1,Mohammed Siraj,0,0.000509145900760166
1422133,1,2,2,Mohammed Siraj,0,0.00831521755056312
1422133,1,2,3,Mohammed Siraj,0,0.009295043874608961
1422133,1,2,4,Mohammed Siraj,0,0.6097648876358088
1422133,1,2,5,Mohammed Siraj,1,0.8654837957752971
1422133,1,2,6,Mohammed Siraj,1,0.7895150125235031
1422133,1,3,1,GJ Maxwell,0,0.0030352239327308605
1422133,1,3,2,GJ Maxwell,0,0.012346882154895312
1422133,1,3,3,GJ Maxwell,0,0.018865969402445924
1422133,1,3,4,GJ Maxwell,0,0.019607458949236895
1422133,1,3,5,GJ Maxwell,0,0.009687238948403145
1422133,1,3,6,GJ Maxwell,0,0.009690498605657988
1422133,1,3,7,GJ Maxwell,0,0.00854277383658073
1422133,1,4,1,Yash Dayal,1,0.16297547438266888
1422133,1,4,2,Yash Dayal,1,0.15470341204615087
1422133,1,4,3,Yash Dayal,0,0.05746613373857877
1422133,1,4,4,Yash Dayal,0,0.06192858157009413
1422133,1,4,5,Yash Dayal,1,0.29316795136155915
1422133,1,4,6,Yash Dayal,1,0.3087928883415802
1422133,1,5,1,GJ Maxwell,0,0.007713360684597199
1422133,1,5,2,GJ Maxwell,1,0.29724693860320683
1422133,1,5,3,GJ Maxwell,1,0.1616549862267148
1422133,1,5,4,GJ Maxwell,1,0.1696638079380435
1422133,1,5,5,GJ Maxwell,1,0.1622693123828038
1422133,1,5,6,GJ Maxwell,1,0.1543419812168168
1422133,2,0,1,M Siddharth,0,0.00017922586924236277
1422133,2,0,2,M Siddharth,0,0.01083312784843666
1422133,2,0,3,M Siddharth,0,0.0038316439991271842
1422133,2,0,4,M Siddharth,0,0.011484949013461946
1422133,2,0,5,M Siddharth,0,0.006381708686748514
1422133,2,0,6,M Siddharth,0,0.012955943795057935
1422133,2,1,1,KH Pandya,0,0.004881773860715792
1422133,2,1,2,KH Pandya,1,0.8867182615662363
1422133,2,1,3,KH Pandya,1,0.5302756217058154
1422133,2,1,4,KH Pandya,1,0.2987206068784361
1422133,2,1,5,KH Pandya,1,0.1611752190812838
1422133,2,2,1,M Siddharth,0,0.010999402195913189
1422133,2,2,2,M Siddharth,0,0.010542509483778278
1422133,2,2,3,M Siddharth,0,0.011208402386060468
1422133,2,2,4,M Siddharth,0,0.01196517933480284
1422133,2,2,5,M Siddharth,0,0.04122002788886446
1422133,2,2,6,M Siddharth,1,0.05838842025850038
1422133,2,3,1,Naveen-ul-Haq,0,0.000508154644697079
1422133,2,3,2,Naveen-ul-Haq,0,0.00023505871803971605
1422133,2,3,3,Naveen-ul-Haq,1,0.4967604352983784
1422133,2,3,4,Naveen-ul-Haq,1,0.24904200405599258
1422133,2,3,5,Naveen-ul-Haq,1,0.08413039276902826
1422133,2,3,6,Naveen-ul-Haq,1,0.3538592778208527
1422133,2,4,1,M Siddharth,1,0.1378138614068466
1422133,2,4,2,M Siddharth,1,0.11262835005286083
1422133,2,4,3,M Siddharth,1,0.10194033765932999
1422133,2,4,4,M Siddharth,1,0.11032185092048728
1422133,2,4,5,M Siddharth,1,0.10082634733343465
1422133,2,5,1,MP Yadav,0,0.0003433764212419943
1422133,2,5,2,MP Yadav,0,0.022415681272438277
1422133,2,5,3,MP Yadav,0,0.006848907397876732
1422133,2,5,4,MP Yadav,0,0.003841356946643742
1422133,2,5,5,MP Yadav,0,0.014507960522433175
1422133,2,5,6,MP Yadav,1,0.15377324699352993
1422136,1,0,1,Abhishek Sharma,0,0.07163390094888566
1422136,1,0,2,Abhishek Sharma,0,0.08480993284971716
1422136,1,0,3,Abhishek Sharma,1,0.6157461148231432
1422136,1,0,4,Abhishek Sharma,1,0.31948549977211077
1422136,1,0,5,Abhishek Sharma,1,0.2545441268322431
1422136,1,1,1,B Kumar,0,0.0003664317776033399
1422136,1,1,2,B Kumar,0,0.02878049128546999
1422136,1,1,3,B Kumar,1,0.4506346478034584
1422136,1,1,4,B Kumar,1,0.24345593839247706
1422136,1,1,5,B Kumar,0,0.1235310446213648
1422136,1,1,6,B Kumar,0,0.13099001888296535
1422136,1,2,1,T Natarajan,0,0.060945837166359165
1422136,1,2,2,T Natarajan,0,0.06837259028441277
1422136,1,2,3,T Natarajan,0,0.14521302218381693
1422136,1,2,4,T Natarajan,1,0.4587555027933103
1422136,1,2,5,T Natarajan,0,0.3234198011800873
1422136,1,2,6,T Natarajan,1,0.6302178829926727
1422136,1,3,1,B Kumar,0,0.07360468843389525
1422136,1,3,2,B Kumar,0,0.03535215845534794
1422136,1,3,3,B Kumar,0,0.032082521876215936
1422136,1,3,4,B Kumar,0,0.031028076979090127
1422136,1,3,5,B Kumar,0,0.02735526505928523
1422136,1,3,6,B Kumar,0,0.02535848661597406
1422136,1,4,1,PJ Cummins,0,0.000422891149375372
1422136,1,4,2,PJ Cummins,1,0.9450162844524111
1422136,1,4,3,PJ Cummins,1,0.6425661180703356
1422136,1,4,4,PJ Cummins,1,0.35729020370596964
1422136,1,4,5,PJ Cummins,1,0.27087074235323955
1422136,1,4,6,PJ Cummins,0,0.1800562637048421
1422136,1,5,1,B Kumar,0,0.09082867064526987
1422136,1,5,2,B Kumar,0,0.11377284849351389
1422136,1,5,3,B Kumar,0,0.08439421063842587
1422136,1,5,4,B Kumar,0,0.1633133388303148
1422136,1,5,5,B Kumar,0,0.15686966645406847
1422136,1,5,6,B Kumar,1,0.20124286179463646
1422136,2,0,1,DL Chahar,0,0.00020938532798077796
1422136,2,0,2,DL Chahar,0,0.00022330422246070263
1422136,2,0,3,DL Chahar,0,0.0026305900068776308
1422136,2,0,4,DL Chahar,0,0.001525400879986085
1422136,2,0,5,DL Chahar,0,0.0060865804596443055
1422136,2,0,6,DL Chahar,0,0.31783775537479786
1422136,2,1,1,Mukesh Choudhary,0,0.9990614668897275
1422136,2,1,2,Mukesh Choudhary,0,0.628782329357448
1422136,2,1,3,Mukesh Choudhary,0,0.9518811656746143
1422136,2,1,4,Mukesh Choudhary,0,0.7634134519641147
1422136,2,1,5,Mukesh Choudhary,0,0.9614307588331792
1422136,2,1,6,Mukesh Choudhary,0,0.9519985696731609
1422136,2,2,1,DL Chahar,0,0.16122010146348328
1422136,2,2,2,DL Chahar,0,0.34669568631849196
1422136,2,2,3,DL Chahar,1,0.4831404546623834
1422136,2,2,4,DL Chahar,1,0.3858507978207324
1422136,2,2,5,DL Chahar,1,0.4294271502439648
1422136,2,2,6,DL Chahar,0,0.43541571641532306
1422136,2,3,1,M Theekshana,0,0.01657250696718403
1422136,2,3,2,M Theekshana,0,0.009449748309658385
1422136,2,3,3,M Theekshana,1,0.5420096508554187
1422136,2,3,4,M Theekshana,1,0.4912903020650814
1422136,2,3,5,M Theekshana,1,0.3682169561768397
1422136,2,3,6,M Theekshana,1,0.5056796570738138
1422136,2,4,1,DL Chahar,1,0.39533303241127066
1422136,2,4,2,DL Chahar,1,0.3364757073736507
1422136,2,4,3,DL Chahar,0,0.37690871041668395
1422136,2,4,4,DL Chahar,0,0.425737643672302
1422136,2,4,5,DL Chahar,0,0.3870690812236762
1422136,2,4,6,DL Chahar,0,0.4000593145588963
1422136,2,5,1,TU Deshpande,1,0.9990613751590681
1422136,2,5,2,TU Deshpande,1,0.662088886889061
1422136,2,5,3,TU Deshpande,1,0.9125053092854774
1422136,2,5,4,TU Deshpande,1,0.6702425392839014
1422136,2,5,5,TU Deshpande,1,0.7147240230129671
1422136,2,5,6,TU Deshpande,1,0.6545949561002737
1422139,1,0,1,UT Yadav,0,0.0009133021166122959
1422139,1,0,2,UT Yadav,1,0.9808038218559512
1422139,1,0,3,UT Yadav,1,0.842943858065365
1422139,1,0,4,UT Yadav,1,0.4177258473290513
1422139,1,0,5,UT Yadav,0,0.3844366576569538
1422139,1,0,6,UT Yadav,0,0.23714580964899348
1422139,1,1,1,SH Johnson,0,0.0012970135714307743
1422139,1,1,2,SH Johnson,0,0.001368637494255486
1422139,1,1,3,SH Johnson,0,0.18990842758198817
1422139,1,1,4,SH Johnson,0,0.08883777986343956
1422139,1,1,5,SH Johnson,0,0.04241810575942588
1422139,1,1,6,SH Johnson,0,0.08149237230862326
1422139,1,2,1,UT Yadav,1,0.38586148480626725
1422139,1,2,2,UT Yadav,1,0.3685892609174061
1422139,1,2,3,UT Yadav,0,0.3248094430201306
1422139,1,2,4,UT Yadav,0,0.3152468866117248
1422139,1,2,5,UT Yadav,0,0.24128721680678364
1422139,1,2,6,UT Yadav,0,0.19325720980680203
1422139,1,3,1,SH Johnson,0,0.28809562444737347
1422139,1,3,2,SH Johnson,1,0.477088171188823
1422139,1,3,3,SH Johnson,1,0.44156702579856916
1422139,1,3,4,SH Johnson,0,0.456920911011285
1422139,1,3,5,SH Johnson,0,0.4585765917045932
1422139,1,3,6,SH Johnson,1,0.4729959923138294
1422139,1,4,1,UT Yadav,0,0.2690085552793523
1422139,1,4,2,UT Yadav,0,0.14067572705174675
1422139,1,4,3,UT Yadav,0,0.3146146918452828
1422139,1,4,4,UT Yadav,0,0.3190006186144624
1422139,1,4,5,UT Yadav,1,0.4235108344533972
1422139,1,5,1,Rashid Khan,0,0.1331888904266835
1422139,1,5,2,Rashid Khan,0,0.14673739695099314
1422139,1,5,3,Rashid Khan,0,0.11931424877849627
1422139,1,5,4,Rashid Khan,0,0.10917675852469859
1422139,1,5,5,Rashid Khan,0,0.11105939394560756
1422139,1,5,6,Rashid Khan,0,0.07817304876637428
1422139,2,0,1,M Siddharth,0,0.0483621274413904
1422139,2,0,2,M Siddharth,0,0.04855635342882342
1422139,2,0,3,M Siddharth,0,0.04014146547265695
1422139,2,0,4,M Siddharth,0,0.05052143298467093
1422139,2,0,5,M Siddharth,0,0.03521346207122166
1422139,2,0,6,M Siddharth,0,0.041947204496225306
1422139,2,0,7,M Siddharth,0,0.027423629462683233
1422139,2,1,1,Naveen-ul-Haq,0,0.01751039436913743
1422139,2,1,2,Naveen-ul-Haq,0,0.031818239632040425
1422139,2,1,3,Naveen-ul-Haq,0,0.028912158137828176
1422139,2,1,4,Naveen-ul-Haq,1,0.6008912127246462
1422139,2,1,5,Naveen-ul-Haq,1,0.5109137847584204
1422139,2,1,6,Naveen-ul-Haq,1,0.7878141735836078
1422139,2,2,1,M Siddharth,0,0.037208351394435624
1422139,2,2,2,M Siddharth,0,0.037388499009212116
1422139,2,2,3,M Siddharth,0,0.03293825973392657
1422139,2,2,4,M Siddharth,0,0.036619236257192336
1422139,2,2,5,M Siddharth,0,0.0322181321906255
1422139,2,2,6,M Siddharth,0,0.03252312125367674
1422139,2,3,1,MP Yadav,1,0.9994295488752143
1422139,2,3,2,MP Yadav,0,0.8512107278615614
1422139,2,3,3,MP Yadav,0,0.30253247177594017
1422139,2,3,4,MP Yadav,0,0.840844866964432
1422139,2,3,5,MP Yadav,0,0.6643609744659059
1422139,2,4,1,M Siddharth,0,0.0435605424616338
1422139,2,4,2,M Siddharth,0,0.049824071899304795
1422139,2,4,3,M Siddharth,0,0.042170340224494604
1422139,2,4,4,M Siddharth,0,0.04030488190126889
1422139,2,4,5,M Siddharth,0,0.04500597905475684
1422139,2,4,6,M Siddharth,0,0.043997089692493
1422139,2,4,7,M Siddharth,0,0.043942598082893095
1422139,2,4,8,M Siddharth,0,0.06587736605944608
1422139,2,4,9,M Siddharth,0,0.06587736605944608
1422139,2,5,1,Yash Thakur,0,0.026360376722722897
1422139,2,5,2,Yash Thakur,1,0.9288819135530053
1422139,2,5,3,Yash Thakur,1,0.818812126441151
1422139,2,5,4,Yash Thakur,1,0.740145247539864
1422139,2,5,5,Yash Thakur,0,0.3402958880563805
1422139,2,5,6,Yash Thakur,0,0.4418925704466109
1426266,1,0,1,MA Starc,1,0.9992642365088051
1426266,1,0,2,MA Starc,1,0.9992127049085436
1426266,1,0,3,MA Starc,1,0.9565322196737395
1426266,1,0,4,MA Starc,1,0.7155028766358339
1426266,1,0,5,MA Starc,1,0.27350825537557866
1426266,1,0,6,MA Starc,1,0.3566593465776215
1426266,1,1,1,VG Arora,0,0.00044634553414774346
1426266,1,1,2,VG Arora,0,0.0004956715752707394
1426266,1,1,3,VG Arora,0,0.003474681608759812
1426266,1,1,4,VG Arora,1,0.944669271564286
1426266,1,1,5,VG Arora,1,0.7311895104069349
1426266,1,1,6,VG Arora,1,0.3699637761604994
1426266,1,1,7,VG Arora,0,0.1834536897860143
1426266,1,1,8,VG Arora,0,0.19445672746190007
1426266,1,2,1,MA Starc,1,0.17926720754764044
1426266,1,2,2,MA Starc,1,0.11096939386818896
1426266,1,2,3,MA Starc,1,0.07891468262883745
1426266,1,2,4,MA Starc,1,0.12125045898351432
1426266,1,2,5,MA Starc,0,0.10895443837118275
1426266,1,2,6,MA Starc,0,0.10812435317102854
1426266,1,2,7,MA Starc,1,0.1948951651300085
1426266,1,3,1,VG Arora,0,0.10105771323646497
1426266,1,3,2,VG Arora,0,0.08536473805374797
1426266,1,3,3,VG Arora,0,0.061421355445208235
1426266,1,3,4,VG Arora,0,0.17292680038870858
1426266,1,3,5,VG Arora,0,0.14421890941750906
1426266,1,3,6,VG Arora,0,0.11119818590856868
1426266,1,4,1,MA Starc,1,0.16889621422115755
1426266,1,4,2,MA Starc,1,0.23627360562207878
1426266,1,4,3,MA Starc,1,0.2189893587286336
1426266,1,4,4,MA Starc,1,0.17727907742059337
1426266,1,4,5,MA Starc,1,0.1526238899527386
1426266,1,4,6,MA Starc,1,0.1353067253665585
1426266,1,5,1,Harshit Rana,0,0.010106827693873471
1426266,1,5,2,Harshit Rana,1,0.8414298379135963
1426266,1,5,3,Harshit Rana,1,0.4569077936427301
1426266,1,5,4,Harshit Rana,0,0.2144915991774795
1426266,1,5,5,Harshit Rana,0,0.17243273970540143
1426266,1,5,6,Harshit Rana,1,0.4515724929150848
1426266,2,0,1,S Joseph,0,0.00014822755703583447
1426266,2,0,2,S Joseph,0,0.00015218032237159147
1426266,2,0,3,S Joseph,0,0.16480852940151905
1426266,2,0,4,S Joseph,0,0.2538266717202706
1426266,2,0,5,S Joseph,0,0.07198146377335063
1426266,2,0,6,S Joseph,0,0.1376914792036309
1426266,2,0,7,S Joseph,0,0.21100714839661147
1426266,2,0,8,S Joseph,0,0.24337643949063545
1426266,2,0,9,S Joseph,0,0.1909235249227489
1426266,2,0,10,S Joseph,1,0.5170318520365964
1426266,2,1,1,Mohsin Khan,0,0.00014702387833125062
1426266,2,1,2,Mohsin Khan,0,0.0001509445501664833
1426266,2,1,3,Mohsin Khan,0,0.00015653942767649407
1426266,2,1,4,Mohsin Khan,0,0.00015653942767649407
1426266,2,1,5,Mohsin Khan,0,0.00015653942767649407
1426266,2,1,6,Mohsin Khan,0,0.053707613047945454
1426266,2,2,1,KH Pandya,1,0.9990818035388745
1426266,2,2,2,KH Pandya,1,0.9990145480206201
1426266,2,2,3,KH Pandya,1,0.9988103006302977
1426266,2,2,4,KH Pandya,1,0.9648853665405557
1426266,2,2,5,KH Pandya,1,0.8927123738517488
1426266,2,3,1,Mohsin Khan,0,0.02960830271800546
1426266,2,3,2,Mohsin Khan,0,0.04347764098383524
1426266,2,3,3,Mohsin Khan,0,0.056073279829882465
1426266,2,3,4,Mohsin Khan,0,0.029935790721943425
1426266,2,3,5,Mohsin Khan,0,0.021414663224572632
1426266,2,3,6,Mohsin Khan,0,0.015490612317289439
1426266,2,4,1,S Joseph,1,0.4798816255507664
1426266,2,4,2,S Joseph,1,0.45812768977076973
1426266,2,4,3,S Joseph,0,0.1849756351298303
1426266,2,4,4,S Joseph,1,0.5902787707737339
1426266,2,4,5,S Joseph,1,0.5211727851078449
1426266,2,4,6,S Joseph,1,0.3742590997825165
1426266,2,5,1,Yash Thakur,1,0.9991031367589863
1426266,2,5,2,Yash Thakur,1,0.9991107589533721
1426266,2,5,3,Yash Thakur,1,0.9595312742097833
1426266,2,5,4,Yash Thakur,1,0.8459728452685396
1426266,2,5,5,Yash Thakur,0,0.5574138160116845
1426266,2,5,6,Yash Thakur,0,0.4032719144779793
1426271,1,0,1,LS Livingstone,0,0.00023618395091653998
1426271,1,0,2,LS Livingstone,0,0.002274198461309516
1426271,1,0,3,LS Livingstone,0,0.0034355508059540677
1426271,1,0,4,LS Livingstone,0,0.002276377046610229
1426271,1,0,5,LS Livingstone,0,0.003087085846335728
1426271,1,0,6,LS Livingstone,0,0.20255887459360214
1426271,1,1,1,Arshdeep Singh,0,0.009226453211469898
1426271,1,1,2,Arshdeep Singh,0,0.008680035063590651
1426271,1,1,3,Arshdeep Singh,1,0.8981900171973638
1426271,1,1,4,Arshdeep Singh,0,0.7411718339310667
1426271,1,1,5,Arshdeep Singh,1,0.9172772333728407
1426271,1,1,6,Arshdeep Singh,0,0.8272586384288722
1426271,1,2,1,K Rabada,0,0.0002572681471535496
1426271,1,2,2,K Rabada,0,0.000264824191584408
1426271,1,2,3,K Rabada,0,0.00026035045235584225
1426271,1,2,4,K Rabada,0,0.1887605444023751
1426271,1,2,5,K Rabada,0,0.7587311663028983
1426271,1,2,6,K Rabada,0,0.7079027685890277
1426271,1,3,1,Arshdeep Singh,0,0.7210864029320433
1426271,1,3,2,Arshdeep Singh,0,0.5698361758038856
1426271,1,3,3,Arshdeep Singh,1,0.869538301746617
1426271,1,3,4,Arshdeep Singh,0,0.7760085014068393
1426271,1,3,5,Arshdeep Singh,0,0.7464283659860043
1426271,1,3,6,Arshdeep Singh,0,0.651349600783447
1426271,1,4,1,HV Patel,1,0.9995524420216395
1426271,1,4,2,HV Patel,1,0.9761726967243891
1426271,1,4,3,HV Patel,1,0.8465678782018082
1426271,1,4,4,HV Patel,0,0.4297608787248683
1426271,1,4,5,HV Patel,0,0.3352439137514759
1426271,1,4,6,HV Patel,0,0.3072440981592291
1426271,1,5,1,SM Curran,0,0.0005535241560621042
1426271,1,5,2,SM Curran,1,0.9308205587142364
1426271,1,5,3,SM Curran,0,0.6201372503132785
1426271,1,5,4,SM Curran,0,0.25340451984394474
1426271,1,5,5,SM Curran,0,0.2331730046524484
1426271,1,5,6,SM Curran,1,0.8606818109194797
1426271,2,0,1,G Coetzee,1,0.998878504257342
1426271,2,0,2,G Coetzee,1,0.9982086510714004
1426271,2,0,3,G Coetzee,1,0.9326535394656779
1426271,2,0,4,G Coetzee,1,0.9232046002859537
1426271,2,0,5,G Coetzee,1,0.8631809557162696
1426271,2,0,6,G Coetzee,0,0.599059181066576
1426271,2,0,7,G Coetzee,0,0.6197813926042418
1426271,2,1,1,JJ Bumrah,0,0.0002456613867926782
1426271,2,1,2,JJ Bumrah,0,0.0002451040524378651
1426271,2,1,3,JJ Bumrah,0,0.0016212176920700136
1426271,2,1,4,JJ Bumrah,0,0.0008458593061752646
1426271,2,1,5,JJ Bumrah,0,0.0019303532150199932
1426271,2,1,6,JJ Bumrah,0,0.0015112158605425526
1426271,2,2,1,G Coetzee,0,0.4884924212013598
1426271,2,2,2,G Coetzee,0,0.43726374790685796
1426271,2,2,3,G Coetzee,0,0.473635188781122
1426271,2,2,4,G Coetzee,0,0.4322507272529622
1426271,2,2,5,G Coetzee,0,0.39465515481058305
1426271,2,2,6,G Coetzee,0,0.39681351532113485
1426271,2,2,7,G Coetzee,0,0.6746829083976539
1426271,2,3,1,JJ Bumrah,0,0.0016777998928489363
1426271,2,3,2,JJ Bumrah,0,0.052409839533076416
1426271,2,3,3,JJ Bumrah,0,0.03768406906060164
1426271,2,3,4,JJ Bumrah,0,0.040756876161838734
1426271,2,3,5,JJ Bumrah,0,0.08068428015606939
1426271,2,3,6,JJ Bumrah,0,0.1433868714080238
1426271,2,3,7,JJ Bumrah,0,0.05307833669033915
1426271,2,4,1,Akash Madhwal,0,0.0004706413878800051
1426271,2,4,2,Akash Madhwal,0,0.9334049890772081
1426271,2,4,3,Akash Madhwal,0,0.6970397649290572
1426271,2,4,4,Akash Madhwal,0,0.6072602094890378
1426271,2,4,5,Akash Madhwal,0,0.6024055683151956
1426271,2,4,6,Akash Madhwal,0,0.8788950784640085
1426271,2,5,1,HH Pandya,0,0.00043816828969231854
1426271,2,5,2,HH Pandya,0,0.012542137878220127
1426271,2,5,3,HH Pandya,0,0.004878341997116062
1426271,2,5,4,HH Pandya,0,0.0018019556684101446
1426271,2,5,5,HH Pandya,0,0.0013633005843854404
1426271,2,5,6,HH Pandya,0,0.00035890985723298927
1426274,1,0,1,Mohammed Siraj,0,0.00019076479880004754
1426274,1,0,2,Mohammed Siraj,1,0.971519266553357
1426274,1,0,3,Mohammed Siraj,1,0.9789655653406906
1426274,1,0,4,Mohammed Siraj,1,0.9401826925493643
1426274,1,0,5,Mohammed Siraj,1,0.6938467841048233
1426274,1,0,6,Mohammed Siraj,1,0.5124628169974281
1426274,1,1,1,Yash Dayal,0,0.0001527505582916248
1426274,1,1,2,Yash Dayal,0,0.00016115457640345957
1426274,1,1,3,Yash Dayal,0,0.00016371967550771768
1426274,1,1,4,Yash Dayal,0,0.07632577134930897
1426274,1,1,5,Yash Dayal,0,0.45929428240883385
1426274,1,1,6,Yash Dayal,0,0.5302809737868398
1426274,1,2,1,Mohammed Siraj,0,0.28630904914500643
1426274,1,2,2,Mohammed Siraj,0,0.1456207153435199
1426274,1,2,3,Mohammed Siraj,0,0.35410094173998474
1426274,1,2,4,Mohammed Siraj,0,0.22676054525874817
1426274,1,2,5,Mohammed Siraj,0,0.16459425684437667
1426274,1,2,6,Mohammed Siraj,0,0.09074183787212092
1426274,1,3,1,LH Ferguson,1,0.9993756677934839
1426274,1,3,2,LH Ferguson,1,0.9992519719810091
1426274,1,3,3,LH Ferguson,1,0.9991350356772619
1426274,1,3,4,LH Ferguson,1,0.9989529907936994
1426274,1,3,5,LH Ferguson,1,0.9987932314154135
1426274,1,3,6,LH Ferguson,1,0.9992305101586223
1426274,1,4,1,Mohammed Siraj,0,0.09012714643188573
1426274,1,4,2,Mohammed Siraj,0,0.09275836300779176
1426274,1,4,3,Mohammed Siraj,0,0.0828414966537622
1426274,1,4,4,Mohammed Siraj,0,0.12845256133003313
1426274,1,4,5,Mohammed Siraj,0,0.12020463155686821
1426274,1,4,6,Mohammed Siraj,0,0.10626712031520516
1426274,1,5,1,Yash Dayal,0,0.39616489883287165
1426274,1,5,2,Yash Dayal,0,0.36850580596042815
1426274,1,5,3,Yash Dayal,0,0.50970465917827
1426274,1,5,4,Yash Dayal,0,0.6541361738894721
1426274,1,5,5,Yash Dayal,0,0.6275726992839652
1426274,1,5,6,Yash Dayal,0,0.5019949734016667
1426274,2,0,1,Harshit Rana,1,0.9992208763002266
1426274,2,0,2,Harshit Rana,1,0.832600515684153
1426274,2,0,3,Harshit Rana,1,0.3974358491554213
1426274,2,0,4,Harshit Rana,1,0.2009798512113548
1426274,2,0,5,Harshit Rana,0,0.06839396860855441
1426274,2,0,6,Harshit Rana,1,0.5135315366022565
1426274,2,1,1,MA Starc,0,0.0003023611913879875
1426274,2,1,2,MA Starc,0,0.0028369106458335834
1426274,2,1,3,MA Starc,0,0.005635543365269683
1426274,2,1,4,MA Starc,0,0.7612115349989992
1426274,2,1,5,MA Starc,0,0.5161894526713102
1426274,2,1,6,MA Starc,0,0.22145140500147792
1426274,2,1,7,MA Starc,0,0.59394374981585
1426274,2,2,1,Harshit Rana,1,0.24465800328524595
1426274,2,2,2,Harshit Rana,1,0.16258389636231904
1426274,2,2,3,Harshit Rana,1,0.13985540231153012
1426274,2,2,4,Harshit Rana,1,0.3487181906177594
1426274,2,2,5,Harshit Rana,1,0.2560046878909659
1426274,2,2,6,Harshit Rana,1,0.21394099127740168
1426274,2,3,1,CV Varun,0,0.000262793514334506
1426274,2,3,2,CV Varun,0,0.002050775944989777
1426274,2,3,3,CV Varun,0,0.0009175544404788667
1426274,2,3,4,CV Varun,0,0.14081009251384755
1426274,2,3,5,CV Varun,0,0.0945712050335725
1426274,2,3,6,CV Varun,1,0.3784406996706716
1426274,2,4,1,SP Narine,0,0.0003033151923243532
1426274,2,4,2,SP Narine,0,0.0003169505619813833
1426274,2,4,3,SP Narine,0,0.19258824608901934
1426274,2,4,4,SP Narine,0,0.093843626739394
1426274,2,4,5,SP Narine,0,0.08374846384974548
1426274,2,4,6,SP Narine,0,0.0834664547545226
1426274,2,5,1,MA Starc,0,0.7992073739339687
1426274,2,5,2,MA Starc,1,0.906017848658224
1426274,2,5,3,MA Starc,0,0.8283730033504789
1426274,2,5,4,MA Starc,0,0.7186973457238445
1426274,2,5,5,MA Starc,0,0.8051803882366406
1426274,2,5,6,MA Starc,0,0.9021292018405995
1426279,1,0,1,Abhishek Sharma,1,0.9990375150080282
1426279,1,0,2,Abhishek Sharma,1,0.8119971876807054
1426279,1,0,3,Abhishek Sharma,1,0.6694023652562946
1426279,1,0,4,Abhishek Sharma,1,0.46877390790320195
1426279,1,0,5,Abhishek Sharma,0,0.2930694005104539
1426279,1,1,1,B Kumar,1,0.9990403553836593
1426279,1,1,2,B Kumar,1,0.8370097616631164
1426279,1,1,3,B Kumar,0,0.45701815818341357
1426279,1,1,4,B Kumar,0,0.279398153667488
1426279,1,1,5,B Kumar,0,0.6495780070166278
1426279,1,2,1,PJ Cummins,1,0.999129837792422
1426279,1,2,2,PJ Cummins,1,0.9991468590396466
1426279,1,2,3,PJ Cummins,1,0.9330452175968605
1426279,1,2,4,PJ Cummins,1,0.9425891435943528
1426279,1,2,5,PJ Cummins,1,0.860330564351259
1426279,1,2,6,PJ Cummins,1,0.852548699066504
1426279,1,3,1,T Natarajan,1,0.9990549348112027
1426279,1,3,2,T Natarajan,1,0.852165532489608
1426279,1,3,3,T Natarajan,1,0.512512869080654
1426279,1,3,4,T Natarajan,0,0.22668946279502122
1426279,1,3,5,T Natarajan,0,0.1258492703152024
1426279,1,3,6,T Natarajan,0,0.12750518311271694
1426279,1,4,1,Shahbaz Ahmed,0,0.0002848163885764695
1426279,1,4,2,Shahbaz Ahmed,0,0.03782072091246873
1426279,1,4,3,Shahbaz Ahmed,0,0.005106126642692944
1426279,1,4,4,Shahbaz Ahmed,0,0.0029461024426052024
1426279,1,4,5,Shahbaz Ahmed,0,0.010819548454772189
1426279,1,4,6,Shahbaz Ahmed,0,0.0049998906722639
1426279,1,5,1,T Natarajan,0,0.09995831196038761
1426279,1,5,2,T Natarajan,0,0.11065555092323794
1426279,1,5,3,T Natarajan,0,0.21479337854926617
1426279,1,5,4,T Natarajan,0,0.2032825193827888
1426279,1,5,5,T Natarajan,0,0.2081845164547957
1426279,1,5,6,T Natarajan,0,0.20285352313444938
1426279,2,0,1,WG Jacks,0,0.02320756902618659
1426279,2,0,2,WG Jacks,0,0.009655329913209925
1426279,2,0,3,WG Jacks,0,0.013957782442093631
1426279,2,0,4,WG Jacks,0,0.010086800392076902
1426279,2,0,5,WG Jacks,0,0.013575023479195444
1426279,2,0,6,WG Jacks,0,0.007111678185924038
1426279,2,1,1,Mohammed Siraj,0,0.026616751865324164
1426279,2,1,2,Mohammed Siraj,0,0.011663712567012489
1426279,2,1,3,Mohammed Siraj,0,0.013948575140642447
1426279,2,1,4,Mohammed Siraj,0,0.024744847351336995
1426279,2,1,5,Mohammed Siraj,1,0.468644520061348
1426279,2,1,6,Mohammed Siraj,1,0.36629102516850853
1426279,2,1,7,Mohammed Siraj,1,0.26664239238201065
1426279,2,2,1,WG Jacks,0,0.12391513732069276
1426279,2,2,2,WG Jacks,0,0.40201501055447864
1426279,2,2,3,WG Jacks,0,0.36649215657126516
1426279,2,2,4,WG Jacks,0,0.36556220843851017
1426279,2,2,5,WG Jacks,0,0.35759573121359883
1426279,2,3,1,Yash Dayal,0,0.00030569690065395777
1426279,2,3,2,Yash Dayal,0,0.007026630688540471
1426279,2,3,3,Yash Dayal,1,0.5883515816613419
1426279,2,3,4,Yash Dayal,1,0.6833005573823804
1426279,2,3,5,Yash Dayal,1,0.512432873691293
1426279,2,3,6,Yash Dayal,1,0.26346676540162794
1426279,2,3,7,Yash Dayal,1,0.20810215262181508
1426279,2,4,1,Swapnil Singh,1,0.9990856698003588
1426279,2,4,2,Swapnil Singh,0,0.7778795363809113
1426279,2,4,3,Swapnil Singh,1,0.9399603474553404
1426279,2,4,4,Swapnil Singh,1,0.9758011799517874
1426279,2,4,5,Swapnil Singh,1,0.9390056604140513
1426279,2,4,6,Swapnil Singh,1,0.9045256117284126
1426279,2,4,7,Swapnil Singh,1,0.9201713253524318
1426279,2,5,1,Mohammed Siraj,1,0.19855998271258757
1426279,2,5,2,Mohammed Siraj,1,0.14320188992604793
1426279,2,5,3,Mohammed Siraj,1,0.09567885816803381
1426279,2,5,4,Mohammed Siraj,1,0.09353483557861308
1426279,2,5,5,Mohammed Siraj,1,0.09581566392375211
1426279,2,5,6,Mohammed Siraj,1,0.09574588765232024
1426286,1,0,1,MP Stoinis,0,0.00031341642834390875
1426286,1,0,2,MP Stoinis,0,0.01400633112193495
1426286,1,0,3,MP Stoinis,0,0.00813284267914279
1426286,1,0,4,MP Stoinis,0,0.020327037092621875
1426286,1,0,5,MP Stoinis,0,0.01374773825313061
1426286,1,0,6,MP Stoinis,0,0.013419476554272704
1426286,1,0,7,MP Stoinis,0,0.003704386262911376
1426286,1,1,1,Mohsin Khan,0,0.022387144291048943
1426286,1,1,2,Mohsin Khan,1,0.9318962454645815
1426286,1,1,3,Mohsin Khan,1,0.5076034832879129
1426286,1,1,4,Mohsin Khan,0,0.45802860360766834
1426286,1,1,5,Mohsin Khan,0,0.33994162487529933
1426286,1,1,6,Mohsin Khan,0,0.35152930846787195
1426286,1,2,1,MP Stoinis,1,0.22388564888436074
1426286,1,2,2,MP Stoinis,1,0.28722999857335907
1426286,1,2,3,MP Stoinis,1,0.19627152066721507
1426286,1,2,4,MP Stoinis,0,0.27648475823206997
1426286,1,2,5,MP Stoinis,0,0.27648475823206997
1426286,1,2,6,MP Stoinis,0,0.26699404772962976
1426286,1,3,1,Mohsin Khan,0,0.3154303623819919
1426286,1,3,2,Mohsin Khan,0,0.2572187476533233
1426286,1,3,3,Mohsin Khan,0,0.136097628387326
1426286,1,3,4,Mohsin Khan,0,0.1352057984481794
1426286,1,3,5,Mohsin Khan,0,0.14393225589534647
1426286,1,3,6,Mohsin Khan,0,0.11864414718110575
1426286,1,4,1,MP Stoinis,0,0.09318311354207533
1426286,1,4,2,MP Stoinis,1,0.34755330168040505
1426286,1,4,3,MP Stoinis,1,0.34369610726362676
1426286,1,4,4,MP Stoinis,1,0.3169657152760899
1426286,1,4,5,MP Stoinis,1,0.29467617678662356
1426286,1,5,1,Naveen-ul-Haq,0,0.0009081091207954351
1426286,1,5,2,Naveen-ul-Haq,0,0.0009249317883330375
1426286,1,5,3,Naveen-ul-Haq,0,0.0009396425123095487
1426286,1,5,4,Naveen-ul-Haq,0,0.000937871145952952
1426286,1,5,5,Naveen-ul-Haq,0,0.0041125667481123045
1426286,1,5,6,Naveen-ul-Haq,0,0.0014080669612682565
1426286,2,0,1,N Thushara,0,0.0006086185877872076
1426286,2,0,2,N Thushara,0,0.0006681069295138999
1426286,2,0,3,N Thushara,0,0.024567413988983187
1426286,2,0,4,N Thushara,0,0.019904818537464
1426286,2,0,5,N Thushara,0,0.01526596222407893
1426286,2,0,6,N Thushara,0,0.0014588570543300808
1426286,2,1,1,JJ Bumrah,0,0.0005962096279208191
1426286,2,1,2,JJ Bumrah,0,0.0006544858722326838
1426286,2,1,3,JJ Bumrah,0,0.03681370913751001
1426286,2,1,4,JJ Bumrah,0,0.032394315418724416
1426286,2,1,5,JJ Bumrah,0,0.038828599432357884
1426286,2,1,6,JJ Bumrah,1,0.43113533758238065
1426286,2,2,1,N Thushara,0,0.006783453213321951
1426286,2,2,2,N Thushara,0,0.0031158443511314295
1426286,2,2,3,N Thushara,0,0.001978768731128352
1426286,2,2,4,N Thushara,0,0.0009885183297139166
1426286,2,2,5,N Thushara,0,0.0009885183297139166
1426286,2,2,6,N Thushara,0,0.007464734842412251
1426286,2,2,7,N Thushara,0,0.014598641161373691
1426286,2,3,1,G Coetzee,0,0.07741288538386666
1426286,2,3,2,G Coetzee,0,0.057837845785557444
1426286,2,3,3,G Coetzee,0,0.060811778855112186
1426286,2,3,4,G Coetzee,0,0.09857346795161236
1426286,2,3,5,G Coetzee,0,0.09763494714341975
1426286,2,3,6,G Coetzee,0,0.7464601499357754
1426286,2,3,7,G Coetzee,1,0.9177404901636217
1426286,2,4,1,N Thushara,0,0.02896172380736725
1426286,2,4,2,N Thushara,0,0.03665366062648396
1426286,2,4,3,N Thushara,0,0.033504585757001916
1426286,2,4,4,N Thushara,0,0.21561622742463799
1426286,2,4,5,N Thushara,0,0.45415841031787163
1426286,2,4,6,N Thushara,1,0.35077428668032873
1426286,2,5,1,JJ Bumrah,1,0.28789604498803545
1426286,2,5,2,JJ Bumrah,1,0.6046017860293079
1426286,2,5,3,JJ Bumrah,1,0.5425105197617317
1426286,2,5,4,JJ Bumrah,1,0.5472134771338892
1426286,2,5,5,JJ Bumrah,1,0.5608051561292835
1426286,2,5,6,JJ Bumrah,1,0.45479776560527635
1426291,1,0,1,K Rabada,0,0.0006340166415187978
1426291,1,0,2,K Rabada,0,0.007300205572403267
1426291,1,0,3,K Rabada,0,0.008424652430804461
1426291,1,0,4,K Rabada,0,0.014591923348978176
1426291,1,0,5,K Rabada,0,0.012773161157017598
1426291,1,0,6,K Rabada,0,0.011425666899264829
1426291,1,0,7,K Rabada,0,0.014371618807451947
1426291,1,1,1,Arshdeep Singh,1,0.9994879655039718
1426291,1,1,2,Arshdeep Singh,1,0.8888393147641677
1426291,1,1,3,Arshdeep Singh,0,0.48897241821266385
1426291,1,1,4,Arshdeep Singh,0,0.2875681540632469
1426291,1,1,5,Arshdeep Singh,0,0.09240160696721225
1426291,1,1,6,Arshdeep Singh,0,0.08722009066027088
1426291,1,2,1,K Rabada,0,0.007668882984634544
1426291,1,2,2,K Rabada,0,0.008587018248638039
1426291,1,2,3,K Rabada,0,0.007772304074740995
1426291,1,2,4,K Rabada,0,0.07532705599462997
1426291,1,2,5,K Rabada,0,0.0697591009526752
1426291,1,2,6,K Rabada,0,0.06085612898726706
1426291,1,3,1,Arshdeep Singh,0,0.22873566495898198
1426291,1,3,2,Arshdeep Singh,1,0.6102482290636958
1426291,1,3,3,Arshdeep Singh,1,0.39340579587688285
1426291,1,3,4,Arshdeep Singh,0,0.28768929103880725
1426291,1,3,5,Arshdeep Singh,0,0.22848547928425314
1426291,1,3,6,Arshdeep Singh,0,0.17426147755890561
1426291,1,4,1,SM Curran,0,0.013521258222850068
1426291,1,4,2,SM Curran,0,0.012600083861597961
1426291,1,4,3,SM Curran,0,0.01792354405299444
1426291,1,4,4,SM Curran,0,0.017495435855711214
1426291,1,4,5,SM Curran,0,0.019579833549970282
1426291,1,4,6,SM Curran,0,0.017690161799185183
1426291,1,5,1,Harpreet Brar,0,0.00030145241238982965
1426291,1,5,2,Harpreet Brar,0,0.9768809716422078
1426291,1,5,3,Harpreet Brar,1,0.9875272922486499
1426291,1,5,4,Harpreet Brar,1,0.9866782542850504
1426291,1,5,5,Harpreet Brar,0,0.9689557107322085
1426291,2,0,1,MJ Santner,0,0.00018721315148375272
1426291,2,0,2,MJ Santner,0,0.004158924696676815
1426291,2,0,3,MJ Santner,0,0.0014164548416306356
1426291,2,0,4,MJ Santner,0,0.0013850713055100217
1426291,2,0,5,MJ Santner,0,0.0019632534121261174
1426291,2,0,6,MJ Santner,0,0.0012484995518246367
1426291,2,1,1,TU Deshpande,0,0.0004541757914969126
1426291,2,1,2,TU Deshpande,1,0.9995768815781134
1426291,2,1,3,TU Deshpande,1,0.9698751660270797
1426291,2,1,4,TU Deshpande,1,0.7737752101237316
1426291,2,1,5,TU Deshpande,1,0.25222263419404056
1426291,2,1,6,TU Deshpande,0,0.08613993169022063
1426291,2,1,7,TU Deshpande,0,0.09122082249935737
1426291,2,2,1,MJ Santner,0,0.0012594660254374955
1426291,2,2,2,MJ Santner,0,0.0009250495482189815
1426291,2,2,3,MJ Santner,0,0.0006145637813434837
1426291,2,2,4,MJ Santner,0,0.0006145637813434837
1426291,2,2,5,MJ Santner,0,0.0014411074585802541
1426291,2,2,6,MJ Santner,0,0.0024773291382303854
1426291,2,3,1,TU Deshpande,1,0.20834140218530062
1426291,2,3,2,TU Deshpande,0,0.12609605200411658
1426291,2,3,3,TU Deshpande,0,0.08360332246183672
1426291,2,3,4,TU Deshpande,0,0.07568830411200411
1426291,2,3,5,TU Deshpande,0,0.0903947215573039
1426291,2,3,6,TU Deshpande,0,0.08372948545047813
1426291,2,4,1,RJ Gleeson,0,0.0006873530501655778
1426291,2,4,2,RJ Gleeson,1,0.9995587008396791
1426291,2,4,3,RJ Gleeson,1,0.968558153772982
1426291,2,4,4,RJ Gleeson,1,0.9866036061080624
1426291,2,4,5,RJ Gleeson,1,0.9611091084792989
1426291,2,4,6,RJ Gleeson,1,0.8476997114371181
1426291,2,4,7,RJ Gleeson,1,0.7623661077295315
1426291,2,5,1,TU Deshpande,0,0.1772699681253034
1426291,2,5,2,TU Deshpande,1,0.2709624644713047
1426291,2,5,3,TU Deshpande,1,0.24345960249334236
1426291,2,5,4,TU Deshpande,0,0.2610059389842248
1426291,2,5,5,TU Deshpande,1,0.40531406809742176
1426291,2,5,6,TU Deshpande,1,0.35467257417520076
1426297,1,0,1,MJ Santner,0,0.014032096577654364
1426297,1,0,2,MJ Santner,0,0.024794507352141965
1426297,1,0,3,MJ Santner,0,0.8602156377295784
1426297,1,0,4,MJ Santner,0,0.5732150967145971
1426297,1,0,5,MJ Santner,0,0.8315376373184853
1426297,1,0,6,MJ Santner,0,0.7998367858936019
1426297,1,1,1,TU Deshpande,0,0.0005799557525667429
1426297,1,1,2,TU Deshpande,0,0.00910002827692542
1426297,1,1,3,TU Deshpande,0,0.019070798891584993
1426297,1,1,4,TU Deshpande,0,0.009929630958835613
1426297,1,1,5,TU Deshpande,0,0.003915943829192237
1426297,1,1,6,TU Deshpande,0,0.013174261869979694
1426297,1,1,7,TU Deshpande,0,0.39300495101379435
1426297,1,2,1,SN Thakur,0,0.0002170780802056146
1426297,1,2,2,SN Thakur,0,0.00023736100559099168
1426297,1,2,3,SN Thakur,1,0.7837993950625587
1426297,1,2,4,SN Thakur,1,0.48619607722092656
1426297,1,2,5,SN Thakur,1,0.3782011546041205
1426297,1,2,6,SN Thakur,1,0.690461256564267
1426297,1,3,1,TU Deshpande,1,0.5747898796049242
1426297,1,3,2,TU Deshpande,1,0.5360231081238322
1426297,1,3,3,TU Deshpande,1,0.506044957480466
1426297,1,3,4,TU Deshpande,1,0.43514060505951385
1426297,1,3,5,TU Deshpande,1,0.42179932938669384
1426297,1,3,6,TU Deshpande,1,0.42179932938669384
1426297,1,4,1,SN Thakur,1,0.5087423874814676
1426297,1,4,2,SN Thakur,1,0.4278054075647719
1426297,1,4,3,SN Thakur,1,0.4086294058970552
1426297,1,4,4,SN Thakur,1,0.47573927576121466
1426297,1,4,5,SN Thakur,1,0.47902354106275663
1426297,1,4,6,SN Thakur,1,0.4734819256946461
1426297,1,5,1,Simarjeet Singh,0,0.0002884231157741728
1426297,1,5,2,Simarjeet Singh,0,0.01765430877704703
1426297,1,5,3,Simarjeet Singh,0,0.03684359002756381
1426297,1,5,4,Simarjeet Singh,0,0.03920024150306803
1426297,1,5,5,Simarjeet Singh,0,0.5411786327388289
1426297,1,5,6,Simarjeet Singh,0,0.5810400135716153
1426297,2,0,1,UT Yadav,0,0.00019660669569779746
1426297,2,0,2,UT Yadav,0,0.01133315216181157
1426297,2,0,3,UT Yadav,0,0.0033734577515355693
1426297,2,0,4,UT Yadav,0,0.014411071993840613
1426297,2,0,5,UT Yadav,0,0.005861416408602934
1426297,2,0,6,UT Yadav,0,0.00307319531019562
1426297,2,1,1,S Sandeep Warrier,0,0.0002128426022010939
1426297,2,1,2,S Sandeep Warrier,0,0.00022455201710925776
1426297,2,1,3,S Sandeep Warrier,0,0.00023422308803617507
1426297,2,1,4,S Sandeep Warrier,0,0.002298088544382168
1426297,2,1,5,S Sandeep Warrier,0,0.0013335608800522482
1426297,2,1,6,S Sandeep Warrier,0,0.0003029280460452822
1426297,2,2,1,UT Yadav,0,0.03082460652280649
1426297,2,2,2,UT Yadav,0,0.022193831041096988
1426297,2,2,3,UT Yadav,0,0.07949181367760087
1426297,2,2,4,UT Yadav,0,0.08152489500548205
1426297,2,2,5,UT Yadav,0,0.1200411552248113
1426297,2,2,6,UT Yadav,0,0.07312319520865644
1426297,2,3,1,S Sandeep Warrier,0,0.0037847177605454967
1426297,2,3,2,S Sandeep Warrier,0,0.0026377339163975656
1426297,2,3,3,S Sandeep Warrier,0,0.0015894769269214834
1426297,2,3,4,S Sandeep Warrier,0,0.004954270401397131
1426297,2,3,5,S Sandeep Warrier,0,0.05904756196044298
1426297,2,3,6,S Sandeep Warrier,0,0.2414663239946774
1426297,2,4,1,UT Yadav,0,0.2615083541618056
1426297,2,4,2,UT Yadav,0,0.22481321204047836
1426297,2,4,3,UT Yadav,0,0.22481321204047836
1426297,2,4,4,UT Yadav,1,0.27687448397345843
1426297,2,4,5,UT Yadav,1,0.25484162589521964
1426297,2,5,1,Kartik Tyagi,0,0.0015026502240239727
1426297,2,5,2,Kartik Tyagi,1,0.9993362309272072
1426297,2,5,3,Kartik Tyagi,1,0.9682702561855965
1426297,2,5,4,Kartik Tyagi,1,0.9254561672427079
1426297,2,5,5,Kartik Tyagi,1,0.9009393430069217
1426297,2,5,6,Kartik Tyagi,0,0.7167352666438742
1426297,2,5,7,Kartik Tyagi,0,0.48932194348184277
1426297,2,5,8,Kartik Tyagi,0,0.476583287994453
1426302,1,0,1,Arshad Khan,0,0.0017017048892296184
1426302,1,0,2,Arshad Khan,0,0.0019287072597181211
1426302,1,0,3,Arshad Khan,0,0.005395045251787146
1426302,1,0,4,Arshad Khan,0,0.009856867114646511
1426302,1,0,5,Arshad Khan,0,0.018981065807349064
1426302,1,0,6,Arshad Khan,0,0.023167175469814748
1426302,1,0,7,Arshad Khan,0,0.021605268239206936
1426302,1,0,8,Arshad Khan,0,0.022226991591047424
1426302,1,0,9,Arshad Khan,0,0.02369210447866271
1426302,1,1,1,Mohsin Khan,0,0.00027911929554779824
1426302,1,1,2,Mohsin Khan,0,0.00029327230213404995
1426302,1,1,3,Mohsin Khan,0,0.009240852299642659
1426302,1,1,4,Mohsin Khan,1,0.502142937000841
1426302,1,1,5,Mohsin Khan,1,0.3711039490431902
1426302,1,1,6,Mohsin Khan,1,0.23168048495419705
1426302,1,2,1,Arshad Khan,0,0.20426012277491123
1426302,1,2,2,Arshad Khan,0,0.40751744742384505
1426302,1,2,3,Arshad Khan,0,0.6161504289944464
1426302,1,2,4,Arshad Khan,0,0.6320369636956247
1426302,1,2,5,Arshad Khan,0,0.47998556385052343
1426302,1,2,6,Arshad Khan,0,0.5015490454849244
1426302,1,2,7,Arshad Khan,0,0.5402464776193876
1426302,1,3,1,Yudhvir Singh,0,0.00044883374570297093
1426302,1,3,2,Yudhvir Singh,0,0.00047158822381851613
1426302,1,3,3,Yudhvir Singh,0,0.36664436112835164
1426302,1,3,4,Yudhvir Singh,0,0.7692987039203388
1426302,1,3,5,Yudhvir Singh,1,0.8414183130863199
1426302,1,3,6,Yudhvir Singh,1,0.8631422101072367
1426302,1,4,1,Mohsin Khan,0,0.1845504990081399
1426302,1,4,2,Mohsin Khan,1,0.3670086522228707
1426302,1,4,3,Mohsin Khan,1,0.26013264443792494
1426302,1,4,4,Mohsin Khan,1,0.22701435855586335
1426302,1,4,5,Mohsin Khan,0,0.21522432586616005
1426302,1,4,6,Mohsin Khan,0,0.2041257773419385
1426302,1,5,1,Naveen-ul-Haq,1,0.998997899205678
1426302,1,5,2,Naveen-ul-Haq,1,0.998997899205678
1426302,1,5,3,Naveen-ul-Haq,1,0.9305817512356294
1426302,1,5,4,Naveen-ul-Haq,1,0.8224895249107803
1426302,1,5,5,Naveen-ul-Haq,1,0.8938243424959942
1426302,1,5,6,Naveen-ul-Haq,1,0.8329323227828751
1426302,1,5,7,Naveen-ul-Haq,1,0.8651290463031847
1426302,2,0,1,I Sharma,0,0.011057401941422457
1426302,2,0,2,I Sharma,1,0.7996227262251225
1426302,2,0,3,I Sharma,1,0.6250425627634534
1426302,2,0,4,I Sharma,1,0.4253252096095518
1426302,2,0,5,I Sharma,0,0.16938895184889508
1426302,2,0,6,I Sharma,0,0.17113581726041
1426302,2,1,1,KK Ahmed,0,0.00017582991160176092
1426302,2,1,2,KK Ahmed,0,0.00626797438114161
1426302,2,1,3,KK Ahmed,0,0.006200253341590962
1426302,2,1,4,KK Ahmed,0,0.004498098811084727
1426302,2,1,5,KK Ahmed,0,0.15677085261896886
1426302,2,1,6,KK Ahmed,0,0.12786007700640525
1426302,2,2,1,I Sharma,0,0.19373075786175534
1426302,2,2,2,I Sharma,0,0.2421960065604518
1426302,2,2,3,I Sharma,1,0.33309195566425387
1426302,2,2,4,I Sharma,1,0.49354578635890856
1426302,2,2,5,I Sharma,1,0.48832561907963884
1426302,2,2,6,I Sharma,1,0.3404979629824717
1426302,2,2,7,I Sharma,1,0.28425751277721706
1426302,2,2,8,I Sharma,1,0.2375862332388857
1426302,2,3,1,AR Patel,0,0.00020845086904378824
1426302,2,3,2,AR Patel,0,0.6897732784507598
1426302,2,3,3,AR Patel,1,0.8985119748843289
1426302,2,3,4,AR Patel,0,0.790885285650031
1426302,2,3,5,AR Patel,0,0.7373108581085814
1426302,2,4,1,I Sharma,1,0.3318873432431804
1426302,2,4,2,I Sharma,1,0.2792883941269834
1426302,2,4,3,I Sharma,0,0.2503296331034862
1426302,2,4,4,I Sharma,0,0.25728302606130593
1426302,2,4,5,I Sharma,0,0.2536842531629989
1426302,2,4,6,I Sharma,0,0.2503763259257601
1426302,2,5,1,Mukesh Kumar,1,0.9989753568733835
1426302,2,5,2,Mukesh Kumar,1,0.9253571597610257
1426302,2,5,3,Mukesh Kumar,1,0.9109130741942556
1426302,2,5,4,Mukesh Kumar,1,0.8689730995179
1426302,2,5,5,Mukesh Kumar,1,0.7289089140103423
1426302,2,5,6,Mukesh Kumar,1,0.5814962594850785
1426306,1,0,1,TU Deshpande,0,0.011822147343244348
1426306,1,0,2,TU Deshpande,0,0.011476405357876598
1426306,1,0,3,TU Deshpande,0,0.0073725025192070935
1426306,1,0,4,TU Deshpande,0,0.009375713193537945
1426306,1,0,5,TU Deshpande,0,0.008156934205554016
1426306,1,0,6,TU Deshpande,0,0.00774247258251713
1426306,1,1,1,SN Thakur,0,0.010946749422948744
1426306,1,1,2,SN Thakur,0,0.7106457908737451
1426306,1,1,3,SN Thakur,0,0.5338063123595731
1426306,1,1,4,SN Thakur,0,0.2534941555241573
1426306,1,1,5,SN Thakur,0,0.5564255773605824
1426306,1,1,6,SN Thakur,1,0.6683057761040345
1426306,1,2,1,TU Deshpande,0,0.0928238086212816
1426306,1,2,2,TU Deshpande,0,0.09259497852545064
1426306,1,2,3,TU Deshpande,0,0.19033624498899307
1426306,1,2,4,TU Deshpande,0,0.15155378032935973
1426306,1,2,5,TU Deshpande,0,0.14219394621435053
1426306,1,2,6,TU Deshpande,0,0.14219394621435053
1426306,1,3,1,M Theekshana,0,0.012240289238251283
1426306,1,3,2,M Theekshana,0,0.014873772359618957
1426306,1,3,3,M Theekshana,0,0.006405384897780549
1426306,1,3,4,M Theekshana,0,0.005348509022025347
1426306,1,3,5,M Theekshana,0,0.011966234952640056
1426306,1,3,6,M Theekshana,0,0.028400219224542212
1426306,1,3,7,M Theekshana,0,0.02132768697301239
1426306,1,4,1,MJ Santner,0,0.0003192334569102166
1426306,1,4,2,MJ Santner,0,0.03240579149321297
1426306,1,4,3,MJ Santner,0,0.010640756396953934
1426306,1,4,4,MJ Santner,0,0.008407217964199975
1426306,1,4,5,MJ Santner,0,0.025974244212651224
1426306,1,4,6,MJ Santner,0,0.011915473153949073
1426306,1,5,1,M Theekshana,0,0.031197064845013715
1426306,1,5,2,M Theekshana,0,0.15493113829105226
1426306,1,5,3,M Theekshana,0,0.06556704950165301
1426306,1,5,4,M Theekshana,0,0.05617761290800407
1426306,1,5,5,M Theekshana,0,0.07189924225466782
1426306,1,5,6,M Theekshana,0,0.0636042556752202
1426306,2,0,1,GJ Maxwell,0,0.0002758696097786632
1426306,2,0,2,GJ Maxwell,0,0.025445685581909676
1426306,2,0,3,GJ Maxwell,0,0.019685219450547287
1426306,2,0,4,GJ Maxwell,0,0.011823064492269749
1426306,2,0,5,GJ Maxwell,0,0.01236478997612561
1426306,2,0,6,GJ Maxwell,0,0.011799214897519679
1426306,2,0,7,GJ Maxwell,1,0.2911407980867394
1426306,2,1,1,Mohammed Siraj,0,0.007950468735554767
1426306,2,1,2,Mohammed Siraj,0,0.008516276494252555
1426306,2,1,3,Mohammed Siraj,0,0.009503574078373652
1426306,2,1,4,Mohammed Siraj,1,0.31206955685927396
1426306,2,1,5,Mohammed Siraj,0,0.1725074864552448
1426306,2,1,6,Mohammed Siraj,0,0.12953324055709098
1426306,2,2,1,Yash Dayal,0,0.000365403636687951
1426306,2,2,2,Yash Dayal,0,0.00014478055119217494
1426306,2,2,3,Yash Dayal,0,0.00014708506310353632
1426306,2,2,4,Yash Dayal,0,0.000148485430153419
1426306,2,2,5,Yash Dayal,0,0.12654552528396143
1426306,2,2,6,Yash Dayal,0,0.14431841529586628
1426306,2,3,1,Mohammed Siraj,0,0.10291839981826756
1426306,2,3,2,Mohammed Siraj,1,0.24887732700580426
1426306,2,3,3,Mohammed Siraj,0,0.17134148255689569
1426306,2,3,4,Mohammed Siraj,0,0.15994066817761945
1426306,2,3,5,Mohammed Siraj,0,0.12966618774201477
1426306,2,3,6,Mohammed Siraj,0,0.16906748733529262
1426306,2,4,1,GJ Maxwell,1,0.16200798464468386
1426306,2,4,2,GJ Maxwell,1,0.1478128614029765
1426306,2,4,3,GJ Maxwell,1,0.10096620043234446
1426306,2,4,4,GJ Maxwell,1,0.0981601489296732
1426306,2,4,5,GJ Maxwell,1,0.09650634408436103
1426306,2,4,6,GJ Maxwell,1,0.08858731111173623
1426306,2,5,1,Yash Dayal,0,0.3499812989980481
1426306,2,5,2,Yash Dayal,0,0.3429443613560526
1426306,2,5,3,Yash Dayal,1,0.4957399033603168
1426306,2,5,4,Yash Dayal,1,0.6283393841551365
1426306,2,5,5,Yash Dayal,1,0.48498158925720825
1426306,2,5,6,Yash Dayal,1,0.44423341537428407
1426309,1,0,1,MA Starc,0,0.00019159206098529253
1426309,1,0,2,MA Starc,0,0.00019293881373506406
1426309,1,0,3,MA Starc,0,0.00020124863218373901
1426309,1,0,4,MA Starc,0,0.318453697575731
1426309,1,0,5,MA Starc,0,0.10539227791239268
1426309,1,0,6,MA Starc,0,0.47459183901106505
1426309,1,1,1,VG Arora,0,0.025799424247572054
1426309,1,1,2,VG Arora,0,0.025119690887108102
1426309,1,1,3,VG Arora,0,0.08851886542410392
1426309,1,1,4,VG Arora,0,0.10097977675150259
1426309,1,1,5,VG Arora,0,0.05178389034644312
1426309,1,1,6,VG Arora,0,0.043521818453746405
1426309,1,1,7,VG Arora,0,0.0267710275452416
1426309,1,2,1,MA Starc,0,0.4222302294522023
1426309,1,2,2,MA Starc,1,0.4968977319785322
1426309,1,2,3,MA Starc,0,0.43729456005317163
1426309,1,2,4,MA Starc,1,0.6110547426762243
1426309,1,2,5,MA Starc,1,0.49599915434500663
1426309,1,2,6,MA Starc,1,0.4663887152598827
1426309,1,2,7,MA Starc,0,0.4147431884908185
1426309,1,3,1,VG Arora,0,0.034576483930769904
1426309,1,3,2,VG Arora,0,0.019735509412621057
1426309,1,3,3,VG Arora,1,0.3173163241452567
1426309,1,3,4,VG Arora,0,0.19582072760015568
1426309,1,3,5,VG Arora,0,0.19154880437895339
1426309,1,3,6,VG Arora,0,0.21022678693400948
1426309,1,3,7,VG Arora,1,0.21961605439464216
1426309,1,4,1,MA Starc,1,0.48635154857406393
1426309,1,4,2,MA Starc,1,0.4770597362255135
1426309,1,4,3,MA Starc,1,0.4970451802713508
1426309,1,4,4,MA Starc,0,0.4262763488043434
1426309,1,4,5,MA Starc,0,0.5329919448470704
1426309,1,4,6,MA Starc,0,0.6317445137482315
1426309,1,5,1,Harshit Rana,0,0.00032391419354615557
1426309,1,5,2,Harshit Rana,0,0.006157208878206957
1426309,1,5,3,Harshit Rana,1,0.7307100272830677
1426309,1,5,4,Harshit Rana,1,0.5054192111484977
1426309,1,5,5,Harshit Rana,0,0.4094887998589917
1426309,1,5,6,Harshit Rana,0,0.4545147751474803
1426309,2,0,1,B Kumar,0,0.00014728060357692635
1426309,2,0,2,B Kumar,1,0.8580555437417556
1426309,2,0,3,B Kumar,0,0.5387787899248204
1426309,2,0,4,B Kumar,0,0.29054025490670476
1426309,2,0,5,B Kumar,0,0.3629351003810777
1426309,2,0,6,B Kumar,0,0.3107844223112013
1426309,2,1,1,PJ Cummins,1,0.9992785973015653
1426309,2,1,2,PJ Cummins,1,0.9991597059312968
1426309,2,1,3,PJ Cummins,1,0.981492057140902
1426309,2,1,4,PJ Cummins,1,0.880861763752311
1426309,2,1,5,PJ Cummins,1,0.932310362878979
1426309,2,1,6,PJ Cummins,1,0.9384577236887485
1426309,2,1,7,PJ Cummins,1,0.9386395689684173
1426309,2,2,1,B Kumar,0,0.09471958410950997
1426309,2,2,2,B Kumar,0,0.12473153667847942
1426309,2,2,3,B Kumar,0,0.4764592186592404
1426309,2,2,4,B Kumar,1,0.600795550370015
1426309,2,2,5,B Kumar,0,0.5413091734805915
1426309,2,2,6,B Kumar,0,0.5785796778650679
1426309,2,3,1,T Natarajan,0,0.00020461850106137783
1426309,2,3,2,T Natarajan,0,0.000202032484349957
1426309,2,3,3,T Natarajan,1,0.5191192015518544
1426309,2,3,4,T Natarajan,0,0.2823384109546412
1426309,2,3,5,T Natarajan,0,0.0741532320996174
1426309,2,3,6,T Natarajan,0,0.030952115752987494
1426309,2,4,1,B Kumar,0,0.4871881624533641
1426309,2,4,2,B Kumar,1,0.5479946425435338
1426309,2,4,3,B Kumar,1,0.7145005614267191
1426309,2,4,4,B Kumar,1,0.6990755605058541
1426309,2,4,5,B Kumar,1,0.6226719950498513
1426309,2,5,1,T Natarajan,0,0.011000123723421901
1426309,2,5,2,T Natarajan,0,0.0068361872290029786
1426309,2,5,3,T Natarajan,0,0.003748278549300784
1426309,2,5,4,T Natarajan,0,0.0036621498598932785
1426309,2,5,5,T Natarajan,0,0.007130546020686013
1426309,2,5,6,T Natarajan,0,0.07750107272858002
1426309,2,5,7,T Natarajan,0,0.14991419529477776
1473438,1,0,1,JR Hazlewood,0,0.00019076479880004754
1473438,1,0,2,JR Hazlewood,1,0.862205065803114
1473438,1,0,3,JR Hazlewood,1,0.23793656048979456
1473438,1,0,4,JR Hazlewood,1,0.07352784808473586
1473438,1,0,5,JR Hazlewood,0,0.02161964224509335
1473438,1,0,6,JR Hazlewood,0,0.01043000491058421
1473438,1,1,1,Yash Dayal,0,0.0001527505582916248
1473438,1,1,2,Yash Dayal,0,0.00016115457640345957
1473438,1,1,3,Yash Dayal,0,0.00016371967550771768
1473438,1,1,4,Yash Dayal,0,0.00018714418679464806
1473438,1,1,5,Yash Dayal,0,0.0006532782143769159
1473438,1,1,6,Yash Dayal,0,0.0002617465962985431
1473438,1,2,1,JR Hazlewood,0,0.0035461138058172103
1473438,1,2,2,JR Hazlewood,0,0.002668690811747831
1473438,1,2,3,JR Hazlewood,0,0.001788570068792581
1473438,1,2,4,JR Hazlewood,0,0.02595252546581918
1473438,1,2,5,JR Hazlewood,0,0.014972873665509319
1473438,1,2,6,JR Hazlewood,0,0.011895788899032004
1473438,1,3,1,Rasikh Salam,0,0.00047219141458653487
1473438,1,3,2,Rasikh Salam,1,0.8558828557339253
1473438,1,3,3,Rasikh Salam,1,0.9795590442260552
1473438,1,3,4,Rasikh Salam,1,0.9425107464370985
1473438,1,3,5,Rasikh Salam,1,0.950475435541691
1473438,1,3,6,Rasikh Salam,1,0.9487396047389427
1473438,1,4,1,KH Pandya,1,0.99925252564496
1473438,1,4,2,KH Pandya,1,0.9640895390846016
1473438,1,4,3,KH Pandya,1,0.799027392746966
1473438,1,4,4,KH Pandya,1,0.495081373861596
1473438,1,4,5,KH Pandya,1,0.7723718028741692
1473438,1,4,6,KH Pandya,1,0.9368461717986908
1473438,1,5,1,Yash Dayal,0,0.011362417827809746
1473438,1,5,2,Yash Dayal,0,0.011726343139307222
1473438,1,5,3,Yash Dayal,0,0.10799437892875396
1473438,1,5,4,Yash Dayal,1,0.39118900634201526
1473438,1,5,5,Yash Dayal,1,0.5021665646340051
1473438,1,5,6,Yash Dayal,1,0.49254182282912456
1473438,2,0,1,VG Arora,1,0.9992208763002266
1473438,2,0,2,VG Arora,1,0.9985259950772227
1473438,2,0,3,VG Arora,1,0.858222897379152
1473438,2,0,4,VG Arora,0,0.39111729375022974
1473438,2,0,5,VG Arora,0,0.19468410712042225
1473438,2,0,6,VG Arora,0,0.5630643369302545
1473438,2,0,7,VG Arora,0,0.5135315366022565
1473438,2,1,1,SH Johnson,0,0.00019798714609496135
1473438,2,1,2,SH Johnson,0,0.00020688853057357232
1473438,2,1,3,SH Johnson,0,0.1589035552019094
1473438,2,1,4,SH Johnson,0,0.06375826545138516
1473438,2,1,5,SH Johnson,0,0.026427996079066974
1473438,2,1,6,SH Johnson,0,0.008864175959279488
1473438,2,2,1,VG Arora,0,0.5570841741365341
1473438,2,2,2,VG Arora,1,0.8758628011676803
1473438,2,2,3,VG Arora,1,0.6346877566854275
1473438,2,2,4,VG Arora,1,0.8266119023113013
1473438,2,2,5,VG Arora,1,0.5411271819206209
1473438,2,2,6,VG Arora,1,0.7783856180029094
1473438,2,3,1,CV Varun,0,0.004100264904579494
1473438,2,3,2,CV Varun,0,0.0074141939744116255
1473438,2,3,3,CV Varun,1,0.6986801018314608
1473438,2,3,4,CV Varun,1,0.9231224718667399
1473438,2,3,5,CV Varun,1,0.9159833434116453
1473438,2,3,6,CV Varun,1,0.9693677527432715
1473438,2,4,1,SH Johnson,0,0.17685681184956448
1473438,2,4,2,SH Johnson,0,0.47363371145508243
1473438,2,4,3,SH Johnson,0,0.3592512643362665
1473438,2,4,4,SH Johnson,0,0.268306053040721
1473438,2,4,5,SH Johnson,0,0.2108705086745361
1473438,2,4,6,SH Johnson,0,0.3504881462090657
1473438,2,5,1,Harshit Rana,0,0.0003143923335279284
1473438,2,5,2,Harshit Rana,0,0.00317323335259057
1473438,2,5,3,Harshit Rana,0,0.0013347349210899187
1473438,2,5,4,Harshit Rana,0,0.004046959373852893
1473438,2,5,5,Harshit Rana,0,0.008405508055534798
1473438,2,5,6,Harshit Rana,0,0.010007915175225297
1473442,1,0,1,Mohammed Siraj,0,0.00020894144727254526
1473442,1,0,2,Mohammed Siraj,0,0.8042350064085471
1473442,1,0,3,Mohammed Siraj,0,0.333627350724898
1473442,1,0,4,Mohammed Siraj,0,0.22426122808162577
1473442,1,0,5,Mohammed Siraj,0,0.08996229214922498
1473442,1,0,6,Mohammed Siraj,0,0.033965432152853456
1473442,1,1,1,K Rabada,0,0.00021971364313213144
1473442,1,1,2,K Rabada,0,0.009544164670126642
1473442,1,1,3,K Rabada,0,0.08279799324326434
1473442,1,1,4,K Rabada,0,0.130315745875066
1473442,1,1,5,K Rabada,0,0.07932804204695347
1473442,1,1,6,K Rabada,0,0.24099686860369912
1473442,1,2,1,Mohammed Siraj,0,0.012631019850976507
1473442,1,2,2,Mohammed Siraj,0,0.010080290800737768
1473442,1,2,3,Mohammed Siraj,0,0.006285018249226228
1473442,1,2,4,Mohammed Siraj,0,0.006140959152347038
1473442,1,2,5,Mohammed Siraj,0,0.14619856057275207
1473442,1,2,6,Mohammed Siraj,0,0.25829959538819713
1473442,1,3,1,K Rabada,0,0.11504431507104709
1473442,1,3,2,K Rabada,0,0.24531927191846198
1473442,1,3,3,K Rabada,0,0.23379501263814406
1473442,1,3,4,K Rabada,0,0.21296045339729863
1473442,1,3,5,K Rabada,1,0.4123624837247415
1473442,1,3,6,K Rabada,1,0.3864100195205203
1473442,1,4,1,Arshad Khan,0,0.0015442669793894733
1473442,1,4,2,Arshad Khan,1,0.9992877921218979
1473442,1,4,3,Arshad Khan,0,0.91949684499247
1473442,1,4,4,Arshad Khan,0,0.9800516181809806
1473442,1,4,5,Arshad Khan,1,0.9745964498816894
1473442,1,4,6,Arshad Khan,1,0.9583243897041446
1473442,1,5,1,K Rabada,0,0.4350404784144198
1473442,1,5,2,K Rabada,0,0.31651809878233195
1473442,1,5,3,K Rabada,0,0.29896219034159077
1473442,1,5,4,K Rabada,0,0.4081259169362483
1473442,1,5,5,K Rabada,0,0.4165621277390185
1473442,1,5,6,K Rabada,1,0.5559788582095917
1473442,2,0,1,Arshdeep Singh,1,0.9993455786909314
1473442,2,0,2,Arshdeep Singh,1,0.821923408772823
1473442,2,0,3,Arshdeep Singh,0,0.3468581816628896
1473442,2,0,4,Arshdeep Singh,0,0.21800156566663617
1473442,2,0,5,Arshdeep Singh,0,0.131140108208787
1473442,2,0,6,Arshdeep Singh,0,0.15720094012910413
1473442,2,1,1,Azmatullah Omarzai,0,0.00019391824581594088
1473442,2,1,2,Azmatullah Omarzai,0,0.004538221357678567
1473442,2,1,3,Azmatullah Omarzai,0,0.0018927648617417293
1473442,2,1,4,Azmatullah Omarzai,0,0.005341810128896456
1473442,2,1,5,Azmatullah Omarzai,0,0.007891461803378933
1473442,2,1,6,Azmatullah Omarzai,0,0.40022578321893815
1473442,2,2,1,Arshdeep Singh,0,0.10994302573760349
1473442,2,2,2,Arshdeep Singh,0,0.10217637930134937
1473442,2,2,3,Arshdeep Singh,0,0.07395347974469024
1473442,2,2,4,Arshdeep Singh,0,0.07408912412058094
1473442,2,2,5,Arshdeep Singh,0,0.05256810427025091
1473442,2,2,6,Arshdeep Singh,0,0.07771525721034563
1473442,2,3,1,Azmatullah Omarzai,0,0.1971057385558094
1473442,2,3,2,Azmatullah Omarzai,0,0.5715549618678227
1473442,2,3,3,Azmatullah Omarzai,0,0.40598601805124146
1473442,2,3,4,Azmatullah Omarzai,0,0.7016747753576154
1473442,2,3,5,Azmatullah Omarzai,0,0.604820534500708
1473442,2,4,1,M Jansen,0,0.019459081532261467
1473442,2,4,2,M Jansen,0,0.020314070319372896
1473442,2,4,3,M Jansen,1,0.9120822083552045
1473442,2,4,4,M Jansen,1,0.7015648610954874
1473442,2,4,5,M Jansen,0,0.3823151993089166
1473442,2,4,6,M Jansen,1,0.796334405973132
1473442,2,5,1,GJ Maxwell,0,0.018799609161863493
1473442,2,5,2,GJ Maxwell,0,0.01538903491326914
1473442,2,5,3,GJ Maxwell,0,0.024048237632434386
1473442,2,5,4,GJ Maxwell,1,0.8532148541900589
1473442,2,5,5,GJ Maxwell,1,0.7175248074121638
1473442,2,5,6,GJ Maxwell,0,0.5765287558621078
1473442,2,5,7,GJ Maxwell,0,0.4301144458300059
1473444,1,0,1,SN Thakur,0,0.00028371397835741846
1473444,1,0,2,SN Thakur,0,0.00029836955798530877
1473444,1,0,3,SN Thakur,0,0.2171858099952043
1473444,1,0,4,SN Thakur,0,0.10963709230285666
1473444,1,0,5,SN Thakur,0,0.10343438685186368
1473444,1,0,6,SN Thakur,0,0.09876461284033816
1473444,1,1,1,Avesh Khan,1,0.9989553656299283
1473444,1,1,2,Avesh Khan,1,0.5753603650695235
1473444,1,1,3,Avesh Khan,0,0.2171858099952043
1473444,1,1,4,Avesh Khan,0,0.16785373023376585
1473444,1,1,5,Avesh Khan,0,0.10343438685186368
1473444,1,1,6,Avesh Khan,0,0.26849670471387144
1473444,1,2,1,SN Thakur,0,0.08565601153143179
1473444,1,2,2,SN Thakur,0,0.12421081640483457
1473444,1,2,3,SN Thakur,0,0.13027930830337217
1473444,1,2,4,SN Thakur,0,0.1753574335077279
1473444,1,2,5,SN Thakur,0,0.20687472522205377
1473444,1,2,6,SN Thakur,0,0.23545909740307314
1473444,1,2,7,SN Thakur,0,0.23811473514160428
1473444,1,2,8,SN Thakur,1,0.3294492857750316
1473444,1,3,1,Avesh Khan,1,0.44832374510619855
1473444,1,3,2,Avesh Khan,1,0.38939472154243193
1473444,1,3,3,Avesh Khan,1,0.2912241442168322
1473444,1,3,4,Avesh Khan,1,0.4490255546250321
1473444,1,3,5,Avesh Khan,1,0.38550349341303647
1473444,1,3,6,Avesh Khan,1,0.47093605236233865
1473444,1,4,1,DS Rathi,0,0.024637337998173095
1473444,1,4,2,DS Rathi,0,0.008748918700192967
1473444,1,4,3,DS Rathi,0,0.03606825099692229
1473444,1,4,4,DS Rathi,0,0.03701128277505155
1473444,1,4,5,DS Rathi,0,0.04371123491588158
1473444,1,4,6,DS Rathi,0,0.03778856694620868
1473444,1,4,7,DS Rathi,0,0.0343632573945081
1473444,1,5,1,Ravi Bishnoi,0,0.028459219776398915
1473444,1,5,2,Ravi Bishnoi,0,0.029874788043089427
1473444,1,5,3,Ravi Bishnoi,1,0.7712555233842169
1473444,1,5,4,Ravi Bishnoi,1,0.4920973241025442
1473444,1,5,5,Ravi Bishnoi,0,0.3271300597735681
1473444,1,5,6,Ravi Bishnoi,0,0.17197393948212442
1473444,2,0,1,Abhishek Sharma,0,0.29893829774591385
1473444,2,0,2,Abhishek Sharma,0,0.32785874456166625
1473444,2,0,3,Abhishek Sharma,0,0.34529953060347934
1473444,2,0,4,Abhishek Sharma,0,0.4669504206605844
1473444,2,0,5,Abhishek Sharma,0,0.4874814984722235
1473444,2,0,6,Abhishek Sharma,0,0.24300501507652278
1473444,2,1,1,Mohammed Shami,0,0.0003218708032227772
1473444,2,1,2,Mohammed Shami,0,0.1348151451045717
1473444,2,1,3,Mohammed Shami,0,0.0077895593977719765
1473444,2,1,4,Mohammed Shami,0,0.13223061410911888
1473444,2,1,5,Mohammed Shami,0,0.14924616913644623
1473444,2,1,6,Mohammed Shami,0,0.21853733239763423
1473444,2,1,7,Mohammed Shami,0,0.23704489516667449
1473444,2,2,1,Simarjeet Singh,1,0.9991920735631473
1473444,2,2,2,Simarjeet Singh,0,0.7029355532443028
1473444,2,2,3,Simarjeet Singh,0,0.3212292138088533
1473444,2,2,4,Simarjeet Singh,1,0.8355732909391075
1473444,2,2,5,Simarjeet Singh,1,0.8156306847168863
1473444,2,2,6,Simarjeet Singh,1,0.8080792465930792
1473444,2,3,1,Mohammed Shami,1,0.4448384488115372
1473444,2,3,2,Mohammed Shami,0,0.36438044603127
1473444,2,3,3,Mohammed Shami,1,0.5947391628031219
1473444,2,3,4,Mohammed Shami,1,0.4442712516413926
1473444,2,3,5,Mohammed Shami,1,0.6077376172750929
1473444,2,3,6,Mohammed Shami,1,0.5241780383560422
1473444,2,4,1,Abhishek Sharma,0,0.06355121626322999
1473444,2,4,2,Abhishek Sharma,0,0.14889871131990157
1473444,2,4,3,Abhishek Sharma,0,0.08292553227273414
1473444,2,4,4,Abhishek Sharma,0,0.13480398358618298
1473444,2,4,5,Abhishek Sharma,0,0.24140905859392958
1473444,2,5,1,PJ Cummins,0,0.28564027784392665
1473444,2,5,2,PJ Cummins,1,0.871434332734686
1473444,2,5,3,PJ Cummins,1,0.5176519099756894
1473444,2,5,4,PJ Cummins,1,0.7536068261073855
1473444,2,5,5,PJ Cummins,1,0.8425569054645448
1473444,2,5,6,PJ Cummins,1,0.6669414372078873
1473444,2,5,7,PJ Cummins,1,0.4824535095516474
1473447,1,0,1,MA Starc,0,0.007117088989432766
1473447,1,0,2,MA Starc,1,0.8935028610352639
1473447,1,0,3,MA Starc,1,0.9841678970028284
1473447,1,0,4,MA Starc,1,0.9351600850824149
1473447,1,0,5,MA Starc,1,0.784787994637828
1473447,1,0,6,MA Starc,1,0.6924521695002869
1473447,1,1,1,Mukesh Kumar,0,0.006853026563862321
1473447,1,1,2,Mukesh Kumar,0,0.007182439133321023
1473447,1,1,3,Mukesh Kumar,0,0.0065160069564696175
1473447,1,1,4,Mukesh Kumar,0,0.012845370484201663
1473447,1,1,5,Mukesh Kumar,0,0.013015704909337188
1473447,1,1,6,Mukesh Kumar,0,0.016138532842827177
1473447,1,1,7,Mukesh Kumar,1,0.37236554172872466
1473447,1,2,1,MA Starc,0,0.5227304388353676
1473447,1,2,2,MA Starc,1,0.6938210963647281
1473447,1,2,3,MA Starc,1,0.5637811352624104
1473447,1,2,4,MA Starc,0,0.6547448261789574
1473447,1,2,5,MA Starc,0,0.541410719738705
1473447,1,2,6,MA Starc,1,0.7209657195999677
1473447,1,2,7,MA Starc,1,0.6582760803287832
1473447,1,3,1,Mukesh Kumar,0,0.2013622717262841
1473447,1,3,2,Mukesh Kumar,0,0.18247084159583654
1473447,1,3,3,Mukesh Kumar,0,0.09633144154952401
1473447,1,3,4,Mukesh Kumar,1,0.3656254323399094
1473447,1,3,5,Mukesh Kumar,1,0.35016225299008985
1473447,1,3,6,Mukesh Kumar,1,0.3656254323399094
1473447,1,4,1,MA Starc,0,0.5268291522840043
1473447,1,4,2,MA Starc,1,0.6070895687911722
1473447,1,4,3,MA Starc,0,0.5095823943989339
1473447,1,4,4,MA Starc,0,0.4567566022897945
1473447,1,4,5,MA Starc,1,0.6711843226735729
1473447,1,4,6,MA Starc,1,0.6912924311289629
1473447,1,4,7,MA Starc,1,0.7580059228089765
1473447,1,5,1,AR Patel,0,0.00021396878913856825
1473447,1,5,2,AR Patel,0,0.0035992123600602655
1473447,1,5,3,AR Patel,0,0.6943767962918023
1473447,1,5,4,AR Patel,0,0.5037746393351257
1473447,1,5,5,AR Patel,0,0.3938351220848318
1473447,1,5,6,AR Patel,0,0.40925493070674834
1473447,2,0,1,Mohammed Shami,0,0.000149358866547874
1473447,2,0,2,Mohammed Shami,0,0.00015949782867693692
1473447,2,0,3,Mohammed Shami,0,0.00016203656158370467
1473447,2,0,4,Mohammed Shami,0,0.00016203656158370467
1473447,2,0,5,Mohammed Shami,0,0.0007497424904236251
1473447,2,0,6,Mohammed Shami,0,0.0017736315376399997
1473447,2,1,1,Abhishek Sharma,0,0.013769345413654639
1473447,2,1,2,Abhishek Sharma,0,0.006866303742288202
1473447,2,1,3,Abhishek Sharma,1,0.8457232202020789
1473447,2,1,4,Abhishek Sharma,1,0.70830707412377
1473447,2,1,5,Abhishek Sharma,1,0.45536545109291016
1473447,2,1,6,Abhishek Sharma,1,0.3909333142806049
1473447,2,2,1,Mohammed Shami,0,0.12587307880694598
1473447,2,2,2,Mohammed Shami,0,0.45626941435796087
1473447,2,2,3,Mohammed Shami,0,0.39859462128851686
1473447,2,2,4,Mohammed Shami,0,0.2940169296644887
1473447,2,2,5,Mohammed Shami,0,0.26416541058045717
1473447,2,2,6,Mohammed Shami,0,0.18629070109315743
1473447,2,3,1,PJ Cummins,1,0.999512180936061
1473447,2,3,2,PJ Cummins,1,0.9685658276706118
1473447,2,3,3,PJ Cummins,1,0.8296358944735932
1473447,2,3,4,PJ Cummins,0,0.6322665670262813
1473447,2,3,5,PJ Cummins,0,0.5089699989684582
1473447,2,3,6,PJ Cummins,0,0.7618044962607353
1473447,2,4,1,Abhishek Sharma,0,0.1933046120213961
1473447,2,4,2,Abhishek Sharma,1,0.5512867519704945
1473447,2,4,3,Abhishek Sharma,1,0.46666160862426814
1473447,2,4,4,Abhishek Sharma,1,0.41913425505452506
1473447,2,4,5,Abhishek Sharma,1,0.37959774680061953
1473447,2,4,6,Abhishek Sharma,1,0.37959774680061953
1473447,2,5,1,HV Patel,0,0.0011245574189762911
1473447,2,5,2,HV Patel,0,0.01515574269130784
1473447,2,5,3,HV Patel,0,0.02036776850976086
1473447,2,5,4,HV Patel,0,0.06244314454898391
1473447,2,5,5,HV Patel,0,0.05401986243887675
1473447,2,5,6,HV Patel,0,0.02415269649659539
1473447,2,5,7,HV Patel,0,0.016788752274468285
1473449,1,0,1,TA Boult,0,0.0002989719863486359
1473449,1,0,2,TA Boult,0,0.008307170184917308
1473449,1,0,3,TA Boult,0,0.004091623137454879
1473449,1,0,4,TA Boult,0,0.0020508980712647066
1473449,1,0,5,TA Boult,0,0.0014873196480432711
1473449,1,0,6,TA Boult,0,0.00048333317934632166
1473449,1,1,1,DL Chahar,0,0.0020743921119445513
1473449,1,1,2,DL Chahar,0,0.007733809670310084
1473449,1,1,3,DL Chahar,1,0.9442888596000053
1473449,1,1,4,DL Chahar,1,0.9844688150593862
1473449,1,1,5,DL Chahar,1,0.9393445981638628
1473449,1,1,6,DL Chahar,1,0.7235178471474899
1473449,1,1,7,DL Chahar,1,0.9244791711243039
1473449,1,2,1,TA Boult,0,0.0033421084514842574
1473449,1,2,2,TA Boult,1,0.16996907873228562
1473449,1,2,3,TA Boult,1,0.1295435123382191
1473449,1,2,4,TA Boult,1,0.1497465800877739
1473449,1,2,5,TA Boult,1,0.13853442514247258
1473449,1,2,6,TA Boult,0,0.10445218158047485
1473449,1,3,1,Ashwani Kumar,0,0.0006109191129947475
1473449,1,3,2,Ashwani Kumar,0,0.00027751261055231557
1473449,1,3,3,Ashwani Kumar,0,0.0027260223095487987
1473449,1,3,4,Ashwani Kumar,0,0.0015644379709541826
1473449,1,3,5,Ashwani Kumar,0,0.3722147400808965
1473449,1,3,6,Ashwani Kumar,0,0.37934795351184547
1473449,1,4,1,TA Boult,0,0.061404135527141385
1473449,1,4,2,TA Boult,0,0.059766726557715345
1473449,1,4,3,TA Boult,0,0.05156446560679277
1473449,1,4,4,TA Boult,0,0.0529711847853238
1473449,1,4,5,TA Boult,0,0.06628697721577721
1473449,1,4,6,TA Boult,0,0.048440896461020545
1473449,1,5,1,DL Chahar,1,0.9434855130169041
1473449,1,5,2,DL Chahar,1,0.9263726966164817
1473449,1,5,3,DL Chahar,1,0.7975789484355541
1473449,1,5,4,DL Chahar,1,0.6439999632169046
1473449,1,5,5,DL Chahar,1,0.6231671843511657
1473449,2,0,1,SH Johnson,0,0.010563588343748738
1473449,2,0,2,SH Johnson,0,0.005839341715029229
1473449,2,0,3,SH Johnson,0,0.0022602977804431186
1473449,2,0,4,SH Johnson,0,0.0017563506055373959
1473449,2,0,5,SH Johnson,0,0.0014265901683946302
1473449,2,0,6,SH Johnson,0,0.0005786534256374691
1473449,2,1,1,Harshit Rana,0,0.0003089649173571296
1473449,2,1,2,Harshit Rana,0,0.0003062914405991913
1473449,2,1,3,Harshit Rana,0,0.002104260393910004
1473449,2,1,4,Harshit Rana,0,0.008386322851904044
1473449,2,1,5,Harshit Rana,0,0.009930009614457056
1473449,2,1,6,Harshit Rana,0,0.016009729445988788
1473449,2,1,7,Harshit Rana,0,0.30723397389436347
1473449,2,1,8,Harshit Rana,0,0.322661554099353
1473449,2,2,1,SH Johnson,0,0.006325185917855647
1473449,2,2,2,SH Johnson,0,0.1269952022752648
1473449,2,2,3,SH Johnson,1,0.3929632814606839
1473449,2,2,4,SH Johnson,1,0.28987281926717834
1473449,2,2,5,SH Johnson,1,0.23501294772224834
1473449,2,3,1,Harshit Rana,0,0.276989238282357
1473449,2,3,2,Harshit Rana,0,0.5776269847883083
1473449,2,3,3,Harshit Rana,1,0.8220151522116862
1473449,2,3,4,Harshit Rana,0,0.6441384442675571
1473449,2,3,5,Harshit Rana,0,0.6012065390390292
1473449,2,4,1,CV Varun,0,0.0006284637098873049
1473449,2,4,2,CV Varun,0,0.0006004354262919419
1473449,2,4,3,CV Varun,0,0.0025221223128660333
1473449,2,4,4,CV Varun,0,0.0019783098503488297
1473449,2,4,5,CV Varun,0,0.004285727915930639
1473449,2,4,6,CV Varun,0,0.0027529810006882032
1473449,2,5,1,AD Russell,0,0.0007686661045504337
1473449,2,5,2,AD Russell,0,0.01503738779102483
1473449,2,5,3,AD Russell,0,0.024970440354337292
1473449,2,5,4,AD Russell,0,0.02738212575462963
1473449,2,5,5,AD Russell,0,0.04827275193534177
1473449,2,5,6,AD Russell,0,0.542463830428925
1473449,2,5,7,AD Russell,0,0.6024239660828338
1473450,1,0,1,Arshdeep Singh,0,0.00034685983964871637
1473450,1,0,2,Arshdeep Singh,0,0.00037473117658295784
1473450,1,0,3,Arshdeep Singh,0,0.012353255507189147
1473450,1,0,4,Arshdeep Singh,0,0.011027679869816624
1473450,1,0,5,Arshdeep Singh,0,0.015096294187685582
1473450,1,0,6,Arshdeep Singh,0,0.01605196065364093
1473450,1,1,1,LH Ferguson,0,0.038400192149244845
1473450,1,1,2,LH Ferguson,0,0.0327845966094431
1473450,1,1,3,LH Ferguson,0,0.025568226388879876
1473450,1,1,4,LH Ferguson,0,0.02846571464966423
1473450,1,1,5,LH Ferguson,0,0.03341459841183221
1473450,1,1,6,LH Ferguson,0,0.017152772782874866
1473450,1,1,7,LH Ferguson,0,0.011863099121096133
1473450,1,2,1,Arshdeep Singh,0,0.20301476434507035
1473450,1,2,2,Arshdeep Singh,0,0.12289763464982473
1473450,1,2,3,Arshdeep Singh,0,0.04286533764238442
1473450,1,2,4,Arshdeep Singh,0,0.31253527618660554
1473450,1,2,5,Arshdeep Singh,0,0.4262879294989805
1473450,1,2,6,Arshdeep Singh,0,0.398475182835152
1473450,1,3,1,LH Ferguson,0,0.009615458182475858
1473450,1,3,2,LH Ferguson,0,0.01099840596431698
1473450,1,3,3,LH Ferguson,0,0.17366072932533655
1473450,1,3,4,LH Ferguson,1,0.510196473180449
1473450,1,3,5,LH Ferguson,1,0.41008576665094815
1473450,1,3,6,LH Ferguson,0,0.39112027914232106
1473450,1,4,1,GJ Maxwell,0,0.00040172049455116857
1473450,1,4,2,GJ Maxwell,0,0.02012253818506051
1473450,1,4,3,GJ Maxwell,0,0.02722599019168202
1473450,1,4,4,GJ Maxwell,0,0.01890561255572586
1473450,1,4,5,GJ Maxwell,0,0.008853915550991728
1473450,1,4,6,GJ Maxwell,0,0.014013447355472814
1473450,1,5,1,M Jansen,0,0.0004043583260750684
1473450,1,5,2,M Jansen,0,0.024734384700684873
1473450,1,5,3,M Jansen,0,0.008761425640287389
1473450,1,5,4,M Jansen,0,0.03215811235947267
1473450,1,5,5,M Jansen,0,0.025299170707175748
1473450,1,5,6,M Jansen,0,0.020603421021910054
1473450,2,0,1,SN Thakur,0,0.00034573574955561154
1473450,2,0,2,SN Thakur,0,0.024220793109507224
1473450,2,0,3,SN Thakur,0,0.009034092150661675
1473450,2,0,4,SN Thakur,0,0.3551803059606967
1473450,2,0,5,SN Thakur,1,0.8518684042840831
1473450,2,0,6,SN Thakur,0,0.7816731764259557
1473450,2,1,1,Avesh Khan,0,0.03550110747590761
1473450,2,1,2,Avesh Khan,0,0.022903867423269456
1473450,2,1,3,Avesh Khan,0,0.022266521363646416
1473450,2,1,4,Avesh Khan,0,0.38426139465099896
1473450,2,1,5,Avesh Khan,0,0.2774998009475985
1473450,2,1,6,Avesh Khan,0,0.27846601335132865
1473450,2,2,1,DS Rathi,1,0.9994909498562424
1473450,2,2,2,DS Rathi,1,0.9581526270719701
1473450,2,2,3,DS Rathi,1,0.8627166620739046
1473450,2,2,4,DS Rathi,1,0.4799334711706904
1473450,2,2,5,DS Rathi,0,0.5119010610994946
1473450,2,2,6,DS Rathi,0,0.48952929028394065
1473450,2,3,1,Avesh Khan,0,0.4108480284742528
1473450,2,3,2,Avesh Khan,0,0.2550699633500371
1473450,2,3,3,Avesh Khan,0,0.2613621612646585
1473450,2,3,4,Avesh Khan,1,0.5017236487493487
1473450,2,3,5,Avesh Khan,0,0.450124895412265
1473450,2,3,6,Avesh Khan,0,0.3448600375760625
1473450,2,3,7,Avesh Khan,0,0.3448600375760625
1473450,2,4,1,DS Rathi,0,0.3375107549840081
1473450,2,4,2,DS Rathi,1,0.4490209218198176
1473450,2,4,3,DS Rathi,1,0.4053170157462217
1473450,2,4,4,DS Rathi,0,0.42559162267665385
1473450,2,4,5,DS Rathi,0,0.4577248270468594
1473450,2,4,6,DS Rathi,1,0.393724769742664
1473450,2,5,1,Ravi Bishnoi,0,0.0004384347472821664
1473450,2,5,2,Ravi Bishnoi,0,0.9194467861225014
1473450,2,5,3,Ravi Bishnoi,1,0.9710848091884337
1473450,2,5,4,Ravi Bishnoi,1,0.989822342383941
1473450,2,5,5,Ravi Bishnoi,1,0.9721887590707939
1473450,2,5,6,Ravi Bishnoi,1,0.9538570361548929
1473453,1,0,1,TA Boult,0,0.07810576864449137
1473453,1,0,2,TA Boult,0,0.10611636917082087
1473453,1,0,3,TA Boult,1,0.8564042351814569
1473453,1,0,4,TA Boult,0,0.5405021285907743
1473453,1,0,5,TA Boult,0,0.48048754981014025
1473453,1,0,6,TA Boult,0,0.352313778929221
1473453,1,1,1,DL Chahar,1,0.9994594883141767
1473453,1,1,2,DL Chahar,1,0.9536941187045108
1473453,1,1,3,DL Chahar,0,0.704113368898619
1473453,1,1,4,DL Chahar,1,0.8544173101974091
1473453,1,1,5,DL Chahar,1,0.9435201933196422
1473453,1,1,6,DL Chahar,1,0.9645856220471112
1473453,1,1,7,DL Chahar,1,0.9374466420850581
1473453,1,2,1,TA Boult,0,0.13068890254722026
1473453,1,2,2,TA Boult,0,0.46905956995190734
1473453,1,2,3,TA Boult,0,0.4210799546233661
1473453,1,2,4,TA Boult,1,0.4997645845995657
1473453,1,2,5,TA Boult,0,0.4833699468660759
1473453,1,2,6,TA Boult,0,0.451348313757917
1473453,1,3,1,Ashwani Kumar,0,0.0007682909994604391
1473453,1,3,2,Ashwani Kumar,0,0.07128918898672394
1473453,1,3,3,Ashwani Kumar,0,0.08592209683260262
1473453,1,3,4,Ashwani Kumar,0,0.0767001603123329
1473453,1,3,5,Ashwani Kumar,0,0.07313957412603796
1473453,1,3,6,Ashwani Kumar,0,0.06246481314853184
1473453,1,4,1,MJ Santner,0,0.0008107661856358619
1473453,1,4,2,MJ Santner,0,0.08005822281746233
1473453,1,4,3,MJ Santner,0,0.09745687597355807
1473453,1,4,4,MJ Santner,0,0.6312501819334401
1473453,1,4,5,MJ Santner,1,0.8800505863445774
1473453,1,4,6,MJ Santner,0,0.7519331803548533
1473453,1,5,1,Ashwani Kumar,0,0.3537028437019794
1473453,1,5,2,Ashwani Kumar,0,0.5823764905457343
1473453,1,5,3,Ashwani Kumar,0,0.6535194190954375
1473453,1,5,4,Ashwani Kumar,0,0.6607469575543153
1473453,1,5,5,Ashwani Kumar,0,0.706318106676418
1473453,1,5,6,Ashwani Kumar,0,0.8033018841998816
1473453,1,5,7,Ashwani Kumar,1,0.8706100166945261
1473453,2,0,1,SN Thakur,0,0.017744851223981596
1473453,2,0,2,SN Thakur,0,0.020577121434324337
1473453,2,0,3,SN Thakur,0,0.02970780412928636
1473453,2,0,4,SN Thakur,0,0.021480475231678894
1473453,2,0,5,SN Thakur,0,0.030912662763079756
1473453,2,0,6,SN Thakur,0,0.3493685076826767
1473453,2,1,1,Akash Deep,0,0.000260020477630659
1473453,2,1,2,Akash Deep,0,0.010067242862671032
1473453,2,1,3,Akash Deep,0,0.01049250636514136
1473453,2,1,4,Akash Deep,0,0.01243967952592748
1473453,2,1,5,Akash Deep,0,0.013653933206716592
1473453,2,1,6,Akash Deep,0,0.01605948797733683
1473453,2,2,1,SN Thakur,1,0.5239838543368668
1473453,2,2,2,SN Thakur,0,0.4873388499493179
1473453,2,2,3,SN Thakur,0,0.4801954429549401
1473453,2,2,4,SN Thakur,1,0.7056240190337095
1473453,2,2,5,SN Thakur,1,0.5773169646288513
1473453,2,2,6,SN Thakur,1,0.6071348992873883
1473453,2,3,1,Akash Deep,0,0.32988662906668187
1473453,2,3,2,Akash Deep,0,0.7071042424642429
1473453,2,3,3,Akash Deep,1,0.7863457697609163
1473453,2,3,4,Akash Deep,1,0.8317012073536038
1473453,2,3,5,Akash Deep,1,0.8215715980135935
1473453,2,3,6,Akash Deep,1,0.7721438425822293
1473453,2,4,1,Avesh Khan,0,0.018390456809897548
1473453,2,4,2,Avesh Khan,0,0.013972916694577434
1473453,2,4,3,Avesh Khan,0,0.005404024452140069
1473453,2,4,4,Avesh Khan,0,0.01458136405136787
1473453,2,4,5,Avesh Khan,0,0.013357490458964196
1473453,2,4,6,Avesh Khan,0,0.3968192689660986
1473453,2,5,1,DS Rathi,0,0.0006484603563057981
1473453,2,5,2,DS Rathi,0,0.010600051079692618
1473453,2,5,3,DS Rathi,0,0.010973978148755776
1473453,2,5,4,DS Rathi,0,0.011819393028641611
1473453,2,5,5,DS Rathi,0,0.01862811009208561
1473453,2,5,6,DS Rathi,0,0.024199839019014673
1473454,1,0,1,KK Ahmed,0,0.00025993259382039134
1473454,1,0,2,KK Ahmed,0,0.0002814897710333749
1473454,1,0,3,KK Ahmed,0,0.00027673457406482616
1473454,1,0,4,KK Ahmed,0,0.00028484125920931236
1473454,1,0,5,KK Ahmed,0,0.00025321032006300125
1473454,1,0,6,KK Ahmed,0,0.0003483652805355114
1473454,1,1,1,Mukesh Choudhary,0,0.00026199065141758044
1473454,1,1,2,Mukesh Choudhary,0,0.910545375510228
1473454,1,1,3,Mukesh Choudhary,1,0.990434771656584
1473454,1,1,4,Mukesh Choudhary,1,0.9889326363774219
1473454,1,1,5,Mukesh Choudhary,1,0.9870761548573698
1473454,1,1,6,Mukesh Choudhary,1,0.9883852099119622
1473454,1,2,1,KK Ahmed,0,0.0013974292876484029
1473454,1,2,2,KK Ahmed,0,0.0017556494717222693
1473454,1,2,3,KK Ahmed,0,0.0033706100984883095
1473454,1,2,4,KK Ahmed,0,0.0025312396489444284
1473454,1,2,5,KK Ahmed,0,0.0037833951674956495
1473454,1,2,6,KK Ahmed,0,0.0032695570604539315
1473454,1,3,1,Mukesh Choudhary,1,0.9781092193097933
1473454,1,3,2,Mukesh Choudhary,1,0.9561048815190886
1473454,1,3,3,Mukesh Choudhary,1,0.9719010168039656
1473454,1,3,4,Mukesh Choudhary,1,0.9567691311928405
1473454,1,3,5,Mukesh Choudhary,1,0.9198832452013851
1473454,1,3,6,Mukesh Choudhary,1,0.8918795432413592
1473454,1,4,1,KK Ahmed,0,0.008492171591187732
1473454,1,4,2,KK Ahmed,0,0.08287292894229954
1473454,1,4,3,KK Ahmed,0,0.09511080543263421
1473454,1,4,4,KK Ahmed,0,0.1448190593505454
1473454,1,4,5,KK Ahmed,0,0.0980097434173079
1473454,1,4,6,KK Ahmed,0,0.1070362830354659
1473454,1,5,1,R Ashwin,1,0.9996070177987707
1473454,1,5,2,R Ashwin,1,0.9631153339001399
1473454,1,5,3,R Ashwin,1,0.8844661549120627
1473454,1,5,4,R Ashwin,1,0.7884012821797011
1473454,1,5,5,R Ashwin,1,0.5989642088585745
1473454,1,5,6,R Ashwin,1,0.5567865400478882
1473454,2,0,1,MA Starc,0,0.00028034542618083795
1473454,2,0,2,MA Starc,0,0.009767359811071605
1473454,2,0,3,MA Starc,0,0.02209626200030409
1473454,2,0,4,MA Starc,0,0.04756283861825794
1473454,2,0,5,MA Starc,0,0.061022537942902126
1473454,2,0,6,MA Starc,0,0.04813262832081756
1473454,2,0,7,MA Starc,0,0.036115221253337874
1473454,2,1,1,Mukesh Kumar,0,0.022093719781979226
1473454,2,1,2,Mukesh Kumar,0,0.02199564207171029
1473454,2,1,3,Mukesh Kumar,0,0.023483278903252205
1473454,2,1,4,Mukesh Kumar,0,0.007984675686306963
1473454,2,1,5,Mukesh Kumar,0,0.006513326397997513
1473454,2,1,6,Mukesh Kumar,0,0.008216126840415729
1473454,2,2,1,MA Starc,1,0.20445110410006262
1473454,2,2,2,MA Starc,1,0.2344065791758688
1473454,2,2,3,MA Starc,1,0.20080971124475563
1473454,2,2,4,MA Starc,1,0.13564908736965026
1473454,2,2,5,MA Starc,0,0.12412002166520067
1473454,2,2,6,MA Starc,0,0.11354950811232423
1473454,2,2,7,MA Starc,0,0.06577079193022516
1473454,2,3,1,Mukesh Kumar,0,0.007265545049590614
1473454,2,3,2,Mukesh Kumar,0,0.007974060849364646
1473454,2,3,3,Mukesh Kumar,0,0.009568835448013242
1473454,2,3,4,Mukesh Kumar,0,0.00896520311043264
1473454,2,3,5,Mukesh Kumar,0,0.00984732080859828
1473454,2,3,6,Mukesh Kumar,0,0.009908051109663073
1473454,2,4,1,MM Sharma,1,0.9995701594597863
1473454,2,4,2,MM Sharma,1,0.9577221867218695
1473454,2,4,3,MM Sharma,1,0.8627969093291885
1473454,2,4,4,MM Sharma,1,0.7058088544886294
1473454,2,4,5,MM Sharma,1,0.6411621238815814
1473454,2,4,6,MM Sharma,1,0.6599750537922614
1473454,2,4,7,MM Sharma,1,0.5980882353374753
1473454,2,5,1,V Nigam,1,0.9995771883011487
1473454,2,5,2,V Nigam,1,0.9627390863693212
1473454,2,5,3,V Nigam,1,0.7260059379619165
1473454,2,5,4,V Nigam,1,0.949173515919067
1473454,2,5,5,V Nigam,1,0.8888476200655034
1473454,2,5,6,V Nigam,1,0.7075888611146797
1473460,1,0,1,JC Archer,0,0.00025839419254983665
1473460,1,0,2,JC Archer,0,0.0002702408243707302
1473460,1,0,3,JC Archer,0,0.001907564069182371
1473460,1,0,4,JC Archer,0,0.008839300990432682
1473460,1,0,5,JC Archer,0,0.009800274111497764
1473460,1,0,6,JC Archer,0,0.01139155838531663
1473460,1,0,7,JC Archer,0,0.3068481082089431
1473460,1,1,1,Fazalhaq Farooqi,0,0.010163648840284248
1473460,1,1,2,Fazalhaq Farooqi,0,0.0069278876013874665
1473460,1,1,3,Fazalhaq Farooqi,0,0.001937392143077139
1473460,1,1,4,Fazalhaq Farooqi,0,0.2591524088720682
1473460,1,1,5,Fazalhaq Farooqi,0,0.23278165009855803
1473460,1,1,6,Fazalhaq Farooqi,0,0.29838573567380383
1473460,1,2,1,JC Archer,0,0.22758259720160107
1473460,1,2,2,JC Archer,0,0.23828769692670432
1473460,1,2,3,JC Archer,0,0.14804160178577877
1473460,1,2,4,JC Archer,1,0.3388433018319828
1473460,1,2,5,JC Archer,1,0.32351793826448016
1473460,1,2,6,JC Archer,0,0.3940508648536
1473460,1,3,1,Fazalhaq Farooqi,0,0.19206304514391184
1473460,1,3,2,Fazalhaq Farooqi,0,0.18919696825302687
1473460,1,3,3,Fazalhaq Farooqi,0,0.29506935839598886
1473460,1,3,4,Fazalhaq Farooqi,0,0.3209319506757642
1473460,1,3,5,Fazalhaq Farooqi,0,0.2910233767626274
1473460,1,3,6,Fazalhaq Farooqi,0,0.27011574156145385
1473460,1,4,1,TU Deshpande,0,0.0009091065239202603
1473460,1,4,2,TU Deshpande,0,0.010644773828297984
1473460,1,4,3,TU Deshpande,1,0.967108274719777
1473460,1,4,4,TU Deshpande,1,0.9611790060558735
1473460,1,4,5,TU Deshpande,1,0.9715971168789685
1473460,1,4,6,TU Deshpande,1,0.9552040815992657
1473460,1,4,7,TU Deshpande,1,0.8938240694984135
1473460,1,4,8,TU Deshpande,1,0.9329147005342066
1473460,1,5,1,Sandeep Sharma,0,0.00034605103124247014
1473460,1,5,2,Sandeep Sharma,0,0.00911234342609693
1473460,1,5,3,Sandeep Sharma,0,0.009069245893518
1473460,1,5,4,Sandeep Sharma,0,0.013042859482327359
1473460,1,5,5,Sandeep Sharma,0,0.025663706624457466
1473460,1,5,6,Sandeep Sharma,0,0.025730154752887112
1473460,1,5,7,Sandeep Sharma,0,0.030062857485091105
1473460,2,0,1,Mohammed Siraj,0,0.0006556265888962029
1473460,2,0,2,Mohammed Siraj,0,0.014328112016800646
1473460,2,0,3,Mohammed Siraj,1,0.8966508649977725
1473460,2,0,4,Mohammed Siraj,1,0.5958610804489943
1473460,2,0,5,Mohammed Siraj,1,0.726066974269744
1473460,2,0,6,Mohammed Siraj,1,0.7747790408298274
1473460,2,0,7,Mohammed Siraj,1,0.49122558211800715
1473460,2,0,8,Mohammed Siraj,1,0.28559729030021835
1473460,2,0,9,Mohammed Siraj,1,0.29810229288233464
1473460,2,1,1,Arshad Khan,0,0.046466635585473405
1473460,2,1,2,Arshad Khan,0,0.0037817147697431345
1473460,2,1,3,Arshad Khan,0,0.024373203248442183
1473460,2,1,4,Arshad Khan,0,0.0562955239188721
1473460,2,1,5,Arshad Khan,0,0.014825889585565362
1473460,2,1,6,Arshad Khan,0,0.010829045886642286
1473460,2,1,7,Arshad Khan,0,0.006571946637629907
1473460,2,2,1,Mohammed Siraj,0,0.1912868381485998
1473460,2,2,2,Mohammed Siraj,0,0.1584801752571259
1473460,2,2,3,Mohammed Siraj,0,0.13929739321665974
1473460,2,2,4,Mohammed Siraj,0,0.07337128494420328
1473460,2,2,5,Mohammed Siraj,1,0.28211520838316256
1473460,2,2,6,Mohammed Siraj,1,0.2700324555106956
1473460,2,3,1,Arshad Khan,0,0.00381554671784368
1473460,2,3,2,Arshad Khan,0,0.08181026819138032
1473460,2,3,3,Arshad Khan,0,0.2711744335869172
1473460,2,3,4,Arshad Khan,0,0.2559323232751422
1473460,2,3,5,Arshad Khan,0,0.2796480314892694
1473460,2,4,1,Mohammed Siraj,1,0.2993393046698981
1473460,2,4,2,Mohammed Siraj,1,0.30504453163919276
1473460,2,4,3,Mohammed Siraj,1,0.29952568836514415
1473460,2,4,4,Mohammed Siraj,1,0.357439184269616
1473460,2,4,5,Mohammed Siraj,1,0.31095752211275124
1473460,2,4,6,Mohammed Siraj,1,0.3425416057553898
1473460,2,5,1,M Prasidh Krishna,1,0.9990151729787021
1473460,2,5,2,M Prasidh Krishna,1,0.9580520696400198
1473460,2,5,3,M Prasidh Krishna,1,0.897950986844341
1473460,2,5,4,M Prasidh Krishna,1,0.6926006176335441
1473460,2,5,5,M Prasidh Krishna,1,0.46807545078249446
1473460,2,5,6,M Prasidh Krishna,1,0.7549768755281165
1473463,1,0,1,SN Thakur,1,0.9994553836323365
1473463,1,0,2,SN Thakur,1,0.8263086536203762
1473463,1,0,3,SN Thakur,1,0.5667624088163212
1473463,1,0,4,SN Thakur,0,0.27414496128351085
1473463,1,0,5,SN Thakur,0,0.2609323922895637
1473463,1,0,6,SN Thakur,0,0.2377132815958795
1473463,1,1,1,Akash Deep,0,0.024498482405960982
1473463,1,1,2,Akash Deep,1,0.959052982188767
1473463,1,1,3,Akash Deep,1,0.9032277061851446
1473463,1,1,4,Akash Deep,1,0.9571603665591292
1473463,1,1,5,Akash Deep,1,0.8341714592907276
1473463,1,1,6,Akash Deep,1,0.7973029560842271
1473463,1,2,1,SN Thakur,0,0.22518881652857994
1473463,1,2,2,SN Thakur,0,0.2008542241757548
1473463,1,2,3,SN Thakur,0,0.17444572368789107
1473463,1,2,4,SN Thakur,0,0.18221247772974233
1473463,1,2,5,SN Thakur,0,0.25389694189626777
1473463,1,2,6,SN Thakur,0,0.2707189267708417
1473463,1,3,1,DS Rathi,0,0.013181700700457176
1473463,1,3,2,DS Rathi,0,0.016534423080260315
1473463,1,3,3,DS Rathi,0,0.024801156359217865
1473463,1,3,4,DS Rathi,0,0.029551157390686134
1473463,1,3,5,DS Rathi,0,0.03411279482955382
1473463,1,3,6,DS Rathi,1,0.37654884987559073
1473463,1,4,1,Akash Deep,1,0.8538662960099557
1473463,1,4,2,Akash Deep,1,0.783838948586631
1473463,1,4,3,Akash Deep,1,0.7088946556184929
1473463,1,4,4,Akash Deep,1,0.7896108333714601
1473463,1,4,5,Akash Deep,1,0.6674474565786895
1473463,1,4,6,Akash Deep,0,0.5725956515596031
1473463,1,4,7,Akash Deep,0,0.578229167430401
1473463,1,5,1,Avesh Khan,1,0.9993027538922715
1473463,1,5,2,Avesh Khan,1,0.9719759059188295
1473463,1,5,3,Avesh Khan,1,0.8881354578851529
1473463,1,5,4,Avesh Khan,1,0.7994915874030416
1473463,1,5,5,Avesh Khan,1,0.6479496529400204
1473463,1,5,6,Avesh Khan,1,0.5960447431169184
1473463,2,0,1,Mohammed Siraj,0,0.12546085892368616
1473463,2,0,2,Mohammed Siraj,0,0.1595570309677855
1473463,2,0,3,Mohammed Siraj,0,0.09148896056679448
1473463,2,0,4,Mohammed Siraj,0,0.14776927219429523
1473463,2,0,5,Mohammed Siraj,0,0.21812616008467958
1473463,2,0,6,Mohammed Siraj,0,0.3488903615124797
1473463,2,1,1,Arshad Khan,0,0.11731045083217377
1473463,2,1,2,Arshad Khan,0,0.10757440829685681
1473463,2,1,3,Arshad Khan,0,0.10045161708653469
1473463,2,1,4,Arshad Khan,0,0.16126671650246346
1473463,2,1,5,Arshad Khan,0,0.16631594162295915
1473463,2,1,6,Arshad Khan,0,0.12087817763397071
1473463,2,2,1,Mohammed Siraj,0,0.4666782049045888
1473463,2,2,2,Mohammed Siraj,0,0.47794795887553526
1473463,2,2,3,Mohammed Siraj,0,0.6922156691540072
1473463,2,2,4,Mohammed Siraj,0,0.6123735471209527
1473463,2,2,5,Mohammed Siraj,1,0.8209628057692331
1473463,2,2,6,Mohammed Siraj,1,0.8681034012727664
1473463,2,2,7,Mohammed Siraj,1,0.8640034219559698
1473463,2,3,1,Arshad Khan,0,0.1286289989237364
1473463,2,3,2,Arshad Khan,0,0.05514864330932753
1473463,2,3,3,Arshad Khan,0,0.09633865513794529
1473463,2,3,4,Arshad Khan,0,0.10044463499812588
1473463,2,3,5,Arshad Khan,1,0.36356908084489437
1473463,2,4,1,M Prasidh Krishna,1,0.9995604607557868
1473463,2,4,2,M Prasidh Krishna,1,0.9837203146764316
1473463,2,4,3,M Prasidh Krishna,1,0.9857013666464245
1473463,2,4,4,M Prasidh Krishna,1,0.968288854393165
1473463,2,4,5,M Prasidh Krishna,1,0.9194795295897183
1473463,2,4,6,M Prasidh Krishna,1,0.8632877736021615
1473463,2,5,1,Rashid Khan,0,0.015269396292071444
1473463,2,5,2,Rashid Khan,0,0.1259284058377801
1473463,2,5,3,Rashid Khan,1,0.9841655588127316
1473463,2,5,4,Rashid Khan,1,0.9194724099784252
1473463,2,5,5,Rashid Khan,1,0.8184776659867686
1473463,2,5,6,Rashid Khan,1,0.9118658920493934
1473463,2,5,7,Rashid Khan,1,0.8811523463853738
1473466,1,0,1,MA Starc,0,0.008347852754571101
1473466,1,0,2,MA Starc,0,0.00348860387140039
1473466,1,0,3,MA Starc,0,0.5700885568978639
1473466,1,0,4,MA Starc,0,0.8293276089337757
1473466,1,0,5,MA Starc,0,0.5962093343147701
1473466,1,0,6,MA Starc,0,0.7043053857376362
1473466,1,0,7,MA Starc,0,0.5990047896448742
1473466,1,1,1,Mukesh Kumar,0,0.007502423467495697
1473466,1,1,2,Mukesh Kumar,0,0.00824488848943552
1473466,1,1,3,Mukesh Kumar,0,0.005029487708093401
1473466,1,1,4,Mukesh Kumar,0,0.0036106517757105968
1473466,1,1,5,Mukesh Kumar,0,0.32067880322380676
1473466,1,1,6,Mukesh Kumar,0,0.3267761556461845
1473466,1,2,1,MA Starc,0,0.7592140159473251
1473466,1,2,2,MA Starc,0,0.693117391577759
1473466,1,2,3,MA Starc,0,0.7892103987684623
1473466,1,2,4,MA Starc,1,0.8650644907763337
1473466,1,2,5,MA Starc,0,0.7764569078042048
1473466,1,2,6,MA Starc,1,0.7815499993240462
1473466,1,3,1,Mukesh Kumar,0,0.23901046219722039
1473466,1,3,2,Mukesh Kumar,0,0.2389037041469313
1473466,1,3,3,Mukesh Kumar,0,0.12222799553551167
1473466,1,3,4,Mukesh Kumar,0,0.1349948511422273
1473466,1,3,5,Mukesh Kumar,0,0.12518939016456937
1473466,1,3,6,Mukesh Kumar,0,0.3201410445628585
1473466,1,4,1,V Nigam,0,0.012928004035771844
1473466,1,4,2,V Nigam,0,0.004466727011508595
1473466,1,4,3,V Nigam,0,0.0037309959877528916
1473466,1,4,4,V Nigam,0,0.006494560079906354
1473466,1,4,5,V Nigam,0,0.0067094867195757885
1473466,1,4,6,V Nigam,0,0.004851851876185628
1473466,1,5,1,Mukesh Kumar,0,0.464891195496149
1473466,1,5,2,Mukesh Kumar,0,0.38316526763712605
1473466,1,5,3,Mukesh Kumar,0,0.3939583627176492
1473466,1,5,4,Mukesh Kumar,1,0.55641919827176
1473466,1,5,5,Mukesh Kumar,1,0.5851014750521318
1473466,1,5,6,Mukesh Kumar,0,0.5422702097983924
1473466,1,5,7,Mukesh Kumar,0,0.5063815260699058
1473466,2,0,1,DL Chahar,0,0.0002067052098698428
1473466,2,0,2,DL Chahar,0,0.012491297029531691
1473466,2,0,3,DL Chahar,1,0.7134985368378477
1473466,2,0,4,DL Chahar,1,0.6247715521000164
1473466,2,0,5,DL Chahar,0,0.45892603358646156
1473466,2,0,6,DL Chahar,0,0.3535058805187481
1473466,2,1,1,TA Boult,0,0.008957163877204332
1473466,2,1,2,TA Boult,1,0.906748379652164
1473466,2,1,3,TA Boult,1,0.9474768773986225
1473466,2,1,4,TA Boult,1,0.8328530436398238
1473466,2,1,5,TA Boult,1,0.9091822839564144
1473466,2,1,6,TA Boult,1,0.859950637614283
1473466,2,1,7,TA Boult,1,0.9091621152900896
1473466,2,2,1,DL Chahar,0,0.23180003822928846
1473466,2,2,2,DL Chahar,0,0.23777874687146522
1473466,2,2,3,DL Chahar,0,0.14683834192477052
1473466,2,2,4,DL Chahar,0,0.3799871168181844
1473466,2,2,5,DL Chahar,0,0.3788254172321971
1473466,2,2,6,DL Chahar,0,0.39849403766133784
1473466,2,3,1,JJ Bumrah,0,0.0002603841618057816
1473466,2,3,2,JJ Bumrah,0,0.011796215659120942
1473466,2,3,3,JJ Bumrah,0,0.01239776561492503
1473466,2,3,4,JJ Bumrah,0,0.6775462068071126
1473466,2,3,5,JJ Bumrah,0,0.4871454740072266
1473466,2,3,6,JJ Bumrah,1,0.6849080664629582
1473466,2,4,1,DL Chahar,1,0.4501459966746808
1473466,2,4,2,DL Chahar,0,0.42772672712806165
1473466,2,4,3,DL Chahar,0,0.4153017772836869
1473466,2,4,4,DL Chahar,1,0.46312522706819204
1473466,2,4,5,DL Chahar,1,0.41088878216773467
1473466,2,5,1,JJ Bumrah,1,0.8196900546314834
1473466,2,5,2,JJ Bumrah,1,0.7173812769735297
1473466,2,5,3,JJ Bumrah,1,0.7937680461797421
1473466,2,5,4,JJ Bumrah,1,0.7190007738837267
1473466,2,5,5,JJ Bumrah,1,0.8567424624027831
1473466,2,5,6,JJ Bumrah,1,0.7959548237087437
1473469,1,0,1,JC Archer,0,0.0004927222947727686
1473469,1,0,2,JC Archer,0,0.0005541787195193615
1473469,1,0,3,JC Archer,1,0.41643071222505085
1473469,1,0,4,JC Archer,1,0.7578169874427061
1473469,1,0,5,JC Archer,1,0.6180075062868599
1473469,1,0,6,JC Archer,1,0.543930127023644
1473469,1,1,1,TU Deshpande,1,0.9989798122181162
1473469,1,1,2,TU Deshpande,1,0.9987669693719035
1473469,1,1,3,TU Deshpande,1,0.9979423382021969
1473469,1,1,4,TU Deshpande,1,0.9978073726854255
1473469,1,1,5,TU Deshpande,1,0.9975112609869663
1473469,1,1,6,TU Deshpande,1,0.9159439562702879
1473469,1,2,1,JC Archer,1,0.33742800574715465
1473469,1,2,2,JC Archer,1,0.34326306096726633
1473469,1,2,3,JC Archer,0,0.4500459703239493
1473469,1,2,4,JC Archer,0,0.3892794831556994
1473469,1,2,5,JC Archer,0,0.35312092681865753
1473469,1,2,6,JC Archer,0,0.297109151024032
1473469,1,3,1,Sandeep Sharma,0,0.000582172754979768
1473469,1,3,2,Sandeep Sharma,0,0.0005612590591044055
1473469,1,3,3,Sandeep Sharma,0,0.012855602819794592
1473469,1,3,4,Sandeep Sharma,0,0.00929649797425342
1473469,1,3,5,Sandeep Sharma,0,0.01643815134544035
1473469,1,3,6,Sandeep Sharma,0,0.012877493409160154
1473469,1,4,1,M Theekshana,0,0.01703289853512342
1473469,1,4,2,M Theekshana,0,0.0120461258716201
1473469,1,4,3,M Theekshana,0,0.015171048614352185
1473469,1,4,4,M Theekshana,0,0.48892278238321907
1473469,1,4,5,M Theekshana,0,0.33003100538760416
1473469,1,4,6,M Theekshana,0,0.18845466637367211
1473469,1,5,1,Sandeep Sharma,0,0.013913600872129842
1473469,1,5,2,Sandeep Sharma,0,0.011612385284836187
1473469,1,5,3,Sandeep Sharma,0,0.014777517580157058
1473469,1,5,4,Sandeep Sharma,0,0.013829564469895509
1473469,1,5,5,Sandeep Sharma,0,0.009972882587661172
1473469,1,5,6,Sandeep Sharma,0,0.010941016571216343
1473469,2,0,1,MA Starc,0,0.00012745871317796766
1473469,2,0,2,MA Starc,0,0.00013278968911820517
1473469,2,0,3,MA Starc,0,0.0001349033649268331
1473469,2,0,4,MA Starc,0,0.0001349033649268331
1473469,2,0,5,MA Starc,0,0.00014171886069864735
1473469,2,0,6,MA Starc,0,0.0002605595808434762
1473469,2,1,1,Mukesh Kumar,1,0.9987380564637793
1473469,2,1,2,Mukesh Kumar,1,0.8535909408670663
1473469,2,1,3,Mukesh Kumar,1,0.8925970913143657
1473469,2,1,4,Mukesh Kumar,1,0.7784428628593552
1473469,2,1,5,Mukesh Kumar,1,0.6518069997011984
1473469,2,1,6,Mukesh Kumar,1,0.6126232687758804
1473469,2,2,1,MA Starc,0,0.00017193410633844296
1473469,2,2,2,MA Starc,0,0.0011567101114443427
1473469,2,2,3,MA Starc,0,0.03502197126290525
1473469,2,2,4,MA Starc,0,0.217043593305546
1473469,2,2,5,MA Starc,1,0.3162160653383906
1473469,2,2,6,MA Starc,1,0.36505734973569465
1473469,2,2,7,MA Starc,1,0.388402656748317
1473469,2,2,8,MA Starc,1,0.3644469158759278
1473469,2,3,1,Mukesh Kumar,1,0.5519725303371473
1473469,2,3,2,Mukesh Kumar,1,0.6838350335811039
1473469,2,3,3,Mukesh Kumar,1,0.598995252961953
1473469,2,3,4,Mukesh Kumar,1,0.5374466203211556
1473469,2,3,5,Mukesh Kumar,1,0.5364935065238036
1473469,2,3,6,Mukesh Kumar,1,0.45402642019050365
1473469,2,4,1,MM Sharma,0,0.00027400177056093294
1473469,2,4,2,MM Sharma,0,0.0002854601775627817
1473469,2,4,3,MM Sharma,0,0.36578120822982935
1473469,2,4,4,MM Sharma,0,0.28018093531430927
1473469,2,4,5,MM Sharma,0,0.08846819703392084
1473469,2,4,6,MM Sharma,0,0.16809030056731156
1473469,2,5,1,V Nigam,1,0.9990062728685056
1473469,2,5,2,V Nigam,1,0.9989874619955548
1473469,2,5,3,V Nigam,1,0.9991138517468681
1473469,2,5,4,V Nigam,1,0.8881772973476667
1473469,2,5,5,V Nigam,1,0.8511271840884567
1473469,2,5,6,V Nigam,1,0.7315422102801669
1473469,3,0,1,MA Starc,0,0.00015156287132159734
1473469,3,0,2,MA Starc,0,0.7726645997526016
1473469,3,0,3,MA Starc,0,0.5472953748256926
1473469,3,0,4,MA Starc,1,0.8717275494746991
1473469,3,0,5,MA Starc,1,0.828858002052872
1473469,4,0,1,Sandeep Sharma,0,0.011475399972103532
1473469,4,0,2,Sandeep Sharma,0,0.9549878262519623
1473469,4,0,3,Sandeep Sharma,0,0.8204324971686094
1473472,1,0,1,Mohammed Siraj,0,0.0006294933587445774
1473472,1,0,2,Mohammed Siraj,0,0.0006543459963947206
1473472,1,0,3,Mohammed Siraj,0,0.008705824260167139
1473472,1,0,4,Mohammed Siraj,1,0.9711793457611332
1473472,1,0,5,Mohammed Siraj,1,0.9719596796897516
1473472,1,0,6,Mohammed Siraj,1,0.9607647942845895
1473472,1,0,7,Mohammed Siraj,1,0.914783558150015
1473472,1,0,8,Mohammed Siraj,1,0.9310631100454453
1473472,1,1,1,Arshad Khan,0,0.00046782287091012674
1473472,1,1,2,Arshad Khan,0,0.0004862958019915983
1473472,1,1,3,Arshad Khan,0,0.02889092554347539
1473472,1,1,4,Arshad Khan,1,0.9638371427997606
1473472,1,1,5,Arshad Khan,1,0.827749323217914
1473472,1,1,6,Arshad Khan,0,0.496713047252453
1473472,1,1,7,Arshad Khan,0,0.4011727474250319
1473472,1,1,8,Arshad Khan,0,0.31453689309122673
1473472,1,2,1,Mohammed Siraj,1,0.7889095783512753
1473472,1,2,2,Mohammed Siraj,1,0.9154760128885328
1473472,1,2,3,Mohammed Siraj,1,0.9386486088389916
1473472,1,2,4,Mohammed Siraj,1,0.9372400701857432
1473472,1,2,5,Mohammed Siraj,1,0.8623118757993566
1473472,1,2,6,Mohammed Siraj,1,0.9222263611157674
1473472,1,3,1,Arshad Khan,0,0.14411599401630837
1473472,1,3,2,Arshad Khan,0,0.14215570793557983
1473472,1,3,3,Arshad Khan,0,0.11040372238747215
1473472,1,3,4,Arshad Khan,0,0.3227407332003178
1473472,1,3,5,Arshad Khan,0,0.39062292409264354
1473472,1,3,6,Arshad Khan,0,0.3663795795297543
1473472,1,4,1,M Prasidh Krishna,1,0.9992865325931976
1473472,1,4,2,M Prasidh Krishna,1,0.9657026976124502
1473472,1,4,3,M Prasidh Krishna,1,0.7438293017835993
1473472,1,4,4,M Prasidh Krishna,0,0.42451405621809507
1473472,1,4,5,M Prasidh Krishna,0,0.34830937456484684
1473472,1,4,6,M Prasidh Krishna,0,0.27297404086229415
1473472,1,5,1,Arshad Khan,0,0.45745205601160455
1473472,1,5,2,Arshad Khan,0,0.45311327654998623
1473472,1,5,3,Arshad Khan,0,0.45311327654998623
1473472,1,5,4,Arshad Khan,0,0.4494283700230708
1473472,1,5,5,Arshad Khan,0,0.5245703020436119
1473472,1,5,6,Arshad Khan,0,0.5218537851914784
1473472,2,0,1,MA Starc,0,0.03355862082170211
1473472,2,0,2,MA Starc,0,0.0420092753296493
1473472,2,0,3,MA Starc,0,0.0508958649224715
1473472,2,0,4,MA Starc,0,0.09450318365045841
1473472,2,0,5,MA Starc,0,0.03773811003765674
1473472,2,0,6,MA Starc,0,0.4056494486924013
1473472,2,1,1,Mukesh Kumar,1,0.9992659730740062
1473472,2,1,2,Mukesh Kumar,1,0.8986176033785527
1473472,2,1,3,Mukesh Kumar,1,0.813386650661538
1473472,2,1,4,Mukesh Kumar,0,0.5009927512796751
1473472,2,1,5,Mukesh Kumar,0,0.5175586542850376
1473472,2,1,6,Mukesh Kumar,1,0.6593415460829392
1473472,2,2,1,MA Starc,0,0.6152105140752918
1473472,2,2,2,MA Starc,0,0.7511170900348665
1473472,2,2,3,MA Starc,0,0.660319637230018
1473472,2,2,4,MA Starc,0,0.6262846146513014
1473472,2,2,5,MA Starc,0,0.5891202394996315
1473472,2,2,6,MA Starc,0,0.4877233986777385
1473472,2,3,1,AR Patel,1,0.999366059438898
1473472,2,3,2,AR Patel,1,0.9491747876964896
1473472,2,3,3,AR Patel,1,0.975498868227666
1473472,2,3,4,AR Patel,1,0.8810845561809153
1473472,2,3,5,AR Patel,1,0.8233435302438148
1473472,2,3,6,AR Patel,1,0.7817102089079042
1473472,2,4,1,V Nigam,0,0.0004324020476393299
1473472,2,4,2,V Nigam,1,0.9467867637553399
1473472,2,4,3,V Nigam,1,0.9734806657062463
1473472,2,4,4,V Nigam,1,0.9363285875265053
1473472,2,4,5,V Nigam,1,0.840892041220823
1473472,2,4,6,V Nigam,1,0.8300498175234899
1473472,2,5,1,Mukesh Kumar,0,0.5565634307842426
1473472,2,5,2,Mukesh Kumar,1,0.6961577553182339
1473472,2,5,3,Mukesh Kumar,1,0.674493849350132
1473472,2,5,4,Mukesh Kumar,1,0.7109857601515582
1473472,2,5,5,Mukesh Kumar,1,0.7812953411026724
1473472,2,5,6,Mukesh Kumar,1,0.7059659678737262
1473472,2,5,7,Mukesh Kumar,1,0.7090610764733303
1473473,1,0,1,JC Archer,0,0.007828581589408065
1473473,1,0,2,JC Archer,0,0.007834969848806255
1473473,1,0,3,JC Archer,0,0.0068194073860253085
1473473,1,0,4,JC Archer,1,0.4457293698507695
1473473,1,0,5,JC Archer,1,0.6894992271974227
1473473,1,0,6,JC Archer,1,0.6468077001869269
1473473,1,1,1,M Theekshana,0,0.007568448821156375
1473473,1,1,2,M Theekshana,0,0.004867583474913909
1473473,1,1,3,M Theekshana,0,0.0018441683255028735
1473473,1,1,4,M Theekshana,0,0.0014222169561174326
1473473,1,1,5,M Theekshana,0,0.0021329633525789668
1473473,1,1,6,M Theekshana,0,0.005610506980750526
1473473,1,2,1,JC Archer,1,0.3667028469405511
1473473,1,2,2,JC Archer,1,0.19840001022019974
1473473,1,2,3,JC Archer,1,0.16837976680129285
1473473,1,2,4,JC Archer,1,0.14710744128356382
1473473,1,2,5,JC Archer,1,0.1384329537749633
1473473,1,2,6,JC Archer,0,0.11314926673606149
1473473,1,3,1,M Theekshana,0,0.009576190342007192
1473473,1,3,2,M Theekshana,0,0.0715436704199219
1473473,1,3,3,M Theekshana,0,0.07043786038277572
1473473,1,3,4,M Theekshana,0,0.0574338741086088
1473473,1,3,5,M Theekshana,0,0.0619967376773525
1473473,1,3,6,M Theekshana,0,0.10262336786419558
1473473,1,3,7,M Theekshana,0,0.10157217919997782
1473473,1,4,1,JC Archer,0,0.07685964226440502
1473473,1,4,2,JC Archer,0,0.09508343512290705
1473473,1,4,3,JC Archer,1,0.2087794079249373
1473473,1,4,4,JC Archer,1,0.20606104584920085
1473473,1,4,5,JC Archer,1,0.15394111093427593
1473473,1,4,6,JC Archer,1,0.1830927852550747
1473473,1,5,1,Sandeep Sharma,1,0.9993882430883625
1473473,1,5,2,Sandeep Sharma,0,0.6928150603410671
1473473,1,5,3,Sandeep Sharma,0,0.1847770936575471
1473473,1,5,4,Sandeep Sharma,0,0.11023805350892917
1473473,1,5,5,Sandeep Sharma,0,0.06303237568657982
1473473,1,5,6,Sandeep Sharma,0,0.031912219235358814
1473473,2,0,1,SN Thakur,0,0.00023366797902992008
1473473,2,0,2,SN Thakur,1,0.6377592152690447
1473473,2,0,3,SN Thakur,0,0.4522055992850497
1473473,2,0,4,SN Thakur,1,0.8362530436144285
1473473,2,0,5,SN Thakur,1,0.5959372779737573
1473473,2,0,6,SN Thakur,1,0.5703625625139053
1473473,2,1,1,Avesh Khan,0,0.02292619231468394
1473473,2,1,2,Avesh Khan,1,0.9479408418011964
1473473,2,1,3,Avesh Khan,1,0.8140640768099817
1473473,2,1,4,Avesh Khan,1,0.560965210855035
1473473,2,1,5,Avesh Khan,1,0.3607328256072737
1473473,2,1,6,Avesh Khan,1,0.5703625625139053
1473473,2,2,1,SN Thakur,1,0.4883061000721983
1473473,2,2,2,SN Thakur,1,0.7666333260012742
1473473,2,2,3,SN Thakur,1,0.6155864724997661
1473473,2,2,4,SN Thakur,1,0.449928533227818
1473473,2,2,5,SN Thakur,1,0.46751697836253714
1473473,2,2,6,SN Thakur,1,0.47668503100920345
1473473,2,3,1,DS Rathi,0,0.0003684904039363364
1473473,2,3,2,DS Rathi,0,0.010450468523276114
1473473,2,3,3,DS Rathi,0,0.002810606957911746
1473473,2,3,4,DS Rathi,0,0.0022137841853656624
1473473,2,3,5,DS Rathi,0,0.004237561854420301
1473473,2,3,6,DS Rathi,0,0.0030588039776841326
1473473,2,4,1,AK Markram,0,0.07285509823030475
1473473,2,4,2,AK Markram,1,0.9541613240017333
1473473,2,4,3,AK Markram,1,0.9770412659593913
1473473,2,4,4,AK Markram,1,0.9382461222791584
1473473,2,4,5,AK Markram,1,0.7717653745691316
1473473,2,4,6,AK Markram,1,0.6750594244435222
1473473,2,5,1,Prince Yadav,0,0.0004939663016650986
1473473,2,5,2,Prince Yadav,0,0.0004645983773462515
1473473,2,5,3,Prince Yadav,0,0.0004846028228949308
1473473,2,5,4,Prince Yadav,0,0.0004933120901747179
1473473,2,5,5,Prince Yadav,0,0.0004933120901747179
1473473,2,5,6,Prince Yadav,0,0.0798039072287395
1473478,1,0,1,DL Chahar,0,0.00028888593813755474
1473478,1,0,2,DL Chahar,0,0.00031010805031734054
1473478,1,0,3,DL Chahar,0,0.004349847553088607
1473478,1,0,4,DL Chahar,0,0.001307164066079392
1473478,1,0,5,DL Chahar,0,0.0008954481715763145
1473478,1,0,6,DL Chahar,0,0.0007030313968556714
1473478,1,0,7,DL Chahar,0,0.00028252022496308725
1473478,1,1,1,TA Boult,0,0.0003584126254844877
1473478,1,1,2,TA Boult,0,0.00035727900070091476
1473478,1,1,3,TA Boult,0,0.0003403040679714679
1473478,1,1,4,TA Boult,0,0.00034419264238582645
1473478,1,1,5,TA Boult,0,0.001824163403717684
1473478,1,1,6,TA Boult,1,0.2363504335642868
1473478,1,2,1,DL Chahar,0,0.00024753166431892203
1473478,1,2,2,DL Chahar,0,0.00024753166431892203
1473478,1,2,3,DL Chahar,0,0.00024753166431892203
1473478,1,2,4,DL Chahar,0,0.00024753166431892203
1473478,1,2,5,DL Chahar,0,0.0002813722272180737
1473478,1,2,6,DL Chahar,0,0.003257155721873026
1473478,1,3,1,TA Boult,1,0.11980299209676573
1473478,1,3,2,TA Boult,0,0.11235623475647205
1473478,1,3,3,TA Boult,0,0.12802164796241142
1473478,1,3,4,TA Boult,0,0.0925367968183417
1473478,1,3,5,TA Boult,0,0.06424291954327942
1473478,1,3,6,TA Boult,0,0.05638765094426962
1473478,1,4,1,DL Chahar,0,0.0024889518220088894
1473478,1,4,2,DL Chahar,0,0.009602864985016066
1473478,1,4,3,DL Chahar,0,0.010547440475106433
1473478,1,4,4,DL Chahar,0,0.023593726910326896
1473478,1,4,5,DL Chahar,0,0.024136907087495885
1473478,1,4,6,DL Chahar,0,0.023957312168705388
1473478,1,5,1,JJ Bumrah,0,0.0003965289994705592
1473478,1,5,2,JJ Bumrah,0,0.008804523952926748
1473478,1,5,3,JJ Bumrah,0,0.0026193720342186926
1473478,1,5,4,JJ Bumrah,0,0.36285141824958184
1473478,1,5,5,JJ Bumrah,0,0.40825712080271187
1473478,1,5,6,JJ Bumrah,0,0.4133006544439081
1473478,2,0,1,PJ Cummins,0,0.00020392389246226498
1473478,2,0,2,PJ Cummins,1,0.7112487375958565
1473478,2,0,3,PJ Cummins,0,0.30391329771740294
1473478,2,0,4,PJ Cummins,0,0.3342096436647926
1473478,2,0,5,PJ Cummins,0,0.2908615999859586
1473478,2,0,6,PJ Cummins,0,0.2526006756150675
1473478,2,1,1,JD Unadkat,0,0.10610302162536392
1473478,2,1,2,JD Unadkat,1,0.8790409008131479
1473478,2,1,3,JD Unadkat,1,0.47112919169134954
1473478,2,1,4,JD Unadkat,0,0.28278502687244517
1473478,2,1,5,JD Unadkat,0,0.10343149799590347
1473478,2,1,6,JD Unadkat,0,0.058592595433751546
1473478,2,2,1,PJ Cummins,0,0.10933502715793576
1473478,2,2,2,PJ Cummins,0,0.36932321407492147
1473478,2,2,3,PJ Cummins,1,0.5804697860528316
1473478,2,2,4,PJ Cummins,1,0.37928787044174006
1473478,2,2,5,PJ Cummins,0,0.37571624645624085
1473478,2,2,6,PJ Cummins,1,0.58568017433129
1473478,2,3,1,JD Unadkat,0,0.28186278655936753
1473478,2,3,2,JD Unadkat,0,0.15286733687065332
1473478,2,3,3,JD Unadkat,0,0.16212695698816362
1473478,2,3,4,JD Unadkat,0,0.1504449225477281
1473478,2,3,5,JD Unadkat,1,0.37491993594573836
1473478,2,3,6,JD Unadkat,1,0.3781845789220907
1473478,2,4,1,HV Patel,0,0.0005610994564962788
1473478,2,4,2,HV Patel,0,0.0005914841002029437
1473478,2,4,3,HV Patel,0,0.003983488534538065
1473478,2,4,4,HV Patel,0,0.001868756469480879
1473478,2,4,5,HV Patel,0,0.007954303315000678
1473478,2,4,6,HV Patel,0,0.004161126118750202
1473478,2,5,1,E Malinga,1,0.9993229656795234
1473478,2,5,2,E Malinga,1,0.9993228966933636
1473478,2,5,3,E Malinga,1,0.9242133868814415
1473478,2,5,4,E Malinga,1,0.7773200283401799
1473478,2,5,5,E Malinga,1,0.7157953700418622
1473478,2,5,6,E Malinga,1,0.5556782684974018
1473483,1,0,1,B Kumar,1,0.9991900387269397
1473483,1,0,2,B Kumar,1,0.9086484609229405
1473483,1,0,3,B Kumar,1,0.7020404795001125
1473483,1,0,4,B Kumar,1,0.6227913067136783
1473483,1,0,5,B Kumar,1,0.4791728235396116
1473483,1,0,6,B Kumar,0,0.4328127099045248
1473483,1,1,1,Yash Dayal,0,0.0006209827574241422
1473483,1,1,2,Yash Dayal,0,0.0006933137731012852
1473483,1,1,3,Yash Dayal,0,0.000704343288772072
1473483,1,1,4,Yash Dayal,0,0.09636152222306418
1473483,1,1,5,Yash Dayal,0,0.04680915918454072
1473483,1,1,6,Yash Dayal,0,0.41991334561505517
1473483,1,2,1,B Kumar,0,0.24872269763804583
1473483,1,2,2,B Kumar,0,0.24872269763804583
1473483,1,2,3,B Kumar,1,0.4370029495938865
1473483,1,2,4,B Kumar,1,0.43008781500928744
1473483,1,2,5,B Kumar,1,0.6124515502068337
1473483,1,2,6,B Kumar,1,0.5431964805891244
1473483,1,3,1,JR Hazlewood,0,0.0009993365398902336
1473483,1,3,2,JR Hazlewood,0,0.052342516684629796
1473483,1,3,3,JR Hazlewood,0,0.14076712428329385
1473483,1,3,4,JR Hazlewood,0,0.08977739251880631
1473483,1,3,5,JR Hazlewood,0,0.036428155023194346
1473483,1,3,6,JR Hazlewood,0,0.357751479939144
1473483,1,4,1,Yash Dayal,0,0.2481898530986986
1473483,1,4,2,Yash Dayal,0,0.5191988209792882
1473483,1,4,3,Yash Dayal,0,0.5309184225299263
1473483,1,4,4,Yash Dayal,0,0.5386465639639905
1473483,1,4,5,Yash Dayal,0,0.44358093049620295
1473483,1,4,6,Yash Dayal,0,0.4846773034438361
1473483,1,4,7,Yash Dayal,0,0.4744461412593239
1473483,1,4,8,Yash Dayal,0,0.4744461412593239
1473483,1,5,1,JR Hazlewood,0,0.35418513171230337
1473483,1,5,2,JR Hazlewood,0,0.318544803949109
1473483,1,5,3,JR Hazlewood,0,0.17355432963317424
1473483,1,5,4,JR Hazlewood,0,0.13288350413239608
1473483,1,5,5,JR Hazlewood,0,0.4915376104239403
1473483,1,5,6,JR Hazlewood,0,0.4564738909044636
1473483,2,0,1,AR Patel,0,0.006765226295286998
1473483,2,0,2,AR Patel,0,0.0040014942031267094
1473483,2,0,3,AR Patel,0,0.00622002481490947
1473483,2,0,4,AR Patel,0,0.004902893805786499
1473483,2,0,5,AR Patel,0,0.00564530706751854
1473483,2,0,6,AR Patel,0,0.006548314332253499
1473483,2,1,1,MA Starc,0,0.0001348709523237026
1473483,2,1,2,MA Starc,0,0.00014051190248698972
1473483,2,1,3,MA Starc,0,0.16324079593274304
1473483,2,1,4,MA Starc,0,0.16787608968353965
1473483,2,1,5,MA Starc,1,0.5766230177078198
1473483,2,1,6,MA Starc,1,0.6591495625146212
1473483,2,2,1,AR Patel,0,0.0058629720723598535
1473483,2,2,2,AR Patel,0,0.006219003120696528
1473483,2,2,3,AR Patel,0,0.006707478559505789
1473483,2,2,4,AR Patel,0,0.007866599237364465
1473483,2,2,5,AR Patel,0,0.00832057860218847
1473483,2,2,6,AR Patel,0,0.007075864008698888
1473483,2,3,1,Mukesh Kumar,1,0.9986684365297407
1473483,2,3,2,Mukesh Kumar,0,0.6623819192383995
1473483,2,3,3,Mukesh Kumar,0,0.21695230278642405
1473483,2,3,4,Mukesh Kumar,0,0.14174176321431084
1473483,2,3,5,Mukesh Kumar,0,0.14439273358744334
1473483,2,3,6,Mukesh Kumar,0,0.0815677355241741
1473483,2,4,1,AR Patel,0,0.01260149404547076
1473483,2,4,2,AR Patel,0,0.012947683861040567
1473483,2,4,3,AR Patel,0,0.010815076262444346
1473483,2,4,4,AR Patel,0,0.011150913119220599
1473483,2,4,5,AR Patel,0,0.009831118000943778
1473483,2,4,6,AR Patel,0,0.01135103324632318
1473483,2,5,1,MA Starc,1,0.787461210640689
1473483,2,5,2,MA Starc,1,0.7332190700891036
1473483,2,5,3,MA Starc,1,0.5718494551867117
1473483,2,5,4,MA Starc,1,0.5637003420365944
1473483,2,5,5,MA Starc,1,0.47685447119859675
1473483,2,5,6,MA Starc,0,0.46419794303635203
1473488,1,0,1,Mohammed Shami,0,0.023747894938250445
1473488,1,0,2,Mohammed Shami,0,0.06780252941938582
1473488,1,0,3,Mohammed Shami,0,0.9323413502244817
1473488,1,0,4,Mohammed Shami,0,0.8487967846520669
1473488,1,0,5,Mohammed Shami,0,0.5661604556411188
1473488,1,0,6,Mohammed Shami,0,0.6023724905093228
1473488,1,1,1,JD Unadkat,0,0.022624363150171207
1473488,1,1,2,JD Unadkat,0,0.008569945973208348
1473488,1,1,3,JD Unadkat,0,0.003039543205538122
1473488,1,1,4,JD Unadkat,0,0.01016854557787514
1473488,1,1,5,JD Unadkat,0,0.025228363535610174
1473488,1,1,6,JD Unadkat,0,0.03526977302250286
1473488,1,2,1,Mohammed Shami,0,0.7702446885400164
1473488,1,2,2,Mohammed Shami,0,0.6365961916799658
1473488,1,2,3,Mohammed Shami,0,0.7855254763344418
1473488,1,2,4,Mohammed Shami,0,0.8145909332901959
1473488,1,2,5,Mohammed Shami,0,0.8094967046582187
1473488,1,2,6,Mohammed Shami,0,0.8559739145232943
1473488,1,3,1,PJ Cummins,1,0.9992436017128261
1473488,1,3,2,PJ Cummins,1,0.9991333225179182
1473488,1,3,3,PJ Cummins,1,0.9525431420495337
1473488,1,3,4,PJ Cummins,1,0.7701045769247303
1473488,1,3,5,PJ Cummins,1,0.8033729161477963
1473488,1,3,6,PJ Cummins,1,0.8163718775933817
1473488,1,3,7,PJ Cummins,1,0.801714857782378
1473488,1,4,1,HV Patel,1,0.999129236768574
1473488,1,4,2,HV Patel,1,0.8945000816866179
1473488,1,4,3,HV Patel,0,0.8261106607370031
1473488,1,4,4,HV Patel,1,0.8572484809035971
1473488,1,4,5,HV Patel,1,0.8126422966612227
1473488,1,4,6,HV Patel,1,0.9094837952378511
1473488,1,5,1,JD Unadkat,0,0.30581121784503285
1473488,1,5,2,JD Unadkat,1,0.5905767227945192
1473488,1,5,3,JD Unadkat,1,0.5311726258789846
1473488,1,5,4,JD Unadkat,1,0.5311726258789846
1473488,1,5,5,JD Unadkat,0,0.538370936612666
1473488,1,5,6,JD Unadkat,0,0.5044677800246059
1473488,2,0,1,Mohammed Siraj,0,0.022351359078736206
1473488,2,0,2,Mohammed Siraj,1,0.9554148732556337
1473488,2,0,3,Mohammed Siraj,1,0.9109331116779162
1473488,2,0,4,Mohammed Siraj,1,0.9657843931062547
1473488,2,0,5,Mohammed Siraj,1,0.968188213365632
1473488,2,0,6,Mohammed Siraj,1,0.9249725537871071
1473488,2,0,7,Mohammed Siraj,1,0.8689826947222251
1473488,2,1,1,I Sharma,0,0.02120388052166357
1473488,2,1,2,I Sharma,0,0.004341906777084574
1473488,2,1,3,I Sharma,0,0.0016302728368087986
1473488,2,1,4,I Sharma,0,0.005024784403305764
1473488,2,1,5,I Sharma,0,0.0023992880746516797
1473488,2,1,6,I Sharma,0,0.2980873281400172
1473488,2,2,1,Mohammed Siraj,1,0.7152722608754094
1473488,2,2,2,Mohammed Siraj,1,0.5985973320116487
1473488,2,2,3,Mohammed Siraj,1,0.635520900492009
1473488,2,2,4,Mohammed Siraj,1,0.825451821656885
1473488,2,2,5,Mohammed Siraj,1,0.6631466859840969
1473488,2,2,6,Mohammed Siraj,1,0.6213955172785369
1473488,2,2,7,Mohammed Siraj,1,0.4645308895559755
1473488,2,3,1,I Sharma,0,0.37200484190957817
1473488,2,3,2,I Sharma,0,0.16884711159710103
1473488,2,3,3,I Sharma,0,0.3734810932700141
1473488,2,3,4,I Sharma,0,0.3219793139073458
1473488,2,3,5,I Sharma,0,0.29169417483559673
1473488,2,3,6,I Sharma,1,0.47912308240166884
1473488,2,3,7,I Sharma,0,0.42235015861662545
1473488,2,4,1,M Prasidh Krishna,0,0.00023872203300022082
1473488,2,4,2,M Prasidh Krishna,1,0.8289007954263501
1473488,2,4,3,M Prasidh Krishna,1,0.46068866061059427
1473488,2,4,4,M Prasidh Krishna,1,0.3781981477799758
1473488,2,4,5,M Prasidh Krishna,1,0.27063992127162145
1473488,2,4,6,M Prasidh Krishna,1,0.14163029741478236
1473488,2,5,1,Mohammed Siraj,1,0.49503756760729634
1473488,2,5,2,Mohammed Siraj,1,0.44620570777101426
1473488,2,5,3,Mohammed Siraj,1,0.5882874691335989
1473488,2,5,4,Mohammed Siraj,1,0.6033054310701421
1473488,2,5,5,Mohammed Siraj,1,0.5078113065064346
1473488,2,5,6,Mohammed Siraj,1,0.5502447247136741
1473493,1,0,1,Mohammed Siraj,0,0.02891578949749792
1473493,1,0,2,Mohammed Siraj,0,0.030027806490564437
1473493,1,0,3,Mohammed Siraj,0,0.00986965736702523
1473493,1,0,4,Mohammed Siraj,0,0.006073983772971161
1473493,1,0,5,Mohammed Siraj,0,0.274150384284002
1473493,1,0,6,Mohammed Siraj,0,0.294365755809978
1473493,1,1,1,Arshad Khan,0,0.0002799279491413449
1473493,1,1,2,Arshad Khan,0,0.008018286019534875
1473493,1,1,3,Arshad Khan,0,0.014341945960084606
1473493,1,1,4,Arshad Khan,0,0.009219020764892158
1473493,1,1,5,Arshad Khan,0,0.023496685303788668
1473493,1,1,6,Arshad Khan,0,0.022615962469346197
1473493,1,2,1,Mohammed Siraj,1,0.574846772757622
1473493,1,2,2,Mohammed Siraj,1,0.7708674591518863
1473493,1,2,3,Mohammed Siraj,1,0.6570500568178532
1473493,1,2,4,Mohammed Siraj,1,0.5955851996819826
1473493,1,2,5,Mohammed Siraj,1,0.6721093995054801
1473493,1,2,6,Mohammed Siraj,1,0.6639582338080069
1473493,1,3,1,Arshad Khan,0,0.015000420204417286
1473493,1,3,2,Arshad Khan,0,0.008386794759265521
1473493,1,3,3,Arshad Khan,0,0.00547024481611058
1473493,1,3,4,Arshad Khan,0,0.006336543079308551
1473493,1,3,5,Arshad Khan,0,0.005587806789208453
1473493,1,3,6,Arshad Khan,0,0.008504591609961866
1473493,1,4,1,M Prasidh Krishna,1,0.9995312533327694
1473493,1,4,2,M Prasidh Krishna,1,0.9995799665104619
1473493,1,4,3,M Prasidh Krishna,1,0.9884564002356755
1473493,1,4,4,M Prasidh Krishna,1,0.9410962338296013
1473493,1,4,5,M Prasidh Krishna,1,0.8442831685245812
1473493,1,4,6,M Prasidh Krishna,1,0.9518226055868809
1473493,1,5,1,Arshad Khan,0,0.01704075264606845
1473493,1,5,2,Arshad Khan,0,0.016700188510943705
1473493,1,5,3,Arshad Khan,0,0.1975567756232705
1473493,1,5,4,Arshad Khan,1,0.3039208419980825
1473493,1,5,5,Arshad Khan,1,0.32751280610790845
1473493,2,0,1,DL Chahar,0,0.00020883122582216404
1473493,2,0,2,DL Chahar,1,0.7776370641457334
1473493,2,0,3,DL Chahar,0,0.5307289775798952
1473493,2,0,4,DL Chahar,0,0.20961965171839264
1473493,2,0,5,DL Chahar,0,0.3495358313336087
1473493,2,0,6,DL Chahar,0,0.15433473785036878
1473493,2,0,7,DL Chahar,0,0.1538872888675744
1473493,2,1,1,TA Boult,0,0.00018177457389688916
1473493,2,1,2,TA Boult,0,0.0001581400481471862
1473493,2,1,3,TA Boult,0,0.0023928243453341614
1473493,2,1,4,TA Boult,0,0.006516050750479321
1473493,2,1,5,TA Boult,0,0.005012297112247641
1473493,2,1,6,TA Boult,0,0.0035854646255883338
1473493,2,2,1,JJ Bumrah,0,0.0012644346045021365
1473493,2,2,2,JJ Bumrah,0,0.008925722086370809
1473493,2,2,3,JJ Bumrah,0,0.008249408864510352
1473493,2,2,4,JJ Bumrah,0,0.005574557193701884
1473493,2,2,5,JJ Bumrah,0,0.014631382698562373
1473493,2,2,6,JJ Bumrah,0,0.0122793578235042
1473493,2,2,7,JJ Bumrah,0,0.007959092399368976
1473493,2,3,1,TA Boult,0,0.005425748653518848
1473493,2,3,2,TA Boult,1,0.17487402726140838
1473493,2,3,3,TA Boult,0,0.07720122809891215
1473493,2,3,4,TA Boult,0,0.08239676267786558
1473493,2,3,5,TA Boult,0,0.08355013582342136
1473493,2,3,6,TA Boult,0,0.05991232259618158
1473493,2,4,1,JJ Bumrah,0,0.008246455234603895
1473493,2,4,2,JJ Bumrah,0,0.0054615298184726045
1473493,2,4,3,JJ Bumrah,0,0.010902821403552872
1473493,2,4,4,JJ Bumrah,0,0.00955948620213585
1473493,2,4,5,JJ Bumrah,0,0.008456117043944783
1473493,2,4,6,JJ Bumrah,0,0.00642351208711991
1473493,2,5,1,TA Boult,1,0.2066612729789364
1473493,2,5,2,TA Boult,1,0.20045955420238054
1473493,2,5,3,TA Boult,1,0.19379918173981464
1473493,2,5,4,TA Boult,1,0.1881497912631803
1473493,2,5,5,TA Boult,1,0.18910381605043128
1473493,2,5,6,TA Boult,1,0.1006831622719007
1473498,1,0,1,Mohammed Siraj,0,0.00046795197361737626
1473498,1,0,2,Mohammed Siraj,0,0.00048751717724454324
1473498,1,0,3,Mohammed Siraj,0,0.0004952744201076009
1473498,1,0,4,Mohammed Siraj,0,0.006405349025262144
1473498,1,0,5,Mohammed Siraj,0,0.4348593235660034
1473498,1,0,6,Mohammed Siraj,0,0.32698937586337
1473498,1,0,7,Mohammed Siraj,0,0.5312085785832725
1473498,1,1,1,Arshad Khan,0,0.0004001824302130765
1473498,1,1,2,Arshad Khan,1,0.011242666482046009
1473498,1,1,3,Arshad Khan,0,0.0030235522845179974
1473498,1,1,4,Arshad Khan,0,0.004376455225759149
1473498,1,1,5,Arshad Khan,0,0.0029310763248298973
1473498,1,1,6,Arshad Khan,0,0.001117511281868821
1473498,1,1,7,Arshad Khan,0,0.011219516065233097
1473498,1,2,1,Mohammed Siraj,0,0.42647038138559323
1473498,1,2,2,Mohammed Siraj,0,0.41928412837430273
1473498,1,2,3,Mohammed Siraj,0,0.38017407145020365
1473498,1,2,4,Mohammed Siraj,0,0.3645229635304088
1473498,1,2,5,Mohammed Siraj,0,0.3894008396871953
1473498,1,2,6,Mohammed Siraj,0,0.35034977431110537
1473498,1,3,1,Arshad Khan,0,0.018922866670527547
1473498,1,3,2,Arshad Khan,0,0.02061661416874039
1473498,1,3,3,Arshad Khan,0,0.01998939983413503
1473498,1,3,4,Arshad Khan,1,0.016211935186854178
1473498,1,3,5,Arshad Khan,1,0.015849905415748457
1473498,1,3,6,Arshad Khan,1,0.014989874632683699
1473498,1,4,1,Mohammed Siraj,0,0.4404598662472957
1473498,1,4,2,Mohammed Siraj,0,0.3947691901275133
1473498,1,4,3,Mohammed Siraj,0,0.4561828767815529
1473498,1,4,4,Mohammed Siraj,0,0.47081732422731365
1473498,1,4,5,Mohammed Siraj,0,0.4283813304992315
1473498,1,4,6,Mohammed Siraj,0,0.43517531486247096
1473498,1,5,1,K Rabada,0,0.0006647127060405117
1473498,1,5,2,K Rabada,1,0.9644704241844317
1473498,1,5,3,K Rabada,0,0.8300936183755789
1473498,1,5,4,K Rabada,0,0.9120508553290012
1473498,1,5,5,K Rabada,1,0.9111307301296616
1473498,1,5,6,K Rabada,1,0.9239846267947655
1473498,2,0,1,AR Patel,0,0.00016638909557327696
1473498,2,0,2,AR Patel,1,0.6153773111231585
1473498,2,0,3,AR Patel,0,0.4673070569558244
1473498,2,0,4,AR Patel,0,0.2145678911419115
1473498,2,0,5,AR Patel,0,0.19371022913034067
1473498,2,0,6,AR Patel,0,0.4459733694480121
1473498,2,1,1,T Natarajan,1,0.9985518071152059
1473498,2,1,2,T Natarajan,1,0.9977912875310535
1473498,2,1,3,T Natarajan,1,0.9972157931613892
1473498,2,1,4,T Natarajan,1,0.8296554666629075
1473498,2,1,5,T Natarajan,1,0.6720043748039873
1473498,2,1,6,T Natarajan,1,0.8376989609676966
1473498,2,2,1,AR Patel,0,0.39198818836913696
1473498,2,2,2,AR Patel,0,0.31690087018167096
1473498,2,2,3,AR Patel,0,0.2587990166332282
1473498,2,2,4,AR Patel,0,0.40553767790656986
1473498,2,2,5,AR Patel,1,0.5258948916635382
1473498,2,2,6,AR Patel,0,0.445984829990801
1473498,2,3,1,Mustafizur Rahman,0,0.00017595684884404291
1473498,2,3,2,Mustafizur Rahman,0,0.0029869081978196777
1473498,2,3,3,Mustafizur Rahman,0,0.006378701540693313
1473498,2,3,4,Mustafizur Rahman,0,0.011281801404851272
1473498,2,3,5,Mustafizur Rahman,0,0.0063095145997915285
1473498,2,3,6,Mustafizur Rahman,0,0.01160861043264615
1473498,2,4,1,PVD Chameera,0,0.00025133747744872375
1473498,2,4,2,PVD Chameera,0,0.005392396049069807
1473498,2,4,3,PVD Chameera,0,0.008034507420246981
1473498,2,4,4,PVD Chameera,0,0.007992192860085817
1473498,2,4,5,PVD Chameera,0,0.009803963610366936
1473498,2,4,6,PVD Chameera,0,0.007557707468677055
1473498,2,5,1,Mustafizur Rahman,0,0.020621918918337617
1473498,2,5,2,Mustafizur Rahman,0,0.016235574690805544
1473498,2,5,3,Mustafizur Rahman,0,0.008614838674530704
1473498,2,5,4,Mustafizur Rahman,0,0.21356083859984396
1473498,2,5,5,Mustafizur Rahman,0,0.2156298635488695
1473498,2,5,6,Mustafizur Rahman,0,0.2090440207809279
1473500,1,0,1,TU Deshpande,0,0.009835490886828965
1473500,1,0,2,TU Deshpande,0,0.008168422607855216
1473500,1,0,3,TU Deshpande,1,0.7728891785279657
1473500,1,0,4,TU Deshpande,1,0.5034858812703342
1473500,1,0,5,TU Deshpande,0,0.25012973088257007
1473500,1,0,6,TU Deshpande,0,0.2394643754249596
1473500,1,1,1,Yudhvir Singh,0,0.008212353123764705
1473500,1,1,2,Yudhvir Singh,1,0.8902860234617831
1473500,1,1,3,Yudhvir Singh,0,0.5780533019883921
1473500,1,1,4,Yudhvir Singh,0,0.32583305684081926
1473500,1,1,5,Yudhvir Singh,0,0.19618030052704616
1473500,1,1,6,Yudhvir Singh,0,0.2276749754818913
1473500,1,2,1,TU Deshpande,0,0.1562092994727469
1473500,1,2,2,TU Deshpande,0,0.12815027706037027
1473500,1,2,3,TU Deshpande,0,0.2467856141468303
1473500,1,2,4,TU Deshpande,0,0.20353278821529186
1473500,1,2,5,TU Deshpande,0,0.24122986245264838
1473500,1,2,6,TU Deshpande,0,0.2522482636683497
1473500,1,3,1,Yudhvir Singh,0,0.26965877617970085
1473500,1,3,2,Yudhvir Singh,0,0.31035984498790337
1473500,1,3,3,Yudhvir Singh,0,0.31349623633627577
1473500,1,3,4,Yudhvir Singh,0,0.47250994431231247
1473500,1,3,5,Yudhvir Singh,0,0.47448258120380865
1473500,1,3,6,Yudhvir Singh,1,0.5566092577709002
1473500,1,3,7,Yudhvir Singh,1,0.6516419946524957
1473500,1,4,1,KT Maphaka,0,0.010243231035737044
1473500,1,4,2,KT Maphaka,0,0.004140524190464745
1473500,1,4,3,KT Maphaka,0,0.6447759433905921
1473500,1,4,4,KT Maphaka,0,0.38704153953235854
1473500,1,4,5,KT Maphaka,0,0.6768755339900214
1473500,1,4,6,KT Maphaka,1,0.6129521258280903
1473500,1,5,1,TU Deshpande,0,0.285232542262186
1473500,1,5,2,TU Deshpande,0,0.29748759711649403
1473500,1,5,3,TU Deshpande,1,0.3865877925315505
1473500,1,5,4,TU Deshpande,1,0.5181638136838121
1473500,1,5,5,TU Deshpande,1,0.42875308997321426
1473500,1,5,6,TU Deshpande,1,0.371658576362682
1473500,2,0,1,KK Ahmed,1,0.9987648294332336
1473500,2,0,2,KK Ahmed,1,0.7140865887368268
1473500,2,0,3,KK Ahmed,0,0.38238089156279476
1473500,2,0,4,KK Ahmed,0,0.23972398660434865
1473500,2,0,5,KK Ahmed,0,0.291538016561207
1473500,2,0,6,KK Ahmed,0,0.19223044652887897
1473500,2,1,1,A Kamboj,0,0.0002541008672429005
1473500,2,1,2,A Kamboj,0,0.00026472726404842345
1473500,2,1,3,A Kamboj,0,0.0002689404872839584
1473500,2,1,4,A Kamboj,1,0.4146998098775636
1473500,2,1,5,A Kamboj,1,0.3480038050615933
1473500,2,1,6,A Kamboj,1,0.3702027100952799
1473500,2,2,1,KK Ahmed,0,0.144866098647148
1473500,2,2,2,KK Ahmed,0,0.3574911238706753
1473500,2,2,3,KK Ahmed,0,0.4030044998232943
1473500,2,2,4,KK Ahmed,0,0.5752764443378335
1473500,2,2,5,KK Ahmed,1,0.6534911590793567
1473500,2,2,6,KK Ahmed,1,0.6201624967528736
1473500,2,3,1,A Kamboj,0,0.2580132865554716
1473500,2,3,2,A Kamboj,0,0.26465256922184016
1473500,2,3,3,A Kamboj,1,0.41950043840262863
1473500,2,3,4,A Kamboj,1,0.4775937725806242
1473500,2,3,5,A Kamboj,1,0.4753943880731586
1473500,2,3,6,A Kamboj,1,0.502383396424335
1473500,2,4,1,KK Ahmed,0,0.5962710394633565
1473500,2,4,2,KK Ahmed,1,0.6215891874398142
1473500,2,4,3,KK Ahmed,1,0.6543414663120126
1473500,2,4,4,KK Ahmed,1,0.5880991941506325
1473500,2,4,5,KK Ahmed,1,0.6480532542819308
1473500,2,5,1,A Kamboj,0,0.43258177156683847
1473500,2,5,2,A Kamboj,0,0.4152089916391806
1473500,2,5,3,A Kamboj,0,0.43600875328850536
1473500,2,5,4,A Kamboj,0,0.46373856568357763
1473500,2,5,5,A Kamboj,0,0.4521917161721959
1527686,1,0,1,DL Chahar,1,0.9989635424952158
1527686,1,0,2,DL Chahar,1,0.9990057017945423
1527686,1,0,3,DL Chahar,1,0.9985989688084849
1527686,1,0,4,DL Chahar,0,0.968199555222807
1527686,1,0,5,DL Chahar,0,0.9636373048858407
1527686,1,1,1,JJ Bumrah,1,0.998984210392777
1527686,1,1,2,JJ Bumrah,1,0.9601051156144131
1527686,1,1,3,JJ Bumrah,1,0.8714546283381861
1527686,1,1,4,JJ Bumrah,1,0.9443452847931374
1527686,1,1,5,JJ Bumrah,1,0.8388855235318322
1527686,1,1,6,JJ Bumrah,1,0.7971169505582149
1527686,1,2,1,TA Boult,1,0.9991267059158497
1527686,1,2,2,TA Boult,1,0.9990113529368627
1527686,1,2,3,TA Boult,1,0.9761038268334382
1527686,1,2,4,TA Boult,1,0.9668446650274541
1527686,1,2,5,TA Boult,1,0.9673476679930114
1527686,1,2,6,TA Boult,1,0.9281247470514875
1527686,1,3,1,HH Pandya,0,0.00022514626839101662
1527686,1,3,2,HH Pandya,0,0.0028218559361769
1527686,1,3,3,HH Pandya,0,0.006518707761014167
1527686,1,3,4,HH Pandya,0,0.00811180094200402
1527686,1,3,5,HH Pandya,0,0.014210928335595112
1527686,1,3,6,HH Pandya,0,0.010251768550627184
1527686,1,4,1,SN Thakur,1,0.9991236256461944
1527686,1,4,2,SN Thakur,1,0.9991673861091681
1527686,1,4,3,SN Thakur,1,0.9801497997647685
1527686,1,4,4,SN Thakur,1,0.9443458044677677
1527686,1,4,5,SN Thakur,1,0.9526164195257777
1527686,1,4,6,SN Thakur,1,0.906475045151622
1527686,1,5,1,AM Ghazanfar,0,0.0007837707252898195
1527686,1,5,2,AM Ghazanfar,0,0.015109271569010076
1527686,1,5,3,AM Ghazanfar,0,0.0483635093631694
1527686,1,5,4,AM Ghazanfar,0,0.04212586288030329
1527686,1,5,5,AM Ghazanfar,0,0.01976797129147965
1527686,1,5,6,AM Ghazanfar,0,0.027136117394810474
1527686,1,5,7,AM Ghazanfar,0,0.5202615435822345
1527686,2,0,1,JC Archer,0,0.012478863876376301
1527686,2,0,2,JC Archer,0,0.013064703389620345
1527686,2,0,3,JC Archer,0,0.015260108140184773
1527686,2,0,4,JC Archer,0,0.02558558639763323
1527686,2,0,5,JC Archer,1,0.5333376857232947
1527686,2,0,6,JC Archer,1,0.55924607761407
1527686,2,1,1,N Burger,0,0.0037563795386992807
1527686,2,1,2,N Burger,1,0.9687082702274505
1527686,2,1,3,N Burger,1,0.9687082702274505
1527686,2,1,4,N Burger,1,0.7928710635610926
1527686,2,1,5,N Burger,1,0.7082734261086475
1527686,2,1,6,N Burger,0,0.3729442313292535
1527686,2,1,7,N Burger,0,0.42644788133994727
1527686,2,2,1,Sandeep Sharma,0,0.0002964234272808726
1527686,2,2,2,Sandeep Sharma,0,0.000275107258764346
1527686,2,2,3,Sandeep Sharma,0,0.00022348025889627052
1527686,2,2,4,Sandeep Sharma,0,0.001138476090817955
1527686,2,2,5,Sandeep Sharma,0,0.0008513651805938753
1527686,2,2,6,Sandeep Sharma,0,0.002220553422798658
1527686,2,2,7,Sandeep Sharma,0,0.004064478570886071
1527686,2,3,1,TU Deshpande,1,0.9995367179472479
1527686,2,3,2,TU Deshpande,1,0.9657288070838725
1527686,2,3,3,TU Deshpande,1,0.9883140677079315
1527686,2,3,4,TU Deshpande,0,0.9273901968781453
1527686,2,3,5,TU Deshpande,0,0.7960631415643147
1527686,2,3,6,TU Deshpande,0,0.773695709849773
1527686,2,4,1,Ravi Bishnoi,0,0.009581897667282745
1527686,2,4,2,Ravi Bishnoi,1,0.9631222366408633
1527686,2,4,3,Ravi Bishnoi,0,0.7500703939196802
1527686,2,4,4,Ravi Bishnoi,0,0.6339587658204809
1527686,2,4,5,Ravi Bishnoi,0,0.8054235683838905
1527686,2,4,6,Ravi Bishnoi,0,0.7657486593548404
1527686,2,5,1,Sandeep Sharma,0,0.0029193899035625604
1527686,2,5,2,Sandeep Sharma,0,0.006115787651808707
1527686,2,5,3,Sandeep Sharma,0,0.13536605958866108
1527686,2,5,4,Sandeep Sharma,0,0.130832262353714
1527686,2,5,5,Sandeep Sharma,0,0.4107615282677385
1527686,2,5,6,Sandeep Sharma,0,0.45501479049805915
1527687,1,0,1,Mukesh Kumar,1,0.9989429182553252
1527687,1,0,2,Mukesh Kumar,1,0.7777243798202418
1527687,1,0,3,Mukesh Kumar,1,0.9280302160008118
1527687,1,0,4,Mukesh Kumar,1,0.7391192074455182
1527687,1,0,5,Mukesh Kumar,0,0.6299705591543141
1527687,1,0,6,Mukesh Kumar,0,0.49319271020826005
1527687,1,1,1,L Ngidi,1,0.998747097113923
1527687,1,1,2,L Ngidi,1,0.7777243798202418
1527687,1,1,3,L Ngidi,1,0.4782621687950706
1527687,1,1,4,L Ngidi,1,0.220105763918943
1527687,1,1,5,L Ngidi,1,0.23789378021100846
1527687,1,1,6,L Ngidi,1,0.2346896654906295
1527687,1,2,1,Mukesh Kumar,0,0.6349419645587568
1527687,1,2,2,Mukesh Kumar,0,0.41037657362268437
1527687,1,2,3,Mukesh Kumar,0,0.31398981357693023
1527687,1,2,4,Mukesh Kumar,0,0.23068881376691786
1527687,1,2,5,Mukesh Kumar,0,0.2717275591427004
1527687,1,2,6,Mukesh Kumar,0,0.3667777020093918
1527687,1,2,7,Mukesh Kumar,0,0.4210355070477107
1527687,1,2,8,Mukesh Kumar,0,0.4051688423828414
1527687,1,3,1,AR Patel,1,0.9990251688327416
1527687,1,3,2,AR Patel,1,0.9985509876774319
1527687,1,3,3,AR Patel,1,0.8791457788212363
1527687,1,3,4,AR Patel,1,0.7810808333685274
1527687,1,3,5,AR Patel,1,0.6808898696340446
1527687,1,3,6,AR Patel,1,0.6500732471031665
1527687,1,4,1,Mukesh Kumar,0,0.49056616158127114
1527687,1,4,2,Mukesh Kumar,0,0.47174516787391135
1527687,1,4,3,Mukesh Kumar,1,0.4326729777989967
1527687,1,4,4,Mukesh Kumar,0,0.43473906643962795
1527687,1,4,5,Mukesh Kumar,1,0.5826460203876025
1527687,1,4,6,Mukesh Kumar,1,0.534154475516901
1527687,1,5,1,L Ngidi,1,0.29177095856087526
1527687,1,5,2,L Ngidi,0,0.24576437780939372
1527687,1,5,3,L Ngidi,1,0.3472267630139206
1527687,1,5,4,L Ngidi,1,0.3576243097200491
1527687,1,5,5,L Ngidi,1,0.36350045799627934
1527687,1,5,6,L Ngidi,1,0.3751287062079942
1527687,2,0,1,Mohammed Siraj,0,0.0003785441872762549
1527687,2,0,2,Mohammed Siraj,0,0.8132215455863214
1527687,2,0,3,Mohammed Siraj,1,0.9408572433874246
1527687,2,0,4,Mohammed Siraj,1,0.8340575587288329
1527687,2,0,5,Mohammed Siraj,0,0.7582598598891496
1527687,2,0,6,Mohammed Siraj,1,0.836309018102817
1527687,2,1,1,K Rabada,0,0.00032371862707695717
1527687,2,1,2,K Rabada,0,0.00033725542866974186
1527687,2,1,3,K Rabada,1,0.4673811623223628
1527687,2,1,4,K Rabada,0,0.524000773182272
1527687,2,1,5,K Rabada,1,0.5961033082972784
1527687,2,1,6,K Rabada,0,0.4245171431523597
1527687,2,1,7,K Rabada,0,0.3787263930197186
1527687,2,2,1,Mohammed Siraj,1,0.782806450631121
1527687,2,2,2,Mohammed Siraj,0,0.6755008503552906
1527687,2,2,3,Mohammed Siraj,0,0.6046344434778337
1527687,2,2,4,Mohammed Siraj,0,0.6757916196170235
1527687,2,2,5,Mohammed Siraj,0,0.6068112601837617
1527687,2,2,6,Mohammed Siraj,0,0.6074053337430181
1527687,2,2,7,Mohammed Siraj,0,0.6032830796612889
1527687,2,3,1,K Rabada,0,0.26978089388914295
1527687,2,3,2,K Rabada,0,0.27966477141466556
1527687,2,3,3,K Rabada,0,0.16904256778795165
1527687,2,3,4,K Rabada,1,0.48096487997293597
1527687,2,3,5,K Rabada,1,0.4406357248423469
1527687,2,3,6,K Rabada,0,0.4439337741232864
1527687,2,4,1,Rashid Khan,0,0.0010349786570825737
1527687,2,4,2,Rashid Khan,0,0.018838904956207082
1527687,2,4,3,Rashid Khan,0,0.023356326481740245
1527687,2,4,4,Rashid Khan,0,0.026285485442651066
1527687,2,4,5,Rashid Khan,0,0.02246362293358662
1527687,2,4,6,Rashid Khan,0,0.022501427924184126
1527687,2,5,1,Ashok Sharma,1,0.9994300961866209
1527687,2,5,2,Ashok Sharma,1,0.9131132365264606
1527687,2,5,3,Ashok Sharma,1,0.9588601819695212
1527687,2,5,4,Ashok Sharma,1,0.9714618594213457
1527687,2,5,5,Ashok Sharma,1,0.9715337031330457
1527687,2,5,6,Ashok Sharma,1,0.9749883192027943
1527689,1,0,1,JC Archer,0,0.00024067082938943797
1527689,1,0,2,JC Archer,0,0.0002091529374207023
1527689,1,0,3,JC Archer,0,0.2974260905155436
1527689,1,0,4,JC Archer,1,0.8335557975185115
1527689,1,0,5,JC Archer,0,0.657039408244459
1527689,1,0,6,JC Archer,1,0.864310631381164
1527689,1,1,1,N Burger,1,0.9992650587511144
1527689,1,1,2,N Burger,1,0.952665711151258
1527689,1,1,3,N Burger,0,0.7034902437751888
1527689,1,1,4,N Burger,1,0.9164482153482353
1527689,1,1,5,N Burger,1,0.9652811578988917
1527689,1,1,6,N Burger,1,0.9084945232877355
1527689,1,1,7,N Burger,1,0.8707284579033637
1527689,1,2,1,JC Archer,1,0.9078831032751866
1527689,1,2,2,JC Archer,1,0.8139709898516932
1527689,1,2,3,JC Archer,1,0.8802431582270935
1527689,1,2,4,JC Archer,1,0.9296024753455737
1527689,1,2,5,JC Archer,1,0.8965325849140278
1527689,1,2,6,JC Archer,1,0.8828067599964947
1527689,1,3,1,Sandeep Sharma,0,0.010419643414609459
1527689,1,3,2,Sandeep Sharma,0,0.006534681932531403
1527689,1,3,3,Sandeep Sharma,0,0.002253292306499658
1527689,1,3,4,Sandeep Sharma,0,0.007351089498766401
1527689,1,3,5,Sandeep Sharma,0,0.31096073675215674
1527689,1,3,6,Sandeep Sharma,0,0.7480658078137634
1527689,1,4,1,Ravi Bishnoi,0,0.0004352015070855498
1527689,1,4,2,Ravi Bishnoi,0,0.0004075121716024616
1527689,1,4,3,Ravi Bishnoi,0,0.0032421516275252583
1527689,1,4,4,Ravi Bishnoi,0,0.008837536775927475
1527689,1,4,5,Ravi Bishnoi,0,0.0033290793931161763
1527689,1,4,6,Ravi Bishnoi,0,0.0023798461560856207
1527689,1,5,1,N Burger,1,0.7253361243646452
1527689,1,5,2,N Burger,1,0.5611313399224425
1527689,1,5,3,N Burger,1,0.5216426730823975
1527689,1,5,4,N Burger,0,0.538019339719262
1527689,1,5,5,N Burger,0,0.49855137930244575
1527689,1,5,6,N Burger,0,0.4924244538181653
1527689,2,0,1,B Kumar,0,0.00016896513167999246
1527689,2,0,2,B Kumar,0,0.002516188643899476
1527689,2,0,3,B Kumar,1,0.7294773683819613
1527689,2,0,4,B Kumar,0,0.30103706005414577
1527689,2,0,5,B Kumar,0,0.14272893635710138
1527689,2,0,6,B Kumar,0,0.6015311229702978
1527689,2,1,1,JR Hazlewood,1,0.9989455168995188
1527689,2,1,2,JR Hazlewood,1,0.9680553478753602
1527689,2,1,3,JR Hazlewood,1,0.7478102737987314
1527689,2,1,4,JR Hazlewood,0,0.5029590674819459
1527689,2,1,5,JR Hazlewood,1,0.7809106669410751
1527689,2,1,6,JR Hazlewood,1,0.6530284183557652
1527689,2,2,1,Abhinandan Singh,0,0.00016996154075721605
1527689,2,2,2,Abhinandan Singh,0,0.8947991842142121
1527689,2,2,3,Abhinandan Singh,0,0.9760122644071602
1527689,2,2,4,Abhinandan Singh,0,0.9081442226523918
1527689,2,2,5,Abhinandan Singh,0,0.7977357584316447
1527689,2,2,6,Abhinandan Singh,0,0.9448512344355643
1527689,2,3,1,JR Hazlewood,0,0.48922867512240903
1527689,2,3,2,JR Hazlewood,0,0.40885878723870805
1527689,2,3,3,JR Hazlewood,1,0.610973414967547
1527689,2,3,4,JR Hazlewood,1,0.6438481976933219
1527689,2,3,5,JR Hazlewood,1,0.7950585212793257
1527689,2,3,6,JR Hazlewood,1,0.9194816153713856
1527689,2,4,1,B Kumar,0,0.5252852699623003
1527689,2,4,2,B Kumar,1,0.7162337791860152
1527689,2,4,3,B Kumar,1,0.8381013298993304
1527689,2,4,4,B Kumar,1,0.749921710243405
1527689,2,4,5,B Kumar,1,0.7350708895794658
1527689,2,4,6,B Kumar,1,0.8279180238782924
1527689,2,5,1,Abhinandan Singh,0,0.9283892082333028
1527689,2,5,2,Abhinandan Singh,1,0.9694433821536442
1527689,2,5,3,Abhinandan Singh,1,0.9846744223210177
1527689,2,5,4,Abhinandan Singh,1,0.9595318244598959
1527689,2,5,5,Abhinandan Singh,1,0.9720201146108937
1527689,2,5,6,Abhinandan Singh,1,0.9874983801628638
1527691,1,0,1,Auqib Nabi,0,0.030635116612948737
1527691,1,0,2,Auqib Nabi,0,0.020569504128594616
1527691,1,0,3,Auqib Nabi,0,0.04242214601909923
1527691,1,0,4,Auqib Nabi,1,0.720639538011612
1527691,1,0,5,Auqib Nabi,1,0.41095086308151535
1527691,1,0,6,Auqib Nabi,1,0.495523532027126
1527691,1,0,7,Auqib Nabi,1,0.4414172060928808
1527691,1,1,1,Mukesh Kumar,0,0.018101074883649704
1527691,1,1,2,Mukesh Kumar,0,0.0031041635318720608
1527691,1,1,3,Mukesh Kumar,0,0.0012639002229849446
1527691,1,1,4,Mukesh Kumar,0,0.003306026931146957
1527691,1,1,5,Mukesh Kumar,0,0.28999881560178825
1527691,1,1,6,Mukesh Kumar,1,0.6136336795622614
1527691,1,2,1,Auqib Nabi,0,0.23735753956905317
1527691,1,2,2,Auqib Nabi,1,0.5438554159078887
1527691,1,2,3,Auqib Nabi,1,0.47188035712477694
1527691,1,2,4,Auqib Nabi,1,0.3924994771925731
1527691,1,2,5,Auqib Nabi,1,0.3371445452175386
1527691,1,3,1,AR Patel,1,0.999559780524489
1527691,1,3,2,AR Patel,1,0.9083331028321903
1527691,1,3,3,AR Patel,1,0.6950900487659514
1527691,1,3,4,AR Patel,1,0.9338219208893502
1527691,1,3,5,AR Patel,1,0.7541809505593382
1527691,1,3,6,AR Patel,1,0.9248692605628457
1527691,1,4,1,T Natarajan,0,0.0003634208470951493
1527691,1,4,2,T Natarajan,0,0.0363125852248574
1527691,1,4,3,T Natarajan,0,0.07584687387734426
1527691,1,4,4,T Natarajan,0,0.0820370160201091
1527691,1,4,5,T Natarajan,0,0.6215938479731445
1527691,1,4,6,T Natarajan,0,0.4835226703220774
1527691,1,5,1,L Ngidi,0,0.034928466492128676
1527691,1,5,2,L Ngidi,1,0.9641580730206348
1527691,1,5,3,L Ngidi,1,0.8667252495577455
1527691,1,5,4,L Ngidi,1,0.7162773594119515
1527691,1,5,5,L Ngidi,1,0.9096684681094591
1527691,1,5,6,L Ngidi,1,0.8485137285682812
1527691,2,0,1,AJ Hosein,0,0.0006420435682870536
1527691,2,0,2,AJ Hosein,1,0.999466858801477
1527691,2,0,3,AJ Hosein,1,0.957471302309894
1527691,2,0,4,AJ Hosein,1,0.7716221312189414
1527691,2,0,5,AJ Hosein,1,0.9124573975274238
1527691,2,0,6,AJ Hosein,1,0.6977944133206622
1527691,2,0,7,AJ Hosein,0,0.591353081425739
1527691,2,0,8,AJ Hosein,0,0.4602402172035328
1527691,2,1,1,KK Ahmed,0,0.018774578289051224
1527691,2,1,2,KK Ahmed,1,0.9854135967628737
1527691,2,1,3,KK Ahmed,1,0.9175492723748052
1527691,2,1,4,KK Ahmed,1,0.9730582450894862
1527691,2,1,5,KK Ahmed,1,0.9741084095842794
1527691,2,1,6,KK Ahmed,1,0.9633437489575334
1527691,2,2,1,AJ Hosein,0,0.2932129579830987
1527691,2,2,2,AJ Hosein,0,0.6173998788846372
1527691,2,2,3,AJ Hosein,1,0.8113726434258774
1527691,2,2,4,AJ Hosein,1,0.7494501564143483
1527691,2,2,5,AJ Hosein,1,0.6720755530135971
1527691,2,3,1,A Kamboj,1,0.9995894208486045
1527691,2,3,2,A Kamboj,1,0.9097934632803817
1527691,2,3,3,A Kamboj,1,0.7810681500226473
1527691,2,3,4,A Kamboj,1,0.9684851157574769
1527691,2,3,5,A Kamboj,1,0.9764898572186472
1527691,2,3,6,A Kamboj,1,0.9639112926896795
1527691,2,4,1,KK Ahmed,1,0.9006239042094164
1527691,2,4,2,KK Ahmed,1,0.8831171331850651
1527691,2,4,3,KK Ahmed,1,0.8766577019740397
1527691,2,4,4,KK Ahmed,1,0.8929152619553291
1527691,2,4,5,KK Ahmed,1,0.8827438429354195
1527691,2,4,6,KK Ahmed,0,0.8427235213965495
1527691,2,5,1,A Kamboj,1,0.9098090794013576
1527691,2,5,2,A Kamboj,1,0.8465755445535431
1527691,2,5,3,A Kamboj,1,0.7676026604211081
1527691,2,5,4,A Kamboj,1,0.8539555930734816
1527691,2,5,5,A Kamboj,1,0.7781392963537245
1527691,2,5,6,A Kamboj,1,0.7676816328521728
1529270,1,0,1,MW Short,0,0.00018118921374937655
1529270,1,0,2,MW Short,0,0.008268176806519265
1529270,1,0,3,MW Short,0,0.002583083665505066
1529270,1,0,4,MW Short,0,0.00835770447175967
1529270,1,0,5,MW Short,0,0.015346307979570368
1529270,1,0,6,MW Short,0,0.032059885078643796
1529270,1,0,7,MW Short,0,0.02757975590835872
1529270,1,1,1,Mukesh Choudhary,1,0.9991588340121019
1529270,1,1,2,Mukesh Choudhary,1,0.8956985934239995
1529270,1,1,3,Mukesh Choudhary,1,0.6765936509869195
1529270,1,1,4,Mukesh Choudhary,0,0.5056853969738567
1529270,1,1,5,Mukesh Choudhary,0,0.349768656815135
1529270,1,1,6,Mukesh Choudhary,0,0.3360317290374014
1529270,1,2,1,MW Short,0,0.028872461191728916
1529270,1,2,2,MW Short,0,0.20579634601196903
1529270,1,2,3,MW Short,0,0.18544217314915565
1529270,1,2,4,MW Short,0,0.15746134389854755
1529270,1,2,5,MW Short,0,0.1427147814171458
1529270,1,2,6,MW Short,0,0.14709715640879162
1529270,1,3,1,A Kamboj,1,0.9993036384772466
1529270,1,3,2,A Kamboj,1,0.9334861264742815
1529270,1,3,3,A Kamboj,1,0.6194557414312679
1529270,1,3,4,A Kamboj,1,0.461567134115242
1529270,1,3,5,A Kamboj,1,0.684136245452816
1529270,1,3,6,A Kamboj,1,0.7391565456412825
1529270,1,4,1,MW Short,0,0.07525294021481276
1529270,1,4,2,MW Short,0,0.17932585074857768
1529270,1,4,3,MW Short,0,0.30717648198217484
1529270,1,4,4,MW Short,0,0.26770723466097546
1529270,1,4,5,MW Short,0,0.26228739089204767
1529270,1,5,1,Mukesh Choudhary,0,0.3408026405646222
1529270,1,5,2,Mukesh Choudhary,0,0.3488367372978885
1529270,1,5,3,Mukesh Choudhary,1,0.41471001507842203
1529270,1,5,4,Mukesh Choudhary,1,0.4932785056220089
1529270,1,5,5,Mukesh Choudhary,1,0.4556920757130852
1529270,2,0,1,PP Hinge,1,0.9992965191306536
1529270,2,0,2,PP Hinge,1,0.9380303770566607
1529270,2,0,3,PP Hinge,0,0.6705570001482372
1529270,2,0,4,PP Hinge,0,0.3671064499271391
1529270,2,0,5,PP Hinge,0,0.636353585118597
1529270,2,0,6,PP Hinge,1,0.81939651101283
1529270,2,1,1,Nithish Kumar Reddy,0,0.00022484295289585245
1529270,2,1,2,Nithish Kumar Reddy,0,0.00024136148105874982
1529270,2,1,3,Nithish Kumar Reddy,0,0.00024520292122651085
1529270,2,1,4,Nithish Kumar Reddy,0,0.00024520292122651085
1529270,2,1,5,Nithish Kumar Reddy,0,0.01626923214628114
1529270,2,1,6,Nithish Kumar Reddy,0,0.0490598266768776
1529270,2,1,7,Nithish Kumar Reddy,1,0.16351255612947044
1529270,2,2,1,PP Hinge,1,0.8313761459811827
1529270,2,2,2,PP Hinge,1,0.8070028017322994
1529270,2,2,3,PP Hinge,1,0.7997419275691663
1529270,2,2,4,PP Hinge,1,0.8334176581247938
1529270,2,2,5,PP Hinge,1,0.8310111407590421
1529270,2,2,6,PP Hinge,1,0.6952378337840404
1529270,2,2,7,PP Hinge,1,0.6913384933291707
1529270,2,2,8,PP Hinge,1,0.8468740350206656
1529270,2,3,1,Sakib Hussain,0,0.004913610565974046
1529270,2,3,2,Sakib Hussain,0,0.05548848700203314
1529270,2,3,3,Sakib Hussain,0,0.06216107931651282
1529270,2,3,4,Sakib Hussain,0,0.11613575444252774
1529270,2,3,5,Sakib Hussain,0,0.11384757970234716
1529270,2,3,6,Sakib Hussain,0,0.15583200634595393
1529270,2,3,7,Sakib Hussain,0,0.1128256128532954
1529270,2,3,8,Sakib Hussain,1,0.28311445778294314
1529270,2,4,1,Nithish Kumar Reddy,1,0.2392163831144398
1529270,2,4,2,Nithish Kumar Reddy,1,0.1377048158977206
1529270,2,4,3,Nithish Kumar Reddy,1,0.1482146808780312
1529270,2,4,4,Nithish Kumar Reddy,1,0.13009631827834844
1529270,2,4,5,Nithish Kumar Reddy,1,0.1606966845953251
1529270,2,4,6,Nithish Kumar Reddy,0,0.14670523366589067
1529270,2,4,7,Nithish Kumar Reddy,0,0.13997228281678267
1529270,2,5,1,E Malinga,0,0.00036170324884663075
1529270,2,5,2,E Malinga,0,0.07863831957531132
1529270,2,5,3,E Malinga,0,0.07590529744972804
1529270,2,5,4,E Malinga,0,0.1354439946467814
1529270,2,5,5,E Malinga,1,0.6010737943427532
1529270,2,5,6,E Malinga,1,0.39768962390967905
1529270,2,5,7,E Malinga,1,0.3664149371342143
1529275,1,0,1,Mohammed Shami,0,0.003450783000133331
1529275,1,0,2,Mohammed Shami,0,0.010652802761251193
1529275,1,0,3,Mohammed Shami,0,0.0023793698601506518
1529275,1,0,4,Mohammed Shami,0,0.011049788746647143
1529275,1,0,5,Mohammed Shami,0,0.0038609401142839323
1529275,1,0,6,Mohammed Shami,1,0.2873085611618153
1529275,1,0,7,Mohammed Shami,0,0.2479166106042167
1529275,1,0,8,Mohammed Shami,0,0.25706780471144874
1529275,1,1,1,Prince Yadav,1,0.9992029558905364
1529275,1,1,2,Prince Yadav,1,0.9987581725050005
1529275,1,1,3,Prince Yadav,1,0.9990887650110216
1529275,1,1,4,Prince Yadav,1,0.9733343004291942
1529275,1,1,5,Prince Yadav,1,0.8867539563732488
1529275,1,1,6,Prince Yadav,1,0.8111575353246144
1529275,1,2,1,Mohammed Shami,0,0.15459824518586157
1529275,1,2,2,Mohammed Shami,1,0.2076275488579145
1529275,1,2,3,Mohammed Shami,1,0.35112863740876127
1529275,1,2,4,Mohammed Shami,1,0.4426433772378583
1529275,1,2,5,Mohammed Shami,1,0.36407465748449463
1529275,1,2,6,Mohammed Shami,1,0.26508200220177497
1529275,1,3,1,Mohsin Khan,0,0.0002998335198255588
1529275,1,3,2,Mohsin Khan,0,0.0003073960637724092
1529275,1,3,3,Mohsin Khan,0,0.000312288163145519
1529275,1,3,4,Mohsin Khan,0,0.0003116990843762004
1529275,1,3,5,Mohsin Khan,0,0.0003116990843762004
1529275,1,3,6,Mohsin Khan,0,0.0003060202787827013
1529275,1,4,1,Mohammed Shami,1,0.4244605420679087
1529275,1,4,2,Mohammed Shami,1,0.5349786679887976
1529275,1,4,3,Mohammed Shami,1,0.4694063458881153
1529275,1,4,4,Mohammed Shami,1,0.3506129231390283
1529275,1,4,5,Mohammed Shami,1,0.3812197629729279
1529275,1,4,6,Mohammed Shami,1,0.38664468923441137
1529275,1,4,7,Mohammed Shami,1,0.4136437809778248
1529275,1,5,1,Mohsin Khan,0,0.00035344832069340263
1529275,1,5,2,Mohsin Khan,0,0.00041537132892427274
1529275,1,5,3,Mohsin Khan,0,0.04758538954113106
1529275,1,5,4,Mohsin Khan,0,0.03433195773339741
1529275,1,5,5,Mohsin Khan,0,0.060175288799025284
1529275,1,5,6,Mohsin Khan,0,0.08240953177779613
1529275,2,0,1,JC Archer,0,0.00031206269839182505
1529275,2,0,2,JC Archer,0,0.00035099366790429016
1529275,2,0,3,JC Archer,1,0.3621815844333193
1529275,2,0,4,JC Archer,1,0.8770679474565531
1529275,2,0,5,JC Archer,1,0.697105321781051
1529275,2,0,6,JC Archer,1,0.3124991117710535
1529275,2,1,1,N Burger,0,0.03135114042708208
1529275,2,1,2,N Burger,0,0.024714743607414335
1529275,2,1,3,N Burger,0,0.019454928142085513
1529275,2,1,4,N Burger,0,0.010011459715772175
1529275,2,1,5,N Burger,0,0.006929718341160326
1529275,2,1,6,N Burger,0,0.0009346566817435578
1529275,2,2,1,JC Archer,1,0.3200237556227038
1529275,2,2,2,JC Archer,1,0.3031281600001091
1529275,2,2,3,JC Archer,1,0.249641814491215
1529275,2,2,4,JC Archer,1,0.24147761955644878
1529275,2,2,5,JC Archer,1,0.25065025030954863
1529275,2,2,6,JC Archer,1,0.27572381298691256
1529275,2,2,7,JC Archer,1,0.32265743840722627
1529275,2,3,1,N Burger,0,0.0005035266615822236
1529275,2,3,2,N Burger,0,0.03502341216160892
1529275,2,3,3,N Burger,0,0.027221114035725875
1529275,2,3,4,N Burger,0,0.034321534972110476
1529275,2,3,5,N Burger,0,0.034002654854343214
1529275,2,3,6,N Burger,0,0.028108308813223286
1529275,2,4,1,JC Archer,1,0.3238328999061488
1529275,2,4,2,JC Archer,1,0.29840294191889616
1529275,2,4,3,JC Archer,1,0.2859015891454955
1529275,2,4,4,JC Archer,1,0.27168413519317
1529275,2,4,5,JC Archer,1,0.23894635272276005
1529275,2,4,6,JC Archer,1,0.17885232923021196
1529275,2,5,1,N Burger,0,0.02106388566441578
1529275,2,5,2,N Burger,0,0.028176889397936476
1529275,2,5,3,N Burger,0,0.030581243464842124
1529275,2,5,4,N Burger,0,0.1702562449812347
1529275,2,5,5,N Burger,0,0.1517712857937788
1529275,2,5,6,N Burger,0,0.11290638481943917
1529276,1,0,1,JJ Bumrah,0,0.0006003637545506633
1529276,1,0,2,JJ Bumrah,0,0.023846867762851113
1529276,1,0,3,JJ Bumrah,0,0.009253462301552332
1529276,1,0,4,JJ Bumrah,0,0.005001348185788237
1529276,1,0,5,JJ Bumrah,0,0.003598194860727105
1529276,1,0,6,JJ Bumrah,0,0.15381619643645683
1529276,1,0,7,JJ Bumrah,0,0.10777889324661222
1529276,1,1,1,HH Pandya,0,0.028296291211008434
1529276,1,1,2,HH Pandya,0,0.02605346617342591
1529276,1,1,3,HH Pandya,0,0.9587794352439813
1529276,1,1,4,HH Pandya,0,0.9458013306741689
1529276,1,1,5,HH Pandya,1,0.9799177850794559
1529276,1,1,6,HH Pandya,1,0.9824053686543822
1529276,1,1,7,HH Pandya,1,0.927287886638713
1529276,1,1,8,HH Pandya,0,0.9463951181206399
1529276,1,2,1,AM Ghazanfar,0,0.000859897928601202
1529276,1,2,2,AM Ghazanfar,1,0.7825618827566349
1529276,1,2,3,AM Ghazanfar,1,0.48470864744471426
1529276,1,2,4,AM Ghazanfar,1,0.32246660877559163
1529276,1,2,5,AM Ghazanfar,1,0.18879961079476132
1529276,1,2,6,AM Ghazanfar,0,0.15470100308621335
1529276,1,3,1,HH Pandya,0,0.8719241444953232
1529276,1,3,2,HH Pandya,0,0.6886489664590087
1529276,1,3,3,HH Pandya,0,0.7725253643186074
1529276,1,3,4,HH Pandya,0,0.9339711327905185
1529276,1,3,5,HH Pandya,0,0.9292952296324541
1529276,1,3,6,HH Pandya,0,0.9292952296324541
1529276,1,4,1,JJ Bumrah,1,0.2662529077299884
1529276,1,4,2,JJ Bumrah,1,0.2340133701253335
1529276,1,4,3,JJ Bumrah,1,0.47814427986692043
1529276,1,4,4,JJ Bumrah,1,0.4488700098146389
1529276,1,4,5,JJ Bumrah,1,0.3343273176914626
1529276,1,4,6,JJ Bumrah,1,0.31162739269512346
1529276,1,5,1,MJ Santner,1,0.9993658358646416
1529276,1,5,2,MJ Santner,1,0.9993783243305511
1529276,1,5,3,MJ Santner,1,0.9612434123527568
1529276,1,5,4,MJ Santner,1,0.7862957573445418
1529276,1,5,5,MJ Santner,0,0.49074320212834177
1529276,1,5,6,MJ Santner,0,0.31233771425332474
1529276,2,0,1,AJ Hosein,0,0.0002439243510653602
1529276,2,0,2,AJ Hosein,1,0.9670620445203992
1529276,2,0,3,AJ Hosein,1,0.6596141028455972
1529276,2,0,4,AJ Hosein,1,0.37518092744279125
1529276,2,0,5,AJ Hosein,1,0.3108894350240186
1529276,2,0,6,AJ Hosein,1,0.3442603085380197
1529276,2,1,1,Mukesh Choudhary,0,0.00023129826316374685
1529276,2,1,2,Mukesh Choudhary,0,0.0002290421069722552
1529276,2,1,3,Mukesh Choudhary,0,0.0002326875211467419
1529276,2,1,4,Mukesh Choudhary,0,0.0002326875211467419
1529276,2,1,5,Mukesh Choudhary,0,0.00020588363325345886
1529276,2,1,6,Mukesh Choudhary,0,0.047088678053008225
1529276,2,2,1,AJ Hosein,1,0.2588203485880851
1529276,2,2,2,AJ Hosein,1,0.1617661602536011
1529276,2,2,3,AJ Hosein,1,0.1042673430276068
1529276,2,2,4,AJ Hosein,0,0.08237905562018086
1529276,2,2,5,AJ Hosein,0,0.04174095406530042
1529276,2,2,6,AJ Hosein,0,0.0342078522009164
1529276,2,3,1,Mukesh Choudhary,0,0.07695144433034867
1529276,2,3,2,Mukesh Choudhary,0,0.04630029521134993
1529276,2,3,3,Mukesh Choudhary,0,0.05167446554871843
1529276,2,3,4,Mukesh Choudhary,0,0.04211697601830471
1529276,2,3,5,Mukesh Choudhary,0,0.24699611689746992
1529276,2,3,6,Mukesh Choudhary,0,0.2019212819216352
1529276,2,4,1,A Kamboj,0,0.015500108743600801
1529276,2,4,2,A Kamboj,0,0.013839094955720227
1529276,2,4,3,A Kamboj,1,0.713111643666242
1529276,2,4,4,A Kamboj,1,0.5579734979337144
1529276,2,4,5,A Kamboj,1,0.351782920896947
1529276,2,4,6,A Kamboj,1,0.26984102451354136
1529276,2,5,1,Mukesh Choudhary,0,0.2087446624992915
1529276,2,5,2,Mukesh Choudhary,0,0.1191292166969827
1529276,2,5,3,Mukesh Choudhary,0,0.1705313051467954
1529276,2,5,4,Mukesh Choudhary,0,0.16086712736844874
1529276,2,5,5,Mukesh Choudhary,0,0.126414130487795
1529276,2,5,6,Mukesh Choudhary,0,0.1570616138689992
1529276,2,5,7,Mukesh Choudhary,0,0.24208246255305899
1529276,2,5,8,Mukesh Choudhary,0,0.17924107802265893
1529285,1,0,1,Mohammed Siraj,0,0.00016359796829464268
1529285,1,0,2,Mohammed Siraj,0,0.004136520394325137
1529285,1,0,3,Mohammed Siraj,0,0.0023147289003666786
1529285,1,0,4,Mohammed Siraj,0,0.004672734280349195
1529285,1,0,5,Mohammed Siraj,0,0.002232244917840178
1529285,1,0,6,Mohammed Siraj,0,0.15038333630216758
1529285,1,1,1,K Rabada,1,0.999346258234198
1529285,1,1,2,K Rabada,1,0.9992967816409588
1529285,1,1,3,K Rabada,1,0.9990389336447272
1529285,1,1,4,K Rabada,1,0.9990166486127294
1529285,1,1,5,K Rabada,1,0.9988236916405132
1529285,1,1,6,K Rabada,1,0.9797385685012762
1529285,1,2,1,Mohammed Siraj,0,0.06759463932956328
1529285,1,2,2,Mohammed Siraj,0,0.24750801912667159
1529285,1,2,3,Mohammed Siraj,0,0.17395634785517286
1529285,1,2,4,Mohammed Siraj,0,0.10946042251928702
1529285,1,2,5,Mohammed Siraj,0,0.11620498118165012
1529285,1,2,6,Mohammed Siraj,0,0.12576270023774894
1529285,1,3,1,K Rabada,1,0.982152701990622
1529285,1,3,2,K Rabada,1,0.972373484705526
1529285,1,3,3,K Rabada,1,0.8886468807470186
1529285,1,3,4,K Rabada,1,0.7357633856795737
1529285,1,3,5,K Rabada,1,0.7759818590920704
1529285,1,3,6,K Rabada,1,0.7052854163148474
1529285,1,3,7,K Rabada,1,0.7137256188843655
1529285,1,4,1,Mohammed Siraj,0,0.059061468896055055
1529285,1,4,2,Mohammed Siraj,0,0.13664654550889366
1529285,1,4,3,Mohammed Siraj,0,0.2142965896652592
1529285,1,4,4,Mohammed Siraj,0,0.17762125630185058
1529285,1,4,5,Mohammed Siraj,0,0.14929191834488872
1529285,1,4,6,Mohammed Siraj,0,0.2264631693614739
1529285,1,5,1,K Rabada,1,0.6725385475729685
1529285,1,5,2,K Rabada,1,0.6274797052062104
1529285,1,5,3,K Rabada,1,0.621856508814156
1529285,1,5,4,K Rabada,1,0.4601914227807458
1529285,1,5,5,K Rabada,0,0.5128052942904601
1529285,1,5,6,K Rabada,0,0.517504852821053
1529285,2,0,1,B Kumar,0,0.015312438704808517
1529285,2,0,2,B Kumar,1,0.918945283923399
1529285,2,0,3,B Kumar,1,0.9768226575072613
1529285,2,0,4,B Kumar,1,0.9370089143862873
1529285,2,0,5,B Kumar,1,0.8064368661573227
1529285,2,0,6,B Kumar,1,0.7403898600368479
1529285,2,1,1,JR Hazlewood,1,0.9991608709143042
1529285,2,1,2,JR Hazlewood,1,0.9989866597777666
1529285,2,1,3,JR Hazlewood,1,0.9558995692921215
1529285,2,1,4,JR Hazlewood,1,0.9620822389965519
1529285,2,1,5,JR Hazlewood,1,0.9537873529669126
1529285,2,1,6,JR Hazlewood,1,0.9618147266648029
1529285,2,2,1,B Kumar,1,0.8053090600042236
1529285,2,2,2,B Kumar,1,0.7260336107955676
1529285,2,2,3,B Kumar,1,0.6679619346585478
1529285,2,2,4,B Kumar,1,0.5930036731571229
1529285,2,2,5,B Kumar,1,0.514435426197655
1529285,2,2,6,B Kumar,1,0.44727019649282196
1529285,2,3,1,JR Hazlewood,1,0.9632207198178544
1529285,2,3,2,JR Hazlewood,1,0.970560028271423
1529285,2,3,3,JR Hazlewood,1,0.9706717071023522
1529285,2,3,4,JR Hazlewood,1,0.923962730788286
1529285,2,3,5,JR Hazlewood,1,0.929628211925608
1529285,2,3,6,JR Hazlewood,1,0.9457142338389664
1529285,2,4,1,B Kumar,1,0.37945218650933044
1529285,2,4,2,B Kumar,1,0.3463333184374576
1529285,2,4,3,B Kumar,1,0.3347908782726529
1529285,2,4,4,B Kumar,1,0.39284025343401635
1529285,2,4,5,B Kumar,1,0.39284025343401635
1529285,2,4,6,B Kumar,0,0.5082569903804738
1529285,2,5,1,JR Hazlewood,1,0.9501279405538456
1529285,2,5,2,JR Hazlewood,1,0.9253997544679199
1529285,2,5,3,JR Hazlewood,1,0.8968948554787917
1529285,2,5,4,JR Hazlewood,1,0.8173470901688193
1529285,2,5,5,JR Hazlewood,1,0.9256237135039509
1529285,2,5,6,JR Hazlewood,1,0.9612627475263867
