match_id,innings,over,ball_in_over,b15_actual_remaining,b15_predicted_remaining
335983,1,15,1,79,65.496994
335983,1,15,2,73,61.252857
335983,1,15,3,73,63.386345
335983,1,15,4,73,59.426014
335983,1,15,5,73,51.839993
335983,1,15,6,72,45.789566
335983,1,16,1,71,43.445225
335983,1,16,2,70,38.8992
335983,1,16,3,69,39.75915
335983,1,16,4,63,39.31467
335983,1,16,5,59,36.299557
335983,1,16,6,58,34.550602
335983,1,17,1,57,33.55847
335983,1,17,2,57,30.03353
335983,1,17,3,53,27.753586
335983,1,17,4,52,24.921762
335983,1,17,5,50,25.15183
335983,1,17,6,44,27.206379
335983,1,18,1,40,25.814285
335983,1,18,2,36,24.102512
335983,1,18,3,35,20.365038
335983,1,18,4,34,18.776352
335983,1,18,5,33,18.307941
335983,1,18,6,27,15.71198
335983,1,19,1,25,15.7964115
335983,1,19,2,19,15.097506
335983,1,19,3,13,13.716054
335983,1,19,4,9,11.2027445
335983,1,19,5,8,9.954491
335983,1,19,6,2,6.996253
335983,2,15,1,42,46.359173
335983,2,15,2,40,45.9333
335983,2,15,3,39,45.57901
335983,2,15,4,35,42.794777
335983,2,15,5,34,42.694286
335983,2,15,6,33,39.439915
335983,2,16,1,31,40.472645
335983,2,16,2,30,39.787773
335983,2,16,3,29,38.220436
335983,2,16,4,28,35.79802
335983,2,16,5,24,34.410423
335983,2,16,6,23,37.07463
335983,2,17,1,21,33.749836
335983,2,17,2,20,31.540947
335983,2,17,3,19,28.926899
335983,2,17,4,17,24.608456
335983,2,17,5,17,22.935648
335983,2,17,6,16,21.726698
335983,2,18,1,16,20.305763
335983,2,18,2,15,19.132221
335983,2,18,3,14,16.086609
335983,2,18,4,13,15.556532
335983,2,18,5,12,14.734695
335983,2,18,6,10,13.289906
335983,2,19,1,9,10.694603
335983,2,19,2,8,9.677699
335983,2,19,3,7,8.160925
335983,2,19,4,7,5.584421
335983,2,19,5,1,4.5089517
335983,2,19,6,0,2.665112
335990,1,15,1,66,55.481205
335990,1,15,2,65,57.203712
335990,1,15,3,61,53.19533
335990,1,15,4,60,49.59254
335990,1,15,5,56,43.5623
335990,1,15,6,55,41.559998
335990,1,16,1,54,38.4696
335990,1,16,2,53,39.283424
335990,1,16,3,49,36.817036
335990,1,16,4,45,36.77767
335990,1,16,5,43,33.301968
335990,1,16,6,43,33.098465
335990,1,17,1,43,29.308687
335990,1,17,2,37,30.063147
335990,1,17,3,36,28.48323
335990,1,17,4,35,28.279797
335990,1,17,5,29,24.89949
335990,1,17,6,28,24.73527
335990,1,18,1,28,22.246271
335990,1,18,2,24,20.295116
335990,1,18,3,23,21.278387
335990,1,18,4,19,17.076626
335990,1,18,5,18,15.665905
335990,1,18,6,17,15.267125
335990,1,18,7,16,14.401054
335990,1,18,8,15,15.71783
335990,1,19,1,11,12.457455
335990,1,19,2,11,9.534659
335990,1,19,3,10,8.401596
335990,1,19,4,6,7.96379
335990,1,19,5,2,5.9998593
335990,1,19,6,2,3.084227
335990,1,19,7,0,2.46095
335990,2,15,1,58,59.02363
335990,2,15,2,57,61.669178
335990,2,15,3,56,60.759365
335990,2,15,4,50,60.433743
335990,2,15,5,46,52.672615
335990,2,15,6,45,45.594875
335990,2,16,1,41,43.631313
335990,2,16,2,37,42.683613
335990,2,16,3,36,37.856277
335990,2,16,4,35,35.797367
335990,2,16,5,34,35.833916
335990,2,16,6,33,34.67058
335990,2,17,1,31,26.766937
335990,2,17,2,31,24.502216
335990,2,17,3,30,21.664032
335990,2,17,4,30,21.610432
335990,2,17,5,29,21.091799
335990,2,17,6,29,18.51905
335990,2,17,7,29,20.589367
335990,2,18,1,25,20.369326
335990,2,18,2,24,19.323023
335990,2,18,3,22,17.768618
335990,2,18,4,22,15.723376
335990,2,18,5,21,13.576877
335990,2,18,6,21,10.924834
335990,2,18,7,20,11.775157
335990,2,19,1,19,6.0582933
335990,2,19,2,17,7.2311664
335990,2,19,3,16,5.0661616
335990,2,19,4,12,5.717388
335990,2,19,5,6,6.8723993
335995,1,15,1,51,46.28988
335995,1,15,2,50,43.76595
335995,1,15,3,48,44.249893
335995,1,15,4,47,41.089993
335995,1,15,5,41,41.08545
335995,1,15,6,37,37.81367
335995,1,16,1,36,38.492996
335995,1,16,2,35,37.72069
335995,1,16,3,34,37.85264
335995,1,16,4,33,33.290127
335995,1,16,5,33,31.396126
335995,1,16,6,32,28.536646
335995,1,16,7,31,29.355759
335995,1,17,1,30,26.594297
335995,1,17,2,28,26.090984
335995,1,17,3,27,27.917408
335995,1,17,4,23,27.03358
335995,1,17,5,19,22.557024
335995,1,17,6,19,21.730778
335995,1,18,1,19,21.30237
335995,1,18,2,17,19.372677
335995,1,18,3,16,17.47706
335995,1,18,4,12,15.345684
335995,1,18,5,11,14.414059
335995,1,18,6,10,13.197033
335995,1,19,1,6,10.79238
335995,1,19,2,5,8.819932
335995,1,19,3,3,6.0858793
335995,1,19,4,3,5.0088344
335995,1,19,5,2,4.82804
335995,1,19,6,1,1.9113896
335995,2,15,1,39,49.338882
335995,2,15,2,38,49.96071
335995,2,15,3,37,48.544132
335995,2,15,4,31,48.624634
335995,2,15,5,30,45.155235
335995,2,15,6,30,47.72332
335995,2,16,1,29,45.73435
335995,2,16,2,26,45.133945
335995,2,16,3,22,38.860115
335995,2,16,4,21,33.420685
335995,2,16,5,21,33.02834
335995,2,16,6,21,31.435144
335995,2,17,1,20,30.17293
335995,2,17,2,16,26.993816
335995,2,17,3,15,25.118252
335995,2,17,4,14,23.75516
335995,2,17,5,12,22.68732
335995,2,17,6,11,21.336094
335995,2,17,7,7,21.942335
335995,2,18,1,7,18.73961
335995,2,18,2,7,17.109585
335995,2,18,3,6,17.056099
335995,2,18,4,6,13.972697
335995,2,18,5,6,10.777452
335995,2,18,6,5,9.968613
335995,2,19,1,4,9.035668
335995,2,19,2,4,7.9257054
335995,2,19,3,4,6.867357
335996,1,15,1,76,46.001312
335996,1,15,2,70,54.692066
335996,1,15,3,64,40.46009
335996,1,15,4,64,40.16804
335996,1,15,5,63,41.18528
335996,1,15,6,62,42.444942
335996,1,16,1,62,39.1124
335996,1,16,2,61,30.478464
335996,1,16,3,57,29.531225
335996,1,16,4,57,37.371387
335996,1,16,5,53,36.28702
335996,1,16,6,52,33.86034
335996,1,17,1,46,33.812557
335996,1,17,2,45,30.815218
335996,1,17,3,44,29.091072
335996,1,17,4,43,27.104242
335996,1,17,5,39,25.165688
335996,1,17,6,38,25.945236
335996,1,18,1,38,21.781494
335996,1,18,2,37,20.186007
335996,1,18,3,33,20.199684
335996,1,18,4,29,20.32395
335996,1,18,5,23,21.278173
335996,1,18,6,19,14.698258
335996,1,18,7,15,14.08155
335996,1,19,1,14,13.603832
335996,1,19,2,14,13.911969
335996,1,19,3,10,12.054552
335996,1,19,4,4,9.969822
335996,1,19,5,0,6.4218154
335996,1,19,6,0,3.36659
335996,2,15,1,33,49.524155
335996,2,15,2,33,47.874516
335996,2,15,3,32,42.525013
335996,2,15,4,31,43.52277
335996,2,15,5,29,37.95491
335996,2,15,6,29,44.943707
335996,2,16,1,25,42.729717
335996,2,16,2,23,34.246437
335996,2,16,3,23,32.85034
335996,2,16,4,22,30.041853
335996,2,16,5,22,29.124916
335996,2,16,6,21,28.519783
335996,2,17,1,17,25.87137
335996,2,17,2,16,23.556007
335996,2,17,3,16,21.682997
335996,2,17,4,15,20.718735
335996,2,17,5,14,19.031239
335996,2,17,6,13,20.3027
335996,2,18,1,11,16.37325
335996,2,18,2,10,15.141556
335996,2,18,3,9,14.382829
335996,2,18,4,5,13.033926
335996,2,18,5,5,10.135488
335996,2,18,6,4,6.140776
335996,2,19,1,3,6.005221
335996,2,19,2,2,5.5659366
335996,2,19,3,1,3.946031
335996,2,19,4,0,0.35694143
336002,1,15,1,42,50.854404
336002,1,15,2,41,49.665157
336002,1,15,3,40,49.677223
336002,1,15,4,36,45.26895
336002,1,15,5,35,43.358143
336002,1,15,6,34,41.17233
336002,1,16,1,34,39.937878
336002,1,16,2,34,38.33144
336002,1,16,3,33,36.186466
336002,1,16,4,32,35.845905
336002,1,16,5,26,33.869076
336002,1,16,6,22,35.31636
336002,1,17,1,16,36.061768
336002,1,17,2,15,35.77426
336002,1,17,3,14,26.768217
336002,1,17,4,14,25.441008
336002,1,17,5,14,23.48919
336002,1,17,6,8,21.246162
336002,1,18,1,7,20.550375
336002,1,18,2,6,19.895365
336002,1,18,3,1,17.25871
336002,1,18,4,1,13.484325
336002,1,18,5,1,10.052605
336002,1,18,6,1,8.935633
336002,1,18,7,1,9.103676
336002,1,19,1,1,8.270935
336002,1,19,2,1,4.8762217
336002,1,19,3,1,3.7476048
336002,1,19,4,0,2.9073808
336002,1,19,5,0,1.9633106
336002,1,19,6,0,-0.2588249
336002,2,15,1,65,49.14319
336002,2,15,2,64,44.204887
336002,2,15,3,60,47.5772
336002,2,15,4,56,53.69316
336002,2,15,5,52,37.59661
336002,2,15,6,52,36.232727
336002,2,16,1,48,44.903732
336002,2,16,2,44,39.919975
336002,2,16,3,38,38.901196
336002,2,16,4,37,37.43338
336002,2,16,5,36,39.19292
336002,2,16,6,35,36.744316
336002,2,17,1,34,40.029858
336002,2,17,2,30,27.155857
336002,2,17,3,30,25.136032
336002,2,17,4,29,27.330051
336002,2,17,5,25,24.966656
336002,2,17,6,21,22.034718
336002,2,18,1,21,21.061384
336002,2,18,2,20,21.343319
336002,2,18,3,14,23.672997
336002,2,18,4,8,19.613045
336002,2,18,5,7,17.46348
336002,2,18,6,6,16.504107
336003,1,15,1,59,44.736946
336003,1,15,2,58,43.59862
336003,1,15,3,57,44.074833
336003,1,15,4,53,44.82169
336003,1,15,5,53,40.010323
336003,1,15,6,51,39.726322
336003,1,16,1,50,39.800148
336003,1,16,2,50,40.126125
336003,1,16,3,49,37.156834
336003,1,16,4,48,33.476776
336003,1,16,5,44,29.463451
336003,1,16,6,43,27.686604
336003,1,16,7,42,33.36976
336003,1,17,1,38,29.715872
336003,1,17,2,37,29.795305
336003,1,17,3,35,28.632729
336003,1,17,4,31,27.051899
336003,1,17,5,30,25.043983
336003,1,17,6,30,22.60568
336003,1,17,7,29,22.66369
336003,1,18,1,28,21.226748
336003,1,18,2,27,18.520899
336003,1,18,3,23,16.789145
336003,1,18,4,23,15.432616
336003,1,18,5,22,14.271385
336003,1,18,6,21,12.8429365
336003,1,19,1,21,10.33208
336003,1,19,2,20,8.617814
336003,1,19,3,16,6.7760158
336003,1,19,4,12,5.436206
336003,1,19,5,10,5.0549917
336003,1,19,6,6,4.471779
336003,2,15,1,68,54.809685
336003,2,15,2,68,50.224716
336003,2,15,3,68,47.9272
336003,2,15,4,66,40.071545
336003,2,15,5,60,39.6788
336003,2,15,6,58,40.043198
336003,2,16,1,56,34.97947
336003,2,16,2,52,35.820343
336003,2,16,3,51,34.432747
336003,2,16,4,50,33.265743
336003,2,16,5,48,32.866543
336003,2,16,6,46,31.309294
336003,2,17,1,45,30.114315
336003,2,17,2,43,28.584517
336003,2,17,3,42,28.962315
336003,2,17,4,36,27.790943
336003,2,17,5,35,26.395906
336003,2,17,6,29,25.649311
336003,2,18,1,27,20.851278
336003,2,18,2,25,21.80858
336003,2,18,3,19,17.919289
336003,2,18,4,17,17.760286
336003,2,18,5,15,14.43317
336003,2,18,6,15,14.201362
336003,2,19,1,9,11.097844
336003,2,19,2,8,9.663796
336003,2,19,3,6,7.6265817
336003,2,19,4,5,5.5610185
336003,2,19,5,4,3.854969
336003,2,19,6,4,2.5010898
336016,1,15,1,41,39.13827
336016,1,15,2,40,40.811535
336016,1,15,3,39,40.74649
336016,1,15,4,39,42.12933
336016,1,15,5,33,42.6895
336016,1,15,6,29,30.061333
336016,1,16,1,25,35.495525
336016,1,16,2,25,33.40856
336016,1,16,3,24,36.79219
336016,1,16,4,24,36.879227
336016,1,16,5,23,32.01724
336016,1,16,6,21,30.286781
336016,1,17,1,20,28.858603
336016,1,17,2,20,24.843164
336016,1,17,3,20,24.324228
336016,1,17,4,19,21.281559
336016,1,17,5,18,19.01658
336016,1,17,6,17,19.36165
336016,1,17,7,16,19.544514
336016,1,18,1,15,17.183125
336016,1,18,2,14,13.772071
336016,1,18,3,14,12.888207
336016,1,18,4,14,11.729503
336016,1,18,5,13,10.050066
336016,1,18,6,12,9.4977045
336016,1,19,1,12,7.487896
336016,1,19,2,11,5.7424617
336016,1,19,3,10,5.1553564
336016,1,19,4,9,3.0037878
336016,1,19,5,9,2.9879112
336016,1,19,6,5,1.3601154
336016,1,19,7,4,1.4854276
336016,2,15,1,3,52.024113
336016,2,15,2,2,55.20562
336016,2,15,3,1,57.84523
336016,2,15,4,1,55.42972
336018,1,15,1,67,43.39029
336018,1,15,2,66,39.237484
336018,1,15,3,62,41.27311
336018,1,15,4,60,42.1746
336018,1,15,5,59,41.933388
336018,1,15,6,58,43.074722
336018,1,16,1,54,39.497837
336018,1,16,2,53,31.740158
336018,1,16,3,52,37.38567
336018,1,16,4,48,33.201584
336018,1,16,5,48,31.791521
336018,1,16,6,47,32.725204
336018,1,17,1,43,28.458761
336018,1,17,2,42,27.825134
336018,1,17,3,41,25.037428
336018,1,17,4,40,28.986546
336018,1,17,5,34,31.218222
336018,1,17,6,30,26.729652
336018,1,18,1,29,21.336458
336018,1,18,2,28,23.01764
336018,1,18,3,22,20.079662
336018,1,18,4,22,18.932096
336018,1,18,5,21,17.924126
336018,1,18,6,15,14.70448
336018,1,19,1,15,12.432072
336018,1,19,2,14,11.511715
336018,1,19,3,11,9.488033
336018,1,19,4,10,6.8098335
336018,1,19,5,10,5.054803
336018,1,19,6,9,3.7825222
336018,1,19,7,5,3.475943
336018,1,19,8,4,3.3531034
336018,1,19,9,0,2.622243
336023,1,15,1,54,53.251328
336023,1,15,2,53,50.608856
336023,1,15,3,52,55.140484
336023,1,15,4,48,54.4199
336023,1,15,5,47,48.771626
336023,1,15,6,47,42.546974
336023,1,16,1,46,36.13513
336023,1,16,2,45,37.769047
336023,1,16,3,41,34.94686
336023,1,16,4,40,34.814877
336023,1,16,5,36,32.613304
336023,1,16,6,34,30.103312
336023,1,17,1,30,29.604116
336023,1,17,2,28,25.735546
336023,1,17,3,27,24.943825
336023,1,17,4,23,25.659895
336023,1,17,5,22,25.02648
336023,1,17,6,21,19.767033
336023,1,18,1,20,17.179363
336023,1,18,2,20,16.305716
336023,1,18,3,19,15.036165
336023,1,18,4,15,15.841485
336023,1,18,5,14,13.588348
336023,1,18,6,12,11.108319
336023,1,19,1,11,11.069291
336023,1,19,2,10,9.398385
336023,1,19,3,8,7.0362096
336023,1,19,4,6,3.5259497
336023,1,19,5,4,2.4445205
336023,1,19,6,2,0.94744503
336023,2,15,1,49,20.794052
336023,2,15,2,49,16.963074
336023,2,15,3,49,16.349953
336023,2,15,4,49,17.386042
336023,2,15,5,48,15.731923
336023,2,15,6,47,12.46202
336023,2,16,1,43,17.134274
336023,2,16,2,43,17.826607
336023,2,16,3,43,20.998981
336023,2,16,4,37,19.461992
336023,2,16,5,37,13.063648
336023,2,16,6,31,26.775736
336023,2,17,1,25,23.310379
336023,2,17,2,25,25.050802
336023,2,17,3,24,20.6332
336023,2,17,4,23,19.521742
336023,2,17,5,22,22.277393
336023,2,17,6,18,17.413387
336023,2,18,1,18,16.773937
336023,2,18,2,17,16.054655
336023,2,18,3,15,15.392594
336023,2,18,4,14,11.604475
336023,2,18,5,14,8.010575
336023,2,18,6,14,6.0513687
336023,2,19,1,14,8.695781
336023,2,19,2,10,7.142799
336023,2,19,3,10,4.999887
336023,2,19,4,10,3.4656138
336023,2,19,5,10,3.9760408
336023,2,19,6,6,3.2385044
336037,1,15,1,54,41.55851
336037,1,15,2,52,38.51485
336037,1,15,3,51,36.24662
336037,1,15,4,50,30.008986
336037,1,15,5,49,26.351171
336037,1,15,6,48,34.22434
336037,1,15,7,44,31.313108
336037,1,16,1,43,31.770767
336037,1,16,2,42,34.100975
336037,1,16,3,38,28.341534
336037,1,16,4,38,27.31884
336037,1,16,5,37,28.120094
336037,1,16,6,36,27.202421
336037,1,17,1,35,27.163286
336037,1,17,2,31,29.429888
336037,1,17,3,25,30.05186
336037,1,17,4,24,28.476685
336037,1,17,5,24,24.817982
336037,1,17,6,23,22.204708
336037,1,17,7,21,20.639042
336037,1,18,1,20,21.216118
336037,1,18,2,16,19.764418
336037,1,18,3,15,21.053394
336037,1,18,4,14,14.476051
336037,1,18,5,14,12.259543
336037,1,18,6,13,10.111574
336037,1,18,7,13,11.9274435
336037,1,19,1,7,11.1968155
336037,1,19,2,6,9.691596
336037,1,19,3,2,7.8771205
336037,1,19,4,1,4.7971873
336037,1,19,5,1,4.0347075
336037,1,19,6,0,1.6274186
336037,2,15,1,34,43.460587
336037,2,15,2,33,44.463745
336037,2,15,3,33,43.806538
336037,2,15,4,32,43.233807
336037,2,15,5,31,37.657227
336037,2,15,6,31,29.4334
336037,2,16,1,31,30.907242
336037,2,16,2,30,33.751038
336037,2,16,3,29,33.973732
336037,2,16,4,28,26.310295
336037,2,16,5,28,23.080412
336037,2,16,6,28,21.909466
336037,2,17,1,28,22.035534
336037,2,17,2,26,20.06575
336037,2,17,3,25,18.598259
336037,2,17,4,24,22.737974
336037,2,17,5,20,21.229189
336037,2,17,6,18,21.493002
336037,2,18,1,17,20.20221
336037,2,18,2,16,19.641922
336037,2,18,3,13,19.799377
336037,2,18,4,12,17.408827
336037,2,18,5,8,15.469525
336037,2,18,6,7,12.449263
336037,2,19,1,7,13.292424
336037,2,19,2,6,11.319348
392190,1,15,1,43,52.95428
392190,1,15,2,42,51.284695
392190,1,15,3,41,48.496765
392190,1,15,4,41,47.20597
392190,1,15,5,40,45.632004
392190,1,15,6,39,42.283894
392190,1,16,1,39,39.21208
392190,1,16,2,38,33.458046
392190,1,16,3,38,35.500942
392190,1,16,4,36,30.471323
392190,1,16,5,36,32.591236
392190,1,16,6,32,31.718912
392190,1,17,1,31,30.053787
392190,1,17,2,29,28.14978
392190,1,17,3,28,25.313744
392190,1,17,4,27,23.575632
392190,1,17,5,27,20.898245
392190,1,17,6,27,18.846272
392190,1,17,7,26,18.949238
392190,1,17,8,25,19.656605
392190,1,18,1,25,16.72517
392190,1,18,2,24,14.546872
392190,1,18,3,23,12.646347
392190,1,18,4,22,11.235346
392190,1,18,5,22,10.445507
392190,1,18,6,22,8.935329
392190,1,18,7,20,8.93383
392190,1,18,8,19,8.469795
392190,1,19,1,18,8.41097
392190,1,19,2,14,7.259543
392190,1,19,3,14,6.2651205
392190,1,19,4,14,5.6242776
392190,1,19,5,8,5.9457126
392190,1,19,6,2,4.156891
392190,2,15,1,52,51.602497
392190,2,15,2,51,43.008217
392190,2,15,3,50,42.703594
392190,2,15,4,46,40.863182
392190,2,15,5,45,39.945763
392190,2,15,6,43,41.893456
392190,2,15,7,36,41.70091
392190,2,16,1,30,39.410027
392190,2,16,2,30,39.50966
392190,2,16,3,29,42.207016
392190,2,16,4,25,37.644917
392190,2,16,5,24,33.73848
392190,2,16,6,23,31.03668
392190,2,17,1,22,30.769491
392190,2,17,2,21,28.354124
392190,2,17,3,21,24.72709
392190,2,17,4,21,24.29966
392190,2,17,5,17,23.091108
392190,2,17,6,16,20.67638
392190,2,18,1,15,19.886728
392190,2,18,2,13,17.42833
392190,2,18,3,12,15.314669
392190,2,18,4,11,15.457779
392190,2,18,5,7,14.122894
392190,2,18,6,7,13.279718
392190,2,18,7,7,13.051764
392190,2,19,1,6,10.702183
392190,2,19,2,5,8.864804
392190,2,19,3,4,6.1809382
392190,2,19,4,3,4.0512466
392190,2,19,5,3,4.215428
392190,2,19,6,1,1.2468922
392190,2,19,7,1,0.8927347
392214,1,15,1,40,56.34683
392214,1,15,2,40,54.727055
392214,1,15,3,39,55.494514
392214,1,15,4,38,51.836937
392214,1,15,5,36,46.112194
392214,1,15,6,32,48.283897
392214,1,16,1,31,43.331863
392214,1,16,2,25,41.191944
392214,1,16,3,25,44.39841
392214,1,16,4,19,45.020287
392214,1,16,5,13,43.079163
392214,1,16,6,9,29.86617
392214,1,17,1,9,29.61515
392214,1,17,2,5,27.165802
392214,1,17,3,4,28.839039
392214,1,17,4,3,26.617275
392214,1,17,5,2,24.43281
392214,1,17,6,1,24.488401
392214,2,15,1,26,45.535122
392214,2,15,2,24,50.522533
392214,2,15,3,22,50.688198
392214,2,15,4,21,48.743732
392214,2,15,5,19,47.047832
392214,2,15,6,18,40.092213
392214,2,16,1,17,36.480396
392214,2,16,2,16,40.01578
392214,2,16,3,15,38.47251
392214,2,16,4,14,38.271385
392214,2,16,5,13,35.41508
392214,2,16,6,12,34.10311
392214,2,17,1,11,32.466446
392214,2,17,2,7,30.454653
392214,2,17,3,6,28.985167
392214,2,17,4,5,26.102882
392214,2,17,5,4,23.79322
392214,2,17,6,4,23.12845
392218,1,15,1,53,51.057163
392218,1,15,2,52,48.64209
392218,1,15,3,52,45.277714
392218,1,15,4,51,41.75216
392218,1,15,5,50,37.657166
392218,1,15,6,44,36.921238
392218,1,16,1,43,36.689964
392218,1,16,2,42,36.58665
392218,1,16,3,41,40.6897
392218,1,16,4,35,36.909576
392218,1,16,5,34,31.086226
392218,1,16,6,33,27.697626
392218,1,17,1,32,23.981655
392218,1,17,2,31,21.622814
392218,1,17,3,29,23.600328
392218,1,17,4,28,21.456264
392218,1,17,5,27,19.562153
392218,1,17,6,27,16.960258
392218,1,18,1,23,18.752478
392218,1,18,2,21,17.023579
392218,1,18,3,20,16.157953
392218,1,18,4,19,13.455022
392218,1,18,5,19,11.935482
392218,1,18,6,15,9.980453
392218,1,19,1,14,11.124616
392218,1,19,2,13,7.2059236
392218,1,19,3,9,5.6839385
392218,1,19,4,8,6.447245
392218,1,19,5,4,4.076391
392218,1,19,6,3,0.58558965
392218,1,19,7,2,1.9901407
392218,2,15,1,41,38.152157
392218,2,15,2,40,39.635246
392218,2,15,3,39,43.542103
392218,2,15,4,38,40.981216
392218,2,15,5,38,39.870327
392218,2,15,6,38,36.545673
392218,2,15,7,36,36.501003
392218,2,16,1,35,33.42366
392218,2,16,2,34,32.066902
392218,2,16,3,32,32.443844
392218,2,16,4,32,32.39101
392218,2,16,5,31,29.41321
392218,2,16,6,29,27.115227
392218,2,16,7,28,27.346548
392218,2,17,1,28,22.220348
392218,2,17,2,27,22.84296
392218,2,17,3,27,22.039309
392218,2,17,4,26,19.846233
392218,2,17,5,24,18.254482
392218,2,17,6,23,17.676088
392218,2,18,1,23,14.889816
392218,2,18,2,22,15.415176
392218,2,18,3,21,13.356748
392218,2,18,4,21,12.198301
392218,2,18,5,20,10.816948
392218,2,18,6,16,9.175679
392218,2,19,1,16,8.483747
392218,2,19,2,15,8.139004
392218,2,19,3,13,9.389028
392218,2,19,4,7,7.9644027
392218,2,19,5,6,4.0899754
392218,2,19,6,5,5.1267157
392218,2,19,7,1,4.5936294
392222,1,15,1,27,42.685024
392222,1,15,2,27,44.514126
392222,1,15,3,26,43.77353
392222,1,15,4,26,37.77762
392222,1,15,5,22,37.63817
392222,1,15,6,21,38.42309
392222,1,16,1,21,32.0409
392222,1,16,2,20,29.498919
392222,1,16,3,20,32.059723
392222,1,16,4,20,30.17386
392222,1,16,5,19,29.228615
392222,1,16,6,18,28.166624
392222,1,17,1,17,29.96949
392222,1,17,2,13,30.055035
392222,1,17,3,13,16.106064
392222,1,17,4,13,19.914412
392222,1,17,5,9,19.683537
392222,1,17,6,8,14.327199
392222,1,17,7,7,9.976041
392222,1,17,8,6,10.191887
392222,1,17,9,6,10.160198
392222,1,18,1,6,6.068753
392222,1,18,2,5,4.886468
392222,1,18,3,5,6.4710655
392222,1,18,4,5,6.1407137
392222,1,18,5,5,8.652955
392222,1,18,6,5,7.8840814
392222,1,19,1,5,4.6163354
392222,1,19,2,4,3.811878
392222,1,19,3,4,5.5380874
392222,1,19,4,3,3.5439086
392222,1,19,5,2,2.4938257
392222,1,19,6,1,0.9955414
392222,1,19,7,0,1.5020353
392222,2,15,1,9,42.48287
392222,2,15,2,9,36.731873
392222,2,15,3,9,28.872475
392222,2,15,4,8,29.910254
392222,2,15,5,8,26.036669
392222,2,15,6,8,24.586445
392222,2,15,7,7,22.874147
392222,2,15,8,6,31.880348
392222,2,16,1,5,32.7626
392222,2,16,2,4,33.775787
392225,1,15,1,22,55.233566
392225,1,15,2,21,41.726776
392225,1,15,3,21,41.398964
392225,1,15,4,20,36.284546
392225,1,15,5,19,47.08884
392225,1,15,6,19,41.295128
392225,1,16,1,19,37.529037
392225,1,16,2,19,33.741238
392225,1,16,3,18,33.31202
392225,1,16,4,18,31.258583
392225,1,16,5,17,30.422382
392225,1,16,6,16,28.217577
392225,1,16,7,15,25.535103
392225,1,17,1,15,25.552097
392225,1,17,2,15,24.045774
392225,1,17,3,14,22.101545
392225,1,17,4,13,24.79927
392225,1,17,5,9,24.206148
392225,1,17,6,8,23.09011
392225,1,17,7,7,21.190123
392225,1,18,1,7,18.616037
392225,1,18,2,7,17.751665
392225,1,18,3,6,12.790057
392225,1,18,4,5,11.507336
392225,1,18,5,4,13.9381485
392225,1,18,6,4,13.307092
392225,1,18,7,3,13.643127
392225,1,18,8,3,15.492867
392225,1,19,1,3,9.543754
392225,1,19,2,3,8.239404
392225,1,19,3,2,7.0191355
392225,1,19,4,1,4.9283996
392225,1,19,5,1,3.4198503
392225,1,19,6,1,1.7192949
392225,2,15,1,45,51.696342
392225,2,15,2,42,47.705147
392225,2,15,3,41,43.33804
392225,2,15,4,40,39.33152
392225,2,15,5,40,38.601402
392225,2,15,6,38,37.95071
392225,2,15,7,38,36.330257
392225,2,15,8,37,37.343403
392225,2,16,1,36,33.818657
392225,2,16,2,35,33.293728
392225,2,16,3,34,31.697304
392225,2,16,4,33,30.418348
392225,2,16,5,33,29.374537
392225,2,16,6,29,29.384378
392225,2,17,1,25,28.214512
392225,2,17,2,24,29.262096
392225,2,17,3,22,29.588602
392225,2,17,4,18,28.808882
392225,2,17,5,14,26.632458
392225,2,17,6,12,23.241909
392225,2,18,1,11,19.06176
392225,2,18,2,10,18.3501
392225,2,18,3,9,17.870028
392225,2,18,4,3,14.979458
392225,2,18,5,3,12.41801
392225,2,18,6,3,11.219363
392225,2,18,7,2,11.069542
392225,2,19,1,1,8.979367
392225,2,19,2,1,5.1657414
392225,2,19,3,1,5.370703
392225,2,19,4,1,3.8790538
392225,2,19,5,0,1.2431909
392239,1,15,1,42,50.782875
392239,1,15,2,41,47.436375
392239,1,15,3,40,44.15623
392239,1,15,4,39,42.447178
392239,1,15,5,35,42.539272
392239,1,15,6,34,40.56052
392239,1,16,1,34,36.13759
392239,1,16,2,33,34.018833
392239,1,16,3,33,34.730717
392239,1,16,4,29,32.05913
392239,1,16,5,28,28.308393
392239,1,16,6,28,25.614958
392239,1,17,1,28,27.16307
392239,1,17,2,26,26.219578
392239,1,17,3,25,22.012003
392239,1,17,4,24,19.939997
392239,1,17,5,23,20.013494
392239,1,17,6,22,19.321384
392239,1,17,7,20,18.333403
392239,1,18,1,18,17.77722
392239,1,18,2,17,14.919852
392239,1,18,3,17,15.18118
392239,1,18,4,11,13.225717
392239,1,18,5,10,10.779906
392239,1,18,6,10,8.871168
392239,1,19,1,9,9.013218
392239,1,19,2,9,7.261236
392239,1,19,3,7,5.8342576
392239,1,19,4,5,4.9239078
392239,1,19,5,3,3.7845998
392239,1,19,6,1,1.8177725
392239,2,15,1,34,36.27643
392239,2,15,2,30,35.681946
392239,2,15,3,30,35.590054
392239,2,15,4,30,36.655975
392239,2,15,5,30,28.716137
392239,2,15,6,30,29.0243
392239,2,16,1,29,28.404942
392239,2,16,2,28,26.237085
392239,2,16,3,28,24.535852
392239,2,16,4,27,13.638929
392239,2,16,5,27,14.325111
392239,2,16,6,26,15.467729
392239,2,17,1,24,15.869612
392239,2,17,2,23,14.110242
392239,2,17,3,23,13.622624
392239,2,17,4,22,13.277207
392239,2,17,5,22,13.369362
392239,2,17,6,21,13.172121
392239,2,18,1,20,14.571944
392239,2,18,2,16,13.466487
392239,2,18,3,16,12.755955
392239,2,18,4,15,12.720914
392239,2,18,5,9,11.594658
392239,2,18,6,8,7.960012
392239,2,19,1,8,7.0500293
392239,2,19,2,7,6.4701653
392239,2,19,3,7,5.2432036
392239,2,19,4,7,2.8936496
392239,2,19,5,5,3.0479784
392239,2,19,6,1,1.9578271
419112,1,15,1,70,49.268456
419112,1,15,2,66,51.377155
419112,1,15,3,64,50.851772
419112,1,15,4,63,47.88781
419112,1,15,5,62,47.8772
419112,1,15,6,62,43.986
419112,1,16,1,61,46.73703
419112,1,16,2,60,43.043716
419112,1,16,3,59,41.933662
419112,1,16,4,59,40.571228
419112,1,16,5,58,34.132706
419112,1,16,6,52,32.57732
419112,1,16,7,48,34.040604
419112,1,17,1,47,29.706095
419112,1,17,2,46,28.286865
419112,1,17,3,45,27.351078
419112,1,17,4,44,23.584517
419112,1,17,5,43,22.16579
419112,1,17,6,39,21.943192
419112,1,17,7,35,25.569891
419112,1,18,1,31,26.083778
419112,1,18,2,27,23.07633
419112,1,18,3,25,20.917675
419112,1,18,4,24,19.973188
419112,1,18,5,20,16.695097
419112,1,18,6,19,13.949128
419112,1,19,1,19,14.715174
419112,1,19,2,13,14.522825
419112,1,19,3,9,11.453842
419112,1,19,4,9,8.409621
419112,1,19,5,5,5.189257
419112,1,19,6,4,3.290673
419112,1,19,7,3,3.5964704
419112,2,15,1,55,45.839405
419112,2,15,2,53,46.398632
419112,2,15,3,49,44.10818
419112,2,15,4,47,43.63222
419112,2,15,5,46,44.659935
419112,2,15,6,46,40.626656
419112,2,16,1,45,39.926434
419112,2,16,2,45,37.296772
419112,2,16,3,39,35.563015
419112,2,16,4,38,34.978554
419112,2,16,5,37,36.46951
419112,2,16,6,36,36.43427
419112,2,17,1,34,31.656717
419112,2,17,2,33,28.439648
419112,2,17,3,27,28.392742
419112,2,17,4,21,25.925962
419112,2,17,5,21,27.594934
419112,2,17,6,15,27.136688
419112,2,18,1,11,25.967459
419112,2,18,2,11,22.818792
419112,2,18,3,10,21.76264
419112,2,18,4,6,21.04825
419112,2,18,5,5,18.870012
419112,2,18,6,1,18.209934
419114,1,15,1,53,55.96381
419114,1,15,2,52,49.422737
419114,1,15,3,52,48.462727
419114,1,15,4,51,46.072342
419114,1,15,5,50,40.889893
419114,1,15,6,44,40.254253
419114,1,16,1,44,40.931213
419114,1,16,2,38,35.806274
419114,1,16,3,37,34.529827
419114,1,16,4,36,36.317257
419114,1,16,5,36,33.68184
419114,1,16,6,35,32.86977
419114,1,16,7,35,33.247654
419114,1,17,1,31,30.884281
419114,1,17,2,30,29.740967
419114,1,17,3,26,28.453413
419114,1,17,4,25,25.54531
419114,1,17,5,25,24.768034
419114,1,17,6,23,22.684252
419114,1,17,7,21,22.162668
419114,1,18,1,20,19.470045
419114,1,18,2,19,19.818647
419114,1,18,3,15,18.79717
419114,1,18,4,14,16.125122
419114,1,18,5,14,13.493615
419114,1,18,6,13,12.721667
419114,1,18,7,13,12.986589
419114,1,19,1,12,9.778241
419114,1,19,2,6,9.31084
419114,1,19,3,4,7.0026217
419114,1,19,4,4,6.156452
419114,1,19,5,0,4.5506372
419114,1,19,6,0,0.92522436
419114,2,15,1,1,24.898354
419114,2,15,2,1,24.55954
419114,2,15,3,1,24.244831
419114,2,15,4,1,25.705671
419114,2,15,5,0,26.02677
419114,2,15,6,0,26.888296
419114,2,16,1,0,22.182602
419114,2,16,2,0,20.452713
419114,2,16,3,0,13.992918
419115,1,15,1,14,35.94234
419115,1,15,2,14,36.314007
419115,1,15,3,14,33.820625
419115,1,15,4,14,30.511007
419115,1,15,5,14,28.17521
419115,1,15,6,13,27.93722
419115,1,16,1,12,31.680826
419115,1,16,2,11,35.3643
419115,1,16,3,7,31.665045
419115,1,16,4,7,32.171703
419115,1,16,5,7,18.841303
419115,1,16,6,7,19.436804
419115,1,16,7,7,21.773293
419115,1,17,1,7,13.001163
419115,1,17,2,7,11.419421
419115,1,17,3,7,17.71254
419115,1,17,4,5,15.446401
419115,1,17,5,5,15.903315
419115,1,17,6,4,15.238737
419115,1,18,1,4,14.427842
419115,1,18,2,3,14.782589
419115,1,18,3,3,14.033084
419115,1,18,4,3,17.322998
419115,1,18,5,3,14.363111
419115,1,18,6,1,14.170172
419115,1,19,1,1,6.2624044
419115,1,19,2,1,5.1006007
419115,1,19,3,1,4.5013075
419115,1,19,4,0,2.0165818
419115,1,19,5,0,-0.16277021
419116,1,15,1,46,50.432476
419116,1,15,2,45,46.430447
419116,1,15,3,45,44.587986
419116,1,15,4,44,44.731266
419116,1,15,5,43,43.235104
419116,1,15,6,42,43.242546
419116,1,16,1,41,38.64748
419116,1,16,2,39,37.59962
419116,1,16,3,39,35.409794
419116,1,16,4,38,32.323624
419116,1,16,5,37,30.941322
419116,1,16,6,36,28.09678
419116,1,17,1,35,28.597343
419116,1,17,2,31,27.128069
419116,1,17,3,30,25.315056
419116,1,17,4,29,23.937235
419116,1,17,5,28,21.928133
419116,1,17,6,27,21.374144
419116,1,18,1,26,21.078754
419116,1,18,2,26,16.36608
419116,1,18,3,26,13.263629
419116,1,18,4,25,15.750691
419116,1,18,5,19,16.602802
419116,1,18,6,13,14.116445
419116,1,19,1,12,12.61515
419116,1,19,2,8,10.366495
419116,1,19,3,8,9.550837
419116,1,19,4,6,6.744568
419116,1,19,5,5,4.8508625
419116,1,19,6,4,3.496595
419116,2,15,1,37,50.112892
419116,2,15,2,36,53.921288
419116,2,15,3,36,50.836494
419116,2,15,4,35,50.028915
419116,2,15,5,35,47.453335
419116,2,15,6,34,47.57963
419116,2,16,1,34,41.359634
419116,2,16,2,28,40.652565
419116,2,16,3,28,38.955902
419116,2,16,4,27,36.683186
419116,2,16,5,26,34.06325
419116,2,16,6,25,34.1449
419116,2,16,7,24,32.525814
419116,2,17,1,23,26.855476
419116,2,17,2,23,22.507711
419116,2,17,3,23,20.432652
419116,2,17,4,22,20.051
419116,2,17,5,21,22.852747
419116,2,17,6,21,22.35997
419116,2,18,1,20,19.964285
419116,2,18,2,16,18.997686
419116,2,18,3,15,18.41288
419116,2,18,4,14,16.633858
419116,2,18,5,8,15.607394
419116,2,18,6,6,14.366545
419116,2,19,1,6,11.594126
419123,1,15,1,67,49.688408
419123,1,15,2,67,48.493263
419123,1,15,3,61,48.917522
419123,1,15,4,61,42.2172
419123,1,15,5,61,40.616776
419123,1,15,6,61,39.777534
419123,1,16,1,61,44.307774
419123,1,16,2,55,39.69989
419123,1,16,3,54,38.189106
419123,1,16,4,53,37.20783
419123,1,16,5,52,30.536812
419123,1,16,6,52,27.113937
419123,1,17,1,52,24.99985
419123,1,17,2,51,23.136293
419123,1,17,3,50,22.386496
419123,1,17,4,49,21.091837
419123,1,17,5,48,24.013817
419123,1,17,6,42,22.99983
419123,1,18,1,41,21.902084
419123,1,18,2,37,21.195425
419123,1,18,3,31,21.095226
419123,1,18,4,25,19.327366
419123,1,18,5,19,18.052568
419123,1,18,6,18,16.616318
419123,1,19,1,17,10.815426
419123,1,19,2,16,10.763281
419123,1,19,3,15,9.39741
419123,1,19,4,9,7.0169234
419123,1,19,5,8,6.7644806
419123,1,19,6,2,4.390227
419123,2,15,1,40,46.30928
419123,2,15,2,34,44.798576
419123,2,15,3,33,42.460133
419123,2,15,4,32,41.64974
419123,2,15,5,32,39.830135
419123,2,15,6,28,39.613647
419123,2,16,1,28,34.66443
419123,2,16,2,27,33.00744
419123,2,16,3,26,32.13649
419123,2,16,4,25,30.643322
419123,2,16,5,25,27.277266
419123,2,16,6,24,26.755854
419123,2,16,7,23,25.269352
419123,2,17,1,23,22.039585
419123,2,17,2,22,22.328844
419123,2,17,3,22,20.709839
419123,2,17,4,21,19.80721
419123,2,17,5,20,16.669975
419123,2,17,6,19,16.16119
419123,2,18,1,18,17.021656
419123,2,18,2,18,15.640421
419123,2,18,3,17,13.742209
419123,2,18,4,16,12.43223
419123,2,18,5,15,10.274119
419123,2,18,6,11,8.715531
419123,2,19,1,11,9.394509
419123,2,19,2,7,8.96239
419123,2,19,3,6,8.811441
419123,2,19,4,0,7.6201434
419123,2,19,5,0,4.1969004
419123,2,19,6,0,2.2474365
419127,1,15,1,57,48.73686
419127,1,15,2,56,47.644447
419127,1,15,3,55,50.196266
419127,1,15,4,54,46.438713
419127,1,15,5,53,42.550205
419127,1,15,6,53,35.634373
419127,1,16,1,53,37.04935
419127,1,16,2,52,34.341164
419127,1,16,3,51,36.471016
419127,1,16,4,47,34.572247
419127,1,16,5,46,34.902412
419127,1,16,6,44,33.7788
419127,1,16,7,43,33.92529
419127,1,16,8,42,33.84048
419127,1,17,1,42,29.939676
419127,1,17,2,41,29.156069
419127,1,17,3,39,26.431824
419127,1,17,4,37,24.982357
419127,1,17,5,36,23.26994
419127,1,17,6,35,22.646116
419127,1,17,7,34,23.021952
419127,1,18,1,30,19.080437
419127,1,18,2,29,18.235617
419127,1,18,3,27,16.954851
419127,1,18,4,26,15.573955
419127,1,18,5,26,14.274127
419127,1,18,6,25,12.365988
419127,1,19,1,21,10.533015
419127,1,19,2,20,8.692094
419127,1,19,3,20,7.264889
419127,1,19,4,14,6.8314424
419127,1,19,5,10,7.9071355
419127,1,19,6,4,4.8129153
419127,2,15,1,42,41.758427
419127,2,15,2,36,43.66831
419127,2,15,3,35,38.57112
419127,2,15,4,35,39.64575
419127,2,15,5,35,38.246822
419127,2,15,6,34,36.486404
419127,2,16,1,33,38.65397
419127,2,16,2,31,36.716187
419127,2,16,3,27,33.95295
419127,2,16,4,26,34.428783
419127,2,16,5,22,32.878773
419127,2,16,6,22,29.254654
419127,2,17,1,22,28.369219
419127,2,17,2,21,27.251835
419127,2,17,3,20,26.088242
419127,2,17,4,19,20.856567
419127,2,17,5,18,21.904762
419127,2,17,6,17,21.505722
419127,2,18,1,16,22.691738
419127,2,18,2,10,20.738785
419127,2,18,3,10,17.093924
419127,2,18,4,10,14.57594
419127,2,18,5,9,12.5307865
419127,2,18,6,9,11.339618
419127,2,18,7,8,9.2159
419127,2,19,1,7,11.168284
419127,2,19,2,3,9.659813
419127,2,19,3,2,7.59209
419127,2,19,4,1,5.6869993
419127,2,19,5,1,3.980269
419127,2,19,6,0,1.4517959
419136,1,15,1,62,50.45191
419136,1,15,2,61,47.231285
419136,1,15,3,55,47.59518
419136,1,15,4,53,46.275726
419136,1,15,5,52,43.4678
419136,1,15,6,50,44.47479
419136,1,15,7,50,44.048527
419136,1,16,1,49,38.180687
419136,1,16,2,48,36.097565
419136,1,16,3,46,34.468967
419136,1,16,4,45,34.308235
419136,1,16,5,44,31.11666
419136,1,16,6,43,30.334204
419136,1,17,1,41,31.878355
419136,1,17,2,37,29.388823
419136,1,17,3,36,30.315567
419136,1,17,4,32,28.225525
419136,1,17,5,32,25.382229
419136,1,17,6,32,24.194992
419136,1,18,1,29,21.64895
419136,1,18,2,28,20.438046
419136,1,18,3,24,18.203184
419136,1,18,4,23,16.899904
419136,1,18,5,21,15.906613
419136,1,18,6,19,13.739053
419136,1,19,1,18,12.359489
419136,1,19,2,14,8.794398
419136,1,19,3,13,10.661389
419136,1,19,4,9,8.812635
419136,1,19,5,8,5.984684
419136,1,19,6,2,4.2314296
419136,1,19,7,1,3.9388764
419136,2,15,1,62,47.103245
419136,2,15,2,56,41.31658
419136,2,15,3,54,41.614666
419136,2,15,4,54,40.245014
419136,2,15,5,53,40.15925
419136,2,15,6,51,40.140102
419136,2,16,1,50,39.730507
419136,2,16,2,44,35.826485
419136,2,16,3,40,34.68172
419136,2,16,4,39,33.877476
419136,2,16,5,38,34.873676
419136,2,16,6,32,31.843204
419136,2,16,7,27,32.805706
419136,2,17,1,25,30.694317
419136,2,17,2,25,28.608896
419136,2,17,3,23,26.008923
419136,2,17,4,19,26.704447
419136,2,17,5,15,26.179495
419136,2,17,6,14,23.177687
419136,2,18,1,14,20.579733
419136,2,18,2,13,19.220484
419136,2,18,3,12,17.823654
419136,2,18,4,11,15.803291
419136,2,18,5,10,13.989129
419136,2,18,6,9,14.326011
419136,2,19,1,5,10.51205
419136,2,19,2,4,9.28423
419139,1,15,1,51,52.45395
419139,1,15,2,50,57.30099
419139,1,15,3,49,45.235725
419139,1,15,4,43,44.28855
419139,1,15,5,43,40.40726
419139,1,15,6,42,39.495087
419139,1,16,1,41,40.41327
419139,1,16,2,40,40.03327
419139,1,16,3,39,39.99693
419139,1,16,4,38,39.16213
419139,1,16,5,37,39.38536
419139,1,16,6,36,38.932796
419139,1,17,1,35,33.721207
419139,1,17,2,31,28.807405
419139,1,17,3,29,27.067938
419139,1,17,4,28,23.114138
419139,1,17,5,27,23.429117
419139,1,17,6,26,22.264538
419139,1,18,1,22,17.656443
419139,1,18,2,21,16.73664
419139,1,18,3,19,16.00066
419139,1,18,4,18,17.072945
419139,1,18,5,18,16.255238
419139,1,18,6,18,15.76785
419139,1,19,1,12,11.830026
419139,1,19,2,11,10.094043
419139,1,19,3,10,8.207573
419139,1,19,4,9,6.6167994
419139,1,19,5,9,5.135578
419139,1,19,6,5,2.8955078
419139,1,19,7,4,3.0509896
419139,1,19,8,4,2.4873822
419139,2,15,1,48,48.274292
419139,2,15,2,48,45.688377
419139,2,15,3,42,41.233124
419139,2,15,4,41,41.471264
419139,2,15,5,40,44.494934
419139,2,15,6,36,43.021282
419139,2,16,1,35,41.117577
419139,2,16,2,34,39.038612
419139,2,16,3,30,36.682705
419139,2,16,4,29,39.398876
419139,2,16,5,23,41.66129
419139,2,16,6,17,40.333996
419139,2,17,1,16,39.42755
419139,2,17,2,15,32.911835
419139,2,17,3,13,29.39554
419139,2,17,4,11,27.398125
419139,2,17,5,10,25.994057
419139,2,17,6,9,24.797342
419139,2,18,1,8,24.427303
419139,2,18,2,4,21.068167
419140,1,15,1,59,44.65827
419140,1,15,2,55,43.531315
419140,1,15,3,54,45.242485
419140,1,15,4,50,46.014614
419140,1,15,5,49,47.20492
419140,1,15,6,47,47.485855
419140,1,16,1,46,38.760883
419140,1,16,2,45,36.772175
419140,1,16,3,45,35.16736
419140,1,16,4,45,32.937046
419140,1,16,5,45,31.446278
419140,1,16,6,39,29.81141
419140,1,17,1,39,27.976244
419140,1,17,2,38,26.538328
419140,1,17,3,38,26.679958
419140,1,17,4,32,26.198286
419140,1,17,5,31,23.172861
419140,1,17,6,31,21.247293
419140,1,18,1,30,19.74113
419140,1,18,2,29,19.365206
419140,1,18,3,25,19.59684
419140,1,18,4,19,18.794563
419140,1,18,5,18,16.84921
419140,1,18,6,17,16.922234
419140,1,19,1,11,13.074447
419140,1,19,2,11,11.275896
419140,1,19,3,7,10.097027
419140,1,19,4,4,8.904796
419140,1,19,5,3,6.611758
419140,1,19,6,1,3.7527094
419140,2,15,1,36,50.898827
419140,2,15,2,32,50.294003
419140,2,15,3,31,47.5935
419140,2,15,4,30,43.909786
419140,2,15,5,29,36.082607
419140,2,15,6,29,34.81363
419140,2,16,1,28,37.437035
419140,2,16,2,27,38.88272
419140,2,16,3,23,37.83523
419140,2,16,4,22,36.97487
419140,2,16,5,21,34.554733
419140,2,16,6,20,32.976646
419140,2,17,1,19,31.051325
419140,2,17,2,18,30.435957
419140,2,17,3,14,29.527737
419140,2,17,4,13,25.18459
419140,2,17,5,13,25.234907
419140,2,17,6,11,24.05929
419140,2,18,1,10,20.750908
419140,2,18,2,10,18.359623
419140,2,18,3,10,17.600266
419140,2,18,4,6,16.175789
419140,2,18,5,5,13.775713
419140,2,18,6,5,12.32106
419140,2,19,1,4,10.987
419140,2,19,2,2,8.672897
419140,2,19,3,2,4.791227
419140,2,19,4,2,3.9573658
419140,2,19,5,1,2.7757752
419140,2,19,6,0,1.5107675
419143,1,15,1,27,51.793808
419143,1,15,2,26,46.291252
419143,1,15,3,25,45.94006
419143,1,15,4,24,43.475754
419143,1,15,5,23,42.39129
419143,1,15,6,22,42.16118
419143,1,16,1,21,37.174866
419143,1,16,2,21,35.595383
419143,1,16,3,20,33.978622
419143,1,16,4,20,31.90651
419143,1,16,5,20,28.871534
419143,1,16,6,20,29.58056
419143,1,17,1,19,30.13328
419143,1,17,2,18,26.143116
419143,1,17,3,16,24.854895
419143,1,17,4,15,24.170315
419143,1,17,5,14,22.114643
419143,1,17,6,13,20.51759
419143,1,18,1,12,20.66139
419143,1,18,2,11,16.71521
419143,1,18,3,11,13.426565
419143,1,18,4,11,12.503207
419143,1,18,5,10,13.8018465
419143,1,18,6,8,13.514181
419143,1,18,7,7,13.584303
419143,1,19,1,6,12.688663
419143,1,19,2,4,9.831912
419143,1,19,3,4,7.7445674
419143,1,19,4,4,5.339093
419143,1,19,5,3,3.799123
419143,1,19,6,2,2.5437303
419144,1,15,1,55,45.740517
419144,1,15,2,54,43.06606
419144,1,15,3,54,45.75787
419144,1,15,4,52,45.43015
419144,1,15,5,52,42.08511
419144,1,15,6,52,40.41092
419144,1,16,1,51,40.64374
419144,1,16,2,45,38.54181
419144,1,16,3,45,38.036415
419144,1,16,4,43,36.135254
419144,1,16,5,43,37.0669
419144,1,16,6,42,35.027203
419144,1,17,1,42,27.612137
419144,1,17,2,40,28.58171
419144,1,17,3,38,25.873177
419144,1,17,4,38,24.752918
419144,1,17,5,34,23.218805
419144,1,17,6,33,23.781485
419144,1,18,1,27,22.694233
419144,1,18,2,25,20.131592
419144,1,18,3,24,19.03912
419144,1,18,4,23,18.152937
419144,1,18,5,17,17.001143
419144,1,18,6,16,14.156575
419144,1,19,1,14,13.221379
419144,1,19,2,14,10.623414
419144,1,19,3,10,9.146982
419144,1,19,4,9,6.257249
419144,1,19,5,5,4.422858
419144,1,19,6,4,4.1550207
419144,2,15,1,32,47.917793
419144,2,15,2,32,47.36856
419144,2,15,3,31,44.408783
419144,2,15,4,27,42.780045
419144,2,15,5,26,40.725018
419144,2,15,6,26,40.215603
419144,2,16,1,25,39.82998
419144,2,16,2,25,37.337116
419144,2,16,3,23,33.7021
419144,2,16,4,23,32.460205
419144,2,16,5,22,30.611025
419144,2,16,6,21,29.701292
419144,2,17,1,20,24.707886
419144,2,17,2,20,22.55452
419144,2,17,3,20,21.512177
419144,2,17,4,18,24.816782
419144,2,17,5,18,21.563814
419144,2,17,6,17,19.721651
419144,2,18,1,16,17.474995
419144,2,18,2,15,10.474971
419144,2,18,3,15,10.809855
419144,2,18,4,15,9.561571
419144,2,18,5,14,7.5728235
419144,2,18,6,13,7.014282
419144,2,18,7,12,8.1988325
419144,2,19,1,11,8.132407
419144,2,19,2,10,7.0694084
419144,2,19,3,6,5.432283
419144,2,19,4,5,4.828004
419144,2,19,5,5,3.4223993
419144,2,19,6,4,1.9917395
419152,1,15,1,75,48.17146
419152,1,15,2,74,45.155285
419152,1,15,3,72,41.59956
419152,1,15,4,71,40.8291
419152,1,15,5,67,42.15034
419152,1,15,6,63,45.028458
419152,1,16,1,59,44.083397
419152,1,16,2,57,39.29923
419152,1,16,3,53,37.780098
419152,1,16,4,52,36.476765
419152,1,16,5,51,36.689617
419152,1,16,6,51,33.39978
419152,1,16,7,50,32.15527
419152,1,17,1,50,29.645405
419152,1,17,2,48,29.695312
419152,1,17,3,44,27.729958
419152,1,17,4,43,25.965218
419152,1,17,5,42,25.366026
419152,1,17,6,36,23.95769
419152,1,18,1,36,21.810204
419152,1,18,2,35,20.163004
419152,1,18,3,34,18.467749
419152,1,18,4,33,17.43614
419152,1,18,5,27,14.204799
419152,1,18,6,26,13.742374
419152,1,19,1,25,11.752015
419152,1,19,2,24,12.197733
419152,1,19,3,18,12.063176
419152,1,19,4,14,8.871634
419152,1,19,5,8,8.785856
419152,1,19,6,6,5.8318853
419152,2,15,1,36,41.328148
419152,2,15,2,35,41.442677
419152,2,15,3,34,40.57288
419152,2,15,4,33,37.596493
419152,2,15,5,32,36.47169
419152,2,15,6,31,36.20755
419152,2,16,1,31,33.9092
419152,2,16,2,30,32.983597
419152,2,16,3,29,32.868332
419152,2,16,4,27,32.140137
419152,2,16,5,26,31.325516
419152,2,16,6,25,29.128832
419152,2,16,7,24,26.512138
419152,2,17,1,24,24.31928
419152,2,17,2,23,21.446295
419152,2,17,3,22,22.66406
419152,2,17,4,20,19.060762
419152,2,17,5,20,19.07927
419152,2,17,6,20,17.853733
419152,2,18,1,19,15.560515
419152,2,18,2,18,14.133262
419152,2,18,3,17,13.150949
419152,2,18,4,16,12.128944
419152,2,18,5,15,10.97649
419152,2,18,6,14,9.890769
419152,2,19,1,12,12.488083
419152,2,19,2,6,9.773393
419152,2,19,3,5,8.466101
419152,2,19,4,4,4.6554713
419152,2,19,5,4,4.261184
419152,2,19,6,2,2.4813976
419154,1,15,1,43,38.67864
419154,1,15,2,42,37.060837
419154,1,15,3,42,37.7548
419154,1,15,4,41,37.871418
419154,1,15,5,40,37.97117
419154,1,15,6,39,35.989815
419154,1,16,1,38,36.614117
419154,1,16,2,34,38.91523
419154,1,16,3,30,36.964085
419154,1,16,4,29,33.656628
419154,1,16,5,28,31.436306
419154,1,16,6,27,33.189587
419154,1,17,1,26,29.516525
419154,1,17,2,26,23.06049
419154,1,17,3,26,24.369701
419154,1,17,4,25,20.99617
419154,1,17,5,25,19.512798
419154,1,17,6,25,18.396416
419154,1,18,1,24,17.649542
419154,1,18,2,23,17.986025
419154,1,18,3,21,15.77179
419154,1,18,4,20,15.978942
419154,1,18,5,18,13.22506
419154,1,18,6,16,11.413481
419154,1,19,1,15,11.027639
419154,1,19,2,14,8.967326
419154,1,19,3,12,8.251838
419154,1,19,4,8,5.811866
419154,1,19,5,8,5.5178924
419154,1,19,6,2,3.845908
419154,2,15,1,8,41.880028
419154,2,15,2,7,38.63847
419154,2,15,3,6,38.137653
419154,2,15,4,6,42.622272
419159,1,15,1,61,49.10555
419159,1,15,2,60,42.34736
419159,1,15,3,56,42.37317
419159,1,15,4,55,44.363262
419159,1,15,5,54,44.148907
419159,1,15,6,54,42.149853
419159,1,16,1,53,38.444435
419159,1,16,2,51,39.311985
419159,1,16,3,49,37.234215
419159,1,16,4,49,36.738503
419159,1,16,5,49,33.331417
419159,1,16,6,47,31.776045
419159,1,17,1,46,30.05658
419159,1,17,2,46,28.56415
419159,1,17,3,42,28.771267
419159,1,17,4,41,26.630934
419159,1,17,5,40,24.704659
419159,1,17,6,39,23.53647
419159,1,18,1,35,19.904806
419159,1,18,2,34,19.330822
419159,1,18,3,28,19.514664
419159,1,18,4,27,20.091526
419159,1,18,5,23,18.995115
419159,1,18,6,22,15.243975
419159,1,19,1,16,13.746218
419159,1,19,2,14,11.730306
419159,1,19,3,10,9.950955
419159,1,19,4,8,8.917404
419159,1,19,5,2,7.4322057
419159,1,19,6,1,3.6773214
419159,2,15,1,65,47.17419
419159,2,15,2,64,47.902092
419159,2,15,3,63,49.556522
419159,2,15,4,61,50.45241
419159,2,15,5,59,53.861134
419159,2,15,6,58,44.95595
419159,2,16,1,54,39.9233
419159,2,16,2,53,38.040268
419159,2,16,3,51,35.101772
419159,2,16,4,47,35.096832
419159,2,16,5,47,33.129673
419159,2,16,6,47,31.144415
419159,2,17,1,46,29.829723
419159,2,17,2,45,28.510912
419159,2,17,3,44,24.758934
419159,2,17,4,40,24.694921
419159,2,17,5,38,23.671124
419159,2,17,6,37,22.589542
419159,2,17,7,35,22.912682
419159,2,18,1,31,24.775528
419159,2,18,2,27,23.73215
419159,2,18,3,23,21.867958
419159,2,18,4,21,19.1523
419159,2,18,5,20,17.566803
419159,2,18,6,19,16.099432
419159,2,19,1,18,13.230763
419159,2,19,2,14,10.897008
419159,2,19,3,12,9.127756
419159,2,19,4,6,10.668752
501211,1,15,1,57,37.446842
501211,1,15,2,56,35.99637
501211,1,15,3,55,37.31544
501211,1,15,4,54,36.9967
501211,1,15,5,50,38.078922
501211,1,15,6,50,39.43851
501211,1,16,1,46,39.527763
501211,1,16,2,42,40.047398
501211,1,16,3,36,35.353752
501211,1,16,4,36,33.922794
501211,1,16,5,35,31.776245
501211,1,16,6,34,32.102016
501211,1,17,1,30,32.705986
501211,1,17,2,26,31.676071
501211,1,17,3,23,29.06343
501211,1,17,4,22,25.6134
501211,1,17,5,20,24.52913
501211,1,17,6,16,23.948952
501211,1,18,1,15,21.364025
501211,1,18,2,11,19.748314
501211,1,18,3,10,18.83471
501211,1,18,4,10,17.843317
501211,1,18,5,8,16.22487
501211,1,18,6,8,14.633173
501211,1,19,1,7,9.881936
501211,1,19,2,7,7.8153515
501211,1,19,3,6,7.8489447
501211,1,19,4,5,4.7460766
501211,1,19,5,4,4.335363
501211,1,19,6,0,2.2025762
501211,2,15,1,50,45.059143
501211,2,15,2,49,44.55846
501211,2,15,3,49,44.353436
501211,2,15,4,47,38.061817
501211,2,15,5,45,40.694515
501211,2,15,6,41,40.789326
501211,2,15,7,40,41.76613
501211,2,16,1,39,41.27347
501211,2,16,2,38,40.005623
501211,2,16,3,36,36.82661
501211,2,16,4,35,31.932947
501211,2,16,5,35,30.567753
501211,2,16,6,34,28.346275
501211,2,17,1,34,29.017433
501211,2,17,2,30,30.88327
501211,2,17,3,24,27.581902
501211,2,17,4,22,26.479458
501211,2,17,5,20,23.90383
501211,2,17,6,19,22.709469
501211,2,18,1,19,20.073488
501211,2,18,2,17,18.242815
501211,2,18,3,17,16.852615
501211,2,18,4,11,15.235869
501211,2,18,5,11,13.917956
501211,2,18,6,10,13.588897
501211,2,18,7,10,12.661673
501211,2,19,1,9,10.530792
501211,2,19,2,8,7.6575356
501211,2,19,3,7,6.752514
501211,2,19,4,6,5.2927
501211,2,19,5,5,3.4091048
501211,2,19,6,1,1.815505
501212,1,15,1,52,45.639824
501212,1,15,2,51,46.371292
501212,1,15,3,50,46.994633
501212,1,15,4,49,44.539158
501212,1,15,5,48,43.88111
501212,1,15,6,44,40.718094
501212,1,16,1,43,41.51421
501212,1,16,2,42,40.894962
501212,1,16,3,40,38.95758
501212,1,16,4,38,36.404453
501212,1,16,5,38,35.163628
501212,1,16,6,37,33.958866
501212,1,17,1,36,28.981768
501212,1,17,2,36,31.208961
501212,1,17,3,29,29.451502
501212,1,17,4,28,26.713753
501212,1,17,5,28,25.976915
501212,1,17,6,27,24.01042
501212,1,17,7,23,22.619112
501212,1,18,1,21,20.772177
501212,1,18,2,20,19.378124
501212,1,18,3,19,17.058704
501212,1,18,4,15,14.510547
501212,1,18,5,9,13.905212
501212,1,18,6,9,11.493313
501212,1,18,7,9,8.751053
501212,1,19,1,9,9.496315
501212,1,19,2,5,7.9759946
501212,1,19,3,3,5.7753215
501212,1,19,4,2,3.9663496
501212,1,19,5,2,2.8481095
501212,1,19,6,1,1.7743121
501212,2,15,1,27,53.361202
501212,2,15,2,26,52.87574
501212,2,15,3,25,52.090702
501212,2,15,4,19,48.269817
501212,2,15,5,19,52.742348
501212,2,15,6,15,45.24025
501212,2,16,1,15,40.680027
501212,2,16,2,15,39.211018
501212,2,16,3,14,38.565525
501212,2,16,4,12,34.730484
501212,2,16,5,11,33.104206
501212,2,16,6,11,33.199306
501212,2,17,1,10,29.462004
501212,2,17,2,9,27.688332
501212,2,17,3,5,26.795517
501212,2,17,4,1,25.226042
501214,1,15,1,1,8.120393
501214,1,15,2,0,3.2694945
501223,1,15,1,58,47.52309
501223,1,15,2,57,48.365288
501223,1,15,3,56,52.83176
501223,1,15,4,53,51.826733
501223,1,15,5,52,44.827393
501223,1,15,6,52,43.01128
501223,1,16,1,51,41.522297
501223,1,16,2,51,40.026283
501223,1,16,3,50,33.10896
501223,1,16,4,49,29.661655
501223,1,16,5,48,29.069899
501223,1,16,6,47,27.66306
501223,1,17,1,47,25.41865
501223,1,17,2,47,28.410513
501223,1,17,3,43,27.634346
501223,1,17,4,42,24.404474
501223,1,17,5,40,22.550049
501223,1,17,6,40,23.034643
501223,1,18,1,34,20.414639
501223,1,18,2,34,18.444397
501223,1,18,3,33,20.353039
501223,1,18,4,29,17.417057
501223,1,18,5,29,16.10418
501223,1,18,6,28,14.50015
501223,1,19,1,22,13.300391
501223,1,19,2,18,11.807076
501223,1,19,3,13,9.788423
501223,1,19,4,9,8.800556
501223,1,19,5,8,9.013909
501223,1,19,6,2,3.4004307
501223,1,19,7,1,2.3230088
501223,2,15,1,55,55.710617
501223,2,15,2,49,55.081207
501223,2,15,3,49,54.629204
501223,2,15,4,48,49.342304
501223,2,15,5,48,45.976337
501223,2,15,6,47,45.17796
501223,2,16,1,41,40.942898
501223,2,16,2,40,41.20355
501223,2,16,3,39,39.41415
501223,2,16,4,33,38.38254
501223,2,16,5,29,37.09832
501223,2,16,6,28,35.336815
501223,2,16,7,27,35.17879
501223,2,17,1,26,32.092896
501223,2,17,2,24,29.539999
501223,2,17,3,24,28.087358
501223,2,17,4,18,25.592638
501223,2,17,5,18,25.148428
501223,2,17,6,14,22.83791
501223,2,18,1,14,21.05027
501223,2,18,2,14,19.299625
501223,2,18,3,13,16.368816
501223,2,18,4,13,15.616063
501223,2,18,5,12,13.453158
501223,2,18,6,11,13.809455
501223,2,19,1,7,7.815377
501223,2,19,2,7,7.1320333
501223,2,19,3,6,6.1967545
501223,2,19,4,5,6.145739
501223,2,19,5,1,5.2812705
501223,2,19,6,1,2.7922568
501226,1,15,1,43,46.70268
501226,1,15,2,39,41.26328
501226,1,15,3,38,40.988937
501226,1,15,4,37,40.311382
501226,1,15,5,36,37.893497
501226,1,15,6,35,36.410606
501226,1,15,7,34,32.591328
501226,1,16,1,33,39.319153
501226,1,16,2,32,38.80998
501226,1,16,3,28,38.365967
501226,1,16,4,24,36.45206
501226,1,16,5,24,35.828728
501226,1,16,6,24,32.969105
501226,1,17,1,24,32.625675
501226,1,17,2,20,28.447046
501226,1,17,3,20,23.221085
501226,1,17,4,20,21.015951
501226,1,17,5,19,21.457659
501226,1,17,6,19,20.026258
501226,1,17,7,18,21.133242
501226,1,18,1,16,18.161823
501226,1,18,2,15,15.86239
501226,1,18,3,15,13.123098
501226,1,18,4,14,13.200598
501226,1,18,5,13,12.419132
501226,1,18,6,11,10.262249
501226,1,19,1,9,8.186741
501226,1,19,2,9,8.637381
501226,1,19,3,3,7.1896763
501226,1,19,4,2,6.2887845
501226,1,19,5,1,4.6811066
501226,1,19,6,0,2.1338594
501226,2,15,1,24,49.144108
501226,2,15,2,23,48.329315
501226,2,15,3,23,44.351704
501226,2,15,4,21,42.653744
501226,2,15,5,20,40.54133
501226,2,15,6,19,37.785007
501226,2,16,1,19,35.96706
501226,2,16,2,18,34.045967
501226,2,16,3,18,31.340143
501226,2,16,4,18,27.759766
501226,2,16,5,17,26.804218
501226,2,16,6,17,24.436895
501226,2,17,1,15,24.843344
501226,2,17,2,15,22.351173
501226,2,17,3,15,21.966627
501226,2,17,4,14,21.324512
501226,2,17,5,13,21.671436
501226,2,17,6,12,20.32265
501226,2,18,1,11,19.419247
501226,2,18,2,10,19.20677
501226,2,18,3,8,16.350332
501226,2,18,4,8,14.381949
501226,2,18,5,7,10.058451
501226,2,18,6,7,8.882406
501226,2,18,7,6,10.018901
501226,2,19,1,4,7.1502113
501226,2,19,2,3,2.9552312
501226,2,19,3,3,3.0675654
501226,2,19,4,2,2.9322343
501226,2,19,5,1,1.8699938
501226,2,19,6,0,0.36166877
501227,1,15,1,45,45.502037
501227,1,15,2,45,43.15494
501227,1,15,3,45,42.008114
501227,1,15,4,45,39.174347
501227,1,15,5,45,41.554756
501227,1,15,6,39,38.83359
501227,1,16,1,38,39.561543
501227,1,16,2,37,37.230957
501227,1,16,3,36,34.733303
501227,1,16,4,36,33.704075
501227,1,16,5,36,31.916666
501227,1,16,6,35,29.124153
501227,1,16,7,35,34.615982
501227,1,17,1,29,32.695694
501227,1,17,2,25,31.595747
501227,1,17,3,24,30.637346
501227,1,17,4,23,29.558207
501227,1,17,5,22,27.22564
501227,1,17,6,21,23.587116
501227,1,18,1,20,20.796963
501227,1,18,2,18,20.217735
501227,1,18,3,18,18.452286
501227,1,18,4,17,16.522352
501227,1,18,5,16,16.028893
501227,1,18,6,10,14.818488
501227,1,18,7,10,14.028091
501227,1,18,8,9,13.599901
501227,1,18,9,9,12.948648
501227,1,19,1,9,10.779577
501227,1,19,2,9,8.6508255
501227,1,19,3,9,7.3137608
501227,1,19,4,3,5.363209
501227,1,19,5,2,4.7083592
501227,1,19,6,1,2.4261656
501227,1,19,7,1,2.4822838
501227,2,15,1,44,42.853466
501227,2,15,2,44,42.904198
501227,2,15,3,38,43.076763
501227,2,15,4,37,42.50805
501227,2,15,5,36,44.457962
501227,2,15,6,32,44.041023
501227,2,16,1,32,45.006462
501227,2,16,2,26,39.91418
501227,2,16,3,25,38.9584
501227,2,16,4,24,38.129898
501227,2,16,5,23,34.62401
501227,2,16,6,22,31.024883
501227,2,16,7,22,27.33804
501227,2,16,8,22,24.812366
501227,2,17,1,22,23.849693
501227,2,17,2,22,26.052177
501227,2,17,3,22,24.054651
501227,2,17,4,21,22.569805
501227,2,17,5,20,19.881401
501227,2,17,6,16,19.670912
501227,2,18,1,12,19.551212
501227,2,18,2,11,18.914463
501227,2,18,3,10,16.64699
501227,2,18,4,9,15.266764
501227,2,18,5,5,13.392682
501227,2,18,6,4,12.141342
501227,2,18,7,4,12.059673
501227,2,19,1,3,10.457168
501227,2,19,2,2,9.400316
501227,2,19,3,1,6.364318
501228,1,15,1,50,44.014774
501228,1,15,2,49,51.16453
501228,1,15,3,43,47.496872
501228,1,15,4,43,43.4786
501228,1,15,5,43,42.008404
501228,1,15,6,41,43.993217
501228,1,16,1,40,38.4581
501228,1,16,2,34,35.71411
501228,1,16,3,32,35.15461
501228,1,16,4,31,33.546528
501228,1,16,5,29,33.362648
501228,1,16,6,29,33.065033
501228,1,16,7,28,27.130186
501228,1,17,1,28,23.975225
501228,1,17,2,27,22.991901
501228,1,17,3,26,20.579857
501228,1,17,4,25,24.55591
501228,1,17,5,21,23.094597
501228,1,17,6,20,20.56236
501228,1,17,7,19,19.731148
501228,1,17,8,18,19.318459
501228,1,18,1,18,16.78318
501228,1,18,2,18,15.476195
501228,1,18,3,18,13.686277
501228,1,18,4,17,11.193137
501228,1,18,5,17,10.335274
501228,1,18,6,16,9.776183
501228,1,19,1,15,8.795033
501228,1,19,2,13,7.368689
501228,1,19,3,7,6.0281563
501228,1,19,4,7,7.062337
501228,1,19,5,1,5.2082243
501228,1,19,6,1,2.8791935
501228,2,15,1,41,37.437897
501228,2,15,2,40,46.421898
501228,2,15,3,39,34.7605
501228,2,15,4,38,39.591
501228,2,15,5,37,41.055206
501228,2,15,6,36,36.410046
501228,2,16,1,35,35.557617
501228,2,16,2,34,34.066433
501228,2,16,3,33,34.175262
501228,2,16,4,32,33.12309
501228,2,16,5,28,29.9041
501228,2,16,6,27,27.475096
501228,2,16,7,26,26.467722
501228,2,17,1,25,24.071367
501228,2,17,2,25,22.197266
501228,2,17,3,19,22.101873
501228,2,17,4,17,19.6371
501228,2,17,5,17,19.057861
501228,2,17,6,17,18.1243
501228,2,18,1,11,18.828642
501228,2,18,2,10,17.824251
501228,2,18,3,9,16.135927
501228,2,18,4,8,13.77139
501228,2,18,5,7,12.634005
501228,2,18,6,6,10.26531
501228,2,19,1,5,9.72772
501228,2,19,2,5,7.237514
501228,2,19,3,4,6.7171774
501231,1,15,1,27,33.82378
501231,1,15,2,26,31.06667
501231,1,15,3,26,28.49412
501231,1,15,4,26,22.947218
501231,1,15,5,24,24.53748
501231,1,15,6,23,25.250425
501231,1,16,1,23,18.156313
501231,1,16,2,22,37.414726
501231,1,16,3,18,35.266544
501231,1,16,4,17,35.870464
501231,1,16,5,16,34.376106
501231,1,16,6,15,33.834957
501231,1,17,1,13,29.83464
501231,1,17,2,13,24.065872
501231,1,17,3,12,17.796215
501231,1,17,4,12,15.852028
501231,1,17,5,12,12.795932
501231,1,17,6,12,12.87518
501231,1,18,1,11,10.969318
501231,1,18,2,11,11.179768
501231,1,18,3,10,11.34258
501231,1,18,4,9,9.403487
501231,1,18,5,9,7.7459817
501231,1,18,6,9,7.0710397
501231,1,19,1,9,5.878672
501231,1,19,2,9,5.8820124
501231,1,19,3,8,5.307095
501231,1,19,4,7,4.357829
501231,1,19,5,6,3.4458513
501231,1,19,6,6,1.2568022
501231,2,15,1,22,47.947605
501231,2,15,2,20,44.846874
501231,2,15,3,19,39.211155
501231,2,15,4,19,39.815483
501231,2,15,5,18,37.50392
501231,2,15,6,17,33.26313
501231,2,15,7,16,30.20795
501231,2,16,1,15,31.777733
501231,2,16,2,15,31.567831
501231,2,16,3,14,22.749784
501231,2,16,4,10,22.06337
501231,2,16,5,8,19.145765
501231,2,16,6,8,16.984922
501231,2,17,1,7,15.539238
501231,2,17,2,5,19.173761
501231,2,17,3,5,18.703438
501231,2,17,4,1,16.148054
501231,2,17,5,1,16.445724
501231,2,17,6,1,14.367312
501231,2,18,1,1,13.193439
501232,1,15,1,63,61.929626
501232,1,15,2,59,51.835365
501232,1,15,3,55,50.79208
501232,1,15,4,55,46.554012
501232,1,15,5,54,44.397526
501232,1,15,6,48,41.3821
501232,1,16,1,47,42.911873
501232,1,16,2,43,35.644646
501232,1,16,3,42,35.19259
501232,1,16,4,41,34.147755
501232,1,16,5,41,30.343605
501232,1,16,6,40,29.700562
501232,1,17,1,40,27.213428
501232,1,17,2,39,26.713732
501232,1,17,3,33,27.751637
501232,1,17,4,27,25.37764
501232,1,17,5,26,23.02999
501232,1,17,6,20,24.049496
501232,1,17,7,20,23.427986
501232,1,18,1,16,23.534292
501232,1,18,2,14,20.72724
501232,1,18,3,12,20.55834
501232,1,18,4,12,16.180065
501232,1,18,5,10,15.55637
501232,1,18,6,10,14.650882
501232,1,19,1,6,12.124712
501232,1,19,2,4,9.499732
501232,1,19,3,2,7.8238454
501232,1,19,4,2,5.9974957
501232,1,19,5,2,3.8983543
501232,1,19,6,2,2.0260108
501232,2,15,1,47,45.258507
501232,2,15,2,41,46.711205
501232,2,15,3,37,48.454796
501232,2,15,4,31,47.33036
501232,2,15,5,30,43.002686
501232,2,15,6,29,42.676872
501232,2,16,1,28,41.269012
501232,2,16,2,28,39.298237
501232,2,16,3,27,37.58116
501232,2,16,4,26,34.769577
501232,2,16,5,24,36.175884
501232,2,16,6,24,31.369091
501232,2,17,1,22,31.247038
501232,2,17,2,21,28.323805
501232,2,17,3,21,25.95108
501232,2,17,4,20,24.392271
501232,2,17,5,20,23.5931
501232,2,17,6,19,23.735723
501232,2,18,1,19,19.410322
501232,2,18,2,19,19.13116
501232,2,18,3,18,15.804443
501232,2,18,4,18,13.611577
501232,2,18,5,18,12.851921
501232,2,18,6,18,10.091929
501232,2,19,1,17,11.140545
501232,2,19,2,13,9.809046
501232,2,19,3,12,8.575009
501232,2,19,4,8,7.517526
501232,2,19,5,2,5.892511
501232,2,19,6,1,4.207888
501232,2,19,7,0,3.9129255
501233,1,15,1,63,42.841866
501233,1,15,2,61,45.16313
501233,1,15,3,55,43.258442
501233,1,15,4,55,43.406277
501233,1,15,5,51,41.50711
501233,1,15,6,50,37.48632
501233,1,15,7,49,39.15926
501233,1,16,1,45,36.60959
501233,1,16,2,45,34.425217
501233,1,16,3,45,32.297417
501233,1,16,4,44,38.948982
501233,1,16,5,38,33.58495
501233,1,16,6,38,30.39439
501233,1,17,1,34,34.748188
501233,1,17,2,30,34.737328
501233,1,17,3,30,31.636848
501233,1,17,4,26,29.666986
501233,1,17,5,25,24.982914
501233,1,17,6,25,22.078411
501233,1,18,1,19,21.127481
501233,1,18,2,19,20.426224
501233,1,18,3,13,19.043106
501233,1,18,4,12,14.582585
501233,1,18,5,12,13.597717
501233,1,18,6,11,13.1925955
501233,1,19,1,10,11.86327
501233,1,19,2,10,9.228799
501233,1,19,3,9,7.8237185
501233,1,19,4,5,6.10083
501233,1,19,5,1,5.346655
501233,1,19,6,0,2.2405322
501233,2,15,1,27,47.51471
501233,2,15,2,26,43.47176
501233,2,15,3,26,41.22526
501233,2,15,4,25,38.436363
501233,2,15,5,21,38.366302
501233,2,15,6,20,38.528133
501233,2,16,1,20,35.184563
501233,2,16,2,19,34.82903
501233,2,16,3,18,35.549644
501233,2,16,4,12,32.747368
501233,2,16,5,12,31.19089
501233,2,16,6,11,30.171099
501233,2,17,1,10,29.221523
501233,2,17,2,10,28.606758
501233,2,17,3,9,21.566364
501233,2,17,4,8,23.175303
501233,2,17,5,2,21.577467
501233,2,17,6,1,19.45945
501233,2,18,1,1,15.765101
501233,2,18,2,1,13.05967
501233,2,18,3,1,6.6562195
501233,2,18,4,1,5.474167
501233,2,18,5,0,0.89939535
501242,1,15,1,58,44.044285
501242,1,15,2,57,46.525673
501242,1,15,3,57,44.62926
501242,1,15,4,56,43.83787
501242,1,15,5,56,41.697964
501242,1,15,6,55,39.457096
501242,1,16,1,54,38.345562
501242,1,16,2,48,35.667713
501242,1,16,3,47,34.09092
501242,1,16,4,46,36.548557
501242,1,16,5,44,34.392544
501242,1,16,6,43,32.790306
501242,1,17,1,42,31.378534
501242,1,17,2,38,29.276571
501242,1,17,3,36,27.574472
501242,1,17,4,35,25.745218
501242,1,17,5,34,23.502758
501242,1,17,6,34,21.641933
501242,1,17,7,33,20.786943
501242,1,18,1,31,18.396482
501242,1,18,2,30,18.606125
501242,1,18,3,26,16.60672
501242,1,18,4,26,15.713435
501242,1,18,5,24,13.631023
501242,1,18,6,23,9.66434
501242,1,18,7,23,9.730531
501242,1,19,1,22,9.687297
501242,1,19,2,21,9.185314
501242,1,19,3,15,8.950074
501242,1,19,4,11,7.1624575
501242,1,19,5,5,7.205561
501242,1,19,6,1,5.3105416
501242,2,15,1,39,50.812782
501242,2,15,2,37,50.69085
501242,2,15,3,36,48.039547
501242,2,15,4,35,41.562572
501242,2,15,5,35,40.566345
501242,2,15,6,34,39.65581
501242,2,16,1,33,35.95356
501242,2,16,2,33,39.899956
501242,2,16,3,27,37.876305
501242,2,16,4,23,35.73798
501242,2,16,5,22,35.463314
501242,2,16,6,21,34.93596
501242,2,17,1,20,31.125011
501242,2,17,2,19,28.497225
501242,2,17,3,18,25.074625
501242,2,17,4,18,22.343304
501242,2,17,5,18,21.738565
501242,2,17,6,17,22.279541
501242,2,18,1,13,21.541187
501242,2,18,2,12,18.437675
501242,2,18,3,8,17.624405
501242,2,18,4,7,15.319999
501242,2,18,5,7,13.30361
501242,2,18,6,7,10.715458
501242,2,19,1,7,10.127872
501242,2,19,2,5,8.334836
501242,2,19,3,3,6.7260723
501242,2,19,4,2,6.2566
501242,2,19,5,1,4.342743
501242,2,19,6,0,1.0730287
501245,1,15,1,37,45.672523
501245,1,15,2,36,43.50806
501245,1,15,3,35,41.893444
501245,1,15,4,35,36.620045
501245,1,15,5,35,37.20578
501245,1,15,6,34,33.214188
501245,1,16,1,33,26.675808
501245,1,16,2,31,23.855062
501245,1,16,3,30,20.964813
501245,1,16,4,29,20.437586
501245,1,16,5,29,20.063728
501245,1,16,6,28,21.36709
501245,1,16,7,26,17.652666
501245,1,17,1,20,22.241491
501245,1,17,2,19,21.445042
501245,1,17,3,18,21.005991
501245,1,17,4,18,21.494713
501245,1,17,5,18,21.624523
501245,1,17,6,17,16.654438
501245,1,18,1,16,15.039687
501245,1,18,2,15,12.695504
501245,1,18,3,15,12.417575
501245,1,18,4,13,11.000583
501245,1,18,5,9,10.254636
501245,1,18,6,8,11.876685
501245,1,19,1,7,10.280281
501245,1,19,2,6,8.107346
501245,1,19,3,5,7.0814247
501245,1,19,4,4,7.4681077
501245,1,19,5,2,5.9935784
501245,1,19,6,1,2.4010305
501257,1,15,1,44,42.988907
501257,1,15,2,43,46.118614
501257,1,15,3,42,44.11771
501257,1,15,4,42,42.621246
501257,1,15,5,41,39.175575
501257,1,15,6,40,33.55633
501257,1,15,7,40,41.19453
501257,1,15,8,36,43.958416
501257,1,16,1,36,37.716103
501257,1,16,2,35,35.55936
501257,1,16,3,33,35.67871
501257,1,16,4,32,35.8324
501257,1,16,5,32,33.540016
501257,1,16,6,31,31.164436
501257,1,17,1,29,29.890945
501257,1,17,2,28,28.285896
501257,1,17,3,27,26.058723
501257,1,17,4,26,25.354836
501257,1,17,5,26,23.481653
501257,1,17,6,22,22.438517
501257,1,18,1,22,21.934875
501257,1,18,2,22,19.186436
501257,1,18,3,18,17.174583
501257,1,18,4,14,16.104631
501257,1,18,5,14,14.281129
501257,1,18,6,13,12.865079
501257,1,19,1,12,11.3069105
501257,1,19,2,8,9.218393
501257,1,19,3,6,7.826569
501257,1,19,4,2,5.261566
501257,1,19,5,2,4.0506053
501257,1,19,6,1,2.5644646
501257,2,15,1,44,33.834515
501257,2,15,2,44,35.294167
501257,2,15,3,43,35.342316
501257,2,15,4,43,38.556957
501257,2,15,5,39,36.15702
501257,2,15,6,39,34.63118
501257,2,16,1,39,32.956184
501257,2,16,2,38,34.48764
501257,2,16,3,34,32.66849
501257,2,16,4,32,31.041965
501257,2,16,5,31,30.42493
501257,2,16,6,31,29.32684
501257,2,17,1,31,28.061857
501257,2,17,2,31,21.81176
501257,2,17,3,31,24.321291
501257,2,17,4,25,19.116812
501257,2,17,5,25,21.052692
501257,2,17,6,21,21.02793
501257,2,17,7,20,20.37608
501257,2,18,1,16,20.47647
501257,2,18,2,14,17.301533
501257,2,18,3,13,13.817717
501257,2,18,4,13,12.233716
501257,2,18,5,13,10.577586
501257,2,18,6,13,8.682572
501257,2,19,1,13,7.1620507
501257,2,19,2,11,7.330639
501257,2,19,3,5,7.671762
501257,2,19,4,1,4.890913
501257,2,19,5,0,3.620006
501257,2,19,6,0,2.2334297
501259,1,15,1,44,32.18085
501259,1,15,2,43,33.052563
501259,1,15,3,42,31.896313
501259,1,15,4,41,32.17273
501259,1,15,5,40,31.855318
501259,1,15,6,39,39.289436
501259,1,15,7,38,38.067646
501259,1,16,1,37,32.44326
501259,1,16,2,37,34.379642
501259,1,16,3,37,32.369015
501259,1,16,4,36,26.958853
501259,1,16,5,36,30.52431
501259,1,16,6,34,23.791466
501259,1,17,1,34,28.38988
501259,1,17,2,32,28.536171
501259,1,17,3,32,25.423403
501259,1,17,4,32,26.159803
501259,1,17,5,31,24.700315
501259,1,17,6,25,24.221893
501259,1,18,1,24,21.26684
501259,1,18,2,23,20.026709
501259,1,18,3,22,19.05005
501259,1,18,4,18,17.669428
501259,1,18,5,17,12.60644
501259,1,18,6,16,11.617009
501259,1,19,1,15,11.4914875
501259,1,19,2,9,8.989333
501259,1,19,3,9,6.6257772
501259,1,19,4,8,5.7537885
501259,1,19,5,8,5.1906233
501259,1,19,6,2,2.9307625
501259,2,15,1,30,49.810425
501259,2,15,2,30,48.366245
501259,2,15,3,29,43.449615
501259,2,15,4,29,39.88449
501259,2,15,5,29,41.129025
501259,2,15,6,27,38.439938
501259,2,15,7,26,33.840397
501259,2,16,1,26,39.439587
501259,2,16,2,22,39.72153
501259,2,16,3,22,37.874554
501259,2,16,4,21,36.464764
501259,2,16,5,15,35.227657
501259,2,16,6,14,31.405787
501259,2,17,1,14,28.228537
501259,2,17,2,13,26.238491
501259,2,17,3,12,26.313948
501259,2,17,4,12,24.179409
501259,2,17,5,12,19.99502
501259,2,17,6,12,19.24798
501259,2,18,1,12,15.431609
501259,2,18,2,12,13.9283
501259,2,18,3,11,12.736695
501259,2,18,4,10,10.8012705
501259,2,18,5,8,10.398128
501259,2,18,6,6,9.174934
501259,2,19,1,5,7.984013
501259,2,19,2,4,7.4854393
501269,1,15,1,45,45.180668
501269,1,15,2,44,42.68895
501269,1,15,3,43,37.778862
501269,1,15,4,42,38.75299
501269,1,15,5,40,37.47605
501269,1,15,6,39,35.373287
501269,1,15,7,38,36.970222
501269,1,16,1,37,37.12155
501269,1,16,2,33,33.91306
501269,1,16,3,32,36.96501
501269,1,16,4,28,35.41094
501269,1,16,5,27,34.411396
501269,1,16,6,26,31.037271
501269,1,17,1,26,28.218605
501269,1,17,2,26,24.862883
501269,1,17,3,26,22.83066
501269,1,17,4,25,21.243355
501269,1,17,5,24,19.962666
501269,1,17,6,23,19.128605
501269,1,18,1,22,18.668041
501269,1,18,2,18,17.15208
501269,1,18,3,17,15.153666
501269,1,18,4,16,12.696294
501269,1,18,5,15,11.556277
501269,1,18,6,14,10.610807
501269,1,18,7,13,9.236636
501269,1,19,1,13,8.662021
501269,1,19,2,11,8.096998
501269,1,19,3,5,7.0361986
501269,1,19,4,4,4.9959164
501269,1,19,5,3,4.2474422
501269,1,19,6,1,3.582819
501269,2,15,1,28,48.11407
501269,2,15,2,26,45.490047
501269,2,15,3,26,47.008953
501269,2,15,4,25,37.736267
501269,2,15,5,25,38.781666
501269,2,15,6,25,37.536045
501269,2,16,1,25,36.83838
501269,2,16,2,24,33.888897
501269,2,16,3,23,31.893503
501269,2,16,4,23,35.4386
501269,2,16,5,19,33.07821
501269,2,16,6,18,29.899355
501269,2,17,1,18,29.345028
501269,2,17,2,17,28.51752
501269,2,17,3,16,27.230297
501269,2,17,4,16,23.957956
501269,2,17,5,15,23.15186
501269,2,17,6,15,21.73536
501269,2,18,1,15,21.682514
501269,2,18,2,11,18.708963
501269,2,18,3,11,18.077166
501269,2,18,4,10,16.49438
501269,2,18,5,8,15.019284
501269,2,18,6,7,12.672684
501269,2,19,1,7,10.829998
501269,2,19,2,6,11.252338
548309,1,15,1,64,48.465347
548309,1,15,2,60,45.61526
548309,1,15,3,59,45.207527
548309,1,15,4,59,42.96639
548309,1,15,5,58,46.764557
548309,1,15,6,54,49.217113
548309,1,16,1,53,37.355377
548309,1,16,2,52,34.829247
548309,1,16,3,51,36.91856
548309,1,16,4,47,33.59325
548309,1,16,5,43,33.073265
548309,1,16,6,39,40.008495
548309,1,17,1,35,34.121555
548309,1,17,2,29,29.31655
548309,1,17,3,29,29.33173
548309,1,17,4,28,26.46672
548309,1,17,5,28,23.268856
548309,1,17,6,27,22.533062
548309,1,18,1,26,19.196192
548309,1,18,2,25,20.651083
548309,1,18,3,21,18.364222
548309,1,18,4,20,16.170938
548309,1,18,5,19,15.656324
548309,1,18,6,19,13.950034
548309,1,18,7,17,14.79815
548309,1,19,1,13,12.998574
548309,1,19,2,12,11.227742
548309,1,19,3,11,6.62689
548309,1,19,4,11,6.244174
548309,1,19,5,5,5.291672
548309,1,19,6,1,3.4337358
548309,2,15,1,43,45.269318
548309,2,15,2,39,43.681114
548309,2,15,3,38,43.826057
548309,2,15,4,37,39.86444
548309,2,15,5,37,40.820744
548309,2,15,6,33,21.90515
548309,2,16,1,33,24.560476
548309,2,16,2,32,27.682947
548309,2,16,3,31,27.27744
548309,2,16,4,30,27.45747
548309,2,16,5,30,27.708689
548309,2,16,6,29,26.306059
548309,2,17,1,28,23.88129
548309,2,17,2,27,23.900707
548309,2,17,3,26,21.879484
548309,2,17,4,25,22.532408
548309,2,17,5,24,21.108501
548309,2,17,6,24,20.884995
548309,2,18,1,18,20.414934
548309,2,18,2,17,17.635508
548309,2,18,3,17,17.524582
548309,2,18,4,17,13.643457
548309,2,18,5,11,11.593865
548309,2,18,6,10,10.940069
548309,2,19,1,8,9.491179
548309,2,19,2,8,8.581748
548309,2,19,3,6,5.9393935
548309,2,19,4,5,4.310964
548309,2,19,5,4,3.3926976
548309,2,19,6,2,2.055363
548315,1,15,1,37,44.964424
548315,1,15,2,35,45.898838
548315,1,15,3,35,48.55529
548315,1,15,4,33,48.991497
548315,1,15,5,32,44.57018
548315,1,15,6,31,42.578926
548315,1,16,1,30,41.9594
548315,1,16,2,26,39.180832
548315,1,16,3,26,37.02604
548315,1,16,4,26,35.53919
548315,1,16,5,25,30.262629
548315,1,16,6,25,30.379753
548315,1,17,1,23,26.952845
548315,1,17,2,22,26.150087
548315,1,17,3,22,24.321302
548315,1,17,4,21,24.07122
548315,1,17,5,20,22.932442
548315,1,17,6,19,22.324947
548315,1,17,7,18,22.396738
548315,1,17,8,17,19.643661
548315,1,18,1,15,18.053587
548315,1,18,2,15,17.131237
548315,1,18,3,14,13.37836
548315,1,18,4,14,11.586303
548315,1,18,5,14,10.959132
548315,1,18,6,14,8.931754
548315,1,19,1,12,8.041351
548315,1,19,2,12,6.791695
548315,1,19,3,11,5.283974
548315,1,19,4,11,5.074045
548315,1,19,5,5,3.7081125
548315,1,19,6,4,2.1586
548315,2,15,1,42,21.567373
548315,2,15,2,41,25.619709
548315,2,15,3,37,23.965569
548315,2,15,4,36,23.298643
548315,2,15,5,35,24.62125
548315,2,15,6,34,27.141829
548315,2,15,7,33,30.425554
548315,2,15,8,33,24.999985
548315,2,16,1,32,28.456707
548315,2,16,2,32,28.578022
548315,2,16,3,32,27.456078
548315,2,16,4,30,29.94075
548315,2,16,5,30,29.086489
548315,2,16,6,30,29.141975
548315,2,17,1,24,25.83457
548315,2,17,2,23,24.034517
548315,2,17,3,21,22.576721
548315,2,17,4,20,24.161936
548315,2,17,5,19,25.383327
548315,2,17,6,18,21.95497
548315,2,17,7,17,14.501882
548315,2,18,1,17,11.694286
548315,2,18,2,15,11.2396145
548315,2,18,3,14,11.309464
548315,2,18,4,13,12.48481
548315,2,18,5,9,12.10446
548315,2,18,6,8,10.684391
548315,2,18,7,7,10.086548
548315,2,19,1,5,7.6394076
548315,2,19,2,4,6.898114
548315,2,19,3,3,5.1245255
548315,2,19,4,2,3.880915
548315,2,19,5,1,3.969596
548315,2,19,6,0,0.40256825
548316,1,15,1,30,42.66393
548316,1,15,2,29,42.71395
548316,1,15,3,28,38.172592
548316,1,15,4,27,37.084335
548316,1,15,5,27,33.005604
548316,1,15,6,27,32.841526
548316,1,16,1,27,32.681133
548316,1,16,2,25,32.961563
548316,1,16,3,25,31.607737
548316,1,16,4,24,30.091654
548316,1,16,5,23,27.454107
548316,1,16,6,22,26.066809
548316,1,17,1,21,21.518414
548316,1,17,2,21,21.641872
548316,1,17,3,20,22.1079
548316,1,17,4,19,21.5195
548316,1,17,5,18,20.548216
548316,1,17,6,17,19.697968
548316,1,18,1,16,17.869541
548316,1,18,2,12,17.008633
548316,1,18,3,10,15.846094
548316,1,18,4,10,12.694427
548316,1,18,5,10,11.7177725
548316,1,18,6,8,10.224861
548316,1,19,1,7,9.04516
548316,1,19,2,7,7.9147243
548316,1,19,3,3,6.7715487
548316,1,19,4,2,5.677333
548316,1,19,5,2,3.7898765
548316,1,19,6,1,2.1636496
548325,1,15,1,13,22.929419
548325,1,15,2,12,24.67248
548325,1,15,3,12,24.407692
548325,1,15,4,12,22.937605
548325,1,15,5,12,19.55767
548325,1,15,6,12,20.40057
548325,1,16,1,12,19.24273
548325,1,16,2,12,14.124553
548325,1,16,3,11,14.117202
548325,1,16,4,11,13.018992
548325,1,16,5,11,16.0627
548325,1,16,6,11,16.747517
548325,1,16,7,9,18.371368
548325,1,17,1,9,18.200554
548325,1,17,2,9,17.93021
548325,1,17,3,9,23.5977
548325,1,17,4,8,24.533249
548325,1,17,5,4,21.42163
548325,1,17,6,3,12.279
548325,1,17,7,3,12.674849
548325,1,18,1,3,8.495714
548325,1,18,2,2,8.504864
548325,1,18,3,2,7.7130046
548325,1,18,4,2,7.0927696
548325,1,18,5,1,6.677295
548325,1,18,6,0,6.918937
548325,1,19,1,0,5.6967726
548325,1,19,2,0,1.2259163
548332,1,15,1,39,47.76614
548332,1,15,2,39,45.61462
548332,1,15,3,38,44.923687
548332,1,15,4,34,37.427704
548332,1,15,5,30,37.983814
548332,1,15,6,30,38.508373
548332,1,16,1,30,39.594933
548332,1,16,2,26,39.414894
548332,1,16,3,20,39.01375
548332,1,16,4,20,27.850996
548332,1,16,5,20,34.368404
548332,1,16,6,18,32.93204
548332,1,17,1,17,27.1047
548332,1,17,2,16,18.092394
548332,1,17,3,16,18.439903
548332,1,17,4,15,16.627104
548332,1,17,5,14,16.740929
548332,1,17,6,14,17.128128
548332,1,18,1,13,16.563166
548332,1,18,2,7,15.302865
548332,1,18,3,6,13.181041
548332,1,18,4,5,11.719824
548332,1,18,5,4,14.277707
548332,1,18,6,4,13.292563
548332,1,19,1,4,11.782465
548332,1,19,2,3,8.619448
548332,1,19,3,3,4.366657
548332,1,19,4,3,5.423265
548332,1,19,5,1,3.222162
548332,1,19,6,0,2.768465
548332,2,15,1,43,36.02253
548332,2,15,2,42,32.84928
548332,2,15,3,38,31.786251
548332,2,15,4,37,33.19876
548332,2,15,5,35,32.698444
548332,2,15,6,33,32.57855
548332,2,15,7,32,31.076746
548332,2,16,1,31,36.8763
548332,2,16,2,31,35.154037
548332,2,16,3,30,23.014103
548332,2,16,4,30,22.415298
548332,2,16,5,29,18.453999
548332,2,16,6,29,20.12632
548332,2,17,1,29,18.578678
548332,2,17,2,28,17.705801
548332,2,17,3,27,14.961152
548332,2,17,4,25,17.130486
548332,2,17,5,21,19.889421
548332,2,17,6,20,21.81379
548332,2,18,1,16,19.472612
548332,2,18,2,14,19.82495
548332,2,18,3,12,18.32765
548332,2,18,4,11,17.376614
548332,2,18,5,9,16.736525
548332,2,18,6,9,12.774305
548332,2,19,1,8,11.718881
548332,2,19,2,7,9.52142
548332,2,19,3,6,9.066868
548332,2,19,4,4,6.884233
548332,2,19,5,3,5.7019086
548332,2,19,6,2,3.2755525
548341,1,15,1,55,45.5872
548341,1,15,2,54,46.232224
548341,1,15,3,53,46.527786
548341,1,15,4,49,42.391853
548341,1,15,5,43,43.481667
548341,1,15,6,37,40.287117
548341,1,16,1,36,38.484142
548341,1,16,2,35,36.259247
548341,1,16,3,34,33.879204
548341,1,16,4,33,32.52554
548341,1,16,5,32,33.21977
548341,1,16,6,26,28.993391
548341,1,17,1,26,30.680965
548341,1,17,2,20,29.081118
548341,1,17,3,19,27.957405
548341,1,17,4,19,27.544365
548341,1,17,5,18,24.557081
548341,1,17,6,17,23.241703
548341,1,17,7,16,24.05261
548341,1,18,1,15,20.265589
548341,1,18,2,15,20.23916
548341,1,18,3,14,18.631239
548341,1,18,4,12,16.657484
548341,1,18,5,11,14.563144
548341,1,18,6,10,13.217507
548341,1,19,1,9,10.148456
548341,1,19,2,8,8.636829
548341,1,19,3,6,8.033037
548341,1,19,4,5,5.2862444
548341,1,19,5,2,2.1972067
548341,1,19,6,1,-1.0008823
548341,2,15,1,58,40.507336
548341,2,15,2,57,40.11003
548341,2,15,3,56,39.7683
548341,2,15,4,55,41.37406
548341,2,15,5,49,40.915737
548341,2,15,6,48,41.33145
548341,2,16,1,48,36.983772
548341,2,16,2,41,36.3639
548341,2,16,3,40,37.01502
548341,2,16,4,39,37.09434
548341,2,16,5,38,34.380085
548341,2,16,6,37,31.856586
548341,2,16,7,36,27.231424
548341,2,16,8,36,33.27352
548341,2,17,1,30,31.146881
548341,2,17,2,28,30.177107
548341,2,17,3,27,27.977518
548341,2,17,4,26,26.12136
548341,2,17,5,20,24.997885
548341,2,17,6,19,23.638685
548341,2,18,1,18,19.915432
548341,2,18,2,17,18.92058
548341,2,18,3,17,17.390266
548341,2,18,4,16,14.4444895
548341,2,18,5,15,13.606627
548341,2,18,6,14,12.958639
548341,2,18,7,13,13.349892
548341,2,19,1,7,11.750901
548341,2,19,2,7,7.577651
548341,2,19,3,7,7.0399103
548341,2,19,4,3,5.4397593
548341,2,19,5,3,4.8461175
548341,2,19,6,1,2.1287448
548344,1,15,1,56,50.913696
548344,1,15,2,55,48.29546
548344,1,15,3,54,48.142113
548344,1,15,4,53,40.40571
548344,1,15,5,47,38.529465
548344,1,15,6,46,42.091274
548344,1,16,1,46,37.847
548344,1,16,2,45,34.715862
548344,1,16,3,44,35.376747
548344,1,16,4,38,33.44861
548344,1,16,5,37,31.801601
548344,1,16,6,31,29.563543
548344,1,17,1,30,29.448647
548344,1,17,2,29,26.20117
548344,1,17,3,28,22.72986
548344,1,17,4,26,23.08832
548344,1,17,5,25,14.112357
548344,1,17,6,24,11.880713
548344,1,17,7,24,11.850157
548344,1,18,1,23,14.131228
548344,1,18,2,22,13.092808
548344,1,18,3,16,13.684248
548344,1,18,4,15,15.854888
548344,1,18,5,15,16.977663
548344,1,18,6,9,14.440071
548344,1,19,1,9,12.593118
548344,1,19,2,8,8.993197
548344,1,19,3,8,8.609301
548344,1,19,4,2,7.1377125
548344,1,19,5,1,4.728038
548344,1,19,6,0,1.1944311
548344,2,15,1,56,43.577168
548344,2,15,2,55,43.05413
548344,2,15,3,54,41.97002
548344,2,15,4,53,42.31044
548344,2,15,5,52,42.36443
548344,2,15,6,46,41.278774
548344,2,16,1,45,41.80128
548344,2,16,2,41,39.130295
548344,2,16,3,37,37.222
548344,2,16,4,37,32.059563
548344,2,16,5,37,35.645008
548344,2,16,6,33,34.109688
548344,2,17,1,32,28.610867
548344,2,17,2,31,22.362066
548344,2,17,3,31,23.184755
548344,2,17,4,30,20.809065
548344,2,17,5,30,19.6062
548344,2,17,6,29,18.414421
548344,2,18,1,28,16.662884
548344,2,18,2,27,15.308351
548344,2,18,3,27,15.771832
548344,2,18,4,21,16.713228
548344,2,18,5,17,17.172848
548344,2,18,6,11,14.70476
548344,2,19,1,5,12.873995
548344,2,19,2,4,10.359026
548344,2,19,3,4,10.450153
548344,2,19,4,0,8.18129
548344,2,19,5,0,5.7985272
548344,2,19,6,0,2.9314032
548353,1,15,1,29,49.66751
548353,1,15,2,28,46.82316
548353,1,15,3,28,43.284275
548353,1,15,4,28,41.216923
548353,1,15,5,27,40.273552
548353,1,15,6,26,38.573612
548353,1,16,1,25,37.00636
548353,1,16,2,25,32.097546
548353,1,16,3,25,31.5248
548353,1,16,4,25,28.707464
548353,1,16,5,24,20.441185
548353,1,16,6,24,18.718157
548353,1,17,1,23,21.572449
548353,1,17,2,22,20.062061
548353,1,17,3,21,20.434074
548353,1,17,4,20,16.046457
548353,1,17,5,20,16.522093
548353,1,17,6,19,16.20245
548353,1,17,7,18,15.579685
548353,1,17,8,18,17.292465
548353,1,18,1,16,15.617789
548353,1,18,2,16,18.748154
548353,1,18,3,10,15.24028
548353,1,18,4,10,14.012142
548353,1,18,5,10,12.364494
548353,1,18,6,9,11.643302
548353,1,19,1,9,11.480059
548353,1,19,2,7,8.713674
548353,1,19,3,5,6.6713715
548353,1,19,4,4,5.7032166
548353,1,19,5,2,4.0414977
548353,1,19,6,1,2.4588823
548353,2,15,1,34,44.53536
548353,2,15,2,33,40.075413
548353,2,15,3,29,35.248604
548353,2,15,4,28,35.343227
548353,2,15,5,28,34.873158
548353,2,15,6,27,34.680935
548353,2,16,1,27,35.05547
548353,2,16,2,26,31.5031
548353,2,16,3,26,27.758347
548353,2,16,4,25,29.187471
548353,2,16,5,24,24.651403
548353,2,16,6,24,26.948837
548353,2,17,1,23,28.972439
548353,2,17,2,17,27.174355
548353,2,17,3,16,25.249693
548353,2,17,4,15,22.555647
548353,2,17,5,15,22.084406
548353,2,17,6,15,20.231068
548353,2,18,1,14,14.756943
548353,2,18,2,13,14.11646
548353,2,18,3,13,12.225587
548353,2,18,4,12,10.727461
548353,2,18,5,12,10.041099
548353,2,18,6,10,8.814103
548353,2,19,1,10,7.731615
548353,2,19,2,9,6.978421
548353,2,19,3,5,5.820948
548353,2,19,4,4,4.237166
548353,2,19,5,4,3.15586
548353,2,19,6,0,1.7369946
548358,1,15,1,34,43.63386
548358,1,15,2,30,41.28639
548358,1,15,3,30,37.76741
548358,1,15,4,30,36.978317
548358,1,15,5,29,38.500305
548358,1,15,6,27,37.056763
548358,1,16,1,26,33.52945
548358,1,16,2,24,31.464598
548358,1,16,3,23,32.49706
548358,1,16,4,22,30.110687
548358,1,16,5,21,27.40966
548358,1,16,6,21,26.5169
548358,1,16,7,20,26.526157
548358,1,17,1,19,25.665152
548358,1,17,2,18,24.026241
548358,1,17,3,17,23.163538
548358,1,17,4,16,20.719471
548358,1,17,5,15,20.77164
548358,1,17,6,13,19.448698
548358,1,18,1,12,17.671316
548358,1,18,2,11,16.506584
548358,1,18,3,10,15.325408
548358,1,18,4,6,13.045975
548358,1,18,5,5,11.708994
548358,1,18,6,4,9.921587
548358,1,19,1,3,8.2402935
548358,1,19,2,3,7.866341
548358,1,19,3,3,5.793326
548358,1,19,4,2,5.514139
548358,1,19,5,2,3.7771165
548358,1,19,6,1,2.109469
548358,2,15,1,14,43.51422
548358,2,15,2,14,44.24824
548358,2,15,3,13,44.415405
548358,2,15,4,11,50.093906
548358,2,15,5,7,49.49719
548358,2,15,6,6,46.56671
548358,2,16,1,5,42.870987
548358,2,16,2,4,39.954155
548360,1,15,1,46,43.966354
548360,1,15,2,45,45.5602
548360,1,15,3,43,43.082317
548360,1,15,4,41,39.321148
548360,1,15,5,41,35.004948
548360,1,15,6,41,33.62322
548360,1,16,1,40,32.340675
548360,1,16,2,40,33.77593
548360,1,16,3,40,28.411102
548360,1,16,4,39,28.604685
548360,1,16,5,38,27.651806
548360,1,16,6,37,27.67782
548360,1,17,1,36,24.433638
548360,1,17,2,35,23.467072
548360,1,17,3,34,25.04271
548360,1,17,4,30,23.140491
548360,1,17,5,29,23.325161
548360,1,17,6,28,23.21415
548360,1,18,1,28,21.420599
548360,1,18,2,28,19.253983
548360,1,18,3,27,15.390649
548360,1,18,4,23,14.152139
548360,1,18,5,23,13.520927
548360,1,18,6,19,12.045913
548360,1,19,1,18,9.199703
548360,1,19,2,16,8.76533
548360,1,19,3,15,8.140452
548360,1,19,4,9,9.019962
548360,1,19,5,3,6.402747
548360,1,19,6,1,4.5862665
548360,2,15,1,31,36.257294
548360,2,15,2,30,53.213688
548360,2,15,3,26,47.707146
548360,2,15,4,25,45.21777
548360,2,15,5,24,42.98954
548360,2,15,6,23,33.457916
548360,2,15,7,22,34.001823
548360,2,16,1,21,28.350224
548360,2,16,2,20,26.381153
548360,2,16,3,19,28.70266
548360,2,16,4,18,28.741337
548360,2,16,5,17,26.18933
548360,2,16,6,16,27.110558
548360,2,17,1,16,27.430614
548360,2,17,2,14,24.250938
548360,2,17,3,13,18.492676
548360,2,17,4,7,16.837795
548360,2,17,5,6,12.147327
548360,2,17,6,6,16.83406
548362,1,15,1,44,53.34769
548362,1,15,2,44,52.180927
548362,1,15,3,44,38.821594
548362,1,15,4,43,23.90628
548362,1,15,5,43,21.922508
548362,1,15,6,42,31.082338
548362,1,16,1,41,30.437737
548362,1,16,2,40,30.943876
548362,1,16,3,39,33.983097
548362,1,16,4,37,33.20862
548362,1,16,5,36,31.332878
548362,1,16,6,35,32.790188
548362,1,17,1,35,31.205902
548362,1,17,2,35,25.138466
548362,1,17,3,35,26.864653
548362,1,17,4,29,24.672308
548362,1,17,5,27,22.938393
548362,1,17,6,26,23.148485
548362,1,18,1,24,19.161318
548362,1,18,2,20,19.210499
548362,1,18,3,20,17.022335
548362,1,18,4,19,15.678932
548362,1,18,5,18,14.621809
548362,1,18,6,16,13.0561695
548362,1,19,1,15,10.719307
548362,1,19,2,11,9.589764
548362,1,19,3,10,7.5148463
548362,1,19,4,9,7.4580665
548362,1,19,5,7,4.787863
548362,1,19,6,6,4.8184724
548362,2,15,1,33,42.696842
548362,2,15,2,32,41.369038
548362,2,15,3,31,37.24682
548362,2,15,4,31,38.540222
548362,2,15,5,30,28.34894
548362,2,15,6,30,29.058327
548362,2,16,1,29,25.86226
548362,2,16,2,28,25.68949
548362,2,16,3,27,27.678822
548362,2,16,4,26,28.275808
548362,2,16,5,25,27.328274
548362,2,16,6,25,26.931894
548362,2,17,1,21,25.854076
548362,2,17,2,20,15.206438
548362,2,17,3,20,14.102125
548362,2,17,4,19,15.2715435
548362,2,17,5,17,15.732254
548362,2,17,6,16,6.1769934
548362,2,18,1,16,5.858305
548362,2,18,2,15,6.837752
548362,2,18,3,13,5.8657384
548362,2,18,4,13,5.938984
548362,2,18,5,12,6.4117575
548362,2,18,6,11,5.8686547
548362,2,19,1,10,7.6101894
548362,2,19,2,4,5.6269574
548362,2,19,3,4,4.743256
548362,2,19,4,4,4.7975907
548362,2,19,5,3,3.0694652
548362,2,19,6,1,1.438188
548368,1,15,1,46,43.583824
548368,1,15,2,45,44.84472
548368,1,15,3,44,44.497105
548368,1,15,4,43,43.88177
548368,1,15,5,43,41.810272
548368,1,15,6,42,40.206306
548368,1,16,1,36,41.274517
548368,1,16,2,35,38.71648
548368,1,16,3,34,36.452065
548368,1,16,4,33,36.27108
548368,1,16,5,32,34.18674
548368,1,16,6,31,34.057884
548368,1,17,1,31,29.956867
548368,1,17,2,30,27.07906
548368,1,17,3,30,25.206528
548368,1,17,4,29,23.846828
548368,1,17,5,28,24.125422
548368,1,17,6,24,25.271482
548368,1,18,1,20,23.872766
548368,1,18,2,20,22.970486
548368,1,18,3,19,19.261274
548368,1,18,4,13,17.998308
548368,1,18,5,12,16.691109
548368,1,18,6,11,14.657309
548368,1,18,7,10,14.515339
548368,1,19,1,9,12.990547
548368,1,19,2,8,10.60378
548368,1,19,3,2,7.831984
548368,1,19,4,2,6.374515
548368,1,19,5,1,4.845677
548368,1,19,6,1,2.8188896
548368,2,15,1,45,43.36295
548368,2,15,2,44,48.694542
548368,2,15,3,40,47.87386
548368,2,15,4,39,46.953747
548368,2,15,5,38,45.122585
548368,2,15,6,37,44.50361
548368,2,16,1,36,41.78148
548368,2,16,2,35,38.16182
548368,2,16,3,35,34.73574
548368,2,16,4,35,33.480892
548368,2,16,5,34,29.099714
548368,2,16,6,34,28.423046
548368,2,17,1,33,30.173655
548368,2,17,2,33,27.916613
548368,2,17,3,32,25.966171
548368,2,17,4,32,24.812098
548368,2,17,5,31,24.05688
548368,2,17,6,30,23.644592
548368,2,18,1,28,21.432512
548368,2,18,2,24,21.713482
548368,2,18,3,20,20.885344
548368,2,18,4,14,19.25226
548368,2,18,5,13,17.76729
548368,2,18,6,12,15.840235
548368,2,19,1,10,14.411582
548368,2,19,2,9,11.305293
548368,2,19,3,9,8.5268955
548368,2,19,4,7,6.733292
548368,2,19,5,6,5.1605163
548368,2,19,6,6,2.989944
548380,1,15,1,60,50.470303
548380,1,15,2,59,48.431496
548380,1,15,3,59,40.24819
548380,1,15,4,57,37.423008
548380,1,15,5,57,41.15916
548380,1,15,6,56,38.434906
548380,1,16,1,55,36.06032
548380,1,16,2,53,42.951344
548380,1,16,3,49,38.57807
548380,1,16,4,49,38.364334
548380,1,16,5,47,38.22314
548380,1,16,6,43,34.774086
548380,1,17,1,39,31.120777
548380,1,17,2,39,28.003332
548380,1,17,3,38,26.545021
548380,1,17,4,38,25.037994
548380,1,17,5,37,24.45264
548380,1,17,6,33,24.220184
548380,1,18,1,32,20.762264
548380,1,18,2,31,19.889877
548380,1,18,3,29,18.25141
548380,1,18,4,27,19.442572
548380,1,18,5,23,18.299318
548380,1,18,6,19,15.818132
548380,1,18,7,13,13.368522
548380,1,19,1,7,11.584178
548380,1,19,2,6,11.020434
548380,1,19,3,4,9.746691
548380,1,19,4,3,6.9418654
548380,1,19,5,2,5.225134
548380,1,19,6,1,1.6577435
548380,2,15,1,8,21.541023
548380,2,15,2,8,21.302801
548380,2,15,3,2,19.295345
548380,2,15,4,2,18.70032
548380,2,15,5,1,16.14891
548380,2,15,6,1,14.762604
548380,2,16,1,0,19.74433
548380,2,16,2,0,20.02648
548380,2,16,3,0,11.464915
548380,2,16,4,0,12.35196
548380,2,16,5,0,4.79385
597998,1,15,1,32,47.206768
597998,1,15,2,31,44.220173
597998,1,15,3,31,43.53801
597998,1,15,4,30,40.965218
597998,1,15,5,30,39.0111
597998,1,15,6,30,36.00828
597998,1,16,1,30,28.828182
597998,1,16,2,30,32.868122
597998,1,16,3,26,31.8686
597998,1,16,4,26,29.901423
597998,1,16,5,25,27.567318
597998,1,16,6,24,28.61051
597998,1,16,7,23,31.463165
597998,1,17,1,19,28.717407
597998,1,17,2,18,29.301746
597998,1,17,3,17,27.441767
597998,1,17,4,15,25.690384
597998,1,17,5,15,22.46378
597998,1,17,6,15,20.27129
597998,1,18,1,15,16.293522
597998,1,18,2,14,15.683493
597998,1,18,3,14,14.271181
597998,1,18,4,13,13.863984
597998,1,18,5,7,13.32938
597998,1,18,6,3,11.448662
597998,1,19,1,3,10.180711
597998,1,19,2,1,8.090169
597998,1,19,3,1,6.855896
597998,1,19,4,1,4.7216997
597998,1,19,5,0,2.346901
597998,1,19,6,0,-0.25483328
597998,2,15,1,29,44.18439
597998,2,15,2,28,41.565216
597998,2,15,3,28,42.019794
597998,2,15,4,26,41.87766
597998,2,15,5,25,39.481167
597998,2,15,6,25,38.10576
597998,2,15,7,24,38.926643
597998,2,16,1,23,34.564774
597998,2,16,2,23,33.141655
597998,2,16,3,22,30.82312
597998,2,16,4,21,29.565104
597998,2,16,5,20,27.795645
597998,2,16,6,19,28.042656
597998,2,16,7,17,26.822027
597998,2,17,1,15,30.921406
597998,2,17,2,9,30.30493
597998,2,17,3,8,28.565613
597998,2,17,4,7,26.846586
597998,2,17,5,5,24.582079
597998,2,17,6,4,21.010052
597998,2,18,1,3,18.118858
597998,2,18,2,3,15.573166
597998,2,18,3,2,13.970543
597998,2,18,4,1,12.405897
598006,1,15,1,71,46.814087
598006,1,15,2,70,51.893272
598006,1,15,3,70,50.043385
598006,1,15,4,69,46.020016
598006,1,15,5,68,41.328568
598006,1,15,6,62,39.59548
598006,1,15,7,61,38.65949
598006,1,16,1,60,39.334152
598006,1,16,2,56,35.82073
598006,1,16,3,56,36.825966
598006,1,16,4,55,33.853
598006,1,16,5,51,34.163372
598006,1,16,6,50,31.868904
598006,1,17,1,49,28.29498
598006,1,17,2,47,28.208282
598006,1,17,3,46,25.235876
598006,1,17,4,46,24.118172
598006,1,17,5,44,23.3584
598006,1,17,6,43,21.902792
598006,1,18,1,42,20.625576
598006,1,18,2,41,19.142124
598006,1,18,3,37,20.688498
598006,1,18,4,31,19.191236
598006,1,18,5,27,20.430742
598006,1,18,6,21,17.877455
598006,1,19,1,20,12.878118
598006,1,19,2,20,12.852497
598006,1,19,3,14,11.617014
598006,1,19,4,8,10.345029
598006,1,19,5,7,6.0967965
598006,1,19,6,6,5.97636
598006,2,15,1,39,47.20383
598006,2,15,2,38,36.978725
598006,2,15,3,38,38.18095
598006,2,15,4,37,38.705578
598006,2,15,5,37,32.139416
598006,2,15,6,37,31.657711
598006,2,16,1,33,37.32617
598006,2,16,2,32,35.10813
598006,2,16,3,31,23.995806
598006,2,16,4,31,23.317802
598006,2,16,5,30,21.057173
598006,2,16,6,29,22.136312
598006,2,17,1,28,24.284227
598006,2,17,2,27,22.107939
598006,2,17,3,26,22.19502
598006,2,17,4,25,17.7987
598006,2,17,5,25,17.917587
598006,2,17,6,25,17.499123
598006,2,18,1,25,17.0868
598006,2,18,2,21,15.858981
598006,2,18,3,17,12.128811
598006,2,18,4,13,11.99007
598006,2,18,5,12,11.773626
598006,2,18,6,12,11.325833
598006,2,19,1,11,7.6305113
598006,2,19,2,11,5.815174
598006,2,19,3,11,5.754687
598006,2,19,4,7,4.2103744
598006,2,19,5,7,2.6594534
598006,2,19,6,6,1.8285118
598011,1,15,1,68,51.42568
598011,1,15,2,68,45.05657
598011,1,15,3,67,44.919422
598011,1,15,4,67,42.728024
598011,1,15,5,67,39.09831
598011,1,15,6,66,32.48693
598011,1,15,7,66,24.613596
598011,1,16,1,65,34.73792
598011,1,16,2,63,37.075054
598011,1,16,3,57,38.129417
598011,1,16,4,50,36.520267
598011,1,16,5,50,35.769005
598011,1,16,6,48,40.06543
598011,1,16,7,47,41.71946
598011,1,17,1,46,31.324379
598011,1,17,2,46,26.341463
598011,1,17,3,42,30.437231
598011,1,17,4,36,28.207674
598011,1,17,5,35,25.69939
598011,1,17,6,31,26.998285
598011,1,18,1,25,22.779282
598011,1,18,2,25,21.084785
598011,1,18,3,24,21.846504
598011,1,18,4,20,20.14337
598011,1,18,5,19,18.15185
598011,1,18,6,17,14.002415
598011,1,19,1,16,12.759181
598011,1,19,2,15,10.89306
598011,1,19,3,14,8.503481
598011,1,19,4,13,6.494749
598011,1,19,5,7,6.066278
598011,1,19,6,1,3.9485323
598011,2,15,1,24,39.13275
598011,2,15,2,23,40.09546
598011,2,15,3,22,34.73407
598011,2,15,4,22,34.965424
598011,2,15,5,21,33.100864
598011,2,15,6,21,31.105522
598011,2,16,1,21,33.22318
598011,2,16,2,17,31.330627
598011,2,16,3,16,30.932224
598011,2,16,4,15,22.367119
598011,2,16,5,15,21.877596
598011,2,16,6,15,20.567722
598011,2,17,1,15,17.45862
598011,2,17,2,15,16.135874
598011,2,17,3,14,16.059153
598011,2,17,4,14,15.847176
598011,2,17,5,13,16.185059
598011,2,17,6,12,17.991863
598011,2,18,1,10,13.634374
598011,2,18,2,10,12.672901
598011,2,18,3,10,11.887574
598011,2,18,4,9,10.501543
598011,2,18,5,8,11.798004
598011,2,18,6,4,10.802925
598011,2,19,1,4,9.595851
598011,2,19,2,3,8.584643
598011,2,19,3,1,6.6089153
598011,2,19,4,1,4.3965683
598011,2,19,5,1,2.1775165
598011,2,19,6,0,0.8489158
598018,1,15,1,44,32.757923
598018,1,15,2,43,33.010635
598018,1,15,3,42,33.627537
598018,1,15,4,42,31.305492
598018,1,15,5,41,31.884495
598018,1,15,6,40,28.16324
598018,1,15,7,39,26.135359
598018,1,16,1,38,23.414703
598018,1,16,2,37,21.97695
598018,1,16,3,36,25.860363
598018,1,16,4,36,24.168066
598018,1,16,5,35,23.268934
598018,1,16,6,34,22.337786
598018,1,17,1,33,23.702347
598018,1,17,2,33,24.975983
598018,1,17,3,32,24.582994
598018,1,17,4,31,23.458143
598018,1,17,5,30,24.501652
598018,1,17,6,26,21.915106
598018,1,18,1,26,18.739376
598018,1,18,2,24,17.642235
598018,1,18,3,23,16.247358
598018,1,18,4,22,16.416037
598018,1,18,5,16,14.462222
598018,1,18,6,15,13.009103
598018,1,19,1,14,10.88016
598018,1,19,2,13,8.967989
598018,1,19,3,12,8.256168
598018,1,19,4,8,5.5297318
598018,1,19,5,7,3.836878
598018,1,19,6,5,1.8369604
598018,1,19,7,4,1.475819
598018,2,15,1,21,42.6298
598018,2,15,2,21,41.875885
598018,2,15,3,20,42.18056
598018,2,15,4,20,40.501217
598018,2,15,5,14,40.81348
598018,2,15,6,14,37.00115
598018,2,16,1,13,38.59929
598018,2,16,2,9,37.16688
598018,2,16,3,8,32.452267
598018,2,16,4,8,29.105091
598018,2,16,5,7,28.953222
598018,2,16,6,7,26.826952
598018,2,17,1,7,21.50696
598018,2,17,2,7,14.731085
598018,2,17,3,7,13.544456
598018,2,17,4,7,20.909964
598018,2,17,5,3,19.03401
598018,2,17,6,3,17.946793
598018,2,18,1,2,17.56914
598018,2,18,2,1,16.352215
598018,2,18,3,1,14.131903
598018,2,18,4,0,6.8120036
598018,2,18,5,0,3.4804263
598018,2,18,6,0,-1.1293247
598024,1,15,1,54,45.87788
598024,1,15,2,54,40.2836
598024,1,15,3,52,40.07837
598024,1,15,4,46,37.06076
598024,1,15,5,45,34.482826
598024,1,15,6,44,32.240696
598024,1,16,1,43,33.07552
598024,1,16,2,43,35.22983
598024,1,16,3,43,29.468239
598024,1,16,4,43,25.28503
598024,1,16,5,42,18.026085
598024,1,16,6,42,19.860134
598024,1,17,1,41,22.603064
598024,1,17,2,40,20.394543
598024,1,17,3,39,25.128216
598024,1,17,4,33,22.66626
598024,1,17,5,33,21.774525
598024,1,17,6,33,21.454033
598024,1,17,7,27,21.073298
598024,1,18,1,26,20.465916
598024,1,18,2,25,20.890507
598024,1,18,3,21,19.443453
598024,1,18,4,19,18.480047
598024,1,18,5,18,19.109398
598024,1,18,6,12,15.156693
598024,1,19,1,12,13.353375
598024,1,19,2,10,10.3483095
598024,1,19,3,9,8.633842
598024,1,19,4,8,6.948962
598024,1,19,5,7,5.0940785
598024,1,19,6,6,2.414971
598024,2,15,1,21,52.140762
598024,2,15,2,17,50.85646
598024,2,15,3,16,47.27241
598024,2,15,4,15,39.457886
598024,2,15,5,14,54.62883
598024,2,15,6,14,48.33126
598024,2,16,1,13,49.197132
598024,2,16,2,12,46.651554
598024,2,16,3,11,43.045795
598024,2,16,4,11,38.246902
598024,2,16,5,10,33.900818
598024,2,16,6,6,32.090256
598024,2,16,7,5,32.09653
598024,2,16,8,4,34.590637
598026,1,15,1,54,44.3494
598026,1,15,2,54,45.169994
598026,1,15,3,53,43.883305
598026,1,15,4,51,43.580338
598026,1,15,5,50,43.973278
598026,1,15,6,49,44.916283
598026,1,15,7,48,45.431324
598026,1,16,1,47,39.54717
598026,1,16,2,41,37.97546
598026,1,16,3,40,34.135723
598026,1,16,4,34,38.08237
598026,1,16,5,33,34.495075
598026,1,16,6,33,32.121944
598026,1,16,7,32,33.174976
598026,1,16,8,31,35.552547
598026,1,17,1,29,29.925936
598026,1,17,2,28,28.380129
598026,1,17,3,26,25.898241
598026,1,17,4,26,24.27248
598026,1,17,5,25,24.58123
598026,1,17,6,19,22.224474
598026,1,17,7,18,21.483494
598026,1,18,1,17,19.416647
598026,1,18,2,16,17.930403
598026,1,18,3,15,16.622095
598026,1,18,4,15,15.437482
598026,1,18,5,11,13.624868
598026,1,18,6,10,11.708977
598026,1,19,1,10,9.935762
598026,1,19,2,10,9.105053
598026,1,19,3,9,8.179431
598026,1,19,4,7,5.2140365
598026,1,19,5,3,3.1503177
598026,1,19,6,2,1.9438562
598026,2,15,1,46,46.48135
598026,2,15,2,45,41.55669
598026,2,15,3,44,40.190163
598026,2,15,4,40,37.241875
598026,2,15,5,40,43.320065
598026,2,15,6,36,39.762314
598026,2,16,1,32,41.211205
598026,2,16,2,32,39.526558
598026,2,16,3,32,32.604744
598026,2,16,4,32,30.601097
598026,2,16,5,31,28.46005
598026,2,16,6,30,29.081133
598026,2,17,1,29,26.111303
598026,2,17,2,27,23.90041
598026,2,17,3,26,25.059343
598026,2,17,4,24,25.061804
598026,2,17,5,20,24.526834
598026,2,17,6,18,23.38496
598026,2,18,1,17,19.818071
598026,2,18,2,17,18.542952
598026,2,18,3,15,17.126411
598026,2,18,4,14,15.581612
598026,2,18,5,13,13.988941
598026,2,18,6,11,13.093822
598026,2,19,1,11,11.365458
598026,2,19,2,10,9.414437
598026,2,19,3,10,7.7221956
598026,2,19,4,4,6.0686474
598026,2,19,5,2,3.9039137
598029,1,15,1,47,46.032883
598029,1,15,2,47,43.26109
598029,1,15,3,46,41.1468
598029,1,15,4,44,46.429398
598029,1,15,5,40,48.3273
598029,1,15,6,34,45.525055
598029,1,16,1,34,41.420322
598029,1,16,2,34,37.885498
598029,1,16,3,33,37.30403
598029,1,16,4,32,36.0421
598029,1,16,5,31,30.755733
598029,1,16,6,30,31.926785
598029,1,17,1,26,31.729826
598029,1,17,2,24,29.288141
598029,1,17,3,23,27.133463
598029,1,17,4,23,26.35319
598029,1,17,5,17,26.822863
598029,1,17,6,13,23.52372
598029,1,18,1,13,20.379873
598029,1,18,2,9,19.190163
598029,1,18,3,8,20.705654
598029,1,18,4,5,16.557932
598029,1,18,5,5,14.661736
598029,1,18,6,4,13.919334
598029,1,19,1,3,11.253643
598029,1,19,2,2,9.351956
598029,1,19,3,2,6.7311335
598029,1,19,4,1,4.4885035
598029,1,19,5,1,3.2040396
598029,1,19,6,0,2.0375688
598029,2,15,1,46,42.213467
598029,2,15,2,46,40.279648
598029,2,15,3,44,42.018044
598029,2,15,4,43,38.22094
598029,2,15,5,41,36.456554
598029,2,15,6,40,35.101295
598029,2,16,1,38,37.490223
598029,2,16,2,37,32.925884
598029,2,16,3,35,32.712166
598029,2,16,4,34,36.356377
598029,2,16,5,30,34.50631
598029,2,16,6,30,31.561974
598029,2,17,1,30,29.352758
598029,2,17,2,29,28.250906
598029,2,17,3,28,31.065119
598029,2,17,4,22,26.891148
598029,2,17,5,22,25.421669
598029,2,17,6,21,24.260115
598029,2,18,1,20,19.122326
598029,2,18,2,18,18.748272
598029,2,18,3,17,18.078325
598029,2,18,4,16,16.525578
598029,2,18,5,15,15.264042
598029,2,18,6,14,13.284025
598029,2,19,1,12,13.151948
598029,2,19,2,12,11.778103
598029,2,19,3,11,8.514929
598029,2,19,4,5,6.8847823
598029,2,19,5,4,6.087091
598059,1,15,1,30,34.614258
598059,1,15,2,30,36.776463
598059,1,15,3,30,31.983744
598059,1,15,4,30,31.35731
598059,1,15,5,30,34.01761
598059,1,15,6,29,34.805405
598059,1,16,1,27,30.994709
598059,1,16,2,25,33.44753
598059,1,16,3,23,31.76022
598059,1,16,4,23,30.99656
598059,1,16,5,22,28.708414
598059,1,16,6,22,28.707714
598059,1,17,1,21,29.096876
598059,1,17,2,17,21.150036
598059,1,17,3,17,20.051281
598059,1,17,4,17,20.667875
598059,1,17,5,16,20.861525
598059,1,17,6,15,19.803192
598059,1,18,1,14,15.689434
598059,1,18,2,12,16.151821
598059,1,18,3,11,15.290414
598059,1,18,4,10,13.6752
598059,1,18,5,9,11.145903
598059,1,18,6,9,12.218991
598059,1,19,1,5,10.151873
598059,1,19,2,4,9.874728
598059,1,19,3,3,7.992814
598059,1,19,4,2,6.5412564
598059,1,19,5,1,4.7441
598059,1,19,6,0,2.2286055
598059,2,15,1,20,38.50377
598059,2,15,2,20,39.579494
598059,2,15,3,18,39.11688
598059,2,15,4,17,48.377068
598059,2,15,5,11,38.059944
598059,2,15,6,11,38.287876
598059,2,16,1,10,38.062027
598059,2,16,2,6,39.45939
598059,2,16,3,6,38.255745
598059,2,16,4,5,35.919548
598059,2,16,5,5,36.198486
598059,2,16,6,1,35.13668
598060,1,15,1,47,44.283306
598060,1,15,2,43,44.14764
598060,1,15,3,41,41.567814
598060,1,15,4,40,41.538544
598060,1,15,5,40,42.02392
598060,1,15,6,34,40.24201
598060,1,16,1,33,34.744335
598060,1,16,2,32,34.16506
598060,1,16,3,31,32.908207
598060,1,16,4,30,33.37052
598060,1,16,5,29,29.058365
598060,1,16,6,27,27.349619
598060,1,17,1,26,30.243681
598060,1,17,2,22,28.929523
598060,1,17,3,21,27.237782
598060,1,17,4,21,24.020628
598060,1,17,5,20,21.103607
598060,1,17,6,20,19.165922
598060,1,18,1,14,22.462997
598060,1,18,2,13,20.994652
598060,1,18,3,12,18.0943
598060,1,18,4,12,16.571556
598060,1,18,5,11,14.906243
598060,1,18,6,10,14.616312
598060,1,18,7,9,11.809354
598060,1,19,1,9,10.894288
598060,1,19,2,8,11.006301
598060,1,19,3,7,7.2941785
598060,1,19,4,7,4.78153
598060,1,19,5,7,2.8159406
598060,1,19,6,6,3.2583492
598060,2,15,1,71,47.027813
598060,2,15,2,71,51.73282
598060,2,15,3,70,48.09577
598060,2,15,4,70,46.408314
598060,2,15,5,69,40.085827
598060,2,15,6,69,43.68876
598060,2,16,1,67,43.369995
598060,2,16,2,61,40.85515
598060,2,16,3,60,41.336403
598060,2,16,4,56,37.399277
598060,2,16,5,50,36.996758
598060,2,16,6,44,41.018967
598060,2,17,1,38,45.184006
598060,2,17,2,37,40.1474
598060,2,17,3,31,39.122776
598060,2,17,4,25,35.183018
598060,2,17,5,25,31.594633
598060,2,17,6,18,28.614035
598060,2,17,7,18,27.697374
598060,2,18,1,17,28.822092
598060,2,18,2,16,21.286509
598060,2,18,3,15,18.790232
598060,2,18,4,15,15.557173
598060,2,18,5,13,15.439149
598060,2,18,6,12,13.832387
598060,2,19,1,12,12.428208
598060,2,19,2,6,9.828759
598060,2,19,3,6,9.079837
598065,1,15,1,46,44.04456
598065,1,15,2,45,43.17876
598065,1,15,3,41,43.11796
598065,1,15,4,40,41.935627
598065,1,15,5,39,39.977978
598065,1,15,6,38,41.1088
598065,1,16,1,32,39.223457
598065,1,16,2,31,34.465828
598065,1,16,3,31,33.06737
598065,1,16,4,30,31.933235
598065,1,16,5,28,31.236366
598065,1,16,6,26,27.489313
598065,1,17,1,25,27.473726
598065,1,17,2,23,25.393696
598065,1,17,3,22,24.597546
598065,1,17,4,20,25.331867
598065,1,17,5,16,23.413794
598065,1,17,6,15,21.335981
598065,1,18,1,14,19.487614
598065,1,18,2,12,17.746801
598065,1,18,3,11,15.09731
598065,1,18,4,11,13.472672
598065,1,18,5,10,11.901995
598065,1,18,6,8,10.450238
598065,1,18,7,7,10.089292
598065,1,19,1,7,8.513977
598065,1,19,2,6,7.0199823
598065,1,19,3,4,5.324539
598065,1,19,4,3,4.0290565
598065,1,19,5,2,2.382001
598065,1,19,6,0,0.7041761
598065,2,15,1,40,46.415955
598065,2,15,2,40,43.921425
598065,2,15,3,40,41.786682
598065,2,15,4,40,43.57169
598065,2,15,5,38,31.015173
598065,2,15,6,38,25.343039
598065,2,16,1,38,26.80247
598065,2,16,2,37,39.87797
598065,2,16,3,31,21.628218
598065,2,16,4,31,22.1967
598065,2,16,5,30,21.864325
598065,2,16,6,30,22.80434
598065,2,17,1,28,18.689362
598065,2,17,2,28,16.170996
598065,2,17,3,28,17.731615
598065,2,17,4,28,16.546703
598065,2,17,5,27,14.461938
598065,2,17,6,26,9.883374
598065,2,18,1,25,11.588771
598065,2,18,2,24,13.328022
598065,2,18,3,18,13.914692
598065,2,18,4,18,12.226065
598065,2,18,5,16,10.992321
598065,2,18,6,12,10.598961
598065,2,19,1,11,12.998342
598065,2,19,2,9,8.438771
598065,2,19,3,5,10.019939
598065,2,19,4,1,8.651148
598065,2,19,5,1,5.023508
598065,2,19,6,0,3.0537848
598066,1,15,1,52,43.33608
598066,1,15,2,51,47.241684
598066,1,15,3,47,45.64635
598066,1,15,4,46,43.680676
598066,1,15,5,46,36.450848
598066,1,15,6,44,35.27146
598066,1,15,7,42,36.014877
598066,1,15,8,41,36.263287
598066,1,16,1,40,36.864876
598066,1,16,2,36,40.141693
598066,1,16,3,30,35.96232
598066,1,16,4,29,35.68246
598066,1,16,5,29,33.284935
598066,1,16,6,28,36.543564
598066,1,17,1,27,31.03466
598066,1,17,2,27,25.954275
598066,1,17,3,27,23.141373
598066,1,17,4,23,22.671013
598066,1,17,5,23,22.494484
598066,1,17,6,23,22.778273
598066,1,18,1,19,19.605658
598066,1,18,2,19,21.047182
598066,1,18,3,15,18.103582
598066,1,18,4,14,18.631935
598066,1,18,5,10,17.610085
598066,1,18,6,9,13.704479
598066,1,19,1,9,10.938621
598066,1,19,2,9,10.412357
598066,1,19,3,8,8.043666
598066,1,19,4,2,6.035586
598066,1,19,5,1,2.4980953
598066,1,19,6,0,1.4654591
598066,2,15,1,26,40.630966
598066,2,15,2,25,41.444492
598066,2,15,3,24,41.70508
598066,2,15,4,20,42.070488
598066,2,15,5,19,41.154053
598066,2,15,6,18,40.99837
598066,2,15,7,16,39.77123
598066,2,16,1,16,37.41234
598066,2,16,2,16,35.36729
598066,2,16,3,16,32.97983
598066,2,16,4,15,32.47329
598066,2,16,5,14,25.79703
598066,2,16,6,14,25.789917
598066,2,17,1,13,22.728765
598066,2,17,2,13,22.526794
598066,2,17,3,12,21.649405
598066,2,17,4,11,20.150976
598066,2,17,5,10,19.00893
598066,2,17,6,9,20.453945
598066,2,18,1,3,18.086096
598066,2,18,2,2,15.532876
598066,2,18,3,2,13.634924
598066,2,18,4,1,12.369195
598066,2,18,5,1,11.186505
598066,2,18,6,1,8.676201
598066,2,19,1,0,3.84017
598069,1,15,1,41,42.667896
598069,1,15,2,41,41.853138
598069,1,15,3,40,38.721096
598069,1,15,4,36,40.031044
598069,1,15,5,36,37.80029
598069,1,15,6,36,36.10093
598069,1,16,1,35,32.959946
598069,1,16,2,35,30.289492
598069,1,16,3,35,26.125122
598069,1,16,4,34,28.032246
598069,1,16,5,33,26.166462
598069,1,16,6,32,24.972166
598069,1,17,1,30,24.53315
598069,1,17,2,29,24.315931
598069,1,17,3,28,21.14124
598069,1,17,4,28,21.585752
598069,1,17,5,26,21.34064
598069,1,17,6,25,20.942543
598069,1,18,1,19,21.340338
598069,1,18,2,19,19.80229
598069,1,18,3,17,18.197815
598069,1,18,4,17,16.278936
598069,1,18,5,11,14.613699
598069,1,18,6,10,12.075751
598069,1,19,1,9,10.437196
598069,1,19,2,9,9.045518
598069,1,19,3,9,7.2757764
598069,1,19,4,8,5.2466044
598069,1,19,5,7,3.3388197
598069,1,19,6,6,2.1104975
598069,2,15,1,26,42.381977
598069,2,15,2,25,49.1864
598069,2,15,3,24,39.68604
598069,2,15,4,24,37.26584
598069,2,15,5,24,34.8714
598069,2,15,6,24,32.49909
598069,2,16,1,24,29.939863
598069,2,16,2,24,25.117071
598069,2,16,3,24,25.678812
598069,2,16,4,24,26.018658
598069,2,16,5,24,24.531424
598069,2,16,6,24,24.803102
598069,2,17,1,24,25.05353
598069,2,17,2,23,25.272879
598069,2,17,3,22,21.143768
598069,2,17,4,21,20.344995
598069,2,17,5,20,19.526377
598069,2,17,6,20,19.150368
598069,2,18,1,16,18.300583
598069,2,18,2,15,16.610111
598069,2,18,3,14,14.767895
598069,2,18,4,12,15.899182
598069,2,18,5,6,16.367373
598073,1,15,1,48,39.358864
598073,1,15,2,48,41.422752
598073,1,15,3,47,39.00921
598073,1,15,4,43,38.52733
598073,1,15,5,43,37.303947
598073,1,15,6,43,36.993748
598073,1,16,1,42,35.8391
598073,1,16,2,42,35.434303
598073,1,16,3,41,28.267761
598073,1,16,4,41,27.951878
598073,1,16,5,40,29.450792
598073,1,16,6,36,27.634104
598073,1,17,1,36,27.510506
598073,1,17,2,35,27.258598
598073,1,17,3,31,25.425592
598073,1,17,4,31,25.59775
598073,1,17,5,27,24.164194
598073,1,17,6,23,22.813414
598073,1,17,7,23,23.10445
598073,1,18,1,19,19.988184
598073,1,18,2,18,18.879843
598073,1,18,3,17,15.285905
598073,1,18,4,17,13.693283
598073,1,18,5,15,12.816928
598073,1,18,6,14,11.058996
598073,1,19,1,13,8.676371
598073,1,19,2,13,6.39553
598073,1,19,3,13,4.063099
598073,1,19,4,13,3.049034
598073,1,19,5,12,2.7646968
598073,1,19,6,6,2.5742826
598073,2,15,1,42,12.371935
598073,2,15,2,41,16.80122
598073,2,15,3,40,17.163485
598073,2,15,4,40,17.317442
598073,2,15,5,34,18.00243
598073,2,15,6,33,18.644953
598073,2,16,1,32,14.401786
598073,2,16,2,32,16.523134
598073,2,16,3,31,18.35615
598073,2,16,4,30,22.079643
598073,2,16,5,29,19.766138
598073,2,16,6,29,19.900072
598073,2,16,7,28,20.56403
598073,2,17,1,28,17.340202
598073,2,17,2,27,15.738018
598073,2,17,3,26,16.739271
598073,2,17,4,26,12.436115
598073,2,17,5,26,10.427414
598073,2,17,6,26,10.639782
598073,2,18,1,26,7.302505
598073,2,18,2,22,6.9818964
598073,2,18,3,22,6.926922
598073,2,18,4,21,6.5754366
598073,2,18,5,21,8.388559
598073,2,18,6,19,7.262126
598073,2,18,7,19,5.611873
598073,2,19,1,18,5.449493
598073,2,19,2,17,3.761787
598073,2,19,3,17,5.5622897
598073,2,19,4,11,5.883587
598073,2,19,5,5,3.9809837
598073,2,19,6,5,1.7310559
598073,2,19,7,5,0.9453689
598073,2,19,8,4,0.1993135
729279,1,15,1,53,43.212296
729279,1,15,2,49,33.499233
729279,1,15,3,48,48.42362
729279,1,15,4,44,50.45904
729279,1,15,5,44,48.73985
729279,1,15,6,42,42.698692
729279,1,16,1,38,32.087643
729279,1,16,2,38,34.89118
729279,1,16,3,32,35.186573
729279,1,16,4,32,29.85471
729279,1,16,5,28,24.825262
729279,1,16,6,28,32.898796
729279,1,17,1,28,31.25924
729279,1,17,2,27,28.09618
729279,1,17,3,26,24.890253
729279,1,17,4,20,22.875307
729279,1,17,5,20,21.208763
729279,1,17,6,19,20.955864
729279,1,18,1,19,19.815077
729279,1,18,2,18,18.518337
729279,1,18,3,18,16.05072
729279,1,18,4,17,13.249268
729279,1,18,5,16,11.672765
729279,1,18,6,15,12.570968
729279,1,18,7,14,12.236583
729279,1,19,1,14,9.986904
729279,1,19,2,13,9.101789
729279,1,19,3,12,6.3240294
729279,1,19,4,8,5.8338966
729279,1,19,5,4,4.215339
729279,1,19,6,4,2.872836
729279,2,15,1,27,50.762676
729279,2,15,2,21,49.266193
729279,2,15,3,21,44.83255
729279,2,15,4,17,44.51684
729279,2,15,5,16,43.676216
729279,2,15,6,16,39.31837
729279,2,16,1,16,33.465
729279,2,16,2,16,33.55764
729279,2,16,3,16,31.307495
729279,2,16,4,16,27.162472
729279,2,16,5,15,27.589792
729279,2,16,6,13,25.971167
729279,2,17,1,13,22.53627
729279,2,17,2,13,24.2264
729279,2,17,3,13,22.91752
729279,2,17,4,13,20.804306
729279,2,17,5,12,19.479511
729279,2,17,6,10,19.041159
729279,2,17,7,9,19.316254
729279,2,18,1,9,16.052078
729279,2,18,2,9,16.131231
729279,2,18,3,9,14.731714
729279,2,18,4,9,12.9569645
729279,2,18,5,9,11.4876175
729279,2,18,6,5,10.497405
729279,2,19,1,5,10.354149
729279,2,19,2,4,8.247657
729279,2,19,3,2,7.3493104
729279,2,19,4,2,6.1083627
729279,2,19,5,1,3.9417665
729279,2,19,6,0,1.6775453
729289,1,15,1,54,52.396004
729289,1,15,2,53,48.04594
729289,1,15,3,49,47.255703
729289,1,15,4,45,43.026012
729289,1,15,5,44,42.324245
729289,1,15,6,43,40.79715
729289,1,16,1,42,41.476376
729289,1,16,2,41,36.407837
729289,1,16,3,40,36.38174
729289,1,16,4,36,35.055954
729289,1,16,5,35,32.56021
729289,1,16,6,34,29.343344
729289,1,17,1,34,31.120632
729289,1,17,2,30,30.418581
729289,1,17,3,29,27.79726
729289,1,17,4,28,25.865538
729289,1,17,5,27,24.575806
729289,1,17,6,23,23.072506
729289,1,18,1,22,21.524355
729289,1,18,2,18,20.530716
729289,1,18,3,17,17.902763
729289,1,18,4,15,16.068884
729289,1,18,5,14,14.797647
729289,1,18,6,13,13.2439375
729289,1,19,1,12,12.573457
729289,1,19,2,11,11.060048
729289,1,19,3,10,7.897768
729289,1,19,4,10,6.6848006
729289,1,19,5,9,4.1619277
729289,1,19,6,9,2.6250834
729289,1,19,7,9,2.6871202
729289,1,19,8,4,2.6794057
729289,2,15,1,44,53.20022
729289,2,15,2,44,49.14762
729289,2,15,3,42,45.99243
729289,2,15,4,41,50.420307
729289,2,15,5,41,45.987526
729289,2,15,6,40,36.532825
729289,2,16,1,40,35.27529
729289,2,16,2,40,30.289732
729289,2,16,3,40,30.405418
729289,2,16,4,39,30.160471
729289,2,16,5,38,31.308493
729289,2,16,6,32,28.1882
729289,2,17,1,32,29.427351
729289,2,17,2,32,29.339697
729289,2,17,3,30,29.071875
729289,2,17,4,26,27.170021
729289,2,17,5,25,24.60557
729289,2,17,6,19,23.623343
729289,2,17,7,13,23.410044
729289,2,18,1,11,20.874949
729289,2,18,2,11,20.171352
729289,2,18,3,11,19.34583
729289,2,18,4,10,16.935936
729289,2,18,5,9,15.258187
729289,2,18,6,6,13.772184
729289,2,19,1,6,11.14538
729289,2,19,2,6,8.638388
729289,2,19,3,6,6.920557
729295,1,15,1,41,48.46887
729295,1,15,2,40,49.668163
729295,1,15,3,39,49.070107
729295,1,15,4,39,46.220642
729295,1,15,5,39,51.09637
729295,1,15,6,39,50.358646
729295,1,16,1,38,45.8264
729295,1,16,2,38,39.970924
729295,1,16,3,38,39.913086
729295,1,16,4,34,38.28686
729295,1,16,5,33,36.599545
729295,1,16,6,32,36.69398
729295,1,17,1,31,34.284073
729295,1,17,2,30,35.703068
729295,1,17,3,24,32.69206
729295,1,17,4,23,29.525295
729295,1,17,5,22,27.070642
729295,1,17,6,20,26.334232
729295,1,17,7,14,27.648232
729295,1,18,1,14,22.568655
729295,1,18,2,14,19.862408
729295,1,18,3,12,18.275568
729295,1,18,4,11,17.102917
729295,1,18,5,11,12.577035
729295,1,18,6,10,11.818614
729295,1,18,7,9,12.891397
729295,1,19,1,8,11.258239
729295,1,19,2,4,9.226237
729295,1,19,3,4,7.7778473
729295,1,19,4,2,6.973199
729295,1,19,5,0,5.184744
729295,1,19,6,0,2.5471468
729295,2,15,1,22,31.426233
729295,2,15,2,22,31.988514
729295,2,15,3,22,31.170248
729295,2,15,4,20,29.507576
729295,2,15,5,19,31.569607
729295,2,15,6,19,26.915997
729295,2,16,1,13,26.98601
729295,2,16,2,12,25.213655
729295,2,16,3,11,24.644203
729295,2,16,4,11,28.7739
729295,2,16,5,11,23.7134
729295,2,16,6,9,21.418915
729295,2,17,1,8,21.022198
729295,2,17,2,7,20.944948
729295,2,17,3,7,14.794452
729295,2,17,4,7,15.730786
729295,2,17,5,7,14.764541
729295,2,17,6,6,14.53461
729295,2,18,1,5,14.245637
729295,2,18,2,4,13.204931
729295,2,18,3,3,6.7563987
729295,2,18,4,3,6.710117
729295,2,18,5,3,6.9474
729295,2,18,6,2,6.742857
729295,2,19,1,1,6.928011
729295,2,19,2,0,1.8685168
729297,1,15,1,39,39.404457
729297,1,15,2,38,37.044178
729297,1,15,3,37,38.253895
729297,1,15,4,36,36.7641
729297,1,15,5,36,38.383812
729297,1,15,6,35,38.368042
729297,1,16,1,34,31.386423
729297,1,16,2,34,31.228914
729297,1,16,3,32,29.00173
729297,1,16,4,32,29.358938
729297,1,16,5,31,30.62911
729297,1,16,6,27,29.563755
729297,1,16,7,26,27.217842
729297,1,16,8,25,26.51923
729297,1,16,9,24,27.127493
729297,1,16,10,23,23.107723
729297,1,17,1,23,22.200077
729297,1,17,2,22,20.94555
729297,1,17,3,22,18.75577
729297,1,17,4,22,17.931559
729297,1,17,5,22,15.545719
729297,1,17,6,21,15.709118
729297,1,18,1,20,13.252972
729297,1,18,2,19,14.38171
729297,1,18,3,15,13.783564
729297,1,18,4,13,12.650323
729297,1,18,5,12,12.326035
729297,1,18,6,10,10.479982
729297,1,19,1,9,10.447619
729297,1,19,2,7,8.161429
729297,1,19,3,7,6.1199117
729297,1,19,4,6,4.336617
729297,1,19,5,5,3.325096
729297,1,19,6,3,1.47108
729297,1,19,7,2,1.625062
729297,2,15,1,46,19.891762
729297,2,15,2,45,24.956028
729297,2,15,3,44,23.93853
729297,2,15,4,44,23.91877
729297,2,15,5,43,23.719149
729297,2,15,6,43,24.366917
729297,2,15,7,42,26.703182
729297,2,16,1,41,23.352482
729297,2,16,2,39,21.31729
729297,2,16,3,38,25.433462
729297,2,16,4,32,27.919006
729297,2,16,5,31,29.132454
729297,2,16,6,30,20.153002
729297,2,17,1,26,20.977577
729297,2,17,2,26,19.933504
729297,2,17,3,25,18.66321
729297,2,17,4,24,19.101534
729297,2,17,5,23,20.454676
729297,2,17,6,23,17.290863
729297,2,18,1,21,16.779346
729297,2,18,2,20,15.09283
729297,2,18,3,20,7.557179
729297,2,18,4,20,6.719738
729297,2,18,5,19,6.8786244
729297,2,18,6,18,6.092204
729297,2,19,1,16,6.044577
729297,2,19,2,15,4.8925047
729297,2,19,3,9,6.0405235
729297,2,19,4,7,5.8284736
729297,2,19,5,1,1.9754155
729299,1,15,1,44,49.050552
729299,1,15,2,43,42.237225
729299,1,15,3,43,40.769238
729299,1,15,4,42,41.388493
729299,1,15,5,40,40.472225
729299,1,15,6,39,39.537468
729299,1,16,1,37,35.498264
729299,1,16,2,37,36.161167
729299,1,16,3,35,35.778667
729299,1,16,4,34,35.234734
729299,1,16,5,28,34.085087
729299,1,16,6,27,33.09976
729299,1,17,1,21,30.61556
729299,1,17,2,21,29.83461
729299,1,17,3,21,28.966625
729299,1,17,4,21,25.352407
729299,1,17,5,20,24.376923
729299,1,17,6,19,22.418867
729299,1,17,7,18,23.006699
729299,1,18,1,17,21.392889
729299,1,18,2,13,18.652773
729299,1,18,3,11,17.495897
729299,1,18,4,10,15.949514
729299,1,18,5,9,14.458854
729299,1,18,6,9,12.366467
729299,1,19,1,8,9.656649
729299,1,19,2,7,8.148699
729299,1,19,3,6,6.695787
729299,1,19,4,5,5.5229235
729299,1,19,5,3,4.4982862
729299,1,19,6,2,3.1488042
729299,1,19,7,0,1.7356557
729299,2,15,1,32,45.107697
729299,2,15,2,32,45.571434
729299,2,15,3,30,42.46072
729299,2,15,4,30,42.066673
729299,2,15,5,26,40.98605
729299,2,15,6,26,37.999958
729299,2,16,1,25,39.20278
729299,2,16,2,25,38.28731
729299,2,16,3,24,35.489044
729299,2,16,4,24,33.094463
729299,2,16,5,23,29.366474
729299,2,16,6,23,26.276731
729299,2,17,1,22,24.917515
729299,2,17,2,21,21.2577
729299,2,17,3,21,18.731897
729299,2,17,4,21,23.431692
729299,2,17,5,17,22.229538
729299,2,17,6,16,20.302027
729299,2,18,1,15,20.330309
729299,2,18,2,11,19.34077
729299,2,18,3,10,18.189146
729299,2,18,4,10,15.7250595
729299,2,18,5,7,14.958612
729299,2,18,6,7,13.343198
729299,2,18,7,6,14.084115
729299,2,19,1,6,12.292867
729299,2,19,2,5,10.44639
729299,2,19,3,4,8.43419
729299,2,19,4,3,5.521311
729299,2,19,5,3,4.553627
729299,2,19,6,1,2.7358236
729301,1,15,1,66,60.399075
729301,1,15,2,65,53.025955
729301,1,15,3,63,45.612064
729301,1,15,4,62,35.618916
729301,1,15,5,61,46.41271
729301,1,15,6,57,33.014656
729301,1,16,1,56,31.130732
729301,1,16,2,55,30.473974
729301,1,16,3,54,29.65785
729301,1,16,4,48,26.51678
729301,1,16,5,47,24.020798
729301,1,16,6,47,23.053242
729301,1,17,1,45,20.271194
729301,1,17,2,43,18.36162
729301,1,17,3,42,20.069664
729301,1,17,4,38,20.671602
729301,1,17,5,34,21.449379
729301,1,17,6,30,28.038128
729301,1,18,1,24,25.45462
729301,1,18,2,18,22.860847
729301,1,18,3,17,20.35667
729301,1,18,4,16,18.776793
729301,1,18,5,14,18.607756
729301,1,18,6,14,17.163723
729301,1,19,1,10,16.751722
729301,1,19,2,9,13.238793
729301,1,19,3,8,9.440275
729301,1,19,4,7,6.693541
729301,1,19,5,6,4.5707593
729301,1,19,6,6,1.9416806
729301,2,15,1,61,46.628613
729301,2,15,2,60,46.19608
729301,2,15,3,59,42.82005
729301,2,15,4,59,40.65158
729301,2,15,5,58,39.772457
729301,2,15,6,57,37.12577
729301,2,16,1,51,36.789917
729301,2,16,2,50,36.310387
729301,2,16,3,46,35.754723
729301,2,16,4,45,35.701664
729301,2,16,5,45,36.09893
729301,2,16,6,45,29.012348
729301,2,17,1,44,27.8606
729301,2,17,2,44,26.887245
729301,2,17,3,38,25.379717
729301,2,17,4,37,27.53291
729301,2,17,5,31,24.367006
729301,2,17,6,29,24.682009
729301,2,17,7,27,25.417742
729301,2,18,1,26,23.482805
729301,2,18,2,26,20.542858
729301,2,18,3,22,17.48866
729301,2,18,4,21,17.157843
729301,2,18,5,17,15.950683
729301,2,18,6,16,14.200968
729301,2,19,1,15,11.516473
729301,2,19,2,14,10.014931
729301,2,19,3,13,9.816294
729301,2,19,4,9,6.6627126
729301,2,19,5,8,5.7717767
729301,2,19,6,2,3.505863
729309,1,15,1,56,32.230305
729309,1,15,2,56,40.346413
729309,1,15,3,54,41.97433
729309,1,15,4,53,33.774883
729309,1,15,5,52,34.18571
729309,1,15,6,51,48.760098
729309,1,16,1,45,46.924427
729309,1,16,2,44,44.59541
729309,1,16,3,43,34.701298
729309,1,16,4,39,31.649408
729309,1,16,5,35,30.557125
729309,1,16,6,31,28.03904
729309,1,17,1,31,29.681814
729309,1,17,2,31,29.919203
729309,1,17,3,31,29.614552
729309,1,17,4,29,23.380753
729309,1,17,5,25,21.854006
729309,1,17,6,25,24.418863
729309,1,17,7,25,24.285257
729309,1,18,1,25,23.099216
729309,1,18,2,25,15.745351
729309,1,18,3,24,14.979669
729309,1,18,4,23,12.311436
729309,1,18,5,22,13.136444
729309,1,18,6,18,11.453586
729309,1,19,1,12,11.692045
729309,1,19,2,12,8.878002
729309,1,19,3,12,9.03637
729309,1,19,4,8,8.422869
729309,1,19,5,2,6.299485
729309,1,19,6,1,3.5942137
729309,2,15,1,23,53.27775
729309,2,15,2,23,45.668434
729309,2,15,3,23,44.967007
729309,2,15,4,21,49.18394
729309,2,15,5,21,35.997116
729309,2,15,6,21,36.117264
729309,2,16,1,21,33.717083
729309,2,16,2,21,34.239574
729309,2,16,3,20,32.000015
729309,2,16,4,16,29.976583
729309,2,16,5,16,27.360304
729309,2,16,6,15,26.396318
729309,2,17,1,14,27.968653
729309,2,17,2,13,27.11323
729309,2,17,3,12,22.728092
729309,2,17,4,10,20.999859
729309,2,17,5,10,21.069233
729309,2,17,6,9,20.599867
729309,2,18,1,8,19.080013
729309,2,18,2,7,17.462917
729309,2,18,3,6,12.864807
729309,2,18,4,6,13.290644
729309,2,18,5,4,12.664228
733977,1,15,1,49,50.993866
733977,1,15,2,48,51.3303
733977,1,15,3,48,51.144466
733977,1,15,4,42,48.706383
733977,1,15,5,41,48.09513
733977,1,15,6,40,41.751072
733977,1,16,1,40,38.8168
733977,1,16,2,39,36.94843
733977,1,16,3,39,32.48086
733977,1,16,4,37,31.978228
733977,1,16,5,36,32.14046
733977,1,16,6,35,32.895943
733977,1,17,1,31,29.52814
733977,1,17,2,30,28.541065
733977,1,17,3,30,25.745783
733977,1,17,4,29,27.423712
733977,1,17,5,23,25.062277
733977,1,17,6,21,25.875278
733977,1,18,1,15,23.089685
733977,1,18,2,15,21.454826
733977,1,18,3,14,19.56514
733977,1,18,4,13,17.325369
733977,1,18,5,13,16.25818
733977,1,18,6,7,13.606566
733977,1,18,7,6,13.212974
733977,1,19,1,6,11.498565
733977,1,19,2,5,10.541492
733977,1,19,3,5,8.238481
733977,1,19,4,5,4.6077304
733977,1,19,5,5,2.8083103
733977,1,19,6,4,2.3235018
733977,2,15,1,61,44.15613
733977,2,15,2,55,42.298203
733977,2,15,3,54,40.903812
733977,2,15,4,53,39.446625
733977,2,15,5,49,29.09998
733977,2,15,6,43,28.809343
733977,2,16,1,42,41.00358
733977,2,16,2,41,38.890446
733977,2,16,3,40,33.80402
733977,2,16,4,40,31.554914
733977,2,16,5,40,28.370344
733977,2,16,6,39,25.438478
733977,2,17,1,39,27.517374
733977,2,17,2,35,24.826017
733977,2,17,3,35,24.24634
733977,2,17,4,35,22.253185
733977,2,17,5,35,23.429495
733977,2,17,6,31,21.591768
733977,2,18,1,30,22.691738
733977,2,18,2,24,20.762217
733977,2,18,3,18,18.652018
733977,2,18,4,17,18.176397
733977,2,18,5,16,16.248665
733977,2,18,6,12,17.42398
733977,2,19,1,6,10.135265
733977,2,19,2,6,10.185143
733977,2,19,3,5,9.154924
733977,2,19,4,5,7.17231
733977,2,19,5,4,4.8544254
733985,1,15,1,57,43.63689
733985,1,15,2,57,40.102806
733985,1,15,3,57,39.11687
733985,1,15,4,56,38.51592
733985,1,15,5,55,37.207127
733985,1,15,6,55,36.280476
733985,1,16,1,54,38.09342
733985,1,16,2,50,36.50192
733985,1,16,3,50,38.190617
733985,1,16,4,44,36.941895
733985,1,16,5,43,35.001846
733985,1,16,6,42,32.522842
733985,1,17,1,41,31.453354
733985,1,17,2,40,29.536844
733985,1,17,3,34,29.167524
733985,1,17,4,33,27.561373
733985,1,17,5,29,25.438366
733985,1,17,6,25,25.016628
733985,1,18,1,24,24.148848
733985,1,18,2,23,21.879509
733985,1,18,3,17,19.74056
733985,1,18,4,17,18.751835
733985,1,18,5,16,17.455828
733985,1,18,6,12,15.328772
733985,1,19,1,12,13.290048
733985,1,19,2,11,11.138977
733985,1,19,3,10,9.628862
733985,1,19,4,8,7.6920166
733985,1,19,5,7,6.0210347
733985,1,19,6,6,3.9183362
733985,2,15,1,33,48.189335
733985,2,15,2,31,49.984283
733985,2,15,3,29,46.6184
733985,2,15,4,28,41.0239
733985,2,15,5,28,46.99922
733985,2,15,6,24,44.77504
733985,2,16,1,23,37.63053
733985,2,16,2,22,34.689194
733985,2,16,3,18,31.873476
733985,2,16,4,17,27.959635
733985,2,16,5,17,31.884258
733985,2,16,6,11,27.820293
733985,2,17,1,10,24.41986
733985,2,17,2,10,27.516783
733985,2,17,3,10,24.51391
733985,2,17,4,10,23.117659
733985,2,17,5,10,20.52453
733985,2,17,6,6,22.273087
733985,2,18,1,5,19.882889
733985,2,18,2,1,16.416286
734031,1,15,1,24,49.87455
734031,1,15,2,23,48.96055
734031,1,15,3,23,44.357758
734031,1,15,4,22,36.180153
734031,1,15,5,22,33.01397
734031,1,15,6,21,33.964695
734031,1,16,1,20,36.306877
734031,1,16,2,20,37.394028
734031,1,16,3,16,36.536606
734031,1,16,4,16,31.828754
734031,1,16,5,15,31.05395
734031,1,16,6,14,30.199932
734031,1,17,1,13,27.285349
734031,1,17,2,12,31.952013
734031,1,17,3,12,29.142792
734031,1,17,4,11,22.669949
734031,1,17,5,11,19.887083
734031,1,17,6,7,19.450304
734031,1,18,1,6,17.664013
734031,1,18,2,5,17.003002
734031,1,18,3,5,16.228634
734031,1,18,4,4,14.655296
734031,1,18,5,3,11.8786335
734031,1,18,6,2,7.253595
734031,1,19,1,2,6.083765
734031,1,19,2,1,5.8592052
734031,1,19,3,1,5.5672946
734031,1,19,4,1,1.2507166
734031,2,15,1,53,48.642826
734031,2,15,2,52,47.499107
734031,2,15,3,51,42.92562
734031,2,15,4,45,41.74581
734031,2,15,5,44,43.76466
734031,2,15,6,43,43.71894
734031,2,16,1,42,39.104004
734031,2,16,2,41,37.336914
734031,2,16,3,37,32.67256
734031,2,16,4,36,30.876417
734031,2,16,5,35,28.979261
734031,2,16,6,34,31.352337
734031,2,17,1,28,30.434986
734031,2,17,2,28,29.155458
734031,2,17,3,27,29.002512
734031,2,17,4,21,26.866861
734031,2,17,5,20,25.632404
734031,2,17,6,20,24.633535
734031,2,18,1,16,21.134523
734031,2,18,2,14,20.104311
734031,2,18,3,13,18.581612
734031,2,18,4,12,17.370049
734031,2,18,5,12,16.338816
734031,2,18,6,11,14.681027
734031,2,18,7,11,14.8861
734031,2,19,1,9,12.228757
734031,2,19,2,8,10.633841
734031,2,19,3,7,8.892471
734031,2,19,4,6,7.387868
734031,2,19,5,2,4.9684157
734031,2,19,6,1,3.159379
829707,1,15,1,34,48.963455
829707,1,15,2,33,41.232975
829707,1,15,3,33,41.009064
829707,1,15,4,32,36.94232
829707,1,15,5,32,37.400414
829707,1,15,6,31,34.528057
829707,1,16,1,31,28.326733
829707,1,16,2,31,30.287535
829707,1,16,3,31,30.615334
829707,1,16,4,30,29.461836
829707,1,16,5,30,30.50794
829707,1,16,6,30,29.133703
829707,1,17,1,30,24.139187
829707,1,17,2,30,22.360155
829707,1,17,3,30,13.994932
829707,1,17,4,30,16.28376
829707,1,17,5,30,17.942856
829707,1,17,6,29,18.194197
829707,1,18,1,25,17.757982
829707,1,18,2,24,16.676424
829707,1,18,3,22,15.158828
829707,1,18,4,20,15.129576
829707,1,18,5,19,12.832347
829707,1,18,6,18,9.989402
829707,1,19,1,16,8.903741
829707,1,19,2,15,7.5763
829707,1,19,3,14,7.936947
829707,1,19,4,8,7.7297244
829707,1,19,5,2,5.4563856
829707,1,19,6,2,3.5218294
829707,2,15,1,47,41.400326
829707,2,15,2,46,43.29428
829707,2,15,3,45,40.786865
829707,2,15,4,43,39.674362
829707,2,15,5,43,39.34497
829707,2,15,6,39,36.22413
829707,2,16,1,39,38.495796
829707,2,16,2,35,34.172523
829707,2,16,3,35,35.12212
829707,2,16,4,34,34.0588
829707,2,16,5,33,32.55797
829707,2,16,6,31,31.187443
829707,2,17,1,30,24.02754
829707,2,17,2,30,26.894249
829707,2,17,3,28,24.948723
829707,2,17,4,27,24.572887
829707,2,17,5,26,19.32756
829707,2,17,6,26,18.050303
829707,2,17,7,26,18.585825
829707,2,18,1,25,15.59878
829707,2,18,2,24,14.957608
829707,2,18,3,24,13.47691
829707,2,18,4,23,11.398895
829707,2,18,5,21,10.48044
829707,2,18,6,20,9.424508
829707,2,18,7,19,9.232805
829707,2,19,1,17,9.778734
829707,2,19,2,13,7.633281
829707,2,19,3,12,4.6622105
829707,2,19,4,12,5.3864446
829707,2,19,5,6,3.847512
829707,2,19,6,4,2.5997844
829713,1,15,1,55,46.214478
829713,1,15,2,54,48.29297
829713,1,15,3,53,48.39088
829713,1,15,4,53,43.90295
829713,1,15,5,49,41.84572
829713,1,15,6,48,35.548477
829713,1,16,1,46,38.780964
829713,1,16,2,46,32.185028
829713,1,16,3,46,32.879032
829713,1,16,4,46,28.878304
829713,1,16,5,42,27.65975
829713,1,16,6,41,29.130304
829713,1,17,1,40,29.638433
829713,1,17,2,39,28.260708
829713,1,17,3,39,27.382364
829713,1,17,4,35,24.569105
829713,1,17,5,35,25.228647
829713,1,17,6,29,24.43622
829713,1,18,1,28,22.041138
829713,1,18,2,22,21.793707
829713,1,18,3,20,19.906109
829713,1,18,4,19,18.809612
829713,1,18,5,18,18.198719
829713,1,18,6,18,15.01371
829713,1,19,1,14,12.602499
829713,1,19,2,14,10.725212
829713,1,19,3,10,10.6128435
829713,1,19,4,6,8.075573
829713,1,19,5,5,5.8012037
829713,1,19,6,5,2.8342388
829713,1,19,7,4,3.2062864
829713,2,15,1,60,43.2486
829713,2,15,2,56,51.13767
829713,2,15,3,50,43.876583
829713,2,15,4,49,43.689247
829713,2,15,5,49,43.046505
829713,2,15,6,48,39.193474
829713,2,16,1,47,33.389896
829713,2,16,2,46,30.015461
829713,2,16,3,45,28.31622
829713,2,16,4,45,28.133783
829713,2,16,5,45,31.638823
829713,2,16,6,39,35.93988
829713,2,16,7,33,35.882183
829713,2,17,1,32,34.177696
829713,2,17,2,28,33.797478
829713,2,17,3,24,35.73712
829713,2,17,4,22,29.276413
829713,2,17,5,21,25.032097
829713,2,17,6,21,26.613218
829713,2,18,1,15,24.094566
829713,2,18,2,9,18.40459
829713,2,18,3,8,18.13871
829713,2,18,4,7,16.084875
829713,2,18,5,5,15.621053
829713,2,18,6,4,14.439106
829721,1,15,1,81,43.330685
829721,1,15,2,75,54.77025
829721,1,15,3,71,42.93151
829721,1,15,4,70,48.912277
829721,1,15,5,66,43.782063
829721,1,15,6,65,41.66542
829721,1,16,1,65,45.073612
829721,1,16,2,61,49.80872
829721,1,16,3,55,47.729893
829721,1,16,4,55,44.117935
829721,1,16,5,51,44.56941
829721,1,16,6,50,45.611923
829721,1,17,1,48,33.59552
829721,1,17,2,42,37.265343
829721,1,17,3,40,35.05848
829721,1,17,4,39,29.900927
829721,1,17,5,38,28.921963
829721,1,17,6,36,27.60344
829721,1,18,1,35,24.345911
829721,1,18,2,29,21.647888
829721,1,18,3,25,22.062063
829721,1,18,4,21,20.827326
829721,1,18,5,15,19.02486
829721,1,18,6,15,14.568691
829721,1,19,1,15,13.386262
829721,1,19,2,13,10.275834
829721,1,19,3,9,9.985329
829721,1,19,4,3,6.787381
829721,1,19,5,3,4.9863234
829721,1,19,6,2,2.5251017
829721,2,15,1,52,46.18773
829721,2,15,2,49,45.34841
829721,2,15,3,48,47.73761
829721,2,15,4,44,46.293304
829721,2,15,5,44,42.084785
829721,2,15,6,44,41.619366
829721,2,15,7,41,38.720768
829721,2,15,8,40,39.200203
829721,2,16,1,39,39.72595
829721,2,16,2,35,37.93043
829721,2,16,3,31,37.132217
829721,2,16,4,29,38.193993
829721,2,16,5,25,36.033096
829721,2,16,6,25,34.114285
829721,2,17,1,24,29.799183
829721,2,17,2,23,26.868198
829721,2,17,3,21,25.687119
829721,2,17,4,20,23.231201
829721,2,17,5,20,23.122396
829721,2,17,6,18,24.294895
829721,2,18,1,12,22.04972
829721,2,18,2,11,21.249523
829721,2,18,3,7,19.84739
829721,2,18,4,5,18.624126
829721,2,18,5,5,16.783966
829721,2,18,6,5,14.919955
829721,2,19,1,1,12.72439
829729,1,15,1,51,48.85367
829729,1,15,2,50,47.0476
829729,1,15,3,50,47.97023
829729,1,15,4,49,43.899654
829729,1,15,5,47,44.834316
829729,1,15,6,46,42.313347
829729,1,16,1,45,39.344063
829729,1,16,2,41,42.07156
829729,1,16,3,35,41.476448
829729,1,16,4,35,39.665936
829729,1,16,5,34,37.66109
829729,1,16,6,32,35.92182
829729,1,17,1,28,29.873482
829729,1,17,2,27,26.611576
829729,1,17,3,25,26.329704
829729,1,17,4,25,25.56786
829729,1,17,5,24,23.876553
829729,1,17,6,23,23.068893
829729,1,18,1,23,18.660856
829729,1,18,2,22,16.286068
829729,1,18,3,21,19.066473
829729,1,18,4,15,16.789371
829729,1,18,5,15,18.273952
829729,1,18,6,9,15.089509
829729,1,19,1,8,13.648464
829729,1,19,2,7,11.907726
829729,1,19,3,3,9.959346
829729,1,19,4,2,7.0089097
829729,1,19,5,2,2.6564453
829729,1,19,6,2,1.3305105
829729,2,15,1,21,50.5092
829729,2,15,2,19,50.864193
829729,2,15,3,19,46.43663
829729,2,15,4,18,42.78572
829729,2,15,5,18,43.18482
829729,2,15,6,17,42.589912
829729,2,16,1,16,36.40271
829729,2,16,2,15,36.85849
829729,2,16,3,11,35.668194
829729,2,16,4,10,35.254642
829729,2,16,5,6,34.787933
829735,1,15,1,50,49.036907
829735,1,15,2,49,49.339756
829735,1,15,3,49,47.31931
829735,1,15,4,49,40.371834
829735,1,15,5,48,37.507763
829735,1,15,6,47,42.388084
829735,1,16,1,43,43.89586
829735,1,16,2,39,43.334633
829735,1,16,3,38,40.989544
829735,1,16,4,38,38.501472
829735,1,16,5,34,37.89623
829735,1,16,6,34,35.089092
829735,1,17,1,34,32.716995
829735,1,17,2,30,31.294193
829735,1,17,3,29,30.18105
829735,1,17,4,28,29.094881
829735,1,17,5,24,29.12473
829735,1,17,6,18,27.774645
829735,1,18,1,17,22.35092
829735,1,18,2,15,21.697262
829735,1,18,3,13,20.810314
829735,1,18,4,12,18.903381
829735,1,18,5,11,17.573858
829735,1,18,6,10,15.203841
829735,1,18,7,7,14.786943
829735,1,19,1,7,12.190746
829735,1,19,2,3,11.442066
829735,1,19,3,3,9.540668
829735,1,19,4,2,8.405981
829735,1,19,5,2,5.6794133
829735,1,19,6,0,3.9030046
829735,2,15,1,19,48.43214
829735,2,15,2,18,44.21366
829735,2,15,3,17,41.466522
829735,2,15,4,17,39.372883
829735,2,15,5,15,41.46039
829735,2,15,6,14,39.399475
829735,2,16,1,13,52.05781
829735,2,16,2,13,43.784843
829735,2,16,3,13,40.093906
829735,2,16,4,12,38.216545
829735,2,16,5,11,33.518784
829735,2,16,6,10,34.416515
829735,2,17,1,10,25.83579
829735,2,17,2,9,28.145557
829735,2,17,3,7,26.744122
829735,2,17,4,5,23.654943
829735,2,17,5,4,24.413853
829735,2,17,6,2,20.797255
829735,2,18,1,1,19.075228
829735,2,18,2,1,19.890587
829747,1,15,1,53,48.142845
829747,1,15,2,51,49.440525
829747,1,15,3,50,51.174736
829747,1,15,4,49,48.951225
829747,1,15,5,48,48.65776
829747,1,15,6,44,42.258526
829747,1,16,1,38,37.39412
829747,1,16,2,36,35.733345
829747,1,16,3,35,33.884754
829747,1,16,4,34,35.532303
829747,1,16,5,34,35.62547
829747,1,16,6,30,31.765955
829747,1,17,1,29,30.20315
829747,1,17,2,25,29.000772
829747,1,17,3,23,27.346758
829747,1,17,4,22,26.301569
829747,1,17,5,22,23.98468
829747,1,17,6,20,23.417032
829747,1,17,7,16,24.728624
829747,1,18,1,16,20.514622
829747,1,18,2,16,18.833202
829747,1,18,3,15,18.560904
829747,1,18,4,15,16.884542
829747,1,18,5,13,14.107432
829747,1,18,6,12,12.946673
829747,1,18,7,11,12.896223
829747,1,19,1,10,11.4941845
829747,1,19,2,4,10.034866
829747,1,19,3,3,6.5216217
829747,1,19,4,3,4.677827
829747,1,19,5,2,3.0910435
829747,1,19,6,1,1.474746
829747,2,15,1,33,54.972446
829747,2,15,2,29,51.541416
829747,2,15,3,25,51.592243
829747,2,15,4,25,54.062805
829747,2,15,5,24,47.25533
829747,2,15,6,22,44.76799
829747,2,16,1,22,36.051548
829747,2,16,2,22,31.251396
829747,2,16,3,18,27.53424
829747,2,16,4,18,23.627802
829747,2,16,5,18,23.426811
829747,2,16,6,18,22.233673
829747,2,17,1,18,25.086346
829747,2,17,2,18,25.575003
829747,2,17,3,17,24.278545
829747,2,17,4,16,19.611431
829747,2,17,5,10,18.701971
829747,2,17,6,10,18.407495
829747,2,18,1,9,17.251585
829747,2,18,2,9,16.137201
829747,2,18,3,8,15.383748
829747,2,18,4,7,12.470578
829747,2,18,5,7,11.217806
829747,2,18,6,7,11.60606
829747,2,18,7,6,10.965959
829747,2,18,8,5,12.683486
829747,2,19,1,5,8.874299
829747,2,19,2,1,8.781485
829747,2,19,3,0,7.677472
829747,2,19,4,0,4.539366
829747,2,19,5,0,3.0184658
829747,2,19,6,0,1.3633722
829751,1,15,1,45,45.643494
829751,1,15,2,44,45.665836
829751,1,15,3,43,40.227543
829751,1,15,4,41,37.318695
829751,1,15,5,40,42.73163
829751,1,15,6,40,47.966866
829751,1,16,1,36,45.921833
829751,1,16,2,32,42.8597
829751,1,16,3,31,39.891106
829751,1,16,4,31,35.11725
829751,1,16,5,31,33.760082
829751,1,16,6,31,30.762976
829751,1,17,1,31,28.30905
829751,1,17,2,30,26.318243
829751,1,17,3,29,25.166798
829751,1,17,4,29,22.323105
829751,1,17,5,29,23.09888
829751,1,17,6,25,22.854702
829751,1,17,7,24,23.942041
829751,1,17,8,18,24.009773
829751,1,17,9,17,23.645533
829751,1,18,1,16,19.62613
829751,1,18,2,16,18.459873
829751,1,18,3,15,17.220253
829751,1,18,4,14,15.17386
829751,1,18,5,12,13.956115
829751,1,18,6,11,12.4199
829751,1,18,7,9,12.676014
829751,1,19,1,8,8.852293
829751,1,19,2,8,6.7966995
829751,1,19,3,8,5.4410625
829751,1,19,4,7,4.2026987
829751,1,19,5,6,3.1574266
829751,1,19,6,4,1.8303498
829751,1,19,7,2,1.6129283
829751,2,15,1,33,47.724953
829751,2,15,2,32,46.391262
829751,2,15,3,32,42.787838
829751,2,15,4,31,45.402798
829751,2,15,5,27,42.81068
829751,2,15,6,27,44.196106
829751,2,16,1,23,40.51496
829751,2,16,2,22,41.72827
829751,2,16,3,20,39.937447
829751,2,16,4,18,37.668392
829751,2,16,5,18,37.65238
829751,2,16,6,17,32.874317
829751,2,16,7,17,32.513805
829751,2,17,1,13,31.56966
829751,2,17,2,13,29.253214
829751,2,17,3,12,27.779198
829751,2,17,4,11,23.236732
829751,2,17,5,11,22.4121
829751,2,17,6,10,20.542295
829751,2,18,1,10,15.438164
829751,2,18,2,10,14.107298
829751,2,18,3,10,12.720554
829751,2,18,4,10,9.872094
829751,2,18,5,10,9.875645
829751,2,18,6,10,10.187155
829751,2,19,1,9,6.2917237
829751,2,19,2,7,5.3212624
829751,2,19,3,6,4.505308
829751,2,19,4,6,4.3100066
829751,2,19,5,2,2.6715837
829751,2,19,6,2,1.1829151
829775,1,15,1,49,44.314556
829775,1,15,2,48,42.28438
829775,1,15,3,47,40.509064
829775,1,15,4,45,40.760616
829775,1,15,5,44,39.263226
829775,1,15,6,38,41.704765
829775,1,16,1,36,27.996489
829775,1,16,2,36,32.988514
829775,1,16,3,32,29.93523
829775,1,16,4,30,28.839643
829775,1,16,5,28,25.01467
829775,1,16,6,27,22.554707
829775,1,16,7,27,22.106817
829775,1,17,1,26,24.342531
829775,1,17,2,26,21.091253
829775,1,17,3,22,18.88793
829775,1,17,4,22,18.345608
829775,1,17,5,20,18.86167
829775,1,17,6,18,20.009281
829775,1,18,1,18,20.301306
829775,1,18,2,17,20.500725
829775,1,18,3,16,20.181402
829775,1,18,4,15,14.833373
829775,1,18,5,11,14.476509
829775,1,18,6,10,12.34745
829775,1,19,1,9,12.344683
829775,1,19,2,7,11.716212
829775,1,19,3,6,8.6517515
829775,1,19,4,6,7.7353454
829775,1,19,5,5,6.5551047
829775,1,19,6,5,4.610207
829775,1,19,7,4,3.2258935
829775,2,15,1,36,51.789856
829775,2,15,2,34,49.871857
829775,2,15,3,33,44.184223
829775,2,15,4,32,43.562412
829775,2,15,5,31,36.040295
829775,2,15,6,31,35.02085
829775,2,16,1,31,34.598686
829775,2,16,2,30,31.159695
829775,2,16,3,30,31.77154
829775,2,16,4,29,31.368217
829775,2,16,5,27,31.461977
829775,2,16,6,26,30.942778
829775,2,17,1,25,28.670603
829775,2,17,2,24,28.445332
829775,2,17,3,23,26.60206
829775,2,17,4,21,24.96894
829775,2,17,5,21,24.270285
829775,2,17,6,21,23.40743
829775,2,18,1,20,21.485626
829775,2,18,2,16,19.567595
829775,2,18,3,15,18.716444
829775,2,18,4,11,18.007423
829775,2,18,5,10,17.016518
829775,2,18,6,9,13.631806
829775,2,18,7,9,13.026973
829775,2,19,1,9,10.677303
829775,2,19,2,8,7.891899
829775,2,19,3,8,7.1101108
829775,2,19,4,7,5.1059036
829775,2,19,5,7,4.7910943
829775,2,19,6,1,2.0285468
829783,1,15,1,57,47.03854
829783,1,15,2,57,44.981335
829783,1,15,3,56,50.32554
829783,1,15,4,50,36.832653
829783,1,15,5,50,37.34116
829783,1,15,6,50,39.172768
829783,1,16,1,46,38.532295
829783,1,16,2,45,37.014187
829783,1,16,3,41,33.18753
829783,1,16,4,37,32.890457
829783,1,16,5,33,34.357048
829783,1,16,6,32,31.239647
829783,1,17,1,31,30.565517
829783,1,17,2,30,32.647568
829783,1,17,3,29,28.63483
829783,1,17,4,28,27.962505
829783,1,17,5,22,26.577103
829783,1,17,6,16,23.989094
829783,1,18,1,15,23.447254
829783,1,18,2,14,21.199879
829783,1,18,3,10,19.68727
829783,1,18,4,10,19.618393
829783,1,18,5,9,17.189228
829783,1,18,6,9,13.149279
829783,1,19,1,9,10.834025
829783,1,19,2,9,11.348012
829783,1,19,3,5,10.456219
829783,1,19,4,4,6.850164
829783,1,19,5,3,5.1531286
829783,1,19,6,2,3.2453804
829783,2,15,1,54,47.936
829783,2,15,2,53,42.062508
829783,2,15,3,53,40.81718
829783,2,15,4,53,40.450768
829783,2,15,5,47,38.503075
829783,2,15,6,46,36.452644
829783,2,15,7,45,37.30682
829783,2,15,8,44,38.667423
829783,2,16,1,43,36.773388
829783,2,16,2,37,34.783756
829783,2,16,3,36,33.359802
829783,2,16,4,35,34.015896
829783,2,16,5,34,32.527733
829783,2,16,6,33,30.443235
829783,2,17,1,32,29.633383
829783,2,17,2,28,27.871614
829783,2,17,3,27,26.623653
829783,2,17,4,27,22.973305
829783,2,17,5,27,21.835236
829783,2,17,6,26,23.60227
829783,2,18,1,22,21.823944
829783,2,18,2,16,21.700813
829783,2,18,3,16,19.306974
829783,2,18,4,15,16.948654
829783,2,18,5,11,15.207139
829783,2,18,6,10,13.134381
829783,2,19,1,8,12.467952
829783,2,19,2,7,10.576249
829783,2,19,3,1,8.728676
829791,1,15,1,49,53.577503
829791,1,15,2,48,50.15605
829791,1,15,3,47,50.306908
829791,1,15,4,43,45.641838
829791,1,15,5,43,43.0692
829791,1,15,6,42,40.923862
829791,1,16,1,42,35.771324
829791,1,16,2,41,32.589622
829791,1,16,3,40,39.889194
829791,1,16,4,40,36.99195
829791,1,16,5,40,28.509256
829791,1,16,6,34,28.803316
829791,1,17,1,34,27.723492
829791,1,17,2,33,27.612032
829791,1,17,3,32,25.738708
829791,1,17,4,31,24.54985
829791,1,17,5,31,23.910862
829791,1,17,6,31,23.697042
829791,1,18,1,30,21.381422
829791,1,18,2,29,20.059505
829791,1,18,3,28,18.181171
829791,1,18,4,26,17.443256
829791,1,18,5,24,14.098202
829791,1,18,6,23,10.475635
829791,1,18,7,22,11.01494
829791,1,19,1,21,11.049757
829791,1,19,2,15,9.851198
829791,1,19,3,14,8.172602
829791,1,19,4,14,7.725823
829791,1,19,5,8,5.924415
829791,1,19,6,4,5.58054
829791,2,15,1,48,40.92631
829791,2,15,2,42,47.84967
829791,2,15,3,41,47.22022
829791,2,15,4,40,45.884426
829791,2,15,5,36,44.708652
829791,2,15,6,30,41.633675
829791,2,16,1,29,40.715908
829791,2,16,2,28,39.593777
829791,2,16,3,27,36.874634
829791,2,16,4,26,34.29761
829791,2,16,5,25,29.36908
829791,2,16,6,25,28.908943
829791,2,17,1,24,25.60448
829791,2,17,2,23,23.492659
829791,2,17,3,23,22.472166
829791,2,17,4,22,24.15695
829791,2,17,5,21,22.348248
829791,2,17,6,17,20.096058
829791,2,18,1,13,20.34604
829791,2,18,2,12,18.77484
829791,2,18,3,12,16.851763
829791,2,18,4,11,15.031704
829791,2,18,5,10,12.880898
829791,2,18,6,9,10.321444
829791,2,19,1,8,9.51676
829791,2,19,2,7,6.6132655
829791,2,19,3,7,5.2566433
829791,2,19,4,1,3.7856357
829791,2,19,5,1,3.0603364
829815,1,15,1,33,39.697487
829815,1,15,2,32,38.46285
829815,1,15,3,31,38.78415
829815,1,15,4,29,25.794216
829815,1,15,5,29,20.358961
829815,1,15,6,28,19.155315
829815,1,16,1,28,21.715712
829815,1,16,2,28,21.639729
829815,1,16,3,27,12.082034
829815,1,16,4,27,13.233152
829815,1,16,5,26,13.16129
829815,1,16,6,25,14.477832
829815,1,17,1,23,12.951143
829815,1,17,2,22,11.123983
829815,1,17,3,22,6.7539644
829815,1,17,4,22,5.8832583
829815,1,17,5,22,4.990881
829815,1,17,6,21,5.608454
829815,1,18,1,20,6.6141334
829815,1,18,2,20,6.6820326
829815,1,18,3,16,9.7423115
829815,1,18,4,12,8.760386
829815,1,18,5,11,9.085565
829815,1,18,6,10,8.65057
829815,1,19,1,9,7.8094835
829815,1,19,2,9,8.14451
829815,1,19,3,5,8.062668
829815,1,19,4,3,6.4543433
829815,1,19,5,2,4.8147125
829815,1,19,6,1,-0.08161965
980903,1,15,1,6,22.868668
980903,1,15,2,6,22.745256
980903,1,15,3,6,22.444805
980903,1,15,4,6,10.438675
980903,1,15,5,6,11.238483
980903,1,15,6,6,10.7028475
980903,1,16,1,6,9.458905
980903,1,16,2,6,26.160513
980903,1,16,3,5,24.906254
980903,1,16,4,5,25.577848
980903,1,16,5,5,22.68906
980903,1,16,6,5,21.624916
980903,1,17,1,5,9.438463
980903,1,17,2,4,8.125138
980903,1,17,3,4,10.576276
980903,1,17,4,0,4.420757
980907,1,15,1,71,70.180916
980907,1,15,2,67,59.908966
980907,1,15,3,67,54.17308
980907,1,15,4,66,50.18196
980907,1,15,5,65,47.748314
980907,1,15,6,64,40.648518
980907,1,15,7,64,47.283035
980907,1,16,1,63,43.96989
980907,1,16,2,63,42.056934
980907,1,16,3,62,38.83072
980907,1,16,4,62,33.91987
980907,1,16,5,62,34.696545
980907,1,16,6,56,37.255962
980907,1,16,7,50,35.77706
980907,1,17,1,44,32.894585
980907,1,17,2,44,32.357853
980907,1,17,3,44,29.618093
980907,1,17,4,44,27.850677
980907,1,17,5,43,25.388165
980907,1,17,6,42,23.687025
980907,1,18,1,41,21.155396
980907,1,18,2,36,21.134089
980907,1,18,3,35,19.463404
980907,1,18,4,31,18.549152
980907,1,18,5,27,19.416437
980907,1,18,6,21,17.020864
980907,1,18,7,17,16.676222
980907,1,19,1,13,14.556498
980907,1,19,2,13,12.169642
980907,1,19,3,12,10.228502
980907,1,19,4,6,8.196279
980907,1,19,5,4,7.3025393
980907,1,19,6,4,3.6174712
980907,2,15,1,43,42.440727
980907,2,15,2,42,49.53754
980907,2,15,3,38,46.088745
980907,2,15,4,38,42.24586
980907,2,15,5,36,42.04018
980907,2,15,6,35,37.870434
980907,2,16,1,35,38.78444
980907,2,16,2,34,38.669315
980907,2,16,3,34,36.00325
980907,2,16,4,32,34.209576
980907,2,16,5,30,31.516766
980907,2,16,6,30,29.34475
980907,2,17,1,30,24.930101
980907,2,17,2,29,28.916683
980907,2,17,3,23,26.948584
980907,2,17,4,23,24.627531
980907,2,17,5,23,25.115055
980907,2,17,6,19,23.759533
980907,2,18,1,18,24.152773
980907,2,18,2,14,22.082323
980907,2,18,3,13,21.162146
980907,2,18,4,13,19.04977
980907,2,18,5,13,17.12306
980907,2,18,6,11,15.263419
980907,2,19,1,9,11.935459
980907,2,19,2,5,11.010739
980907,2,19,3,4,9.00143
980907,2,19,4,4,7.380085
980907,2,19,5,2,6.226917
980907,2,19,6,1,4.0614696
980907,2,19,7,0,3.5797358
980927,1,15,1,58,48.060024
980927,1,15,2,53,45.922886
980927,1,15,3,52,48.3457
980927,1,15,4,52,47.16138
980927,1,15,5,51,45.46385
980927,1,15,6,50,45.245987
980927,1,15,7,48,43.659744
980927,1,16,1,47,39.42523
980927,1,16,2,46,36.816597
980927,1,16,3,46,38.42753
980927,1,16,4,42,39.8225
980927,1,16,5,40,38.198086
980927,1,16,6,38,35.536507
980927,1,17,1,36,32.040436
980927,1,17,2,36,30.662453
980927,1,17,3,35,31.08785
980927,1,17,4,31,27.433626
980927,1,17,5,30,24.422888
980927,1,17,6,29,22.65507
980927,1,18,1,27,22.657597
980927,1,18,2,23,21.072334
980927,1,18,3,22,19.80435
980927,1,18,4,16,18.077967
980927,1,18,5,15,17.691992
980927,1,18,6,9,14.264027
980927,1,19,1,9,11.4747095
980927,1,19,2,8,9.543399
980927,1,19,3,7,9.504928
980927,1,19,4,1,6.4098344
980927,1,19,5,1,2.364546
980927,1,19,6,1,1.2450347
980927,2,15,1,43,47.296402
980927,2,15,2,43,47.17205
980927,2,15,3,37,48.33596
980927,2,15,4,31,45.14461
980927,2,15,5,31,42.2749
980927,2,15,6,30,41.39655
980927,2,15,7,29,42.363525
980927,2,16,1,28,35.874832
980927,2,16,2,28,34.693825
980927,2,16,3,27,33.844513
980927,2,16,4,27,31.50945
980927,2,16,5,21,34.373623
980927,2,16,6,15,34.8356
980927,2,17,1,14,31.698793
980927,2,17,2,14,30.940575
980927,2,17,3,8,31.064432
980927,2,17,4,8,27.941978
980927,2,17,5,8,25.114193
980927,2,17,6,4,24.44568
980935,1,15,1,40,42.828342
980935,1,15,2,40,44.080288
980935,1,15,3,40,40.213615
980935,1,15,4,40,40.59542
980935,1,15,5,39,41.124695
980935,1,15,6,38,33.786346
980935,1,16,1,38,33.38951
980935,1,16,2,37,32.698875
980935,1,16,3,37,29.673582
980935,1,16,4,36,33.32019
980935,1,16,5,30,31.645155
980935,1,16,6,29,28.976507
980935,1,17,1,28,27.521221
980935,1,17,2,27,26.927588
980935,1,17,3,26,27.654518
980935,1,17,4,24,23.03576
980935,1,17,5,23,22.168173
980935,1,17,6,22,20.458628
980935,1,18,1,21,17.93068
980935,1,18,2,20,19.661028
980935,1,18,3,14,18.147644
980935,1,18,4,12,15.709375
980935,1,18,5,11,13.716815
980935,1,18,6,10,14.347193
980935,1,19,1,6,11.754019
980935,1,19,2,4,8.244801
980935,1,19,3,4,6.9750066
980935,1,19,4,4,5.853672
980935,1,19,5,3,4.489847
980935,1,19,6,1,2.0200205
980935,2,15,1,27,46.306614
980935,2,15,2,27,47.613705
980935,2,15,3,26,44.27122
980935,2,15,4,26,43.97611
980935,2,15,5,24,43.437107
980935,2,15,6,18,43.57872
980935,2,16,1,17,38.775394
980935,2,16,2,16,37.88464
980935,2,16,3,15,38.13943
980935,2,16,4,14,37.179085
980935,2,16,5,12,29.344908
980935,2,16,6,11,33.866314
980935,2,16,7,7,34.389565
980935,2,16,8,7,33.33722
980935,2,17,1,7,28.530884
980935,2,17,2,6,25.894411
980935,2,17,3,6,24.922964
980935,2,17,4,5,24.455015
980935,2,17,5,4,23.507196
980967,1,15,1,41,36.41304
980967,1,15,2,41,34.530975
980967,1,15,3,40,36.87019
980967,1,15,4,39,34.015106
980967,1,15,5,38,32.94181
980967,1,15,6,37,40.22668
980967,1,16,1,33,37.59592
980967,1,16,2,33,35.448322
980967,1,16,3,31,32.834576
980967,1,16,4,29,32.05324
980967,1,16,5,29,30.742105
980967,1,16,6,28,29.171936
980967,1,17,1,27,28.706665
980967,1,17,2,26,23.853783
980967,1,17,3,26,22.814339
980967,1,17,4,26,21.120258
980967,1,17,5,25,21.08229
980967,1,17,6,21,20.429031
980967,1,18,1,20,16.674225
980967,1,18,2,20,16.215883
980967,1,18,3,20,14.984839
980967,1,18,4,19,13.322884
980967,1,18,5,19,11.705626
980967,1,18,6,13,10.840991
980967,1,19,1,12,9.889763
980967,1,19,2,10,8.60094
980967,1,19,3,9,9.983565
980967,1,19,4,5,8.131878
980967,1,19,5,4,5.119215
980967,1,19,6,2,3.720091
980967,2,15,1,38,43.143074
980967,2,15,2,38,40.362213
980967,2,15,3,37,38.9239
980967,2,15,4,36,37.63767
980967,2,15,5,32,34.002895
980967,2,15,6,31,33.797356
980967,2,16,1,31,33.274273
980967,2,16,2,30,32.990795
980967,2,16,3,29,32.619118
980967,2,16,4,28,27.766764
980967,2,16,5,24,27.605042
980967,2,16,6,23,29.77163
980967,2,17,1,23,28.510746
980967,2,17,2,21,26.08971
980967,2,17,3,21,24.625694
980967,2,17,4,20,20.864717
980967,2,17,5,18,20.276735
980967,2,17,6,17,19.688667
980967,2,18,1,16,17.836733
980967,2,18,2,14,16.519508
980967,2,18,3,14,16.229015
980967,2,18,4,10,13.176954
980967,2,18,5,9,11.978011
980967,2,18,6,8,11.580163
980967,2,18,7,4,13.364236
980987,1,15,1,112,56.06185
980987,1,15,2,112,51.303402
980987,1,15,3,106,59.04893
980987,1,15,4,100,59.775524
980987,1,15,5,96,51.811058
980987,1,15,6,90,51.344246
980987,1,16,1,89,56.645775
980987,1,16,2,89,48.38494
980987,1,16,3,89,40.539585
980987,1,16,4,88,40.7891
980987,1,16,5,87,37.572033
980987,1,16,6,81,40.80011
980987,1,17,1,75,40.75923
980987,1,17,2,71,46.245495
980987,1,17,3,65,40.868965
980987,1,17,4,63,37.679382
980987,1,17,5,62,34.60688
980987,1,17,6,57,31.785004
980987,1,17,7,51,29.290758
980987,1,18,1,45,28.133797
980987,1,18,2,39,24.003412
980987,1,18,3,35,19.846025
980987,1,18,4,29,19.034859
980987,1,18,5,23,18.065887
980987,1,18,6,17,17.527662
980987,1,19,1,15,13.939883
980987,1,19,2,14,12.547098
980987,1,19,3,12,10.017903
980987,1,19,4,6,8.573757
980987,1,19,5,0,3.5703685
980987,1,19,6,0,4.2192135
980987,2,15,1,10,23.046293
980987,2,15,2,10,21.54463
980987,2,15,3,10,23.82621
980987,2,15,4,10,23.656374
980987,2,15,5,9,22.229073
980987,2,15,6,9,20.626707
980987,2,16,1,9,21.691113
980987,2,16,2,8,21.086294
980987,2,16,3,7,22.359257
980987,2,16,4,6,20.767164
980987,2,16,5,6,20.069304
980987,2,16,6,6,20.7075
980987,2,17,1,6,19.026375
980987,2,17,2,5,18.176445
980987,2,17,3,5,17.381157
980987,2,17,4,4,17.280197
980987,2,17,5,4,15.60934
980987,2,17,6,4,15.65539
980987,2,17,7,4,16.912968
980987,2,18,1,4,17.036001
980987,2,18,2,4,13.136528
980987,2,18,3,0,7.3597975
980987,2,18,4,0,0.98401016
981001,1,15,1,41,44.674667
981001,1,15,2,37,39.284294
981001,1,15,3,36,37.246704
981001,1,15,4,36,36.427345
981001,1,15,5,32,34.70046
981001,1,15,6,32,32.34273
981001,1,16,1,31,36.490673
981001,1,16,2,30,34.82002
981001,1,16,3,29,31.674221
981001,1,16,4,28,29.24231
981001,1,16,5,22,28.158522
981001,1,16,6,22,26.327076
981001,1,17,1,21,24.476484
981001,1,17,2,21,24.130539
981001,1,17,3,20,28.927591
981001,1,17,4,16,23.790571
981001,1,17,5,15,23.124268
981001,1,17,6,14,22.82337
981001,1,17,7,8,22.012617
981001,1,18,1,8,22.638947
981001,1,18,2,4,19.032892
981001,1,18,3,4,17.05093
981001,1,18,4,4,14.802542
981001,1,18,5,4,12.475053
981001,1,18,6,4,11.073609
981001,1,19,1,4,10.981685
981001,1,19,2,3,7.960848
981001,1,19,3,2,5.418652
981001,1,19,4,2,3.7871654
981001,1,19,5,2,1.9971533
981001,1,19,6,1,0.9456105
981013,1,15,1,54,47.32616
981013,1,15,2,54,44.14511
981013,1,15,3,54,45.205772
981013,1,15,4,53,45.092007
981013,1,15,5,52,42.16167
981013,1,15,6,51,36.135715
981013,1,15,7,51,37.04128
981013,1,16,1,50,35.540504
981013,1,16,2,49,36.28883
981013,1,16,3,43,32.91187
981013,1,16,4,43,32.293163
981013,1,16,5,42,36.23439
981013,1,16,6,38,33.93447
981013,1,17,1,37,31.009993
981013,1,17,2,37,25.330566
981013,1,17,3,36,24.929537
981013,1,17,4,35,26.534021
981013,1,17,5,31,24.02647
981013,1,17,6,30,24.3184
981013,1,17,7,26,24.082058
981013,1,18,1,25,20.510963
981013,1,18,2,19,20.490805
981013,1,18,3,13,17.185528
981013,1,18,4,13,13.034277
981013,1,18,5,13,12.258371
981013,1,18,6,12,11.548676
981013,1,18,7,8,10.727339
981013,1,19,1,4,8.211905
981013,1,19,2,3,8.075619
981013,1,19,3,2,5.982845
981013,1,19,4,2,3.566579
981013,1,19,5,2,2.3825355
981013,1,19,6,1,-0.47366992
981013,2,15,1,49,52.59633
981013,2,15,2,43,49.144466
981013,2,15,3,42,46.755688
981013,2,15,4,41,43.740936
981013,2,15,5,40,46.009552
981013,2,15,6,34,40.583
981013,2,16,1,33,38.640213
981013,2,16,2,32,36.54545
981013,2,16,3,32,34.283478
981013,2,16,4,26,34.03322
981013,2,16,5,26,32.09559
981013,2,16,6,22,32.392677
981013,2,17,1,21,31.805918
981013,2,17,2,17,30.323532
981013,2,17,3,17,27.074434
981013,2,17,4,16,25.951777
981013,2,17,5,15,24.664597
981013,2,17,6,11,22.267653
981013,2,17,7,7,22.597084
981013,2,18,1,3,20.452806
981013,2,18,2,2,20.257217
981015,1,15,1,53,53.409462
981015,1,15,2,47,48.356724
981015,1,15,3,46,55.093304
981015,1,15,4,42,56.186653
981015,1,15,5,42,39.531605
981015,1,15,6,42,40.398994
981015,1,16,1,38,37.752956
981015,1,16,2,38,33.09824
981015,1,16,3,38,34.07722
981015,1,16,4,38,35.88959
981015,1,16,5,37,33.666164
981015,1,16,6,33,30.77365
981015,1,17,1,29,32.24338
981015,1,17,2,28,30.123577
981015,1,17,3,26,29.11276
981015,1,17,4,24,28.6174
981015,1,17,5,24,24.985277
981015,1,17,6,23,23.06944
981015,1,17,7,19,22.924833
981015,1,18,1,19,21.638659
981015,1,18,2,18,19.651052
981015,1,18,3,17,18.839758
981015,1,18,4,17,17.023382
981015,1,18,5,17,13.473776
981015,1,18,6,16,12.460669
981015,1,18,7,15,10.880727
981015,1,18,8,15,12.397745
981015,1,19,1,14,10.317093
981015,1,19,2,8,8.021984
981015,1,19,3,8,7.240274
981015,1,19,4,2,6.10177
981015,1,19,5,1,3.9355845
981015,1,19,6,1,2.2964683
981015,2,15,1,30,56.741608
981015,2,15,2,28,55.724728
981015,2,15,3,27,44.60191
981015,2,15,4,26,43.89654
981015,2,15,5,25,41.008217
981015,2,15,6,25,41.45457
981015,2,16,1,24,35.89625
981015,2,16,2,23,36.238956
981015,2,16,3,22,29.616707
981015,2,16,4,22,28.77147
981015,2,16,5,21,31.740555
981015,2,16,6,20,30.689405
981015,2,17,1,16,30.233782
981015,2,17,2,15,27.021032
981015,2,17,3,15,24.881289
981015,2,17,4,15,24.426512
981015,2,17,5,13,23.212378
981015,2,17,6,12,20.970325
981015,2,18,1,10,19.531324
981015,2,18,2,9,18.198263
981015,2,18,3,9,16.689882
981015,2,18,4,9,17.117144
981015,2,18,5,5,15.596504
981015,2,18,6,4,13.535338
981015,2,19,1,2,11.464487
981015,2,19,2,1,8.607324
981015,2,19,3,1,6.9456973
981015,2,19,4,1,5.2365117
981015,2,19,5,0,3.4679136
981015,2,19,6,0,1.4552338
981017,1,15,1,53,44.31461
981017,1,15,2,52,40.95589
981017,1,15,3,51,42.458378
981017,1,15,4,50,43.010593
981017,1,15,5,50,40.488197
981017,1,15,6,46,40.928013
981017,1,16,1,42,37.48529
981017,1,16,2,41,34.314873
981017,1,16,3,40,34.09838
981017,1,16,4,39,34.009487
981017,1,16,5,38,37.175476
981017,1,16,6,34,34.196575
981017,1,17,1,33,31.612959
981017,1,17,2,32,30.586266
981017,1,17,3,28,28.008272
981017,1,17,4,28,26.905626
981017,1,17,5,24,24.878344
981017,1,17,6,24,24.089619
981017,1,18,1,23,19.866594
981017,1,18,2,19,17.815569
981017,1,18,3,15,17.319849
981017,1,18,4,14,15.602538
981017,1,18,5,13,14.853447
981017,1,18,6,12,13.77789
981017,1,18,7,8,13.0036335
981017,1,19,1,8,10.12884
981017,1,19,2,7,9.702183
981017,1,19,3,6,7.6795197
981017,1,19,4,4,5.072869
981017,1,19,5,4,2.9288583
981017,1,19,6,1,1.5184648
981017,1,19,7,0,1.3891062
981017,2,15,1,47,60.379585
981017,2,15,2,47,57.190353
981017,2,15,3,47,42.0704
981017,2,15,4,46,42.058815
981017,2,15,5,46,37.930138
981017,2,15,6,46,35.877914
981017,2,16,1,45,33.301174
981017,2,16,2,45,32.585854
981017,2,16,3,43,35.796886
981017,2,16,4,37,36.004974
981017,2,16,5,35,36.4028
981017,2,16,6,34,33.370087
981017,2,17,1,34,30.741426
981017,2,17,2,34,29.026592
981017,2,17,3,33,23.59215
981017,2,17,4,33,23.003576
981017,2,17,5,32,24.54227
981017,2,17,6,26,23.874693
981017,2,18,1,24,22.141953
981017,2,18,2,20,20.903753
981017,2,18,3,18,18.130339
981017,2,18,4,16,16.312714
981017,2,18,5,12,15.389203
981017,2,18,6,11,14.223798
981017,2,19,1,5,11.197388
981017,2,19,2,1,11.10287
981019,1,15,1,68,43.1991
981019,1,15,2,64,42.222614
981019,1,15,3,63,39.451664
981019,1,15,4,63,38.871094
981019,1,15,5,62,41.53918
981019,1,15,6,61,37.65482
981019,1,16,1,61,34.85423
981019,1,16,2,60,30.41412
981019,1,16,3,60,29.995987
981019,1,16,4,56,28.965553
981019,1,16,5,55,31.50169
981019,1,16,6,54,28.452728
981019,1,16,7,54,28.947636
981019,1,17,1,52,30.281763
981019,1,17,2,51,24.023502
981019,1,17,3,50,24.885527
981019,1,17,4,50,24.036709
981019,1,17,5,50,24.942162
981019,1,17,6,44,22.595726
981019,1,17,7,44,24.18738
981019,1,17,8,40,24.205866
981019,1,18,1,40,21.550253
981019,1,18,2,39,20.382359
981019,1,18,3,38,17.338617
981019,1,18,4,34,13.327928
981019,1,18,5,34,12.266628
981019,1,18,6,29,12.668204
981019,1,18,7,25,13.327328
981019,1,19,1,24,11.3754635
981019,1,19,2,20,10.673905
981019,1,19,3,14,14.166051
981019,1,19,4,8,10.105109
981019,1,19,5,7,7.22177
981019,1,19,6,6,4.902763
981019,2,15,1,42,45.63969
981019,2,15,2,41,46.60396
981019,2,15,3,40,43.876217
981019,2,15,4,40,41.423363
981019,2,15,5,40,44.16868
981019,2,15,6,39,45.77439
981019,2,16,1,38,43.261116
981019,2,16,2,38,38.21904
981019,2,16,3,36,35.6493
981019,2,16,4,36,35.64259
981019,2,16,5,35,32.94597
981019,2,16,6,29,33.503056
981019,2,17,1,28,35.638214
981019,2,17,2,28,33.496643
981019,2,17,3,27,31.924318
981019,2,17,4,26,28.911236
981019,2,17,5,26,24.543785
981019,2,17,6,25,24.579487
981019,2,18,1,21,20.734816
981019,2,18,2,20,20.987421
981019,2,18,3,18,19.083271
981019,2,18,4,18,17.166744
981019,2,18,5,17,16.571161
981019,2,18,6,15,14.975202
981019,2,19,1,9,11.591839
981019,2,19,2,8,10.056124
981019,2,19,3,6,6.1698966
981019,2,19,4,6,4.9637365
981019,2,19,5,5,3.4697692
981019,2,19,6,4,1.9455693
1082596,1,15,1,33,43.004345
1082596,1,15,2,32,44.150448
1082596,1,15,3,31,49.81441
1082596,1,15,4,27,48.584576
1082596,1,15,5,26,46.996014
1082596,1,15,6,26,46.942196
1082596,1,16,1,25,42.788136
1082596,1,16,2,24,40.69189
1082596,1,16,3,23,39.107296
1082596,1,16,4,22,32.380096
1082596,1,16,5,22,31.447996
1082596,1,16,6,22,26.249146
1082596,1,17,1,22,25.74225
1082596,1,17,2,21,21.095648
1082596,1,17,3,21,19.85268
1082596,1,17,4,20,19.977169
1082596,1,17,5,20,21.078577
1082596,1,17,6,19,19.77093
1082596,1,18,1,18,15.887289
1082596,1,18,2,17,14.691055
1082596,1,18,3,16,13.491663
1082596,1,18,4,15,14.440993
1082596,1,18,5,9,14.12969
1082596,1,18,6,7,12.153123
1082596,1,19,1,5,12.615621
1082596,1,19,2,4,9.55742
1082596,1,19,3,3,8.703627
1082596,1,19,4,2,5.2677274
1082596,1,19,5,1,3.8588161
1082596,1,19,6,0,1.2665725
1082596,2,15,1,9,52.2263
1082596,2,15,2,7,50.171688
1082596,2,15,3,6,51.35476
1082602,1,15,1,32,33.9529
1082602,1,15,2,32,31.044964
1082602,1,15,3,32,46.59241
1082602,1,15,4,32,37.084095
1082602,1,15,5,31,31.254759
1082602,1,15,6,30,24.900036
1082602,1,15,7,29,28.041634
1082602,1,16,1,28,37.41102
1082602,1,16,2,27,25.667456
1082602,1,16,3,27,26.64712
1082602,1,16,4,25,26.777405
1082602,1,16,5,24,27.71928
1082602,1,16,6,23,23.727386
1082602,1,17,1,23,20.60784
1082602,1,17,2,22,28.097563
1082602,1,17,3,21,25.50101
1082602,1,17,4,19,24.381329
1082602,1,17,5,18,22.822119
1082602,1,17,6,17,20.825504
1082602,1,17,7,15,21.861652
1082602,1,18,1,15,17.41678
1082602,1,18,2,15,14.297922
1082602,1,18,3,14,12.768617
1082602,1,18,4,14,11.673213
1082602,1,18,5,12,9.65011
1082602,1,18,6,10,8.985941
1082602,1,19,1,10,8.433573
1082602,1,19,2,7,6.6417665
1082602,1,19,3,5,5.6437974
1082602,1,19,4,3,4.5392036
1082602,1,19,5,2,3.2937212
1082602,1,19,6,2,1.8235778
1082602,2,15,1,54,43.686165
1082602,2,15,2,53,41.277203
1082602,2,15,3,52,40.96316
1082602,2,15,4,50,41.353638
1082602,2,15,5,49,42.20995
1082602,2,15,6,48,37.21432
1082602,2,15,7,47,39.07259
1082602,2,15,8,41,35.954185
1082602,2,16,1,35,36.812065
1082602,2,16,2,34,37.42686
1082602,2,16,3,32,36.04017
1082602,2,16,4,31,38.14651
1082602,2,16,5,27,32.754494
1082602,2,16,6,25,28.384268
1082602,2,17,1,25,30.045338
1082602,2,17,2,25,28.443789
1082602,2,17,3,19,27.318258
1082602,2,17,4,19,27.025415
1082602,2,17,5,16,24.934166
1082602,2,17,6,13,23.144505
1082602,2,18,1,12,21.785816
1082602,2,18,2,8,19.614178
1082602,2,18,3,7,18.183603
1082602,2,18,4,7,16.133686
1082602,2,18,5,6,14.698156
1082602,2,18,6,6,13.417504
1082611,1,15,1,56,57.779778
1082611,1,15,2,54,56.987812
1082611,1,15,3,50,53.46675
1082611,1,15,4,49,47.06568
1082611,1,15,5,48,45.336033
1082611,1,15,6,44,43.978176
1082611,1,16,1,43,36.95175
1082611,1,16,2,43,38.2681
1082611,1,16,3,39,33.729885
1082611,1,16,4,39,32.6012
1082611,1,16,5,38,31.460392
1082611,1,16,6,37,30.080256
1082611,1,17,1,33,29.087185
1082611,1,17,2,32,28.107563
1082611,1,17,3,30,24.656532
1082611,1,17,4,29,23.456852
1082611,1,17,5,28,24.276289
1082611,1,17,6,22,22.631948
1082611,1,18,1,21,19.784561
1082611,1,18,2,21,19.907078
1082611,1,18,3,21,17.75895
1082611,1,18,4,20,16.157238
1082611,1,18,5,19,12.966799
1082611,1,18,6,18,11.289624
1082611,1,19,1,17,9.046397
1082611,1,19,2,16,8.781154
1082611,1,19,3,10,7.0785675
1082611,1,19,4,9,6.2445993
1082611,1,19,5,5,5.2591834
1082611,1,19,6,1,3.2727506
1082611,2,15,1,49,55.10542
1082611,2,15,2,49,53.767197
1082611,2,15,3,48,45.566116
1082611,2,15,4,44,44.902794
1082611,2,15,5,42,39.306915
1082611,2,15,6,42,41.99671
1082611,2,16,1,41,39.934513
1082611,2,16,2,40,39.911404
1082611,2,16,3,39,36.205746
1082611,2,16,4,38,35.59878
1082611,2,16,5,37,34.28174
1082611,2,16,6,36,33.88941
1082611,2,16,7,35,33.17236
1082611,2,17,1,31,30.191336
1082611,2,17,2,27,30.06278
1082611,2,17,3,26,29.866661
1082611,2,17,4,25,28.224194
1082611,2,17,5,23,26.01274
1082611,2,17,6,22,24.691229
1082611,2,18,1,18,22.314243
1082611,2,18,2,16,20.814306
1082611,2,18,3,15,18.821579
1082611,2,18,4,14,17.229395
1082611,2,18,5,13,17.353605
1082611,2,18,6,9,14.12588
1082611,2,19,1,8,11.683567
1082611,2,19,2,7,11.263975
1082611,2,19,3,1,10.15212
1082611,2,19,4,1,6.5652046
1082611,2,19,5,1,4.7273464
1082611,2,19,6,1,2.5188189
1082617,1,15,1,24,34.112453
1082617,1,15,2,23,41.47694
1082617,1,15,3,19,40.538483
1082617,1,15,4,18,42.791634
1082617,1,15,5,17,41.829185
1082617,1,15,6,17,41.15668
1082617,1,16,1,15,36.990868
1082617,1,16,2,11,35.003963
1082617,1,16,3,11,32.309647
1082617,1,16,4,11,29.33651
1082617,1,16,5,11,29.229265
1082617,1,16,6,10,25.501024
1082617,1,17,1,9,23.999268
1082617,1,17,2,8,22.7104
1082617,1,17,3,7,21.936909
1082617,1,17,4,6,13.6841955
1082617,1,17,5,6,9.6535225
1082617,1,17,6,6,8.785671
1082617,1,17,7,6,9.701459
1082617,1,18,1,5,6.822164
1082617,1,18,2,3,6.518289
1082617,1,18,3,2,6.0691056
1082617,1,18,4,2,6.4748683
1082617,1,18,5,0,6.4896135
1082617,1,18,6,0,5.835638
1082617,1,19,1,0,4.162653
1082617,1,19,2,0,3.6050794
1082617,1,19,3,0,0.09313944
1082626,1,15,1,7,37.824688
1082626,1,15,2,6,39.025726
1082626,1,15,3,5,38.942158
1082626,1,15,4,5,10.681075
1082626,1,15,5,5,10.394653
1082626,1,15,6,4,12.022114
1082626,1,15,7,3,12.832122
1082626,1,15,8,2,10.83561
1082626,1,16,1,2,9.115571
1082626,1,16,2,1,8.895013
1082626,1,16,3,1,8.250144
1082626,1,16,4,1,7.649264
1082626,1,16,5,0,6.6488185
1082626,1,16,6,0,5.0069118
1082626,1,17,1,0,4.1640153
1082634,1,15,1,48,36.35633
1082634,1,15,2,48,30.327314
1082634,1,15,3,48,31.7316
1082634,1,15,4,47,34.13321
1082634,1,15,5,47,35.14481
1082634,1,15,6,43,34.27647
1082634,1,16,1,43,33.619587
1082634,1,16,2,42,32.632095
1082634,1,16,3,40,32.133804
1082634,1,16,4,38,30.259539
1082634,1,16,5,37,27.466253
1082634,1,16,6,37,26.202328
1082634,1,16,7,36,26.796274
1082634,1,17,1,32,29.087769
1082634,1,17,2,31,27.387932
1082634,1,17,3,29,25.902761
1082634,1,17,4,28,22.303051
1082634,1,17,5,28,21.548029
1082634,1,17,6,26,20.15216
1082634,1,18,1,25,18.37333
1082634,1,18,2,25,17.289318
1082634,1,18,3,21,15.67351
1082634,1,18,4,20,16.941212
1082634,1,18,5,14,16.933023
1082634,1,18,6,8,15.402711
1082634,1,18,7,7,15.014216
1082634,1,19,1,6,10.852095
1082634,1,19,2,5,9.998716
1082634,1,19,3,1,7.7676973
1082634,1,19,4,1,4.766687
1082634,1,19,5,1,3.2729235
1082634,1,19,6,1,1.6898937
1082634,2,15,1,35,42.01522
1082634,2,15,2,33,48.856976
1082634,2,15,3,29,47.08593
1082634,2,15,4,28,43.437653
1082634,2,15,5,28,40.642815
1082634,2,15,6,28,42.738663
1082634,2,16,1,28,40.598404
1082634,2,16,2,28,39.840347
1082634,2,16,3,22,37.408615
1082634,2,16,4,21,38.577366
1082634,2,16,5,20,36.662838
1082634,2,16,6,20,34.923077
1082634,2,17,1,19,29.797607
1082634,2,17,2,19,30.026081
1082634,2,17,3,13,27.978107
1082634,2,17,4,12,26.671862
1082634,2,17,5,10,24.98512
1082634,2,17,6,9,23.705456
1082634,2,18,1,9,20.729628
1082634,2,18,2,9,14.408455
1082634,2,18,3,8,15.144099
1082634,2,18,4,6,13.706206
1082634,2,18,5,4,12.280862
1082634,2,18,6,3,11.457464
1082634,2,18,7,2,13.808569
1082634,2,19,1,0,9.317652
1082634,2,19,2,0,7.517174
1082634,2,19,3,0,4.531808
1082634,2,19,4,0,2.669297
1082634,2,19,5,0,1.6554645
1082634,2,19,6,0,0.15956138
1082636,1,15,1,53,49.29637
1082636,1,15,2,53,48.03698
1082636,1,15,3,52,46.244057
1082636,1,15,4,51,43.55472
1082636,1,15,5,50,43.455753
1082636,1,15,6,50,39.3681
1082636,1,16,1,50,34.82178
1082636,1,16,2,49,30.589865
1082636,1,16,3,49,28.894552
1082636,1,16,4,48,24.896433
1082636,1,16,5,48,24.85851
1082636,1,16,6,47,32.797554
1082636,1,17,1,43,29.539303
1082636,1,17,2,43,29.15316
1082636,1,17,3,42,25.620207
1082636,1,17,4,41,25.575499
1082636,1,17,5,40,24.104418
1082636,1,17,6,39,23.213144
1082636,1,18,1,33,20.374313
1082636,1,18,2,33,18.793795
1082636,1,18,3,32,16.644678
1082636,1,18,4,31,14.935358
1082636,1,18,5,30,14.856802
1082636,1,18,6,28,14.21184
1082636,1,18,7,22,14.5222025
1082636,1,19,1,21,13.021727
1082636,1,19,2,20,10.960115
1082636,1,19,3,16,8.438378
1082636,1,19,4,16,6.8273797
1082636,1,19,5,10,5.9785943
1082636,1,19,6,4,3.420886
1082636,2,15,1,2,51.093494
1082638,1,15,1,39,43.581276
1082638,1,15,2,37,43.957176
1082638,1,15,3,36,44.34042
1082638,1,15,4,35,41.074127
1082638,1,15,5,34,39.461945
1082638,1,15,6,33,38.890293
1082638,1,15,7,32,40.00151
1082638,1,16,1,28,39.08915
1082638,1,16,2,27,34.631046
1082638,1,16,3,27,32.716232
1082638,1,16,4,27,31.208052
1082638,1,16,5,26,29.935316
1082638,1,16,6,26,26.97889
1082638,1,17,1,26,23.693785
1082638,1,17,2,24,29.797302
1082638,1,17,3,18,27.617302
1082638,1,17,4,17,25.400293
1082638,1,17,5,16,24.162098
1082638,1,17,6,15,21.418074
1082638,1,17,7,13,19.407713
1082638,1,18,1,12,18.011198
1082638,1,18,2,12,14.987461
1082638,1,18,3,12,12.732449
1082638,1,18,4,11,12.058521
1082638,1,18,5,10,10.318957
1082638,1,18,6,10,10.602673
1082638,1,19,1,6,8.880961
1082638,1,19,2,6,7.7796426
1082638,1,19,3,5,6.104498
1082638,1,19,4,5,5.1614466
1082638,1,19,5,3,3.6871898
1082638,1,19,6,2,0.71507347
1082638,1,19,7,2,1.1670777
1082638,2,15,1,27,45.569412
1082638,2,15,2,26,46.688435
1082638,2,15,3,24,44.390423
1082638,2,15,4,23,39.501484
1082638,2,15,5,21,39.674995
1082638,2,15,6,20,38.296734
1082638,2,16,1,19,38.45824
1082638,2,16,2,19,37.363415
1082638,2,16,3,17,35.258846
1082638,2,16,4,16,32.845924
1082638,2,16,5,15,31.353306
1082638,2,16,6,13,29.432018
1082638,2,16,7,12,29.860128
1082638,2,17,1,11,27.035152
1082638,2,17,2,10,26.14515
1082638,2,17,3,8,25.365936
1082638,2,17,4,7,23.613161
1082638,2,17,5,6,22.397726
1082638,2,17,6,5,20.183662
1082638,2,18,1,4,18.21937
1082638,2,18,2,4,18.574831
1082649,1,15,1,19,40.242702
1082649,1,15,2,18,40.177567
1082649,1,15,3,16,38.45365
1082649,1,15,4,15,38.47527
1082649,1,15,5,15,37.79404
1082649,1,15,6,15,36.40148
1082649,1,16,1,15,34.17732
1082649,1,16,2,13,27.23892
1082649,1,16,3,13,25.313261
1082649,1,16,4,13,27.889729
1082649,1,16,5,7,27.930798
1082649,1,16,6,7,17.919462
1082649,1,16,7,7,17.248943
1082649,1,17,1,6,10.827326
1082649,1,17,2,6,8.676328
1082649,1,17,3,5,11.708667
1082649,1,17,4,1,11.32088
1082649,1,17,5,1,10.675035
1082649,1,17,6,1,8.646009
1082649,1,18,1,1,5.017771
1082649,1,18,2,1,4.1726203
1082649,1,18,3,0,5.180251
1082649,1,18,4,0,4.7774615
1082649,1,18,5,0,-0.3503137
1082650,1,15,1,48,22.131147
1082650,1,15,2,48,26.071167
1082650,1,15,3,47,22.107416
1082650,1,15,4,47,22.317099
1082650,1,15,5,46,27.02862
1082650,1,15,6,44,23.489729
1082650,1,16,1,43,26.323383
1082650,1,16,2,41,22.76515
1082650,1,16,3,41,25.458456
1082650,1,16,4,40,26.359495
1082650,1,16,5,39,23.3298
1082650,1,16,6,39,24.33555
1082650,1,17,1,37,21.837418
1082650,1,17,2,37,22.699553
1082650,1,17,3,31,21.74275
1082650,1,17,4,30,22.29346
1082650,1,17,5,29,21.322998
1082650,1,17,6,28,22.971928
1082650,1,18,1,24,19.816015
1082650,1,18,2,23,15.993753
1082650,1,18,3,23,14.733091
1082650,1,18,4,22,13.600612
1082650,1,18,5,21,14.976185
1082650,1,18,6,15,12.588555
1082650,1,19,1,14,11.039301
1082650,1,19,2,13,8.716199
1082650,1,19,3,13,8.785758
1082650,1,19,4,9,8.037171
1082650,1,19,5,8,7.354502
1082650,1,19,6,2,4.386666
1082650,1,19,7,1,4.2494636
1082650,1,19,8,0,2.9465768
1082650,2,15,1,45,43.124622
1082650,2,15,2,44,40.714592
1082650,2,15,3,43,33.178757
1082650,2,15,4,39,32.16351
1082650,2,15,5,38,36.437744
1082650,2,15,6,32,37.04025
1082650,2,16,1,31,39.0034
1082650,2,16,2,30,26.992325
1082650,2,16,3,30,26.148075
1082650,2,16,4,29,25.690023
1082650,2,16,5,28,24.281534
1082650,2,16,6,28,19.818146
1082650,2,17,1,28,16.798378
1082650,2,17,2,28,18.040651
1082650,2,17,3,27,18.559639
1082650,2,17,4,26,12.751639
1082650,2,17,5,26,18.286781
1082650,2,17,6,22,18.090324
1082650,2,18,1,21,17.063675
1082650,2,18,2,20,17.66804
1082650,2,18,3,19,15.762814
1082650,2,18,4,18,12.823404
1082650,2,18,5,17,10.685359
1082650,2,18,6,11,9.112031
1082650,2,19,1,9,8.026666
1082650,2,19,2,5,8.985934
1082650,2,19,3,5,7.4605827
1082650,2,19,4,5,6.521288
1082650,2,19,5,4,4.6732073
1082650,2,19,6,2,2.585895
1136563,1,15,1,44,45.376526
1136563,1,15,2,44,45.07738
1136563,1,15,3,43,44.001003
1136563,1,15,4,42,45.33236
1136563,1,15,5,41,44.652885
1136563,1,15,6,40,45.25317
1136563,1,16,1,39,37.99835
1136563,1,16,2,38,40.3417
1136563,1,16,3,38,35.594666
1136563,1,16,4,38,34.31982
1136563,1,16,5,36,32.503014
1136563,1,16,6,35,31.498648
1136563,1,17,1,34,29.498669
1136563,1,17,2,30,29.774004
1136563,1,17,3,29,29.486996
1136563,1,17,4,28,28.360525
1136563,1,17,5,24,25.270838
1136563,1,17,6,23,22.764927
1136563,1,18,1,22,20.85733
1136563,1,18,2,22,20.249743
1136563,1,18,3,22,16.95199
1136563,1,18,4,18,16.500246
1136563,1,18,5,18,15.101989
1136563,1,18,6,17,13.379318
1136563,1,19,1,16,11.681003
1136563,1,19,2,10,11.783295
1136563,1,19,3,6,10.674535
1136563,1,19,4,0,9.640171
1136563,1,19,5,0,5.9756494
1136563,1,19,6,0,2.0570211
1136563,2,15,1,36,45.01387
1136563,2,15,2,32,43.892105
1136563,2,15,3,32,42.851734
1136563,2,15,4,31,42.691788
1136563,2,15,5,31,40.303226
1136563,2,15,6,31,39.85188
1136563,2,15,7,31,33.93674
1136563,2,16,1,30,37.304363
1136563,2,16,2,26,38.15605
1136563,2,16,3,26,35.671303
1136563,2,16,4,25,33.553196
1136563,2,16,5,25,31.034048
1136563,2,16,6,25,32.54598
1136563,2,16,7,21,33.56273
1136563,2,17,1,15,30.789314
1136563,2,17,2,14,29.173092
1136563,2,17,3,14,26.88696
1136563,2,17,4,13,26.17842
1136563,2,17,5,13,23.617785
1136563,2,17,6,13,22.304268
1136563,2,17,7,9,23.89251
1136563,2,18,1,9,18.862755
1136563,2,18,2,8,17.728746
1136563,2,18,3,7,15.706984
1136563,2,18,4,6,14.364773
1136563,2,18,5,5,11.650296
1136563,2,18,6,4,12.494709
1136568,1,15,1,33,20.678566
1136568,1,15,2,32,20.585478
1136568,1,15,3,31,23.85325
1136568,1,15,4,31,25.884129
1136568,1,15,5,30,25.162111
1136568,1,15,6,29,22.914406
1136568,1,16,1,28,22.313824
1136568,1,16,2,27,21.298449
1136568,1,16,3,26,22.715763
1136568,1,16,4,24,21.217447
1136568,1,16,5,23,19.861715
1136568,1,16,6,23,15.156079
1136568,1,17,1,20,16.37823
1136568,1,17,2,19,16.628881
1136568,1,17,3,19,20.42686
1136568,1,17,4,15,20.33197
1136568,1,17,5,14,19.468029
1136568,1,17,6,13,14.743942
1136568,1,17,7,13,15.311407
1136568,1,18,1,12,16.041908
1136568,1,18,2,11,14.4553385
1136568,1,18,3,10,15.011478
1136568,1,18,4,8,11.49118
1136568,1,18,5,2,8.610724
1136568,1,18,6,2,8.305869
1136568,1,19,1,2,7.618554
1136568,1,19,2,1,6.597751
1136568,1,19,3,0,0.9695717
1136568,2,15,1,50,51.425495
1136568,2,15,2,49,50.690563
1136568,2,15,3,48,52.50059
1136568,2,15,4,48,50.09856
1136568,2,15,5,47,47.308125
1136568,2,15,6,46,44.987915
1136568,2,16,1,44,40.634113
1136568,2,16,2,43,40.599224
1136568,2,16,3,42,38.697117
1136568,2,16,4,38,35.879333
1136568,2,16,5,37,38.43602
1136568,2,16,6,31,36.49713
1136568,2,17,1,25,34.95928
1136568,2,17,2,24,41.510406
1136568,2,17,3,18,36.02647
1136568,2,17,4,16,32.95486
1136568,2,17,5,15,28.9861
1136568,2,17,6,14,24.984201
1136568,2,18,1,13,20.714167
1136568,2,18,2,13,18.898287
1136568,2,18,3,12,17.682522
1136568,2,18,4,10,14.4285145
1136568,2,18,5,9,13.234513
1136568,2,18,6,8,12.350457
1136568,2,19,1,8,11.563682
1136568,2,19,2,4,9.257386
1136568,2,19,3,4,8.162138
1136575,1,15,1,48,43.94262
1136575,1,15,2,48,44.519253
1136575,1,15,3,47,41.91092
1136575,1,15,4,46,40.253857
1136575,1,15,5,45,43.58577
1136575,1,15,6,39,43.9696
1136575,1,16,1,38,39.034412
1136575,1,16,2,38,38.111298
1136575,1,16,3,37,36.21998
1136575,1,16,4,37,35.275467
1136575,1,16,5,35,35.111237
1136575,1,16,6,34,32.877304
1136575,1,17,1,33,29.420597
1136575,1,17,2,33,27.701778
1136575,1,17,3,32,30.773901
1136575,1,17,4,26,27.55058
1136575,1,17,5,26,25.819803
1136575,1,17,6,23,23.377117
1136575,1,18,1,19,19.634626
1136575,1,18,2,19,20.517893
1136575,1,18,3,19,18.02031
1136575,1,18,4,18,16.583836
1136575,1,18,5,16,15.917014
1136575,1,18,6,15,13.652351
1136575,1,18,7,13,12.576887
1136575,1,19,1,9,11.21609
1136575,1,19,2,8,10.655809
1136575,1,19,3,6,8.0534935
1136575,1,19,4,5,6.40372
1136575,1,19,5,4,4.4903593
1136575,1,19,6,4,1.9033475
1136575,1,19,7,3,2.635052
1136575,1,19,8,1,1.6279427
1136575,1,19,9,0,2.0763137
1136575,2,15,1,42,42.47749
1136575,2,15,2,40,39.52879
1136575,2,15,3,40,39.024605
1136575,2,15,4,39,36.97877
1136575,2,15,5,39,35.07048
1136575,2,15,6,38,32.048546
1136575,2,16,1,37,32.094017
1136575,2,16,2,36,31.46933
1136575,2,16,3,35,37.107147
1136575,2,16,4,29,37.633907
1136575,2,16,5,28,37.326157
1136575,2,16,6,22,35.387363
1136575,2,17,1,21,34.900604
1136575,2,17,2,20,35.275803
1136575,2,17,3,18,26.772116
1136575,2,17,4,14,23.96142
1136575,2,17,5,13,23.699417
1136575,2,17,6,13,22.732983
1136575,2,18,1,12,19.7992
1136575,2,18,2,10,19.6827
1136575,2,18,3,9,17.666235
1136575,2,18,4,8,16.062933
1136575,2,18,5,7,15.202375
1136575,2,18,6,6,13.298363
1136576,1,15,1,50,54.69854
1136576,1,15,2,48,56.215897
1136576,1,15,3,46,49.73116
1136576,1,15,4,45,45.89827
1136576,1,15,5,44,45.73297
1136576,1,15,6,43,43.825928
1136576,1,16,1,42,41.5256
1136576,1,16,2,41,40.465977
1136576,1,16,3,40,38.675938
1136576,1,16,4,34,38.99407
1136576,1,16,5,33,37.439327
1136576,1,16,6,29,37.21654
1136576,1,16,7,29,35.31739
1136576,1,17,1,29,29.444607
1136576,1,17,2,28,27.652082
1136576,1,17,3,27,26.289658
1136576,1,17,4,26,19.864607
1136576,1,17,5,25,23.837152
1136576,1,17,6,25,22.005867
1136576,1,17,7,25,24.03733
1136576,1,18,1,19,19.867624
1136576,1,18,2,18,18.912378
1136576,1,18,3,17,18.602312
1136576,1,18,4,16,16.868946
1136576,1,18,5,15,16.033287
1136576,1,18,6,14,14.656103
1136576,1,19,1,13,11.925281
1136576,1,19,2,13,10.477917
1136576,1,19,3,12,8.624641
1136576,1,19,4,8,7.5801225
1136576,1,19,5,2,6.7802095
1136576,1,19,6,1,4.2511477
1136576,2,15,1,60,51.402927
1136576,2,15,2,58,50.43128
1136576,2,15,3,57,45.928493
1136576,2,15,4,56,47.846
1136576,2,15,5,52,44.034027
1136576,2,15,6,50,44.23748
1136576,2,15,7,49,47.339222
1136576,2,16,1,48,42.80873
1136576,2,16,2,48,40.16075
1136576,2,16,3,46,38.17375
1136576,2,16,4,45,33.944275
1136576,2,16,5,45,32.56365
1136576,2,16,6,44,30.64138
1136576,2,17,1,44,29.424711
1136576,2,17,2,43,29.103155
1136576,2,17,3,38,27.220985
1136576,2,17,4,37,25.85484
1136576,2,17,5,37,24.782999
1136576,2,17,6,35,23.3406
1136576,2,17,7,34,23.314472
1136576,2,17,8,33,22.845186
1136576,2,17,9,32,23.892427
1136576,2,18,1,31,20.179136
1136576,2,18,2,30,18.561235
1136576,2,18,3,24,17.458662
1136576,2,18,4,23,15.931073
1136576,2,18,5,22,13.918314
1136576,2,18,6,21,12.71162
1136576,2,18,7,19,12.474451
1136576,2,19,1,17,10.570309
1136576,2,19,2,16,9.320881
1136576,2,19,3,15,7.224549
1136576,2,19,4,14,6.4550467
1136576,2,19,5,8,5.9569554
1136576,2,19,6,2,4.2157784
1136576,2,19,7,1,3.7259886
1136577,1,15,1,43,51.28422
1136577,1,15,2,43,51.941704
1136577,1,15,3,43,53.87312
1136577,1,15,4,42,48.167507
1136577,1,15,5,40,46.478745
1136577,1,15,6,40,45.117916
1136577,1,16,1,39,42.90103
1136577,1,16,2,35,41.17748
1136577,1,16,3,34,39.907154
1136577,1,16,4,30,37.61293
1136577,1,16,5,30,35.43181
1136577,1,16,6,30,33.50641
1136577,1,17,1,29,30.885292
1136577,1,17,2,28,29.87228
1136577,1,17,3,27,25.311598
1136577,1,17,4,27,25.698635
1136577,1,17,5,23,23.589777
1136577,1,17,6,22,22.008183
1136577,1,18,1,20,21.702047
1136577,1,18,2,16,20.376804
1136577,1,18,3,15,17.71408
1136577,1,18,4,15,16.28781
1136577,1,18,5,13,15.1607275
1136577,1,18,6,12,14.616383
1136577,1,19,1,8,10.826257
1136577,1,19,2,7,9.949726
1136577,1,19,3,7,8.2755995
1136577,1,19,4,6,5.669407
1136577,1,19,5,4,4.480291
1136577,1,19,6,3,2.2714102
1136577,1,19,7,2,3.4337747
1136577,1,19,8,2,2.2638943
1136577,2,15,1,25,33.72532
1136577,2,15,2,24,30.657465
1136577,2,15,3,23,20.80701
1136577,2,15,4,23,22.591932
1136577,2,15,5,23,21.58237
1136577,2,15,6,23,21.577826
1136577,2,16,1,19,22.410427
1136577,2,16,2,18,21.732855
1136577,2,16,3,17,20.975965
1136577,2,16,4,16,22.198381
1136577,2,16,5,15,21.634005
1136577,2,16,6,14,21.777924
1136577,2,17,1,10,24.235962
1136577,2,17,2,9,23.3516
1136577,2,17,3,8,23.728802
1136577,2,17,4,7,23.279783
1136577,2,17,5,6,21.298542
1136577,2,17,6,4,17.14193
1136577,2,18,1,4,15.082059
1136577,2,18,2,0,13.870658
1136577,2,18,3,0,3.9778776
1136578,1,15,1,45,55.453762
1136578,1,15,2,44,46.47165
1136578,1,15,3,44,43.139442
1136578,1,15,4,44,41.380882
1136578,1,15,5,44,42.604122
1136578,1,15,6,43,47.641872
1136578,1,16,1,43,36.46654
1136578,1,16,2,42,34.47611
1136578,1,16,3,41,37.740612
1136578,1,16,4,37,34.19196
1136578,1,16,5,33,36.07977
1136578,1,16,6,32,34.696304
1136578,1,16,7,32,34.090458
1136578,1,17,1,28,31.484785
1136578,1,17,2,24,32.142414
1136578,1,17,3,20,31.496521
1136578,1,17,4,19,28.436602
1136578,1,17,5,19,26.652998
1136578,1,17,6,18,24.879393
1136578,1,17,7,17,25.143301
1136578,1,17,8,15,26.798512
1136578,1,18,1,11,21.270456
1136578,1,18,2,10,19.394104
1136578,1,18,3,9,18.579002
1136578,1,18,4,8,17.114265
1136578,1,18,5,7,15.122918
1136578,1,18,6,6,11.534048
1136578,1,18,7,6,10.886949
1136578,1,19,1,5,8.697976
1136578,1,19,2,5,5.808657
1136578,1,19,3,5,5.118669
1136578,1,19,4,4,3.3390036
1136578,1,19,5,3,2.428491
1136578,1,19,6,2,1.157447
1136578,1,19,7,1,1.7322135
1136581,1,15,1,32,48.123077
1136581,1,15,2,32,52.190434
1136581,1,15,3,32,51.344128
1136581,1,15,4,31,44.077995
1136581,1,15,5,31,43.33117
1136581,1,15,6,30,38.372135
1136581,1,16,1,30,33.53217
1136581,1,16,2,30,32.45905
1136581,1,16,3,30,33.03877
1136581,1,16,4,30,31.773947
1136581,1,16,5,29,31.753143
1136581,1,16,6,28,31.519344
1136581,1,17,1,27,29.183622
1136581,1,17,2,23,28.821789
1136581,1,17,3,22,29.338991
1136581,1,17,4,16,28.35687
1136581,1,17,5,15,27.093288
1136581,1,17,6,14,26.316448
1136581,1,18,1,14,20.993818
1136581,1,18,2,14,19.550005
1136581,1,18,3,13,17.546616
1136581,1,18,4,9,14.099704
1136581,1,18,5,9,10.192142
1136581,1,18,6,9,9.474694
1136581,1,19,1,9,9.501005
1136581,1,19,2,9,7.5286837
1136581,1,19,3,7,5.1634007
1136581,1,19,4,7,3.5044966
1136581,1,19,5,6,2.4315865
1136581,1,19,6,2,0.8864533
1136581,1,19,7,2,1.4085491
1136581,2,15,1,50,53.050873
1136581,2,15,2,48,51.442993
1136581,2,15,3,47,45.09651
1136581,2,15,4,46,42.704853
1136581,2,15,5,45,40.941338
1136581,2,15,6,45,42.046364
1136581,2,16,1,44,40.26055
1136581,2,16,2,43,38.765827
1136581,2,16,3,43,33.196148
1136581,2,16,4,43,29.11828
1136581,2,16,5,43,28.054062
1136581,2,16,6,43,26.736517
1136581,2,17,1,43,23.856228
1136581,2,17,2,43,25.656954
1136581,2,17,3,42,24.278915
1136581,2,17,4,41,22.028965
1136581,2,17,5,40,21.28333
1136581,2,17,6,38,23.782705
1136581,2,17,7,32,23.597445
1136581,2,18,1,28,19.374542
1136581,2,18,2,24,19.841944
1136581,2,18,3,22,18.709782
1136581,2,18,4,20,16.868364
1136581,2,18,5,18,15.117172
1136581,2,18,6,14,12.800063
1136581,2,18,7,14,12.404044
1136581,2,19,1,10,9.757395
1136581,2,19,2,10,8.960775
1136581,2,19,3,6,6.709446
1136581,2,19,4,6,6.058686
1136582,1,15,1,43,44.22018
1136582,1,15,2,43,42.736675
1136582,1,15,3,42,45.05576
1136582,1,15,4,40,47.129932
1136582,1,15,5,34,47.867664
1136582,1,15,6,33,46.309914
1136582,1,15,7,32,50.403427
1136582,1,15,8,28,43.928654
1136582,1,16,1,27,42.358093
1136582,1,16,2,27,38.13924
1136582,1,16,3,26,37.164932
1136582,1,16,4,25,35.630733
1136582,1,16,5,24,34.32455
1136582,1,16,6,23,31.671936
1136582,1,17,1,22,32.62511
1136582,1,17,2,18,30.345823
1136582,1,17,3,16,27.059954
1136582,1,17,4,16,28.268608
1136582,1,17,5,12,25.347628
1136582,1,17,6,11,23.841454
1136582,1,18,1,10,21.040401
1136582,1,18,2,9,19.395851
1136582,1,18,3,9,18.284428
1136582,1,18,4,8,14.955999
1136582,1,18,5,7,14.303612
1136582,1,18,6,5,12.807673
1136582,1,18,7,4,12.002872
1136582,1,19,1,4,9.484071
1136582,1,19,2,3,6.940483
1136582,1,19,3,3,5.708573
1136582,1,19,4,2,3.4082413
1136582,1,19,5,2,2.358086
1136582,1,19,6,0,1.1070215
1136582,1,19,7,0,1.4344821
1136582,2,15,1,43,44.733418
1136582,2,15,2,42,42.92394
1136582,2,15,3,41,39.40871
1136582,2,15,4,40,40.691
1136582,2,15,5,39,37.030815
1136582,2,15,6,39,34.29996
1136582,2,16,1,38,37.469097
1136582,2,16,2,32,34.129093
1136582,2,16,3,31,34.170284
1136582,2,16,4,30,32.622837
1136582,2,16,5,26,33.553417
1136582,2,16,6,24,32.824593
1136582,2,17,1,23,28.251057
1136582,2,17,2,22,26.844612
1136582,2,17,3,21,26.107553
1136582,2,17,4,20,22.751677
1136582,2,17,5,19,20.924347
1136582,2,17,6,17,19.282629
1136582,2,17,7,16,17.535826
1136582,2,18,1,16,16.750196
1136582,2,18,2,15,13.177506
1136582,2,18,3,15,11.893936
1136582,2,18,4,14,10.918069
1136582,2,18,5,13,9.874404
1136582,2,18,6,12,9.0729885
1136582,2,19,1,12,7.7341022
1136582,2,19,2,12,7.0015388
1136582,2,19,3,6,5.623178
1136582,2,19,4,6,4.431791
1136582,2,19,5,4,3.8814244
1136582,2,19,6,0,2.6606698
1136583,1,15,1,12,21.389872
1136583,1,15,2,12,21.067831
1136583,1,15,3,12,18.838676
1136583,1,15,4,10,18.36791
1136583,1,15,5,10,18.168234
1136583,1,15,6,10,17.730223
1136583,1,16,1,10,16.14314
1136583,1,16,2,9,15.25334
1136583,1,16,3,9,13.246575
1136583,1,16,4,9,15.387419
1136583,1,16,5,9,8.869935
1136583,1,16,6,9,7.933835
1136583,1,17,1,9,7.1023216
1136583,1,17,2,9,7.416326
1136583,1,17,3,9,7.8620515
1136583,1,17,4,9,8.272024
1136583,1,17,5,7,7.8319473
1136583,1,17,6,7,7.700759
1136583,1,18,1,6,9.100924
1136583,1,18,2,6,8.023251
1136583,1,18,3,6,10.48879
1136583,1,18,4,0,0.9264684
1136583,2,15,1,10,31.601812
1136583,2,15,2,9,29.220053
1136583,2,15,3,9,27.175932
1136583,2,15,4,8,27.954212
1136583,2,15,5,8,23.395128
1136583,2,15,6,7,25.83523
1136583,2,16,1,7,20.74634
1136583,2,16,2,7,19.886658
1136583,2,16,3,7,19.019032
1136583,2,16,4,7,18.232258
1136583,2,16,5,7,18.366535
1136583,2,16,6,7,19.488993
1136583,2,17,1,7,14.520359
1136583,2,17,2,6,17.366842
1136583,2,17,3,6,16.991114
1136583,2,17,4,6,10.957739
1136583,2,17,5,6,14.129338
1136583,2,17,6,2,18.532495
1136583,2,18,1,2,14.45143
1136583,2,18,2,2,15.204733
1136583,2,18,3,1,14.867566
1136583,2,18,4,1,13.48539
1136583,2,18,5,0,1.2948482
1136584,1,15,1,63,40.99457
1136584,1,15,2,59,43.295967
1136584,1,15,3,59,55.266075
1136584,1,15,4,53,45.636536
1136584,1,15,5,49,40.011333
1136584,1,15,6,48,39.374493
1136584,1,16,1,48,42.410706
1136584,1,16,2,47,42.026493
1136584,1,16,3,46,37.355167
1136584,1,16,4,45,35.5406
1136584,1,16,5,44,35.80006
1136584,1,16,6,43,34.86603
1136584,1,17,1,41,32.677032
1136584,1,17,2,39,31.568537
1136584,1,17,3,39,26.323805
1136584,1,17,4,39,23.475704
1136584,1,17,5,38,22.444752
1136584,1,17,6,36,23.554161
1136584,1,18,1,32,21.837498
1136584,1,18,2,26,22.102827
1136584,1,18,3,25,20.254429
1136584,1,18,4,24,17.512613
1136584,1,18,5,22,16.48588
1136584,1,18,6,21,15.473271
1136584,1,18,7,15,14.28559
1136584,1,18,8,14,14.639347
1136584,1,19,1,14,9.432107
1136584,1,19,2,14,7.301466
1136584,1,19,3,13,5.929992
1136584,1,19,4,12,4.6755266
1136584,1,19,5,12,1.9956393
1136584,1,19,6,6,1.0799727
1136584,1,19,7,4,1.5540891
1136584,2,15,1,72,49.476543
1136584,2,15,2,71,50.326977
1136584,2,15,3,71,49.946342
1136584,2,15,4,70,48.13845
1136584,2,15,5,69,48.207508
1136584,2,15,6,68,44.727806
1136584,2,15,7,62,43.867474
1136584,2,16,1,56,39.646946
1136584,2,16,2,55,43.78351
1136584,2,16,3,54,44.511833
1136584,2,16,4,52,45.558098
1136584,2,16,5,51,40.431717
1136584,2,16,6,50,32.396915
1136584,2,17,1,46,29.722198
1136584,2,17,2,45,28.689419
1136584,2,17,3,44,29.433617
1136584,2,17,4,38,28.866688
1136584,2,17,5,37,28.123589
1136584,2,17,6,33,23.98228
1136584,2,17,7,32,24.2167
1136584,2,18,1,31,21.480072
1136584,2,18,2,31,19.628815
1136584,2,18,3,30,17.574116
1136584,2,18,4,29,14.994129
1136584,2,18,5,28,15.186982
1136584,2,18,6,22,13.848078
1136584,2,18,7,21,13.031163
1136584,2,18,8,20,13.151575
1136584,2,18,9,19,13.128813
1136584,2,19,1,17,11.648537
1136584,2,19,2,13,11.142982
1136584,2,19,3,7,9.674567
1136584,2,19,4,6,9.85535
1136587,1,15,1,52,48.916595
1136587,1,15,2,52,51.104748
1136587,1,15,3,48,50.259537
1136587,1,15,4,47,44.498848
1136587,1,15,5,41,43.020367
1136587,1,15,6,40,42.4491
1136587,1,15,7,39,40.905075
1136587,1,16,1,38,36.059456
1136587,1,16,2,37,35.93687
1136587,1,16,3,36,34.23399
1136587,1,16,4,32,30.85446
1136587,1,16,5,32,37.004948
1136587,1,16,6,28,35.23328
1136587,1,16,7,27,34.597023
1136587,1,17,1,26,29.647654
1136587,1,17,2,26,27.00028
1136587,1,17,3,25,26.05434
1136587,1,17,4,25,24.870228
1136587,1,17,5,24,24.169765
1136587,1,17,6,23,23.741428
1136587,1,18,1,22,19.32524
1136587,1,18,2,20,21.542406
1136587,1,18,3,14,19.324223
1136587,1,18,4,13,17.354237
1136587,1,18,5,12,15.371535
1136587,1,18,6,11,12.428265
1136587,1,19,1,11,10.322385
1136587,1,19,2,10,9.029439
1136587,1,19,3,9,7.0432615
1136587,1,19,4,8,4.8362255
1136587,1,19,5,8,3.8134363
1136587,1,19,6,6,2.7489643
1136587,2,15,1,47,36.53507
1136587,2,15,2,46,30.29347
1136587,2,15,3,46,32.486572
1136587,2,15,4,44,27.395996
1136587,2,15,5,43,25.407557
1136587,2,15,6,43,26.029919
1136587,2,16,1,42,39.213875
1136587,2,16,2,42,39.652172
1136587,2,16,3,41,36.868103
1136587,2,16,4,40,37.03446
1136587,2,16,5,39,36.9683
1136587,2,16,6,37,34.40401
1136587,2,17,1,37,28.053953
1136587,2,17,2,37,27.974709
1136587,2,17,3,36,28.425083
1136587,2,17,4,32,26.046799
1136587,2,17,5,31,22.201468
1136587,2,17,6,25,21.043863
1136587,2,17,7,24,20.25566
1136587,2,18,1,22,19.88941
1136587,2,18,2,21,19.57622
1136587,2,18,3,17,20.739668
1136587,2,18,4,13,20.734945
1136587,2,18,5,9,18.106565
1136587,2,18,6,9,19.612383
1136587,2,19,1,5,16.852999
1136587,2,19,2,4,12.796439
1136587,2,19,3,2,10.367287
1136587,2,19,4,1,6.4213514
1136594,1,15,1,51,52.894962
1136594,1,15,2,50,43.69346
1136594,1,15,3,44,45.483536
1136594,1,15,4,43,45.122437
1136594,1,15,5,43,43.681927
1136594,1,15,6,42,41.489334
1136594,1,16,1,42,40.646854
1136594,1,16,2,42,34.718483
1136594,1,16,3,41,33.378193
1136594,1,16,4,40,33.996822
1136594,1,16,5,39,27.575907
1136594,1,16,6,39,27.927351
1136594,1,17,1,39,26.762192
1136594,1,17,2,38,25.43574
1136594,1,17,3,37,24.135147
1136594,1,17,4,36,23.266293
1136594,1,17,5,35,23.835072
1136594,1,17,6,29,22.672874
1136594,1,18,1,28,21.490597
1136594,1,18,2,27,20.596424
1136594,1,18,3,27,19.47371
1136594,1,18,4,26,17.742525
1136594,1,18,5,25,16.01084
1136594,1,18,6,23,14.816054
1136594,1,19,1,22,11.770662
1136594,1,19,2,21,10.174427
1136594,1,19,3,15,8.592176
1136594,1,19,4,11,7.371374
1136594,1,19,5,10,4.871272
1136594,1,19,6,10,4.329268
1136594,1,19,7,4,5.071707
1136594,2,15,1,58,45.741375
1136594,2,15,2,57,44.738358
1136594,2,15,3,56,44.782906
1136594,2,15,4,56,44.02589
1136594,2,15,5,55,43.17282
1136594,2,15,6,51,42.67309
1136594,2,15,7,51,42.955193
1136594,2,16,1,51,42.71271
1136594,2,16,2,45,40.607906
1136594,2,16,3,45,37.287567
1136594,2,16,4,45,34.45225
1136594,2,16,5,44,33.164692
1136594,2,16,6,43,34.556313
1136594,2,17,1,37,30.302238
1136594,2,17,2,36,32.134075
1136594,2,17,3,32,31.352867
1136594,2,17,4,31,31.448013
1136594,2,17,5,27,26.779982
1136594,2,17,6,23,27.851515
1136594,2,18,1,17,25.787115
1136594,2,18,2,16,26.12608
1136594,2,18,3,12,25.092724
1136594,2,18,4,6,22.153852
1136594,2,18,5,5,19.797546
1136594,2,18,6,4,17.540358
1136595,1,15,1,38,18.769785
1136595,1,15,2,38,20.49917
1136595,1,15,3,37,21.124462
1136595,1,15,4,37,21.055279
1136595,1,15,5,37,24.215727
1136595,1,15,6,36,23.1659
1136595,1,16,1,35,23.857267
1136595,1,16,2,35,25.703386
1136595,1,16,3,33,25.154705
1136595,1,16,4,33,21.459616
1136595,1,16,5,29,20.61264
1136595,1,16,6,29,19.528639
1136595,1,17,1,28,18.287521
1136595,1,17,2,24,19.58133
1136595,1,17,3,23,19.460964
1136595,1,17,4,22,21.710258
1136595,1,17,5,21,20.736433
1136595,1,17,6,20,18.441097
1136595,1,18,1,15,18.005508
1136595,1,18,2,15,16.022694
1136595,1,18,3,9,14.952541
1136595,1,18,4,5,15.0616865
1136595,1,18,5,5,14.3948145
1136595,1,18,6,4,9.771218
1136595,1,19,1,4,7.7333417
1136595,1,19,2,4,6.2547026
1136595,1,19,3,4,4.797427
1136595,1,19,4,2,3.8968866
1136595,1,19,5,2,2.5210845
1136595,1,19,6,1,1.5071716
1136595,2,15,1,39,45.437004
1136595,2,15,2,39,39.30972
1136595,2,15,3,33,41.222668
1136595,2,15,4,32,40.79461
1136595,2,15,5,32,42.074627
1136595,2,15,6,28,43.002983
1136595,2,16,1,28,40.062305
1136595,2,16,2,27,31.74732
1136595,2,16,3,26,32.143463
1136595,2,16,4,25,30.30699
1136595,2,16,5,24,28.092478
1136595,2,16,6,23,28.325453
1136595,2,17,1,22,27.319244
1136595,2,17,2,21,25.440546
1136595,2,17,3,21,27.35956
1136595,2,17,4,15,25.804132
1136595,2,17,5,14,25.559256
1136595,2,17,6,8,23.231136
1136595,2,17,7,2,22.772293
1136595,2,17,8,1,26.717129
1136599,1,15,1,41,48.037483
1136599,1,15,2,41,44.556408
1136599,1,15,3,40,46.19822
1136599,1,15,4,36,46.637306
1136599,1,15,5,35,45.707146
1136599,1,15,6,34,40.250664
1136599,1,16,1,34,38.123055
1136599,1,16,2,33,37.660397
1136599,1,16,3,29,34.274284
1136599,1,16,4,29,35.166843
1136599,1,16,5,25,32.909607
1136599,1,16,6,24,32.504276
1136599,1,17,1,23,30.583467
1136599,1,17,2,22,26.108063
1136599,1,17,3,22,25.075214
1136599,1,17,4,21,25.533785
1136599,1,17,5,17,25.742405
1136599,1,17,6,13,22.517855
1136599,1,18,1,12,20.395056
1136599,1,18,2,12,19.838993
1136599,1,18,3,11,16.888933
1136599,1,18,4,5,15.899785
1136599,1,18,5,5,13.961857
1136599,1,18,6,3,11.345583
1136599,1,19,1,3,9.817853
1136599,1,19,2,3,7.231641
1136599,1,19,3,2,4.795259
1136599,1,19,4,1,3.4026532
1136599,1,19,5,1,2.1136026
1136599,1,19,6,0,-0.23204443
1136599,2,15,1,39,41.290817
1136599,2,15,2,38,39.89359
1136599,2,15,3,37,39.639343
1136599,2,15,4,36,40.15104
1136599,2,15,5,35,39.808796
1136599,2,15,6,34,36.91591
1136599,2,16,1,33,36.08675
1136599,2,16,2,32,36.097904
1136599,2,16,3,26,32.36885
1136599,2,16,4,20,33.05593
1136599,2,16,5,20,34.47181
1136599,2,16,6,20,32.340298
1136599,2,16,7,19,31.94639
1136599,2,17,1,19,28.815914
1136599,2,17,2,18,22.216541
1136599,2,17,3,18,26.74219
1136599,2,17,4,14,25.311485
1136599,2,17,5,14,23.027565
1136599,2,17,6,14,22.858456
1136599,2,18,1,13,18.473904
1136599,2,18,2,12,17.259743
1136599,2,18,3,10,12.144155
1136599,2,18,4,9,12.473185
1136599,2,18,5,8,11.309537
1136599,2,18,6,7,10.599723
1136599,2,19,1,6,9.669011
1136599,2,19,2,5,9.175992
1136599,2,19,3,3,6.9350853
1136599,2,19,4,2,4.9983926
1136599,2,19,5,1,3.4524834
1136599,2,19,6,0,1.0381579
1136608,1,15,1,1,4.80514
1136617,1,15,1,51,41.92068
1136617,1,15,2,50,42.713005
1136617,1,15,3,50,41.904194
1136617,1,15,4,49,39.154465
1136617,1,15,5,49,36.147465
1136617,1,15,6,48,35.765583
1136617,1,16,1,47,36.537903
1136617,1,16,2,46,36.09457
1136617,1,16,3,45,32.671158
1136617,1,16,4,44,29.769257
1136617,1,16,5,43,30.437569
1136617,1,16,6,43,29.29655
1136617,1,16,7,43,30.178953
1136617,1,16,8,42,28.33407
1136617,1,17,1,41,29.039822
1136617,1,17,2,35,32.691105
1136617,1,17,3,29,31.23404
1136617,1,17,4,29,29.091745
1136617,1,17,5,28,27.253664
1136617,1,17,6,27,25.239439
1136617,1,17,7,26,22.962246
1136617,1,18,1,24,19.324118
1136617,1,18,2,23,17.359947
1136617,1,18,3,23,15.651754
1136617,1,18,4,22,12.561316
1136617,1,18,5,22,11.263228
1136617,1,18,6,21,10.588005
1136617,1,19,1,20,8.71623
1136617,1,19,2,20,8.094639
1136617,1,19,3,19,7.02217
1136617,1,19,4,17,4.956347
1136617,1,19,5,11,4.700381
1136617,1,19,6,7,2.7800698
1136617,1,19,7,6,4.8625455
1136617,1,19,8,0,3.8513048
1136617,2,15,1,48,45.688747
1136617,2,15,2,48,44.07909
1136617,2,15,3,47,38.56029
1136617,2,15,4,47,32.87053
1136617,2,15,5,47,31.284237
1136617,2,15,6,47,33.743988
1136617,2,16,1,47,33.292282
1136617,2,16,2,46,29.392593
1136617,2,16,3,46,29.227959
1136617,2,16,4,45,31.69636
1136617,2,16,5,44,29.190287
1136617,2,16,6,44,30.006598
1136617,2,17,1,43,22.95067
1136617,2,17,2,42,26.155075
1136617,2,17,3,38,29.079092
1136617,2,17,4,32,23.56714
1136617,2,17,5,28,16.593283
1136617,2,17,6,27,16.14555
1136617,2,18,1,23,18.305698
1136617,2,18,2,19,15.91127
1136617,2,18,3,15,12.952366
1136617,2,18,4,14,10.482685
1136617,2,18,5,13,10.748069
1136617,2,18,6,12,8.646293
1136617,2,18,7,10,10.557841
1136617,2,19,1,6,12.339565
1136619,1,15,1,61,51.14165
1136619,1,15,2,61,50.00151
1136619,1,15,3,55,52.08936
1136619,1,15,4,54,47.49787
1136619,1,15,5,53,43.671257
1136619,1,15,6,52,40.090717
1136619,1,16,1,52,40.90332
1136619,1,16,2,51,39.239494
1136619,1,16,3,51,37.46288
1136619,1,16,4,50,33.489964
1136619,1,16,5,50,27.690716
1136619,1,16,6,50,25.817211
1136619,1,17,1,50,27.836882
1136619,1,17,2,49,27.249973
1136619,1,17,3,48,25.613153
1136619,1,17,4,48,25.843836
1136619,1,17,5,42,24.578405
1136619,1,17,6,41,23.990273
1136619,1,17,7,40,24.34106
1136619,1,18,1,36,21.244795
1136619,1,18,2,36,19.837994
1136619,1,18,3,36,17.78675
1136619,1,18,4,30,15.621573
1136619,1,18,5,30,13.423216
1136619,1,18,6,30,12.789501
1136619,1,19,1,24,10.784071
1136619,1,19,2,20,9.006688
1136619,1,19,3,19,7.313903
1136619,1,19,4,15,5.4062796
1136619,1,19,5,9,6.911635
1136619,1,19,6,8,3.4865224
1136619,1,19,7,6,3.799087
1136619,2,15,1,42,34.132202
1136619,2,15,2,41,32.05906
1136619,2,15,3,41,35.262897
1136619,2,15,4,40,37.147118
1136619,2,15,5,36,36.533897
1136619,2,15,6,35,38.327244
1136619,2,15,7,34,42.67691
1136619,2,16,1,28,34.68169
1136619,2,16,2,27,37.645863
1136619,2,16,3,27,31.767471
1136619,2,16,4,26,29.980364
1136619,2,16,5,26,27.722214
1136619,2,16,6,25,26.737524
1136619,2,17,1,24,24.493214
1136619,2,17,2,23,25.112125
1136619,2,17,3,22,23.585808
1136619,2,17,4,21,22.523102
1136619,2,17,5,20,22.076258
1136619,2,17,6,19,21.138994
1136619,2,18,1,15,18.922855
1136619,2,18,2,15,18.40454
1136619,2,18,3,14,17.417566
1136619,2,18,4,13,16.327017
1136619,2,18,5,12,13.759464
1136619,2,18,6,10,12.044642
1136619,2,19,1,4,12.392723
1136619,2,19,2,0,8.383033
1136619,2,19,3,0,5.3167667
1136619,2,19,4,0,3.8299167
1136619,2,19,5,0,2.7643557
1136619,2,19,6,0,0.74935704
1175357,1,15,1,47,48.50237
1175357,1,15,2,46,45.952774
1175357,1,15,3,45,52.956993
1175357,1,15,4,39,52.337814
1175357,1,15,5,38,51.76175
1175357,1,15,6,37,43.941475
1175357,1,16,1,37,41.5086
1175357,1,16,2,36,40.554092
1175357,1,16,3,36,40.321724
1175357,1,16,4,35,37.043495
1175357,1,16,5,34,32.938046
1175357,1,16,6,33,32.820614
1175357,1,17,1,32,28.645979
1175357,1,17,2,30,28.409008
1175357,1,17,3,29,25.011341
1175357,1,17,4,29,24.33507
1175357,1,17,5,28,23.54436
1175357,1,17,6,27,22.463999
1175357,1,18,1,23,20.200508
1175357,1,18,2,22,18.69822
1175357,1,18,3,21,19.949627
1175357,1,18,4,15,17.854418
1175357,1,18,5,15,16.045343
1175357,1,18,6,15,14.323515
1175357,1,19,1,11,12.257737
1175357,1,19,2,10,10.605827
1175357,1,19,3,9,9.988132
1175357,1,19,4,8,6.811838
1175357,1,19,5,4,6.1110244
1175357,1,19,6,2,3.3026395
1175357,2,15,1,69,51.72418
1175357,2,15,2,65,51.278637
1175357,2,15,3,65,48.50878
1175357,2,15,4,65,45.689106
1175357,2,15,5,65,41.43049
1175357,2,15,6,64,38.369526
1175357,2,16,1,60,41.154163
1175357,2,16,2,60,40.464523
1175357,2,16,3,58,38.63657
1175357,2,16,4,57,36.615086
1175357,2,16,5,56,35.32855
1175357,2,16,6,55,33.79464
1175357,2,17,1,54,33.766727
1175357,2,17,2,48,30.691492
1175357,2,17,3,42,31.280067
1175357,2,17,4,41,28.516186
1175357,2,17,5,40,29.650434
1175357,2,17,6,36,25.815504
1175357,2,18,1,35,25.42009
1175357,2,18,2,31,22.048334
1175357,2,18,3,25,23.163918
1175357,2,18,4,21,21.365393
1175357,2,18,5,21,21.23501
1175357,2,18,6,15,17.246136
1175357,2,19,1,14,14.165428
1175357,2,19,2,13,10.487295
1175357,2,19,3,12,10.671777
1175357,2,19,4,6,10.1933775
1175357,2,19,5,6,7.329657
1175369,1,15,1,51,49.736256
1175369,1,15,2,50,44.577267
1175369,1,15,3,48,46.544502
1175369,1,15,4,48,44.228382
1175369,1,15,5,46,42.02364
1175369,1,15,6,42,41.567722
1175369,1,16,1,41,37.613754
1175369,1,16,2,40,38.03085
1175369,1,16,3,40,36.104977
1175369,1,16,4,39,34.715218
1175369,1,16,5,38,33.083935
1175369,1,16,6,37,26.501999
1175369,1,17,1,33,26.043821
1175369,1,17,2,32,29.053715
1175369,1,17,3,32,27.947111
1175369,1,17,4,31,26.103308
1175369,1,17,5,31,26.754038
1175369,1,17,6,27,24.065296
1175369,1,18,1,26,21.486982
1175369,1,18,2,25,20.850775
1175369,1,18,3,24,18.762875
1175369,1,18,4,23,17.361273
1175369,1,18,5,19,14.933487
1175369,1,18,6,17,13.39324
1175369,1,19,1,17,12.403104
1175369,1,19,2,11,11.274905
1175369,1,19,3,10,10.242121
1175369,1,19,4,9,9.354314
1175369,1,19,5,5,6.3153634
1175369,1,19,6,4,4.390106
1175369,2,15,1,43,41.751507
1175369,2,15,2,42,43.247852
1175369,2,15,3,42,41.385612
1175369,2,15,4,41,41.611374
1175369,2,15,5,40,37.065315
1175369,2,15,6,40,37.39985
1175369,2,16,1,39,37.303513
1175369,2,16,2,35,36.63468
1175369,2,16,3,33,35.161945
1175369,2,16,4,33,33.48862
1175369,2,16,5,32,35.847694
1175369,2,16,6,31,33.023636
1175369,2,16,7,29,34.64574
1175369,2,17,1,23,28.164068
1175369,2,17,2,22,25.657328
1175369,2,17,3,20,24.82393
1175369,2,17,4,19,23.913454
1175369,2,17,5,18,22.685755
1175369,2,17,6,14,19.77933
1175369,2,17,7,14,19.666193
1175369,2,18,1,14,18.076328
1175369,2,18,2,13,16.755419
1175369,2,18,3,12,15.215597
1175369,2,18,4,12,8.640902
1175369,2,18,5,11,9.137327
1175369,2,18,6,10,12.0494585
1175369,2,19,1,10,12.355124
1175369,2,19,2,8,10.662677
1175369,2,19,3,7,9.342076
1175369,2,19,4,7,6.966128
1175369,2,19,5,6,3.6746175
1175370,1,15,1,77,50.3345
1175370,1,15,2,76,45.429596
1175370,1,15,3,72,44.787983
1175370,1,15,4,71,44.83663
1175370,1,15,5,69,44.73879
1175370,1,15,6,68,45.573433
1175370,1,16,1,67,36.96173
1175370,1,16,2,66,34.999825
1175370,1,16,3,62,40.900307
1175370,1,16,4,58,36.057213
1175370,1,16,5,58,36.214947
1175370,1,16,6,52,33.030243
1175370,1,17,1,51,31.62111
1175370,1,17,2,50,32.25696
1175370,1,17,3,50,28.298908
1175370,1,17,4,49,26.0781
1175370,1,17,5,49,23.640945
1175370,1,17,6,45,20.104685
1175370,1,18,1,45,24.689798
1175370,1,18,2,39,21.596949
1175370,1,18,3,38,19.125938
1175370,1,18,4,37,17.646587
1175370,1,18,5,37,13.236758
1175370,1,18,6,37,11.497813
1175370,1,18,7,36,14.569464
1175370,1,18,8,30,14.645276
1175370,1,19,1,29,11.601994
1175370,1,19,2,28,10.220506
1175370,1,19,3,27,8.597142
1175370,1,19,4,26,7.573907
1175370,1,19,5,19,5.58535
1175370,1,19,6,16,4.193912
1175370,1,19,7,10,3.7756946
1175370,1,19,8,6,5.2524085
1175370,2,15,1,39,40.92126
1175370,2,15,2,35,39.837265
1175370,2,15,3,31,39.12411
1175370,2,15,4,30,38.160744
1175370,2,15,5,29,35.358284
1175370,2,15,6,28,36.20101
1175370,2,16,1,28,35.98718
1175370,2,16,2,28,32.681145
1175370,2,16,3,28,31.637152
1175370,2,16,4,27,27.574486
1175370,2,16,5,27,26.62158
1175370,2,16,6,26,25.93609
1175370,2,17,1,25,24.660934
1175370,2,17,2,25,24.00535
1175370,2,17,3,24,21.90498
1175370,2,17,4,24,22.824236
1175370,2,17,5,18,19.747782
1175370,2,17,6,18,17.819693
1175370,2,18,1,18,17.076826
1175370,2,18,2,17,15.888473
1175370,2,18,3,16,16.564753
1175370,2,18,4,12,13.147288
1175370,2,18,5,12,12.0348625
1175370,2,18,6,12,10.281286
1175370,2,19,1,11,9.50249
1175370,2,19,2,11,8.357599
1175370,2,19,3,5,7.2371674
1175370,2,19,4,1,4.834089
1175370,2,19,5,0,4.153563
1175370,2,19,6,0,2.1874475
1178393,1,15,1,52,40.024834
1178393,1,15,2,51,40.502373
1178393,1,15,3,51,46.63989
1178393,1,15,4,51,48.45774
1178393,1,15,5,51,39.59275
1178393,1,15,6,51,36.718575
1178393,1,16,1,50,36.808125
1178393,1,16,2,49,39.32229
1178393,1,16,3,48,39.836514
1178393,1,16,4,46,38.391216
1178393,1,16,5,45,34.835224
1178393,1,16,6,45,32.13925
1178393,1,17,1,44,30.153671
1178393,1,17,2,43,31.12928
1178393,1,17,3,41,30.33499
1178393,1,17,4,40,28.434706
1178393,1,17,5,39,26.110886
1178393,1,17,6,38,18.88372
1178393,1,17,7,34,18.345322
1178393,1,18,1,33,20.630623
1178393,1,18,2,32,21.457094
1178393,1,18,3,26,19.881784
1178393,1,18,4,25,18.382423
1178393,1,18,5,24,18.223446
1178393,1,18,6,20,17.065325
1178393,1,18,7,16,18.253387
1178393,1,19,1,14,14.782489
1178393,1,19,2,8,12.850666
1178393,1,19,3,7,12.840307
1178393,1,19,4,3,8.766063
1178393,1,19,5,2,7.0167966
1178393,1,19,6,1,4.4657164
1178393,2,15,1,33,44.878853
1178393,2,15,2,33,55.11524
1178393,2,15,3,31,48.298973
1178393,2,15,4,30,47.14737
1178393,2,15,5,29,44.493626
1178393,2,15,6,28,42.306946
1178393,2,16,1,28,42.763283
1178393,2,16,2,27,42.594597
1178393,2,16,3,26,41.27184
1178393,2,16,4,25,35.744953
1178393,2,16,5,25,29.792505
1178393,2,16,6,24,30.899334
1178393,2,17,1,23,29.738861
1178393,2,17,2,22,28.446156
1178393,2,17,3,21,18.333647
1178393,2,17,4,21,18.600046
1178393,2,17,5,20,25.884478
1178393,2,17,6,16,23.856897
1178393,2,18,1,16,23.570038
1178393,2,18,2,11,19.476065
1178393,2,18,3,8,18.499216
1178393,2,18,4,7,17.828627
1178393,2,18,5,6,15.967655
1178393,2,18,6,5,15.115759
1178393,2,18,7,4,10.019251
1178393,2,18,8,3,9.927981
1178393,2,19,1,3,9.446505
1178393,2,19,2,1,8.471425
1178393,2,19,3,1,6.937035
1178393,2,19,4,1,3.896711
1178393,2,19,5,1,2.0693312
1178393,2,19,6,0,0.6821646
1178400,1,15,1,48,41.214672
1178400,1,15,2,47,42.126213
1178400,1,15,3,46,41.69141
1178400,1,15,4,42,41.533344
1178400,1,15,5,41,42.122192
1178400,1,15,6,40,40.124454
1178400,1,16,1,38,36.003933
1178400,1,16,2,38,35.332993
1178400,1,16,3,37,34.698082
1178400,1,16,4,36,32.620937
1178400,1,16,5,35,30.86668
1178400,1,16,6,34,26.439116
1178400,1,17,1,34,25.160044
1178400,1,17,2,32,25.90744
1178400,1,17,3,30,23.953897
1178400,1,17,4,29,23.222477
1178400,1,17,5,28,21.365234
1178400,1,17,6,27,19.858368
1178400,1,18,1,26,18.801426
1178400,1,18,2,25,14.688349
1178400,1,18,3,25,13.088082
1178400,1,18,4,24,12.1634445
1178400,1,18,5,23,11.284522
1178400,1,18,6,19,10.278036
1178400,1,19,1,18,9.08875
1178400,1,19,2,16,10.308819
1178400,1,19,3,12,8.537325
1178400,1,19,4,6,6.9664025
1178400,1,19,5,5,5.319843
1178400,1,19,6,1,3.682922
1178400,2,15,1,54,54.41523
1178400,2,15,2,54,53.549603
1178400,2,15,3,53,51.630627
1178400,2,15,4,52,45.32618
1178400,2,15,5,51,46.37789
1178400,2,15,6,50,43.08673
1178400,2,16,1,49,39.55884
1178400,2,16,2,48,39.156555
1178400,2,16,3,46,36.821316
1178400,2,16,4,45,33.8411
1178400,2,16,5,44,32.08307
1178400,2,16,6,43,29.29251
1178400,2,17,1,42,27.245096
1178400,2,17,2,42,28.529995
1178400,2,17,3,38,27.329626
1178400,2,17,4,37,25.693901
1178400,2,17,5,36,22.176119
1178400,2,17,6,36,20.973457
1178400,2,17,7,35,20.334084
1178400,2,18,1,33,18.529192
1178400,2,18,2,32,17.314875
1178400,2,18,3,31,15.894389
1178400,2,18,4,29,13.6637945
1178400,2,18,5,27,12.876769
1178400,2,18,6,25,12.771683
1178400,2,19,1,21,12.015572
1178400,2,19,2,15,10.378644
1178400,2,19,3,13,9.414288
1178400,2,19,4,11,6.8864136
1178400,2,19,5,11,5.333166
1178400,2,19,6,9,4.184587
1178400,2,19,7,7,3.3901932
1178400,2,19,8,6,3.780129
1178401,1,15,1,56,47.348145
1178401,1,15,2,56,55.847427
1178401,1,15,3,52,46.477554
1178401,1,15,4,52,49.365574
1178401,1,15,5,46,41.11359
1178401,1,15,6,45,38.726597
1178401,1,16,1,44,41.50418
1178401,1,16,2,43,37.993984
1178401,1,16,3,42,37.145805
1178401,1,16,4,41,33.23434
1178401,1,16,5,41,32.98084
1178401,1,16,6,35,31.569256
1178401,1,17,1,34,29.490273
1178401,1,17,2,28,27.10048
1178401,1,17,3,26,28.484024
1178401,1,17,4,20,27.303495
1178401,1,17,5,19,25.80303
1178401,1,17,6,18,23.364176
1178401,1,18,1,18,21.370502
1178401,1,18,2,17,17.799356
1178401,1,18,3,17,17.305832
1178401,1,18,4,13,16.01149
1178401,1,18,5,12,14.551954
1178401,1,18,6,11,12.291726
1178401,1,19,1,10,10.9401045
1178401,1,19,2,7,7.8164716
1178401,1,19,3,7,6.9501667
1178401,1,19,4,3,5.087565
1178401,1,19,5,2,3.5977802
1178401,1,19,6,2,2.273663
1178401,2,15,1,42,45.006428
1178401,2,15,2,41,40.753273
1178401,2,15,3,40,39.45249
1178401,2,15,4,39,38.187515
1178401,2,15,5,35,31.69344
1178401,2,15,6,34,34.31591
1178401,2,16,1,32,37.807327
1178401,2,16,2,31,38.30857
1178401,2,16,3,27,39.882774
1178401,2,16,4,21,34.049118
1178401,2,16,5,20,36.934246
1178401,2,16,6,20,33.93721
1178401,2,17,1,18,30.007744
1178401,2,17,2,18,29.304432
1178401,2,17,3,17,23.454683
1178401,2,17,4,17,23.188122
1178401,2,17,5,16,23.143555
1178401,2,17,6,15,22.495134
1178401,2,18,1,13,19.881725
1178401,2,18,2,12,18.93782
1178401,2,18,3,8,17.241453
1178401,2,18,4,7,15.820253
1178401,2,18,5,6,15.939938
1178410,1,15,1,91,47.49221
1178410,1,15,2,87,46.07549
1178410,1,15,3,81,50.53942
1178410,1,15,4,77,39.091274
1178410,1,15,5,71,44.296917
1178410,1,15,6,70,19.004852
1178410,1,15,7,64,43.509533
1178410,1,16,1,64,41.692104
1178410,1,16,2,63,34.983704
1178410,1,16,3,62,39.559464
1178410,1,16,4,58,37.348248
1178410,1,16,5,56,40.006718
1178410,1,16,6,52,35.653168
1178410,1,16,7,46,35.358463
1178410,1,17,1,45,30.410854
1178410,1,17,2,44,30.037695
1178410,1,17,3,43,30.355295
1178410,1,17,4,37,28.377607
1178410,1,17,5,36,26.296597
1178410,1,17,6,36,25.252413
1178410,1,17,7,35,22.886856
1178410,1,18,1,35,22.109587
1178410,1,18,2,33,21.67887
1178410,1,18,3,27,21.021236
1178410,1,18,4,23,19.313025
1178410,1,18,5,21,17.333355
1178410,1,18,6,20,15.2677355
1178410,1,19,1,16,13.365746
1178410,1,19,2,15,11.224525
1178410,1,19,3,11,9.695796
1178410,1,19,4,5,7.832633
1178410,1,19,5,4,7.8500047
1178410,1,19,6,0,4.260034
1178410,2,15,1,82,59.023327
1178410,2,15,2,78,54.504967
1178410,2,15,3,78,36.673325
1178410,2,15,4,72,26.579796
1178410,2,15,5,66,42.34172
1178410,2,15,6,65,45.972145
1178410,2,16,1,65,42.01811
1178410,2,16,2,64,43.181095
1178410,2,16,3,63,43.11188
1178410,2,16,4,59,40.450935
1178410,2,16,5,53,35.432133
1178410,2,16,6,52,29.194744
1178410,2,16,7,52,31.085217
1178410,2,16,8,51,33.235626
1178410,2,17,1,50,29.218697
1178410,2,17,2,50,27.495626
1178410,2,17,3,44,27.386164
1178410,2,17,4,42,28.32055
1178410,2,17,5,36,26.525679
1178410,2,17,6,36,27.601921
1178410,2,18,1,32,25.746021
1178410,2,18,2,32,21.90062
1178410,2,18,3,31,17.9086
1178410,2,18,4,31,15.120292
1178410,2,18,5,31,16.008469
1178410,2,18,6,25,15.262738
1178410,2,18,7,19,14.808222
1178410,2,19,1,13,13.284253
1178410,2,19,2,13,11.0198
1178410,2,19,3,12,15.25126
1178410,2,19,4,6,7.8428965
1178410,2,19,5,6,5.091693
1178410,2,19,6,6,4.2738853
1178416,1,15,1,41,48.51544
1178416,1,15,2,41,50.897808
1178416,1,15,3,39,42.482536
1178416,1,15,4,39,42.560295
1178416,1,15,5,39,42.729908
1178416,1,15,6,38,43.68247
1178416,1,16,1,37,39.510044
1178416,1,16,2,35,38.54734
1178416,1,16,3,29,36.96506
1178416,1,16,4,28,34.424686
1178416,1,16,5,27,33.506145
1178416,1,16,6,26,32.596657
1178416,1,17,1,24,27.445957
1178416,1,17,2,23,27.231165
1178416,1,17,3,22,25.802248
1178416,1,17,4,21,22.965464
1178416,1,17,5,17,22.472641
1178416,1,17,6,16,21.414234
1178416,1,18,1,15,20.963266
1178416,1,18,2,14,19.315708
1178416,1,18,3,14,18.371155
1178416,1,18,4,13,13.02131
1178416,1,18,5,12,15.686265
1178416,1,18,6,8,13.813949
1178416,1,19,1,8,11.92886
1178416,1,19,2,7,10.780606
1178416,1,19,3,7,9.06035
1178416,1,19,4,5,7.411625
1178416,1,19,5,3,5.3067627
1178416,1,19,6,2,3.2086833
1178416,2,15,1,41,51.08274
1178416,2,15,2,40,45.945045
1178416,2,15,3,38,45.775623
1178416,2,15,4,32,37.146816
1178416,2,15,5,31,33.533516
1178416,2,15,6,30,38.8444
1178416,2,16,1,26,39.171757
1178416,2,16,2,25,43.487175
1178416,2,16,3,19,37.801216
1178416,2,16,4,18,36.177532
1178416,2,16,5,18,32.41174
1178416,2,16,6,18,32.504913
1178416,2,17,1,16,29.217495
1178416,2,17,2,16,24.598003
1178416,2,17,3,16,22.839415
1178416,2,17,4,15,22.766579
1178416,2,17,5,14,22.91253
1178416,2,17,6,13,21.946306
1178416,2,18,1,13,20.040846
1178416,2,18,2,13,17.688255
1178416,2,18,3,12,15.066135
1178416,2,18,4,11,13.892431
1178416,2,18,5,10,12.54655
1178416,2,18,6,9,10.997305
1178416,2,19,1,9,10.584648
1178416,2,19,2,8,10.919932
1178416,2,19,3,2,9.834757
1178416,2,19,4,1,6.3123326
1178416,2,19,5,1,4.099646
1178420,1,15,1,39,43.218422
1178420,1,15,2,38,44.111526
1178420,1,15,3,38,43.77655
1178420,1,15,4,36,42.001293
1178420,1,15,5,35,41.653202
1178420,1,15,6,35,40.507843
1178420,1,16,1,34,37.61386
1178420,1,16,2,33,34.544617
1178420,1,16,3,33,33.089134
1178420,1,16,4,32,30.831121
1178420,1,16,5,31,29.930038
1178420,1,16,6,30,29.003975
1178420,1,17,1,29,27.447786
1178420,1,17,2,28,26.61948
1178420,1,17,3,27,25.91414
1178420,1,17,4,26,23.33973
1178420,1,17,5,25,23.793814
1178420,1,17,6,23,21.107561
1178420,1,17,7,23,22.065392
1178420,1,18,1,23,19.500349
1178420,1,18,2,23,16.591776
1178420,1,18,3,21,15.145504
1178420,1,18,4,20,13.725676
1178420,1,18,5,20,11.871812
1178420,1,18,6,19,11.525998
1178420,1,19,1,18,10.834951
1178420,1,19,2,17,8.538712
1178420,1,19,3,13,6.647832
1178420,1,19,4,13,5.2669425
1178420,1,19,5,12,3.6119986
1178420,1,19,6,10,3.028312
1178420,1,19,7,6,3.329395
1178420,2,15,1,29,46.279297
1178420,2,15,2,28,44.690083
1178420,2,15,3,27,45.6871
1178420,2,15,4,26,43.134182
1178420,2,15,5,26,39.634296
1178420,2,15,6,26,41.397366
1178420,2,15,7,24,43.04082
1178420,2,16,1,24,35.799988
1178420,2,16,2,20,33.917477
1178420,2,16,3,19,32.92389
1178420,2,16,4,15,33.593395
1178420,2,16,5,14,34.11321
1178420,2,16,6,13,32.211456
1178420,2,17,1,13,30.110525
1178420,2,17,2,12,28.810087
1178420,2,17,3,11,24.395296
1178420,2,17,4,11,25.562052
1178420,2,17,5,11,23.924026
1178420,2,17,6,10,22.292265
1178420,2,18,1,9,21.051743
1178420,2,18,2,7,19.640396
1178420,2,18,3,6,17.459719
1178420,2,18,4,6,17.065466
1178420,2,18,5,5,15.229146
1178420,2,18,6,4,11.369033
1178420,2,19,1,4,12.127796
1181767,1,15,1,54,54.068996
1181767,1,15,2,53,44.901546
1181767,1,15,3,47,44.076637
1181767,1,15,4,46,43.498806
1181767,1,15,5,45,34.94975
1181767,1,15,6,45,36.73201
1181767,1,16,1,45,33.858753
1181767,1,16,2,44,33.450214
1181767,1,16,3,43,33.161125
1181767,1,16,4,39,35.334076
1181767,1,16,5,33,33.813023
1181767,1,16,6,32,32.2462
1181767,1,17,1,31,30.133656
1181767,1,17,2,30,29.637018
1181767,1,17,3,30,26.603464
1181767,1,17,4,30,20.23311
1181767,1,17,5,29,19.9226
1181767,1,17,6,28,17.769552
1181767,1,17,7,28,17.47227
1181767,1,18,1,28,16.095854
1181767,1,18,2,26,15.835774
1181767,1,18,3,24,14.306599
1181767,1,18,4,22,12.332012
1181767,1,18,5,22,11.379557
1181767,1,18,6,20,11.238027
1181767,1,19,1,16,8.150372
1181767,1,19,2,16,8.372977
1181767,1,19,3,10,5.584828
1181767,1,19,4,10,4.2142396
1181767,1,19,5,10,4.1347675
1181767,1,19,6,6,2.7382812
1181767,2,15,1,32,36.787495
1181767,2,15,2,32,42.324223
1181767,2,15,3,30,43.824238
1181767,2,15,4,29,39.42112
1181767,2,15,5,25,38.95516
1181767,2,15,6,24,38.35172
1181767,2,16,1,24,36.804237
1181767,2,16,2,23,39.059017
1181767,2,16,3,23,36.256878
1181767,2,16,4,19,34.24303
1181767,2,16,5,17,31.003433
1181767,2,16,6,16,28.20142
1181767,2,17,1,16,27.876259
1181767,2,17,2,15,29.51488
1181767,2,17,3,11,25.04406
1181767,2,17,4,11,22.964169
1181767,2,17,5,11,22.801983
1181767,2,17,6,7,21.941914
1181767,2,18,1,7,20.525705
1181767,2,18,2,7,18.378365
1181767,2,18,3,5,17.595062
1181767,2,18,4,5,17.526987
1181767,2,18,5,5,14.777773
1181767,2,18,6,4,13.507469
1216495,1,15,1,51,40.662834
1216495,1,15,2,50,40.600388
1216495,1,15,3,49,38.767235
1216495,1,15,4,49,33.58847
1216495,1,15,5,48,38.90193
1216495,1,15,6,44,34.426674
1216495,1,16,1,40,38.207283
1216495,1,16,2,40,34.055103
1216495,1,16,3,34,35.022747
1216495,1,16,4,34,34.577248
1216495,1,16,5,33,33.681507
1216495,1,16,6,33,29.760078
1216495,1,17,1,33,28.214046
1216495,1,17,2,33,23.44537
1216495,1,17,3,33,22.57579
1216495,1,17,4,33,20.792747
1216495,1,17,5,32,18.293133
1216495,1,17,6,31,17.737679
1216495,1,18,1,30,14.826979
1216495,1,18,2,29,14.1849985
1216495,1,18,3,29,15.970235
1216495,1,18,4,23,16.486618
1216495,1,18,5,17,16.619316
1216495,1,18,6,11,15.035236
1216495,1,19,1,10,10.90889
1216495,1,19,2,10,13.092151
1216495,1,19,3,4,8.411001
1216495,1,19,4,4,7.4572334
1216495,1,19,5,3,5.272255
1216495,1,19,6,2,3.792646
1216495,2,15,1,14,46.25285
1216495,2,15,2,14,42.621136
1216495,2,15,3,10,38.922966
1216495,2,15,4,9,35.18316
1216495,2,15,5,8,28.366125
1216495,2,15,6,8,25.17577
1216495,2,16,1,7,21.982466
1216495,2,16,2,6,17.90685
1216495,2,16,3,6,13.800759
1216495,2,16,4,5,11.984141
1216495,2,16,5,5,12.697649
1216495,2,16,6,4,16.002678
1216495,2,17,1,4,14.094492
1216496,1,15,1,62,53.876324
1216496,1,15,2,61,44.776794
1216496,1,15,3,57,43.432953
1216496,1,15,4,56,47.78968
1216496,1,15,5,52,47.188404
1216496,1,15,6,50,43.792618
1216496,1,16,1,50,43.02316
1216496,1,16,2,49,41.166473
1216496,1,16,3,49,40.35427
1216496,1,16,4,49,36.886444
1216496,1,16,5,47,34.99782
1216496,1,16,6,43,31.456623
1216496,1,17,1,43,29.726532
1216496,1,17,2,42,30.341753
1216496,1,17,3,41,30.57194
1216496,1,17,4,40,27.419361
1216496,1,17,5,40,20.834932
1216496,1,17,6,40,19.924807
1216496,1,18,1,39,17.786182
1216496,1,18,2,38,16.701765
1216496,1,18,3,38,13.985871
1216496,1,18,4,34,12.888644
1216496,1,18,5,32,12.5507145
1216496,1,18,6,31,13.077276
1216496,1,19,1,30,10.648765
1216496,1,19,2,24,11.462053
1216496,1,19,3,18,12.536719
1216496,1,19,4,11,11.099217
1216496,1,19,5,4,9.931176
1216496,1,19,6,3,6.08353
1216496,1,19,7,3,5.2979107
1216496,1,19,8,2,4.284303
1216496,1,19,9,1,3.2679174
1216496,2,15,1,69,49.14189
1216496,2,15,2,68,46.574432
1216496,2,15,3,68,48.82284
1216496,2,15,4,64,45.036877
1216496,2,15,5,63,42.838413
1216496,2,15,6,63,43.167103
1216496,2,15,7,63,45.3269
1216496,2,16,1,62,38.030735
1216496,2,16,2,61,39.475105
1216496,2,16,3,55,36.714054
1216496,2,16,4,54,35.2926
1216496,2,16,5,53,34.51455
1216496,2,16,6,47,32.021645
1216496,2,17,1,41,34.845432
1216496,2,17,2,40,32.611652
1216496,2,17,3,34,30.634184
1216496,2,17,4,34,29.299667
1216496,2,17,5,33,25.094036
1216496,2,17,6,32,23.511545
1216496,2,18,1,31,21.643497
1216496,2,18,2,29,19.145906
1216496,2,18,3,28,18.518545
1216496,2,18,4,27,18.298317
1216496,2,18,5,21,15.091383
1216496,2,18,6,21,13.87392
1216496,2,19,1,21,9.962987
1216496,2,19,2,20,8.876407
1216496,2,19,3,19,8.324396
1216496,2,19,4,13,7.2277975
1216496,2,19,5,7,9.214044
1216496,2,19,6,1,6.260689
1216499,1,15,1,35,51.903385
1216499,1,15,2,33,45.054916
1216499,1,15,3,33,47.98686
1216499,1,15,4,32,44.349216
1216499,1,15,5,31,41.4551
1216499,1,15,6,31,39.666355
1216499,1,16,1,30,33.733448
1216499,1,16,2,30,33.931755
1216499,1,16,3,30,30.51784
1216499,1,16,4,30,25.414604
1216499,1,16,5,30,26.513466
1216499,1,16,6,30,23.754208
1216499,1,17,1,30,27.812304
1216499,1,17,2,26,25.22393
1216499,1,17,3,26,24.362906
1216499,1,17,4,25,22.919403
1216499,1,17,5,24,22.597597
1216499,1,17,6,23,21.726713
1216499,1,17,7,22,21.411491
1216499,1,18,1,18,20.150122
1216499,1,18,2,18,19.020704
1216499,1,18,3,18,17.802855
1216499,1,18,4,17,16.818764
1216499,1,18,5,16,15.560707
1216499,1,18,6,15,11.538901
1216499,1,18,7,14,14.320094
1216499,1,19,1,13,11.191688
1216499,1,19,2,11,9.959299
1216499,1,19,3,10,7.948097
1216499,1,19,4,10,5.6138606
1216499,1,19,5,6,4.7463417
1216499,1,19,6,2,3.3475132
1216499,2,15,1,49,53.086792
1216499,2,15,2,45,54.76677
1216499,2,15,3,41,51.10179
1216499,2,15,4,41,50.018635
1216499,2,15,5,37,47.47787
1216499,2,15,6,37,45.55766
1216499,2,16,1,36,39.77798
1216499,2,16,2,35,37.120323
1216499,2,16,3,35,33.6934
1216499,2,16,4,34,32.176666
1216499,2,16,5,33,31.517395
1216499,2,16,6,32,30.973854
1216499,2,17,1,28,29.057447
1216499,2,17,2,28,28.82397
1216499,2,17,3,27,28.384481
1216499,2,17,4,27,24.320057
1216499,2,17,5,26,23.80531
1216499,2,17,6,25,23.206331
1216499,2,17,7,24,24.260593
1216499,2,17,8,18,24.898266
1216499,2,17,9,17,24.618286
1216499,2,18,1,17,20.94651
1216499,2,18,2,17,19.627464
1216499,2,18,3,15,17.334888
1216499,2,18,4,14,15.966789
1216499,2,18,5,8,14.285368
1216499,2,18,6,8,12.895343
1216499,2,19,1,4,12.1961975
1216511,1,15,1,68,50.308067
1216511,1,15,2,64,50.9446
1216511,1,15,3,63,50.249702
1216511,1,15,4,62,45.5951
1216511,1,15,5,62,45.196747
1216511,1,15,6,61,43.81322
1216511,1,16,1,60,38.73093
1216511,1,16,2,56,37.801014
1216511,1,16,3,56,35.357323
1216511,1,16,4,55,34.262627
1216511,1,16,5,55,33.633324
1216511,1,16,6,55,31.978449
1216511,1,17,1,51,29.995749
1216511,1,17,2,49,32.5423
1216511,1,17,3,45,31.653694
1216511,1,17,4,43,29.943476
1216511,1,17,5,42,29.531054
1216511,1,17,6,36,26.449308
1216511,1,18,1,32,26.333082
1216511,1,18,2,27,26.245552
1216511,1,18,3,25,21.383703
1216511,1,18,4,25,18.868376
1216511,1,18,5,24,15.332481
1216511,1,18,6,24,15.770762
1216511,1,18,7,18,13.57683
1216511,1,19,1,17,11.8138
1216511,1,19,2,16,10.007143
1216511,1,19,3,13,8.360592
1216511,1,19,4,12,7.5418444
1216511,1,19,5,8,3.9685748
1216511,1,19,6,7,3.5010064
1216511,1,19,7,1,3.2860706
1216511,2,15,1,23,38.834995
1216511,2,15,2,23,42.181446
1216511,2,15,3,23,33.47417
1216511,2,15,4,22,35.56394
1216511,2,15,5,21,21.281042
1216511,2,15,6,21,21.731077
1216511,2,16,1,21,19.9461
1216511,2,16,2,21,19.794968
1216511,2,16,3,15,22.109673
1216511,2,16,4,14,22.061928
1216511,2,16,5,14,22.380606
1216511,2,16,6,13,20.080778
1216511,2,17,1,12,19.244535
1216511,2,17,2,11,16.83919
1216511,2,17,3,10,18.090652
1216511,2,17,4,6,22.336546
1216511,2,17,5,4,22.462845
1216511,2,17,6,0,15.106678
1216511,2,18,1,0,7.827367
1216514,1,15,1,55,53.38214
1216514,1,15,2,54,49.43573
1216514,1,15,3,52,49.63995
1216514,1,15,4,51,47.44302
1216514,1,15,5,50,40.99475
1216514,1,15,6,49,37.270615
1216514,1,15,7,49,39.851498
1216514,1,16,1,48,39.42694
1216514,1,16,2,42,37.504185
1216514,1,16,3,41,36.38262
1216514,1,16,4,40,33.11854
1216514,1,16,5,40,31.517374
1216514,1,16,6,39,30.090103
1216514,1,17,1,38,31.980951
1216514,1,17,2,32,30.21372
1216514,1,17,3,31,28.520803
1216514,1,17,4,30,26.209394
1216514,1,17,5,30,23.095922
1216514,1,17,6,29,24.2372
1216514,1,18,1,25,20.976616
1216514,1,18,2,24,18.029293
1216514,1,18,3,24,19.532034
1216514,1,18,4,18,18.081566
1216514,1,18,5,16,16.786596
1216514,1,18,6,16,14.619258
1216514,1,19,1,15,11.423909
1216514,1,19,2,14,9.866701
1216514,1,19,3,13,8.997436
1216514,1,19,4,7,8.000738
1216514,1,19,5,1,6.8151593
1216514,1,19,6,1,4.9117894
1216514,1,19,7,0,3.7258067
1216514,2,15,1,40,36.298244
1216514,2,15,2,36,36.949883
1216514,2,15,3,35,36.74337
1216514,2,15,4,35,36.70861
1216514,2,15,5,34,38.33813
1216514,2,15,6,34,42.581223
1216514,2,16,1,34,42.97037
1216514,2,16,2,33,39.820206
1216514,2,16,3,32,37.805668
1216514,2,16,4,31,37.225063
1216514,2,16,5,30,35.496483
1216514,2,16,6,29,32.916843
1216514,2,17,1,27,32.01734
1216514,2,17,2,23,30.383554
1216514,2,17,3,22,27.99143
1216514,2,17,4,21,26.032713
1216514,2,17,5,19,21.745798
1216514,2,17,6,15,20.218508
1216514,2,18,1,11,18.115082
1216514,2,18,2,10,20.150059
1216514,2,18,3,7,16.783615
1216514,2,18,4,7,15.509081
1216514,2,18,5,6,13.29867
1216514,2,18,6,5,11.635045
1216514,2,19,1,4,11.5119
1216517,1,15,1,62,52.659393
1216517,1,15,2,61,49.023037
1216517,1,15,3,60,43.405674
1216517,1,15,4,60,41.09791
1216517,1,15,5,59,37.87833
1216517,1,15,6,59,35.801613
1216517,1,16,1,59,36.3359
1216517,1,16,2,58,33.568584
1216517,1,16,3,57,28.576447
1216517,1,16,4,57,28.778456
1216517,1,16,5,56,29.917723
1216517,1,16,6,56,28.373016
1216517,1,17,1,54,31.493658
1216517,1,17,2,48,31.123434
1216517,1,17,3,42,28.779915
1216517,1,17,4,41,26.885464
1216517,1,17,5,37,25.309423
1216517,1,17,6,33,20.812166
1216517,1,18,1,32,20.548054
1216517,1,18,2,30,18.563238
1216517,1,18,3,28,18.315939
1216517,1,18,4,28,15.636448
1216517,1,18,5,24,13.457876
1216517,1,18,6,24,14.2744875
1216517,1,19,1,20,12.894499
1216517,1,19,2,14,10.399229
1216517,1,19,3,13,10.000035
1216517,1,19,4,12,8.567726
1216517,1,19,5,10,7.80676
1216517,1,19,6,4,5.1776743
1216517,2,15,1,51,47.95058
1216517,2,15,2,49,47.3739
1216517,2,15,3,48,50.227417
1216517,2,15,4,47,45.98997
1216517,2,15,5,47,46.471077
1216517,2,15,6,43,44.193577
1216517,2,15,7,42,45.967793
1216517,2,16,1,36,42.564465
1216517,2,16,2,34,39.504135
1216517,2,16,3,32,42.914543
1216517,2,16,4,28,37.406223
1216517,2,16,5,27,35.298122
1216517,2,16,6,27,29.888123
1216517,2,17,1,26,28.62524
1216517,2,17,2,25,27.037083
1216517,2,17,3,23,23.938284
1216517,2,17,4,23,24.651848
1216517,2,17,5,22,22.789606
1216517,2,17,6,21,22.25577
1216517,2,18,1,21,20.503641
1216517,2,18,2,19,19.395336
1216517,2,18,3,15,17.867926
1216517,2,18,4,14,17.10134
1216517,2,18,5,10,15.607104
1216517,2,18,6,8,13.826282
1216517,2,19,1,8,12.072913
1216517,2,19,2,7,10.88967
1216517,2,19,3,3,10.047572
1216517,2,19,4,2,6.7973046
1216517,2,19,5,2,5.023195
1216517,2,19,6,1,1.9772996
1216518,1,15,1,49,47.211826
1216518,1,15,2,45,46.321095
1216518,1,15,3,44,45.409004
1216518,1,15,4,44,45.817154
1216518,1,15,5,43,44.471943
1216518,1,15,6,41,42.44812
1216518,1,16,1,41,38.13154
1216518,1,16,2,41,38.504234
1216518,1,16,3,39,38.45873
1216518,1,16,4,39,37.418964
1216518,1,16,5,38,33.13396
1216518,1,16,6,37,33.156548
1216518,1,17,1,36,28.29855
1216518,1,17,2,35,26.735123
1216518,1,17,3,34,27.611837
1216518,1,17,4,30,30.962584
1216518,1,17,5,24,28.917782
1216518,1,17,6,20,25.576517
1216518,1,18,1,20,23.033484
1216518,1,18,2,20,22.236025
1216518,1,18,3,19,18.545141
1216518,1,18,4,19,16.08536
1216518,1,18,5,18,12.575944
1216518,1,18,6,16,12.649231
1216518,1,18,7,14,12.94115
1216518,1,19,1,13,11.811565
1216518,1,19,2,9,10.116562
1216518,1,19,3,8,8.838886
1216518,1,19,4,7,6.1273146
1216518,1,19,5,7,4.056639
1216518,1,19,6,6,2.6026504
1216518,1,19,7,6,3.5018382
1216518,2,15,1,38,48.067795
1216518,2,15,2,34,45.521683
1216518,2,15,3,30,43.95484
1216518,2,15,4,26,43.481213
1216518,2,15,5,26,41.948853
1216518,2,15,6,26,40.15104
1216518,2,16,1,25,37.21546
1216518,2,16,2,24,31.920143
1216518,2,16,3,23,27.853046
1216518,2,16,4,22,26.96416
1216518,2,16,5,22,26.857725
1216518,2,16,6,22,29.967443
1216518,2,17,1,16,27.476807
1216518,2,17,2,16,26.763426
1216518,2,17,3,15,26.74844
1216518,2,17,4,13,23.560871
1216518,2,17,5,12,22.538383
1216518,2,17,6,6,20.571655
1216518,2,17,7,5,19.499392
1216518,2,18,1,4,23.285925
1216523,1,15,1,63,51.116066
1216523,1,15,2,61,45.87351
1216523,1,15,3,57,46.722755
1216523,1,15,4,57,46.75581
1216523,1,15,5,53,46.68865
1216523,1,15,6,53,41.722736
1216523,1,16,1,49,41.792927
1216523,1,16,2,48,40.389214
1216523,1,16,3,44,41.838604
1216523,1,16,4,38,36.23979
1216523,1,16,5,34,36.413635
1216523,1,16,6,33,37.223614
1216523,1,17,1,31,33.65088
1216523,1,17,2,29,33.435905
1216523,1,17,3,25,36.453655
1216523,1,17,4,21,28.727314
1216523,1,17,5,20,26.035156
1216523,1,17,6,19,23.534018
1216523,1,18,1,18,22.430868
1216523,1,18,2,14,19.585516
1216523,1,18,3,14,16.055943
1216523,1,18,4,13,14.234852
1216523,1,18,5,12,13.5429
1216523,1,18,6,10,12.225802
1216523,1,18,7,9,11.552702
1216523,1,18,8,9,11.819371
1216523,1,19,1,9,9.431233
1216523,1,19,2,8,7.92941
1216523,1,19,3,4,7.0984917
1216523,1,19,4,3,5.685363
1216523,1,19,5,2,4.0616355
1216523,1,19,6,1,2.3096712
1216523,1,19,7,1,1.70853
1216523,2,15,1,45,29.29846
1216523,2,15,2,43,39.285896
1216523,2,15,3,39,41.823074
1216523,2,15,4,37,38.65004
1216523,2,15,5,36,35.0262
1216523,2,15,6,32,37.479687
1216523,2,16,1,26,30.98117
1216523,2,16,2,25,27.0335
1216523,2,16,3,25,33.566193
1216523,2,16,4,21,24.39703
1216523,2,16,5,21,17.05474
1216523,2,16,6,20,19.686523
1216523,2,17,1,19,17.544193
1216523,2,17,2,18,27.314867
1216523,2,17,3,18,24.525076
1216523,2,17,4,18,23.33488
1216523,2,17,5,18,20.823416
1216523,2,17,6,18,19.053804
1216523,2,18,1,17,14.749124
1216523,2,18,2,15,14.281031
1216523,2,18,3,14,13.008129
1216523,2,18,4,13,11.795168
1216523,2,18,5,13,11.303204
1216523,2,18,6,11,10.536333
1216523,2,19,1,11,10.937835
1216523,2,19,2,9,7.1422534
1216523,2,19,3,9,7.2593513
1216523,2,19,4,5,5.534199
1216523,2,19,5,4,3.907767
1216523,2,19,6,4,2.6649077
1216524,1,15,1,44,50.908382
1216524,1,15,2,43,47.700134
1216524,1,15,3,42,47.362343
1216524,1,15,4,41,45.410774
1216524,1,15,5,40,44.557976
1216524,1,15,6,40,46.312565
1216524,1,15,7,40,45.221977
1216524,1,16,1,38,45.811943
1216524,1,16,2,37,45.585266
1216524,1,16,3,37,40.62083
1216524,1,16,4,33,40.160877
1216524,1,16,5,33,42.2983
1216524,1,16,6,29,34.772903
1216524,1,17,1,23,32.78482
1216524,1,17,2,22,31.265976
1216524,1,17,3,20,28.332523
1216524,1,17,4,19,25.726526
1216524,1,17,5,18,25.609632
1216524,1,17,6,17,24.518398
1216524,1,18,1,17,23.611042
1216524,1,18,2,16,21.207413
1216524,1,18,3,15,19.009626
1216524,1,18,4,14,19.071074
1216524,1,18,5,10,18.20119
1216524,1,18,6,10,16.51579
1216524,1,18,7,10,16.574533
1216524,1,18,8,9,15.373031
1216524,1,19,1,7,15.618487
1216524,1,19,2,7,13.675153
1216524,1,19,3,3,11.375841
1216524,1,19,4,2,8.928158
1216524,1,19,5,2,7.2209992
1216524,1,19,6,2,5.5072923
1216524,2,15,1,35,48.822887
1216524,2,15,2,31,42.771175
1216524,2,15,3,29,43.484
1216524,2,15,4,29,43.095722
1216524,2,15,5,28,41.642956
1216524,2,15,6,28,28.608889
1216524,2,16,1,28,16.010563
1216524,2,16,2,28,15.2092495
1216524,2,16,3,27,18.48082
1216524,2,16,4,27,18.58737
1216524,2,16,5,23,18.77656
1216524,2,16,6,22,18.474127
1216524,2,17,1,21,18.958391
1216524,2,17,2,17,16.968096
1216524,2,17,3,15,16.904613
1216524,2,17,4,9,16.436943
1216524,2,17,5,8,16.232126
1216524,2,17,6,6,11.850603
1216524,2,18,1,6,10.931735
1216524,2,18,2,5,9.449212
1216524,2,18,3,1,12.047245
1216524,2,18,4,1,10.021717
1216524,2,18,5,0,7.764583
1216524,2,18,6,0,1.9250513
1216526,1,15,1,53,51.978325
1216526,1,15,2,53,46.38241
1216526,1,15,3,52,45.7548
1216526,1,15,4,51,40.705315
1216526,1,15,5,49,38.40662
1216526,1,15,6,49,35.311543
1216526,1,16,1,49,36.676678
1216526,1,16,2,45,33.542503
1216526,1,16,3,44,32.21513
1216526,1,16,4,44,32.453167
1216526,1,16,5,40,31.538107
1216526,1,16,6,40,30.752153
1216526,1,17,1,40,29.316107
1216526,1,17,2,38,28.143143
1216526,1,17,3,37,26.624407
1216526,1,17,4,36,23.17167
1216526,1,17,5,35,21.359722
1216526,1,17,6,35,19.782545
1216526,1,18,1,35,15.815244
1216526,1,18,2,34,17.121677
1216526,1,18,3,28,17.462698
1216526,1,18,4,24,13.483702
1216526,1,18,5,23,12.795028
1216526,1,18,6,22,12.283184
1216526,1,19,1,21,11.291525
1216526,1,19,2,17,10.248619
1216526,1,19,3,16,9.603395
1216526,1,19,4,10,8.529597
1216526,1,19,5,8,6.5499144
1216526,1,19,6,6,5.9719324
1216526,2,15,1,23,40.05518
1216526,2,15,2,22,46.43642
1216526,2,15,3,18,41.970707
1216526,2,15,4,18,45.24082
1216526,2,15,5,14,46.60293
1216526,2,15,6,8,41.433773
1216526,2,16,1,8,41.84825
1216526,2,16,2,7,37.307358
1216526,2,16,3,6,34.51205
1216526,2,16,4,5,36.941242
1216526,2,16,5,1,31.768068
1216527,1,15,1,51,46.180923
1216527,1,15,2,50,47.21094
1216527,1,15,3,49,46.28075
1216527,1,15,4,48,43.79199
1216527,1,15,5,47,38.94599
1216527,1,15,6,47,37.586296
1216527,1,15,7,46,39.907543
1216527,1,16,1,45,41.20938
1216527,1,16,2,44,34.761776
1216527,1,16,3,40,33.089138
1216527,1,16,4,40,30.859764
1216527,1,16,5,40,32.856274
1216527,1,16,6,39,31.90687
1216527,1,17,1,38,30.960949
1216527,1,17,2,38,28.746622
1216527,1,17,3,34,31.008377
1216527,1,17,4,30,28.824314
1216527,1,17,5,29,26.360905
1216527,1,17,6,29,23.936722
1216527,1,18,1,29,22.39063
1216527,1,18,2,28,18.34218
1216527,1,18,3,27,19.759659
1216527,1,18,4,27,18.16857
1216527,1,18,5,26,17.21917
1216527,1,18,6,20,15.400238
1216527,1,19,1,18,11.93021
1216527,1,19,2,17,10.663027
1216527,1,19,3,16,10.94167
1216527,1,19,4,10,9.902025
1216527,1,19,5,6,6.201341
1216527,1,19,6,6,2.038095
1216527,1,19,7,6,3.7280676
1216527,2,15,1,86,41.893528
1216527,2,15,2,80,50.76586
1216527,2,15,3,74,45.760677
1216527,2,15,4,74,42.131657
1216527,2,15,5,72,42.35659
1216527,2,15,6,66,42.77685
1216527,2,16,1,65,37.393387
1216527,2,16,2,65,39.00949
1216527,2,16,3,64,36.304237
1216527,2,16,4,62,35.25957
1216527,2,16,5,61,36.591038
1216527,2,16,6,57,34.90015
1216527,2,17,1,53,32.830063
1216527,2,17,2,47,31.327393
1216527,2,17,3,41,28.15865
1216527,2,17,4,35,28.69928
1216527,2,17,5,29,26.179981
1216527,2,17,6,29,24.141235
1216527,2,18,1,23,23.781723
1216527,2,18,2,23,21.692095
1216527,2,18,3,17,16.906288
1216527,2,18,4,11,16.863369
1216527,2,18,5,10,13.376631
1216527,2,18,6,4,13.99421
1216527,2,19,1,4,13.993098
1216527,2,19,2,4,10.843546
1216527,2,19,3,4,9.090024
1216539,1,15,1,51,39.16817
1216539,1,15,2,47,41.32002
1216539,1,15,3,46,40.730618
1216539,1,15,4,44,39.50254
1216539,1,15,5,43,37.73713
1216539,1,15,6,42,37.716187
1216539,1,16,1,41,35.343704
1216539,1,16,2,40,32.651196
1216539,1,16,3,39,32.808197
1216539,1,16,4,37,31.947304
1216539,1,16,5,33,32.865536
1216539,1,16,6,31,29.222723
1216539,1,17,1,29,30.155666
1216539,1,17,2,29,30.112267
1216539,1,17,3,28,25.593203
1216539,1,17,4,24,22.981283
1216539,1,17,5,23,22.535355
1216539,1,17,6,22,22.204653
1216539,1,17,7,18,21.91773
1216539,1,18,1,18,19.465948
1216539,1,18,2,18,17.835361
1216539,1,18,3,18,16.969889
1216539,1,18,4,17,15.276786
1216539,1,18,5,16,10.7479925
1216539,1,18,6,14,15.203106
1216539,1,19,1,14,12.543908
1216539,1,19,2,14,11.63941
1216539,1,19,3,10,9.705135
1216539,1,19,4,9,6.8841214
1216539,1,19,5,5,6.4016795
1216539,1,19,6,1,4.585619
1216539,2,15,1,36,41.132706
1216539,2,15,2,35,39.775364
1216539,2,15,3,34,39.883812
1216539,2,15,4,33,47.83661
1216539,2,15,5,33,43.8358
1216539,2,15,6,33,37.30149
1216539,2,16,1,30,36.987194
1216539,2,16,2,26,36.04383
1216539,2,16,3,26,33.72601
1216539,2,16,4,26,32.861412
1216539,2,16,5,22,32.42825
1216539,2,16,6,21,30.48222
1216539,2,17,1,20,28.053572
1216539,2,17,2,18,26.142456
1216539,2,17,3,18,26.635607
1216539,2,17,4,16,24.491423
1216539,2,17,5,12,23.201902
1216539,2,17,6,11,22.765858
1216539,2,18,1,10,19.832378
1216539,2,18,2,9,17.875818
1216539,2,18,3,8,15.763997
1216539,2,18,4,8,12.899131
1216539,2,18,5,7,11.642105
1216539,2,18,6,6,9.755161
1216539,2,18,7,5,9.4347
1216539,2,18,8,5,8.0378065
1216539,2,19,1,4,8.5164585
1216539,2,19,2,2,6.6274877
1216539,2,19,3,1,5.307034
1216539,2,19,4,1,3.4412794
1216539,2,19,5,1,2.8345687
1216539,2,19,6,0,0.32715917
1216542,1,15,1,41,37.14914
1216542,1,15,2,41,34.41198
1216542,1,15,3,41,34.097813
1216542,1,15,4,41,31.215433
1216542,1,15,5,41,31.578413
1216542,1,15,6,40,28.784098
1216542,1,16,1,40,34.098328
1216542,1,16,2,40,35.033295
1216542,1,16,3,40,31.809175
1216542,1,16,4,40,32.1764
1216542,1,16,5,37,31.622156
1216542,1,16,6,37,30.119713
1216542,1,17,1,36,31.401999
1216542,1,17,2,32,30.932941
1216542,1,17,3,31,28.999575
1216542,1,17,4,30,26.410206
1216542,1,17,5,28,24.170609
1216542,1,17,6,28,22.955673
1216542,1,18,1,26,20.231394
1216542,1,18,2,26,18.31084
1216542,1,18,3,25,18.00031
1216542,1,18,4,19,16.139753
1216542,1,18,5,19,15.865263
1216542,1,18,6,15,13.112762
1216542,1,19,1,14,12.289401
1216542,1,19,2,13,10.771879
1216542,1,19,3,9,9.057472
1216542,1,19,4,3,7.2068357
1216542,1,19,5,2,5.7507257
1216542,1,19,6,2,4.1734424
1216542,2,15,1,6,18.92972
1216542,2,15,2,6,19.120678
1216542,2,15,3,6,21.041082
1216542,2,15,4,2,20.193766
1216542,2,15,5,2,14.867569
1216542,2,15,6,1,13.359258
1216542,2,16,1,1,17.130703
1216542,2,16,2,0,5.2069488
1216542,2,16,3,0,7.565592
1216542,2,16,4,0,7.921988
1216542,2,16,5,0,3.3832188
1216543,1,15,1,32,54.585384
1216543,1,15,2,31,48.78579
1216543,1,15,3,31,47.45163
1216543,1,15,4,30,47.887333
1216543,1,15,5,30,46.605946
1216543,1,15,6,29,41.319393
1216543,1,16,1,29,36.644886
1216543,1,16,2,29,38.036354
1216543,1,16,3,27,36.1051
1216543,1,16,4,26,36.082767
1216543,1,16,5,25,34.911537
1216543,1,16,6,19,35.195038
1216543,1,17,1,18,32.185604
1216543,1,17,2,18,29.498241
1216543,1,17,3,17,27.666656
1216543,1,17,4,17,25.343992
1216543,1,17,5,15,24.680227
1216543,1,17,6,14,22.336243
1216543,1,18,1,13,20.620125
1216543,1,18,2,12,19.467524
1216543,1,18,3,11,18.148201
1216543,1,18,4,10,15.723892
1216543,1,18,5,9,14.256758
1216543,1,18,6,8,12.305511
1216543,1,19,1,8,12.271408
1216543,1,19,2,7,9.985191
1216543,1,19,3,5,8.150807
1216543,1,19,4,4,5.5433416
1216543,1,19,5,4,3.7873962
1216543,1,19,6,0,1.0004903
1216543,2,15,1,25,47.35827
1216543,2,15,2,24,45.649982
1216543,2,15,3,24,44.487656
1216543,2,15,4,24,41.39963
1216543,2,15,5,24,35.332504
1216543,2,15,6,24,34.473484
1216543,2,16,1,23,34.338146
1216543,2,16,2,22,34.203686
1216543,2,16,3,22,35.05731
1216543,2,16,4,20,35.728226
1216543,2,16,5,19,34.78879
1216543,2,16,6,15,31.598755
1216543,2,17,1,15,30.058102
1216543,2,17,2,14,29.864916
1216543,2,17,3,13,25.991879
1216543,2,17,4,13,24.35333
1216543,2,17,5,12,22.290474
1216543,2,17,6,12,21.723513
1216543,2,18,1,11,18.081987
1216543,2,18,2,10,17.020275
1216543,2,18,3,10,15.104481
1216543,2,18,4,10,12.437669
1216543,2,18,5,10,11.349052
1216543,2,18,6,9,11.032907
1216543,2,19,1,8,9.209521
1216543,2,19,2,7,7.4652147
1216543,2,19,3,6,5.433527
1216543,2,19,4,5,3.832011
1216543,2,19,5,5,2.4721444
1216543,2,19,6,4,1.9454262
1216543,2,19,7,0,1.6124594
1254058,1,15,1,31,46.365814
1254058,1,15,2,31,48.128082
1254058,1,15,3,30,42.348007
1254058,1,15,4,28,44.79226
1254058,1,15,5,24,40.96168
1254058,1,15,6,24,41.683174
1254058,1,16,1,24,39.114315
1254058,1,16,2,23,39.825314
1254058,1,16,3,19,36.697197
1254058,1,16,4,18,35.371056
1254058,1,16,5,18,33.38753
1254058,1,16,6,18,31.43994
1254058,1,16,7,17,32.10417
1254058,1,17,1,17,30.418732
1254058,1,17,2,17,29.353682
1254058,1,17,3,16,27.376749
1254058,1,17,4,14,22.947739
1254058,1,17,5,14,23.422537
1254058,1,17,6,14,22.92362
1254058,1,18,1,13,20.001045
1254058,1,18,2,12,18.06401
1254058,1,18,3,11,17.412611
1254058,1,18,4,6,16.73153
1254058,1,18,5,6,15.115173
1254058,1,18,6,5,13.726459
1254058,1,18,7,1,13.294877
1254058,1,19,1,1,10.737677
1254058,1,19,2,1,7.6565967
1254058,1,19,3,1,6.2500052
1254058,1,19,4,1,3.9471233
1254058,1,19,5,1,2.4320672
1254058,1,19,6,1,0.54486567
1254058,2,15,1,54,41.58239
1254058,2,15,2,50,40.87456
1254058,2,15,3,44,39.853912
1254058,2,15,4,43,40.79172
1254058,2,15,5,42,37.31639
1254058,2,15,6,40,37.91045
1254058,2,16,1,39,40.75225
1254058,2,16,2,38,39.019333
1254058,2,16,3,38,31.22115
1254058,2,16,4,38,30.212914
1254058,2,16,5,38,28.534101
1254058,2,16,6,35,28.336832
1254058,2,17,1,34,30.537169
1254058,2,17,2,28,28.645164
1254058,2,17,3,27,27.645943
1254058,2,17,4,26,25.601265
1254058,2,17,5,22,23.166311
1254058,2,17,6,20,21.583027
1254058,2,18,1,19,19.998516
1254058,2,18,2,15,19.262619
1254058,2,18,3,13,18.751852
1254058,2,18,4,9,16.684269
1254058,2,18,5,8,14.4861765
1254058,2,18,6,8,12.814726
1254058,2,19,1,7,9.144366
1254058,2,19,2,6,7.967795
1254058,2,19,3,4,6.1540084
1254058,2,19,4,3,4.2362075
1254058,2,19,5,2,2.9581573
1254058,2,19,6,1,1.2513803
1254059,1,15,1,52,42.98942
1254059,1,15,2,51,39.534943
1254059,1,15,3,51,34.182255
1254059,1,15,4,51,31.701416
1254059,1,15,5,47,34.448963
1254059,1,15,6,46,35.633327
1254059,1,16,1,45,37.296223
1254059,1,16,2,44,38.954247
1254059,1,16,3,43,37.149456
1254059,1,16,4,43,34.77818
1254059,1,16,5,42,31.317598
1254059,1,16,6,42,30.155636
1254059,1,17,1,38,29.825306
1254059,1,17,2,37,26.153006
1254059,1,17,3,37,26.29827
1254059,1,17,4,36,23.873472
1254059,1,17,5,35,22.651491
1254059,1,17,6,34,20.313137
1254059,1,18,1,33,19.960648
1254059,1,18,2,29,18.760773
1254059,1,18,3,28,16.506662
1254059,1,18,4,27,20.286806
1254059,1,18,5,21,17.647844
1254059,1,18,6,15,13.289428
1254059,1,18,7,11,13.439785
1254059,1,19,1,10,11.257846
1254059,1,19,2,6,11.444571
1254059,1,19,3,5,10.116506
1254059,1,19,4,3,8.348867
1254059,1,19,5,1,5.298634
1254059,1,19,6,0,1.3997047
1254059,2,15,1,39,55.90732
1254059,2,15,2,39,53.1349
1254059,2,15,3,38,45.86026
1254059,2,15,4,34,37.21862
1254059,2,15,5,34,32.584194
1254059,2,15,6,33,30.815454
1254059,2,15,7,32,27.454702
1254059,2,16,1,32,41.831543
1254059,2,16,2,28,37.20629
1254059,2,16,3,24,35.774647
1254059,2,16,4,23,36.98752
1254059,2,16,5,23,36.551003
1254059,2,16,6,23,36.239822
1254059,2,16,7,19,35.35971
1254059,2,16,8,18,39.870796
1254059,2,17,1,18,33.346043
1254059,2,17,2,17,34.232006
1254059,2,17,3,16,30.354559
1254059,2,17,4,14,29.41647
1254059,2,17,5,13,25.490284
1254059,2,17,6,9,22.651741
1254059,2,18,1,8,23.002665
1254059,2,18,2,4,20.498575
1254059,2,18,3,4,20.189566
1254059,2,18,4,4,19.742159
1254069,1,15,1,61,45.33713
1254069,1,15,2,59,45.735065
1254069,1,15,3,57,44.606197
1254069,1,15,4,57,42.03887
1254069,1,15,5,56,38.307693
1254069,1,15,6,55,41.045216
1254069,1,16,1,55,37.75167
1254069,1,16,2,54,33.96459
1254069,1,16,3,53,32.676144
1254069,1,16,4,52,31.179937
1254069,1,16,5,48,32.701813
1254069,1,16,6,46,33.68205
1254069,1,17,1,45,30.595325
1254069,1,17,2,41,28.89079
1254069,1,17,3,41,26.169487
1254069,1,17,4,39,24.25355
1254069,1,17,5,33,22.947393
1254069,1,17,6,31,21.081062
1254069,1,18,1,30,18.549534
1254069,1,18,2,29,19.278698
1254069,1,18,3,25,14.848914
1254069,1,18,4,25,13.176483
1254069,1,18,5,21,12.984143
1254069,1,18,6,17,11.10819
1254069,1,18,7,16,10.891879
1254069,1,18,8,15,10.879061
1254069,1,19,1,15,8.2763605
1254069,1,19,2,14,6.548425
1254069,1,19,3,12,5.3026
1254069,1,19,4,10,4.3472805
1254069,1,19,5,8,2.4136045
1254069,1,19,6,8,1.469396
1254069,1,19,7,6,1.7309703
1254069,2,15,1,46,36.88708
1254069,2,15,2,45,35.94524
1254069,2,15,3,44,34.97635
1254069,2,15,4,43,33.379635
1254069,2,15,5,42,29.69948
1254069,2,15,6,40,31.978111
1254069,2,15,7,38,33.23426
1254069,2,16,1,38,37.116276
1254069,2,16,2,38,39.34381
1254069,2,16,3,37,38.352715
1254069,2,16,4,36,37.140957
1254069,2,16,5,35,32.033146
1254069,2,16,6,35,33.228455
1254069,2,17,1,34,27.842129
1254069,2,17,2,34,26.462856
1254069,2,17,3,28,24.110222
1254069,2,17,4,27,21.084312
1254069,2,17,5,26,21.053776
1254069,2,17,6,22,19.433956
1254069,2,18,1,21,19.183008
1254069,2,18,2,20,15.889361
1254069,2,18,3,18,17.368063
1254069,2,18,4,12,19.342607
1254069,2,18,5,6,17.153263
1254069,2,18,6,6,10.459419
1254069,2,19,1,6,10.209764
1254069,2,19,2,2,7.646241
1254069,2,19,3,1,7.046182
1254069,2,19,4,0,4.9121666
1254069,2,19,5,0,2.8590002
1254069,2,19,6,0,1.2700512
1254069,2,19,7,0,0.262019
1254069,2,19,8,0,-0.08515493
1254073,1,15,1,49,49.528614
1254073,1,15,2,48,44.237877
1254073,1,15,3,44,44.415527
1254073,1,15,4,44,44.437195
1254073,1,15,5,43,39.40979
1254073,1,15,6,42,37.3968
1254073,1,16,1,41,35.972916
1254073,1,16,2,40,33.65071
1254073,1,16,3,39,32.221306
1254073,1,16,4,38,30.403217
1254073,1,16,5,37,28.338497
1254073,1,16,6,36,27.95482
1254073,1,16,7,36,26.806623
1254073,1,17,1,32,25.555391
1254073,1,17,2,31,24.062506
1254073,1,17,3,31,24.542692
1254073,1,17,4,29,22.794113
1254073,1,17,5,28,20.446262
1254073,1,17,6,27,19.649994
1254073,1,17,7,26,20.308445
1254073,1,17,8,26,22.54688
1254073,1,18,1,20,18.216677
1254073,1,18,2,20,16.935677
1254073,1,18,3,19,16.310726
1254073,1,18,4,19,15.113243
1254073,1,18,5,13,14.3921995
1254073,1,18,6,11,13.490752
1254073,1,18,7,7,11.144237
1254073,1,19,1,7,8.338997
1254073,1,19,2,7,5.858678
1254073,1,19,3,7,5.1904283
1254073,1,19,4,7,3.4244013
1254073,1,19,5,1,2.445584
1254073,1,19,6,1,0.59360707
1254073,2,15,1,19,49.255775
1254073,2,15,2,18,46.384007
1254073,2,15,3,14,45.30635
1254073,2,15,4,13,41.83114
1254073,2,15,5,12,47.378643
1254073,2,15,6,11,45.019836
1254073,2,16,1,11,40.925766
1254073,2,16,2,7,39.281
1254073,2,16,3,6,36.308765
1254073,2,16,4,5,38.213306
1254085,1,15,1,74,62.48524
1254085,1,15,2,70,56.165737
1254085,1,15,3,69,56.26353
1254085,1,15,4,65,54.413406
1254085,1,15,5,63,47.59622
1254085,1,15,6,62,51.938
1254085,1,16,1,61,43.611187
1254085,1,16,2,61,38.880238
1254085,1,16,3,60,30.826239
1254085,1,16,4,59,32.994194
1254085,1,16,5,55,29.85117
1254085,1,16,6,53,34.742836
1254085,1,16,7,53,35.602074
1254085,1,16,8,49,35.763348
1254085,1,17,1,48,33.132507
1254085,1,17,2,47,33.34334
1254085,1,17,3,46,30.169855
1254085,1,17,4,45,26.132118
1254085,1,17,5,44,25.429214
1254085,1,17,6,38,24.01445
1254085,1,17,7,36,24.303776
1254085,1,18,1,35,22.964344
1254085,1,18,2,34,23.369194
1254085,1,18,3,28,20.098429
1254085,1,18,4,28,18.391027
1254085,1,18,5,24,17.85341
1254085,1,18,6,17,17.26632
1254085,1,18,7,11,15.932851
1254085,1,19,1,11,13.853596
1254085,1,19,2,10,11.738407
1254085,1,19,3,10,9.766666
1254085,1,19,4,9,7.340931
1254085,1,19,5,7,5.8046994
1254085,1,19,6,6,4.230051
1254085,2,15,1,36,48.177216
1254085,2,15,2,30,47.661636
1254085,2,15,3,29,51.233345
1254085,2,15,4,27,48.081177
1254085,2,15,5,27,43.439106
1254085,2,15,6,27,47.07438
1254085,2,15,7,26,47.86441
1254085,2,16,1,25,38.505333
1254085,2,16,2,24,34.86048
1254085,2,16,3,23,31.985338
1254085,2,16,4,23,29.930937
1254085,2,16,5,23,27.880114
1254085,2,16,6,23,28.039948
1254085,2,16,7,23,21.050718
1254085,2,17,1,23,23.41683
1254085,2,17,2,22,22.962158
1254085,2,17,3,22,19.733545
1254085,2,17,4,22,17.400988
1254085,2,17,5,21,15.570852
1254085,2,17,6,20,15.979928
1254085,2,17,7,20,16.982252
1254085,2,18,1,16,14.736396
1254085,2,18,2,15,15.701582
1254085,2,18,3,14,14.304653
1254085,2,18,4,13,13.22987
1254085,2,18,5,12,12.21478
1254085,2,18,6,8,10.780482
1254085,2,19,1,7,8.087541
1254085,2,19,2,7,8.388964
1254085,2,19,3,7,6.4771857
1254085,2,19,4,3,4.828886
1254085,2,19,5,2,3.5121155
1254085,2,19,6,1,2.2940285
1254089,1,15,1,73,45.630253
1254089,1,15,2,72,47.487625
1254089,1,15,3,71,47.60151
1254089,1,15,4,67,45.63996
1254089,1,15,5,63,43.262413
1254089,1,15,6,57,41.569298
1254089,1,16,1,56,40.15675
1254089,1,16,2,55,38.568146
1254089,1,16,3,55,37.73209
1254089,1,16,4,55,34.233906
1254089,1,16,5,54,28.657885
1254089,1,16,6,53,30.898214
1254089,1,16,7,49,30.45897
1254089,1,17,1,48,32.524567
1254089,1,17,2,42,30.97533
1254089,1,17,3,41,29.254408
1254089,1,17,4,41,27.879192
1254089,1,17,5,39,24.809238
1254089,1,17,6,35,23.044611
1254089,1,18,1,34,20.787422
1254089,1,18,2,32,19.536459
1254089,1,18,3,31,19.035276
1254089,1,18,4,29,18.500595
1254089,1,18,5,25,15.133483
1254089,1,18,6,25,13.5771475
1254089,1,18,7,24,11.9399605
1254089,1,19,1,22,12.243388
1254089,1,19,2,18,10.912607
1254089,1,19,3,12,9.43077
1254089,1,19,4,11,8.363723
1254089,1,19,5,7,6.3843145
1254089,1,19,6,6,4.2801924
1254089,1,19,7,6,3.1873388
1254089,2,15,1,25,48.31663
1254089,2,15,2,21,44.92717
1254089,2,15,3,21,40.366165
1254089,2,15,4,20,42.632736
1254089,2,15,5,20,43.191177
1254089,2,15,6,20,43.977467
1254089,2,16,1,20,36.894753
1254089,2,16,2,19,36.99395
1254089,2,16,3,18,36.979855
1254089,2,16,4,14,35.039066
1254089,2,16,5,12,34.978535
1254089,2,16,6,11,34.108627
1254089,2,16,7,10,33.844765
1254089,2,17,1,4,33.170918
1254089,2,17,2,2,32.331253
1254089,2,17,3,1,30.126175
1254094,1,15,1,52,41.279892
1254094,1,15,2,51,43.255836
1254094,1,15,3,51,41.633247
1254094,1,15,4,49,37.645435
1254094,1,15,5,49,36.753765
1254094,1,15,6,48,36.01594
1254094,1,16,1,48,37.357998
1254094,1,16,2,47,34.618496
1254094,1,16,3,46,31.94204
1254094,1,16,4,45,32.678513
1254094,1,16,5,41,29.773094
1254094,1,16,6,41,28.485638
1254094,1,16,7,39,29.203691
1254094,1,17,1,38,29.075224
1254094,1,17,2,37,27.07705
1254094,1,17,3,36,22.61782
1254094,1,17,4,35,21.845842
1254094,1,17,5,34,19.813425
1254094,1,17,6,30,17.902355
1254094,1,18,1,26,18.154373
1254094,1,18,2,25,16.476887
1254094,1,18,3,25,15.396763
1254094,1,18,4,24,13.350417
1254094,1,18,5,23,11.746086
1254094,1,18,6,17,9.721347
1254094,1,19,1,16,11.087491
1254094,1,19,2,12,11.528326
1254094,1,19,3,6,9.414512
1254094,1,19,4,6,9.360417
1254094,1,19,5,5,6.166605
1254094,1,19,6,4,4.1916547
1254094,1,19,7,0,4.1871057
1254108,1,15,1,46,36.52263
1254108,1,15,2,45,37.57186
1254108,1,15,3,44,42.43305
1254108,1,15,4,40,48.702312
1254108,1,15,5,39,43.20653
1254108,1,15,6,39,39.58808
1254108,1,16,1,39,38.388725
1254108,1,16,2,39,38.608593
1254108,1,16,3,33,36.98279
1254108,1,16,4,32,35.469837
1254108,1,16,5,31,33.596863
1254108,1,16,6,30,31.474323
1254108,1,16,7,26,32.440754
1254108,1,17,1,26,28.473522
1254108,1,17,2,20,28.65023
1254108,1,17,3,16,27.33497
1254108,1,17,4,16,30.580626
1254108,1,17,5,12,27.09485
1254108,1,17,6,10,29.240065
1254108,1,18,1,9,23.789936
1254108,1,18,2,5,22.323805
1254108,1,18,3,4,21.04156
1254108,1,18,4,4,16.450888
1254108,1,18,5,4,12.717207
1254108,1,18,6,4,10.926205
1254108,1,18,7,3,9.992618
1254108,1,19,1,3,8.616352
1254108,1,19,2,3,6.9965
1254108,1,19,3,3,5.997789
1254108,1,19,4,2,4.01474
1254108,1,19,5,2,2.538749
1254108,1,19,6,1,1.1746211
1254108,2,15,1,12,47.394855
1254108,2,15,2,12,41.845345
1254108,2,15,3,10,40.967644
1254108,2,15,4,9,39.800083
1254108,2,15,5,8,38.366447
1254108,2,15,6,7,37.637035
1254108,2,16,1,6,32.55587
1254108,2,16,2,5,32.440174
1254108,2,16,3,5,29.646116
1254108,2,16,4,5,16.353851
1254108,2,16,5,5,15.38768
1254108,2,16,6,5,19.202358
1254108,2,16,7,1,20.859526
1254108,2,17,1,0,16.163267
1254108,2,17,2,0,16.359451
1254108,2,17,3,0,8.728942
1254108,2,17,4,0,8.262425
1254108,2,17,5,0,8.563115
1254108,2,17,6,0,8.239583
1254108,2,18,1,0,0.4667339
1254110,1,15,1,43,40.55867
1254110,1,15,2,42,39.25595
1254110,1,15,3,41,37.700348
1254110,1,15,4,40,34.100777
1254110,1,15,5,39,32.153233
1254110,1,15,6,38,31.369604
1254110,1,16,1,37,33.53046
1254110,1,16,2,37,32.203766
1254110,1,16,3,37,30.98572
1254110,1,16,4,33,28.706656
1254110,1,16,5,33,26.486273
1254110,1,16,6,32,29.38817
1254110,1,17,1,32,27.205227
1254110,1,17,2,32,27.397549
1254110,1,17,3,28,21.796926
1254110,1,17,4,28,20.248154
1254110,1,17,5,27,23.523771
1254110,1,17,6,21,21.91323
1254110,1,17,7,19,22.188034
1254110,1,18,1,18,21.594595
1254110,1,18,2,18,19.805426
1254110,1,18,3,12,18.178263
1254110,1,18,4,11,16.31199
1254110,1,18,5,10,14.705009
1254110,1,18,6,8,14.54588
1254110,1,19,1,4,12.295226
1254110,1,19,2,4,9.038227
1254110,1,19,3,3,7.1421866
1254110,1,19,4,2,5.8096714
1254110,1,19,5,1,4.0045857
1254110,1,19,6,1,0.93996674
1254110,2,15,1,40,37.274532
1254110,2,15,2,40,38.871777
1254110,2,15,3,38,38.386944
1254110,2,15,4,37,37.09867
1254110,2,15,5,36,36.736828
1254110,2,15,6,36,35.827244
1254110,2,16,1,35,33.57738
1254110,2,16,2,34,32.02006
1254110,2,16,3,33,31.355312
1254110,2,16,4,32,29.72074
1254110,2,16,5,32,28.426682
1254110,2,16,6,31,26.886894
1254110,2,17,1,30,23.188158
1254110,2,17,2,29,21.649698
1254110,2,17,3,29,24.054535
1254110,2,17,4,25,23.99701
1254110,2,17,5,24,23.010328
1254110,2,17,6,20,21.603563
1254110,2,17,7,19,20.694239
1254110,2,17,8,19,20.883877
1254110,2,18,1,18,17.90099
1254110,2,18,2,18,15.868379
1254110,2,18,3,17,11.784257
1254110,2,18,4,17,15.564604
1254110,2,18,5,11,13.810973
1254110,2,18,6,9,12.485966
1254110,2,19,1,8,10.026345
1254110,2,19,2,6,9.745845
1254110,2,19,3,4,8.336935
1254110,2,19,4,4,4.1836247
1254110,2,19,5,4,3.59756
1254114,1,15,1,58,46.378654
1254114,1,15,2,57,52.637947
1254114,1,15,3,56,50.025295
1254114,1,15,4,50,48.91294
1254114,1,15,5,48,50.20547
1254114,1,15,6,47,47.140575
1254114,1,15,7,46,46.28046
1254114,1,15,8,45,47.28507
1254114,1,16,1,44,43.222553
1254114,1,16,2,43,39.258408
1254114,1,16,3,39,37.82025
1254114,1,16,4,38,35.40328
1254114,1,16,5,37,33.96748
1254114,1,16,6,36,32.71258
1254114,1,16,7,35,38.201332
1254114,1,17,1,31,31.098894
1254114,1,17,2,27,31.298738
1254114,1,17,3,26,31.720432
1254114,1,17,4,22,29.788908
1254114,1,17,5,22,27.145618
1254114,1,17,6,20,24.046295
1254114,1,18,1,19,21.269213
1254114,1,18,2,18,21.145847
1254114,1,18,3,12,20.658365
1254114,1,18,4,11,17.701283
1254114,1,18,5,9,14.803642
1254114,1,18,6,9,13.245301
1254114,1,18,7,8,12.888711
1254114,1,19,1,8,10.508017
1254114,1,19,2,8,7.708727
1254114,1,19,3,8,6.0135775
1254114,1,19,4,8,5.345676
1254114,1,19,5,4,3.9161448
1254114,1,19,6,2,1.7615132
1254114,2,15,1,52,47.5555
1254114,2,15,2,51,43.216805
1254114,2,15,3,50,44.092033
1254114,2,15,4,50,42.77519
1254114,2,15,5,48,37.627697
1254114,2,15,6,44,39.95156
1254114,2,16,1,44,38.76117
1254114,2,16,2,43,38.1478
1254114,2,16,3,42,36.440723
1254114,2,16,4,41,33.964657
1254114,2,16,5,40,33.343822
1254114,2,16,6,36,33.528267
1254114,2,17,1,35,32.613678
1254114,2,17,2,31,30.637756
1254114,2,17,3,31,29.424086
1254114,2,17,4,30,26.972013
1254114,2,17,5,29,27.63086
1254114,2,17,6,25,26.13375
1254114,2,18,1,24,20.631718
1254114,2,18,2,24,18.511549
1254114,2,18,3,20,17.099566
1254114,2,18,4,19,14.87199
1254114,2,18,5,19,15.130378
1254114,2,18,6,13,13.900988
1254114,2,19,1,13,11.8083
1254114,2,19,2,13,9.470322
1254114,2,19,3,9,7.999434
1254114,2,19,4,5,6.2983685
1254114,2,19,5,4,5.3342423
1254117,1,15,1,61,46.708927
1254117,1,15,2,57,47.371124
1254117,1,15,3,55,45.35705
1254117,1,15,4,55,44.58285
1254117,1,15,5,54,44.636173
1254117,1,15,6,54,43.9293
1254117,1,16,1,53,38.74528
1254117,1,16,2,47,34.55435
1254117,1,16,3,47,34.260674
1254117,1,16,4,46,31.34442
1254117,1,16,5,46,31.886238
1254117,1,16,6,45,32.039257
1254117,1,17,1,39,30.617514
1254117,1,17,2,38,29.273373
1254117,1,17,3,36,26.604218
1254117,1,17,4,32,24.921686
1254117,1,17,5,31,23.555265
1254117,1,17,6,30,22.475922
1254117,1,17,7,24,24.847176
1254117,1,18,1,20,23.485718
1254117,1,18,2,20,22.944902
1254117,1,18,3,16,21.578058
1254117,1,18,4,15,19.61573
1254117,1,18,5,14,16.734768
1254117,1,18,6,8,15.487278
1254117,1,19,1,7,12.658231
1254117,1,19,2,6,9.488735
1254117,1,19,3,4,7.880319
1254117,1,19,4,3,5.6531014
1254117,1,19,5,2,3.7212708
1254117,1,19,6,0,3.4319627
1254117,2,15,1,45,42.524963
1254117,2,15,2,44,40.990074
1254117,2,15,3,44,41.495365
1254117,2,15,4,42,32.391727
1254117,2,15,5,42,32.004566
1254117,2,15,6,42,31.321392
1254117,2,16,1,40,33.210228
1254117,2,16,2,40,32.47043
1254117,2,16,3,40,25.556963
1254117,2,16,4,40,26.487806
1254117,2,16,5,39,23.85179
1254117,2,16,6,38,21.84289
1254117,2,17,1,38,18.639545
1254117,2,17,2,37,16.937897
1254117,2,17,3,37,20.270782
1254117,2,17,4,33,22.894716
1254117,2,17,5,27,21.556244
1254117,2,17,6,21,18.336246
1254117,2,18,1,20,16.687466
1254117,2,18,2,20,15.338486
1254117,2,18,3,19,15.060147
1254117,2,18,4,18,13.5280485
1254117,2,18,5,18,12.352628
1254117,2,18,6,13,11.358488
1254117,2,18,7,12,11.196858
1254117,2,18,8,11,10.929724
1254117,2,18,9,9,12.726417
1254117,2,18,10,3,14.7665825
1254117,2,19,1,3,8.92987
1254117,2,19,2,3,7.9944024
1254117,2,19,3,2,6.875729
1254117,2,19,4,1,5.1014113
1254117,2,19,5,1,2.1890156
1254117,2,19,6,1,0.9288489
1304053,1,15,1,63,56.99215
1304053,1,15,2,62,53.055008
1304053,1,15,3,58,50.689583
1304053,1,15,4,57,46.47798
1304053,1,15,5,51,36.02758
1304053,1,15,6,50,37.831554
1304053,1,16,1,48,51.532112
1304053,1,16,2,44,38.510036
1304053,1,16,3,44,38.412212
1304053,1,16,4,43,36.16615
1304053,1,16,5,42,36.435314
1304053,1,16,6,42,33.246372
1304053,1,17,1,38,31.777359
1304053,1,17,2,37,29.49523
1304053,1,17,3,33,28.521118
1304053,1,17,4,31,26.775934
1304053,1,17,5,30,27.058842
1304053,1,17,6,24,24.697071
1304053,1,18,1,22,24.169235
1304053,1,18,2,21,19.710817
1304053,1,18,3,21,21.367062
1304053,1,18,4,15,19.582035
1304053,1,18,5,11,16.61145
1304053,1,18,6,11,14.375605
1304053,1,19,1,11,11.189488
1304053,1,19,2,7,9.220652
1304053,1,19,3,7,5.6579103
1304053,1,19,4,7,4.5456214
1304053,1,19,5,6,2.4126673
1304053,1,19,6,4,1.6563925
1304053,2,15,1,67,46.503365
1304053,2,15,2,66,44.994267
1304053,2,15,3,65,45.638935
1304053,2,15,4,61,43.79957
1304053,2,15,5,60,41.16063
1304053,2,15,6,56,41.04268
1304053,2,16,1,55,37.85695
1304053,2,16,2,55,36.664436
1304053,2,16,3,54,34.422028
1304053,2,16,4,53,31.625895
1304053,2,16,5,53,30.907888
1304053,2,16,6,52,31.240532
1304053,2,16,7,46,31.445877
1304053,2,17,1,46,30.699524
1304053,2,17,2,40,31.110924
1304053,2,17,3,40,28.943037
1304053,2,17,4,39,27.03528
1304053,2,17,5,37,23.025599
1304053,2,17,6,37,22.302021
1304053,2,17,7,35,21.546778
1304053,2,18,1,34,20.455658
1304053,2,18,2,28,19.170357
1304053,2,18,3,27,17.144867
1304053,2,18,4,26,15.676371
1304053,2,18,5,25,14.417593
1304053,2,18,6,23,13.580174
1304053,2,18,7,19,15.069081
1304053,2,18,8,15,13.856588
1304053,2,19,1,9,12.140106
1304053,2,19,2,8,10.45857
1304053,2,19,3,7,13.480104
1304053,2,19,4,1,7.460722
1304053,2,19,5,1,5.472173
1304054,1,15,1,35,17.907236
1304054,1,15,2,34,17.148739
1304054,1,15,3,34,17.584702
1304054,1,15,4,34,15.140994
1304054,1,15,5,34,15.069391
1304054,1,15,6,34,16.486645
1304054,1,16,1,33,15.901898
1304054,1,16,2,29,16.998562
1304054,1,16,3,25,11.309505
1304054,1,16,4,19,22.89048
1304054,1,16,5,18,22.189222
1304054,1,16,6,17,21.041767
1304054,1,16,7,17,21.432322
1304054,1,17,1,17,19.314112
1304054,1,17,2,13,19.245026
1304054,1,17,3,9,19.573877
1304054,1,17,4,8,18.549149
1304054,1,17,5,8,17.59996
1304054,1,17,6,7,18.42673
1304054,1,17,7,7,18.384586
1304054,1,17,8,6,19.647865
1304054,1,18,1,0,14.703085
1304054,1,18,2,0,5.1303167
1304061,1,15,1,50,48.484135
1304061,1,15,2,49,49.679962
1304061,1,15,3,45,53.416462
1304061,1,15,4,39,51.885567
1304061,1,15,5,39,52.346375
1304061,1,15,6,38,49.259212
1304061,1,15,7,38,42.80572
1304061,1,16,1,32,45.673447
1304061,1,16,2,28,41.67426
1304061,1,16,3,24,39.741383
1304061,1,16,4,23,39.266956
1304061,1,16,5,22,36.57413
1304061,1,16,6,20,35.402042
1304061,1,17,1,19,32.526737
1304061,1,17,2,18,27.068462
1304061,1,17,3,17,24.856411
1304061,1,17,4,17,22.92897
1304061,1,17,5,15,21.479877
1304061,1,17,6,14,20.361013
1304061,1,18,1,13,17.783379
1304061,1,18,2,12,16.925392
1304061,1,18,3,11,17.826931
1304061,1,18,4,7,15.867087
1304061,1,18,5,7,14.546647
1304061,1,18,6,7,12.668233
1304061,1,19,1,7,11.208836
1304061,1,19,2,6,9.1305485
1304061,1,19,3,5,7.0044174
1304061,1,19,4,4,5.030705
1304061,1,19,5,3,4.683825
1304061,1,19,6,2,3.2314034
1304061,1,19,7,1,2.7076428
1304061,2,15,1,44,43.64515
1304061,2,15,2,43,42.093685
1304061,2,15,3,43,31.155775
1304061,2,15,4,42,35.37602
1304061,2,15,5,41,31.377909
1304061,2,15,6,37,38.05409
1304061,2,15,7,33,36.053123
1304061,2,16,1,33,40.299595
1304061,2,16,2,32,37.286827
1304061,2,16,3,31,35.47832
1304061,2,16,4,30,29.545488
1304061,2,16,5,30,24.967249
1304061,2,16,6,30,25.063278
1304061,2,17,1,29,23.239626
1304061,2,17,2,29,21.900955
1304061,2,17,3,28,20.379234
1304061,2,17,4,27,15.932151
1304061,2,17,5,27,20.154257
1304061,2,17,6,25,17.844496
1304061,2,18,1,24,15.381789
1304061,2,18,2,23,14.383564
1304061,2,18,3,22,18.549364
1304061,2,18,4,16,16.38437
1304061,2,18,5,14,16.01644
1304061,2,18,6,12,12.466345
1304061,2,19,1,10,11.9887705
1304061,2,19,2,10,9.294164
1304061,2,19,3,10,8.171492
1304061,2,19,4,6,6.878325
1304063,1,15,1,46,46.31767
1304063,1,15,2,45,42.420547
1304063,1,15,3,44,36.110516
1304063,1,15,4,44,40.573063
1304063,1,15,5,43,36.67021
1304063,1,15,6,42,36.823105
1304063,1,16,1,41,33.228794
1304063,1,16,2,40,33.824993
1304063,1,16,3,40,32.140522
1304063,1,16,4,38,31.609896
1304063,1,16,5,37,33.664513
1304063,1,16,6,37,28.64577
1304063,1,17,1,37,30.762316
1304063,1,17,2,33,29.01664
1304063,1,17,3,32,24.399502
1304063,1,17,4,32,22.391493
1304063,1,17,5,31,22.132706
1304063,1,17,6,29,19.656605
1304063,1,18,1,29,15.916715
1304063,1,18,2,28,13.950888
1304063,1,18,3,28,13.109922
1304063,1,18,4,27,12.597432
1304063,1,18,5,26,11.375574
1304063,1,18,6,25,12.076856
1304063,1,18,7,21,14.200762
1304063,1,19,1,15,11.901892
1304063,1,19,2,14,10.154839
1304063,1,19,3,10,8.739813
1304063,1,19,4,9,7.872209
1304063,1,19,5,8,6.099778
1304063,1,19,6,7,1.64182
1304063,1,19,7,7,1.740867
1304063,1,19,8,6,1.615616
1304063,1,19,9,4,1.3477222
1304063,1,19,10,2,1.6997643
1304063,2,15,1,34,44.617672
1304063,2,15,2,33,42.88819
1304063,2,15,3,32,45.19627
1304063,2,15,4,31,38.479965
1304063,2,15,5,30,34.35273
1304063,2,15,6,30,28.567188
1304063,2,16,1,30,31.099895
1304063,2,16,2,24,32.40653
1304063,2,16,3,19,32.336334
1304063,2,16,4,18,29.06369
1304063,2,16,5,17,22.040058
1304063,2,16,6,13,25.245895
1304063,2,16,7,12,23.961405
1304063,2,17,1,11,19.850197
1304063,2,17,2,10,28.719814
1304063,2,17,3,10,27.0629
1304063,2,17,4,6,24.449976
1304063,2,17,5,5,23.121532
1304063,2,17,6,4,20.679396
1304066,1,15,1,73,44.771614
1304066,1,15,2,67,55.279835
1304066,1,15,3,61,50.32402
1304066,1,15,4,60,47.159485
1304066,1,15,5,58,45.4915
1304066,1,15,6,58,39.64498
1304066,1,16,1,57,38.185627
1304066,1,16,2,56,33.585953
1304066,1,16,3,55,32.404762
1304066,1,16,4,54,32.245617
1304066,1,16,5,52,29.507124
1304066,1,16,6,51,28.74654
1304066,1,16,7,51,27.2483
1304066,1,17,1,50,24.897655
1304066,1,17,2,49,28.530018
1304066,1,17,3,43,24.588522
1304066,1,17,4,43,25.756016
1304066,1,17,5,39,28.797667
1304066,1,17,6,33,28.450127
1304066,1,18,1,32,21.766916
1304066,1,18,2,31,19.797087
1304066,1,18,3,30,18.871061
1304066,1,18,4,24,17.190474
1304066,1,18,5,18,15.713907
1304066,1,18,6,17,14.169877
1304066,1,19,1,16,12.900387
1304066,1,19,2,15,10.758837
1304066,1,19,3,9,9.368394
1304066,1,19,4,8,6.853176
1304066,1,19,5,2,4.919707
1304066,1,19,6,2,2.9153812
1304066,2,15,1,65,50.114883
1304066,2,15,2,64,48.544308
1304066,2,15,3,61,39.537685
1304066,2,15,4,61,38.53381
1304066,2,15,5,60,27.210146
1304066,2,15,6,60,26.881088
1304066,2,16,1,56,28.603682
1304066,2,16,2,55,29.106865
1304066,2,16,3,53,28.097584
1304066,2,16,4,52,27.825123
1304066,2,16,5,51,28.935978
1304066,2,16,6,47,27.07048
1304066,2,17,1,45,28.201254
1304066,2,17,2,39,27.005642
1304066,2,17,3,39,25.506891
1304066,2,17,4,38,23.63095
1304066,2,17,5,37,19.839302
1304066,2,17,6,37,19.432014
1304066,2,17,7,36,13.503508
1304066,2,17,8,36,19.742182
1304066,2,18,1,30,16.937433
1304066,2,18,2,29,16.333689
1304066,2,18,3,25,13.960242
1304066,2,18,4,23,13.977024
1304066,2,18,5,17,13.157657
1304066,2,18,6,17,11.114706
1304066,2,18,7,17,11.429596
1304066,2,19,1,11,9.576796
1304066,2,19,2,10,8.440047
1304066,2,19,3,10,7.3676434
1304066,2,19,4,10,5.903786
1304066,2,19,5,10,3.9588277
1304066,2,19,6,6,2.7404206
1304074,1,15,1,29,47.94106
1304074,1,15,2,28,50.619286
1304074,1,15,3,26,48.722733
1304074,1,15,4,25,44.191517
1304074,1,15,5,23,41.89487
1304074,1,15,6,22,42.93574
1304074,1,15,7,21,42.759792
1304074,1,15,8,21,45.52251
1304074,1,15,9,21,40.549213
1304074,1,15,10,20,42.547375
1304074,1,16,1,19,35.7965
1304074,1,16,2,19,33.883312
1304074,1,16,3,19,33.524574
1304074,1,16,4,18,31.911362
1304074,1,16,5,17,31.425795
1304074,1,16,6,17,29.134138
1304074,1,17,1,17,29.626944
1304074,1,17,2,16,28.433844
1304074,1,17,3,16,24.867447
1304074,1,17,4,14,24.16302
1304074,1,17,5,14,23.10532
1304074,1,17,6,13,21.754072
1304074,1,18,1,9,19.624516
1304074,1,18,2,9,18.53985
1304074,1,18,3,7,17.952291
1304074,1,18,4,1,16.383795
1304074,1,18,5,1,14.759458
1304074,1,18,6,0,13.689206
1304074,1,19,1,0,11.982246
1304074,1,19,2,0,7.5436745
1304074,1,19,3,0,5.7827573
1304074,1,19,4,0,3.4188886
1304074,1,19,5,0,2.143541
1304074,1,19,6,0,-0.18982954
1304074,2,15,1,41,47.542706
1304074,2,15,2,40,46.78447
1304074,2,15,3,39,39.21526
1304074,2,15,4,37,39.73123
1304074,2,15,5,37,39.39043
1304074,2,15,6,36,34.49993
1304074,2,15,7,35,41.91242
1304074,2,16,1,31,38.460266
1304074,2,16,2,29,37.704556
1304074,2,16,3,28,35.768948
1304074,2,16,4,26,34.591522
1304074,2,16,5,22,33.19185
1304074,2,16,6,21,32.09149
1304074,2,17,1,21,30.223705
1304074,2,17,2,20,27.072111
1304074,2,17,3,20,25.945396
1304074,2,17,4,18,21.086529
1304074,2,17,5,18,24.412214
1304074,2,17,6,14,22.370731
1304074,2,18,1,13,20.21081
1304074,2,18,2,12,18.581116
1304074,2,18,3,11,18.00568
1304074,2,18,4,10,18.148846
1304074,2,18,5,6,17.14986
1304079,1,15,1,55,45.294903
1304079,1,15,2,54,43.2385
1304079,1,15,3,53,46.834087
1304079,1,15,4,52,40.391865
1304079,1,15,5,51,38.753643
1304079,1,15,6,50,38.843094
1304079,1,15,7,46,37.70607
1304079,1,16,1,45,39.04463
1304079,1,16,2,44,37.82643
1304079,1,16,3,44,36.734554
1304079,1,16,4,40,36.241524
1304079,1,16,5,39,34.62437
1304079,1,16,6,37,32.455715
1304079,1,17,1,36,31.064356
1304079,1,17,2,35,25.178694
1304079,1,17,3,35,21.61863
1304079,1,17,4,34,19.921272
1304079,1,17,5,34,20.232815
1304079,1,17,6,30,19.170101
1304079,1,18,1,29,21.911785
1304079,1,18,2,23,19.208002
1304079,1,18,3,23,18.391138
1304079,1,18,4,20,17.330364
1304079,1,18,5,18,14.917244
1304079,1,18,6,16,13.548723
1304079,1,19,1,16,10.067627
1304079,1,19,2,15,8.62727
1304079,1,19,3,14,7.391083
1304079,1,19,4,10,5.3454633
1304079,1,19,5,10,4.132377
1304079,1,19,6,8,4.064106
1304079,1,19,7,2,4.100577
1304079,2,15,1,53,44.83216
1304079,2,15,2,52,42.43781
1304079,2,15,3,52,40.337532
1304079,2,15,4,52,39.418964
1304079,2,15,5,51,39.74673
1304079,2,15,6,50,35.727448
1304079,2,15,7,50,34.240158
1304079,2,15,8,50,35.962925
1304079,2,16,1,48,32.80064
1304079,2,16,2,47,30.909697
1304079,2,16,3,46,30.857485
1304079,2,16,4,46,30.173075
1304079,2,16,5,45,28.366003
1304079,2,16,6,44,26.788
1304079,2,16,7,43,26.483423
1304079,2,17,1,42,21.392832
1304079,2,17,2,41,27.072266
1304079,2,17,3,35,25.172289
1304079,2,17,4,34,25.88177
1304079,2,17,5,30,24.068295
1304079,2,17,6,29,22.447018
1304079,2,18,1,28,18.186066
1304079,2,18,2,28,17.946705
1304079,2,18,3,24,16.713123
1304079,2,18,4,23,14.589381
1304079,2,18,5,22,14.216932
1304079,2,18,6,18,12.234651
1304079,2,19,1,17,10.940897
1304079,2,19,2,17,7.250562
1304079,2,19,3,16,8.386971
1304079,2,19,4,10,7.142591
1304079,2,19,5,6,5.5024886
1304079,2,19,6,4,4.1821566
1304080,1,15,1,67,48.53018
1304080,1,15,2,67,50.007725
1304080,1,15,3,67,48.608173
1304080,1,15,4,67,45.71398
1304080,1,15,5,66,38.295662
1304080,1,15,6,64,39.105526
1304080,1,16,1,64,40.64363
1304080,1,16,2,63,38.967358
1304080,1,16,3,62,33.667725
1304080,1,16,4,58,32.700108
1304080,1,16,5,57,34.414658
1304080,1,16,6,56,31.32612
1304080,1,17,1,55,23.621716
1304080,1,17,2,55,21.60712
1304080,1,17,3,51,31.258888
1304080,1,17,4,45,28.910246
1304080,1,17,5,44,25.730158
1304080,1,17,6,40,32.04452
1304080,1,17,7,34,30.988808
1304080,1,18,1,34,30.567709
1304080,1,18,2,30,27.258932
1304080,1,18,3,24,24.802597
1304080,1,18,4,23,22.184555
1304080,1,18,5,22,21.675724
1304080,1,18,6,20,18.607931
1304080,1,19,1,20,14.79566
1304080,1,19,2,19,13.75298
1304080,1,19,3,17,11.348114
1304080,1,19,4,13,8.911804
1304080,1,19,5,12,6.837561
1304080,1,19,6,11,5.2181087
1304080,1,19,7,10,5.4345713
1304080,1,19,8,6,3.502623
1304080,2,15,1,58,51.915573
1304080,2,15,2,57,45.451797
1304080,2,15,3,51,47.87673
1304080,2,15,4,50,44.927486
1304080,2,15,5,49,44.540802
1304080,2,15,6,45,42.01748
1304080,2,16,1,45,39.24078
1304080,2,16,2,45,38.247154
1304080,2,16,3,44,37.460106
1304080,2,16,4,38,35.78172
1304080,2,16,5,38,35.041294
1304080,2,16,6,37,34.58948
1304080,2,16,7,36,34.17251
1304080,2,17,1,35,30.59694
1304080,2,17,2,35,25.731995
1304080,2,17,3,34,24.462988
1304080,2,17,4,33,22.15349
1304080,2,17,5,32,26.295
1304080,2,17,6,26,22.571585
1304080,2,17,7,26,26.417591
1304080,2,18,1,20,22.59574
1304080,2,18,2,20,20.004133
1304080,2,18,3,20,15.746884
1304080,2,18,4,20,12.916989
1304080,2,18,5,20,10.511382
1304080,2,18,6,20,8.163707
1304080,2,19,1,20,7.662424
1304080,2,19,2,14,7.0283704
1304080,2,19,3,8,7.660942
1304080,2,19,4,2,6.2886653
1304080,2,19,5,2,8.55951
1304080,2,19,6,0,3.9324381
1304102,1,15,1,25,44.124092
1304102,1,15,2,25,44.329777
1304102,1,15,3,24,41.478203
1304102,1,15,4,24,39.16118
1304102,1,15,5,23,41.564877
1304102,1,15,6,22,42.257225
1304102,1,16,1,22,37.557556
1304102,1,16,2,21,37.384445
1304102,1,16,3,17,36.847378
1304102,1,16,4,15,35.851032
1304102,1,16,5,14,34.74417
1304102,1,16,6,13,37.306435
1304102,1,17,1,9,30.482925
1304102,1,17,2,9,26.939507
1304102,1,17,3,9,21.103983
1304102,1,17,4,9,18.413227
1304102,1,17,5,9,17.725609
1304102,1,17,6,9,14.587816
1304102,1,18,1,9,13.574227
1304102,1,18,2,9,13.384191
1304102,1,18,3,9,11.411465
1304102,1,18,4,3,9.691482
1304102,1,18,5,2,8.52871
1304102,1,18,6,1,8.11115
1304102,1,18,7,1,6.1628113
1304102,1,19,1,1,6.2507343
1304102,1,19,2,1,4.0130587
1304102,1,19,3,1,3.5816636
1304102,1,19,4,1,2.2834284
1304102,1,19,5,1,1.5717511
1304102,1,19,6,1,0.10793063
1304102,2,15,1,11,33.187817
1304102,2,15,2,9,32.087234
1304102,2,15,3,8,29.462664
1304102,2,15,4,7,29.276192
1304102,2,15,5,6,28.6422
1304102,2,15,6,6,28.112406
1304102,2,16,1,6,27.532482
1304102,2,16,2,6,25.742975
1304102,2,16,3,6,25.219778
1304102,2,16,4,5,23.975555
1304102,2,16,5,4,21.022652
1304102,2,16,6,3,21.229317
1304102,2,16,7,2,19.179998
1304102,2,17,1,1,14.78745
1304102,2,17,2,1,5.866351
1304102,2,17,3,0,2.5221589
1304111,1,15,1,45,43.68591
1304111,1,15,2,44,46.425644
1304111,1,15,3,43,41.874527
1304111,1,15,4,37,41.75012
1304111,1,15,5,33,42.941418
1304111,1,15,6,33,37.57696
1304111,1,16,1,29,42.23486
1304111,1,16,2,28,38.170784
1304111,1,16,3,22,35.3965
1304111,1,16,4,21,34.038147
1304111,1,16,5,21,34.456276
1304111,1,16,6,21,34.03478
1304111,1,17,1,20,32.708748
1304111,1,17,2,19,22.212042
1304111,1,17,3,19,22.071663
1304111,1,17,4,19,21.90996
1304111,1,17,5,18,23.209204
1304111,1,17,6,18,22.064972
1304111,1,18,1,18,21.221214
1304111,1,18,2,17,20.696198
1304111,1,18,3,16,18.269197
1304111,1,18,4,13,16.166584
1304111,1,18,5,12,14.8577
1304111,1,18,6,10,13.473269
1304111,1,18,7,9,14.099065
1304111,1,18,8,7,14.258305
1304111,1,19,1,7,11.731546
1304111,1,19,2,7,9.277028
1304111,1,19,3,3,7.8482566
1304111,1,19,4,2,6.224318
1304111,1,19,5,2,4.7935004
1304111,1,19,6,0,2.3784416
1304111,2,15,1,63,45.44669
1304111,2,15,2,59,49.25094
1304111,2,15,3,55,49.297863
1304111,2,15,4,53,47.88441
1304111,2,15,5,52,45.73034
1304111,2,15,6,51,48.907806
1304111,2,16,1,50,41.22356
1304111,2,16,2,49,37.945885
1304111,2,16,3,48,35.756145
1304111,2,16,4,46,29.42254
1304111,2,16,5,46,30.538067
1304111,2,16,6,42,30.63253
1304111,2,17,1,41,29.249493
1304111,2,17,2,40,28.677227
1304111,2,17,3,34,27.062763
1304111,2,17,4,33,25.423761
1304111,2,17,5,33,23.716263
1304111,2,17,6,27,26.173605
1304111,2,17,7,21,25.324863
1304111,2,17,8,15,26.751299
1304111,2,18,1,15,22.059608
1304111,2,18,2,15,18.719707
1304111,2,18,3,15,15.32566
1304111,2,18,4,15,11.991913
1304111,2,18,5,15,9.337528
1304111,2,18,6,15,8.515651
1304111,2,19,1,15,7.266704
1304111,2,19,2,14,6.3034573
1304111,2,19,3,14,5.0072937
1304111,2,19,4,12,4.0390987
1304111,2,19,5,10,3.893437
1304111,2,19,6,6,2.0247836
1304111,2,19,7,6,3.0081792
1304112,1,15,1,88,35.64899
1304112,1,15,2,82,36.534893
1304112,1,15,3,82,42.93093
1304112,1,15,4,76,37.568947
1304112,1,15,5,72,31.023203
1304112,1,15,6,71,32.632816
1304112,1,16,1,70,29.462618
1304112,1,16,2,66,24.553186
1304112,1,16,3,65,18.253357
1304112,1,16,4,64,19.359648
1304112,1,16,5,63,12.396135
1304112,1,16,6,63,9.344178
1304112,1,17,1,61,14.3364725
1304112,1,17,2,60,16.943869
1304112,1,17,3,54,14.967398
1304112,1,17,4,52,11.636882
1304112,1,17,5,48,11.296607
1304112,1,17,6,47,9.008041
1304112,1,18,1,46,13.879044
1304112,1,18,2,40,10.244965
1304112,1,18,3,39,6.4153686
1304112,1,18,4,33,10.788236
1304112,1,18,5,27,12.292011
1304112,1,18,6,21,12.706328
1304112,1,18,7,20,11.610716
1304112,1,19,1,19,10.365686
1304112,1,19,2,17,10.012737
1304112,1,19,3,13,8.670963
1304112,1,19,4,9,5.7995443
1304112,1,19,5,5,3.9831223
1304112,1,19,6,1,0.882131
1304112,2,15,1,74,46.744705
1304112,2,15,2,73,44.9673
1304112,2,15,3,72,45.06862
1304112,2,15,4,66,44.685776
1304112,2,15,5,66,44.169437
1304112,2,15,6,65,47.236015
1304112,2,16,1,64,39.746204
1304112,2,16,2,63,42.979214
1304112,2,16,3,59,36.17229
1304112,2,16,4,58,33.42303
1304112,2,16,5,58,29.70759
1304112,2,16,6,58,34.02569
1304112,2,17,1,52,31.500263
1304112,2,17,2,50,29.519716
1304112,2,17,3,44,27.289501
1304112,2,17,4,43,27.084015
1304112,2,17,5,42,23.82553
1304112,2,17,6,36,25.592562
1304112,2,17,7,35,25.139664
1304112,2,18,1,35,22.129202
1304112,2,18,2,29,20.255905
1304112,2,18,3,28,21.505182
1304112,2,18,4,22,19.89261
1304112,2,18,5,21,17.419527
1304112,2,18,6,20,15.08396
1304112,2,18,7,19,14.843485
1304112,2,19,1,18,14.443317
1304112,2,19,2,14,11.560694
1304112,2,19,3,8,10.085744
1304112,2,19,4,2,10.301885
1304112,2,19,5,0,6.301185
1304112,2,19,6,0,2.6158862
1304114,1,15,1,33,47.036327
1304114,1,15,2,32,42.851192
1304114,1,15,3,32,38.408455
1304114,1,15,4,32,35.43787
1304114,1,15,5,32,37.122864
1304114,1,15,6,31,39.728664
1304114,1,16,1,30,33.26878
1304114,1,16,2,30,36.06096
1304114,1,16,3,28,38.021286
1304114,1,16,4,24,36.45928
1304114,1,16,5,24,31.978241
1304114,1,16,6,24,32.376087
1304114,1,17,1,24,32.878677
1304114,1,17,2,18,31.96716
1304114,1,17,3,18,28.932234
1304114,1,17,4,16,26.412415
1304114,1,17,5,15,24.69765
1304114,1,17,6,15,23.958109
1304114,1,18,1,14,21.804426
1304114,1,18,2,10,20.194473
1304114,1,18,3,9,18.272348
1304114,1,18,4,7,16.194448
1304114,1,18,5,6,14.991283
1304114,1,18,6,5,13.738066
1304114,1,18,7,4,14.085286
1304114,1,19,1,4,10.62936
1304114,1,19,2,4,8.221222
1304114,1,19,3,4,6.974907
1304114,1,19,4,3,4.529764
1304114,1,19,5,3,3.0377028
1304114,1,19,6,2,1.7684648
1304114,2,15,1,47,48.627274
1304114,2,15,2,46,49.258327
1304114,2,15,3,46,45.205772
1304114,2,15,4,46,39.691246
1304114,2,15,5,45,39.423904
1304114,2,15,6,44,39.111423
1304114,2,16,1,43,39.58412
1304114,2,16,2,39,32.261345
1304114,2,16,3,39,31.399319
1304114,2,16,4,39,29.716934
1304114,2,16,5,38,29.872286
1304114,2,16,6,38,33.919323
1304114,2,17,1,32,30.297703
1304114,2,17,2,31,28.87597
1304114,2,17,3,29,28.859926
1304114,2,17,4,25,25.978897
1304114,2,17,5,25,24.353884
1304114,2,17,6,24,24.788782
1304114,2,17,7,20,24.297207
1304114,2,18,1,19,22.735205
1304114,2,18,2,18,20.35002
1304114,2,18,3,17,19.042936
1304114,2,18,4,11,17.835897
1304114,2,18,5,9,16.68544
1304114,2,18,6,8,14.416599
1304114,2,19,1,7,12.082638
1304114,2,19,2,6,10.452558
1304114,2,19,3,2,9.104286
1304114,2,19,4,1,7.538879
1304114,2,19,5,1,5.479779
1312198,1,15,1,84,47.389046
1312198,1,15,2,83,52.444958
1312198,1,15,3,77,50.39769
1312198,1,15,4,73,48.49432
1312198,1,15,5,67,44.749386
1312198,1,15,6,63,21.031586
1312198,1,16,1,57,46.545628
1312198,1,16,2,57,51.291805
1312198,1,16,3,53,51.110176
1312198,1,16,4,49,45.437984
1312198,1,16,5,48,43.987843
1312198,1,16,6,44,38.884083
1312198,1,16,7,43,38.823357
1312198,1,17,1,42,41.118664
1312198,1,17,2,42,29.418568
1312198,1,17,3,42,26.808046
1312198,1,17,4,40,26.18094
1312198,1,17,5,34,24.253895
1312198,1,17,6,34,22.68639
1312198,1,18,1,34,21.200367
1312198,1,18,2,34,22.106876
1312198,1,18,3,28,20.190374
1312198,1,18,4,24,17.813004
1312198,1,18,5,23,17.201569
1312198,1,18,6,17,16.025196
1312198,1,19,1,13,13.987315
1312198,1,19,2,11,13.440213
1312198,1,19,3,7,9.780386
1312198,1,19,4,7,7.9985557
1312198,1,19,5,7,5.7142854
1312198,1,19,6,2,3.034893
1312198,1,19,7,1,3.1339886
1312198,2,15,1,50,40.839306
1312198,2,15,2,49,40.869
1312198,2,15,3,48,41.834053
1312198,2,15,4,48,47.071957
1312198,2,15,5,42,45.23988
1312198,2,15,6,41,46.690144
1312198,2,15,7,40,44.811
1312198,2,16,1,40,43.261406
1312198,2,16,2,39,38.891384
1312198,2,16,3,38,36.36787
1312198,2,16,4,32,35.39673
1312198,2,16,5,28,35.091602
1312198,2,16,6,27,32.955315
1312198,2,17,1,26,30.014921
1312198,2,17,2,25,35.221535
1312198,2,17,3,20,31.117102
1312198,2,17,4,20,25.727993
1312198,2,17,5,20,25.064386
1312198,2,17,6,20,24.911276
1312198,2,17,7,19,23.522932
1312198,2,17,8,18,27.118801
1312198,2,18,1,18,19.540478
1312198,2,18,2,18,16.265032
1312198,2,18,3,17,13.744843
1312198,2,18,4,16,11.708981
1312198,2,18,5,15,10.933503
1312198,2,18,6,14,10.864875
1312198,2,18,7,13,12.1699
1312198,2,18,8,13,12.345567
1312198,2,18,9,13,11.513636
1312198,2,19,1,9,9.068818
1312198,2,19,2,8,7.8697815
1312198,2,19,3,7,6.967313
1312198,2,19,4,7,5.673173
1312198,2,19,5,1,5.1881857
1312198,2,19,6,0,2.591189
1312198,2,19,7,0,2.1171741
1359482,1,15,1,45,50.41128
1359482,1,15,2,45,52.78501
1359482,1,15,3,41,44.326836
1359482,1,15,4,40,38.665962
1359482,1,15,5,39,41.944977
1359482,1,15,6,39,41.31798
1359482,1,15,7,38,41.736282
1359482,1,16,1,38,34.841053
1359482,1,16,2,38,32.732147
1359482,1,16,3,37,31.335474
1359482,1,16,4,36,32.656326
1359482,1,16,5,35,31.299711
1359482,1,16,6,34,31.344444
1359482,1,17,1,32,28.782215
1359482,1,17,2,31,24.555668
1359482,1,17,3,31,23.262794
1359482,1,17,4,30,22.173925
1359482,1,17,5,30,24.107733
1359482,1,17,6,24,22.231092
1359482,1,18,1,23,19.81777
1359482,1,18,2,22,20.243708
1359482,1,18,3,16,18.413576
1359482,1,18,4,15,18.139194
1359482,1,18,5,13,17.791975
1359482,1,18,6,9,15.747652
1359482,1,18,7,8,15.957018
1359482,1,18,8,7,13.656369
1359482,1,19,1,7,11.468718
1359482,1,19,2,6,9.837369
1359482,1,19,3,5,8.536675
1359482,1,19,4,1,5.8921533
1359482,1,19,5,1,3.9835768
1359482,1,19,6,1,1.937431
1359482,2,15,1,68,43.49512
1359482,2,15,2,67,42.198494
1359482,2,15,3,66,39.81122
1359482,2,15,4,65,39.199135
1359482,2,15,5,64,36.711575
1359482,2,15,6,64,37.040176
1359482,2,16,1,63,35.05553
1359482,2,16,2,57,35.242043
1359482,2,16,3,56,35.006207
1359482,2,16,4,55,32.77399
1359482,2,16,5,54,33.41575
1359482,2,16,6,48,34.158627
1359482,2,17,1,47,28.034836
1359482,2,17,2,46,27.949646
1359482,2,17,3,40,30.151007
1359482,2,17,4,36,28.8639
1359482,2,17,5,35,23.83018
1359482,2,17,6,34,25.251158
1359482,2,18,1,28,22.879354
1359482,2,18,2,28,20.247059
1359482,2,18,3,27,22.45823
1359482,2,18,4,23,18.43305
1359482,2,18,5,17,16.105627
1359482,2,18,6,13,16.261305
1359482,2,18,7,12,15.82495
1359482,2,19,1,10,14.410795
1359482,2,19,2,9,11.7115965
1359482,2,19,3,7,5.698853
1359482,2,19,4,6,4.1429076
1359482,2,19,5,5,2.5473452
1359482,2,19,6,4,1.1995701
1359488,1,15,1,55,8.482345
1359488,1,15,2,55,4.3673873
1359488,1,15,3,55,5.1538835
1359488,1,15,4,55,20.386232
1359488,1,15,5,49,9.015045
1359488,1,15,6,43,10.505894
1359488,1,16,1,42,9.311659
1359488,1,16,2,42,12.977629
1359488,1,16,3,38,14.37157
1359488,1,16,4,38,10.888902
1359488,1,16,5,37,8.104677
1359488,1,16,6,36,11.222114
1359488,1,16,7,35,13.729917
1359488,1,17,1,34,17.182598
1359488,1,17,2,34,12.147393
1359488,1,17,3,28,14.500209
1359488,1,17,4,24,12.750875
1359488,1,17,5,24,13.965643
1359488,1,17,6,18,13.718846
1359488,1,18,1,17,12.499242
1359488,1,18,2,17,10.381731
1359488,1,18,3,17,9.316288
1359488,1,18,4,13,8.306916
1359488,1,18,5,9,8.758013
1359488,1,18,6,8,8.881335
1359488,1,19,1,8,12.075733
1359488,1,19,2,8,9.089149
1359488,1,19,3,6,6.628467
1359488,1,19,4,6,3.3431263
1359488,1,19,5,6,1.8526663
1359488,1,19,6,6,2.1470623
1359488,2,15,1,27,59.336464
1359488,2,15,2,26,59.609764
1359488,2,15,3,25,52.137676
1359488,2,15,4,25,48.787907
1359488,2,15,5,24,43.36089
1359488,2,15,6,22,36.532516
1359488,2,16,1,21,36.17748
1359488,2,16,2,20,35.40451
1359488,2,16,3,16,34.934254
1359488,2,16,4,16,35.2323
1359488,2,16,5,12,37.372726
1359488,2,16,6,8,37.692482
1359488,2,17,1,4,31.821539
1359489,1,15,1,75,47.93391
1359489,1,15,2,74,49.73544
1359489,1,15,3,68,54.919277
1359489,1,15,4,67,48.185726
1359489,1,15,5,67,45.860176
1359489,1,15,6,67,45.27619
1359489,1,15,7,66,48.864292
1359489,1,16,1,66,49.38083
1359489,1,16,2,60,42.176685
1359489,1,16,3,58,35.929996
1359489,1,16,4,57,35.127117
1359489,1,16,5,56,37.578686
1359489,1,16,6,52,32.975304
1359489,1,17,1,52,26.854689
1359489,1,17,2,51,23.74335
1359489,1,17,3,47,23.132582
1359489,1,17,4,46,23.50494
1359489,1,17,5,40,29.40695
1359489,1,17,6,34,28.721237
1359489,1,17,7,33,30.284687
1359489,1,18,1,29,27.676405
1359489,1,18,2,23,26.635674
1359489,1,18,3,17,22.886751
1359489,1,18,4,16,22.837093
1359489,1,18,5,12,21.277351
1359489,1,18,6,10,19.003668
1359489,1,19,1,9,15.879106
1359489,1,19,2,8,14.548554
1359489,1,19,3,8,11.887278
1359489,1,19,4,8,8.179248
1359489,1,19,5,7,8.436247
1359489,1,19,6,1,4.725308
1359489,1,19,7,1,4.0842347
1359489,2,15,1,42,58.47247
1359489,2,15,2,42,58.54473
1359489,2,15,3,38,56.873386
1359489,2,15,4,37,55.05029
1359489,2,15,5,36,50.944042
1359489,2,15,6,35,45.020763
1359489,2,15,7,34,50.871628
1359489,2,16,1,28,43.701363
1359489,2,16,2,26,43.416924
1359489,2,16,3,26,42.352436
1359489,2,16,4,26,39.201515
1359489,2,16,5,26,39.041702
1359489,2,16,6,25,42.150246
1359489,2,16,7,24,25.526943
1359489,2,17,1,24,23.31195
1359489,2,17,2,23,26.30623
1359489,2,17,3,19,25.637308
1359489,2,17,4,18,24.515947
1359489,2,17,5,17,21.270061
1359489,2,17,6,16,19.728994
1359489,2,18,1,15,17.72026
1359489,2,18,2,14,16.37993
1359489,2,18,3,13,16.732069
1359489,2,18,4,12,14.743524
1359489,2,18,5,11,13.603968
1359489,2,18,6,7,9.81306
1359489,2,18,7,7,9.647761
1359489,2,18,8,6,10.603665
1359489,2,19,1,5,8.481609
1359489,2,19,2,4,6.000371
1359489,2,19,3,4,4.7606187
1359489,2,19,4,2,4.070081
1359489,2,19,5,1,1.4120765
1359489,2,19,6,1,-0.34151804
1359491,1,15,1,40,49.766693
1359491,1,15,2,38,50.497643
1359491,1,15,3,37,49.073227
1359491,1,15,4,36,48.309925
1359491,1,15,5,35,47.405506
1359491,1,15,6,35,44.085796
1359491,1,16,1,34,42.69365
1359491,1,16,2,33,33.919556
1359491,1,16,3,33,31.425447
1359491,1,16,4,33,30.137371
1359491,1,16,5,32,29.229761
1359491,1,16,6,32,29.102882
1359491,1,17,1,31,28.71343
1359491,1,17,2,31,26.696095
1359491,1,17,3,30,23.673243
1359491,1,17,4,29,22.70547
1359491,1,17,5,29,21.792952
1359491,1,17,6,23,20.855534
1359491,1,17,7,22,21.79867
1359491,1,18,1,18,20.934841
1359491,1,18,2,17,19.11914
1359491,1,18,3,16,17.622534
1359491,1,18,4,15,17.048487
1359491,1,18,5,9,15.21675
1359491,1,18,6,8,12.33884
1359491,1,19,1,8,11.095514
1359491,1,19,2,4,9.794285
1359491,1,19,3,2,8.391907
1359491,1,19,4,2,5.303631
1359491,1,19,5,1,2.53924
1359491,1,19,6,1,0.98826
1359491,2,15,1,59,42.265007
1359491,2,15,2,58,41.015648
1359491,2,15,3,57,38.874332
1359491,2,15,4,56,37.4863
1359491,2,15,5,56,36.243427
1359491,2,15,6,55,36.870464
1359491,2,16,1,55,36.47562
1359491,2,16,2,54,34.188553
1359491,2,16,3,53,34.601406
1359491,2,16,4,52,33.453827
1359491,2,16,5,51,31.025398
1359491,2,16,6,51,27.339273
1359491,2,17,1,50,26.679958
1359491,2,17,2,46,26.4857
1359491,2,17,3,45,25.234058
1359491,2,17,4,44,27.385489
1359491,2,17,5,38,25.07398
1359491,2,17,6,37,23.083246
1359491,2,18,1,36,21.841143
1359491,2,18,2,35,19.329475
1359491,2,18,3,34,18.47605
1359491,2,18,4,30,16.435316
1359491,2,18,5,29,15.952734
1359491,2,18,6,23,14.322695
1359491,2,18,7,23,14.559493
1359491,2,19,1,17,11.648522
1359491,2,19,2,16,9.68233
1359491,2,19,3,15,8.634378
1359491,2,19,4,15,7.04969
1359491,2,19,5,9,8.202078
1359491,2,19,6,3,4.3558593
1359491,2,19,7,2,4.167417
1359491,2,19,8,1,4.0763655
1359492,1,15,1,54,43.66903
1359492,1,15,2,54,39.788395
1359492,1,15,3,52,50.616093
1359492,1,15,4,46,48.483383
1359492,1,15,5,46,46.602856
1359492,1,15,6,45,45.671326
1359492,1,16,1,44,39.569298
1359492,1,16,2,43,34.907936
1359492,1,16,3,42,32.43884
1359492,1,16,4,40,31.340296
1359492,1,16,5,40,29.177996
1359492,1,16,6,39,27.623976
1359492,1,16,7,38,27.35533
1359492,1,16,8,38,28.697489
1359492,1,17,1,32,26.92084
1359492,1,17,2,31,27.658876
1359492,1,17,3,29,25.956245
1359492,1,17,4,28,25.484377
1359492,1,17,5,24,23.974058
1359492,1,17,6,23,22.229645
1359492,1,18,1,17,20.90694
1359492,1,18,2,17,19.1911
1359492,1,18,3,17,17.492176
1359492,1,18,4,16,14.262071
1359492,1,18,5,16,13.514999
1359492,1,18,6,12,11.033798
1359492,1,19,1,11,10.499593
1359492,1,19,2,10,10.56991
1359492,1,19,3,4,9.310692
1359492,1,19,4,3,7.005291
1359492,1,19,5,2,3.7353275
1359492,1,19,6,1,2.528294
1359492,1,19,7,0,2.298802
1359492,2,15,1,43,43.583824
1359492,2,15,2,41,46.512295
1359492,2,15,3,40,40.935608
1359492,2,15,4,40,44.149673
1359492,2,15,5,36,41.96039
1359492,2,15,6,35,39.970184
1359492,2,16,1,34,39.647213
1359492,2,16,2,33,38.559116
1359492,2,16,3,32,37.253426
1359492,2,16,4,31,36.985573
1359492,2,16,5,27,35.462788
1359492,2,16,6,26,34.171436
1359492,2,17,1,25,28.746141
1359492,2,17,2,25,28.142263
1359492,2,17,3,24,28.215267
1359492,2,17,4,18,26.473955
1359492,2,17,5,17,24.529278
1359492,2,17,6,17,22.624557
1359492,2,18,1,13,20.912226
1359492,2,18,2,12,20.356815
1359492,2,18,3,10,18.542694
1359492,2,18,4,10,16.430721
1359492,2,18,5,9,15.06107
1359492,2,18,6,8,14.01054
1359492,2,19,1,7,12.934871
1359492,2,19,2,6,10.459704
1359492,2,19,3,6,10.420826
1359492,2,19,4,5,8.425012
1359492,2,19,5,4,6.011857
1359494,1,15,1,40,33.54952
1359494,1,15,2,39,34.189034
1359494,1,15,3,39,37.0227
1359494,1,15,4,39,37.760902
1359494,1,15,5,38,39.316235
1359494,1,15,6,37,37.299217
1359494,1,15,7,36,39.628433
1359494,1,16,1,35,30.1565
1359494,1,16,2,35,30.112974
1359494,1,16,3,35,29.24085
1359494,1,16,4,34,27.888706
1359494,1,16,5,33,25.434938
1359494,1,16,6,32,25.206762
1359494,1,17,1,28,25.128063
1359494,1,17,2,27,25.389456
1359494,1,17,3,26,24.768478
1359494,1,17,4,26,22.845356
1359494,1,17,5,24,21.81388
1359494,1,17,6,24,20.8158
1359494,1,18,1,20,19.183056
1359494,1,18,2,16,18.057652
1359494,1,18,3,15,17.54191
1359494,1,18,4,14,17.035332
1359494,1,18,5,10,15.729049
1359494,1,18,6,9,13.317457
1359494,1,19,1,8,9.94385
1359494,1,19,2,7,8.891418
1359494,1,19,3,6,8.08761
1359494,1,19,4,5,5.6058717
1359494,1,19,5,4,3.9048703
1359494,1,19,6,3,1.7756233
1359494,1,19,7,2,1.3603588
1359494,2,15,1,43,38.111958
1359494,2,15,2,41,34.328476
1359494,2,15,3,41,31.276993
1359494,2,15,4,41,29.328487
1359494,2,15,5,41,17.925049
1359494,2,15,6,41,17.208908
1359494,2,16,1,40,21.3374
1359494,2,16,2,39,19.39249
1359494,2,16,3,37,19.586334
1359494,2,16,4,33,19.733068
1359494,2,16,5,32,20.916283
1359494,2,16,6,30,19.760471
1359494,2,16,7,29,18.390152
1359494,2,17,1,28,18.064856
1359494,2,17,2,24,17.839916
1359494,2,17,3,23,12.451311
1359494,2,17,4,23,8.529604
1359494,2,17,5,23,9.288029
1359494,2,17,6,22,8.576881
1359494,2,18,1,21,8.271419
1359494,2,18,2,21,10.280483
1359494,2,18,3,17,12.239677
1359494,2,18,4,13,11.49279
1359494,2,18,5,13,11.057328
1359494,2,18,6,13,10.026324
1359494,2,19,1,12,8.619299
1359494,2,19,2,8,7.0081244
1359494,2,19,3,7,5.7083354
1359494,2,19,4,7,5.119121
1359494,2,19,5,5,3.520529
1359494,2,19,6,1,1.7755718
1359494,2,19,7,0,2.728877
1359497,1,15,1,58,52.399914
1359497,1,15,2,56,49.306656
1359497,1,15,3,56,44.008404
1359497,1,15,4,55,43.5178
1359497,1,15,5,54,43.49239
1359497,1,15,6,53,43.46462
1359497,1,16,1,52,40.246124
1359497,1,16,2,51,38.781223
1359497,1,16,3,50,35.918312
1359497,1,16,4,49,35.447834
1359497,1,16,5,48,33.68156
1359497,1,16,6,46,34.820827
1359497,1,17,1,40,32.301163
1359497,1,17,2,39,32.951694
1359497,1,17,3,38,31.443378
1359497,1,17,4,32,29.465677
1359497,1,17,5,26,28.785185
1359497,1,17,6,24,28.180979
1359497,1,18,1,23,25.10076
1359497,1,18,2,23,22.964487
1359497,1,18,3,22,19.135176
1359497,1,18,4,18,16.898046
1359497,1,18,5,17,17.543457
1359497,1,18,6,11,13.54089
1359497,1,19,1,11,12.10315
1359497,1,19,2,10,10.024751
1359497,1,19,3,10,8.904218
1359497,1,19,4,6,7.709057
1359497,1,19,5,2,4.67026
1359497,1,19,6,2,1.4579422
1359497,1,19,7,1,1.5371077
1359497,2,15,1,65,47.596943
1359497,2,15,2,63,36.249477
1359497,2,15,3,57,38.67787
1359497,2,15,4,56,43.962578
1359497,2,15,5,52,42.393032
1359497,2,15,6,51,38.199986
1359497,2,16,1,45,37.99922
1359497,2,16,2,41,38.447
1359497,2,16,3,41,37.70885
1359497,2,16,4,41,38.261696
1359497,2,16,5,40,35.168053
1359497,2,16,6,39,29.099077
1359497,2,16,7,38,32.427795
1359497,2,17,1,37,30.082624
1359497,2,17,2,36,27.652275
1359497,2,17,3,36,27.565742
1359497,2,17,4,32,25.288717
1359497,2,17,5,32,23.164137
1359497,2,17,6,26,22.540854
1359497,2,18,1,24,23.925621
1359497,2,18,2,18,18.63555
1359497,2,18,3,18,20.853424
1359497,2,18,4,14,20.24221
1359497,2,18,5,8,16.144838
1359497,2,18,6,8,14.962408
1359497,2,19,1,8,11.746836
1359497,2,19,2,6,8.487611
1359499,1,15,1,62,50.526115
1359499,1,15,2,61,50.21782
1359499,1,15,3,60,46.02901
1359499,1,15,4,60,43.906467
1359499,1,15,5,56,44.19137
1359499,1,15,6,56,38.93875
1359499,1,15,7,50,41.726387
1359499,1,16,1,48,38.667908
1359499,1,16,2,47,35.739914
1359499,1,16,3,41,35.38187
1359499,1,16,4,41,36.682076
1359499,1,16,5,41,29.751799
1359499,1,16,6,41,27.031553
1359499,1,17,1,40,28.125116
1359499,1,17,2,39,25.652699
1359499,1,17,3,35,26.045876
1359499,1,17,4,31,27.636675
1359499,1,17,5,27,27.855492
1359499,1,17,6,21,25.296444
1359499,1,18,1,20,26.017744
1359499,1,18,2,19,22.455864
1359499,1,18,3,17,20.098368
1359499,1,18,4,16,18.843777
1359499,1,18,5,15,16.115152
1359499,1,18,6,14,14.045051
1359499,1,19,1,14,12.001882
1359499,1,19,2,10,10.33332
1359499,1,19,3,9,7.958542
1359499,1,19,4,6,8.32605
1359499,1,19,5,2,5.1103406
1359499,1,19,6,1,4.4371095
1359499,2,15,1,45,36.399734
1359499,2,15,2,44,36.967632
1359499,2,15,3,44,35.028786
1359499,2,15,4,44,33.532356
1359499,2,15,5,43,40.585037
1359499,2,15,6,39,43.91469
1359499,2,16,1,35,35.527153
1359499,2,16,2,35,34.387524
1359499,2,16,3,34,33.6106
1359499,2,16,4,33,36.34691
1359499,2,16,5,29,23.69498
1359499,2,16,6,29,20.42219
1359499,2,16,7,29,20.683048
1359499,2,17,1,28,20.734184
1359499,2,17,2,24,20.507868
1359499,2,17,3,23,20.352758
1359499,2,17,4,22,22.240032
1359499,2,17,5,18,21.463543
1359499,2,17,6,13,17.79581
1359499,2,17,7,13,20.50876
1359499,2,18,1,9,17.843897
1359499,2,18,2,8,16.188309
1359499,2,18,3,7,13.9328785
1359499,2,18,4,7,11.515587
1359499,2,18,5,6,10.263246
1359499,2,18,6,5,6.754811
1359499,2,19,1,5,6.2498736
1359499,2,19,2,5,4.6817403
1359499,2,19,3,4,4.123006
1359499,2,19,4,3,3.8775103
1359499,2,19,5,1,2.6494825
1359499,2,19,6,0,-0.3296468
1359509,1,15,1,77,42.602787
1359509,1,15,2,76,49.76996
1359509,1,15,3,75,49.205395
1359509,1,15,4,74,47.7426
1359509,1,15,5,73,42.493877
1359509,1,15,6,72,39.92764
1359509,1,15,7,70,44.177036
1359509,1,16,1,70,39.750114
1359509,1,16,2,69,36.933002
1359509,1,16,3,67,38.09132
1359509,1,16,4,63,37.854412
1359509,1,16,5,62,36.70474
1359509,1,16,6,58,34.326355
1359509,1,17,1,57,32.190502
1359509,1,17,2,56,33.28259
1359509,1,17,3,50,30.439629
1359509,1,17,4,44,29.763971
1359509,1,17,5,43,26.868
1359509,1,17,6,41,22.6269
1359509,1,18,1,35,24.95574
1359509,1,18,2,35,22.754665
1359509,1,18,3,29,21.582533
1359509,1,18,4,28,18.83808
1359509,1,18,5,28,19.129099
1359509,1,18,6,22,18.12867
1359509,1,19,1,16,15.908168
1359509,1,19,2,15,12.649775
1359509,1,19,3,9,11.259403
1359509,1,19,4,3,11.108193
1359509,1,19,5,2,8.277338
1359509,1,19,6,2,3.8573225
1359509,1,19,7,2,4.05563
1359509,2,15,1,40,42.950626
1359509,2,15,2,34,44.207447
1359509,2,15,3,33,44.65131
1359509,2,15,4,27,40.65031
1359509,2,15,5,26,40.655323
1359509,2,15,6,25,43.5439
1359509,2,16,1,23,33.91464
1359509,2,16,2,23,33.06438
1359509,2,16,3,22,31.468962
1359509,2,16,4,22,30.188131
1359509,2,16,5,22,28.931183
1359509,2,16,6,21,25.880325
1359509,2,17,1,17,21.99013
1359509,2,17,2,17,21.197355
1359509,2,17,3,16,21.681566
1359509,2,17,4,15,17.172377
1359509,2,17,5,15,17.232132
1359509,2,17,6,14,15.853248
1359509,2,18,1,13,17.334425
1359509,2,18,2,12,14.218563
1359509,2,18,3,12,14.10328
1359509,2,18,4,11,14.018654
1359509,2,18,5,10,12.016337
1359509,2,18,6,9,10.080799
1359509,2,19,1,8,9.2350645
1359509,2,19,2,2,8.940742
1359509,2,19,3,0,7.9237475
1359509,2,19,4,0,5.6922417
1359509,2,19,5,0,5.3603797
1359509,2,19,6,0,2.6516483
1359512,1,15,1,73,56.502472
1359512,1,15,2,69,45.45273
1359512,1,15,3,68,43.057117
1359512,1,15,4,67,56.467583
1359512,1,15,5,61,55.188545
1359512,1,15,6,59,48.956814
1359512,1,15,7,58,58.912235
1359512,1,15,8,57,54.252052
1359512,1,16,1,57,40.96913
1359512,1,16,2,56,43.853916
1359512,1,16,3,52,45.040245
1359512,1,16,4,51,42.383667
1359512,1,16,5,49,45.238087
1359512,1,16,6,45,42.331985
1359512,1,17,1,41,34.29061
1359512,1,17,2,35,37.637436
1359512,1,17,3,34,36.59651
1359512,1,17,4,32,34.180286
1359512,1,17,5,28,32.046513
1359512,1,17,6,28,30.367664
1359512,1,18,1,22,25.972687
1359512,1,18,2,18,19.597015
1359512,1,18,3,18,17.783667
1359512,1,18,4,16,17.407572
1359512,1,18,5,16,15.112534
1359512,1,18,6,12,14.460515
1359512,1,19,1,12,12.962638
1359512,1,19,2,11,10.015876
1359512,1,19,3,7,8.074468
1359512,1,19,4,6,4.415548
1359512,1,19,5,6,3.1606655
1359512,1,19,6,2,0.6144573
1359512,1,19,7,1,0.8501827
1359512,2,15,1,49,57.06304
1359512,2,15,2,49,49.523243
1359512,2,15,3,49,49.02747
1359512,2,15,4,43,44.45982
1359512,2,15,5,42,42.73289
1359512,2,15,6,41,44.15737
1359512,2,15,7,39,43.21591
1359512,2,16,1,35,41.657043
1359512,2,16,2,33,39.527264
1359512,2,16,3,31,39.28106
1359512,2,16,4,30,39.218533
1359512,2,16,5,28,36.5878
1359512,2,16,6,23,32.32336
1359512,2,16,7,23,28.883326
1359512,2,17,1,23,29.552475
1359512,2,17,2,17,28.908306
1359512,2,17,3,11,27.963812
1359512,2,17,4,10,25.93586
1359512,2,17,5,9,20.419416
1359512,2,17,6,9,19.115862
1359512,2,17,7,8,17.832647
1359512,2,18,1,8,9.590142
1359512,2,18,2,8,8.479086
1359512,2,18,3,7,7.7985797
1359512,2,18,4,5,7.6872444
1359512,2,18,5,4,3.8632588
1359512,2,18,6,4,6.1995754
1359512,2,18,7,4,5.564414
1359512,2,19,1,2,4.919092
1359512,2,19,2,2,3.2672098
1359512,2,19,3,2,3.4430656
1359512,2,19,4,0,2.355227
1359512,2,19,5,0,0.538219
1359518,1,15,1,52,19.341557
1359518,1,15,2,51,38.666145
1359518,1,15,3,47,37.586807
1359518,1,15,4,47,38.793377
1359518,1,15,5,41,36.667656
1359518,1,15,6,40,34.57527
1359518,1,16,1,39,36.681324
1359518,1,16,2,35,38.4048
1359518,1,16,3,34,45.942696
1359518,1,16,4,30,38.982086
1359518,1,16,5,29,34.85351
1359518,1,16,6,27,43.948734
1359518,1,17,1,23,38.587963
1359518,1,17,2,21,35.68301
1359518,1,17,3,15,30.800968
1359518,1,17,4,13,27.071075
1359518,1,17,5,12,25.402327
1359518,1,17,6,11,21.788464
1359518,1,18,1,11,23.040474
1359518,1,18,2,5,19.801369
1359518,1,18,3,4,15.644253
1359518,1,18,4,4,13.6066065
1359518,1,18,5,4,12.077506
1359518,1,18,6,4,10.483705
1359518,1,19,1,3,8.796501
1359518,1,19,2,2,6.5137496
1359518,1,19,3,1,5.131489
1359518,1,19,4,1,3.6484838
1359518,1,19,5,0,2.0071204
1359518,1,19,6,0,0.74389005
1359518,2,15,1,46,56.776337
1359518,2,15,2,45,41.035416
1359518,2,15,3,44,44.991222
1359518,2,15,4,40,43.991455
1359518,2,15,5,40,49.193813
1359518,2,15,6,39,51.58077
1359518,2,15,7,38,47.707993
1359518,2,16,1,36,41.77493
1359518,2,16,2,35,32.71467
1359518,2,16,3,34,31.72842
1359518,2,16,4,34,29.619753
1359518,2,16,5,33,28.692047
1359518,2,16,6,32,28.104061
1359518,2,17,1,31,26.727104
1359518,2,17,2,31,24.426996
1359518,2,17,3,30,24.447859
1359518,2,17,4,30,25.539589
1359518,2,17,5,29,24.105791
1359518,2,17,6,28,23.713009
1359518,2,18,1,27,19.064133
1359518,2,18,2,27,16.051447
1359518,2,18,3,25,15.17957
1359518,2,18,4,24,14.746286
1359518,2,18,5,18,14.330243
1359518,2,18,6,12,12.036178
1359518,2,19,1,6,10.898001
1359518,2,19,2,4,9.833675
1359518,2,19,3,3,9.610594
1359518,2,19,4,3,8.552885
1359518,2,19,5,3,5.1104836
1359518,2,19,6,1,2.593216
1359524,1,15,1,55,39.839394
1359524,1,15,2,53,42.58743
1359524,1,15,3,52,40.885307
1359524,1,15,4,48,39.747814
1359524,1,15,5,47,38.598095
1359524,1,15,6,46,39.021748
1359524,1,15,7,44,40.458088
1359524,1,16,1,44,39.128105
1359524,1,16,2,40,37.8325
1359524,1,16,3,39,36.67037
1359524,1,16,4,38,34.407402
1359524,1,16,5,37,31.664715
1359524,1,16,6,36,29.890608
1359524,1,16,7,32,27.541712
1359524,1,16,8,31,33.706566
1359524,1,17,1,30,29.180359
1359524,1,17,2,30,28.156614
1359524,1,17,3,29,26.632719
1359524,1,17,4,25,25.23001
1359524,1,17,5,24,23.36539
1359524,1,17,6,23,21.520641
1359524,1,17,7,21,23.763042
1359524,1,18,1,15,22.9468
1359524,1,18,2,15,20.61611
1359524,1,18,3,15,21.118862
1359524,1,18,4,11,19.208147
1359524,1,18,5,10,16.166265
1359524,1,18,6,10,14.097481
1359524,1,19,1,9,10.813477
1359524,1,19,2,9,9.03718
1359524,1,19,3,3,6.8278694
1359524,1,19,4,2,5.4932303
1359524,1,19,5,1,3.733847
1359524,1,19,6,0,1.9809775
1359524,2,15,1,21,44.752747
1359524,2,15,2,20,54.01886
1359524,2,15,3,16,42.74305
1359524,2,15,4,16,47.741756
1359524,2,15,5,10,47.43506
1359524,2,15,6,9,45.33095
1359524,2,16,1,8,42.93679
1359524,2,16,2,7,41.414833
1359524,2,16,3,6,40.05671
1359524,2,16,4,6,33.348938
1359532,1,15,1,52,44.505733
1359532,1,15,2,51,47.084114
1359532,1,15,3,45,46.638836
1359532,1,15,4,39,45.59941
1359532,1,15,5,39,44.29806
1359532,1,15,6,38,43.855217
1359532,1,15,7,38,46.758415
1359532,1,16,1,37,42.51104
1359532,1,16,2,37,36.06236
1359532,1,16,3,37,35.806892
1359532,1,16,4,36,33.27649
1359532,1,16,5,30,32.717613
1359532,1,16,6,28,30.68359
1359532,1,17,1,28,31.284609
1359532,1,17,2,27,30.188229
1359532,1,17,3,26,28.455761
1359532,1,17,4,25,26.117601
1359532,1,17,5,25,24.690704
1359532,1,17,6,25,21.592485
1359532,1,18,1,21,21.470457
1359532,1,18,2,20,21.078842
1359532,1,18,3,14,21.293951
1359532,1,18,4,13,20.300406
1359532,1,18,5,9,18.6464
1359532,1,18,6,9,15.85866
1359532,1,19,1,9,10.83967
1359532,1,19,2,9,10.294168
1359532,1,19,3,9,8.273288
1359532,1,19,4,9,6.1756253
1359532,1,19,5,3,4.434093
1359532,1,19,6,2,3.7554328
1359532,2,15,1,71,59.27075
1359532,2,15,2,65,56.277718
1359532,2,15,3,64,44.376465
1359532,2,15,4,58,45.667522
1359532,2,15,5,58,41.749023
1359532,2,15,6,52,31.111908
1359532,2,15,7,46,38.87223
1359532,2,16,1,40,38.12157
1359532,2,16,2,39,38.101032
1359532,2,16,3,37,36.930946
1359532,2,16,4,36,33.9811
1359532,2,16,5,36,33.67414
1359532,2,16,6,30,35.435085
1359532,2,17,1,26,31.995443
1359532,2,17,2,25,29.482311
1359532,2,17,3,25,27.917908
1359532,2,17,4,25,25.239893
1359532,2,17,5,24,24.448156
1359532,2,17,6,20,23.8532
1359532,2,18,1,16,22.076727
1359532,2,18,2,16,20.44699
1359532,2,18,3,15,20.565601
1359532,2,18,4,14,19.913239
1359532,2,18,5,13,18.496395
1359532,2,18,6,7,14.792959
1359532,2,19,1,6,13.229247
1359532,2,19,2,4,11.072883
1370353,1,15,1,71,44.26607
1370353,1,15,2,70,42.374905
1370353,1,15,3,70,50.307213
1370353,1,15,4,66,46.594376
1370353,1,15,5,62,46.270397
1370353,1,15,6,61,43.455563
1370353,1,16,1,61,43.881626
1370353,1,16,2,55,44.58947
1370353,1,16,3,51,45.126503
1370353,1,16,4,47,42.009346
1370353,1,16,5,43,43.49936
1370353,1,16,6,42,43.794353
1370353,1,17,1,41,34.490353
1370353,1,17,2,40,33.205097
1370353,1,17,3,38,30.263987
1370353,1,17,4,37,25.210487
1370353,1,17,5,35,24.292942
1370353,1,17,6,33,23.142326
1370353,1,18,1,32,24.686432
1370353,1,18,2,26,20.929783
1370353,1,18,3,26,17.498848
1370353,1,18,4,25,16.530766
1370353,1,18,5,21,15.219851
1370353,1,18,6,20,15.672228
1370353,1,19,1,14,15.010584
1370353,1,19,2,8,11.775066
1370353,1,19,3,2,11.326496
1370353,1,19,4,2,9.77637
1370353,1,19,5,1,7.86263
1370353,1,19,6,0,3.801799
1422119,1,15,1,71,42.044823
1422119,1,15,2,67,41.4136
1422119,1,15,3,66,40.330776
1422119,1,15,4,65,40.233463
1422119,1,15,5,64,39.05982
1422119,1,15,6,63,32.38559
1422119,1,16,1,57,38.157436
1422119,1,16,2,57,32.46855
1422119,1,16,3,53,32.27822
1422119,1,16,4,53,32.849743
1422119,1,16,5,52,32.35157
1422119,1,16,6,51,28.414835
1422119,1,16,7,50,29.014915
1422119,1,17,1,50,26.92183
1422119,1,17,2,49,31.072363
1422119,1,17,3,43,29.801762
1422119,1,17,4,42,27.632622
1422119,1,17,5,41,26.075684
1422119,1,17,6,35,24.66649
1422119,1,17,7,35,22.945675
1422119,1,17,8,29,28.536531
1422119,1,18,1,25,22.598614
1422119,1,18,2,23,22.835606
1422119,1,18,3,22,20.955215
1422119,1,18,4,16,18.649706
1422119,1,18,5,15,18.079683
1422119,1,18,6,11,14.577286
1422119,1,18,7,10,13.6516485
1422119,1,19,1,9,12.393985
1422119,1,19,2,8,10.701045
1422119,1,19,3,8,7.3197074
1422119,1,19,4,8,4.962343
1422119,1,19,5,7,2.945527
1422119,1,19,6,6,0.9502606
1422119,1,19,7,6,1.5165687
1422119,1,19,8,4,1.9948335
1422119,1,19,9,0,1.0839906
1422119,2,15,1,48,50.38481
1422119,2,15,2,47,50.871384
1422119,2,15,3,43,50.397255
1422119,2,15,4,42,53.366318
1422119,2,15,5,39,53.75939
1422119,2,15,6,38,54.772083
1422119,2,15,7,37,58.06167
1422119,2,16,1,36,41.220715
1422119,2,16,2,34,40.714127
1422119,2,16,3,32,36.575485
1422119,2,16,4,31,35.026577
1422119,2,16,5,30,35.476585
1422119,2,16,6,26,33.15601
1422119,2,16,7,25,36.85375
1422119,2,16,8,21,37.501263
1422119,2,17,1,20,29.024714
1422119,2,17,2,20,30.81084
1422119,2,17,3,16,27.328663
1422119,2,17,4,16,22.676928
1422119,2,17,5,16,22.725145
1422119,2,17,6,12,21.793137
1422119,2,18,1,12,20.478632
1422119,2,18,2,11,19.342136
1422119,2,18,3,10,16.96293
1422119,2,18,4,10,16.25318
1422119,2,18,5,4,15.357383
1422122,1,15,1,50,44.64193
1422122,1,15,2,49,42.612785
1422122,1,15,3,48,41.650646
1422122,1,15,4,48,44.063663
1422122,1,15,5,46,43.091072
1422122,1,15,6,45,43.755375
1422122,1,16,1,44,39.99688
1422122,1,16,2,43,38.221478
1422122,1,16,3,43,32.19128
1422122,1,16,4,43,29.632074
1422122,1,16,5,43,26.483065
1422122,1,16,6,41,32.558228
1422122,1,17,1,35,30.037792
1422122,1,17,2,34,29.437979
1422122,1,17,3,33,28.197298
1422122,1,17,4,32,27.128525
1422122,1,17,5,31,24.444307
1422122,1,17,6,29,21.2163
1422122,1,17,7,28,23.55717
1422122,1,18,1,22,20.295729
1422122,1,18,2,22,19.629765
1422122,1,18,3,21,18.419035
1422122,1,18,4,20,16.87066
1422122,1,18,5,18,14.556161
1422122,1,18,6,17,12.070324
1422122,1,18,7,16,12.088441
1422122,1,18,8,16,12.412431
1422122,1,19,1,14,9.530921
1422122,1,19,2,14,7.2664905
1422122,1,19,3,13,7.130109
1422122,1,19,4,9,6.036635
1422122,1,19,5,8,4.666719
1422122,1,19,6,2,2.9938362
1422122,2,15,1,39,41.002872
1422122,2,15,2,38,52.875652
1422122,2,15,3,32,55.861115
1422122,2,15,4,30,50.047485
1422122,2,15,5,30,53.916782
1422122,2,15,6,29,55.18311
1422122,2,16,1,28,40.47604
1422122,2,16,2,28,39.742596
1422122,2,16,3,27,35.646362
1422122,2,16,4,26,34.729195
1422122,2,16,5,25,32.21129
1422122,2,16,6,25,30.037485
1422122,2,17,1,21,30.60203
1422122,2,17,2,20,29.75093
1422122,2,17,3,19,25.998514
1422122,2,17,4,19,24.444057
1422122,2,17,5,19,22.557312
1422122,2,17,6,18,22.797142
1422122,2,18,1,17,18.444468
1422122,2,18,2,16,17.331947
1422122,2,18,3,15,16.554016
1422122,2,18,4,14,16.93992
1422122,2,18,5,10,14.552334
1422122,2,18,6,10,13.172057
1422122,2,18,7,10,14.048691
1422122,2,19,1,6,10.786264
1422122,2,19,2,4,9.557646
1422122,2,19,3,4,6.9602065
1422122,2,19,4,4,5.3572636
1422122,2,19,5,3,3.3653114
1422122,2,19,6,2,1.8582772
1422122,2,19,7,1,1.2023586
1422123,1,15,1,44,44.71814
1422123,1,15,2,42,44.49141
1422123,1,15,3,38,43.708733
1422123,1,15,4,37,42.140205
1422123,1,15,5,36,42.066933
1422123,1,15,6,35,40.232346
1422123,1,16,1,35,39.75531
1422123,1,16,2,35,36.945354
1422123,1,16,3,34,28.438368
1422123,1,16,4,34,25.998251
1422123,1,16,5,34,25.11562
1422123,1,16,6,34,26.24627
1422123,1,17,1,33,27.322802
1422123,1,17,2,27,26.466198
1422123,1,17,3,27,28.123768
1422123,1,17,4,23,25.728827
1422123,1,17,5,19,23.822853
1422123,1,17,6,17,22.453682
1422123,1,17,7,16,22.437414
1422123,1,17,8,15,23.443209
1422123,1,18,1,14,20.377705
1422123,1,18,2,13,18.598806
1422123,1,18,3,12,17.654585
1422123,1,18,4,10,16.70272
1422123,1,18,5,9,14.663073
1422123,1,18,6,8,13.511095
1422123,1,19,1,7,10.054652
1422123,1,19,2,7,8.008144
1422123,1,19,3,5,6.00542
1422123,1,19,4,4,3.9592571
1422123,1,19,5,3,2.345525
1422123,1,19,6,2,0.7299325
1422123,2,15,1,36,41.154167
1422123,2,15,2,36,39.19431
1422123,2,15,3,34,30.9384
1422123,2,15,4,34,37.69728
1422123,2,15,5,33,38.46584
1422123,2,15,6,33,38.901436
1422123,2,16,1,32,33.635204
1422123,2,16,2,32,32.639256
1422123,2,16,3,31,32.316685
1422123,2,16,4,31,29.85779
1422123,2,16,5,31,29.929178
1422123,2,16,6,30,30.54904
1422123,2,17,1,29,28.821758
1422123,2,17,2,29,28.16223
1422123,2,17,3,28,27.413157
1422123,2,17,4,24,25.297312
1422123,2,17,5,22,25.713545
1422123,2,17,6,20,24.362976
1422123,2,17,7,20,23.689001
1422123,2,18,1,20,20.284925
1422123,2,18,2,14,19.613106
1422123,2,18,3,14,17.58189
1422123,2,18,4,13,15.727631
1422123,2,18,5,12,14.40963
1422123,2,18,6,12,10.859091
1422123,2,19,1,12,8.601611
1422123,2,19,2,6,8.137815
1422123,2,19,3,2,5.829395
1422123,2,19,4,2,3.690561
1422123,2,19,5,2,2.6454813
1422123,2,19,6,1,1.7348579
1422124,1,15,1,48,53.661194
1422124,1,15,2,47,49.393967
1422124,1,15,3,46,51.920612
1422124,1,15,4,45,50.54792
1422124,1,15,5,44,45.31217
1422124,1,15,6,44,44.063953
1422124,1,16,1,44,38.760735
1422124,1,16,2,44,36.094166
1422124,1,16,3,40,35.466022
1422124,1,16,4,40,35.87437
1422124,1,16,5,39,33.959152
1422124,1,16,6,38,30.982822
1422124,1,17,1,37,28.46494
1422124,1,17,2,36,28.842419
1422124,1,17,3,35,28.419111
1422124,1,17,4,31,26.451155
1422124,1,17,5,31,24.990513
1422124,1,17,6,30,25.98649
1422124,1,17,7,26,22.797035
1422124,1,17,8,26,23.289492
1422124,1,18,1,24,20.107504
1422124,1,18,2,24,19.02776
1422124,1,18,3,23,17.897787
1422124,1,18,4,22,11.8453245
1422124,1,18,5,22,12.716938
1422124,1,18,6,20,10.751079
1422124,1,19,1,20,10.593234
1422124,1,19,2,14,8.714751
1422124,1,19,3,14,8.108348
1422124,1,19,4,8,6.3429217
1422124,1,19,5,4,5.4696884
1422124,1,19,6,3,4.212451
1422124,1,19,7,1,3.2966604
1422124,2,15,1,60,46.70465
1422124,2,15,2,59,52.86824
1422124,2,15,3,55,49.789436
1422124,2,15,4,51,47.032635
1422124,2,15,5,51,47.138
1422124,2,15,6,50,47.780933
1422124,2,15,7,48,44.53743
1422124,2,16,1,48,40.041492
1422124,2,16,2,48,30.707293
1422124,2,16,3,48,32.32559
1422124,2,16,4,44,30.572647
1422124,2,16,5,43,30.951666
1422124,2,16,6,39,31.827147
1422124,2,17,1,37,29.714575
1422124,2,17,2,36,29.098719
1422124,2,17,3,35,25.868208
1422124,2,17,4,29,24.635664
1422124,2,17,5,25,22.362465
1422124,2,17,6,25,20.715046
1422124,2,18,1,24,17.960814
1422124,2,18,2,23,18.918417
1422124,2,18,3,22,16.756632
1422124,2,18,4,22,15.390076
1422124,2,18,5,18,14.761669
1422124,2,18,6,18,13.250826
1422124,2,18,7,12,12.70086
1422124,2,19,1,11,13.717522
1422124,2,19,2,5,11.214768
1422124,2,19,3,4,10.078957
1422127,1,15,1,77,28.550688
1422127,1,15,2,73,33.32108
1422127,1,15,3,72,46.846
1422127,1,15,4,72,39.337097
1422127,1,15,5,68,37.40662
1422127,1,15,6,68,42.199966
1422127,1,16,1,62,44.03397
1422127,1,16,2,61,42.669548
1422127,1,16,3,60,39.350887
1422127,1,16,4,56,39.354923
1422127,1,16,5,54,37.1601
1422127,1,16,6,53,37.578648
1422127,1,17,1,47,38.153664
1422127,1,17,2,43,29.751287
1422127,1,17,3,43,27.797012
1422127,1,17,4,42,26.214998
1422127,1,17,5,42,23.037844
1422127,1,17,6,41,21.665787
1422127,1,18,1,40,20.315426
1422127,1,18,2,39,20.318134
1422127,1,18,3,38,18.301348
1422127,1,18,4,37,16.729757
1422127,1,18,5,31,15.591332
1422127,1,18,6,27,13.611647
1422127,1,18,7,27,12.771188
1422127,1,19,1,25,12.714433
1422127,1,19,2,21,13.059121
1422127,1,19,3,17,12.401056
1422127,1,19,4,11,9.97359
1422127,1,19,5,7,10.432152
1422127,1,19,6,1,5.573127
1422127,2,15,1,53,49.53588
1422127,2,15,2,51,45.58228
1422127,2,15,3,51,46.085693
1422127,2,15,4,51,42.320137
1422127,2,15,5,49,42.92636
1422127,2,15,6,48,42.466946
1422127,2,16,1,47,33.439396
1422127,2,16,2,45,34.987057
1422127,2,16,3,44,34.235184
1422127,2,16,4,43,32.490124
1422127,2,16,5,42,29.936289
1422127,2,16,6,40,34.014633
1422127,2,16,7,34,35.142254
1422127,2,17,1,28,30.476263
1422127,2,17,2,24,31.985786
1422127,2,17,3,24,29.18906
1422127,2,17,4,23,26.124569
1422127,2,17,5,22,24.236115
1422127,2,17,6,21,21.513214
1422127,2,17,7,20,23.372925
1422127,2,18,1,19,20.098633
1422127,2,18,2,13,20.219418
1422127,2,18,3,9,19.16947
1422127,2,18,4,8,18.618221
1422127,2,18,5,7,16.953602
1422127,2,18,6,6,13.705482
1422127,2,19,1,4,11.604455
1422127,2,19,2,3,10.228854
1422127,2,19,3,3,8.063595
1422127,2,19,4,2,5.6814437
1422127,2,19,5,1,3.950413
1422127,2,19,6,1,1.5434144
1422128,1,15,1,48,52.02055
1422128,1,15,2,48,46.57466
1422128,1,15,3,48,45.581383
1422128,1,15,4,47,47.523403
1422128,1,15,5,46,45.196888
1422128,1,15,6,46,49.698578
1422128,1,15,7,45,41.67291
1422128,1,16,1,41,37.56953
1422128,1,16,2,40,35.969936
1422128,1,16,3,39,37.021233
1422128,1,16,4,38,34.81346
1422128,1,16,5,38,33.614265
1422128,1,16,6,36,32.290627
1422128,1,16,7,35,31.534876
1422128,1,17,1,34,27.010147
1422128,1,17,2,32,27.550817
1422128,1,17,3,31,25.250465
1422128,1,17,4,31,23.238922
1422128,1,17,5,30,20.880436
1422128,1,17,6,30,20.55585
1422128,1,18,1,29,19.984676
1422128,1,18,2,28,18.091091
1422128,1,18,3,28,13.715471
1422128,1,18,4,28,16.470776
1422128,1,18,5,22,15.113634
1422128,1,18,6,22,13.880765
1422128,1,19,1,16,11.8135805
1422128,1,19,2,14,11.49568
1422128,1,19,3,8,11.6565
1422128,1,19,4,7,9.797601
1422128,1,19,5,1,8.173248
1422128,1,19,6,0,4.512944
1422128,2,15,1,19,40.359997
1422128,2,15,2,19,41.59128
1422128,2,15,3,18,43.583595
1422128,2,15,4,17,43.653347
1422128,2,15,5,16,45.60257
1422128,2,15,6,15,41.460575
1422128,2,15,7,11,41.131516
1422128,2,16,1,10,42.39159
1422128,2,16,2,9,42.485554
1422128,2,16,3,7,39.3521
1422128,2,16,4,7,37.0298
1422128,2,16,5,6,37.019047
1422132,1,15,1,23,30.415335
1422132,1,15,2,22,29.11626
1422132,1,15,3,18,28.33347
1422132,1,15,4,17,27.800043
1422132,1,15,5,16,28.752934
1422132,1,15,6,15,30.716934
1422132,1,15,7,14,30.86198
1422132,1,16,1,14,25.934155
1422132,1,16,2,14,26.106161
1422132,1,16,3,14,14.040836
1422132,1,16,4,14,13.4139595
1422132,1,16,5,14,13.368602
1422132,1,16,6,14,13.8810005
1422132,1,17,1,13,15.259021
1422132,1,17,2,12,15.271252
1422132,1,17,3,12,15.423957
1422132,1,17,4,12,14.843636
1422132,1,17,5,12,14.928742
1422132,1,17,6,11,14.359533
1422132,1,18,1,11,14.497103
1422132,1,18,2,11,13.753701
1422132,1,18,3,11,7.421164
1422132,1,18,4,11,6.0488095
1422132,1,18,5,11,6.640186
1422132,1,18,6,10,6.0045314
1422132,1,19,1,10,3.2015083
1422132,1,19,2,9,6.050838
1422132,1,19,3,5,5.1945977
1422132,1,19,4,4,4.678557
1422132,1,19,5,3,3.444743
1422132,1,19,6,2,1.3835062
1422132,2,15,1,16,56.843815
1422132,2,15,2,10,54.111107
1422132,2,15,3,4,49.140144
1422135,1,15,1,65,50.33478
1422135,1,15,2,64,48.4439
1422135,1,15,3,63,50.397034
1422135,1,15,4,62,50.010452
1422135,1,15,5,60,46.65192
1422135,1,15,6,59,45.956097
1422135,1,16,1,58,43.8361
1422135,1,16,2,57,41.623333
1422135,1,16,3,56,38.091553
1422135,1,16,4,55,38.940815
1422135,1,16,5,49,38.30195
1422135,1,16,6,47,38.401833
1422135,1,17,1,46,39.060993
1422135,1,17,2,40,31.906603
1422135,1,17,3,36,26.714996
1422135,1,17,4,35,26.795307
1422135,1,17,5,35,24.599413
1422135,1,17,6,34,23.435118
1422135,1,18,1,33,20.452457
1422135,1,18,2,32,18.970083
1422135,1,18,3,26,18.107185
1422135,1,18,4,25,16.8828
1422135,1,18,5,23,15.969417
1422135,1,18,6,22,15.790082
1422135,1,18,7,18,14.639743
1422135,1,18,8,17,13.950175
1422135,1,18,9,16,14.274502
1422135,1,19,1,13,11.701327
1422135,1,19,2,11,9.765431
1422135,1,19,3,10,7.9169044
1422135,1,19,4,9,5.668417
1422135,1,19,5,8,5.1631217
1422135,1,19,6,4,4.4599633
1422135,2,15,1,62,49.431046
1422135,2,15,2,56,51.3549
1422135,2,15,3,50,44.681698
1422135,2,15,4,50,47.52222
1422135,2,15,5,49,47.295254
1422135,2,15,6,48,44.082962
1422135,2,16,1,47,39.67758
1422135,2,16,2,46,37.15243
1422135,2,16,3,46,35.675232
1422135,2,16,4,44,32.873055
1422135,2,16,5,43,30.607128
1422135,2,16,6,42,30.757582
1422135,2,17,1,41,29.223299
1422135,2,17,2,37,32.996456
1422135,2,17,3,33,30.222095
1422135,2,17,4,32,30.200352
1422135,2,17,5,31,27.308804
1422135,2,17,6,29,24.349276
1422135,2,18,1,25,22.846443
1422135,2,18,2,24,23.274809
1422135,2,18,3,18,21.50441
1422135,2,18,4,16,20.29785
1422135,2,18,5,14,18.46854
1422135,2,18,6,13,15.690454
1422135,2,19,1,7,11.466832
1422135,2,19,2,7,6.9119196
1422135,2,19,3,6,6.483215
1422135,2,19,4,6,5.146972
1422135,2,19,5,5,2.8415341
1422135,2,19,6,1,0.41688657
1426265,1,15,1,61,46.184563
1426265,1,15,2,55,43.85012
1426265,1,15,3,54,38.420494
1426265,1,15,4,54,36.03215
1426265,1,15,5,54,40.312126
1426265,1,15,6,50,37.62058
1426265,1,16,1,44,38.23615
1426265,1,16,2,44,37.845688
1426265,1,16,3,43,37.925064
1426265,1,16,4,42,36.474693
1426265,1,16,5,41,33.65524
1426265,1,16,6,37,31.076836
1426265,1,17,1,36,28.70742
1426265,1,17,2,35,27.094608
1426265,1,17,3,34,25.582516
1426265,1,17,4,33,23.055029
1426265,1,17,5,32,23.383013
1426265,1,17,6,26,19.8731
1426265,1,17,7,25,19.67325
1426265,1,18,1,24,18.417402
1426265,1,18,2,23,17.35555
1426265,1,18,3,21,17.430262
1426265,1,18,4,15,14.921382
1426265,1,18,5,13,15.500265
1426265,1,18,6,7,14.145132
1426265,1,19,1,6,12.009646
1426265,1,19,2,6,9.332982
1426265,1,19,3,2,7.9360604
1426265,1,19,4,2,5.24799
1426265,1,19,5,1,3.8381944
1426265,1,19,6,0,2.5437133
1426265,2,15,1,53,42.15801
1426265,2,15,2,52,46.688675
1426265,2,15,3,51,40.185432
1426265,2,15,4,50,41.98344
1426265,2,15,5,49,47.132393
1426265,2,15,6,48,42.696175
1426265,2,16,1,47,32.59693
1426265,2,16,2,47,35.603935
1426265,2,16,3,41,36.64786
1426265,2,16,4,39,33.12406
1426265,2,16,5,39,32.51874
1426265,2,16,6,38,29.210342
1426265,2,17,1,38,29.297503
1426265,2,17,2,37,22.537886
1426265,2,17,3,37,21.007057
1426265,2,17,4,35,20.278643
1426265,2,17,5,34,21.936651
1426265,2,17,6,30,23.116365
1426265,2,18,1,24,21.720762
1426265,2,18,2,20,20.064451
1426265,2,18,3,16,17.249874
1426265,2,18,4,16,17.719866
1426265,2,18,5,15,15.787821
1426265,2,18,6,14,12.888697
1426265,2,19,1,14,11.547568
1426265,2,19,2,14,8.397359
1426265,2,19,3,14,6.8242207
1426265,2,19,4,8,4.986789
1426265,2,19,5,6,4.694461
1426270,1,15,1,11,31.40534
1426270,1,15,2,10,31.958408
1426270,1,15,3,10,30.966188
1426270,1,15,4,10,30.650953
1426270,1,15,5,10,21.448713
1426270,1,15,6,9,20.49536
1426270,1,16,1,8,21.26343
1426270,1,16,2,8,21.315863
1426270,1,16,3,2,19.536463
1426270,1,16,4,2,18.607502
1426270,1,16,5,1,19.396685
1426270,1,16,6,1,20.867613
1426270,1,17,1,1,13.478489
1426270,1,17,2,1,9.692348
1426270,1,17,3,0,1.3198568
1426271,1,15,1,62,46.183605
1426271,1,15,2,61,38.89305
1426271,1,15,3,61,43.42399
1426271,1,15,4,57,44.773315
1426271,1,15,5,51,39.447323
1426271,1,15,6,50,39.279816
1426271,1,16,1,44,38.75798
1426271,1,16,2,44,37.2408
1426271,1,16,3,44,34.259094
1426271,1,16,4,43,31.329815
1426271,1,16,5,42,28.298992
1426271,1,16,6,42,29.364916
1426271,1,17,1,36,28.633688
1426271,1,17,2,35,27.260927
1426271,1,17,3,34,26.798925
1426271,1,17,4,28,24.256178
1426271,1,17,5,27,24.386385
1426271,1,17,6,25,23.273201
1426271,1,18,1,25,22.610992
1426271,1,18,2,24,18.376541
1426271,1,18,3,24,16.845003
1426271,1,18,4,23,16.680359
1426271,1,18,5,19,15.220284
1426271,1,18,6,18,13.671316
1426271,1,18,7,14,15.656471
1426271,1,18,8,8,16.308819
1426271,1,19,1,7,12.411609
1426271,1,19,2,6,10.569785
1426271,1,19,3,2,7.7834153
1426271,1,19,4,2,6.3543687
1426271,1,19,5,1,4.525181
1426271,1,19,6,0,2.0597775
1426271,1,19,7,0,0.5962295
1426271,2,15,1,42,34.04874
1426271,2,15,2,41,28.810783
1426271,2,15,3,41,29.963232
1426271,2,15,4,40,28.871578
1426271,2,15,5,39,26.339195
1426271,2,15,6,39,28.374092
1426271,2,15,7,32,38.188564
1426271,2,15,8,26,37.78653
1426271,2,15,9,25,38.523945
1426271,2,15,10,24,36.05775
1426271,2,16,1,18,28.421175
1426271,2,16,2,17,31.243313
1426271,2,16,3,16,29.931816
1426271,2,16,4,15,29.403894
1426271,2,16,5,15,29.326916
1426271,2,16,6,15,28.200413
1426271,2,17,1,15,24.572594
1426271,2,17,2,15,22.27452
1426271,2,17,3,14,23.616102
1426271,2,17,4,13,23.607521
1426271,2,17,5,13,23.28899
1426271,2,17,6,13,23.174149
1426271,2,18,1,13,17.027306
1426271,2,18,2,11,16.806938
1426271,2,18,3,11,14.360471
1426271,2,18,4,9,9.750413
1426271,2,18,5,9,11.102793
1426271,2,18,6,3,9.847606
1426271,2,19,1,2,8.747307
1426271,2,19,2,1,3.9523792
1426278,1,15,1,97,46.86821
1426278,1,15,2,91,44.37911
1426278,1,15,3,90,44.78996
1426278,1,15,4,88,43.868687
1426278,1,15,5,87,40.088245
1426278,1,15,6,81,36.284805
1426278,1,16,1,81,37.4615
1426278,1,16,2,80,35.315098
1426278,1,16,3,80,33.83927
1426278,1,16,4,79,35.045288
1426278,1,16,5,73,32.902546
1426278,1,16,6,67,33.43083
1426278,1,17,1,67,30.959078
1426278,1,17,2,66,29.538425
1426278,1,17,3,62,28.384535
1426278,1,17,4,61,29.073154
1426278,1,17,5,55,24.90386
1426278,1,17,6,55,24.01246
1426278,1,18,1,53,22.216545
1426278,1,18,2,52,19.552912
1426278,1,18,3,51,20.44029
1426278,1,18,4,47,20.222727
1426278,1,18,5,41,19.31564
1426278,1,18,6,37,13.964346
1426278,1,19,1,31,15.454664
1426278,1,19,2,29,12.771465
1426278,1,19,3,28,12.041676
1426278,1,19,4,22,9.259594
1426278,1,19,5,18,7.892752
1426278,1,19,6,12,5.6303015
1426278,1,19,7,6,3.3552356
1426278,2,15,1,73,51.555756
1426278,2,15,2,72,51.034454
1426278,2,15,3,71,46.884983
1426278,2,15,4,70,46.84952
1426278,2,15,5,69,48.855812
1426278,2,15,6,68,34.75008
1426278,2,16,1,68,41.329975
1426278,2,16,2,64,40.18583
1426278,2,16,3,58,41.0287
1426278,2,16,4,58,39.21967
1426278,2,16,5,52,33.523754
1426278,2,16,6,46,35.325947
1426278,2,17,1,44,29.12364
1426278,2,17,2,43,30.961287
1426278,2,17,3,39,28.358269
1426278,2,17,4,39,24.334688
1426278,2,17,5,38,21.653107
1426278,2,17,6,37,20.27409
1426278,2,17,7,36,19.1604
1426278,2,18,1,32,16.90188
1426278,2,18,2,31,15.694839
1426278,2,18,3,27,14.459286
1426278,2,18,4,26,13.787938
1426278,2,18,5,26,14.08592
1426278,2,18,6,20,13.000938
1426278,2,18,7,14,12.609237
1426278,2,19,1,14,13.052785
1426278,2,19,2,10,11.0417795
1426278,2,19,3,6,9.457595
1426278,2,19,4,6,6.337855
1426278,2,19,5,6,4.2114697
1426278,2,19,6,0,2.7752416
1426282,1,15,1,46,46.391796
1426282,1,15,2,46,47.126762
1426282,1,15,3,45,48.49718
1426282,1,15,4,44,48.367485
1426282,1,15,5,43,48.324818
1426282,1,15,6,42,49.62496
1426282,1,15,7,41,50.17363
1426282,1,16,1,40,43.17858
1426282,1,16,2,35,41.464226
1426282,1,16,3,33,39.57178
1426282,1,16,4,31,38.701492
1426282,1,16,5,27,39.2274
1426282,1,16,6,26,38.68414
1426282,1,16,7,25,35.291943
1426282,1,17,1,25,31.484417
1426282,1,17,2,23,30.820127
1426282,1,17,3,23,27.494186
1426282,1,17,4,22,25.474102
1426282,1,17,5,20,24.12283
1426282,1,17,6,19,22.001354
1426282,1,18,1,18,19.011425
1426282,1,18,2,18,17.162527
1426282,1,18,3,18,15.005009
1426282,1,18,4,17,12.459532
1426282,1,18,5,16,11.978303
1426282,1,18,6,15,11.109999
1426282,1,18,7,14,12.1788025
1426282,1,19,1,12,12.189182
1426282,1,19,2,8,9.91804
1426282,1,19,3,6,7.818576
1426282,1,19,4,4,5.719321
1426282,1,19,5,3,3.9051297
1426282,1,19,6,2,2.2719219
1426282,2,15,1,55,45.704628
1426282,2,15,2,54,48.090157
1426282,2,15,3,53,49.937687
1426282,2,15,4,49,45.029106
1426282,2,15,5,45,44.30352
1426282,2,15,6,45,36.25541
1426282,2,16,1,39,41.410927
1426282,2,16,2,37,38.582882
1426282,2,16,3,37,33.33603
1426282,2,16,4,33,34.25695
1426282,2,16,5,31,32.08205
1426282,2,16,6,30,32.59402
1426282,2,17,1,29,30.919321
1426282,2,17,2,27,29.426666
1426282,2,17,3,27,27.910498
1426282,2,17,4,21,26.516151
1426282,2,17,5,20,25.42619
1426282,2,17,6,19,22.609116
1426282,2,18,1,13,23.82406
1426282,2,18,2,12,22.308588
1426282,2,18,3,11,18.58101
1426282,2,18,4,11,17.005459
1426282,2,18,5,10,18.088615
1426282,2,18,6,6,17.137867
1426283,1,15,1,62,53.793926
1426283,1,15,2,61,52.811382
1426283,1,15,3,61,53.01987
1426283,1,15,4,60,51.48929
1426283,1,15,5,59,41.6525
1426283,1,15,6,53,41.510746
1426283,1,16,1,52,42.84561
1426283,1,16,2,50,41.063484
1426283,1,16,3,50,37.400917
1426283,1,16,4,50,38.303955
1426283,1,16,5,49,31.153292
1426283,1,16,6,48,24.736874
1426283,1,16,7,48,30.362556
1426283,1,17,1,44,29.621243
1426283,1,17,2,40,29.428572
1426283,1,17,3,36,29.151424
1426283,1,17,4,32,29.011005
1426283,1,17,5,31,28.619059
1426283,1,17,6,30,25.160654
1426283,1,18,1,29,26.759405
1426283,1,18,2,23,22.357231
1426283,1,18,3,22,20.199312
1426283,1,18,4,18,20.247772
1426283,1,18,5,18,17.564947
1426283,1,18,6,18,14.89519
1426283,1,18,7,17,13.988388
1426283,1,19,1,16,11.775559
1426283,1,19,2,15,8.615306
1426283,1,19,3,13,7.223472
1426283,1,19,4,12,5.625134
1426283,1,19,5,11,3.873993
1426283,1,19,6,9,2.540453
1426283,1,19,7,8,2.3036048
1426283,1,19,8,6,2.8366148
1426283,2,15,1,29,63.89634
1426283,2,15,2,28,57.63261
1426283,2,15,3,22,53.411037
1426283,2,15,4,16,50.902435
1426283,2,15,5,12,52.665157
1426283,2,15,6,6,43.079815
1426286,1,15,1,48,44.129215
1426286,1,15,2,47,50.365963
1426286,1,15,3,43,47.826725
1426286,1,15,4,42,38.034393
1426286,1,15,5,41,35.433525
1426286,1,15,6,40,37.495243
1426286,1,16,1,38,35.352455
1426286,1,16,2,38,32.357727
1426286,1,16,3,37,30.074614
1426286,1,16,4,36,27.787094
1426286,1,16,5,36,27.775845
1426286,1,16,6,35,26.34111
1426286,1,16,7,33,28.264645
1426286,1,17,1,32,22.093367
1426286,1,17,2,32,22.10044
1426286,1,17,3,31,22.184248
1426286,1,17,4,31,20.922821
1426286,1,17,5,27,22.915592
1426286,1,17,6,21,20.9258
1426286,1,18,1,21,19.111382
1426286,1,18,2,21,17.060213
1426286,1,18,3,20,15.4049
1426286,1,18,4,20,12.286848
1426286,1,18,5,19,10.722201
1426286,1,18,6,18,9.806519
1426286,1,19,1,17,9.352482
1426286,1,19,2,15,7.2517104
1426286,1,19,3,13,7.346556
1426286,1,19,4,9,5.6120486
1426286,1,19,5,7,4.6501713
1426286,1,19,6,3,3.0171728
1426286,2,15,1,29,49.484306
1426286,2,15,2,29,43.391006
1426286,2,15,3,28,42.724392
1426286,2,15,4,27,40.068356
1426286,2,15,5,26,37.63134
1426286,2,15,6,26,40.084404
1426286,2,15,7,24,39.944687
1426286,2,16,1,23,37.320595
1426286,2,16,2,23,35.302658
1426286,2,16,3,23,34.010654
1426286,2,16,4,22,33.454063
1426286,2,16,5,22,26.856403
1426286,2,16,6,22,25.110765
1426286,2,17,1,22,25.377811
1426286,2,17,2,22,24.500937
1426286,2,17,3,22,23.48378
1426286,2,17,4,18,24.471718
1426286,2,17,5,14,22.624985
1426286,2,17,6,14,20.791101
1426286,2,18,1,13,19.989836
1426286,2,18,2,12,18.396965
1426286,2,18,3,11,15.421076
1426286,2,18,4,11,11.048467
1426286,2,18,5,10,12.2660265
1426286,2,18,6,8,12.737947
1426286,2,18,7,4,13.125166
1426286,2,19,1,3,10.333528
1426286,2,19,2,1,8.682934
1426291,1,15,1,50,45.86542
1426291,1,15,2,49,44.667698
1426291,1,15,3,48,45.343487
1426291,1,15,4,47,42.970974
1426291,1,15,5,46,42.217735
1426291,1,15,6,45,39.527416
1426291,1,16,1,45,38.08003
1426291,1,16,2,44,36.040707
1426291,1,16,3,40,35.74704
1426291,1,16,4,34,34.664024
1426291,1,16,5,33,34.152313
1426291,1,16,6,32,31.67288
1426291,1,17,1,31,31.524103
1426291,1,17,2,27,29.741207
1426291,1,17,3,26,27.966625
1426291,1,17,4,20,26.022915
1426291,1,17,5,19,23.690039
1426291,1,17,6,18,23.919447
1426291,1,17,7,18,22.712563
1426291,1,18,1,18,19.715368
1426291,1,18,2,17,14.291854
1426291,1,18,3,17,13.3138685
1426291,1,18,4,17,11.639436
1426291,1,18,5,17,8.230909
1426291,1,18,6,17,8.297861
1426291,1,18,7,16,7.390389
1426291,1,19,1,16,8.157507
1426291,1,19,2,12,7.287762
1426291,1,19,3,10,6.248578
1426291,1,19,4,9,4.7739697
1426291,1,19,5,3,3.551097
1426291,1,19,6,3,2.0106905
1426291,1,19,7,1,1.9613544
1426291,2,15,1,48,26.764177
1426291,2,15,2,48,27.108704
1426291,2,15,3,48,32.43767
1426291,2,15,4,44,23.02634
1426291,2,15,5,40,22.914946
1426291,2,15,6,40,20.08302
1426291,2,16,1,34,21.9784
1426291,2,16,2,33,21.468456
1426291,2,16,3,32,20.619461
1426291,2,16,4,28,20.46894
1426291,2,16,5,28,22.504976
1426291,2,16,6,27,18.160725
1426291,2,17,1,27,18.435535
1426291,2,17,2,23,15.582165
1426291,2,17,3,22,3.0310116
1426291,2,17,4,22,5.713013
1426291,2,17,5,21,7.331958
1426291,2,17,6,20,9.597117
1426291,2,17,7,19,7.815612
1426291,2,18,1,18,8.131187
1426291,2,18,2,17,6.8169217
1426291,2,18,3,17,6.293761
1426291,2,18,4,16,6.0419188
1426291,2,18,5,15,5.5700393
1426291,2,18,6,14,5.0286255
1426291,2,18,7,13,7.236465
1426291,2,19,1,7,6.771473
1426291,2,19,2,6,5.254638
1426291,2,19,3,6,5.6923485
1426291,2,19,4,2,3.9077272
1426291,2,19,5,2,2.9250045
1426291,2,19,6,1,1.714213
1426298,1,15,1,10,51.157845
1426298,1,15,2,9,45.25504
1426298,1,15,3,9,42.674282
1426298,1,15,4,8,39.32759
1426298,1,15,5,7,37.80217
1426298,1,15,6,6,36.713802
1426298,2,15,1,3,35.457985
1426298,2,15,2,3,28.797884
1426298,2,15,3,2,24.906612
1426298,2,15,4,2,20.679996
1426298,2,15,5,2,17.03298
1426298,2,15,6,1,18.556166
1426300,1,15,1,49,52.51748
1426300,1,15,2,47,51.78245
1426300,1,15,3,46,49.270416
1426300,1,15,4,45,46.550285
1426300,1,15,5,44,43.33859
1426300,1,15,6,43,39.572716
1426300,1,15,7,42,43.237873
1426300,1,15,8,41,43.433186
1426300,1,16,1,40,37.12247
1426300,1,16,2,39,45.056705
1426300,1,16,3,33,42.838795
1426300,1,16,4,27,46.09384
1426300,1,16,5,25,42.177322
1426300,1,16,6,24,33.695526
1426300,1,17,1,18,33.863926
1426300,1,17,2,18,33.963173
1426300,1,17,3,14,30.264505
1426300,1,17,4,13,28.16222
1426300,1,17,5,13,24.4331
1426300,1,17,6,13,22.229458
1426300,1,18,1,13,17.729942
1426300,1,18,2,13,17.461447
1426300,1,18,3,12,15.053968
1426300,1,18,4,11,11.219884
1426300,1,18,5,11,10.1574955
1426300,1,18,6,10,9.956624
1426300,1,18,7,9,10.430419
1426300,1,19,1,8,6.949668
1426300,1,19,2,4,6.0615835
1426300,1,19,3,3,5.575159
1426300,1,19,4,3,4.2372046
1426300,1,19,5,3,2.8693378
1426300,1,19,6,2,0.5246845
1426300,2,15,1,13,23.294197
1426300,2,15,2,13,22.072615
1426300,2,15,3,13,20.10867
1426300,2,15,4,12,17.718725
1426300,2,15,5,12,14.716859
1426300,2,15,6,12,16.05735
1426300,2,15,7,11,16.791916
1426300,2,16,1,10,15.433736
1426300,2,16,2,10,15.628844
1426300,2,16,3,9,17.609354
1426300,2,16,4,9,18.658928
1426300,2,16,5,8,17.0703
1426300,2,16,6,8,18.157515
1426300,2,16,7,7,22.697634
1426300,2,17,1,7,19.339878
1426300,2,17,2,6,17.886045
1426300,2,17,3,5,20.22774
1426300,2,17,4,5,9.12888
1426300,2,17,5,5,10.266557
1426300,2,17,6,5,10.058466
1426300,2,18,1,5,10.809851
1426300,2,18,2,3,9.691169
1426300,2,18,3,2,9.211836
1426300,2,18,4,2,8.531701
1426300,2,18,5,2,8.0053835
1426300,2,18,6,1,7.052406
1426300,2,18,7,0,8.019406
1426300,2,18,8,0,9.808704
1426300,2,19,1,0,3.124182
1426303,1,15,1,41,40.24576
1426303,1,15,2,39,36.5177
1426303,1,15,3,38,43.667458
1426303,1,15,4,34,39.91282
1426303,1,15,5,33,38.224995
1426303,1,15,6,32,38.92941
1426303,1,16,1,31,40.078766
1426303,1,16,2,27,34.70598
1426303,1,16,3,23,33.947285
1426303,1,16,4,23,32.314682
1426303,1,16,5,23,32.016518
1426303,1,16,6,23,30.64254
1426303,1,17,1,22,27.17116
1426303,1,17,2,21,25.115484
1426303,1,17,3,19,22.61692
1426303,1,17,4,19,21.302
1426303,1,17,5,18,22.463943
1426303,1,17,6,16,21.467426
1426303,1,18,1,14,19.212341
1426303,1,18,2,14,14.924058
1426303,1,18,3,14,17.543686
1426303,1,18,4,10,17.058043
1426303,1,18,5,6,14.882867
1426303,1,18,6,6,12.657326
1426303,1,19,1,6,10.499165
1426303,1,19,2,6,8.383653
1426303,1,19,3,6,6.1773167
1426303,1,19,4,4,3.9374661
1426303,1,19,5,3,3.375255
1426303,1,19,6,1,1.7662343
1426303,2,15,1,42,50.13933
1426303,2,15,2,40,51.230152
1426303,2,15,3,39,47.486923
1426303,2,15,4,35,49.974457
1426303,2,15,5,34,39.22858
1426303,2,15,6,34,38.7838
1426303,2,15,7,34,37.33864
1426303,2,16,1,33,40.642
1426303,2,16,2,32,35.884453
1426303,2,16,3,32,32.661625
1426303,2,16,4,31,32.022152
1426303,2,16,5,30,32.838326
1426303,2,16,6,29,32.72349
1426303,2,17,1,25,30.830105
1426303,2,17,2,24,29.50094
1426303,2,17,3,23,26.944942
1426303,2,17,4,22,23.670725
1426303,2,17,5,22,22.493946
1426303,2,17,6,21,24.226427
1426303,2,18,1,15,21.492098
1426303,2,18,2,14,22.49373
1426303,2,18,3,8,19.65705
1426303,2,18,4,7,19.125143
1426303,2,18,5,1,17.49425
1426305,1,15,1,55,56.89089
1426305,1,15,2,55,51.498955
1426305,1,15,3,54,49.853554
1426305,1,15,4,53,46.867805
1426305,1,15,5,49,45.36216
1426305,1,15,6,48,45.65818
1426305,1,15,7,48,45.952408
1426305,1,15,8,44,45.41424
1426305,1,16,1,44,38.12726
1426305,1,16,2,44,38.202953
1426305,1,16,3,44,36.892345
1426305,1,16,4,40,35.410007
1426305,1,16,5,36,32.72535
1426305,1,16,6,36,32.87502
1426305,1,17,1,36,27.104939
1426305,1,17,2,36,29.683838
1426305,1,17,3,30,27.909399
1426305,1,17,4,30,22.342163
1426305,1,17,5,30,21.158327
1426305,1,17,6,29,20.891794
1426305,1,18,1,28,19.85215
1426305,1,18,2,27,16.852789
1426305,1,18,3,27,17.16382
1426305,1,18,4,23,16.119312
1426305,1,18,5,22,15.260092
1426305,1,18,6,20,14.845157
1426305,1,19,1,19,12.758125
1426305,1,19,2,18,11.421718
1426305,1,19,3,16,10.087185
1426305,1,19,4,10,8.93565
1426305,1,19,5,4,10.241075
1426305,1,19,6,0,5.138168
1426305,1,19,7,0,4.103478
1426305,2,15,1,71,45.559315
1426305,2,15,2,67,48.263313
1426305,2,15,3,65,48.134014
1426305,2,15,4,64,46.49142
1426305,2,15,5,63,40.900513
1426305,2,15,6,63,38.760757
1426305,2,15,7,62,39.349342
1426305,2,16,1,61,37.701633
1426305,2,16,2,61,35.743587
1426305,2,16,3,60,34.1978
1426305,2,16,4,59,34.20959
1426305,2,16,5,58,30.510677
1426305,2,16,6,54,33.521065
1426305,2,16,7,48,35.11241
1426305,2,17,1,47,32.442883
1426305,2,17,2,45,30.4089
1426305,2,17,3,44,28.270226
1426305,2,17,4,40,24.956728
1426305,2,17,5,38,24.451033
1426305,2,17,6,37,22.353981
1426305,2,17,7,33,21.458923
1426305,2,18,1,33,19.522068
1426305,2,18,2,32,19.189495
1426305,2,18,3,30,18.95832
1426305,2,18,4,24,18.879135
1426305,2,18,5,18,16.140718
1426305,2,18,6,17,14.25873
1426305,2,18,7,16,14.158421
1426305,2,19,1,15,11.830415
1426305,2,19,2,9,10.639139
1426305,2,19,3,8,7.166265
1426305,2,19,4,8,5.030423
1426305,2,19,5,7,4.10397
1426305,2,19,6,6,2.7048972
1426305,2,19,7,6,2.0156813
1426312,1,15,1,23,29.053694
1426312,1,15,2,19,26.068888
1426312,1,15,3,18,27.840115
1426312,1,15,4,18,29.36829
1426312,1,15,5,17,28.789463
1426312,1,15,6,16,27.215542
1426312,1,16,1,15,22.021639
1426312,1,16,2,14,19.669827
1426312,1,16,3,14,21.830568
1426312,1,16,4,14,21.247814
1426312,1,16,5,12,30.36731
1426312,1,16,6,6,28.758163
1426312,1,17,1,5,23.079123
1426312,1,17,2,4,21.750942
1426312,1,17,3,3,23.405033
1426312,1,17,4,1,22.209387
1426312,1,17,5,0,8.529463
1426312,1,17,6,0,10.261684
1426312,1,18,1,0,7.3148932
1426312,1,18,2,0,7.301931
1426312,1,18,3,0,0.54181004
1473438,1,15,1,29,43.734188
1473438,1,15,2,28,45.49162
1473438,1,15,3,28,45.927555
1473438,1,15,4,24,33.571392
1473438,1,15,5,24,33.59997
1473438,1,15,6,24,35.796013
1473438,1,16,1,23,33.413277
1473438,1,16,2,22,31.171022
1473438,1,16,3,21,32.423615
1473438,1,16,4,20,29.162008
1473438,1,16,5,20,28.136477
1473438,1,16,6,19,28.49545
1473438,1,17,1,19,27.097822
1473438,1,17,2,19,25.63378
1473438,1,17,3,18,26.596262
1473438,1,17,4,17,26.754398
1473438,1,17,5,11,23.708048
1473438,1,17,6,10,23.588781
1473438,1,18,1,9,22.37789
1473438,1,18,2,8,19.949343
1473438,1,18,3,7,19.165771
1473438,1,18,4,6,15.650578
1473438,1,18,5,6,11.323187
1473438,1,18,6,6,10.558751
1473438,1,19,1,5,9.115903
1473438,1,19,2,5,6.031179
1473438,1,19,3,5,4.6518054
1473438,1,19,4,5,4.2404323
1473438,1,19,5,1,2.8550475
1473438,1,19,6,1,1.0608348
1473438,2,15,1,20,65.963875
1473438,2,15,2,19,62.953663
1473438,2,15,3,15,56.234097
1473438,2,15,4,15,46.634766
1473438,2,15,5,11,44.74286
1473438,2,15,6,11,44.68427
1473438,2,16,1,10,44.94675
1473438,2,16,2,4,41.9659
1473441,1,15,1,39,46.800957
1473441,1,15,2,38,51.295418
1473441,1,15,3,37,49.163692
1473441,1,15,4,36,45.54277
1473441,1,15,5,35,43.376095
1473441,1,15,6,34,43.104073
1473441,1,16,1,33,40.407333
1473441,1,16,2,32,33.40482
1473441,1,16,3,32,29.262054
1473441,1,16,4,32,19.512259
1473441,1,16,5,32,21.159626
1473441,1,16,6,32,19.291935
1473441,1,17,1,31,16.111841
1473441,1,17,2,30,15.106236
1473441,1,17,3,29,17.987244
1473441,1,17,4,28,22.887728
1473441,1,17,5,23,22.553518
1473441,1,17,6,22,21.472685
1473441,1,17,7,21,21.599731
1473441,1,18,1,21,18.900156
1473441,1,18,2,20,17.519474
1473441,1,18,3,19,16.225012
1473441,1,18,4,15,12.611797
1473441,1,18,5,15,10.417704
1473441,1,18,6,15,6.2599897
1473441,1,19,1,15,6.9780893
1473441,1,19,2,15,5.5789323
1473441,1,19,3,14,4.1046453
1473441,1,19,4,12,3.5690753
1473441,1,19,5,12,2.3680053
1473441,1,19,6,12,1.2798947
1473441,1,19,7,6,1.916628
1473441,2,15,1,63,58.458687
1473441,2,15,2,57,56.483097
1473441,2,15,3,53,57.04234
1473441,2,15,4,52,57.141747
1473441,2,15,5,48,51.7021
1473441,2,15,6,44,48.04759
1473441,2,16,1,43,38.879074
1473441,2,16,2,43,38.600113
1473441,2,16,3,43,34.52816
1473441,2,16,4,42,29.102674
1473441,2,16,5,41,31.807405
1473441,2,16,6,41,32.833546
1473441,2,17,1,40,23.270094
1473441,2,17,2,40,22.78179
1473441,2,17,3,40,21.096098
1473441,2,17,4,39,20.011753
1473441,2,17,5,33,17.738241
1473441,2,17,6,29,17.589111
1473441,2,18,1,23,19.040392
1473441,2,18,2,19,16.292921
1473441,2,18,3,19,12.004062
1473441,2,18,4,19,9.233467
1473441,2,18,5,17,9.338294
1473441,2,18,6,11,8.361029
1473441,2,19,1,7,6.4388175
1473441,2,19,2,7,6.507167
1473441,2,19,3,6,7.822884
1473445,1,15,1,58,50.590103
1473445,1,15,2,57,45.766373
1473445,1,15,3,51,44.38174
1473445,1,15,4,51,45.37054
1473445,1,15,5,50,40.154263
1473445,1,15,6,49,46.92401
1473445,1,16,1,43,43.169617
1473445,1,16,2,42,37.047592
1473445,1,16,3,41,38.78502
1473445,1,16,4,35,36.101894
1473445,1,16,5,35,33.490025
1473445,1,16,6,34,31.37817
1473445,1,16,7,33,36.77604
1473445,1,17,1,29,31.058002
1473445,1,17,2,25,29.813482
1473445,1,17,3,24,29.002064
1473445,1,17,4,24,25.488592
1473445,1,17,5,24,25.687948
1473445,1,17,6,20,22.81653
1473445,1,18,1,20,18.088505
1473445,1,18,2,20,16.338995
1473445,1,18,3,20,14.595398
1473445,1,18,4,20,13.572327
1473445,1,18,5,19,9.190412
1473445,1,18,6,19,8.651311
1473445,1,18,7,19,8.741522
1473445,1,19,1,19,8.7201605
1473445,1,19,2,19,6.6693535
1473445,1,19,3,19,5.276157
1473445,1,19,4,13,4.54218
1473445,1,19,5,7,4.065192
1473445,1,19,6,1,3.8794553
1473445,1,19,7,0,3.7797084
1473445,2,15,1,48,40.099308
1473445,2,15,2,47,23.797554
1473445,2,15,3,47,26.304482
1473445,2,15,4,47,23.384018
1473445,2,15,5,45,28.769905
1473445,2,15,6,45,27.460781
1473445,2,16,1,45,28.174913
1473445,2,16,2,45,27.296846
1473445,2,16,3,45,26.415998
1473445,2,16,4,44,25.054102
1473445,2,16,5,43,24.596338
1473445,2,16,6,39,25.544762
1473445,2,17,1,39,25.047644
1473445,2,17,2,38,22.929178
1473445,2,17,3,34,22.976576
1473445,2,17,4,33,23.97419
1473445,2,17,5,27,21.96928
1473445,2,17,6,27,21.842892
1473445,2,17,7,26,21.862652
1473445,2,18,1,25,19.9022
1473445,2,18,2,21,20.358814
1473445,2,18,3,17,17.741753
1473445,2,18,4,16,12.181912
1473445,2,18,5,16,11.584055
1473445,2,18,6,16,10.765583
1473445,2,19,1,16,8.317933
1473445,2,19,2,16,6.3501096
1473445,2,19,3,16,5.030099
1473445,2,19,4,10,6.1048145
1473445,2,19,5,4,4.5900435
1473445,2,19,6,4,3.0256865
1473446,1,15,1,56,44.164726
1473446,1,15,2,50,39.60248
1473446,1,15,3,50,40.931053
1473446,1,15,4,50,41.881092
1473446,1,15,5,49,43.081715
1473446,1,15,6,48,42.17893
1473446,1,15,7,47,42.459908
1473446,1,15,8,46,47.230095
1473446,1,16,1,45,42.129017
1473446,1,16,2,44,39.035297
1473446,1,16,3,38,38.000866
1473446,1,16,4,37,38.160572
1473446,1,16,5,36,38.68799
1473446,1,16,6,30,39.041615
1473446,1,16,7,28,41.799026
1473446,1,16,8,27,38.273308
1473446,1,17,1,26,32.929092
1473446,1,17,2,20,28.851767
1473446,1,17,3,20,28.780241
1473446,1,17,4,19,26.33305
1473446,1,17,5,18,24.485886
1473446,1,17,6,17,22.043888
1473446,1,18,1,17,18.165377
1473446,1,18,2,17,16.30866
1473446,1,18,3,17,14.846346
1473446,1,18,4,17,14.592382
1473446,1,18,5,11,13.022572
1473446,1,18,6,10,11.363408
1473446,1,19,1,10,8.869296
1473446,1,19,2,9,7.834164
1473446,1,19,3,8,7.508687
1473446,1,19,4,2,4.8661613
1473446,1,19,5,2,2.1722531
1473446,1,19,6,2,1.0480418
1473446,1,19,7,1,1.2839504
1473446,1,19,8,0,0.9849443
1473446,2,15,1,42,47.935966
1473446,2,15,2,41,46.22762
1473446,2,15,3,41,38.789703
1473446,2,15,4,41,40.558746
1473446,2,15,5,41,40.29378
1473446,2,15,6,40,36.360195
1473446,2,16,1,40,35.25426
1473446,2,16,2,39,37.02165
1473446,2,16,3,38,34.382786
1473446,2,16,4,37,34.35737
1473446,2,16,5,36,30.906506
1473446,2,16,6,36,27.355686
1473446,2,17,1,36,26.943377
1473446,2,17,2,32,24.138851
1473446,2,17,3,32,22.700089
1473446,2,17,4,31,20.217499
1473446,2,17,5,31,20.127745
1473446,2,17,6,30,22.23551
1473446,2,18,1,26,20.097006
1473446,2,18,2,20,18.624863
1473446,2,18,3,19,17.319103
1473446,2,18,4,19,16.38334
1473446,2,18,5,18,15.365954
1473446,2,18,6,14,13.144638
1473446,2,18,7,13,12.866086
1473446,2,19,1,9,11.110306
1473446,2,19,2,8,10.21433
1473446,2,19,3,7,8.590596
1473446,2,19,4,6,6.7690706
1473446,2,19,5,0,5.167157
1473446,2,19,6,0,3.595618
1473449,1,15,1,15,13.555938
1473449,1,15,2,13,10.107911
1473449,1,15,3,7,10.831573
1473449,1,15,4,7,11.358543
1473449,1,15,5,7,11.230575
1473449,1,15,6,6,11.41009
1473449,1,16,1,6,9.525821
1473449,1,16,2,0,-0.038757034
1473450,1,15,1,54,50.138283
1473450,1,15,2,53,49.478477
1473450,1,15,3,53,46.067104
1473450,1,15,4,52,43.257168
1473450,1,15,5,52,37.371185
1473450,1,15,6,52,44.326775
1473450,1,16,1,46,40.586304
1473450,1,16,2,45,37.08716
1473450,1,16,3,44,36.937775
1473450,1,16,4,38,35.061253
1473450,1,16,5,37,35.724213
1473450,1,16,6,36,33.280323
1473450,1,17,1,35,31.588541
1473450,1,17,2,31,30.626299
1473450,1,17,3,30,28.659132
1473450,1,17,4,24,25.604725
1473450,1,17,5,20,28.01588
1473450,1,17,6,16,24.373407
1473450,1,18,1,15,24.92396
1473450,1,18,2,14,20.78517
1473450,1,18,3,13,19.021835
1473450,1,18,4,12,15.961744
1473450,1,18,5,11,15.280772
1473450,1,18,6,9,13.629771
1473450,1,18,7,8,13.702481
1473450,1,19,1,7,11.391205
1473450,1,19,2,6,10.380013
1473450,1,19,3,5,7.310453
1473450,1,19,4,5,4.578984
1473450,1,19,5,4,2.0034418
1473450,1,19,6,4,0.8379683
1473450,1,19,7,2,0.59466255
1473450,1,19,8,2,0.99234647
1473450,2,15,1,22,53.054462
1473450,2,15,2,22,45.7784
1473450,2,15,3,22,49.103767
1473450,2,15,4,16,51.296505
1473450,2,15,5,10,51.167835
1473450,2,15,6,6,46.63742
1473450,2,16,1,6,42.570984
1473450,2,16,2,6,50.05018
1473454,1,15,1,45,48.42233
1473454,1,15,2,43,49.867897
1473454,1,15,3,42,44.288452
1473454,1,15,4,41,41.54496
1473454,1,15,5,37,36.530437
1473454,1,15,6,37,38.246597
1473454,1,16,1,37,36.812836
1473454,1,16,2,37,34.054466
1473454,1,16,3,35,33.95935
1473454,1,16,4,31,31.38589
1473454,1,16,5,30,31.557749
1473454,1,16,6,29,31.919733
1473454,1,17,1,28,30.724585
1473454,1,17,2,27,29.10045
1473454,1,17,3,26,24.89431
1473454,1,17,4,25,23.39002
1473454,1,17,5,24,23.002296
1473454,1,17,6,23,22.086964
1473454,1,18,1,22,21.377352
1473454,1,18,2,18,20.579706
1473454,1,18,3,18,17.888239
1473454,1,18,4,17,17.976957
1473454,1,18,5,11,18.553173
1473454,1,18,6,7,16.145912
1473454,1,19,1,7,13.272174
1473454,1,19,2,5,11.609853
1473454,1,19,3,4,9.842142
1473454,1,19,4,4,5.4738736
1473454,1,19,5,3,3.185858
1473454,1,19,6,3,2.2502189
1473454,1,19,7,2,2.110442
1473454,2,15,1,52,45.34936
1473454,2,15,2,51,43.009518
1473454,2,15,3,50,40.136677
1473454,2,15,4,49,39.73512
1473454,2,15,5,49,40.017803
1473454,2,15,6,49,35.640324
1473454,2,15,7,48,38.33441
1473454,2,15,8,47,39.640705
1473454,2,16,1,46,33.956158
1473454,2,16,2,45,32.923367
1473454,2,16,3,44,31.243591
1473454,2,16,4,43,29.028858
1473454,2,16,5,42,25.438883
1473454,2,16,6,42,23.312273
1473454,2,17,1,41,23.423342
1473454,2,17,2,40,21.632284
1473454,2,17,3,39,20.942081
1473454,2,17,4,38,19.609192
1473454,2,17,5,37,22.160507
1473454,2,17,6,31,21.252691
1473454,2,17,7,29,21.82559
1473454,2,18,1,28,20.721708
1473454,2,18,2,23,18.068224
1473454,2,18,3,22,16.23157
1473454,2,18,4,18,15.847304
1473454,2,18,5,17,14.397565
1473454,2,18,6,16,12.528008
1473454,2,18,7,15,13.202938
1473454,2,19,1,15,12.580708
1473454,2,19,2,9,11.007884
1473454,2,19,3,7,8.788701
1473454,2,19,4,6,7.230123
1473454,2,19,5,2,5.630672
1473454,2,19,6,1,3.324059
1473456,1,15,1,68,50.66384
1473456,1,15,2,68,47.142742
1473456,1,15,3,68,44.54083
1473456,1,15,4,67,44.28137
1473456,1,15,5,61,42.888676
1473456,1,15,6,61,40.01085
1473456,1,16,1,60,40.03852
1473456,1,16,2,54,38.527225
1473456,1,16,3,48,35.954063
1473456,1,16,4,47,35.607147
1473456,1,16,5,46,35.721176
1473456,1,16,6,46,36.673832
1473456,1,17,1,45,35.09762
1473456,1,17,2,41,32.070156
1473456,1,17,3,41,29.65524
1473456,1,17,4,37,28.80859
1473456,1,17,5,31,28.64053
1473456,1,17,6,27,24.393461
1473456,1,18,1,21,22.799292
1473456,1,18,2,17,23.4125
1473456,1,18,3,17,22.267666
1473456,1,18,4,17,19.403572
1473456,1,18,5,16,17.758572
1473456,1,18,6,12,16.694052
1473456,1,19,1,11,17.902838
1473456,1,19,2,7,13.463903
1473456,1,19,3,6,8.993054
1473456,1,19,4,6,7.01586
1473456,1,19,5,5,5.5748425
1473456,1,19,6,3,3.5814562
1473456,1,19,7,2,4.2598777
1473456,1,19,8,1,2.7374282
1473456,2,15,1,61,39.269382
1473456,2,15,2,57,31.72623
1473456,2,15,3,57,31.403194
1473456,2,15,4,56,30.651392
1473456,2,15,5,56,24.689243
1473456,2,15,6,50,21.176437
1473456,2,16,1,49,20.876652
1473456,2,16,2,49,21.421432
1473456,2,16,3,45,19.929907
1473456,2,16,4,45,21.01652
1473456,2,16,5,44,20.327427
1473456,2,16,6,44,23.010773
1473456,2,17,1,40,24.104967
1473456,2,17,2,40,21.195618
1473456,2,17,3,40,20.996124
1473456,2,17,4,39,20.548925
1473456,2,17,5,38,18.57663
1473456,2,17,6,34,18.469185
1473456,2,17,7,34,20.583895
1473456,2,18,1,33,20.258902
1473456,2,18,2,27,19.55098
1473456,2,18,3,23,18.06856
1473456,2,18,4,23,14.992976
1473456,2,18,5,23,14.651156
1473456,2,18,6,23,13.418848
1473456,2,19,1,19,11.720822
1473456,2,19,2,15,9.880728
1473456,2,19,3,15,8.413983
1473456,2,19,4,14,8.415274
1473456,2,19,5,10,7.0189066
1473456,2,19,6,6,3.8820906
1473459,1,15,1,55,37.97577
1473459,1,15,2,54,39.387615
1473459,1,15,3,53,40.798992
1473459,1,15,4,53,39.577698
1473459,1,15,5,51,37.9646
1473459,1,15,6,50,39.290638
1473459,1,16,1,49,38.426815
1473459,1,16,2,48,39.80744
1473459,1,16,3,47,41.152164
1473459,1,16,4,41,42.090267
1473459,1,16,5,39,40.977707
1473459,1,16,6,38,37.27815
1473459,1,17,1,37,36.25019
1473459,1,17,2,31,33.372665
1473459,1,17,3,30,27.488132
1473459,1,17,4,29,24.797476
1473459,1,17,5,28,23.035994
1473459,1,17,6,27,20.595665
1473459,1,18,1,26,17.544231
1473459,1,18,2,24,17.386967
1473459,1,18,3,20,17.910967
1473459,1,18,4,18,16.511003
1473459,1,18,5,17,14.801443
1473459,1,18,6,13,13.542187
1473459,1,19,1,12,12.816521
1473459,1,19,2,12,9.823771
1473459,1,19,3,11,8.009543
1473459,1,19,4,11,6.0820675
1473459,1,19,5,10,5.1537127
1473459,1,19,6,4,3.429872
1473459,1,19,7,3,3.6176176
1473459,2,15,1,56,41.16727
1473459,2,15,2,55,41.38217
1473459,2,15,3,53,42.129654
1473459,2,15,4,53,42.243156
1473459,2,15,5,52,43.598576
1473459,2,15,6,51,43.92318
1473459,2,15,7,50,42.66893
1473459,2,15,8,50,44.423615
1473459,2,16,1,49,39.115887
1473459,2,16,2,48,40.597363
1473459,2,16,3,46,38.23996
1473459,2,16,4,45,36.449192
1473459,2,16,5,44,33.582275
1473459,2,16,6,42,31.828026
1473459,2,17,1,40,28.088694
1473459,2,17,2,39,25.616776
1473459,2,17,3,38,23.93719
1473459,2,17,4,37,23.416393
1473459,2,17,5,36,23.331856
1473459,2,17,6,30,24.437637
1473459,2,18,1,24,22.894691
1473459,2,18,2,23,21.510778
1473459,2,18,3,22,19.773579
1473459,2,18,4,21,17.421211
1473459,2,18,5,20,16.008665
1473459,2,18,6,16,14.671803
1473459,2,18,7,10,14.61353
1473459,2,19,1,9,12.720031
1473459,2,19,2,9,9.991552
1473459,2,19,3,8,8.467303
1473459,2,19,4,2,6.3663445
1473459,2,19,5,2,4.421183
1473459,2,19,6,1,2.8249671
1473475,1,15,1,58,51.545464
1473475,1,15,2,54,51.17793
1473475,1,15,3,53,48.603813
1473475,1,15,4,47,45.339386
1473475,1,15,5,41,47.52123
1473475,1,15,6,40,34.715294
1473475,1,16,1,34,38.61199
1473475,1,16,2,34,38.93189
1473475,1,16,3,34,36.841164
1473475,1,16,4,34,33.15462
1473475,1,16,5,33,30.801807
1473475,1,16,6,32,31.9807
1473475,1,17,1,31,30.640636
1473475,1,17,2,30,29.13332
1473475,1,17,3,30,27.897718
1473475,1,17,4,29,25.51271
1473475,1,17,5,29,24.143372
1473475,1,17,6,28,20.840174
1473475,1,17,7,27,21.35778
1473475,1,17,8,26,19.258965
1473475,1,18,1,25,15.870692
1473475,1,18,2,25,18.80705
1473475,1,18,3,21,17.442255
1473475,1,18,4,20,16.203903
1473475,1,18,5,20,13.884571
1473475,1,18,6,16,12.59992
1473475,1,19,1,16,10.374332
1473475,1,19,2,14,8.377939
1473475,1,19,3,12,9.250888
1473475,1,19,4,6,7.118867
1473475,1,19,5,2,5.0241566
1473475,1,19,6,1,3.8098662
1473475,2,15,1,20,50.747692
1473475,2,15,2,19,55.22788
1473475,2,15,3,13,56.14594
1473475,2,15,4,12,54.264206
1473475,2,15,5,6,51.66283
1473479,1,15,1,49,46.836536
1473479,1,15,2,49,46.516693
1473479,1,15,3,49,49.582554
1473479,1,15,4,45,45.302483
1473479,1,15,5,45,41.661766
1473479,1,15,6,45,48.754494
1473479,1,16,1,45,44.15903
1473479,1,16,2,44,34.61744
1473479,1,16,3,44,33.08882
1473479,1,16,4,44,32.26466
1473479,1,16,5,43,30.22447
1473479,1,16,6,42,30.947607
1473479,1,16,7,42,33.345043
1473479,1,17,1,38,29.241135
1473479,1,17,2,37,29.956808
1473479,1,17,3,33,29.73082
1473479,1,17,4,32,27.19722
1473479,1,17,5,30,25.90393
1473479,1,17,6,26,24.105333
1473479,1,18,1,24,21.96646
1473479,1,18,2,23,18.949415
1473479,1,18,3,22,17.226522
1473479,1,18,4,21,15.960074
1473479,1,18,5,20,15.149648
1473479,1,18,6,16,13.363707
1473479,1,18,7,15,13.17103
1473479,1,18,8,14,16.139795
1473479,1,18,9,8,16.99375
1473479,1,19,1,8,11.475955
1473479,1,19,2,8,8.72883
1473479,1,19,3,7,7.1592703
1473479,1,19,4,6,6.120975
1473479,1,19,5,2,4.0546184
1473479,1,19,6,1,2.4830022
1473479,2,15,1,46,44.552753
1473479,2,15,2,46,45.80705
1473479,2,15,3,45,49.510803
1473479,2,15,4,39,44.581284
1473479,2,15,5,38,40.872826
1473479,2,15,6,36,49.162743
1473479,2,16,1,34,43.576256
1473479,2,16,2,33,44.070335
1473479,2,16,3,33,40.514297
1473479,2,16,4,32,38.769382
1473479,2,16,5,32,33.94116
1473479,2,16,6,32,33.727375
1473479,2,16,7,32,36.25307
1473479,2,17,1,28,33.730595
1473479,2,17,2,22,34.163036
1473479,2,17,3,21,29.398067
1473479,2,17,4,15,28.527939
1473479,2,17,5,14,25.250755
1473479,2,17,6,10,23.509747
1473479,2,18,1,6,24.446386
1473479,2,18,2,5,23.142405
1473479,2,18,3,5,17.205873
1473479,2,18,4,5,15.187063
1473479,2,18,5,5,11.607328
1473479,2,18,6,5,10.062505
1473479,2,19,1,5,6.742092
1473479,2,19,2,5,6.2788696
1473479,2,19,3,4,3.3098235
1473479,2,19,4,3,3.0183969
1473479,2,19,5,2,2.032278
1473479,2,19,6,1,0.50245625
1473480,1,15,1,27,42.257866
1473480,1,15,2,26,39.315617
1473480,1,15,3,26,38.075703
1473480,1,15,4,25,40.334023
1473480,1,15,5,25,36.695988
1473480,1,15,6,24,33.11776
1473480,1,16,1,24,32.990017
1473480,1,16,2,23,27.509447
1473480,1,16,3,23,19.16637
1473480,1,16,4,23,20.626747
1473480,1,16,5,23,18.879425
1473480,1,16,6,21,19.124563
1473480,1,17,1,21,23.717491
1473480,1,17,2,21,21.770039
1473480,1,17,3,20,17.587694
1473480,1,17,4,20,17.099535
1473480,1,17,5,19,16.288784
1473480,1,17,6,18,17.821604
1473480,1,18,1,17,9.162635
1473480,1,18,2,17,8.362077
1473480,1,18,3,16,8.003937
1473480,1,18,4,15,9.175609
1473480,1,18,5,15,9.043908
1473480,1,18,6,15,10.214121
1473480,1,18,7,8,9.478025
1473480,1,18,8,7,9.035318
1473480,1,19,1,7,8.3037405
1473480,1,19,2,3,7.5371842
1473480,1,19,3,3,5.915066
1473480,1,19,4,1,5.1096725
1473480,1,19,5,1,4.4015503
1473480,1,19,6,0,0.18678512
1473480,2,15,1,41,46.437634
1473480,2,15,2,40,38.59158
1473480,2,15,3,38,39.404594
1473480,2,15,4,38,43.618076
1473480,2,15,5,34,42.67369
1473480,2,15,6,32,41.331696
1473480,2,15,7,31,45.17598
1473480,2,15,8,30,46.50553
1473480,2,16,1,28,41.419605
1473480,2,16,2,27,36.96733
1473480,2,16,3,26,37.194088
1473480,2,16,4,24,39.099907
1473480,2,16,5,20,37.932884
1473480,2,16,6,18,33.520035
1473480,2,16,7,14,34.178875
1473480,2,16,8,13,36.58071
1473480,2,17,1,13,31.6867
1473480,2,17,2,11,29.290821
1473480,2,17,3,10,27.069561
1473480,2,17,4,9,24.533468
1473480,2,17,5,8,22.965796
1473480,2,17,6,6,22.600098
1473480,2,18,1,6,18.539677
1473480,2,18,2,6,18.793625
1473480,2,18,3,4,17.859228
1473480,2,18,4,2,15.213629
1473482,1,15,1,58,48.025856
1473482,1,15,2,58,47.80279
1473482,1,15,3,58,44.023808
1473482,1,15,4,57,42.425976
1473482,1,15,5,56,41.52817
1473482,1,15,6,55,43.44192
1473482,1,15,7,54,45.08766
1473482,1,15,8,54,44.0052
1473482,1,16,1,53,42.38324
1473482,1,16,2,49,41.35873
1473482,1,16,3,45,38.78956
1473482,1,16,4,44,38.179165
1473482,1,16,5,44,40.484756
1473482,1,16,6,42,37.9178
1473482,1,17,1,41,34.145805
1473482,1,17,2,41,30.003208
1473482,1,17,3,35,26.298576
1473482,1,17,4,35,24.600399
1473482,1,17,5,33,23.580603
1473482,1,17,6,33,23.393354
1473482,1,18,1,32,20.323725
1473482,1,18,2,28,17.626966
1473482,1,18,3,27,18.9073
1473482,1,18,4,21,17.374752
1473482,1,18,5,20,18.48553
1473482,1,18,6,14,16.783781
1473482,1,19,1,13,12.708062
1473482,1,19,2,12,10.756349
1473482,1,19,3,11,9.759177
1473482,1,19,4,7,5.536344
1473482,1,19,5,7,2.7427828
1473482,1,19,6,6,2.911647
1473482,2,15,1,21,44.4131
1473482,2,15,2,20,35.130005
1473482,2,15,3,20,40.739315
1473482,2,15,4,20,38.78795
1473482,2,15,5,19,24.266273
1473482,2,15,6,19,31.788258
1473482,2,16,1,19,26.052118
1473482,2,16,2,19,26.051527
1473482,2,16,3,13,23.554495
1473482,2,16,4,13,23.254675
1473482,2,16,5,13,22.35067
1473482,2,16,6,13,22.41605
1473482,2,17,1,13,21.213408
1473482,2,17,2,13,17.940199
1473482,2,17,3,13,14.923476
1473482,2,17,4,12,13.77652
1473482,2,17,5,12,12.770769
1473482,2,17,6,12,11.525626
1473482,2,18,1,6,11.965463
1473482,2,18,2,6,12.636512
1473482,2,18,3,5,12.348489
1473482,2,18,4,4,12.101265
1473482,2,18,5,4,10.337434
1473482,2,18,6,4,6.0404
1473482,2,18,7,4,6.620697
1473482,2,18,8,3,7.014657
1473482,2,19,1,3,4.9637847
1473482,2,19,2,3,4.6589046
1473482,2,19,3,2,4.359333
1473482,2,19,4,1,3.0071409
1473482,2,19,5,1,1.9739842
1473482,2,19,6,0,0.07444112
1473485,1,15,1,45,61.26201
1473485,1,15,2,44,56.132153
1473485,1,15,3,43,49.25254
1473485,1,15,4,42,43.043537
1473485,1,15,5,41,40.603134
1473485,1,15,6,40,40.105846
1473485,1,15,7,39,41.826614
1473485,1,15,8,38,45.540325
1473485,1,16,1,36,43.06234
1473485,1,16,2,36,38.42151
1473485,1,16,3,32,37.728256
1473485,1,16,4,31,36.61835
1473485,1,16,5,30,36.72768
1473485,1,16,6,30,35.273766
1473485,1,16,7,29,35.700264
1473485,1,17,1,29,30.76414
1473485,1,17,2,28,28.065027
1473485,1,17,3,27,20.518194
1473485,1,17,4,27,21.702106
1473485,1,17,5,27,19.033201
1473485,1,17,6,27,19.696852
1473485,1,18,1,23,17.936846
1473485,1,18,2,22,17.219055
1473485,1,18,3,21,16.463705
1473485,1,18,4,20,15.758836
1473485,1,18,5,19,14.576606
1473485,1,18,6,15,14.018464
1473485,1,18,7,11,13.64581
1473485,1,18,8,10,13.764534
1473485,1,18,9,10,16.129934
1473485,1,19,1,9,13.728077
1473485,1,19,2,3,12.603827
1473485,1,19,3,2,10.163928
1473485,1,19,4,1,4.5165453
1473485,1,19,5,1,3.3040636
1473485,1,19,6,1,0.24676222
1473485,1,19,7,1,0.5572428
1473485,2,15,1,44,41.557613
1473485,2,15,2,44,34.71411
1473485,2,15,3,44,35.620895
1473485,2,15,4,44,36.39036
1473485,2,15,5,44,37.524044
1473485,2,15,6,43,36.343647
1473485,2,16,1,42,38.508694
1473485,2,16,2,42,35.119446
1473485,2,16,3,42,36.60544
1473485,2,16,4,38,34.00917
1473485,2,16,5,37,33.586163
1473485,2,16,6,31,35.19073
1473485,2,17,1,31,32.46965
1473485,2,17,2,30,25.536736
1473485,2,17,3,30,20.235416
1473485,2,17,4,30,19.51244
1473485,2,17,5,29,17.22992
1473485,2,17,6,29,18.513424
1473485,2,18,1,23,15.054996
1473485,2,18,2,22,15.802128
1473485,2,18,3,18,14.238579
1473485,2,18,4,18,12.835542
1473485,2,18,5,12,13.441432
1473485,2,18,6,10,11.2505865
1473485,2,19,1,10,9.41571
1473485,2,19,2,9,8.293151
1473485,2,19,3,5,8.603175
1473485,2,19,4,5,5.62016
1473485,2,19,5,1,2.6644456
1473485,2,19,6,1,1.0736727
1473486,1,15,1,56,49.017075
1473486,1,15,2,50,43.33174
1473486,1,15,3,44,44.541855
1473486,1,15,4,41,42.262283
1473486,1,15,5,39,39.837166
1473486,1,15,6,35,43.62241
1473486,1,15,7,31,46.008465
1473486,1,16,1,30,41.554012
1473486,1,16,2,30,39.685314
1473486,1,16,3,29,37.156693
1473486,1,16,4,29,33.08952
1473486,1,16,5,28,31.743366
1473486,1,16,6,27,31.763369
1473486,1,16,7,26,32.391403
1473486,1,16,8,26,31.9212
1473486,1,17,1,26,26.157448
1473486,1,17,2,25,29.380545
1473486,1,17,3,19,26.514767
1473486,1,17,4,18,23.716545
1473486,1,17,5,18,22.96924
1473486,1,17,6,18,23.65953
1473486,1,17,7,14,23.699697
1473486,1,18,1,13,20.010162
1473486,1,18,2,12,19.94859
1473486,1,18,3,6,17.201399
1473486,1,18,4,6,16.42727
1473486,1,18,5,4,11.244796
1473486,1,18,6,4,9.471929
1473486,1,18,7,4,9.432034
1473486,1,19,1,4,7.286446
1473486,1,19,2,0,2.1333847
1473486,2,15,1,55,42.577435
1473486,2,15,2,49,48.06527
1473486,2,15,3,49,44.39053
1473486,2,15,4,48,43.907146
1473486,2,15,5,47,47.361233
1473486,2,15,6,45,46.34962
1473486,2,16,1,44,45.083916
1473486,2,16,2,43,40.106762
1473486,2,16,3,37,36.2725
1473486,2,16,4,31,36.166927
1473486,2,16,5,30,32.935356
1473486,2,16,6,26,31.199654
1473486,2,16,7,25,31.410175
1473486,2,17,1,24,30.243313
1473486,2,17,2,20,29.109735
1473486,2,17,3,14,31.00126
1473486,2,17,4,14,27.353926
1473486,2,17,5,14,27.55083
1473486,2,17,6,10,24.71666
1473486,2,18,1,9,21.724024
1473486,2,18,2,8,20.788513
1473486,2,18,3,7,18.445124
1473486,2,18,4,6,16.166729
1473486,2,18,5,6,13.615866
1473486,2,18,6,5,11.691035
1473486,2,19,1,5,10.490845
1473486,2,19,2,5,9.750114
1473486,2,19,3,4,7.2906075
1473486,2,19,4,4,5.251386
1473486,2,19,5,4,4.816706
1473490,1,15,1,85,49.83923
1473490,1,15,2,84,45.75116
1473490,1,15,3,84,43.656998
1473490,1,15,4,80,45.664677
1473490,1,15,5,74,46.186172
1473490,1,15,6,70,45.21601
1473490,1,16,1,70,42.68145
1473490,1,16,2,69,36.966274
1473490,1,16,3,63,43.423706
1473490,1,16,4,59,32.80053
1473490,1,16,5,58,31.660595
1473490,1,16,6,57,29.657373
1473490,1,17,1,57,29.375792
1473490,1,17,2,57,27.477873
1473490,1,17,3,53,25.239376
1473490,1,17,4,52,25.054241
1473490,1,17,5,46,25.829506
1473490,1,17,6,40,23.090315
1473490,1,18,1,34,26.947027
1473490,1,18,2,34,25.906237
1473490,1,18,3,33,23.898407
1473490,1,18,4,33,21.738
1473490,1,18,5,27,18.104494
1473490,1,18,6,23,15.944723
1473490,1,19,1,22,12.699951
1473490,1,19,2,21,10.57273
1473490,1,19,3,20,8.936827
1473490,1,19,4,19,5.8241935
1473490,1,19,5,18,3.5864363
1473490,1,19,6,16,2.4479804
1473490,1,19,7,12,3.8171804
1473490,1,19,8,6,3.747261
1473490,1,19,9,0,2.86397
1473490,2,15,1,50,49.396782
1473490,2,15,2,46,50.836422
1473490,2,15,3,45,54.22904
1473490,2,15,4,44,53.02309
1473490,2,15,5,43,49.79691
1473490,2,15,6,42,36.201344
1473490,2,15,7,42,37.165916
1473490,2,16,1,41,38.00269
1473490,2,16,2,40,38.54875
1473490,2,16,3,39,36.648632
1473490,2,16,4,39,34.87852
1473490,2,16,5,38,34.47495
1473490,2,16,6,37,32.72104
1473490,2,17,1,36,28.934984
1473490,2,17,2,35,27.516024
1473490,2,17,3,33,26.346449
1473490,2,17,4,33,24.781155
1473490,2,17,5,32,25.18081
1473490,2,17,6,32,24.967049
1473490,2,17,7,32,24.56057
1473490,2,18,1,31,19.849794
1473490,2,18,2,30,17.265116
1473490,2,18,3,28,15.045267
1473490,2,18,4,27,15.292992
1473490,2,18,5,23,14.5098715
1473490,2,18,6,21,12.691963
1473490,2,19,1,20,10.191787
1473490,2,19,2,18,7.14036
1473490,2,19,3,17,8.18677
1473490,2,19,4,11,9.787504
1473490,2,19,5,7,9.00638
1473490,2,19,6,1,4.4124985
1473493,1,15,1,39,36.324562
1473493,1,15,2,35,36.44071
1473493,1,15,3,34,38.34874
1473493,1,15,4,34,39.07093
1473493,1,15,5,34,36.719757
1473493,1,15,6,32,35.75584
1473493,1,16,1,32,35.149487
1473493,1,16,2,32,29.551912
1473493,1,16,3,32,29.003101
1473493,1,16,4,32,29.347528
1473493,1,16,5,31,26.853004
1473493,1,16,6,31,26.719116
1473493,1,17,1,30,24.572104
1473493,1,17,2,28,23.177639
1473493,1,17,3,28,21.984398
1473493,1,17,4,27,21.37836
1473493,1,17,5,27,20.755915
1473493,1,17,6,26,20.432085
1473493,1,18,1,26,18.54066
1473493,1,18,2,25,17.818262
1473493,1,18,3,21,16.746193
1473493,1,18,4,20,14.932128
1473493,1,18,5,20,13.462203
1473493,1,18,6,19,12.032669
1473493,1,19,1,18,11.910956
1473493,1,19,2,12,11.103319
1473493,1,19,3,6,9.868297
1473493,1,19,4,6,6.899387
1473493,1,19,5,5,5.206901
1473493,1,19,6,4,3.4000096
1473493,2,15,1,34,44.602654
1473493,2,15,2,33,41.452797
1473493,2,15,3,32,39.1601
1473493,2,15,4,32,39.065666
1473493,2,15,5,31,37.204018
1473493,2,15,6,30,34.973507
1473493,2,16,1,29,32.660873
1473493,2,16,2,28,35.179302
1473493,2,16,3,24,35.06503
1473493,2,16,4,24,31.2524
1473493,2,16,5,24,31.156872
1473493,2,16,6,22,29.236326
1473493,2,17,1,22,27.342607
1473493,2,17,2,21,23.477142
1473493,2,17,3,21,21.122383
1473493,2,17,4,21,19.745697
1473493,2,17,5,20,19.410822
1473493,2,17,6,19,22.48559
1473493,2,18,1,15,20.762848
1473493,2,18,2,11,19.206434
1473493,2,18,3,10,16.221258
1473493,2,18,4,4,15.860533
1473493,2,18,5,2,14.438781
1473493,2,18,6,1,11.908113
1473493,2,18,7,1,11.73454
1473498,1,15,1,63,45.48996
1473498,1,15,2,59,43.789352
1473498,1,15,3,59,41.708862
1473498,1,15,4,57,42.081017
1473498,1,15,5,55,37.895172
1473498,1,15,6,49,35.911217
1473498,1,16,1,48,35.84101
1473498,1,16,2,48,35.04789
1473498,1,16,3,48,33.45411
1473498,1,16,4,47,32.550514
1473498,1,16,5,43,31.313982
1473498,1,16,6,42,29.751791
1473498,1,17,1,41,29.666603
1473498,1,17,2,40,29.63818
1473498,1,17,3,39,27.449743
1473498,1,17,4,38,24.696537
1473498,1,17,5,37,24.004696
1473498,1,17,6,31,22.965641
1473498,1,18,1,30,19.20027
1473498,1,18,2,29,22.251886
1473498,1,18,3,23,20.656576
1473498,1,18,4,23,20.407715
1473498,1,18,5,19,18.37385
1473498,1,18,6,18,16.145477
1473498,1,19,1,16,12.6649885
1473498,1,19,2,12,12.013591
1473498,1,19,3,8,9.448184
1473498,1,19,4,7,8.542453
1473498,1,19,5,1,6.298945
1473498,1,19,6,0,3.7051632
1473498,2,15,1,51,40.263393
1473498,2,15,2,47,48.943886
1473498,2,15,3,43,47.525192
1473498,2,15,4,42,44.792385
1473498,2,15,5,41,40.79747
1473498,2,15,6,40,38.56996
1473498,2,16,1,40,33.481007
1473498,2,16,2,38,39.187443
1473498,2,16,3,34,34.51487
1473498,2,16,4,33,33.003387
1473498,2,16,5,29,37.895657
1473498,2,16,6,23,37.6607
1473498,2,17,1,22,27.09788
1473498,2,17,2,21,26.172039
1473498,2,17,3,15,25.134907
1473498,2,17,4,15,24.874243
1473498,2,17,5,14,25.873068
1473498,2,17,6,12,22.464645
1473498,2,18,1,11,21.425257
1473498,2,18,2,9,20.651224
1473498,2,18,3,8,18.294209
1473498,2,18,4,8,15.31221
1473498,2,18,5,7,12.736001
1473498,2,18,6,6,13.597389
1473499,1,15,1,59,48.973465
1473499,1,15,2,52,47.415237
1473499,1,15,3,51,46.036835
1473499,1,15,4,47,41.57
1473499,1,15,5,46,44.328457
1473499,1,15,6,46,42.46718
1473499,1,15,7,45,41.285583
1473499,1,16,1,45,41.54912
1473499,1,16,2,44,37.097
1473499,1,16,3,43,35.61855
1473499,1,16,4,42,34.374023
1473499,1,16,5,42,36.054455
1473499,1,16,6,38,34.076992
1473499,1,17,1,37,32.856
1473499,1,17,2,37,31.427355
1473499,1,17,3,36,27.33621
1473499,1,17,4,36,23.837996
1473499,1,17,5,36,23.386948
1473499,1,17,6,35,23.14232
1473499,1,18,1,35,20.263952
1473499,1,18,2,34,18.15372
1473499,1,18,3,33,14.922325
1473499,1,18,4,32,15.786468
1473499,1,18,5,27,14.485659
1473499,1,18,6,26,12.951716
1473499,1,18,7,26,12.655743
1473499,1,18,8,25,13.232781
1473499,1,18,9,21,12.747244
1473499,1,19,1,20,11.326403
1473499,1,19,2,19,10.127662
1473499,1,19,3,13,8.38897
1473499,1,19,4,12,7.1094723
1473499,1,19,5,11,3.7472734
1473499,1,19,6,11,3.6280448
1473499,1,19,7,7,2.4353073
1473499,1,19,8,6,0.5976701
1473499,1,19,9,6,1.8013734
1473499,2,15,1,35,43.54051
1473499,2,15,2,34,40.017467
1473499,2,15,3,33,42.495617
1473499,2,15,4,31,41.864834
1473499,2,15,5,30,42.124477
1473499,2,15,6,28,42.284527
1473499,2,16,1,27,37.96694
1473499,2,16,2,26,37.260483
1473499,2,16,3,25,38.837864
1473499,2,16,4,24,36.643013
1473499,2,16,5,23,33.522808
1473499,2,16,6,21,31.844078
1473499,2,16,7,20,31.562405
1473499,2,17,1,19,34.51251
1473499,2,17,2,15,32.588974
1473499,2,17,3,11,28.106478
1473499,2,17,4,11,25.90304
1473499,2,17,5,10,21.961107
1473499,2,17,6,9,21.376272
1473499,2,18,1,5,20.931282
1473499,2,18,2,1,18.187672
1527674,1,15,1,59,43.666134
1527674,1,15,2,59,51.55836
1527674,1,15,3,53,48.618023
1527674,1,15,4,53,46.605442
1527674,1,15,5,52,45.66953
1527674,1,15,6,46,41.258312
1527674,1,16,1,46,45.244373
1527674,1,16,2,40,42.813496
1527674,1,16,3,39,40.163788
1527674,1,16,4,38,38.819466
1527674,1,16,5,37,35.68201
1527674,1,16,6,36,34.38755
1527674,1,16,7,34,30.619392
1527674,1,17,1,34,27.330994
1527674,1,17,2,32,26.692343
1527674,1,17,3,28,25.39333
1527674,1,17,4,27,24.822302
1527674,1,17,5,27,20.936453
1527674,1,17,6,27,20.135406
1527674,1,18,1,26,18.542461
1527674,1,18,2,25,12.473957
1527674,1,18,3,19,11.938135
1527674,1,18,4,15,12.104155
1527674,1,18,5,9,11.938393
1527674,1,18,6,9,7.722656
1527674,1,19,1,9,8.900429
1527674,1,19,2,7,5.45422
1527674,1,19,3,5,3.0605555
1527674,1,19,4,4,1.9218588
1527674,1,19,5,2,0.9783432
1527674,1,19,6,2,0.9085278
1527674,2,15,1,18,51.771378
1527674,2,15,2,12,59.049946
1527674,2,15,3,8,37.22307
1527674,2,15,4,4,54.36017
1527687,1,15,1,49,45.92014
1527687,1,15,2,48,46.045048
1527687,1,15,3,47,44.393147
1527687,1,15,4,43,44.467068
1527687,1,15,5,43,40.964123
1527687,1,15,6,42,36.72599
1527687,1,16,1,42,37.59785
1527687,1,16,2,36,36.172466
1527687,1,16,3,35,35.851116
1527687,1,16,4,34,34.45197
1527687,1,16,5,28,34.506844
1527687,1,16,6,28,34.36759
1527687,1,17,1,28,30.347282
1527687,1,17,2,27,28.139835
1527687,1,17,3,27,28.697195
1527687,1,17,4,27,19.899832
1527687,1,17,5,27,20.903597
1527687,1,17,6,26,21.238422
1527687,1,17,7,26,21.587126
1527687,1,18,1,25,21.902784
1527687,1,18,2,24,21.191965
1527687,1,18,3,24,17.506378
1527687,1,18,4,23,16.017954
1527687,1,18,5,22,16.458801
1527687,1,18,6,16,16.120064
1527687,1,19,1,12,12.308313
1527687,1,19,2,6,10.037864
1527687,1,19,3,5,9.739712
1527687,1,19,4,5,7.479664
1527687,1,19,5,4,4.2831225
1527687,1,19,6,4,3.227369
1527687,2,15,1,67,44.319485
1527687,2,15,2,63,44.13356
1527687,2,15,3,62,43.21697
1527687,2,15,4,61,49.57638
1527687,2,15,5,56,42.283867
1527687,2,15,6,52,39.343872
1527687,2,15,7,51,45.59487
1527687,2,16,1,51,43.693398
1527687,2,16,2,50,43.873863
1527687,2,16,3,49,38.055523
1527687,2,16,4,49,31.234896
1527687,2,16,5,49,30.038572
1527687,2,16,6,48,30.370207
1527687,2,16,7,47,33.237072
1527687,2,16,8,43,29.630318
1527687,2,17,1,43,26.711664
1527687,2,17,2,42,27.516567
1527687,2,17,3,40,25.683725
1527687,2,17,4,40,24.78077
1527687,2,17,5,39,23.311716
1527687,2,17,6,35,22.288717
1527687,2,18,1,34,20.015018
1527687,2,18,2,33,19.46958
1527687,2,18,3,27,19.684338
1527687,2,18,4,23,20.32609
1527687,2,18,5,17,18.626057
1527687,2,18,6,16,13.909448
1527687,2,18,7,12,13.832354
1527687,2,19,1,11,14.258097
1527687,2,19,2,7,9.457096
1527687,2,19,3,7,6.0570235
1527687,2,19,4,6,6.8967834
1527687,2,19,5,0,2.9720294
1527687,2,19,6,0,1.7508717
1527688,1,15,1,66,48.45338
1527688,1,15,2,60,50.334583
1527688,1,15,3,60,50.604134
1527688,1,15,4,56,51.54181
1527688,1,15,5,56,48.28088
1527688,1,15,6,55,46.01749
1527688,1,16,1,54,41.410397
1527688,1,16,2,53,42.604412
1527688,1,16,3,52,35.603123
1527688,1,16,4,48,34.86032
1527688,1,16,5,47,36.375027
1527688,1,16,6,43,38.640728
1527688,1,17,1,37,38.43142
1527688,1,17,2,36,36.86371
1527688,1,17,3,34,29.973932
1527688,1,17,4,30,28.439857
1527688,1,17,5,29,25.372732
1527688,1,17,6,28,23.16482
1527688,1,17,7,28,24.56511
1527688,1,18,1,24,22.597763
1527688,1,18,2,23,21.109518
1527688,1,18,3,17,19.86567
1527688,1,18,4,16,18.82768
1527688,1,18,5,15,17.286207
1527688,1,18,6,14,13.551205
1527688,1,18,7,13,14.045218
1527688,1,19,1,12,12.275696
1527688,1,19,2,8,10.9586525
1527688,1,19,3,7,8.55194
1527688,1,19,4,6,5.9233456
1527688,1,19,5,2,3.742564
1527688,1,19,6,1,2.8281796
1527688,1,19,7,1,1.551539
1527688,2,15,1,55,41.71987
1527688,2,15,2,55,42.741318
1527688,2,15,3,55,39.899582
1527688,2,15,4,55,40.27553
1527688,2,15,5,54,36.92766
1527688,2,15,6,54,29.697712
1527688,2,16,1,54,32.472996
1527688,2,16,2,54,29.000938
1527688,2,16,3,54,30.666964
1527688,2,16,4,50,25.809845
1527688,2,16,5,44,26.417324
1527688,2,16,6,43,28.679596
1527688,2,17,1,43,26.13521
1527688,2,17,2,37,25.033878
1527688,2,17,3,37,23.077229
1527688,2,17,4,37,21.129063
1527688,2,17,5,31,18.83724
1527688,2,17,6,30,18.179417
1527688,2,18,1,30,16.922964
1527688,2,18,2,30,16.693392
1527688,2,18,3,30,15.659099
1527688,2,18,4,24,13.593161
1527688,2,18,5,24,12.274519
1527688,2,18,6,20,13.517839
1527688,2,19,1,14,13.410459
1527688,2,19,2,13,13.599469
1527688,2,19,3,7,10.407517
1527688,2,19,4,7,8.514087
1527688,2,19,5,7,6.2764506
1527688,2,19,6,1,3.6485312
1527691,1,15,1,52,60.784977
1527691,1,15,2,51,53.928745
1527691,1,15,3,51,45.682106
1527691,1,15,4,50,41.562096
1527691,1,15,5,50,39.092476
1527691,1,15,6,49,37.523964
1527691,1,15,7,48,30.926035
1527691,1,16,1,44,37.13687
1527691,1,16,2,43,32.40946
1527691,1,16,3,42,31.271807
1527691,1,16,4,41,28.85394
1527691,1,16,5,40,28.419044
1527691,1,16,6,39,31.210297
1527691,1,17,1,39,24.114681
1527691,1,17,2,38,20.749588
1527691,1,17,3,38,26.377342
1527691,1,17,4,37,27.002283
1527691,1,17,5,36,25.817833
1527691,1,17,6,32,22.904675
1527691,1,18,1,28,24.134085
1527691,1,18,2,24,22.907982
1527691,1,18,3,24,20.069498
1527691,1,18,4,24,19.885538
1527691,1,18,5,22,16.771593
1527691,1,18,6,21,17.114822
1527691,1,19,1,15,12.675756
1527691,1,19,2,9,11.952181
1527691,1,19,3,8,9.287922
1527691,1,19,4,7,9.389188
1527691,1,19,5,3,6.7906504
1527691,1,19,6,2,4.104582
1527691,2,15,1,36,52.804897
1527691,2,15,2,36,47.349247
1527691,2,15,3,36,45.57863
1527691,2,15,4,35,30.250744
1527691,2,15,5,35,29.021488
1527691,2,15,6,34,24.82333
1527691,2,16,1,33,30.127739
1527691,2,16,2,32,26.48198
1527691,2,16,3,31,23.489996
1527691,2,16,4,27,31.459234
1527691,2,16,5,21,31.417183
1527691,2,16,6,19,30.254786
1527691,2,17,1,18,26.090553
1527691,2,17,2,18,25.501493
1527691,2,17,3,18,24.269981
1527691,2,17,4,14,23.143423
1527691,2,17,5,13,21.669186
1527691,2,17,6,12,19.872066
1527691,2,18,1,8,20.579746
1527691,2,18,2,7,19.404179
1527691,2,18,3,6,17.38699
1527691,2,18,4,6,11.163968
1527691,2,18,5,6,9.28628
1527691,2,18,6,5,7.636672
1527691,2,18,7,5,7.9350843
1527691,2,19,1,4,4.927277
1527691,2,19,2,4,4.1268806
1527691,2,19,3,4,4.0904164
1527691,2,19,4,3,2.9051435
1527691,2,19,5,2,2.929421
1527691,2,19,6,2,1.325722
1527691,2,19,7,0,0.87485975
1529270,1,15,1,40,50.723366
1529270,1,15,2,34,53.095825
1529270,1,15,3,33,58.657127
1529270,1,15,4,32,58.11869
1529270,1,15,5,31,55.981785
1529270,1,15,6,31,48.585205
1529270,1,16,1,31,48.936504
1529270,1,16,2,30,46.396942
1529270,1,16,3,29,39.864555
1529270,1,16,4,25,37.629383
1529270,1,16,5,24,37.69654
1529270,1,16,6,22,37.910267
1529270,1,16,7,21,40.94155
1529270,1,17,1,17,32.59358
1529270,1,17,2,17,25.539848
1529270,1,17,3,17,25.007828
1529270,1,17,4,16,23.283823
1529270,1,17,5,15,21.30558
1529270,1,17,6,15,23.119621
1529270,1,18,1,15,16.064928
1529270,1,18,2,15,16.847923
1529270,1,18,3,15,14.798918
1529270,1,18,4,15,12.001456
1529270,1,18,5,14,11.3279915
1529270,1,18,6,14,11.186309
1529270,1,18,7,8,11.97321
1529270,1,19,1,7,10.6835985
1529270,1,19,2,6,7.8941545
1529270,1,19,3,5,7.846711
1529270,1,19,4,1,4.8638887
1529270,1,19,5,1,2.8717933
1529270,1,19,6,0,0.55052465
1529270,2,15,1,43,48.21132
1529270,2,15,2,39,47.777863
1529270,2,15,3,37,48.738503
1529270,2,15,4,36,41.91576
1529270,2,15,5,36,40.73511
1529270,2,15,6,35,39.774487
1529270,2,16,1,35,34.036892
1529270,2,16,2,34,31.254967
1529270,2,16,3,33,30.010548
1529270,2,16,4,32,30.036839
1529270,2,16,5,31,26.788443
1529270,2,16,6,31,27.759645
1529270,2,16,7,30,22.697979
1529270,2,16,8,30,23.18273
1529270,2,17,1,29,21.528294
1529270,2,17,2,28,19.50667
1529270,2,17,3,26,19.38338
1529270,2,17,4,26,20.442102
1529270,2,17,5,22,18.507414
1529270,2,17,6,20,18.29086
1529270,2,18,1,19,16.3031
1529270,2,18,2,19,15.7524805
1529270,2,18,3,18,13.670824
1529270,2,18,4,17,11.635696
1529270,2,18,5,16,11.460749
1529270,2,18,6,10,10.546563
1529270,2,18,7,9,11.775117
1529270,2,19,1,7,11.9597645
1529270,2,19,2,5,9.823672
1529270,2,19,3,4,7.909383
1529270,2,19,4,3,4.238941
1529270,2,19,5,2,2.8993883
1529270,2,19,6,2,0.98413074
1529270,2,19,7,1,0.77579933
1529275,1,15,1,52,47.66407
1529275,1,15,2,52,43.921425
1529275,1,15,3,50,43.494385
1529275,1,15,4,49,42.74274
1529275,1,15,5,49,38.847134
1529275,1,15,6,49,34.37735
1529275,1,16,1,49,32.127796
1529275,1,16,2,49,28.006824
1529275,1,16,3,48,27.472496
1529275,1,16,4,47,27.216578
1529275,1,16,5,46,26.810213
1529275,1,16,6,45,26.941362
1529275,1,17,1,43,25.766203
1529275,1,17,2,42,24.987616
1529275,1,17,3,40,24.041634
1529275,1,17,4,39,21.881723
1529275,1,17,5,37,23.467068
1529275,1,17,6,33,20.677681
1529275,1,18,1,32,17.800926
1529275,1,18,2,32,18.282974
1529275,1,18,3,28,16.94428
1529275,1,18,4,27,15.827231
1529275,1,18,5,25,13.063822
1529275,1,18,6,24,14.02832
1529275,1,19,1,20,10.289834
1529275,1,19,2,16,10.035667
1529275,1,19,3,14,9.250395
1529275,1,19,4,10,7.565234
1529275,1,19,5,8,5.5909376
1529275,1,19,6,6,4.204195
1529275,2,15,1,20,47.92699
1529275,2,15,2,14,43.978115
1529275,2,15,3,14,43.765522
1529275,2,15,4,14,42.64712
1529275,2,15,5,14,39.964455
1529275,2,15,6,14,36.571304
1529275,2,16,1,8,29.414728
1529275,2,16,2,8,28.248672
1529275,2,16,3,7,27.62752
1529275,2,16,4,6,15.579218
1529275,2,16,5,6,17.173954
1529275,2,16,6,5,18.531004
1529275,2,16,7,5,19.257406
1529275,2,17,1,5,16.361597
1529275,2,17,2,4,15.187725
1529275,2,17,3,0,8.566637
1529275,2,17,4,0,8.0159855
1529275,2,17,5,0,6.7757072
1529275,2,17,6,0,1.085641
1529276,1,15,1,58,46.428253
1529276,1,15,2,58,48.83075
1529276,1,15,3,52,47.29024
1529276,1,15,4,48,39.769638
1529276,1,15,5,44,41.404797
1529276,1,15,6,44,42.21203
1529276,1,16,1,43,40.30545
1529276,1,16,2,42,39.97043
1529276,1,16,3,42,35.133858
1529276,1,16,4,42,31.953608
1529276,1,16,5,42,32.182285
1529276,1,16,6,42,32.072914
1529276,1,17,1,41,31.026215
1529276,1,17,2,37,28.730251
1529276,1,17,3,36,29.920677
1529276,1,17,4,32,26.557568
1529276,1,17,5,32,24.32685
1529276,1,17,6,32,25.075647
1529276,1,17,7,26,24.64692
1529276,1,18,1,26,21.099941
1529276,1,18,2,25,17.640097
1529276,1,18,3,24,16.771336
1529276,1,18,4,23,15.875217
1529276,1,18,5,22,12.858357
1529276,1,18,6,21,13.440179
1529276,1,18,7,17,13.368192
1529276,1,19,1,16,12.255699
1529276,1,19,2,10,10.586901
1529276,1,19,3,10,7.3008127
1529276,1,19,4,10,7.761403
1529276,1,19,5,4,8.091043
1529276,1,19,6,4,4.997824
1529276,2,15,1,10,42.472027
1529276,2,15,2,10,38.751198
1529276,2,15,3,9,40.846878
1529276,2,15,4,7,38.506657
1529276,2,15,5,6,38.30163
1529276,2,15,6,5,39.53943
1529276,2,16,1,5,30.018995
1529276,2,16,2,5,29.815855
1529276,2,16,3,4,28.347486
1529276,2,16,4,4,27.62232
1529276,2,16,5,4,27.499819
1529276,2,16,6,4,16.996084
1529276,2,17,1,4,8.195173
1529276,2,17,2,4,7.812663
1529276,2,17,3,3,7.1194415
1529276,2,17,4,2,6.5455575
1529276,2,17,5,2,6.206042
1529276,2,17,6,2,5.9748335
1529276,2,17,7,2,7.0354834
1529276,2,18,1,2,7.650302
1529276,2,18,2,2,6.571895
1529276,2,18,3,1,7.135295
1529276,2,18,4,1,7.3218718
1529276,2,18,5,0,7.8848166
1529276,2,18,6,0,1.4751097
