match_id,innings,over,ball_in_over,b14_actual_runs,b14_predicted_runs
335983,1,15,1,6,5.955570283907285
335983,1,15,2,0,3.032967172278069
335983,1,15,3,0,1.316000114390723
335983,1,15,4,0,1.2709199426758684
335983,1,15,5,1,1.1653868543615928
335983,1,15,6,1,1.2022242741582403
335983,1,16,1,1,1.3447880833652648
335983,1,16,2,1,1.3403620319007925
335983,1,16,3,6,1.8549190832241085
335983,1,16,4,4,1.5025607671130192
335983,1,16,5,1,1.5376237996435018
335983,1,16,6,1,1.7717394854512265
335983,1,17,1,0,1.6115052394715292
335983,1,17,2,4,1.9806983031309502
335983,1,17,3,1,1.9289533157617307
335983,1,17,4,2,1.7893250265860074
335983,1,17,5,6,1.926907211582662
335983,1,17,6,4,2.2074030800660633
335983,1,18,1,4,2.1708095204104776
335983,1,18,2,1,2.627472950351088
335983,1,18,3,1,2.4171913141820887
335983,1,18,4,1,2.632525579905819
335983,1,18,5,6,2.1711827683008065
335983,1,18,6,2,2.472497080919507
335983,1,19,1,6,2.808449481317871
335983,1,19,2,6,3.3848612063616907
335983,1,19,3,4,3.276170265511268
335983,1,19,4,1,3.0952189363844336
335983,1,19,5,6,2.309851411497255
335983,1,19,6,2,3.7307217792954424
335983,2,15,1,2,2.003087388375163
335983,2,15,2,0,1.4648385385218987
335983,2,15,3,4,2.2215805140366163
335983,2,15,4,1,2.04315242334354
335983,2,15,5,1,1.8394737535025207
335983,2,15,6,2,1.8959607150794853
335983,2,16,1,0,1.680474319418438
335983,2,16,2,1,1.6429931146659222
335983,2,16,3,1,1.6055138308252017
335983,2,16,4,4,1.8941278502417735
335983,2,16,5,1,1.6988517617996262
335983,2,16,6,2,1.8002951192740448
335983,2,17,1,1,1.9035120221234423
335983,2,17,2,1,1.689405050335162
335983,2,17,3,2,1.7091337592042555
335983,2,17,4,0,1.5700687730087353
335983,2,17,5,0,1.584596564315665
335983,2,17,6,0,1.448670200177199
335983,2,18,1,1,1.5385144077782895
335983,2,18,2,1,1.4799504550288123
335983,2,18,3,1,1.4365531309938913
335983,2,18,4,1,1.4415557414183522
335983,2,18,5,2,1.5004776403180629
335983,2,18,6,1,1.457854713917508
335983,2,19,1,1,1.584769767683401
335983,2,19,2,1,1.5170621563421574
335983,2,19,3,0,1.4650832508615266
335983,2,19,4,6,1.9028084178715168
335983,2,19,5,1,1.8930221035185322
335983,2,19,6,0,1.6307959108376473
335990,1,15,1,1,0.9023788948242248
335990,1,15,2,4,2.485842962026731
335990,1,15,3,1,2.088270541193096
335990,1,15,4,4,2.512863953825723
335990,1,15,5,1,2.1612178426178725
335990,1,15,6,1,1.9808218241956657
335990,1,16,1,1,2.0879144162070618
335990,1,16,2,4,2.1235555427654225
335990,1,16,3,4,2.299113281574685
335990,1,16,4,2,2.2858121173120347
335990,1,16,5,0,2.0619082851233235
335990,1,16,6,0,1.9918150715854013
335990,1,17,1,6,2.1988716771461108
335990,1,17,2,1,2.1749122794703
335990,1,17,3,1,2.195206048301836
335990,1,17,4,6,2.9094514735620143
335990,1,17,5,1,2.546819797852345
335990,1,17,6,0,2.097262769684635
335990,1,18,1,4,2.0738059313110884
335990,1,18,2,1,2.5763155294470237
335990,1,18,3,4,2.1757118026863465
335990,1,18,4,0,2.381032139357391
335990,1,18,5,0,2.249642883685787
335990,1,18,6,1,2.131310187401314
335990,1,18,7,1,2.105838149932118
335990,1,18,8,4,1.7375049414585626
335990,1,19,1,0,2.430842359357401
335990,1,19,2,0,2.4449627287238074
335990,1,19,3,4,2.1910821916068564
335990,1,19,4,4,2.560226457950755
335990,1,19,5,0,2.7868580043054916
335990,1,19,6,2,2.486604997568445
335990,1,19,7,0,2.227201405838101
335990,2,15,1,1,0.9023788948242248
335990,2,15,2,1,0.9080403974227
335990,2,15,3,6,3.124222103691358
335990,2,15,4,4,2.898783543592062
335990,2,15,5,1,2.5564650679010956
335990,2,15,6,4,2.666602186569839
335990,2,16,1,4,2.6598210189001685
335990,2,16,2,1,2.69157976375065
335990,2,16,3,1,2.8172359322004783
335990,2,16,4,1,2.5189832434295814
335990,2,16,5,1,2.1562870534048537
335990,2,16,6,2,2.2411890829908097
335990,2,17,1,0,1.962620180712839
335990,2,17,2,0,1.9566855268519343
335990,2,17,3,0,1.6556696741925185
335990,2,17,4,1,1.4065350154962921
335990,2,17,5,0,1.4151870079198947
335990,2,17,6,0,1.4893956121022727
335990,2,17,7,4,1.516418685834725
335990,2,18,1,0,2.3402318810021288
335990,2,18,2,1,1.470313558093573
335990,2,18,3,0,1.2560456796281008
335990,2,18,4,1,1.3334342391127387
335990,2,18,5,0,1.0913256989976927
335990,2,18,6,1,1.3705906199869657
335990,2,18,7,1,1.2395968144289942
335990,2,19,1,2,1.164590356143965
335990,2,19,2,1,1.188195306360074
335990,2,19,3,4,1.4513644025212136
335990,2,19,4,6,1.415255455416268
335990,2,19,5,6,1.6295009758988912
335995,1,15,1,1,0.9023788948242248
335995,1,15,2,2,1.4648385385218987
335995,1,15,3,0,1.3587472201842303
335995,1,15,4,6,2.512863953825723
335995,1,15,5,4,2.797541098546957
335995,1,15,6,1,1.9609909574242776
335995,1,16,1,1,2.2511018800562286
335995,1,16,2,0,2.1235555427654225
335995,1,16,3,1,2.013689565851908
335995,1,16,4,0,1.6365185194317402
335995,1,16,5,1,1.623854900875307
335995,1,16,6,1,1.5943415201860505
335995,1,16,7,1,1.5275702817907684
335995,1,17,1,2,1.567358003213306
335995,1,17,2,1,1.549979175775153
335995,1,17,3,4,1.9396576422099499
335995,1,17,4,4,2.293897397340371
335995,1,17,5,0,1.7490930778482967
335995,1,17,6,0,1.577800023122212
335995,1,18,1,2,2.3402318810021288
335995,1,18,2,1,1.3845954407592598
335995,1,18,3,4,1.7521966374047193
335995,1,18,4,1,1.691095074887332
335995,1,18,5,1,1.809346643793036
335995,1,18,6,4,1.9787612666977275
335995,1,19,1,1,2.106597479793592
335995,1,19,2,2,1.8601968607918757
335995,1,19,3,0,1.922542747425914
335995,1,19,4,1,1.702187225557872
335995,1,19,5,1,1.6513719087868366
335995,1,19,6,1,1.8192084402195134
335995,2,15,1,1,0.9023788948242248
335995,2,15,2,1,0.9080403974227
335995,2,15,3,6,3.124222103691358
335995,2,15,4,1,2.2902502299285716
335995,2,15,5,0,1.8394737535025207
335995,2,15,6,1,1.7864397866282715
335995,2,16,1,3,2.0879144162070618
335995,2,16,2,4,2.1235555427654225
335995,2,16,3,1,2.013689565851908
335995,2,16,4,0,1.6365185194317402
335995,2,16,5,0,1.5417640891493622
335995,2,16,6,1,1.521636962248853
335995,2,17,1,4,1.7041036978407131
335995,2,17,2,0,1.6782772729546165
335995,2,17,3,1,1.569085180092697
335995,2,17,4,1,1.8995278845928236
335995,2,17,5,1,1.6203487516699009
335995,2,17,6,4,1.8119352927764605
335995,2,17,7,0,1.5833370104830158
335995,2,18,1,0,1.3250399776300819
335995,2,18,2,1,1.2763361766200652
335995,2,18,3,0,1.3677120743623263
335995,2,18,4,0,1.4246310986325215
335995,2,18,5,1,1.3827120765612289
335995,2,18,6,1,1.3553628582432449
335995,2,19,1,0,1.596217143500217
335995,2,19,2,0,1.3777459257100089
335995,2,19,3,4,1.4811307351270568
335996,1,15,1,6,5.955570283907285
335996,1,15,2,6,5.895252730882206
335996,1,15,3,0,3.8164245278542466
335996,1,15,4,1,3.7604379924359175
335996,1,15,5,1,2.797541098546957
335996,1,15,6,0,2.157035235044497
335996,1,16,1,1,2.2392795130313607
335996,1,16,2,4,2.258545720209521
335996,1,16,3,0,2.1875435453018093
335996,1,16,4,4,2.2858121173120347
335996,1,16,5,1,2.171567259489775
335996,1,16,6,6,2.8329406576062297
335996,1,17,1,1,2.2969027280746777
335996,1,17,2,1,2.7850709667037696
335996,1,17,3,1,2.8263852040947457
335996,1,17,4,4,2.9094514735620143
335996,1,17,5,1,2.546819797852345
335996,1,17,6,0,2.3548475895267353
335996,1,18,1,0,2.361188060080796
335996,1,18,2,4,2.488491952819397
335996,1,18,3,4,2.4327241769196593
335996,1,18,4,6,2.5870622914825154
335996,1,18,5,4,2.3086266350825655
335996,1,18,6,4,2.4259681011867413
335996,1,18,7,1,2.0906621715508846
335996,1,19,1,0,2.2949632708920715
335996,1,19,2,4,2.7425325491113766
335996,1,19,3,6,3.0424811465430164
335996,1,19,4,4,3.1448436859370488
335996,1,19,5,0,3.111628197302382
335996,1,19,6,0,2.704559099997818
335996,2,15,1,0,-0.0016225146457691717
335996,2,15,2,1,0.4090551015098703
335996,2,15,3,1,0.5465661387924178
335996,2,15,4,2,0.8639749709697547
335996,2,15,5,0,0.7159985637857804
335996,2,15,6,4,1.2022242741582403
335996,2,16,1,2,1.4457052338472443
335996,2,16,2,0,1.1544076895767088
335996,2,16,3,1,1.0348979036846635
335996,2,16,4,0,0.9509768176699798
335996,2,16,5,1,0.8856295149125889
335996,2,16,6,4,1.268422206511088
335996,2,17,1,1,1.3486053815644619
335996,2,17,2,0,0.932634538106675
335996,2,17,3,1,1.0607040836219708
335996,2,17,4,1,0.9543250175455794
335996,2,17,5,1,0.9768876449666304
335996,2,17,6,2,1.0287867077674269
335996,2,18,1,1,1.2110232140515542
335996,2,18,2,1,1.2713716501032146
335996,2,18,3,4,1.3272706905065055
335996,2,18,4,0,1.2495397294423045
335996,2,18,5,1,0.8807831771610315
335996,2,18,6,1,0.6000309070347134
335996,2,19,1,1,0.6045268345225918
335996,2,19,2,1,0.6069511570694294
335996,2,19,3,0,0.8815258728389512
335996,2,19,4,0,1.023736134701257
336002,1,15,1,1,0.9023788948242248
336002,1,15,2,1,0.9080403974227
336002,1,15,3,4,2.088270541193096
336002,1,15,4,1,1.7720445878487263
336002,1,15,5,1,1.6441032820371335
336002,1,15,6,0,1.3979336866422838
336002,1,16,1,0,1.195616695369306
336002,1,16,2,1,1.226664281089852
336002,1,16,3,0,1.1526137127249205
336002,1,16,4,6,1.6685881335087278
336002,1,16,5,4,1.8744451108710782
336002,1,16,6,6,2.1793098721201387
336002,1,17,1,1,2.1864477481963553
336002,1,17,2,1,2.156934302765796
336002,1,17,3,0,2.0282417282286933
336002,1,17,4,0,1.99265005566298
336002,1,17,5,6,2.010729002314552
336002,1,17,6,1,2.0045738173374703
336002,1,18,1,1,2.3817925145669308
336002,1,18,2,4,1.9386623730472652
336002,1,18,3,0,1.763736162569567
336002,1,18,4,0,1.9153851759340639
336002,1,18,5,0,1.5303639966898943
336002,1,18,6,0,1.3541187138697501
336002,1,18,7,0,1.520292840614639
336002,1,19,1,0,1.1787289682264142
336002,1,19,2,0,1.1716989537314113
336002,1,19,3,1,1.3388737842559104
336002,1,19,4,0,1.2001277793770426
336002,1,19,5,0,1.7274398487964564
336002,1,19,6,0,1.1043099047132454
336002,2,15,1,1,0.9023788948242248
336002,2,15,2,4,2.485842962026731
336002,2,15,3,4,3.034731403705452
336002,2,15,4,4,3.7604379924359175
336002,2,15,5,0,1.8636438797127934
336002,2,15,6,4,1.377522456503496
336002,2,16,1,4,2.0069977146913818
336002,2,16,2,6,2.15990649549891
336002,2,16,3,1,1.9626783583662375
336002,2,16,4,1,1.7798111078692447
336002,2,16,5,1,2.099061756383344
336002,2,16,6,0,2.1389496786953615
336002,2,17,1,4,2.5744015981363266
336002,2,17,2,0,2.730153864484457
336002,2,17,3,1,2.2702644277251447
336002,2,17,4,4,2.772569254163421
336002,2,17,5,4,1.5681675025647845
336002,2,17,6,0,2.156698329983209
336002,2,18,1,1,2.5326269598150595
336002,2,18,2,6,3.156419537115048
336002,2,18,3,6,3.4489756805666025
336002,2,18,4,1,2.4860524832452873
336002,2,18,5,1,3.1284010528518396
336002,2,18,6,6,2.0759167021314124
336003,1,15,1,1,0.9023788948242248
336003,1,15,2,1,0.9080403974227
336003,1,15,3,4,2.088270541193096
336003,1,15,4,0,1.5288642536666437
336003,1,15,5,2,1.6441032820371335
336003,1,15,6,1,1.5457940014337308
336003,1,16,1,0,1.3920899057793246
336003,1,16,2,0,1.3892465752493044
336003,1,16,3,1,1.2863653546086058
336003,1,16,4,4,1.6061786448204436
336003,1,16,5,1,1.4824179276994356
336003,1,16,6,1,1.4201612014528018
336003,1,16,7,4,1.5983584886121267
336003,1,17,1,1,1.732774607698629
336003,1,17,2,1,1.6841660368244233
336003,1,17,3,4,2.0201134727516914
336003,1,17,4,0,1.5892289771835726
336003,1,17,5,0,1.6976493067529128
336003,1,17,6,1,1.6671447431844502
336003,1,17,7,1,1.5035164143737487
336003,1,18,1,1,1.579658718336596
336003,1,18,2,4,1.513641164023202
336003,1,18,3,0,1.6969352743770518
336003,1,18,4,1,1.6698458483556715
336003,1,18,5,1,1.706170013046757
336003,1,18,6,0,1.5603959353976846
336003,1,19,1,0,1.6166380023520446
336003,1,19,2,4,1.931210171726125
336003,1,19,3,4,1.9870545099014927
336003,1,19,4,2,1.8874006024618177
336003,1,19,5,4,1.9056691401542134
336003,1,19,6,6,2.549417904774456
336003,2,15,1,0,0.020069684090631257
336003,2,15,2,0,0.020069684090631257
336003,2,15,3,2,0.6125227945681023
336003,2,15,4,6,2.04315242334354
336003,2,15,5,2,1.9398175394584762
336003,2,15,6,2,1.9808218241956657
336003,2,16,1,4,2.2511018800562286
336003,2,16,2,1,2.1235555427654225
336003,2,16,3,1,2.013689565851908
336003,2,16,4,2,2.0977329080184024
336003,2,16,5,2,1.9342582825901495
336003,2,16,6,1,1.9918150715854013
336003,2,17,1,2,2.011712928604953
336003,2,17,2,1,2.1578800654937256
336003,2,17,3,6,2.4173777841349695
336003,2,17,4,1,2.394972596608761
336003,2,17,5,6,2.429149213798672
336003,2,17,6,2,2.418316293607644
336003,2,18,1,2,2.1324830047799574
336003,2,18,2,6,2.823539252626168
336003,2,18,3,2,2.3336308940536172
336003,2,18,4,2,2.5870622914825154
336003,2,18,5,0,2.3214639457863644
336003,2,18,6,6,2.698995132431269
336003,2,19,1,1,2.808449481317871
336003,2,19,2,2,2.560625398054834
336003,2,19,3,1,2.5689858597046755
336003,2,19,4,0,2.733387385194306
336003,2,19,5,0,2.6942408927271684
336003,2,19,6,4,2.8666373541208157
336016,1,15,1,1,0.9023788948242248
336016,1,15,2,1,0.9080403974227
336016,1,15,3,0,0.6125227945681023
336016,1,15,4,6,2.04315242334354
336016,1,15,5,4,2.431216830027345
336016,1,15,6,4,2.8894240176158537
336016,1,16,1,0,2.2511018800562286
336016,1,16,2,1,2.1235555427654225
336016,1,16,3,0,1.9606971634772965
336016,1,16,4,1,1.8941278502417735
336016,1,16,5,2,1.8744451108710782
336016,1,16,6,1,1.8002951192740448
336016,1,17,1,0,1.6366300757415382
336016,1,17,2,0,1.4218109004981512
336016,1,17,3,0,1.3482231503491577
336016,1,17,4,0,1.4219557044855589
336016,1,17,5,1,1.4019572040758124
336016,1,17,6,1,1.3922313587135593
336016,1,17,7,1,1.3510906318944422
336016,1,18,1,1,1.5516412366201686
336016,1,18,2,0,1.3836390160909542
336016,1,18,3,0,1.3771491655582861
336016,1,18,4,0,1.2416269162257474
336016,1,18,5,1,1.2142654359271732
336016,1,18,6,0,1.1484952086281108
336016,1,19,1,0,1.1807129229823927
336016,1,19,2,1,1.239152408039869
336016,1,19,3,1,1.2269686729532585
336016,1,19,4,0,1.275998704826869
336016,1,19,5,4,1.2463865471869415
336016,1,19,6,1,1.2167272274969976
336016,1,19,7,0,1.3202920975716685
336016,2,15,1,1,0.9023788948242248
336016,2,15,2,1,0.9080403974227
336016,2,15,3,0,0.6125227945681023
336016,2,15,4,1,0.6913956144576845
336018,1,15,1,1,0.9023788948242248
336018,1,15,2,4,2.485842962026731
336018,1,15,3,2,2.2215805140366163
336018,1,15,4,1,2.04315242334354
336018,1,15,5,1,1.8394737535025207
336018,1,15,6,4,2.1435090230452665
336018,1,16,1,1,2.0817635273463275
336018,1,16,2,1,2.0768811065110215
336018,1,16,3,4,2.1875435453018093
336018,1,16,4,0,2.179853686410665
336018,1,16,5,0,1.8744451108710782
336018,1,16,6,4,2.1584133084738597
336018,1,17,1,1,2.011712928604953
336018,1,17,2,1,2.1578800654937256
336018,1,17,3,1,2.0818217886505566
336018,1,17,4,6,2.394972596608761
336018,1,17,5,4,2.5468130141648606
336018,1,17,6,1,2.3548475895267353
336018,1,18,1,1,2.361188060080796
336018,1,18,2,6,2.264561784211487
336018,1,18,3,0,2.391562714345103
336018,1,18,4,1,2.2924425038550162
336018,1,18,5,6,1.9349498136061927
336018,1,18,6,0,2.7018369626238985
336018,1,19,1,0,2.3219138008238107
336018,1,19,2,0,2.6209456169556007
336018,1,19,3,0,2.362380997965709
336018,1,19,4,0,2.42977168316361
336018,1,19,5,1,2.252745571493659
336018,1,19,6,4,2.327533014453942
336018,1,19,7,1,2.287785427941209
336018,1,19,8,4,2.313180836682902
336018,1,19,9,0,2.3388264852077403
336023,1,15,1,1,0.9023788948242248
336023,1,15,2,1,0.9080403974227
336023,1,15,3,4,2.088270541193096
336023,1,15,4,1,1.7720445878487263
336023,1,15,5,0,1.388045090252713
336023,1,15,6,1,1.3979336866422838
336023,1,16,1,1,1.3920899057793246
336023,1,16,2,4,1.6429931146659222
336023,1,16,3,1,1.6055138308252017
336023,1,16,4,4,1.8941278502417735
336023,1,16,5,2,1.8744451108710782
336023,1,16,6,4,2.1584133084738597
336023,1,17,1,2,2.1356386001455205
336023,1,17,2,1,2.2182625313278397
336023,1,17,3,4,2.195206048301836
336023,1,17,4,1,2.291977845779045
336023,1,17,5,1,2.2085405537795055
336023,1,17,6,1,2.422775672602458
336023,1,18,1,0,1.9334568214041907
336023,1,18,2,1,1.910427997210193
336023,1,18,3,4,2.1042451961005413
336023,1,18,4,1,1.8323111778347898
336023,1,18,5,2,1.9895174100379844
336023,1,18,6,1,2.106840503997768
336023,1,19,1,1,1.7803897720617676
336023,1,19,2,0,2.2711881442141886
336023,1,19,3,2,2.0981265822571658
336023,1,19,4,2,2.1846236876708867
336023,1,19,5,2,2.0908017975793234
336023,1,19,6,2,2.4112669330369605
336023,2,15,1,0,0.020069684090631257
336023,2,15,2,0,-0.0016225146457691717
336023,2,15,3,0,0.015284436260272864
336023,2,15,4,1,0.174208852655965
336023,2,15,5,1,0.3159503139027935
336023,2,15,6,4,0.8809089419877215
336023,2,16,1,0,0.8481191779208007
336023,2,16,2,0,0.6932967798456867
336023,2,16,3,6,1.2885109007301563
336023,2,16,4,0,1.1770179680949384
336023,2,16,5,6,1.5417640891493622
336023,2,16,6,6,1.9147490440829367
336023,2,17,1,0,1.926034433385357
336023,2,17,2,1,1.7565657145387115
336023,2,17,3,1,1.9170835792659113
336023,2,17,4,1,1.8995278845928236
336023,2,17,5,4,2.043348969750741
336023,2,17,6,0,1.7053137475405917
336023,2,18,1,1,1.7097014671908306
336023,2,18,2,2,1.696531039083482
336023,2,18,3,1,1.5984722416591848
336023,2,18,4,0,1.4657087014187802
336023,2,18,5,0,1.5370671307138237
336023,2,18,6,0,1.4555844998544318
336023,2,19,1,4,1.7828477473145852
336023,2,19,2,0,1.5104668546881672
336023,2,19,3,0,1.5157332888672759
336023,2,19,4,0,1.4799316946717633
336023,2,19,5,4,1.7963270152557709
336023,2,19,6,6,1.8463664710707641
336037,1,15,1,2,2.003087388375163
336037,1,15,2,0,1.4648385385218987
336037,1,15,3,1,1.3587472201842303
336037,1,15,4,1,1.3369564695531806
336037,1,15,5,1,1.2050640477179053
336037,1,15,6,4,1.7864397866282715
336037,1,15,7,1,1.611274668103666
336037,1,16,1,1,1.495154980661557
336037,1,16,2,4,1.9467140904212958
336037,1,16,3,0,1.6302151725242
336037,1,16,4,1,1.612701704882307
336037,1,16,5,1,1.5389236199881733
336037,1,16,6,1,1.337037162910207
336037,1,17,1,4,1.689405050335162
336037,1,17,2,6,2.1347547968108382
336037,1,17,3,0,2.114335914342108
336037,1,17,4,0,1.768509991459549
336037,1,17,5,1,1.7965367016736007
336037,1,17,6,0,1.8225460311442896
336037,1,17,7,1,1.5926068551129453
336037,1,18,1,4,1.7668530131017086
336037,1,18,2,1,1.7526216726508552
336037,1,18,3,0,1.8243735128747143
336037,1,18,4,0,1.7064808958113913
336037,1,18,5,1,1.690397931578515
336037,1,18,6,0,1.2904332103727394
336037,1,18,7,6,1.6196120152369953
336037,1,19,1,1,2.0952811080698073
336037,1,19,2,4,1.3223381367804525
336037,1,19,3,0,1.6091121603624137
336037,1,19,4,0,1.48422281025375
336037,1,19,5,1,2.218949536186352
336037,1,19,6,0,0.7977276789267367
336037,2,15,1,1,0.9023788948242248
336037,2,15,2,0,0.4090551015098703
336037,2,15,3,1,0.5465661387924178
336037,2,15,4,1,0.6254085348310924
336037,2,15,5,0,0.5427547087434988
336037,2,15,6,0,0.44596048668328786
336037,2,16,1,1,0.5449205661367216
336037,2,16,2,1,0.6112103867814346
336037,2,16,3,1,0.6035330505915318
336037,2,16,4,0,0.6239544256725101
336037,2,16,5,0,0.5611401491507466
336037,2,16,6,0,0.5136622659873323
336037,2,17,1,2,0.6222206984860473
336037,2,17,2,1,0.6440226653525072
336037,2,17,3,1,0.64664851000941
336037,2,17,4,4,0.9027340994263708
336037,2,17,5,2,0.9020371397603363
336037,2,17,6,1,0.8788020392394111
336037,2,18,1,1,0.8952485941112994
336037,2,18,2,3,1.131196362574331
336037,2,18,3,1,1.0967000330808978
336037,2,18,4,4,1.2663640944936791
336037,2,18,5,1,1.3900593799488568
336037,2,18,6,0,1.295288488646555
336037,2,19,1,1,1.3224414705077563
336037,2,19,2,6,1.5170621563421574
392190,1,15,1,1,0.9023788948242248
392190,1,15,2,1,0.9080403974227
392190,1,15,3,0,0.6125227945681023
392190,1,15,4,1,0.6913956144576845
392190,1,15,5,1,0.7819856434123725
392190,1,15,6,0,0.6419335919953075
392190,1,16,1,1,0.7265347044285522
392190,1,16,2,0,0.6112103867814346
392190,1,16,3,2,0.6762144675854397
392190,1,16,4,0,0.648303919144556
392190,1,16,5,4,0.9290118711593476
392190,1,16,6,1,0.9661828822490841
392190,1,17,1,2,1.170576570893622
392190,1,17,2,1,1.160985737868845
392190,1,17,3,0,1.0941734883750251
392190,1,17,4,0,0.9778912262007367
392190,1,17,5,0,0.9020371397603363
392190,1,17,6,0,0.8788020392394111
392190,1,17,7,1,0.8124917858994153
392190,1,17,8,0,0.6869423997780169
392190,1,18,1,0,0.8707047500445811
392190,1,18,2,1,0.8394151986483397
392190,1,18,3,1,0.8708685785177392
392190,1,18,4,0,0.9277976549406787
392190,1,18,5,0,0.9307857695866555
392190,1,18,6,0,0.7464844083771005
392190,1,18,7,1,0.7873615610046875
392190,1,18,8,1,0.6851693607223319
392190,1,19,1,4,0.9434165732439534
392190,1,19,2,0,1.0108982267245128
392190,1,19,3,0,1.1455890973471223
392190,1,19,4,6,1.3040455745520008
392190,1,19,5,6,1.3203383816808802
392190,1,19,6,2,1.0403985738155737
392190,2,15,1,1,0.9023788948242248
392190,2,15,2,1,0.9080403974227
392190,2,15,3,4,2.088270541193096
392190,2,15,4,1,1.7720445878487263
392190,2,15,5,2,1.8394737535025207
392190,2,15,6,6,2.8894240176158537
392190,2,15,7,6,2.611222046354455
392190,2,16,1,0,2.6366585748316327
392190,2,16,2,1,2.603636223265062
392190,2,16,3,4,3.153348664467293
392190,2,16,4,1,2.688010763174049
392190,2,16,5,1,2.4385986484702857
392190,2,16,6,1,2.422230051045479
392190,2,17,1,1,2.266028334377004
392190,2,17,2,0,2.159510583676758
392190,2,17,3,0,2.171813503949888
392190,2,17,4,4,2.3387849825246922
392190,2,17,5,1,2.3408070778454926
392190,2,17,6,1,2.348599477988
392190,2,18,1,2,2.154314035024371
392190,2,18,2,0,1.9791121093585349
392190,2,18,3,1,2.0780310071437795
392190,2,18,4,4,1.9697920902109904
392190,2,18,5,0,2.1120465253312815
392190,2,18,6,0,1.841427906265982
392190,2,18,7,1,1.9768010819629538
392190,2,19,1,0,1.8880675693937903
392190,2,19,2,1,1.878771213025344
392190,2,19,3,1,1.7502806962537436
392190,2,19,4,0,1.8874006024618177
392190,2,19,5,0,2.054348631091185
392190,2,19,6,0,2.3567803605966824
392190,2,19,7,1,1.8380135971926612
392214,1,15,1,0,0.020069684090631257
392214,1,15,2,0,0.4646912883608833
392214,1,15,3,1,0.6125227945681023
392214,1,15,4,2,0.9299620505963468
392214,1,15,5,4,1.6441032820371335
392214,1,15,6,1,1.5457940014337308
392214,1,16,1,6,2.2392795130313607
392214,1,16,2,0,2.0768811065110215
392214,1,16,3,6,2.299113281574685
392214,1,16,4,6,2.9360036745145606
392214,1,16,5,0,3.039968564648334
392214,1,16,6,0,2.1389496786953615
392214,1,17,1,4,2.5744015981363266
392214,1,17,2,1,2.6920679100712275
392214,1,17,3,1,2.8846843976822996
392214,1,17,4,1,2.40058790951405
392214,1,17,5,1,2.3251806128528507
392214,1,17,6,1,2.2695206365411855
392214,2,15,1,2,2.003087388375163
392214,2,15,2,2,2.010109467528837
392214,2,15,3,1,1.6807515274329252
392214,2,15,4,2,1.7720445878487263
392214,2,15,5,1,1.6441032820371335
392214,2,15,6,1,1.5457940014337308
392214,2,16,1,0,1.5338164747326053
392214,2,16,2,1,1.4395996184203166
392214,2,16,3,1,1.3614871327798805
392214,2,16,4,1,1.3535894411006595
392214,2,16,5,0,1.4044305409187525
392214,2,16,6,1,1.4281053634530976
392214,2,17,1,4,1.421525197012769
392214,2,17,2,1,1.539963203832489
392214,2,17,3,1,1.4397532760733909
392214,2,17,4,1,1.4182720893215535
392214,2,17,5,0,1.2703873108693138
392214,2,17,6,4,1.5425932236576745
392218,1,15,1,1,0.9023788948242248
392218,1,15,2,0,0.4646912883608833
392218,1,15,3,1,0.6125227945681023
392218,1,15,4,1,0.6913956144576845
392218,1,15,5,6,1.8394737535025207
392218,1,15,6,1,1.7864397866282715
392218,1,16,1,1,1.592987161816129
392218,1,16,2,1,1.4926274112222264
392218,1,16,3,6,2.013689565851908
392218,1,16,4,1,2.179853686410665
392218,1,16,5,1,1.8744451108710782
392218,1,16,6,1,1.8002951192740448
392218,1,17,1,1,1.9035120221234423
392218,1,17,2,2,1.8041129937034641
392218,1,17,3,1,1.7091337592042555
392218,1,17,4,1,1.7308314154927584
392218,1,17,5,0,1.674256330954394
392218,1,17,6,4,1.7175124344083332
392218,1,18,1,2,1.7687471208257746
392218,1,18,2,1,1.7106932358152043
392218,1,18,3,1,1.7139727597569034
392218,1,18,4,0,1.643238047118627
392218,1,18,5,4,1.6191140855748505
392218,1,18,6,1,1.5509209754818023
392218,1,19,1,0,1.6609417582970203
392218,1,19,2,4,1.9081948343582866
392218,1,19,3,1,1.6518461062425263
392218,1,19,4,4,2.236541834747279
392218,1,19,5,1,2.1094006622372596
392218,1,19,6,1,2.1838351609675475
392218,1,19,7,2,1.6173739645438068
392218,2,15,1,1,0.9023788948242248
392218,2,15,2,0,0.9080403974227
392218,2,15,3,1,0.9209354627127218
392218,2,15,4,0,0.6913956144576845
392218,2,15,5,0,0.605672913383301
392218,2,15,6,2,0.8891350898831683
392218,2,15,7,1,0.8814936773014872
392218,2,16,1,1,0.8818908899921564
392218,2,16,2,2,0.9849824872202845
392218,2,16,3,0,0.8529653149589354
392218,2,16,4,0,0.8936780953274226
392218,2,16,5,2,0.9357847340649939
392218,2,16,6,1,0.9193281296638935
392218,2,16,7,0,0.8112922215396842
392218,2,17,1,1,0.9433580858996029
392218,2,17,2,0,0.9116965544204874
392218,2,17,3,1,0.8957125230885783
392218,2,17,4,2,0.8982040159922546
392218,2,17,5,1,0.8816988575052549
392218,2,17,6,0,0.8508114825215142
392218,2,18,1,1,0.8849156800711032
392218,2,18,2,1,0.8907704470200775
392218,2,18,3,0,0.968424234394691
392218,2,18,4,1,1.0035875260313063
392218,2,18,5,4,0.981079119184073
392218,2,18,6,0,0.9821960708616227
392218,2,19,1,0,1.0916381048843227
392218,2,19,2,2,1.0515084302530922
392218,2,19,3,6,1.215743451150059
392218,2,19,4,1,1.2529087878051546
392218,2,19,5,1,1.3371826073070165
392218,2,19,6,4,1.9069836215839329
392218,2,19,7,1,1.658022399058248
392222,1,15,1,0,0.020069684090631257
392222,1,15,2,1,0.4646912883608833
392222,1,15,3,0,0.3217605309580484
392222,1,15,4,4,1.3369564695531806
392222,1,15,5,1,1.2050640477179053
392222,1,15,6,0,0.9667782640735617
392222,1,16,1,1,0.9596481545469372
392222,1,16,2,0,0.8778022871935303
392222,1,16,3,0,0.704124715144713
392222,1,16,4,0,0.8066759370508684
392222,1,16,5,1,0.901158253598942
392222,1,16,6,1,0.9075103117141873
392222,1,17,1,4,1.1925457759649365
392222,1,17,2,0,1.0190980819756161
392222,1,17,3,0,0.9133470056452432
392222,1,17,4,4,1.2097452772075883
392222,1,17,5,0,1.2031251943446828
392222,1,17,6,0,0.9185336775064545
392222,1,17,7,0,0.8973958015991956
392222,1,17,8,0,0.9434188390669206
392222,1,17,9,0,0.7523823487827191
392222,1,18,1,1,0.9604995411877298
392222,1,18,2,0,0.895879663136084
392222,1,18,3,0,0.903967185926882
392222,1,18,4,0,0.8138305118536702
392222,1,18,5,0,0.8607046276389445
392222,1,18,6,0,0.846936923137796
392222,1,19,1,1,1.2497865690090195
392222,1,19,2,0,1.4791019742697187
392222,1,19,3,0,1.5528851657960248
392222,1,19,4,0,1.8785387045608029
392222,1,19,5,1,1.9184420617637465
392222,1,19,6,1,1.7354242514045723
392222,1,19,7,0,1.468771450411216
392222,2,15,1,0,0.020069684090631257
392222,2,15,2,0,0.020069684090631257
392222,2,15,3,0,0.3217605309580484
392222,2,15,4,0,0.22507564095105426
392222,2,15,5,0,0.15398375797794425
392222,2,15,6,1,0.35151518296712064
392222,2,15,7,0,0.4559652960700905
392222,2,15,8,1,0.5992514780282872
392222,2,16,1,1,0.5666438686947559
392222,2,16,2,4,0.8610071901419799
392225,1,15,1,1,0.9023788948242248
392225,1,15,2,0,0.4646912883608833
392225,1,15,3,1,0.6125227945681023
392225,1,15,4,1,0.6913956144576845
392225,1,15,5,0,0.5427547087434988
392225,1,15,6,0,0.44596048668328786
392225,1,16,1,0,0.429584841639941
392225,1,16,2,1,0.4875092807941076
392225,1,16,3,0,0.4233791093741119
392225,1,16,4,1,0.5136254644043825
392225,1,16,5,0,0.5611401491507466
392225,1,16,6,1,0.6245703716347968
392225,1,16,7,0,0.5188408147991006
392225,1,17,1,0,0.5096917049021726
392225,1,17,2,1,0.5485210989971732
392225,1,17,3,0,0.5839051827228782
392225,1,17,4,4,0.7280798445208844
392225,1,17,5,1,0.7565820111727324
392225,1,17,6,1,0.8291916048195337
392225,1,17,7,0,0.695997303361739
392225,1,18,1,0,0.7563605785247769
392225,1,18,2,0,0.7594614919851556
392225,1,18,3,0,0.7706590028574983
392225,1,18,4,1,0.7697384230464264
392225,1,18,5,0,0.6562450616469129
392225,1,18,6,1,0.6459327259352377
392225,1,18,7,0,0.6126604385923607
392225,1,18,8,0,0.49916602229735846
392225,1,19,1,0,0.6534621073777854
392225,1,19,2,1,0.7476258765133272
392225,1,19,3,1,0.6790668944020021
392225,1,19,4,0,0.6388785191365727
392225,1,19,5,0,0.6342480091181862
392225,1,19,6,1,0.38247218273237715
392225,2,15,1,0,2.926738330637959
392225,2,15,2,1,2.010109467528837
392225,2,15,3,1,1.6807515274329252
392225,2,15,4,0,1.1668484245835244
392225,2,15,5,2,1.1653868543615928
392225,2,15,6,0,1.0713238936777612
392225,2,15,7,0,1.1602751323470792
392225,2,15,8,1,1.3646667666205858
392225,2,16,1,0,1.1630288998997866
392225,2,16,2,1,1.0652252365689425
392225,2,16,3,1,1.0227430678642337
392225,2,16,4,0,0.909734586429046
392225,2,16,5,4,1.4356489435534285
392225,2,16,6,4,1.3145128974059124
392225,2,17,1,1,1.3899962615509767
392225,2,17,2,2,1.5211644414037697
392225,2,17,3,4,1.6809090553057515
392225,2,17,4,4,1.6951087635602669
392225,2,17,5,2,1.7441728249578197
392225,2,17,6,1,1.6577288604890932
392225,2,18,1,1,1.6455205888355673
392225,2,18,2,1,1.5538190885128607
392225,2,18,3,6,2.06238043545617
392225,2,18,4,0,1.7874642744525642
392225,2,18,5,0,1.5877428255164336
392225,2,18,6,0,1.709063524004674
392225,2,18,7,1,1.7508460102412022
392225,2,19,1,0,1.6464686720794601
392225,2,19,2,0,0.8431541754148242
392225,2,19,3,0,1.4813348778509594
392225,2,19,4,1,1.3467168456263963
392225,2,19,5,0,0.850598383892934
392239,1,15,1,1,0.9023788948242248
392239,1,15,2,1,0.9080403974227
392239,1,15,3,1,0.9209354627127218
392239,1,15,4,4,1.7720445878487263
392239,1,15,5,1,1.6441032820371335
392239,1,15,6,0,1.3979336866422838
392239,1,16,1,1,1.3920899057793246
392239,1,16,2,0,1.1904766019981425
392239,1,16,3,4,1.3728251351005343
392239,1,16,4,1,1.3809258319652495
392239,1,16,5,0,1.3606790924413479
392239,1,16,6,0,0.9608726313969608
392239,1,17,1,2,1.2771493044104105
392239,1,17,2,0,1.0564609222259846
392239,1,17,3,1,1.023384955641305
392239,1,17,4,1,1.00594221174172
392239,1,17,5,1,0.9869918136354632
392239,1,17,6,2,1.0271739182976691
392239,1,17,7,2,1.068261109325241
392239,1,18,1,1,1.3708948198091682
392239,1,18,2,0,1.402717257603784
392239,1,18,3,6,1.3317937905568222
392239,1,18,4,1,1.435029817777925
392239,1,18,5,0,1.3569144860515443
392239,1,18,6,1,1.3010501815463287
392239,1,19,1,0,1.5069641458971137
392239,1,19,2,2,1.3692643441285235
392239,1,19,3,2,1.3304365492877492
392239,1,19,4,2,1.302927557570743
392239,1,19,5,2,1.402354505254155
392239,1,19,6,1,1.4278736228189184
392239,2,15,1,4,3.9442372820008655
392239,2,15,2,0,2.010109467528837
392239,2,15,3,0,1.3587472201842303
392239,2,15,4,0,0.9299620505963468
392239,2,15,5,0,0.7159985637857804
392239,2,15,6,1,0.8032657677973281
392239,2,16,1,1,0.8481191779208007
392239,2,16,2,0,0.6932967798456867
392239,2,16,3,1,0.6762144675854397
392239,2,16,4,0,0.5985335087924811
392239,2,16,5,1,0.6169412537844223
392239,2,16,6,2,0.8007872810717696
392239,2,17,1,1,0.8599702946355433
392239,2,17,2,0,0.741385043396571
392239,2,17,3,1,0.7206939489022084
392239,2,17,4,0,0.6370423286529001
392239,2,17,5,1,0.6652563756126826
392239,2,17,6,0,0.6405879069930124
392239,2,18,1,4,0.8628684477707393
392239,2,18,2,0,0.8443562778036967
392239,2,18,3,1,0.8181720309913976
392239,2,18,4,6,1.131867302530929
392239,2,18,5,1,1.2096146010338353
392239,2,18,6,0,1.00095040197861
392239,2,19,1,1,1.1867183925606366
392239,2,19,2,0,1.023047618752655
392239,2,19,3,0,0.9318072541502211
392239,2,19,4,2,1.0778840527121432
392239,2,19,5,0,1.095001260616238
392239,2,19,6,1,1.0850029324117063
419112,1,15,1,4,3.9442372820008655
419112,1,15,2,2,3.032967172278069
419112,1,15,3,1,2.2215805140366163
419112,1,15,4,1,2.04315242334354
419112,1,15,5,0,1.41102788589327
419112,1,15,6,1,1.2021776628300647
419112,1,16,1,0,1.4457052338472443
419112,1,16,2,1,1.3639902309684757
419112,1,16,3,0,1.2300880195507975
419112,1,16,4,1,1.1770179680949384
419112,1,16,5,6,1.5417640891493622
419112,1,16,6,4,1.7717394854512265
419112,1,16,7,1,1.6969374940128201
419112,1,17,1,0,1.6782772729546165
419112,1,17,2,0,1.55464176022023
419112,1,17,3,1,1.6018898145396274
419112,1,17,4,1,1.6809090553057515
419112,1,17,5,4,1.6951087635602669
419112,1,17,6,4,2.0659581024522704
419112,1,17,7,4,2.0590193078428722
419112,1,18,1,4,1.9879101248432238
419112,1,18,2,2,2.3523641024806
419112,1,18,3,1,2.2817202223775856
419112,1,18,4,4,2.1245680608250073
419112,1,18,5,1,2.381432590534078
419112,1,18,6,0,2.063209342870408
419112,1,19,1,6,2.365261219356782
419112,1,19,2,4,2.4246459685816713
419112,1,19,3,0,2.20486230111546
419112,1,19,4,4,2.40537055836411
419112,1,19,5,0,2.208035895417163
419112,1,19,6,1,1.9365046883595038
419112,1,19,7,3,1.5881837837879953
419112,2,15,1,2,2.003087388375163
419112,2,15,2,4,3.032967172278069
419112,2,15,3,2,3.124222103691358
419112,2,15,4,1,2.2902502299285716
419112,2,15,5,0,1.8394737535025207
419112,2,15,6,1,1.7864397866282715
419112,2,16,1,0,1.5338164747326053
419112,2,16,2,6,2.073158221036212
419112,2,16,3,1,1.9606971634772965
419112,2,16,4,1,1.8941278502417735
419112,2,16,5,1,1.6988517617996262
419112,2,16,6,2,1.8002951192740448
419112,2,17,1,1,1.9035120221234423
419112,2,17,2,6,2.156934302765796
419112,2,17,3,6,2.9310666670231336
419112,2,17,4,0,2.4731394524737875
419112,2,17,5,6,2.395867018224434
419112,2,17,6,4,2.6409874128925765
419112,2,18,1,0,2.2380482700399016
419112,2,18,2,0,2.264561784211487
419112,2,18,3,4,2.4308179293164875
419112,2,18,4,1,2.5913661346266466
419112,2,18,5,4,2.2068738796886693
419112,2,18,6,1,2.2137789098631124
419114,1,15,1,1,0.9023788948242248
419114,1,15,2,0,0.4646912883608833
419114,1,15,3,1,0.6125227945681023
419114,1,15,4,1,0.6913956144576845
419114,1,15,5,6,1.8394737535025207
419114,1,15,6,0,1.5457940014337308
419114,1,16,1,6,2.2392795130313607
419114,1,16,2,1,2.073158221036212
419114,1,16,3,1,1.9606971634772965
419114,1,16,4,0,1.7544874232400844
419114,1,16,5,0,1.6440780503105175
419114,1,16,6,0,1.5282943696495286
419114,1,16,7,4,1.6777978279868477
419114,1,17,1,1,1.689405050335162
419114,1,17,2,4,2.0519112108761375
419114,1,17,3,1,2.0201134727516914
419114,1,17,4,0,1.615153785269497
419114,1,17,5,2,1.6012766043914057
419114,1,17,6,1,1.7295552220391306
419114,1,17,7,1,1.5616045409920989
419114,1,18,1,0,1.6364027303858888
419114,1,18,2,4,1.679369595148129
419114,1,18,3,1,1.9032899933073772
419114,1,18,4,0,1.6861200840443928
419114,1,18,5,1,1.6921068989180708
419114,1,18,6,0,1.6488099331834691
419114,1,18,7,1,1.4782834795987405
419114,1,19,1,6,1.7503610832539447
419114,1,19,2,2,1.744200313398849
419114,1,19,3,0,1.7461694996949273
419114,1,19,4,4,1.5013254207861337
419114,1,19,5,0,2.02052396012642
419114,1,19,6,0,1.6749761117607884
419114,2,15,1,0,0.020069684090631257
419114,2,15,2,0,0.020069684090631257
419114,2,15,3,0,0.03513048822779634
419114,2,15,4,1,0.22507564095105426
419114,2,15,5,0,0.15398375797794425
419114,2,15,6,0,0.17233376870685568
419114,2,16,1,0,0.163713712848425
419114,2,16,2,0,0.163713712848425
419114,2,16,3,0,0.12922747345509333
419115,1,15,1,0,0.020069684090631257
419115,1,15,2,0,0.020069684090631257
419115,1,15,3,0,0.03513048822779634
419115,1,15,4,0,0.035913692122494054
419115,1,15,5,1,0.15398375797794425
419115,1,15,6,1,0.35151518296712064
419115,1,16,1,0,0.4549866527933408
419115,1,16,2,4,0.8778022871935303
419115,1,16,3,0,0.6762144675854397
419115,1,16,4,0,0.5985335087924811
419115,1,16,5,0,0.5409384960547993
419115,1,16,6,0,0.6084180060798091
419115,1,16,7,0,0.4459346177729093
419115,1,17,1,0,0.5398350747688038
419115,1,17,2,0,0.4002355610132214
419115,1,17,3,2,0.4581174385592686
419115,1,17,4,0,0.5268614753816733
419115,1,17,5,1,0.5268614753816733
419115,1,17,6,0,0.5205148066907817
419115,1,18,1,1,0.6451219601576632
419115,1,18,2,0,0.7312095504074443
419115,1,18,3,0,0.5232103666667942
419115,1,18,4,0,0.46733449815494094
419115,1,18,5,2,0.5593630024078766
419115,1,18,6,0,0.4043046400990383
419115,1,19,1,0,0.24962496544651666
419115,1,19,2,0,0.20394127714757854
419115,1,19,3,0,0.18904503080763663
419115,1,19,4,0,0.14375669893935084
419115,1,19,5,0,0.32275692387076943
419116,1,15,1,1,0.9023788948242248
419116,1,15,2,0,0.4646912883608833
419116,1,15,3,1,0.6125227945681023
419116,1,15,4,1,0.6913956144576845
419116,1,15,5,1,0.7819856434123725
419116,1,15,6,1,0.8891350898831683
419116,1,16,1,2,0.9596481545469372
419116,1,16,2,0,0.8445643626106648
419116,1,16,3,1,0.8050749037219883
419116,1,16,4,1,0.8782992490572701
419116,1,16,5,1,0.8743483058258662
419116,1,16,6,1,0.8931770170436986
419116,1,17,1,4,1.1848435295637214
419116,1,17,2,0,1.181938587607663
419116,1,17,3,1,1.2009594596662998
419116,1,17,4,1,1.2097452772075883
419116,1,17,5,1,1.2031251943446828
419116,1,17,6,1,1.0991745959946047
419116,1,18,1,0,1.0845283104777521
419116,1,18,2,0,1.0131590079921824
419116,1,18,3,1,1.0050688793861193
419116,1,18,4,6,1.5151813882158611
419116,1,18,5,6,1.4934003265665605
419116,1,18,6,1,1.4361036020913989
419116,1,19,1,4,1.7351848092826354
419116,1,19,2,0,1.2852717653716128
419116,1,19,3,2,1.5987127906305874
419116,1,19,4,0,1.5897505520206492
419116,1,19,5,1,1.6018483033465827
419116,1,19,6,4,1.9075529670233493
419116,2,15,1,1,0.9023788948242248
419116,2,15,2,0,0.4090551015098703
419116,2,15,3,1,0.5465661387924178
419116,2,15,4,0,0.43383524897764203
419116,2,15,5,1,0.5427547087434988
419116,2,15,6,0,0.44596048668328786
419116,2,16,1,6,1.3447880833652648
419116,2,16,2,0,1.1904766019981425
419116,2,16,3,1,1.1365546041860166
419116,2,16,4,0,1.0522638143290113
419116,2,16,5,1,1.0217083976887744
419116,2,16,6,1,1.0417202891067852
419116,2,16,7,1,0.9385657491895409
419116,2,17,1,0,0.9971288769043003
419116,2,17,2,0,0.9213888808282877
419116,2,17,3,1,0.9133470056452432
419116,2,17,4,1,0.9021512301247236
419116,2,17,5,0,0.8092416716920808
419116,2,17,6,1,0.760275277407734
419116,2,18,1,4,1.3143821913902467
419116,2,18,2,1,1.0039602127250051
419116,2,18,3,1,1.1142231792105828
419116,2,18,4,6,1.286036824608557
419116,2,18,5,2,1.2536839845125485
419116,2,18,6,0,1.192093759572801
419116,2,19,1,6,1.5828317979811959
419123,1,15,1,0,0.020069684090631257
419123,1,15,2,6,3.032967172278069
419123,1,15,3,0,2.088270541193096
419123,1,15,4,0,1.2709199426758684
419123,1,15,5,0,1.019782970424122
419123,1,15,6,0,0.8809089419877215
419123,1,16,1,6,1.5855224123720386
419123,1,16,2,1,1.5238772126787532
419123,1,16,3,1,1.503345586048876
419123,1,16,4,1,1.5145678797463806
419123,1,16,5,0,1.2320072144105267
419123,1,16,6,0,1.1062283448199186
419123,1,17,1,1,1.2771493044104105
419123,1,17,2,1,1.0564609222259846
419123,1,17,3,1,1.023384955641305
419123,1,17,4,1,1.00594221174172
419123,1,17,5,6,1.2668396653259177
419123,1,17,6,1,1.231805570905638
419123,1,18,1,4,1.11715549685369
419123,1,18,2,6,1.3134010759599466
419123,1,18,3,6,1.551751199630307
419123,1,18,4,6,2.0375463837240293
419123,1,18,5,1,1.70046049601557
419123,1,18,6,1,1.6977527629682767
419123,1,19,1,1,1.659806519442151
419123,1,19,2,1,1.8590650421606099
419123,1,19,3,6,2.3730603884925285
419123,1,19,4,1,2.2517937354435826
419123,1,19,5,6,2.2054931161938516
419123,1,19,6,2,2.5176353148892856
419123,2,15,1,6,5.955570283907285
419123,2,15,2,1,3.9147273405563037
419123,2,15,3,1,3.124222103691358
419123,2,15,4,0,2.04315242334354
419123,2,15,5,4,2.431216830027345
419123,2,15,6,0,1.5092079316308584
419123,2,16,1,0,1.6233182003811708
419123,2,16,2,1,1.6914221542297516
419123,2,16,3,1,1.74713085973907
419123,2,16,4,0,1.5145678797463806
419123,2,16,5,1,1.3896005853872127
419123,2,16,6,0,1.3363837345454854
419123,2,16,7,0,1.2803996894704202
419123,2,17,1,1,1.377067888143429
419123,2,17,2,0,1.204653200105596
419123,2,17,3,1,1.183642771551078
419123,2,17,4,1,1.163332436292999
419123,2,17,5,1,1.1428443674180573
419123,2,17,6,1,1.1101452164643235
419123,2,18,1,0,1.113844378259377
419123,2,18,2,1,1.2203828662234488
419123,2,18,3,1,1.2328607106500602
419123,2,18,4,1,1.2472948911484127
419123,2,18,5,4,1.330134466174679
419123,2,18,6,0,1.2715077327089466
419123,2,19,1,4,1.5691619421604113
419123,2,19,2,1,1.481261517637456
419123,2,19,3,6,1.828718619694574
419123,2,19,4,0,1.4981231455591615
419123,2,19,5,0,1.377587575775067
419123,2,19,6,0,1.354102537786845
419127,1,15,1,1,0.9023788948242248
419127,1,15,2,1,0.9080403974227
419127,1,15,3,1,0.9209354627127218
419127,1,15,4,1,0.9299620505963468
419127,1,15,5,0,0.7819856434123725
419127,1,15,6,0,0.5711312408477197
419127,1,16,1,1,0.6932967798456867
419127,1,16,2,1,0.6932967798456867
419127,1,16,3,4,1.1365546041860166
419127,1,16,4,1,1.0522638143290113
419127,1,16,5,2,1.2018971145308084
419127,1,16,6,0,1.1774690987781962
419127,1,16,7,0,1.0525841406330632
419127,1,16,8,0,0.8712189686909498
419127,1,17,1,1,1.1022153635580696
419127,1,17,2,2,1.2240193849747334
419127,1,17,3,2,1.1663553676274974
419127,1,17,4,1,1.123527853166616
419127,1,17,5,0,1.021825196216402
419127,1,17,6,1,1.1986943626783748
419127,1,17,7,4,1.1290923197604497
419127,1,18,1,1,1.4700286419163267
419127,1,18,2,2,1.5190130234170889
419127,1,18,3,1,1.4625241079724016
419127,1,18,4,0,1.4359879991563176
419127,1,18,5,1,1.4291269907063682
419127,1,18,6,4,1.451926893789486
419127,1,19,1,1,1.7122288452570902
419127,1,19,2,0,1.069847073888025
419127,1,19,3,6,1.5180978474193005
419127,1,19,4,4,1.4128099936935583
419127,1,19,5,6,2.0522033966628395
419127,1,19,6,4,2.7302721574826174
419127,2,15,1,6,5.955570283907285
419127,2,15,2,1,3.9147273405563037
419127,2,15,3,0,2.2215805140366163
419127,2,15,4,0,1.7720445878487263
419127,2,15,5,1,1.6441032820371335
419127,2,15,6,1,1.5457940014337308
419127,2,16,1,2,1.592987161816129
419127,2,16,2,4,2.0768811065110215
419127,2,16,3,1,1.9409015767713977
419127,2,16,4,4,2.0977329080184024
419127,2,16,5,0,1.8744451108710782
419127,2,16,6,0,1.673389726561807
419127,2,17,1,1,1.6366300757415382
419127,2,17,2,1,1.6435593027217903
419127,2,17,3,1,1.6813774595950495
419127,2,17,4,1,1.6853676545335883
419127,2,17,5,1,1.5837554740223028
419127,2,17,6,1,1.5425932236576745
419127,2,18,1,6,1.7687471208257746
419127,2,18,2,0,1.638349763052718
419127,2,18,3,0,1.6247195982124545
419127,2,18,4,1,1.5576376006686075
419127,2,18,5,0,1.4934003265665605
419127,2,18,6,0,1.4361036020913989
419127,2,18,7,1,1.391642206369582
419127,2,19,1,4,1.5504557942471076
419127,2,19,2,1,1.667543131276247
419127,2,19,3,0,1.8967902886543846
419127,2,19,4,0,1.6466971887809012
419127,2,19,5,1,1.6498320149755872
419127,2,19,6,0,1.5697498291735288
419136,1,15,1,1,0.9023788948242248
419136,1,15,2,6,3.9147273405563037
419136,1,15,3,1,3.034731403705452
419136,1,15,4,1,2.512863953825723
419136,1,15,5,2,2.431216830027345
419136,1,15,6,0,1.9808218241956657
419136,1,15,7,1,1.9843013893913217
419136,1,16,1,1,1.7975090428897986
419136,1,16,2,2,1.9467140904212958
419136,1,16,3,1,1.8390202743641693
419136,1,16,4,1,1.6440780503105175
419136,1,16,5,1,1.6100135239312887
419136,1,16,6,0,1.6336023348722308
419136,1,17,1,4,1.920282168971705
419136,1,17,2,1,1.9799959947647057
419136,1,17,3,4,2.114335914342108
419136,1,17,4,0,1.6860653437675541
419136,1,17,5,0,1.6012766043914057
419136,1,17,6,3,1.7684644413981676
419136,1,18,1,1,1.7534818627622415
419136,1,18,2,4,1.4876199546267108
419136,1,18,3,1,1.9482407318728778
419136,1,18,4,2,2.077366078279143
419136,1,18,5,2,1.9272646867268903
419136,1,18,6,1,1.8609450855131917
419136,1,19,1,4,2.0946203537563206
419136,1,19,2,0,1.927374580529546
419136,1,19,3,4,2.1238899248149985
419136,1,19,4,0,2.3712667500765523
419136,1,19,5,6,2.3322836348612115
419136,1,19,6,1,2.3820820668658396
419136,1,19,7,1,2.3155896555584525
419136,2,15,1,6,5.955570283907285
419136,2,15,2,2,4.121535081798558
419136,2,15,3,0,1.7423709722605403
419136,2,15,4,1,1.728180071571112
419136,2,15,5,2,1.7612910378077271
419136,2,15,6,1,1.5092079316308584
419136,2,16,1,6,2.227041855130162
419136,2,16,2,4,1.7111194848628248
419136,2,16,3,1,2.2882981074833872
419136,2,16,4,1,2.071136864329279
419136,2,16,5,6,2.099061756383344
419136,2,16,6,0,2.0621340678332376
419136,2,16,7,2,1.9693240053536027
419136,2,17,1,0,2.8396874229514766
419136,2,17,2,2,2.527050881204756
419136,2,17,3,4,3.038825560699707
419136,2,17,4,4,1.763791130933124
419136,2,17,5,1,1.9322253902733084
419136,2,17,6,0,2.479933710511607
419136,2,18,1,1,3.1618528848972196
419136,2,18,2,1,1.9397957013724239
419136,2,18,3,1,1.9172247811100975
419136,2,18,4,1,1.510668270042817
419136,2,18,5,1,2.7589345817083535
419136,2,18,6,4,1.8620913459015103
419136,2,19,1,0,2.410592893317557
419136,2,19,2,4,2.0919287109530678
419139,1,15,1,1,0.9023788948242248
419139,1,15,2,1,0.9080403974227
419139,1,15,3,6,3.124222103691358
419139,1,15,4,0,1.323427783322219
419139,1,15,5,1,1.28421747837458
419139,1,15,6,1,1.3483553824978753
419139,1,16,1,1,1.4600004855516138
419139,1,16,2,1,1.3964930752809548
419139,1,16,3,1,1.3728251351005343
419139,1,16,4,1,1.3809258319652495
419139,1,16,5,1,1.3960576063302417
419139,1,16,6,1,1.332884686279604
419139,1,17,1,4,1.4831109763918997
419139,1,17,2,2,1.4900987551340152
419139,1,17,3,1,1.5637964662370738
419139,1,17,4,1,1.4836110279563313
419139,1,17,5,1,1.485147057118237
419139,1,17,6,4,1.617516111118734
419139,1,18,1,1,1.5725952986102405
419139,1,18,2,2,1.6056992465799254
419139,1,18,3,1,1.5722530957024907
419139,1,18,4,0,1.3677120743623263
419139,1,18,5,0,1.421206350070752
419139,1,18,6,6,1.688333973426484
419139,1,19,1,0,1.7424055811195702
419139,1,19,2,0,1.7449649117546073
419139,1,19,3,1,1.8614792376126568
419139,1,19,4,0,1.595415961606884
419139,1,19,5,4,1.7790711384036597
419139,1,19,6,1,1.842648847448489
419139,1,19,7,0,1.534987960122973
419139,1,19,8,4,1.382407151024944
419139,2,15,1,0,0.020069684090631257
419139,2,15,2,6,3.032967172278069
419139,2,15,3,1,2.2215805140366163
419139,2,15,4,1,2.04315242334354
419139,2,15,5,4,2.431216830027345
419139,2,15,6,0,2.1435090230452665
419139,2,16,1,1,2.0817635273463275
419139,2,16,2,4,2.39808347827571
419139,2,16,3,1,2.1875435453018093
419139,2,16,4,6,2.621906605243166
419139,2,16,5,6,3.039968564648334
419139,2,16,6,1,2.5144921445511033
419139,2,17,1,1,2.8040624282691664
419139,2,17,2,2,2.68402850058832
419139,2,17,3,2,3.1618551158040726
419139,2,17,4,1,2.7295985106030893
419139,2,17,5,1,2.429149213798672
419139,2,17,6,1,2.2871825168657014
419139,2,18,1,4,2.2380482700399016
419139,2,18,2,4,2.6097829465731075
419140,1,15,1,4,3.9442372820008655
419140,1,15,2,1,2.485842962026731
419140,1,15,3,4,3.034731403705452
419140,1,15,4,1,2.512863953825723
419140,1,15,5,2,2.431216830027345
419140,1,15,6,0,2.1435090230452665
419140,1,16,1,1,2.0817635273463275
419140,1,16,2,0,1.7975090428897986
419140,1,16,3,0,1.6055138308252017
419140,1,16,4,0,1.46184771437223
419140,1,16,5,6,1.8744451108710782
419140,1,16,6,0,1.673389726561807
419140,1,17,1,1,1.6366300757415382
419140,1,17,2,0,1.5284025179617606
419140,1,17,3,6,2.0818217886505566
419140,1,17,4,1,1.9884467060957502
419140,1,17,5,0,1.708020150409482
419140,1,17,6,1,1.718047474578366
419140,1,18,1,1,1.6280017208310062
419140,1,18,2,4,1.8346829581940398
419140,1,18,3,6,2.2308479822491822
419140,1,18,4,1,2.07003754703746
419140,1,18,5,1,1.9895174100379844
419140,1,18,6,6,2.6636638715648497
419140,1,19,1,0,2.3543807611451384
419140,1,19,2,4,2.363625780392149
419140,1,19,3,0,2.643043141523294
419140,1,19,4,1,2.6705747982652834
419140,1,19,5,2,2.6650036433925433
419140,1,19,6,0,2.8301599255173
419140,2,15,1,4,3.9442372820008655
419140,2,15,2,1,2.485842962026731
419140,2,15,3,1,2.088270541193096
419140,2,15,4,1,1.7720445878487263
419140,2,15,5,0,1.1653868543615928
419140,2,15,6,1,1.2022242741582403
419140,2,16,1,1,1.3447880833652648
419140,2,16,2,4,1.5238772126787532
419140,2,16,3,1,1.503345586048876
419140,2,16,4,1,1.5145678797463806
419140,2,16,5,1,1.3896005853872127
419140,2,16,6,1,1.3363837345454854
419140,2,17,1,1,1.376664050865275
419140,2,17,2,4,1.4900987551340152
419140,2,17,3,1,1.5637964662370738
419140,2,17,4,0,1.206337230845173
419140,2,17,5,2,1.2668396653259177
419140,2,17,6,1,1.231805570905638
419140,2,18,1,0,1.4659429719744612
419140,2,18,2,0,1.316377205315949
419140,2,18,3,4,1.1933010841653517
419140,2,18,4,1,1.2479692546275476
419140,2,18,5,0,1.2241075109399222
419140,2,18,6,1,1.2317907818580023
419140,2,19,1,2,1.8199149539183817
419140,2,19,2,0,1.350334305779412
419140,2,19,3,0,1.0613674163257585
419140,2,19,4,1,1.1239479623140411
419140,2,19,5,1,1.2198493516547126
419140,2,19,6,0,1.5325060448124859
419143,1,15,1,1,0.9023788948242248
419143,1,15,2,1,0.8029229288079323
419143,1,15,3,1,0.8515351066200986
419143,1,15,4,1,0.8639749709697547
419143,1,15,5,1,0.865204277878384
419143,1,15,6,1,0.8809089419877215
419143,1,16,1,0,0.8481191779208007
419143,1,16,2,1,0.8445643626106648
419143,1,16,3,0,0.6762144675854397
419143,1,16,4,0,0.648303919144556
419143,1,16,5,0,0.6126948532368902
419143,1,16,6,1,0.6252601607892485
419143,1,17,1,1,0.6772355928470621
419143,1,17,2,2,0.7927816371482705
419143,1,17,3,1,0.784739761965226
419143,1,17,4,1,0.871139569296917
419143,1,17,5,1,0.9128197705206162
419143,1,17,6,1,0.911291107143217
419143,1,18,1,0,0.8882683915074001
419143,1,18,2,0,0.8524766418570933
419143,1,18,3,0,0.7639546798159124
419143,1,18,4,1,0.7556285724106221
419143,1,18,5,2,0.9240406956988185
419143,1,18,6,1,0.9147188785471825
419143,1,18,7,1,0.9461218377821962
419143,1,19,1,2,0.8596745536100572
419143,1,19,2,0,0.892890817774481
419143,1,19,3,0,1.2379560948855988
419143,1,19,4,1,1.2182624919803813
419143,1,19,5,1,1.2106223094810102
419143,1,19,6,2,0.9570924208613822
419144,1,15,1,1,0.9023788948242248
419144,1,15,2,0,0.4646912883608833
419144,1,15,3,2,0.9209354627127218
419144,1,15,4,0,0.6913956144576845
419144,1,15,5,0,0.605672913383301
419144,1,15,6,1,0.6419335919953075
419144,1,16,1,6,1.5338164747326053
419144,1,16,2,0,1.3892465752493044
419144,1,16,3,2,1.3614871327798805
419144,1,16,4,0,1.2495839493594867
419144,1,16,5,1,1.1910766607112058
419144,1,16,6,0,1.0688480072904771
419144,1,17,1,2,1.21946291362546
419144,1,17,2,2,1.266797415656204
419144,1,17,3,0,1.240699217601898
419144,1,17,4,4,1.4158905181797
419144,1,17,5,1,1.2703873108693138
419144,1,17,6,6,1.6826449073413576
419144,1,18,1,2,1.6280017208310062
419144,1,18,2,1,1.604745659486619
419144,1,18,3,1,1.6247195982124545
419144,1,18,4,6,1.7125496845930583
419144,1,18,5,1,1.8013236097768897
419144,1,18,6,2,1.8538893358573039
419144,1,19,1,0,1.3541097752562876
419144,1,19,2,4,1.8746168603064646
419144,1,19,3,1,1.8760647496485185
419144,1,19,4,4,2.1846236876708867
419144,1,19,5,1,2.2497941325379713
419144,1,19,6,4,2.30114356057409
419144,2,15,1,0,0.020069684090631257
419144,2,15,2,1,0.4646912883608833
419144,2,15,3,4,1.6807515274329252
419144,2,15,4,1,1.5288642536666437
419144,2,15,5,0,1.2050640477179053
419144,2,15,6,1,1.194078429226704
419144,2,16,1,0,0.9596481545469372
419144,2,16,2,2,1.226664281089852
419144,2,16,3,0,0.9338549894946895
419144,2,16,4,1,0.9609614590617837
419144,2,16,5,1,0.9290118711593476
419144,2,16,6,1,0.9661828822490841
419144,2,17,1,0,0.867562823349635
419144,2,17,2,0,0.7980001824621156
419144,2,17,3,2,0.8011267669313322
419144,2,17,4,0,0.7053545419863481
419144,2,17,5,1,0.7974501665383575
419144,2,17,6,1,0.7295710756453733
419144,2,18,1,1,0.7969639886762584
419144,2,18,2,0,0.8104976441013085
419144,2,18,3,0,0.7764521095083562
419144,2,18,4,1,0.7758481738156601
419144,2,18,5,0,0.7431625672796959
419144,2,18,6,1,0.7221755195956473
419144,2,18,7,1,0.8842662450505919
419144,2,19,1,1,1.072417966939389
419144,2,19,2,4,0.9740108875711257
419144,2,19,3,1,0.8687364426859936
419144,2,19,4,0,0.7445708372497262
419144,2,19,5,1,0.7521666429469462
419144,2,19,6,4,0.869320285994426
419152,1,15,1,1,0.9023788948242248
419152,1,15,2,2,1.4648385385218987
419152,1,15,3,0,1.3587472201842303
419152,1,15,4,4,2.04315242334354
419152,1,15,5,4,2.431216830027345
419152,1,15,6,4,2.8894240176158537
419152,1,16,1,2,2.4992942850694075
419152,1,16,2,4,2.69157976375065
419152,1,16,3,1,2.8172359322004783
419152,1,16,4,0,2.5189832434295814
419152,1,16,5,0,2.171567259489775
419152,1,16,6,1,2.1497685227612013
419152,1,16,7,0,2.072770569473188
419152,1,17,1,2,2.0088634723589758
419152,1,17,2,4,2.0056066224226807
419152,1,17,3,1,2.0880982455471124
419152,1,17,4,1,2.032546300267565
419152,1,17,5,6,2.226786047449066
419152,1,17,6,0,2.182415518022134
419152,1,18,1,1,2.179287892760001
419152,1,18,2,1,2.0103839606462874
419152,1,18,3,1,2.121613034949712
419152,1,18,4,6,2.103190180274642
419152,1,18,5,1,2.188773197383777
419152,1,18,6,1,2.404039983544096
419152,1,19,1,1,1.957560057259618
419152,1,19,2,6,2.3533679585493874
419152,1,19,3,4,2.4430557918281814
419152,1,19,4,6,2.714499771851719
419152,1,19,5,2,2.7723182546845906
419152,1,19,6,6,2.8250933719557594
419152,2,15,1,1,0.9023788948242248
419152,2,15,2,1,0.9080403974227
419152,2,15,3,1,0.9209354627127218
419152,2,15,4,1,0.9299620505963468
419152,2,15,5,1,0.9462583284432285
419152,2,15,6,0,0.8891350898831683
419152,2,16,1,1,0.8813571025036662
419152,2,16,2,1,0.8778022871935303
419152,2,16,3,1,0.9554573923482151
419152,2,16,4,1,0.9731375409482413
419152,2,16,5,1,0.9551761091596828
419152,2,16,6,1,0.988308637141346
419152,2,16,7,0,0.7910672045205137
419152,2,17,1,1,0.889794350698834
419152,2,17,2,1,0.9213888808282877
419152,2,17,3,2,0.9788118060118086
419152,2,17,4,0,0.9021512301247236
419152,2,17,5,0,0.9108767868298483
419152,2,17,6,1,0.8381132119218146
419152,2,18,1,1,0.8825766542857963
419152,2,18,2,1,0.8898070399645989
419152,2,18,3,1,0.887375563263467
419152,2,18,4,1,0.9466083391646267
419152,2,18,5,1,0.9079424576809546
419152,2,18,6,2,0.9821960708616227
419152,2,19,1,6,1.324927779118491
419152,2,19,2,1,1.3290439646112175
419152,2,19,3,1,1.3606413092067497
419152,2,19,4,0,1.3860808206202895
419152,2,19,5,2,1.275936698494679
419152,2,19,6,2,1.3252895903082365
419154,1,15,1,1,0.9023788948242248
419154,1,15,2,0,0.4646912883608833
419154,1,15,3,1,0.6125227945681023
419154,1,15,4,1,0.6913956144576845
419154,1,15,5,1,0.7819856434123725
419154,1,15,6,1,0.8891350898831683
419154,1,16,1,4,1.3920899057793246
419154,1,16,2,4,1.6429931146659222
419154,1,16,3,1,1.6055138308252017
419154,1,16,4,1,1.6061786448204436
419154,1,16,5,1,1.4824179276994356
419154,1,16,6,1,1.4201612014528018
419154,1,17,1,0,1.451876154708884
419154,1,17,2,0,1.266797415656204
419154,1,17,3,1,1.2414909471469937
419154,1,17,4,0,1.2504056149542584
419154,1,17,5,0,1.1172017628233428
419154,1,17,6,1,1.098132033530998
419154,1,18,1,1,1.143128712668925
419154,1,18,2,2,1.4603210763073442
419154,1,18,3,1,1.317168444256023
419154,1,18,4,2,1.3293730293654826
419154,1,18,5,2,1.538281873107913
419154,1,18,6,1,1.4497662203751438
419154,1,19,1,1,1.4028445329188397
419154,1,19,2,2,1.4529527544136687
419154,1,19,3,4,1.6215218794075354
419154,1,19,4,0,1.718326709103691
419154,1,19,5,6,1.846556855330991
419154,1,19,6,2,2.0232752585936837
419154,2,15,1,1,0.9023788948242248
419154,2,15,2,1,0.9080403974227
419154,2,15,3,0,0.6125227945681023
419154,2,15,4,6,2.04315242334354
419159,1,15,1,1,0.9023788948242248
419159,1,15,2,4,2.485842962026731
419159,1,15,3,1,2.088270541193096
419159,1,15,4,1,1.7720445878487263
419159,1,15,5,0,1.388045090252713
419159,1,15,6,1,1.3979336866422838
419159,1,16,1,2,1.5338164747326053
419159,1,16,2,2,1.4926274112222264
419159,1,16,3,0,1.3614871327798805
419159,1,16,4,0,1.2495839493594867
419159,1,16,5,2,1.4044305409187525
419159,1,16,6,1,1.4281053634530976
419159,1,17,1,0,1.21946291362546
419159,1,17,2,4,1.4755341058017908
419159,1,17,3,1,1.4210870424879805
419159,1,17,4,1,1.4158905181797
419159,1,17,5,0,1.2703873108693138
419159,1,17,6,4,1.5425932236576745
419159,1,18,1,1,1.5692280621958927
419159,1,18,2,6,1.7106932358152043
419159,1,18,3,1,1.7139727597569034
419159,1,18,4,4,1.7125496845930583
419159,1,18,5,1,1.8013236097768897
419159,1,18,6,6,2.1858475347645685
419159,1,19,1,2,2.2409410844196915
419159,1,19,2,4,2.3826660411815292
419159,1,19,3,2,2.2739054025881384
419159,1,19,4,6,2.4662320121830814
419159,1,19,5,1,2.546154738075506
419159,1,19,6,1,2.6999005049799685
419159,2,15,1,1,0.9023788948242248
419159,2,15,2,1,0.9080403974227
419159,2,15,3,0,1.3587472201842303
419159,2,15,4,2,1.5288642536666437
419159,2,15,5,0,1.388045090252713
419159,2,15,6,4,1.8959607150794853
419159,2,16,1,1,1.680474319418438
419159,2,16,2,2,1.7975090428897986
419159,2,16,3,4,2.013689565851908
419159,2,16,4,0,1.6365185194317402
419159,2,16,5,0,1.5417640891493622
419159,2,16,6,1,1.521636962248853
419159,2,17,1,1,1.4831109763918997
419159,2,17,2,1,1.4218109004981512
419159,2,17,3,4,1.569085180092697
419159,2,17,4,1,1.8995278845928236
419159,2,17,5,1,1.6203487516699009
419159,2,17,6,2,1.6169810709487011
419159,2,17,7,4,1.7845600828073198
419159,2,18,1,4,2.0490383089604705
419159,2,18,2,4,1.9157655867196586
419159,2,18,3,2,2.302193965219289
419159,2,18,4,1,2.0135495562894756
419159,2,18,5,1,2.048769962870308
419159,2,18,6,1,2.1135497355019544
419159,2,19,1,4,1.957560057259618
419159,2,19,2,2,1.7991883414361265
419159,2,19,3,6,2.4339709436407873
419159,2,19,4,6,2.757910395234397
501211,1,15,1,1,0.9023788948242248
501211,1,15,2,1,0.9080403974227
501211,1,15,3,1,0.9209354627127218
501211,1,15,4,4,1.7720445878487263
501211,1,15,5,0,1.388045090252713
501211,1,15,6,4,1.8959607150794853
501211,1,16,1,4,2.2392795130313607
501211,1,16,2,6,2.868759905487495
501211,1,16,3,0,2.044087448517481
501211,1,16,4,1,1.7100801186406913
501211,1,16,5,1,1.5997240975538525
501211,1,16,6,4,2.042706803412795
501211,1,17,1,4,2.1851073966509236
501211,1,17,2,3,2.5678019721941667
501211,1,17,3,1,2.47840387253959
501211,1,17,4,2,2.552989716825896
501211,1,17,5,4,2.7278914877765565
501211,1,17,6,1,2.396625452904948
501211,1,18,1,4,3.0798245467690397
501211,1,18,2,1,2.1543901076754604
501211,1,18,3,0,2.1757118026863465
501211,1,18,4,2,2.527255628653856
501211,1,18,5,0,2.249642883685787
501211,1,18,6,1,2.131310187401314
501211,1,19,1,0,1.5374041405279664
501211,1,19,2,1,1.789402759625621
501211,1,19,3,1,1.752727532235011
501211,1,19,4,1,2.034734634368348
501211,1,19,5,4,2.3050270324928355
501211,1,19,6,0,2.1558131645918905
501211,2,15,1,0,0.9023788948242248
501211,2,15,2,0,0.4646912883608833
501211,2,15,3,0,0.9209354627127218
501211,2,15,4,2,1.3369564695531806
501211,2,15,5,4,1.8394737535025207
501211,2,15,6,1,1.7864397866282715
501211,2,15,7,1,1.611274668103666
501211,2,16,1,1,1.495154980661557
501211,2,16,2,2,1.604582513224085
501211,2,16,3,1,1.5198993088576414
501211,2,16,4,0,1.371029231368998
501211,2,16,5,1,1.3055293257503013
501211,2,16,6,0,1.2344357886299793
501211,2,17,1,4,1.43247899418529
501211,2,17,2,6,1.9026401593934443
501211,2,17,3,2,1.9396576422099499
501211,2,17,4,2,1.6860653437675541
501211,2,17,5,1,1.6951087635602669
501211,2,17,6,0,1.6216806333081963
501211,2,18,1,2,1.6410653148309657
501211,2,18,2,0,1.2763361766200652
501211,2,18,3,6,1.7521966374047193
501211,2,18,4,0,1.788630068946701
501211,2,18,5,0,1.5986580354491515
501211,2,18,6,0,1.6768290659723768
501211,2,18,7,1,1.5933356584945062
501211,2,19,1,1,1.5797859848147549
501211,2,19,2,1,1.5944243832042506
501211,2,19,3,1,1.5773568623628957
501211,2,19,4,1,1.476181097842794
501211,2,19,5,4,1.8299777892779066
501211,2,19,6,1,2.6334113946626263
501212,1,15,1,0,0.9023788948242248
501212,1,15,2,1,0.9080403974227
501212,1,15,3,1,0.9209354627127218
501212,1,15,4,1,0.9299620505963468
501212,1,15,5,4,1.6441032820371335
501212,1,15,6,1,1.5457940014337308
501212,1,16,1,1,1.5338164747326053
501212,1,16,2,2,1.4926274112222264
501212,1,16,3,2,1.6055138308252017
501212,1,16,4,0,1.46184771437223
501212,1,16,5,1,1.460987790676242
501212,1,16,6,1,1.41465737774586
501212,1,17,1,0,1.403248742195645
501212,1,17,2,6,1.567358003213306
501212,1,17,3,1,1.5696202202627298
501212,1,17,4,0,1.2491831506391757
501212,1,17,5,1,1.2668396653259177
501212,1,17,6,4,1.4893956121022727
501212,1,17,7,2,1.555353134068473
501212,1,18,1,0,1.3250399776300819
501212,1,18,2,1,1.2763361766200652
501212,1,18,3,4,1.6320003667362555
501212,1,18,4,6,1.7323330925796625
501212,1,18,5,0,1.6635740866932465
501212,1,18,6,0,1.4248239206620077
501212,1,18,7,0,1.4235905586138047
501212,1,19,1,4,1.4600938361719304
501212,1,19,2,2,1.4107297890024948
501212,1,19,3,1,1.736316800950871
501212,1,19,4,0,1.4125754559556272
501212,1,19,5,1,1.4734423031663417
501212,1,19,6,1,1.8112736273662717
501212,2,15,1,1,0.9023788948242248
501212,2,15,2,0,0.9080403974227
501212,2,15,3,6,3.124222103691358
501212,2,15,4,0,2.04315242334354
501212,2,15,5,4,2.431216830027345
501212,2,15,6,0,1.5092079316308584
501212,2,16,1,0,1.5855224123720386
501212,2,16,2,1,1.5238772126787532
501212,2,16,3,2,1.74713085973907
501212,2,16,4,1,1.5869106705347185
501212,2,16,5,0,1.3896005853872127
501212,2,16,6,1,1.3363837345454854
501212,2,17,1,1,1.376664050865275
501212,2,17,2,4,1.4900987551340152
501212,2,17,3,4,1.9170835792659113
501212,2,17,4,0,1.8995278845928236
501214,1,15,1,1,0.9023788948242248
501214,1,15,2,0,0.4090551015098703
501223,1,15,1,1,0.9023788948242248
501223,1,15,2,1,0.9080403974227
501223,1,15,3,3,1.6807515274329252
501223,1,15,4,1,1.5288642536666437
501223,1,15,5,0,1.019782970424122
501223,1,15,6,1,1.0713238936777612
501223,1,16,1,0,0.9264102299640717
501223,1,16,2,1,0.9237103319844553
501223,1,16,3,1,0.9338549894946895
501223,1,16,4,1,0.9609614590617837
501223,1,16,5,1,0.9290118711593476
501223,1,16,6,0,0.7977235897677611
501223,1,17,1,0,0.8599702946355433
501223,1,17,2,4,0.9730280174090519
501223,1,17,3,1,0.8935665486039138
501223,1,17,4,2,1.020106390665163
501223,1,17,5,0,0.878428853891542
501223,1,17,6,6,1.1623191521910476
501223,1,18,1,0,1.3329419664155613
501223,1,18,2,1,1.325235871316371
501223,1,18,3,4,1.316511041740934
501223,1,18,4,0,1.2676943151820728
501223,1,18,5,1,1.327845275971586
501223,1,18,6,6,1.537236701696778
501223,1,19,1,4,1.7424055811195702
501223,1,19,2,0,1.7806898634611268
501223,1,19,3,4,1.8900735437699914
501223,1,19,4,1,1.9165608749381275
501223,1,19,5,6,2.1147989149474977
501223,1,19,6,1,2.6817538978231688
501223,1,19,7,1,2.5264445621716876
501223,2,15,1,6,5.955570283907285
501223,2,15,2,0,1.1408142025097634
501223,2,15,3,1,1.6577018362422904
501223,2,15,4,0,1.4587317199808114
501223,2,15,5,1,1.41102788589327
501223,2,15,6,6,1.8176711657417162
501223,2,16,1,1,2.073134543038575
501223,2,16,2,0,1.6475353603088647
501223,2,16,3,6,1.915859075344511
501223,2,16,4,4,1.9271350078742688
501223,2,16,5,1,1.993234082686139
501223,2,16,6,1,1.9082820945527714
501223,2,16,7,1,1.9184762234309605
501223,2,17,1,2,2.1243663144010374
501223,2,17,2,0,2.0056066224226807
501223,2,17,3,6,2.5971521498407673
501223,2,17,4,0,1.9697368663944728
501223,2,17,5,4,1.8181648390362486
501223,2,17,6,0,1.610428112981722
501223,2,18,1,0,1.0083992436368385
501223,2,18,2,1,1.4136781270633927
501223,2,18,3,0,1.7901991947653046
501223,2,18,4,1,1.7323330925796625
501223,2,18,5,1,1.9475707967075722
501223,2,18,6,4,1.8494000636973078
501223,2,19,1,0,1.601222501538588
501223,2,19,2,1,1.566708799533027
501223,2,19,3,1,1.6629407656476005
501223,2,19,4,4,1.937404222202242
501223,2,19,5,0,1.5446551410318712
501223,2,19,6,0,1.5994225561236592
501226,1,15,1,4,3.9442372820008655
501226,1,15,2,0,2.485842962026731
501226,1,15,3,1,2.088270541193096
501226,1,15,4,1,1.7720445878487263
501226,1,15,5,1,1.6441032820371335
501226,1,15,6,1,1.5457940014337308
501226,1,15,7,1,1.4475650784756378
501226,1,16,1,1,1.442127187859647
501226,1,16,2,4,1.5990089204102025
501226,1,16,3,4,2.292975727088746
501226,1,16,4,0,1.623854900875307
501226,1,16,5,0,1.5146347548204702
501226,1,16,6,0,1.219296884961608
501226,1,17,1,4,1.567358003213306
501226,1,17,2,0,1.3409858542523607
501226,1,17,3,0,1.206337230845173
501226,1,17,4,0,1.2172012279166153
501226,1,17,5,0,1.1274829643579223
501226,1,17,6,1,1.1125596219457523
501226,1,17,7,2,0.9298893700399571
501226,1,18,1,1,1.368017708376565
501226,1,18,2,0,1.3047200310632225
501226,1,18,3,1,1.2724294945068937
501226,1,18,4,1,1.2475758463066489
501226,1,18,5,2,1.2240857582883151
501226,1,18,6,2,1.2279837979439217
501226,1,19,1,0,1.5507955144664223
501226,1,19,2,6,1.5665553233676996
501226,1,19,3,1,1.2775429176561865
501226,1,19,4,0,1.3611959212548865
501226,1,19,5,1,1.4081461596299398
501226,1,19,6,0,1.2938970365869873
501226,2,15,1,1,0.9023788948242248
501226,2,15,2,0,0.4646912883608833
501226,2,15,3,2,0.9209354627127218
501226,2,15,4,1,0.9299620505963468
501226,2,15,5,1,0.9462583284432285
501226,2,15,6,0,0.8891350898831683
501226,2,16,1,1,0.8813571025036662
501226,2,16,2,0,0.7265347044285522
501226,2,16,3,0,0.6314432981508051
501226,2,16,4,1,0.6693630585585479
501226,2,16,5,0,0.6437844826440376
501226,2,16,6,2,0.7458854795437301
501226,2,17,1,0,0.7024792510363254
501226,2,17,2,0,0.673730936450309
501226,2,17,3,1,0.6737098863973121
501226,2,17,4,1,0.6706087288338122
501226,2,17,5,1,0.7362262592019662
501226,2,17,6,1,0.7488668002526845
501226,2,18,1,1,0.7695504241789517
501226,2,18,2,2,0.9518522317144087
501226,2,18,3,0,0.7639546798159124
501226,2,18,4,1,0.7556285724106221
501226,2,18,5,0,0.7009879713357744
501226,2,18,6,0,0.6809977045845305
501226,2,18,7,2,0.71604316261618
501226,2,19,1,1,0.9932412353729643
501226,2,19,2,0,0.6538710958686803
501226,2,19,3,1,0.7329536404326227
501226,2,19,4,1,1.3551125433902442
501226,2,19,5,0,1.4706554845641941
501226,2,19,6,0,1.3992817793376249
501227,1,15,1,0,-0.0016225146457691717
501227,1,15,2,0,-0.0016225146457691717
501227,1,15,3,0,0.015284436260272864
501227,1,15,4,0,0.015967019609439824
501227,1,15,5,6,1.019782970424122
501227,1,15,6,1,1.0713238936777612
501227,1,16,1,1,1.1531211715718488
501227,1,16,2,0,1.1904766019981425
501227,1,16,3,0,0.9338549894946895
501227,1,16,4,0,0.8782992490572701
501227,1,16,5,1,0.8743483058258662
501227,1,16,6,0,0.8853845568219254
501227,1,16,7,6,1.1673868144975992
501227,1,17,1,4,1.43247899418529
501227,1,17,2,1,1.3778647995068414
501227,1,17,3,1,1.3061618815186244
501227,1,17,4,1,1.378114789256
501227,1,17,5,1,1.3984862290669304
501227,1,17,6,1,1.398155603572703
501227,1,18,1,2,1.5516412366201686
501227,1,18,2,0,1.3836390160909542
501227,1,18,3,0,1.2788428323808887
501227,1,18,4,0,1.286036824608557
501227,1,18,5,6,1.4536058746642522
501227,1,18,6,0,1.3553628582432449
501227,1,18,7,0,1.4215556999961918
501227,1,18,8,0,1.253616413099849
501227,1,18,9,0,1.1607597315425497
501227,1,19,1,0,1.198608342040804
501227,1,19,2,0,0.9086470444020518
501227,1,19,3,6,1.3188141493913799
501227,1,19,4,1,1.3068113839287514
501227,1,19,5,0,1.112503722207603
501227,1,19,6,0,0.9667260844159056
501227,1,19,7,0,0.8835558135504433
501227,2,15,1,0,0.020069684090631257
501227,2,15,2,6,3.032967172278069
501227,2,15,3,0,2.2215805140366163
501227,2,15,4,1,2.04315242334354
501227,2,15,5,0,2.431216830027345
501227,2,15,6,0,1.9808218241956657
501227,2,16,1,6,2.4992942850694075
501227,2,16,2,0,2.258545720209521
501227,2,16,3,1,2.163393780685471
501227,2,16,4,0,2.1485358283107354
501227,2,16,5,1,1.9342582825901495
501227,2,16,6,0,1.7717394854512265
501227,2,16,7,0,1.5899360035454253
501227,2,16,8,0,1.387721982271044
501227,2,17,1,0,1.058449863555814
501227,2,17,2,0,1.155220230528042
501227,2,17,3,1,1.1693131905535563
501227,2,17,4,1,1.168894456882825
501227,2,17,5,4,1.2599443425544132
501227,2,17,6,4,1.3811810575063808
501227,2,18,1,0,1.2250447327478438
501227,2,18,2,1,1.3860044714917783
501227,2,18,3,1,1.5404918792755933
501227,2,18,4,4,1.5990819788981456
501227,2,18,5,1,1.6185896625434595
501227,2,18,6,0,1.6488099331834691
501227,2,18,7,1,1.4782834795987405
501227,2,19,1,1,1.490015750131583
501227,2,19,2,1,1.1400218348413522
501227,2,19,3,1,1.5882474967041957
501228,1,15,1,1,0.9023788948242248
501228,1,15,2,6,3.9147273405563037
501228,1,15,3,0,2.2215805140366163
501228,1,15,4,0,1.7720445878487263
501228,1,15,5,2,1.8394737535025207
501228,1,15,6,1,1.7864397866282715
501228,1,16,1,6,2.2511018800562286
501228,1,16,2,2,2.39808347827571
501228,1,16,3,1,2.1875435453018093
501228,1,16,4,2,2.1485358283107354
501228,1,16,5,0,1.949241678998902
501228,1,16,6,0,1.9198888990438256
501228,1,16,7,0,1.6777978279868477
501228,1,17,1,0,1.689405050335162
501228,1,17,2,0,1.6841660368244233
501228,1,17,3,1,1.687649766366711
501228,1,17,4,4,1.5892289771835726
501228,1,17,5,1,1.69711426658288
501228,1,17,6,1,1.6986562565295915
501228,1,17,7,1,1.591130073173318
501228,1,17,8,0,1.4093970424166324
501228,1,18,1,0,1.4949529865591222
501228,1,18,2,0,1.5298665000207388
501228,1,18,3,1,1.4970704331383087
501228,1,18,4,0,1.4435941921276767
501228,1,18,5,1,1.437004063585754
501228,1,18,6,1,1.3311595727687808
501228,1,19,1,2,1.7122288452570902
501228,1,19,2,6,1.504891508402252
501228,1,19,3,0,1.8084217220552294
501228,1,19,4,6,2.1047405422989587
501228,1,19,5,0,2.2250032308561303
501228,1,19,6,1,1.7996444505657547
501228,2,15,1,1,0.9023788948242248
501228,2,15,2,1,0.9080403974227
501228,2,15,3,1,0.9209354627127218
501228,2,15,4,1,0.9299620505963468
501228,2,15,5,1,0.9462583284432285
501228,2,15,6,1,0.9667782640735617
501228,2,16,1,1,0.9596481545469372
501228,2,16,2,0,0.9534977389199545
501228,2,16,3,1,0.9554573923482151
501228,2,16,4,4,1.3535894411006595
501228,2,16,5,1,1.4044305409187525
501228,2,16,6,1,1.4281053634530976
501228,2,16,7,1,1.247812812187002
501228,2,17,1,0,1.2216783455432612
501228,2,17,2,6,1.4692531085875842
501228,2,17,3,2,1.6882982655153727
501228,2,17,4,0,1.480355137945213
501228,2,17,5,0,1.473471031254923
501228,2,17,6,6,1.6671447431844502
501228,2,18,1,1,1.604745659486619
501228,2,18,2,1,1.579658718336596
501228,2,18,3,1,1.56486160885999
501228,2,18,4,1,1.767821871713325
501228,2,18,5,1,1.5589850511235173
501228,2,18,6,1,1.5313663136445972
501228,2,19,1,0,1.579857064266163
501228,2,19,2,1,1.4229023748343974
501228,2,19,3,4,1.832433091409908
501231,1,15,1,1,0.9023788948242248
501231,1,15,2,0,0.4646912883608833
501231,1,15,3,0,0.2708937426629589
501231,1,15,4,2,0.6254085348310924
501231,1,15,5,1,0.7159985637857804
501231,1,15,6,0,0.5711312408477197
501231,1,16,1,1,0.6932967798456867
501231,1,16,2,4,1.1904766019981425
501231,1,16,3,1,1.1365546041860166
501231,1,16,4,1,1.0522638143290113
501231,1,16,5,1,1.0217083976887744
501231,1,16,6,2,1.1774690987781962
501231,1,17,1,0,1.0346171831054178
501231,1,17,2,1,0.9730280174090519
501231,1,17,3,0,0.7593758566289318
501231,1,17,4,0,0.7069536014399763
501231,1,17,5,0,0.7974501665383575
501231,1,17,6,1,0.7295710756453733
501231,1,18,1,0,0.8397776055236333
501231,1,18,2,1,0.8104976441013085
501231,1,18,3,1,0.7629882489460375
501231,1,18,4,0,0.7758481738156601
501231,1,18,5,0,0.6835063054652204
501231,1,18,6,0,0.6624308643256447
501231,1,19,1,0,0.7731673852319852
501231,1,19,2,1,0.6651126418891039
501231,1,19,3,1,0.6269662188967792
501231,1,19,4,1,0.661150647488742
501231,1,19,5,0,0.6806917953963182
501231,1,19,6,6,0.7351058830825872
501231,2,15,1,2,2.003087388375163
501231,2,15,2,1,1.4648385385218987
501231,2,15,3,0,0.9209354627127218
501231,2,15,4,0,0.9299620505963468
501231,2,15,5,1,0.9462583284432285
501231,2,15,6,1,0.9667782640735617
501231,2,15,7,1,0.9597159958712175
501231,2,16,1,0,0.8818908899921564
501231,2,16,2,0,0.8309554273877642
501231,2,16,3,4,1.2535829166053016
501231,2,16,4,2,1.3871870995683473
501231,2,16,5,0,1.189946617252725
501231,2,16,6,1,1.169291623817351
501231,2,17,1,2,1.2693249850955346
501231,2,17,2,0,1.214312987622373
501231,2,17,3,4,1.3274859178542466
501231,2,17,4,0,1.260258604819142
501231,2,17,5,0,1.1428443674180573
501231,2,17,6,0,1.0937358612271668
501231,2,18,1,1,1.113844378259377
501232,1,15,1,4,3.9442372820008655
501232,1,15,2,4,4.121535081798558
501232,1,15,3,0,3.124222103691358
501232,1,15,4,1,2.2902502299285716
501232,1,15,5,6,2.8619206640293173
501232,1,15,6,1,2.8894240176158537
501232,1,16,1,4,2.614602527808841
501232,1,16,2,1,2.868759905487495
501232,1,16,3,1,2.586389521046583
501232,1,16,4,0,1.7100801186406913
501232,1,16,5,1,1.5997240975538525
501232,1,16,6,0,1.8233785568669165
501232,1,17,1,0,1.926034433385357
501232,1,17,2,6,2.112078744368787
501232,1,17,3,6,2.631888680283071
501232,1,17,4,1,2.552989716825896
501232,1,17,5,6,2.7012477122573504
501232,1,17,6,0,2.3686414458159
501232,1,17,7,4,1.9564859557401222
501232,1,18,1,2,2.8735115263173068
501232,1,18,2,2,2.2780019581718656
501232,1,18,3,0,1.9172247811100975
501232,1,18,4,2,1.675522213220008
501232,1,18,5,0,2.7589345817083535
501232,1,18,6,4,1.8620913459015103
501232,1,19,1,2,2.39215242056426
501232,1,19,2,2,2.017689591317108
501232,1,19,3,0,2.236335953115054
501232,1,19,4,0,1.6390326231162367
501232,1,19,5,0,1.7200700180704909
501232,1,19,6,2,1.5258937276023907
501232,2,15,1,6,5.955570283907285
501232,2,15,2,4,4.260704029267593
501232,2,15,3,6,5.448465189161396
501232,2,15,4,1,3.583602750201432
501232,2,15,5,1,3.585573243159603
501232,2,15,6,1,2.4782903773442566
501232,2,16,1,0,2.765433694435532
501232,2,16,2,1,2.5994333533905203
501232,2,16,3,0,2.299113281574685
501232,2,16,4,2,2.2858121173120347
501232,2,16,5,0,1.5997240975538525
501232,2,16,6,2,1.9169685412891722
501232,2,17,1,1,1.9689532618505674
501232,2,17,2,0,1.9806983031309502
501232,2,17,3,1,1.9289533157617307
501232,2,17,4,0,1.8995278845928236
501232,2,17,5,1,1.6203487516699009
501232,2,17,6,0,1.5882914394344707
501232,2,18,1,0,1.4910645845973332
501232,2,18,2,1,1.5046845095244592
501232,2,18,3,0,1.316511041740934
501232,2,18,4,0,1.2676943151820728
501232,2,18,5,0,1.249567799019822
501232,2,18,6,0,1.2103519529588882
501232,2,19,1,4,1.817364270204676
501232,2,19,2,0,1.4168001723400319
501232,2,19,3,4,1.5157332888672759
501232,2,19,4,6,1.7638254208001016
501232,2,19,5,1,1.7790711384036597
501232,2,19,6,1,1.842648847448489
501232,2,19,7,0,1.534987960122973
501233,1,15,1,0,2.003087388375163
501233,1,15,2,6,4.121535081798558
501233,1,15,3,0,3.124222103691358
501233,1,15,4,4,2.898783543592062
501233,1,15,5,1,2.5564650679010956
501233,1,15,6,1,2.157035235044497
501233,1,15,7,4,2.871628761168693
501233,1,16,1,0,2.4194364910016457
501233,1,16,2,0,2.021705731692198
501233,1,16,3,1,2.292975727088746
501233,1,16,4,6,2.2422989674210174
501233,1,16,5,0,2.049136994871211
501233,1,16,6,4,2.328304445224176
501233,1,17,1,4,2.8988015658889874
501233,1,17,2,0,2.7591729904940894
501233,1,17,3,4,2.9723080123723413
501233,1,17,4,1,2.715465171944317
501233,1,17,5,0,2.101863804470034
501233,1,17,6,6,2.2292916721152842
501233,1,18,1,0,2.7879299433175766
501233,1,18,2,6,2.215877600432751
501233,1,18,3,1,2.4754158478669925
501233,1,18,4,0,2.802733898600337
501233,1,18,5,1,2.496284437615867
501233,1,18,6,1,2.1541428827167297
501233,1,19,1,0,1.6176430930597843
501233,1,19,2,1,2.1299652752427747
501233,1,19,3,0,2.139696814163205
501233,1,19,4,4,2.4292820782209086
501233,1,19,5,1,2.1835151397286525
501233,1,19,6,0,1.5258937276023907
501233,2,15,1,1,0.9023788948242248
501233,2,15,2,0,0.4090551015098703
501233,2,15,3,1,0.5465661387924178
501233,2,15,4,4,1.2709199426758684
501233,2,15,5,1,1.1653868543615928
501233,2,15,6,0,1.0713238936777612
501233,2,16,1,1,1.1531211715718488
501233,2,16,2,1,1.1904766019981425
501233,2,16,3,6,1.74713085973907
501233,2,16,4,0,1.5145678797463806
501233,2,16,5,1,1.3896005853872127
501233,2,16,6,1,1.3363837345454854
501233,2,17,1,0,1.5151960094843275
501233,2,17,2,1,1.3649364260992938
501233,2,17,3,1,1.3033810733057887
501233,2,17,4,6,1.5700687730087353
501233,2,17,5,1,1.584596564315665
501233,2,17,6,0,1.231805570905638
501233,2,18,1,0,1.4659429719744612
501233,2,18,2,0,1.316377205315949
501233,2,18,3,0,1.2848794071938554
501233,2,18,4,1,1.3213013868848174
501233,2,18,5,0,1.022234248817964
501242,1,15,1,1,0.9023788948242248
501242,1,15,2,0,0.4646912883608833
501242,1,15,3,1,0.6125227945681023
501242,1,15,4,0,0.49330975330050547
501242,1,15,5,1,0.605672913383301
501242,1,15,6,1,0.6419335919953075
501242,1,16,1,6,1.5338164747326053
501242,1,16,2,1,1.4395996184203166
501242,1,16,3,1,1.3614871327798805
501242,1,16,4,2,1.46184771437223
501242,1,16,5,1,1.460987790676242
501242,1,16,6,1,1.41465737774586
501242,1,17,1,4,1.584824554950697
501242,1,17,2,2,1.6435593027217903
501242,1,17,3,0,1.6813774595950495
501242,1,17,4,1,1.6853676545335883
501242,1,17,5,0,1.4855501043456167
501242,1,17,6,0,1.4855501043456167
501242,1,17,7,2,1.361176170633869
501242,1,18,1,0,1.5071026489321804
501242,1,18,2,4,1.579658718336596
501242,1,18,3,0,1.4639835354106767
501242,1,18,4,2,1.767821871713325
501242,1,18,5,1,1.5589850511235173
501242,1,18,6,0,1.424783295833814
501242,1,18,7,1,1.4643284360657367
501242,1,19,1,1,1.5766758594168844
501242,1,19,2,6,1.931210171726125
501242,1,19,3,4,1.9870545099014927
501242,1,19,4,6,1.4689098093963024
501242,1,19,5,4,1.7942139041151073
501242,1,19,6,1,2.6364555564365904
501242,2,15,1,2,2.003087388375163
501242,2,15,2,1,1.4648385385218987
501242,2,15,3,1,1.3587472201842303
501242,2,15,4,0,0.9299620505963468
501242,2,15,5,1,0.9462583284432285
501242,2,15,6,1,0.9667782640735617
501242,2,16,1,0,0.8813571025036662
501242,2,16,2,6,1.4926274112222264
501242,2,16,3,4,1.9409015767713977
501242,2,16,4,1,1.7544874232400844
501242,2,16,5,1,1.6440780503105175
501242,2,16,6,1,1.6125308752709206
501242,2,17,1,1,1.584824554950697
501242,2,17,2,1,1.5284025179617606
501242,2,17,3,0,1.4397532760733909
501242,2,17,4,0,1.4158905181797
501242,2,17,5,1,1.2703873108693138
501242,2,17,6,4,1.5425932236576745
501242,2,18,1,1,1.5692280621958927
501242,2,18,2,4,1.604745659486619
501242,2,18,3,1,1.6247195982124545
501242,2,18,4,0,1.4900178134202515
501242,2,18,5,0,1.435029817777925
501242,2,18,6,0,1.3364197397786564
501242,2,19,1,2,1.817364270204676
501242,2,19,2,2,1.4139522305633156
501242,2,19,3,1,1.4665273266113874
501242,2,19,4,1,1.4067166803839204
501242,2,19,5,1,1.3065471923565162
501242,2,19,6,0,1.1883675266290226
501245,1,15,1,1,0.9023788948242248
501245,1,15,2,1,0.9080403974227
501245,1,15,3,0,0.6125227945681023
501245,1,15,4,0,0.49330975330050547
501245,1,15,5,1,0.605672913383301
501245,1,15,6,1,0.6419335919953075
501245,1,16,1,2,0.8813571025036662
501245,1,16,2,1,0.8778022871935303
501245,1,16,3,0,0.8322411429664662
501245,1,16,4,0,0.8066759370508684
501245,1,16,5,1,0.901158253598942
501245,1,16,6,2,0.9153027719359604
501245,1,16,7,6,1.273468980837705
501245,1,17,1,1,1.4296082110892323
501245,1,17,2,0,1.4110239559892501
501245,1,17,3,0,1.2424661666829773
501245,1,17,4,0,1.2438996224557404
501245,1,17,5,1,1.2199834122082307
501245,1,17,6,1,1.1545058319891455
501245,1,18,1,1,1.5129963704643503
501245,1,18,2,0,1.4286808677251956
501245,1,18,3,2,1.343369498648913
501245,1,18,4,4,1.6547737022454605
501245,1,18,5,1,1.5985041984037223
501245,1,18,6,1,1.5742565797128898
501245,1,19,1,1,1.4629041204114057
501245,1,19,2,1,1.5321781281906215
501245,1,19,3,1,1.3730918500058011
501245,1,19,4,2,1.7196409206649852
501245,1,19,5,1,1.7121744097908072
501245,1,19,6,1,1.346760559799773
501257,1,15,1,0,0.9023788948242248
501257,1,15,2,0,0.9080403974227
501257,1,15,3,0,0.6125227945681023
501257,1,15,4,1,0.6913956144576845
501257,1,15,5,1,0.7819856434123725
501257,1,15,6,0,0.6419335919953075
501257,1,15,7,4,1.1862645003674042
501257,1,15,8,0,1.0597290440702514
501257,1,16,1,1,0.9841073930291673
501257,1,16,2,2,1.0773695297782597
501257,1,16,3,1,1.0479867260534963
501257,1,16,4,0,0.909734586429046
501257,1,16,5,1,1.0814013133674991
501257,1,16,6,2,1.0236323953608022
501257,1,17,1,1,1.1022153635580696
501257,1,17,2,1,1.0995098291456753
501257,1,17,3,1,1.0902262742425561
501257,1,17,4,0,0.9739440120682676
501257,1,17,5,4,1.021825196216402
501257,1,17,6,0,1.076793965278207
501257,1,18,1,0,1.0997446751904247
501257,1,18,2,4,1.2343405316154166
501257,1,18,3,4,1.483089443973529
501257,1,18,4,0,1.286036824608557
501257,1,18,5,1,1.2127987660849973
501257,1,18,6,1,1.2602852159863496
501257,1,19,1,4,1.4542867121573304
501257,1,19,2,2,1.4986908516681101
501257,1,19,3,4,1.6015987897479338
501257,1,19,4,0,1.3611959212548865
501257,1,19,5,1,1.4081461596299398
501257,1,19,6,1,1.554050155514458
501257,2,15,1,0,-0.0016225146457691717
501257,2,15,2,1,0.4090551015098703
501257,2,15,3,0,0.2708937426629589
501257,2,15,4,4,1.1668484245835244
501257,2,15,5,0,0.865204277878384
501257,2,15,6,0,0.8032657677973281
501257,2,16,1,1,0.8481191779208007
501257,2,16,2,4,1.3403620319007925
501257,2,16,3,2,1.2885109007301563
501257,2,16,4,0,1.2880162843629255
501257,2,16,5,0,1.2018971145308084
501257,2,16,6,0,1.0417202891067852
501257,2,17,1,0,0.9628002159042195
501257,2,17,2,0,0.889794350698834
501257,2,17,3,6,1.3033810733057887
501257,2,17,4,0,1.00594221174172
501257,2,17,5,4,1.1681890285193524
501257,2,17,6,0,1.1623191521910476
501257,2,17,7,4,1.2697091497163726
501257,2,18,1,2,1.2720648806202706
501257,2,18,2,1,1.4022334583298786
501257,2,18,3,0,1.259764953646803
501257,2,18,4,0,1.252092917054262
501257,2,18,5,0,1.1872376000963005
501257,2,18,6,0,1.1576423976669152
501257,2,19,1,2,1.5069641458971137
501257,2,19,2,6,1.5799157981358898
501257,2,19,3,4,1.6577316026704902
501257,2,19,4,1,1.3845981869155974
501257,2,19,5,0,1.492815869954637
501257,2,19,6,0,1.3839831197799946
501259,1,15,1,1,0.9023788948242248
501259,1,15,2,1,0.9080403974227
501259,1,15,3,1,0.9209354627127218
501259,1,15,4,1,0.9299620505963468
501259,1,15,5,1,0.9462583284432285
501259,1,15,6,0,0.9667782640735617
501259,1,15,7,1,0.9597159958712175
501259,1,16,1,0,0.8818908899921564
501259,1,16,2,0,0.7028389995660109
501259,1,16,3,1,0.7926466603274384
501259,1,16,4,0,0.7260358693877947
501259,1,16,5,2,0.8753291612049945
501259,1,16,6,0,0.7119764935119948
501259,1,17,1,2,0.8890048613658793
501259,1,17,2,0,0.8180252953375338
501259,1,17,3,0,0.7261405881077208
501259,1,17,4,1,0.7509696294032715
501259,1,17,5,6,1.1183523704346827
501259,1,17,6,1,1.1099312233508924
501259,1,18,1,1,1.3143041815913346
501259,1,18,2,0,1.4286808677251956
501259,1,18,3,4,1.3447697765927227
501259,1,18,4,1,1.5127897789366478
501259,1,18,5,1,1.457138942764133
501259,1,18,6,1,1.4328913240733006
501259,1,19,1,6,1.5833945607172566
501259,1,19,2,0,1.4923806348483035
501259,1,19,3,1,1.6059167433029138
501259,1,19,4,0,1.5599807090702833
501259,1,19,5,6,1.6498320149755872
501259,1,19,6,2,1.6246082784634577
501259,2,15,1,0,-0.0016225146457691717
501259,2,15,2,1,0.4090551015098703
501259,2,15,3,0,0.2708937426629589
501259,2,15,4,0,0.174208852655965
501259,2,15,5,2,0.5427547087434988
501259,2,15,6,0,0.5711312408477197
501259,2,15,7,0,0.5442918138890908
501259,2,16,1,4,0.9286102622798188
501259,2,16,2,0,0.7971833536825833
501259,2,16,3,1,0.839134600061763
501259,2,16,4,6,1.371029231368998
501259,2,16,5,1,1.3055293257503013
501259,2,16,6,0,1.2344357886299793
501259,2,17,1,1,1.2167846621497314
501259,2,17,2,1,1.204653200105596
501259,2,17,3,0,1.2106658570186601
501259,2,17,4,0,0.8849022384667138
501259,2,17,5,0,0.8207425772103873
501259,2,17,6,0,0.7337466330978022
501259,2,18,1,0,0.8773533862804994
501259,2,18,2,1,0.8354578137794009
501259,2,18,3,1,0.8233710955804112
501259,2,18,4,2,0.8799783855564037
501259,2,18,5,2,0.9073331679659384
501259,2,18,6,1,0.8720277551251332
501259,2,19,1,1,1.0208576873506519
501259,2,19,2,4,1.2317232035958416
501269,1,15,1,1,0.9023788948242248
501269,1,15,2,1,0.9080403974227
501269,1,15,3,0,0.9209354627127218
501269,1,15,4,2,1.3369564695531806
501269,1,15,5,1,1.2050640477179053
501269,1,15,6,1,1.194078429226704
501269,1,15,7,0,1.1862645003674042
501269,1,16,1,4,1.495154980661557
501269,1,16,2,1,1.5169433784374367
501269,1,16,3,4,1.8390202743641693
501269,1,16,4,1,1.6440780503105175
501269,1,16,5,1,1.6100135239312887
501269,1,16,6,0,1.337037162910207
501269,1,17,1,0,1.3896992703748825
501269,1,17,2,0,1.345785567653788
501269,1,17,3,1,1.3049197442019576
501269,1,17,4,1,1.260258604819142
501269,1,17,5,1,1.1402060853590885
501269,1,17,6,1,1.1622966325368602
501269,1,18,1,4,1.5516412366201686
501269,1,18,2,0,1.493115186528286
501269,1,18,3,1,1.274443032157037
501269,1,18,4,1,1.327845275971586
501269,1,18,5,1,1.2536839845125485
501269,1,18,6,1,1.2378321136820045
501269,1,18,7,0,1.2274972465778597
501269,1,19,1,2,1.5264025700667547
501269,1,19,2,6,1.6206842368861625
501269,1,19,3,1,1.3849255337418098
501269,1,19,4,1,1.4577172385619042
501269,1,19,5,2,1.599192871813167
501269,1,19,6,1,2.0323105002446553
501269,2,15,1,2,2.003087388375163
501269,2,15,2,0,0.9080403974227
501269,2,15,3,1,0.9209354627127218
501269,2,15,4,0,0.6254085348310924
501269,2,15,5,0,0.5427547087434988
501269,2,15,6,0,0.44596048668328786
501269,2,16,1,1,0.5449205661367216
501269,2,16,2,1,0.6112103867814346
501269,2,16,3,0,0.5439302801799031
501269,2,16,4,4,0.8782992490572701
501269,2,16,5,0,0.8743483058258662
501269,2,16,6,0,0.8853845568219254
501269,2,17,1,1,0.8637612031766161
501269,2,17,2,1,0.8637612031766161
501269,2,17,3,0,0.784739761965226
501269,2,17,4,1,0.871139569296917
501269,2,17,5,0,0.7280798445208844
501269,2,17,6,0,0.6401533835691317
501269,2,18,1,4,0.8160463971345763
501269,2,18,2,0,0.8715024827550384
501269,2,18,3,1,0.8360538063704708
501269,2,18,4,2,0.8566006814311741
501269,2,18,5,1,0.8534640467717076
501269,2,18,6,0,0.896684761639893
501269,2,19,1,1,0.9537468371707201
501269,2,19,2,6,1.102048089573373
548309,1,15,1,4,3.9442372820008655
548309,1,15,2,1,2.485842962026731
548309,1,15,3,0,1.6807515274329252
548309,1,15,4,1,1.5288642536666437
548309,1,15,5,4,1.9398175394584762
548309,1,15,6,1,1.8959607150794853
548309,1,16,1,1,1.680474319418438
548309,1,16,2,1,1.6429931146659222
548309,1,16,3,4,1.9606971634772965
548309,1,16,4,4,2.1485358283107354
548309,1,16,5,4,2.1562870534048537
548309,1,16,6,0,2.4647009009830922
548309,1,17,1,6,2.67257085971952
548309,1,17,2,0,2.5965366367989633
548309,1,17,3,1,2.631888680283071
548309,1,17,4,0,2.644424698947361
548309,1,17,5,1,2.322173426369375
548309,1,17,6,1,2.097262769684635
548309,1,18,1,0,2.182773411370523
548309,1,18,2,4,2.5763155294470237
548309,1,18,3,1,2.1378558281894544
548309,1,18,4,1,2.371424416431049
548309,1,18,5,0,2.0135495562894756
548309,1,18,6,2,2.1587189076833013
548309,1,18,7,4,2.105838149932118
548309,1,19,1,1,2.301577373862493
548309,1,19,2,1,1.7991883414361265
548309,1,19,3,0,1.8863971431684559
548309,1,19,4,6,2.227932321466002
548309,1,19,5,4,2.1835151397286525
548309,1,19,6,1,2.6148243337670403
548309,2,15,1,4,3.9442372820008655
548309,2,15,2,1,2.485842962026731
548309,2,15,3,1,2.088270541193096
548309,2,15,4,0,1.2709199426758684
548309,2,15,5,4,1.6261945132068105
548309,2,15,6,0,0.889377357732179
548309,2,16,1,1,0.8875877861586222
548309,2,16,2,1,1.0920679816691121
548309,2,16,3,0,1.071273855181232
548309,2,16,4,0,1.102318026405372
548309,2,16,5,1,1.1611207349992367
548309,2,16,6,1,1.1062283448199186
548309,2,17,1,1,1.2771493044104105
548309,2,17,2,1,1.0564609222259846
548309,2,17,3,1,1.023384955641305
548309,2,17,4,1,1.00594221174172
548309,2,17,5,0,1.0202780456434524
548309,2,17,6,6,1.2151468649046147
548309,2,18,1,1,1.4276177778636399
548309,2,18,2,0,1.316377205315949
548309,2,18,3,0,1.2697945627323666
548309,2,18,4,6,1.258928302218405
548309,2,18,5,1,1.2462287605665354
548309,2,18,6,2,1.3438763656399013
548309,2,19,1,0,1.7019479389755388
548309,2,19,2,2,1.3279842330283416
548309,2,19,3,1,1.3653681498298202
548309,2,19,4,1,1.3093876146263415
548309,2,19,5,2,1.3282191983303189
548309,2,19,6,2,1.2868239635264747
548315,1,15,1,2,2.003087388375163
548315,1,15,2,0,0.9080403974227
548315,1,15,3,2,1.3587472201842303
548315,1,15,4,1,1.3369564695531806
548315,1,15,5,1,1.2050640477179053
548315,1,15,6,1,1.194078429226704
548315,1,16,1,4,1.592987161816129
548315,1,16,2,0,1.3639902309684757
548315,1,16,3,0,1.2300880195507975
548315,1,16,4,1,1.1770179680949384
548315,1,16,5,0,0.7780056418097526
548315,1,16,6,2,0.9608726313969608
548315,1,17,1,1,0.9870365987378117
548315,1,17,2,0,0.9072038861746066
548315,1,17,3,1,0.8066397057677279
548315,1,17,4,0,0.7954527833895793
548315,1,17,5,0,0.8365608499559948
548315,1,17,6,1,0.8167672442218271
548315,1,17,7,1,0.7919764998702298
548315,1,17,8,2,0.8283812686117991
548315,1,18,1,0,1.0402508157648191
548315,1,18,2,1,1.0697987121607293
548315,1,18,3,0,0.8277370667032536
548315,1,18,4,0,0.8034124935399586
548315,1,18,5,0,0.8016850187574641
548315,1,18,6,2,0.8133382844270854
548315,1,19,1,0,0.9174206206258797
548315,1,19,2,1,0.8806676266480624
548315,1,19,3,0,0.9347078385223314
548315,1,19,4,6,0.8934168344240967
548315,1,19,5,1,0.8446754898311111
548315,1,19,6,4,1.034327417641047
548315,2,15,1,0,0.9023788948242248
548315,2,15,2,4,2.485842962026731
548315,2,15,3,0,2.088270541193096
548315,2,15,4,1,1.7720445878487263
548315,2,15,5,1,1.6441032820371335
548315,2,15,6,1,1.5457940014337308
548315,2,15,7,0,1.4715633713997152
548315,2,15,8,0,1.4274236671110831
548315,2,16,1,0,1.1937150145697462
548315,2,16,2,0,0.9851783833771014
548315,2,16,3,2,1.0479867260534963
548315,2,16,4,0,0.9358988244293812
548315,2,16,5,0,1.0182188650480322
548315,2,16,6,6,1.3111145656186693
548315,2,17,1,1,1.4135515254285806
548315,2,17,2,2,1.4636727998556809
548315,2,17,3,0,1.3202142600379918
548315,2,17,4,1,1.3656149933669657
548315,2,17,5,1,1.387323666475008
548315,2,17,6,1,1.4717194328563044
548315,2,17,7,0,1.1568607853713688
548315,2,18,1,0,1.563794031723634
548315,2,18,2,1,1.421144319690199
548315,2,18,3,1,1.3063825942250153
548315,2,18,4,4,1.4435941921276767
548315,2,18,5,1,1.437004063585754
548315,2,18,6,1,1.3311595727687808
548315,2,18,7,2,1.5118747511857888
548315,2,19,1,1,1.7361354214555795
548315,2,19,2,1,1.310525926472048
548315,2,19,3,1,1.559326168072588
548315,2,19,4,1,1.9255870683353546
548315,2,19,5,1,1.406902586523223
548315,2,19,6,0,1.2220479202044858
548316,1,15,1,1,0.9023788948242248
548316,1,15,2,1,0.9080403974227
548316,1,15,3,1,0.9209354627127218
548316,1,15,4,0,0.6913956144576845
548316,1,15,5,0,0.605672913383301
548316,1,15,6,0,0.5136939628440846
548316,1,16,1,2,0.7265347044285522
548316,1,16,2,0,0.64137943637751
548316,1,16,3,1,0.6314432981508051
548316,1,16,4,1,0.6693630585585479
548316,1,16,5,1,0.7260358693877947
548316,1,16,6,1,0.7458854795437301
548316,1,17,1,0,0.6772355928470621
548316,1,17,2,1,0.7292496152916624
548316,1,17,3,1,0.7008969299184575
548316,1,17,4,1,0.6999763501073856
548316,1,17,5,1,0.7280798445208844
548316,1,17,6,1,0.7370356757564533
548316,1,18,1,4,0.8952485941112994
548316,1,18,2,2,1.0131590079921824
548316,1,18,3,0,0.9754735198850503
548316,1,18,4,0,0.8566006814311741
548316,1,18,5,2,0.8669735897361978
548316,1,18,6,1,0.895186542379981
548316,1,19,1,0,1.0316288426984332
548316,1,19,2,4,0.9903633716428223
548316,1,19,3,1,0.9743226714397208
548316,1,19,4,0,0.9290966758923508
548316,1,19,5,1,0.9182012668673415
548316,1,19,6,0,0.9029957429321156
548325,1,15,1,0,0.9023788948242248
548325,1,15,2,0,0.4646912883608833
548325,1,15,3,0,0.3217605309580484
548325,1,15,4,0,0.22507564095105426
548325,1,15,5,0,0.10311696968285476
548325,1,15,6,0,0.11665170889077048
548325,1,16,1,0,0.14358990413111172
548325,1,16,2,1,0.22338223679179897
548325,1,16,3,0,0.1393374246449405
548325,1,16,4,0,0.16644389421203484
548325,1,16,5,0,0.13566494971678827
548325,1,16,6,0,0.31696372698673136
548325,1,16,7,0,0.2365529557425601
548325,1,17,1,0,0.276728466146139
548325,1,17,2,0,0.2057575992679412
548325,1,17,3,1,0.29780747082890796
548325,1,17,4,4,0.6038950962412128
548325,1,17,5,0,0.6038950962412128
548325,1,17,6,0,0.5492558021986651
548325,1,17,7,0,0.506269765543179
548325,1,18,1,1,0.6695556149131304
548325,1,18,2,0,0.5633728724722348
548325,1,18,3,0,0.5042578174973652
548325,1,18,4,1,0.5033372376862932
548325,1,18,5,1,0.44083832790327204
548325,1,18,6,0,0.36865848564440695
548325,1,19,1,0,0.20390993885016628
548325,1,19,2,0,0.2051980915832562
548332,1,15,1,0,0.020069684090631257
548332,1,15,2,1,0.4646912883608833
548332,1,15,3,4,1.6807515274329252
548332,1,15,4,4,2.2902502299285716
548332,1,15,5,0,1.8394737535025207
548332,1,15,6,0,1.5457940014337308
548332,1,16,1,4,2.0879144162070618
548332,1,16,2,6,2.258545720209521
548332,1,16,3,0,2.1875435453018093
548332,1,16,4,0,2.179853686410665
548332,1,16,5,2,1.949241678998902
548332,1,16,6,1,1.9198888990438256
548332,1,17,1,1,1.8091005820103607
548332,1,17,2,0,1.689405050335162
548332,1,17,3,1,1.7096687993742883
548332,1,17,4,0,1.6847191553849266
548332,1,17,5,0,1.5837554740223028
548332,1,17,6,0,1.5425932236576745
548332,1,18,1,6,1.7687471208257746
548332,1,18,2,1,1.7106932358152043
548332,1,18,3,1,1.7139727597569034
548332,1,18,4,1,1.66479489746266
548332,1,18,5,0,1.6254337659425426
548332,1,18,6,0,1.5263357138294822
548332,1,19,1,1,1.6261819385361043
548332,1,19,2,0,1.4595421541127327
548332,1,19,3,0,1.496762941506816
548332,1,19,4,2,1.6461576996616805
548332,1,19,5,1,1.5590928744599963
548332,1,19,6,0,1.292008996090501
548332,2,15,1,1,0.9023788948242248
548332,2,15,2,4,2.485842962026731
548332,2,15,3,1,2.088270541193096
548332,2,15,4,2,2.04315242334354
548332,2,15,5,2,1.9398175394584762
548332,2,15,6,0,1.8959607150794853
548332,2,15,7,1,1.6662765340894048
548332,2,16,1,0,1.40862453732509
548332,2,16,2,1,1.428444730281632
548332,2,16,3,0,1.1153903268188008
548332,2,16,4,1,1.1613882053317146
548332,2,16,5,0,0.8985557800626571
548332,2,16,6,0,0.7330984240492189
548332,2,17,1,1,1.030024940567517
548332,2,17,2,1,0.9142576430982763
548332,2,17,3,2,1.027346098910843
548332,2,17,4,4,1.0223045625336715
548332,2,17,5,1,1.1134400041002057
548332,2,17,6,4,1.223015669601989
548332,2,18,1,2,1.3516458070566018
548332,2,18,2,2,1.4022334583298786
548332,2,18,3,1,1.3462363336655923
548332,2,18,4,2,1.6144286726356416
548332,2,18,5,0,1.3827120765612289
548332,2,18,6,1,1.3553628582432449
548332,2,19,1,1,1.6134837983694492
548332,2,19,2,1,1.4019630850617335
548332,2,19,3,2,1.4811307351270568
548332,2,19,4,1,1.4981231455591615
548332,2,19,5,1,1.4804869213249439
548332,2,19,6,2,1.5627287038785025
548341,1,15,1,1,0.9023788948242248
548341,1,15,2,1,0.9080403974227
548341,1,15,3,4,2.088270541193096
548341,1,15,4,6,2.898783543592062
548341,1,15,5,6,3.585573243159603
548341,1,15,6,1,2.4782903773442566
548341,1,16,1,1,2.614602527808841
548341,1,16,2,1,2.868759905487495
548341,1,16,3,1,2.586389521046583
548341,1,16,4,1,2.2858121173120347
548341,1,16,5,6,3.1519897466352873
548341,1,16,6,0,2.4647009009830922
548341,1,17,1,6,2.67257085971952
548341,1,17,2,1,2.7020694872454083
548341,1,17,3,0,2.631888680283071
548341,1,17,4,1,2.552989716825896
548341,1,17,5,0,2.349162316533814
548341,1,17,6,1,2.2074030800660633
548341,1,17,7,1,1.9504433962634324
548341,1,18,1,0,2.179287892760001
548341,1,18,2,1,2.0103839606462874
548341,1,18,3,2,2.1579286475162225
548341,1,18,4,1,2.3554018441095494
548341,1,18,5,1,2.0185805840291
548341,1,18,6,1,2.1945137026744166
548341,1,19,1,1,1.8106398764350586
548341,1,19,2,2,1.927374580529546
548341,1,19,3,1,1.9308016042003133
548341,1,19,4,3,1.6082964069809722
548341,1,19,5,1,1.893200571723884
548341,1,19,6,1,1.9878263830959355
548341,2,15,1,1,0.9023788948242248
548341,2,15,2,1,0.9080403974227
548341,2,15,3,1,0.9209354627127218
548341,2,15,4,6,2.2902502299285716
548341,2,15,5,1,1.9398175394584762
548341,2,15,6,0,1.7864397866282715
548341,2,16,1,6,2.528511897867596
548341,2,16,2,1,2.39808347827571
548341,2,16,3,1,2.1875435453018093
548341,2,16,4,1,2.0977329080184024
548341,2,16,5,1,1.949241678998902
548341,2,16,6,0,1.9198888990438256
548341,2,16,7,0,1.5899360035454253
548341,2,16,8,6,1.5970412805613008
548341,2,17,1,2,1.929874165353104
548341,2,17,2,1,2.0005053819371867
548341,2,17,3,1,2.293897397340371
548341,2,17,4,6,2.120643836852331
548341,2,17,5,1,2.1719754422054676
548341,2,17,6,1,2.2317533423897498
548341,2,18,1,1,2.009020126182257
548341,2,18,2,0,2.0257208342564494
548341,2,18,3,1,2.06238043545617
548341,2,18,4,0,1.9101918559389126
548341,2,18,5,1,1.811757246668398
548341,2,18,6,1,1.8667892548764915
548341,2,18,7,6,2.0317743889360775
548341,2,19,1,0,1.9427664130871782
548341,2,19,2,0,1.9072776017691973
548341,2,19,3,4,2.1952236591915124
548341,2,19,4,0,1.6964485486777188
548341,2,19,5,2,2.2758505283400736
548341,2,19,6,1,2.6723885238404494
548344,1,15,1,1,0.9023788948242248
548344,1,15,2,1,0.9080403974227
548344,1,15,3,1,0.9209354627127218
548344,1,15,4,6,2.2902502299285716
548344,1,15,5,1,1.9398175394584762
548344,1,15,6,0,1.7864397866282715
548344,1,16,1,1,1.592987161816129
548344,1,16,2,1,1.4926274112222264
548344,1,16,3,6,2.013689565851908
548344,1,16,4,1,2.179853686410665
548344,1,16,5,6,2.1562870534048537
548344,1,16,6,1,2.1793098721201387
548344,1,17,1,1,2.1864477481963553
548344,1,17,2,1,2.156934302765796
548344,1,17,3,2,2.1853484306008415
548344,1,17,4,1,2.168882892968103
548344,1,17,5,0,2.2231493946961334
548344,1,17,6,0,2.041715472199559
548344,1,17,7,1,1.7415451484495215
548344,1,18,1,1,1.8346829581940398
548344,1,18,2,6,1.9791121093585349
548344,1,18,3,1,2.0780310071437795
548344,1,18,4,0,2.077366078279143
548344,1,18,5,6,2.154630000942518
548344,1,18,6,0,2.1135497355019544
548344,1,19,1,0,2.0946203537563206
548344,1,19,2,0,1.8601968607918757
548344,1,19,3,6,2.2012610712421146
548344,1,19,4,1,2.4857828152712846
548344,1,19,5,1,2.288668691744531
548344,1,19,6,0,1.6481887213601663
548344,2,15,1,1,0.9023788948242248
548344,2,15,2,1,0.9080403974227
548344,2,15,3,1,0.9209354627127218
548344,2,15,4,1,0.9299620505963468
548344,2,15,5,6,1.9398175394584762
548344,2,15,6,1,1.8959607150794853
548344,2,16,1,4,2.2392795130313607
548344,2,16,2,4,2.258545720209521
548344,2,16,3,0,2.1875435453018093
548344,2,16,4,0,2.179853686410665
548344,2,16,5,4,2.0619082851233235
548344,2,16,6,1,2.1584133084738597
548344,2,17,1,1,2.011712928604953
548344,2,17,2,0,1.7565657145387115
548344,2,17,3,1,1.9170835792659113
548344,2,17,4,0,1.6866116231121955
548344,2,17,5,1,1.6819642327165718
548344,2,17,6,1,1.5882914394344707
548344,2,18,1,1,1.5579165623017137
548344,2,18,2,0,1.5046845095244592
548344,2,18,3,6,1.5984722416591848
548344,2,18,4,4,1.9415942644057507
548344,2,18,5,6,2.0135495562894756
548344,2,18,6,6,2.226998452688351
548344,2,19,1,1,2.2044870270619277
548344,2,19,2,0,2.225155573376579
548344,2,19,3,4,2.177213490774961
548344,2,19,4,0,2.5049160229841902
548344,2,19,5,0,2.1147989149474977
548344,2,19,6,0,2.361716245538244
548353,1,15,1,1,0.9023788948242248
548353,1,15,2,0,0.4090551015098703
548353,1,15,3,0,0.2708937426629589
548353,1,15,4,0,0.43383524897764203
548353,1,15,5,1,0.5427547087434988
548353,1,15,6,1,0.5711312408477197
548353,1,16,1,0,0.5449205661367216
548353,1,16,2,0,0.4875092807941076
548353,1,16,3,0,0.4233791093741119
548353,1,16,4,1,0.5136254644043825
548353,1,16,5,0,0.45396112306415554
548353,1,16,6,1,0.5136622659873323
548353,1,17,1,1,0.5671029902447874
548353,1,17,2,1,0.5616965829326
548353,1,17,3,1,0.636822858648391
548353,1,17,4,0,0.5829846029118062
548353,1,17,5,0,0.6568127721667257
548353,1,17,6,0,0.6389182681690604
548353,1,17,7,0,0.600814738197155
548353,1,17,8,2,0.4955083217265328
548353,1,18,1,0,0.6583190686247277
548353,1,18,2,6,0.8943787955053148
548353,1,18,3,0,0.8590347399461407
548353,1,18,4,0,0.7790702007865897
548353,1,18,5,1,0.7564115219697253
548353,1,18,6,0,0.6003221404183995
548353,1,19,1,2,0.954295979540697
548353,1,19,2,2,0.8460915070617361
548353,1,19,3,1,0.8252232844394785
548353,1,19,4,2,0.9278497554129755
548353,1,19,5,1,0.8452511657188656
548353,1,19,6,1,0.6298762600927479
548353,2,15,1,1,0.9023788948242248
548353,2,15,2,4,2.485842962026731
548353,2,15,3,1,2.088270541193096
548353,2,15,4,0,1.5288642536666437
548353,2,15,5,1,1.388045090252713
548353,2,15,6,0,1.194078429226704
548353,2,16,1,1,1.195616695369306
548353,2,16,2,0,0.9534977389199545
548353,2,16,3,1,0.9554573923482151
548353,2,16,4,1,0.9731375409482413
548353,2,16,5,0,0.8936780953274226
548353,2,16,6,1,0.9153027719359604
548353,2,17,1,6,1.451876154708884
548353,2,17,2,1,1.4270806416499018
548353,2,17,3,1,1.373318758703787
548353,2,17,4,0,1.1635238190688724
548353,2,17,5,0,1.2031251943446828
548353,2,17,6,1,1.0991745959946047
548353,2,18,1,1,1.1501249059825243
548353,2,18,2,0,1.131196362574331
548353,2,18,3,1,0.9924586710711495
548353,2,18,4,0,0.8862382168408272
548353,2,18,5,2,0.9243611627261459
548353,2,18,6,0,0.8889026514269762
548353,2,19,1,1,1.024280379092571
548353,2,19,2,4,1.2875309075745798
548353,2,19,3,1,1.228280120947093
548353,2,19,4,0,1.0754719665160994
548353,2,19,5,4,1.1237974391941383
548353,2,19,6,0,1.0850029324117063
548358,1,15,1,4,3.9442372820008655
548358,1,15,2,0,2.010109467528837
548358,1,15,3,0,1.3587472201842303
548358,1,15,4,1,1.3369564695531806
548358,1,15,5,2,1.388045090252713
548358,1,15,6,1,1.3979336866422838
548358,1,16,1,2,1.5338164747326053
548358,1,16,2,1,1.4395996184203166
548358,1,16,3,0,1.3614871327798805
548358,1,16,4,1,1.3535894411006595
548358,1,16,5,0,1.1910766607112058
548358,1,16,6,1,1.2172469959523122
548358,1,16,7,1,1.1026832097851085
548358,1,17,1,1,1.181938587607663
548358,1,17,2,1,1.214312987622373
548358,1,17,3,1,1.2106658570186601
548358,1,17,4,1,1.2032392847090703
548358,1,17,5,2,1.1428443674180573
548358,1,17,6,1,1.1101452164643235
548358,1,18,1,1,1.269045460731097
548358,1,18,2,1,1.3221441908223885
548358,1,18,3,4,1.4393711469927521
548358,1,18,4,1,1.4519717025691705
548358,1,18,5,0,1.4018722622929043
548358,1,18,6,1,1.3672279780977832
548358,1,19,1,0,1.3588778699098858
548358,1,19,2,0,1.239152408039869
548358,1,19,3,1,1.2269686729532585
548358,1,19,4,0,1.275998704826869
548358,1,19,5,1,1.0019162481671176
548358,1,19,6,1,0.99875485457163
548358,2,15,1,0,0.020069684090631257
548358,2,15,2,1,0.4646912883608833
548358,2,15,3,2,0.9209354627127218
548358,2,15,4,4,1.7720445878487263
548358,2,15,5,1,1.6441032820371335
548358,2,15,6,1,1.5457940014337308
548358,2,16,1,1,1.5338164747326053
548358,2,16,2,4,1.7975090428897986
548360,1,15,1,1,0.9023788948242248
548360,1,15,2,2,1.4648385385218987
548360,1,15,3,2,1.6807515274329252
548360,1,15,4,0,1.1668484245835244
548360,1,15,5,0,0.6553790901655958
548360,1,15,6,1,0.6151548348372828
548360,1,16,1,0,0.8053309266565347
548360,1,16,2,0,0.5869993400197919
548360,1,16,3,1,0.5629711742483919
548360,1,16,4,1,0.709191249832569
548360,1,16,5,1,0.789490997078712
548360,1,16,6,1,0.8007872810717696
548360,1,17,1,1,0.8599702946355433
548360,1,17,2,1,0.7980001824621156
548360,1,17,3,4,0.8935665486039138
548360,1,17,4,1,0.8823796262257653
548360,1,17,5,1,0.878428853891542
548360,1,17,6,0,0.7979675025712447
548360,1,18,1,0,0.8628684477707393
548360,1,18,2,1,0.9271754690566084
548360,1,18,3,4,1.0610073094184045
548360,1,18,4,0,1.1065538824245467
548360,1,18,5,4,1.2690912815979492
548360,1,18,6,1,1.165370104929954
548360,1,19,1,2,1.189327414347841
548360,1,19,2,1,1.2620602929964495
548360,1,19,3,6,1.4665273266113874
548360,1,19,4,6,1.800930246226759
548360,1,19,5,2,1.9417615769541117
548360,1,19,6,1,1.9075529670233493
548360,2,15,1,0,0.9023788948242248
548360,2,15,2,4,2.485842962026731
548360,2,15,3,1,2.088270541193096
548360,2,15,4,1,1.7720445878487263
548360,2,15,5,1,1.6441032820371335
548360,2,15,6,1,1.5457940014337308
548360,2,15,7,1,1.4475650784756378
548360,2,16,1,1,1.442127187859647
548360,2,16,2,1,1.4255561098366056
548360,2,16,3,1,1.3575884083464744
548360,2,16,4,1,1.3871870995683473
548360,2,16,5,1,1.3836415462208083
548360,2,16,6,0,1.169291623817351
548360,2,17,1,2,1.2693249850955346
548360,2,17,2,1,1.266797415656204
548360,2,17,3,6,1.6882982655153727
548360,2,17,4,1,1.578560507621899
548360,2,17,5,0,1.4855501043456167
548360,2,17,6,6,1.6986562565295915
548362,1,15,1,0,0.020069684090631257
548362,1,15,2,0,0.020069684090631257
548362,1,15,3,1,0.3217605309580484
548362,1,15,4,0,0.22507564095105426
548362,1,15,5,1,0.37217065255884185
548362,1,15,6,1,0.5136939628440846
548362,1,16,1,0,0.5706418907384583
548362,1,16,2,1,0.64137943637751
548362,1,16,3,2,0.704124715144713
548362,1,16,4,1,0.8066759370508684
548362,1,16,5,1,0.901158253598942
548362,1,16,6,0,0.7458854795437301
548362,1,17,1,0,0.7024792510363254
548362,1,17,2,0,0.6440226653525072
548362,1,17,3,6,0.9890870017212562
548362,1,17,4,2,1.0893056944314843
548362,1,17,5,1,1.0891916040670968
548362,1,17,6,2,1.0991745959946047
548362,1,18,1,4,1.3966259651715958
548362,1,18,2,0,1.2920181016879344
548362,1,18,3,1,1.397482878857729
548362,1,18,4,0,1.2663640944936791
548362,1,18,5,2,1.416035853177266
548362,1,18,6,1,1.3096006455803924
548362,1,19,1,4,1.5975387843067061
548362,1,19,2,1,1.5170621563421574
548362,1,19,3,1,1.4650832508615266
548362,1,19,4,2,1.6105308529943179
548362,1,19,5,1,1.5590928744599963
548362,1,19,6,6,1.785720447898016
548362,2,15,1,1,0.9023788948242248
548362,2,15,2,1,0.9080403974227
548362,2,15,3,0,0.6125227945681023
548362,2,15,4,1,0.6913956144576845
548362,2,15,5,0,0.5427547087434988
548362,2,15,6,1,0.5711312408477197
548362,2,16,1,1,0.6932967798456867
548362,2,16,2,1,0.6932967798456867
548362,2,16,3,1,0.6762144675854397
548362,2,16,4,0,0.7863608059516718
548362,2,16,5,0,0.6926213733086527
548362,2,16,6,4,0.9661828822490841
548362,2,17,1,1,0.9628002159042195
548362,2,17,2,0,0.8196837045022471
548362,2,17,3,0,0.8011267669313322
548362,2,17,4,2,0.8287877955099905
548362,2,17,5,1,0.8182199649694388
548362,2,17,6,0,0.7083943394514731
548362,2,18,1,1,0.829721609389219
548362,2,18,2,2,0.9230820088060584
548362,2,18,3,0,0.8514211927604088
548362,2,18,4,1,0.8456263707619542
548362,2,18,5,1,0.8078718614450351
548362,2,18,6,1,0.8326395159591858
548362,2,19,1,6,1.2830948409433605
548362,2,19,2,0,1.2946901813450582
548362,2,19,3,0,1.1211023788805954
548362,2,19,4,1,1.0754719665160994
548362,2,19,5,2,1.1565176728106124
548362,2,19,6,1,0.9529851703841503
548368,1,15,1,1,0.9023788948242248
548368,1,15,2,1,0.9080403974227
548368,1,15,3,1,0.9209354627127218
548368,1,15,4,0,0.6913956144576845
548368,1,15,5,1,0.7819856434123725
548368,1,15,6,6,1.7864397866282715
548368,1,16,1,1,1.592987161816129
548368,1,16,2,1,1.4926274112222264
548368,1,16,3,1,1.463955047696439
548368,1,16,4,1,1.46184771437223
548368,1,16,5,1,1.460987790676242
548368,1,16,6,0,1.3703253247836162
548368,1,17,1,1,1.403248742195645
548368,1,17,2,0,1.0016890305127788
548368,1,17,3,1,1.015117089317534
548368,1,17,4,1,1.020106390665163
548368,1,17,5,4,0.9853884282714532
548368,1,17,6,4,1.231805570905638
548368,1,18,1,0,1.4276177778636399
548368,1,18,2,1,1.4166284501338173
548368,1,18,3,6,1.2854144146096493
548368,1,18,4,0,1.3950827094813625
548368,1,18,5,1,1.5370671307138237
548368,1,18,6,1,1.537236701696778
548368,1,18,7,0,1.5834424775781368
548368,1,19,1,1,1.514172552244759
548368,1,19,2,6,1.7025715898753875
548368,1,19,3,0,1.5814365029835942
548368,1,19,4,1,1.6125333718868122
548368,1,19,5,0,1.3411002010786142
548368,1,19,6,1,1.4180078102840266
548368,2,15,1,1,0.9023788948242248
548368,2,15,2,4,2.485842962026731
548368,2,15,3,1,2.088270541193096
548368,2,15,4,1,1.7720445878487263
548368,2,15,5,1,1.6441032820371335
548368,2,15,6,1,1.5457940014337308
548368,2,16,1,1,1.5338164747326053
548368,2,16,2,0,1.3892465752493044
548368,2,16,3,0,1.1526137127249205
548368,2,16,4,1,1.0653286873494003
548368,2,16,5,0,0.9551761091596828
548368,2,16,6,1,0.988308637141346
548368,2,17,1,0,0.8734535295844165
548368,2,17,2,1,0.889794350698834
548368,2,17,3,0,0.872060149107989
548368,2,17,4,1,0.9027340994263708
548368,2,17,5,1,0.9027700810350432
548368,2,17,6,2,0.8788020392394111
548368,2,18,1,4,1.1501249059825243
548368,2,18,2,4,1.4481971422651176
548368,2,18,3,6,1.561615635525809
548368,2,18,4,1,1.4900178134202515
548368,2,18,5,1,1.4934003265665605
548368,2,18,6,2,1.5263357138294822
548368,2,19,1,1,1.6261819385361043
548368,2,19,2,0,1.4139522305633156
548368,2,19,3,2,1.4478644717247162
548368,2,19,4,1,1.4799316946717633
548368,2,19,5,0,1.3770108954790758
548368,2,19,6,6,1.484946841894053
548380,1,15,1,1,0.9023788948242248
548380,1,15,2,0,0.4646912883608833
548380,1,15,3,2,0.9209354627127218
548380,1,15,4,0,0.6913956144576845
548380,1,15,5,0,0.7819856434123725
548380,1,15,6,1,0.8891350898831683
548380,1,16,1,2,0.9596481545469372
548380,1,16,2,4,1.4395996184203166
548380,1,16,3,0,1.2300880195507975
548380,1,16,4,2,1.2880162843629255
548380,1,16,5,4,1.5207155155473202
548380,1,16,6,4,1.7297057092748835
548380,1,17,1,0,1.2751543213146435
548380,1,17,2,1,1.2373336299946056
548380,1,17,3,0,1.1054186555697723
548380,1,17,4,1,1.206337230845173
548380,1,17,5,4,1.506444543346183
548380,1,17,6,1,1.35726690137182
548380,1,18,1,1,1.4584739667693463
548380,1,18,2,0,1.3652236109516336
548380,1,18,3,2,1.2854144146096493
548380,1,18,4,4,1.6312309148213184
548380,1,18,5,4,1.935814090937863
548380,1,18,6,6,2.006416901985301
548380,1,18,7,6,1.9518882990911075
548380,1,19,1,1,1.575884554753896
548380,1,19,2,2,1.915444966051715
548380,1,19,3,1,2.243170314834887
548380,1,19,4,1,2.2602228158536253
548380,1,19,5,1,2.4103632254765865
548380,1,19,6,1,1.672255563091512
548380,2,15,1,0,0.020069684090631257
548380,2,15,2,6,3.032967172278069
548380,2,15,3,0,2.088270541193096
548380,2,15,4,1,1.7720445878487263
548380,2,15,5,0,1.1653868543615928
548380,2,15,6,1,1.2022242741582403
548380,2,16,1,0,1.1531211715718488
548380,2,16,2,0,0.9237103319844553
548380,2,16,3,0,0.6659933617072371
548380,2,16,4,0,0.709191249832569
548380,2,16,5,0,0.5774157330299517
597998,1,15,1,1,0.9023788948242248
597998,1,15,2,0,0.4090551015098703
597998,1,15,3,1,0.5465661387924178
597998,1,15,4,0,0.43383524897764203
597998,1,15,5,0,0.3159503139027935
597998,1,15,6,0,0.29047957279007663
597998,1,16,1,0,0.2811776197345697
597998,1,16,2,4,0.6932967798456867
597998,1,16,3,0,0.6035330505915318
597998,1,16,4,1,0.648303919144556
597998,1,16,5,1,0.6926213733086527
597998,1,16,6,0,0.7237597246514682
597998,1,16,7,4,0.8418472332920173
597998,1,17,1,1,0.9971288769043003
597998,1,17,2,1,0.9971288769043003
597998,1,17,3,2,1.0902262742425561
597998,1,17,4,0,0.9739440120682676
597998,1,17,5,0,0.7703901636186087
597998,1,17,6,0,0.760275277407734
597998,1,18,1,1,0.8773533862804994
597998,1,18,2,0,0.8533395891584741
597998,1,18,3,1,0.8770930127173115
597998,1,18,4,6,1.1144130110443298
597998,1,18,5,4,1.2142654359271732
597998,1,18,6,0,1.1129132127888341
597998,1,19,1,2,1.2913064111510735
597998,1,19,2,0,1.2681981744898851
597998,1,19,3,0,1.211207932577475
597998,1,19,4,1,1.2216685233085842
597998,1,19,5,0,0.9791580137722432
597998,1,19,6,0,0.8317204884731428
597998,2,15,1,0,0.9023788948242248
597998,2,15,2,0,0.4646912883608833
597998,2,15,3,2,0.9209354627127218
597998,2,15,4,1,0.9299620505963468
597998,2,15,5,0,0.7819856434123725
597998,2,15,6,1,0.8891350898831683
597998,2,15,7,1,0.8814936773014872
597998,2,16,1,0,0.7265347044285522
597998,2,16,2,1,0.7028389995660109
597998,2,16,3,1,0.7926466603274384
597998,2,16,4,1,0.901158253598942
597998,2,16,5,0,0.8753291612049945
597998,2,16,6,2,0.8543316910535504
597998,2,16,7,0,0.8870483766317315
597998,2,17,1,6,1.4662003692950114
597998,2,17,2,1,1.4636727998556809
597998,2,17,3,1,1.3202142600379918
597998,2,17,4,2,1.4682760648545192
597998,2,17,5,1,1.4612636565805948
597998,2,17,6,1,1.4749718594934464
597998,2,18,1,0,1.5752384276555198
597998,2,18,2,1,1.626393856762844
597998,2,18,3,1,1.5684960811401476
597998,2,18,4,1,1.5688723152428734
598006,1,15,1,0,0.9023788948242248
598006,1,15,2,0,0.4646912883608833
598006,1,15,3,1,0.6125227945681023
598006,1,15,4,0,0.6913956144576845
598006,1,15,5,6,1.8394737535025207
598006,1,15,6,1,1.7864397866282715
598006,1,15,7,1,1.611274668103666
598006,1,16,1,4,2.0768811065110215
598006,1,16,2,0,1.5990089204102025
598006,1,16,3,1,1.6302151725242
598006,1,16,4,4,1.8840160705320603
598006,1,16,5,1,1.7224495002126141
598006,1,16,6,1,1.7130416742469519
598006,1,17,1,2,1.8041129937034641
598006,1,17,2,1,1.6888286212695003
598006,1,17,3,0,1.5700687730087353
598006,1,17,4,2,1.6809090553057515
598006,1,17,5,1,1.579838539024352
598006,1,17,6,1,1.582707271468675
598006,1,18,1,1,1.5032967628070568
598006,1,18,2,4,1.5794519067071293
598006,1,18,3,6,1.9710067698626654
598006,1,18,4,4,2.3554018441095494
598006,1,18,5,6,2.1341257867827643
598006,1,18,6,1,2.209578914311775
598006,1,19,1,0,1.548570425417091
598006,1,19,2,6,2.149004774499811
598006,1,19,3,6,2.28401337605258
598006,1,19,4,1,2.527638601851555
598006,1,19,5,1,2.3867640548506324
598006,1,19,6,6,2.6194516616694012
598006,2,15,1,1,0.9023788948242248
598006,2,15,2,0,0.4090551015098703
598006,2,15,3,1,0.5465661387924178
598006,2,15,4,0,0.43383524897764203
598006,2,15,5,0,0.3159503139027935
598006,2,15,6,4,0.8809089419877215
598006,2,16,1,1,0.9264102299640717
598006,2,16,2,1,0.9237103319844553
598006,2,16,3,0,0.6659933617072371
598006,2,16,4,1,0.8634903715247421
598006,2,16,5,1,0.8513481170566932
598006,2,16,6,1,0.7977235897677611
598006,2,17,1,1,0.867562823349635
598006,2,17,2,1,0.8196837045022471
598006,2,17,3,1,0.8011267669313322
598006,2,17,4,0,0.7053545419863481
598006,2,17,5,0,0.7604990519812321
598006,2,17,6,0,0.6024569301200606
598006,2,18,1,4,0.829721609389219
598006,2,18,2,4,1.0017804151661562
598006,2,18,3,4,1.2697945627323666
598006,2,18,4,1,1.3091404763694645
598006,2,18,5,0,1.2238153998303403
598006,2,18,6,1,1.105002695197427
598006,2,19,1,0,1.2512617593529007
598006,2,19,2,0,1.0323439013348858
598006,2,19,3,4,1.3341466385088534
598006,2,19,4,0,1.1251013631540836
598006,2,19,5,1,1.012596592000857
598006,2,19,6,6,1.1883675266290226
598011,1,15,1,0,-0.0016225146457691717
598011,1,15,2,0,0.4090551015098703
598011,1,15,3,0,0.2708937426629589
598011,1,15,4,0,0.174208852655965
598011,1,15,5,1,0.3159503139027935
598011,1,15,6,0,0.29047957279007663
598011,1,15,7,1,0.4323944100571068
598011,1,16,1,2,0.6112103867814346
598011,1,16,2,6,1.273729490630791
598011,1,16,3,6,1.7432402435097551
598011,1,16,4,0,1.5417640891493622
598011,1,16,5,2,1.445416001166343
598011,1,16,6,1,1.52365846448512
598011,1,16,7,1,1.5221623595181912
598011,1,17,1,0,1.3370661364510028
598011,1,17,2,4,1.5822487700520507
598011,1,17,3,6,2.293897397340371
598011,1,17,4,1,1.934306071321294
598011,1,17,5,4,2.158419851824382
598011,1,17,6,6,2.252411958523238
598011,1,18,1,0,1.9879101248432238
598011,1,18,2,1,2.270106262910461
598011,1,18,3,4,2.0984830870038795
598011,1,18,4,1,2.191877641821642
598011,1,18,5,2,2.381432590534078
598011,1,18,6,1,2.5252686989945126
598011,1,19,1,1,1.9231144061736392
598011,1,19,2,1,2.378445078360736
598011,1,19,3,1,2.539557801553148
598011,1,19,4,6,2.365542290401002
598011,1,19,5,6,2.517977949529562
598011,1,19,6,1,2.599277789415958
598011,2,15,1,1,0.9023788948242248
598011,2,15,2,1,0.9080403974227
598011,2,15,3,0,0.5465661387924178
598011,2,15,4,1,0.6254085348310924
598011,2,15,5,0,0.5427547087434988
598011,2,15,6,0,0.44596048668328786
598011,2,16,1,4,0.9264102299640717
598011,2,16,2,1,0.9237103319844553
598011,2,16,3,1,0.9338549894946895
598011,2,16,4,0,0.8634903715247421
598011,2,16,5,0,0.789490997078712
598011,2,16,6,0,0.6755493561700981
598011,2,17,1,0,0.6899385033936416
598011,2,17,2,1,0.678964813148495
598011,2,17,3,0,0.5950644912468788
598011,2,17,4,1,0.5877360720620157
598011,2,17,5,1,0.6471279997471455
598011,2,17,6,2,0.6405879069930124
598011,2,18,1,0,0.7208122642989547
598011,2,18,2,0,0.6653530330273109
598011,2,18,3,1,0.7000977052972559
598011,2,18,4,1,0.7029083014423003
598011,2,18,5,4,0.8881695764007229
598011,2,18,6,0,0.8354418192058691
598011,2,19,1,1,1.1021421224212324
598011,2,19,2,2,0.8420384719853048
598011,2,19,3,0,0.8832902789204752
598011,2,19,4,0,1.1878922503609466
598011,2,19,5,1,1.1480529826767452
598011,2,19,6,0,1.3992482774786057
598018,1,15,1,1,0.9023788948242248
598018,1,15,2,0,0.9080403974227
598018,1,15,3,0,0.6125227945681023
598018,1,15,4,1,0.6913956144576845
598018,1,15,5,1,0.7819856434123725
598018,1,15,6,1,0.8891350898831683
598018,1,15,7,1,0.8814936773014872
598018,1,16,1,1,0.8818908899921564
598018,1,16,2,1,0.8309554273877642
598018,1,16,3,0,0.7926466603274384
598018,1,16,4,1,0.901158253598942
598018,1,16,5,1,0.8753291612049945
598018,1,16,6,1,0.863336113560633
598018,1,17,1,0,0.8180252953375338
598018,1,17,2,1,0.8180252953375338
598018,1,17,3,1,0.8940293541793042
598018,1,17,4,1,0.9357095554030034
598018,1,17,5,4,1.001840080460128
598018,1,17,6,0,0.9190166428351917
598018,1,18,1,2,1.1962668270091863
598018,1,18,2,1,1.1823175304006415
598018,1,18,3,1,1.2418014181652017
598018,1,18,4,6,1.6547737022454605
598018,1,18,5,1,1.5985041984037223
598018,1,18,6,1,1.5742565797128898
598018,1,19,1,1,1.4629041204114057
598018,1,19,2,1,1.5321781281906215
598018,1,19,3,4,1.6995333994203148
598018,1,19,4,0,1.726225093545264
598018,1,19,5,2,1.801472105017951
598018,1,19,6,1,1.5539604812720358
598018,1,19,7,4,1.841335784601294
598018,2,15,1,0,0.020069684090631257
598018,2,15,2,1,0.4646912883608833
598018,2,15,3,0,0.3217605309580484
598018,2,15,4,6,1.7720445878487263
598018,2,15,5,0,1.388045090252713
598018,2,15,6,1,1.3979336866422838
598018,2,16,1,4,1.680474319418438
598018,2,16,2,1,1.6429931146659222
598018,2,16,3,0,1.463955047696439
598018,2,16,4,1,1.46184771437223
598018,2,16,5,0,1.4044305409187525
598018,2,16,6,0,1.1774690987781962
598018,2,17,1,0,1.170576570893622
598018,2,17,2,0,0.8696476627765252
598018,2,17,3,0,0.8011267669313322
598018,2,17,4,4,1.020106390665163
598018,2,17,5,0,0.878428853891542
598018,2,17,6,1,0.8586352481573745
598018,2,18,1,1,1.1062283482210462
598018,2,18,2,0,0.9230820088060584
598018,2,18,3,1,0.8707739089684733
598018,2,18,4,0,0.794799449512682
598018,2,18,5,0,0.7635720614437675
598018,2,18,6,0,0.5192151829368938
598024,1,15,1,0,0.020069684090631257
598024,1,15,2,2,0.9080403974227
598024,1,15,3,6,3.124222103691358
598024,1,15,4,1,2.2902502299285716
598024,1,15,5,1,1.9398175394584762
598024,1,15,6,1,1.8959607150794853
598024,1,16,1,0,1.592987161816129
598024,1,16,2,0,1.3639902309684757
598024,1,16,3,0,1.2300880195507975
598024,1,16,4,1,1.1770179680949384
598024,1,16,5,0,1.0217083976887744
598024,1,16,6,1,1.0417202891067852
598024,1,17,1,1,1.170576570893622
598024,1,17,2,0,1.160985737868845
598024,1,17,3,6,1.3375440533578453
598024,1,17,4,0,1.3253835663308202
598024,1,17,5,0,1.2795751190705833
598024,1,17,6,6,1.4979798442915109
598024,1,17,7,1,1.4710193989652096
598024,1,18,1,1,1.5092858014115422
598024,1,18,2,4,1.557152994585004
598024,1,18,3,2,1.619397154396009
598024,1,18,4,1,1.6961658224621148
598024,1,18,5,6,1.9868764229965876
598024,1,18,6,0,1.645982228945351
598024,1,19,1,2,2.1986305383771407
598024,1,19,2,1,1.5744486696386129
598024,1,19,3,1,1.8398805014486068
598024,1,19,4,1,1.7815044670724614
598024,1,19,5,1,1.8329207406864987
598024,1,19,6,6,1.9576292710120755
598024,2,15,1,4,3.9442372820008655
598024,2,15,2,1,2.485842962026731
598024,2,15,3,1,2.088270541193096
598024,2,15,4,1,1.7720445878487263
598024,2,15,5,0,1.1653868543615928
598024,2,15,6,1,1.2022242741582403
598024,2,16,1,1,1.3447880833652648
598024,2,16,2,1,1.3403620319007925
598024,2,16,3,0,1.1365546041860166
598024,2,16,4,0,1.0522638143290113
598024,2,16,5,4,1.3960576063302417
598024,2,16,6,1,1.332884686279604
598024,2,16,7,0,1.2803996894704202
598024,2,16,8,4,1.4084883735382796
598026,1,15,1,0,0.020069684090631257
598026,1,15,2,1,0.4646912883608833
598026,1,15,3,2,0.9209354627127218
598026,1,15,4,1,0.9299620505963468
598026,1,15,5,1,0.9462583284432285
598026,1,15,6,0,0.9667782640735617
598026,1,15,7,0,0.9597159958712175
598026,1,16,1,6,1.6429931146659222
598026,1,16,2,0,1.604582513224085
598026,1,16,3,6,2.110380540017193
598026,1,16,4,0,2.0491509425755345
598026,1,16,5,0,1.7224495002126141
598026,1,16,6,1,1.7130416742469519
598026,1,16,7,1,1.645520167753237
598026,1,16,8,2,2.0195055641817055
598026,1,17,1,1,1.6697507846029336
598026,1,17,2,2,1.6899916004261974
598026,1,17,3,0,1.574643572623948
598026,1,17,4,1,1.5564725515079822
598026,1,17,5,6,1.7550395372015255
598026,1,17,6,0,1.665806229714818
598026,1,17,7,1,1.7405586145568315
598026,1,18,1,1,1.5664319305215546
598026,1,18,2,1,1.6883195275636185
598026,1,18,3,0,1.7082524886084225
598026,1,18,4,4,1.698614957397302
598026,1,18,5,1,1.6732066584864393
598026,1,18,6,0,1.892218258718697
598026,1,19,1,0,1.6047552925075845
598026,1,19,2,1,1.2175739476843368
598026,1,19,3,2,1.6955536730629672
598026,1,19,4,4,2.6224792277160245
598026,1,19,5,1,2.563992465986636
598026,1,19,6,2,1.6175355992031826
598026,2,15,1,1,0.9023788948242248
598026,2,15,2,1,0.9080403974227
598026,2,15,3,4,2.088270541193096
598026,2,15,4,0,1.5288642536666437
598026,2,15,5,4,1.9398175394584762
598026,2,15,6,4,2.157035235044497
598026,2,16,1,0,1.5621186599490269
598026,2,16,2,0,1.6914221542297516
598026,2,16,3,0,1.1849002664678574
598026,2,16,4,1,1.235952735135127
598026,2,16,5,1,1.1508996707914128
598026,2,16,6,1,1.1712995891966802
598026,2,17,1,2,1.0823057067443111
598026,2,17,2,1,1.2121271169217982
598026,2,17,3,2,1.1054186555697723
598026,2,17,4,4,1.5202275429683214
598026,2,17,5,2,1.51692993835971
598026,2,17,6,1,1.4893956121022727
598026,2,18,1,0,1.4584739667693463
598026,2,18,2,2,1.3652236109516336
598026,2,18,3,1,1.3923783644776437
598026,2,18,4,0,1.3677120743623263
598026,2,18,5,2,1.5370671307138237
598026,2,18,6,0,1.3438763656399013
598026,2,19,1,1,1.7303989653052214
598026,2,19,2,0,1.3837578391360101
598026,2,19,3,6,1.6814647708853512
598026,2,19,4,2,1.581638704497242
598026,2,19,5,2,1.4696544202290573
598029,1,15,1,0,0.020069684090631257
598029,1,15,2,0,0.4646912883608833
598029,1,15,3,2,0.9209354627127218
598029,1,15,4,4,1.7720445878487263
598029,1,15,5,6,2.5564650679010956
598029,1,15,6,0,2.1435090230452665
598029,1,16,1,0,2.0879144162070618
598029,1,16,2,1,1.7975090428897986
598029,1,16,3,1,1.5930285617419049
598029,1,16,4,1,1.6685881335087278
598029,1,16,5,0,1.612701704882307
598029,1,16,6,4,1.8002951192740448
598029,1,17,1,2,1.8091005820103607
598029,1,17,2,1,1.8041129937034641
598029,1,17,3,0,1.7096687993742883
598029,1,17,4,6,2.111405303360323
598029,1,17,5,4,2.223438722944431
598029,1,17,6,0,1.9933193116304584
598029,1,18,1,4,2.106640788262175
598029,1,18,2,1,2.156264178835455
598029,1,18,3,3,2.0694778444404602
598029,1,18,4,0,2.1245898743998883
598029,1,18,5,1,2.167276679806515
598029,1,18,6,1,2.0814405457943788
598029,1,19,1,1,1.8451555653366747
598029,1,19,2,0,1.872228039625541
598029,1,19,3,0,1.9147073333479823
598029,1,19,4,0,1.8332340339814797
598029,1,19,5,1,1.787684892655051
598029,1,19,6,0,1.5670940895239962
598029,2,15,1,0,0.020069684090631257
598029,2,15,2,2,0.9080403974227
598029,2,15,3,1,0.9209354627127218
598029,2,15,4,2,1.3369564695531806
598029,2,15,5,1,1.2050640477179053
598029,2,15,6,2,1.3979336866422838
598029,2,16,1,1,1.3920899057793246
598029,2,16,2,2,1.4395996184203166
598029,2,16,3,1,1.3614871327798805
598029,2,16,4,4,1.6685881335087278
598029,2,16,5,0,1.4824179276994356
598029,2,16,6,0,1.332884686279604
598029,2,17,1,1,1.5151960094843275
598029,2,17,2,1,1.3649364260992938
598029,2,17,3,6,1.5696202202627298
598029,2,17,4,0,1.4836110279563313
598029,2,17,5,1,1.485147057118237
598029,2,17,6,1,1.448670200177199
598029,2,18,1,2,1.4910645845973332
598029,2,18,2,1,1.5046845095244592
598029,2,18,3,1,1.473528003776438
598029,2,18,4,1,1.4456719269110787
598029,2,18,5,1,1.5004776403180629
598029,2,18,6,2,1.4361036020913989
598029,2,19,1,0,1.817364270204676
598029,2,19,2,1,1.4168001723400319
598029,2,19,3,6,1.499649130770662
598029,2,19,4,1,1.595415961606884
598029,2,19,5,4,1.7790711384036597
598059,1,15,1,0,0.020069684090631257
598059,1,15,2,0,0.020069684090631257
598059,1,15,3,0,0.03513048822779634
598059,1,15,4,0,0.035913692122494054
598059,1,15,5,1,0.15398375797794425
598059,1,15,6,0,0.5136939628440846
598059,1,16,1,2,0.7265347044285522
598059,1,16,2,2,0.8778022871935303
598059,1,16,3,0,0.704124715144713
598059,1,16,4,1,0.8066759370508684
598059,1,16,5,0,0.7260358693877947
598059,1,16,6,1,0.7458854795437301
598059,1,17,1,4,0.9847694209755347
598059,1,17,2,0,0.889794350698834
598059,1,17,3,0,0.872060149107989
598059,1,17,4,1,0.9027340994263708
598059,1,17,5,1,0.9027700810350432
598059,1,17,6,1,0.8610633672821443
598059,1,18,1,2,0.8952485941112994
598059,1,18,2,1,0.9794511759270091
598059,1,18,3,1,0.9754735198850503
598059,1,18,4,1,0.978059328273217
598059,1,18,5,0,0.940110069388116
598059,1,18,6,4,1.0261893000164477
598059,1,19,1,1,1.0762968113967384
598059,1,19,2,0,1.0619322780329254
598059,1,19,3,1,1.0604777255364837
598059,1,19,4,1,1.2221683299715613
598059,1,19,5,1,1.0316162387292955
598059,1,19,6,0,0.9942333721629776
598059,2,15,1,0,0.020069684090631257
598059,2,15,2,2,0.9080403974227
598059,2,15,3,1,0.9209354627127218
598059,2,15,4,6,2.2902502299285716
598059,2,15,5,0,1.28421747837458
598059,2,15,6,1,1.3483553824978753
598059,2,16,1,4,1.5621186599490269
598059,2,16,2,0,1.6914221542297516
598059,2,16,3,1,1.74713085973907
598059,2,16,4,0,1.5145678797463806
598059,2,16,5,4,1.623854900875307
598059,2,16,6,1,1.5943415201860505
598060,1,15,1,4,3.9442372820008655
598060,1,15,2,2,3.032967172278069
598060,1,15,3,1,2.2215805140366163
598060,1,15,4,0,1.7720445878487263
598060,1,15,5,6,2.5564650679010956
598060,1,15,6,1,2.157035235044497
598060,1,16,1,1,2.2392795130313607
598060,1,16,2,1,2.073158221036212
598060,1,16,3,1,1.9606971634772965
598060,1,16,4,1,1.8941278502417735
598060,1,16,5,2,1.8744451108710782
598060,1,16,6,1,1.8002951192740448
598060,1,17,1,4,2.011712928604953
598060,1,17,2,1,2.1578800654937256
598060,1,17,3,0,2.000301132699461
598060,1,17,4,1,1.9092967112236736
598060,1,17,5,0,1.769635631456153
598060,1,17,6,6,2.2533969297471304
598060,1,18,1,1,1.9334568214041907
598060,1,18,2,1,1.910427997210193
598060,1,18,3,0,1.5984722416591848
598060,1,18,4,0,1.6656661049312016
598060,1,18,5,1,1.6779672688266973
598060,1,18,6,1,1.655372974003623
598060,1,18,7,0,1.7259982860767984
598060,1,19,1,1,1.5504557942471076
598060,1,19,2,1,1.667543131276247
598060,1,19,3,0,1.828718619694574
598060,1,19,4,0,1.648517940629929
598060,1,19,5,0,1.6272661651574407
598060,1,19,6,6,1.6743756218806947
598060,2,15,1,0,0.020069684090631257
598060,2,15,2,0,0.4646912883608833
598060,2,15,3,0,0.3217605309580484
598060,2,15,4,1,0.49330975330050547
598060,2,15,5,0,0.37217065255884185
598060,2,15,6,2,0.6419335919953075
598060,2,16,1,6,1.5338164747326053
598060,2,16,2,1,1.4395996184203166
598060,2,16,3,4,1.5930285617419049
598060,2,16,4,6,2.1485358283107354
598060,2,16,5,6,2.476744939692199
598060,2,16,6,6,2.455209476129208
598060,2,17,1,1,2.419208119161692
598060,2,17,2,6,2.8491147719242917
598060,2,17,3,6,3.0779140046415043
598060,2,17,4,0,3.508146189373904
598060,2,17,5,6,2.5680604990972227
598060,2,17,6,0,3.011251746334414
598060,2,17,7,1,3.039782598897283
598060,2,18,1,1,3.8986838847138174
598060,2,18,2,1,3.8407006914390287
598060,2,18,3,0,3.294045467882293
598060,2,18,4,2,2.6840659511655742
598060,2,18,5,1,2.4005407443237443
598060,2,18,6,0,2.205131460434813
598060,2,19,1,6,2.7509548210773693
598060,2,19,2,0,2.5665293702036984
598060,2,19,3,6,3.2520784131950182
598065,1,15,1,1,0.9023788948242248
598065,1,15,2,4,2.485842962026731
598065,1,15,3,1,2.088270541193096
598065,1,15,4,1,1.7720445878487263
598065,1,15,5,1,1.6441032820371335
598065,1,15,6,6,2.157035235044497
598065,1,16,1,1,2.2392795130313607
598065,1,16,2,0,1.71064168547885
598065,1,16,3,0,1.8549190832241085
598065,1,16,4,2,1.6365185194317402
598065,1,16,5,2,1.751894089152673
598065,1,16,6,1,1.7297057092748835
598065,1,17,1,2,1.7041036978407131
598065,1,17,2,1,1.6782772729546165
598065,1,17,3,2,1.9170835792659113
598065,1,17,4,4,1.9416642307989271
598065,1,17,5,1,2.043348969750741
598065,1,17,6,1,1.8119352927764605
598065,1,18,1,2,1.875041695451139
598065,1,18,2,1,1.7749472828191801
598065,1,18,3,0,1.3983733367866773
598065,1,18,4,0,1.523547111512671
598065,1,18,5,2,1.6591959726888372
598065,1,18,6,1,1.688333973426484
598065,1,18,7,0,1.3468975387705853
598065,1,19,1,1,1.7379199640785434
598065,1,19,2,2,1.5707955263234163
598065,1,19,3,0,1.6577316026704902
598065,1,19,4,1,1.3845981869155974
598065,1,19,5,2,1.6376866960330874
598065,1,19,6,0,1.5402190584356485
598065,2,15,1,0,0.020069684090631257
598065,2,15,2,0,0.020069684090631257
598065,2,15,3,0,0.03513048822779634
598065,2,15,4,2,0.49330975330050547
598065,2,15,5,0,0.3159503139027935
598065,2,15,6,0,0.29047957279007663
598065,2,16,1,1,0.429584841639941
598065,2,16,2,6,1.1904766019981425
598065,2,16,3,0,0.8148586601524859
598065,2,16,4,1,0.85626716567394
598065,2,16,5,0,0.8513481170566932
598065,2,16,6,2,0.8455533911185913
598065,2,17,1,0,0.9555834772896982
598065,2,17,2,0,0.7680367617318328
598065,2,17,3,0,0.6409196597770749
598065,2,17,4,1,0.7032203850629004
598065,2,17,5,1,0.7604990519812321
598065,2,17,6,0,0.7321817763873967
598065,2,18,1,1,0.8198046290507371
598065,2,18,2,6,1.0017804151661562
598065,2,18,3,0,0.9504626824580148
598065,2,18,4,2,1.0389636125931694
598065,2,18,5,4,1.1871728766446346
598065,2,18,6,1,1.132818561977764
598065,2,19,1,2,1.318312057258049
598065,2,19,2,4,1.3669110246504041
598065,2,19,3,4,1.4230661889241751
598065,2,19,4,0,1.3093876146263415
598065,2,19,5,1,1.3811340378896901
598065,2,19,6,0,1.2586270264586097
598066,1,15,1,0,0.9023788948242248
598066,1,15,2,4,2.485842962026731
598066,1,15,3,1,2.088270541193096
598066,1,15,4,0,1.5288642536666437
598066,1,15,5,2,1.6441032820371335
598066,1,15,6,2,1.7864397866282715
598066,1,15,7,0,1.611274668103666
598066,1,15,8,1,1.9092873109277817
598066,1,16,1,4,1.9467140904212958
598066,1,16,2,6,2.090539390786824
598066,1,16,3,1,2.171857883442951
598066,1,16,4,0,1.73737689020171
598066,1,16,5,1,1.923805756748791
598066,1,16,6,1,1.7403081867404886
598066,1,17,1,0,1.55464176022023
598066,1,17,2,0,1.3254250535864103
598066,1,17,3,4,1.4151870079198947
598066,1,17,4,0,1.4406398093510104
598066,1,17,5,0,1.348030718034692
598066,1,17,6,4,1.4314395991165234
598066,1,18,1,0,1.2250447327478438
598066,1,18,2,4,1.5207061034930467
598066,1,18,3,1,1.6035115639269113
598066,1,18,4,4,1.7874642744525642
598066,1,18,5,1,1.709321424750289
598066,1,18,6,0,1.5232465871200065
598066,1,19,1,0,0.9281356647600341
598066,1,19,2,0,1.2710909016224843
598066,1,19,3,6,1.736316800950871
598066,1,19,4,1,1.814743542424465
598066,1,19,5,1,0.3546621404230961
598066,1,19,6,0,0.8436211188399931
598066,2,15,1,1,0.9023788948242248
598066,2,15,2,1,0.9080403974227
598066,2,15,3,0,2.088270541193096
598066,2,15,4,1,1.7720445878487263
598066,2,15,5,0,1.6441032820371335
598066,2,15,6,2,1.7864397866282715
598066,2,15,7,0,1.4481173157613996
598066,2,16,1,0,1.357655405203449
598066,2,16,2,0,1.1578669886412654
598066,2,16,3,1,1.057183361385898
598066,2,16,4,1,1.021822488053162
598066,2,16,5,0,0.7924781931848524
598066,2,16,6,1,0.7453360990184633
598066,2,17,1,0,0.8802843635030956
598066,2,17,2,1,0.8218178614256948
598066,2,17,3,1,0.7984728981142876
598066,2,17,4,1,0.7809579941591603
598066,2,17,5,1,0.7703901636186087
598066,2,17,6,6,1.0101753013489558
598066,2,18,1,1,1.2719365417795332
598066,2,18,2,0,1.16702493608193
598066,2,18,3,1,1.1602108526904902
598066,2,18,4,0,1.0189539056011823
598066,2,18,5,0,0.8741260123089176
598066,2,18,6,1,0.8569380444220686
598066,2,19,1,0,1.009335888848079
598069,1,15,1,0,-0.0016225146457691717
598069,1,15,2,1,0.4090551015098703
598069,1,15,3,0,1.3498696925980536
598069,1,15,4,0,1.1668484245835244
598069,1,15,5,0,0.865204277878384
598069,1,15,6,1,0.8809089419877215
598069,1,16,1,0,0.8053309266565347
598069,1,16,2,0,0.5869993400197919
598069,1,16,3,1,0.5629711742483919
598069,1,16,4,1,0.709191249832569
598069,1,16,5,1,0.789490997078712
598069,1,16,6,2,0.7977235897677611
598069,1,17,1,1,0.867562823349635
598069,1,17,2,1,0.8196837045022471
598069,1,17,3,0,0.7936499090821705
598069,1,17,4,2,0.7912331898686079
598069,1,17,5,0,0.7743373777510777
598069,1,17,6,6,1.0271739182976691
598069,1,18,1,0,1.0902946474115633
598069,1,18,2,2,1.2447477988769051
598069,1,18,3,0,1.151968790203649
598069,1,18,4,6,1.2593361849093998
598069,1,18,5,1,1.2241075109399222
598069,1,18,6,1,1.2317907818580023
598069,1,19,1,0,1.3847496911332935
598069,1,19,2,0,1.3945208452118614
598069,1,19,3,1,1.3784735896420521
598069,1,19,4,0,1.2252991627887087
598069,1,19,5,1,1.162490478911405
598069,1,19,6,6,1.3684142773630683
598069,2,15,1,1,0.9023788948242248
598069,2,15,2,1,0.9080403974227
598069,2,15,3,0,0.5465661387924178
598069,2,15,4,0,0.43383524897764203
598069,2,15,5,0,0.3159503139027935
598069,2,15,6,0,0.29047957279007663
598069,2,16,1,0,0.2811776197345697
598069,2,16,2,0,0.22338223679179897
598069,2,16,3,0,0.1393374246449405
598069,2,16,4,0,0.16644389421203484
598069,2,16,5,0,0.13566494971678827
598069,2,16,6,0,0.14156986762527213
598069,2,17,1,1,0.21077638479317887
598069,2,17,2,1,0.276728466146139
598069,2,17,3,1,0.337566867366567
598069,2,17,4,1,0.37565176787612764
598069,2,17,5,0,0.33438975414465616
598069,2,17,6,4,0.560375738494003
598069,2,18,1,1,0.619917207497034
598069,2,18,2,1,0.8032278111135785
598069,2,18,3,2,0.6395423467070469
598069,2,18,4,6,0.8566006814311741
598069,2,18,5,6,1.2096146010338353
598073,1,15,1,0,-0.0016225146457691717
598073,1,15,2,1,0.4090551015098703
598073,1,15,3,4,1.3498696925980536
598073,1,15,4,0,1.1668484245835244
598073,1,15,5,0,0.865204277878384
598073,1,15,6,1,0.8809089419877215
598073,1,16,1,0,0.8481191779208007
598073,1,16,2,1,0.8445643626106648
598073,1,16,3,0,0.6762144675854397
598073,1,16,4,1,0.7863608059516718
598073,1,16,5,4,1.0217083976887744
598073,1,16,6,0,0.9661828822490841
598073,1,17,1,0,0.9628002159042195
598073,1,17,2,4,1.204653200105596
598073,1,17,3,0,1.2009594596662998
598073,1,17,4,4,1.3253835663308202
598073,1,17,5,4,1.485147057118237
598073,1,17,6,0,1.2151468649046147
598073,1,17,7,4,1.3746074589557846
598073,1,18,1,1,1.2720648806202706
598073,1,18,2,1,1.4022334583298786
598073,1,18,3,0,1.3317937905568222
598073,1,18,4,2,1.2776389152426448
598073,1,18,5,1,1.2525138398335884
598073,1,18,6,1,1.2571596440259667
598073,1,19,1,0,1.4203962489690747
598073,1,19,2,0,1.3481514303243218
598073,1,19,3,0,1.155786278002553
598073,1,19,4,1,1.2816319025251572
598073,1,19,5,6,1.7274398487964564
598073,1,19,6,6,1.9788796761782803
598073,2,15,1,1,0.9023788948242248
598073,2,15,2,1,0.9080403974227
598073,2,15,3,0,0.6125227945681023
598073,2,15,4,6,2.04315242334354
598073,2,15,5,1,1.8394737535025207
598073,2,15,6,1,1.7864397866282715
598073,2,16,1,0,1.5338164747326053
598073,2,16,2,0,1.4395996184203166
598073,2,16,3,1,1.3614871327798805
598073,2,16,4,1,1.3535894411006595
598073,2,16,5,0,1.1910766607112058
598073,2,16,6,1,1.2172469959523122
598073,2,16,7,0,0.9810166026425932
598073,2,17,1,1,1.1829549429401596
598073,2,17,2,1,1.1293049425032438
598073,2,17,3,0,1.0059013849569844
598073,2,17,4,0,0.9021512301247236
598073,2,17,5,0,0.9108767868298483
598073,2,17,6,0,0.8747486252326229
598073,2,18,1,4,1.0131590079921824
598073,2,18,2,0,0.9788684036416605
598073,2,18,3,0,0.9761399357644349
598073,2,18,4,0,0.9466083391646267
598073,2,18,5,2,0.9798042597686604
598073,2,18,6,0,0.9355694025853813
598073,2,18,7,1,0.9105383611232011
598073,2,19,1,0,0.9986346549359939
598073,2,19,2,0,0.8995606472660556
598073,2,19,3,6,1.211731432152527
598073,2,19,4,6,1.516198156230296
598073,2,19,5,0,1.348147185669957
598073,2,19,6,0,1.722543986150452
598073,2,19,7,0,1.4955123880959509
598073,2,19,8,4,1.376760262734973
729279,1,15,1,4,3.9442372820008655
729279,1,15,2,1,2.485842962026731
729279,1,15,3,4,3.034731403705452
729279,1,15,4,0,2.2902502299285716
729279,1,15,5,2,2.1612178426178725
729279,1,15,6,4,1.9609909574242776
729279,1,16,1,0,2.2392795130313607
729279,1,16,2,6,2.868759905487495
729279,1,16,3,0,2.299113281574685
729279,1,16,4,0,2.621906605243166
729279,1,16,5,0,2.1562870534048537
729279,1,16,6,0,1.9169685412891722
729279,1,17,1,1,1.9689532618505674
729279,1,17,2,1,2.0285635955195516
729279,1,17,3,6,2.49806677804529
729279,1,17,4,0,2.045555333387589
729279,1,17,5,1,2.010729002314552
729279,1,17,6,0,1.6696949042155593
729279,1,18,1,1,2.033575499621049
729279,1,18,2,0,1.2943847476788255
729279,1,18,3,1,1.2494761382422295
729279,1,18,4,0,1.370703771381891
729279,1,18,5,1,1.3617152252332156
729279,1,18,6,1,1.2581248880601947
729279,1,18,7,0,1.1552539678513927
729279,1,19,1,1,1.597405278407612
729279,1,19,2,1,1.1716989537314113
729279,1,19,3,4,1.320178906476183
729279,1,19,4,4,1.4075927576000358
729279,1,19,5,0,1.4522637805915155
729279,1,19,6,4,1.5015247575758695
729279,2,15,1,6,5.955570283907285
729279,2,15,2,0,1.1408142025097634
729279,2,15,3,4,0.8483871614870607
729279,2,15,4,1,2.0200899645411727
729279,2,15,5,0,1.7612910378077271
729279,2,15,6,0,1.4129339978684494
729279,2,16,1,0,0.8875877861586222
729279,2,16,2,0,1.012545391375699
729279,2,16,3,0,1.0348979036846635
729279,2,16,4,1,1.083005884210847
729279,2,16,5,2,1.1611207349992367
729279,2,16,6,0,0.9608726313969608
729279,2,17,1,0,1.0346171831054178
729279,2,17,2,0,0.8696476627765252
729279,2,17,3,0,0.8011267669313322
729279,2,17,4,1,0.7912331898686079
729279,2,17,5,2,0.8182199649694388
729279,2,17,6,0,0.7979675025712447
729279,2,17,7,0,0.7074000796726461
729279,2,18,1,0,0.8648227741905222
729279,2,18,2,0,0.8281998079286361
729279,2,18,3,0,0.78857295036717
729279,2,18,4,0,0.6822662474257624
729279,2,18,5,4,0.7410219119174352
729279,2,18,6,0,0.787339830310226
729279,2,19,1,1,0.8690007587621037
729279,2,19,2,2,0.8726427050079859
729279,2,19,3,0,0.7748555166398005
729279,2,19,4,1,0.7107578329378008
729279,2,19,5,1,0.8277431848733816
729279,2,19,6,0,0.6698480719059328
729289,1,15,1,1,0.9023788948242248
729289,1,15,2,4,2.485842962026731
729289,1,15,3,4,3.034731403705452
729289,1,15,4,1,2.512863953825723
729289,1,15,5,1,2.1612178426178725
729289,1,15,6,1,1.9808218241956657
729289,1,16,1,1,2.0879144162070618
729289,1,16,2,1,1.7975090428897986
729289,1,16,3,4,2.013689565851908
729289,1,16,4,1,2.179853686410665
729289,1,16,5,1,1.8744451108710782
729289,1,16,6,0,1.5943415201860505
729289,1,17,1,4,1.926034433385357
729289,1,17,2,1,1.7565657145387115
729289,1,17,3,1,1.9170835792659113
729289,1,17,4,1,1.8995278845928236
729289,1,17,5,4,2.043348969750741
729289,1,17,6,1,1.8119352927764605
729289,1,18,1,4,2.3817925145669308
729289,1,18,2,1,1.8280316108873675
729289,1,18,3,2,2.1542519027471463
729289,1,18,4,1,1.9643603023955383
729289,1,18,5,1,2.077366078279143
729289,1,18,6,1,2.0708601919232916
729289,1,19,1,0,1.8060287050113968
729289,1,19,2,1,1.962166069391107
729289,1,19,3,0,1.7665708356633512
729289,1,19,4,1,1.8415008490481422
729289,1,19,5,0,1.9417615769541117
729289,1,19,6,0,1.484946841894053
729289,1,19,7,4,1.9913710364630564
729289,1,19,8,4,1.8681111806033215
729289,2,15,1,0,0.020069684090631257
729289,2,15,2,2,0.9080403974227
729289,2,15,3,1,0.9209354627127218
729289,2,15,4,0,0.6913956144576845
729289,2,15,5,1,0.7819856434123725
729289,2,15,6,0,0.5711312408477197
729289,2,16,1,0,0.5449205661367216
729289,2,16,2,0,0.4875092807941076
729289,2,16,3,1,0.5439302801799031
729289,2,16,4,1,0.6239544256725101
729289,2,16,5,6,1.0217083976887744
729289,2,16,6,0,0.9661828822490841
729289,2,17,1,0,0.8734535295844165
729289,2,17,2,2,0.9971288769043003
729289,2,17,3,4,1.1746474345338496
729289,2,17,4,0,1.1635238190688724
729289,2,17,5,6,1.485147057118237
729289,2,17,6,6,1.7053137475405917
729289,2,17,7,2,1.7740014287589714
729289,2,18,1,0,1.6410653148309657
729289,2,18,2,0,1.557152994585004
729289,2,18,3,1,1.5926429682692822
729289,2,18,4,0,1.6288585145043122
729289,2,18,5,0,1.6070345089029854
729289,2,18,6,0,1.7421843063364026
729289,2,19,1,0,1.499032667527942
729289,2,19,2,0,1.3833002301750623
729289,2,19,3,6,1.8797529467342322
729295,1,15,1,1,0.9023788948242248
729295,1,15,2,1,0.9080403974227
729295,1,15,3,0,0.5465661387924178
729295,1,15,4,0,0.43383524897764203
729295,1,15,5,0,0.3159503139027935
729295,1,15,6,1,0.44596048668328786
729295,1,16,1,0,0.429584841639941
729295,1,16,2,0,0.35994249659286126
729295,1,16,3,4,0.6762144675854397
729295,1,16,4,1,0.7863608059516718
729295,1,16,5,1,0.8706010845781813
729295,1,16,6,1,0.8853845568219254
729295,1,17,1,0,0.8637612031766161
729295,1,17,2,6,1.204653200105596
729295,1,17,3,1,1.1746474345338496
729295,1,17,4,1,1.1635238190688724
729295,1,17,5,2,1.2795751190705833
729295,1,17,6,6,1.4979798442915109
729295,1,17,7,0,1.1864384186441688
729295,1,18,1,0,1.4566458486532032
729295,1,18,2,2,1.3494631674070714
729295,1,18,3,1,1.3342500899472278
729295,1,18,4,0,1.327845275971586
729295,1,18,5,0,1.2536839845125485
729295,1,18,6,0,1.2378321136820045
729295,1,18,7,1,1.200472813682901
729295,1,19,1,4,1.5433028034423886
729295,1,19,2,0,1.392667211040345
729295,1,19,3,2,1.3175352066221946
729295,1,19,4,2,1.375190111114008
729295,1,19,5,0,1.2998864767683584
729295,1,19,6,0,1.3119415991859151
729295,2,15,1,0,0.020069684090631257
729295,2,15,2,0,0.020069684090631257
729295,2,15,3,2,0.6125227945681023
729295,2,15,4,1,0.6913956144576845
729295,2,15,5,0,0.605672913383301
729295,2,15,6,6,1.5457940014337308
729295,2,16,1,1,1.5338164747326053
729295,2,16,2,1,1.4395996184203166
729295,2,16,3,0,1.2863653546086058
729295,2,16,4,0,1.0653286873494003
729295,2,16,5,2,1.1910766607112058
729295,2,16,6,1,1.2172469959523122
729295,2,17,1,1,1.21946291362546
729295,2,17,2,0,1.1829549429401596
729295,2,17,3,0,0.9890870017212562
729295,2,17,4,0,0.9124264258341712
729295,2,17,5,1,0.9020371397603363
729295,2,17,6,1,0.8788020392394111
729295,2,18,1,1,0.8952485941112994
729295,2,18,2,1,0.9794511759270091
729295,2,18,3,0,0.8181720309913976
729295,2,18,4,0,0.8726932767914859
729295,2,18,5,1,0.8881695764007229
729295,2,18,6,1,0.896684761639893
729295,2,19,1,1,0.9537468371707201
729295,2,19,2,0,0.9689658024073996
729297,1,15,1,1,0.9023788948242248
729297,1,15,2,1,0.9080403974227
729297,1,15,3,1,0.9209354627127218
729297,1,15,4,0,0.6913956144576845
729297,1,15,5,1,0.7819856434123725
729297,1,15,6,1,0.8891350898831683
729297,1,16,1,0,0.7265347044285522
729297,1,16,2,2,0.8778022871935303
729297,1,16,3,0,0.704124715144713
729297,1,16,4,0,0.8066759370508684
729297,1,16,5,4,1.0478726356891088
729297,1,16,6,1,1.0688480072904771
729297,1,16,7,0,0.9810166026425932
729297,1,16,8,0,0.9165870545903317
729297,1,16,9,0,0.9723359266570915
729297,1,16,10,0,0.7953856630928471
729297,1,17,1,1,1.011237725727634
729297,1,17,2,0,0.935497729651621
729297,1,17,3,0,0.8901267589918765
729297,1,17,4,0,1.0830552212782318
729297,1,17,5,1,1.0621033257028523
729297,1,17,6,1,1.0808261624087472
729297,1,18,1,1,0.9901539108538764
729297,1,18,2,4,1.0839675008401914
729297,1,18,3,0,1.1528065353757702
729297,1,18,4,1,1.1384420020119572
729297,1,18,5,2,1.3134028143571825
729297,1,18,6,1,1.2991301891457545
729297,1,19,1,2,1.4605181836648653
729297,1,19,2,0,1.195968309811439
729297,1,19,3,1,1.2882713406861614
729297,1,19,4,1,1.8761899640060957
729297,1,19,5,2,1.7427231407077615
729297,1,19,6,0,1.1872172841245787
729297,1,19,7,2,1.3799234417836186
729297,2,15,1,0,0.9023788948242248
729297,2,15,2,1,0.9080403974227
729297,2,15,3,0,0.6125227945681023
729297,2,15,4,1,0.6913956144576845
729297,2,15,5,0,0.605672913383301
729297,2,15,6,1,0.6419335919953075
729297,2,15,7,1,0.7266712792263732
729297,2,16,1,2,0.8818908899921564
729297,2,16,2,1,0.8309554273877642
729297,2,16,3,6,1.4731991544309344
729297,2,16,4,1,1.4437443493258368
729297,2,16,5,1,1.3890717353553614
729297,2,16,6,4,1.626582454148918
729297,2,17,1,0,1.5424907732718196
729297,2,17,2,1,1.4753747251598508
729297,2,17,3,1,1.423468613629834
729297,2,17,4,1,1.455416597588141
729297,2,17,5,0,1.3901264740188108
729297,2,17,6,2,1.4612636565805948
729297,2,18,1,1,1.5501189285203174
729297,2,18,2,0,1.5727108582161893
729297,2,18,3,0,1.237176941278405
729297,2,18,4,1,1.399691759909831
729297,2,18,5,1,1.3089164496050767
729297,2,18,6,2,1.292725749278549
729297,2,19,1,1,1.3588778699098858
729297,2,19,2,6,1.4475530086111505
729297,2,19,3,2,1.635266370113435
729297,2,19,4,6,1.825362677107391
729297,2,19,5,1,1.8800551289519418
729299,1,15,1,1,0.9023788948242248
729299,1,15,2,0,0.4090551015098703
729299,1,15,3,1,0.5465661387924178
729299,1,15,4,2,0.8639749709697547
729299,1,15,5,1,0.865204277878384
729299,1,15,6,2,1.0713238936777612
729299,1,16,1,0,0.9264102299640717
729299,1,16,2,2,1.1904766019981425
729299,1,16,3,1,1.1365546041860166
729299,1,16,4,6,1.5869106705347185
729299,1,16,5,1,1.5207155155473202
729299,1,16,6,6,1.8233785568669165
729299,1,17,1,0,1.2966769790009356
729299,1,17,2,0,1.4335095486134108
729299,1,17,3,0,1.3509103466270989
729299,1,17,4,1,1.2491831506391757
729299,1,17,5,0,1.2668396653259177
729299,1,17,6,1,1.231805570905638
729299,1,17,7,1,1.1864384186441688
729299,1,18,1,4,1.2185146771600321
729299,1,18,2,2,1.2763361766200652
729299,1,18,3,0,1.3950827094813625
729299,1,18,4,1,1.5404918792755933
729299,1,18,5,0,1.4536058746642522
729299,1,18,6,1,1.4374834788554827
729299,1,19,1,0,1.5828317979811959
729299,1,19,2,0,1.3833002301750623
729299,1,19,3,0,1.4811307351270568
729299,1,19,4,2,1.4703299117192055
729299,1,19,5,1,1.4874356950532437
729299,1,19,6,2,1.6246082784634577
729299,1,19,7,0,1.5070839102228515
729299,2,15,1,0,0.020069684090631257
729299,2,15,2,2,0.9080403974227
729299,2,15,3,0,0.6125227945681023
729299,2,15,4,4,1.5288642536666437
729299,2,15,5,0,1.019782970424122
729299,2,15,6,1,1.0713238936777612
729299,2,16,1,0,0.9264102299640717
729299,2,16,2,1,0.9237103319844553
729299,2,16,3,0,0.8050749037219883
729299,2,16,4,1,0.8782992490572701
729299,2,16,5,0,0.8706010845781813
729299,2,16,6,1,0.8853845568219254
729299,2,17,1,1,0.8637612031766161
729299,2,17,2,0,0.7927816371482705
729299,2,17,3,0,0.7008969299184575
729299,2,17,4,4,0.9124264258341712
729299,2,17,5,1,0.9020371397603363
729299,2,17,6,1,0.8788020392394111
729299,2,18,1,4,1.1501249059825243
729299,2,18,2,1,1.1042512954980284
729299,2,18,3,0,1.0967000330808978
729299,2,18,4,2,1.2465930511332537
729299,2,18,5,0,1.0832121899804699
729299,2,18,6,1,1.0676222651646656
729299,2,18,7,0,0.9258377549136166
729299,2,19,1,1,1.0209805811809367
729299,2,19,2,1,1.000663117456009
729299,2,19,3,1,1.1095641575185875
729299,2,19,4,0,1.0831971411135393
729299,2,19,5,2,0.9393454471202756
729299,2,19,6,1,0.9176598729846501
729301,1,15,1,1,0.9023788948242248
729301,1,15,2,2,1.4648385385218987
729301,1,15,3,1,1.3587472201842303
729301,1,15,4,1,1.3369564695531806
729301,1,15,5,4,1.8394737535025207
729301,1,15,6,1,1.7864397866282715
729301,1,16,1,1,1.592987161816129
729301,1,16,2,1,1.4926274112222264
729301,1,16,3,6,2.013689565851908
729301,1,16,4,1,2.179853686410665
729301,1,16,5,0,1.6988517617996262
729301,1,16,6,2,1.8002951192740448
729301,1,17,1,2,1.8091005820103607
729301,1,17,2,1,1.8041129937034641
729301,1,17,3,4,2.2228740429712417
729301,1,17,4,4,2.291977845779045
729301,1,17,5,4,2.3950399070279964
729301,1,17,6,6,2.4098674176089756
729301,1,18,1,6,2.9741639424405655
729301,1,18,2,1,2.823539252626168
729301,1,18,3,1,2.493730869645483
729301,1,18,4,2,2.4261821683895577
729301,1,18,5,0,1.9349498136061927
729301,1,18,6,4,1.9774843964427804
729301,1,19,1,1,2.2697082039572973
729301,1,19,2,1,2.4840772709906127
729301,1,19,3,1,2.5781578065190316
729301,1,19,4,1,2.5956774862215326
729301,1,19,5,0,2.546154738075506
729301,1,19,6,6,3.1416111010372316
729301,2,15,1,1,0.9023788948242248
729301,2,15,2,1,0.9080403974227
729301,2,15,3,0,0.6125227945681023
729301,2,15,4,1,0.6913956144576845
729301,2,15,5,1,0.7819856434123725
729301,2,15,6,6,1.7864397866282715
729301,2,16,1,1,1.592987161816129
729301,2,16,2,4,2.0768811065110215
729301,2,16,3,1,1.9409015767713977
729301,2,16,4,0,1.5869106705347185
729301,2,16,5,0,1.1508996707914128
729301,2,16,6,1,1.1712995891966802
729301,2,17,1,0,1.4031295400008341
729301,2,17,2,6,1.4335095486134108
729301,2,17,3,1,1.414679316217259
729301,2,17,4,6,1.6800316863098095
729301,2,17,5,1,2.12575682375048
729301,2,17,6,2,1.6696949042155593
729301,2,17,7,1,1.7296369229428374
729301,2,18,1,0,2.034135713972839
729301,2,18,2,4,1.7941573184051682
729301,2,18,3,1,1.650305071629795
729301,2,18,4,4,2.2249692229285305
729301,2,18,5,1,2.117032686768384
729301,2,18,6,1,2.0842041430997886
729301,2,19,1,1,1.8866705161938828
729301,2,19,2,0,1.8601968607918757
729301,2,19,3,4,1.8922346078043364
729301,2,19,4,1,1.7156492837725927
729301,2,19,5,6,2.4103632254765865
729301,2,19,6,2,2.3820820668658396
729309,1,15,1,0,0.020069684090631257
729309,1,15,2,2,0.9080403974227
729309,1,15,3,1,0.9209354627127218
729309,1,15,4,1,0.9299620505963468
729309,1,15,5,1,0.9462583284432285
729309,1,15,6,6,1.8959607150794853
729309,1,16,1,1,1.680474319418438
729309,1,16,2,1,1.6429931146659222
729309,1,16,3,4,1.9606971634772965
729309,1,16,4,4,2.1485358283107354
729309,1,16,5,0,2.1562870534048537
729309,1,16,6,0,2.1497685227612013
729309,1,17,1,0,2.011712928604953
729309,1,17,2,0,1.920282168971705
729309,1,17,3,1,2.0818217886505566
729309,1,17,4,4,2.168882892968103
729309,1,17,5,0,2.1204904480057287
729309,1,17,6,0,1.8231881303397746
729309,1,17,7,0,1.6739574313403347
729309,1,18,1,0,1.604745659486619
729309,1,18,2,1,1.579658718336596
729309,1,18,3,1,1.56486160885999
729309,1,18,4,1,1.689623410558876
729309,1,18,5,4,1.6070345089029854
729309,1,18,6,6,1.8609450855131917
729309,1,19,1,0,1.9608022349270766
729309,1,19,2,0,1.7252321090932734
729309,1,19,3,4,1.9229536617247165
729309,1,19,4,6,2.3712667500765523
729309,1,19,5,0,1.8562772471605204
729309,1,19,6,1,2.0761844553619073
729309,2,15,1,0,0.020069684090631257
729309,2,15,2,0,-0.0016225146457691717
729309,2,15,3,2,0.5465661387924178
729309,2,15,4,0,0.43383524897764203
729309,2,15,5,0,0.28166717321150486
729309,2,15,6,0,0.25286607755695795
729309,2,16,1,0,0.3047167377932465
729309,2,16,2,1,0.3223290013597426
729309,2,16,3,4,0.5629711742483919
729309,2,16,4,0,0.5985335087924811
729309,2,16,5,1,0.6169412537844223
729309,2,16,6,1,0.6755493561700981
729309,2,17,1,1,0.7505909006641346
729309,2,17,2,1,0.741385043396571
729309,2,17,3,2,0.7936499090821705
729309,2,17,4,0,0.7864102008364908
729309,2,17,5,1,0.7986300288541839
729309,2,17,6,1,0.7703127532603484
729309,2,18,1,1,0.8518616947772163
729309,2,18,2,1,0.8715024827550384
729309,2,18,3,0,0.8495176669327895
729309,2,18,4,2,0.8726932767914859
729309,2,18,5,4,0.9064589243425482
733977,1,15,1,1,0.9023788948242248
733977,1,15,2,0,0.4646912883608833
733977,1,15,3,6,2.2215805140366163
733977,1,15,4,0,2.04315242334354
733977,1,15,5,1,1.8394737535025207
733977,1,15,6,0,1.2021776628300647
733977,1,16,1,0,1.4457052338472443
733977,1,16,2,0,1.3403620319007925
733977,1,16,3,2,1.2885109007301563
733977,1,16,4,1,1.2880162843629255
733977,1,16,5,1,1.3606790924413479
733977,1,16,6,4,1.4365431580250765
733977,1,17,1,1,1.328508169886452
733977,1,17,2,0,1.3775678083307472
733977,1,17,3,1,1.3274859178542466
733977,1,17,4,6,1.6866116231121955
733977,1,17,5,2,1.6203487516699009
733977,1,17,6,6,1.9933193116304584
733977,1,18,1,0,1.875041695451139
733977,1,18,2,1,1.7749472828191801
733977,1,18,3,1,1.743099910433457
733977,1,18,4,0,1.6656661049312016
733977,1,18,5,6,2.061654369988031
733977,1,18,6,0,2.0021968910694703
733977,1,18,7,0,1.7981877665619506
733977,1,19,1,0,2.1986305383771407
733977,1,19,2,0,1.7025715898753875
733977,1,19,3,0,1.8797529467342322
733977,1,19,4,0,1.3845981869155974
733977,1,19,5,1,1.3411002010786142
733977,1,19,6,4,1.5998098341878169
733977,2,15,1,6,5.955570283907285
733977,2,15,2,1,3.9147273405563037
733977,2,15,3,1,3.124222103691358
733977,2,15,4,4,2.898783543592062
733977,2,15,5,6,3.585573243159603
733977,2,15,6,1,2.4782903773442566
733977,2,16,1,1,2.614602527808841
733977,2,16,2,1,2.868759905487495
733977,2,16,3,0,2.299113281574685
733977,2,16,4,0,2.1485358283107354
733977,2,16,5,1,1.9342582825901495
733977,2,16,6,0,1.9198888990438256
733977,2,17,1,4,2.1356386001455205
733977,2,17,2,0,2.1578800654937256
733977,2,17,3,0,2.000301132699461
733977,2,17,4,0,1.7308314154927584
733977,2,17,5,4,1.768509991459549
733977,2,17,6,1,1.8231881303397746
733977,2,18,1,6,2.411756790504589
733977,2,18,2,6,2.488491952819397
733977,2,18,3,0,2.18623503396731
733977,2,18,4,1,2.1654438351072876
733977,2,18,5,4,2.1326918139115842
733977,2,18,6,6,2.2137789098631124
733977,2,19,1,0,2.7658639984138644
733977,2,19,2,1,2.6209456169556007
733977,2,19,3,0,2.177213490774961
733977,2,19,4,1,2.42977168316361
733977,2,19,5,4,2.3442881971720606
733985,1,15,1,0,0.020069684090631257
733985,1,15,2,0,0.020069684090631257
733985,1,15,3,1,0.3217605309580484
733985,1,15,4,1,0.49330975330050547
733985,1,15,5,0,0.3159503139027935
733985,1,15,6,1,0.44596048668328786
733985,1,16,1,4,0.9264102299640717
733985,1,16,2,0,0.8445643626106648
733985,1,16,3,6,1.3728251351005343
733985,1,16,4,1,1.3809258319652495
733985,1,16,5,1,1.3960576063302417
733985,1,16,6,1,1.332884686279604
733985,1,17,1,1,1.5151960094843275
733985,1,17,2,6,1.567358003213306
733985,1,17,3,1,1.5696202202627298
733985,1,17,4,4,1.99265005566298
733985,1,17,5,4,2.2726283740117394
733985,1,17,6,1,1.8957756188540253
733985,1,18,1,1,1.875041695451139
733985,1,18,2,6,2.2195454146514635
733985,1,18,3,0,2.1575171063400846
733985,1,18,4,1,2.183798497656832
733985,1,18,5,0,2.0135495562894756
733985,1,18,6,0,2.0264157821349964
733985,1,19,1,1,2.1393780202274724
733985,1,19,2,1,1.849438238861236
733985,1,19,3,2,1.9632417033471072
733985,1,19,4,1,1.9241551367331862
733985,1,19,5,1,1.8823299167913932
733985,1,19,6,6,2.296229179350064
733985,2,15,1,2,2.003087388375163
733985,2,15,2,2,2.010109467528837
733985,2,15,3,1,1.6807515274329252
733985,2,15,4,0,1.3369564695531806
733985,2,15,5,4,1.8394737535025207
733985,2,15,6,1,1.7864397866282715
733985,2,16,1,1,1.592987161816129
733985,2,16,2,4,2.0768811065110215
733985,2,16,3,1,1.9409015767713977
733985,2,16,4,0,1.6685881335087278
733985,2,16,5,6,1.9342582825901495
733985,2,16,6,1,1.9918150715854013
733985,2,17,1,0,1.8091005820103607
733985,2,17,2,0,1.567358003213306
733985,2,17,3,0,1.5637964662370738
733985,2,17,4,0,1.4219557044855589
733985,2,17,5,4,1.6819642327165718
733985,2,17,6,1,1.5882914394344707
733985,2,18,1,4,1.7097014671908306
733985,2,18,2,1,1.5841144911522063
734031,1,15,1,1,0.9023788948242248
734031,1,15,2,0,0.4646912883608833
734031,1,15,3,1,0.6125227945681023
734031,1,15,4,0,0.43383524897764203
734031,1,15,5,1,0.5427547087434988
734031,1,15,6,1,0.5711312408477197
734031,1,16,1,0,0.5449205661367216
734031,1,16,2,4,0.9237103319844553
734031,1,16,3,0,0.6659933617072371
734031,1,16,4,1,0.8634903715247421
734031,1,16,5,1,0.8513481170566932
734031,1,16,6,1,0.7977235897677611
734031,1,17,1,1,0.867562823349635
734031,1,17,2,0,0.7680367617318328
734031,1,17,3,1,0.7104600933085801
734031,1,17,4,0,0.7032203850629004
734031,1,17,5,4,0.7763519610338916
734031,1,17,6,1,0.7560994986356975
734031,1,18,1,1,0.9007087876509968
734031,1,18,2,0,0.8360250691540567
734031,1,18,3,1,0.8035182054572727
734031,1,18,4,1,0.794799449512682
734031,1,18,5,1,0.7866990665890867
734031,1,18,6,0,0.7411984527217594
734031,1,19,1,1,1.2433183281497768
734031,1,19,2,0,0.6161846781467872
734031,1,19,3,0,0.6691883008683748
734031,1,19,4,0,0.6197978444204417
734031,2,15,1,1,0.9023788948242248
734031,2,15,2,1,0.9080403974227
734031,2,15,3,6,3.124222103691358
734031,2,15,4,1,2.2902502299285716
734031,2,15,5,1,1.9398175394584762
734031,2,15,6,1,1.8959607150794853
734031,2,16,1,1,1.680474319418438
734031,2,16,2,4,2.073158221036212
734031,2,16,3,1,1.9606971634772965
734031,2,16,4,1,1.8941278502417735
734031,2,16,5,1,1.6988517617996262
734031,2,16,6,6,2.1497685227612013
734031,2,17,1,0,2.011712928604953
734031,2,17,2,1,2.1578800654937256
734031,2,17,3,6,2.4173777841349695
734031,2,17,4,1,2.394972596608761
734031,2,17,5,0,2.2085405537795055
734031,2,17,6,4,2.3295489057367664
734031,2,18,1,1,2.361188060080796
734031,2,18,2,1,2.257003830571209
734031,2,18,3,1,2.1610408259728553
734031,2,18,4,0,2.183798497656832
734031,2,18,5,1,2.061654369988031
734031,2,18,6,0,2.0708601919232916
734031,2,18,7,2,1.9307428421419568
734031,2,19,1,1,1.8708642051615108
734031,2,19,2,1,1.888574705639225
734031,2,19,3,1,1.781517724878761
734031,2,19,4,4,1.8797650424470742
734031,2,19,5,0,1.8659223495635602
734031,2,19,6,1,1.4811872981662724
829707,1,15,1,1,0.9023788948242248
829707,1,15,2,0,0.4090551015098703
829707,1,15,3,1,0.5465661387924178
829707,1,15,4,0,0.43383524897764203
829707,1,15,5,1,0.5427547087434988
829707,1,15,6,0,0.44596048668328786
829707,1,16,1,0,0.429584841639941
829707,1,16,2,0,0.35994249659286126
829707,1,16,3,1,0.4233791093741119
829707,1,16,4,0,0.35009167543651304
829707,1,16,5,0,0.31337124749299905
829707,1,16,6,0,0.28027068508085046
829707,1,17,1,0,0.2921108857946265
829707,1,17,2,0,0.2400354242402585
829707,1,17,3,0,0.16906455736206086
829707,1,17,4,0,0.16814397755098895
829707,1,17,5,0,0.25562487728636457
829707,1,17,6,4,0.5029644531513886
829707,1,18,1,1,0.6131143956398228
829707,1,18,2,2,0.8032278111135785
829707,1,18,3,2,0.6395423467070469
829707,1,18,4,1,0.662393031459301
829707,1,18,5,1,0.6548324505746461
829707,1,18,6,2,0.6809977045845305
829707,1,19,1,1,0.7591903375840134
829707,1,19,2,1,0.748125178701453
829707,1,19,3,6,0.9955660797019479
829707,1,19,4,6,1.2345022403695802
829707,1,19,5,0,1.1565176728106124
829707,1,19,6,2,1.0850029324117063
829707,2,15,1,1,0.9023788948242248
829707,2,15,2,1,0.9080403974227
829707,2,15,3,2,1.3587472201842303
829707,2,15,4,0,0.8639749709697547
829707,2,15,5,4,1.41102788589327
829707,2,15,6,0,1.2022242741582403
829707,2,16,1,4,1.5855224123720386
829707,2,16,2,0,1.3964930752809548
829707,2,16,3,1,1.3728251351005343
829707,2,16,4,1,1.3809258319652495
829707,2,16,5,2,1.3896005853872127
829707,2,16,6,1,1.3363837345454854
829707,2,17,1,0,1.5151960094843275
829707,2,17,2,2,1.3775678083307472
829707,2,17,3,0,1.3274859178542466
829707,2,17,4,1,1.3253835663308202
829707,2,17,5,0,1.0723608184470208
829707,2,17,6,0,0.9607027770233738
829707,2,17,7,1,0.9025743580226137
829707,2,18,1,1,1.2753659903324681
829707,2,18,2,0,1.1126579638129854
829707,2,18,3,1,1.1053853938947273
829707,2,18,4,2,1.2341948056896126
829707,2,18,5,0,1.3114378401250322
829707,2,18,6,1,1.0953535700323043
829707,2,18,7,2,1.084610454325103
829707,2,19,1,4,1.5507955144664223
829707,2,19,2,1,1.3980812224676047
829707,2,19,3,0,1.3245732211158836
829707,2,19,4,6,1.3846626195592606
829707,2,19,5,2,1.4049832615746745
829707,2,19,6,4,1.6966877955167303
829713,1,15,1,1,0.9023788948242248
829713,1,15,2,1,0.9080403974227
829713,1,15,3,0,0.6125227945681023
829713,1,15,4,4,1.5288642536666437
829713,1,15,5,1,1.388045090252713
829713,1,15,6,2,1.5457940014337308
829713,1,16,1,0,1.3447880833652648
829713,1,16,2,0,1.0227840406884023
829713,1,16,3,0,0.8148586601524859
829713,1,16,4,4,1.102318026405372
829713,1,16,5,1,1.1611207349992367
829713,1,16,6,1,1.1062283448199186
829713,1,17,1,1,1.2771493044104105
829713,1,17,2,0,1.0016890305127788
829713,1,17,3,4,1.1239121077658514
829713,1,17,4,0,1.0800236131291119
829713,1,17,5,6,1.3709597644419709
829713,1,17,6,1,1.2635519669743553
829713,1,18,1,6,1.5800375265917783
829713,1,18,2,2,1.557927947280759
829713,1,18,3,0,1.5816078213367817
829713,1,18,4,1,1.6312309148213184
829713,1,18,5,0,1.596765746025187
829713,1,18,6,4,1.89333041271974
829713,1,19,1,0,1.135894493164634
829713,1,19,2,4,1.4573024240597596
829713,1,19,3,4,1.650065021527918
829713,1,19,4,1,1.6631429671612483
829713,1,19,5,0,1.6791130731334538
829713,1,19,6,0,1.8297670490189046
829713,1,19,7,4,1.4048152141183317
829713,2,15,1,4,3.9442372820008655
829713,2,15,2,6,4.260704029267593
829713,2,15,3,1,4.45589610986572
829713,2,15,4,0,2.8611360293591797
829713,2,15,5,1,2.431216830027345
829713,2,15,6,1,2.1435090230452665
829713,2,16,1,1,1.5621186599490269
829713,2,16,2,0,1.71064168547885
829713,2,16,3,0,1.74713085973907
829713,2,16,4,0,1.5145678797463806
829713,2,16,5,6,1.5376237996435018
829713,2,16,6,6,2.042706803412795
829713,2,16,7,1,1.5650427198905315
829713,2,17,1,4,2.650089456824482
829713,2,17,2,4,2.5807347511391447
829713,2,17,3,2,2.3592346650959883
829713,2,17,4,1,2.4250504173367173
829713,2,17,5,0,2.226786047449066
829713,2,17,6,6,2.2188605070128395
829713,2,18,1,6,3.1590031898034314
829713,2,18,2,1,2.217137648100068
829713,2,18,3,1,1.9039811156457438
829713,2,18,4,2,2.2420650661224344
829713,2,18,5,1,1.536348142120282
829713,2,18,6,4,2.3247648304758943
829721,1,15,1,6,5.955570283907285
829721,1,15,2,4,4.260704029267593
829721,1,15,3,1,4.45589610986572
829721,1,15,4,4,3.6966703064159905
829721,1,15,5,1,3.152635211286544
829721,1,15,6,0,2.8894240176158537
829721,1,16,1,4,2.614602527808841
829721,1,16,2,6,3.7313489319998707
829721,1,16,3,0,2.6493815196357215
829721,1,16,4,4,2.712364924456683
829721,1,16,5,0,3.039968564648334
829721,1,16,6,2,2.455209476129208
829721,1,17,1,6,3.392740371125357
829721,1,17,2,2,2.776283429772059
829721,1,17,3,1,2.706485383171108
829721,1,17,4,1,2.9243278049165857
829721,1,17,5,2,2.989302397341996
829721,1,17,6,1,2.9637352702293476
829721,1,18,1,6,2.595035333998948
829721,1,18,2,4,3.7353533780837416
829721,1,18,3,4,1.9428293192511716
829721,1,18,4,6,2.759314553586287
829721,1,18,5,0,3.689715584030105
829721,1,18,6,0,2.1130446672152994
829721,1,19,1,2,2.8414610137305956
829721,1,19,2,4,1.8361619952626704
829721,1,19,3,6,5.027435323435503
829721,1,19,4,0,2.255051157724993
829721,1,19,5,1,2.2909209786599236
829721,1,19,6,0,2.7152536871664297
829721,2,15,1,3,2.926738330637959
829721,2,15,2,1,2.010109467528837
829721,2,15,3,4,3.124222103691358
829721,2,15,4,0,2.04315242334354
829721,2,15,5,0,1.6441032820371335
829721,2,15,6,2,1.8959607150794853
829721,2,15,7,0,1.6662765340894048
829721,2,15,8,1,2.0394397693884616
829721,2,16,1,4,1.976097143539666
829721,2,16,2,4,2.1396525711984156
829721,2,16,3,2,2.171857883442951
829721,2,16,4,4,2.3068630439210835
829721,2,16,5,0,1.9523668930057532
829721,2,16,6,1,2.425528781442263
829721,2,17,1,1,2.1347547968108382
829721,2,17,2,2,2.13611803932481
829721,2,17,3,1,2.2201308751954376
829721,2,17,4,0,1.9542192349550422
829721,2,17,5,2,1.9167501790275423
829721,2,17,6,6,2.287051761617589
829721,2,18,1,1,1.954518437398252
829721,2,18,2,4,2.1204765371593703
829721,2,18,3,2,2.271783536496266
829721,2,18,4,0,2.4208516188321334
829721,2,18,5,0,2.323927798095731
829721,2,18,6,4,2.4995252815102766
829721,2,19,1,1,2.062225454649595
829729,1,15,1,1,0.9023788948242248
829729,1,15,2,0,0.4646912883608833
829729,1,15,3,1,0.6125227945681023
829729,1,15,4,2,0.9299620505963468
829729,1,15,5,1,0.9462583284432285
829729,1,15,6,1,0.9667782640735617
829729,1,16,1,4,1.5338164747326053
829729,1,16,2,6,2.073158221036212
829729,1,16,3,0,1.9409015767713977
829729,1,16,4,1,1.7544874232400844
829729,1,16,5,2,1.6988517617996262
829729,1,16,6,4,1.9918150715854013
829729,1,17,1,0,2.1069224042054944
829729,1,17,2,2,2.1578800654937256
829729,1,17,3,0,2.000301132699461
829729,1,17,4,1,1.9092967112236736
829729,1,17,5,1,1.708020150409482
829729,1,17,6,0,1.6826449073413576
829729,1,18,1,1,1.5922160617836802
829729,1,18,2,1,1.502563729503918
829729,1,18,3,6,1.816590688374777
829729,1,18,4,0,1.6249006745111962
829729,1,18,5,6,1.9895174100379844
829729,1,18,6,1,2.106840503997768
829729,1,19,1,1,1.7803897720617676
829729,1,19,2,4,2.5218983573817346
829729,1,19,3,1,2.203191232351258
829729,1,19,4,0,1.9799828124558725
829729,1,19,5,0,1.7306787744929417
829729,1,19,6,0,2.1334922348729
829729,2,15,1,2,2.003087388375163
829729,2,15,2,0,0.9080403974227
829729,2,15,3,1,0.9209354627127218
829729,2,15,4,0,0.6913956144576845
829729,2,15,5,1,0.7819856434123725
829729,2,15,6,1,0.8891350898831683
829729,2,16,1,0,0.8813571025036662
829729,2,16,2,4,1.3892465752493044
829729,2,16,3,1,1.2863653546086058
829729,2,16,4,4,1.6061786448204436
829729,2,16,5,6,1.949241678998902
829735,1,15,1,1,0.9023788948242248
829735,1,15,2,0,0.4646912883608833
829735,1,15,3,0,0.3217605309580484
829735,1,15,4,1,0.49330975330050547
829735,1,15,5,1,0.605672913383301
829735,1,15,6,4,1.194078429226704
829735,1,16,1,4,1.592987161816129
829735,1,16,2,1,1.4926274112222264
829735,1,16,3,0,1.3614871327798805
829735,1,16,4,4,1.6685881335087278
829735,1,16,5,0,1.4824179276994356
829735,1,16,6,0,1.41465737774586
829735,1,17,1,4,1.584824554950697
829735,1,17,2,1,1.5284025179617606
829735,1,17,3,1,1.4834423439236761
829735,1,17,4,4,1.7308314154927584
829735,1,17,5,6,2.2231493946961334
829735,1,17,6,1,2.2533969297471304
829735,1,18,1,2,2.271361869687491
829735,1,18,2,2,2.1388178242932456
829735,1,18,3,0,1.8397918891949507
829735,1,18,4,0,1.7941536075349347
829735,1,18,5,1,1.7930634220353194
829735,1,18,6,3,2.106840503997768
829735,1,18,7,0,2.007726273137728
829735,1,19,1,4,2.0305084711918924
829735,1,19,2,0,2.021003145494526
829735,1,19,3,1,2.0288192407379215
829735,1,19,4,0,2.079871440129266
829735,1,19,5,2,2.010219109133645
829735,1,19,6,0,2.1800472652882497
829735,2,15,1,1,0.9023788948242248
829735,2,15,2,1,0.9080403974227
829735,2,15,3,0,0.6125227945681023
829735,2,15,4,2,0.9299620505963468
829735,2,15,5,1,0.9462583284432285
829735,2,15,6,1,0.9667782640735617
829735,2,16,1,0,0.8481191779208007
829735,2,16,2,0,0.6932967798456867
829735,2,16,3,1,0.6762144675854397
829735,2,16,4,1,0.7863608059516718
829735,2,16,5,1,0.8706010845781813
829735,2,16,6,0,0.7237597246514682
829735,2,17,1,1,0.7387950380875906
829735,2,17,2,2,0.8637612031766161
829735,2,17,3,2,0.9133470056452432
829735,2,17,4,1,0.9124264258341712
829735,2,17,5,2,0.9738299217038803
829735,2,17,6,1,0.9545420353154241
829735,2,18,1,0,0.8628684477707393
829735,2,18,2,1,0.9271754690566084
829747,1,15,1,2,2.003087388375163
829747,1,15,2,1,1.4648385385218987
829747,1,15,3,1,1.3587472201842303
829747,1,15,4,1,1.3369564695531806
829747,1,15,5,4,1.8394737535025207
829747,1,15,6,6,1.9609909574242776
829747,1,16,1,2,2.528511897867596
829747,1,16,2,1,2.39808347827571
829747,1,16,3,0,2.1875435453018093
829747,1,16,4,0,1.2636973558914326
829747,1,16,5,4,1.5997240975538525
829747,1,16,6,1,1.9147490440829367
829747,1,17,1,4,1.979895681871114
829747,1,17,2,2,2.112078744368787
829747,1,17,3,0,1.9596123389550169
829747,1,17,4,0,1.9545110984695218
829747,1,17,5,2,1.9958308331496277
829747,1,17,6,4,2.079094936001493
829747,1,17,7,0,1.808362044921766
829747,1,18,1,0,2.0405200312140326
829747,1,18,2,1,1.2233411261267209
829747,1,18,3,0,1.6525733049260092
829747,1,18,4,1,1.691095074887332
829747,1,18,5,1,1.809346643793036
829747,1,18,6,1,1.645982228945351
829747,1,18,7,1,1.7815706058988652
829747,1,19,1,6,1.9882085301372097
829747,1,19,2,1,1.8707406554115673
829747,1,19,3,0,1.8246502523223065
829747,1,19,4,1,2.0302666758448367
829747,1,19,5,1,1.5407268028490717
829747,1,19,6,1,2.0641408135852743
829747,2,15,1,4,3.9442372820008655
829747,2,15,2,4,4.121535081798558
829747,2,15,3,0,3.124222103691358
829747,2,15,4,1,2.2902502299285716
829747,2,15,5,2,2.1612178426178725
829747,2,15,6,0,1.4129339978684494
829747,2,16,1,0,0.8875877861586222
829747,2,16,2,4,1.2862691231146457
829747,2,16,3,0,1.3696346160606785
829747,2,16,4,0,1.1889034337641318
829747,2,16,5,0,1.1953462232446204
829747,2,16,6,0,1.1659352806506433
829747,2,17,1,0,0.9221860582071842
829747,2,17,2,1,0.8844880199257543
829747,2,17,3,0,1.0047245991634652
829747,2,17,4,6,1.196456830429067
829747,2,17,5,0,1.1701040792210333
829747,2,17,6,1,1.1862414750936123
829747,2,18,1,0,1.2606394645378716
829747,2,18,2,0,1.2495689001151198
829747,2,18,3,1,1.2848794071938554
829747,2,18,4,0,1.074143076811261
829747,2,18,5,0,1.0647712787119306
829747,2,18,6,0,0.9746634389994414
829747,2,18,7,1,1.0245928829641362
829747,2,18,8,0,0.8851167647300531
829747,2,19,1,4,1.4210969799279716
829747,2,19,2,1,0.9717080931455067
829747,2,19,3,0,1.0704046327470824
829747,2,19,4,0,0.8419502993171657
829747,2,19,5,0,0.8446754898311111
829747,2,19,6,0,0.7404617328902776
829751,1,15,1,1,0.9023788948242248
829751,1,15,2,1,0.9080403974227
829751,1,15,3,2,1.3587472201842303
829751,1,15,4,1,1.3369564695531806
829751,1,15,5,0,0.9462583284432285
829751,1,15,6,4,1.5457940014337308
829751,1,16,1,4,2.0879144162070618
829751,1,16,2,1,1.7975090428897986
829751,1,16,3,0,1.6055138308252017
829751,1,16,4,0,1.3809258319652495
829751,1,16,5,0,1.3606790924413479
829751,1,16,6,0,1.1774690987781962
829751,1,17,1,0,1.1848435295637214
829751,1,17,2,1,1.181938587607663
829751,1,17,3,0,1.0941734883750251
829751,1,17,4,0,0.8287877955099905
829751,1,17,5,4,0.9869918136354632
829751,1,17,6,0,0.9607027770233738
829751,1,17,7,6,1.1864384186441688
829751,1,17,8,0,1.0375436213831286
829751,1,17,9,1,1.0288460779895685
829751,1,18,1,0,1.3739215683368629
829751,1,18,2,0,1.3779329703408287
829751,1,18,3,1,1.2996559318092538
829751,1,18,4,2,1.3194105811804326
829751,1,18,5,1,1.3128204526385099
829751,1,18,6,2,1.342147265569169
829751,1,18,7,1,1.3598859790944788
829751,1,19,1,0,1.198608342040804
829751,1,19,2,0,1.0081493971657738
829751,1,19,3,1,1.3430479419567833
829751,1,19,4,0,1.353461503045056
829751,1,19,5,2,1.0286757243600366
829751,1,19,6,2,0.826443936122481
829751,1,19,7,2,0.6357157810501953
829751,2,15,1,1,0.9023788948242248
829751,2,15,2,0,0.4646912883608833
829751,2,15,3,1,0.6125227945681023
829751,2,15,4,4,1.5288642536666437
829751,2,15,5,0,1.2050640477179053
829751,2,15,6,4,1.7864397866282715
829751,2,16,1,1,1.592987161816129
829751,2,16,2,1,1.6429931146659222
829751,2,16,3,2,1.5930285617419049
829751,2,16,4,0,1.6061786448204436
829751,2,16,5,1,1.4824179276994356
829751,2,16,6,0,1.41465737774586
829751,2,16,7,4,1.5913386078888139
829751,2,17,1,0,1.5424907732718196
829751,2,17,2,1,1.4753747251598508
829751,2,17,3,1,1.423468613629834
829751,2,17,4,0,1.1959462944723698
829751,2,17,5,1,1.3245321145266846
829751,2,17,6,0,1.1622966325368602
829751,2,18,1,0,1.2753659903324681
829751,2,18,2,0,1.1126579638129854
829751,2,18,3,0,1.0750467314272085
829751,2,18,4,0,0.8150122901517437
829751,2,18,5,0,0.8080644426459704
829751,2,18,6,0,0.8258865756150999
829751,2,19,1,2,1.009335888848079
829751,2,19,2,0,0.9013184779875256
829751,2,19,3,0,0.8687364426859936
829751,2,19,4,4,0.9886588508175211
829751,2,19,5,0,0.8910058601300515
829751,2,19,6,2,0.8706391417201678
829775,1,15,1,1,0.9023788948242248
829775,1,15,2,1,0.9080403974227
829775,1,15,3,2,1.3587472201842303
829775,1,15,4,1,1.3369564695531806
829775,1,15,5,6,2.1612178426178725
829775,1,15,6,2,2.1435090230452665
829775,1,16,1,0,2.0879144162070618
829775,1,16,2,4,2.1235555427654225
829775,1,16,3,2,2.1875435453018093
829775,1,16,4,2,2.1485358283107354
829775,1,16,5,0,1.9342582825901495
829775,1,16,6,0,1.9198888990438256
829775,1,16,7,1,1.7573619797854796
829775,1,17,1,0,1.689405050335162
829775,1,17,2,4,2.0519112108761375
829775,1,17,3,0,1.8737188428837137
829775,1,17,4,2,1.5892289771835726
829775,1,17,5,2,1.7965367016736007
829775,1,17,6,0,1.6216806333081963
829775,1,18,1,1,1.6056992465799254
829775,1,18,2,1,1.557152994585004
829775,1,18,3,1,1.5926429682692822
829775,1,18,4,4,1.6774322286566645
829775,1,18,5,1,1.6861200840443928
829775,1,18,6,1,1.750346302346988
829775,1,19,1,2,1.6006825329808114
829775,1,19,2,1,1.6278895416220651
829775,1,19,3,0,1.7931237045572723
829775,1,19,4,0,1.5258838137171158
829775,1,19,5,0,1.5935439719986937
829775,1,19,6,1,1.6786380122828661
829775,1,19,7,4,2.270143131207279
829775,2,15,1,2,2.003087388375163
829775,2,15,2,1,1.4648385385218987
829775,2,15,3,0,1.3587472201842303
829775,2,15,4,1,1.3369564695531806
829775,2,15,5,0,0.9462583284432285
829775,2,15,6,0,0.8891350898831683
829775,2,16,1,1,0.8813571025036662
829775,2,16,2,0,0.6932967798456867
829775,2,16,3,1,0.6762144675854397
829775,2,16,4,2,0.8782992490572701
829775,2,16,5,1,0.8743483058258662
829775,2,16,6,1,0.8931770170436986
829775,2,17,1,1,0.8734535295844165
829775,2,17,2,1,0.889794350698834
829775,2,17,3,2,0.9890870017212562
829775,2,17,4,0,0.9124264258341712
829775,2,17,5,0,0.9027700810350432
829775,2,17,6,1,0.8610633672821443
829775,2,18,1,4,1.0845283104777521
829775,2,18,2,1,1.131196362574331
829775,2,18,3,4,1.397482878857729
829775,2,18,4,0,1.2663640944936791
829775,2,18,5,0,1.2690912815979492
829775,2,18,6,0,1.0310446989437498
829775,2,18,7,0,0.8726559790209605
829775,2,19,1,1,1.1704303610525844
829775,2,19,2,0,1.0333473645658413
829775,2,19,3,1,1.096919459977078
829775,2,19,4,0,1.0831971411135393
829775,2,19,5,6,1.1237974391941383
829775,2,19,6,1,1.0730162242965953
829783,1,15,1,0,0.020069684090631257
829783,1,15,2,1,0.4646912883608833
829783,1,15,3,6,2.2215805140366163
829783,1,15,4,0,1.4587317199808114
829783,1,15,5,0,1.1653868543615928
829783,1,15,6,4,1.4129339978684494
829783,1,16,1,1,1.5855224123720386
829783,1,16,2,4,1.6475353603088647
829783,1,16,3,4,1.8291416383750434
829783,1,16,4,4,2.071136864329279
829783,1,16,5,1,1.8776567785209837
829783,1,16,6,1,1.974950143451002
829783,1,17,1,0,1.962620180712839
829783,1,17,2,1,1.9566855268519343
829783,1,17,3,1,1.8886818358810875
829783,1,17,4,6,2.412058435836347
829783,1,17,5,6,2.7278914877765565
829783,1,17,6,1,2.396625452904948
829783,1,18,1,1,2.1708095204104776
829783,1,18,2,4,2.1543901076754604
829783,1,18,3,0,2.1757118026863465
829783,1,18,4,0,2.381032139357391
829783,1,18,5,0,2.112747906232399
829783,1,18,6,0,2.0122352393314116
829783,1,19,1,0,1.971697737264586
829783,1,19,2,4,1.8590650421606099
829783,1,19,3,1,1.6905704669975206
829783,1,19,4,1,2.1985656415944796
829783,1,19,5,1,2.3159266197427835
829783,1,19,6,2,2.6817538978231688
829783,2,15,1,1,0.9023788948242248
829783,2,15,2,0,0.4090551015098703
829783,2,15,3,0,0.2708937426629589
829783,2,15,4,6,1.4587317199808114
829783,2,15,5,0,1.41102788589327
829783,2,15,6,0,1.2021776628300647
829783,2,15,7,1,1.4481173157613996
829783,2,15,8,1,1.6713399709400936
829783,2,16,1,6,1.3716858512376588
829783,2,16,2,1,1.7401226985080727
829783,2,16,3,1,1.6418363689241067
829783,2,16,4,1,1.445416001166343
829783,2,16,5,1,1.531791170982871
829783,2,16,6,1,1.5270000734143887
829783,2,17,1,4,1.7872594202416465
829783,2,17,2,1,1.764847416271423
829783,2,17,3,0,1.6809090553057515
829783,2,17,4,0,1.5534060574377657
829783,2,17,5,1,1.4782517343467325
829783,2,17,6,4,1.580775199658923
829783,2,18,1,6,1.7525352521802369
829783,2,18,2,0,1.679369595148129
829783,2,18,3,1,1.9032899933073772
829783,2,18,4,4,1.9101918559389126
829783,2,18,5,1,1.811757246668398
829783,2,18,6,2,1.9070033253341887
829783,2,19,1,1,1.8880675693937903
829783,2,19,2,6,2.1101431282139735
829783,2,19,3,1,2.4387953227188754
829791,1,15,1,1,0.9023788948242248
829791,1,15,2,1,0.9080403974227
829791,1,15,3,4,2.088270541193096
829791,1,15,4,0,1.5288642536666437
829791,1,15,5,1,1.388045090252713
829791,1,15,6,0,1.194078429226704
829791,1,16,1,1,1.195616695369306
829791,1,16,2,1,1.226664281089852
829791,1,16,3,0,0.9338549894946895
829791,1,16,4,0,0.8782992490572701
829791,1,16,5,6,1.3960576063302417
829791,1,16,6,0,1.1062283448199186
829791,1,17,1,1,1.2771493044104105
829791,1,17,2,1,1.0564609222259846
829791,1,17,3,0,1.023384955641305
829791,1,17,4,0,1.020106390665163
829791,1,17,5,0,0.878428853891542
829791,1,17,6,1,0.8586352481573745
829791,1,18,1,1,1.1062283482210462
829791,1,18,2,1,1.2364768564953605
829791,1,18,3,0,1.0610073094184045
829791,1,18,4,2,1.131867302530929
829791,1,18,5,1,1.2096146010338353
829791,1,18,6,1,1.1112214448929743
829791,1,18,7,1,1.1039489444972488
829791,1,19,1,6,1.627977892145886
829791,1,19,2,1,1.3777459257100089
829791,1,19,3,0,1.3372117936664143
829791,1,19,4,6,1.3543737295663043
829791,1,19,5,4,1.3411002010786142
829791,1,19,6,4,1.5998098341878169
829791,2,15,1,6,5.955570283907285
829791,2,15,2,1,3.9147273405563037
829791,2,15,3,0,3.124222103691358
829791,2,15,4,4,2.898783543592062
829791,2,15,5,6,3.585573243159603
829791,2,15,6,1,2.4782903773442566
829791,2,16,1,1,2.614602527808841
829791,2,16,2,1,2.868759905487495
829791,2,16,3,1,2.586389521046583
829791,2,16,4,1,2.2858121173120347
829791,2,16,5,0,1.5997240975538525
829791,2,16,6,1,1.9147490440829367
829791,2,17,1,0,1.97263861350494
829791,2,17,2,0,1.593993660670362
829791,2,17,3,1,1.9087779187759413
829791,2,17,4,1,1.7537757418679536
829791,2,17,5,4,1.677657802823881
829791,2,17,6,4,1.6630049820340878
829791,2,18,1,1,2.399659911575304
829791,2,18,2,0,1.3134010759599466
829791,2,18,3,1,1.504636328703693
829791,2,18,4,1,1.6518038530110721
829791,2,18,5,1,1.788630068946701
829791,2,18,6,1,1.6826418043758555
829791,2,19,1,1,1.3725347678194901
829791,2,19,2,0,1.4244013942775329
829791,2,19,3,6,1.5847677773449766
829791,2,19,4,0,1.285565350682881
829791,2,19,5,0,1.4659460786905452
829815,1,15,1,1,0.9023788948242248
829815,1,15,2,1,0.9080403974227
829815,1,15,3,2,1.3587472201842303
829815,1,15,4,0,0.8639749709697547
829815,1,15,5,1,0.865204277878384
829815,1,15,6,0,0.8032657677973281
829815,1,16,1,0,0.6932967798456867
829815,1,16,2,1,0.6932967798456867
829815,1,16,3,0,0.5152718304410185
829815,1,16,4,1,0.5985335087924811
829815,1,16,5,1,0.6169412537844223
829815,1,16,6,2,0.8007872810717696
829815,1,17,1,1,0.8599702946355433
829815,1,17,2,0,0.741385043396571
829815,1,17,3,0,0.5581886193388386
829815,1,17,4,0,0.5079617829368822
829815,1,17,5,1,0.6089970228741938
829815,1,17,6,1,0.6020224066961799
829815,1,18,1,0,0.6269951553583016
829815,1,18,2,4,0.8463627015252004
829815,1,18,3,4,0.8707739089684733
829815,1,18,4,1,0.839186748462218
829815,1,18,5,0,0.8585705928828067
829815,1,18,6,1,0.8544407848014988
829815,1,19,1,0,1.0718616175879667
829815,1,19,2,4,1.140187483328404
829815,1,19,3,2,1.2090994257725352
829815,1,19,4,1,1.19217252531254
829815,1,19,5,1,1.1565176728106124
829815,1,19,6,1,0.8779256576837968
980903,1,15,1,0,0.020069684090631257
980903,1,15,2,0,0.020069684090631257
980903,1,15,3,0,0.03513048822779634
980903,1,15,4,0,0.015967019609439824
980903,1,15,5,0,0.014557518107169983
980903,1,15,6,0,0.028092257315085637
980903,1,16,1,0,0.03359012151610416
980903,1,16,2,1,0.14358990413111172
980903,1,16,3,0,0.12922747345509333
980903,1,16,4,0,0.15725452283325955
980903,1,16,5,0,0.126475578338013
980903,1,16,6,0,0.13238049624649686
980903,1,17,1,1,0.14109400332233882
980903,1,17,2,0,0.14109400332233882
980903,1,17,3,4,0.37657234768719955
980903,1,17,4,0,0.32924501010881585
980907,1,15,1,4,3.9442372820008655
980907,1,15,2,0,2.010109467528837
980907,1,15,3,1,1.6807515274329252
980907,1,15,4,0,1.5288642536666437
980907,1,15,5,1,1.388045090252713
980907,1,15,6,0,1.0713238936777612
980907,1,15,7,1,1.1602751323470792
980907,1,16,1,0,0.9286102622798188
980907,1,16,2,0,0.9567742499060559
980907,1,16,3,0,0.839134600061763
980907,1,16,4,0,0.8706010845781813
980907,1,16,5,6,1.3250974775612017
980907,1,16,6,6,1.52365846448512
980907,1,16,7,6,2.17494953646969
980907,1,17,1,0,1.7991291567374659
980907,1,17,2,0,1.6032678642934588
980907,1,17,3,0,1.2539085451991527
980907,1,17,4,1,1.1344483414637068
980907,1,17,5,1,1.1344854453775652
980907,1,17,6,1,1.0636440137372536
980907,1,18,1,4,1.6324036531723547
980907,1,18,2,1,1.1308639011196058
980907,1,18,3,4,1.4187002388332568
980907,1,18,4,4,1.726450535173455
980907,1,18,5,6,1.9430281160847849
980907,1,18,6,4,1.714262884776836
980907,1,18,7,4,1.4358472127612039
980907,1,19,1,0,1.5349081468755117
980907,1,19,2,1,1.2275419954051685
980907,1,19,3,6,1.4790861938828048
980907,1,19,4,2,1.446728334031862
980907,1,19,5,0,1.774514534677411
980907,1,19,6,4,0.7917421730611144
980907,2,15,1,1,0.9023788948242248
980907,2,15,2,4,2.485842962026731
980907,2,15,3,0,1.6807515274329252
980907,2,15,4,2,1.7720445878487263
980907,2,15,5,1,1.6441032820371335
980907,2,15,6,0,1.2022242741582403
980907,2,16,1,1,1.3447880833652648
980907,2,16,2,0,1.1904766019981425
980907,2,16,3,2,1.2300880195507975
980907,2,16,4,2,1.2880162843629255
980907,2,16,5,0,1.2018971145308084
980907,2,16,6,0,1.0417202891067852
980907,2,17,1,1,1.170576570893622
980907,2,17,2,6,1.4203475321411547
980907,2,17,3,0,1.3274859178542466
980907,2,17,4,0,1.3000631879455251
980907,2,17,5,4,1.4019572040758124
980907,2,17,6,0,1.3922313587135593
980907,2,18,1,4,1.5579165623017137
980907,2,18,2,1,1.4986954709199738
980907,2,18,3,0,1.473528003776438
980907,2,18,4,0,1.4415557414183522
980907,2,18,5,2,1.5004776403180629
980907,2,18,6,2,1.4361036020913989
980907,2,19,1,4,1.7351848092826354
980907,2,19,2,0,1.5693370079505131
980907,2,19,3,0,1.616453131206112
980907,2,19,4,2,1.9028084178715168
980907,2,19,5,1,1.8930221035185322
980907,2,19,6,1,1.7821139164844821
980907,2,19,7,0,1.5318982489363993
980927,1,15,1,0,4.3402171712696855
980927,1,15,2,1,3.032967172278069
980927,1,15,3,0,2.088270541193096
980927,1,15,4,1,1.7720445878487263
980927,1,15,5,1,1.6441032820371335
980927,1,15,6,2,1.7864397866282715
980927,1,15,7,1,1.611274668103666
980927,1,16,1,1,1.495154980661557
980927,1,16,2,0,1.4255561098366056
980927,1,16,3,4,1.6302151725242
980927,1,16,4,2,1.6440780503105175
980927,1,16,5,2,1.5284926918128163
980927,1,16,6,2,1.7130416742469519
980927,1,17,1,0,1.732774607698629
980927,1,17,2,1,1.6386243721864242
980927,1,17,3,4,1.8737188428837137
980927,1,17,4,1,1.7028251840090782
980927,1,17,5,1,1.6976493067529128
980927,1,17,6,2,1.6986562565295915
980927,1,18,1,4,1.910427997210193
980927,1,18,2,0,1.7033101265943207
980927,1,18,3,6,2.1864158171634873
980927,1,18,4,1,2.106874569865193
980927,1,18,5,6,2.5024100901683326
980927,1,18,6,0,2.4620627631574132
980927,1,19,1,1,1.909987065845138
980927,1,19,2,1,2.0145455312509015
980927,1,19,3,6,2.4267948437134335
980927,1,19,4,0,2.335005522312718
980927,1,19,5,0,2.137549690492732
980927,1,19,6,1,1.7156909589326435
980927,2,15,1,0,0.020069684090631257
980927,2,15,2,6,3.032967172278069
980927,2,15,3,6,3.8164245278542466
980927,2,15,4,0,1.2346502307432596
980927,2,15,5,0,1.8636438797127934
980927,2,15,6,1,1.8176711657417162
980927,2,15,7,1,1.6419967056359843
980927,2,16,1,0,1.71064168547885
980927,2,16,2,1,1.865437243730673
980927,2,16,3,0,1.5456070985684063
980927,2,16,4,6,1.494172076459574
980927,2,16,5,6,1.8824893472411355
980927,2,16,6,0,2.12982216564616
980927,2,17,1,0,1.8737381911327118
980927,2,17,2,6,2.4904642072397194
980927,2,17,3,0,2.412058435836347
980927,2,17,4,0,2.014433087635585
980927,2,17,5,4,2.226786047449066
980927,2,17,6,4,2.0343484095577313
980935,1,15,1,0,0.020069684090631257
980935,1,15,2,0,0.020069684090631257
980935,1,15,3,0,0.03513048822779634
980935,1,15,4,1,0.22507564095105426
980935,1,15,5,1,0.37217065255884185
980935,1,15,6,0,0.35151518296712064
980935,1,16,1,1,0.4549866527933408
980935,1,16,2,0,0.38534430774626105
980935,1,16,3,0,0.4434532435039195
980935,1,16,4,6,0.9731375409482413
980935,1,16,5,1,0.9551761091596828
980935,1,16,6,1,0.988308637141346
980935,1,17,1,1,0.9847694209755347
980935,1,17,2,1,1.0190980819756161
980935,1,17,3,2,1.1212630673201993
980935,1,17,4,1,1.1173158531877303
980935,1,17,5,1,1.1172017628233428
980935,1,17,6,1,1.098132033530998
980935,1,18,1,1,1.143128712668925
980935,1,18,2,6,1.5475913590809869
980935,1,18,3,2,1.476837393639972
980935,1,18,4,1,1.4301792912389302
980935,1,18,5,1,1.4980532001639995
980935,1,18,6,4,1.4416581921356573
980935,1,19,1,2,1.6142508875993318
980935,1,19,2,0,1.4595421541127327
980935,1,19,3,0,1.496762941506816
980935,1,19,4,1,1.6105308529943179
980935,1,19,5,2,1.5590928744599963
980935,1,19,6,1,1.569744447803841
980935,2,15,1,0,0.020069684090631257
980935,2,15,2,1,0.4646912883608833
980935,2,15,3,0,0.3217605309580484
980935,2,15,4,2,0.6913956144576845
980935,2,15,5,6,1.8394737535025207
980935,2,15,6,1,1.7864397866282715
980935,2,16,1,1,1.592987161816129
980935,2,16,2,0,1.4926274112222264
980935,2,16,3,0,1.463955047696439
980935,2,16,4,2,1.6061786448204436
980935,2,16,5,1,1.4824179276994356
980935,2,16,6,4,1.673389726561807
980935,2,16,7,0,1.530878172893624
980935,2,16,8,0,1.1917124996961093
980935,2,17,1,1,1.2964120914999417
980935,2,17,2,0,1.1767899754499695
980935,2,17,3,1,1.0334802472247118
980935,2,17,4,1,1.1153999525342424
980935,2,17,5,4,1.270499588582231
980967,1,15,1,0,0.020069684090631257
980967,1,15,2,1,0.4646912883608833
980967,1,15,3,1,0.6125227945681023
980967,1,15,4,1,0.6913956144576845
980967,1,15,5,1,0.7819856434123725
980967,1,15,6,4,1.3979336866422838
980967,1,16,1,0,1.195616695369306
980967,1,16,2,2,1.3892465752493044
980967,1,16,3,2,1.3614871327798805
980967,1,16,4,0,1.2495839493594867
980967,1,16,5,1,1.1910766607112058
980967,1,16,6,1,1.2172469959523122
980967,1,17,1,1,1.21946291362546
980967,1,17,2,0,1.1829549429401596
980967,1,17,3,0,1.0110562067925724
980967,1,17,4,1,1.0059013849569844
980967,1,17,5,4,1.203536402221635
980967,1,17,6,1,1.1789006035614402
980967,1,18,1,0,1.1501249059825243
980967,1,18,2,0,1.131196362574331
980967,1,18,3,1,1.0967000330808978
980967,1,18,4,0,0.9596249675690125
980967,1,18,5,6,1.416035853177266
980967,1,18,6,1,1.3096006455803924
980967,1,19,1,2,1.465287531136082
980967,1,19,2,1,1.525968293060534
980967,1,19,3,4,1.496762941506816
980967,1,19,4,1,1.6105308529943179
980967,1,19,5,2,1.5590928744599963
980967,1,19,6,2,1.6082300610195008
980967,2,15,1,0,0.020069684090631257
980967,2,15,2,1,0.4646912883608833
980967,2,15,3,1,0.6125227945681023
980967,2,15,4,4,1.5288642536666437
980967,2,15,5,1,1.388045090252713
980967,2,15,6,0,1.194078429226704
980967,2,16,1,0,1.195616695369306
980967,2,16,2,1,1.226664281089852
980967,2,16,3,0,1.1526137127249205
980967,2,16,4,4,1.46184771437223
980967,2,16,5,1,1.460987790676242
980967,2,16,6,0,1.4281053634530976
980967,2,17,1,2,1.451876154708884
980967,2,17,2,0,1.204653200105596
980967,2,17,3,1,1.1746474345338496
980967,2,17,4,2,1.3000631879455251
980967,2,17,5,1,1.2795751190705833
980967,2,17,6,1,1.232673835392263
980967,2,18,1,2,1.3966259651715958
980967,2,18,2,0,1.2920181016879344
980967,2,18,3,4,1.457191607084726
980967,2,18,4,0,1.4398432875277705
980967,2,18,5,1,1.4826598554331725
980967,2,18,6,4,1.4361036020913989
980967,2,18,7,4,1.7259982860767984
980987,1,15,1,0,0.020069684090631257
980987,1,15,2,6,3.032967172278069
980987,1,15,3,6,3.8164245278542466
980987,1,15,4,4,3.575648687421251
980987,1,15,5,6,3.5126339794217203
980987,1,15,6,1,4.1691029251435525
980987,1,16,1,0,2.8421869159399145
980987,1,16,2,0,2.6707778947058087
980987,1,16,3,0,2.923643518114977
980987,1,16,4,1,2.621906605243166
980987,1,16,5,6,3.039968564648334
980987,1,16,6,6,3.0424981783852902
980987,1,17,1,4,3.509181914845701
980987,1,17,2,6,4.432215218261167
980987,1,17,3,2,4.4947718856097385
980987,1,17,4,1,3.5222040189401294
980987,1,17,5,4,4.573349227952291
980987,1,17,6,6,3.0298932503319413
980987,1,17,7,6,3.8957814050540276
980987,1,18,1,6,4.0579207506541435
980987,1,18,2,4,4.220079187596901
980987,1,18,3,6,4.519131167255581
980987,1,18,4,6,4.40808221455926
980987,1,18,5,6,5.004874386917707
980987,1,18,6,2,4.937026867055901
980987,1,19,1,1,4.7634863437700705
980987,1,19,2,2,4.367990304146472
980987,1,19,3,6,4.404509210404585
980987,1,19,4,6,4.370685903887201
980987,1,19,5,0,3.7766621378101632
980987,1,19,6,0,3.6173589075260546
980987,2,15,1,0,0.020069684090631257
980987,2,15,2,0,0.020069684090631257
980987,2,15,3,0,0.03513048822779634
980987,2,15,4,1,0.22507564095105426
980987,2,15,5,0,0.15398375797794425
980987,2,15,6,0,0.17233376870685568
980987,2,16,1,1,0.3031357305710309
980987,2,16,2,1,0.38534430774626105
980987,2,16,3,1,0.4434532435039195
980987,2,16,4,0,0.39406625987865285
980987,2,16,5,0,0.37638668036335166
980987,2,16,6,0,0.34600125590114983
980987,2,17,1,0,0.41959736777036516
980987,2,17,2,0,0.41959736777036516
980987,2,17,3,1,0.40642188383493827
980987,2,17,4,0,0.40642188383493827
980987,2,17,5,0,0.4115666278707786
980987,2,17,6,0,0.372561147550146
980987,2,17,7,0,0.3269770630272245
980987,2,18,1,0,0.3614841433847925
980987,2,18,2,4,0.6345181422644401
980987,2,18,3,0,0.5171757878210208
980987,2,18,4,0,0.4598422924775051
981001,1,15,1,4,3.9442372820008655
981001,1,15,2,1,2.485842962026731
981001,1,15,3,0,1.6807515274329252
981001,1,15,4,4,2.2902502299285716
981001,1,15,5,0,1.8394737535025207
981001,1,15,6,1,1.7864397866282715
981001,1,16,1,1,1.592987161816129
981001,1,16,2,1,1.4926274112222264
981001,1,16,3,1,1.463955047696439
981001,1,16,4,6,2.179853686410665
981001,1,16,5,0,1.623854900875307
981001,1,16,6,1,1.5943415201860505
981001,1,17,1,0,1.4831109763918997
981001,1,17,2,0,1.4218109004981512
981001,1,17,3,4,1.569085180092697
981001,1,17,4,1,1.6866116231121955
981001,1,17,5,1,1.6819642327165718
981001,1,17,6,6,1.8957756188540253
981001,1,17,7,0,1.7740014287589714
981001,1,18,1,4,2.200376889439966
981001,1,18,2,0,1.4103675679987298
981001,1,18,3,0,1.6320003667362555
981001,1,18,4,0,1.596765746025187
981001,1,18,5,0,1.5520587383152091
981001,1,18,6,0,1.6150598580649305
981001,1,19,1,1,1.514172552244759
981001,1,19,2,1,1.5802503837718676
981001,1,19,3,0,1.3737385797294956
981001,1,19,4,0,1.302927557570743
981001,1,19,5,1,1.3071238726525074
981001,1,19,6,1,1.3032580511970069
981013,1,15,1,0,0.020069684090631257
981013,1,15,2,0,0.020069684090631257
981013,1,15,3,0,0.3217605309580484
981013,1,15,4,1,0.49330975330050547
981013,1,15,5,1,0.605672913383301
981013,1,15,6,0,0.44596048668328786
981013,1,15,7,1,0.5442918138890908
981013,1,16,1,1,0.6112103867814346
981013,1,16,2,6,1.273729490630791
981013,1,16,3,0,0.8115557859209375
981013,1,16,4,1,0.7844790263849243
981013,1,16,5,4,1.1021965448713045
981013,1,16,6,1,1.0712142786083725
981013,1,17,1,0,1.125589307428585
981013,1,17,2,1,1.0589835344669332
981013,1,17,3,0,1.0323802926585335
981013,1,17,4,4,1.1629940621189485
981013,1,17,5,1,1.1740894232832289
981013,1,17,6,0,1.2725439616562728
981013,1,17,7,1,1.1674993713157311
981013,1,18,1,6,1.9201426938021848
981013,1,18,2,6,1.7140566919520337
981013,1,18,3,0,1.564969118518172
981013,1,18,4,0,1.04010878302573
981013,1,18,5,0,1.2019745617050963
981013,1,18,6,4,1.461776087886647
981013,1,18,7,4,1.3541029232579183
981013,1,19,1,1,1.2702900219603295
981013,1,19,2,1,1.0576161555663546
981013,1,19,3,0,0.6893751612633252
981013,1,19,4,0,0.2780550783420505
981013,1,19,5,1,0.8224013413389227
981013,1,19,6,1,0.7556231925750484
981013,2,15,1,6,5.955570283907285
981013,2,15,2,1,3.9147273405563037
981013,2,15,3,1,3.124222103691358
981013,2,15,4,1,2.2902502299285716
981013,2,15,5,6,2.8619206640293173
981013,2,15,6,1,2.8894240176158537
981013,2,16,1,0,2.528511897867596
981013,2,16,2,0,2.1235555427654225
981013,2,16,3,6,2.8172359322004783
981013,2,16,4,0,2.2858121173120347
981013,2,16,5,4,2.476744939692199
981013,2,16,6,1,2.0931072195747036
981013,2,17,1,0,2.6812731993459735
981013,2,17,2,0,2.7850709667037696
981013,2,17,3,0,2.8263852040947457
981013,2,17,4,1,2.4731394524737875
981013,2,17,5,4,2.546819797852345
981013,2,17,6,4,2.4098674176089756
981013,2,17,7,4,2.6055569779874648
981013,2,18,1,1,2.2873423042941914
981013,2,18,2,2,2.333784958711615
981015,1,15,1,6,5.955570283907285
981015,1,15,2,1,3.9147273405563037
981015,1,15,3,4,4.45589610986572
981015,1,15,4,0,2.8611360293591797
981015,1,15,5,0,1.7612910378077271
981015,1,15,6,4,1.6258423971340017
981015,1,16,1,0,1.9680782321410026
981015,1,16,2,0,1.2862691231146457
981015,1,16,3,0,1.4881935358705463
981015,1,16,4,1,1.373927333422164
981015,1,16,5,4,1.3622443189911468
981015,1,16,6,4,1.6806688146841906
981015,1,17,1,0,1.8600067880361564
981015,1,17,2,2,1.729377946115162
981015,1,17,3,2,1.5712979371226277
981015,1,17,4,0,1.4065350154962921
981015,1,17,5,1,1.3729405972326385
981015,1,17,6,4,1.6696949042155593
981015,1,17,7,0,1.5247009888531602
981015,1,18,1,1,2.034135713972839
981015,1,18,2,0,1.470313558093573
981015,1,18,3,0,1.5243165634276081
981015,1,18,4,0,1.3478078852886535
981015,1,18,5,1,1.2935025050678703
981015,1,18,6,0,1.4259539041834302
981015,1,18,7,0,1.3757335709259289
981015,1,18,8,1,1.1208422953954291
981015,1,19,1,6,1.1891694825581314
981015,1,19,2,0,0.978982812628462
981015,1,19,3,6,1.8858761865465612
981015,1,19,4,1,1.3120626087395744
981015,1,19,5,0,0.7692633076716399
981015,1,19,6,0,0.8134790581257866
981015,2,15,1,2,2.003087388375163
981015,2,15,2,1,1.4648385385218987
981015,2,15,3,1,1.3587472201842303
981015,2,15,4,1,1.3369564695531806
981015,2,15,5,0,0.865204277878384
981015,2,15,6,1,0.8809089419877215
981015,2,16,1,1,0.9264102299640717
981015,2,16,2,1,0.9237103319844553
981015,2,16,3,0,0.8050749037219883
981015,2,16,4,1,0.8782992490572701
981015,2,16,5,0,0.8743483058258662
981015,2,16,6,4,1.1774690987781962
981015,2,17,1,1,1.1848435295637214
981015,2,17,2,0,0.9730280174090519
981015,2,17,3,0,0.8463026994651177
981015,2,17,4,2,0.8823796262257653
981015,2,17,5,1,0.878428853891542
981015,2,17,6,2,0.9185336775064545
981015,2,18,1,1,1.220820501837169
981015,2,18,2,0,1.2364768564953605
981015,2,18,3,0,0.9127698975816086
981015,2,18,4,4,1.131867302530929
981015,2,18,5,0,1.2096146010338353
981015,2,18,6,2,1.165370104929954
981015,2,19,1,0,1.2705455665734398
981015,2,19,2,0,1.2946901813450582
981015,2,19,3,0,1.1211023788805954
981015,2,19,4,1,1.0754719665160994
981015,2,19,5,0,0.8868896746373248
981015,2,19,6,0,0.8546561559418913
981017,1,15,1,1,0.9023788948242248
981017,1,15,2,1,0.9080403974227
981017,1,15,3,1,0.9209354627127218
981017,1,15,4,0,0.6913956144576845
981017,1,15,5,4,1.388045090252713
981017,1,15,6,4,1.8959607150794853
981017,1,16,1,1,1.680474319418438
981017,1,16,2,1,1.6429931146659222
981017,1,16,3,1,1.6055138308252017
981017,1,16,4,1,1.6061786448204436
981017,1,16,5,4,1.6988517617996262
981017,1,16,6,1,1.673389726561807
981017,1,17,1,1,1.6366300757415382
981017,1,17,2,4,1.920282168971705
981017,1,17,3,0,1.569085180092697
981017,1,17,4,4,1.7893250265860074
981017,1,17,5,0,1.5624839290389685
981017,1,17,6,1,1.6169810709487011
981017,1,18,1,4,1.875041695451139
981017,1,18,2,4,1.784123011406944
981017,1,18,3,1,2.1542519027471463
981017,1,18,4,0,1.9643603023955383
981017,1,18,5,1,2.077366078279143
981017,1,18,6,4,2.0264157821349964
981017,1,18,7,0,1.9112256628947473
981017,1,19,1,1,1.9371606481573518
981017,1,19,2,0,1.9268659318199677
981017,1,19,3,2,1.9866292799229996
981017,1,19,4,0,1.702187225557872
981017,1,19,5,3,1.7349494708050845
981017,1,19,6,1,1.752327864060713
981017,1,19,7,0,2.0961446430608106
981017,2,15,1,0,0.020069684090631257
981017,2,15,2,0,0.020069684090631257
981017,2,15,3,1,0.3217605309580484
981017,2,15,4,0,0.22507564095105426
981017,2,15,5,0,0.10311696968285476
981017,2,15,6,1,0.29047957279007663
981017,2,16,1,0,0.2811776197345697
981017,2,16,2,2,0.4875092807941076
981017,2,16,3,6,1.1365546041860166
981017,2,16,4,2,1.1770179680949384
981017,2,16,5,1,1.2018971145308084
981017,2,16,6,0,1.0417202891067852
981017,2,17,1,0,0.9628002159042195
981017,2,17,2,1,0.9971288769043003
981017,2,17,3,0,0.9133470056452432
981017,2,17,4,1,0.9124264258341712
981017,2,17,5,6,1.2795751190705833
981017,2,17,6,2,1.3136880224655354
981017,2,18,1,4,1.5385144077782895
981017,2,18,2,2,1.5046845095244592
981017,2,18,3,2,1.561615635525809
981017,2,18,4,4,1.619397154396009
981017,2,18,5,1,1.6961658224621148
981017,2,18,6,6,2.0708601919232916
981017,2,19,1,4,2.1393780202274724
981017,2,19,2,1,1.849438238861236
981019,1,15,1,4,3.9442372820008655
981019,1,15,2,1,2.485842962026731
981019,1,15,3,0,1.6807515274329252
981019,1,15,4,1,1.5288642536666437
981019,1,15,5,1,1.388045090252713
981019,1,15,6,0,1.0713238936777612
981019,1,16,1,0,1.1531211715718488
981019,1,16,2,0,0.7621595066904993
981019,1,16,3,4,1.0212658439427502
981019,1,16,4,1,1.102318026405372
981019,1,16,5,0,1.1611207349992367
981019,1,16,6,0,0.9608726313969608
981019,1,16,7,2,0.9254355377841226
981019,1,17,1,0,1.125589307428585
981019,1,17,2,0,1.0589835344669332
981019,1,17,3,0,0.9156972268774551
981019,1,17,4,0,0.8430342345311663
981019,1,17,5,6,1.1274829643579223
981019,1,17,6,0,1.0796869277335324
981019,1,17,7,4,1.0982402059886807
981019,1,17,8,0,0.9183538855692405
981019,1,18,1,1,1.319658360155085
981019,1,18,2,1,1.333083227618901
981019,1,18,3,4,1.3153376932700176
981019,1,18,4,0,1.3357791505043333
981019,1,18,5,0,1.2750005469108194
981019,1,18,6,4,1.2614582801120604
981019,1,18,7,1,1.3538583352629041
981019,1,19,1,4,1.5086909056975277
981019,1,19,2,6,1.4185612436927328
981019,1,19,3,6,1.6658737203508458
981019,1,19,4,1,2.0770069605180383
981019,1,19,5,1,1.6768008786074395
981019,1,19,6,6,1.4980296339785242
981019,2,15,1,1,0.9023788948242248
981019,2,15,2,1,0.9080403974227
981019,2,15,3,0,0.5465661387924178
981019,2,15,4,0,0.43383524897764203
981019,2,15,5,1,0.5427547087434988
981019,2,15,6,1,0.5711312408477197
981019,2,16,1,0,0.5449205661367216
981019,2,16,2,2,0.6932967798456867
981019,2,16,3,0,0.5152718304410185
981019,2,16,4,1,0.5985335087924811
981019,2,16,5,6,1.0445904226894558
981019,2,16,6,1,0.9608726313969608
981019,2,17,1,0,1.0346171831054178
981019,2,17,2,1,0.9730280174090519
981019,2,17,3,1,0.8935665486039138
981019,2,17,4,0,0.8287877955099905
981019,2,17,5,0,0.8182199649694388
981019,2,17,6,4,0.9607027770233738
981019,2,18,1,1,1.0902946474115633
981019,2,18,2,2,1.2447477988769051
981019,2,18,3,0,1.151968790203649
981019,2,18,4,0,1.1451392571814938
981019,2,18,5,2,1.2238153998303403
981019,2,18,6,6,1.288321033904803
981019,2,19,1,1,1.8199149539183817
981019,2,19,2,2,1.3837578391360101
981019,2,19,3,0,1.2790514629836587
981019,2,19,4,0,1.2582706781420794
981019,2,19,5,1,1.3106307542512512
981019,2,19,6,4,1.3323898080160306
1082596,1,15,1,1,0.9023788948242248
1082596,1,15,2,1,0.9080403974227
1082596,1,15,3,4,2.088270541193096
1082596,1,15,4,1,1.7720445878487263
1082596,1,15,5,0,1.388045090252713
1082596,1,15,6,1,1.3979336866422838
1082596,1,16,1,1,1.3920899057793246
1082596,1,16,2,1,1.3892465752493044
1082596,1,16,3,1,1.2863653546086058
1082596,1,16,4,0,1.0522638143290113
1082596,1,16,5,0,0.9290118711593476
1082596,1,16,6,0,0.8931770170436986
1082596,1,17,1,1,0.8734535295844165
1082596,1,17,2,0,0.7980001824621156
1082596,1,17,3,1,0.7936499090821705
1082596,1,17,4,0,0.7032203850629004
1082596,1,17,5,1,0.7604990519812321
1082596,1,17,6,1,0.7321817763873967
1082596,1,18,1,1,0.8198046290507371
1082596,1,18,2,1,0.8463627015252004
1082596,1,18,3,1,0.800614385649693
1082596,1,18,4,6,1.0389636125931694
1082596,1,18,5,2,1.1211525386562382
1082596,1,18,6,2,1.105002695197427
1082596,1,19,1,1,1.2830948409433605
1082596,1,19,2,0,1.2640819889971586
1082596,1,19,3,1,1.2316804150180847
1082596,1,19,4,1,1.2095812043243592
1082596,1,19,5,1,1.095001260616238
1082596,1,19,6,0,0.9529851703841503
1082596,2,15,1,2,2.003087388375163
1082596,2,15,2,1,1.4648385385218987
1082596,2,15,3,6,3.034731403705452
1082602,1,15,1,0,0.020069684090631257
1082602,1,15,2,0,0.020069684090631257
1082602,1,15,3,0,0.015284436260272864
1082602,1,15,4,1,0.174208852655965
1082602,1,15,5,0,0.3159503139027935
1082602,1,15,6,1,0.44596048668328786
1082602,1,15,7,1,0.5442918138890908
1082602,1,16,1,1,0.6112103867814346
1082602,1,16,2,0,0.4667040533397061
1082602,1,16,3,2,0.5854248118801231
1082602,1,16,4,1,0.6169412537844223
1082602,1,16,5,1,0.6332100664373779
1082602,1,16,6,0,0.5689560658479357
1082602,1,17,1,1,0.7451840649520581
1082602,1,17,2,0,0.6586540029583347
1082602,1,17,3,2,0.7936499090821705
1082602,1,17,4,1,0.7986300288541839
1082602,1,17,5,1,0.7959761600371392
1082602,1,17,6,1,0.760275277407734
1082602,1,17,7,0,0.7324122667922551
1082602,1,18,1,0,0.8925451390878147
1082602,1,18,2,1,0.8179194519258768
1082602,1,18,3,0,0.6839735784471017
1082602,1,18,4,2,0.7426835259659594
1082602,1,18,5,2,0.7929369205781449
1082602,1,18,6,0,0.775783950684327
1082602,1,19,1,3,0.9174206206258797
1082602,1,19,2,2,0.9616024872754636
1082602,1,19,3,2,1.0643612190187766
1082602,1,19,4,1,0.8702004162339575
1082602,1,19,5,0,0.8911938685052267
1082602,1,19,6,2,0.7293296354378712
1082602,2,15,1,1,0.9023788948242248
1082602,2,15,2,0,0.9080403974227
1082602,2,15,3,2,1.3587472201842303
1082602,2,15,4,1,1.3369564695531806
1082602,2,15,5,0,1.2050640477179053
1082602,2,15,6,0,1.194078429226704
1082602,2,15,7,6,1.9843013893913217
1082602,2,15,8,6,3.5670440074454044
1082602,2,16,1,1,2.042344118359931
1082602,2,16,2,2,2.090539390786824
1082602,2,16,3,1,2.171857883442951
1082602,2,16,4,4,2.3068630439210835
1082602,2,16,5,2,2.3194968127586066
1082602,2,16,6,0,2.3493857500653044
1082602,2,17,1,0,2.1347547968108382
1082602,2,17,2,6,2.623448303448115
1082602,2,17,3,0,2.014433087635585
1082602,2,17,4,0,2.120643836852331
1082602,2,17,5,3,2.15651237704856
1082602,2,17,6,1,2.0631571867596326
1082602,2,18,1,4,2.8270903368711284
1082602,2,18,2,1,2.518882956606163
1082602,2,18,3,0,2.2875327617282712
1082602,2,18,4,0,2.328259221877722
1082602,2,18,5,0,1.975791855884509
1082602,2,18,6,6,2.053967127167853
1082611,1,15,1,2,2.003087388375163
1082611,1,15,2,4,3.032967172278069
1082611,1,15,3,1,2.2215805140366163
1082611,1,15,4,1,2.04315242334354
1082611,1,15,5,4,2.431216830027345
1082611,1,15,6,1,2.1435090230452665
1082611,1,16,1,0,1.6233182003811708
1082611,1,16,2,4,1.711095312214467
1082611,1,16,3,0,1.2917620169686244
1082611,1,16,4,1,1.6365185194317402
1082611,1,16,5,1,1.623854900875307
1082611,1,16,6,4,1.8233785568669165
1082611,1,17,1,1,1.926034433385357
1082611,1,17,2,2,1.9806983031309502
1082611,1,17,3,1,1.9289533157617307
1082611,1,17,4,1,1.99265005566298
1082611,1,17,5,6,2.010729002314552
1082611,1,17,6,1,2.0045738173374703
1082611,1,18,1,0,2.033575499621049
1082611,1,18,2,0,1.2943847476788255
1082611,1,18,3,1,1.2494761382422295
1082611,1,18,4,1,1.370703771381891
1082611,1,18,5,1,1.3617152252332156
1082611,1,18,6,1,1.2581248880601947
1082611,1,19,1,1,1.4148103082186005
1082611,1,19,2,6,1.5164386459736325
1082611,1,19,3,1,1.5847677773449766
1082611,1,19,4,4,1.8974777979624569
1082611,1,19,5,4,2.0563830120567577
1082611,1,19,6,1,1.8745983025351634
1082611,2,15,1,0,0.020069684090631257
1082611,2,15,2,1,0.4646912883608833
1082611,2,15,3,4,1.6807515274329252
1082611,2,15,4,2,1.7720445878487263
1082611,2,15,5,0,1.388045090252713
1082611,2,15,6,1,1.3979336866422838
1082611,2,16,1,1,1.3920899057793246
1082611,2,16,2,1,1.3892465752493044
1082611,2,16,3,1,1.2863653546086058
1082611,2,16,4,1,1.2495839493594867
1082611,2,16,5,0,1.1910766607112058
1082611,2,16,6,1,1.2172469959523122
1082611,2,16,7,4,1.3105661599342946
1082611,2,17,1,4,1.732774607698629
1082611,2,17,2,1,1.6386243721864242
1082611,2,17,3,1,1.6882982655153727
1082611,2,17,4,2,1.6690613645539902
1082611,2,17,5,1,1.6449783000896996
1082611,2,17,6,4,1.6986562565295915
1082611,2,18,1,2,1.7106932358152043
1082611,2,18,2,1,1.6930109405771285
1082611,2,18,3,0,1.6720189056540427
1082611,2,18,4,1,1.7169647508578185
1082611,2,18,5,4,1.5007096383309195
1082611,2,18,6,1,1.5394517083123753
1082611,2,19,1,1,1.3980217371278658
1082611,2,19,2,6,1.935153304655248
1082611,2,19,3,0,2.0288192407379215
1082611,2,19,4,0,2.079871440129266
1082611,2,19,5,0,1.9174718338184842
1082611,2,19,6,1,1.9420366436291283
1082617,1,15,1,1,0.9023788948242248
1082617,1,15,2,4,2.485842962026731
1082617,1,15,3,1,2.088270541193096
1082617,1,15,4,1,1.7720445878487263
1082617,1,15,5,0,1.388045090252713
1082617,1,15,6,2,1.5457940014337308
1082617,1,16,1,4,2.0879144162070618
1082617,1,16,2,0,1.6429931146659222
1082617,1,16,3,0,1.3728251351005343
1082617,1,16,4,0,1.2880162843629255
1082617,1,16,5,1,1.3606790924413479
1082617,1,16,6,1,1.3703253247836162
1082617,1,17,1,1,1.403248742195645
1082617,1,17,2,1,1.204653200105596
1082617,1,17,3,0,1.1746474345338496
1082617,1,17,4,0,1.020106390665163
1082617,1,17,5,0,0.8365608499559948
1082617,1,17,6,0,0.7560994986356975
1082617,1,17,7,1,0.730486117825458
1082617,1,18,1,2,1.25528437276802
1082617,1,18,2,1,0.9722638636028088
1082617,1,18,3,0,0.8486419641535174
1082617,1,18,4,2,0.9181194676856362
1082617,1,18,5,0,0.8696463087367247
1082617,1,18,6,0,0.864792929240151
1082617,1,19,1,0,0.9859448930812389
1082617,1,19,2,0,0.8488495057097172
1082617,1,19,3,0,0.7509644365327331
1082626,1,15,1,0,0.9023788948242248
1082626,1,15,2,1,0.9080403974227
1082626,1,15,3,0,0.6125227945681023
1082626,1,15,4,0,0.43383524897764203
1082626,1,15,5,1,0.5427547087434988
1082626,1,15,6,1,0.5711312408477197
1082626,1,15,7,0,0.6958544433898441
1082626,1,15,8,0,0.6917331524224544
1082626,1,16,1,1,0.5956415005521268
1082626,1,16,2,0,0.6130375722309187
1082626,1,16,3,0,0.5620607289618186
1082626,1,16,4,1,0.5894409736647294
1082626,1,16,5,0,0.691963293927639
1082626,1,16,6,0,0.41446309046181
1082626,1,17,1,0,0.456343529603369
1082634,1,15,1,0,0.020069684090631257
1082634,1,15,2,0,0.020069684090631257
1082634,1,15,3,1,0.3217605309580484
1082634,1,15,4,0,0.174208852655965
1082634,1,15,5,4,0.865204277878384
1082634,1,15,6,0,0.6730199057409124
1082634,1,16,1,1,0.8053309266565347
1082634,1,16,2,2,0.7621595066904993
1082634,1,16,3,2,0.9689626480861596
1082634,1,16,4,0,0.8003171104294423
1082634,1,16,5,0,0.8118695682795413
1082634,1,16,6,1,0.8455533911185913
1082634,1,16,7,4,0.9254355377841226
1082634,1,17,1,1,1.125589307428585
1082634,1,17,2,2,1.1376579345258642
1082634,1,17,3,1,1.0911992978201521
1082634,1,17,4,0,0.986844581802552
1082634,1,17,5,2,0.9591434446104781
1082634,1,17,6,0,1.0101753013489558
1082634,1,18,1,0,1.2753659903324681
1082634,1,18,2,4,1.3836390160909542
1082634,1,18,3,0,1.2788428323808887
1082634,1,18,4,6,1.6144286726356416
1082634,1,18,5,6,1.5986580354491515
1082634,1,18,6,1,1.763896253285097
1082634,1,18,7,1,1.5079153100515148
1082634,1,19,1,1,1.1066670462357404
1082634,1,19,2,4,1.3250110223544402
1082634,1,19,3,0,1.520889929035082
1082634,1,19,4,0,1.5167237362336938
1082634,1,19,5,0,1.5222561424704624
1082634,1,19,6,0,1.9329915042855912
1082634,2,15,1,2,2.003087388375163
1082634,2,15,2,4,3.032967172278069
1082634,2,15,3,1,2.2215805140366163
1082634,2,15,4,0,1.7720445878487263
1082634,2,15,5,0,1.388045090252713
1082634,2,15,6,0,1.194078429226704
1082634,2,16,1,0,0.9596481545469372
1082634,2,16,2,6,1.6429931146659222
1082634,2,16,3,1,1.6055138308252017
1082634,2,16,4,1,1.6061786448204436
1082634,2,16,5,0,1.460987790676242
1082634,2,16,6,1,1.41465737774586
1082634,2,17,1,0,1.403248742195645
1082634,2,17,2,6,1.4900987551340152
1082634,2,17,3,1,1.5637964662370738
1082634,2,17,4,2,1.5700687730087353
1082634,2,17,5,1,1.584596564315665
1082634,2,17,6,0,1.231805570905638
1082634,2,18,1,0,1.4276177778636399
1082634,2,18,2,1,1.4166284501338173
1082634,2,18,3,2,1.316511041740934
1082634,2,18,4,2,1.3313642020164658
1082634,2,18,5,0,1.435029817777925
1082634,2,18,6,1,1.399527597825239
1082634,2,18,7,2,1.3433307388459952
1082634,2,19,1,0,1.596217143500217
1082634,2,19,2,0,1.3692643441285235
1082634,2,19,3,0,1.2964865895724829
1082634,2,19,4,0,1.6713892991160098
1082634,2,19,5,0,1.1525910456540187
1082634,2,19,6,0,1.140813302431821
1082636,1,15,1,0,-0.0016225146457691717
1082636,1,15,2,1,0.4090551015098703
1082636,1,15,3,1,0.5465661387924178
1082636,1,15,4,1,0.6254085348310924
1082636,1,15,5,0,0.5427547087434988
1082636,1,15,6,0,0.44596048668328786
1082636,1,16,1,1,0.5449205661367216
1082636,1,16,2,0,0.4875092807941076
1082636,1,16,3,1,0.5439302801799031
1082636,1,16,4,0,0.5136254644043825
1082636,1,16,5,1,0.5611401491507466
1082636,1,16,6,4,0.8853845568219254
1082636,1,17,1,0,0.7387950380875906
1082636,1,17,2,1,0.7927816371482705
1082636,1,17,3,1,0.784739761965226
1082636,1,17,4,1,0.871139569296917
1082636,1,17,5,1,0.9128197705206162
1082636,1,17,6,6,1.0991745959946047
1082636,1,18,1,0,1.1062283482210462
1082636,1,18,2,1,1.2364768564953605
1082636,1,18,3,1,0.9924586710711495
1082636,1,18,4,0,1.1065538824245467
1082636,1,18,5,2,1.0832121899804699
1082636,1,18,6,6,1.229753985396616
1082636,1,18,7,1,1.2189674756133855
1082636,1,19,1,1,1.4825712014974461
1082636,1,19,2,4,1.4019630850617335
1082636,1,19,3,0,1.3304365492877492
1082636,1,19,4,6,1.6832516938556707
1082636,1,19,5,6,1.6056792822019237
1082636,1,19,6,4,1.5283824047283023
1082636,2,15,1,2,2.003087388375163
1082638,1,15,1,2,2.003087388375163
1082638,1,15,2,1,1.4648385385218987
1082638,1,15,3,0,1.3587472201842303
1082638,1,15,4,1,1.3369564695531806
1082638,1,15,5,1,1.2050640477179053
1082638,1,15,6,0,1.194078429226704
1082638,1,15,7,4,1.611274668103666
1082638,1,16,1,1,1.495154980661557
1082638,1,16,2,0,1.4255561098366056
1082638,1,16,3,0,1.2535829166053016
1082638,1,16,4,1,1.2111290326816226
1082638,1,16,5,0,1.04154762859089
1082638,1,16,6,0,0.9193281296638935
1082638,1,17,1,2,1.1829549429401596
1082638,1,17,2,6,1.4753747251598508
1082638,1,17,3,1,1.423468613629834
1082638,1,17,4,1,1.455416597588141
1082638,1,17,5,1,1.473471031254923
1082638,1,17,6,0,1.4733427296712884
1082638,1,17,7,1,1.1521465021725077
1082638,1,18,1,0,1.5521812978837808
1082638,1,18,2,0,1.559192739836551
1082638,1,18,3,1,1.4074868454299603
1082638,1,18,4,1,1.3184016651540107
1082638,1,18,5,0,1.2888165606994972
1082638,1,18,6,4,1.3638407017621599
1082638,1,19,1,0,1.210888141077125
1082638,1,19,2,0,1.2163636008889103
1082638,1,19,3,0,1.0950308649598293
1082638,1,19,4,0,1.1950699791250683
1082638,1,19,5,1,1.2412126933871201
1082638,1,19,6,0,1.2359537104866922
1082638,1,19,7,2,0.9772280349720711
1082638,2,15,1,1,0.9023788948242248
1082638,2,15,2,2,1.4648385385218987
1082638,2,15,3,1,1.3587472201842303
1082638,2,15,4,2,1.5288642536666437
1082638,2,15,5,1,1.388045090252713
1082638,2,15,6,1,1.3979336866422838
1082638,2,16,1,0,1.195616695369306
1082638,2,16,2,2,1.3892465752493044
1082638,2,16,3,0,1.2863653546086058
1082638,2,16,4,1,1.2495839493594867
1082638,2,16,5,2,1.4044305409187525
1082638,2,16,6,1,1.4281053634530976
1082638,2,16,7,1,1.247812812187002
1082638,2,17,1,1,1.2693249850955346
1082638,2,17,2,2,1.4110239559892501
1082638,2,17,3,1,1.3744010577819217
1082638,2,17,4,1,1.329399950347258
1082638,2,17,5,1,1.2323939535997197
1082638,2,17,6,1,1.288237437591964
1082638,2,18,1,0,1.3751803136579246
1082638,2,18,2,4,1.6280230597511836
1082649,1,15,1,1,0.9023788948242248
1082649,1,15,2,2,1.4648385385218987
1082649,1,15,3,1,1.3587472201842303
1082649,1,15,4,0,0.9299620505963468
1082649,1,15,5,0,0.7819856434123725
1082649,1,15,6,0,0.6419335919953075
1082649,1,16,1,0,0.8813571025036662
1082649,1,16,2,0,0.6932967798456867
1082649,1,16,3,0,0.6035330505915318
1082649,1,16,4,6,1.1770179680949384
1082649,1,16,5,0,1.0217083976887744
1082649,1,16,6,0,0.8455533911185913
1082649,1,16,7,1,0.7077444689712931
1082649,1,17,1,0,0.8826463180370024
1082649,1,17,2,1,0.7737721807712287
1082649,1,17,3,4,0.9156972268774551
1082649,1,17,4,0,0.8430342345311663
1082649,1,17,5,0,0.7788745732748401
1082649,1,17,6,0,0.6945258835698093
1082649,1,18,1,0,0.8648227741905222
1082649,1,18,2,1,0.8204731489879621
1082649,1,18,3,0,0.8388340511667717
1082649,1,18,4,0,0.807908501918251
1082649,1,18,5,0,0.6897747943336607
1082650,1,15,1,0,0.020069684090631257
1082650,1,15,2,1,0.4646912883608833
1082650,1,15,3,0,0.3217605309580484
1082650,1,15,4,1,0.49330975330050547
1082650,1,15,5,2,0.7819856434123725
1082650,1,15,6,1,0.8891350898831683
1082650,1,16,1,0,0.9596481545469372
1082650,1,16,2,0,0.8778022871935303
1082650,1,16,3,1,0.8322411429664662
1082650,1,16,4,1,0.8930505437655144
1082650,1,16,5,0,0.901158253598942
1082650,1,16,6,2,0.9153027719359604
1082650,1,17,1,0,0.8890048613658793
1082650,1,17,2,6,1.266797415656204
1082650,1,17,3,1,1.2414909471469937
1082650,1,17,4,1,1.2331215364150225
1082650,1,17,5,0,1.203536402221635
1082650,1,17,6,4,1.473471031254923
1082650,1,18,1,1,1.5150180425272022
1082650,1,18,2,0,1.5378942477786954
1082650,1,18,3,1,1.5525195147738091
1082650,1,18,4,1,1.723774695208574
1082650,1,18,5,6,1.5385255808268459
1082650,1,18,6,1,1.4416581921356573
1082650,1,19,1,0,1.5508180933787004
1082650,1,19,2,0,1.580866991277926
1082650,1,19,3,4,1.5778607496727073
1082650,1,19,4,0,1.9467912046020048
1082650,1,19,5,6,1.9508495085359994
1082650,1,19,6,1,1.9999783651293126
1082650,1,19,7,1,1.88056980481892
1082650,1,19,8,0,1.3764390394459365
1082650,2,15,1,1,0.9023788948242248
1082650,2,15,2,1,0.9080403974227
1082650,2,15,3,4,2.088270541193096
1082650,2,15,4,1,1.7720445878487263
1082650,2,15,5,6,2.5564650679010956
1082650,2,15,6,1,2.157035235044497
1082650,2,16,1,1,2.2392795130313607
1082650,2,16,2,0,1.71064168547885
1082650,2,16,3,1,1.8549190832241085
1082650,2,16,4,1,1.6664209614728827
1082650,2,16,5,0,1.5207155155473202
1082650,2,16,6,0,1.3363837345454854
1082650,2,17,1,0,1.5151960094843275
1082650,2,17,2,1,1.3649364260992938
1082650,2,17,3,1,1.3033810733057887
1082650,2,17,4,0,1.1635238190688724
1082650,2,17,5,4,1.3833097556564038
1082650,2,17,6,1,1.3887603837046774
1082650,2,18,1,1,1.556647126978251
1082650,2,18,2,1,1.457894253567409
1082650,2,18,3,1,1.5223196097255398
1082650,2,18,4,0,1.4361873537193897
1082650,2,18,5,6,1.6569126051386391
1082650,2,18,6,2,1.6255511637174231
1082650,2,19,1,4,1.7747067924126507
1082650,2,19,2,0,1.865239191491054
1082650,2,19,3,0,1.496329498672065
1082650,2,19,4,0,1.491566973015847
1082650,2,19,5,2,1.6575852717829764
1082650,2,19,6,2,1.2585960977525659
1136563,1,15,1,0,0.020069684090631257
1136563,1,15,2,1,0.4646912883608833
1136563,1,15,3,1,0.6125227945681023
1136563,1,15,4,1,0.6913956144576845
1136563,1,15,5,1,0.7819856434123725
1136563,1,15,6,1,0.8891350898831683
1136563,1,16,1,1,0.8813571025036662
1136563,1,16,2,0,0.7265347044285522
1136563,1,16,3,0,0.6314432981508051
1136563,1,16,4,2,0.8066759370508684
1136563,1,16,5,1,0.901158253598942
1136563,1,16,6,1,0.9075103117141873
1136563,1,17,1,4,1.1925457759649365
1136563,1,17,2,1,1.1829549429401596
1136563,1,17,3,1,1.1212630673201993
1136563,1,17,4,4,1.3692045334736411
1136563,1,17,5,1,1.3487164645986993
1136563,1,17,6,0,1.3139876635066647
1136563,1,18,1,0,1.0981310044609351
1136563,1,18,2,0,1.1042512954980284
1136563,1,18,3,4,1.466434025645017
1136563,1,18,4,0,1.2663640944936791
1136563,1,18,5,1,1.3900593799488568
1136563,1,18,6,1,1.2883826290107898
1136563,1,19,1,6,1.584769767683401
1136563,1,19,2,4,1.3405405976551954
1136563,1,19,3,6,1.7665708356633512
1136563,1,19,4,0,1.9860061925011308
1136563,1,19,5,0,1.5320575108540813
1136563,1,19,6,0,1.4975292888372127
1136563,2,15,1,4,3.9442372820008655
1136563,2,15,2,0,2.010109467528837
1136563,2,15,3,0,1.6807515274329252
1136563,2,15,4,0,1.3369564695531806
1136563,2,15,5,0,0.865204277878384
1136563,2,15,6,0,0.8032657677973281
1136563,2,15,7,1,0.8506768414649581
1136563,2,16,1,4,1.357655405203449
1136563,2,16,2,0,1.1578669886412654
1136563,2,16,3,0,1.057183361385898
1136563,2,16,4,0,0.929125961523735
1136563,2,16,5,0,0.8366146308592731
1136563,2,16,6,4,1.1196331147654432
1136563,2,16,7,6,1.2934082282278245
1136563,2,17,1,1,1.3370661364510028
1136563,2,17,2,0,1.35607432003783
1136563,2,17,3,0,1.378114789256
1136563,2,17,4,0,1.3000206338748395
1136563,2,17,5,0,1.0286543114460445
1136563,2,17,6,4,0.9929853152769945
1136563,2,17,7,0,0.9059477026737984
1136563,2,18,1,1,1.333163215324785
1136563,2,18,2,1,1.3290113473037373
1136563,2,18,3,0,1.2955397463165272
1136563,2,18,4,1,1.270053121195704
1136563,2,18,5,1,1.2809902224985459
1136563,2,18,6,4,1.342147265569169
1136568,1,15,1,1,0.9023788948242248
1136568,1,15,2,1,0.9080403974227
1136568,1,15,3,0,0.6125227945681023
1136568,1,15,4,1,0.6913956144576845
1136568,1,15,5,1,0.7819856434123725
1136568,1,15,6,1,0.8891350898831683
1136568,1,16,1,1,0.8813571025036662
1136568,1,16,2,1,0.8778022871935303
1136568,1,16,3,2,0.9554573923482151
1136568,1,16,4,1,0.9731375409482413
1136568,1,16,5,0,0.8936780953274226
1136568,1,16,6,3,1.0688480072904771
1136568,1,17,1,1,1.1925457759649365
1136568,1,17,2,0,1.0190980819756161
1136568,1,17,3,4,1.2414909471469937
1136568,1,17,4,1,1.2331215364150225
1136568,1,17,5,0,1.203536402221635
1136568,1,17,6,0,1.0991745959946047
1136568,1,17,7,1,1.0341236732599948
1136568,1,18,1,1,1.113844378259377
1136568,1,18,2,0,1.2203828662234488
1136568,1,18,3,2,1.247943219484682
1136568,1,18,4,6,1.486776040925899
1136568,1,18,5,0,1.2536839845125485
1136568,1,18,6,0,1.192093759572801
1136568,1,19,1,0,1.4029190339400812
1136568,1,19,2,1,1.3127198680587775
1136568,1,19,3,0,1.0265582447395492
1136568,2,15,1,1,0.9023788948242248
1136568,2,15,2,1,0.9080403974227
1136568,2,15,3,0,0.6125227945681023
1136568,2,15,4,0,0.6913956144576845
1136568,2,15,5,1,0.7819856434123725
1136568,2,15,6,2,0.9667782640735617
1136568,2,16,1,1,0.9596481545469372
1136568,2,16,2,1,0.9534977389199545
1136568,2,16,3,4,1.3614871327798805
1136568,2,16,4,1,1.3535894411006595
1136568,2,16,5,6,1.6988517617996262
1136568,2,16,6,6,2.1497685227612013
1136568,2,17,1,1,2.1356386001455205
1136568,2,17,2,6,2.7850709667037696
1136568,2,17,3,2,2.9310666670231336
1136568,2,17,4,1,2.7216827560903467
1136568,2,17,5,1,2.3950399070279964
1136568,2,17,6,1,2.3295489057367664
1136568,2,18,1,0,2.3362786844769166
1136568,2,18,2,1,1.784123011406944
1136568,2,18,3,2,2.1575171063400846
1136568,2,18,4,1,1.911314879602805
1136568,2,18,5,1,1.727669889856487
1136568,2,18,6,0,1.8714480433792682
1136568,2,19,1,4,2.006686980722705
1136568,2,19,2,0,1.9284666631363587
1136568,2,19,3,4,1.9273898239108074
1136575,1,15,1,0,0.020069684090631257
1136575,1,15,2,1,0.4646912883608833
1136575,1,15,3,1,0.6125227945681023
1136575,1,15,4,1,0.6913956144576845
1136575,1,15,5,6,1.8394737535025207
1136575,1,15,6,1,1.7864397866282715
1136575,1,16,1,0,1.4457052338472443
1136575,1,16,2,1,1.3639902309684757
1136575,1,16,3,0,1.2300880195507975
1136575,1,16,4,2,1.2880162843629255
1136575,1,16,5,1,1.3606790924413479
1136575,1,16,6,1,1.3703253247836162
1136575,1,17,1,0,1.1848435295637214
1136575,1,17,2,1,1.181938587607663
1136575,1,17,3,6,1.3482231503491577
1136575,1,17,4,0,1.304059529995198
1136575,1,17,5,3,1.485147057118237
1136575,1,17,6,4,1.617516111118734
1136575,1,18,1,0,1.4584739667693463
1136575,1,18,2,0,1.2692272143114327
1136575,1,18,3,1,1.1933010841653517
1136575,1,18,4,1,1.258928302218405
1136575,1,18,5,1,1.2462287605665354
1136575,1,18,6,2,1.3438763656399013
1136575,1,18,7,4,1.3468975387705853
1136575,1,19,1,1,1.7379199640785434
1136575,1,19,2,2,1.5707955263234163
1136575,1,19,3,0,1.6577316026704902
1136575,1,19,4,0,1.3845981869155974
1136575,1,19,5,0,1.492815869954637
1136575,1,19,6,0,1.5042779436996676
1136575,1,19,7,2,1.7254857959629617
1136575,1,19,8,1,0.8915307003428121
1136575,1,19,9,0,0.6524742476131112
1136575,2,15,1,2,2.003087388375163
1136575,2,15,2,0,0.9080403974227
1136575,2,15,3,1,0.9209354627127218
1136575,2,15,4,0,0.6913956144576845
1136575,2,15,5,1,0.7819856434123725
1136575,2,15,6,1,0.8891350898831683
1136575,2,16,1,1,0.8813571025036662
1136575,2,16,2,1,0.8778022871935303
1136575,2,16,3,6,1.463955047696439
1136575,2,16,4,1,1.46184771437223
1136575,2,16,5,6,1.8744451108710782
1136575,2,16,6,1,1.8002951192740448
1136575,2,17,1,1,1.9035120221234423
1136575,2,17,2,2,1.8041129937034641
1136575,2,17,3,4,2.2228740429712417
1136575,2,17,4,1,1.9204259157435548
1136575,2,17,5,0,1.5892289771835726
1136575,2,17,6,1,1.7175124344083332
1136575,2,18,1,2,1.7687471208257746
1136575,2,18,2,0,1.7106932358152043
1136575,2,18,3,1,1.7139727597569034
1136575,2,18,4,1,1.66479489746266
1136575,2,18,5,1,1.6995251356769334
1136575,2,18,6,6,2.0522120416643155
1136576,1,15,1,2,2.003087388375163
1136576,1,15,2,2,2.010109467528837
1136576,1,15,3,1,1.6807515274329252
1136576,1,15,4,1,1.5288642536666437
1136576,1,15,5,1,1.388045090252713
1136576,1,15,6,1,1.3979336866422838
1136576,1,16,1,0,1.3920899057793246
1136576,1,16,2,1,1.3892465752493044
1136576,1,16,3,6,1.9409015767713977
1136576,1,16,4,1,1.7544874232400844
1136576,1,16,5,4,1.949241678998902
1136576,1,16,6,0,1.8002951192740448
1136576,1,16,7,0,1.5983584886121267
1136576,1,17,1,1,1.732774607698629
1136576,1,17,2,1,1.6386243721864242
1136576,1,17,3,0,1.6882982655153727
1136576,1,17,4,1,1.578560507621899
1136576,1,17,5,0,1.4019572040758124
1136576,1,17,6,0,1.398155603572703
1136576,1,17,7,6,1.5456868184522092
1136576,1,18,1,1,1.5687215981492733
1136576,1,18,2,1,1.4971846463266665
1136576,1,18,3,1,1.6096119557032114
1136576,1,18,4,1,1.5292245997218303
1136576,1,18,5,1,1.524352624400658
1136576,1,18,6,1,1.4701638236596013
1136576,1,19,1,0,1.5766758594168844
1136576,1,19,2,1,1.6508339971381472
1136576,1,19,3,4,1.8837521072427348
1136576,1,19,4,6,1.9143826550326326
1136576,1,19,5,1,2.1308501759976513
1136576,1,19,6,1,2.4390639342719864
1136576,2,15,1,2,2.003087388375163
1136576,2,15,2,1,1.4648385385218987
1136576,2,15,3,1,1.3587472201842303
1136576,2,15,4,4,2.04315242334354
1136576,2,15,5,2,1.9398175394584762
1136576,2,15,6,0,1.8959607150794853
1136576,2,15,7,1,1.6662765340894048
1136576,2,16,1,0,1.495154980661557
1136576,2,16,2,2,1.604582513224085
1136576,2,16,3,1,1.5198993088576414
1136576,2,16,4,0,1.371029231368998
1136576,2,16,5,1,1.3055293257503013
1136576,2,16,6,0,1.2344357886299793
1136576,2,17,1,1,1.2167846621497314
1136576,2,17,2,4,1.315341591645519
1136576,2,17,3,0,1.4219557044855589
1136576,2,17,4,0,1.378114789256
1136576,2,17,5,2,1.4019572040758124
1136576,2,17,6,1,1.4016265785815851
1136576,2,17,7,0,1.1722840339763092
1136576,2,17,8,1,1.1759901774274217
1136576,2,17,9,1,1.1489275843612434
1136576,2,18,1,1,1.4366642217691834
1136576,2,18,2,6,1.484754006619513
1136576,2,18,3,1,1.6379089568904763
1136576,2,18,4,0,1.5574877268317828
1136576,2,18,5,1,1.5215541712012617
1136576,2,18,6,2,1.7917277536007703
1136576,2,18,7,2,1.860691493068481
1136576,2,19,1,1,1.7369910598210914
1136576,2,19,2,1,1.4080654826682044
1136576,2,19,3,0,1.6080385434300009
1136576,2,19,4,6,2.8709084577337576
1136576,2,19,5,6,1.608070893997954
1136576,2,19,6,1,2.8085841209760645
1136576,2,19,7,1,2.875140541230094
1136577,1,15,1,0,-0.0016225146457691717
1136577,1,15,2,0,-0.0016225146457691717
1136577,1,15,3,1,0.2708937426629589
1136577,1,15,4,2,0.6254085348310924
1136577,1,15,5,0,0.5427547087434988
1136577,1,15,6,1,0.5711312408477197
1136577,1,16,1,4,1.1531211715718488
1136577,1,16,2,1,1.1904766019981425
1136577,1,16,3,4,1.3728251351005343
1136577,1,16,4,0,1.2880162843629255
1136577,1,16,5,0,1.2018971145308084
1136577,1,16,6,1,1.1774690987781962
1136577,1,17,1,1,1.1848435295637214
1136577,1,17,2,1,1.181938587607663
1136577,1,17,3,0,1.0941734883750251
1136577,1,17,4,4,1.3000631879455251
1136577,1,17,5,1,1.2795751190705833
1136577,1,17,6,2,1.3136880224655354
1136577,1,18,1,4,1.5385144077782895
1136577,1,18,2,1,1.4799504550288123
1136577,1,18,3,0,1.457191607084726
1136577,1,18,4,2,1.4415557414183522
1136577,1,18,5,1,1.486776040925899
1136577,1,18,6,4,1.5263357138294822
1136577,1,19,1,1,1.6261819385361043
1136577,1,19,2,0,1.4595421541127327
1136577,1,19,3,0,1.5247363001214054
1136577,1,19,4,2,1.6340673296581414
1136577,1,19,5,0,1.6510760865286238
1136577,1,19,6,1,1.6082300610195008
1136577,1,19,7,0,1.3544684201082948
1136577,1,19,8,2,0.9059603108695053
1136577,2,15,1,1,0.9023788948242248
1136577,2,15,2,1,0.9080403974227
1136577,2,15,3,0,0.5465661387924178
1136577,2,15,4,0,0.43383524897764203
1136577,2,15,5,0,0.3159503139027935
1136577,2,15,6,4,0.8809089419877215
1136577,2,16,1,1,0.9264102299640717
1136577,2,16,2,1,0.9237103319844553
1136577,2,16,3,1,0.9338549894946895
1136577,2,16,4,1,0.9609614590617837
1136577,2,16,5,1,0.9290118711593476
1136577,2,16,6,4,1.3703253247836162
1136577,2,17,1,1,1.403248742195645
1136577,2,17,2,1,1.204653200105596
1136577,2,17,3,1,1.1746474345338496
1136577,2,17,4,1,1.1635238190688724
1136577,2,17,5,2,1.2795751190705833
1136577,2,17,6,0,1.127852545571655
1136577,2,18,1,4,1.556647126978251
1136577,2,18,2,0,1.325235871316371
1136577,2,18,3,0,1.2559189387596403
1136578,1,15,1,1,0.9023788948242248
1136578,1,15,2,0,0.4090551015098703
1136578,1,15,3,0,0.2708937426629589
1136578,1,15,4,0,0.174208852655965
1136578,1,15,5,1,0.3159503139027935
1136578,1,15,6,0,0.29047957279007663
1136578,1,16,1,1,0.429584841639941
1136578,1,16,2,1,0.4875092807941076
1136578,1,16,3,4,0.8050749037219883
1136578,1,16,4,4,1.1770179680949384
1136578,1,16,5,0,1.2018971145308084
1136578,1,16,6,0,0.8372719391637845
1136578,1,16,7,4,1.051700243854586
1136578,1,17,1,4,1.185166164068046
1136578,1,17,2,4,1.3766919399108275
1136578,1,17,3,1,1.4355057343957534
1136578,1,17,4,0,1.365764798041567
1136578,1,17,5,0,1.3200333575314305
1136578,1,17,6,0,1.2725439616562728
1136578,1,17,7,2,1.1997384291260098
1136578,1,17,8,4,1.3388872660498266
1136578,1,18,1,1,1.5431810819695437
1136578,1,18,2,1,1.472553559131214
1136578,1,18,3,1,1.5528281902301462
1136578,1,18,4,1,1.6513960677892159
1136578,1,18,5,0,1.5133366623298043
1136578,1,18,6,0,1.3534917857845616
1136578,1,18,7,1,1.3008608487832571
1136578,1,19,1,0,1.6314746909894848
1136578,1,19,2,0,1.1846687797606272
1136578,1,19,3,0,1.2147079030763033
1136578,1,19,4,1,1.3332823577757462
1136578,1,19,5,1,0.9717826198492836
1136578,1,19,6,1,0.7419149467279733
1136578,1,19,7,1,0.6357157810501953
1136581,1,15,1,0,0.020069684090631257
1136581,1,15,2,0,-0.0016225146457691717
1136581,1,15,3,1,0.2708937426629589
1136581,1,15,4,0,0.14091457436609078
1136581,1,15,5,1,0.28166717321150486
1136581,1,15,6,0,0.25286607755695795
1136581,1,16,1,0,0.3047167377932465
1136581,1,16,2,0,0.18576874155868067
1136581,1,16,3,0,0.10172392941182187
1136581,1,16,4,1,0.27132679857822145
1136581,1,16,5,1,0.31337124749299905
1136581,1,16,6,1,0.4152428494394258
1136581,1,17,1,4,0.6899385033936416
1136581,1,17,2,1,0.678964813148495
1136581,1,17,3,6,0.8935665486039138
1136581,1,17,4,1,0.8823796262257653
1136581,1,17,5,1,0.878428853891542
1136581,1,17,6,0,0.7979675025712447
1136581,1,18,1,0,0.829721609389219
1136581,1,18,2,1,0.8821669771774292
1136581,1,18,3,4,0.9971088324378278
1136581,1,18,4,0,0.9836317244530948
1136581,1,18,5,0,1.031945425740633
1136581,1,18,6,0,0.9599395098760481
1136581,1,19,1,0,1.2433183281497768
1136581,1,19,2,2,0.8157341299380162
1136581,1,19,3,0,0.7256160398791662
1136581,1,19,4,0,0.7510410789032536
1136581,1,19,5,4,0.9754026320645696
1136581,1,19,6,0,0.9234989160228789
1136581,1,19,7,2,0.7608693383009697
1136581,2,15,1,2,2.003087388375163
1136581,2,15,2,1,1.4648385385218987
1136581,2,15,3,1,1.3587472201842303
1136581,2,15,4,1,1.3369564695531806
1136581,2,15,5,0,0.9462583284432285
1136581,2,15,6,1,0.9667782640735617
1136581,2,16,1,1,0.9596481545469372
1136581,2,16,2,0,0.8445643626106648
1136581,2,16,3,0,0.5629711742483919
1136581,2,16,4,0,0.5985335087924811
1136581,2,16,5,0,0.5640431774329605
1136581,2,16,6,0,0.5759186958308671
1136581,2,17,1,0,0.593722544363656
1136581,2,17,2,1,0.4830814863983879
1136581,2,17,3,0,0.5110351144847819
1136581,2,17,4,1,0.5101145346737099
1136581,2,17,5,2,0.6089970228741938
1136581,2,17,6,6,0.7560994986356975
1136581,2,17,7,4,0.8810593013642692
1136581,2,18,1,4,1.3690015143746046
1136581,2,18,2,2,1.3306756838722782
1136581,2,18,3,1,1.2711318839286552
1136581,2,18,4,2,1.346235417580972
1136581,2,18,5,4,1.3633871975661263
1136581,2,18,6,0,1.3062171136340104
1136581,2,18,7,4,1.3491622646434187
1136581,2,19,1,0,1.5649208071281282
1136581,2,19,2,4,1.2710909016224843
1136581,2,19,3,0,1.440782397700308
1136581,2,19,4,6,1.4125754559556272
1136582,1,15,1,0,0.020069684090631257
1136582,1,15,2,1,0.4646912883608833
1136582,1,15,3,0,0.9209354627127218
1136582,1,15,4,6,2.2902502299285716
1136582,1,15,5,0,1.9398175394584762
1136582,1,15,6,1,1.8959607150794853
1136582,1,15,7,4,1.876454032205312
1136582,1,15,8,1,2.5708674419863673
1136582,1,16,1,0,1.865437243730673
1136582,1,16,2,1,1.7205262554904026
1136582,1,16,3,1,1.545931950845466
1136582,1,16,4,0,1.5146347548204702
1136582,1,16,5,1,1.510742597380829
1136582,1,16,6,1,1.3017843858146991
1136582,1,17,1,4,1.55464176022023
1136582,1,17,2,2,1.764847416271423
1136582,1,17,3,0,1.5053893659353628
1136582,1,17,4,0,1.5451801438480806
1136582,1,17,5,0,1.5550081859917173
1136582,1,17,6,1,1.4314395991165234
1136582,1,18,1,1,1.4938545231508793
1136582,1,18,2,0,1.3860044714917783
1136582,1,18,3,1,1.5404918792755933
1136582,1,18,4,0,1.5252680260189737
1136582,1,18,5,2,1.6513960677892159
1136582,1,18,6,0,1.5129811661966168
1136582,1,18,7,0,1.4794969610139344
1136582,1,19,1,0,1.7333697150242449
1136582,1,19,2,0,1.4386819677134952
1136582,1,19,3,0,1.3168570968624151
1136582,1,19,4,0,1.2727220826282113
1136582,1,19,5,2,1.3339757780688983
1136582,1,19,6,0,1.1116831526354072
1136582,1,19,7,0,0.818084104464715
1136582,2,15,1,1,0.9023788948242248
1136582,2,15,2,1,0.9080403974227
1136582,2,15,3,0,0.9209354627127218
1136582,2,15,4,1,0.9299620505963468
1136582,2,15,5,0,0.7819856434123725
1136582,2,15,6,1,0.8891350898831683
1136582,2,16,1,6,1.592987161816129
1136582,2,16,2,1,1.4926274112222264
1136582,2,16,3,1,1.463955047696439
1136582,2,16,4,4,1.7544874232400844
1136582,2,16,5,2,1.6988517617996262
1136582,2,16,6,1,1.673389726561807
1136582,2,17,1,1,1.6366300757415382
1136582,2,17,2,1,1.6435593027217903
1136582,2,17,3,0,1.6813774595950495
1136582,2,17,4,1,1.6853676545335883
1136582,2,17,5,2,1.674256330954394
1136582,2,17,6,1,1.5931906108007823
1136582,2,17,7,0,1.3490022858594795
1136582,2,18,1,1,1.4845517469158953
1136582,2,18,2,0,1.327125093960458
1136582,2,18,3,1,1.274443032157037
1136582,2,18,4,1,1.327845275971586
1136582,2,18,5,1,1.2536839845125485
1136582,2,18,6,0,1.192093759572801
1136582,2,19,1,0,1.2197620818771893
1136582,2,19,2,6,1.4019630850617335
1136582,2,19,3,0,1.405038386017666
1136582,2,19,4,2,1.3708371983421104
1136582,2,19,5,4,1.553806861275568
1136582,2,19,6,0,1.413679324528348
1136583,1,15,1,0,-0.0016225146457691717
1136583,1,15,2,0,-0.0016225146457691717
1136583,1,15,3,2,0.5465661387924178
1136583,1,15,4,0,0.43383524897764203
1136583,1,15,5,0,0.3159503139027935
1136583,1,15,6,0,0.29047957279007663
1136583,1,16,1,1,0.429584841639941
1136583,1,16,2,0,0.35994249659286126
1136583,1,16,3,0,0.3065745855962103
1136583,1,16,4,0,0.2939216586256457
1136583,1,16,5,0,0.2346063706347079
1136583,1,16,6,0,0.18271590560042114
1136583,1,17,1,0,0.23431550285185612
1136583,1,17,2,0,0.11255765982664737
1136583,1,17,3,0,0.09938217589122046
1136583,1,17,4,2,0.25048013325052426
1136583,1,17,5,0,0.25562487728636457
1136583,1,17,6,1,0.287975434605919
1136583,1,18,1,0,0.2901430693059461
1136583,1,18,2,0,0.29801792118594045
1136583,1,18,3,6,0.7445154355007314
1136583,1,18,4,0,0.7270016573745035
1136583,2,15,1,1,0.9023788948242248
1136583,2,15,2,0,0.4090551015098703
1136583,2,15,3,1,0.5465661387924178
1136583,2,15,4,0,0.43383524897764203
1136583,2,15,5,0,0.5427547087434988
1136583,2,15,6,0,0.4061020734135504
1136583,2,16,1,0,0.4508790416619992
1136583,2,16,2,0,0.3223290013597426
1136583,2,16,3,0,0.2689610903630916
1136583,2,16,4,0,0.27132679857822145
1136583,2,16,5,0,0.2346063706347079
1136583,2,16,6,0,0.18271590560042114
1136583,2,17,1,1,0.2921108857946265
1136583,2,17,2,0,0.2400354242402585
1136583,2,17,3,0,0.16906455736206086
1136583,2,17,4,0,0.12584766392545133
1136583,2,17,5,4,0.4163958167377171
1136583,2,17,6,0,0.37334345981689215
1136583,2,18,1,0,0.40698212725245586
1136583,2,18,2,1,0.4883042947609635
1136583,2,18,3,0,0.4722099555826893
1136583,2,18,4,1,0.48164283617323866
1136583,2,18,5,0,0.4857437386568104
1136584,1,15,1,0,3.9442372820008655
1136584,1,15,2,0,2.010109467528837
1136584,1,15,3,6,3.656506476100116
1136584,1,15,4,4,3.8281197373599376
1136584,1,15,5,1,2.8619206640293173
1136584,1,15,6,0,1.9609909574242776
1136584,1,16,1,1,2.2511018800562286
1136584,1,16,2,1,2.1235555427654225
1136584,1,16,3,1,2.013689565851908
1136584,1,16,4,1,2.179853686410665
1136584,1,16,5,1,1.8744451108710782
1136584,1,16,6,2,1.9198888990438256
1136584,1,17,1,2,2.1069224042054944
1136584,1,17,2,0,1.8041129937034641
1136584,1,17,3,0,1.7096687993742883
1136584,1,17,4,1,1.6847191553849266
1136584,1,17,5,2,1.769635631456153
1136584,1,17,6,4,1.8231881303397746
1136584,1,18,1,6,2.411756790504589
1136584,1,18,2,1,2.1381568123200836
1136584,1,18,3,1,2.1042451961005413
1136584,1,18,4,2,2.07003754703746
1136584,1,18,5,0,1.9895174100379844
1136584,1,18,6,6,2.6636638715648497
1136584,1,18,7,0,2.0950351866456076
1136584,1,18,8,0,2.1907212999227514
1136584,1,19,1,0,1.9882085301372097
1136584,1,19,2,1,1.5663599001788697
1136584,1,19,3,0,1.9116832257059195
1136584,1,19,4,0,1.814743542424465
1136584,1,19,5,6,1.1877279461878543
1136584,1,19,6,2,1.4055129484179363
1136584,1,19,7,4,2.031277125787891
1136584,2,15,1,1,0.9023788948242248
1136584,2,15,2,0,0.4646912883608833
1136584,2,15,3,1,0.6125227945681023
1136584,2,15,4,1,0.6913956144576845
1136584,2,15,5,0,0.7819856434123725
1136584,2,15,6,6,1.7864397866282715
1136584,2,15,7,6,2.3725847021997613
1136584,2,16,1,1,2.1212882502810695
1136584,2,16,2,1,2.021705731692198
1136584,2,16,3,2,2.110380540017193
1136584,2,16,4,1,2.0491509425755345
1136584,2,16,5,1,1.7572035977082265
1136584,2,16,6,4,2.1222930428331326
1136584,2,17,1,1,2.2182625313278397
1136584,2,17,2,0,2.2086374675143263
1136584,2,17,3,6,2.4918335582692435
1136584,2,17,4,1,2.3387849825246922
1136584,2,17,5,4,2.359283967695378
1136584,2,17,6,1,2.0067520132254555
1136584,2,17,7,1,1.9923815081017204
1136584,2,18,1,0,2.009020126182257
1136584,2,18,2,1,1.94980389342116
1136584,2,18,3,1,2.1621257297224643
1136584,2,18,4,1,2.013884710662223
1136584,2,18,5,6,2.40842888379798
1136584,2,18,6,0,2.063209342870408
1136584,2,18,7,0,1.5583982308310609
1136584,2,18,8,0,1.3932042677235492
1136584,2,18,9,2,1.8127036641127152
1136584,2,19,1,4,3.0298744921887724
1136584,2,19,2,6,3.0400154722940433
1136584,2,19,3,1,2.3836509601955895
1136584,2,19,4,6,2.21564209969991
1136587,1,15,1,0,0.020069684090631257
1136587,1,15,2,4,2.010109467528837
1136587,1,15,3,0,1.6807515274329252
1136587,1,15,4,6,2.8611360293591797
1136587,1,15,5,1,2.431216830027345
1136587,1,15,6,0,2.1435090230452665
1136587,1,15,7,1,2.000084304100442
1136587,1,16,1,0,2.0768811065110215
1136587,1,16,2,1,1.9467140904212958
1136587,1,16,3,4,2.110380540017193
1136587,1,16,4,0,1.8840160705320603
1136587,1,16,5,4,2.087461030249984
1136587,1,16,6,1,2.307105954437744
1136587,1,16,7,0,1.9751334893751058
1136587,1,17,1,0,1.7872594202416465
1136587,1,17,2,1,1.764847416271423
1136587,1,17,3,0,1.5053893659353628
1136587,1,17,4,1,1.3436190345612973
1136587,1,17,5,1,1.348030718034692
1136587,1,17,6,1,1.1809470362866437
1136587,1,18,1,2,1.3475940700758773
1136587,1,18,2,6,1.5412790416828004
1136587,1,18,3,1,1.7952765364138281
1136587,1,18,4,1,1.5986580354491515
1136587,1,18,5,1,1.690397931578515
1136587,1,18,6,0,1.5587608941885167
1136587,1,19,1,1,1.5797859848147549
1136587,1,19,2,1,1.5944243832042506
1136587,1,19,3,1,1.5773568623628957
1136587,1,19,4,0,1.4656514758144898
1136587,1,19,5,2,1.3676456344087247
1136587,1,19,6,6,2.054440557034128
1136587,2,15,1,1,0.9023788948242248
1136587,2,15,2,0,0.4646912883608833
1136587,2,15,3,2,0.9209354627127218
1136587,2,15,4,1,0.9299620505963468
1136587,2,15,5,0,0.7819856434123725
1136587,2,15,6,1,0.8891350898831683
1136587,2,16,1,0,0.6932967798456867
1136587,2,16,2,1,0.6932967798456867
1136587,2,16,3,1,0.6762144675854397
1136587,2,16,4,1,0.7863608059516718
1136587,2,16,5,2,0.8743483058258662
1136587,2,16,6,0,0.8853845568219254
1136587,2,17,1,0,0.7387950380875906
1136587,2,17,2,0,0.7927816371482705
1136587,2,17,3,4,0.9890870017212562
1136587,2,17,4,1,0.9778912262007367
1136587,2,17,5,6,1.1781994426286826
1136587,2,17,6,1,1.3136880224655354
1136587,2,17,7,2,1.3225853887336299
1136587,2,18,1,1,1.4624955454544921
1136587,2,18,2,4,1.5075557301689717
1136587,2,18,3,4,1.5926429682692822
1136587,2,18,4,4,1.6774322286566645
1136587,2,18,5,0,1.6070345089029854
1136587,2,18,6,4,1.6635742756029135
1136587,2,19,1,1,1.7185406425246943
1136587,2,19,2,2,1.623725994222666
1136587,2,19,3,1,1.950237330051725
1136587,2,19,4,1,1.8741146353909015
1136594,1,15,1,1,0.9023788948242248
1136594,1,15,2,6,3.9147273405563037
1136594,1,15,3,1,3.124222103691358
1136594,1,15,4,0,2.04315242334354
1136594,1,15,5,1,1.8394737535025207
1136594,1,15,6,0,1.2021776628300647
1136594,1,16,1,0,1.3447880833652648
1136594,1,16,2,1,1.3403620319007925
1136594,1,16,3,0,1.2300880195507975
1136594,1,16,4,1,1.1770179680949384
1136594,1,16,5,0,0.7780056418097526
1136594,1,16,6,0,0.8455533911185913
1136594,1,17,1,1,0.9317334458148828
1136594,1,17,2,1,0.8696476627765252
1136594,1,17,3,1,0.8463026994651177
1136594,1,17,4,1,0.8287877955099905
1136594,1,17,5,6,0.9853884282714532
1136594,1,17,6,1,1.09910872378837
1136594,1,18,1,1,1.3329419664155613
1136594,1,18,2,0,1.226277593286736
1136594,1,18,3,1,1.3095257905242756
1136594,1,18,4,1,1.1516383458913544
1136594,1,18,5,2,1.2462048024119752
1136594,1,18,6,1,1.191687189602958
1136594,1,19,1,0,1.189327414347841
1136594,1,19,2,6,1.4139522305633156
1136594,1,19,3,4,1.5987127906305874
1136594,1,19,4,1,1.5897505520206492
1136594,1,19,5,0,1.3579933643520774
1136594,1,19,6,6,1.5670940895239962
1136594,1,19,7,4,1.8314883363408223
1136594,2,15,1,1,0.9023788948242248
1136594,2,15,2,1,0.9080403974227
1136594,2,15,3,0,0.5465661387924178
1136594,2,15,4,0,0.6254085348310924
1136594,2,15,5,4,1.1653868543615928
1136594,2,15,6,0,1.0713238936777612
1136594,2,15,7,0,0.9288991600346884
1136594,2,16,1,6,1.5238772126787532
1136594,2,16,2,0,1.428444730281632
1136594,2,16,3,0,1.2947694563417464
1136594,2,16,4,1,1.3356507174801042
1136594,2,16,5,1,1.3250974775612017
1136594,2,16,6,6,1.52365846448512
1136594,2,17,1,1,1.4996918378953639
1136594,2,17,2,4,1.9026401593934443
1136594,2,17,3,1,1.77929083614389
1136594,2,17,4,4,2.043348969750741
1136594,2,17,5,4,2.002415670859392
1136594,2,17,6,6,2.188556085847101
1136594,2,18,1,1,1.920801787306935
1136594,2,18,2,4,2.713451493873451
1136594,2,18,3,6,2.3055447988422726
1136594,2,18,4,1,2.2289578599965423
1136594,2,18,5,1,2.4859706167400866
1136594,2,18,6,0,2.3371488344107587
1136595,1,15,1,0,-0.0016225146457691717
1136595,1,15,2,1,0.4090551015098703
1136595,1,15,3,0,0.2708937426629589
1136595,1,15,4,0,0.174208852655965
1136595,1,15,5,0,0.3159503139027935
1136595,1,15,6,1,0.44596048668328786
1136595,1,16,1,0,0.429584841639941
1136595,1,16,2,2,0.6112103867814346
1136595,1,16,3,0,0.5439302801799031
1136595,1,16,4,4,0.8782992490572701
1136595,1,16,5,0,0.8706010845781813
1136595,1,16,6,1,0.8853845568219254
1136595,1,17,1,4,1.170576570893622
1136595,1,17,2,1,1.160985737868845
1136595,1,17,3,1,1.0941734883750251
1136595,1,17,4,1,1.0893056944314843
1136595,1,17,5,1,1.0891916040670968
1136595,1,17,6,5,1.3136880224655354
1136595,1,18,1,0,1.2353023720967145
1136595,1,18,2,6,1.5046845095244592
1136595,1,18,3,4,1.5722530957024907
1136595,1,18,4,0,1.521936095714711
1136595,1,18,5,1,1.6569126051386391
1136595,1,18,6,0,1.4361036020913989
1136595,1,19,1,0,1.584769767683401
1136595,1,19,2,0,1.5170621563421574
1136595,1,19,3,2,1.496762941506816
1136595,1,19,4,0,1.6019634981146142
1136595,1,19,5,1,1.5332247442146836
1136595,1,19,6,1,1.33868941927637
1136595,2,15,1,0,0.020069684090631257
1136595,2,15,2,6,3.032967172278069
1136595,2,15,3,1,2.2215805140366163
1136595,2,15,4,0,1.7720445878487263
1136595,2,15,5,4,2.1612178426178725
1136595,2,15,6,0,1.8959607150794853
1136595,2,16,1,1,1.680474319418438
1136595,2,16,2,1,1.6429931146659222
1136595,2,16,3,0,1.6055138308252017
1136595,2,16,4,1,1.6061786448204436
1136595,2,16,5,1,1.4824179276994356
1136595,2,16,6,1,1.4201612014528018
1136595,2,17,1,0,1.4479080462440546
1136595,2,17,2,0,1.4270806416499018
1136595,2,17,3,6,1.7096687993742883
1136595,2,17,4,0,1.6847191553849266
1136595,2,17,5,6,2.1204904480057287
1136595,2,17,6,6,2.3295489057367664
1136595,2,17,7,1,1.9567424900113826
1136595,2,17,8,1,2.0281141334367816
1136599,1,15,1,0,0.020069684090631257
1136599,1,15,2,1,0.4646912883608833
1136599,1,15,3,4,1.6807515274329252
1136599,1,15,4,1,1.5288642536666437
1136599,1,15,5,1,1.388045090252713
1136599,1,15,6,0,1.0713238936777612
1136599,1,16,1,1,1.1531211715718488
1136599,1,16,2,4,1.3964930752809548
1136599,1,16,3,0,1.2885109007301563
1136599,1,16,4,4,1.5869106705347185
1136599,1,16,5,1,1.5207155155473202
1136599,1,16,6,1,1.4365431580250765
1136599,1,17,1,1,1.328508169886452
1136599,1,17,2,0,1.209127528574007
1136599,1,17,3,0,1.1239121077658514
1136599,1,17,4,4,1.2491831506391757
1136599,1,17,5,4,1.51692993835971
1136599,1,17,6,1,1.4893956121022727
1136599,1,18,1,0,1.2056755665895127
1136599,1,18,2,0,1.2035226432808435
1136599,1,18,3,6,1.2494761382422295
1136599,1,18,4,0,1.2562478811417486
1136599,1,18,5,2,1.3617152252332156
1136599,1,18,6,0,0.9583137801001156
1136599,1,19,1,0,1.675544311608548
1136599,1,19,2,1,0.6310389544989853
1136599,1,19,3,1,0.746457842098286
1136599,1,19,4,0,0.863273684247214
1136599,1,19,5,1,1.292877059286926
1136599,1,19,6,0,1.6854380235840642
1136599,2,15,1,1,0.9023788948242248
1136599,2,15,2,1,0.9080403974227
1136599,2,15,3,1,0.9209354627127218
1136599,2,15,4,1,0.9299620505963468
1136599,2,15,5,1,0.9462583284432285
1136599,2,15,6,0,0.9667782640735617
1136599,2,16,1,1,0.9596481545469372
1136599,2,16,2,6,1.6429931146659222
1136599,2,16,3,6,2.1875435453018093
1136599,2,16,4,0,2.179853686410665
1136599,2,16,5,0,1.6988517617996262
1136599,2,16,6,0,1.673389726561807
1136599,2,16,7,0,1.5913386078888139
1136599,2,17,1,1,1.5309300874010912
1136599,2,17,2,0,1.4753747251598508
1136599,2,17,3,4,1.687649766366711
1136599,2,17,4,0,1.578560507621899
1136599,2,17,5,0,1.4855501043456167
1136599,2,17,6,1,1.4733427296712884
1136599,2,18,1,1,1.5771434362627328
1136599,2,18,2,2,1.4808829748611563
1136599,2,18,3,1,1.4241746644178
1136599,2,18,4,1,1.5154928153448846
1136599,2,18,5,1,1.4980532001639995
1136599,2,18,6,1,1.4405498889794712
1136599,2,19,1,1,1.5833945607172566
1136599,2,19,2,2,1.4827345200646331
1136599,2,19,3,1,1.6253089505715492
1136599,2,19,4,1,1.672251327981032
1136599,2,19,5,0,1.801472105017951
1136599,2,19,6,0,1.5608063423276892
1136608,1,15,1,1,0.8060282530364471
1136617,1,15,1,1,0.9023788948242248
1136617,1,15,2,0,0.4646912883608833
1136617,1,15,3,1,0.6125227945681023
1136617,1,15,4,0,0.49330975330050547
1136617,1,15,5,1,0.605672913383301
1136617,1,15,6,1,0.6419335919953075
1136617,1,16,1,0,0.7265347044285522
1136617,1,16,2,0,0.7265347044285522
1136617,1,16,3,1,0.704124715144713
1136617,1,16,4,1,0.8066759370508684
1136617,1,16,5,0,0.7260358693877947
1136617,1,16,6,0,0.658105318862416
1136617,1,16,7,1,0.6493675416351999
1136617,1,16,8,1,0.6162554034321317
1136617,1,17,1,6,1.1293049425032438
1136617,1,17,2,6,1.4966111773548534
1136617,1,17,3,0,1.3202142600379918
1136617,1,17,4,1,1.3656149933669657
1136617,1,17,5,1,1.387323666475008
1136617,1,17,6,0,1.4717194328563044
1136617,1,17,7,2,1.221591432433623
1136617,1,18,1,1,1.5186586018386172
1136617,1,18,2,0,1.4786151853362195
1136617,1,18,3,1,1.4673918299352027
1136617,1,18,4,0,1.4074071706977047
1136617,1,18,5,1,1.4370390538585536
1136617,1,18,6,1,1.3969577684427794
1136617,1,19,1,0,1.4643249897149966
1136617,1,19,2,0,1.296320945982954
1136617,1,19,3,2,1.4216981435003764
1136617,1,19,4,6,1.8331706082028905
1136617,1,19,5,4,2.2975849735979055
1136617,1,19,6,0,1.54570485113653
1136617,1,19,7,6,1.6791176803239647
1136617,1,19,8,0,1.5016114334766606
1136617,2,15,1,0,0.020069684090631257
1136617,2,15,2,1,0.4646912883608833
1136617,2,15,3,0,0.3217605309580484
1136617,2,15,4,0,0.22507564095105426
1136617,2,15,5,0,0.15398375797794425
1136617,2,15,6,0,0.17233376870685568
1136617,2,16,1,1,0.3031357305710309
1136617,2,16,2,0,0.24534034762826004
1136617,2,16,3,0,0.32664871972601794
1136617,2,16,4,1,0.39406625987865285
1136617,2,16,5,0,0.37638668036335166
1136617,2,16,6,1,0.4933512948813969
1136617,2,17,1,1,0.5393269670097579
1136617,2,17,2,4,0.7563109916795645
1136617,2,17,3,6,1.1212630673201993
1136617,2,17,4,4,1.3692045334736411
1136617,2,17,5,1,1.2795751190705833
1136617,2,17,6,4,1.3922313587135593
1136617,2,18,1,4,1.5579165623017137
1136617,2,18,2,4,1.5841144911522063
1136617,2,18,3,1,1.594552007824616
1136617,2,18,4,0,1.619397154396009
1136617,2,18,5,1,1.6961658224621148
1136617,2,18,6,2,1.655372974003623
1136617,2,18,7,4,1.7360813574971046
1136617,2,19,1,6,2.0946203537563206
1136619,1,15,1,0,-0.0016225146457691717
1136619,1,15,2,6,1.1408142025097634
1136619,1,15,3,1,1.6577018362422904
1136619,1,15,4,1,1.323427783322219
1136619,1,15,5,1,1.28421747837458
1136619,1,15,6,0,1.2021776628300647
1136619,1,16,1,1,1.4457052338472443
1136619,1,16,2,0,1.3403620319007925
1136619,1,16,3,1,1.2300880195507975
1136619,1,16,4,0,1.0522638143290113
1136619,1,16,5,0,0.8118695682795413
1136619,1,16,6,0,0.7977235897677611
1136619,1,17,1,1,0.867562823349635
1136619,1,17,2,1,0.8196837045022471
1136619,1,17,3,0,0.7936499090821705
1136619,1,17,4,6,1.00594221174172
1136619,1,17,5,0,0.9869918136354632
1136619,1,17,6,1,0.9291926783177283
1136619,1,17,7,4,1.0875730973286344
1136619,1,18,1,0,1.3006079193666096
1136619,1,18,2,0,1.38278872291409
1136619,1,18,3,6,1.3593642133652963
1136619,1,18,4,0,1.186256868086257
1136619,1,18,5,0,1.173291641140496
1136619,1,18,6,6,1.3966688740157918
1136619,1,19,1,4,0.9625841746278779
1136619,1,19,2,1,1.4354500787306204
1136619,1,19,3,4,1.4210954642041784
1136619,1,19,4,6,1.2184921861449138
1136619,1,19,5,0,1.3961429629101048
1136619,1,19,6,2,1.3588008500133708
1136619,1,19,7,6,2.1249145626464694
1136619,2,15,1,1,0.9023788948242248
1136619,2,15,2,0,0.4646912883608833
1136619,2,15,3,1,0.6125227945681023
1136619,2,15,4,4,1.5288642536666437
1136619,2,15,5,1,1.388045090252713
1136619,2,15,6,0,1.3979336866422838
1136619,2,15,7,6,2.000084304100442
1136619,2,16,1,1,2.0768811065110215
1136619,2,16,2,0,1.5990089204102025
1136619,2,16,3,1,1.6302151725242
1136619,2,16,4,0,1.4824179276994356
1136619,2,16,5,1,1.3971874321675515
1136619,2,16,6,1,1.3591901205703913
1136619,2,17,1,1,1.4780616752411213
1136619,2,17,2,1,1.4636727998556809
1136619,2,17,3,1,1.4210870424879805
1136619,2,17,4,1,1.3150177357297113
1136619,2,17,5,1,1.3901264740188108
1136619,2,17,6,4,1.4728500679297272
1136619,2,18,1,0,1.5516412366201686
1136619,2,18,2,1,1.493115186528286
1136619,2,18,3,1,1.440272876068127
1136619,2,18,4,1,1.4826598554331725
1136619,2,18,5,2,1.486776040925899
1136619,2,18,6,6,1.7421843063364026
1136619,2,19,1,4,1.6006825329808114
1136619,2,19,2,0,1.8373921705607583
1136619,2,19,3,0,1.4550185860422615
1136619,2,19,4,0,1.5169354313626364
1136619,2,19,5,0,1.3883603153950337
1136619,2,19,6,0,1.4278736228189184
1175357,1,15,1,1,0.9023788948242248
1175357,1,15,2,1,0.9080403974227
1175357,1,15,3,6,3.124222103691358
1175357,1,15,4,1,2.2902502299285716
1175357,1,15,5,1,1.9398175394584762
1175357,1,15,6,0,1.3483553824978753
1175357,1,16,1,1,1.4600004855516138
1175357,1,16,2,0,1.3639902309684757
1175357,1,16,3,0,1.2885109007301563
1175357,1,16,4,1,1.2880162843629255
1175357,1,16,5,1,1.3606790924413479
1175357,1,16,6,1,1.3703253247836162
1175357,1,17,1,2,1.5151960094843275
1175357,1,17,2,1,1.3649364260992938
1175357,1,17,3,0,1.023384955641305
1175357,1,17,4,1,1.00594221174172
1175357,1,17,5,1,0.9869918136354632
1175357,1,17,6,4,1.1623191521910476
1175357,1,18,1,0,1.4548518900498022
1175357,1,18,2,1,1.3316805559815204
1175357,1,18,3,6,1.3923783644776437
1175357,1,18,4,0,1.3462363336655923
1175357,1,18,5,0,1.435029817777925
1175357,1,18,6,4,1.537236701696778
1175357,1,19,1,1,1.970874095626599
1175357,1,19,2,1,1.2852717653716128
1175357,1,19,3,1,1.5157332888672759
1175357,1,19,4,4,1.800930246226759
1175357,1,19,5,2,1.9417615769541117
1175357,1,19,6,2,1.842648847448489
1175357,2,15,1,4,3.9442372820008655
1175357,2,15,2,0,2.010109467528837
1175357,2,15,3,0,1.1675810509245625
1175357,2,15,4,0,0.8639749709697547
1175357,2,15,5,1,0.865204277878384
1175357,2,15,6,4,1.2021776628300647
1175357,2,16,1,0,1.3447880833652648
1175357,2,16,2,2,1.3639902309684757
1175357,2,16,3,1,1.2885109007301563
1175357,2,16,4,1,1.2880162843629255
1175357,2,16,5,1,1.3606790924413479
1175357,2,16,6,1,1.3703253247836162
1175357,2,17,1,6,1.5245887253565724
1175357,2,17,2,6,2.0285635955195516
1175357,2,17,3,1,2.0282417282286933
1175357,2,17,4,1,1.7893250265860074
1175357,2,17,5,4,1.9958308331496277
1175357,2,17,6,1,1.9933193116304584
1175357,2,18,1,4,2.106640788262175
1175357,2,18,2,6,2.627472950351088
1175357,2,18,3,4,2.2423702103819627
1175357,2,18,4,0,2.381032139357391
1175357,2,18,5,6,2.3772300012161653
1175357,2,18,6,1,2.384400413910461
1175357,2,19,1,0,2.509264980335468
1175357,2,19,2,1,2.6899373328500213
1175357,2,19,3,6,2.5689858597046755
1175357,2,19,4,0,2.60946332012083
1175357,2,19,5,6,2.7252563036628494
1175369,1,15,1,1,0.9023788948242248
1175369,1,15,2,2,1.4648385385218987
1175369,1,15,3,0,0.9209354627127218
1175369,1,15,4,2,1.3369564695531806
1175369,1,15,5,4,1.8394737535025207
1175369,1,15,6,1,1.7864397866282715
1175369,1,16,1,1,1.592987161816129
1175369,1,16,2,0,1.4395996184203166
1175369,1,16,3,1,1.3614871327798805
1175369,1,16,4,1,1.3535894411006595
1175369,1,16,5,1,1.4044305409187525
1175369,1,16,6,4,1.5282943696495286
1175369,1,17,1,1,1.421525197012769
1175369,1,17,2,0,1.3775678083307472
1175369,1,17,3,1,1.3274859178542466
1175369,1,17,4,0,1.3000631879455251
1175369,1,17,5,4,1.4019572040758124
1175369,1,17,6,1,1.3922313587135593
1175369,1,18,1,1,1.48307959124135
1175369,1,18,2,1,1.5470399447330856
1175369,1,18,3,1,1.457191607084726
1175369,1,18,4,4,1.4900178134202515
1175369,1,18,5,2,1.6569126051386391
1175369,1,18,6,0,1.4361036020913989
1175369,1,19,1,6,1.7747067924126507
1175369,1,19,2,1,1.8100614538186384
1175369,1,19,3,1,1.9196690527948608
1175369,1,19,4,4,1.943590862584598
1175369,1,19,5,0,1.8766795097352205
1175369,1,19,6,4,1.9795005851451117
1175369,2,15,1,1,0.9023788948242248
1175369,2,15,2,0,0.4646912883608833
1175369,2,15,3,1,0.6125227945681023
1175369,2,15,4,1,0.6913956144576845
1175369,2,15,5,0,0.605672913383301
1175369,2,15,6,1,0.6419335919953075
1175369,2,16,1,4,1.195616695369306
1175369,2,16,2,2,1.3892465752493044
1175369,2,16,3,0,1.1526137127249205
1175369,2,16,4,1,1.0653286873494003
1175369,2,16,5,0,1.0478726356891088
1175369,2,16,6,2,1.2172469959523122
1175369,2,16,7,6,1.5913386078888139
1175369,2,17,1,1,1.5309300874010912
1175369,2,17,2,2,1.6386243721864242
1175369,2,17,3,1,1.6882982655153727
1175369,2,17,4,0,1.578560507621899
1175369,2,17,5,4,1.6976493067529128
1175369,2,17,6,0,1.6554581448332077
1175369,2,17,7,0,1.3673818373889521
1175369,2,18,1,1,1.5298522669422565
1175369,2,18,2,1,1.451810019356098
1175369,2,18,3,0,1.5154928153448846
1175369,2,18,4,1,1.5154928153448846
1175369,2,18,5,1,1.4928763358521464
1175369,2,18,6,0,1.3638407017621599
1175369,2,19,1,2,1.5728572628128523
1175369,2,19,2,1,1.6518311530337748
1175369,2,19,3,0,1.5624498683528552
1175369,2,19,4,1,1.516198156230296
1175369,2,19,5,6,1.6814159970978095
1175370,1,15,1,1,0.9023788948242248
1175370,1,15,2,4,2.485842962026731
1175370,1,15,3,1,2.088270541193096
1175370,1,15,4,2,2.04315242334354
1175370,1,15,5,1,1.8394737535025207
1175370,1,15,6,1,1.7864397866282715
1175370,1,16,1,1,1.592987161816129
1175370,1,16,2,4,2.0768811065110215
1175370,1,16,3,4,2.1875435453018093
1175370,1,16,4,0,1.2636973558914326
1175370,1,16,5,6,1.8776567785209837
1175370,1,16,6,1,1.974950143451002
1175370,1,17,1,1,1.962620180712839
1175370,1,17,2,0,2.0285635955195516
1175370,1,17,3,1,2.0282417282286933
1175370,1,17,4,0,1.99265005566298
1175370,1,17,5,4,2.2726283740117394
1175370,1,17,6,0,1.7552983585615043
1175370,1,18,1,6,1.5758895255520808
1175370,1,18,2,1,1.7959436509183386
1175370,1,18,3,0,1.7768171644600559
1175370,1,18,4,0,1.6436586041626677
1175370,1,18,5,0,1.691095074887332
1175370,1,18,6,0,1.89333041271974
1175370,1,18,7,6,1.9493543679681176
1175370,1,18,8,1,2.0530946491298563
1175370,1,19,1,1,1.9882085301372097
1175370,1,19,2,0,1.8707406554115673
1175370,1,19,3,1,2.010519491741103
1175370,1,19,4,6,2.3517259376773705
1175370,1,19,5,3,2.3747825951198447
1175370,1,19,6,6,1.9365046883595038
1175370,1,19,7,4,1.5797232287339562
1175370,1,19,8,6,2.846295659672415
1175370,2,15,1,4,3.9442372820008655
1175370,2,15,2,4,4.121535081798558
1175370,2,15,3,1,3.034731403705452
1175370,2,15,4,1,2.512863953825723
1175370,2,15,5,1,2.1612178426178725
1175370,2,15,6,0,1.8959607150794853
1175370,2,16,1,0,1.592987161816129
1175370,2,16,2,0,1.4395996184203166
1175370,2,16,3,1,1.3614871327798805
1175370,2,16,4,0,1.2495839493594867
1175370,2,16,5,1,1.1910766607112058
1175370,2,16,6,0,1.2172469959523122
1175370,2,17,1,0,1.170576570893622
1175370,2,17,2,1,1.160985737868845
1175370,2,17,3,0,0.9890870017212562
1175370,2,17,4,6,1.3253835663308202
1175370,2,17,5,0,1.0723608184470208
1175370,2,17,6,0,0.9607027770233738
1175370,2,18,1,1,1.1094578451455208
1175370,2,18,2,1,1.234308333726754
1175370,2,18,3,4,1.3509632218690777
1175370,2,18,4,0,1.3483339451693899
1175370,2,18,5,0,1.2690912815979492
1175370,2,18,6,1,1.165370104929954
1175370,2,19,1,0,1.287883182268428
1175370,2,19,2,6,1.3669110246504041
1175370,2,19,3,4,1.3688957833687716
1175370,2,19,4,1,1.3639659732069243
1175370,2,19,5,0,1.3065471923565162
1175370,2,19,6,0,1.2684570760390996
1178393,1,15,1,1,0.9023788948242248
1178393,1,15,2,0,0.4646912883608833
1178393,1,15,3,0,0.3217605309580484
1178393,1,15,4,0,0.22507564095105426
1178393,1,15,5,0,0.15398375797794425
1178393,1,15,6,1,0.35151518296712064
1178393,1,16,1,1,0.4549866527933408
1178393,1,16,2,1,0.5132306053958435
1178393,1,16,3,2,0.6314432981508051
1178393,1,16,4,1,0.6693630585585479
1178393,1,16,5,0,0.6437844826440376
1178393,1,16,6,1,0.658105318862416
1178393,1,17,1,1,0.7024792510363254
1178393,1,17,2,2,0.8180252953375338
1178393,1,17,3,0,0.8099834201544892
1178393,1,17,4,1,0.8940293541793042
1178393,1,17,5,1,0.9357095554030034
1178393,1,17,6,4,0.9929399143147863
1178393,1,17,7,1,0.9315938077570244
1178393,1,18,1,0,1.1962668270091863
1178393,1,18,2,6,1.5727108582161893
1178393,1,18,3,1,1.637497074103261
1178393,1,18,4,1,1.6547737022454605
1178393,1,18,5,4,1.4980532001639995
1178393,1,18,6,4,1.5313663136445972
1178393,1,18,7,2,1.3583329351800135
1178393,1,19,1,6,1.6569082896805574
1178393,1,19,2,1,1.8543692336983566
1178393,1,19,3,4,1.9528884604328176
1178393,1,19,4,1,2.0293434129190127
1178393,1,19,5,1,2.258538828495396
1178393,1,19,6,1,2.738985453205576
1178393,2,15,1,0,0.020069684090631257
1178393,2,15,2,2,0.9080403974227
1178393,2,15,3,1,0.9209354627127218
1178393,2,15,4,1,0.9299620505963468
1178393,2,15,5,1,0.9462583284432285
1178393,2,15,6,0,0.8891350898831683
1178393,2,16,1,1,0.8813571025036662
1178393,2,16,2,1,0.8778022871935303
1178393,2,16,3,1,0.8322411429664662
1178393,2,16,4,0,0.8066759370508684
1178393,2,16,5,1,0.901158253598942
1178393,2,16,6,1,0.9075103117141873
1178393,2,17,1,1,0.8890048613658793
1178393,2,17,2,1,0.8890048613658793
1178393,2,17,3,0,0.784739761965226
1178393,2,17,4,1,0.871139569296917
1178393,2,17,5,4,0.9738299217038803
1178393,2,17,6,0,0.8788020392394111
1178393,2,18,1,4,1.0981310044609351
1178393,2,18,2,2,1.4481971422651176
1178393,2,18,3,1,1.466434025645017
1178393,2,18,4,1,1.5151813882158611
1178393,2,18,5,1,1.416035853177266
1178393,2,18,6,1,1.3096006455803924
1178393,2,18,7,1,1.222601558332547
1178393,2,18,8,0,1.0086234248596901
1178393,2,19,1,2,1.3833616567626492
1178393,2,19,2,0,1.2360886046110786
1178393,2,19,3,0,1.2233040067058987
1178393,2,19,4,0,1.1027782016646699
1178393,2,19,5,1,0.9559363133319825
1178393,2,19,6,0,0.8784607043531582
1178400,1,15,1,1,0.9023788948242248
1178400,1,15,2,1,0.9080403974227
1178400,1,15,3,4,2.088270541193096
1178400,1,15,4,1,1.7720445878487263
1178400,1,15,5,1,1.6441032820371335
1178400,1,15,6,2,1.7864397866282715
1178400,1,16,1,0,1.5338164747326053
1178400,1,16,2,1,1.4395996184203166
1178400,1,16,3,1,1.3614871327798805
1178400,1,16,4,1,1.3535894411006595
1178400,1,16,5,1,1.4044305409187525
1178400,1,16,6,0,1.2172469959523122
1178400,1,17,1,2,1.4091943786747614
1178400,1,17,2,2,1.4270806416499018
1178400,1,17,3,1,1.373318758703787
1178400,1,17,4,1,1.3692045334736411
1178400,1,17,5,1,1.3487164645986993
1178400,1,17,6,1,1.3139876635066647
1178400,1,18,1,1,1.289191151885616
1178400,1,18,2,0,1.269045460731097
1178400,1,18,3,1,1.321557908743458
1178400,1,18,4,1,1.2465930511332537
1178400,1,18,5,4,1.422657591814876
1178400,1,18,6,1,1.3854861714838704
1178400,1,19,1,2,1.465287531136082
1178400,1,19,2,4,1.4595421541127327
1178400,1,19,3,6,1.9196690527948608
1178400,1,19,4,1,2.0364856548811363
1178400,1,19,5,4,1.8766795097352205
1178400,1,19,6,1,1.8702904245730432
1178400,2,15,1,0,0.020069684090631257
1178400,2,15,2,1,0.4646912883608833
1178400,2,15,3,1,0.6125227945681023
1178400,2,15,4,1,0.6913956144576845
1178400,2,15,5,1,0.7819856434123725
1178400,2,15,6,1,0.8891350898831683
1178400,2,16,1,1,0.8813571025036662
1178400,2,16,2,0,0.9534977389199545
1178400,2,16,3,1,0.9554573923482151
1178400,2,16,4,0,0.9731375409482413
1178400,2,16,5,1,0.9551761091596828
1178400,2,16,6,1,0.988308637141346
1178400,2,17,1,0,0.8986971877736797
1178400,2,17,2,4,1.2216783455432612
1178400,2,17,3,0,1.240699217601898
1178400,2,17,4,1,1.2504056149542584
1178400,2,17,5,0,1.0891916040670968
1178400,2,17,6,1,1.059734154531637
1178400,2,17,7,2,1.0341236732599948
1178400,2,18,1,1,1.113844378259377
1178400,2,18,2,0,1.2203828662234488
1178400,2,18,3,2,1.247943219484682
1178400,2,18,4,2,1.399691759909831
1178400,2,18,5,2,1.330134466174679
1178400,2,18,6,4,1.4272782182235009
1178400,2,19,1,6,1.5504557942471076
1178400,2,19,2,1,1.4496817049685218
1178400,2,19,3,2,2.0431321223482644
1178400,2,19,4,0,1.7966922644200478
1178400,2,19,5,2,1.4849398902313249
1178400,2,19,6,2,1.5577988141010513
1178400,2,19,7,0,1.8742297908846357
1178400,2,19,8,6,1.4139512275568815
1178401,1,15,1,0,-0.0016225146457691717
1178401,1,15,2,4,1.2141793965527776
1178401,1,15,3,0,1.1675810509245625
1178401,1,15,4,6,1.917045210849664
1178401,1,15,5,1,1.7612910378077271
1178401,1,15,6,1,1.5092079316308584
1178401,1,16,1,1,1.6233182003811708
1178401,1,16,2,1,1.6914221542297516
1178401,1,16,3,1,1.74713085973907
1178401,1,16,4,0,1.5145678797463806
1178401,1,16,5,6,1.5376237996435018
1178401,1,16,6,1,1.7717394854512265
1178401,1,17,1,6,1.979895681871114
1178401,1,17,2,2,2.112078744368787
1178401,1,17,3,6,2.631888680283071
1178401,1,17,4,1,2.552989716825896
1178401,1,17,5,1,2.349162316533814
1178401,1,17,6,0,2.097262769684635
1178401,1,18,1,1,2.182773411370523
1178401,1,18,2,0,1.7959436509183386
1178401,1,18,3,4,1.2836468731964636
1178401,1,18,4,1,2.321963164943342
1178401,1,18,5,1,2.131983519832106
1178401,1,18,6,1,1.9502670988384203
1178401,1,19,1,3,1.676763750930983
1178401,1,19,2,0,1.673459202465413
1178401,1,19,3,4,1.6523378688958967
1178401,1,19,4,1,1.8536885218217405
1178401,1,19,5,0,1.9224617525435792
1178401,1,19,6,2,1.8745983025351634
1178401,2,15,1,1,0.9023788948242248
1178401,2,15,2,1,0.9080403974227
1178401,2,15,3,1,0.9209354627127218
1178401,2,15,4,4,1.7720445878487263
1178401,2,15,5,1,1.6441032820371335
1178401,2,15,6,2,1.7864397866282715
1178401,2,16,1,1,1.592987161816129
1178401,2,16,2,4,2.0768811065110215
1178401,2,16,3,6,2.299113281574685
1178401,2,16,4,1,2.1814369820444792
1178401,2,16,5,0,1.9342582825901495
1178401,2,16,6,2,2.1584133084738597
1178401,2,17,1,0,1.926034433385357
1178401,2,17,2,1,1.7565657145387115
1178401,2,17,3,0,1.569085180092697
1178401,2,17,4,1,1.6866116231121955
1178401,2,17,5,1,1.6819642327165718
1178401,2,17,6,2,1.617516111118734
1178401,2,18,1,1,1.5725952986102405
1178401,2,18,2,4,1.696531039083482
1178401,2,18,3,1,1.5984722416591848
1178401,2,18,4,1,1.6656661049312016
1178401,2,18,5,6,2.061654369988031
1178410,1,15,1,4,3.9442372820008655
1178410,1,15,2,6,4.260704029267593
1178410,1,15,3,4,4.600508882866123
1178410,1,15,4,6,4.080294411268288
1178410,1,15,5,0,3.6890223488920206
1178410,1,15,6,6,4.2166159225867
1178410,1,15,7,0,2.79560711767486
1178410,1,16,1,0,1.7204987794163726
1178410,1,16,2,1,1.7616399292459992
1178410,1,16,3,4,1.8747597504323164
1178410,1,16,4,2,2.418293702685038
1178410,1,16,5,4,3.565034461228975
1178410,1,16,6,6,2.1776115681545214
1178410,1,16,7,1,2.6993272174511955
1178410,1,17,1,1,3.225294655792592
1178410,1,17,2,1,2.5562811592086336
1178410,1,17,3,6,3.4275662870428008
1178410,1,17,4,1,2.9931103453605847
1178410,1,17,5,0,3.442467137529799
1178410,1,17,6,0,3.0586659145584836
1178410,1,17,7,0,3.3388726713288435
1178410,1,18,1,2,3.2979825783452528
1178410,1,18,2,6,1.9358225383394772
1178410,1,18,3,4,4.28802364620922
1178410,1,18,4,2,1.569808283219501
1178410,1,18,5,1,1.973809897900731
1178410,1,18,6,4,1.5110845578405847
1178410,1,19,1,1,3.1155789923312187
1178410,1,19,2,4,2.7103014401029433
1178410,1,19,3,6,4.371979003399487
1178410,1,19,4,1,4.19152246355835
1178410,1,19,5,4,3.787777104410527
1178410,1,19,6,0,2.1237096079596958
1178410,2,15,1,4,3.9442372820008655
1178410,2,15,2,0,2.010109467528837
1178410,2,15,3,6,3.656506476100116
1178410,2,15,4,6,3.575648687421251
1178410,2,15,5,1,3.6704897902927747
1178410,2,15,6,0,2.666602186569839
1178410,2,16,1,1,2.4992942850694075
1178410,2,16,2,0,2.258545720209521
1178410,2,16,3,4,2.8172359322004783
1178410,2,16,4,6,2.7039545191930054
1178410,2,16,5,0,2.9287047966489714
1178410,2,16,6,0,2.8329406576062297
1178410,2,16,7,1,2.059270323665454
1178410,2,16,8,1,2.150914167836828
1178410,2,17,1,0,2.3522083274277623
1178410,2,17,2,6,2.514770139437791
1178410,2,17,3,2,2.501162533649455
1178410,2,17,4,6,3.099962953196048
1178410,2,17,5,0,2.6792706085536726
1178410,2,17,6,4,2.788151383026422
1178410,2,18,1,0,2.3728455218856848
1178410,2,18,2,0,2.4610670900883704
1178410,2,18,3,0,2.5345172343874336
1178410,2,18,4,0,2.4442953302499495
1178410,2,18,5,6,2.0945059711731324
1178410,2,18,6,6,2.1487535625966854
1178410,2,18,7,6,3.472946911374958
1178410,2,19,1,0,2.2970807698550337
1178410,2,19,2,1,2.277368130164954
1178410,2,19,3,6,3.4776106876976494
1178410,2,19,4,0,3.4079069196016807
1178410,2,19,5,0,4.187953768114985
1178410,2,19,6,6,1.9829341966045546
1178416,1,15,1,0,0.020069684090631257
1178416,1,15,2,2,0.9080403974227
1178416,1,15,3,0,0.6125227945681023
1178416,1,15,4,0,0.49330975330050547
1178416,1,15,5,1,0.605672913383301
1178416,1,15,6,1,0.6419335919953075
1178416,1,16,1,2,0.8813571025036662
1178416,1,16,2,6,1.4926274112222264
1178416,1,16,3,1,1.463955047696439
1178416,1,16,4,1,1.46184771437223
1178416,1,16,5,1,1.460987790676242
1178416,1,16,6,2,1.4201612014528018
1178416,1,17,1,1,1.4479080462440546
1178416,1,17,2,0,1.4755341058017908
1178416,1,17,3,1,1.4210870424879805
1178416,1,17,4,4,1.6853676545335883
1178416,1,17,5,1,1.5837554740223028
1178416,1,17,6,1,1.5425932236576745
1178416,1,18,1,1,1.5692280621958927
1178416,1,18,2,0,1.5746158668234023
1178416,1,18,3,1,1.476837393639972
1178416,1,18,4,1,1.4301792912389302
1178416,1,18,5,4,1.5385255808268459
1178416,1,18,6,0,1.457854713917508
1178416,1,19,1,1,1.584769767683401
1178416,1,19,2,0,1.5170621563421574
1178416,1,19,3,2,1.496762941506816
1178416,1,19,4,2,1.6461576996616805
1178416,1,19,5,1,1.5590928744599963
1178416,1,19,6,2,1.6082300610195008
1178416,2,15,1,1,0.9023788948242248
1178416,2,15,2,2,1.4648385385218987
1178416,2,15,3,6,3.034731403705452
1178416,2,15,4,1,2.512863953825723
1178416,2,15,5,1,2.1612178426178725
1178416,2,15,6,4,1.9609909574242776
1178416,2,16,1,1,2.2511018800562286
1178416,2,16,2,6,2.69157976375065
1178416,2,16,3,1,2.8172359322004783
1178416,2,16,4,0,2.2858121173120347
1178416,2,16,5,0,2.0619082851233235
1178416,2,16,6,2,2.1497685227612013
1178416,2,17,1,0,1.97263861350494
1178416,2,17,2,0,1.7565657145387115
1178416,2,17,3,1,1.9170835792659113
1178416,2,17,4,0,1.8995278845928236
1178416,2,17,5,1,1.6203487516699009
1178416,2,17,6,0,1.5882914394344707
1178416,2,18,1,0,1.4910645845973332
1178416,2,18,2,1,1.5046845095244592
1178416,2,18,3,1,1.473528003776438
1178416,2,18,4,0,1.4456719269110787
1178416,2,18,5,1,1.5004776403180629
1178416,2,18,6,0,1.4683257203829392
1178416,2,19,1,1,1.5975387843067061
1178416,2,19,2,6,1.5693370079505131
1178416,2,19,3,1,1.7162078820951432
1178416,2,19,4,0,1.534486492693165
1178416,2,19,5,1,1.476503608856171
1178420,1,15,1,1,0.9023788948242248
1178420,1,15,2,0,0.4646912883608833
1178420,1,15,3,2,0.9209354627127218
1178420,1,15,4,1,0.9299620505963468
1178420,1,15,5,0,0.7159985637857804
1178420,1,15,6,1,0.8032657677973281
1178420,1,16,1,1,0.8481191779208007
1178420,1,16,2,0,0.5869993400197919
1178420,1,16,3,1,0.5629711742483919
1178420,1,16,4,1,0.709191249832569
1178420,1,16,5,1,0.789490997078712
1178420,1,16,6,1,0.8007872810717696
1178420,1,17,1,1,0.8599702946355433
1178420,1,17,2,1,0.7980001824621156
1178420,1,17,3,0,0.7936499090821705
1178420,1,17,4,1,0.7885443577599385
1178420,1,17,5,2,0.7743373777510777
1178420,1,17,6,0,0.7295710756453733
1178420,1,17,7,0,0.6865561047021904
1178420,1,18,1,0,0.8176815721784471
1178420,1,18,2,2,0.7923347505047442
1178420,1,18,3,1,0.7340003927841916
1178420,1,18,4,0,0.742166852365082
1178420,1,18,5,1,0.7436792408805734
1178420,1,18,6,1,0.8986456721744526
1178420,1,19,1,1,1.072417966939389
1178420,1,19,2,0,0.9740108875711257
1178420,1,19,3,0,0.7546728508604972
1178420,1,19,4,0,0.8378058459457527
1178420,1,19,5,2,0.9915384531790729
1178420,1,19,6,4,0.817095298417151
1178420,1,19,7,6,0.7472103051739313
1178420,2,15,1,1,0.9023788948242248
1178420,2,15,2,0,0.9080403974227
1178420,2,15,3,1,0.9209354627127218
1178420,2,15,4,0,0.6913956144576845
1178420,2,15,5,0,0.605672913383301
1178420,2,15,6,2,0.8891350898831683
1178420,2,15,7,0,0.7266712792263732
1178420,2,16,1,4,1.2257891868987347
1178420,2,16,2,1,1.1805319316408722
1178420,2,16,3,4,1.4731991544309344
1178420,2,16,4,1,1.4437443493258368
1178420,2,16,5,1,1.3890717353553614
1178420,2,16,6,0,1.2344357886299793
1178420,2,17,1,1,1.2167846621497314
1178420,2,17,2,0,1.204653200105596
1178420,2,17,3,0,1.2106658570186601
1178420,2,17,4,0,1.0893056944314843
1178420,2,17,5,1,1.0903422116784367
1178420,2,17,6,1,1.0533255516325002
1178420,2,18,1,2,1.113844378259377
1178420,2,18,2,1,1.2203828662234488
1178420,2,18,3,0,1.2324224173192655
1178420,2,18,4,1,1.0601147710112058
1178420,2,18,5,0,1.0425753908254816
1178420,2,18,6,0,0.9679180209787768
1178420,2,19,1,4,1.3774224641459283
1181767,1,15,1,1,0.9023788948242248
1181767,1,15,2,6,3.9147273405563037
1181767,1,15,3,1,3.124222103691358
1181767,1,15,4,1,2.2902502299285716
1181767,1,15,5,0,1.28421747837458
1181767,1,15,6,0,1.2021776628300647
1181767,1,16,1,1,1.4457052338472443
1181767,1,16,2,1,1.3639902309684757
1181767,1,16,3,4,1.74713085973907
1181767,1,16,4,6,1.5685360422633015
1181767,1,16,5,1,1.4807982212682163
1181767,1,16,6,1,1.8233785568669165
1181767,1,17,1,0,1.926034433385357
1181767,1,17,2,0,1.6782772729546165
1181767,1,17,3,0,1.5696202202627298
1181767,1,17,4,1,1.5700687730087353
1181767,1,17,5,1,1.584596564315665
1181767,1,17,6,0,1.231805570905638
1181767,1,17,7,0,1.1895605181082214
1181767,1,18,1,2,1.4303584160915759
1181767,1,18,2,2,1.3349655088872667
1181767,1,18,3,2,1.3462363336655923
1181767,1,18,4,0,1.346235417580972
1181767,1,18,5,2,1.2525138398335884
1181767,1,18,6,4,1.4259539041834302
1181767,1,19,1,0,1.433571211617653
1181767,1,19,2,6,1.416328487895779
1181767,1,19,3,0,1.523301185280738
1181767,1,19,4,0,1.3026707638855404
1181767,1,19,5,4,1.4094293410566356
1181767,1,19,6,6,1.5023536256357095
1181767,2,15,1,0,0.020069684090631257
1181767,2,15,2,2,0.9080403974227
1181767,2,15,3,1,0.9209354627127218
1181767,2,15,4,4,1.7720445878487263
1181767,2,15,5,1,1.6441032820371335
1181767,2,15,6,0,1.2022242741582403
1181767,2,16,1,1,1.3447880833652648
1181767,2,16,2,0,1.1904766019981425
1181767,2,16,3,4,1.3728251351005343
1181767,2,16,4,2,1.5145678797463806
1181767,2,16,5,1,1.3896005853872127
1181767,2,16,6,0,1.332884686279604
1181767,2,17,1,0,1.5151960094843275
1181767,2,17,2,4,1.4218109004981512
1181767,2,17,3,0,1.3375440533578453
1181767,2,17,4,0,1.3253835663308202
1181767,2,17,5,4,1.485147057118237
1181767,2,17,6,0,1.3922313587135593
1181767,2,18,1,0,1.556647126978251
1181767,2,18,2,2,1.5470399447330856
1181767,2,18,3,0,1.5223196097255398
1181767,2,18,4,0,1.3483339451693899
1181767,2,18,5,1,1.2462048024119752
1181767,2,18,6,0,1.3364197397786564
1216495,1,15,1,1,0.9023788948242248
1216495,1,15,2,1,0.9080403974227
1216495,1,15,3,0,0.6125227945681023
1216495,1,15,4,1,0.6913956144576845
1216495,1,15,5,4,1.388045090252713
1216495,1,15,6,4,1.8959607150794853
1216495,1,16,1,0,1.592987161816129
1216495,1,16,2,6,2.1235555427654225
1216495,1,16,3,0,1.2917620169686244
1216495,1,16,4,1,1.6365185194317402
1216495,1,16,5,0,1.5417640891493622
1216495,1,16,6,0,1.4365431580250765
1216495,1,17,1,0,1.376664050865275
1216495,1,17,2,0,1.1535563663342279
1216495,1,17,3,0,1.023384955641305
1216495,1,17,4,1,1.00594221174172
1216495,1,17,5,1,0.9869918136354632
1216495,1,17,6,1,0.9607027770233738
1216495,1,18,1,1,1.1094578451455208
1216495,1,18,2,0,1.0952271683803718
1216495,1,18,3,6,1.2837861165661795
1216495,1,18,4,6,1.3950827094813625
1216495,1,18,5,6,1.691095074887332
1216495,1,18,6,1,1.89333041271974
1216495,1,19,1,0,1.3725347678194901
1216495,1,19,2,6,1.8275256977404537
1216495,1,19,3,0,1.5847677773449766
1216495,1,19,4,1,1.6869039666618835
1216495,1,19,5,1,1.516792699340378
1216495,1,19,6,2,2.088377136355459
1216495,2,15,1,0,0.020069684090631257
1216495,2,15,2,4,2.010109467528837
1216495,2,15,3,1,1.6807515274329252
1216495,2,15,4,1,1.5288642536666437
1216495,2,15,5,0,1.2050640477179053
1216495,2,15,6,1,1.194078429226704
1216495,2,16,1,1,1.195616695369306
1216495,2,16,2,0,0.9534977389199545
1216495,2,16,3,1,0.9554573923482151
1216495,2,16,4,0,0.8930505437655144
1216495,2,16,5,1,0.8936780953274226
1216495,2,16,6,0,0.9075103117141873
1216495,2,17,1,4,1.1925457759649365
1216496,1,15,1,1,0.9023788948242248
1216496,1,15,2,4,2.485842962026731
1216496,1,15,3,1,2.088270541193096
1216496,1,15,4,4,2.512863953825723
1216496,1,15,5,2,2.431216830027345
1216496,1,15,6,0,1.9808218241956657
1216496,1,16,1,1,2.0879144162070618
1216496,1,16,2,0,1.5238772126787532
1216496,1,16,3,0,1.3728251351005343
1216496,1,16,4,2,1.5145678797463806
1216496,1,16,5,4,1.623854900875307
1216496,1,16,6,0,1.3032275002063587
1216496,1,17,1,1,1.2647618966591596
1216496,1,17,2,0,1.2085464017792733
1216496,1,17,3,1,1.1054186555697723
1216496,1,17,4,0,1.101035170678429
1216496,1,17,5,0,0.9853884282714532
1216496,1,17,6,1,1.09910872378837
1216496,1,18,1,1,1.3329419664155613
1216496,1,18,2,0,1.2447477988769051
1216496,1,18,3,4,1.2636840152687758
1216496,1,18,4,2,1.2593361849093998
1216496,1,18,5,1,1.2241075109399222
1216496,1,18,6,1,1.2317907818580023
1216496,1,19,1,6,1.6634847552525167
1216496,1,19,2,6,1.7608629650696745
1216496,1,19,3,6,1.7635057007383868
1216496,1,19,4,6,1.695640212134925
1216496,1,19,5,0,1.644349170481126
1216496,1,19,6,0,1.7200334947052676
1216496,1,19,7,1,1.8709467113345257
1216496,1,19,8,1,1.3645189257717387
1216496,1,19,9,1,1.6610195942212065
1216496,2,15,1,0,0.9023788948242248
1216496,2,15,2,0,0.4646912883608833
1216496,2,15,3,4,1.6807515274329252
1216496,2,15,4,1,1.5288642536666437
1216496,2,15,5,0,1.2050640477179053
1216496,2,15,6,0,0.9667782640735617
1216496,2,15,7,1,0.9597159958712175
1216496,2,16,1,1,0.9618481868626843
1216496,2,16,2,6,1.604582513224085
1216496,2,16,3,1,1.5198993088576414
1216496,2,16,4,1,1.4824179276994356
1216496,2,16,5,6,1.7572035977082265
1216496,2,16,6,6,2.026689306382712
1216496,2,17,1,1,2.128808225113945
1216496,2,17,2,6,2.745703822857577
1216496,2,17,3,0,2.7403768618858027
1216496,2,17,4,1,2.5207341489588733
1216496,2,17,5,1,2.3201458662471692
1216496,2,17,6,1,2.384197729839557
1216496,2,18,1,2,2.2080988579734093
1216496,2,18,2,1,1.9645297225686194
1216496,2,18,3,1,2.1864158171634873
1216496,2,18,4,6,2.058080201913572
1216496,2,18,5,0,2.3251547774398573
1216496,2,18,6,0,1.98394764080268
1216496,2,19,1,1,2.0423382840579016
1216496,2,19,2,1,2.0601881491166494
1216496,2,19,3,6,2.501939183534014
1216496,2,19,4,6,2.536125277616853
1216496,2,19,5,6,2.7251652621514064
1216496,2,19,6,1,2.942984203954994
1216499,1,15,1,2,2.003087388375163
1216499,1,15,2,0,0.8029229288079323
1216499,1,15,3,1,0.8515351066200986
1216499,1,15,4,1,0.8639749709697547
1216499,1,15,5,0,0.7159985637857804
1216499,1,15,6,1,0.8032657677973281
1216499,1,16,1,0,0.6932967798456867
1216499,1,16,2,0,0.6112103867814346
1216499,1,16,3,0,0.47543767185803953
1216499,1,16,4,0,0.4709152720487207
1216499,1,16,5,0,0.3726939814003477
1216499,1,16,6,0,0.4477421596883669
1216499,1,17,1,4,0.7535951443424311
1216499,1,17,2,0,0.5001244279363489
1216499,1,17,3,1,0.6586405916356012
1216499,1,17,4,1,0.6973589791659704
1216499,1,17,5,1,0.6454110543991477
1216499,1,17,6,0,0.6202762006535693
1216499,1,17,7,4,0.6858845515930774
1216499,1,18,1,0,0.8972441721220603
1216499,1,18,2,0,0.805798611067063
1216499,1,18,3,0,0.78857295036717
1216499,1,18,4,1,0.742166852365082
1216499,1,18,5,1,0.7436792408805734
1216499,1,18,6,1,0.8986456721744526
1216499,1,18,7,1,0.7526549923586208
1216499,1,19,1,2,0.8503483299059473
1216499,1,19,2,1,0.7886391182159235
1216499,1,19,3,0,0.8095940400200988
1216499,1,19,4,4,1.0135940013213895
1216499,1,19,5,4,0.8808768006316289
1216499,1,19,6,2,0.9324913262804967
1216499,2,15,1,4,3.9442372820008655
1216499,2,15,2,4,4.121535081798558
1216499,2,15,3,0,3.124222103691358
1216499,2,15,4,4,2.898783543592062
1216499,2,15,5,0,2.431216830027345
1216499,2,15,6,1,2.1435090230452665
1216499,2,16,1,1,2.0817635273463275
1216499,2,16,2,0,1.7975090428897986
1216499,2,16,3,1,1.5930285617419049
1216499,2,16,4,1,1.6685881335087278
1216499,2,16,5,1,1.612701704882307
1216499,2,16,6,4,1.8002951192740448
1216499,2,17,1,0,1.6366300757415382
1216499,2,17,2,0,1.6435593027217903
1216499,2,17,3,0,1.4834423439236761
1216499,2,17,4,0,1.6367363852905408
1216499,2,17,5,0,1.4855501043456167
1216499,2,17,6,1,1.4855501043456167
1216499,2,17,7,6,1.6739574313403347
1216499,2,17,8,1,1.568981007968208
1216499,2,17,9,0,1.4174438230850706
1216499,2,18,1,0,1.4949529865591222
1216499,2,18,2,2,1.6268794883046664
1216499,2,18,3,1,1.6117260933346336
1216499,2,18,4,6,1.5020728473971354
1216499,2,18,5,0,1.6813037943630054
1216499,2,18,6,4,1.6289959359008022
1216499,2,19,1,4,1.9410829967595968
1216511,1,15,1,4,3.9442372820008655
1216511,1,15,2,1,2.485842962026731
1216511,1,15,3,1,2.088270541193096
1216511,1,15,4,0,1.5288642536666437
1216511,1,15,5,1,1.388045090252713
1216511,1,15,6,1,1.3979336866422838
1216511,1,16,1,4,1.680474319418438
1216511,1,16,2,0,1.4926274112222264
1216511,1,16,3,1,1.463955047696439
1216511,1,16,4,0,1.3535894411006595
1216511,1,16,5,0,1.1910766607112058
1216511,1,16,6,4,1.4201612014528018
1216511,1,17,1,2,1.421525197012769
1216511,1,17,2,4,1.689405050335162
1216511,1,17,3,2,1.7091337592042555
1216511,1,17,4,1,1.7308314154927584
1216511,1,17,5,6,2.2231493946961334
1216511,1,17,6,4,2.3502101173350898
1216511,1,18,1,0,1.9407427624693814
1216511,1,18,2,2,2.488491952819397
1216511,1,18,3,0,1.9988231488948152
1216511,1,18,4,1,2.1555332089511094
1216511,1,18,5,0,2.2581910108091514
1216511,1,18,6,6,2.245272024951534
1216511,1,18,7,1,2.2307742056164774
1216511,1,19,1,1,2.4310509925130863
1216511,1,19,2,2,2.3715375069503324
1216511,1,19,3,1,2.667597958815107
1216511,1,19,4,4,2.5815011511226973
1216511,1,19,5,1,2.6951549972693005
1216511,1,19,6,6,2.5554108982325197
1216511,1,19,7,1,2.720927227689043
1216511,2,15,1,0,0.020069684090631257
1216511,2,15,2,0,-0.0016225146457691717
1216511,2,15,3,1,0.2708937426629589
1216511,2,15,4,1,0.43383524897764203
1216511,2,15,5,0,0.28166717321150486
1216511,2,15,6,0,0.25286607755695795
1216511,2,16,1,0,0.3047167377932465
1216511,2,16,2,6,0.7621595066904993
1216511,2,16,3,1,0.8148586601524859
1216511,2,16,4,0,0.8634903715247421
1216511,2,16,5,1,0.8513481170566932
1216511,2,16,6,1,0.7977235897677611
1216511,2,17,1,1,0.867562823349635
1216511,2,17,2,1,0.8196837045022471
1216511,2,17,3,4,1.015117089317534
1216511,2,17,4,2,1.00594221174172
1216511,2,17,5,4,1.1681890285193524
1216511,2,17,6,0,1.0585189846303453
1216511,2,18,1,0,1.2110232140515542
1216514,1,15,1,1,0.9023788948242248
1216514,1,15,2,2,1.4648385385218987
1216514,1,15,3,0,1.3587472201842303
1216514,1,15,4,1,1.3369564695531806
1216514,1,15,5,1,1.2050640477179053
1216514,1,15,6,0,0.8809089419877215
1216514,1,15,7,1,0.9288991600346884
1216514,1,16,1,6,1.5238772126787532
1216514,1,16,2,1,1.5003462358253232
1216514,1,16,3,1,1.425357932801794
1216514,1,16,4,0,1.2166311524093458
1216514,1,16,5,1,1.1021965448713045
1216514,1,16,6,1,1.0712142786083725
1216514,1,17,1,6,1.306049374448611
1216514,1,17,2,1,1.4010601348575848
1216514,1,17,3,1,1.3390442349460845
1216514,1,17,4,0,1.261644698925514
1216514,1,17,5,1,1.2317928049539482
1216514,1,17,6,4,1.356710121443993
1216514,1,18,1,1,1.2185146771600321
1216514,1,18,2,0,1.4022334583298786
1216514,1,18,3,6,1.6320003667362555
1216514,1,18,4,2,1.788630068946701
1216514,1,18,5,0,1.5990819788981456
1216514,1,18,6,1,1.6768290659723768
1216514,1,19,1,1,1.4839166045945325
1216514,1,19,2,0,1.8373921705607583
1216514,1,19,3,6,1.922542747425914
1216514,1,19,4,6,2.2531811396265953
1216514,1,19,5,0,1.8573382613998648
1216514,1,19,6,1,2.0089439588244535
1216514,1,19,7,0,2.7879199472026945
1216514,2,15,1,4,3.9442372820008655
1216514,2,15,2,1,2.485842962026731
1216514,2,15,3,0,1.6807515274329252
1216514,2,15,4,0,1.5288642536666437
1216514,2,15,5,0,1.019782970424122
1216514,2,15,6,0,0.8809089419877215
1216514,2,16,1,1,0.9264102299640717
1216514,2,16,2,1,0.9237103319844553
1216514,2,16,3,1,0.9338549894946895
1216514,2,16,4,1,0.9609614590617837
1216514,2,16,5,1,0.9290118711593476
1216514,2,16,6,2,1.0417202891067852
1216514,2,17,1,4,1.5151960094843275
1216514,2,17,2,1,1.3649364260992938
1216514,2,17,3,1,1.3033810733057887
1216514,2,17,4,2,1.3253835663308202
1216514,2,17,5,4,1.485147057118237
1216514,2,17,6,4,1.617516111118734
1216514,2,18,1,1,1.5725952986102405
1216514,2,18,2,3,1.5841144911522063
1216514,2,18,3,0,1.5722530957024907
1216514,2,18,4,1,1.5926429682692822
1216514,2,18,5,1,1.6254337659425426
1216514,2,18,6,1,1.6255511637174231
1216514,2,19,1,4,1.7747067924126507
1216517,1,15,1,1,0.9023788948242248
1216517,1,15,2,1,0.9080403974227
1216517,1,15,3,0,0.5465661387924178
1216517,1,15,4,1,0.6254085348310924
1216517,1,15,5,0,0.5427547087434988
1216517,1,15,6,0,0.44596048668328786
1216517,1,16,1,1,0.5449205661367216
1216517,1,16,2,1,0.6112103867814346
1216517,1,16,3,0,0.47543767185803953
1216517,1,16,4,1,0.5812442333168478
1216517,1,16,5,0,0.5124884733468169
1216517,1,16,6,2,0.5857770390099948
1216517,1,17,1,6,1.0346171831054178
1216517,1,17,2,6,1.2121271169217982
1216517,1,17,3,1,1.1669335037941242
1216517,1,17,4,4,1.3390442349460845
1216517,1,17,5,4,1.4151870079198947
1216517,1,17,6,1,1.432735096173271
1216517,1,18,1,2,1.6700952153941786
1216517,1,18,2,2,1.5832780790220202
1216517,1,18,3,0,1.4227222089175144
1216517,1,18,4,4,1.6518038530110721
1216517,1,18,5,0,1.6591959726888372
1216517,1,18,6,4,1.8714480433792682
1216517,1,19,1,6,1.971697737264586
1216517,1,19,2,1,1.8663103742138902
1216517,1,19,3,1,1.9273898239108074
1216517,1,19,4,2,1.8792094899321035
1216517,1,19,5,6,2.2302443260337426
1216517,1,19,6,4,2.227109192314091
1216517,2,15,1,2,2.003087388375163
1216517,2,15,2,1,1.4648385385218987
1216517,2,15,3,0,1.3587472201842303
1216517,2,15,4,0,0.9299620505963468
1216517,2,15,5,4,1.6441032820371335
1216517,2,15,6,1,1.5457940014337308
1216517,2,15,7,6,1.876454032205312
1216517,2,16,1,2,2.1212882502810695
1216517,2,16,2,2,2.196164443466257
1216517,2,16,3,4,2.280395876795308
1216517,2,16,4,1,2.238493580723051
1216517,2,16,5,0,2.087461030249984
1216517,2,16,6,1,2.307105954437744
1216517,2,17,1,1,2.1578800654937256
1216517,2,17,2,2,2.2086374675143263
1216517,2,17,3,0,1.9396576422099499
1216517,2,17,4,1,1.5624839290389685
1216517,2,17,5,1,1.6012766043914057
1216517,2,17,6,0,1.587734659506644
1216517,2,18,1,2,1.6056992465799254
1216517,2,18,2,4,1.6356810667152888
1216517,2,18,3,1,1.7678732627960192
1216517,2,18,4,4,2.077366078279143
1216517,2,18,5,2,1.9272646867268903
1216517,2,18,6,0,1.8994710615830035
1216517,2,19,1,1,1.9608022349270766
1216517,2,19,2,4,1.8736737206865763
1216517,2,19,3,1,1.9866292799229996
1216517,2,19,4,0,1.720018591496157
1216517,2,19,5,1,1.7346208109864025
1216517,2,19,6,1,1.8333094319028271
1216518,1,15,1,4,3.9442372820008655
1216518,1,15,2,1,2.485842962026731
1216518,1,15,3,0,1.3498696925980536
1216518,1,15,4,1,1.2709199426758684
1216518,1,15,5,2,1.41102788589327
1216518,1,15,6,0,1.2022242741582403
1216518,1,16,1,0,1.1531211715718488
1216518,1,16,2,2,1.3403620319007925
1216518,1,16,3,0,1.1365546041860166
1216518,1,16,4,1,1.0522638143290113
1216518,1,16,5,1,1.0217083976887744
1216518,1,16,6,1,1.0417202891067852
1216518,1,17,1,1,1.170576570893622
1216518,1,17,2,1,1.160985737868845
1216518,1,17,3,4,1.3033810733057887
1216518,1,17,4,6,1.5700687730087353
1216518,1,17,5,4,1.5624839290389685
1216518,1,17,6,0,1.617516111118734
1216518,1,18,1,0,1.4584739667693463
1216518,1,18,2,0,1.3381473614168902
1216518,1,18,3,0,1.1933010841653517
1216518,1,18,4,1,1.2479692546275476
1216518,1,18,5,2,1.2462287605665354
1216518,1,18,6,2,1.3438763656399013
1216518,1,18,7,1,1.30738501602271
1216518,1,19,1,4,1.7379199640785434
1216518,1,19,2,0,1.2607551868360227
1216518,1,19,3,1,1.4550185860422615
1216518,1,19,4,0,1.5169354313626364
1216518,1,19,5,1,1.386392928917318
1216518,1,19,6,0,1.413679324528348
1216518,1,19,7,6,2.045722828701556
1216518,2,15,1,4,3.9442372820008655
1216518,2,15,2,4,4.121535081798558
1216518,2,15,3,4,3.8164245278542466
1216518,2,15,4,0,2.898783543592062
1216518,2,15,5,0,2.431216830027345
1216518,2,15,6,1,2.1435090230452665
1216518,2,16,1,1,2.0817635273463275
1216518,2,16,2,1,2.0768811065110215
1216518,2,16,3,1,1.9409015767713977
1216518,2,16,4,0,1.6685881335087278
1216518,2,16,5,0,1.4824179276994356
1216518,2,16,6,6,1.9198888990438256
1216518,2,17,1,0,1.9035120221234423
1216518,2,17,2,1,1.689405050335162
1216518,2,17,3,0,1.7091337592042555
1216518,2,17,4,0,1.7308314154927584
1216518,2,17,5,6,2.2231493946961334
1216518,2,17,6,1,2.2533969297471304
1216518,2,17,7,1,2.0308879292652913
1216518,2,18,1,4,2.215565147680968
1216523,1,15,1,2,2.003087388375163
1216523,1,15,2,4,3.032967172278069
1216523,1,15,3,0,2.088270541193096
1216523,1,15,4,4,2.512863953825723
1216523,1,15,5,0,1.9398175394584762
1216523,1,15,6,4,2.157035235044497
1216523,1,16,1,1,2.2392795130313607
1216523,1,16,2,4,2.258545720209521
1216523,1,16,3,6,3.063618441826011
1216523,1,16,4,4,2.7039545191930054
1216523,1,16,5,1,2.9287047966489714
1216523,1,16,6,2,2.5144921445511033
1216523,1,17,1,2,2.419208119161692
1216523,1,17,2,4,2.6106464734205885
1216523,1,17,3,4,2.706485383171108
1216523,1,17,4,0,2.9243278049165857
1216523,1,17,5,1,1.9083449869044435
1216523,1,17,6,1,2.7701471254441126
1216523,1,18,1,4,2.576916439761501
1216523,1,18,2,0,2.765140025157963
1216523,1,18,3,0,1.9410138902868583
1216523,1,18,4,0,1.9244845362832976
1216523,1,18,5,2,1.7568276526234454
1216523,1,18,6,1,1.733795994175283
1216523,1,18,7,0,1.6554798345064319
1216523,1,18,8,0,1.7676989281320783
1216523,1,19,1,1,2.020334766342982
1216523,1,19,2,4,2.198184182289775
1216523,1,19,3,0,2.037957138970408
1216523,1,19,4,1,2.268183667341098
1216523,1,19,5,0,2.305329692246742
1216523,1,19,6,0,2.072840317253716
1216523,1,19,7,1,1.8831147875318341
1216523,2,15,1,2,2.003087388375163
1216523,2,15,2,4,3.032967172278069
1216523,2,15,3,2,3.124222103691358
1216523,2,15,4,1,2.2902502299285716
1216523,2,15,5,4,2.5564650679010956
1216523,2,15,6,6,2.4782903773442566
1216523,2,16,1,1,2.614602527808841
1216523,2,16,2,0,2.5994333533905203
1216523,2,16,3,4,2.923643518114977
1216523,2,16,4,0,2.5189832434295814
1216523,2,16,5,1,2.1562870534048537
1216523,2,16,6,1,2.1793098721201387
1216523,2,17,1,1,2.1864477481963553
1216523,2,17,2,0,2.0285635955195516
1216523,2,17,3,0,1.9289533157617307
1216523,2,17,4,0,1.8995278845928236
1216523,2,17,5,0,1.6819642327165718
1216523,2,17,6,1,1.5882914394344707
1216523,2,18,1,2,1.5725952986102405
1216523,2,18,2,1,1.5701067751146784
1216523,2,18,3,1,1.5934730475373178
1216523,2,18,4,0,1.3462363336655923
1216523,2,18,5,2,1.5817178672154046
1216523,2,18,6,0,1.2442307569920936
1216523,2,19,1,2,1.7303989653052214
1216523,2,19,2,0,1.3837578391360101
1216523,2,19,3,4,1.496329498672065
1216523,2,19,4,0,1.491566973015847
1216523,2,19,5,0,1.3282191983303189
1216523,2,19,6,4,1.2585960977525659
1216524,1,15,1,1,0.9023788948242248
1216524,1,15,2,0,0.9080403974227
1216524,1,15,3,1,0.9209354627127218
1216524,1,15,4,0,0.9299620505963468
1216524,1,15,5,0,0.7819856434123725
1216524,1,15,6,0,0.6419335919953075
1216524,1,15,7,2,0.8814936773014872
1216524,1,16,1,1,0.8818908899921564
1216524,1,16,2,0,0.7028389995660109
1216524,1,16,3,4,1.0693276545952153
1216524,1,16,4,0,0.9552901995240701
1216524,1,16,5,4,1.3836415462208083
1216524,1,16,6,6,1.6336023348722308
1216524,1,17,1,1,1.732774607698629
1216524,1,17,2,2,1.6841660368244233
1216524,1,17,3,1,1.687649766366711
1216524,1,17,4,1,1.6690613645539902
1216524,1,17,5,1,1.6449783000896996
1216524,1,17,6,0,1.4728500679297272
1216524,1,18,1,1,1.5071026489321804
1216524,1,18,2,1,1.4808829748611563
1216524,1,18,3,0,1.4241746644178
1216524,1,18,4,4,1.767821871713325
1216524,1,18,5,0,1.4972096316120687
1216524,1,18,6,0,1.434545262158341
1216524,1,18,7,0,1.2171806696114942
1216524,1,18,8,2,1.1602889983897795
1216524,1,19,1,0,1.6932215697442967
1216524,1,19,2,4,1.314479867876406
1216524,1,19,3,1,1.5220503104577685
1216524,1,19,4,0,1.807242386536506
1216524,1,19,5,0,2.035285214217206
1216524,1,19,6,2,1.5614607432984395
1216524,2,15,1,4,3.9442372820008655
1216524,2,15,2,2,3.032967172278069
1216524,2,15,3,0,2.088270541193096
1216524,2,15,4,1,1.7720445878487263
1216524,2,15,5,0,1.388045090252713
1216524,2,15,6,0,1.0713238936777612
1216524,2,16,1,0,0.8300919567310499
1216524,2,16,2,1,0.7621595066904993
1216524,2,16,3,0,0.6659933617072371
1216524,2,16,4,4,1.083005884210847
1216524,2,16,5,1,1.0445904226894558
1216524,2,16,6,1,0.9608726313969608
1216524,2,17,1,4,1.2727107621177147
1216524,2,17,2,2,1.2121271169217982
1216524,2,17,3,6,1.9087779187759413
1216524,2,17,4,1,1.7537757418679536
1216524,2,17,5,2,1.4151870079198947
1216524,2,17,6,0,1.2412859357192512
1216524,2,18,1,1,0.8800613168889599
1216524,2,18,2,4,1.2085166791324242
1216524,2,18,3,0,1.1663541675434745
1216524,2,18,4,1,1.1853043643548828
1216524,2,18,5,0,1.2741363179069487
1216524,2,18,6,0,1.3006917732312269
1216526,1,15,1,0,0.020069684090631257
1216526,1,15,2,1,0.4646912883608833
1216526,1,15,3,1,0.6125227945681023
1216526,1,15,4,2,0.9299620505963468
1216526,1,15,5,0,0.7819856434123725
1216526,1,15,6,0,0.6419335919953075
1216526,1,16,1,4,1.195616695369306
1216526,1,16,2,1,1.226664281089852
1216526,1,16,3,0,0.9554573923482151
1216526,1,16,4,4,1.3535894411006595
1216526,1,16,5,0,1.1910766607112058
1216526,1,16,6,0,1.0688480072904771
1216526,1,17,1,2,1.21946291362546
1216526,1,17,2,1,1.2216783455432612
1216526,1,17,3,1,1.240699217601898
1216526,1,17,4,1,1.2504056149542584
1216526,1,17,5,0,1.1172017628233428
1216526,1,17,6,0,0.9929399143147863
1216526,1,18,1,1,1.0279264109476491
1216526,1,18,2,6,1.5378942477786954
1216526,1,18,3,4,1.4532476199228581
1216526,1,18,4,1,1.4241746644178
1216526,1,18,5,1,1.4980532001639995
1216526,1,18,6,1,1.4948282075602632
1216526,1,19,1,4,1.6142508875993318
1216526,1,19,2,1,1.4108120048308583
1216526,1,19,3,6,1.6803799713074836
1216526,1,19,4,2,2.0190588941103575
1216526,1,19,5,2,1.973890701172148
1216526,1,19,6,6,1.7084604785850352
1216526,2,15,1,1,0.9023788948242248
1216526,2,15,2,4,2.485842962026731
1216526,2,15,3,0,1.6807515274329252
1216526,2,15,4,4,2.2902502299285716
1216526,2,15,5,6,2.8619206640293173
1216526,2,15,6,0,1.9609909574242776
1216526,2,16,1,1,2.2511018800562286
1216526,2,16,2,1,2.1235555427654225
1216526,2,16,3,1,2.013689565851908
1216526,2,16,4,4,2.1814369820444792
1216526,2,16,5,1,2.0619082851233235
1216527,1,15,1,0,0.9023788948242248
1216527,1,15,2,1,0.9080403974227
1216527,1,15,3,1,0.9209354627127218
1216527,1,15,4,1,0.9299620505963468
1216527,1,15,5,0,0.7819856434123725
1216527,1,15,6,1,0.8891350898831683
1216527,1,15,7,1,0.8814936773014872
1216527,1,16,1,1,0.8818908899921564
1216527,1,16,2,4,1.3319133630867661
1216527,1,16,3,0,1.057183361385898
1216527,1,16,4,0,0.929125961523735
1216527,1,16,5,1,0.9096204960646587
1216527,1,16,6,1,0.8773178363109785
1216527,1,17,1,0,0.889794350698834
1216527,1,17,2,4,1.214312987622373
1216527,1,17,3,4,1.3274859178542466
1216527,1,17,4,1,1.1959462944723698
1216527,1,17,5,0,1.1402060853590885
1216527,1,17,6,0,0.9397010727242204
1216527,1,18,1,1,1.2753659903324681
1216527,1,18,2,1,1.2135773219979336
1216527,1,18,3,0,1.1053853938947273
1216527,1,18,4,1,1.1144130110443298
1216527,1,18,5,6,1.2536839845125485
1216527,1,18,6,2,1.3010501815463287
1216527,1,19,1,0,1.627977892145886
1216527,1,19,2,1,1.3777459257100089
1216527,1,19,3,6,1.583732422803517
1216527,1,19,4,4,1.8482323108737237
1216527,1,19,5,0,1.4849398902313249
1216527,1,19,6,0,1.6786380122828661
1216527,1,19,7,6,2.3567803605966824
1216527,2,15,1,6,5.955570283907285
1216527,2,15,2,6,5.895252730882206
1216527,2,15,3,0,3.8164245278542466
1216527,2,15,4,2,3.8281197373599376
1216527,2,15,5,6,3.720803093646301
1216527,2,15,6,1,3.2802240303006145
1216527,2,16,1,0,2.0069977146913818
1216527,2,16,2,1,1.7111194848628248
1216527,2,16,3,2,2.551540639037246
1216527,2,16,4,1,2.0857119855197297
1216527,2,16,5,4,1.8435709277300227
1216527,2,16,6,4,1.594278290247574
1216527,2,17,1,6,3.550699310267177
1216527,2,17,2,6,3.137439088011409
1216527,2,17,3,6,3.582345533066921
1216527,2,17,4,6,3.3455513413719267
1216527,2,17,5,0,3.2586881003840578
1216527,2,17,6,6,3.016832909609322
1216527,2,18,1,0,3.6975570393476307
1216527,2,18,2,6,3.2441115003794243
1216527,2,18,3,6,2.651131457460825
1216527,2,18,4,1,3.2245181227111903
1216527,2,18,5,6,3.3776994884388403
1216527,2,18,6,0,3.5404579495525006
1216527,2,19,1,0,3.956756181108114
1216527,2,19,2,0,2.428304310513325
1216527,2,19,3,4,3.0220272575322817
1216539,1,15,1,4,3.9442372820008655
1216539,1,15,2,1,2.485842962026731
1216539,1,15,3,2,2.2215805140366163
1216539,1,15,4,1,2.04315242334354
1216539,1,15,5,1,1.8394737535025207
1216539,1,15,6,1,1.7864397866282715
1216539,1,16,1,1,1.592987161816129
1216539,1,16,2,1,1.4926274112222264
1216539,1,16,3,2,1.6055138308252017
1216539,1,16,4,4,1.8941278502417735
1216539,1,16,5,2,1.8744451108710782
1216539,1,16,6,2,1.9198888990438256
1216539,1,17,1,0,1.9035120221234423
1216539,1,17,2,0,1.689405050335162
1216539,1,17,3,4,2.0818217886505566
1216539,1,17,4,1,1.9884467060957502
1216539,1,17,5,1,1.5892289771835726
1216539,1,17,6,4,2.2533969297471304
1216539,1,17,7,0,1.7415451484495215
1216539,1,18,1,0,1.7106932358152043
1216539,1,18,2,0,1.6727003963541511
1216539,1,18,3,1,1.6504620553100096
1216539,1,18,4,1,1.7187415816706637
1216539,1,18,5,2,1.6514890557799768
1216539,1,18,6,0,1.687509406839549
1216539,1,19,1,0,1.5645854894133453
1216539,1,19,2,4,1.4496817049685218
1216539,1,19,3,1,1.849063115337246
1216539,1,19,4,4,1.9209315529400905
1216539,1,19,5,0,1.7346208109864025
1216539,1,19,6,1,1.8727866648698392
1216539,2,15,1,1,0.9023788948242248
1216539,2,15,2,1,0.9080403974227
1216539,2,15,3,1,0.9209354627127218
1216539,2,15,4,0,0.6254085348310924
1216539,2,15,5,0,0.5427547087434988
1216539,2,15,6,3,0.8809089419877215
1216539,2,16,1,4,1.4457052338472443
1216539,2,16,2,0,1.3403620319007925
1216539,2,16,3,0,1.1365546041860166
1216539,2,16,4,4,1.3809258319652495
1216539,2,16,5,1,1.3960576063302417
1216539,2,16,6,1,1.332884686279604
1216539,2,17,1,2,1.376664050865275
1216539,2,17,2,0,1.1535563663342279
1216539,2,17,3,2,1.1239121077658514
1216539,2,17,4,4,1.2491831506391757
1216539,2,17,5,1,1.2668396653259177
1216539,2,17,6,1,1.231805570905638
1216539,2,18,1,1,1.4832873235248798
1216539,2,18,2,1,1.3740059215830154
1216539,2,18,3,0,1.2837861165661795
1216539,2,18,4,1,1.2676943151820728
1216539,2,18,5,0,1.327845275971586
1216539,2,18,6,0,1.229753985396616
1216539,2,18,7,0,1.173229121504182
1216539,2,18,8,1,1.120413432217929
1216539,2,19,1,2,1.5264025700667547
1216539,2,19,2,1,1.3736882780679371
1216539,2,19,3,0,1.2550452885802335
1216539,2,19,4,0,1.086573967171907
1216539,2,19,5,1,1.1640165143444503
1216539,2,19,6,0,1.135306570709566
1216542,1,15,1,0,-0.0016225146457691717
1216542,1,15,2,0,-0.0016225146457691717
1216542,1,15,3,0,0.015284436260272864
1216542,1,15,4,0,-0.009084426589602203
1216542,1,15,5,1,0.0698226913929805
1216542,1,15,6,0,0.08002707605906617
1216542,1,16,1,0,0.18825479246512333
1216542,1,16,2,0,0.07669454398495441
1216542,1,16,3,0,0.06233211330893601
1216542,1,16,4,3,0.37617601678677265
1216542,1,16,5,0,0.2819998493585527
1216542,1,16,6,1,0.4477421596883669
1216542,1,17,1,4,0.7535951443424311
1216542,1,17,2,1,0.6526361381547853
1216542,1,17,3,1,0.5581886193388386
1216542,1,17,4,2,0.7032203850629004
1216542,1,17,5,0,0.6474195577948184
1216542,1,17,6,2,0.7471032001410522
1216542,1,18,1,0,0.7920833036309847
1216542,1,18,2,1,0.38839197342696435
1216542,1,18,3,6,0.5505056895676388
1216542,1,18,4,0,0.5155634592611188
1216542,1,18,5,4,1.1394010810403095
1216542,1,18,6,1,0.9933341864365486
1216542,1,19,1,1,0.9352790060850218
1216542,1,19,2,4,0.8634119598544727
1216542,1,19,3,6,0.9661957308125098
1216542,1,19,4,1,1.1500305338354624
1216542,1,19,5,0,0.9844577034628275
1216542,1,19,6,2,1.4060225603237746
1216542,2,15,1,0,0.020069684090631257
1216542,2,15,2,0,0.020069684090631257
1216542,2,15,3,4,1.3587472201842303
1216542,2,15,4,0,0.9299620505963468
1216542,2,15,5,1,0.9462583284432285
1216542,2,15,6,0,0.8891350898831683
1216542,2,16,1,1,0.8813571025036662
1216542,2,16,2,0,0.6932967798456867
1216542,2,16,3,0,0.6035330505915318
1216542,2,16,4,0,0.6239544256725101
1216542,2,16,5,0,0.5124884733468169
1216543,1,15,1,1,0.9023788948242248
1216543,1,15,2,0,0.4646912883608833
1216543,1,15,3,1,0.6125227945681023
1216543,1,15,4,0,0.49330975330050547
1216543,1,15,5,1,0.605672913383301
1216543,1,15,6,0,0.44596048668328786
1216543,1,16,1,0,0.429584841639941
1216543,1,16,2,2,0.6112103867814346
1216543,1,16,3,1,0.6035330505915318
1216543,1,16,4,1,0.648303919144556
1216543,1,16,5,6,1.2018971145308084
1216543,1,16,6,0,1.1774690987781962
1216543,1,17,1,0,1.170576570893622
1216543,1,17,2,1,1.160985737868845
1216543,1,17,3,0,0.9890870017212562
1216543,1,17,4,2,1.0893056944314843
1216543,1,17,5,1,1.0891916040670968
1216543,1,17,6,1,1.059734154531637
1216543,1,18,1,1,1.0845283104777521
1216543,1,18,2,1,1.131196362574331
1216543,1,18,3,1,1.0967000330808978
1216543,1,18,4,1,1.2310722489678372
1216543,1,18,5,0,1.0425753908254816
1216543,1,18,6,0,0.8889026514269762
1216543,1,19,1,1,1.024280379092571
1216543,1,19,2,2,0.9903633716428223
1216543,1,19,3,1,0.9690362521438697
1216543,1,19,4,0,0.9290966758923508
1216543,1,19,5,4,1.1565176728106124
1216543,1,19,6,0,0.9543052774747938
1216543,2,15,1,1,0.9023788948242248
1216543,2,15,2,0,0.4646912883608833
1216543,2,15,3,0,0.3217605309580484
1216543,2,15,4,0,0.22507564095105426
1216543,2,15,5,0,0.15398375797794425
1216543,2,15,6,1,0.35151518296712064
1216543,2,16,1,1,0.4549866527933408
1216543,2,16,2,0,0.38534430774626105
1216543,2,16,3,2,0.5687716527523864
1216543,2,16,4,1,0.6419446900997121
1216543,2,16,5,4,0.8936780953274226
1216543,2,16,6,0,0.9075103117141873
1216543,2,17,1,0,0.8890048613658793
1216543,2,17,2,1,0.8890048613658793
1216543,2,17,3,0,0.784739761965226
1216543,2,17,4,1,0.871139569296917
1216543,2,17,5,0,0.7280798445208844
1216543,2,17,6,1,0.7370356757564533
1216543,2,18,1,1,0.8258429873543448
1216543,2,18,2,0,0.7725138064373227
1216543,2,18,3,0,0.7683159082981794
1216543,2,18,4,0,0.662393031459301
1216543,2,18,5,1,0.6548324505746461
1216543,2,18,6,1,0.6784750923435819
1216543,2,19,1,0,0.7735316526082123
1216543,2,19,2,1,0.7457491530171367
1216543,2,19,3,1,0.7281485777051255
1216543,2,19,4,0,0.7493727426881731
1216543,2,19,5,1,0.7703368711985671
1216543,2,19,6,4,1.1331573023974402
1216543,2,19,7,0,1.4678364044207215
1254058,1,15,1,0,0.020069684090631257
1254058,1,15,2,1,0.4646912883608833
1254058,1,15,3,2,0.9209354627127218
1254058,1,15,4,4,1.7720445878487263
1254058,1,15,5,0,1.388045090252713
1254058,1,15,6,0,1.0713238936777612
1254058,1,16,1,0,1.1531211715718488
1254058,1,16,2,4,1.3964930752809548
1254058,1,16,3,1,1.3728251351005343
1254058,1,16,4,0,1.2880162843629255
1254058,1,16,5,0,1.2018971145308084
1254058,1,16,6,1,1.1774690987781962
1254058,1,16,7,0,0.9385657491895409
1254058,1,17,1,0,0.9971288769043003
1254058,1,17,2,1,0.9971288769043003
1254058,1,17,3,2,1.0902262742425561
1254058,1,17,4,0,0.8248405813775215
1254058,1,17,5,0,0.7703901636186087
1254058,1,17,6,1,0.7337466330978022
1254058,1,18,1,1,0.9759424330624829
1254058,1,18,2,1,0.9068140300339188
1254058,1,18,3,4,1.139536599316965
1254058,1,18,4,0,1.1144130110443298
1254058,1,18,5,1,1.0974747605764779
1254058,1,18,6,4,1.1748122933011147
1254058,1,18,7,0,1.115707239219621
1254058,1,19,1,0,1.1821021617443137
1254058,1,19,2,0,1.0553895741008599
1254058,1,19,3,0,0.9858429525169622
1254058,1,19,4,0,0.9170911818752826
1254058,1,19,5,0,0.8802199347052121
1254058,1,19,6,1,0.4626007412292475
1254058,2,15,1,4,3.9442372820008655
1254058,2,15,2,6,4.260704029267593
1254058,2,15,3,1,4.45589610986572
1254058,2,15,4,1,2.898783543592062
1254058,2,15,5,2,2.797541098546957
1254058,2,15,6,1,1.9609909574242776
1254058,2,16,1,1,2.2511018800562286
1254058,2,16,2,0,2.073158221036212
1254058,2,16,3,0,1.8549190832241085
1254058,2,16,4,0,1.5869106705347185
1254058,2,16,5,3,1.623854900875307
1254058,2,16,6,1,1.5943415201860505
1254058,2,17,1,6,1.9689532618505674
1254058,2,17,2,1,2.0285635955195516
1254058,2,17,3,1,2.0282417282286933
1254058,2,17,4,4,2.0880982455471124
1254058,2,17,5,2,2.010729002314552
1254058,2,17,6,1,2.0045738173374703
1254058,2,18,1,4,2.182773411370523
1254058,2,18,2,2,1.9386623730472652
1254058,2,18,3,4,2.4171913141820887
1254058,2,18,4,1,2.632525579905819
1254058,2,18,5,0,1.9961264429885153
1254058,2,18,6,1,2.006416901985301
1254058,2,19,1,1,1.971697737264586
1254058,2,19,2,2,1.7672353671404084
1254058,2,19,3,1,1.8763127382723157
1254058,2,19,4,1,1.5836317598658936
1254058,2,19,5,0,1.6545097880716828
1254058,2,19,6,1,1.6323257850010375
1254059,1,15,1,1,0.8060282530364471
1254059,1,15,2,0,0.4090551015098703
1254059,1,15,3,0,0.23759946437308474
1254059,1,15,4,4,0.8776967394156227
1254059,1,15,5,1,0.7524765180259554
1254059,1,15,6,1,0.7567912091791087
1254059,1,16,1,1,0.9910129063152783
1254059,1,16,2,1,1.0227840406884023
1254059,1,16,3,0,0.8148586601524859
1254059,1,16,4,1,0.85626716567394
1254059,1,16,5,0,0.8513481170566932
1254059,1,16,6,4,0.9608726313969608
1254059,1,17,1,1,0.9870365987378117
1254059,1,17,2,0,0.9730280174090519
1254059,1,17,3,1,0.8935665486039138
1254059,1,17,4,1,0.8823796262257653
1254059,1,17,5,1,0.878428853891542
1254059,1,17,6,1,0.8586352481573745
1254059,1,18,1,4,1.2362926298380414
1254059,1,18,2,1,1.226277593286736
1254059,1,18,3,0,1.3095257905242756
1254059,1,18,4,6,1.3313642020164658
1254059,1,18,5,6,1.596765746025187
1254059,1,18,6,4,1.89333041271974
1254059,1,18,7,1,1.718489310839542
1254059,1,19,1,4,2.106597479793592
1254059,1,19,2,1,1.8135151911057035
1254059,1,19,3,2,1.8783627278931887
1254059,1,19,4,2,1.8545072803400782
1254059,1,19,5,1,1.7349494708050845
1254059,1,19,6,0,1.430466938336712
1254059,2,15,1,0,0.020069684090631257
1254059,2,15,2,1,0.4646912883608833
1254059,2,15,3,4,1.6807515274329252
1254059,2,15,4,0,1.3369564695531806
1254059,2,15,5,1,1.2050640477179053
1254059,2,15,6,0,1.194078429226704
1254059,2,15,7,0,0.9597159958712175
1254059,2,16,1,4,1.442127187859647
1254059,2,16,2,4,1.5990089204102025
1254059,2,16,3,0,1.6302151725242
1254059,2,16,4,0,1.3896005853872127
1254059,2,16,5,0,1.3055293257503013
1254059,2,16,6,4,1.5269663555879758
1254059,2,16,7,0,1.2934082282278245
1254059,2,16,8,0,1.1563053687951486
1254059,2,17,1,1,1.377798864843314
1254059,2,17,2,1,1.4838663706516713
1254059,2,17,3,2,1.3967622376754085
1254059,2,17,4,1,1.3935706043932643
1254059,2,17,5,4,1.4500920011901157
1254059,2,17,6,1,1.5220053494279062
1254059,2,18,1,4,1.6612478769572818
1254059,2,18,2,0,1.6041070651162677
1254059,2,18,3,0,1.4502430420939525
1254059,2,18,4,4,1.6055480627049254
1254069,1,15,1,2,2.003087388375163
1254069,1,15,2,2,2.010109467528837
1254069,1,15,3,0,1.3587472201842303
1254069,1,15,4,1,1.3369564695531806
1254069,1,15,5,1,1.2050640477179053
1254069,1,15,6,0,0.9667782640735617
1254069,1,16,1,1,0.9596481545469372
1254069,1,16,2,1,0.9534977389199545
1254069,1,16,3,0,0.9554573923482151
1254069,1,16,4,4,1.3535894411006595
1254069,1,16,5,2,1.460987790676242
1254069,1,16,6,1,1.41465737774586
1254069,1,17,1,4,1.584824554950697
1254069,1,17,2,0,1.4203475321411547
1254069,1,17,3,2,1.3482231503491577
1254069,1,17,4,6,1.99265005566298
1254069,1,17,5,2,1.6860653437675541
1254069,1,17,6,1,1.7053137475405917
1254069,1,18,1,1,1.7097014671908306
1254069,1,18,2,4,1.5255653558996825
1254069,1,18,3,0,1.5816078213367817
1254069,1,18,4,4,1.6436586041626677
1254069,1,18,5,4,2.2249692229285305
1254069,1,18,6,0,2.1248678848742797
1254069,1,18,7,0,2.065500455440189
1254069,1,18,8,0,1.9906632236865371
1254069,1,19,1,1,1.5895013521814156
1254069,1,19,2,1,1.5720718480059284
1254069,1,19,3,2,1.9116832257059195
1254069,1,19,4,2,1.390093695357738
1254069,1,19,5,0,1.5754686659367034
1254069,1,19,6,2,2.2151635600086603
1254069,1,19,7,6,1.8655034968045572
1254069,2,15,1,1,0.9023788948242248
1254069,2,15,2,0,0.9080403974227
1254069,2,15,3,1,0.9209354627127218
1254069,2,15,4,0,0.9299620505963468
1254069,2,15,5,2,1.2050640477179053
1254069,2,15,6,2,1.3979336866422838
1254069,2,15,7,0,1.1862645003674042
1254069,2,16,1,0,0.9618481868626843
1254069,2,16,2,1,0.9849824872202845
1254069,2,16,3,1,0.9771365081940568
1254069,2,16,4,1,0.9552901995240701
1254069,2,16,5,0,0.8627788688596083
1254069,2,16,6,1,0.8543316910535504
1254069,2,17,1,0,0.8890048613658793
1254069,2,17,2,6,1.266797415656204
1254069,2,17,3,0,1.2424661666829773
1254069,2,17,4,1,1.203536402221635
1254069,2,17,5,4,1.473471031254923
1254069,2,17,6,1,1.4612636565805948
1254069,2,18,1,1,1.5501189285203174
1254069,2,18,2,2,1.5114370568595106
1254069,2,18,3,6,1.6504620553100096
1254069,2,18,4,6,1.8105030372162045
1254069,2,18,5,0,1.5007096383309195
1254069,2,18,6,0,1.750346302346988
1254069,2,19,1,4,1.9608022349270766
1254069,2,19,2,0,1.623725994222666
1254069,2,19,3,0,1.950237330051725
1254069,2,19,4,0,1.8394869179532656
1254069,2,19,5,0,1.8800551289519418
1254069,2,19,6,0,1.6110430420359565
1254069,2,19,7,0,1.7411053373080136
1254069,2,19,8,0,1.34505269753124
1254073,1,15,1,1,0.9023788948242248
1254073,1,15,2,4,2.485842962026731
1254073,1,15,3,0,1.3498696925980536
1254073,1,15,4,1,1.2709199426758684
1254073,1,15,5,1,1.1653868543615928
1254073,1,15,6,1,1.2022242741582403
1254073,1,16,1,1,1.3447880833652648
1254073,1,16,2,0,1.3403620319007925
1254073,1,16,3,1,1.2300880195507975
1254073,1,16,4,1,1.1770179680949384
1254073,1,16,5,1,1.2018971145308084
1254073,1,16,6,0,1.0417202891067852
1254073,1,16,7,4,1.2803996894704202
1254073,1,17,1,1,1.377067888143429
1254073,1,17,2,0,1.204653200105596
1254073,1,17,3,2,1.3049197442019576
1254073,1,17,4,1,1.260258604819142
1254073,1,17,5,0,1.1402060853590885
1254073,1,17,6,0,1.1622966325368602
1254073,1,17,7,0,1.1104846805807937
1254073,1,17,8,6,1.1967203212008735
1254073,1,18,1,0,1.48079774739877
1254073,1,18,2,0,1.5190130234170889
1254073,1,18,3,0,1.455155495842533
1254073,1,18,4,6,1.524352624400658
1254073,1,18,5,2,1.5574877268317828
1254073,1,18,6,4,1.7215703758343004
1254073,1,18,7,0,1.5894232785793845
1254073,1,19,1,0,1.3230973034720683
1254073,1,19,2,0,1.0754131477825433
1254073,1,19,3,0,1.3278238533080997
1254073,1,19,4,6,1.5868046597501368
1254073,1,19,5,0,1.25729018599812
1254073,1,19,6,1,0.6693822061552482
1254073,2,15,1,1,0.9023788948242248
1254073,2,15,2,4,2.485842962026731
1254073,2,15,3,1,2.088270541193096
1254073,2,15,4,1,1.7720445878487263
1254073,2,15,5,1,1.6441032820371335
1254073,2,15,6,0,1.3979336866422838
1254073,2,16,1,4,1.680474319418438
1254073,2,16,2,0,1.6429931146659222
1254073,2,16,3,1,1.6055138308252017
1254073,2,16,4,0,2.179853686410665
1254085,1,15,1,4,3.9442372820008655
1254085,1,15,2,1,2.485842962026731
1254085,1,15,3,4,3.034731403705452
1254085,1,15,4,2,2.8611360293591797
1254085,1,15,5,1,2.431216830027345
1254085,1,15,6,1,2.1435090230452665
1254085,1,16,1,0,2.0879144162070618
1254085,1,16,2,0,1.7975090428897986
1254085,1,16,3,1,1.5930285617419049
1254085,1,16,4,4,2.179853686410665
1254085,1,16,5,0,1.949241678998902
1254085,1,16,6,0,1.7297057092748835
1254085,1,16,7,4,2.072770569473188
1254085,1,16,8,1,2.0857260193810174
1254085,1,17,1,1,1.7991291567374659
1254085,1,17,2,1,1.9297551657075729
1254085,1,17,3,0,1.5624839290389685
1254085,1,17,4,1,1.596081637991002
1254085,1,17,5,6,2.0808142456914833
1254085,1,17,6,2,1.8761789006711804
1254085,1,17,7,1,2.0472291386919506
1254085,1,18,1,1,1.9502452718418908
1254085,1,18,2,6,2.259640994314969
1254085,1,18,3,0,2.1168660744246584
1254085,1,18,4,4,2.408422155352356
1254085,1,18,5,6,2.490727724138948
1254085,1,18,6,6,2.2116277830834226
1254085,1,18,7,0,2.1403061437880346
1254085,1,19,1,1,2.634461235177396
1254085,1,19,2,0,2.408423386783895
1254085,1,19,3,1,2.512848330400784
1254085,1,19,4,2,2.0297914597483495
1254085,1,19,5,1,2.312618393084384
1254085,1,19,6,6,2.095277406383196
1254085,2,15,1,6,5.955570283907285
1254085,2,15,2,0,3.9147273405563037
1254085,2,15,3,2,3.034731403705452
1254085,2,15,4,0,2.2902502299285716
1254085,2,15,5,0,1.8394737535025207
1254085,2,15,6,1,1.7864397866282715
1254085,2,15,7,1,1.611274668103666
1254085,2,16,1,1,1.495154980661557
1254085,2,16,2,0,1.5169433784374367
1254085,2,16,3,0,1.3575884083464744
1254085,2,16,4,0,1.1827000199935103
1254085,2,16,5,0,1.0186578437085037
1254085,2,16,6,0,0.8773178363109785
1254085,2,16,7,0,0.656295386659506
1254085,2,17,1,0,0.8764525431338941
1254085,2,17,2,0,0.8164751604999807
1254085,2,17,3,0,0.7685255114371792
1254085,2,17,4,1,0.7578451831641875
1254085,2,17,5,1,0.736450051159402
1254085,2,17,6,0,0.6841317948135333
1254085,2,17,7,4,0.761809465253113
1254085,2,18,1,1,0.9789984267510276
1254085,2,18,2,1,0.8634185076353925
1254085,2,18,3,1,0.8839858221767949
1254085,2,18,4,1,0.9040443594047963
1254085,2,18,5,4,0.9964871530851332
1254085,2,18,6,1,0.9764040859913209
1254085,2,19,1,0,1.0494872583746262
1254085,2,19,2,0,0.9346235696630018
1254085,2,19,3,4,0.9756011603637658
1254085,2,19,4,1,0.9554001615073608
1254085,2,19,5,1,1.0300975369380345
1254085,2,19,6,1,0.9744405255126365
1254089,1,15,1,1,0.9023788948242248
1254089,1,15,2,1,0.9080403974227
1254089,1,15,3,4,2.088270541193096
1254089,1,15,4,4,2.512863953825723
1254089,1,15,5,6,3.152635211286544
1254089,1,15,6,1,2.666602186569839
1254089,1,16,1,1,2.4992942850694075
1254089,1,16,2,0,2.2695946371302393
1254089,1,16,3,0,1.4322934541612367
1254089,1,16,4,1,1.2636973558914326
1254089,1,16,5,0,1.751894089152673
1254089,1,16,6,4,1.9147490440829367
1254089,1,16,7,1,2.072770569473188
1254089,1,17,1,6,2.1243663144010374
1254089,1,17,2,1,2.2172269648007363
1254089,1,17,3,0,2.0880982455471124
1254089,1,17,4,2,2.0474444694324903
1254089,1,17,5,4,2.101863804470034
1254089,1,17,6,1,2.182415518022134
1254089,1,18,1,2,1.97466562550708
1254089,1,18,2,0,1.9157655867196586
1254089,1,18,3,2,2.302193965219289
1254089,1,18,4,4,2.103190180274642
1254089,1,18,5,0,2.3251547774398573
1254089,1,18,6,1,2.2112401905715635
1254089,1,18,7,2,1.9566039012273666
1254089,1,19,1,4,2.430842359357401
1254089,1,19,2,6,2.4246459685816713
1254089,1,19,3,0,2.4949627043320333
1254089,1,19,4,4,2.565615707297766
1254089,1,19,5,1,2.517977949529562
1254089,1,19,6,0,2.422518630438961
1254089,1,19,7,6,2.134901444181627
1254089,2,15,1,4,3.9442372820008655
1254089,2,15,2,0,2.010109467528837
1254089,2,15,3,1,1.6807515274329252
1254089,2,15,4,0,1.1668484245835244
1254089,2,15,5,0,0.865204277878384
1254089,2,15,6,0,0.8032657677973281
1254089,2,16,1,1,0.8481191779208007
1254089,2,16,2,0,0.8445643626106648
1254089,2,16,3,4,1.2300880195507975
1254089,2,16,4,2,1.2880162843629255
1254089,2,16,5,1,1.3606790924413479
1254089,2,16,6,1,1.3703253247836162
1254089,2,16,7,6,1.5275702817907684
1254089,2,17,1,2,1.567358003213306
1254089,2,17,2,1,1.549979175775153
1254089,2,17,3,1,1.5700687730087353
1254094,1,15,1,1,0.9023788948242248
1254094,1,15,2,0,0.4646912883608833
1254094,1,15,3,2,0.9209354627127218
1254094,1,15,4,0,0.6913956144576845
1254094,1,15,5,1,0.7819856434123725
1254094,1,15,6,0,0.6419335919953075
1254094,1,16,1,1,0.7265347044285522
1254094,1,16,2,1,0.7265347044285522
1254094,1,16,3,0,0.704124715144713
1254094,1,16,4,4,1.0653286873494003
1254094,1,16,5,0,0.9551761091596828
1254094,1,16,6,2,1.0688480072904771
1254094,1,16,7,1,0.9810166026425932
1254094,1,17,1,1,1.1829549429401596
1254094,1,17,2,1,1.1293049425032438
1254094,1,17,3,1,1.1173158531877303
1254094,1,17,4,1,1.1173158531877303
1254094,1,17,5,4,1.2323939535997197
1254094,1,17,6,4,1.4733427296712884
1254094,1,18,1,1,1.5771434362627328
1254094,1,18,2,0,1.6280230597511836
1254094,1,18,3,1,1.4913987455868165
1254094,1,18,4,0,1.54968005063715
1254094,1,18,5,6,1.5589850511235173
1254094,1,18,6,1,1.5313663136445972
1254094,1,19,1,4,1.7476249498585863
1254094,1,19,2,6,1.8091578911028883
1254094,1,19,3,0,1.950237330051725
1254094,1,19,4,1,1.8741146353909015
1254094,1,19,5,0,1.9174718338184842
1254094,1,19,6,4,1.5828190338980261
1254094,1,19,7,0,2.4078634630195226
1254108,1,15,1,1,0.9023788948242248
1254108,1,15,2,1,0.9080403974227
1254108,1,15,3,4,2.088270541193096
1254108,1,15,4,1,1.7720445878487263
1254108,1,15,5,0,1.1653868543615928
1254108,1,15,6,0,1.0713238936777612
1254108,1,16,1,0,0.9264102299640717
1254108,1,16,2,6,1.5238772126787532
1254108,1,16,3,1,1.503345586048876
1254108,1,16,4,1,1.5145678797463806
1254108,1,16,5,0,1.3896005853872127
1254108,1,16,6,4,1.5943415201860505
1254108,1,16,7,0,1.530878172893624
1254108,1,17,1,6,1.9907664516812462
1254108,1,17,2,4,1.9495742885136778
1254108,1,17,3,0,1.9416642307989271
1254108,1,17,4,4,2.0474444694324903
1254108,1,17,5,2,2.078451788864258
1254108,1,17,6,1,2.156509267111904
1254108,1,18,1,4,1.97466562550708
1254108,1,18,2,0,1.9157655867196586
1254108,1,18,3,0,2.121613034949712
1254108,1,18,4,0,1.7105970590685093
1254108,1,18,5,0,1.5428511721938818
1254108,1,18,6,1,1.4248239206620077
1254108,1,18,7,0,1.5510941015187054
1254108,1,19,1,0,1.1066670462357404
1254108,1,19,2,0,1.359923922451512
1254108,1,19,3,1,1.440782397700308
1254108,1,19,4,0,1.422970727251444
1254108,1,19,5,1,1.3543380649522079
1254108,1,19,6,1,1.3207875697064366
1254108,2,15,1,0,0.020069684090631257
1254108,2,15,2,2,0.9080403974227
1254108,2,15,3,1,0.9209354627127218
1254108,2,15,4,1,0.9299620505963468
1254108,2,15,5,1,0.9462583284432285
1254108,2,15,6,1,0.9667782640735617
1254108,2,16,1,0,0.9596481545469372
1254108,2,16,2,0,0.8445643626106648
1254108,2,16,3,0,0.5629711742483919
1254108,2,16,4,0,0.632884566899026
1254108,2,16,5,0,0.5409384960547993
1254108,2,16,6,4,0.9953518245839734
1254108,2,16,7,1,0.7104443277468959
1254108,2,17,1,0,0.8767952281326766
1254108,2,17,2,0,0.6978446620456029
1254108,2,17,3,0,0.695916183609234
1254108,2,17,4,0,0.6454110543991477
1254108,2,17,5,0,0.5801614618941958
1254108,2,17,6,0,0.5537428530072169
1254108,2,18,1,0,0.6615115761402613
1254110,1,15,1,1,0.9023788948242248
1254110,1,15,2,1,0.9080403974227
1254110,1,15,3,1,0.9209354627127218
1254110,1,15,4,1,0.9299620505963468
1254110,1,15,5,1,0.9462583284432285
1254110,1,15,6,1,0.9667782640735617
1254110,1,16,1,0,0.8813571025036662
1254110,1,16,2,0,0.7265347044285522
1254110,1,16,3,4,1.1526137127249205
1254110,1,16,4,0,0.9731375409482413
1254110,1,16,5,1,0.9551761091596828
1254110,1,16,6,0,0.9153027719359604
1254110,1,17,1,0,0.8890048613658793
1254110,1,17,2,4,1.1829549429401596
1254110,1,17,3,0,1.0110562067925724
1254110,1,17,4,0,1.0059013849569844
1254110,1,17,5,6,1.2703873108693138
1254110,1,17,6,2,1.473471031254923
1254110,1,17,7,1,1.3261511754262074
1254110,1,18,1,0,1.540421817218026
1254110,1,18,2,6,1.5985425896631769
1254110,1,18,3,1,1.4639835354106767
1254110,1,18,4,1,1.5908301959786488
1254110,1,18,5,2,1.5589850511235173
1254110,1,18,6,4,1.6271106799165935
1254110,1,19,1,0,1.5504557942471076
1254110,1,19,2,0,1.667543131276247
1254110,1,19,3,1,1.8967902886543846
1254110,1,19,4,1,1.8904639576198374
1254110,1,19,5,0,1.6498320149755872
1254110,1,19,6,1,1.653061468005274
1254110,2,15,1,0,0.020069684090631257
1254110,2,15,2,2,0.9080403974227
1254110,2,15,3,1,0.9209354627127218
1254110,2,15,4,1,0.9299620505963468
1254110,2,15,5,0,0.7819856434123725
1254110,2,15,6,1,0.8891350898831683
1254110,2,16,1,1,0.8813571025036662
1254110,2,16,2,1,0.8778022871935303
1254110,2,16,3,1,0.8322411429664662
1254110,2,16,4,0,0.8066759370508684
1254110,2,16,5,1,0.901158253598942
1254110,2,16,6,1,0.9075103117141873
1254110,2,17,1,0,0.8890048613658793
1254110,2,17,2,0,0.8180252953375338
1254110,2,17,3,4,1.0110562067925724
1254110,2,17,4,0,1.0059013849569844
1254110,2,17,5,4,1.203536402221635
1254110,2,17,6,1,1.1789006035614402
1254110,2,17,7,0,1.095334204122111
1254110,2,17,8,1,1.3034574078105026
1254110,2,18,1,0,1.4813561618822018
1254110,2,18,2,1,1.3021828194516842
1254110,2,18,3,0,1.1469363051992751
1254110,2,18,4,6,1.5688723152428734
1254110,2,18,5,2,1.5592120448924194
1254110,2,18,6,1,1.6990466271331819
1254110,2,19,1,2,1.617138901994223
1254110,2,19,2,0,1.714935198964197
1254110,2,19,3,0,1.656475837347054
1254110,2,19,4,0,1.3026495700624037
1254110,2,19,5,4,1.5739182742980935
1254114,1,15,1,0,0.9023788948242248
1254114,1,15,2,1,0.9080403974227
1254114,1,15,3,6,3.124222103691358
1254114,1,15,4,2,2.512863953825723
1254114,1,15,5,1,2.1612178426178725
1254114,1,15,6,1,1.9808218241956657
1254114,1,15,7,0,1.9843013893913217
1254114,1,15,8,1,2.237219614863848
1254114,1,16,1,1,1.5990089204102025
1254114,1,16,2,4,2.1802561157929534
1254114,1,16,3,1,1.9091784157254656
1254114,1,16,4,1,1.7279016692210423
1254114,1,16,5,0,1.633755437252113
1254114,1,16,6,1,1.6779232983153949
1254114,1,16,7,4,1.9129350166941803
1254114,1,17,1,4,2.13611803932481
1254114,1,17,2,1,2.2173108045005385
1254114,1,17,3,4,2.3392897729494266
1254114,1,17,4,0,2.4382058753181868
1254114,1,17,5,2,2.3323385572896576
1254114,1,17,6,1,2.2037263799398668
1254114,1,18,1,0,1.787140311874402
1254114,1,18,2,6,2.1659367483640555
1254114,1,18,3,1,2.4250987875733396
1254114,1,18,4,2,2.5368881411291535
1254114,1,18,5,0,2.1507851987363837
1254114,1,18,6,1,2.07815050101409
1254114,1,18,7,0,2.045127750925559
1254114,1,19,1,0,1.9606060507671743
1254114,1,19,2,0,2.1396982153638797
1254114,1,19,3,0,2.226048907673849
1254114,1,19,4,4,3.0070341841936044
1254114,1,19,5,2,2.2160790008114555
1254114,1,19,6,2,2.4528181114115633
1254114,2,15,1,1,0.9023788948242248
1254114,2,15,2,1,0.9080403974227
1254114,2,15,3,0,0.6125227945681023
1254114,2,15,4,2,0.9299620505963468
1254114,2,15,5,4,1.6441032820371335
1254114,2,15,6,0,1.3979336866422838
1254114,2,16,1,1,1.3920899057793246
1254114,2,16,2,1,1.3892465752493044
1254114,2,16,3,1,1.2863653546086058
1254114,2,16,4,1,1.2495839493594867
1254114,2,16,5,4,1.4824179276994356
1254114,2,16,6,1,1.4201612014528018
1254114,2,17,1,4,1.6366300757415382
1254114,2,17,2,0,1.5284025179617606
1254114,2,17,3,1,1.4834423439236761
1254114,2,17,4,1,1.6367363852905408
1254114,2,17,5,4,1.769635631456153
1254114,2,17,6,1,1.6826449073413576
1254114,2,18,1,0,1.4910645845973332
1254114,2,18,2,4,1.6056992465799254
1254114,2,18,3,1,1.5722530957024907
1254114,2,18,4,0,1.521936095714711
1254114,2,18,5,6,1.89664352584025
1254114,2,18,6,0,1.7601131602950664
1254114,2,19,1,0,1.7828477473145852
1254114,2,19,2,4,1.5729978183229087
1254114,2,19,3,4,1.8422789928469847
1254114,2,19,4,0,1.9158962799587869
1254114,2,19,5,4,1.8133994330130643
1254117,1,15,1,4,3.9442372820008655
1254117,1,15,2,2,3.032967172278069
1254117,1,15,3,0,2.088270541193096
1254117,1,15,4,1,1.7720445878487263
1254117,1,15,5,0,1.388045090252713
1254117,1,15,6,1,1.3979336866422838
1254117,1,16,1,6,2.0817635273463275
1254117,1,16,2,0,1.7975090428897986
1254117,1,16,3,1,1.5930285617419049
1254117,1,16,4,0,1.6061786448204436
1254117,1,16,5,1,1.4824179276994356
1254117,1,16,6,6,1.9198888990438256
1254117,1,17,1,1,1.8091005820103607
1254117,1,17,2,2,1.920282168971705
1254117,1,17,3,4,2.1968906644598
1254117,1,17,4,1,2.111405303360323
1254117,1,17,5,0,2.1204904480057287
1254117,1,17,6,6,2.3295489057367664
1254117,1,17,7,4,1.968647805120889
1254117,1,18,1,0,2.003476590720488
1254117,1,18,2,4,2.3429529799801374
1254117,1,18,3,1,2.2368627128929592
1254117,1,18,4,1,2.26753636775506
1254117,1,18,5,6,2.7963218302013093
1254117,1,18,6,1,2.2439188581706944
1254117,1,19,1,1,2.234823252321193
1254117,1,19,2,2,2.2877982618286437
1254117,1,19,3,1,2.4358287945969903
1254117,1,19,4,1,2.7368069766262506
1254117,1,19,5,2,2.6951549972693005
1254117,1,19,6,0,2.365680836089389
1254117,2,15,1,1,0.9023788948242248
1254117,2,15,2,0,0.4646912883608833
1254117,2,15,3,2,0.9209354627127218
1254117,2,15,4,0,0.6254085348310924
1254117,2,15,5,0,0.5427547087434988
1254117,2,15,6,2,0.8032657677973281
1254117,2,16,1,0,0.6932967798456867
1254117,2,16,2,0,0.6112103867814346
1254117,2,16,3,0,0.47543767185803953
1254117,2,16,4,1,0.5812442333168478
1254117,2,16,5,1,0.5640431774329605
1254117,2,16,6,0,0.5759186958308671
1254117,2,17,1,1,0.6319198538945885
1254117,2,17,2,0,0.5130449071286703
1254117,2,17,3,4,0.7206939489022084
1254117,2,17,4,6,1.020106390665163
1254117,2,17,5,6,1.2223961943170192
1254117,2,17,6,1,1.2151468649046147
1254117,2,18,1,0,1.4548518900498022
1254117,2,18,2,0,1.3316805559815204
1254117,2,18,3,1,1.3509632218690777
1254117,2,18,4,0,1.3483339451693899
1254117,2,18,5,4,1.435029817777925
1254117,2,18,6,0,1.399527597825239
1254117,2,18,7,0,1.358631436624564
1254117,2,18,8,2,1.3398651559220394
1254117,2,18,9,6,1.846270694759857
1254117,2,18,10,0,1.72302291739826
1254117,2,19,1,0,1.4316415298600365
1254117,2,19,2,1,1.040353525030535
1254117,2,19,3,1,1.6006839776507382
1254117,2,19,4,0,2.022647829172302
1254117,2,19,5,0,1.112503722207603
1254117,2,19,6,1,0.8254952156052954
1304053,1,15,1,1,0.9023788948242248
1304053,1,15,2,4,2.485842962026731
1304053,1,15,3,1,2.088270541193096
1304053,1,15,4,6,2.898783543592062
1304053,1,15,5,0,2.5564650679010956
1304053,1,15,6,2,1.9609909574242776
1304053,1,16,1,0,2.765433694435532
1304053,1,16,2,0,2.1654217907423554
1304053,1,16,3,1,1.8291416383750434
1304053,1,16,4,1,1.5685360422633015
1304053,1,16,5,0,1.5376237996435018
1304053,1,16,6,4,1.9169685412891722
1304053,1,17,1,1,1.9689532618505674
1304053,1,17,2,4,2.112078744368787
1304053,1,17,3,2,2.185380706142493
1304053,1,17,4,1,2.045555333387589
1304053,1,17,5,6,2.3251806128528507
1304053,1,17,6,2,2.377306985836412
1304053,1,18,1,1,2.0738059313110884
1304053,1,18,2,0,1.4106754371199626
1304053,1,18,3,6,2.0232787749471384
1304053,1,18,4,4,1.7082587862189749
1304053,1,18,5,0,1.5919737094462545
1304053,1,18,6,0,2.306219001083216
1304053,1,19,1,4,2.077621949663851
1304053,1,19,2,0,1.8737739523288999
1304053,1,19,3,0,1.3614174882386747
1304053,1,19,4,1,1.5929710149400014
1304053,1,19,5,2,1.7194314147153802
1304053,1,19,6,4,1.4336005178602378
1304053,2,15,1,1,0.9023788948242248
1304053,2,15,2,1,0.9080403974227
1304053,2,15,3,4,2.088270541193096
1304053,2,15,4,0,1.7720445878487263
1304053,2,15,5,4,2.1612178426178725
1304053,2,15,6,1,1.9808218241956657
1304053,2,16,1,0,1.680474319418438
1304053,2,16,2,0,1.6429931146659222
1304053,2,16,3,0,1.6055138308252017
1304053,2,16,4,0,1.46184771437223
1304053,2,16,5,1,1.460987790676242
1304053,2,16,6,6,1.8002951192740448
1304053,2,16,7,0,1.5983584886121267
1304053,2,17,1,6,2.2182625313278397
1304053,2,17,2,0,1.9145098958892637
1304053,2,17,3,0,1.9396576422099499
1304053,2,17,4,2,1.6860653437675541
1304053,2,17,5,0,1.6012766043914057
1304053,2,17,6,2,1.7295552220391306
1304053,2,17,7,1,1.5616045409920989
1304053,2,18,1,6,2.1231599364414837
1304053,2,18,2,0,1.9853679361388354
1304053,2,18,3,0,2.0840125457462704
1304053,2,18,4,1,1.9868764229965876
1304053,2,18,5,2,1.811757246668398
1304053,2,18,6,4,2.172024872148399
1304053,2,18,7,4,1.5583982308310609
1304053,2,18,8,6,1.9949355952694225
1304053,2,19,1,0,2.4540015901894
1304053,2,19,2,0,2.5351403095423417
1304053,2,19,3,6,2.2844992871616854
1304053,2,19,4,0,2.4810287158378976
1304053,2,19,5,1,2.3642102797722977
1304054,1,15,1,1,0.9023788948242248
1304054,1,15,2,0,0.4646912883608833
1304054,1,15,3,0,0.3217605309580484
1304054,1,15,4,0,0.22507564095105426
1304054,1,15,5,0,0.15398375797794425
1304054,1,15,6,1,0.35151518296712064
1304054,1,16,1,4,0.8813571025036662
1304054,1,16,2,4,1.3892465752493044
1304054,1,16,3,6,1.9409015767713977
1304054,1,16,4,0,1.7544874232400844
1304054,1,16,5,1,1.6440780503105175
1304054,1,16,6,0,1.5282943696495286
1304054,1,16,7,0,1.3105661599342946
1304054,1,17,1,4,1.732774607698629
1304054,1,17,2,4,1.9799959947647057
1304054,1,17,3,1,1.8737188428837137
1304054,1,17,4,0,1.7685804540453327
1304054,1,17,5,0,1.669498305663081
1304054,1,17,6,0,1.5617626860186924
1304054,1,17,7,0,1.3673818373889521
1304054,1,17,8,6,1.4433706507155233
1304054,1,18,1,0,1.6612478769572818
1304054,1,18,2,0,1.5300821791304589
1304061,1,15,1,1,0.9023788948242248
1304061,1,15,2,4,2.485842962026731
1304061,1,15,3,6,4.45589610986572
1304061,1,15,4,0,2.8611360293591797
1304061,1,15,5,0,2.431216830027345
1304061,1,15,6,0,1.9808218241956657
1304061,1,15,7,6,2.871628761168693
1304061,1,16,1,4,2.6366585748316327
1304061,1,16,2,4,2.5390791707907416
1304061,1,16,3,1,3.153348664467293
1304061,1,16,4,1,2.688010763174049
1304061,1,16,5,2,2.5317493489694765
1304061,1,16,6,1,2.456019061566564
1304061,1,17,1,0,2.774625432143652
1304061,1,17,2,1,2.7591729904940894
1304061,1,17,3,0,2.413666702404217
1304061,1,17,4,2,2.3387849825246922
1304061,1,17,5,1,2.3408070778454926
1304061,1,17,6,1,2.348599477988
1304061,1,18,1,1,2.215565147680968
1304061,1,18,2,1,2.074281945927585
1304061,1,18,3,4,2.1168326486333267
1304061,1,18,4,0,2.106874569865193
1304061,1,18,5,0,1.965942488327797
1304061,1,18,6,0,1.9094374383885657
1304061,1,19,1,1,1.9068309998942563
1304061,1,19,2,1,1.6537191272171012
1304061,1,19,3,1,1.940728329607376
1304061,1,19,4,1,1.9972925147384282
1304061,1,19,5,0,2.0698460189251393
1304061,1,19,6,1,2.1023986354931483
1304061,1,19,7,1,2.3894919647317634
1304061,2,15,1,1,0.9023788948242248
1304061,2,15,2,0,0.4646912883608833
1304061,2,15,3,0,0.6125227945681023
1304061,2,15,4,1,0.6913956144576845
1304061,2,15,5,4,1.388045090252713
1304061,2,15,6,4,1.8959607150794853
1304061,2,15,7,0,1.5147153459854654
1304061,2,16,1,1,1.40862453732509
1304061,2,16,2,1,1.428444730281632
1304061,2,16,3,1,1.392277272023954
1304061,2,16,4,0,1.3356507174801042
1304061,2,16,5,0,1.1544066533799147
1304061,2,16,6,1,1.1196331147654432
1304061,2,17,1,0,1.160985737868845
1304061,2,17,2,1,1.1022153635580696
1304061,2,17,3,1,1.0902262742425561
1304061,2,17,4,0,0.9739440120682676
1304061,2,17,5,2,1.0903422116784367
1304061,2,17,6,1,1.0533255516325002
1304061,2,18,1,1,1.131196362574331
1304061,2,18,2,1,1.090151592429076
1304061,2,18,3,6,1.4393711469927521
1304061,2,18,4,2,1.4826598554331725
1304061,2,18,5,2,1.486776040925899
1304061,2,18,6,2,1.4289906721140826
1304061,2,19,1,0,1.627977892145886
1304061,2,19,2,0,1.3698792351363034
1304061,2,19,3,4,1.4987598365846377
1304061,2,19,4,6,1.5258838137171158
1304063,1,15,1,1,0.9023788948242248
1304063,1,15,2,1,0.9080403974227
1304063,1,15,3,0,0.5465661387924178
1304063,1,15,4,1,0.6254085348310924
1304063,1,15,5,1,0.7159985637857804
1304063,1,15,6,1,0.8032657677973281
1304063,1,16,1,1,0.8481191779208007
1304063,1,16,2,0,0.6932967798456867
1304063,1,16,3,2,0.8050749037219883
1304063,1,16,4,1,0.8782992490572701
1304063,1,16,5,0,0.8706010845781813
1304063,1,16,6,0,0.7237597246514682
1304063,1,17,1,4,0.9628002159042195
1304063,1,17,2,1,0.9971288769043003
1304063,1,17,3,0,0.8011267669313322
1304063,1,17,4,1,0.7912331898686079
1304063,1,17,5,2,0.8182199649694388
1304063,1,17,6,0,0.747615088979466
1304063,1,18,1,1,0.8628684477707393
1304063,1,18,2,0,0.8443562778036967
1304063,1,18,3,1,0.8181720309913976
1304063,1,18,4,1,0.8566006814311741
1304063,1,18,5,0,0.8534640467717076
1304063,1,18,6,4,0.9059306461871837
1304063,1,18,7,6,1.173229121504182
1304063,1,19,1,0,1.4029190339400812
1304063,1,19,2,4,1.3519894011580442
1304063,1,19,3,1,1.405038386017666
1304063,1,19,4,0,1.3708371983421104
1304063,1,19,5,0,1.293805881860287
1304063,1,19,6,0,1.3041001758389275
1304063,1,19,7,0,1.2966480015013995
1304063,1,19,8,2,1.0842032652226978
1304063,1,19,9,2,0.8265331088618575
1304063,1,19,10,2,0.7498916299190092
1304063,2,15,1,1,0.9023788948242248
1304063,2,15,2,1,0.9080403974227
1304063,2,15,3,1,0.9209354627127218
1304063,2,15,4,1,0.9299620505963468
1304063,2,15,5,0,0.7819856434123725
1304063,2,15,6,0,0.6419335919953075
1304063,2,16,1,6,1.5338164747326053
1304063,2,16,2,4,2.0768811065110215
1304063,2,16,3,1,1.9409015767713977
1304063,2,16,4,1,1.7544874232400844
1304063,2,16,5,4,1.949241678998902
1304063,2,16,6,1,1.9198888990438256
1304063,2,16,7,1,1.7573619797854796
1304063,2,17,1,0,1.8041129937034641
1304063,2,17,2,0,1.549979175775153
1304063,2,17,3,4,1.9396576422099499
1304063,2,17,4,0,1.5624839290389685
1304063,2,17,5,1,1.6012766043914057
1304063,2,17,6,4,1.779023095446516
1304066,1,15,1,6,5.955570283907285
1304066,1,15,2,6,5.895252730882206
1304066,1,15,3,1,4.3198904874452175
1304066,1,15,4,2,3.6966703064159905
1304066,1,15,5,0,2.8619206640293173
1304066,1,15,6,0,2.8894240176158537
1304066,1,16,1,1,2.528511897867596
1304066,1,16,2,1,2.39808347827571
1304066,1,16,3,1,2.1875435453018093
1304066,1,16,4,2,2.1485358283107354
1304066,1,16,5,0,1.9342582825901495
1304066,1,16,6,0,1.9198888990438256
1304066,1,16,7,1,1.7573619797854796
1304066,1,17,1,1,1.8041129937034641
1304066,1,17,2,6,2.1496529659757635
1304066,1,17,3,0,2.114335914342108
1304066,1,17,4,4,2.3717963643215976
1304066,1,17,5,6,2.288579768700623
1304066,1,17,6,1,2.272140134401026
1304066,1,18,1,1,1.991861978375426
1304066,1,18,2,1,1.951906872383409
1304066,1,18,3,6,2.4875957467426586
1304066,1,18,4,6,2.6923896917223074
1304066,1,18,5,1,2.3590972045250633
1304066,1,18,6,1,2.3392796678668017
1304066,1,19,1,1,2.650286745646948
1304066,1,19,2,6,2.8240900006767053
1304066,1,19,3,1,2.5723428017218826
1304066,1,19,4,6,2.937026352035333
1304066,1,19,5,0,2.8601917179750935
1304066,1,19,6,2,2.0684017833071473
1304066,2,15,1,1,0.9023788948242248
1304066,2,15,2,3,2.010109467528837
1304066,2,15,3,0,1.1675810509245625
1304066,2,15,4,1,1.1668484245835244
1304066,2,15,5,0,0.6553790901655958
1304066,2,15,6,4,0.6337558240305696
1304066,2,16,1,1,1.0761668840424308
1304066,2,16,2,2,1.0920679816691121
1304066,2,16,3,1,1.071273855181232
1304066,2,16,4,1,1.228137613057239
1304066,2,16,5,4,1.4519631371640431
1304066,2,16,6,2,1.4268414640268832
1304066,2,17,1,6,1.392835508998234
1304066,2,17,2,0,1.7961663684013762
1304066,2,17,3,1,1.5144105937739902
1304066,2,17,4,0,1.5831495607294974
1304066,2,17,5,0,1.51692993835971
1304066,2,17,6,0,1.4893956121022727
1304066,2,17,7,0,1.1610621862986577
1304066,2,17,8,6,1.2021539189946402
1304066,2,18,1,0,2.019779211644796
1304066,2,18,2,4,1.4389358719311507
1304066,2,18,3,2,1.5472387147736761
1304066,2,18,4,6,2.0026189378490393
1304066,2,18,5,0,1.7234342959112467
1304066,2,18,6,0,1.7323479372506498
1304066,2,18,7,6,1.9477013376392596
1304066,2,19,1,1,1.461223756693509
1304066,2,19,2,0,1.7165437963073433
1304066,2,19,3,0,1.7432302902004342
1304066,2,19,4,0,1.5270697836301539
1304066,2,19,5,4,1.3572173901341977
1304066,2,19,6,6,2.016232421713512
1304074,1,15,1,0,0.9023788948242248
1304074,1,15,2,2,1.4648385385218987
1304074,1,15,3,0,1.3587472201842303
1304074,1,15,4,0,1.5288642536666437
1304074,1,15,5,1,1.388045090252713
1304074,1,15,6,1,1.3979336866422838
1304074,1,15,7,0,1.1862645003674042
1304074,1,15,8,0,1.0597290440702514
1304074,1,15,9,0,1.0717339759789797
1304074,1,15,10,1,0.9500247771235496
1304074,1,16,1,0,0.849387859266246
1304074,1,16,2,0,0.856309660000137
1304074,1,16,3,1,0.9833969708153546
1304074,1,16,4,1,0.9824763910042826
1304074,1,16,5,0,0.9063646395805305
1304074,1,16,6,0,0.6477905414781325
1304074,1,17,1,1,0.7216920859849879
1304074,1,17,2,0,0.7302536697770281
1304074,1,17,3,2,0.8316408480080049
1304074,1,17,4,0,0.7625909534339596
1304074,1,17,5,1,0.7400014207478229
1304074,1,17,6,4,0.8608819613507084
1304074,1,18,1,0,0.8744624518372028
1304074,1,18,2,2,0.9712391134131658
1304074,1,18,3,6,1.303336621000995
1304074,1,18,4,0,1.1872324130711502
1304074,1,18,5,1,1.124168644230128
1304074,1,18,6,0,0.9066582361866772
1304074,1,19,1,0,0.9434165732439534
1304074,1,19,2,0,0.9958187370085918
1304074,1,19,3,0,0.9380472675854087
1304074,1,19,4,0,0.7711433304630082
1304074,1,19,5,0,0.5642982887586658
1304074,1,19,6,0,0.2311167286703658
1304074,2,15,1,1,0.9023788948242248
1304074,2,15,2,1,0.9080403974227
1304074,2,15,3,2,1.3587472201842303
1304074,2,15,4,0,0.9299620505963468
1304074,2,15,5,0,0.9462583284432285
1304074,2,15,6,1,0.9667782640735617
1304074,2,15,7,4,1.4475650784756378
1304074,2,16,1,2,1.495154980661557
1304074,2,16,2,1,1.5169433784374367
1304074,2,16,3,2,1.5198993088576414
1304074,2,16,4,4,1.6988517617996262
1304074,2,16,5,1,1.5284926918128163
1304074,2,16,6,0,1.626582454148918
1304074,2,17,1,1,1.5309300874010912
1304074,2,17,2,0,1.4753747251598508
1304074,2,17,3,2,1.6396669962723252
1304074,2,17,4,0,1.455416597588141
1304074,2,17,5,4,1.6449783000896996
1304074,2,17,6,1,1.5617626860186924
1304074,2,18,1,0,1.527504011643553
1304074,2,18,2,1,1.527324697502926
1304074,2,18,3,1,1.4241746644178
1304074,2,18,4,4,1.7187415816706637
1304074,2,18,5,6,1.7444212150698828
1304079,1,15,1,1,0.9023788948242248
1304079,1,15,2,0,0.9080403974227
1304079,1,15,3,1,0.9209354627127218
1304079,1,15,4,0,0.9299620505963468
1304079,1,15,5,1,0.9462583284432285
1304079,1,15,6,4,1.5457940014337308
1304079,1,15,7,1,1.4475650784756378
1304079,1,16,1,1,1.442127187859647
1304079,1,16,2,0,1.273729490630791
1304079,1,16,3,4,1.425357932801794
1304079,1,16,4,1,1.3896005853872127
1304079,1,16,5,2,1.4426875522749703
1304079,1,16,6,1,1.219296884961608
1304079,1,17,1,1,1.43247899418529
1304079,1,17,2,0,1.1767899754499695
1304079,1,17,3,1,1.1239121077658514
1304079,1,17,4,0,1.0722135866141098
1304079,1,17,5,4,1.2234299477461095
1304079,1,17,6,1,1.2245420847726405
1304079,1,18,1,6,1.3250399776300819
1304079,1,18,2,0,1.3819686643325093
1304079,1,18,3,3,1.4657087014187802
1304079,1,18,4,2,1.596765746025187
1304079,1,18,5,2,1.5990819788981456
1304079,1,18,6,0,1.6465452073106357
1304079,1,19,1,0,2.029466434158556
1304079,1,19,2,1,1.4005973313335425
1304079,1,19,3,4,1.7704718882672288
1304079,1,19,4,0,1.8482323108737237
1304079,1,19,5,2,1.8324930855534267
1304079,1,19,6,6,1.752327864060713
1304079,1,19,7,2,2.7879199472026945
1304079,2,15,1,1,0.9023788948242248
1304079,2,15,2,0,0.4646912883608833
1304079,2,15,3,0,0.3217605309580484
1304079,2,15,4,0,0.49330975330050547
1304079,2,15,5,0,0.605672913383301
1304079,2,15,6,0,0.44596048668328786
1304079,2,15,7,0,0.4323944100571068
1304079,2,15,8,2,0.6917331524224544
1304079,2,16,1,0,0.5956415005521268
1304079,2,16,2,1,0.6360372907111264
1304079,2,16,3,0,0.6114235895771956
1304079,2,16,4,1,0.594808263637284
1304079,2,16,5,1,0.7924329438454204
1304079,2,16,6,1,0.6664887271503314
1304079,2,16,7,1,0.6433014236577089
1304079,2,17,1,1,0.7089388051015021
1304079,2,17,2,6,1.0995098291456753
1304079,2,17,3,1,1.0881073209936856
1304079,2,17,4,4,1.1527769737314173
1304079,2,17,5,1,1.2238206007368368
1304079,2,17,6,1,1.2499344235845402
1304079,2,18,1,0,1.2485295015636126
1304079,2,18,2,4,1.4812116988790245
1304079,2,18,3,1,1.455155495842533
1304079,2,18,4,1,1.4359879991563176
1304079,2,18,5,4,1.437004063585754
1304079,2,18,6,1,1.451926893789486
1304079,2,19,1,0,1.3845943787976107
1304079,2,19,2,1,1.069847073888025
1304079,2,19,3,6,1.5180978474193005
1304079,2,19,4,4,1.4128099936935583
1304079,2,19,5,2,2.4022880717096315
1304079,2,19,6,4,2.1784261999250005
1304080,1,15,1,0,-0.0016225146457691717
1304080,1,15,2,0,-0.0016225146457691717
1304080,1,15,3,0,0.015284436260272864
1304080,1,15,4,1,0.174208852655965
1304080,1,15,5,2,0.5427547087434988
1304080,1,15,6,0,0.44596048668328786
1304080,1,16,1,1,0.5449205661367216
1304080,1,16,2,1,0.6112103867814346
1304080,1,16,3,4,0.9338549894946895
1304080,1,16,4,1,0.9609614590617837
1304080,1,16,5,1,0.9290118711593476
1304080,1,16,6,1,0.9661828822490841
1304080,1,17,1,0,0.8734535295844165
1304080,1,17,2,4,1.181938587607663
1304080,1,17,3,6,1.3482231503491577
1304080,1,17,4,0,1.4219557044855589
1304080,1,17,5,4,1.6819642327165718
1304080,1,17,6,6,1.8957756188540253
1304080,1,17,7,0,1.7740014287589714
1304080,1,18,1,4,2.200376889439966
1304080,1,18,2,6,1.951906872383409
1304080,1,18,3,1,2.302193965219289
1304080,1,18,4,1,2.0135495562894756
1304080,1,18,5,2,2.154630000942518
1304080,1,18,6,0,1.9628498817752285
1304080,1,19,1,0,1.9492587097061642
1304080,1,19,2,2,1.8975445642211486
1304080,1,19,3,4,2.2012610712421146
1304080,1,19,4,0,2.4857828152712846
1304080,1,19,5,1,2.288668691744531
1304080,1,19,6,1,2.462471973698725
1304080,1,19,7,4,2.4904770267930547
1304080,1,19,8,6,2.360515284505134
1304080,2,15,1,1,0.9023788948242248
1304080,2,15,2,6,3.9147273405563037
1304080,2,15,3,1,1.7423709722605403
1304080,2,15,4,1,1.728180071571112
1304080,2,15,5,4,1.8636438797127934
1304080,2,15,6,0,1.7832472152943422
1304080,2,16,1,0,1.6233182003811708
1304080,2,16,2,1,1.6914221542297516
1304080,2,16,3,6,1.8291416383750434
1304080,2,16,4,0,1.5025607671130192
1304080,2,16,5,0,1.5376237996435018
1304080,2,16,6,1,1.7717394854512265
1304080,2,16,7,1,1.6969374940128201
1304080,2,17,1,0,1.567358003213306
1304080,2,17,2,1,1.549979175775153
1304080,2,17,3,1,1.5700687730087353
1304080,2,17,4,0,1.5794015979152611
1304080,2,17,5,6,1.805730012063253
1304080,2,17,6,0,1.7295552220391306
1304080,2,17,7,6,1.7762631636493194
1304080,2,18,1,0,1.7525352521802369
1304080,2,18,2,0,1.679369595148129
1304080,2,18,3,0,1.6035115639269113
1304080,2,18,4,0,1.4333870634889216
1304080,2,18,5,0,1.6513960677892159
1304080,2,18,6,0,1.5108104732936907
1304080,2,19,1,6,1.6966772415613607
1304080,2,19,2,6,1.8707406554115673
1304080,2,19,3,6,2.417816198637989
1304080,2,19,4,0,2.3604212402191838
1304080,2,19,5,2,2.495023972978285
1304080,2,19,6,0,2.0009183045970027
1304102,1,15,1,0,0.020069684090631257
1304102,1,15,2,1,0.4646912883608833
1304102,1,15,3,0,0.3217605309580484
1304102,1,15,4,1,0.49330975330050547
1304102,1,15,5,1,0.605672913383301
1304102,1,15,6,0,0.5136939628440846
1304102,1,16,1,1,0.5706418907384583
1304102,1,16,2,4,0.9534977389199545
1304102,1,16,3,2,1.1526137127249205
1304102,1,16,4,1,1.0653286873494003
1304102,1,16,5,1,1.0478726356891088
1304102,1,16,6,4,1.41465737774586
1304102,1,17,1,0,1.403248742195645
1304102,1,17,2,0,1.181938587607663
1304102,1,17,3,0,0.8935665486039138
1304102,1,17,4,0,0.7418609526738046
1304102,1,17,5,0,0.7351166282230848
1304102,1,17,6,0,0.7295710756453733
1304102,1,18,1,0,0.8198046290507371
1304102,1,18,2,0,0.7730738441635129
1304102,1,18,3,6,0.9504626824580148
1304102,1,18,4,0,1.0623219548756988
1304102,1,18,5,1,0.8866743034969321
1304102,1,18,6,0,0.8544407848014988
1304102,1,18,7,0,0.8671537915881345
1304102,1,19,1,0,0.9553357768763209
1304102,1,19,2,0,0.7906467969037104
1304102,1,19,3,0,0.7509644365327331
1304102,1,19,4,0,1.0548865850311602
1304102,1,19,5,0,1.4706554845641941
1304102,1,19,6,1,1.5213224849716929
1304102,2,15,1,2,2.003087388375163
1304102,2,15,2,0,1.4648385385218987
1304102,2,15,3,1,1.3587472201842303
1304102,2,15,4,0,1.3369564695531806
1304102,2,15,5,0,0.9462583284432285
1304102,2,15,6,0,0.8891350898831683
1304102,2,16,1,0,0.7265347044285522
1304102,2,16,2,0,0.64137943637751
1304102,2,16,3,1,0.6314432981508051
1304102,2,16,4,0,0.6693630585585479
1304102,2,16,5,1,0.7260358693877947
1304102,2,16,6,1,0.7458854795437301
1304102,2,16,7,1,0.6952263249981836
1304102,2,17,1,0,0.7371180358827547
1304102,2,17,2,1,0.6586540029583347
1304102,2,17,3,0,0.5088823627479542
1304111,1,15,1,1,0.9023788948242248
1304111,1,15,2,1,0.9080403974227
1304111,1,15,3,6,3.124222103691358
1304111,1,15,4,4,2.898783543592062
1304111,1,15,5,0,2.431216830027345
1304111,1,15,6,4,2.8894240176158537
1304111,1,16,1,1,2.528511897867596
1304111,1,16,2,6,2.6707778947058087
1304111,1,16,3,1,2.923643518114977
1304111,1,16,4,0,2.5189832434295814
1304111,1,16,5,0,1.7854551122159723
1304111,1,16,6,1,1.9169685412891722
1304111,1,17,1,1,1.9689532618505674
1304111,1,17,2,0,1.7961663684013762
1304111,1,17,3,0,1.9087779187759413
1304111,1,17,4,1,1.7537757418679536
1304111,1,17,5,0,1.506444543346183
1304111,1,17,6,0,1.1436817640700003
1304111,1,18,1,1,1.2121216301648017
1304111,1,18,2,0,1.2692272143114327
1304111,1,18,3,3,1.1795318522371552
1304111,1,18,4,1,1.2217031083340057
1304111,1,18,5,2,1.2741363179069487
1304111,1,18,6,0,1.3630317014329387
1304111,1,18,7,2,1.4158691009939275
1304111,1,18,8,0,1.3199796396765258
1304111,1,19,1,0,1.4398338701069333
1304111,1,19,2,4,1.282578516596138
1304111,1,19,3,1,1.6590181251578575
1304111,1,19,4,0,1.3592285347771709
1304111,1,19,5,2,1.4904489300080748
1304111,1,19,6,0,1.4309905118721815
1304111,2,15,1,4,3.9442372820008655
1304111,2,15,2,4,4.121535081798558
1304111,2,15,3,2,3.656506476100116
1304111,2,15,4,1,2.8611360293591797
1304111,2,15,5,1,2.431216830027345
1304111,2,15,6,1,2.1435090230452665
1304111,2,16,1,1,2.0817635273463275
1304111,2,16,2,1,2.0768811065110215
1304111,2,16,3,2,1.9606971634772965
1304111,2,16,4,0,1.6664209614728827
1304111,2,16,5,4,1.5376237996435018
1304111,2,16,6,1,1.7717394854512265
1304111,2,17,1,0,1.7041036978407131
1304111,2,17,2,6,1.8857040793179503
1304111,2,17,3,0,1.903580005046012
1304111,2,17,4,0,1.9416642307989271
1304111,2,17,5,6,2.118989193339719
1304111,2,17,6,6,2.396625452904948
1304111,2,17,7,6,2.6888068779144216
1304111,2,17,8,0,1.8536818908490784
1304111,2,18,1,0,1.9117550708593665
1304111,2,18,2,0,1.7935826583366945
1304111,2,18,3,0,1.7287029420381743
1304111,2,18,4,0,2.0026189378490393
1304111,2,18,5,0,1.7234342959112467
1304111,2,18,6,0,1.7323479372506498
1304111,2,19,1,0,1.6908027135815733
1304111,2,19,2,0,1.5720718480059284
1304111,2,19,3,2,1.9116832257059195
1304111,2,19,4,2,1.390093695357738
1304111,2,19,5,4,1.4989845440142548
1304111,2,19,6,0,2.152865064384909
1304111,2,19,7,6,1.8831147875318341
1304112,1,15,1,6,5.955570283907285
1304112,1,15,2,0,3.032967172278069
1304112,1,15,3,6,3.8164245278542466
1304112,1,15,4,4,3.575648687421251
1304112,1,15,5,1,3.6704897902927747
1304112,1,15,6,1,2.8915599753933305
1304112,1,16,1,4,2.802502771189608
1304112,1,16,2,1,2.6707778947058087
1304112,1,16,3,1,2.923643518114977
1304112,1,16,4,1,2.621906605243166
1304112,1,16,5,0,2.1562870534048537
1304112,1,16,6,2,2.2411890829908097
1304112,1,17,1,1,2.1651977333590904
1304112,1,17,2,6,2.832085749552588
1304112,1,17,3,2,2.918663157860699
1304112,1,17,4,4,2.616495872743112
1304112,1,17,5,1,2.7536660990892474
1304112,1,17,6,1,2.4098674176089756
1304112,1,18,1,6,2.9741639424405655
1304112,1,18,2,1,2.823539252626168
1304112,1,18,3,6,3.616087338046536
1304112,1,18,4,6,2.504681765059499
1304112,1,18,5,6,4.054745067162918
1304112,1,18,6,0,4.0574822173855845
1304112,1,18,7,1,2.657672802974883
1304112,1,19,1,2,3.0177510367908233
1304112,1,19,2,4,2.2630673781187483
1304112,1,19,3,4,5.4443025447032305
1304112,1,19,4,4,4.197157619898176
1304112,1,19,5,4,4.601640468436164
1304112,1,19,6,1,4.544885297121239
1304112,2,15,1,1,0.9023788948242248
1304112,2,15,2,1,0.9080403974227
1304112,2,15,3,6,3.124222103691358
1304112,2,15,4,0,1.323427783322219
1304112,2,15,5,1,1.28421747837458
1304112,2,15,6,1,1.3483553824978753
1304112,2,16,1,1,1.4600004855516138
1304112,2,16,2,4,1.71064168547885
1304112,2,16,3,1,1.8549190832241085
1304112,2,16,4,0,1.373927333422164
1304112,2,16,5,0,1.1508996707914128
1304112,2,16,6,6,1.5209767216708867
1304112,2,17,1,2,1.3944758219105078
1304112,2,17,2,6,2.061262797740764
1304112,2,17,3,0,1.5804866388740397
1304112,2,17,4,1,1.7453051817502951
1304112,2,17,5,6,1.5546956457139371
1304112,2,17,6,1,1.5886763047491808
1304112,2,17,7,0,1.7281987939122805
1304112,2,18,1,6,2.3790688886991824
1304112,2,18,2,1,2.488287298613655
1304112,2,18,3,6,1.7441739703231416
1304112,2,18,4,1,1.675522213220008
1304112,2,18,5,1,1.7189378867174907
1304112,2,18,6,0,2.302035079507403
1304112,2,18,7,0,1.4923292029000592
1304112,2,19,1,4,2.5627368475563497
1304112,2,19,2,6,2.141168681609443
1304112,2,19,3,6,1.3510721840040658
1304112,2,19,4,2,1.9871280715933142
1304112,2,19,5,0,1.2305517709293465
1304112,2,19,6,0,2.117037630686311
1304114,1,15,1,1,0.9023788948242248
1304114,1,15,2,0,0.4646912883608833
1304114,1,15,3,0,0.3217605309580484
1304114,1,15,4,0,0.22507564095105426
1304114,1,15,5,1,0.37217065255884185
1304114,1,15,6,1,0.5136939628440846
1304114,1,16,1,0,0.4549866527933408
1304114,1,16,2,2,0.64137943637751
1304114,1,16,3,4,0.9554573923482151
1304114,1,16,4,0,0.8930505437655144
1304114,1,16,5,0,0.901158253598942
1304114,1,16,6,0,0.7458854795437301
1304114,1,17,1,6,1.21946291362546
1304114,1,17,2,0,1.1829549429401596
1304114,1,17,3,2,1.240699217601898
1304114,1,17,4,1,1.2504056149542584
1304114,1,17,5,0,1.1172017628233428
1304114,1,17,6,1,1.098132033530998
1304114,1,18,1,4,1.289191151885616
1304114,1,18,2,1,1.4169053273342853
1304114,1,18,3,2,1.5525195147738091
1304114,1,18,4,1,1.723774695208574
1304114,1,18,5,1,1.6844055854063094
1304114,1,18,6,0,1.591131476014733
1304114,1,18,7,0,1.2013835417629444
1304114,1,19,1,0,1.3342702773788555
1304114,1,19,2,0,1.1362082244087897
1304114,1,19,3,1,1.0921060916525684
1304114,1,19,4,0,1.0286896826321346
1304114,1,19,5,1,0.9633562551406843
1304114,1,19,6,2,1.000718520381275
1304114,2,15,1,1,0.9023788948242248
1304114,2,15,2,0,0.4646912883608833
1304114,2,15,3,0,0.3217605309580484
1304114,2,15,4,1,0.49330975330050547
1304114,2,15,5,1,0.605672913383301
1304114,2,15,6,1,0.6419335919953075
1304114,2,16,1,4,1.195616695369306
1304114,2,16,2,0,0.9237103319844553
1304114,2,16,3,0,0.8050749037219883
1304114,2,16,4,1,0.8782992490572701
1304114,2,16,5,0,0.8706010845781813
1304114,2,16,6,6,1.3703253247836162
1304114,2,17,1,0,1.403248742195645
1304114,2,17,2,2,1.3649364260992938
1304114,2,17,3,4,1.3482231503491577
1304114,2,17,4,0,1.304059529995198
1304114,2,17,5,1,1.3833097556564038
1304114,2,17,6,4,1.4979798442915109
1304114,2,17,7,0,1.4710193989652096
1304114,2,18,1,1,1.5092858014115422
1304114,2,18,2,1,1.5075557301689717
1304114,2,18,3,6,1.6664355568461386
1304114,2,18,4,2,1.6774322286566645
1304114,2,18,5,1,1.6861200840443928
1304114,2,18,6,1,1.750346302346988
1304114,2,19,1,0,1.7222881099492828
1304114,2,19,2,4,1.623725994222666
1304114,2,19,3,1,1.950237330051725
1304114,2,19,4,0,1.9209315529400905
1304114,2,19,5,0,1.8857697068513213
1312198,1,15,1,1,0.9023788948242248
1312198,1,15,2,6,3.9147273405563037
1312198,1,15,3,4,4.45589610986572
1312198,1,15,4,6,3.583602750201432
1312198,1,15,5,4,3.6890223488920206
1312198,1,15,6,6,4.2166159225867
1312198,1,16,1,0,4.188751717560674
1312198,1,16,2,4,4.492468345959922
1312198,1,16,3,4,4.510646430489042
1312198,1,16,4,0,3.993039971967169
1312198,1,16,5,4,4.207208765140268
1312198,1,16,6,1,3.2741169324300277
1312198,1,16,7,1,3.8695702961292864
1312198,1,17,1,0,2.951504796673035
1312198,1,17,2,0,2.649668156685289
1312198,1,17,3,2,2.8012812539460805
1312198,1,17,4,6,3.3322586882174603
1312198,1,17,5,0,3.0110331317365513
1312198,1,17,6,0,3.056736913659663
1312198,1,18,1,0,2.8877194007588347
1312198,1,18,2,6,3.8407006914390287
1312198,1,18,3,4,2.2988004644908067
1312198,1,18,4,1,3.787831288774326
1312198,1,18,5,6,2.513417007933133
1312198,1,18,6,4,3.652900702128829
1312198,1,19,1,2,4.575717855298209
1312198,1,19,2,4,4.760361428197239
1312198,1,19,3,0,3.8313385096883033
1312198,1,19,4,0,3.2570488224748844
1312198,1,19,5,0,3.2030079393761337
1312198,1,19,6,1,3.5770472175170807
1312198,1,19,7,1,2.6594725759921545
1312198,2,15,1,1,0.9023788948242248
1312198,2,15,2,1,0.9080403974227
1312198,2,15,3,0,0.6125227945681023
1312198,2,15,4,6,2.04315242334354
1312198,2,15,5,1,1.8394737535025207
1312198,2,15,6,0,1.7864397866282715
1312198,2,15,7,0,1.4475650784756378
1312198,2,16,1,1,1.442127187859647
1312198,2,16,2,1,1.4255561098366056
1312198,2,16,3,6,1.9979052606518997
1312198,2,16,4,4,2.109404089032996
1312198,2,16,5,1,1.9271160542022456
1312198,2,16,6,1,2.0713966956089456
1312198,2,17,1,0,1.920282168971705
1312198,2,17,2,0,2.1496529659757635
1312198,2,17,3,0,2.114335914342108
1312198,2,17,4,0,1.768509991459549
1312198,2,17,5,0,1.6012766043914057
1312198,2,17,6,1,1.6216806333081963
1312198,2,17,7,1,1.5802109699496252
1312198,2,17,8,0,1.436048327867966
1312198,2,18,1,0,1.5289227050787377
1312198,2,18,2,0,1.5308528015208638
1312198,2,18,3,1,1.4753193213121996
1312198,2,18,4,0,1.4355446796937315
1312198,2,18,5,0,1.4973025757129932
1312198,2,18,6,0,1.4439922343536071
1312198,2,18,7,0,1.3598859790944788
1312198,2,18,8,0,1.1024198363403959
1312198,2,18,9,4,1.3905983020127533
1312198,2,19,1,1,1.4413441738916026
1312198,2,19,2,0,0.8259276397969076
1312198,2,19,3,0,1.0669765767116532
1312198,2,19,4,6,0.9236693332397313
1312198,2,19,5,1,1.0231354465213285
1312198,2,19,6,0,1.700593785506171
1312198,2,19,7,0,1.603728561929706
1359482,1,15,1,0,0.020069684090631257
1359482,1,15,2,4,2.010109467528837
1359482,1,15,3,1,1.6807515274329252
1359482,1,15,4,0,1.5288642536666437
1359482,1,15,5,0,1.019782970424122
1359482,1,15,6,1,1.0713238936777612
1359482,1,15,7,0,0.9288991600346884
1359482,1,16,1,0,0.7956132365849382
1359482,1,16,2,1,0.6651582177252687
1359482,1,16,3,1,0.7789137922923672
1359482,1,16,4,1,0.8454024596918465
1359482,1,16,5,1,0.7446483918340222
1359482,1,16,6,2,0.7453360990184633
1359482,1,17,1,1,0.9302483217773736
1359482,1,17,2,0,0.8218178614256948
1359482,1,17,3,1,0.7984728981142876
1359482,1,17,4,0,0.8355811434113093
1359482,1,17,5,6,0.9791817871204614
1359482,1,17,6,1,0.9397010727242204
1359482,1,18,1,0,1.2753659903324681
1359482,1,18,2,6,1.3494631674070714
1359482,1,18,3,1,1.3342500899472278
1359482,1,18,4,0,1.435029817777925
1359482,1,18,5,4,1.5252680260189737
1359482,1,18,6,1,1.6150598580649305
1359482,1,18,7,1,1.5119783756823904
1359482,1,18,8,0,1.315668785763655
1359482,1,19,1,1,1.4191799392261242
1359482,1,19,2,1,1.4261064936868384
1359482,1,19,3,4,1.5882474967041957
1359482,1,19,4,0,1.3512855607414391
1359482,1,19,5,0,1.5576325854250668
1359482,1,19,6,1,1.1954881250059735
1359482,2,15,1,1,0.9023788948242248
1359482,2,15,2,1,0.9080403974227
1359482,2,15,3,1,0.9209354627127218
1359482,2,15,4,1,0.9299620505963468
1359482,2,15,5,0,0.7819856434123725
1359482,2,15,6,1,0.8891350898831683
1359482,2,16,1,6,1.592987161816129
1359482,2,16,2,1,1.4926274112222264
1359482,2,16,3,1,1.463955047696439
1359482,2,16,4,1,1.46184771437223
1359482,2,16,5,6,1.8744451108710782
1359482,2,16,6,1,1.8002951192740448
1359482,2,17,1,1,1.9035120221234423
1359482,2,17,2,6,2.156934302765796
1359482,2,17,3,4,2.4173777841349695
1359482,2,17,4,1,2.394972596608761
1359482,2,17,5,1,2.223438722944431
1359482,2,17,6,6,2.2871825168657014
1359482,2,18,1,0,2.0505119712064013
1359482,2,18,2,0,1.9761207889670125
1359482,2,18,3,4,2.391562714345103
1359482,2,18,4,6,2.623639028966116
1359482,2,18,5,4,2.4238270125969095
1359482,2,18,6,1,1.9774843964427804
1359482,2,18,7,2,1.7169554140858223
1359482,2,19,1,1,2.3875252378007565
1359482,2,19,2,2,2.3933315549500978
1359482,2,19,3,1,2.4034869003450026
1359482,2,19,4,0,2.4850929306211165
1359482,2,19,5,1,2.583767232419844
1359482,2,19,6,4,2.867414435151983
1359488,1,15,1,0,0.020069684090631257
1359488,1,15,2,0,0.020069684090631257
1359488,1,15,3,0,0.03513048822779634
1359488,1,15,4,6,1.5288642536666437
1359488,1,15,5,6,2.431216830027345
1359488,1,15,6,1,2.1435090230452665
1359488,1,16,1,0,2.0879144162070618
1359488,1,16,2,4,2.1235555427654225
1359488,1,16,3,0,1.9606971634772965
1359488,1,16,4,1,1.8941278502417735
1359488,1,16,5,1,1.6988517617996262
1359488,1,16,6,0,1.673389726561807
1359488,1,16,7,0,1.5983584886121267
1359488,1,17,1,0,1.5309300874010912
1359488,1,17,2,6,2.0519112108761375
1359488,1,17,3,4,2.171813503949888
1359488,1,17,4,0,2.093272294194614
1359488,1,17,5,6,2.3201458662471692
1359488,1,17,6,1,2.384197729839557
1359488,1,18,1,0,2.215565147680968
1359488,1,18,2,0,1.689444677740825
1359488,1,18,3,4,2.1864158171634873
1359488,1,18,4,4,2.2544963009795747
1359488,1,18,5,1,2.362929223696462
1359488,1,18,6,0,2.3380162570423484
1359488,1,19,1,0,2.0305084711918924
1359488,1,19,2,2,2.041472685987799
1359488,1,19,3,0,2.2431883022144063
1359488,1,19,4,0,2.009577393454853
1359488,1,19,5,0,2.0925334039999863
1359488,1,19,6,6,2.3396611763011137
1359488,2,15,1,1,0.9023788948242248
1359488,2,15,2,1,0.9080403974227
1359488,2,15,3,0,0.6125227945681023
1359488,2,15,4,1,0.6913956144576845
1359488,2,15,5,2,0.9462583284432285
1359488,2,15,6,1,0.9667782640735617
1359488,2,16,1,1,0.9596481545469372
1359488,2,16,2,4,1.4395996184203166
1359488,2,16,3,0,1.2863653546086058
1359488,2,16,4,4,1.6061786448204436
1359488,2,16,5,4,1.6988517617996262
1359488,2,16,6,4,1.9918150715854013
1359488,2,17,1,4,2.1864477481963553
1359489,1,15,1,0,0.9023788948242248
1359489,1,15,2,6,3.9147273405563037
1359489,1,15,3,1,3.124222103691358
1359489,1,15,4,0,2.04315242334354
1359489,1,15,5,0,1.6441032820371335
1359489,1,15,6,1,1.5457940014337308
1359489,1,15,7,0,1.4715633713997152
1359489,1,16,1,6,2.0768811065110215
1359489,1,16,2,2,1.9763107439257335
1359489,1,16,3,1,1.9979052606518997
1359489,1,16,4,1,1.6988517617996262
1359489,1,16,5,4,1.9271160542022456
1359489,1,16,6,0,1.7823441962857838
1359489,1,17,1,1,1.8041129937034641
1359489,1,17,2,4,2.2086374675143263
1359489,1,17,3,1,1.9233565267253392
1359489,1,17,4,6,2.3387849825246922
1359489,1,17,5,6,2.4300736127617366
1359489,1,17,6,0,2.241780567659607
1359489,1,17,7,4,1.9079225118511156
1359489,1,18,1,6,2.4075936692389575
1359489,1,18,2,6,3.275797746924306
1359489,1,18,3,1,3.332691825363335
1359489,1,18,4,4,2.7258899753013295
1359489,1,18,5,2,2.145434688047189
1359489,1,18,6,1,3.034310817198973
1359489,1,19,1,1,2.6426922933603016
1359489,1,19,2,0,2.212469229716507
1359489,1,19,3,0,2.7962998463335826
1359489,1,19,4,0,3.136012565686218
1359489,1,19,5,6,2.960910037506369
1359489,1,19,6,0,2.684054950295763
1359489,1,19,7,1,2.099712310594788
1359489,2,15,1,0,0.020069684090631257
1359489,2,15,2,4,2.010109467528837
1359489,2,15,3,1,1.6807515274329252
1359489,2,15,4,1,1.5288642536666437
1359489,2,15,5,0,1.388045090252713
1359489,2,15,6,1,1.3979336866422838
1359489,2,15,7,6,2.000084304100442
1359489,2,16,1,2,2.073158221036212
1359489,2,16,2,0,1.9467140904212958
1359489,2,16,3,0,1.6302151725242
1359489,2,16,4,0,1.4824179276994356
1359489,2,16,5,0,1.3971874321675515
1359489,2,16,6,1,1.3591901205703913
1359489,2,16,7,0,1.1742069608053436
1359489,2,17,1,1,1.3579170296979233
1359489,2,17,2,4,1.5211644414037697
1359489,2,17,3,1,1.3967622376754085
1359489,2,17,4,1,1.3967622376754085
1359489,2,17,5,1,1.3987655707936681
1359489,2,17,6,1,1.2494499331087838
1359489,2,18,1,0,1.497716478415369
1359489,2,18,2,0,1.4761964555116869
1359489,2,18,3,1,1.483089443973529
1359489,2,18,4,1,1.4593403146990391
1359489,2,18,5,4,1.4289545511518087
1359489,2,18,6,0,1.3010501815463287
1359489,2,18,7,1,1.3353069571740017
1359489,2,18,8,1,1.2781954350203262
1359489,2,19,1,1,1.2458620151060542
1359489,2,19,2,0,1.0290710506336547
1359489,2,19,3,2,1.3254553617538045
1359489,2,19,4,1,1.3694317671927947
1359489,2,19,5,0,1.0286757243600366
1359489,2,19,6,0,0.9514638291462818
1359491,1,15,1,2,2.003087388375163
1359491,1,15,2,1,1.4648385385218987
1359491,1,15,3,1,1.3587472201842303
1359491,1,15,4,1,1.3369564695531806
1359491,1,15,5,0,0.9462583284432285
1359491,1,15,6,1,0.9667782640735617
1359491,1,16,1,1,0.9596481545469372
1359491,1,16,2,0,0.8445643626106648
1359491,1,16,3,0,0.6762144675854397
1359491,1,16,4,1,0.7863608059516718
1359491,1,16,5,0,0.6926213733086527
1359491,1,16,6,1,0.7237597246514682
1359491,1,17,1,0,0.6772355928470621
1359491,1,17,2,1,0.7292496152916624
1359491,1,17,3,1,0.7008969299184575
1359491,1,17,4,0,0.644444490833477
1359491,1,17,5,6,0.9738299217038803
1359491,1,17,6,0,0.9545420353154241
1359491,1,17,7,4,1.0417834972953057
1359491,1,18,1,1,1.269045460731097
1359491,1,18,2,1,1.3221441908223885
1359491,1,18,3,1,1.247943219484682
1359491,1,18,4,6,1.486776040925899
1359491,1,18,5,1,1.486776040925899
1359491,1,18,6,0,1.2378321136820045
1359491,1,19,1,4,1.6134837983694492
1359491,1,19,2,2,1.3833002301750623
1359491,1,19,3,0,1.4987598365846377
1359491,1,19,4,1,1.3708371983421104
1359491,1,19,5,0,1.2702539618088857
1359491,1,19,6,1,1.2270196720485955
1359491,2,15,1,1,0.9023788948242248
1359491,2,15,2,1,0.9080403974227
1359491,2,15,3,1,0.9209354627127218
1359491,2,15,4,0,0.6913956144576845
1359491,2,15,5,1,0.7819856434123725
1359491,2,15,6,0,0.6419335919953075
1359491,2,16,1,1,0.7265347044285522
1359491,2,16,2,1,0.7265347044285522
1359491,2,16,3,1,0.704124715144713
1359491,2,16,4,1,0.8066759370508684
1359491,2,16,5,0,0.7260358693877947
1359491,2,16,6,1,0.7458854795437301
1359491,2,17,1,4,0.9847694209755347
1359491,2,17,2,1,1.0190980819756161
1359491,2,17,3,1,1.0110562067925724
1359491,2,17,4,6,1.4158905181797
1359491,2,17,5,1,1.2703873108693138
1359491,2,17,6,1,1.3901264740188108
1359491,2,18,1,0,1.4209742047051337
1359491,2,18,2,1,1.5378942477786954
1359491,2,18,3,4,1.4532476199228581
1359491,2,18,4,0,1.4241746644178
1359491,2,18,5,6,1.6995251356769334
1359491,2,18,6,0,1.61711368939868
1359491,2,18,7,6,1.545709221588517
1359491,2,19,1,0,1.5952502580794186
1359491,2,19,2,0,1.6582721241445877
1359491,2,19,3,0,1.947731697165659
1359491,2,19,4,6,2.1328024758035395
1359491,2,19,5,6,2.681621935809568
1359491,2,19,6,1,2.53551237283746
1359491,2,19,7,1,3.0508499476251885
1359491,2,19,8,1,2.2346866573729365
1359492,1,15,1,0,0.020069684090631257
1359492,1,15,2,2,0.9080403974227
1359492,1,15,3,6,3.124222103691358
1359492,1,15,4,0,2.04315242334354
1359492,1,15,5,1,1.8394737535025207
1359492,1,15,6,1,1.7864397866282715
1359492,1,16,1,1,1.592987161816129
1359492,1,16,2,0,1.4926274112222264
1359492,1,16,3,2,1.6055138308252017
1359492,1,16,4,0,1.46184771437223
1359492,1,16,5,0,1.460987790676242
1359492,1,16,6,1,1.41465737774586
1359492,1,16,7,0,1.1673868144975992
1359492,1,16,8,6,1.6372425048286463
1359492,1,17,1,1,1.5413528093162625
1359492,1,17,2,2,1.542107842406151
1359492,1,17,3,1,1.5794015979152611
1359492,1,17,4,4,1.596081637991002
1359492,1,17,5,1,1.5988887961777014
1359492,1,17,6,6,1.9347185243784089
1359492,1,18,1,0,1.8156926188025533
1359492,1,18,2,0,1.5207061034930467
1359492,1,18,3,1,1.6035115639269113
1359492,1,18,4,0,1.4333870634889216
1359492,1,18,5,4,1.5877428255164336
1359492,1,18,6,1,1.709063524004674
1359492,1,19,1,1,1.6966772415613607
1359492,1,19,2,6,1.8707406554115673
1359492,1,19,3,1,2.010519491741103
1359492,1,19,4,0,1.6051262196142924
1359492,1,19,5,1,1.6178918432042062
1359492,1,19,6,1,2.4414498492373213
1359492,1,19,7,0,1.6766476682354003
1359492,2,15,1,2,2.003087388375163
1359492,2,15,2,1,1.4648385385218987
1359492,2,15,3,0,0.9209354627127218
1359492,2,15,4,4,1.7720445878487263
1359492,2,15,5,1,1.6441032820371335
1359492,2,15,6,0,1.5457940014337308
1359492,2,16,1,0,1.5338164747326053
1359492,2,16,2,1,1.4395996184203166
1359492,2,16,3,1,1.3614871327798805
1359492,2,16,4,4,1.6685881335087278
1359492,2,16,5,1,1.612701704882307
1359492,2,16,6,1,1.5282943696495286
1359492,2,17,1,0,1.4479080462440546
1359492,2,17,2,1,1.4755341058017908
1359492,2,17,3,6,1.7091337592042555
1359492,2,17,4,1,1.7308314154927584
1359492,2,17,5,0,1.674256330954394
1359492,2,17,6,4,1.7175124344083332
1359492,2,18,1,1,1.652261668028971
1359492,2,18,2,2,1.7106932358152043
1359492,2,18,3,0,1.693662215533926
1359492,2,18,4,1,1.643238047118627
1359492,2,18,5,1,1.6025664959838506
1359492,2,18,6,0,1.61711368939868
1359492,2,19,1,1,1.7150387371337255
1359492,2,19,2,0,1.4354626386076115
1359492,2,19,3,1,1.5126459301178663
1359492,2,19,4,1,1.6340673296581414
1359492,2,19,5,4,2.0657306955793313
1359494,1,15,1,1,0.9023788948242248
1359494,1,15,2,0,0.4646912883608833
1359494,1,15,3,0,0.3217605309580484
1359494,1,15,4,1,0.49330975330050547
1359494,1,15,5,0,0.605672913383301
1359494,1,15,6,1,0.6419335919953075
1359494,1,15,7,1,0.7266712792263732
1359494,1,16,1,0,0.64137943637751
1359494,1,16,2,0,0.5666438686947559
1359494,1,16,3,1,0.6301072568470487
1359494,1,16,4,1,0.6437844826440376
1359494,1,16,5,1,0.628222759716426
1359494,1,16,6,4,0.8543316910535504
1359494,1,17,1,1,0.9117635557701491
1359494,1,17,2,0,0.9433580858996029
1359494,1,17,3,0,0.925623884308758
1359494,1,17,4,2,0.9301613888809707
1359494,1,17,5,0,0.9388869455860953
1359494,1,17,6,4,1.1099312233508924
1359494,1,18,1,4,1.4194328967736158
1359494,1,18,2,1,1.5358380532802185
1359494,1,18,3,1,1.3447697765927227
1359494,1,18,4,4,1.5154928153448846
1359494,1,18,5,1,1.535492862093407
1359494,1,18,6,1,1.5121405465506854
1359494,1,19,1,1,1.617138901994223
1359494,1,19,2,1,1.607187535996486
1359494,1,19,3,0,1.718326709103691
1359494,1,19,4,0,1.7441415091174661
1359494,1,19,5,1,1.8479740484262577
1359494,1,19,6,0,1.9828333747497715
1359494,1,19,7,2,2.1345455489825467
1359494,2,15,1,2,2.003087388375163
1359494,2,15,2,0,0.9080403974227
1359494,2,15,3,0,0.6125227945681023
1359494,2,15,4,0,0.49330975330050547
1359494,2,15,5,0,0.3159503139027935
1359494,2,15,6,1,0.44596048668328786
1359494,2,16,1,1,0.5449205661367216
1359494,2,16,2,2,0.6932967798456867
1359494,2,16,3,4,1.1365546041860166
1359494,2,16,4,0,1.0522638143290113
1359494,2,16,5,2,1.2018971145308084
1359494,2,16,6,1,1.1774690987781962
1359494,2,16,7,1,1.0525841406330632
1359494,2,17,1,4,1.3896992703748825
1359494,2,17,2,1,1.3747709722844832
1359494,2,17,3,0,1.0911992978201521
1359494,2,17,4,0,0.986844581802552
1359494,2,17,5,1,0.9791817871204614
1359494,2,17,6,1,0.9397010727242204
1359494,2,18,1,0,1.153587215147595
1359494,2,18,2,4,1.327260722042817
1359494,2,18,3,4,1.3342500899472278
1359494,2,18,4,0,1.327845275971586
1359494,2,18,5,0,1.2287824694978502
1359494,2,18,6,1,1.192093759572801
1359494,2,19,1,4,1.596217143500217
1359494,2,19,2,1,1.3519894011580442
1359494,2,19,3,0,1.3809929131888168
1359494,2,19,4,2,1.3708371983421104
1359494,2,19,5,4,1.4874356950532437
1359494,2,19,6,0,1.5627287038785025
1359494,2,19,7,0,1.3529648094592786
1359497,1,15,1,2,2.003087388375163
1359497,1,15,2,0,0.8029229288079323
1359497,1,15,3,1,0.8515351066200986
1359497,1,15,4,1,0.8639749709697547
1359497,1,15,5,1,0.865204277878384
1359497,1,15,6,1,0.8809089419877215
1359497,1,16,1,1,0.9264102299640717
1359497,1,16,2,1,0.9237103319844553
1359497,1,16,3,1,0.9338549894946895
1359497,1,16,4,1,0.9609614590617837
1359497,1,16,5,2,1.0217083976887744
1359497,1,16,6,6,1.4365431580250765
1359497,1,17,1,1,1.328508169886452
1359497,1,17,2,1,1.4203475321411547
1359497,1,17,3,6,1.9170835792659113
1359497,1,17,4,6,2.0880982455471124
1359497,1,17,5,2,2.010729002314552
1359497,1,17,6,1,2.0045738173374703
1359497,1,18,1,0,2.1760687980642115
1359497,1,18,2,1,1.5255653558996825
1359497,1,18,3,4,2.1575171063400846
1359497,1,18,4,1,2.183798497656832
1359497,1,18,5,6,2.287405156740583
1359497,1,18,6,0,2.006416901985301
1359497,1,19,1,0,1.971697737264586
1359497,1,19,2,0,1.9484515067678436
1359497,1,19,3,4,1.752727532235011
1359497,1,19,4,4,2.298981700515385
1359497,1,19,5,0,1.819071838828634
1359497,1,19,6,1,1.86272289871188
1359497,1,19,7,1,1.595980315572671
1359497,2,15,1,2,2.003087388375163
1359497,2,15,2,6,4.121535081798558
1359497,2,15,3,1,3.034731403705452
1359497,2,15,4,4,3.7604379924359175
1359497,2,15,5,1,2.797541098546957
1359497,2,15,6,6,2.716056372041166
1359497,2,16,1,4,3.229293988470714
1359497,2,16,2,0,3.0290861684051236
1359497,2,16,3,0,2.923643518114977
1359497,2,16,4,1,2.621906605243166
1359497,2,16,5,0,2.135326201869504
1359497,2,16,6,1,2.2411890829908097
1359497,2,16,7,1,1.7773819618108302
1359497,2,17,1,1,2.128808225113945
1359497,2,17,2,0,2.1347547968108382
1359497,2,17,3,4,2.413666702404217
1359497,2,17,4,0,2.3568981951566723
1359497,2,17,5,6,2.359283967695378
1359497,2,17,6,2,2.272140134401026
1359497,2,18,1,6,2.2873423042941914
1359497,2,18,2,0,2.144294159962221
1359497,2,18,3,4,2.4754158478669925
1359497,2,18,4,6,2.6203653986799234
1359497,2,18,5,0,1.6974413298547928
1359497,2,18,6,0,1.8620913459015103
1359497,2,19,1,2,2.39215242056426
1359497,2,19,2,6,2.162247176543654
1359499,1,15,1,1,0.9023788948242248
1359499,1,15,2,0,0.9080403974227
1359499,1,15,3,0,0.6125227945681023
1359499,1,15,4,4,1.5288642536666437
1359499,1,15,5,0,1.2050640477179053
1359499,1,15,6,6,1.9808218241956657
1359499,1,15,7,2,2.000084304100442
1359499,1,16,1,1,2.0768811065110215
1359499,1,16,2,6,2.181126035410828
1359499,1,16,3,0,1.596224010192942
1359499,1,16,4,0,1.5376237996435018
1359499,1,16,5,0,1.6518313092098533
1359499,1,16,6,1,1.5947737174416228
1359499,1,17,1,1,1.567358003213306
1359499,1,17,2,4,1.9145098958892637
1359499,1,17,3,4,1.9545110984695218
1359499,1,17,4,4,2.014433087635585
1359499,1,17,5,6,2.3744927112879206
1359499,1,17,6,1,2.2494239885252556
1359499,1,18,1,1,2.2498508574010727
1359499,1,18,2,2,2.409075002126886
1359499,1,18,3,1,2.6278184866350567
1359499,1,18,4,1,2.2905096011784476
1359499,1,18,5,1,2.3251547774398573
1359499,1,18,6,0,1.98394764080268
1359499,1,19,1,4,2.301577373862493
1359499,1,19,2,1,1.7991883414361265
1359499,1,19,3,3,2.501939183534014
1359499,1,19,4,4,2.188844108177681
1359499,1,19,5,1,2.357284210804676
1359499,1,19,6,1,2.268606905122482
1359499,2,15,1,1,0.9023788948242248
1359499,2,15,2,0,0.4646912883608833
1359499,2,15,3,0,0.3217605309580484
1359499,2,15,4,1,0.49330975330050547
1359499,2,15,5,4,1.2050640477179053
1359499,2,15,6,4,1.7864397866282715
1359499,2,16,1,0,1.5338164747326053
1359499,2,16,2,0,1.4395996184203166
1359499,2,16,3,1,1.3614871327798805
1359499,2,16,4,4,1.6685881335087278
1359499,2,16,5,0,1.3896005853872127
1359499,2,16,6,0,1.332884686279604
1359499,2,16,7,1,1.2803996894704202
1359499,2,17,1,4,1.4339423625422865
1359499,2,17,2,1,1.315341591645519
1359499,2,17,3,1,1.4219557044855589
1359499,2,17,4,4,1.6809090553057515
1359499,2,17,5,0,1.805730012063253
1359499,2,17,6,0,1.577800023122212
1359499,2,17,7,4,1.3718489567181185
1359499,2,18,1,1,1.8156926188025533
1359499,2,18,2,0,1.5412790416828004
1359499,2,18,3,0,1.6035115639269113
1359499,2,18,4,1,1.5990819788981456
1359499,2,18,5,0,1.6185896625434595
1359499,2,18,6,0,1.6488099331834691
1359499,2,19,1,0,1.8630745493389922
1359499,2,19,2,1,1.2227815488216176
1359499,2,19,3,0,1.5104611500565608
1359499,2,19,4,2,1.4656514758144898
1359499,2,19,5,0,1.4904489300080748
1359499,2,19,6,0,1.4309905118721815
1359509,1,15,1,1,0.9023788948242248
1359509,1,15,2,1,0.9080403974227
1359509,1,15,3,1,0.9209354627127218
1359509,1,15,4,0,0.9299620505963468
1359509,1,15,5,1,0.9462583284432285
1359509,1,15,6,2,1.194078429226704
1359509,1,15,7,0,0.9597159958712175
1359509,1,16,1,1,0.9618481868626843
1359509,1,16,2,2,1.1805319316408722
1359509,1,16,3,4,1.4731991544309344
1359509,1,16,4,1,1.4437443493258368
1359509,1,16,5,4,1.6100135239312887
1359509,1,16,6,1,1.626582454148918
1359509,1,17,1,1,1.5309300874010912
1359509,1,17,2,6,2.0519112108761375
1359509,1,17,3,6,2.413666702404217
1359509,1,17,4,1,2.3717963643215976
1359509,1,17,5,2,2.3408070778454926
1359509,1,17,6,6,2.241780567659607
1359509,1,18,1,0,1.920801787306935
1359509,1,18,2,6,2.235130158339626
1359509,1,18,3,1,2.4875957467426586
1359509,1,18,4,0,2.2715273605059485
1359509,1,18,5,6,2.414313967698686
1359509,1,18,6,6,2.653322194555016
1359509,1,19,1,0,2.5736550149145074
1359509,1,19,2,6,3.215511643028386
1359509,1,19,3,6,3.448243037638239
1359509,1,19,4,1,2.303934234317191
1359509,1,19,5,0,2.7562610384091912
1359509,1,19,6,0,1.8644312843341468
1359509,1,19,7,2,3.237019124168791
1359509,2,15,1,6,5.955570283907285
1359509,2,15,2,1,3.9147273405563037
1359509,2,15,3,6,4.3198904874452175
1359509,2,15,4,1,3.8281197373599376
1359509,2,15,5,1,2.8619206640293173
1359509,2,15,6,2,2.666602186569839
1359509,2,16,1,0,2.528511897867596
1359509,2,16,2,1,2.39808347827571
1359509,2,16,3,0,2.013689565851908
1359509,2,16,4,0,1.8941278502417735
1359509,2,16,5,1,1.6988517617996262
1359509,2,16,6,4,1.9918150715854013
1359509,2,17,1,0,1.7041036978407131
1359509,2,17,2,1,1.6782772729546165
1359509,2,17,3,1,1.569085180092697
1359509,2,17,4,0,1.3390442349460845
1359509,2,17,5,1,1.3709597644419709
1359509,2,17,6,1,1.2635519669743553
1359509,2,18,1,1,1.285836604167722
1359509,2,18,2,0,1.3740059215830154
1359509,2,18,3,1,1.316511041740934
1359509,2,18,4,1,1.3338205014068714
1359509,2,18,5,1,1.3319614614643125
1359509,2,18,6,1,1.3364197397786564
1359509,2,19,1,6,1.9380432172306494
1359509,2,19,2,2,1.865239191491054
1359509,2,19,3,0,1.5987127906305874
1359509,2,19,4,0,1.3755638054363803
1359509,2,19,5,0,1.4109082039114487
1359509,2,19,6,0,1.3013798522721387
1359512,1,15,1,0,3.9442372820008655
1359512,1,15,2,1,2.485842962026731
1359512,1,15,3,1,2.088270541193096
1359512,1,15,4,6,2.898783543592062
1359512,1,15,5,0,2.797541098546957
1359512,1,15,6,0,1.9609909574242776
1359512,1,15,7,1,2.3725847021997613
1359512,1,15,8,0,2.5708674419863673
1359512,1,16,1,1,1.976097143539666
1359512,1,16,2,4,2.1396525711984156
1359512,1,16,3,1,2.134566434226402
1359512,1,16,4,2,2.102657864939176
1359512,1,16,5,4,2.1658033996881088
1359512,1,16,6,4,2.847705325903378
1359512,1,17,1,6,3.28983246103611
1359512,1,17,2,1,2.7372597120021442
1359512,1,17,3,2,2.7070668526950574
1359512,1,17,4,4,2.708609294910304
1359512,1,17,5,0,2.3633656655796766
1359512,1,17,6,6,3.122237849352506
1359512,1,18,1,4,3.4147425217461502
1359512,1,18,2,0,3.5663599149764282
1359512,1,18,3,2,2.5851498617781874
1359512,1,18,4,0,2.483320484498684
1359512,1,18,5,4,2.6644069198031457
1359512,1,18,6,0,2.528350925054024
1359512,1,19,1,1,2.5732787057260773
1359512,1,19,2,4,2.575218198996042
1359512,1,19,3,1,2.6336493866511788
1359512,1,19,4,0,2.397669359063885
1359512,1,19,5,4,2.4422465427598423
1359512,1,19,6,0,2.33070303649012
1359512,1,19,7,1,1.412237143946808
1359512,2,15,1,0,0.020069684090631257
1359512,2,15,2,0,-0.0016225146457691717
1359512,2,15,3,6,1.316000114390723
1359512,2,15,4,0,1.4587317199808114
1359512,2,15,5,1,1.41102788589327
1359512,2,15,6,1,1.3483553824978753
1359512,2,15,7,4,1.5073336415334784
1359512,2,16,1,2,1.6475353603088647
1359512,2,16,2,2,1.4996147510416202
1359512,2,16,3,0,1.371365338114907
1359512,2,16,4,2,1.5376237996435018
1359512,2,16,5,4,1.895803564115301
1359512,2,16,6,0,1.8970266420074477
1359512,2,16,7,0,1.9767695216817591
1359512,2,17,1,6,1.7862677477985696
1359512,2,17,2,6,1.8890617206818878
1359512,2,17,3,1,2.118457822000146
1359512,2,17,4,1,2.1322499957297505
1359512,2,17,5,0,1.1906142444073058
1359512,2,17,6,0,1.5413640117892895
1359512,2,17,7,0,1.35867525027883
1359512,2,18,1,0,1.1981138734703733
1359512,2,18,2,0,0.8538779006773168
1359512,2,18,3,2,1.2802825352938811
1359512,2,18,4,1,1.2064220823732081
1359512,2,18,5,0,0.708008556398661
1359512,2,18,6,0,0.39899025290897144
1359512,2,18,7,2,1.008975836223015
1359512,2,19,1,0,0.6685710123430647
1359512,2,19,2,0,1.374223814489806
1359512,2,19,3,2,0.9196419206156988
1359512,2,19,4,0,1.7721863268885256
1359512,2,19,5,0,0.9957556322688101
1359518,1,15,1,1,0.9023788948242248
1359518,1,15,2,4,2.485842962026731
1359518,1,15,3,0,1.6807515274329252
1359518,1,15,4,6,2.8611360293591797
1359518,1,15,5,1,2.431216830027345
1359518,1,15,6,1,2.1435090230452665
1359518,1,16,1,4,2.528511897867596
1359518,1,16,2,1,2.39808347827571
1359518,1,16,3,4,2.586389521046583
1359518,1,16,4,1,2.2858121173120347
1359518,1,16,5,2,2.1562870534048537
1359518,1,16,6,4,2.4647009009830922
1359518,1,17,1,2,2.2969027280746777
1359518,1,17,2,6,2.667824412089034
1359518,1,17,3,2,2.3773904668558794
1359518,1,17,4,1,2.616495872743112
1359518,1,17,5,1,2.7536660990892474
1359518,1,17,6,0,2.418316293607644
1359518,1,18,1,6,2.6553903570557624
1359518,1,18,2,1,2.6097829465731075
1359518,1,18,3,0,2.2423702103819627
1359518,1,18,4,0,2.381032139357391
1359518,1,18,5,0,2.112747906232399
1359518,1,18,6,1,2.156278348336212
1359518,1,19,1,1,2.2747733019639487
1359518,1,19,2,1,1.9453755706988032
1359518,1,19,3,0,2.0460880878672185
1359518,1,19,4,1,2.0317074108487194
1359518,1,19,5,0,1.8133994330130643
1359518,1,19,6,0,1.5578326701717968
1359518,2,15,1,0,0.9023788948242248
1359518,2,15,2,1,0.9080403974227
1359518,2,15,3,4,2.088270541193096
1359518,2,15,4,0,1.5288642536666437
1359518,2,15,5,1,1.388045090252713
1359518,2,15,6,1,1.3979336866422838
1359518,2,15,7,2,1.4475650784756378
1359518,2,16,1,1,1.442127187859647
1359518,2,16,2,1,1.4255561098366056
1359518,2,16,3,0,1.2535829166053016
1359518,2,16,4,1,1.2111290326816226
1359518,2,16,5,1,1.189946617252725
1359518,2,16,6,1,1.169291623817351
1359518,2,17,1,0,1.160985737868845
1359518,2,17,2,1,1.1022153635580696
1359518,2,17,3,0,0.9788118060118086
1359518,2,17,4,1,0.9739440120682676
1359518,2,17,5,1,0.9738299217038803
1359518,2,17,6,1,0.9321291338310612
1359518,2,18,1,0,0.9794511759270091
1359518,2,18,2,2,1.00846376314273
1359518,2,18,3,1,0.9577055750602304
1359518,2,18,4,6,1.4043030521565978
1359518,2,18,5,6,1.4490544400573881
1359518,2,18,6,6,1.750346302346988
1359518,2,19,1,2,1.6006825329808114
1359518,2,19,2,1,1.6278895416220651
1359518,2,19,3,0,2.0431321223482644
1359518,2,19,4,0,1.7966922644200478
1359518,2,19,5,2,1.4849398902313249
1359518,2,19,6,1,1.6110430420359565
1359524,1,15,1,2,2.003087388375163
1359524,1,15,2,1,1.4648385385218987
1359524,1,15,3,4,2.2215805140366163
1359524,1,15,4,1,2.04315242334354
1359524,1,15,5,0,1.8394737535025207
1359524,1,15,6,2,1.8959607150794853
1359524,1,15,7,0,1.5147153459854654
1359524,1,16,1,4,1.71064168547885
1359524,1,16,2,0,1.865437243730673
1359524,1,16,3,0,1.723643800492085
1359524,1,16,4,1,1.5417640891493622
1359524,1,16,5,1,1.5146347548204702
1359524,1,16,6,4,1.6711749695087854
1359524,1,16,7,1,1.6564943638931322
1359524,1,16,8,1,1.7531566796307336
1359524,1,17,1,0,1.542107842406151
1359524,1,17,2,1,1.5501092051571266
1359524,1,17,3,4,1.596081637991002
1359524,1,17,4,0,1.5936938297772976
1359524,1,17,5,1,1.5705702156785981
1359524,1,17,6,0,1.556602593801328
1359524,1,17,7,6,1.9389756332795522
1359524,1,18,1,0,1.8095960412499212
1359524,1,18,2,0,1.7506325981578503
1359524,1,18,3,4,1.8184037141355252
1359524,1,18,4,1,1.8204375051491473
1359524,1,18,5,0,1.582644186173458
1359524,1,18,6,1,1.90191689511738
1359524,1,19,1,0,1.470153741120649
1359524,1,19,2,6,2.1760346627143328
1359524,1,19,3,1,1.9390456937536387
1359524,1,19,4,1,2.7683119862284316
1359524,1,19,5,1,2.187733805097924
1359524,1,19,6,0,1.9681934179124534
1359524,2,15,1,1,0.9023788948242248
1359524,2,15,2,4,2.485842962026731
1359524,2,15,3,0,1.3498696925980536
1359524,2,15,4,6,2.0200899645411727
1359524,2,15,5,1,1.902331918698982
1359524,2,15,6,1,1.7832472152943422
1359524,2,16,1,1,1.5621186599490269
1359524,2,16,2,1,1.71064168547885
1359524,2,16,3,0,1.74713085973907
1359524,2,16,4,6,1.5685360422633015
1359532,1,15,1,1,0.9023788948242248
1359532,1,15,2,6,3.9147273405563037
1359532,1,15,3,6,4.3198904874452175
1359532,1,15,4,0,3.7604379924359175
1359532,1,15,5,0,2.797541098546957
1359532,1,15,6,0,2.157035235044497
1359532,1,15,7,1,1.876454032205312
1359532,1,16,1,0,2.0768811065110215
1359532,1,16,2,0,1.5990089204102025
1359532,1,16,3,1,1.6302151725242
1359532,1,16,4,6,2.109404089032996
1359532,1,16,5,2,2.087461030249984
1359532,1,16,6,0,2.0713966956089456
1359532,1,17,1,1,1.920282168971705
1359532,1,17,2,1,1.9799959947647057
1359532,1,17,3,1,1.8737188428837137
1359532,1,17,4,0,1.7685804540453327
1359532,1,17,5,0,1.6449783000896996
1359532,1,17,6,4,1.6986562565295915
1359532,1,18,1,1,1.638349763052718
1359532,1,18,2,6,1.689444677740825
1359532,1,18,3,1,1.8080240831934444
1359532,1,18,4,4,2.106874569865193
1359532,1,18,5,0,1.965942488327797
1359532,1,18,6,0,1.8994710615830035
1359532,1,19,1,0,1.7185406425246943
1359532,1,19,2,0,1.6278895416220651
1359532,1,19,3,0,2.0431321223482644
1359532,1,19,4,6,1.720018591496157
1359532,1,19,5,1,1.7346208109864025
1359532,1,19,6,2,1.5828190338980261
1359532,2,15,1,6,5.955570283907285
1359532,2,15,2,0,3.9147273405563037
1359532,2,15,3,6,4.3198904874452175
1359532,2,15,4,0,1.1798253294767014
1359532,2,15,5,6,1.2686471956188607
1359532,2,15,6,6,1.951834681478593
1359532,2,15,7,6,3.1415851700815667
1359532,2,16,1,1,3.236124234949658
1359532,2,16,2,2,3.134423814859741
1359532,2,16,3,1,2.1790047111738415
1359532,2,16,4,0,2.418293702685038
1359532,2,16,5,6,2.5496579566729887
1359532,2,16,6,4,2.1776115681545214
1359532,2,17,1,1,4.266801460388386
1359532,2,17,2,0,2.8263870777939313
1359532,2,17,3,0,3.2029551850364646
1359532,2,17,4,1,1.763791130933124
1359532,2,17,5,4,2.512430478852159
1359532,2,17,6,4,3.4079329345041813
1359532,2,18,1,0,3.7038368260088275
1359532,2,18,2,1,3.37817414063663
1359532,2,18,3,1,2.9595997785976254
1359532,2,18,4,1,2.8351611355549773
1359532,2,18,5,6,2.4530161928229144
1359532,2,18,6,1,2.3583943467741237
1359532,2,19,1,2,2.8672174329650644
1359532,2,19,2,4,3.004115614881613
1370353,1,15,1,1,0.9023788948242248
1370353,1,15,2,0,0.4646912883608833
1370353,1,15,3,4,1.6807515274329252
1370353,1,15,4,4,2.2902502299285716
1370353,1,15,5,1,1.9398175394584762
1370353,1,15,6,0,1.7864397866282715
1370353,1,16,1,6,2.2511018800562286
1370353,1,16,2,4,2.5994333533905203
1370353,1,16,3,4,2.923643518114977
1370353,1,16,4,4,2.693747322425014
1370353,1,16,5,1,3.1519897466352873
1370353,1,16,6,1,2.8329406576062297
1370353,1,17,1,1,2.2969027280746777
1370353,1,17,2,2,2.909247100449105
1370353,1,17,3,1,2.9310666670231336
1370353,1,17,4,2,3.0008864556834793
1370353,1,17,5,2,2.546819797852345
1370353,1,17,6,1,2.3334834585629984
1370353,1,18,1,6,2.228796758686174
1370353,1,18,2,0,2.264561784211487
1370353,1,18,3,1,2.5066181502104725
1370353,1,18,4,4,2.5913661346266466
1370353,1,18,5,1,2.4501657388485922
1370353,1,18,6,6,1.9545479689318639
1370353,1,19,1,6,2.7564138844839894
1370353,1,19,2,6,2.826759931051487
1370353,1,19,3,0,3.5951519234327076
1370353,1,19,4,0,2.783308037130599
1370353,1,19,5,0,2.8705863286604636
1370353,1,19,6,0,2.6646750935548944
1422119,1,15,1,4,3.9442372820008655
1422119,1,15,2,1,2.485842962026731
1422119,1,15,3,1,2.088270541193096
1422119,1,15,4,1,1.7720445878487263
1422119,1,15,5,1,1.6441032820371335
1422119,1,15,6,6,2.157035235044497
1422119,1,16,1,0,2.0817635273463275
1422119,1,16,2,4,2.39808347827571
1422119,1,16,3,0,2.013689565851908
1422119,1,16,4,1,2.179853686410665
1422119,1,16,5,0,1.8744451108710782
1422119,1,16,6,1,1.8002951192740448
1422119,1,16,7,0,1.5983584886121267
1422119,1,17,1,0,1.732774607698629
1422119,1,17,2,6,2.2086374675143263
1422119,1,17,3,0,1.9233565267253392
1422119,1,17,4,1,1.768509991459549
1422119,1,17,5,6,2.3408070778454926
1422119,1,17,6,0,2.3698565521535095
1422119,1,17,7,6,1.8814410279284126
1422119,1,17,8,4,1.5259893788119463
1422119,1,18,1,2,2.1995249083357113
1422119,1,18,2,1,2.0933662565415125
1422119,1,18,3,6,2.515939543851179
1422119,1,18,4,1,2.423233290585912
1422119,1,18,5,4,2.1974585289289377
1422119,1,18,6,0,1.9733474209288684
1422119,1,18,7,0,1.6444317311824215
1422119,1,19,1,0,2.2902956373371555
1422119,1,19,2,0,2.4614076835694143
1422119,1,19,3,0,2.4577671832325274
1422119,1,19,4,0,3.0285043443874904
1422119,1,19,5,1,2.5617470501743465
1422119,1,19,6,0,2.040687856704549
1422119,1,19,7,0,1.9780039312136517
1422119,1,19,8,4,3.2062137025005457
1422119,1,19,9,0,3.001739286586113
1422119,2,15,1,1,0.9023788948242248
1422119,2,15,2,4,2.485842962026731
1422119,2,15,3,0,2.088270541193096
1422119,2,15,4,3,2.2902502299285716
1422119,2,15,5,1,1.9398175394584762
1422119,2,15,6,1,1.8959607150794853
1422119,2,15,7,1,1.6662765340894048
1422119,2,16,1,2,1.7975090428897986
1422119,2,16,2,2,1.9467140904212958
1422119,2,16,3,1,1.8390202743641693
1422119,2,16,4,0,1.6440780503105175
1422119,2,16,5,4,1.7572035977082265
1422119,2,16,6,0,1.7823441962857838
1422119,2,16,7,0,2.3335655832789675
1422119,2,16,8,1,2.8695568385740153
1422119,2,17,1,0,1.8889685390352309
1422119,2,17,2,4,2.2173108045005385
1422119,2,17,3,0,1.9571498459368266
1422119,2,17,4,0,1.7925108854822285
1422119,2,17,5,4,1.959893671630695
1422119,2,17,6,0,1.77025548570955
1422119,2,18,1,1,1.7834037189843917
1422119,2,18,2,0,1.4595719218255028
1422119,2,18,3,0,1.5963136300854193
1422119,2,18,4,6,1.7918614414628922
1422119,2,18,5,0,2.597628123629257
1422122,1,15,1,1,0.9023788948242248
1422122,1,15,2,1,0.9080403974227
1422122,1,15,3,0,0.6125227945681023
1422122,1,15,4,2,0.9299620505963468
1422122,1,15,5,1,0.9462583284432285
1422122,1,15,6,1,0.9667782640735617
1422122,1,16,1,1,0.9596481545469372
1422122,1,16,2,0,0.8778022871935303
1422122,1,16,3,0,0.6762144675854397
1422122,1,16,4,0,0.648303919144556
1422122,1,16,5,2,0.8706010845781813
1422122,1,16,6,6,1.3703253247836162
1422122,1,17,1,1,1.403248742195645
1422122,1,17,2,1,1.204653200105596
1422122,1,17,3,1,1.1746474345338496
1422122,1,17,4,1,1.1635238190688724
1422122,1,17,5,2,1.2795751190705833
1422122,1,17,6,0,1.232673835392263
1422122,1,17,7,6,1.4710193989652096
1422122,1,18,1,0,1.4845517469158953
1422122,1,18,2,0,1.4655124021562107
1422122,1,18,3,0,1.4419853299587087
1422122,1,18,4,2,1.5004776403180629
1422122,1,18,5,1,1.4708055518834973
1422122,1,18,6,1,1.4289906721140826
1422122,1,18,7,0,1.3746574506515967
1422122,1,18,8,2,1.3239887898302238
1422122,1,19,1,0,1.7077172518664872
1422122,1,19,2,1,1.2668023300938431
1422122,1,19,3,4,1.5342566795855013
1422122,1,19,4,1,1.570675855232069
1422122,1,19,5,6,1.71192095394162
1422122,1,19,6,2,1.7996444505657547
1422122,2,15,1,1,0.9023788948242248
1422122,2,15,2,6,3.9147273405563037
1422122,2,15,3,2,3.034731403705452
1422122,2,15,4,0,2.2902502299285716
1422122,2,15,5,1,1.9398175394584762
1422122,2,15,6,1,1.8959607150794853
1422122,2,16,1,0,1.4600004855516138
1422122,2,16,2,1,1.3964930752809548
1422122,2,16,3,1,1.3728251351005343
1422122,2,16,4,1,1.3809258319652495
1422122,2,16,5,0,1.3606790924413479
1422122,2,16,6,4,1.4365431580250765
1422122,2,17,1,1,1.328508169886452
1422122,2,17,2,1,1.4203475321411547
1422122,2,17,3,0,1.1239121077658514
1422122,2,17,4,0,1.0800236131291119
1422122,2,17,5,1,1.0723608184470208
1422122,2,17,6,1,1.0271739182976691
1422122,2,18,1,0,1.2362926298380414
1422122,2,18,2,1,1.226277593286736
1422122,2,18,3,0,1.3095257905242756
1422122,2,18,4,4,1.2676943151820728
1422122,2,18,5,0,1.249567799019822
1422122,2,18,6,0,1.191687189602958
1422122,2,18,7,4,1.289018062149079
1422122,2,19,1,0,1.596217143500217
1422122,2,19,2,0,1.3777459257100089
1422122,2,19,3,0,1.3402166770807271
1422122,2,19,4,1,1.3593032828060825
1422122,2,19,5,1,1.3325916806516034
1422122,2,19,6,1,1.465072297949085
1422122,2,19,7,1,1.6229029411675044
1422123,1,15,1,2,2.003087388375163
1422123,1,15,2,4,3.032967172278069
1422123,1,15,3,1,2.2215805140366163
1422123,1,15,4,1,2.04315242334354
1422123,1,15,5,1,1.8394737535025207
1422123,1,15,6,0,1.5457940014337308
1422123,1,16,1,0,1.3447880833652648
1422123,1,16,2,1,1.3403620319007925
1422123,1,16,3,0,0.9689626480861596
1422123,1,16,4,0,0.85626716567394
1422123,1,16,5,0,0.8513481170566932
1422123,1,16,6,1,0.7977235897677611
1422123,1,17,1,6,1.4031295400008341
1422123,1,17,2,0,1.0564609222259846
1422123,1,17,3,4,1.1669335037941242
1422123,1,17,4,4,1.3390442349460845
1422123,1,17,5,2,1.506444543346183
1422123,1,17,6,0,1.35726690137182
1422123,1,17,7,0,1.3746074589557846
1422123,1,17,8,1,1.0975401707079955
1422123,1,18,1,0,1.3336806293658372
1422123,1,18,2,1,1.3845327879408134
1422123,1,18,3,2,1.5344172177799769
1422123,1,18,4,1,1.4570306232260217
1422123,1,18,5,1,1.4549038370534653
1422123,1,18,6,1,1.4052642226842003
1422123,1,19,1,0,1.5458534871560943
1422123,1,19,2,2,1.512180266958083
1422123,1,19,3,1,1.378895231014838
1422123,1,19,4,1,1.375190111114008
1422123,1,19,5,1,1.4210148601395836
1422123,1,19,6,2,1.554050155514458
1422123,2,15,1,0,0.020069684090631257
1422123,2,15,2,2,0.9080403974227
1422123,2,15,3,0,0.6125227945681023
1422123,2,15,4,1,0.6913956144576845
1422123,2,15,5,0,0.5427547087434988
1422123,2,15,6,1,0.5711312408477197
1422123,2,16,1,0,0.5449205661367216
1422123,2,16,2,1,0.6112103867814346
1422123,2,16,3,0,0.5439302801799031
1422123,2,16,4,0,0.5136254644043825
1422123,2,16,5,1,0.5611401491507466
1422123,2,16,6,1,0.6245703716347968
1422123,2,17,1,0,0.5671029902447874
1422123,2,17,2,0,0.5616965829326
1422123,2,17,3,4,0.784739761965226
1422123,2,17,4,2,0.9027340994263708
1422123,2,17,5,2,0.9020371397603363
1422123,2,17,6,0,0.8610633672821443
1422123,2,17,7,0,0.7146920395278414
1422123,2,18,1,6,1.153587215147595
1422123,2,18,2,0,0.9722638636028088
1422123,2,18,3,1,1.0750467314272085
1422123,2,18,4,1,0.9181194676856362
1422123,2,18,5,0,0.8696463087367247
1422123,2,18,6,0,0.8258865756150999
1422123,2,19,1,6,1.2048825866649369
1422123,2,19,2,4,1.3466589055464735
1422123,2,19,3,0,1.4694849261628293
1422123,2,19,4,0,0.737284246939653
1422123,2,19,5,1,1.0052239015329179
1422123,2,19,6,1,1.085028756386787
1422124,1,15,1,1,0.9023788948242248
1422124,1,15,2,1,0.9080403974227
1422124,1,15,3,0,0.9209354627127218
1422124,1,15,4,1,0.9299620505963468
1422124,1,15,5,0,0.7819856434123725
1422124,1,15,6,0,0.6419335919953075
1422124,1,16,1,0,0.5706418907384583
1422124,1,16,2,4,0.9534977389199545
1422124,1,16,3,0,0.8322411429664662
1422124,1,16,4,1,0.8930505437655144
1422124,1,16,5,1,0.8936780953274226
1422124,1,16,6,1,0.9153027719359604
1422124,1,17,1,1,0.8986971877736797
1422124,1,17,2,0,0.9117635557701491
1422124,1,17,3,4,1.240699217601898
1422124,1,17,4,0,1.1173158531877303
1422124,1,17,5,0,1.1172017628233428
1422124,1,17,6,4,1.3139876635066647
1422124,1,17,7,0,1.0417834972953057
1422124,1,17,8,2,0.9983557643836802
1422124,1,18,1,0,1.3221441908223885
1422124,1,18,2,1,1.2485295015636126
1422124,1,18,3,1,1.349358157557508
1422124,1,18,4,0,1.1286755816403378
1422124,1,18,5,2,1.1494410853739438
1422124,1,18,6,0,0.9965222090951303
1422124,1,19,1,6,1.5264025700667547
1422124,1,19,2,0,1.2163636008889103
1422124,1,19,3,6,1.461156241381046
1422124,1,19,4,4,1.5638255155073542
1422124,1,19,5,1,1.6049452798378185
1422124,1,19,6,0,2.0509414686632557
1422124,1,19,7,1,1.6796899579050022
1422124,2,15,1,1,0.9023788948242248
1422124,2,15,2,4,2.485842962026731
1422124,2,15,3,4,3.034731403705452
1422124,2,15,4,0,2.2902502299285716
1422124,2,15,5,0,1.9398175394584762
1422124,2,15,6,2,1.9808218241956657
1422124,2,15,7,0,1.6077519811893202
1422124,2,16,1,0,1.40862453732509
1422124,2,16,2,0,1.08902109685519
1422124,2,16,3,4,1.332623761455852
1422124,2,16,4,1,1.2678546921604306
1422124,2,16,5,4,1.3962103398115209
1422124,2,16,6,2,1.492333626364095
1422124,2,17,1,0,1.9756462963151105
1422124,2,17,2,1,1.3766919399108275
1422124,2,17,3,6,1.7169937333073446
1422124,2,17,4,4,1.5053754127220556
1422124,2,17,5,0,1.6608468355560104
1422124,2,17,6,1,1.8195631096409872
1422124,2,18,1,1,2.0405200312140326
1422124,2,18,2,0,1.2233411261267209
1422124,2,18,3,0,1.6525733049260092
1422124,2,18,4,4,1.7105970590685093
1422124,2,18,5,0,1.7874642744525642
1422124,2,18,6,6,1.8494000636973078
1422124,2,18,7,1,1.9375302439670656
1422124,2,19,1,6,2.020334766342982
1422124,2,19,2,0,2.2085357696184675
1422124,2,19,3,4,2.037957138970408
1422127,1,15,1,4,3.9442372820008655
1422127,1,15,2,1,2.485842962026731
1422127,1,15,3,0,1.6807515274329252
1422127,1,15,4,4,2.2902502299285716
1422127,1,15,5,0,1.8394737535025207
1422127,1,15,6,6,1.9609909574242776
1422127,1,16,1,1,2.2511018800562286
1422127,1,16,2,1,2.1235555427654225
1422127,1,16,3,4,2.299113281574685
1422127,1,16,4,2,2.2858121173120347
1422127,1,16,5,1,2.171567259489775
1422127,1,16,6,6,2.8329406576062297
1422127,1,17,1,4,2.419208119161692
1422127,1,17,2,0,2.5678019721941667
1422127,1,17,3,1,2.47840387253959
1422127,1,17,4,0,2.412058435836347
1422127,1,17,5,1,2.118989193339719
1422127,1,17,6,0,2.079094936001493
1422127,1,18,1,0,2.106640788262175
1422127,1,18,2,1,2.156264178835455
1422127,1,18,3,1,2.1575171063400846
1422127,1,18,4,6,2.632525579905819
1422127,1,18,5,4,2.4518927889417537
1422127,1,18,6,0,2.131310187401314
1422127,1,18,7,2,2.4948927418789992
1422127,1,19,1,4,2.4816733010084215
1422127,1,19,2,4,2.749051338563668
1422127,1,19,3,6,2.4715605349390537
1422127,1,19,4,4,2.8115676338862263
1422127,1,19,5,6,3.111628197302382
1422127,1,19,6,1,4.2744821030821285
1422127,2,15,1,2,2.003087388375163
1422127,2,15,2,0,0.9080403974227
1422127,2,15,3,0,0.5465661387924178
1422127,2,15,4,2,0.8639749709697547
1422127,2,15,5,1,0.865204277878384
1422127,2,15,6,1,0.8809089419877215
1422127,2,16,1,2,1.1531211715718488
1422127,2,16,2,1,1.1904766019981425
1422127,2,16,3,0,1.1365546041860166
1422127,2,16,4,1,1.0522638143290113
1422127,2,16,5,2,1.2018971145308084
1422127,2,16,6,6,1.521636962248853
1422127,2,16,7,6,2.072770569473188
1422127,2,17,1,4,1.8737381911327118
1422127,2,17,2,0,1.9346761193487532
1422127,2,17,3,0,1.9416642307989271
1422127,2,17,4,1,2.043348969750741
1422127,2,17,5,1,1.805730012063253
1422127,2,17,6,1,1.7684644413981676
1422127,2,17,7,1,1.663265847849897
1422127,2,18,1,6,2.129001810391433
1422127,2,18,2,4,2.270106262910461
1422127,2,18,3,1,2.0349654731866074
1422127,2,18,4,1,2.0954501575275266
1422127,2,18,5,1,2.1057145373960577
1422127,2,18,6,2,2.154874105477167
1422127,2,19,1,1,2.058824314652619
1422127,2,19,2,0,1.8723130540787234
1422127,2,19,3,1,1.9100271472046608
1422127,2,19,4,1,1.7397146496110387
1422127,2,19,5,0,2.042827307133894
1422127,2,19,6,1,1.9827123653493903
1422128,1,15,1,0,0.020069684090631257
1422128,1,15,2,0,0.020069684090631257
1422128,1,15,3,1,0.3217605309580484
1422128,1,15,4,1,0.49330975330050547
1422128,1,15,5,0,0.37217065255884185
1422128,1,15,6,0,0.5136939628440846
1422128,1,15,7,4,0.9597159958712175
1422128,1,16,1,1,0.9618481868626843
1422128,1,16,2,1,0.9849824872202845
1422128,1,16,3,0,0.9771365081940568
1422128,1,16,4,0,0.8684026484610194
1422128,1,16,5,2,0.9096204960646587
1422128,1,16,6,1,0.8773178363109785
1422128,1,16,7,1,0.8445975231786791
1422128,1,17,1,2,1.1022153635580696
1422128,1,17,2,1,1.0995098291456753
1422128,1,17,3,0,0.8320802896232011
1422128,1,17,4,1,0.82736319361847
1422128,1,17,5,0,0.7565217077369448
1422128,1,17,6,1,0.8209758379170206
1422128,1,18,1,1,0.9555809940397932
1422128,1,18,2,0,0.8394151986483397
1422128,1,18,3,0,0.8989534917386719
1422128,1,18,4,6,1.1286755816403378
1422128,1,18,5,0,0.9042612738205665
1422128,1,18,6,6,1.2602852159863496
1422128,1,19,1,2,1.5264025700667547
1422128,1,19,2,6,1.6206842368861625
1422128,1,19,3,1,1.3849255337418098
1422128,1,19,4,6,1.802767900616463
1422128,1,19,5,1,1.9298259728297706
1422128,1,19,6,0,1.6898313859965544
1422128,2,15,1,0,-0.0016225146457691717
1422128,2,15,2,1,0.4090551015098703
1422128,2,15,3,1,0.5465661387924178
1422128,2,15,4,0,0.6254085348310924
1422128,2,15,5,1,0.7159985637857804
1422128,2,15,6,4,1.2022242741582403
1422128,2,15,7,1,1.430021975844056
1422128,2,16,1,1,1.357655405203449
1422128,2,16,2,2,1.3506733403887146
1422128,2,16,3,0,1.1837711400737594
1422128,2,16,4,1,1.1827000199935103
1422128,2,16,5,6,1.5146347548204702
1422132,1,15,1,0,0.9023788948242248
1422132,1,15,2,4,2.485842962026731
1422132,1,15,3,1,2.088270541193096
1422132,1,15,4,1,1.7720445878487263
1422132,1,15,5,1,1.6441032820371335
1422132,1,15,6,0,1.5457940014337308
1422132,1,15,7,0,1.4715633713997152
1422132,1,16,1,0,1.2257891868987347
1422132,1,16,2,0,0.9849824872202845
1422132,1,16,3,0,0.839134600061763
1422132,1,16,4,0,0.8706010845781813
1422132,1,16,5,0,0.6925248069309065
1422132,1,16,6,1,0.6749681634505105
1422132,1,17,1,1,0.7927816371482705
1422132,1,17,2,0,0.7089388051015021
1422132,1,17,3,0,0.645365070644549
1422132,1,17,4,0,0.6256771397414042
1422132,1,17,5,1,0.6355027911024231
1422132,1,17,6,0,0.6277983318737225
1422132,1,18,1,0,0.6992648023559384
1422132,1,18,2,0,0.6660059531110425
1422132,1,18,3,0,0.7641484091166206
1422132,1,18,4,0,0.708835859415342
1422132,1,18,5,1,0.5953657419392284
1422132,1,18,6,0,0.42606977098702203
1422132,1,19,1,0,0.30340043246943493
1422132,1,19,2,4,0.6653623608174722
1422132,1,19,3,1,0.6368461352802955
1422132,1,19,4,1,0.7222001341661916
1422132,1,19,5,1,0.7300818660586068
1422132,1,19,6,2,1.556238920339525
1422132,2,15,1,6,5.955570283907285
1422132,2,15,2,6,5.895252730882206
1422132,2,15,3,4,5.448465189161396
1422135,1,15,1,1,0.9023788948242248
1422135,1,15,2,1,0.9080403974227
1422135,1,15,3,1,0.9209354627127218
1422135,1,15,4,2,1.3369564695531806
1422135,1,15,5,1,1.2050640477179053
1422135,1,15,6,1,1.194078429226704
1422135,1,16,1,1,1.195616695369306
1422135,1,16,2,1,1.226664281089852
1422135,1,16,3,1,1.1526137127249205
1422135,1,16,4,6,1.6685881335087278
1422135,1,16,5,2,1.6440780503105175
1422135,1,16,6,1,1.6125308752709206
1422135,1,17,1,6,2.011712928604953
1422135,1,17,2,4,2.093700032660913
1422135,1,17,3,1,2.1853484306008415
1422135,1,17,4,0,1.9416642307989271
1422135,1,17,5,1,2.043348969750741
1422135,1,17,6,1,1.8119352927764605
1422135,1,18,1,1,1.816382440959833
1422135,1,18,2,6,2.156264178835455
1422135,1,18,3,0,2.1575171063400846
1422135,1,18,4,2,2.1245898743998883
1422135,1,18,5,0,2.167276679806515
1422135,1,18,6,4,2.1587189076833013
1422135,1,18,7,0,1.907995474178701
1422135,1,18,8,1,2.1907212999227514
1422135,1,18,9,3,1.187305080935819
1422135,1,19,1,2,2.4119779938721098
1422135,1,19,2,1,2.2963642445944155
1422135,1,19,3,1,2.4630057044957034
1422135,1,19,4,1,1.86669688815362
1422135,1,19,5,4,2.376080574788574
1422135,1,19,6,4,2.175166852519017
1422135,2,15,1,6,5.955570283907285
1422135,2,15,2,6,5.895252730882206
1422135,2,15,3,0,1.257668744949019
1422135,2,15,4,1,1.1798253294767014
1422135,2,15,5,0,1.9772966213293255
1422135,2,15,6,1,1.6258423971340017
1422135,2,16,1,1,2.3962316687412324
1422135,2,16,2,0,1.6475353603088647
1422135,2,16,3,2,1.4322934541612367
1422135,2,16,4,1,1.2636973558914326
1422135,2,16,5,1,1.751894089152673
1422135,2,16,6,1,1.7297057092748835
1422135,2,17,1,4,1.97263861350494
1422135,2,17,2,4,1.8857040793179503
1422135,2,17,3,1,1.903580005046012
1422135,2,17,4,1,1.9545110984695218
1422135,2,17,5,2,1.9958308331496277
1422135,2,17,6,4,2.079094936001493
1422135,2,18,1,1,2.106640788262175
1422135,2,18,2,6,2.627472950351088
1422135,2,18,3,2,2.727563559490998
1422135,2,18,4,0,2.381032139357391
1422135,2,18,5,1,2.249642883685787
1422135,2,18,6,6,2.384400413910461
1422135,2,19,1,0,2.51563702328452
1422135,2,19,2,0,2.372234456863727
1422135,2,19,3,0,1.9708194235429146
1422135,2,19,4,1,2.2688450044104207
1422135,2,19,5,4,2.1306904012435077
1422135,2,19,6,0,2.227109192314091
1426265,1,15,1,6,5.955570283907285
1426265,1,15,2,1,3.9147273405563037
1426265,1,15,3,0,2.2215805140366163
1426265,1,15,4,0,1.7720445878487263
1426265,1,15,5,4,2.1612178426178725
1426265,1,15,6,6,2.666602186569839
1426265,1,16,1,0,2.2710125164892125
1426265,1,16,2,1,2.2695946371302393
1426265,1,16,3,1,1.53445215206382
1426265,1,16,4,0,1.5025607671130192
1426265,1,16,5,4,1.7854551122159723
1426265,1,16,6,1,1.9169685412891722
1426265,1,17,1,1,1.9689532618505674
1426265,1,17,2,0,2.0285635955195516
1426265,1,17,3,1,2.0282417282286933
1426265,1,17,4,0,1.7893250265860074
1426265,1,17,5,6,1.926907211582662
1426265,1,17,6,1,1.6168040224353384
1426265,1,17,7,1,1.808362044921766
1426265,1,18,1,1,2.208392375647389
1426265,1,18,2,2,1.7894463959362512
1426265,1,18,3,6,2.577177405452543
1426265,1,18,4,2,1.7789112855904268
1426265,1,18,5,6,1.7189378867174907
1426265,1,18,6,1,2.302035079507403
1426265,1,19,1,0,1.636580321083295
1426265,1,19,2,4,2.328636231885904
1426265,1,19,3,0,2.224388792047463
1426265,1,19,4,1,2.05841690566659
1426265,1,19,5,1,2.3255921268212862
1426265,1,19,6,0,1.733606934633247
1426265,2,15,1,1,0.9023788948242248
1426265,2,15,2,1,0.9080403974227
1426265,2,15,3,1,0.9209354627127218
1426265,2,15,4,1,0.9299620505963468
1426265,2,15,5,1,0.9462583284432285
1426265,2,15,6,1,0.9667782640735617
1426265,2,16,1,0,0.8813571025036662
1426265,2,16,2,6,1.4926274112222264
1426265,2,16,3,2,1.6055138308252017
1426265,2,16,4,0,1.3809258319652495
1426265,2,16,5,1,1.3960576063302417
1426265,2,16,6,0,1.3703253247836162
1426265,2,17,1,1,1.403248742195645
1426265,2,17,2,0,1.0016890305127788
1426265,2,17,3,2,1.023384955641305
1426265,2,17,4,1,1.00594221174172
1426265,2,17,5,4,1.1681890285193524
1426265,2,17,6,6,1.4893956121022727
1426265,2,18,1,4,1.5800375265917783
1426265,2,18,2,4,1.48810745727764
1426265,2,18,3,0,1.270750638543788
1426265,2,18,4,1,1.3952168309423332
1426265,2,18,5,1,1.329852397267715
1426265,2,18,6,0,0.9941578738793688
1426265,2,19,1,0,1.3667314316302563
1426265,2,19,2,0,1.3390426363424952
1426265,2,19,3,6,1.2500932112013554
1426265,2,19,4,2,1.285565350682881
1426265,2,19,5,6,1.2912624299588915
1426270,1,15,1,1,0.9023788948242248
1426270,1,15,2,0,0.4646912883608833
1426270,1,15,3,0,0.3217605309580484
1426270,1,15,4,0,0.22507564095105426
1426270,1,15,5,1,0.37217065255884185
1426270,1,15,6,1,0.5136939628440846
1426270,1,16,1,0,0.4549866527933408
1426270,1,16,2,6,1.226664281089852
1426270,1,16,3,0,0.9554573923482151
1426270,1,16,4,1,0.9731375409482413
1426270,1,16,5,0,0.8936780953274226
1426270,1,16,6,0,0.9075103117141873
1426270,1,17,1,0,0.7387950380875906
1426270,1,17,2,1,0.7927816371482705
1426270,1,17,3,0,0.6379629084639721
1426271,1,15,1,0,0.9023788948242248
1426271,1,15,2,0,0.4646912883608833
1426271,1,15,3,4,1.6807515274329252
1426271,1,15,4,6,2.8611360293591797
1426271,1,15,5,1,2.431216830027345
1426271,1,15,6,6,2.8915599753933305
1426271,1,16,1,0,2.4992942850694075
1426271,1,16,2,0,2.2695946371302393
1426271,1,16,3,1,1.53445215206382
1426271,1,16,4,1,1.5025607671130192
1426271,1,16,5,0,1.751894089152673
1426271,1,16,6,6,1.974950143451002
1426271,1,17,1,1,1.962620180712839
1426271,1,17,2,1,1.9566855268519343
1426271,1,17,3,6,2.5276745084178653
1426271,1,17,4,1,2.412058435836347
1426271,1,17,5,2,2.322173426369375
1426271,1,17,6,0,1.604793952464638
1426271,1,18,1,1,1.5758895255520808
1426271,1,18,2,0,1.5935365691251429
1426271,1,18,3,0,1.788466312558435
1426271,1,18,4,4,1.5893204606693843
1426271,1,18,5,0,2.2249692229285305
1426271,1,18,6,4,2.0122352393314116
1426271,1,18,7,6,1.6554798345064319
1426271,1,18,8,0,1.7042868561837505
1426271,1,19,1,0,1.6600588304222104
1426271,1,19,2,0,2.4222792583909927
1426271,1,19,3,0,1.4139953177240756
1426271,1,19,4,1,1.6753278831391019
1426271,1,19,5,1,1.567204703972933
1426271,1,19,6,0,1.577981997021297
1426271,1,19,7,0,1.2183865948664816
1426271,2,15,1,0,0.9023788948242248
1426271,2,15,2,0,0.4646912883608833
1426271,2,15,3,0,0.6125227945681023
1426271,2,15,4,0,0.6913956144576845
1426271,2,15,5,0,0.605672913383301
1426271,2,15,6,6,1.7864397866282715
1426271,2,15,7,6,2.3725847021997613
1426271,2,15,8,0,2.6317774669272334
1426271,2,15,9,0,2.582121181378222
1426271,2,15,10,6,3.4202110166862374
1426271,2,16,1,1,2.2493059723556157
1426271,2,16,2,1,2.152772656558918
1426271,2,16,3,1,1.9907776813770295
1426271,2,16,4,0,2.5015288199828216
1426271,2,16,5,0,2.0698296301308954
1426271,2,16,6,0,1.8421789755524995
1426271,2,17,1,0,1.6612680108181748
1426271,2,17,2,1,1.5512235853914538
1426271,2,17,3,0,1.5564725515079822
1426271,2,17,4,0,1.3970259906351532
1426271,2,17,5,0,1.35203009198808
1426271,2,17,6,0,1.3330514634089732
1426271,2,18,1,2,1.44078040726191
1426271,2,18,2,0,1.4923254476136496
1426271,2,18,3,2,1.4440237806680332
1426271,2,18,4,0,1.2776021298174036
1426271,2,18,5,6,1.4687862765364923
1426271,2,18,6,1,1.4760973470326781
1426271,2,19,1,0,1.3801263579592513
1426271,2,19,2,1,1.1137015313463996
1426278,1,15,1,6,5.955570283907285
1426278,1,15,2,1,3.9147273405563037
1426278,1,15,3,2,3.034731403705452
1426278,1,15,4,1,2.512863953825723
1426278,1,15,5,6,3.152635211286544
1426278,1,15,6,0,2.8894240176158537
1426278,1,16,1,1,2.528511897867596
1426278,1,16,2,0,2.1235555427654225
1426278,1,16,3,1,2.013689565851908
1426278,1,16,4,6,2.5189832434295814
1426278,1,16,5,6,2.9287047966489714
1426278,1,16,6,0,2.5883196735232925
1426278,1,17,1,1,2.1851073966509236
1426278,1,17,2,4,2.5965366367989633
1426278,1,17,3,1,2.631888680283071
1426278,1,17,4,6,2.2002697415932904
1426278,1,17,5,0,2.7479585221994043
1426278,1,17,6,2,2.6059110158483043
1426278,1,18,1,1,2.2128080450811374
1426278,1,18,2,1,2.5537248412302103
1426278,1,18,3,4,2.2231176524750875
1426278,1,18,4,6,3.485847787108087
1426278,1,18,5,4,2.321234316056006
1426278,1,18,6,6,2.1130446672152994
1426278,1,19,1,2,2.8414610137305956
1426278,1,19,2,0,2.681809135397601
1426278,1,19,3,6,2.4600073668841738
1426278,1,19,4,4,4.56940559064068
1426278,1,19,5,6,3.6892464542134222
1426278,1,19,6,6,3.252697358712521
1426278,1,19,7,6,3.5074843812215506
1426278,2,15,1,1,0.9023788948242248
1426278,2,15,2,1,0.9080403974227
1426278,2,15,3,1,0.9209354627127218
1426278,2,15,4,1,0.9299620505963468
1426278,2,15,5,1,0.9462583284432285
1426278,2,15,6,0,0.8032657677973281
1426278,2,16,1,4,1.3447880833652648
1426278,2,16,2,6,1.71064168547885
1426278,2,16,3,0,1.74713085973907
1426278,2,16,4,6,1.5685360422633015
1426278,2,16,5,6,1.993234082686139
1426278,2,16,6,2,2.033079966055894
1426278,2,17,1,1,2.1328462459601143
1426278,2,17,2,4,2.5678019721941667
1426278,2,17,3,0,2.38507037045628
1426278,2,17,4,1,2.102673226347922
1426278,2,17,5,0,1.2984942157645685
1426278,2,17,6,1,1.604793952464638
1426278,2,17,7,0,1.4190058574265736
1426278,2,18,1,0,1.0291320848959886
1426278,2,18,2,4,2.488287298613655
1426278,2,18,3,1,2.2436257846348324
1426278,2,18,4,0,1.989899073452647
1426278,2,18,5,6,2.7589345817083535
1426278,2,18,6,6,2.3448037374145496
1426278,2,18,7,0,1.6430723324614813
1426278,2,19,1,4,1.720000999071971
1426278,2,19,2,4,1.282293772705052
1426278,2,19,3,0,2.3127300601325547
1426278,2,19,4,0,1.9140304323515807
1426278,2,19,5,6,1.9186933344486568
1426278,2,19,6,0,1.8477007487809107
1426282,1,15,1,0,-0.0016225146457691717
1426282,1,15,2,1,0.4090551015098703
1426282,1,15,3,1,0.5465661387924178
1426282,1,15,4,1,0.6254085348310924
1426282,1,15,5,0,0.7159985637857804
1426282,1,15,6,1,0.8032657677973281
1426282,1,15,7,1,0.8506768414649581
1426282,1,16,1,0,1.376121693012611
1426282,1,16,2,2,1.428444730281632
1426282,1,16,3,2,1.425357932801794
1426282,1,16,4,4,1.623854900875307
1426282,1,16,5,1,1.445416001166343
1426282,1,16,6,1,1.52365846448512
1426282,1,16,7,0,1.2934082282278245
1426282,1,17,1,2,1.5413528093162625
1426282,1,17,2,0,1.3077162375703648
1426282,1,17,3,1,1.2172012279166153
1426282,1,17,4,2,1.2265978385535443
1426282,1,17,5,0,1.270499588582231
1426282,1,17,6,1,1.1496344193713253
1426282,1,18,1,0,1.3518602079254751
1426282,1,18,2,0,1.3123144333680987
1426282,1,18,3,1,1.2955397463165272
1426282,1,18,4,0,1.286036824608557
1426282,1,18,5,1,1.2127987660849973
1426282,1,18,6,1,1.2602852159863496
1426282,1,18,7,2,1.1861794775113175
1426282,1,19,1,4,1.4225781698536746
1426282,1,19,2,2,1.4261064936868384
1426282,1,19,3,2,1.3908106582430335
1426282,1,19,4,1,1.5176763091069705
1426282,1,19,5,1,2.052366285663639
1426282,1,19,6,2,1.5190643968061774
1426282,2,15,1,1,0.9023788948242248
1426282,2,15,2,1,0.9080403974227
1426282,2,15,3,4,2.088270541193096
1426282,2,15,4,4,2.512863953825723
1426282,2,15,5,0,1.9398175394584762
1426282,2,15,6,6,2.8894240176158537
1426282,2,16,1,2,2.4992942850694075
1426282,2,16,2,0,2.39808347827571
1426282,2,16,3,4,2.586389521046583
1426282,2,16,4,2,2.5189832434295814
1426282,2,16,5,1,2.1562870534048537
1426282,2,16,6,1,2.1793098721201387
1426282,2,17,1,2,2.1651977333590904
1426282,2,17,2,0,2.156934302765796
1426282,2,17,3,6,2.9310666670231336
1426282,2,17,4,1,2.7216827560903467
1426282,2,17,5,1,2.3950399070279964
1426282,2,17,6,6,2.4098674176089756
1426282,2,18,1,1,2.1324830047799574
1426282,2,18,2,1,2.650914007254918
1426282,2,18,3,0,2.18623503396731
1426282,2,18,4,1,2.1654438351072876
1426282,2,18,5,4,2.1326918139115842
1426282,2,18,6,6,2.2137789098631124
1426283,1,15,1,1,0.9023788948242248
1426283,1,15,2,0,0.4646912883608833
1426283,1,15,3,1,0.6125227945681023
1426283,1,15,4,1,0.6913956144576845
1426283,1,15,5,6,1.8394737535025207
1426283,1,15,6,1,1.7864397866282715
1426283,1,16,1,1,1.680474319418438
1426283,1,16,2,0,1.4926274112222264
1426283,1,16,3,0,1.3614871327798805
1426283,1,16,4,1,1.3535894411006595
1426283,1,16,5,1,1.4044305409187525
1426283,1,16,6,0,1.2172469959523122
1426283,1,16,7,4,1.3105661599342946
1426283,1,17,1,4,1.732774607698629
1426283,1,17,2,4,1.9799959947647057
1426283,1,17,3,4,2.114335914342108
1426283,1,17,4,1,2.093272294194614
1426283,1,17,5,1,2.0150640435333846
1426283,1,17,6,1,1.8225460311442896
1426283,1,18,1,6,2.154314035024371
1426283,1,18,2,1,1.9791121093585349
1426283,1,18,3,4,2.1597803776923157
1426283,1,18,4,0,2.3077282691329866
1426283,1,18,5,0,2.0403218279166615
1426283,1,18,6,0,1.8951861126260332
1426283,1,18,7,1,2.307431679048683
1426283,1,19,1,0,1.9822047830683487
1426283,1,19,2,2,2.161135152420991
1426283,1,19,3,0,2.0761135427815054
1426283,1,19,4,1,2.20743065301707
1426283,1,19,5,2,2.0279129865327112
1426283,1,19,6,1,3.1292537554476536
1426283,1,19,7,2,3.2455113453720945
1426283,1,19,8,6,1.9565831905385282
1426283,2,15,1,1,0.9023788948242248
1426283,2,15,2,6,3.9147273405563037
1426283,2,15,3,6,4.3198904874452175
1426283,2,15,4,4,3.583602750201432
1426283,2,15,5,6,3.8630806660512014
1426283,2,15,6,6,4.317041204074047
1426286,1,15,1,1,0.9023788948242248
1426286,1,15,2,4,2.485842962026731
1426286,1,15,3,1,2.088270541193096
1426286,1,15,4,1,1.7720445878487263
1426286,1,15,5,1,1.6441032820371335
1426286,1,15,6,2,1.7864397866282715
1426286,1,16,1,0,1.5338164747326053
1426286,1,16,2,1,1.4395996184203166
1426286,1,16,3,1,1.3614871327798805
1426286,1,16,4,0,1.2495839493594867
1426286,1,16,5,1,1.1910766607112058
1426286,1,16,6,1,1.4281053634530976
1426286,1,16,7,1,1.247812812187002
1426286,1,17,1,0,1.181938587607663
1426286,1,17,2,1,1.214312987622373
1426286,1,17,3,0,1.0902262742425561
1426286,1,17,4,4,1.260258604819142
1426286,1,17,5,6,1.554461234848586
1426286,1,17,6,0,1.4011339168400239
1426286,1,18,1,0,1.4566458486532032
1426286,1,18,2,1,1.327125093960458
1426286,1,18,3,0,1.2788428323808887
1426286,1,18,4,1,1.286036824608557
1426286,1,18,5,0,1.2287824694978502
1426286,1,18,6,1,1.192093759572801
1426286,1,19,1,2,1.4825712014974461
1426286,1,19,2,2,1.3777459257100089
1426286,1,19,3,4,1.4811307351270568
1426286,1,19,4,2,1.4703299117192055
1426286,1,19,5,4,1.4849398902313249
1426286,1,19,6,3,1.9761773416558843
1426286,2,15,1,0,0.020069684090631257
1426286,2,15,2,1,0.4646912883608833
1426286,2,15,3,1,0.6125227945681023
1426286,2,15,4,1,0.6913956144576845
1426286,2,15,5,0,0.605672913383301
1426286,2,15,6,0,0.8891350898831683
1426286,2,15,7,1,0.8814936773014872
1426286,2,16,1,0,0.7265347044285522
1426286,2,16,2,0,0.6301575825721031
1426286,2,16,3,1,0.6553337818351179
1426286,2,16,4,0,0.6437844826440376
1426286,2,16,5,0,0.6205306030718768
1426286,2,16,6,0,0.559040556463747
1426286,2,17,1,0,0.5096917049021726
1426286,2,17,2,0,0.4924276181681197
1426286,2,17,3,0,0.645365070644549
1426286,2,17,4,4,0.9027700810350432
1426286,2,17,5,0,0.9128197705206162
1426286,2,17,6,1,0.8747486252326229
1426286,2,18,1,1,0.9081082617371278
1426286,2,18,2,1,0.8533395891584741
1426286,2,18,3,0,0.8645624417377394
1426286,2,18,4,0,0.854635004020315
1426286,2,18,5,2,0.9214134755285553
1426286,2,18,6,4,0.8720277551251332
1426286,2,18,7,1,0.9088097601534092
1426286,2,19,1,2,0.9780828861893132
1426286,2,19,2,1,1.0424064066284167
1426291,1,15,1,1,0.9023788948242248
1426291,1,15,2,1,0.9080403974227
1426291,1,15,3,1,0.9209354627127218
1426291,1,15,4,1,0.9299620505963468
1426291,1,15,5,1,0.9462583284432285
1426291,1,15,6,0,0.8032657677973281
1426291,1,16,1,1,0.8481191779208007
1426291,1,16,2,4,1.3403620319007925
1426291,1,16,3,6,1.8549190832241085
1426291,1,16,4,1,1.6664209614728827
1426291,1,16,5,1,1.5417640891493622
1426291,1,16,6,1,1.521636962248853
1426291,1,17,1,4,1.7041036978407131
1426291,1,17,2,1,1.6782772729546165
1426291,1,17,3,6,1.903580005046012
1426291,1,17,4,1,1.9545110984695218
1426291,1,17,5,0,2.2726283740117394
1426291,1,17,6,0,1.8119352927764605
1426291,1,17,7,0,1.7350922093999344
1426291,1,18,1,1,1.6410653148309657
1426291,1,18,2,0,1.557152994585004
1426291,1,18,3,0,1.521936095714711
1426291,1,18,4,0,1.4246310986325215
1426291,1,18,5,0,1.2966041167462978
1426291,1,18,6,0,1.2975819475239507
1426291,1,18,7,0,1.2204368894914306
1426291,1,19,1,4,1.4398338701069333
1426291,1,19,2,2,1.5665553233676996
1426291,1,19,3,0,1.2775429176561865
1426291,1,19,4,6,1.5347500563592271
1426291,1,19,5,0,1.2772226825352242
1426291,1,19,6,2,2.2452244727871102
1426291,1,19,7,0,1.2847456528740149
1426291,2,15,1,0,0.020069684090631257
1426291,2,15,2,0,0.020069684090631257
1426291,2,15,3,4,1.3587472201842303
1426291,2,15,4,4,2.04315242334354
1426291,2,15,5,0,1.6441032820371335
1426291,2,15,6,6,2.157035235044497
1426291,2,16,1,1,2.2392795130313607
1426291,2,16,2,1,2.073158221036212
1426291,2,16,3,4,2.163393780685471
1426291,2,16,4,0,2.0977329080184024
1426291,2,16,5,1,1.949241678998902
1426291,2,16,6,0,1.8002951192740448
1426291,2,17,1,4,2.011712928604953
1426291,2,17,2,1,2.1578800654937256
1426291,2,17,3,0,1.9170835792659113
1426291,2,17,4,1,1.8995278845928236
1426291,2,17,5,1,1.6203487516699009
1426291,2,17,6,0,1.617516111118734
1426291,2,17,7,1,1.5871704297973461
1426291,2,18,1,0,1.5701067751146784
1426291,2,18,2,0,1.5954262455470325
1426291,2,18,3,1,1.4900178134202515
1426291,2,18,4,1,1.49682507512833
1426291,2,18,5,1,1.4490544400573881
1426291,2,18,6,1,1.4192287057895556
1426291,2,18,7,6,1.7502031229599875
1426291,2,19,1,1,1.7665234071242664
1426291,2,19,2,0,1.687872090682272
1426291,2,19,3,0,1.9426265280436503
1426291,2,19,4,0,1.9050196517554967
1426291,2,19,5,1,1.5961026501447342
1426291,2,19,6,1,1.8388506126183526
1426298,1,15,1,1,0.9023788948242248
1426298,1,15,2,0,0.4090551015098703
1426298,1,15,3,1,0.5465661387924178
1426298,1,15,4,1,0.6254085348310924
1426298,1,15,5,1,0.7159985637857804
1426298,1,15,6,6,1.3483553824978753
1426298,2,15,1,0,-0.0016225146457691717
1426298,2,15,2,1,0.4090551015098703
1426298,2,15,3,0,0.23759946437308474
1426298,2,15,4,0,0.14091457436609078
1426298,2,15,5,1,0.28166717321150486
1426298,2,15,6,1,0.4061020734135504
1426300,1,15,1,2,2.003087388375163
1426300,1,15,2,1,1.4648385385218987
1426300,1,15,3,1,1.3587472201842303
1426300,1,15,4,0,1.3369564695531806
1426300,1,15,5,0,1.2050640477179053
1426300,1,15,6,1,1.194078429226704
1426300,1,15,7,1,1.1862645003674042
1426300,1,15,8,1,1.385189978314525
1426300,1,16,1,1,1.1937150145697462
1426300,1,16,2,6,1.6161205213490661
1426300,1,16,3,6,2.134566434226402
1426300,1,16,4,2,2.102657864939176
1426300,1,16,5,0,2.2936011274498465
1426300,1,16,6,6,2.179077784431282
1426300,1,17,1,0,2.2020125281951204
1426300,1,17,2,4,2.623448303448115
1426300,1,17,3,1,2.5011551379271504
1426300,1,17,4,0,2.078451788864258
1426300,1,17,5,0,2.0808142456914833
1426300,1,17,6,0,1.3502227519388519
1426300,1,18,1,0,2.355154852754877
1426300,1,18,2,1,1.5207061034930467
1426300,1,18,3,0,1.6035115639269113
1426300,1,18,4,0,1.186283906522828
1426300,1,18,5,1,1.3209680486704423
1426300,1,18,6,1,1.3592470678329214
1426300,1,18,7,1,1.3813726159309463
1426300,1,19,1,4,1.3677008640338373
1426300,1,19,2,0,0.9236198269263816
1426300,1,19,3,0,1.675424397070293
1426300,1,19,4,0,1.3581011388692334
1426300,1,19,5,1,1.6919813282968827
1426300,1,19,6,2,1.3078845215981958
1426300,2,15,1,0,0.020069684090631257
1426300,2,15,2,0,0.020069684090631257
1426300,2,15,3,0,0.3217605309580484
1426300,2,15,4,0,0.22507564095105426
1426300,2,15,5,0,0.10311696968285476
1426300,2,15,6,1,0.29047957279007663
1426300,2,15,7,1,0.4323944100571068
1426300,2,16,1,0,0.35994249659286126
1426300,2,16,2,1,0.41464549085577845
1426300,2,16,3,0,0.36992638045253484
1426300,2,16,4,0,0.45396112306415554
1426300,2,16,5,0,0.43070724349199496
1426300,2,16,6,1,0.4625516581165444
1426300,2,16,7,0,0.4145209649979693
1426300,2,17,1,1,0.49651622096674575
1426300,2,17,2,1,0.49110981365455847
1426300,2,17,3,0,0.4962545576903988
1426300,2,17,4,0,0.3991064048021869
1426300,2,17,5,0,0.38798646850684887
1426300,2,17,6,0,0.34213437864267005
1426300,2,18,1,2,0.5857546906497213
1426300,2,18,2,0,0.5633728724722348
1426300,2,18,3,0,0.5042578174973652
1426300,2,18,4,0,0.5033372376862932
1426300,2,18,5,1,0.4103437567478867
1426300,2,18,6,0,0.36865848564440695
1426300,2,18,7,0,0.31931252900312745
1426300,2,18,8,0,0.24722495107509795
1426300,2,19,1,0,0.15308461081848204
1426303,1,15,1,2,2.003087388375163
1426303,1,15,2,1,1.4648385385218987
1426303,1,15,3,4,2.2215805140366163
1426303,1,15,4,1,2.04315242334354
1426303,1,15,5,1,1.8394737535025207
1426303,1,15,6,1,1.7864397866282715
1426303,1,16,1,4,2.0817635273463275
1426303,1,16,2,4,2.39808347827571
1426303,1,16,3,0,2.013689565851908
1426303,1,16,4,0,1.8941278502417735
1426303,1,16,5,0,1.6440780503105175
1426303,1,16,6,1,1.6125308752709206
1426303,1,17,1,1,1.584824554950697
1426303,1,17,2,2,1.6435593027217903
1426303,1,17,3,0,1.3482231503491577
1426303,1,17,4,1,1.4219557044855589
1426303,1,17,5,2,1.485147057118237
1426303,1,17,6,2,1.4979798442915109
1426303,1,18,1,0,1.5385144077782895
1426303,1,18,2,0,1.5470399447330856
1426303,1,18,3,4,1.561615635525809
1426303,1,18,4,4,1.619397154396009
1426303,1,18,5,0,1.6254337659425426
1426303,1,18,6,0,1.5263357138294822
1426303,1,19,1,0,1.5537548852811556
1426303,1,19,2,0,1.4168001723400319
1426303,1,19,3,2,1.4665273266113874
1426303,1,19,4,1,1.4975607961293442
1426303,1,19,5,2,1.504296842696127
1426303,1,19,6,1,1.4000976731244728
1426303,2,15,1,2,2.003087388375163
1426303,2,15,2,0,1.4648385385218987
1426303,2,15,3,4,2.2215805140366163
1426303,2,15,4,1,2.04315242334354
1426303,2,15,5,0,1.41102788589327
1426303,2,15,6,0,1.2022242741582403
1426303,2,15,7,1,1.430021975844056
1426303,2,16,1,1,1.357655405203449
1426303,2,16,2,0,1.1578669886412654
1426303,2,16,3,1,1.057183361385898
1426303,2,16,4,1,1.021822488053162
1426303,2,16,5,1,1.0186578437085037
1426303,2,16,6,4,1.3304893380231113
1426303,2,17,1,1,1.377067888143429
1426303,2,17,2,1,1.345785567653788
1426303,2,17,3,1,1.3049197442019576
1426303,2,17,4,0,1.163332436292999
1426303,2,17,5,1,1.1428443674180573
1426303,2,17,6,6,1.4011339168400239
1426303,2,18,1,1,1.4845517469158953
1426303,2,18,2,6,1.5794519067071293
1426303,2,18,3,1,1.619397154396009
1426303,2,18,4,6,2.077366078279143
1426303,2,18,5,1,1.9868764229965876
1426305,1,15,1,0,0.020069684090631257
1426305,1,15,2,0,0.4646912883608833
1426305,1,15,3,1,0.6125227945681023
1426305,1,15,4,4,1.5288642536666437
1426305,1,15,5,0,1.388045090252713
1426305,1,15,6,0,1.194078429226704
1426305,1,15,7,4,1.611274668103666
1426305,1,15,8,0,1.8391618781045116
1426305,1,16,1,0,1.3344409325260966
1426305,1,16,2,0,1.0773695297782597
1426305,1,16,3,4,1.4510968221387264
1426305,1,16,4,4,1.6100135239312887
1426305,1,16,5,0,1.3310436023978298
1426305,1,16,6,0,1.055668944418114
1426305,1,17,1,0,1.1444727329597864
1426305,1,17,2,6,1.1240426281130025
1426305,1,17,3,0,1.2188189550870383
1426305,1,17,4,0,1.1557493769573488
1426305,1,17,5,1,1.166663340967055
1426305,1,17,6,1,0.9403823615320134
1426305,1,18,1,1,1.368017708376565
1426305,1,18,2,0,1.3047200310632225
1426305,1,18,3,4,1.3580311166002275
1426305,1,18,4,1,1.3504248155750926
1426305,1,18,5,2,1.2654427268674615
1426305,1,18,6,1,1.3605062108955785
1426305,1,19,1,1,1.5458534871560943
1426305,1,19,2,0,1.512180266958083
1426305,1,19,3,6,1.6218479569830246
1426305,1,19,4,6,2.0302666758448367
1426305,1,19,5,4,1.5283611664652423
1426305,1,19,6,0,2.3246963905078966
1426305,1,19,7,0,2.747774749352552
1426305,2,15,1,4,3.9442372820008655
1426305,2,15,2,2,3.032967172278069
1426305,2,15,3,1,2.2215805140366163
1426305,2,15,4,1,2.04315242334354
1426305,2,15,5,0,1.6441032820371335
1426305,2,15,6,0,1.5457940014337308
1426305,2,15,7,1,1.4475650784756378
1426305,2,16,1,0,1.4049572276175089
1426305,2,16,2,0,1.3319133630867661
1426305,2,16,3,1,1.2535829166053016
1426305,2,16,4,1,1.2111290326816226
1426305,2,16,5,4,1.3971874321675515
1426305,2,16,6,6,1.7823441962857838
1426305,2,16,7,1,1.7210788041856317
1426305,2,17,1,2,1.8646152556129079
1426305,2,17,2,0,1.8534137049489585
1426305,2,17,3,4,2.096202905176398
1426305,2,17,4,2,2.1258740886979433
1426305,2,17,5,1,1.9167501790275423
1426305,2,17,6,4,2.3417415967792548
1426305,2,17,7,0,1.7553171998638402
1426305,2,18,1,1,1.7132131129200256
1426305,2,18,2,0,1.7294828432828995
1426305,2,18,3,6,2.4250987875733396
1426305,2,18,4,6,2.906936519906321
1426305,2,18,5,1,2.258837224485746
1426305,2,18,6,1,2.410555066396034
1426305,2,18,7,1,2.1174646535461026
1426305,2,19,1,6,2.2927392286903445
1426305,2,19,2,1,2.4614076835694143
1426305,2,19,3,0,2.3095167406888604
1426305,2,19,4,0,2.434584265468368
1426305,2,19,5,1,2.1417429353222865
1426305,2,19,6,0,1.7749373387645517
1426305,2,19,7,6,2.4128062449000023
1426312,1,15,1,0,3.9442372820008655
1426312,1,15,2,1,2.485842962026731
1426312,1,15,3,0,1.6807515274329252
1426312,1,15,4,1,1.5288642536666437
1426312,1,15,5,1,1.388045090252713
1426312,1,15,6,1,1.3979336866422838
1426312,1,16,1,1,1.3920899057793246
1426312,1,16,2,0,1.226664281089852
1426312,1,16,3,0,0.9554573923482151
1426312,1,16,4,2,1.0653286873494003
1426312,1,16,5,6,1.612701704882307
1426312,1,16,6,1,1.5282943696495286
1426312,1,17,1,1,1.421525197012769
1426312,1,17,2,1,1.539963203832489
1426312,1,17,3,2,1.4834423439236761
1426312,1,17,4,1,1.6367363852905408
1426312,1,17,5,0,1.3833097556564038
1426312,1,17,6,0,1.3136880224655354
1426312,1,18,1,0,1.2353023720967145
1426312,1,18,2,0,1.269045460731097
1426312,1,18,3,0,1.0610073094184045
1473438,1,15,1,1,0.9023788948242248
1473438,1,15,2,0,0.4646912883608833
1473438,1,15,3,4,1.6807515274329252
1473438,1,15,4,0,1.1668484245835244
1473438,1,15,5,0,0.865204277878384
1473438,1,15,6,1,0.8809089419877215
1473438,1,16,1,1,0.9264102299640717
1473438,1,16,2,1,0.9237103319844553
1473438,1,16,3,1,0.9338549894946895
1473438,1,16,4,0,0.8782992490572701
1473438,1,16,5,1,0.8743483058258662
1473438,1,16,6,0,0.8853845568219254
1473438,1,17,1,0,0.7387950380875906
1473438,1,17,2,1,0.7927816371482705
1473438,1,17,3,0,0.784739761965226
1473438,1,17,4,6,1.2097452772075883
1473438,1,17,5,1,1.2031251943446828
1473438,1,17,6,1,1.0991745959946047
1473438,1,18,1,1,1.1501249059825243
1473438,1,18,2,1,1.1042512954980284
1473438,1,18,3,1,1.1867821941345438
1473438,1,18,4,0,1.2310722489678372
1473438,1,18,5,0,0.9064589243425482
1473438,1,18,6,1,0.8889026514269762
1473438,1,19,1,0,1.0994379353769497
1473438,1,19,2,0,0.9677950418569052
1473438,1,19,3,0,0.8517006605255838
1473438,1,19,4,4,0.9351763670753982
1473438,1,19,5,0,0.9301769441668394
1473438,1,19,6,1,0.9344240939926715
1473438,2,15,1,1,0.9023788948242248
1473438,2,15,2,4,2.485842962026731
1473438,2,15,3,0,1.3498696925980536
1473438,2,15,4,4,1.728180071571112
1473438,2,15,5,0,1.28421747837458
1473438,2,15,6,1,1.3483553824978753
1473438,2,16,1,6,2.3962316687412324
1473438,2,16,2,4,2.1924708853613852
1473441,1,15,1,1,0.9023788948242248
1473441,1,15,2,1,0.9080403974227
1473441,1,15,3,1,0.9209354627127218
1473441,1,15,4,1,0.9299620505963468
1473441,1,15,5,1,0.9462583284432285
1473441,1,15,6,1,0.9667782640735617
1473441,1,16,1,0,0.9596481545469372
1473441,1,16,2,0,0.8445643626106648
1473441,1,16,3,0,0.6762144675854397
1473441,1,16,4,0,0.5985335087924811
1473441,1,16,5,0,0.5640431774329605
1473441,1,16,6,1,0.5857770390099948
1473441,1,17,1,1,0.6899385033936416
1473441,1,17,2,1,0.678964813148495
1473441,1,17,3,1,0.6379629084639721
1473441,1,17,4,4,0.8287877955099905
1473441,1,17,5,1,0.8182199649694388
1473441,1,17,6,1,0.7979675025712447
1473441,1,17,7,0,0.7074000796726461
1473441,1,18,1,1,0.9759424330624829
1473441,1,18,2,1,0.9068140300339188
1473441,1,18,3,4,1.1053853938947273
1473441,1,18,4,0,0.9181194676856362
1473441,1,18,5,0,0.8696463087367247
1473441,1,18,6,0,0.8258865756150999
1473441,1,19,1,0,0.9553357768763209
1473441,1,19,2,0,0.8726427050079859
1473441,1,19,3,2,0.8687364426859936
1473441,1,19,4,0,0.7445708372497262
1473441,1,19,5,0,0.8277431848733816
1473441,1,19,6,6,0.8706391417201678
1473441,1,19,7,6,1.271121539701424
1473441,2,15,1,6,5.955570283907285
1473441,2,15,2,4,4.260704029267593
1473441,2,15,3,1,4.45589610986572
1473441,2,15,4,4,3.6966703064159905
1473441,2,15,5,4,3.6148503389436932
1473441,2,15,6,1,2.716056372041166
1473441,2,16,1,0,2.219395935059382
1473441,2,16,2,0,2.1924708853613852
1473441,2,16,3,1,2.044087448517481
1473441,2,16,4,1,1.7100801186406913
1473441,2,16,5,0,1.4807982212682163
1473441,2,16,6,1,1.8233785568669165
1473441,2,17,1,0,1.2966769790009356
1473441,2,17,2,0,1.4335095486134108
1473441,2,17,3,1,1.414679316217259
1473441,2,17,4,6,1.6800316863098095
1473441,2,17,5,4,1.5371751872484603
1473441,2,17,6,6,1.7549589374121584
1473441,2,18,1,4,2.2524260535942755
1473441,2,18,2,0,2.7511878361395103
1473441,2,18,3,0,2.030378720219714
1473441,2,18,4,2,2.512920877113845
1473441,2,18,5,6,0.8654068050324213
1473441,2,18,6,4,0.9547401531492072
1473441,2,19,1,0,1.1036292309916864
1473441,2,19,2,1,1.831717342189132
1473441,2,19,3,6,1.3506461647288766
1473445,1,15,1,1,0.9023788948242248
1473445,1,15,2,6,3.9147273405563037
1473445,1,15,3,0,1.6577018362422904
1473445,1,15,4,1,1.323427783322219
1473445,1,15,5,1,1.28421747837458
1473445,1,15,6,6,1.6258423971340017
1473445,1,16,1,1,2.3962316687412324
1473445,1,16,2,1,1.711095312214467
1473445,1,16,3,6,2.2882981074833872
1473445,1,16,4,0,1.9905684920761233
1473445,1,16,5,0,1.7854551122159723
1473445,1,16,6,1,1.9169685412891722
1473445,1,16,7,4,1.9184762234309605
1473445,1,17,1,4,2.674764519188293
1473445,1,17,2,1,2.584902026687818
1473445,1,17,3,0,2.097544310055093
1473445,1,17,4,0,1.5405999358102298
1473445,1,17,5,4,1.3708228239715756
1473445,1,17,6,0,1.6541542694198055
1473445,1,18,1,0,2.0765337956977876
1473445,1,18,2,0,0.9567202214610745
1473445,1,18,3,0,1.3950146294286854
1473445,1,18,4,0,1.3771067445038632
1473445,1,18,5,0,0.929306551931435
1473445,1,18,6,0,1.1702661467439317
1473445,1,18,7,0,1.2395968144289942
1473445,1,19,1,0,1.3098833896727708
1473445,1,19,2,0,1.4499443865669972
1473445,1,19,3,6,1.627347438565956
1473445,1,19,4,6,1.814743542424465
1473445,1,19,5,6,1.1877279461878543
1473445,1,19,6,0,1.6961416352535026
1473445,1,19,7,0,1.855721420227449
1473445,2,15,1,1,0.9023788948242248
1473445,2,15,2,0,0.4090551015098703
1473445,2,15,3,0,0.2708937426629589
1473445,2,15,4,2,0.6254085348310924
1473445,2,15,5,0,0.5427547087434988
1473445,2,15,6,0,0.44596048668328786
1473445,2,16,1,0,0.429584841639941
1473445,2,16,2,0,0.35994249659286126
1473445,2,16,3,1,0.4233791093741119
1473445,2,16,4,1,0.5136254644043825
1473445,2,16,5,4,0.8706010845781813
1473445,2,16,6,0,0.7237597246514682
1473445,2,17,1,1,0.7387950380875906
1473445,2,17,2,4,0.9971288769043003
1473445,2,17,3,0,0.9890870017212562
1473445,2,17,4,6,1.3253835663308202
1473445,2,17,5,0,1.2795751190705833
1473445,2,17,6,1,1.232673835392263
1473445,2,17,7,1,1.08801028177915
1473445,2,18,1,4,1.5516412366201686
1473445,2,18,2,4,1.5954262455470325
1473445,2,18,3,1,1.4900178134202515
1473445,2,18,4,0,1.435029817777925
1473445,2,18,5,0,1.3569144860515443
1473445,2,18,6,0,1.2378321136820045
1473445,2,19,1,0,1.4029190339400812
1473445,2,19,2,0,1.42726584570528
1473445,2,19,3,6,1.4987598365846377
1473445,2,19,4,6,1.5258838137171158
1473445,2,19,5,0,1.5935439719986937
1473445,2,19,6,4,1.9761773416558843
1473446,1,15,1,6,5.955570283907285
1473446,1,15,2,0,3.032967172278069
1473446,1,15,3,0,1.316000114390723
1473446,1,15,4,1,1.4587317199808114
1473446,1,15,5,1,1.41102788589327
1473446,1,15,6,0,1.2021776628300647
1473446,1,15,7,0,1.4481173157613996
1473446,1,15,8,1,1.6713399709400936
1473446,1,16,1,0,1.3628048024328498
1473446,1,16,2,6,1.7401226985080727
1473446,1,16,3,0,1.6418363689241067
1473446,1,16,4,1,1.445416001166343
1473446,1,16,5,6,1.8684724265782187
1473446,1,16,6,2,2.176767091547964
1473446,1,16,7,1,2.074767029785303
1473446,1,16,8,1,1.9797762050146557
1473446,1,17,1,6,2.5451006996684566
1473446,1,17,2,0,1.9878860553534143
1473446,1,17,3,1,2.1554430123742057
1473446,1,17,4,1,1.8657388248545144
1473446,1,17,5,1,2.1402488056998217
1473446,1,17,6,0,1.679060044992421
1473446,1,18,1,0,1.9421862911190724
1473446,1,18,2,0,1.0402227896292138
1473446,1,18,3,0,1.155115672610219
1473446,1,18,4,6,1.4625109803931213
1473446,1,18,5,1,1.419481861079361
1473446,1,18,6,0,1.3988689695527499
1473446,1,19,1,0,0.9473190894435667
1473446,1,19,2,0,1.28212507158591
1473446,1,19,3,6,1.5913696930676458
1473446,1,19,4,0,2.3158792635112406
1473446,1,19,5,0,0.6119644368168561
1473446,1,19,6,1,0.6703165519760078
1473446,1,19,7,0,0.8434431698585833
1473446,1,19,8,0,0.9484303685870661
1473446,2,15,1,1,0.9023788948242248
1473446,2,15,2,0,0.4646912883608833
1473446,2,15,3,0,0.3217605309580484
1473446,2,15,4,0,0.22507564095105426
1473446,2,15,5,1,0.37217065255884185
1473446,2,15,6,0,0.29047957279007663
1473446,2,16,1,1,0.429584841639941
1473446,2,16,2,1,0.4875092807941076
1473446,2,16,3,1,0.5439302801799031
1473446,2,16,4,1,0.6239544256725101
1473446,2,16,5,0,0.5611401491507466
1473446,2,16,6,0,0.46501059018340307
1473446,2,17,1,4,0.7505909006641346
1473446,2,17,2,0,0.678964813148495
1473446,2,17,3,1,0.6379629084639721
1473446,2,17,4,0,0.5877360720620157
1473446,2,17,5,1,0.6471279997471455
1473446,2,17,6,4,0.7832254327680637
1473446,2,18,1,6,1.1094578451455208
1473446,2,18,2,1,1.234308333726754
1473446,2,18,3,0,1.0610073094184045
1473446,2,18,4,0,1.0977160971086912
1473446,2,18,5,4,1.2462048024119752
1473446,2,18,6,1,1.191687189602958
1473446,2,18,7,4,1.289018062149079
1473446,2,19,1,1,1.627977892145886
1473446,2,19,2,0,1.3777459257100089
1473446,2,19,3,1,1.3809929131888168
1473446,2,19,4,6,1.5956746062096172
1473446,2,19,5,0,1.4874356950532437
1473446,2,19,6,0,1.4902466358065178
1473449,1,15,1,2,2.003087388375163
1473449,1,15,2,6,4.121535081798558
1473449,1,15,3,0,3.124222103691358
1473449,1,15,4,0,2.04315242334354
1473449,1,15,5,1,1.8394737535025207
1473449,1,15,6,0,1.5457940014337308
1473449,1,16,1,6,2.2392795130313607
1473449,1,16,2,0,1.71064168547885
1473450,1,15,1,1,0.9023788948242248
1473450,1,15,2,0,0.4646912883608833
1473450,1,15,3,1,0.6125227945681023
1473450,1,15,4,0,0.49330975330050547
1473450,1,15,5,0,0.3159503139027935
1473450,1,15,6,6,1.2022242741582403
1473450,1,16,1,1,1.3447880833652648
1473450,1,16,2,1,1.3403620319007925
1473450,1,16,3,6,1.8549190832241085
1473450,1,16,4,1,1.6664209614728827
1473450,1,16,5,1,1.5417640891493622
1473450,1,16,6,1,1.521636962248853
1473450,1,17,1,4,1.7041036978407131
1473450,1,17,2,1,1.6782772729546165
1473450,1,17,3,6,1.903580005046012
1473450,1,17,4,4,2.097544310055093
1473450,1,17,5,4,2.349162316533814
1473450,1,17,6,1,2.2074030800660633
1473450,1,18,1,1,1.951647717648328
1473450,1,18,2,0,1.9386623730472652
1473450,1,18,3,1,2.0694778444404602
1473450,1,18,4,1,2.160905486966399
1473450,1,18,5,2,2.0135495562894756
1473450,1,18,6,1,2.0670127302119865
1473450,1,18,7,1,2.0808748294685855
1473450,1,19,1,1,2.0946203537563206
1473450,1,19,2,0,1.927374580529546
1473450,1,19,3,0,1.8783627278931887
1473450,1,19,4,1,1.8787167203348978
1473450,1,19,5,0,1.5470922415026587
1473450,1,19,6,0,1.430466938336712
1473450,1,19,7,0,2.0667204531554373
1473450,1,19,8,2,1.0322069895449346
1473450,2,15,1,0,0.020069684090631257
1473450,2,15,2,0,0.020069684090631257
1473450,2,15,3,6,2.088270541193096
1473450,2,15,4,6,2.898783543592062
1473450,2,15,5,4,3.152635211286544
1473450,2,15,6,0,2.8894240176158537
1473450,2,16,1,0,2.2511018800562286
1473450,2,16,2,6,2.69157976375065
1473454,1,15,1,2,2.003087388375163
1473454,1,15,2,1,1.4648385385218987
1473454,1,15,3,1,1.3587472201842303
1473454,1,15,4,4,2.04315242334354
1473454,1,15,5,0,1.6441032820371335
1473454,1,15,6,0,1.3979336866422838
1473454,1,16,1,0,1.1531211715718488
1473454,1,16,2,2,1.3403620319007925
1473454,1,16,3,4,1.503345586048876
1473454,1,16,4,1,1.5145678797463806
1473454,1,16,5,1,1.3896005853872127
1473454,1,16,6,1,1.3363837345454854
1473454,1,17,1,1,1.376664050865275
1473454,1,17,2,1,1.3775678083307472
1473454,1,17,3,1,1.3274859178542466
1473454,1,17,4,1,1.3253835663308202
1473454,1,17,5,1,1.1781994426286826
1473454,1,17,6,1,1.3136880224655354
1473454,1,18,1,4,1.5385144077782895
1473454,1,18,2,0,1.5470399447330856
1473454,1,18,3,1,1.457191607084726
1473454,1,18,4,6,1.5926429682692822
1473454,1,18,5,4,1.6774322286566645
1473454,1,18,6,0,1.655372974003623
1473454,1,19,1,0,1.7747067924126507
1473454,1,19,2,1,1.8100614538186384
1473454,1,19,3,0,1.499649130770662
1473454,1,19,4,1,1.4666475989717167
1473454,1,19,5,0,1.5205550661484095
1473454,1,19,6,1,1.369335018515251
1473454,1,19,7,2,1.466026509249252
1473454,2,15,1,1,0.9023788948242248
1473454,2,15,2,0,0.9080403974227
1473454,2,15,3,1,0.9209354627127218
1473454,2,15,4,0,0.6913956144576845
1473454,2,15,5,0,0.605672913383301
1473454,2,15,6,0,0.6419335919953075
1473454,2,15,7,1,0.7266712792263732
1473454,2,15,8,1,0.8117135085820673
1473454,2,16,1,1,0.706927602364637
1473454,2,16,2,1,0.7934887288063668
1473454,2,16,3,1,0.901158253598942
1473454,2,16,4,1,0.8753291612049945
1473454,2,16,5,0,0.8776237615231389
1473454,2,16,6,1,0.7923565475322875
1473454,2,17,1,1,0.8180252953375338
1473454,2,17,2,1,0.9020712293623487
1473454,2,17,3,0,0.9357095554030034
1473454,2,17,4,1,0.9357095554030034
1473454,2,17,5,6,1.2013120679297076
1473454,2,17,6,2,1.327148691202893
1473454,2,17,7,1,1.2741056696183373
1473454,2,18,1,0,1.4673065238977994
1473454,2,18,2,1,1.479172585507075
1473454,2,18,3,4,1.5495142467638716
1473454,2,18,4,1,1.5294143578582922
1473454,2,18,5,1,1.510910666268061
1473454,2,18,6,1,1.444716053430568
1473454,2,18,7,0,1.3255132657518445
1473454,2,19,1,6,1.8008040812999138
1473454,2,19,2,2,1.1926519354334204
1473454,2,19,3,1,1.808356864088257
1473454,2,19,4,4,2.8515453178423678
1473454,2,19,5,1,2.8107748452101715
1473454,2,19,6,1,1.9745903757905674
1473456,1,15,1,0,0.020069684090631257
1473456,1,15,2,0,-0.0016225146457691717
1473456,1,15,3,1,0.2708937426629589
1473456,1,15,4,6,1.4587317199808114
1473456,1,15,5,0,1.1653868543615928
1473456,1,15,6,1,1.2022242741582403
1473456,1,16,1,6,1.5621186599490269
1473456,1,16,2,6,2.1924708853613852
1473456,1,16,3,1,2.044087448517481
1473456,1,16,4,1,1.7100801186406913
1473456,1,16,5,0,1.4807982212682163
1473456,1,16,6,0,1.8233785568669165
1473456,1,17,1,4,1.962620180712839
1473456,1,17,2,0,2.0285635955195516
1473456,1,17,3,4,1.9596123389550169
1473456,1,17,4,6,2.552989716825896
1473456,1,17,5,4,2.7278914877765565
1473456,1,17,6,6,1.6182483750338796
1473456,1,18,1,4,2.5907396931621034
1473456,1,18,2,0,3.156419537115048
1473456,1,18,3,0,2.129457154199176
1473456,1,18,4,1,1.7082587862189749
1473456,1,18,5,4,1.6498023591760198
1473456,1,18,6,1,1.6442952591447026
1473456,1,19,1,4,2.8230143206252953
1473456,1,19,2,0,2.286854382130232
1473456,1,19,3,0,2.0969936296947447
1473456,1,19,4,1,2.271385176056898
1473456,1,19,5,2,2.2054931161938516
1473456,1,19,6,1,2.4130384888195233
1473456,1,19,7,0,2.419866278255643
1473456,1,19,8,1,2.2077159946678013
1473456,2,15,1,4,3.9442372820008655
1473456,2,15,2,0,1.2141793965527776
1473456,2,15,3,1,1.3498696925980536
1473456,2,15,4,0,1.1668484245835244
1473456,2,15,5,6,1.7612910378077271
1473456,2,15,6,1,1.5092079316308584
1473456,2,16,1,0,1.9997677763089639
1473456,2,16,2,4,1.090261146663338
1473456,2,16,3,0,1.4624079627649578
1473456,2,16,4,1,1.5672888200654906
1473456,2,16,5,0,1.2678546921604306
1473456,2,16,6,4,1.6440963563944906
1473456,2,17,1,0,1.2751543213146435
1473456,2,17,2,0,1.2085464017792733
1473456,2,17,3,0,1.1054186555697723
1473456,2,17,4,0,1.206337230845173
1473456,2,17,5,4,1.506444543346183
1473456,2,17,6,0,1.2635519669743553
1473456,2,17,7,1,1.2697091497163726
1473456,2,18,1,6,2.3402318810021288
1473456,2,18,2,4,1.2233411261267209
1473456,2,18,3,0,1.6525733049260092
1473456,2,18,4,0,1.6027421120119743
1473456,2,18,5,0,1.4333870634889216
1473456,2,18,6,4,1.645982228945351
1473456,2,19,1,4,2.106597479793592
1473456,2,19,2,0,1.9348511147580225
1473456,2,19,3,1,1.6565166793001898
1473456,2,19,4,4,1.8545072803400782
1473456,2,19,5,4,1.8562772471605204
1473456,2,19,6,6,2.3820820668658396
1473459,1,15,1,1,0.9023788948242248
1473459,1,15,2,1,0.9080403974227
1473459,1,15,3,0,0.6125227945681023
1473459,1,15,4,2,0.9299620505963468
1473459,1,15,5,1,0.9462583284432285
1473459,1,15,6,1,0.9667782640735617
1473459,1,16,1,1,0.9596481545469372
1473459,1,16,2,1,0.9534977389199545
1473459,1,16,3,6,1.6055138308252017
1473459,1,16,4,2,1.6685881335087278
1473459,1,16,5,1,1.612701704882307
1473459,1,16,6,1,1.5282943696495286
1473459,1,17,1,6,2.1069224042054944
1473459,1,17,2,1,1.920282168971705
1473459,1,17,3,1,2.000301132699461
1473459,1,17,4,1,1.9092967112236736
1473459,1,17,5,1,1.708020150409482
1473459,1,17,6,1,1.718047474578366
1473459,1,18,1,0,1.652261668028971
1473459,1,18,2,4,1.910427997210193
1473459,1,18,3,2,1.7784481444896996
1473459,1,18,4,1,1.7125496845930583
1473459,1,18,5,4,1.9895174100379844
1473459,1,18,6,1,2.106840503997768
1473459,1,19,1,0,1.7585141107002258
1473459,1,19,2,0,1.9081948343582866
1473459,1,19,3,0,1.7154592008416376
1473459,1,19,4,1,2.0190588941103575
1473459,1,19,5,6,2.2497941325379713
1473459,1,19,6,1,1.7620113550279193
1473459,1,19,7,3,2.2938926713912196
1473459,2,15,1,1,0.9023788948242248
1473459,2,15,2,0,1.4648385385218987
1473459,2,15,3,0,0.9209354627127218
1473459,2,15,4,0,0.9299620505963468
1473459,2,15,5,1,0.9462583284432285
1473459,2,15,6,1,0.9667782640735617
1473459,2,15,7,0,0.8506768414649581
1473459,2,15,8,1,0.9283790194622289
1473459,2,16,1,1,0.7897128476335419
1473459,2,16,2,2,0.9739228813017157
1473459,2,16,3,1,0.9300465413348069
1473459,2,16,4,1,0.909734586429046
1473459,2,16,5,2,1.2644556391596997
1473459,2,16,6,2,1.1015808229035762
1473459,2,17,1,0,1.214312987622373
1473459,2,17,2,1,1.2240193849747334
1473459,2,17,3,0,1.2008903036599317
1473459,2,17,4,1,1.18837941659082
1473459,2,17,5,6,1.2202383144639652
1473459,2,17,6,6,1.3811810575063808
1473459,2,18,1,1,1.2250447327478438
1473459,2,18,2,0,1.3860044714917783
1473459,2,18,3,1,1.5404918792755933
1473459,2,18,4,1,1.5252680260189737
1473459,2,18,5,4,1.6185896625434595
1473459,2,18,6,6,1.8909236427212628
1473459,2,18,7,1,1.8883414580095477
1473459,2,19,1,0,1.3761873529989093
1473459,2,19,2,1,1.5968119933285347
1473459,2,19,3,6,1.7459786143582123
1473459,2,19,4,0,1.5050901718089746
1473459,2,19,5,1,2.1225910647665085
1473459,2,19,6,1,2.761037952060057
1473475,1,15,1,4,3.9442372820008655
1473475,1,15,2,1,2.485842962026731
1473475,1,15,3,6,4.45589610986572
1473475,1,15,4,6,3.583602750201432
1473475,1,15,5,1,3.585573243159603
1473475,1,15,6,6,4.0623652444285065
1473475,1,16,1,0,3.229293988470714
1473475,1,16,2,0,1.9409037136689153
1473475,1,16,3,0,2.551540639037246
1473475,1,16,4,1,2.0857119855197297
1473475,1,16,5,1,1.8764348053816375
1473475,1,16,6,1,2.042706803412795
1473475,1,17,1,1,1.979895681871114
1473475,1,17,2,0,1.9566855268519343
1473475,1,17,3,0,1.8886818358810875
1473475,1,17,4,0,1.7893250265860074
1473475,1,17,5,0,1.6860653437675541
1473475,1,17,6,1,1.7053137475405917
1473475,1,17,7,1,1.7350922093999344
1473475,1,17,8,1,1.5024697124534119
1473475,1,18,1,0,1.6141038182637635
1473475,1,18,2,4,1.660454419077851
1473475,1,18,3,1,1.6782016805716016
1473475,1,18,4,0,1.4333870634889216
1473475,1,18,5,4,1.5877428255164336
1473475,1,18,6,0,1.7060733428097454
1473475,1,19,1,2,1.6966772415613607
1473475,1,19,2,2,1.8197697368677521
1473475,1,19,3,6,1.9144902775035717
1473475,1,19,4,4,2.3604212402191838
1473475,1,19,5,1,2.0995327553159644
1473475,1,19,6,0,2.8119200498160692
1473475,2,15,1,0,0.9023788948242248
1473475,2,15,2,6,3.9147273405563037
1473475,2,15,3,1,3.124222103691358
1473475,2,15,4,6,3.8281197373599376
1473475,2,15,5,6,3.720803093646301
1473479,1,15,1,0,-0.0016225146457691717
1473479,1,15,2,0,-0.0016225146457691717
1473479,1,15,3,4,1.1675810509245625
1473479,1,15,4,0,0.8639749709697547
1473479,1,15,5,0,0.7159985637857804
1473479,1,15,6,0,0.5711312408477197
1473479,1,16,1,0,0.6932967798456867
1473479,1,16,2,0,0.546739675355003
1473479,1,16,3,0,0.47543767185803953
1473479,1,16,4,1,0.5812442333168478
1473479,1,16,5,1,0.5640431774329605
1473479,1,16,6,0,0.6084180060798091
1473479,1,16,7,4,0.7277262572441587
1473479,1,17,1,1,0.8767952281326766
1473479,1,17,2,4,0.8635647080362558
1473479,1,17,3,1,0.8026924916352589
1473479,1,17,4,2,0.9601613970858747
1473479,1,17,5,4,1.072850264942181
1473479,1,17,6,2,1.1125596219457523
1473479,1,18,1,0,1.3690015143746046
1473479,1,18,2,0,1.3722994771813215
1473479,1,18,3,1,1.2438506022620321
1473479,1,18,4,0,1.2515604623200245
1473479,1,18,5,4,1.2966041167462978
1473479,1,18,6,1,1.2975819475239507
1473479,1,18,7,0,1.2204368894914306
1473479,1,18,8,6,1.4707542276273466
1473479,1,18,9,0,1.5287285536506943
1473479,1,19,1,0,1.304564087568497
1473479,1,19,2,1,1.1137015313463996
1473479,1,19,3,1,1.3226487512382
1473479,1,19,4,4,1.7558125122754804
1473479,1,19,5,1,1.5275240084448114
1473479,1,19,6,1,0.6693822061552482
1473479,2,15,1,0,0.020069684090631257
1473479,2,15,2,1,0.4646912883608833
1473479,2,15,3,6,2.2215805140366163
1473479,2,15,4,1,2.04315242334354
1473479,2,15,5,2,1.9398175394584762
1473479,2,15,6,2,1.9808218241956657
1473479,2,16,1,0,2.0879144162070618
1473479,2,16,2,0,1.6429931146659222
1473479,2,16,3,1,1.6055138308252017
1473479,2,16,4,0,1.3809258319652495
1473479,2,16,5,0,1.3606790924413479
1473479,2,16,6,0,1.1774690987781962
1473479,2,16,7,4,1.2416350877234397
1473479,2,17,1,6,1.6782772729546165
1473479,2,17,2,1,1.55464176022023
1473479,2,17,3,6,1.9545110984695218
1473479,2,17,4,1,2.293897397340371
1473479,2,17,5,4,2.078451788864258
1473479,2,17,6,4,2.0067520132254555
1473479,2,18,1,1,1.97466562550708
1473479,2,18,2,0,2.0103839606462874
1473479,2,18,3,0,1.8668819441394504
1473479,2,18,4,0,1.5651713200318198
1473479,2,18,5,0,1.3008621617568974
1473479,2,18,6,0,1.49244532621594
1473479,2,19,1,0,0.9625841746278779
1473479,2,19,2,0,1.4354500787306204
1473479,2,19,3,1,0.8844895865866486
1473479,2,19,4,1,0.6262832903102332
1473479,2,19,5,1,0.7784341981324889
1473479,2,19,6,1,1.5402190584356485
1473480,1,15,1,1,0.9023788948242248
1473480,1,15,2,0,0.4646912883608833
1473480,1,15,3,1,0.6125227945681023
1473480,1,15,4,0,0.49330975330050547
1473480,1,15,5,1,0.605672913383301
1473480,1,15,6,0,0.5136939628440846
1473480,1,16,1,0,0.5706418907384583
1473480,1,16,2,0,0.5132306053958435
1473480,1,16,3,0,0.4233791093741119
1473480,1,16,4,0,0.38084323389412655
1473480,1,16,5,2,0.5611401491507466
1473480,1,16,6,0,0.5136622659873323
1473480,1,17,1,0,0.5091579174136824
1473480,1,17,2,0,0.5056031021035465
1473480,1,17,3,0,0.4437759423641903
1473480,1,17,4,1,0.44372940151032386
1473480,1,17,5,1,0.561357706518052
1473480,1,17,6,1,0.560375738494003
1473480,1,18,1,0,0.5846920756499168
1473480,1,18,2,1,0.7322811650101155
1473480,1,18,3,0,0.7090760147799536
1473480,1,18,4,0,0.7270016573745035
1473480,1,18,5,0,0.7343670529815401
1473480,1,18,6,6,0.6889952786813183
1473480,1,18,7,1,0.6639998007106175
1473480,1,18,8,0,0.49783950324842147
1473480,1,19,1,4,0.8312984940479508
1473480,1,19,2,0,0.8460915070617361
1473480,1,19,3,2,0.8143326144504923
1473480,1,19,4,0,0.915072033408103
1473480,1,19,5,0,0.8522893013306669
1473480,1,19,6,0,1.0125269370244947
1473480,2,15,1,1,0.9023788948242248
1473480,2,15,2,1,1.4648385385218987
1473480,2,15,3,0,0.9209354627127218
1473480,2,15,4,4,1.7720445878487263
1473480,2,15,5,1,1.8394737535025207
1473480,2,15,6,1,1.7864397866282715
1473480,2,15,7,1,1.611274668103666
1473480,2,15,8,2,2.0394397693884616
1473480,2,16,1,0,1.604582513224085
1473480,2,16,2,1,1.4974847715675
1473480,2,16,3,2,1.6198001775601951
1473480,2,16,4,4,1.7279016692210423
1473480,2,16,5,2,1.7957506043855604
1473480,2,16,6,4,2.4281939723878425
1473480,2,16,7,0,2.394274487740119
1473480,2,16,8,0,1.9918409362543041
1473480,2,17,1,2,1.7727019104149138
1473480,2,17,2,1,1.78370311809072
1473480,2,17,3,1,1.7954414964640129
1473480,2,17,4,1,1.705226912783345
1473480,2,17,5,2,1.5904246403958757
1473480,2,17,6,0,1.5797017118297803
1473480,2,18,1,0,1.5103717563213208
1473480,2,18,2,2,1.4613503465845032
1473480,2,18,3,2,1.6208445534830704
1473480,2,18,4,2,1.5700528728035834
1473482,1,15,1,0,-0.0016225146457691717
1473482,1,15,2,0,-0.0016225146457691717
1473482,1,15,3,0,0.2708937426629589
1473482,1,15,4,0,0.43383524897764203
1473482,1,15,5,1,0.5427547087434988
1473482,1,15,6,1,0.5711312408477197
1473482,1,15,7,0,0.5442918138890908
1473482,1,15,8,1,0.6917331524224544
1473482,1,16,1,4,0.9575855774027933
1473482,1,16,2,4,1.342054510771983
1473482,1,16,3,1,1.3457573950259998
1473482,1,16,4,0,1.1544066533799147
1473482,1,16,5,2,1.4356489435534285
1473482,1,16,6,1,1.101956020038579
1473482,1,17,1,0,1.214312987622373
1473482,1,17,2,6,1.5211644414037697
1473482,1,17,3,0,1.1693131905535563
1473482,1,17,4,2,1.2182349813457056
1473482,1,17,5,0,1.1708977900010846
1473482,1,17,6,1,1.0574048468063335
1473482,1,18,1,4,1.2980645797107337
1473482,1,18,2,1,1.3647459162229596
1473482,1,18,3,6,1.597535197940124
1473482,1,18,4,1,1.4333870634889216
1473482,1,18,5,6,1.7936357154015254
1473482,1,18,6,1,1.9109571325091006
1473482,1,19,1,1,2.5104202126151947
1473482,1,19,2,1,1.6183560937287198
1473482,1,19,3,4,2.010519491741103
1473482,1,19,4,0,2.0302666758448367
1473482,1,19,5,1,1.5407268028490717
1473482,1,19,6,6,2.0009183045970027
1473482,2,15,1,1,0.9023788948242248
1473482,2,15,2,0,0.4090551015098703
1473482,2,15,3,0,0.2708937426629589
1473482,2,15,4,1,0.43383524897764203
1473482,2,15,5,0,0.28166717321150486
1473482,2,15,6,0,0.2892081239620694
1473482,2,16,1,0,0.32375297484717336
1473482,2,16,2,6,0.7601863567972578
1473482,2,16,3,0,0.6807318961447524
1473482,2,16,4,0,0.7271214685628045
1473482,2,16,5,0,0.5774157330299517
1473482,2,16,6,0,0.6335423693691474
1473482,2,17,1,0,0.6583510370866312
1473482,2,17,2,0,0.4830814863983879
1473482,2,17,3,1,0.5110351144847819
1473482,2,17,4,0,0.4571968587481967
1473482,2,17,5,0,0.5268614753816733
1473482,2,17,6,6,0.7321817763873967
1473482,2,18,1,0,0.7686613645148529
1473482,2,18,2,0,0.7730738441635129
1473482,2,18,3,1,0.8140782462120117
1473482,2,18,4,0,0.6645224701299057
1473482,2,18,5,0,0.682460631596617
1473482,2,18,6,0,0.6424328522925018
1473482,2,18,7,0,0.5995787541977534
1473482,2,18,8,0,0.4542698693368396
1473482,2,19,1,0,0.6613385362669824
1473482,2,19,2,1,0.5896454385260803
1473482,2,19,3,1,0.6470202780186222
1473482,2,19,4,0,0.7212076536166363
1473482,2,19,5,1,0.6647855921665144
1473482,2,19,6,0,0.5351151511143728
1473485,1,15,1,0,0.9023788948242248
1473485,1,15,2,1,0.9080403974227
1473485,1,15,3,1,0.9209354627127218
1473485,1,15,4,1,0.9299620505963468
1473485,1,15,5,1,0.9462583284432285
1473485,1,15,6,1,0.9667782640735617
1473485,1,15,7,0,0.9597159958712175
1473485,1,15,8,2,1.385189978314525
1473485,1,16,1,0,0.9841073930291673
1473485,1,16,2,4,1.4001741657141749
1473485,1,16,3,1,1.3945395723812368
1473485,1,16,4,1,1.366398104870403
1473485,1,16,5,0,1.309846649568337
1473485,1,16,6,0,1.1015808229035762
1473485,1,16,7,0,0.9432744167848591
1473485,1,17,1,1,1.0995098291456753
1473485,1,17,2,1,1.0995098291456753
1473485,1,17,3,0,0.8346029018641496
1473485,1,17,4,0,0.7631423241450275
1473485,1,17,5,0,0.8398864065781327
1473485,1,17,6,4,0.9014526705367693
1473485,1,18,1,1,1.142978350701186
1473485,1,18,2,0,1.0063135995117682
1473485,1,18,3,0,0.9632312805760423
1473485,1,18,4,1,0.9354620948844266
1473485,1,18,5,4,1.1678484623485896
1473485,1,18,6,4,1.1998523045778542
1473485,1,18,7,0,1.1692031909209795
1473485,1,18,8,0,1.0072078154420985
1473485,1,18,9,1,1.0691069094267645
1473485,1,19,1,6,1.5358744724094937
1473485,1,19,2,0,0.9432604570391429
1473485,1,19,3,0,1.2502876466021855
1473485,1,19,4,0,0.9191359309340952
1473485,1,19,5,0,0.7296803874198659
1473485,1,19,6,0,0.8114849946999194
1473485,1,19,7,1,0.5636103425618
1473485,2,15,1,0,0.020069684090631257
1473485,2,15,2,0,-0.0016225146457691717
1473485,2,15,3,0,0.015284436260272864
1473485,2,15,4,0,0.015967019609439824
1473485,2,15,5,1,0.10311696968285476
1473485,2,15,6,1,0.29047957279007663
1473485,2,16,1,0,0.2811776197345697
1473485,2,16,2,0,0.22338223679179897
1473485,2,16,3,4,0.6035330505915318
1473485,2,16,4,1,0.648303919144556
1473485,2,16,5,6,1.2018971145308084
1473485,2,16,6,0,1.0417202891067852
1473485,2,17,1,1,1.170576570893622
1473485,2,17,2,0,0.8696476627765252
1473485,2,17,3,0,0.7168471785027006
1473485,2,17,4,1,0.7069536014399763
1473485,2,17,5,0,0.7974501665383575
1473485,2,17,6,6,0.9291926783177283
1473485,2,18,1,1,1.0902946474115633
1473485,2,18,2,4,1.316377205315949
1473485,2,18,3,0,1.2697945627323666
1473485,2,18,4,6,1.258928302218405
1473485,2,18,5,2,1.4244181821065798
1473485,2,18,6,0,1.2442307569920936
1473485,2,19,1,0,1.7019479389755388
1473485,2,19,2,4,1.452903062005931
1473485,2,19,3,0,1.4230661889241751
1473485,2,19,4,4,1.6526573132434816
1473485,2,19,5,0,1.5756578487529194
1473485,2,19,6,1,1.4150182338484363
1473486,1,15,1,6,5.955570283907285
1473486,1,15,2,6,5.895252730882206
1473486,1,15,3,2,4.078155658961365
1473486,1,15,4,2,3.583602750201432
1473486,1,15,5,4,3.6890223488920206
1473486,1,15,6,4,4.2320584047697665
1473486,1,15,7,1,4.333819000621639
1473486,1,16,1,0,3.7153576354401965
1473486,1,16,2,0,2.9482343383977607
1473486,1,16,3,0,3.153348664467293
1473486,1,16,4,1,2.688010763174049
1473486,1,16,5,0,2.4385986484702857
1473486,1,16,6,1,2.422230051045479
1473486,1,16,7,0,1.6620297181251267
1473486,1,16,8,0,2.3875950309737846
1473486,1,17,1,0,2.13611803932481
1473486,1,17,2,6,2.634782913114824
1473486,1,17,3,0,2.4060314131315446
1473486,1,17,4,0,2.3911261426650308
1473486,1,17,5,0,1.8657388248545144
1473486,1,17,6,4,2.0990997271670007
1473486,1,17,7,1,2.0462479522387107
1473486,1,18,1,0,2.198869512197125
1473486,1,18,2,6,2.089128702331202
1473486,1,18,3,0,1.9015227910827956
1473486,1,18,4,2,2.2330998459085847
1473486,1,18,5,0,1.7802693705371802
1473486,1,18,6,0,1.2044399713854546
1473486,1,18,7,0,0.47447847879467736
1473486,1,19,1,4,0.959542078412292
1473486,1,19,2,0,0.39078504252520685
1473486,2,15,1,6,5.955570283907285
1473486,2,15,2,0,3.032967172278069
1473486,2,15,3,1,2.2215805140366163
1473486,2,15,4,1,2.04315242334354
1473486,2,15,5,2,1.9398175394584762
1473486,2,15,6,1,1.8959607150794853
1473486,2,16,1,1,1.680474319418438
1473486,2,16,2,6,2.39808347827571
1473486,2,16,3,6,2.923643518114977
1473486,2,16,4,0,2.621906605243166
1473486,2,16,5,4,3.1519897466352873
1473486,2,16,6,1,2.8329406576062297
1473486,2,16,7,1,2.059270323665454
1473486,2,17,1,4,2.7392114373907592
1473486,2,17,2,6,2.559412032180441
1473486,2,17,3,0,2.760740259815646
1473486,2,17,4,0,2.7729426852594385
1473486,2,17,5,4,2.671584550247452
1473486,2,17,6,1,2.780233476432187
1473486,2,18,1,0,2.082689442833118
1473486,2,18,2,1,2.235130158339626
1473486,2,18,3,1,2.4875957467426586
1473486,2,18,4,0,1.9515618002483595
1473486,2,18,5,1,1.7005683623497279
1473486,2,18,6,0,1.9228153088500688
1473486,2,19,1,0,1.904492337772934
1473486,2,19,2,0,1.8628805913257258
1473486,2,19,3,0,1.897275596448809
1473486,2,19,4,0,1.7625196832856695
1473486,2,19,5,4,1.5492177237347158
1473490,1,15,1,1,0.9023788948242248
1473490,1,15,2,0,0.4646912883608833
1473490,1,15,3,4,1.6807515274329252
1473490,1,15,4,6,2.8611360293591797
1473490,1,15,5,4,2.8619206640293173
1473490,1,15,6,0,1.9609909574242776
1473490,1,16,1,1,2.2511018800562286
1473490,1,16,2,6,2.69157976375065
1473490,1,16,3,4,2.6493815196357215
1473490,1,16,4,1,2.9360036745145606
1473490,1,16,5,1,2.635664710718568
1473490,1,16,6,0,2.0931072195747036
1473490,1,17,1,0,2.1651977333590904
1473490,1,17,2,4,2.7850709667037696
1473490,1,17,3,1,2.8263852040947457
1473490,1,17,4,6,2.810463960526927
1473490,1,17,5,6,2.989302397341996
1473490,1,17,6,6,3.0234143420008435
1473490,1,18,1,0,2.5907396931621034
1473490,1,18,2,1,2.115109745225817
1473490,1,18,3,0,2.4276386887023507
1473490,1,18,4,6,2.830203970866793
1473490,1,18,5,4,2.3829279022135967
1473490,1,18,6,1,2.062814888059709
1473490,1,19,1,0,3.788563532055495
1473490,1,19,2,0,3.1674917025637055
1473490,1,19,3,0,2.9927948006475504
1473490,1,19,4,1,2.8015294138792592
1473490,1,19,5,2,2.7252563036628494
1473490,1,19,6,4,2.7866927331806806
1473490,1,19,7,6,4.578988887612279
1473490,1,19,8,6,2.7556303927980013
1473490,1,19,9,0,2.5135656893992144
1473490,2,15,1,4,3.9442372820008655
1473490,2,15,2,1,2.485842962026731
1473490,2,15,3,0,2.088270541193096
1473490,2,15,4,1,1.7720445878487263
1473490,2,15,5,1,1.6441032820371335
1473490,2,15,6,0,1.2022242741582403
1473490,2,15,7,1,1.430021975844056
1473490,2,16,1,1,1.357655405203449
1473490,2,16,2,1,1.273729490630791
1473490,2,16,3,0,1.057183361385898
1473490,2,16,4,1,1.021822488053162
1473490,2,16,5,1,1.0186578437085037
1473490,2,16,6,1,1.0056147233219221
1473490,2,17,1,1,1.160985737868845
1473490,2,17,2,1,1.214312987622373
1473490,2,17,3,0,1.0902262742425561
1473490,2,17,4,0,1.0893056944314843
1473490,2,17,5,0,0.8207425772103873
1473490,2,17,6,0,0.7337466330978022
1473490,2,17,7,1,0.7946292844918644
1473490,2,18,1,1,0.9555809940397932
1473490,2,18,2,2,0.9021394944205069
1473490,2,18,3,1,0.9381741273580037
1473490,2,18,4,4,1.4125173008422964
1473490,2,18,5,2,1.1678484623485896
1473490,2,18,6,1,1.1484952086281108
1473490,2,19,1,2,1.3833616567626492
1473490,2,19,2,1,1.0340302377613335
1473490,2,19,3,6,1.376871281326284
1473490,2,19,4,4,1.5013412942270035
1473490,2,19,5,6,1.8299777892779066
1473490,2,19,6,1,2.3220378007953717
1473493,1,15,1,4,3.9442372820008655
1473493,1,15,2,1,2.485842962026731
1473493,1,15,3,0,1.6807515274329252
1473493,1,15,4,0,1.3369564695531806
1473493,1,15,5,2,1.388045090252713
1473493,1,15,6,0,1.194078429226704
1473493,1,16,1,0,0.9596481545469372
1473493,1,16,2,0,0.8445643626106648
1473493,1,16,3,0,0.6762144675854397
1473493,1,16,4,1,0.7863608059516718
1473493,1,16,5,0,0.6926213733086527
1473493,1,16,6,1,0.7237597246514682
1473493,1,17,1,2,0.8637612031766161
1473493,1,17,2,0,0.7927816371482705
1473493,1,17,3,1,0.784739761965226
1473493,1,17,4,0,0.6999763501073856
1473493,1,17,5,1,0.7280798445208844
1473493,1,17,6,0,0.7068565068997694
1473493,1,18,1,1,0.7356049562251267
1473493,1,18,2,4,0.887468014179292
1473493,1,18,3,1,0.8851704764879136
1473493,1,18,4,0,0.9493957129679703
1473493,1,18,5,1,0.9639594474913498
1473493,1,18,6,1,0.9759618209812063
1473493,1,19,1,6,1.2019490883567003
1473493,1,19,2,6,1.481261517637456
1473493,1,19,3,0,1.4420313079603764
1473493,1,19,4,1,1.2154703641021483
1473493,1,19,5,1,1.2140312837430123
1473493,1,19,6,4,1.292008996090501
1473493,2,15,1,1,0.9023788948242248
1473493,2,15,2,1,0.9080403974227
1473493,2,15,3,0,0.5465661387924178
1473493,2,15,4,1,0.6254085348310924
1473493,2,15,5,1,0.7159985637857804
1473493,2,15,6,1,0.8032657677973281
1473493,2,16,1,1,0.8481191779208007
1473493,2,16,2,4,1.3403620319007925
1473493,2,16,3,0,1.1365546041860166
1473493,2,16,4,0,0.85626716567394
1473493,2,16,5,2,0.7780056418097526
1473493,2,16,6,0,0.8455533911185913
1473493,2,17,1,1,0.9317334458148828
1473493,2,17,2,0,0.771638023847781
1473493,2,17,3,0,0.7104600933085801
1473493,2,17,4,1,0.7053545419863481
1473493,2,17,5,1,0.7974501665383575
1473493,2,17,6,4,0.8167672442218271
1473493,2,18,1,4,1.2138842584617755
1473493,2,18,2,1,1.2447477988769051
1473493,2,18,3,6,1.1933010841653517
1473493,2,18,4,1,1.258928302218405
1473493,2,18,5,1,1.2462287605665354
1473493,2,18,6,0,1.2954004198050244
1473493,2,18,7,1,1.297114424971681
1473498,1,15,1,4,3.9442372820008655
1473498,1,15,2,0,2.010109467528837
1473498,1,15,3,2,2.088270541193096
1473498,1,15,4,2,2.04315242334354
1473498,1,15,5,6,2.797541098546957
1473498,1,15,6,1,1.9609909574242776
1473498,1,16,1,0,2.2392795130313607
1473498,1,16,2,0,1.71064168547885
1473498,1,16,3,1,1.8549190832241085
1473498,1,16,4,4,1.5025607671130192
1473498,1,16,5,0,1.5376237996435018
1473498,1,16,6,1,1.7717394854512265
1473498,1,17,1,1,1.7041036978407131
1473498,1,17,2,1,1.6782772729546165
1473498,1,17,3,1,1.569085180092697
1473498,1,17,4,1,1.6866116231121955
1473498,1,17,5,6,2.2726283740117394
1473498,1,17,6,1,1.8957756188540253
1473498,1,18,1,1,1.875041695451139
1473498,1,18,2,6,2.2195454146514635
1473498,1,18,3,0,2.1575171063400846
1473498,1,18,4,4,2.3051708046694652
1473498,1,18,5,1,2.0135495562894756
1473498,1,18,6,2,2.1587189076833013
1473498,1,19,1,4,2.276429263378
1473498,1,19,2,4,2.2302143127141014
1473498,1,19,3,1,2.177213490774961
1473498,1,19,4,6,2.5929604801829487
1473498,1,19,5,1,2.430594397847215
1473498,1,19,6,0,2.2448534903560757
1473498,2,15,1,4,3.9442372820008655
1473498,2,15,2,4,4.121535081798558
1473498,2,15,3,1,3.034731403705452
1473498,2,15,4,1,2.512863953825723
1473498,2,15,5,1,2.1612178426178725
1473498,2,15,6,0,1.8959607150794853
1473498,2,16,1,2,2.0879144162070618
1473498,2,16,2,4,2.1235555427654225
1473498,2,16,3,1,2.013689565851908
1473498,2,16,4,4,2.1814369820444792
1473498,2,16,5,6,2.635664710718568
1473498,2,16,6,1,2.4647009009830922
1473498,2,17,1,1,2.2631137175535923
1473498,2,17,2,6,2.7020694872454083
1473498,2,17,3,0,2.918663157860699
1473498,2,17,4,1,2.9094514735620143
1473498,2,17,5,2,2.429149213798672
1473498,2,17,6,1,2.2871825168657014
1473498,2,18,1,2,2.073584792385418
1473498,2,18,2,1,2.488491952819397
1473498,2,18,3,0,1.9988231488948152
1473498,2,18,4,1,2.1555332089511094
1473498,2,18,5,1,1.9466952349110391
1473498,2,18,6,6,2.331780663582144
1473499,1,15,1,6,5.9508579918966955
1473499,1,15,2,1,4.121535081798558
1473499,1,15,3,4,3.8164245278542466
1473499,1,15,4,1,3.7604379924359175
1473499,1,15,5,0,1.8636438797127934
1473499,1,15,6,1,1.8176711657417162
1473499,1,15,7,0,1.5073336415334784
1473499,1,16,1,1,1.71064168547885
1473499,1,16,2,1,1.865437243730673
1473499,1,16,3,1,1.723643800492085
1473499,1,16,4,0,1.5207155155473202
1473499,1,16,5,4,1.6518313092098533
1473499,1,16,6,1,1.5947737174416228
1473499,1,17,1,0,1.4996918378953639
1473499,1,17,2,1,1.5413528093162625
1473499,1,17,3,0,1.4219557044855589
1473499,1,17,4,0,1.1629940621189485
1473499,1,17,5,1,1.1740894232832289
1473499,1,17,6,0,1.1100751946610292
1473499,1,18,1,1,1.3708948198091682
1473499,1,18,2,0,1.327260722042817
1473499,1,18,3,0,1.3771491655582861
1473499,1,18,4,4,1.435029817777925
1473499,1,18,5,1,1.41103567327047
1473499,1,18,6,0,1.3010501815463287
1473499,1,18,7,1,1.289018062149079
1473499,1,18,8,4,1.315668785763655
1473499,1,18,9,1,1.3307469706691233
1473499,1,19,1,0,1.653451602997127
1473499,1,19,2,6,1.3806502354189039
1473499,1,19,3,0,1.6124931631740607
1473499,1,19,4,1,1.7403577323120165
1473499,1,19,5,0,1.5275240084448114
1473499,1,19,6,4,1.9853855156149696
1473499,1,19,7,0,1.4403033429769128
1473499,1,19,8,0,1.2456922755790152
1473499,1,19,9,6,0.6368062675627496
1473499,2,15,1,1,0.9023788948242248
1473499,2,15,2,1,0.9080403974227
1473499,2,15,3,2,1.3587472201842303
1473499,2,15,4,1,1.3369564695531806
1473499,2,15,5,2,1.388045090252713
1473499,2,15,6,1,1.3979336866422838
1473499,2,16,1,1,1.3920899057793246
1473499,2,16,2,1,1.3892465752493044
1473499,2,16,3,1,1.2863653546086058
1473499,2,16,4,1,1.2495839493594867
1473499,2,16,5,2,1.4044305409187525
1473499,2,16,6,0,1.4281053634530976
1473499,2,16,7,1,1.247812812187002
1473499,2,17,1,4,1.5424907732718196
1473499,2,17,2,4,1.6841660368244233
1473499,2,17,3,0,1.4836110279563313
1473499,2,17,4,1,1.4799520907178332
1473499,2,17,5,1,1.2317928049539482
1473499,2,17,6,4,1.356710121443993
1473499,2,18,1,4,2.3402318810021288
1473499,2,18,2,1,1.3845954407592598
1527674,1,15,1,0,0.020069684090631257
1527674,1,15,2,6,3.032967172278069
1527674,1,15,3,0,2.088270541193096
1527674,1,15,4,1,1.7720445878487263
1527674,1,15,5,6,2.5564650679010956
1527674,1,15,6,0,1.7832472152943422
1527674,1,16,1,6,2.2470623238843164
1527674,1,16,2,1,2.1924708853613852
1527674,1,16,3,1,2.044087448517481
1527674,1,16,4,1,1.7100801186406913
1527674,1,16,5,0,1.5997240975538525
1527674,1,16,6,2,1.9169685412891722
1527674,1,16,7,0,2.192197232814824
1527674,1,17,1,2,1.7696413948230627
1527674,1,17,2,4,1.6181478917257384
1527674,1,17,3,1,1.722607331624938
1527674,1,17,4,0,2.12575682375048
1527674,1,17,5,0,1.5042752365944698
1527674,1,17,6,1,1.2910769986760058
1527674,1,18,1,1,1.9808136964001237
1527674,1,18,2,6,1.741926211379228
1527674,1,18,3,4,2.126665602901123
1527674,1,18,4,6,1.949205101792879
1527674,1,18,5,0,1.750507917928883
1527674,1,18,6,0,1.5555213831857693
1527674,1,19,1,2,1.1339477302119334
1527674,1,19,2,2,1.3922961848546231
1527674,1,19,3,0,1.430045954801299
1527674,1,19,4,2,1.5882640127287042
1527674,1,19,5,0,1.872689862745766
1527674,1,19,6,2,1.6333602072685403
1527674,2,15,1,6,5.955570283907285
1527674,2,15,2,4,4.260704029267593
1527674,2,15,3,4,4.600508882866123
1527674,2,15,4,4,3.636461735680851
1527687,1,15,1,1,0.9023788948242248
1527687,1,15,2,1,0.9080403974227
1527687,1,15,3,4,2.088270541193096
1527687,1,15,4,0,1.5288642536666437
1527687,1,15,5,1,1.388045090252713
1527687,1,15,6,0,1.194078429226704
1527687,1,16,1,6,2.0879144162070618
1527687,1,16,2,1,1.7975090428897986
1527687,1,16,3,1,1.5930285617419049
1527687,1,16,4,6,2.1485358283107354
1527687,1,16,5,0,1.949241678998902
1527687,1,16,6,0,1.8002951192740448
1527687,1,17,1,1,1.9035120221234423
1527687,1,17,2,0,1.6435593027217903
1527687,1,17,3,0,1.3482231503491577
1527687,1,17,4,0,1.304059529995198
1527687,1,17,5,0,1.3833097556564038
1527687,1,17,6,0,1.3136880224655354
1527687,1,17,7,1,1.253337502590786
1527687,1,18,1,1,1.4527984341522007
1527687,1,18,2,0,1.5061850583248373
1527687,1,18,3,1,1.237176941278405
1527687,1,18,4,1,1.399691759909831
1527687,1,18,5,6,1.4708055518834973
1527687,1,18,6,4,1.687509406839549
1527687,1,19,1,6,1.7185406425246943
1527687,1,19,2,1,1.7252321090932734
1527687,1,19,3,0,1.8797529467342322
1527687,1,19,4,1,1.8482323108737237
1527687,1,19,5,0,1.4849398902313249
1527687,1,19,6,4,1.9027808186117947
1527687,2,15,1,4,3.9442372820008655
1527687,2,15,2,0,2.485842962026731
1527687,2,15,3,1,2.088270541193096
1527687,2,15,4,5,2.8611360293591797
1527687,2,15,5,4,2.8619206640293173
1527687,2,15,6,1,2.8894240176158537
1527687,2,15,7,0,2.3725847021997613
1527687,2,16,1,1,2.1212882502810695
1527687,2,16,2,1,2.021705731692198
1527687,2,16,3,0,1.9979052606518997
1527687,2,16,4,0,1.5417640891493622
1527687,2,16,5,0,1.5146347548204702
1527687,2,16,6,0,1.5269663555879758
1527687,2,16,7,4,1.6564943638931322
1527687,2,16,8,0,1.5408213587138626
1527687,2,17,1,1,1.2599141467021966
1527687,2,17,2,2,1.4917701845756886
1527687,2,17,3,0,1.3189781801206102
1527687,2,17,4,1,1.2547493761540094
1527687,2,17,5,4,1.3709760735260559
1527687,2,17,6,1,1.25839881932999
1527687,2,18,1,0,1.468509685921963
1527687,2,18,2,6,1.709308747053966
1527687,2,18,3,4,1.948296862175712
1527687,2,18,4,6,1.9271974806583292
1527687,2,18,5,1,1.9162128725067424
1527687,2,18,6,4,2.181400887290485
1527687,2,18,7,1,2.0500990685610736
1527687,2,19,1,4,1.9422082792501123
1527687,2,19,2,0,1.6233765231980808
1527687,2,19,3,1,1.6354072195153313
1527687,2,19,4,6,1.8648145409829717
1527687,2,19,5,0,2.1686026902551037
1527687,2,19,6,0,1.3503614815671574
1527688,1,15,1,6,5.955570283907285
1527688,1,15,2,0,3.032967172278069
1527688,1,15,3,4,3.656506476100116
1527688,1,15,4,0,2.512863953825723
1527688,1,15,5,1,2.1612178426178725
1527688,1,15,6,1,1.9808218241956657
1527688,1,16,1,1,2.0879144162070618
1527688,1,16,2,1,1.7975090428897986
1527688,1,16,3,4,2.013689565851908
1527688,1,16,4,1,2.179853686410665
1527688,1,16,5,4,2.0619082851233235
1527688,1,16,6,6,2.4647009009830922
1527688,1,17,1,1,2.2631137175535923
1527688,1,17,2,2,2.7850709667037696
1527688,1,17,3,4,2.918663157860699
1527688,1,17,4,0,2.9094514735620143
1527688,1,17,5,1,2.546819797852345
1527688,1,17,6,0,2.3548475895267353
1527688,1,17,7,4,1.8775791795845485
1527688,1,18,1,0,2.263569137354853
1527688,1,18,2,6,2.333784958711615
1527688,1,18,3,0,2.5762319622828707
1527688,1,18,4,1,2.5669531081072483
1527688,1,18,5,1,2.92683753523259
1527688,1,18,6,1,2.6836495448432136
1527688,1,18,7,1,2.096117580644531
1527688,1,19,1,4,2.3602829640659166
1527688,1,19,2,0,2.1184486737803105
1527688,1,19,3,1,2.3908746834240806
1527688,1,19,4,4,2.6065866515369644
1527688,1,19,5,1,2.6771385277597406
1527688,1,19,6,0,2.850731940845591
1527688,1,19,7,0,2.4799686301196875
1527688,2,15,1,0,0.020069684090631257
1527688,2,15,2,0,0.020069684090631257
1527688,2,15,3,0,0.03513048822779634
1527688,2,15,4,1,0.22507564095105426
1527688,2,15,5,0,0.15398375797794425
1527688,2,15,6,0,0.11665170889077048
1527688,2,16,1,0,0.14358990413111172
1527688,2,16,2,0,0.14358990413111172
1527688,2,16,3,4,0.5439302801799031
1527688,2,16,4,6,1.0522638143290113
1527688,2,16,5,1,1.0217083976887744
1527688,2,16,6,0,0.9661828822490841
1527688,2,17,1,6,1.376664050865275
1527688,2,17,2,0,1.3649364260992938
1527688,2,17,3,0,1.1746474345338496
1527688,2,17,4,6,1.4836110279563313
1527688,2,17,5,1,1.485147057118237
1527688,2,17,6,0,1.3922313587135593
1527688,2,18,1,0,1.556647126978251
1527688,2,18,2,0,1.4481971422651176
1527688,2,18,3,6,1.561615635525809
1527688,2,18,4,0,1.4456719269110787
1527688,2,18,5,4,1.6254337659425426
1527688,2,18,6,6,1.9914146304602656
1527688,2,19,1,1,1.3701993436121007
1527688,2,19,2,6,2.095984188220351
1527688,2,19,3,0,1.9227654869779776
1527688,2,19,4,0,1.9163071942575893
1527688,2,19,5,6,2.114144545647043
1527688,2,19,6,0,1.8984103230792175
1527691,1,15,1,1,0.9023788948242248
1527691,1,15,2,0,0.4646912883608833
1527691,1,15,3,1,0.6125227945681023
1527691,1,15,4,0,0.49330975330050547
1527691,1,15,5,1,0.605672913383301
1527691,1,15,6,0,0.6419335919953075
1527691,1,15,7,4,1.1862645003674042
1527691,1,16,1,1,1.2257891868987347
1527691,1,16,2,1,1.1805319316408722
1527691,1,16,3,1,1.0693276545952153
1527691,1,16,4,1,1.0479867260534963
1527691,1,16,5,1,1.04154762859089
1527691,1,16,6,0,0.9193281296638935
1527691,1,17,1,1,1.0190980819756161
1527691,1,17,2,0,0.9433580858996029
1527691,1,17,3,1,0.9133470056452432
1527691,1,17,4,1,0.9021512301247236
1527691,1,17,5,4,1.1882653262264324
1527691,1,17,6,4,1.3324878094640864
1527691,1,18,1,4,1.4845517469158953
1527691,1,18,2,0,1.493115186528286
1527691,1,18,3,0,1.4393711469927521
1527691,1,18,4,2,1.4826598554331725
1527691,1,18,5,1,1.4300262039447447
1527691,1,18,6,6,1.687509406839549
1527691,1,19,1,6,1.7185406425246943
1527691,1,19,2,1,1.7252321090932734
1527691,1,19,3,1,1.8481473165152693
1527691,1,19,4,4,1.720018591496157
1527691,1,19,5,1,1.7346208109864025
1527691,1,19,6,2,1.5828190338980261
1527691,2,15,1,0,0.020069684090631257
1527691,2,15,2,0,0.020069684090631257
1527691,2,15,3,1,0.3217605309580484
1527691,2,15,4,0,0.174208852655965
1527691,2,15,5,1,0.3159503139027935
1527691,2,15,6,1,0.44596048668328786
1527691,2,16,1,1,0.5449205661367216
1527691,2,16,2,1,0.6112103867814346
1527691,2,16,3,4,0.9338549894946895
1527691,2,16,4,6,1.5145678797463806
1527691,2,16,5,2,1.5207155155473202
1527691,2,16,6,1,1.4365431580250765
1527691,2,17,1,0,1.376664050865275
1527691,2,17,2,0,1.3649364260992938
1527691,2,17,3,4,1.3482231503491577
1527691,2,17,4,1,1.4219557044855589
1527691,2,17,5,1,1.4019572040758124
1527691,2,17,6,4,1.5882914394344707
1527691,2,18,1,0,1.5579165623017137
1527691,2,18,2,0,1.4986954709199738
1527691,2,18,3,0,1.473528003776438
1527691,2,18,4,0,1.3338205014068714
1527691,2,18,5,1,1.3319614614643125
1527691,2,18,6,0,1.229753985396616
1527691,2,18,7,1,1.2189674756133855
1527691,2,19,1,0,1.4017221553522288
1527691,2,19,2,0,1.4657310203739145
1527691,2,19,3,1,1.0265582447395492
1527691,2,19,4,0,1.105841216745369
1527691,2,19,5,0,1.1043561861321851
1527691,2,19,6,2,1.1671874935984283
1527691,2,19,7,0,1.0561378562557164
1529270,1,15,1,6,5.955570283907285
1529270,1,15,2,1,3.9147273405563037
1529270,1,15,3,1,3.124222103691358
1529270,1,15,4,1,2.2902502299285716
1529270,1,15,5,0,1.8394737535025207
1529270,1,15,6,0,1.5457940014337308
1529270,1,16,1,1,1.5338164747326053
1529270,1,16,2,1,1.4395996184203166
1529270,1,16,3,4,1.5930285617419049
1529270,1,16,4,0,1.6685881335087278
1529270,1,16,5,2,1.6440780503105175
1529270,1,16,6,1,1.6125308752709206
1529270,1,16,7,4,1.7573619797854796
1529270,1,17,1,0,1.689405050335162
1529270,1,17,2,0,1.5413528093162625
1529270,1,17,3,0,1.4836110279563313
1529270,1,17,4,1,1.4799520907178332
1529270,1,17,5,0,1.4019572040758124
1529270,1,17,6,0,1.398155603572703
1529270,1,18,1,0,1.3708948198091682
1529270,1,18,2,0,1.402717257603784
1529270,1,18,3,0,1.139536599316965
1529270,1,18,4,0,1.2341948056896126
1529270,1,18,5,0,1.0974747605764779
1529270,1,18,6,6,1.2378321136820045
1529270,1,18,7,1,1.200472813682901
1529270,1,19,1,1,1.5264025700667547
1529270,1,19,2,1,1.3736882780679371
1529270,1,19,3,4,1.376871281326284
1529270,1,19,4,0,1.2795585932574736
1529270,1,19,5,0,1.2802910788622341
1529270,1,19,6,0,1.284858460085321
1529270,2,15,1,4,3.9442372820008655
1529270,2,15,2,2,3.032967172278069
1529270,2,15,3,1,2.2215805140366163
1529270,2,15,4,0,1.4587317199808114
1529270,2,15,5,1,1.41102788589327
1529270,2,15,6,0,1.2022242741582403
1529270,2,16,1,1,1.3447880833652648
1529270,2,16,2,0,1.3403620319007925
1529270,2,16,3,1,1.2300880195507975
1529270,2,16,4,0,1.1770179680949384
1529270,2,16,5,0,1.0217083976887744
1529270,2,16,6,1,1.0417202891067852
1529270,2,16,7,0,0.7077444689712931
1529270,2,16,8,1,0.6286294868902947
1529270,2,17,1,1,0.9180247398252959
1529270,2,17,2,2,0.9115521086858821
1529270,2,17,3,0,0.8320802896232011
1529270,2,17,4,4,0.9863367019549016
1529270,2,17,5,2,1.0286543114460445
1529270,2,17,6,1,1.0419273719006767
1529270,2,18,1,0,1.2546349786036477
1529270,2,18,2,1,1.1475382793466142
1529270,2,18,3,1,1.2418641024756487
1529270,2,18,4,1,1.4125173008422964
1529270,2,18,5,6,1.3128204526385099
1529270,2,18,6,0,1.3010501815463287
1529270,2,18,7,2,1.3353069571740017
1529270,2,19,1,2,1.4225781698536746
1529270,2,19,2,0,1.2147631800501333
1529270,2,19,3,0,1.3724009999264262
1529270,2,19,4,1,1.3261741848368718
1529270,2,19,5,0,1.3601271357442068
1529270,2,19,6,1,1.1818762818675403
1529270,2,19,7,1,1.0210611772670881
1529275,1,15,1,0,0.020069684090631257
1529275,1,15,2,2,0.9080403974227
1529275,1,15,3,1,0.9209354627127218
1529275,1,15,4,0,0.6913956144576845
1529275,1,15,5,0,0.5427547087434988
1529275,1,15,6,0,0.44596048668328786
1529275,1,16,1,0,0.429584841639941
1529275,1,16,2,1,0.4875092807941076
1529275,1,16,3,1,0.5439302801799031
1529275,1,16,4,1,0.6239544256725101
1529275,1,16,5,1,0.6126948532368902
1529275,1,16,6,2,0.7237597246514682
1529275,1,17,1,1,0.7387950380875906
1529275,1,17,2,2,0.8637612031766161
1529275,1,17,3,1,0.872060149107989
1529275,1,17,4,2,0.9124264258341712
1529275,1,17,5,4,1.2031251943446828
1529275,1,17,6,1,1.0991745959946047
1529275,1,18,1,0,1.0845283104777521
1529275,1,18,2,4,1.2920181016879344
1529275,1,18,3,1,1.397482878857729
1529275,1,18,4,2,1.5151813882158611
1529275,1,18,5,0,1.416035853177266
1529275,1,18,6,4,1.4683257203829392
1529275,1,19,1,4,1.6261819385361043
1529275,1,19,2,2,1.3405405976551954
1529275,1,19,3,4,1.9196690527948608
1529275,1,19,4,2,1.9860061925011308
1529275,1,19,5,2,1.856900222152214
1529275,1,19,6,6,1.5569866957504328
1529275,2,15,1,6,5.955570283907285
1529275,2,15,2,0,3.032967172278069
1529275,2,15,3,0,1.316000114390723
1529275,2,15,4,0,1.2709199426758684
1529275,2,15,5,0,1.019782970424122
1529275,2,15,6,6,1.5092079316308584
1529275,2,16,1,0,1.9997677763089639
1529275,2,16,2,0,1.2668561638961975
1529275,2,16,3,1,1.1849002664678574
1529275,2,16,4,0,1.385287394430286
1529275,2,16,5,1,1.2781674677352788
1529275,2,16,6,0,1.253184811120545
1529275,2,16,7,0,0.7517854441720505
1529275,2,17,1,1,1.0687585590274988
1529275,2,17,2,4,1.141228502092772
1529275,2,17,3,0,1.1092675984428215
1529275,2,17,4,0,0.9767404131337194
1529275,2,17,5,0,0.9721613472481737
1529275,2,17,6,0,0.5235685575862061
1529276,1,15,1,0,0.020069684090631257
1529276,1,15,2,6,3.032967172278069
1529276,1,15,3,4,3.656506476100116
1529276,1,15,4,4,3.8281197373599376
1529276,1,15,5,0,2.797541098546957
1529276,1,15,6,1,1.9609909574242776
1529276,1,16,1,1,2.2511018800562286
1529276,1,16,2,0,2.073158221036212
1529276,1,16,3,0,1.9409015767713977
1529276,1,16,4,0,1.6685881335087278
1529276,1,16,5,0,1.3896005853872127
1529276,1,16,6,1,1.3363837345454854
1529276,1,17,1,4,1.5245887253565724
1529276,1,17,2,0,1.4900987551340152
1529276,1,17,3,4,1.9170835792659113
1529276,1,17,4,0,1.6866116231121955
1529276,1,17,5,0,1.584596564315665
1529276,1,17,6,6,1.8119352927764605
1529276,1,17,7,0,1.5833370104830158
1529276,1,18,1,1,1.8226438107367895
1529276,1,18,2,1,1.4136439709279303
1529276,1,18,3,1,1.4657087014187802
1529276,1,18,4,1,1.5783787124216524
1529276,1,18,5,0,1.5520587383152091
1529276,1,18,6,4,1.763896253285097
1529276,1,18,7,1,1.7640058223184654
1529276,1,19,1,6,2.099824888475168
1529276,1,19,2,0,1.884382161854444
1529276,1,19,3,0,2.0229467226231415
1529276,1,19,4,6,1.965761935926107
1529276,1,19,5,0,1.7565596579565224
1529276,1,19,6,4,2.8119200498160692
1529276,2,15,1,0,0.020069684090631257
1529276,2,15,2,1,0.4646912883608833
1529276,2,15,3,2,0.9209354627127218
1529276,2,15,4,1,0.9299620505963468
1529276,2,15,5,1,0.9462583284432285
1529276,2,15,6,0,0.8891350898831683
1529276,2,16,1,0,0.7265347044285522
1529276,2,16,2,1,0.7265347044285522
1529276,2,16,3,0,0.6314432981508051
1529276,2,16,4,0,0.6419446900997121
1529276,2,16,5,0,0.592229778557894
1529276,2,16,6,0,0.5136622659873323
1529276,2,17,1,0,0.5188570728222235
1529276,2,17,2,0,0.4569514262996172
1529276,2,17,3,1,0.4998694231932435
1529276,2,17,4,0,0.44372940151032386
1529276,2,17,5,0,0.44887414554616417
1529276,2,17,6,0,0.400066552996844
1529276,2,17,7,0,0.3867718470212598
1529276,2,18,1,0,0.39889743151156337
1529276,2,18,2,1,0.5087377156515577
1529276,2,18,3,0,0.5151548421787834
1529276,2,18,4,1,0.4598422924775051
1529276,2,18,5,0,0.5213762255750544
1529276,2,18,6,0,0.28513796083288406
